4.191349726170301437e-04,3.162740031257271767e-04,3.444920293986797333e-04,3.107759985141456127e-04
5.453449557535350323e-04,2.254199935123324394e-04,1.267080078832805157e-04,1.516619813628494740e-04
2.390419831499457359e-04,1.497530029155313969e-04,1.201240229420363903e-04,1.457619946449995041e-04
2.877850201912224293e-04,1.478960039094090462e-04,1.498840283602476120e-04,1.319110160693526268e-04
3.096800064668059349e-04,2.214480191469192505e-04,1.223779981955885887e-04,1.300370204262435436e-04
2.760080387815833092e-04,1.631589839234948158e-04,1.174010103568434715e-04,1.279340358451008797e-04
2.541750436648726463e-04,2.270650002174079418e-04,1.340329763479530811e-04,1.289260108023881912e-04
2.499819966033101082e-04,1.431109849363565445e-04,1.325949560850858688e-04,1.347180223092436790e-04
3.329149913042783737e-04,1.395660219714045525e-04,1.119990483857691288e-04,1.334120170213282108e-04
1.977230422198772430e-04,1.369850360788404942e-04,1.086400006897747517e-04,1.405139919370412827e-04
2.932050265371799469e-04,2.329190028831362724e-04,1.297999988310039043e-04,1.292760134674608707e-04
2.763550146482884884e-04,1.500379876233637333e-04,1.401610206812620163e-04,1.350790262222290039e-04
2.129190252162516117e-04,1.363260089419782162e-04,1.182259875349700451e-04,1.592460321262478828e-04
2.401410019956529140e-04,1.261339639313519001e-04,1.129350275732576847e-04,1.309890067204833031e-04
1.731729716993868351e-04,1.281130244024097919e-04,1.863689976744353771e-04,2.079840051010251045e-04
1.796290162019431591e-04,1.277410192415118217e-04,1.290729851461946964e-04,1.271510263904929161e-04
1.448899856768548489e-04,1.279060379602015018e-04,1.374610001221299171e-04,1.513369497843086720e-04
2.001139800995588303e-04,1.301430165767669678e-04,1.339579466730356216e-04,1.220119884237647057e-04
1.726379850879311562e-04,1.548890140838921070e-04,1.295330002903938293e-04,1.828140229918062687e-04
1.826160005293786526e-04,1.353530096821486950e-04,1.324940240010619164e-04,2.463750424794852734e-04
1.513140159659087658e-04,1.249769702553749084e-04,1.291459775529801846e-04,1.989179872907698154e-04
1.595019712112843990e-04,1.226280000992119312e-04,1.219059922732412815e-04,1.337249996140599251e-04
1.798899611458182335e-04,1.289159990847110748e-04,1.454419689252972603e-04,1.309940125793218613e-04
1.638959511183202267e-04,1.261330326087772846e-04,1.215409720316529274e-04,1.595639623701572418e-04
1.639380352571606636e-04,1.253719674423336983e-04,1.922399969771504402e-04,1.234159572049975395e-04
1.756529673002660275e-04,1.248680055141448975e-04,1.543069956824183464e-04,1.224539591930806637e-04
3.287240397185087204e-04,1.184159773401916027e-04,1.234840019606053829e-04,1.485780230723321438e-04
2.585779875516891479e-04,1.204499858431518078e-04,1.236539683304727077e-04,1.330950180999934673e-04
1.415630104020237923e-04,1.190860057249665260e-04,1.355800195597112179e-04,1.238699769601225853e-04
2.691429690457880497e-04,1.271519577130675316e-04,1.233079819940030575e-04,1.592750195413827896e-04
1.496089971624314785e-04,1.309529761783778667e-04,1.286729821003973484e-04,1.567190047353506088e-04
1.544990227557718754e-04,1.328489743173122406e-04,1.248519984073936939e-04,1.266499748453497887e-04
1.423130161128938198e-04,1.252560177817940712e-04,1.444140216335654259e-04,1.389330136589705944e-04
2.034950302913784981e-04,1.180269755423069000e-04,1.455749734304845333e-04,1.249750494025647640e-04
1.348300138488411903e-04,1.134460326284170151e-04,1.908189733512699604e-04,2.006400027312338352e-04
1.582240220159292221e-04,1.192920026369392872e-04,1.333840191364288330e-04,1.282410230487585068e-04
1.350560341961681843e-04,1.155830104835331440e-04,1.284500467590987682e-04,1.220380072481930256e-04
1.417039893567562103e-04,1.339000300504267216e-04,1.287700142711400986e-04,1.253270311281085014e-04
1.558359945192933083e-04,1.240930287167429924e-04,1.289239735342562199e-04,1.313600223511457443e-04
1.484450185671448708e-04,1.303579774685204029e-04,1.248620101250708103e-04,1.670680358074605465e-04
1.689799828454852104e-04,1.264289603568613529e-04,1.435590093024075031e-04,1.518409699201583862e-04
1.560329692438244820e-04,1.255369861610233784e-04,1.222169958055019379e-04,1.516379998065531254e-04
1.370059908367693424e-04,1.327960053458809853e-04,1.890219864435493946e-04,1.275120303034782410e-04
2.806500415317714214e-04,1.388670061714947224e-04,1.223309664055705070e-04,1.213389914482831955e-04
2.359669888392090797e-04,1.401560148224234581e-04,2.637620200403034687e-04,1.271520159207284451e-04
2.090340130962431431e-04,1.977920182980597019e-04,1.974669867195188999e-04,1.214590156450867653e-04
3.375860396772623062e-04,1.295930123887956142e-04,1.371559919789433479e-04,1.815650030039250851e-04
2.192189567722380161e-04,1.295169931836426258e-04,1.242900034412741661e-04,1.596740330569446087e-04
2.773549640551209450e-04,1.491780276410281658e-04,1.182690029963850975e-04,1.208320027217268944e-04
1.780510065145790577e-04,1.347889774478971958e-04,1.339630107395350933e-04,1.217909739352762699e-04
1.581920078024268150e-04,1.364049967378377914e-04,1.268039923161268234e-04,1.184219727292656898e-04
1.579719828441739082e-04,1.450899871997535229e-04,1.475029857829213142e-04,1.175540382973849773e-04
2.052990021184086800e-04,1.381909823976457119e-04,1.267470070160925388e-04,1.154630444943904877e-04
1.787110231816768646e-04,1.428999821655452251e-04,1.319239963777363300e-04,1.638949615880846977e-04
3.602830111049115658e-04,1.568340230733156204e-04,1.227359753102064133e-04,1.454260200262069702e-04
1.482230145484209061e-04,1.818860182538628578e-04,1.186970039270818233e-04,1.239209668710827827e-04
1.566220307722687721e-04,1.863240031525492668e-04,1.158270169980823994e-04,1.292380038648843765e-04
1.675680396147072315e-04,1.498099882155656815e-04,1.188539899885654449e-04,1.221830025315284729e-04
3.821250284090638161e-04,2.070890041068196297e-04,1.552160247229039669e-04,1.198730315081775188e-04
3.039459697902202606e-04,1.644770381972193718e-04,1.182369887828826904e-04,2.183680189773440361e-04
3.574879956431686878e-04,2.115820534527301788e-04,1.199149992316961288e-04,1.419450272805988789e-04
2.553000231273472309e-04,1.603399869054555893e-04,1.208659959957003593e-04,1.266070175915956497e-04
1.732360105961561203e-04,1.716690021567046642e-04,1.167409936897456646e-04,1.639549736864864826e-04
1.511779846623539925e-04,1.441749627701938152e-04,1.143749686889350414e-04,1.393010024912655354e-04
2.013839548453688622e-04,1.657420070841908455e-04,1.112879836000502110e-04,1.397329615429043770e-04
1.560999662615358829e-04,1.477870391681790352e-04,1.500470098108053207e-04,1.644549774937331676e-04
1.655230298638343811e-04,1.382850459776818752e-04,1.141809625551104546e-04,1.339839654974639416e-04
1.519329962320625782e-04,1.475190510973334312e-04,1.488499692641198635e-04,1.268670312128961086e-04
1.393999555148184299e-04,1.684959861449897289e-04,1.263110316358506680e-04,1.312679960392415524e-04
1.524040126241743565e-04,2.382209640927612782e-04,1.094460021704435349e-04,1.278119743801653385e-04
1.366890501230955124e-04,1.567790168337523937e-04,1.098960055969655514e-04,1.191250048577785492e-04
1.658140099607408047e-04,1.427009701728820801e-04,1.182099804282188416e-04,1.595159992575645447e-04
1.714009558781981468e-04,1.282090088352560997e-04,1.205509761348366737e-04,1.189039903692901134e-04
2.333410084247589111e-04,1.295080292038619518e-04,1.152979675680398941e-04,1.260409480892121792e-04
1.414979924447834492e-04,1.353189582005143166e-04,1.125730341300368309e-04,1.349480007775127888e-04
1.337029971182346344e-04,1.363540068268775940e-04,1.098180073313415051e-04,1.568239531479775906e-04
1.344539923593401909e-04,1.279269927181303501e-04,1.196250086650252342e-04,1.216889941133558750e-04
1.420130138285458088e-04,1.440409687347710133e-04,1.146130380220711231e-04,1.665460295043885708e-04
1.292559900321066380e-04,1.342630130238831043e-04,1.816540025174617767e-04,1.556929782964289188e-04
1.320929732173681259e-04,1.326359924860298634e-04,1.734480028972029686e-04,1.300339936278760433e-04
1.414479920640587807e-04,1.354110427200794220e-04,1.595860230736434460e-04,1.473479787819087505e-04
1.467099646106362343e-04,1.505209947936236858e-04,1.446580281481146812e-04,1.509329886175692081e-04
1.402640482410788536e-04,1.324030454270541668e-04,1.278120325878262520e-04,1.290010404773056507e-04
1.714989775791764259e-04,1.374869607388973236e-04,1.213069772347807884e-04,1.507110428065061569e-04
1.861600321717560291e-04,1.519350335001945496e-04,1.381410402245819569e-04,2.789350110106170177e-04
1.671020290814340115e-04,1.419259933754801750e-04,1.248380285687744617e-04,1.840189797803759575e-04
1.838349853642284870e-04,1.812240225262939930e-04,1.963219838216900826e-04,1.839540200307965279e-04
1.858060131780803204e-04,1.432269928045570850e-04,1.616060035303235054e-04,1.632109633646905422e-04
2.142660086974501610e-04,1.410730183124542236e-04,2.063519787043333054e-04,1.308950013481080532e-04
4.354910342954099178e-04,1.409000251442193985e-04,1.601259573362767696e-04,1.336550340056419373e-04
2.573230303823947906e-04,1.326939673162996769e-04,1.981349778361618519e-04,1.369949895888566971e-04
1.636049710214138031e-04,1.253089867532253265e-04,2.073239884339272976e-04,1.478900085203349590e-04
1.514469622634351254e-04,1.616179943084716797e-04,1.651939819566905499e-04,1.281829900108277798e-04
1.493960153311491013e-04,1.238340046256780624e-04,2.006290014833211899e-04,1.249639899469912052e-04
2.408829750493168831e-04,1.197990495711565018e-04,1.259100390598177910e-04,1.314990222454071045e-04
1.468419795855879784e-04,1.318739959970116615e-04,1.329910010099411011e-04,1.267229672521352768e-04
1.389150274917483330e-04,1.217850367538630962e-04,1.467779511585831642e-04,1.268459600396454334e-04
1.325419871136546135e-04,1.163340057246387005e-04,1.306670019403100014e-04,1.593159977346658707e-04
1.326369820162653923e-04,1.336070126853883266e-04,1.217969693243503571e-04,1.449849805794656277e-04
1.360250171273946762e-04,1.169530441984534264e-04,1.262979931198060513e-04,1.358830486424267292e-04
1.330029917880892754e-04,1.302610035054385662e-04,1.266800099983811378e-04,1.496410113759338856e-04
1.277280389331281185e-04,1.283410238102078438e-04,1.898300251923501492e-04,1.260400167666375637e-04
1.332939718849956989e-04,1.167780137620866299e-04,1.417180174030363560e-04,1.660640118643641472e-04
1.287299674004316330e-04,1.561039825901389122e-04,1.213959767483174801e-04,3.709740121848881245e-04
1.388040254823863506e-04,1.850789994932711124e-04,1.317909918725490570e-04,1.411809935234487057e-04
1.441410277038812637e-04,1.354650012217462063e-04,1.770440139807760715e-04,1.559000229462981224e-04
1.306110061705112457e-04,1.456249738112092018e-04,1.256460091099143028e-04,1.374180428683757782e-04
1.442059874534606934e-04,1.571479951962828636e-04,1.250499626621603966e-04,1.334760454483330250e-04
1.281910226680338383e-04,1.696450053714215755e-04,1.915820175781846046e-04,1.516049960628151894e-04
1.257690018974244595e-04,1.750049996189773083e-04,2.446320140734314919e-04,1.603350392542779446e-04
1.317859860137104988e-04,1.498109777458012104e-04,1.783940242603421211e-04,1.249829656444489956e-04
1.307760248892009258e-04,1.274960231967270374e-04,1.365880016237497330e-04,1.236649695783853531e-04
1.265609753318130970e-04,1.764160115271806717e-04,1.316280104219913483e-04,1.198700047098100185e-04
1.265640021301805973e-04,1.363780465908348560e-04,1.351779792457818985e-04,1.181379775516688824e-04
1.279769930988550186e-04,1.242200378328561783e-04,1.489390269853174686e-04,1.204580185003578663e-04
1.269080094061791897e-04,1.720000291243195534e-04,1.358510344289243221e-04,1.371770049445331097e-04
1.310399966314435005e-04,1.308139762841165066e-04,1.484699896536767483e-04,1.152020413428544998e-04
1.249630004167556763e-04,1.313179964199662209e-04,1.401620102114975452e-04,1.140090171247720718e-04
1.580030075274407864e-04,2.051760093308985233e-04,1.328460057266056538e-04,2.480120165273547173e-04
1.324809854850172997e-04,1.222110004164278507e-04,1.593650085851550102e-04,1.297949929721653461e-04
1.262460136786103249e-04,1.271869987249374390e-04,1.318780123256146908e-04,1.253779628314077854e-04
1.212640199810266495e-04,1.744760083965957165e-04,1.429959665983915329e-04,1.231229980476200581e-04
3.888870123773813248e-04,1.282470184378325939e-04,1.288980129174888134e-04,1.251189969480037689e-04
7.215969962999224663e-04,1.244409941136837006e-04,1.280099968425929546e-04,1.223080325871706009e-04
1.954089966602623463e-04,1.548440195620059967e-04,1.283999881707131863e-04,1.376930158585309982e-04
1.410580007359385490e-04,1.386199728585779667e-04,1.274459646083414555e-04,1.312009990215301514e-04
1.488700509071350098e-04,1.268300111405551434e-04,1.379550085403025150e-04,1.266920007765293121e-04
1.363469636999070644e-04,1.485969987697899342e-04,1.972909667529165745e-04,1.241160207428038120e-04
1.456880127079784870e-04,1.354099949821829796e-04,1.189949689432978630e-04,1.552659668959677219e-04
1.873890287242829800e-04,1.308760256506502628e-04,1.264509628526866436e-04,1.276220427826046944e-04
2.348470152355730534e-04,1.492660376243293285e-04,1.185619621537625790e-04,1.230440102517604828e-04
1.439449843019247055e-04,1.700620050542056561e-04,1.838590251281857491e-04,1.410679542459547520e-04
2.223610063083469868e-04,1.751980162225663662e-04,1.659069675952196121e-04,1.260410062968730927e-04
1.664159935899078846e-04,1.410369877703487873e-04,2.780259819701313972e-04,1.259470009244978428e-04
1.694159582257270813e-04,2.064310247078537941e-04,1.545519917272031307e-04,1.264989841729402542e-04
1.653520157560706139e-04,6.231820443645119667e-04,1.498739584349095821e-04,1.242849975824356079e-04
2.146569895558059216e-04,4.146549617871642113e-04,1.459820196032524109e-04,1.213250216096639633e-04
3.729179734364151955e-04,3.183439839631319046e-04,1.802769838832318783e-04,1.265259925276041031e-04
2.072040224447846413e-04,3.290559980086982250e-04,1.694710226729512215e-04,1.416190061718225479e-04
1.900470233522355556e-04,2.418830408714711666e-04,1.394099672324955463e-04,1.290210057049989700e-04
1.591949840076267719e-04,1.771739916875958443e-04,6.965730572119355202e-04,1.258419943042099476e-04
3.287469735369086266e-04,1.311500091105699539e-04,1.288329949602484703e-04,1.230739871971309185e-04
2.227950026281177998e-04,1.530890003778040409e-04,1.261369907297194004e-04,1.258259871974587440e-04
2.380530349910259247e-04,1.520179794169962406e-04,1.422920031473040581e-04,1.202800194732844830e-04
2.230249810963869095e-04,1.988000003620982170e-04,1.536679919809103012e-04,3.553130081854760647e-04
2.945170272141695023e-04,1.426450326107442379e-04,1.248519984073936939e-04,4.267420154064893723e-04
2.237750450149178505e-04,1.381339970976114273e-04,1.168829621747136116e-04,2.226420328952372074e-04
3.058330039493739605e-04,1.353909610770642757e-04,1.320680021308362484e-04,1.494170282967388630e-04
3.142600180581212044e-04,1.445679808966815472e-04,1.191099872812628746e-04,3.248029970563948154e-04
2.172079985029995441e-04,1.772980322130024433e-04,1.312519889324903488e-04,1.935269683599472046e-04
1.881289645098149776e-04,1.292099477723240852e-04,1.237010001204907894e-04,2.480259863659739494e-04
1.705430331639945507e-04,1.501130172982811928e-04,2.365409745834767818e-04,1.467060064896941185e-04
1.491840230301022530e-04,1.312409876845777035e-04,1.347970101051032543e-04,1.336489804089069366e-04
2.116649993695318699e-04,2.119959681294858456e-04,1.944400137290358543e-04,1.343360054306685925e-04
1.465600216761231422e-04,1.630199840292334557e-04,1.354549895040690899e-04,1.351620303466916084e-04
1.581020187586545944e-04,2.395649789832532406e-04,1.436040038242936134e-04,1.378440065309405327e-04
1.638340181671082973e-04,1.360800233669579029e-04,1.330280210822820663e-04,1.496009645052254200e-04
1.594340428709983826e-04,1.424679649062454700e-04,1.400719629600644112e-04,1.297239796258509159e-04
1.571280299685895443e-04,1.245429739356040955e-04,1.468749833293259144e-04,1.911150175146758556e-04
1.558579970151185989e-04,1.283150049857795238e-04,1.965590054169297218e-04,1.328719663433730602e-04
2.445349819026887417e-04,1.348389778286218643e-04,1.355069689452648163e-04,1.298360293731093407e-04
1.678219996392726898e-04,1.231940113939344883e-04,1.267189509235322475e-04,1.363470219075679779e-04
2.584860194474458694e-04,1.223550061695277691e-04,1.652540522627532482e-04,1.348099904134869576e-04
1.764239859767258167e-04,1.217050012201070786e-04,1.349240192212164402e-04,1.278449781239032745e-04
1.522420207038521767e-04,1.216590171679854393e-04,1.244060113094747066e-04,1.249470515176653862e-04
1.933790044859051704e-04,1.201709965243935585e-04,1.310890074819326401e-04,1.627070014365017414e-04
1.436849706806242466e-04,1.764660119079053402e-04,1.249000197276473045e-04,1.230320194736123085e-04
1.910829450935125351e-04,1.180190010927617550e-04,1.283710007555782795e-04,1.245710300281643867e-04
1.648240140639245510e-04,1.415659789927303791e-04,1.286499900743365288e-04,1.271539949811995029e-04
1.679729903116822243e-04,1.265470054931938648e-04,1.503399689681828022e-04,1.447329996153712273e-04
1.698859850876033306e-04,1.340569579042494297e-04,1.385380164720118046e-04,1.295969705097377300e-04
2.110169734805822372e-04,1.282989978790283203e-04,1.263049780391156673e-04,1.252759830094873905e-04
1.843459904193878174e-04,1.266180188395082951e-04,1.644589938223361969e-04,1.238849945366382599e-04
1.773050171323120594e-04,1.278590061701834202e-04,1.215120428241789341e-04,1.205790322273969650e-04
1.695430255495011806e-04,1.262460136786103249e-04,1.268129562959074974e-04,1.221529673784971237e-04
1.438190229237079620e-04,1.307519851252436638e-04,2.437180373817682266e-04,2.476769732311367989e-04
1.598789822310209274e-04,1.375370193272829056e-04,1.685069873929023743e-04,1.752229873090982437e-04
1.446430105715990067e-04,2.351989969611167908e-04,1.548319705761969090e-04,1.793529954738914967e-04
1.912449952214956284e-04,1.453410368412733078e-04,1.346460194326937199e-04,1.494690077379345894e-04
1.690229983069002628e-04,1.509860157966613770e-04,1.300889998674392700e-04,1.229520421475172043e-04
1.925780088640749454e-04,1.339470036327838898e-04,1.293169916607439518e-04,1.667909673415124416e-04
1.521550002507865429e-04,2.070379559881985188e-04,1.284719910472631454e-04,1.334169646725058556e-04
1.618000096641480923e-04,1.503250095993280411e-04,1.401850022375583649e-04,1.294619869440793991e-04
1.414329744875431061e-04,1.453880104236304760e-04,1.324070035479962826e-04,1.220639678649604321e-04
2.476979861967265606e-04,1.365630305372178555e-04,1.264600432477891445e-04,2.029600436799228191e-04
1.623000134713947773e-04,1.525320112705230713e-04,1.243480364792048931e-04,1.329829683527350426e-04
1.433560391888022423e-04,1.425099908374249935e-04,1.197989913634955883e-04,1.728520146571099758e-04
1.444999943487346172e-04,1.506590051576495171e-04,1.238190452568233013e-04,1.540039665997028351e-04
1.549539738334715366e-04,1.441380009055137634e-04,1.973100006580352783e-04,1.292260130867362022e-04
1.775569980964064598e-04,1.482979860156774521e-04,1.606559962965548038e-04,1.278730342164635658e-04
1.814270508475601673e-04,1.999020460061728954e-04,1.290730433538556099e-04,1.285269972868263721e-04
1.689060009084641933e-04,2.090019988827407360e-04,1.171510084532201290e-04,1.503399689681828022e-04
1.941729569807648659e-04,1.622179988771677017e-04,1.205530134029686451e-04,1.225519808940589428e-04
1.848659594543278217e-04,1.505439868196845055e-04,1.197420060634613037e-04,1.245599705725908279e-04
1.965650008060038090e-04,1.398859894834458828e-04,1.183819840662181377e-04,1.204740256071090698e-04
3.189870039932429790e-04,1.557600335218012333e-04,1.192369963973760605e-04,1.275889808312058449e-04
3.301079850643873215e-04,1.450109994038939476e-04,1.330619561485946178e-04,1.254139933735132217e-04
1.989229931496083736e-04,1.573400222696363926e-04,1.322419848293066025e-04,1.789030502550303936e-04
2.138619893230497837e-04,1.474849996156990528e-04,1.225399901159107685e-04,2.502080169506371021e-04
1.706070033833384514e-04,1.596600050106644630e-04,1.305670011788606644e-04,1.905909739434719086e-04
2.839610096998512745e-04,2.445660065859556198e-04,1.229610061272978783e-04,1.880420022644102573e-04
2.672289847396314144e-04,1.454079756513237953e-04,1.256670220755040646e-04,1.439930056221783161e-04
2.167169586755335331e-04,1.389199751429259777e-04,1.215329975821077824e-04,1.225279993377625942e-04
1.556599745526909828e-04,1.327700447291135788e-04,1.627789461053907871e-04,1.384739880450069904e-04
2.322609652765095234e-04,1.888090046122670174e-04,1.577350194565951824e-04,1.678800326772034168e-04
2.088989713229238987e-04,1.381559995934367180e-04,1.198750105686485767e-04,1.322139869444072247e-04
1.977340434677898884e-04,1.880869967862963676e-04,1.426240196451544762e-04,1.290899817831814289e-04
1.729960204102098942e-04,1.660870038904249668e-04,1.581670367158949375e-04,1.292299712076783180e-04
2.175300032831728458e-04,1.345889759249985218e-04,1.469459966756403446e-04,1.410950208082795143e-04
1.615990186110138893e-04,1.504779793322086334e-04,1.608190359547734261e-04,1.325499615631997585e-04
1.725070178508758545e-04,1.491919974796473980e-04,1.287880004383623600e-04,1.473339507356286049e-04
2.870360040105879307e-04,1.523160026408731937e-04,1.734709949232637882e-04,1.352229737676680088e-04
1.659249537624418736e-04,1.250249915756285191e-04,1.215470256283879280e-04,1.707840128801763058e-04
1.771970419213175774e-04,1.181049738079309464e-04,1.284579630009829998e-04,1.312770182266831398e-04
1.507159904576838017e-04,1.386789954267442226e-04,1.243950100615620613e-04,1.230019843205809593e-04
2.165489713661372662e-04,1.180850085802376270e-04,1.182510168291628361e-04,1.968669821508228779e-04
1.565840211696922779e-04,1.205949811264872551e-04,1.540239900350570679e-04,1.405539806000888348e-04
2.077199751511216164e-04,1.259670243598520756e-04,1.810200046747922897e-04,1.429539988748729229e-04
2.105610328726470470e-04,1.315340050496160984e-04,3.197949845343828201e-04,1.323859905824065208e-04
1.561319804750382900e-04,1.201310078613460064e-04,1.515469630248844624e-04,1.613880158402025700e-04
2.628080546855926514e-04,1.173609634861350060e-04,1.326290075667202473e-04,1.440779888071119785e-04
1.431599957868456841e-04,1.222650171257555485e-04,1.865610247477889061e-04,1.392120029777288437e-04
1.716089900583028793e-04,1.153440098278224468e-04,1.561269746161997318e-04,1.271240180358290672e-04
1.838590251281857491e-04,1.166120055131614208e-04,1.455080346204340458e-04,1.318649738095700741e-04
1.413939753547310829e-04,1.179960090667009354e-04,1.398290041834115982e-04,1.324209733866155148e-04
7.373029948212206364e-04,1.197079545818269253e-04,1.282609882764518261e-04,1.408229582011699677e-04
1.758130383677780628e-04,1.178960083052515984e-04,1.533019822090864182e-04,2.045969595201313496e-04
1.659260015003383160e-04,1.220559934154152870e-04,1.719339634291827679e-04,1.311820233240723610e-04
1.603149576112627983e-04,2.720999764278531075e-04,2.210800303146243095e-04,1.237019896507263184e-04
1.619710237719118595e-04,1.838280004449188709e-04,1.349039957858622074e-04,1.414250000379979610e-04
1.298840506933629513e-04,1.138160005211830139e-04,1.353650004602968693e-04,1.413829741068184376e-04
1.455500023439526558e-04,1.108620199374854565e-04,2.038859529420733452e-04,1.208389876410365105e-04
1.431390410289168358e-04,1.262809964828193188e-04,1.495350152254104614e-04,1.195390359498560429e-04
1.357340370304882526e-04,1.313689863309264183e-04,1.651900238357484341e-04,1.336120185442268848e-04
2.942039864137768745e-04,1.511420123279094696e-04,1.599069801159203053e-04,1.302660093642771244e-04
1.925560063682496548e-04,1.216000528074800968e-04,1.495890319347381592e-04,1.172570046037435532e-04
1.349269878119230270e-04,1.264750026166439056e-04,1.856370363384485245e-04,1.142820110544562340e-04
1.333109685219824314e-04,1.665289746597409248e-04,1.675829989835619926e-04,1.331790117546916008e-04
1.526040141470730305e-04,2.342319930903613567e-04,1.683590235188603401e-04,1.235509989783167839e-04
1.300189760513603687e-04,1.410580007359385490e-04,1.536610070616006851e-04,1.583310076966881752e-04
1.351500395685434341e-04,2.220579772256314754e-04,2.776210312731564045e-04,1.329799997620284557e-04
1.285450416617095470e-04,1.412760466337203979e-04,1.681750291027128696e-04,1.497800112701952457e-04
1.570439781062304974e-04,1.530509907752275467e-04,1.327230129390954971e-04,1.873940345831215382e-04
1.290339860133826733e-04,1.424660440534353256e-04,1.485429820604622364e-04,1.375839929096400738e-04
1.301059965044260025e-04,1.511260052211582661e-04,1.533360336907207966e-04,1.401819754391908646e-04
1.514729810878634453e-04,1.294400426559150219e-04,1.456360332667827606e-04,1.394730061292648315e-04
1.446990063413977623e-04,1.432859571650624275e-04,1.453930162824690342e-04,1.382370246574282646e-04
1.516170450486242771e-04,1.236050156876444817e-04,1.670669880695641041e-04,1.399900065734982491e-04
2.617739955894649029e-04,1.235110103152692318e-04,1.355540007352828979e-04,1.262840232811868191e-04
2.298650215379893780e-04,1.235640374943614006e-04,1.741810119710862637e-04,1.386159565299749374e-04
3.194180317223072052e-04,1.739319995976984501e-04,1.440109917894005775e-04,1.469989656470716000e-04
1.773500116541981697e-04,1.274799578823149204e-04,1.335000270046293736e-04,1.297809649258852005e-04
1.715999678708612919e-04,1.275059767067432404e-04,1.353140105493366718e-04,1.461490173824131489e-04
1.523440005257725716e-04,1.218150136992335320e-04,1.405340153723955154e-04,1.856070011854171753e-04
2.028599847108125687e-04,1.585659920237958431e-04,1.267729676328599453e-04,1.297399867326021194e-04
1.614960492588579655e-04,1.252410002052783966e-04,1.401029876433312893e-04,1.536210183985531330e-04
1.869970001280307770e-04,1.423960202373564243e-04,1.393459970131516457e-04,2.006859867833554745e-04
2.900619874708354473e-04,1.485359971411526203e-04,1.341809984296560287e-04,1.563259866088628769e-04
2.372179878875613213e-04,2.575690159574151039e-04,1.337089925073087215e-04,1.166649744845926762e-04
2.771060098893940449e-04,2.621579915285110474e-04,1.224110019393265247e-04,1.794050331227481365e-04
3.211630391888320446e-04,1.326889614574611187e-04,1.197160454466938972e-04,3.374099615029990673e-04
3.263140097260475159e-04,1.275019603781402111e-04,1.455330057069659233e-04,1.286400365643203259e-04
3.171240095980465412e-04,1.256820396520197392e-04,1.373399863950908184e-04,1.244039740413427353e-04
3.274199552834033966e-04,1.639149850234389305e-04,1.413139980286359787e-04,1.460930216126143932e-04
3.369310288690030575e-04,1.620710245333611965e-04,1.622869749553501606e-04,1.233590301126241684e-04
3.255420015193521976e-04,2.786520053632557392e-04,1.304239849559962749e-04,1.338280271738767624e-04
2.359719946980476379e-04,1.405479852110147476e-04,1.194710494019091129e-04,1.243290025740861893e-04
2.144899917766451836e-04,1.327460049651563168e-04,1.175740035250782967e-04,2.986790495924651623e-04
2.329359995201230049e-04,1.400429755449295044e-04,1.217360259033739567e-04,1.212159986607730389e-04
2.690679975785315037e-04,1.369809615425765514e-04,1.200989936478435993e-04,1.283389865420758724e-04
2.775999600999057293e-04,1.233370276167988777e-04,1.468260306864976883e-04,1.696000108495354652e-04
2.623249893076717854e-04,1.326400088146328926e-04,1.179900136776268482e-04,1.573949703015387058e-04
2.013019984588027000e-04,1.273039961233735085e-04,2.202900359407067299e-04,1.337830326519906521e-04
2.408220316283404827e-04,1.274750102311372757e-04,1.188999740406870842e-04,1.261610304936766624e-04
3.104280331172049046e-04,1.232660142704844475e-04,2.049010363407433033e-04,1.261029974557459354e-04
4.090390284545719624e-04,1.465890090912580490e-04,1.240670098923146725e-04,1.186190056614577770e-04
2.452260232530534267e-04,1.467719557695090771e-04,1.326590427197515965e-04,1.370660029351711273e-04
2.298379549756646156e-04,1.323900069110095501e-04,1.558479852974414825e-04,1.226519816555082798e-04
1.957190106622874737e-04,1.235399977304041386e-04,3.371650236658751965e-04,1.196799566969275475e-04
2.674409770406782627e-04,1.283239689655601978e-04,1.556840143166482449e-04,1.187839661724865437e-04
2.458720118738710880e-04,1.273810048587620258e-04,1.338830334134399891e-04,2.368360292166471481e-04
1.807749504223465919e-04,1.250099739991128445e-04,2.247030497528612614e-04,1.353130210191011429e-04
2.427169820293784142e-04,1.233540242537856102e-04,1.875860034488141537e-04,1.299819559790194035e-04
1.835300354287028313e-04,1.271459623239934444e-04,1.356799621134996414e-04,1.254879753105342388e-04
2.187250065617263317e-04,1.479049678891897202e-04,1.777759753167629242e-04,1.471270225010812283e-04
1.773010008037090302e-04,1.267420011572539806e-04,1.344780321232974529e-04,1.251089852303266525e-04
2.760189818218350410e-04,1.252599759027361870e-04,1.245369785465300083e-04,1.565470010973513126e-04
2.124260063283145428e-04,1.205209991894662380e-04,1.680430141277611256e-04,1.288600033149123192e-04
1.702519948594272137e-04,1.235610106959939003e-04,1.240430283360183239e-04,1.237380201928317547e-04
1.706400071270763874e-04,1.201769919134676456e-04,1.359509769827127457e-04,1.260659773834049702e-04
3.512859693728387356e-04,1.195890363305807114e-04,1.241720165126025677e-04,1.245239982381463051e-04
3.232739982195198536e-04,1.432650024071335793e-04,1.643059658817946911e-04,1.236199750564992428e-04
3.093440318480134010e-04,1.190109760500490665e-04,1.253170194104313850e-04,1.435269950889050961e-04
2.792630111798644066e-04,1.199719845317304134e-04,1.249850029125809669e-04,1.353200059384107590e-04
2.978040138259530067e-04,1.200300175696611404e-04,1.628379686735570431e-04,1.213520299643278122e-04
2.536730025894939899e-04,1.225830055773258209e-04,1.232670038007199764e-04,1.459960476495325565e-04
2.370689762756228447e-04,1.632769708521664143e-04,1.238330150954425335e-04,1.323350006714463234e-04
1.567600411362946033e-04,1.241680001839995384e-04,1.790620153769850731e-04,1.168370363302528858e-04
1.413759891875088215e-04,1.310210209339857101e-04,1.222920254804193974e-04,1.233720104210078716e-04
1.413410063832998276e-04,1.369680394418537617e-04,1.440799678675830364e-04,1.199310063384473324e-04
1.356179709546267986e-04,1.395490253344178200e-04,1.237259712070226669e-04,2.670639660209417343e-04
1.548700383864343166e-04,1.524679828435182571e-04,1.240709680132567883e-04,1.203819992952048779e-04
1.530930167064070702e-04,1.605820143595337868e-04,1.256579998880624771e-04,1.153129851445555687e-04
1.719290157780051231e-04,2.059710095636546612e-04,1.203999854624271393e-04,1.196209923364222050e-04
2.274810103699564934e-04,1.326819765381515026e-04,1.280819997191429138e-04,1.309150247834622860e-04
1.301110023632645607e-04,1.397309824824333191e-04,2.151880180463194847e-04,1.118379877880215645e-04
1.600480172783136368e-04,1.332890242338180542e-04,1.577800139784812927e-04,1.488069538027048111e-04
2.285430091433227062e-04,1.554120099171996117e-04,1.293849782086908817e-04,1.342729665338993073e-04
1.419450272805988789e-04,1.702000154182314873e-04,1.325270277447998524e-04,1.290820073336362839e-04
1.518559874966740608e-04,1.448150142095983028e-04,1.242590369656682014e-04,1.161230029538273811e-04
1.865269732661545277e-04,1.516720512881875038e-04,1.216540113091468811e-04,1.175919896923005581e-04
1.297940034419298172e-04,1.352400286123156548e-04,1.229160116054117680e-04,1.239069970324635506e-04
1.257640542462468147e-04,1.342149917036294937e-04,1.180600374937057495e-04,1.441079657524824142e-04
1.287159975618124008e-04,4.148829611949622631e-04,1.204030122607946396e-04,1.128059811890125275e-04
1.296969712711870670e-04,1.632950152270495892e-04,1.218740362673997879e-04,2.983899903483688831e-04
1.310850493609905243e-04,1.320849987678229809e-04,1.220370177179574966e-04,1.428230316378176212e-04
1.333649852313101292e-04,1.451630378141999245e-04,1.208359608426690102e-04,1.269599888473749161e-04
1.343759940937161446e-04,1.494039897806942463e-04,1.215990050695836544e-04,1.254050293937325478e-04
1.442659995518624783e-04,1.426140079274773598e-04,1.208669855259358883e-04,1.469709677621722221e-04
1.279749558307230473e-04,1.753539545461535454e-04,1.239479752257466316e-04,1.221320126205682755e-04
1.307610073126852512e-04,1.670549972914159298e-04,1.355240237899124622e-04,2.139040152542293072e-04
1.398249878548085690e-04,1.507579581812024117e-04,1.479579950682818890e-04,1.737040001899003983e-04
1.334900152869522572e-04,1.578899682499468327e-04,1.221359707415103912e-04,1.254499657079577446e-04
1.412529963999986649e-04,2.448650193400681019e-04,1.228040200658142567e-04,1.428130199201405048e-04
1.594650093466043472e-04,1.664770534262061119e-04,1.286169863305985928e-04,1.358389854431152344e-04
1.811049878597259521e-04,1.850649714469909668e-04,1.578510273247957230e-04,1.311309752054512501e-04
1.629389589652419090e-04,1.704039750620722771e-04,1.662819995544850826e-04,1.462440122850239277e-04
1.689180498942732811e-04,1.522280508652329445e-04,1.774560078047215939e-04,1.583709963597357273e-04
1.605550060048699379e-04,1.887750113382935524e-04,1.745879999361932278e-04,1.233419752679765224e-04
1.521930098533630371e-04,1.844409853219985962e-04,1.343050389550626278e-04,1.258499687537550926e-04
1.386270159855484962e-04,2.845069975592195988e-04,1.353850238956511021e-04,1.239739940501749516e-04
1.439850311726331711e-04,2.678440068848431110e-04,1.288990024477243423e-04,1.943029928952455521e-04
1.734350225888192654e-04,1.709319767542183399e-04,1.302019809372723103e-04,1.343839685432612896e-04
1.447829999960958958e-04,2.099449629895389080e-04,1.197939855046570301e-04,1.617329544387757778e-04
1.677130348980426788e-04,1.905059907585382462e-04,1.150199677795171738e-04,1.388840028084814548e-04
1.495219767093658447e-04,1.592159969732165337e-04,1.189550384879112244e-04,1.637180102989077568e-04
1.310409861616790295e-04,1.570740132592618465e-04,1.196850207634270191e-04,2.379220095463097095e-04
1.348559744656085968e-04,1.505489926785230637e-04,1.110490411520004272e-04,2.084260340780019760e-04
1.222880091518163681e-04,1.539210206829011440e-04,1.180600374937057495e-04,1.317280111834406853e-04
1.295180409215390682e-04,1.607039594091475010e-04,1.222710125148296356e-04,1.360599999316036701e-04
1.574209891259670258e-04,1.414020080119371414e-04,1.260110293515026569e-04,1.238520490005612373e-04
1.436590100638568401e-04,1.311609521508216858e-04,1.734240213409066200e-04,1.166890142485499382e-04
1.254150411114096642e-04,1.474779564887285233e-04,1.289750216528773308e-04,1.221269485540688038e-04
1.198470126837491989e-04,1.296249683946371078e-04,1.395280123688280582e-04,1.552580506540834904e-04
1.297389972023665905e-04,1.325710327364504337e-04,1.241689897142350674e-04,1.359520247206091881e-04
1.242929720319807529e-04,1.794950221665203571e-04,1.519990037195384502e-04,2.655350253917276859e-04
1.291739754378795624e-04,1.276779803447425365e-04,1.175630022771656513e-04,1.534749753773212433e-04
1.302000018768012524e-04,1.247390173375606537e-04,2.016630023717880249e-04,1.308950013481080532e-04
1.262609730474650860e-04,1.269010244868695736e-04,1.790869864635169506e-04,1.263149897567927837e-04
1.242560101673007011e-04,1.243590377271175385e-04,1.267170300707221031e-04,1.263260492123663425e-04
1.249859924428164959e-04,1.763009931892156601e-04,1.329950173385441303e-04,1.404489739798009396e-04
1.294009853154420853e-04,1.266439794562757015e-04,1.233840011991560459e-04,1.425800146535038948e-04
1.229490153491497040e-04,1.286329934373497963e-04,1.457269536331295967e-04,1.311659580096602440e-04
1.310500083491206169e-04,1.498120254836976528e-04,1.954569597728550434e-04,1.997720100916922092e-04
1.561440294608473778e-04,1.523240352980792522e-04,1.276990515179932117e-04,1.469409908168017864e-04
1.692600199021399021e-04,1.240060082636773586e-04,1.304729958064854145e-04,1.291980152018368244e-04
1.458000042475759983e-04,1.256850082427263260e-04,1.237219548784196377e-04,1.215899828821420670e-04
1.451139687560498714e-04,1.280459691770374775e-04,1.354929991066455841e-04,1.234160154126584530e-04
1.443049986846745014e-04,1.310579827986657619e-04,1.480799983255565166e-04,1.268729683943092823e-04
1.240249839611351490e-04,1.355889835394918919e-04,1.452729920856654644e-04,1.450889976695179939e-04
1.197899691760540009e-04,1.395660219714045525e-04,2.385200350545346737e-04,1.462260261178016663e-04
1.235700328834354877e-04,1.468150294385850430e-04,1.461309730075299740e-04,1.199420075863599777e-04
1.193120260722935200e-04,1.390550169162452221e-04,2.117559779435396194e-04,1.183529966510832310e-04
1.203179708682000637e-04,1.319290022365748882e-04,1.406639930792152882e-04,1.382399932481348515e-04
1.195149961858987808e-04,1.322670141234993935e-04,1.527710119262337685e-04,1.198049867525696754e-04
1.174699864350259304e-04,1.653409563004970551e-04,1.491970033384859562e-04,1.456990139558911324e-04
1.279670395888388157e-04,1.401720219291746616e-04,1.832400448620319366e-04,1.501099904999136925e-04
1.474629971198737621e-04,2.034200006164610386e-04,1.516839838586747646e-04,1.210910268127918243e-04
1.171240000985562801e-04,1.359579619020223618e-04,1.873999717645347118e-04,1.147299772128462791e-04
2.406589919701218605e-04,1.730549847707152367e-04,1.376320142298936844e-04,1.185089931823313236e-04
1.630780170671641827e-04,1.430350239388644695e-04,3.945779753848910332e-04,1.379559980705380440e-04
1.203240244649350643e-04,1.470990246161818504e-04,1.706609618850052357e-04,1.445480156689882278e-04
1.146919676102697849e-04,1.413949648849666119e-04,1.617289963178336620e-04,1.236380194313824177e-04
1.169529859907925129e-04,2.070579794235527515e-04,2.245460054837167263e-04,1.178090460598468781e-04
1.131959725171327591e-04,1.445499947294592857e-04,1.750619849190115929e-04,1.230670022778213024e-04
1.137439976446330547e-04,1.325909979641437531e-04,1.547379652038216591e-04,1.184559660032391548e-04
1.468580449000000954e-04,1.648899633437395096e-04,1.709110219962894917e-04,1.172919874079525471e-04
1.201120321638882160e-04,1.687839976511895657e-04,1.503360108472406864e-04,1.214760122820734978e-04
1.190339680761098862e-04,1.421080087311565876e-04,1.475889584980905056e-04,1.190030016005039215e-04
1.139389933086931705e-04,1.315500121563673019e-04,1.436320017091929913e-04,1.709560165181756020e-04
1.253869850188493729e-04,1.287549966946244240e-04,1.717150444164872169e-04,1.947060227394104004e-04
1.191199989989399910e-04,1.264100428670644760e-04,1.415070146322250366e-04,1.382629852741956711e-04
1.237330143339931965e-04,1.189900212921202183e-04,1.524699619039893150e-04,1.708230120129883289e-04
1.826279913075268269e-04,1.757300342433154583e-04,1.503759995102882385e-04,2.363829989917576313e-04
1.399120083078742027e-04,1.273839734494686127e-04,1.483749947510659695e-04,1.420420012436807156e-04
1.640859991312026978e-04,1.568649895489215851e-04,1.665350282564759254e-04,1.353439874947071075e-04
1.882020151242613792e-04,1.321159652434289455e-04,1.356319990009069443e-04,1.392840058542788029e-04
1.222419668920338154e-04,1.788350054994225502e-04,1.346819917671382427e-04,1.366360229440033436e-04
1.352670369669795036e-04,1.387969823554158211e-04,1.622730051167309284e-04,1.469100243411958218e-04
1.333889667876064777e-04,1.200940459966659546e-04,1.314369728788733482e-04,1.355010317638516426e-04
1.489680144004523754e-04,1.326900091953575611e-04,1.277570263482630253e-04,1.361699542030692101e-04
1.502360100857913494e-04,1.304629840888082981e-04,1.233810326084494591e-04,1.380180474370718002e-04
1.266730250790715218e-04,1.279700081795454025e-04,1.197799574583768845e-04,1.769819646142423153e-04
1.260879798792302608e-04,1.382049522362649441e-04,1.808179658837616444e-04,2.133430098183453083e-04
1.278900308534502983e-04,1.401560148224234581e-04,1.289150095544755459e-04,2.006840077228844166e-04
1.678399858064949512e-04,2.297800383530557156e-04,1.213610521517693996e-04,1.574699999764561653e-04
1.557919895276427269e-04,1.573790214024484158e-04,1.251020003110170364e-04,1.366409705951809883e-04
1.365780481137335300e-04,2.093189978040754795e-04,1.208879984915256500e-04,1.553190522827208042e-04
1.284569734707474709e-04,1.472770236432552338e-04,1.246539759449660778e-04,1.478390186093747616e-04
1.369820092804729939e-04,1.365880016237497330e-04,1.215739757753908634e-04,1.455749734304845333e-04
1.381019828841090202e-04,1.419439795427024364e-04,1.202279818244278431e-04,1.551659661345183849e-04
1.323080505244433880e-04,1.334870466962456703e-04,1.230320194736123085e-04,1.395089784637093544e-04
1.441960339434444904e-04,1.409149845130741596e-04,1.501610386185348034e-04,1.663319999352097511e-04
1.354389823973178864e-04,1.585160498507320881e-04,1.240239944308996201e-04,2.160919830203056335e-04
1.357609871774911880e-04,1.430739648640155792e-04,1.243259757757186890e-04,1.683669979684054852e-04
1.451369607821106911e-04,1.514449832029640675e-04,1.248790067620575428e-04,2.004000125452876091e-04
1.568789593875408173e-04,1.261389697901904583e-04,1.287899794988334179e-04,1.620760303921997547e-04
1.401369809173047543e-04,1.239840057678520679e-04,1.177730155177414417e-04,1.937690540216863155e-04
1.414120197296142578e-04,1.468140399083495140e-04,1.251960056833922863e-04,1.845939550548791885e-04
1.477829646319150925e-04,1.834649592638015747e-04,1.210920163430273533e-04,1.523829996585845947e-04
1.723609748296439648e-04,1.239750417880713940e-04,1.799060264602303505e-04,2.504279837012290955e-04
1.539020449854433537e-04,1.578889787197113037e-04,1.269180211238563061e-04,1.953619648702442646e-04
1.769660157151520252e-04,1.218100078403949738e-04,1.254689996130764484e-04,1.518570352345705032e-04
1.936230110004544258e-04,1.223859726451337337e-04,1.271419459953904152e-04,1.399419852532446384e-04
1.929060090333223343e-04,1.282139564864337444e-04,1.202020212076604366e-04,1.705770264379680157e-04
1.880929921753704548e-04,1.237079850398004055e-04,1.621170085854828358e-04,1.627210294827818871e-04
1.746769994497299194e-04,2.104099839925765991e-04,1.327649806626141071e-04,1.400539767928421497e-04
2.170510124415159225e-04,1.455689780414104462e-04,1.258269767276942730e-04,1.371540129184722900e-04
1.413429854437708855e-04,1.286439946852624416e-04,1.346319913864135742e-04,1.889139530248939991e-04
1.444719964638352394e-04,1.540840021334588528e-04,1.226930180564522743e-04,1.428489922545850277e-04
3.134940052404999733e-04,1.256099785678088665e-04,1.636550296097993851e-04,1.596700167283415794e-04
2.144880127161741257e-04,1.519380020909011364e-04,1.414419966749846935e-04,1.372959814034402370e-04
1.630299957469105721e-04,1.383839990012347698e-04,1.346680219285190105e-04,2.285810187458992004e-04
1.513909664936363697e-04,1.353200059384107590e-04,1.263659796677529812e-04,1.419149921275675297e-04
1.650740159675478935e-04,1.400859910063445568e-04,1.281370059587061405e-04,1.510939910076558590e-04
1.855479786172509193e-04,1.428800169378519058e-04,1.467419788241386414e-04,1.306740450672805309e-04
1.587559818290174007e-04,1.436240272596478462e-04,1.310340012423694134e-04,1.386390067636966705e-04
4.269000492058694363e-04,1.298330025747418404e-04,1.268620253540575504e-04,1.385959913022816181e-04
2.061540144495666027e-04,1.553130568936467171e-04,1.274410169571638107e-04,1.364899799227714539e-04
2.254339633509516716e-04,1.724580070003867149e-04,1.215540105476975441e-04,1.648589968681335449e-04
1.965740229934453964e-04,1.574009656906127930e-04,1.590629690326750278e-04,1.412390265613794327e-04
2.019020030274987221e-04,1.594420173205435276e-04,1.213980140164494514e-04,1.544320257380604744e-04
1.677550026215612888e-04,1.430000411346554756e-04,1.884770463220775127e-04,1.614210195839405060e-04
1.616739900782704353e-04,2.289499971084296703e-04,1.919579808600246906e-04,1.361559843644499779e-04
1.389880198985338211e-04,1.538419746793806553e-04,1.620540278963744640e-04,1.603969722054898739e-04
1.984509872272610664e-04,1.438700128346681595e-04,2.019700477831065655e-04,1.446940004825592041e-04
1.640809932723641396e-04,1.574860070832073689e-04,1.645250013098120689e-04,1.488850102759897709e-04
2.019729581661522388e-04,2.081589773297309875e-04,1.271090004593133926e-04,1.522760139778256416e-04
1.942309900186955929e-04,2.080249832943081856e-04,1.364609925076365471e-04,1.373090199194848537e-04
1.493390300311148167e-04,1.968420110642910004e-04,1.367549994029104710e-04,1.381189795210957527e-04
1.347080105915665627e-04,1.613600179553031921e-04,1.414009602740406990e-04,1.752540119923651218e-04
1.405209768563508987e-04,2.083319704979658127e-04,1.941950176842510700e-04,1.565600396133959293e-04
1.352409599348902702e-04,1.516799675300717354e-04,1.433409634046256542e-04,1.916559995152056217e-04
1.772389514371752739e-04,2.323139924556016922e-04,1.258859992958605289e-04,1.732759992592036724e-04
1.281870063394308090e-04,2.259569591842591763e-04,1.414360012859106064e-04,1.663099974393844604e-04
1.284889876842498779e-04,1.647440367378294468e-04,1.227409811690449715e-04,1.722500310279428959e-04
1.435090089216828346e-04,1.533640315756201744e-04,1.224029692821204662e-04,1.488130073994398117e-04
1.177639933302998543e-04,1.700829598121345043e-04,1.541260280646383762e-04,1.877399627119302750e-04
2.925400040112435818e-04,2.078399993479251862e-04,1.503139501437544823e-04,1.686679897829890251e-04
2.246559597551822662e-04,1.598360249772667885e-04,1.330020022578537464e-04,1.338160363957285881e-04
1.426339731551706791e-04,2.168639912270009518e-04,1.280059805139899254e-04,1.738410210236907005e-04
1.275429967790842056e-04,1.687969779595732689e-04,1.194950309582054615e-04,1.681700232438743114e-04
1.287619816139340401e-04,1.466139801777899265e-04,1.427080132998526096e-04,1.399409957230091095e-04
1.255720271728932858e-04,1.934919855557382107e-04,1.253219670616090298e-04,1.478059566579759121e-04
1.866709790192544460e-04,1.550680026412010193e-04,1.280529540963470936e-04,1.727410126477479935e-04
1.307209604419767857e-04,1.590340398252010345e-04,2.496439847163856030e-04,1.503080129623413086e-04
1.480529899708926678e-04,1.509420108050107956e-04,1.657310058362782001e-04,1.522600068710744381e-04
1.486949622631072998e-04,1.673009828664362431e-04,1.329450169578194618e-04,2.291930140927433968e-04
3.480979939922690392e-04,1.811319962143898010e-04,1.463789958506822586e-04,1.498979981988668442e-04
2.571730292402207851e-04,1.489329733885824680e-04,1.218639663420617580e-04,1.568340230733156204e-04
1.863740035332739353e-04,2.516960375942289829e-04,1.528409775346517563e-04,1.478659687563776970e-04
1.675040111877024174e-04,1.746430061757564545e-04,1.963099930435419083e-04,1.615190412849187851e-04
1.522609964013099670e-04,1.509059802629053593e-04,1.259760465472936630e-04,1.496160402894020081e-04
1.941919908858835697e-04,1.462140353396534920e-04,1.248840126208961010e-04,1.756519777700304985e-04
1.993009936995804310e-04,1.418350148014724255e-04,1.257960102520883083e-04,1.475050230510532856e-04
2.441880060359835625e-04,1.480520004406571388e-04,1.212279894389212132e-04,1.500000362284481525e-04
1.876659807749092579e-04,1.724230241961777210e-04,1.296710106544196606e-04,2.369920257478952408e-04
1.980029628612101078e-04,1.549479784443974495e-04,1.428790274076163769e-04,1.898650079965591431e-04
1.899030175991356373e-04,1.777380239218473434e-04,1.259949640370905399e-04,1.673439983278512955e-04
1.675680396147072315e-04,1.511280424892902374e-04,1.331100356765091419e-04,1.578729716129601002e-04
1.715029939077794552e-04,2.214720007032155991e-04,1.299739815294742584e-04,2.038680249825119972e-04
1.754069817252457142e-04,1.878599869087338448e-04,1.384179922752082348e-04,1.427929964847862720e-04
1.793730189092457294e-04,1.654889783822000027e-04,1.321019954048097134e-04,1.341160386800765991e-04
2.904320135712623596e-04,1.582360127940773964e-04,1.796330325305461884e-04,1.656370004639029503e-04
1.755309640429913998e-04,1.949400175362825394e-04,1.380409812554717064e-04,1.496899640187621117e-04
1.879189512692391872e-04,1.821590121835470200e-04,1.667080214247107506e-04,2.360230428166687489e-04
1.739430008456110954e-04,1.389369717799127102e-04,1.406460069119930267e-04,1.334410044364631176e-04
2.437710063531994820e-04,1.562580000609159470e-04,1.270850189030170441e-04,1.636800006963312626e-04
2.687980304472148418e-04,1.348460209555923939e-04,1.307090278714895248e-04,1.241989666596055031e-04
2.014620113186538219e-04,1.462239888496696949e-04,1.371070393361151218e-04,1.265999744646251202e-04
2.266719820909202099e-04,1.911650178954005241e-04,1.271320506930351257e-04,2.789390273392200470e-04
1.836559968069195747e-04,3.085740027017891407e-04,2.158500137738883495e-04,1.338029978796839714e-04
2.957190154120326042e-04,2.442889963276684284e-04,1.362710027024149895e-04,1.299410359933972359e-04
2.867989824153482914e-04,1.725070178508758545e-04,1.852890127338469028e-04,1.341259921900928020e-04
2.975710085593163967e-04,1.597590162418782711e-04,1.360980095341801643e-04,1.473070005886256695e-04
2.354665019083768129e-03,1.248129992745816708e-04,1.298799761570990086e-04,1.272269873879849911e-04
3.551570116542279720e-04,1.423750072717666626e-04,1.286499900743365288e-04,1.497539924457669258e-04
4.299030406400561333e-04,1.367290387861430645e-04,1.562439720146358013e-04,1.363749615848064423e-04
1.034647983033210039e-03,1.208870089612901211e-04,1.256679533980786800e-04,1.334029948338866234e-04
2.924160216934978962e-04,1.252630027011036873e-04,1.246830215677618980e-04,1.349630183540284634e-04
3.006290062330663204e-04,1.121780369430780411e-04,1.272460212931036949e-04,1.290650106966495514e-04
4.218490212224423885e-04,1.372030237689614296e-04,1.524059916846454144e-04,1.330170198343694210e-04
3.494289703667163849e-04,1.086289994418621063e-04,1.342410105280578136e-04,1.360559836030006409e-04
2.743810182437300682e-04,1.612609485164284706e-04,1.289040083065629005e-04,1.667360193096101284e-04
2.029759925790131092e-04,1.576670329086482525e-04,1.287240302190184593e-04,1.745100016705691814e-04
2.476649824529886246e-04,1.264549791812896729e-04,1.235399977304041386e-04,1.401869812980294228e-04
2.015819773077964783e-04,1.268339692614972591e-04,1.654360094107687473e-04,1.400639885105192661e-04
2.073689829558134079e-04,1.281040022149682045e-04,1.255359966307878494e-04,1.445760135538876057e-04
2.121499856002628803e-04,1.255440292879939079e-04,1.287040067836642265e-04,1.401919871568679810e-04
2.453610068187117577e-04,1.285329926759004593e-04,1.512409653514623642e-04,1.356590073555707932e-04
1.898140180855989456e-04,1.819900353439152241e-04,2.056680386886000633e-04,1.494830357842147350e-04
1.938279601745307446e-04,1.362119801342487335e-04,1.670040073804557323e-04,1.387770171277225018e-04
1.857929746620357037e-04,1.294590183533728123e-04,1.384209608659148216e-04,1.352799590677022934e-04
2.205140190199017525e-04,1.314919791184365749e-04,1.336209825240075588e-04,1.299979630857706070e-04
1.649060286581516266e-04,1.283189631067216396e-04,1.377740409225225449e-04,1.275360118597745895e-04
1.724319881759583950e-04,1.459070481359958649e-04,1.911299768835306168e-04,1.249209744855761528e-04
1.879080082289874554e-04,1.360260066576302052e-04,1.392770209349691868e-04,2.020440297201275826e-04
1.651670318096876144e-04,1.357349683530628681e-04,1.552180037833750248e-04,1.670100027695298195e-04
1.702430308796465397e-04,1.248240005224943161e-04,1.491229631938040257e-04,1.253330265171825886e-04
1.912609441205859184e-04,2.248549717478454113e-04,1.366329961456358433e-04,1.402979833073914051e-04
1.728060306049883366e-04,1.396869774907827377e-04,1.753569813445210457e-04,1.443590153940021992e-04
1.499860081821680069e-04,1.339609734714031219e-04,1.347759971395134926e-04,1.406579976901412010e-04
1.726049813441932201e-04,1.660340349189937115e-04,1.817139564082026482e-04,2.387099666520953178e-04
1.714079990051686764e-04,1.750679803080856800e-04,1.914409804157912731e-04,1.400230103172361851e-04
1.460050116293132305e-04,1.307160127907991409e-04,1.457919715903699398e-04,1.718500279821455479e-04
1.394019927829504013e-04,1.269149943254888058e-04,1.700220163911581039e-04,1.798470038920640945e-04
1.289999927394092083e-04,1.241660211235284805e-04,1.692640362307429314e-04,2.099359990097582340e-04
1.251029898412525654e-04,1.268699998036026955e-04,1.461889478377997875e-04,1.539470395073294640e-04
1.289580250158905983e-04,1.471809810027480125e-04,1.447640242986381054e-04,1.537049538455903530e-04
2.042279811576008797e-04,1.289920182898640633e-04,1.449710107408463955e-04,1.600480172783136368e-04
1.329620135948061943e-04,1.354160485789179802e-04,1.484000240452587605e-04,1.459150225855410099e-04
1.267630141228437424e-04,1.423449721187353134e-04,1.686280011199414730e-04,1.724890316836535931e-04
1.705000177025794983e-04,1.320270239375531673e-04,1.469760318286716938e-04,1.725580077618360519e-04
1.303770113736391068e-04,1.830399851314723492e-04,1.453610020689666271e-04,1.823360216803848743e-04
1.307450002059340477e-04,1.395710278302431107e-04,1.457330072298645973e-04,1.763190375640988350e-04
1.196709927171468735e-04,2.156660193577408791e-04,1.899619819596409798e-04,1.649140031076967716e-04
1.366470241919159889e-04,1.538799842819571495e-04,1.522699603810906410e-04,1.431909622624516487e-04
1.261839643120765686e-04,1.599289826117455959e-04,1.371059915982186794e-04,1.506640110164880753e-04
1.528469729237258434e-04,1.508599962107837200e-04,1.529520377516746521e-04,1.757499994710087776e-04
1.315600238740444183e-04,1.352590043097734451e-04,1.559299998916685581e-04,1.921620569191873074e-04
1.351450337097048759e-04,1.417449675500392914e-04,1.704909955151379108e-04,1.369839883409440517e-04
1.560460077598690987e-04,1.300449948757886887e-04,1.579879899509251118e-04,1.519410288892686367e-04
1.362379989586770535e-04,1.696100225672125816e-04,1.411139965057373047e-04,1.360269961878657341e-04
1.251010107807815075e-04,1.454590237699449062e-04,1.338500296697020531e-04,1.203460269607603550e-04
1.296010450460016727e-04,1.327950158156454563e-04,1.444119843654334545e-04,1.717570121400058270e-04
1.690050121396780014e-04,1.209719921462237835e-04,1.563740079291164875e-04,1.348549849353730679e-04
1.297149574384093285e-04,1.238879631273448467e-04,2.466409932821989059e-04,1.892530126497149467e-04
1.245010062120854855e-04,1.355750137008726597e-04,2.285439986735582352e-04,1.457920297980308533e-04
1.276409602724015713e-04,1.641679555177688599e-04,1.293770037591457367e-04,1.185879809781908989e-04
2.832059981301426888e-04,1.361080212518572807e-04,1.309229992330074310e-04,1.620529801584780216e-04
1.334599801339209080e-04,1.337549765594303608e-04,1.389550161547958851e-04,2.651519607752561569e-04
1.942809903994202614e-04,1.259300042875111103e-04,1.641089911572635174e-04,1.490470021963119507e-04
1.310960506089031696e-04,1.238489639945328236e-04,1.350609818473458290e-04,1.401740009896457195e-04
1.199400285258889198e-04,1.280310098081827164e-04,1.395560102537274361e-04,1.376330037601292133e-04
1.651890343055129051e-04,1.235019881278276443e-04,1.209029578603804111e-04,1.360439928248524666e-04
2.954090014100074768e-04,1.220279955305159092e-04,1.420409535057842731e-04,1.294949906878173351e-04
1.263790181837975979e-04,1.353329862467944622e-04,1.545090344734489918e-04,1.581750111654400826e-04
1.624840078875422478e-04,1.199350226670503616e-04,1.196680241264402866e-04,1.335970009677112103e-04
1.517329947091639042e-04,1.201109844259917736e-04,1.494479947723448277e-04,1.440189662389457226e-04
1.256449613720178604e-04,1.214999938383698463e-04,1.238409895449876785e-04,1.397390151396393776e-04
2.707879757508635521e-04,1.188180176541209221e-04,1.618139795027673244e-04,1.337720314040780067e-04
1.898119808174669743e-04,1.180209801532328129e-04,1.312340027652680874e-04,2.122870064340531826e-04
1.649240148253738880e-04,1.199599937535822392e-04,1.276709954254329205e-04,1.382660120725631714e-04
1.258359989151358604e-04,1.675739767961204052e-04,1.392359845340251923e-04,1.302669988945126534e-04
1.789309899322688580e-04,1.187750021927058697e-04,1.315789995715022087e-04,1.291410299018025398e-04
2.361090155318379402e-04,1.144290436059236526e-04,1.398809836246073246e-04,1.397200394421815872e-04
1.914079766720533371e-04,1.150099560618400574e-04,1.585709978826344013e-04,1.494270400144159794e-04
1.487329718656837940e-04,1.148160081356763840e-04,2.379079815000295639e-04,1.244579907506704330e-04
1.637130044400691986e-04,1.107389689423143864e-04,1.533949980512261391e-04,1.269170315936207771e-04
1.534710172563791275e-04,1.511260052211582661e-04,2.228260273113846779e-04,1.422429922968149185e-04
1.647429889999330044e-04,1.345379860140383244e-04,1.492970040999352932e-04,1.474560122005641460e-04
1.352880499325692654e-04,1.241129939444363117e-04,1.291729859076440334e-04,1.917040208354592323e-04
1.309280050918459892e-04,1.246109604835510254e-04,1.374579733237624168e-04,1.352180261164903641e-04
1.282629673369228840e-04,1.572009641677141190e-04,1.309269573539495468e-04,1.333899563178420067e-04
1.256880350410938263e-04,1.237029791809618473e-04,1.534890034236013889e-04,1.414029975421726704e-04
1.299149589613080025e-04,1.235399977304041386e-04,1.900080242194235325e-04,1.214459771290421486e-04
1.551029854454100132e-04,1.440789783373475075e-04,1.446839887648820877e-04,1.680340501479804516e-04
1.512030139565467834e-04,1.417569583281874657e-04,1.383569906465709209e-04,1.548319705761969090e-04
1.253169612027704716e-04,1.522470265626907349e-04,1.322029856964945793e-04,1.215409720316529274e-04
1.243810402229428291e-04,1.385229988954961300e-04,1.322990283370018005e-04,1.206269953399896622e-04
1.227960456162691116e-04,1.220519770868122578e-04,1.232569920830428600e-04,1.191580086015164852e-04
1.204790314659476280e-04,1.201620325446128845e-04,1.446179812774062157e-04,1.202429994009435177e-04
1.226349850185215473e-04,1.674910308793187141e-04,1.230009947903454304e-04,1.198989921249449253e-04
1.199480029754340649e-04,1.508419518359005451e-04,1.198140089400112629e-04,1.232330105267465115e-04
1.949330326169729233e-04,1.149270101450383663e-04,1.202709972858428955e-04,1.610509934835135937e-04
1.293370150960981846e-04,1.211579656228423119e-04,1.426940434612333775e-04,1.319440198130905628e-04
1.539830118417739868e-04,1.809900277294218540e-04,1.347090001218020916e-04,1.298559946008026600e-04
1.568770385347306728e-04,1.227959874086081982e-04,1.463349908590316772e-04,1.465639797970652580e-04
1.228259643539786339e-04,1.381540205329656601e-04,1.438430044800043106e-04,1.269200001843273640e-04
1.215200172737240791e-04,1.383110065944492817e-04,1.202749554067850113e-04,1.735850237309932709e-04
1.199159887619316578e-04,1.218859688378870487e-04,1.548079890199005604e-04,1.520689693279564381e-04
1.214929507113993168e-04,1.212239731103181839e-04,1.307199709117412567e-04,1.295420224778354168e-04
1.197429955936968327e-04,1.293300301767885685e-04,1.185290166176855564e-04,1.304970355704426765e-04
1.205329899676144123e-04,1.297490089200437069e-04,1.182709820568561554e-04,1.261300058104097843e-04
1.449929550290107727e-04,1.392159610986709595e-04,1.167670125141739845e-04,1.377339940518140793e-04
1.330209779553115368e-04,1.415179576724767685e-04,1.150500029325485229e-04,1.345860073342919350e-04
1.192979980260133743e-04,1.623909920454025269e-04,1.332379761151969433e-04,1.315519912168383598e-04
1.178990351036190987e-04,1.276069669984281063e-04,1.548629952594637871e-04,1.375600113533437252e-04
1.225020387209951878e-04,1.330359955318272114e-04,1.332350075244903564e-04,1.253579976037144661e-04
1.207870081998407841e-04,1.255579991266131401e-04,1.110460143536329269e-04,1.281049917452037334e-04
1.199560356326401234e-04,2.234739949926733971e-04,1.684860326349735260e-04,1.296999980695545673e-04
1.192710478790104389e-04,1.389670069329440594e-04,1.162650296464562416e-04,1.317379646934568882e-04
1.189349568448960781e-04,1.309310318902134895e-04,1.412320416420698166e-04,1.743650063872337341e-04
1.924659591168165207e-04,1.308539649471640587e-04,1.141759566962718964e-04,1.276379916816949844e-04
1.369299716316163540e-04,1.268860069103538990e-04,1.402280176989734173e-04,1.306979684159159660e-04
1.343869953416287899e-04,1.258099800907075405e-04,1.426420058123767376e-04,1.328010112047195435e-04
1.288739731535315514e-04,1.389450044371187687e-04,1.123329857364296913e-04,2.366290427744388580e-04
1.407790114171802998e-04,1.307679922319948673e-04,1.094929757528007030e-04,1.358829904347658157e-04
1.684500020928680897e-04,1.238830154761672020e-04,1.359900343231856823e-04,1.280370051972568035e-04
1.422929926775395870e-04,1.456359750591218472e-04,1.763069885782897472e-04,1.994089689105749130e-04
1.582240220159292221e-04,1.449279952794313431e-04,1.599680399522185326e-04,1.343089970760047436e-04
1.482720253989100456e-04,1.244580489583313465e-04,1.242919825017452240e-04,1.407699892297387123e-04
1.690479693934321404e-04,1.239569974131882191e-04,1.468659611418843269e-04,1.771689858287572861e-04
1.900739734992384911e-04,1.222200226038694382e-04,1.294680405408143997e-04,1.268209889531135559e-04
1.408049720339477062e-04,1.196740195155143738e-04,1.261139987036585808e-04,1.502200029790401459e-04
1.977609936147928238e-04,1.184309949167072773e-04,1.489080023020505905e-04,2.329560229554772377e-04
1.337899593636393547e-04,1.190170296467840672e-04,1.270049833692610264e-04,1.654030056670308113e-04
1.419229665771126747e-04,1.969119766727089882e-04,1.272160443477332592e-04,1.366049982607364655e-04
1.645939773879945278e-04,1.304879551753401756e-04,1.344760530628263950e-04,1.369689707644283772e-04
2.781540388241410255e-04,1.162519911304116249e-04,1.667069736868143082e-04,1.612320193089544773e-04
2.256159787066280842e-04,1.154529745690524578e-04,1.488830312155187130e-04,1.374830026179552078e-04
1.570530002936720848e-04,1.165790017694234848e-04,1.248689950443804264e-04,1.736030098982155323e-04
1.813780399970710278e-04,1.141999964602291584e-04,1.320029841735959053e-04,1.473019947297871113e-04
1.629579928703606129e-04,1.322719617746770382e-04,1.316629932262003422e-04,1.480169594287872314e-04
1.502010272815823555e-04,1.714610261842608452e-04,1.571570173837244511e-04,1.692050136625766754e-04
2.765689860098063946e-04,1.167380250990390778e-04,1.348039950244128704e-04,1.521249650977551937e-04
1.420170301571488380e-04,1.317310379818081856e-04,1.255060196854174137e-04,1.355009735561907291e-04
1.347990473732352257e-04,1.178029924631118774e-04,1.528579741716384888e-04,1.540089724585413933e-04
1.360820024274289608e-04,1.106970012187957764e-04,1.320560113526880741e-04,1.695909886620938778e-04
1.320799929089844227e-04,1.131879980675876141e-04,1.718679559417068958e-04,1.536339987069368362e-04
1.294370158575475216e-04,1.082660164684057236e-04,1.470229472033679485e-04,1.519289799034595490e-04
1.498270430602133274e-04,1.918589696288108826e-04,1.274079550057649612e-04,1.715730177238583565e-04
1.284789759665727615e-04,1.322180032730102539e-04,1.278650015592575073e-04,1.782049657776951790e-04
1.284310128539800644e-04,1.125459675677120686e-04,1.637139939703047276e-04,1.508319983258843422e-04
1.261179568246006966e-04,1.228789915330708027e-04,1.278959680348634720e-04,1.573750050738453865e-04
1.721190055832266808e-04,1.197960227727890015e-04,1.295980182476341724e-04,1.875140005722641945e-04
1.437030150555074215e-04,1.652930513955652714e-04,1.495929900556802750e-04,1.650310005061328411e-04
1.291899825446307659e-04,1.191439805552363396e-04,1.383180497214198112e-04,1.671750214882194996e-04
1.234279479831457138e-04,1.466019893996417522e-04,1.333780237473547459e-04,1.531779998913407326e-04
1.234480296261608601e-04,1.203360152430832386e-04,1.308110076934099197e-04,1.532500027678906918e-04
1.222339924424886703e-04,1.340169692412018776e-04,2.232110127806663513e-04,1.682700240053236485e-04
1.198420068249106407e-04,1.213840441778302193e-04,1.383220078423619270e-04,1.921610091812908649e-04
1.501880469731986523e-04,1.447820104658603668e-04,1.282810117118060589e-04,1.369200181216001511e-04
1.558699877932667732e-04,1.232370268553495407e-04,1.504530082456767559e-04,1.410400145687162876e-04
1.652359496802091599e-04,1.173210330307483673e-04,1.480170176364481449e-04,1.673769438639283180e-04
1.306000049225986004e-04,1.786409993655979633e-04,1.465980312786996365e-04,1.485870452597737312e-04
2.163479803130030632e-04,1.401830231770873070e-04,1.226459862664341927e-04,1.834570430219173431e-04
1.589559833519160748e-04,1.751970266923308372e-04,1.512609887868165970e-04,1.407060190103948116e-04
1.266020117327570915e-04,1.213770010508596897e-04,1.315999543294310570e-04,1.441779895685613155e-04
1.407800009474158287e-04,1.489249989390373230e-04,1.160419778898358345e-04,1.566950231790542603e-04
1.270789653062820435e-04,1.404940267093479633e-04,1.131119788624346256e-04,1.421699998900294304e-04
1.239890116266906261e-04,1.767829526215791702e-04,1.174489734694361687e-04,1.481479848735034466e-04
1.376920263282954693e-04,1.415060251019895077e-04,1.198149984702467918e-04,2.210219972766935825e-04
1.160430256277322769e-04,1.366060459986329079e-04,1.354049891233444214e-04,1.464640372432768345e-04
1.238149707205593586e-04,1.178549719043076038e-04,1.320470473729074001e-04,1.548029831610620022e-04
1.167139853350818157e-04,1.333059626631438732e-04,1.280790311284363270e-04,1.593620399944484234e-04
1.474229502491652966e-04,1.189929898828268051e-04,1.176680088974535465e-04,1.313000102527439594e-04
1.569089945405721664e-04,1.440459745936095715e-04,1.161470427177846432e-04,1.607409794814884663e-04
1.294600078836083412e-04,1.211990020237863064e-04,1.158969826065003872e-04,1.447109971195459366e-04
1.430589472874999046e-04,1.597990049049258232e-04,1.628540339879691601e-04,1.606150181032717228e-04
1.710120122879743576e-04,1.416879822500050068e-04,1.285449834540486336e-04,1.428290270268917084e-04
3.161180065944790840e-04,1.351830433122813702e-04,1.135959755629301071e-04,1.332720275968313217e-04
1.308610080741345882e-04,1.138480147346854210e-04,1.206120359711349010e-04,1.299449941143393517e-04
1.590809551998972893e-04,1.657590037211775780e-04,1.082739909179508686e-04,1.265829778276383877e-04
1.370129757560789585e-04,1.524509862065315247e-04,1.088909921236336231e-04,1.191819901578128338e-04
1.549510052427649498e-04,2.149129868485033512e-04,1.190819893963634968e-04,1.715659745968878269e-04
1.597109949216246605e-04,1.479570055380463600e-04,1.123309484682977200e-04,1.487039844505488873e-04
1.356620341539382935e-04,1.347159850411117077e-04,1.265709870494902134e-04,1.297609996981918812e-04
2.492589992471039295e-04,1.268010237254202366e-04,1.276810071431100368e-04,1.303260214626789093e-04
1.462419750168919563e-04,1.314439577981829643e-04,1.085190451703965664e-04,1.323460019193589687e-04
1.395569997839629650e-04,1.255589886568486691e-04,1.095790066756308079e-04,1.433119759894907475e-04
1.331989769823849201e-04,1.345539931207895279e-04,1.279660500586032867e-04,1.462680520489811897e-04
1.700209686532616615e-04,1.237510005012154579e-04,1.130470191128551960e-04,1.293329987674951553e-04
1.787489745765924454e-04,1.257569529116153717e-04,1.706510083749890327e-04,1.361080212518572807e-04
2.842069952748715878e-04,1.340260496363043785e-04,1.606699661351740360e-04,1.650359481573104858e-04
1.283589517697691917e-04,1.458170008845627308e-04,1.760510494932532310e-04,2.064799773506820202e-04
1.705230097286403179e-04,1.256190007552504539e-04,1.271740184165537357e-04,1.421059714630246162e-04
1.438179751858115196e-04,1.925200340338051319e-04,1.390489633195102215e-04,1.693799858912825584e-04
1.309440121985971928e-04,1.470900024287402630e-04,1.228700275532901287e-04,1.391490222886204720e-04
1.420739572495222092e-04,1.505549880675971508e-04,1.578539959155023098e-04,1.396570005454123020e-04
1.510869478806853294e-04,1.290789805352687836e-04,1.923979725688695908e-04,3.695479827001690865e-04
1.357489963993430138e-04,1.330380327999591827e-04,1.499250065535306931e-04,2.332690055482089520e-04
2.269570250064134598e-04,1.439899788238108158e-04,1.801479957066476345e-04,1.815260038711130619e-04
1.506599946878850460e-04,1.875089947134256363e-04,1.276939874514937401e-04,1.417029998265206814e-04
1.524430117569863796e-04,1.489669666625559330e-04,1.214770018123090267e-04,1.389739918522536755e-04
1.312060048803687096e-04,1.343159819953143597e-04,1.648669713176786900e-04,1.343509647995233536e-04
1.829440006986260414e-04,1.875709858722984791e-04,1.218210090883076191e-04,1.408020034432411194e-04
1.316010020673274994e-04,1.357970177195966244e-04,2.383760293014347553e-04,1.342449686489999294e-04
1.308880164287984371e-04,1.367810182273387909e-04,1.772010000422596931e-04,1.336529967375099659e-04
1.296410337090492249e-04,1.611460465937852859e-04,1.343720359727740288e-04,1.849959953688085079e-04
2.809239667840301991e-04,1.492919982410967350e-04,1.297399867326021194e-04,1.436530146747827530e-04
1.846019877120852470e-04,1.442490029148757458e-04,1.424659858457744122e-04,1.473629963584244251e-04
1.545969862490892410e-04,1.534050097689032555e-04,1.965159899555146694e-04,2.035149955190718174e-04
2.316790050826966763e-04,1.453119912184774876e-04,1.481409999541938305e-04,1.412309939041733742e-04
1.382619957439601421e-04,1.420669723302125931e-04,1.334439730271697044e-04,1.622990239411592484e-04
1.365420175716280937e-04,1.511209993623197079e-04,1.286829938180744648e-04,1.605920260772109032e-04
1.811099937185645103e-04,1.370499958284199238e-04,1.304809702560305595e-04,1.640900154598057270e-04
1.601949916221201420e-04,1.396150328218936920e-04,1.272339723072946072e-04,1.701890141703188419e-04
1.332229585386812687e-04,1.347719808109104633e-04,1.349599915556609631e-04,1.446270034648478031e-04
1.477219630032777786e-04,2.027309965342283249e-04,1.322330208495259285e-04,1.599719980731606483e-04
2.504609874449670315e-04,1.302040182054042816e-04,1.339699956588447094e-04,1.518770004622638226e-04
1.570960157550871372e-04,1.462930231355130672e-04,1.310100196860730648e-04,1.497379853390157223e-04
1.504529500380158424e-04,1.359480083920061588e-04,1.289420179091393948e-04,1.574569614604115486e-04
1.343009644187986851e-04,1.271510263904929161e-04,1.395989675074815750e-04,1.813050475902855396e-04
1.381890033371746540e-04,1.274310052394866943e-04,1.293640234507620335e-04,1.601539552211761475e-04
1.330579980276525021e-04,1.219440018758177757e-04,2.555230166763067245e-04,1.430020201951265335e-04
2.479590475559234619e-04,1.242629950866103172e-04,1.613989588804543018e-04,1.507650013081729412e-04
2.105380408465862274e-04,1.355779822915792465e-04,1.472010044381022453e-04,1.650420017540454865e-04
3.256420022808015347e-04,2.275050501339137554e-04,1.475200406275689602e-04,1.499109785072505474e-04
1.417019520886242390e-04,1.251139910891652107e-04,1.533050090074539185e-04,2.004289999604225159e-04
1.334890257567167282e-04,1.188769820146262646e-04,1.386060030199587345e-04,1.566509599797427654e-04
2.050179755315184593e-04,1.396950101479887962e-04,1.332729589194059372e-04,1.639510155655443668e-04
1.814060378819704056e-04,1.730539952404797077e-04,1.680689747445285320e-04,1.444549998268485069e-04
1.358829904347658157e-04,2.123310114257037640e-04,1.659030094742774963e-04,1.533080358058214188e-04
1.240079873241484165e-04,1.237440155819058418e-04,1.393400016240775585e-04,1.868919935077428818e-04
1.300440053455531597e-04,1.644300064072012901e-04,1.471599680371582508e-04,1.497939811088144779e-04
1.203289721161127090e-04,1.225359737873077393e-04,1.490460126660764217e-04,1.973889884538948536e-04
1.218459801748394966e-04,1.245979801751673222e-04,1.616450026631355286e-04,1.830240362323820591e-04
1.196209923364222050e-04,1.456219470128417015e-04,1.520979567430913448e-04,1.389590324833989143e-04
1.235909876413643360e-04,1.280080177821218967e-04,1.361449831165373325e-04,1.480409991927444935e-04
1.254969974979758263e-04,1.251249923370778561e-04,1.310019870288670063e-04,1.464029774069786072e-04
1.391040277667343616e-04,1.394100254401564598e-04,2.027990412898361683e-04,1.401089830324053764e-04
1.274530077353119850e-04,1.728520146571099758e-04,1.291030202992260456e-04,1.487469999119639397e-04
1.189489848911762238e-04,1.305989571847021580e-04,1.333139953203499317e-04,1.399809843860566616e-04
1.354719861410558224e-04,1.246950123459100723e-04,1.243390142917633057e-04,1.455460442230105400e-04
1.275649992749094963e-04,1.496889744885265827e-04,1.498790225014090538e-04,1.464830129407346249e-04
1.366389915347099304e-04,1.352500403299927711e-04,1.267360057681798935e-04,2.545550232753157616e-04
1.383819617331027985e-04,1.180919934995472431e-04,1.610339968465268612e-04,1.758470316417515278e-04
1.326620113104581833e-04,1.572499750182032585e-04,1.279879943467676640e-04,1.557369832880795002e-04
1.748600043356418610e-04,1.199980033561587334e-04,1.546199782751500607e-04,1.481370418332517147e-04
1.913930173031985760e-04,2.776330220513045788e-04,1.255790120922029018e-04,1.603140262886881828e-04
1.325149787589907646e-04,1.326880301348865032e-04,1.319900038652122021e-04,1.480989740230143070e-04
1.745399786159396172e-04,1.223289873450994492e-04,1.282239682041108608e-04,1.706340117380023003e-04
1.509599969722330570e-04,1.232319627888500690e-04,1.295880065299570560e-04,1.770140370354056358e-04
1.490290160290896893e-04,1.240500132553279400e-04,1.321250456385314465e-04,1.410280237905681133e-04
1.726889749988913536e-04,1.279920106753706932e-04,1.261339639313519001e-04,1.288370112888514996e-04
1.569709856994450092e-04,3.070249804295599461e-04,1.301689771935343742e-04,1.735609839670360088e-04
1.413139980286359787e-04,1.699620042927563190e-04,1.260529970750212669e-04,1.254460075870156288e-04
1.381540205329656601e-04,1.451639691367745399e-04,1.220519770868122578e-04,1.334410044364631176e-04
1.952879829332232475e-04,1.762519823387265205e-04,1.487670233473181725e-04,1.547819701954722404e-04
1.336749992333352566e-04,1.214090152643620968e-04,1.469409908168017864e-04,1.437600003555417061e-04
1.407979871146380901e-04,1.153210178017616272e-04,1.353349653072655201e-04,1.233349903486669064e-04
1.387770171277225018e-04,1.353670377284288406e-04,1.618659589439630508e-04,1.582269906066358089e-04
1.736920094117522240e-04,1.191819901578128338e-04,1.411649864166975021e-04,1.494690077379345894e-04
2.474730135872960091e-04,1.174909994006156921e-04,1.510840374976396561e-04,1.171360490843653679e-04
1.946919946931302547e-04,1.240830169990658760e-04,2.028709859587252140e-04,2.390249865129590034e-04
1.709319767542183399e-04,1.304079778492450714e-04,1.747330534271895885e-04,2.699189935810863972e-04
1.392940175719559193e-04,1.585109857842326164e-04,1.490199938416481018e-04,1.658889814279973507e-04
1.381280017085373402e-04,1.211829949170351028e-04,1.360389869660139084e-04,1.841399935074150562e-04
2.150149666704237461e-04,1.179149840027093887e-04,1.464069937355816364e-04,1.327780191786587238e-04
1.238090335391461849e-04,1.208999892696738243e-04,1.323449541814625263e-04,1.601150142960250378e-04
1.809439854696393013e-04,1.642560237087309361e-04,1.672740327194333076e-04,1.365669886581599712e-04
1.583700068295001984e-04,1.355480053462088108e-04,1.341629540547728539e-04,1.522279926575720310e-04
1.380260218866169453e-04,1.352520193904638290e-04,1.339490409009158611e-04,1.545609557069838047e-04
1.389409881085157394e-04,1.664720475673675537e-04,1.385259674862027168e-04,1.413910067640244961e-04
2.159239957109093666e-04,1.509140129201114178e-04,2.183850156143307686e-04,1.403980422765016556e-04
1.636079978197813034e-04,1.152459881268441677e-04,1.427149982191622257e-04,1.309500075876712799e-04
1.271939836442470551e-04,1.164840068668127060e-04,1.308569917455315590e-04,1.471579889766871929e-04
1.318259746767580509e-04,1.128049916587769985e-04,1.511860173195600510e-04,1.265960163436830044e-04
1.259589917026460171e-04,1.247110194526612759e-04,2.660600002855062485e-04,1.324470504187047482e-04
1.288049970753490925e-04,1.365059870295226574e-04,2.054780488833785057e-04,1.330479863099753857e-04
1.288069761358201504e-04,1.125559792853891850e-04,1.608880120329558849e-04,1.269369968213140965e-04
1.373410341329872608e-04,1.063939998857676983e-04,1.532780006527900696e-04,1.292149536311626434e-04
1.247950131073594093e-04,1.117229694500565529e-04,1.418539904989302158e-04,1.304839970543980598e-04
1.476639881730079651e-04,1.259680138900876045e-04,1.548529835417866707e-04,1.309990184381604195e-04
1.203040010295808315e-04,1.188109745271503925e-04,1.767179928719997406e-04,1.628510071896016598e-04
1.228579785674810410e-04,1.243089791387319565e-04,1.452019787393510342e-04,1.383619965054094791e-04
1.242780126631259918e-04,1.714999671094119549e-04,1.447840477339923382e-04,1.265719765797257423e-04
1.240679994225502014e-04,1.549459993839263916e-04,1.463799853809177876e-04,1.232909853570163250e-04
1.277329865843057632e-04,1.157789956778287888e-04,1.689320197328925133e-04,1.285520265810191631e-04
1.244490267708897591e-04,1.449249684810638428e-04,2.559649874456226826e-04,1.257060212083160877e-04
1.235739910043776035e-04,1.689220080152153969e-04,1.682050060480833054e-04,1.425119698978960514e-04
1.329659717157483101e-04,1.669260091148316860e-04,1.538450014777481556e-04,1.232720096595585346e-04
1.309649669565260410e-04,1.166299916803836823e-04,1.823740312829613686e-04,1.202549901790916920e-04
1.355609856545925140e-04,1.448419643566012383e-04,1.841640332713723183e-04,1.190269831568002701e-04
1.774470438249409199e-04,1.231360365636646748e-04,1.400480396114289761e-04,1.206870074383914471e-04
1.269790227524936199e-04,1.343690091744065285e-04,1.633520005270838737e-04,1.208949834108352661e-04
1.277659903280436993e-04,1.138459774665534496e-04,1.352879917249083519e-04,1.863920479081571102e-04
1.218289835378527641e-04,1.170449540950357914e-04,2.029640018008649349e-04,1.761390012688934803e-04
1.186059671454131603e-04,1.427769893780350685e-04,1.298129791393876076e-04,1.898749615065753460e-04
1.408039825037121773e-04,1.405929797329008579e-04,1.308590290136635303e-04,1.271250075660645962e-04
1.239539706148207188e-04,1.168739981949329376e-04,1.295999973081052303e-04,1.543500111438333988e-04
2.001700340770184994e-04,1.222370192408561707e-04,1.419910113327205181e-04,1.337130088359117508e-04
1.369279925711452961e-04,1.857400056906044483e-04,1.365750213153660297e-04,1.489950227551162243e-04
1.678879489190876484e-04,1.210729824379086494e-04,1.403900096192955971e-04,1.410020049661397934e-04
1.228009932674467564e-04,1.548909931443631649e-04,1.599590177647769451e-04,1.501680235378444195e-04
1.305200275965034962e-04,1.742730382829904556e-04,1.332850079052150249e-04,1.380299800075590611e-04
1.250079949386417866e-04,1.673140213824808598e-04,1.291829976253211498e-04,1.527540152892470360e-04
1.207409659400582314e-04,1.398079912178218365e-04,1.579860108904540539e-04,1.328830257989466190e-04
1.930019934661686420e-04,2.096359967254102230e-04,1.305339974351227283e-04,1.948369899764657021e-04
1.348879886791110039e-04,1.187189482152462006e-04,1.565069542266428471e-04,1.382760237902402878e-04
1.247840118594467640e-04,1.658590044826269150e-04,1.421540509909391403e-04,1.366409705951809883e-04
1.630529877729713917e-04,1.634499640204012394e-04,1.316079869866371155e-04,1.485540415160357952e-04
1.261809957213699818e-04,1.226119929924607277e-04,1.276769908145070076e-04,1.842610072344541550e-04
1.421499764546751976e-04,1.226969761773943901e-04,1.680679852142930031e-04,1.679669949226081371e-04
1.322819734923541546e-04,3.240699879825115204e-04,1.454550074413418770e-04,2.408049767836928368e-04
1.437489991076290607e-04,1.434590085409581661e-04,1.555090420879423618e-04,1.710850046947598457e-04
1.358789741061627865e-04,1.321170129813253880e-04,1.419420004822313786e-04,1.881229691207408905e-04
1.463629887439310551e-04,1.277989940717816353e-04,1.411839621141552925e-04,1.888530096039175987e-04
1.489239512011408806e-04,1.279470161534845829e-04,1.676870160736143589e-04,2.611880190670490265e-04
1.414639991708099842e-04,1.742310123518109322e-04,1.840959885157644749e-04,1.730800140649080276e-04
2.067040186375379562e-04,1.511930022388696671e-04,1.490350114181637764e-04,1.934819738380610943e-04
1.890640123747289181e-04,1.940139918588101864e-04,1.316250418312847614e-04,1.741400337778031826e-04
1.467600231990218163e-04,1.357730361633002758e-04,1.377220032736659050e-04,1.663040020503103733e-04
1.488850102759897709e-04,1.311170053668320179e-04,1.599450479261577129e-04,1.771330134943127632e-04
1.435540034435689449e-04,1.323809847235679626e-04,1.669120392762124538e-04,1.531390007585287094e-04
1.519300276413559914e-04,1.285570324398577213e-04,1.704610185697674751e-04,1.765959896147251129e-04
1.826439984142780304e-04,1.331869862042367458e-04,2.238179440610110760e-04,2.706510131247341633e-04
1.460799830965697765e-04,1.266380422748625278e-04,2.050860202871263027e-04,1.757689751684665680e-04
1.430849661119282246e-04,1.223480212502181530e-04,1.514740288257598877e-04,2.560540451668202877e-04
1.497140037827193737e-04,1.491260481998324394e-04,1.477440237067639828e-04,2.863790141418576241e-04
1.572360051795840263e-04,2.001039683818817139e-04,1.473149750381708145e-04,2.110789646394550800e-04
2.261609770357608795e-04,1.259709824807941914e-04,1.417149906046688557e-04,2.003530389629304409e-04
1.674399827606976032e-04,1.245489693246781826e-04,1.384259667247533798e-04,2.007310395129024982e-04
1.837159506976604462e-04,1.465410459786653519e-04,1.601059921085834503e-04,2.239300520159304142e-04
1.630909973755478859e-04,1.217030221596360207e-04,1.451459829695522785e-04,1.785290078260004520e-04
2.056109951809048653e-04,1.424520160071551800e-04,2.144469763152301311e-04,1.928599667735397816e-04
1.682909787632524967e-04,1.197350211441516876e-04,1.549720182083547115e-04,1.827469677664339542e-04
1.814789720810949802e-04,1.194890355691313744e-04,1.782089821062982082e-04,2.355360193178057671e-04
1.875240122899413109e-04,1.324120094068348408e-04,1.453120494261384010e-04,2.079589758068323135e-04
2.389230066910386086e-04,1.196530065499246120e-04,1.439160550944507122e-04,1.756099518388509750e-04
1.601719995960593224e-04,1.159270177595317364e-04,1.274749520234763622e-04,1.528679858893156052e-04
2.457390073686838150e-04,1.184959546662867069e-04,1.312489621341228485e-04,1.504539977759122849e-04
1.628790050745010376e-04,1.154440105892717838e-04,1.578229712322354317e-04,1.552890171296894550e-04
1.524889958091080189e-04,1.169720198959112167e-04,1.456729951314628124e-04,1.606079749763011932e-04
1.684729941189289093e-04,1.800080062821507454e-04,1.377040171064436436e-04,1.682309666648507118e-04
1.518299686722457409e-04,1.304199686273932457e-04,1.328749931417405605e-04,1.550599699839949608e-04
1.490360009483993053e-04,1.202530111186206341e-04,1.345360069535672665e-04,1.545830164104700089e-04
1.519069774076342583e-04,1.172880292870104313e-04,1.321209711022675037e-04,1.496869954280555248e-04
1.404260401614010334e-04,1.340180169790983200e-04,1.318400027230381966e-04,1.400129985995590687e-04
1.827130327001214027e-04,1.740040024742484093e-04,1.355989952571690083e-04,1.617139787413179874e-04
1.474340097047388554e-04,1.325329649262130260e-04,1.799099845811724663e-04,1.332579995505511761e-04
1.421979977749288082e-04,1.855839509516954422e-04,1.361420145258307457e-04,1.366860233247280121e-04
1.542479731142520905e-04,2.054409706033766270e-04,1.339029986411333084e-04,1.261080033145844936e-04
1.405199873261153698e-04,1.674459781497716904e-04,1.919509959407150745e-04,1.310849911533296108e-04
1.405979855917394161e-04,1.449339906685054302e-04,2.672200207598507404e-04,1.255979877896606922e-04
1.372820115648210049e-04,1.383590279147028923e-04,1.490309950895607471e-04,1.205960288643836975e-04
1.544359838590025902e-04,1.371229882352054119e-04,1.606880105100572109e-04,1.231060014106333256e-04
1.427709939889609814e-04,2.392239985056221485e-04,1.373069826513528824e-04,1.253290101885795593e-04
1.860309857875108719e-04,1.413110294379293919e-04,1.453589648008346558e-04,1.178520033136010170e-04
1.436320017091929913e-04,1.748019712977111340e-04,1.390099641866981983e-04,1.248360495083034039e-04
1.331020030193030834e-04,1.551979803480207920e-04,2.010549651458859444e-04,1.361480099149048328e-04
1.725630136206746101e-04,1.799970050342381001e-04,2.218070439994335175e-04,1.245889579877257347e-04
1.249430351890623569e-04,1.694909879006445408e-04,1.309129875153303146e-04,1.412159763276576996e-04
1.219050027430057526e-04,1.354229752905666828e-04,1.444909721612930298e-04,1.369739766232669353e-04
1.174560165964066982e-04,1.541399979032576084e-04,1.337440335191786289e-04,1.356960274279117584e-04
1.211400376632809639e-04,1.528909779153764248e-04,1.782280160114169121e-04,1.500410144217312336e-04
1.237450051121413708e-04,1.575369969941675663e-04,1.271559740416705608e-04,1.282910234294831753e-04
1.132339821197092533e-04,2.085430314764380455e-04,1.386299845762550831e-04,1.498769852332770824e-04
1.085540279746055603e-04,1.682259608060121536e-04,1.220930134877562523e-04,1.372650149278342724e-04
1.076260232366621494e-04,1.567240105941891670e-04,1.246560132130980492e-04,1.288060448132455349e-04
1.095299958251416683e-04,1.350200036540627480e-04,1.417159801349043846e-04,1.308599603362381458e-04
1.076349872164428234e-04,1.352379913441836834e-04,1.367650111205875874e-04,1.820569741539657116e-04
1.063079689629375935e-04,1.467810361646115780e-04,1.453169970773160458e-04,1.439329935237765312e-04
1.497189514338970184e-04,1.371899852529168129e-04,1.588250161148607731e-04,1.446789829060435295e-04
1.781830214895308018e-04,1.398259773850440979e-04,1.227929606102406979e-04,1.316490233875811100e-04
1.188609749078750610e-04,1.286239712499082088e-04,1.246290048584342003e-04,1.332029933109879494e-04
1.163179986178874969e-04,1.313560060225427151e-04,1.230629859492182732e-04,1.508709974586963654e-04
1.230490161105990410e-04,1.710370415821671486e-04,1.203969586640596390e-04,1.314280088990926743e-04
1.378539600409567356e-04,1.509659923613071442e-04,1.335199922323226929e-04,2.709439722821116447e-04
1.393629936501383781e-04,1.975070335902273655e-04,1.176850055344402790e-04,1.352190156467258930e-04
1.200510305352509022e-04,1.409440301358699799e-04,1.217990065924823284e-04,1.330259838141500950e-04
1.517619821242988110e-04,1.751859672367572784e-04,1.172850024886429310e-04,1.812229747883975506e-04
1.276209950447082520e-04,1.454770099371671677e-04,1.358420122414827347e-04,2.900580293498933315e-04
1.183290150947868824e-04,1.444289810024201870e-04,1.175890211015939713e-04,1.341659808531403542e-04
1.596860238350927830e-04,1.209569745697081089e-04,1.195610384456813335e-04,1.348579535260796547e-04
1.302330056205391884e-04,1.407180097885429859e-04,1.641380367800593376e-04,1.395680010318756104e-04
1.282540033571422100e-04,1.232969807460904121e-04,1.384839997626841068e-04,1.699099666438996792e-04
1.288289786316454411e-04,1.598500530235469341e-04,1.180580002255737782e-04,1.223779981955885887e-04
1.196940429508686066e-04,1.294070389121770859e-04,1.345290220342576504e-04,1.474589807912707329e-04
1.209010370075702667e-04,1.205829903483390808e-04,1.335639972239732742e-04,1.658580149523913860e-04
1.241720165126025677e-04,1.220870180986821651e-04,1.919560017995536327e-04,1.259850105270743370e-04
1.744980108924210072e-04,1.231309724971652031e-04,1.620189868845045567e-04,1.660399721004068851e-04
1.178099773824214935e-04,1.210800255648791790e-04,1.402509515173733234e-04,1.412759884260594845e-04
1.135829952545464039e-04,1.578339724801480770e-04,1.491750008426606655e-04,1.366969663649797440e-04
1.731830416247248650e-04,1.341849565505981445e-04,1.641259877942502499e-04,1.889250124804675579e-04
1.331429812125861645e-04,1.217200187966227531e-04,1.419719774276018143e-04,1.487670233473181725e-04
2.043169806711375713e-04,1.194049837067723274e-04,1.826229854486882687e-04,1.559530501253902912e-04
1.213650102727115154e-04,1.198750105686485767e-04,1.444449881091713905e-04,1.294059911742806435e-04
1.296490081585943699e-04,1.173439668491482735e-04,1.468220143578946590e-04,1.477859914302825928e-04
1.299499999731779099e-04,1.180719700641930103e-04,1.693189842626452446e-04,1.498679630458354950e-04
1.314330147579312325e-04,1.208300236612558365e-04,1.468050177209079266e-04,1.297530252486467361e-04
1.284930040128529072e-04,1.270220382139086723e-04,1.835959847085177898e-04,1.294960384257137775e-04
1.320589799433946609e-04,1.151590258814394474e-04,1.586350263096392155e-04,1.970829907804727554e-04
1.258919946849346161e-04,1.144619891420006752e-04,2.476939698681235313e-04,1.273799571208655834e-04
2.166309859603643417e-04,1.248389598913490772e-04,1.886580139398574829e-04,1.257839612662792206e-04
1.305970363318920135e-04,1.202920102514326572e-04,1.671109930612146854e-04,1.273190136998891830e-04
1.321170129813253880e-04,1.135629718191921711e-04,1.506780390627682209e-04,1.411580014973878860e-04
1.791249960660934448e-04,1.290030195377767086e-04,1.535919727757573128e-04,1.261119614355266094e-04
1.331520034000277519e-04,1.238479744642972946e-04,1.800240133889019489e-04,1.222799764946103096e-04
1.351480023004114628e-04,1.127609866671264172e-04,1.779799931682646275e-04,1.258800039067864418e-04
1.535110059194266796e-04,1.199749531224370003e-04,1.662019640207290649e-04,1.224210136570036411e-04
1.333529944531619549e-04,1.090879668481647968e-04,1.561079989187419415e-04,1.205689623020589352e-04
1.305469777435064316e-04,1.222949940711259842e-04,1.913159503601491451e-04,2.592810196802020073e-04
1.286480110138654709e-04,1.524739782325923443e-04,2.292739809490740299e-04,1.398919848725199699e-04
1.231849892064929008e-04,1.291930093429982662e-04,1.613759668543934822e-04,1.458220067434012890e-04
1.527720014564692974e-04,1.403820351697504520e-04,1.501140068285167217e-04,1.360969617962837219e-04
1.320160226896405220e-04,1.815370051190257072e-04,1.569900196045637131e-04,1.394869759678840637e-04
1.320100273005664349e-04,1.958010252565145493e-04,1.573589979670941830e-04,1.240079873241484165e-04
2.157060080207884312e-04,1.219009864144027233e-04,1.694030361250042915e-04,1.350740203633904457e-04
1.279329881072044373e-04,1.202049897983670235e-04,2.920120023190975189e-04,1.193099888041615486e-04
1.246299943886697292e-04,1.212349743582308292e-04,2.891839831136167049e-04,1.149839954450726509e-04
1.155580393970012665e-04,1.144179841503500938e-04,1.626849989406764507e-04,1.176389632746577263e-04
1.250359928235411644e-04,1.243219594471156597e-04,1.693929661996662617e-04,1.180339604616165161e-04
1.542409881949424744e-04,1.246019965037703514e-04,1.399890170432627201e-04,2.116539981216192245e-04
1.237479737028479576e-04,1.214040094055235386e-04,1.684080343693494797e-04,1.233389484696090221e-04
1.192439813166856766e-04,1.237170072272419930e-04,1.650040503591299057e-04,1.246969914063811302e-04
1.175960060209035873e-04,1.152009936049580574e-04,1.860579941421747208e-04,1.216270029544830322e-04
1.390159595757722855e-04,1.205289736390113831e-04,2.055490040220320225e-04,1.231639762409031391e-04
1.549680018797516823e-04,1.446870155632495880e-04,1.549790031276643276e-04,1.420080079697072506e-04
1.223119907081127167e-04,1.321759773418307304e-04,1.508209970779716969e-04,1.468199770897626877e-04
1.390630495734512806e-04,1.756229903548955917e-04,1.485680113546550274e-04,1.370150130242109299e-04
1.195649965666234493e-04,1.277829869650304317e-04,1.524490071460604668e-04,1.442509819753468037e-04
1.206919550895690918e-04,1.243570004589855671e-04,1.674970262683928013e-04,1.459679915569722652e-04
1.211739727295935154e-04,1.333139953203499317e-04,1.546290004625916481e-04,1.389000099152326584e-04
1.368310186080634594e-04,1.278059789910912514e-04,2.144339960068464279e-04,2.034769859164953232e-04
1.385819632560014725e-04,1.306799822486937046e-04,1.495170290581882000e-04,1.817790325731039047e-04
1.183659769594669342e-04,1.344599877484142780e-04,1.521789818070828915e-04,1.515860203653573990e-04
1.211490016430616379e-04,1.553950132802128792e-04,1.735010300762951374e-04,1.445130328647792339e-04
1.336790155619382858e-04,1.392959966324269772e-04,1.537229982204735279e-04,1.474590389989316463e-04
1.451210118830204010e-04,1.338190049864351749e-04,1.444669906049966812e-04,1.512860180810093880e-04
1.551619498059153557e-04,1.919210189953446388e-04,1.373710110783576965e-04,1.748140202835202217e-04
2.071810304187238216e-04,1.336520072072744370e-04,1.907760160975158215e-04,1.845470396801829338e-04
2.857060171663761139e-04,2.539759734645485878e-04,1.354669802822172642e-04,1.519749639555811882e-04
1.769980299286544323e-04,1.358730369247496128e-04,1.630700426176190376e-04,1.550300512462854385e-04
1.947090495377779007e-04,2.384160179644823074e-04,1.815489958971738815e-04,2.411799505352973938e-04
1.616409863345324993e-04,1.503039966337382793e-04,1.526580308564007282e-04,2.089259796775877476e-04
1.353690167888998985e-04,1.351809478364884853e-04,1.731149968691170216e-04,1.586169819347560406e-04
1.315489644184708595e-04,1.294550020247697830e-04,1.448330003768205643e-04,1.924710231833159924e-04
1.305960468016564846e-04,1.343669719062745571e-04,2.213899861089885235e-04,1.682209549471735954e-04
1.360939932055771351e-04,1.279959687963128090e-04,1.557029900141060352e-04,1.462390064261853695e-04
1.334980479441583157e-04,1.395769650116562843e-04,2.012370387092232704e-04,2.158300485461950302e-04
1.470610150136053562e-04,1.234750379808247089e-04,1.548949512653052807e-04,1.520889927633106709e-04
1.430409611202776432e-04,1.620919792912900448e-04,1.487279660068452358e-04,1.916110049933195114e-04
1.547089777886867523e-04,1.581149990670382977e-04,1.581090036779642105e-04,1.854799920693039894e-04
1.330239465460181236e-04,1.195630175061523914e-04,1.552710309624671936e-04,2.062109997496008873e-04
1.285190228372812271e-04,2.041650004684925079e-04,1.502689556218683720e-04,2.270609838888049126e-04
1.414089929312467575e-04,1.309029757976531982e-04,1.423219800926744938e-04,1.682520378381013870e-04
2.458409871906042099e-04,1.196020166389644146e-04,1.479690545238554478e-04,1.681899884715676308e-04
1.397380256094038486e-04,1.191439805552363396e-04,1.552950125187635422e-04,1.723649911582469940e-04
1.283719902858138084e-04,1.519600045867264271e-04,1.476670149713754654e-04,2.328770351596176624e-04
1.299669966101646423e-04,1.156989601440727711e-04,1.502349623478949070e-04,1.716599799692630768e-04
1.194630167447030544e-04,1.373119885101914406e-04,1.478019985370337963e-04,1.457370235584676266e-04
1.395379658788442612e-04,1.197209930978715420e-04,2.172430395148694515e-04,1.651999773457646370e-04
1.823650090955197811e-04,1.209479523822665215e-04,1.616319641470909119e-04,1.409330288879573345e-04
1.337400171905755997e-04,1.234799856320023537e-04,1.424449728801846504e-04,1.731130178086459637e-04
1.356030115857720375e-04,1.191439805552363396e-04,2.142940065823495388e-04,1.766019850037992001e-04
1.414539874531328678e-04,1.128950389102101326e-04,1.778780133463442326e-04,1.405960065312683582e-04
1.641410053707659245e-04,1.166659640148282051e-04,1.601930125616490841e-04,1.732719829306006432e-04
1.824159990064799786e-04,1.346499775536358356e-04,1.501420047134160995e-04,1.448149560019373894e-04
3.160299966111779213e-04,1.478810445405542850e-04,1.514150062575936317e-04,1.418250030837953091e-04
2.012930344790220261e-04,1.383060007356107235e-04,1.629790058359503746e-04,1.560170203447341919e-04
1.452690339647233486e-04,1.220220001414418221e-04,2.738080220296978951e-04,1.517749624326825142e-04
1.339020091108977795e-04,1.416779705323278904e-04,2.370619913563132286e-04,1.475160242989659309e-04
1.370440004393458366e-04,1.234929659403860569e-04,1.728519564494490623e-04,1.811480033211410046e-04
1.361989998258650303e-04,1.337019493803381920e-04,1.577889779582619667e-04,1.597740338183939457e-04
1.387950032949447632e-04,1.219190307892858982e-04,1.584830461069941521e-04,1.372830010950565338e-04
1.362449838779866695e-04,1.429529511369764805e-04,1.581000396981835365e-04,1.535980263724923134e-04
1.312210224568843842e-04,1.316420384682714939e-04,1.405450166203081608e-04,1.226169988512992859e-04
1.295449910685420036e-04,1.861040364019572735e-04,1.622689887881278992e-04,1.355700078420341015e-04
1.511420123279094696e-04,1.354639534838497639e-04,1.411560224369168282e-04,1.490190043114125729e-04
1.477180048823356628e-04,1.823729835450649261e-04,1.595030189491808414e-04,1.256749965250492096e-04
2.864369889721274376e-04,2.437449875287711620e-04,1.415190054103732109e-04,1.192700001411139965e-04
2.782979863695800304e-04,1.309480285272002220e-04,1.636790111660957336e-04,1.642669667489826679e-04
1.502709928900003433e-04,1.422639470547437668e-04,1.497159828431904316e-04,1.270010252483189106e-04
1.929349964484572411e-04,1.531200250610709190e-04,2.710600383579730988e-04,1.260130084119737148e-04
2.294489531777799129e-04,1.284020254388451576e-04,2.105669700540602207e-04,1.173179480247199535e-04
1.419830368831753731e-04,1.645840238779783249e-04,1.825620420277118683e-04,1.392110134474933147e-04
1.544569968245923519e-04,1.446839887648820877e-04,4.514699685387313366e-04,1.172710326500236988e-04
1.304699690081179142e-04,1.255330280400812626e-04,1.945460098795592785e-04,1.147859729826450348e-04
1.438360195606946945e-04,1.261990400962531567e-04,1.796000287868082523e-04,1.165589783340692520e-04
1.578869996592402458e-04,1.675490057095885277e-04,1.419420004822313786e-04,1.125590060837566853e-04
2.190230297856032848e-04,1.291700173169374466e-04,1.404839567840099335e-04,1.163260312750935555e-04
2.133320085704326630e-04,1.236679963767528534e-04,1.794470008462667465e-04,1.123230322264134884e-04
1.307119964621961117e-04,1.991009921766817570e-04,1.540849916636943817e-04,1.224839943461120129e-04
1.296650152653455734e-04,1.702389563433825970e-04,1.572939800098538399e-04,1.460729981772601604e-04
1.459809718653559685e-04,1.251320354640483856e-04,1.553639885969460011e-04,1.282709999941289425e-04
1.211719936691224575e-04,1.222310238517820835e-04,1.499019563198089600e-04,1.209799665957689285e-04
1.201779814437031746e-04,1.683490118011832237e-04,1.329639926552772522e-04,1.188000314868986607e-04
1.247119507752358913e-04,1.317219575867056847e-04,1.403809874318540096e-04,1.159870298579335213e-04
1.227150205522775650e-04,1.888719853013753891e-04,1.742430031299591064e-04,1.149570452980697155e-04
1.989129814319312572e-04,1.618309761397540569e-04,1.355700078420341015e-04,1.700859866105020046e-04
1.167290029115974903e-04,1.184259890578687191e-04,1.539540244266390800e-04,1.267379848286509514e-04
1.974510378204286098e-04,1.255389652214944363e-04,1.564049744047224522e-04,1.211980124935507774e-04
1.387690426781773567e-04,1.797230215743184090e-04,1.313459943048655987e-04,1.221279962919652462e-04
1.280810101889073849e-04,1.168780145235359669e-04,1.493970048613846302e-04,1.200399710796773434e-04
1.471170107834041119e-04,1.190039911307394505e-04,1.284680329263210297e-04,1.707609626464545727e-04
1.342890318483114243e-04,2.172480453737080097e-04,1.371999969705939293e-04,1.482650404796004295e-04
2.223380142822861671e-04,1.358310109935700893e-04,1.269549829885363579e-04,1.686250325292348862e-04
1.498779747635126114e-04,1.282619778066873550e-04,1.244249870069324970e-04,1.377309672534465790e-04
1.234999508596956730e-04,2.108149928972125053e-04,1.307729980908334255e-04,1.148690353147685528e-04
1.363269984722137451e-04,1.881849602796137333e-04,1.219279947690665722e-04,1.240759738720953465e-04
1.435190206393599510e-04,1.376930158585309982e-04,2.097660326398909092e-04,1.163359847851097584e-04
1.540950033813714981e-04,1.292749657295644283e-04,1.713189994916319847e-04,1.218660036101937294e-04
1.459959894418716431e-04,1.324570039287209511e-04,1.280840369872748852e-04,1.228619948960840702e-04
1.369240344502031803e-04,1.867890241555869579e-04,1.317280111834406853e-04,1.355059794150292873e-04
1.570740132592618465e-04,1.320349983870983124e-04,1.313569955527782440e-04,1.361300237476825714e-04
1.754020340740680695e-04,1.343940384685993195e-04,1.871910062618553638e-04,1.192089985124766827e-04
1.516169868409633636e-04,1.278209965676069260e-04,1.546770217828452587e-04,1.709809876047074795e-04
1.394629944115877151e-04,1.604279968887567520e-04,1.416300074197351933e-04,1.279669813811779022e-04
1.470589777454733849e-04,2.747109974734485149e-04,1.339939772151410580e-04,1.852950081229209900e-04
2.123259473592042923e-04,1.400209730491042137e-04,1.308159553445875645e-04,1.596820075064897537e-04
2.086440217681229115e-04,1.277039991691708565e-04,1.300760195590555668e-04,1.240299898199737072e-04
1.461560023017227650e-04,1.346479984931647778e-04,1.311719533987343311e-04,1.249809865839779377e-04
1.523339888080954552e-04,1.266849576495587826e-04,1.310340012423694134e-04,1.298709539696574211e-04
1.521189697086811066e-04,1.846100203692913055e-04,1.683440059423446655e-04,2.383550163358449936e-04
1.967860152944922447e-04,1.381150214001536369e-04,1.289339852519333363e-04,1.372910337522625923e-04
1.628200407139956951e-04,1.386739895679056644e-04,1.282470184378325939e-04,1.250089844688773155e-04
1.620969851501286030e-04,1.220380072481930256e-04,1.242670114152133465e-04,2.538530388846993446e-04
1.536839990876615047e-04,2.492030034773051739e-04,1.391869736835360527e-04,1.752559910528361797e-04
