2.012000186368823051e-04,4.135000053793191910e-04,1.246000174432992935e-04,1.351999817416071892e-04
1.503999810665845871e-04,1.729000359773635864e-04,2.902999985963106155e-04,1.787999644875526428e-04
1.330999657511711121e-04,1.573000336065888405e-04,1.789999660104513168e-04,1.773999538272619247e-04
1.476999605074524879e-04,1.749000512063503265e-04,1.839000033214688301e-04,1.291999360546469688e-04
1.468999544158577919e-04,1.464000670239329338e-04,2.820999361574649811e-04,1.378000015392899513e-04
1.413000281900167465e-04,1.860000193119049072e-04,3.375000087544322014e-04,1.387000083923339844e-04
1.381000038236379623e-04,1.355999847874045372e-04,2.317999023944139481e-04,1.426000380888581276e-04
1.253000227734446526e-04,1.246000174432992935e-04,2.236999571323394775e-04,1.386000076308846474e-04
1.544000115245580673e-04,3.719000378623604774e-04,2.976000541821122169e-04,1.360999885946512222e-04
1.512999879196286201e-04,4.601000109687447548e-04,3.339000977575778961e-04,1.553000183776021004e-04
1.499000936746597290e-04,4.481000360101461411e-04,3.035999834537506104e-04,3.761999541893601418e-04
1.651999773457646370e-04,3.392000216990709305e-04,2.025000285357236862e-04,1.409000251442193985e-04
1.621000701561570168e-04,2.902999985963106155e-04,2.296000020578503609e-04,1.403000205755233765e-04
2.323000226169824600e-04,1.695000100880861282e-04,1.971999881789088249e-04,1.793999690562486649e-04
1.496000913903117180e-04,1.439000479876995087e-04,2.835000632330775261e-04,1.352000981569290161e-04
1.515001058578491211e-04,1.251000212505459785e-04,3.644999815151095390e-04,1.423999201506376266e-04
1.425000373274087906e-04,1.308999489992856979e-04,2.054000506177544594e-04,1.355999847874045372e-04
1.499999780207872391e-04,1.340999733656644821e-04,3.229000139981508255e-04,1.399000175297260284e-04
2.089999616146087646e-04,1.287999330088496208e-04,3.052999963983893394e-04,1.371999969705939293e-04
1.540000084787607193e-04,1.737999264150857925e-04,3.337999805808067322e-04,1.451000571250915527e-04
1.508999848738312721e-04,4.396999720484018326e-04,3.614999586716294289e-04,1.425999216735363007e-04
2.448000013828277588e-04,1.324999611824750900e-04,4.138000076636672020e-04,1.551999012008309364e-04
3.504999913275241852e-04,1.264000311493873596e-04,3.365000011399388313e-04,1.611999468877911568e-04
1.544000115245580673e-04,3.432999365031719208e-04,7.387000368908047676e-04,1.492999726906418800e-04
1.530000008642673492e-04,3.003000747412443161e-04,3.459000727161765099e-04,1.386000076308846474e-04
1.546000130474567413e-04,1.796999713405966759e-04,5.600999575108289719e-04,1.399000175297260284e-04
1.569000305607914925e-04,1.484999665990471840e-04,3.858000272884964943e-04,4.777000285685062408e-04
1.500999787822365761e-04,3.785000881180167198e-04,2.830999437719583511e-04,2.624000189825892448e-04
1.357001019641757011e-04,4.577999934554100037e-04,3.604000667110085487e-04,1.532000023871660233e-04
1.257000258192420006e-04,2.940000267699360847e-04,6.124998908489942551e-04,2.167000202462077141e-04
1.480999635532498360e-04,1.605999423190951347e-04,3.612999571487307549e-04,1.304999459534883499e-04
1.710000215098261833e-04,2.856000792235136032e-04,2.380999503657221794e-04,1.654999796301126480e-04
1.521999947726726532e-04,1.920999493449926376e-04,2.089999616146087646e-04,1.667999895289540291e-04
1.490999711677432060e-04,1.273000380024313927e-04,2.211000537499785423e-04,1.678999979048967361e-04
1.547000138089060783e-04,1.319000730291008949e-04,1.969999866560101509e-04,1.713000237941741943e-04
2.363000530749559402e-04,4.304000176489353180e-04,2.314000157639384270e-04,4.142000107094645500e-04
1.518999924883246422e-04,2.900999970734119415e-04,2.136999974027276039e-04,1.658999826759099960e-04
1.725000329315662384e-04,1.252000220119953156e-04,2.024000277742743492e-04,1.525999978184700012e-04
1.522999955341219902e-04,1.328000798821449280e-04,1.718000276014208794e-04,1.417000312358140945e-04
1.498999772593379021e-04,1.468000700697302818e-04,1.725000329315662384e-04,2.622000174596905708e-04
1.435000449419021606e-04,1.458000624552369118e-04,1.644000876694917679e-04,1.450999407097697258e-04
1.701000146567821503e-04,3.427999326959252357e-04,1.585000427439808846e-04,1.474999589845538139e-04
1.667999895289540291e-04,1.393000129610300064e-04,2.637999132275581360e-04,1.697000116109848022e-04
1.694000093266367912e-04,1.340999733656644821e-04,1.841000048443675041e-04,1.449999399483203888e-04
1.599999377503991127e-04,1.754000550135970116e-04,1.822999911382794380e-04,1.377000007778406143e-04
1.664999872446060181e-04,1.628999598324298859e-04,1.694000093266367912e-04,1.755999401211738586e-04
1.641999697312712669e-04,1.643999712541699409e-04,1.643999712541699409e-04,1.318000722676515579e-04
1.706999028101563454e-04,1.443999353796243668e-04,1.685000024735927582e-04,1.442000502720475197e-04
1.860000193119049072e-04,2.006998984143137932e-04,1.544000115245580673e-04,1.431999262422323227e-04
1.759000588208436966e-04,1.532000023871660233e-04,1.783999614417552948e-04,1.393000129610300064e-04
1.480999635532498360e-04,1.615000655874609947e-04,1.920999493449926376e-04,1.860999036580324173e-04
1.464999513700604439e-04,4.373999545350670815e-04,1.863000215962529182e-04,2.718999749049544334e-04
2.764000091701745987e-04,1.610999461263418198e-04,1.791000831872224808e-04,4.624000284820795059e-04
1.733000390231609344e-04,1.401000190526247025e-04,1.660999841988086700e-04,1.308000646531581879e-04
1.327999634668231010e-04,1.534000039100646973e-04,1.882000360637903214e-04,1.525999978184700012e-04
1.497999764978885651e-04,1.718000276014208794e-04,1.823001075536012650e-04,1.754999393597245216e-04
1.422000350430607796e-04,1.895999303087592125e-04,2.480000257492065430e-04,3.453000681474804878e-04
1.343999756500124931e-04,1.754000550135970116e-04,1.865000231191515923e-04,1.505999825894832611e-04
1.514999894425272942e-04,1.769000664353370667e-04,1.671999925747513771e-04,4.088999703526496887e-04
1.308999489992856979e-04,1.606999430805444717e-04,1.783000770956277847e-04,2.772000152617692947e-04
1.418000319972634315e-04,1.567999133840203285e-04,1.713000237941741943e-04,4.066999536007642746e-04
1.682000001892447472e-04,1.609000610187649727e-04,2.576999831944704056e-04,1.947999699041247368e-04
1.508001005277037621e-04,1.550000160932540894e-04,1.624000724405050278e-04,1.291999360546469688e-04
3.914000699296593666e-04,1.504000974819064140e-04,1.513999886810779572e-04,1.436999300494790077e-04
1.534000039100646973e-04,1.296999398618936539e-04,1.620000693947076797e-04,1.547000138089060783e-04
1.373999984934926033e-04,2.472000196576118469e-04,1.695000100880861282e-04,1.436000457033514977e-04
1.389000099152326584e-04,1.527999993413686752e-04,1.947999699041247368e-04,1.388000091537833214e-04
1.394000137224793434e-04,4.468999104574322701e-04,1.584000419825315475e-04,1.470999559387564659e-04
1.537000061944127083e-04,1.796999713405966759e-04,1.597999362275004387e-04,1.826999941840767860e-04
1.941999653354287148e-04,2.606000052765011787e-04,1.261999132111668587e-04,1.400000182911753654e-04
1.652999781072139740e-04,1.815999858081340790e-04,1.337999710813164711e-04,1.475999597460031509e-04
1.786000793799757957e-04,4.566999850794672966e-04,1.545000122860074043e-04,1.383000053465366364e-04
1.886999234557151794e-04,5.002999678254127502e-04,1.999000087380409241e-04,2.171000232920050621e-04
1.555000199005007744e-04,4.318000283092260361e-04,1.431999262422323227e-04,3.074000123888254166e-04
1.645999727770686150e-04,4.934000317007303238e-04,1.247000182047486305e-04,2.024000277742743492e-04
1.522999955341219902e-04,1.558000221848487854e-04,5.464999703690409660e-04,1.647999742999672890e-04
1.354999840259552002e-04,3.072000108659267426e-04,1.493999734520912170e-04,2.464000135660171509e-04
1.631999621167778969e-04,1.476999605074524879e-04,3.325999714434146881e-04,3.205999964848160744e-04
1.389000099152326584e-04,1.319999573752284050e-04,3.173999721184372902e-04,1.967999851331114769e-04
1.634999644011259079e-04,2.132999943569302559e-04,1.678999979048967361e-04,2.420999808236956596e-04
1.436000457033514977e-04,1.604000572115182877e-04,1.507999841123819351e-04,2.115999814122915268e-04
1.324000768363475800e-04,1.529000001028180122e-04,1.716000260785222054e-04,2.672000555321574211e-04
1.291999360546469688e-04,1.785999629646539688e-04,1.624999567866325378e-04,1.937999622896313667e-04
1.309000654146075249e-04,1.471000723540782928e-04,3.284999402239918709e-04,2.022000262513756752e-04
1.416999148204922676e-04,1.624999567866325378e-04,1.606999430805444717e-04,1.913000596687197685e-04
1.494999742135405540e-04,1.656000968068838120e-04,1.256000250577926636e-04,3.437999403104186058e-04
1.410999102517962456e-04,1.650999765843153000e-04,2.192000392824411392e-04,1.936999615281820297e-04
1.553000183776021004e-04,1.731000375002622604e-04,1.310000661760568619e-04,1.765000633895397186e-04
1.316999550908803940e-04,1.656999811530113220e-04,1.745000481605529785e-04,1.661999849602580070e-04
1.335999695584177971e-04,1.837000017985701561e-04,2.362000523135066032e-04,1.869000261649489403e-04
1.456999452784657478e-04,1.654999796301126480e-04,3.888999344781041145e-04,1.566000282764434814e-04
1.392000121995806694e-04,1.591000473126769066e-04,2.833999460563063622e-04,1.542000100016593933e-04
1.370999962091445923e-04,1.540000084787607193e-04,2.466000150889158249e-04,1.350000966340303421e-04
1.487999688833951950e-04,1.620000693947076797e-04,4.691000794991850853e-04,1.616000663489103317e-04
1.387000083923339844e-04,1.411000266671180725e-04,4.422999918460845947e-04,1.394998980686068535e-04
1.262000296264886856e-04,1.281000440940260887e-04,1.441000495105981827e-04,1.362999901175498962e-04
1.185000874102115631e-04,1.279999269172549248e-04,1.284000463783740997e-04,1.659999834373593330e-04
1.322999596595764160e-04,1.275999238714575768e-04,1.800999743863940239e-04,1.748000504449009895e-04
1.419000327587127686e-04,2.512999344617128372e-04,3.592000575736165047e-04,1.457999460399150848e-04
1.453000586479902267e-04,4.556999774649739265e-04,1.538000069558620453e-04,3.144999500364065170e-04
1.433000434190034866e-04,1.465000677853822708e-04,1.942999660968780518e-04,1.560999080538749695e-04
1.395000144839286804e-04,1.786000793799757957e-04,4.623999120667576790e-04,1.339000882580876350e-04
1.656999811530113220e-04,1.533000031486153603e-04,4.661999410018324852e-04,1.784999622032046318e-04
4.298000130802392960e-04,1.776000717654824257e-04,2.061999402940273285e-04,4.079999634996056557e-04
1.738000428304076195e-04,1.579000381752848625e-04,1.675999956205487251e-04,1.339000882580876350e-04
1.561000244691967964e-04,1.555000199005007744e-04,1.491999719291925430e-04,1.387000083923339844e-04
2.020000247284770012e-04,1.811000984162092209e-04,1.624999567866325378e-04,1.274000387638807297e-04
1.299999421462416649e-04,3.302999539300799370e-04,1.734000397846102715e-04,2.652000403031706810e-04
1.462999498471617699e-04,2.527999458834528923e-04,1.570000313222408295e-04,1.354999840259552002e-04
1.675001112744212151e-04,3.448000643402338028e-04,2.245999639853835106e-04,1.323999604210257530e-04
1.373999984934926033e-04,1.486999681219458580e-04,1.561000244691967964e-04,1.414000289514660835e-04
1.731000375002622604e-04,1.544000115245580673e-04,1.885999226942658424e-04,1.249000197276473045e-04
1.424999209120869637e-04,1.298000570386648178e-04,1.573000336065888405e-04,1.527999993413686752e-04
1.336999703198671341e-04,1.266000326722860336e-04,1.525999978184700012e-04,1.828999957069754601e-04
1.419000327587127686e-04,2.606000052765011787e-04,1.543000107631087303e-04,1.702000154182314873e-04
1.968999858945608139e-04,2.300000051036477089e-04,1.816999865695834160e-04,1.855000155046582222e-04
1.337000867351889610e-04,1.271000364795327187e-04,1.578000374138355255e-04,1.340999733656644821e-04
1.984999980777502060e-04,1.345999771729111671e-04,1.629000762477517128e-04,1.292000524699687958e-04
1.509999856352806091e-04,1.340999733656644821e-04,1.565999118611216545e-04,1.389000099152326584e-04
1.648999750614166260e-04,4.668999463319778442e-04,1.579000381752848625e-04,1.422999193891882896e-04
1.525999978184700012e-04,1.453999429941177368e-04,2.478000242263078690e-04,1.648999750614166260e-04
1.530000008642673492e-04,1.392000121995806694e-04,2.591999946162104607e-04,1.502000959590077400e-04
1.353999832645058632e-04,1.279000425711274147e-04,1.685000024735927582e-04,1.390000106766819954e-04
1.686000032350420952e-04,1.242000143975019455e-04,1.977999927476048470e-04,1.365999924018979073e-04
1.394000137224793434e-04,1.252000220119953156e-04,1.395000144839286804e-04,1.439000479876995087e-04
1.342999748885631561e-04,1.764000626280903816e-04,1.682000001892447472e-04,1.557999057695269585e-04
1.459999475628137589e-04,1.577000366523861885e-04,1.577000366523861885e-04,3.987000091001391411e-04
1.539000077173113823e-04,1.626000739634037018e-04,1.450000563636422157e-04,4.137000069022178650e-04
1.712000230327248573e-04,1.623999560251832008e-04,2.236999571323394775e-04,3.267999272793531418e-04
1.730000367388129234e-04,1.699000131338834763e-04,1.476999605074524879e-04,1.942000817507505417e-04
1.693000085651874542e-04,1.883000368252396584e-04,1.512999879196286201e-04,1.696000108495354652e-04
1.420000335201621056e-04,1.676999963819980621e-04,2.369999419897794724e-04,4.844999639317393303e-04
1.338000874966382980e-04,1.559000229462981224e-04,1.531000016257166862e-04,1.505999825894832611e-04
1.734000397846102715e-04,1.860000193119049072e-04,1.571000320836901665e-04,1.257999101653695107e-04
1.207999885082244873e-04,1.628999598324298859e-04,2.159000141546130180e-04,4.232999635860323906e-04
1.493999734520912170e-04,1.674999948590993881e-04,1.324000768363475800e-04,4.149000160396099091e-04
1.706000184640288353e-04,2.114999806508421898e-04,1.260999124497175217e-04,3.402000293135643005e-04
1.475999597460031509e-04,1.627999590709805489e-04,1.699000131338834763e-04,1.953999744728207588e-04
1.497000921517610550e-04,1.518999924883246422e-04,2.849999582394957542e-04,1.411000266671180725e-04
1.378000015392899513e-04,2.789000282064080238e-04,3.060000017285346985e-04,1.786999637261033058e-04
1.275000395253300667e-04,1.900999341160058975e-04,1.531000016257166862e-04,1.572000328451395035e-04
1.439999323338270187e-04,1.553000183776021004e-04,1.330000814050436020e-04,1.266000326722860336e-04
1.310000661760568619e-04,1.833999995142221451e-04,1.698000123724341393e-04,1.561999088153243065e-04
1.357999863103032112e-04,1.622000709176063538e-04,1.497999764978885651e-04,3.078000154346227646e-04
1.242000143975019455e-04,1.432000426575541496e-04,1.508999848738312721e-04,2.027000300586223602e-04
1.307000638917088509e-04,1.598000526428222656e-04,2.671999391168355942e-04,1.436999300494790077e-04
1.311999512836337090e-04,1.894999295473098755e-04,1.418000319972634315e-04,1.325000775977969170e-04
1.346999779343605042e-04,1.930000726133584976e-04,1.775999553501605988e-04,1.367999939247965813e-04
1.341999741271138191e-04,1.359999878332018852e-04,1.399000175297260284e-04,1.343999756500124931e-04
1.424999209120869637e-04,3.253000322729349136e-04,1.935999607667326927e-04,1.412000274285674095e-04
1.534000039100646973e-04,1.268000341951847076e-04,1.565999118611216545e-04,1.359999878332018852e-04
1.542000100016593933e-04,1.240000128746032715e-04,1.646999735385179520e-04,1.425000373274087906e-04
1.911000581458210945e-04,3.991000121459364891e-04,3.428999334573745728e-04,1.368999946862459183e-04
1.328999642282724380e-04,1.384000061079859734e-04,2.065000589936971664e-04,1.458999468013644218e-04
1.457000616937875748e-04,1.278000418096780777e-04,2.465000143274664879e-04,1.565999118611216545e-04
1.761000603437423706e-04,1.890000421553850174e-04,2.102000871673226357e-04,1.388000091537833214e-04
1.758000580593943596e-04,2.807000419124960899e-04,2.148000057786703110e-04,1.414000289514660835e-04
1.699000131338834763e-04,3.891000524163246155e-04,1.615999499335885048e-04,1.383000053465366364e-04
1.378000015392899513e-04,3.655999898910522461e-04,1.567000290378928185e-04,1.347000943496823311e-04
1.459000632166862488e-04,4.579999949783086777e-04,1.704000169411301613e-04,1.410000259056687355e-04
1.385000068694353104e-04,2.836000639945268631e-04,1.701000146567821503e-04,1.408999087288975716e-04
1.396000152453780174e-04,1.928000710904598236e-04,1.673999940976500511e-04,1.415000297129154205e-04
1.400000182911753654e-04,1.619000686332583427e-04,1.612000633031129837e-04,1.338000874966382980e-04
1.639000838622450829e-04,1.427000388503074646e-04,1.665999880060553551e-04,1.395000144839286804e-04
1.396000152453780174e-04,1.510999863967299461e-04,1.565000275149941444e-04,1.430000411346554756e-04
2.344000386074185371e-04,1.843000063672661781e-04,1.647000899538397789e-04,1.467000693082809448e-04
1.660999841988086700e-04,1.650999765843153000e-04,1.569000305607914925e-04,1.399000175297260284e-04
1.726000336930155754e-04,1.602000556886196136e-04,2.280999906361103058e-04,1.444999361410737038e-04
1.499999780207872391e-04,1.503999810665845871e-04,1.579999225214123726e-04,1.383000053465366364e-04
1.502999803051352501e-04,1.453999429941177368e-04,1.486999681219458580e-04,1.429999247193336487e-04
1.553000183776021004e-04,1.575000351294875145e-04,1.693000085651874542e-04,1.443000510334968567e-04
1.606000587344169617e-04,1.786999637261033058e-04,1.322999596595764160e-04,1.407000236213207245e-04
1.437000464648008347e-04,1.793999690562486649e-04,2.395999617874622345e-04,1.351999817416071892e-04
1.552000176161527634e-04,1.513999886810779572e-04,1.721000298857688904e-04,1.328999642282724380e-04
1.653000945225358009e-04,1.810999820008873940e-04,2.420999808236956596e-04,1.424000365659594536e-04
1.550000160932540894e-04,1.402000198140740395e-04,2.179999137297272682e-04,1.440000487491488457e-04
1.341999741271138191e-04,1.540000084787607193e-04,1.593000488355755806e-04,1.649999758228659630e-04
1.372999977320432663e-04,1.835000002756714821e-04,1.300000585615634918e-04,1.768999500200152397e-04
1.488999696448445320e-04,2.117999829351902008e-04,1.391000114381313324e-04,1.377000007778406143e-04
1.372999977320432663e-04,1.878999173641204834e-04,1.526999985799193382e-04,1.362999901175498962e-04
1.503999810665845871e-04,1.602999400347471237e-04,1.470999559387564659e-04,1.804999774321913719e-04
1.540000084787607193e-04,2.673999406397342682e-04,1.483000814914703369e-04,1.372999977320432663e-04
1.541000092402100563e-04,1.659999834373593330e-04,2.118999836966395378e-04,1.458000624552369118e-04
1.427999231964349747e-04,1.287000486627221107e-04,2.876999787986278534e-04,1.457000616937875748e-04
1.344999764114618301e-04,1.717999111860990524e-04,1.867999089881777763e-04,1.433999277651309967e-04
3.648999845609068871e-04,1.281000440940260887e-04,1.767999492585659027e-04,1.394000137224793434e-04
1.963999820873141289e-04,1.485999673604965210e-04,2.144000027328729630e-04,1.715999096632003784e-04
1.578000374138355255e-04,3.150000702589750290e-04,1.761000603437423706e-04,1.712000230327248573e-04
1.499999780207872391e-04,3.512999974191188812e-04,1.698000123724341393e-04,3.199999919161200523e-04
1.602999400347471237e-04,4.753000102937221527e-04,1.843000063672661781e-04,1.452000578865408897e-04
1.265000319108366966e-04,4.517000634223222733e-04,2.122999867424368858e-04,1.296999398618936539e-04
1.352999825030565262e-04,1.538000069558620453e-04,1.941999653354287148e-04,3.922999603673815727e-04
1.861000200733542442e-04,1.337999710813164711e-04,3.177999751642346382e-04,4.750000080093741417e-04
1.391000114381313324e-04,1.371999969705939293e-04,3.428999334573745728e-04,4.951000446453690529e-04
1.353000989183783531e-04,1.380000030621886253e-04,2.040000399574637413e-04,2.072000643238425255e-04
3.895000554621219635e-04,1.304000616073608398e-04,2.686000661924481392e-04,2.164000179618597031e-04
1.398000167682766914e-04,1.233000075444579124e-04,2.003000117838382721e-04,1.506999833509325981e-04
1.447000540792942047e-04,3.862999146804213524e-04,1.940999645739793777e-04,2.145000034943223000e-04
1.523999962955713272e-04,4.584999987855553627e-04,1.938000787049531937e-04,4.688000772148370743e-04
1.277000410482287407e-04,1.406000228598713875e-04,2.656999276950955391e-04,4.912000149488449097e-04
1.334999687969684601e-04,1.759999431669712067e-04,1.849000109359622002e-04,3.325999714434146881e-04
1.412000274285674095e-04,1.587999286130070686e-04,1.989000011235475540e-04,4.602998960763216019e-04
1.561000244691967964e-04,1.397000160068273544e-04,1.887999242171645164e-04,1.406999072059988976e-04
1.527999993413686752e-04,1.883999211713671684e-04,1.686000032350420952e-04,1.314999535679817200e-04
1.623000716790556908e-04,1.342999748885631561e-04,1.739999279379844666e-04,2.918000100180506706e-04
1.501999795436859131e-04,1.436000457033514977e-04,1.620999537408351898e-04,3.605999518185853958e-04
1.546000130474567413e-04,1.433000434190034866e-04,1.640999689698219299e-04,2.260999754071235657e-04
1.785000786185264587e-04,1.301999436691403389e-04,2.205000491812825203e-04,4.876999882981181145e-04
1.708000199869275093e-04,1.297000562772154808e-04,1.745999325066804886e-04,4.522999515756964684e-04
1.432999270036816597e-04,1.254999078810214996e-04,1.932999584823846817e-04,2.879999810829758644e-04
1.368999946862459183e-04,1.255000242963433266e-04,2.122999867424368858e-04,1.486999681219458580e-04
1.476999605074524879e-04,1.988000003620982170e-04,1.671999925747513771e-04,1.390000106766819954e-04
1.706000184640288353e-04,1.392998965457081795e-04,1.510999863967299461e-04,1.351999817416071892e-04
1.815999858081340790e-04,1.552000176161527634e-04,1.717000268399715424e-04,1.898999325931072235e-04
3.681000089272856712e-04,2.213000552728772163e-04,2.017999067902565002e-04,1.754999393597245216e-04
1.598999369889497757e-04,1.532000023871660233e-04,1.635999651625752449e-04,1.472000731155276299e-04
1.425000373274087906e-04,1.420000335201621056e-04,1.682000001892447472e-04,1.723999157547950745e-04
1.711000222712755203e-04,1.360999885946512222e-04,1.797999721020460129e-04,1.372999977320432663e-04
1.324000768363475800e-04,1.355999847874045372e-04,1.706000184640288353e-04,1.560000237077474594e-04
1.353999832645058632e-04,1.435000449419021606e-04,1.638999674469232559e-04,1.316000707447528839e-04
1.555999042466282845e-04,1.747000496834516525e-04,1.612999476492404938e-04,1.351999817416071892e-04
1.668999902904033661e-04,1.660999841988086700e-04,1.519999932497739792e-04,1.419000327587127686e-04
1.294999383389949799e-04,1.644999720156192780e-04,2.075999509543180466e-04,1.653999788686633110e-04
2.019000239670276642e-04,2.284999936819076538e-04,1.659000990912318230e-04,3.183999797329306602e-04
1.319999573752284050e-04,1.373999984934926033e-04,1.676999963819980621e-04,2.759000053629279137e-04
1.726999180391430855e-04,1.552000176161527634e-04,1.754999393597245216e-04,4.428999964147806168e-04
1.388000091537833214e-04,1.504000974819064140e-04,1.831999979913234711e-04,1.691000070422887802e-04
1.514999894425272942e-04,1.467999536544084549e-04,2.346999244764447212e-04,4.079999634996056557e-04
1.626999583095312119e-04,1.364999916404485703e-04,1.841000048443675041e-04,1.563000259920954704e-04
1.321000745519995689e-04,1.369999954476952553e-04,1.546000130474567413e-04,1.422000350430607796e-04
1.219999976456165314e-04,1.656000968068838120e-04,1.497999764978885651e-04,3.591000568121671677e-04
1.757000572979450226e-04,1.539000077173113823e-04,1.735000405460596085e-04,4.172999178990721703e-04
1.486999681219458580e-04,1.599000534042716026e-04,1.463999506086111069e-04,4.042000509798526764e-04
1.468999544158577919e-04,1.526999985799193382e-04,1.283999299630522728e-04,3.792999777942895889e-04
1.359999878332018852e-04,1.396000152453780174e-04,2.467000158503651619e-04,4.454000154510140419e-04
1.359999878332018852e-04,1.358999870717525482e-04,3.191999858245253563e-04,4.852999700233340263e-04
1.469999551773071289e-04,1.325999619439244270e-04,1.436999300494790077e-04,1.442000502720475197e-04
1.815999858081340790e-04,1.391000114381313324e-04,1.633999636396765709e-04,1.416000304743647575e-04
1.306999474763870239e-04,1.504999818280339241e-04,1.958999782800674438e-04,1.288000494241714478e-04
1.398000167682766914e-04,1.368999946862459183e-04,3.437999403104186058e-04,4.336000420153141022e-04
1.658999826759099960e-04,1.605000579729676247e-04,3.694000188261270523e-04,3.642999799922108650e-04
1.455999445170164108e-04,1.398000167682766914e-04,3.838000120595097542e-04,3.552999114617705345e-04
1.309999497607350349e-04,1.392000121995806694e-04,5.425999406725168228e-04,3.187999827787280083e-04
2.004000125452876091e-04,1.355001004412770271e-04,1.402999041602015495e-04,1.810000976547598839e-04
1.313000684604048729e-04,1.370999962091445923e-04,1.289000501856207848e-04,1.669999910518527031e-04
1.481999643146991730e-04,1.408000243827700615e-04,4.277999978512525558e-04,1.629000762477517128e-04
1.700000138953328133e-04,1.374999992549419403e-04,3.577999304980039597e-04,1.636999659240245819e-04
1.431999262422323227e-04,1.340999733656644821e-04,4.665999440476298332e-04,1.602000556886196136e-04
1.304999459534883499e-04,1.331000821664929390e-04,2.007000148296356201e-04,1.549000153318047523e-04
1.361001050099730492e-04,1.405000220984220505e-04,1.688000047579407692e-04,1.892999280244112015e-04
1.416000304743647575e-04,1.385000068694353104e-04,1.596999354660511017e-04,1.553000183776021004e-04
1.380000030621886253e-04,1.487999688833951950e-04,1.603999407961964607e-04,1.352999825030565262e-04
1.543000107631087303e-04,1.575999194756150246e-04,1.922999508678913116e-04,1.746999332681298256e-04
1.310999505221843719e-04,1.477000769227743149e-04,1.622999552637338638e-04,1.365999924018979073e-04
1.470999559387564659e-04,1.783999614417552948e-04,1.576000358909368515e-04,1.325000775977969170e-04
1.563000259920954704e-04,1.304999459534883499e-04,1.782999606803059578e-04,1.298000570386648178e-04
1.456999452784657478e-04,1.329000806435942650e-04,1.843000063672661781e-04,1.287000486627221107e-04
1.628000754863023758e-04,1.461999490857124329e-04,1.655999803915619850e-04,1.391000114381313324e-04
4.078999627381563187e-04,1.332999672740697861e-04,1.637000823393464088e-04,2.845000708475708961e-04
1.459999475628137589e-04,1.371999969705939293e-04,1.666999887675046921e-04,1.308999489992856979e-04
1.781999599188566208e-04,1.846000086516141891e-04,1.538000069558620453e-04,1.350000966340303421e-04
3.898999420925974846e-04,1.347999786958098412e-04,1.598000526428222656e-04,1.581999240443110466e-04
1.800999743863940239e-04,1.421000342816114426e-04,1.620999537408351898e-04,1.439000479876995087e-04
1.587000442668795586e-04,1.292999368160963058e-04,1.536000054329633713e-04,1.697000116109848022e-04
1.303000608459115028e-04,1.947999699041247368e-04,1.539000077173113823e-04,1.845000078901648521e-04
1.344999764114618301e-04,1.635999651625752449e-04,1.502999803051352501e-04,2.490000333636999130e-04
1.704000169411301613e-04,1.296999398618936539e-04,1.584000419825315475e-04,1.652000937610864639e-04
1.599999377503991127e-04,1.309999497607350349e-04,4.795999266207218170e-04,1.663999864831566811e-04
1.551999012008309364e-04,1.302000600844621658e-04,1.658999826759099960e-04,1.601000549271702766e-04
1.560000237077474594e-04,1.303000608459115028e-04,1.770999515429139137e-04,1.814999850466847420e-04
1.345999771729111671e-04,4.061999497935175896e-04,1.792999682947993279e-04,1.897999318316578865e-04
1.819999888539314270e-04,2.225000644102692604e-04,1.608000602573156357e-04,2.154000103473663330e-04
1.728000352159142494e-04,1.761999446898698807e-04,2.686000661924481392e-04,1.835000002756714821e-04
1.311999512836337090e-04,1.733000390231609344e-04,1.420999178662896156e-04,1.840000040829181671e-04
1.565000275149941444e-04,1.729000359773635864e-04,1.333999680355191231e-04,1.406000228598713875e-04
1.557000214233994484e-04,1.639000838622450829e-04,1.267999177798628807e-04,2.150000073015689850e-04
1.666001044213771820e-04,1.617000671103596687e-04,3.864999162033200264e-04,6.792000494897365570e-04
2.074999501928687096e-04,1.613000640645623207e-04,1.605999423190951347e-04,2.235999563708901405e-04
2.042000414803624153e-04,1.492999726906418800e-04,1.795000862330198288e-04,4.824999487027525902e-04
1.398000167682766914e-04,1.382000045850872993e-04,1.474000746384263039e-04,2.564999740570783615e-04
1.675999956205487251e-04,1.364999916404485703e-04,1.296000555157661438e-04,4.149000160396099091e-04
1.301999436691403389e-04,1.392000121995806694e-04,1.881000353023409843e-04,5.289999535307288170e-04
1.910999417304992676e-04,1.418000319972634315e-04,1.507999841123819351e-04,1.595000503584742546e-04
1.396000152453780174e-04,1.413000281900167465e-04,2.502000425010919571e-04,3.163999645039439201e-04
1.465999521315097809e-04,1.457999460399150848e-04,1.443000510334968567e-04,1.741000451147556305e-04
1.351999817416071892e-04,1.391000114381313324e-04,3.428000491112470627e-04,1.587000442668795586e-04
1.389000099152326584e-04,1.360999885946512222e-04,1.575999194756150246e-04,1.728000352159142494e-04
1.348999794572591782e-04,1.400999026373028755e-04,1.761999446898698807e-04,1.583000412210822105e-04
1.587000442668795586e-04,1.416999148204922676e-04,2.198000438511371613e-04,1.778999576345086098e-04
1.440000487491488457e-04,1.358999870717525482e-04,1.309000654146075249e-04,2.005000133067369461e-04
1.851000124588608742e-04,1.306999474763870239e-04,1.727000344544649124e-04,1.837000017985701561e-04
1.471000723540782928e-04,1.315000699833035469e-04,1.459000632166862488e-04,2.624000189825892448e-04
1.477999612689018250e-04,1.547000138089060783e-04,2.758000046014785767e-04,1.567000290378928185e-04
1.348999794572591782e-04,1.461999490857124329e-04,1.592000480741262436e-04,4.197000525891780853e-04
1.281000440940260887e-04,1.552000176161527634e-04,1.403000205755233765e-04,3.203999949619174004e-04
1.345000928267836571e-04,1.928999554365873337e-04,1.433999277651309967e-04,1.280999276787042618e-04
1.291000517085194588e-04,1.775999553501605988e-04,1.570000313222408295e-04,1.302999444305896759e-04
2.344000386074185371e-04,1.324999611824750900e-04,1.852000132203102112e-04,1.505999825894832611e-04
1.932999584823846817e-04,1.378000015392899513e-04,1.600999385118484497e-04,4.758000141009688377e-04
1.191999763250350952e-04,1.351000973954796791e-04,1.688000047579407692e-04,1.599000534042716026e-04
1.241000136360526085e-04,4.105999832972884178e-04,1.659999834373593330e-04,1.861999044194817543e-04
1.349999802187085152e-04,1.540000084787607193e-04,1.665999880060553551e-04,1.461999490857124329e-04
1.478000776842236519e-04,1.381000038236379623e-04,1.332999672740697861e-04,1.634999644011259079e-04
1.337999710813164711e-04,1.418000319972634315e-04,1.324999611824750900e-04,1.440000487491488457e-04
1.315000699833035469e-04,1.643999712541699409e-04,1.348999794572591782e-04,3.017000854015350342e-04
1.484999665990471840e-04,1.467999536544084549e-04,1.628999598324298859e-04,3.243000246584415436e-04
1.647999742999672890e-04,1.676999963819980621e-04,1.667999895289540291e-04,3.016000846400856972e-04
1.530000008642673492e-04,1.477000769227743149e-04,1.476000761613249779e-04,1.625999575480818748e-04
1.472999574616551399e-04,1.294999383389949799e-04,1.633999636396765709e-04,1.981999957934021950e-04
1.396000152453780174e-04,1.505999825894832611e-04,1.553000183776021004e-04,1.574000343680381775e-04
1.592000480741262436e-04,1.504999818280339241e-04,1.686000032350420952e-04,1.573000336065888405e-04
1.351999817416071892e-04,1.330999657511711121e-04,1.409000251442193985e-04,1.660999841988086700e-04
1.731000375002622604e-04,1.272999215871095657e-04,1.709000207483768463e-04,1.741999294608831406e-04
1.982999965548515320e-04,1.270999200642108917e-04,1.395000144839286804e-04,1.739000435918569565e-04
1.650000922381877899e-04,1.271000364795327187e-04,1.401000190526247025e-04,3.075000131502747536e-04
1.281999284401535988e-04,3.791999770328402519e-04,1.521999947726726532e-04,1.725000329315662384e-04
1.467999536544084549e-04,1.471999567002058029e-04,3.599999472498893738e-04,1.684000017121434212e-04
1.534000039100646973e-04,2.019000239670276642e-04,4.431999986991286278e-04,1.572000328451395035e-04
1.498999772593379021e-04,1.586000435054302216e-04,4.880999913439154625e-04,2.051000483334064484e-04
1.491999719291925430e-04,1.576000358909368515e-04,4.891999997198581696e-04,1.804999774321913719e-04
1.537998905405402184e-04,1.443000510334968567e-04,1.803000923246145248e-04,1.704999012872576714e-04
1.311999512836337090e-04,1.573000336065888405e-04,1.404000213369727135e-04,1.427000388503074646e-04
1.322000753134489059e-04,1.436000457033514977e-04,1.278000418096780777e-04,1.524999970570206642e-04
1.239000121131539345e-04,1.519999932497739792e-04,2.620000159367918968e-04,1.833999995142221451e-04
1.410999102517962456e-04,1.407000236213207245e-04,1.311999512836337090e-04,1.473999582231044769e-04
1.439000479876995087e-04,1.329999649897217751e-04,1.558000221848487854e-04,1.544000115245580673e-04
1.520999940112233162e-04,1.643999712541699409e-04,1.455000601708889008e-04,1.723999157547950745e-04
2.118999836966395378e-04,1.581000396981835365e-04,1.713999081403017044e-04,2.090000780299305916e-04
1.480000792071223259e-04,1.463000662624835968e-04,1.536000054329633713e-04,2.339999191462993622e-04
1.532000023871660233e-04,1.318999566137790680e-04,1.506999833509325981e-04,2.166000194847583771e-04
1.582000404596328735e-04,1.368999946862459183e-04,1.596999354660511017e-04,2.719999756664037704e-04
1.581000396981835365e-04,1.527999993413686752e-04,1.478000776842236519e-04,1.977999927476048470e-04
1.517999917268753052e-04,1.344999764114618301e-04,1.546998973935842514e-04,2.027000300586223602e-04
1.327999634668231010e-04,1.352000981569290161e-04,1.946999691426753998e-04,2.046000445261597633e-04
1.389998942613601685e-04,1.373999984934926033e-04,1.515999902039766312e-04,4.131000023335218430e-04
1.272000372409820557e-04,1.835000002756714821e-04,1.693000085651874542e-04,3.287000581622123718e-04
1.443999353796243668e-04,1.486999681219458580e-04,1.493999734520912170e-04,2.251999685540795326e-04
2.063000574707984924e-04,1.510999863967299461e-04,1.751000527292490005e-04,3.049999941140413284e-04
1.303000608459115028e-04,1.397000160068273544e-04,1.626000739634037018e-04,1.951000886037945747e-04
1.298000570386648178e-04,1.581000396981835365e-04,1.925000688061118126e-04,2.420999808236956596e-04
1.277999253943562508e-04,1.479000784456729889e-04,1.711000222712755203e-04,3.656999906525015831e-04
1.344000920653343201e-04,2.009999006986618042e-04,1.646000891923904419e-04,2.278999891132116318e-04
1.342000905424356461e-04,1.721999142318964005e-04,3.273000475019216537e-04,2.634000265970826149e-04
1.476999605074524879e-04,1.626999583095312119e-04,1.585000427439808846e-04,2.089999616146087646e-04
1.297000562772154808e-04,1.657999819144606590e-04,1.327999634668231010e-04,1.902000512927770615e-04
1.386000076308846474e-04,1.833999995142221451e-04,3.411000361666083336e-04,1.814999850466847420e-04
3.016999689862132072e-04,1.842000056058168411e-04,1.425000373274087906e-04,1.752999378368258476e-04
1.265999162569642067e-04,1.586999278515577316e-04,1.326000783592462540e-04,1.851998968049883842e-04
1.351999817416071892e-04,1.446999376639723778e-04,3.577000461518764496e-04,1.657999819144606590e-04
1.409000251442193985e-04,1.320000737905502319e-04,4.185999277979135513e-04,1.944999676197767258e-04
1.341999741271138191e-04,1.364999916404485703e-04,4.758000141009688377e-04,1.970999874174594879e-04
1.365999924018979073e-04,1.356999855488538742e-04,1.859000185504555702e-04,1.799999736249446869e-04
1.382000045850872993e-04,1.341999741271138191e-04,1.653999788686633110e-04,1.939999638125300407e-04
1.422999193891882896e-04,1.474000746384263039e-04,1.588999293744564056e-04,1.770000671967864037e-04
1.490999711677432060e-04,1.331999665126204491e-04,1.840000040829181671e-04,2.116999821737408638e-04
1.291000517085194588e-04,1.321999588981270790e-04,1.287000486627221107e-04,2.123999875038862228e-04
1.435000449419021606e-04,1.360999885946512222e-04,1.341999741271138191e-04,2.378999488428235054e-04
1.370001118630170822e-04,1.338999718427658081e-04,1.470999559387564659e-04,2.084000734612345695e-04
1.281999284401535988e-04,1.327999634668231010e-04,1.268000341951847076e-04,2.925000153481960297e-04
1.532000023871660233e-04,1.603999407961964607e-04,5.147000774741172791e-04,1.924999523907899857e-04
1.369999954476952553e-04,1.929999561980366707e-04,4.302000161260366440e-04,3.738000523298978806e-04
1.355001004412770271e-04,1.424000365659594536e-04,1.902999356389045715e-04,3.362999996170401573e-04
1.416000304743647575e-04,1.780000748112797737e-04,1.379000023007392883e-04,2.924000145867466927e-04
1.406000228598713875e-04,1.365999924018979073e-04,1.695000100880861282e-04,3.146999515593051910e-04
1.301999436691403389e-04,1.390000106766819954e-04,3.349999897181987762e-04,2.838000655174255371e-04
1.437000464648008347e-04,1.383000053465366364e-04,2.369000576436519623e-04,3.374000079929828644e-04
1.680999994277954102e-04,1.341999741271138191e-04,2.048999303951859474e-04,2.544999588280916214e-04
1.676999963819980621e-04,1.325000775977969170e-04,1.277000410482287407e-04,2.900999970734119415e-04
1.358999870717525482e-04,2.019000239670276642e-04,1.575999194756150246e-04,2.134999958798289299e-04
1.292000524699687958e-04,1.471999567002058029e-04,1.403000205755233765e-04,2.613000106066465378e-04
1.254000235348939896e-04,1.616999506950378418e-04,1.749000512063503265e-04,2.105999737977981567e-04
1.387000083923339844e-04,1.707000192254781723e-04,1.443000510334968567e-04,2.043000422418117523e-04
1.285000471398234367e-04,1.631000777706503868e-04,1.691000070422887802e-04,2.012000186368823051e-04
1.365999924018979073e-04,1.345999771729111671e-04,1.516999909654259682e-04,2.095999661833047867e-04
1.314999535679817200e-04,1.360999885946512222e-04,1.554000191390514374e-04,2.300000051036477089e-04
1.326000783592462540e-04,1.549000153318047523e-04,1.498999772593379021e-04,2.971000503748655319e-04
1.460000639781355858e-04,1.331999665126204491e-04,1.718000276014208794e-04,3.468999639153480530e-04
1.387000083923339844e-04,1.273999223485589027e-04,1.722000306472182274e-04,2.593999961391091347e-04
1.438000472262501717e-04,1.401000190526247025e-04,2.875999780371785164e-04,3.046999918296933174e-04
1.376000000163912773e-04,1.344999764114618301e-04,1.691000070422887802e-04,2.053999342024326324e-04
1.389000099152326584e-04,1.522999955341219902e-04,1.439000479876995087e-04,3.383000148460268974e-04
1.317000715062022209e-04,1.351999817416071892e-04,3.426999319344758987e-04,2.956000389531254768e-04
1.216999953612685204e-04,1.366999931633472443e-04,1.923999516293406487e-04,2.443999983370304108e-04
1.303999451920390129e-04,1.558000221848487854e-04,1.940999645739793777e-04,3.124999348074197769e-04
1.949999714270234108e-04,1.425000373274087906e-04,1.606999430805444717e-04,2.951999194920063019e-04
1.302999444305896759e-04,1.443999353796243668e-04,2.396999625489115715e-04,1.691000070422887802e-04
3.559000324457883835e-04,1.391000114381313324e-04,1.782999606803059578e-04,1.740000443533062935e-04
1.295999391004443169e-04,1.396000152453780174e-04,1.590000465512275696e-04,1.893000444397330284e-04
1.611999468877911568e-04,1.547000138089060783e-04,3.481000894680619240e-04,1.895000459626317024e-04
1.587999286130070686e-04,1.433999277651309967e-04,1.614000648260116577e-04,1.825001090764999390e-04
1.466999528929591179e-04,1.486999681219458580e-04,3.791999770328402519e-04,1.796000869944691658e-04
1.327999634668231010e-04,1.985999988391995430e-04,2.154000103473663330e-04,1.983999973163008690e-04
1.294000539928674698e-04,1.702000154182314873e-04,1.408000243827700615e-04,1.744999317452311516e-04
1.609999453648924828e-04,1.608000602573156357e-04,2.993999514728784561e-04,1.466000685468316078e-04
1.334999687969684601e-04,1.619999529793858528e-04,1.437000464648008347e-04,1.828999957069754601e-04
1.272999215871095657e-04,1.630000770092010498e-04,1.909000566229224205e-04,1.932999584823846817e-04
1.399000175297260284e-04,1.525999978184700012e-04,1.499000936746597290e-04,1.534000039100646973e-04
1.535000046715140343e-04,1.527999993413686752e-04,1.515999902039766312e-04,1.912000589072704315e-04
1.522001111879944801e-04,1.328000798821449280e-04,1.704000169411301613e-04,1.480999635532498360e-04
1.905999379232525826e-04,1.306000631302595139e-04,1.698000123724341393e-04,1.782999606803059578e-04
1.575999194756150246e-04,1.292999368160963058e-04,1.540000084787607193e-04,1.583999255672097206e-04
1.505999825894832611e-04,1.487999688833951950e-04,1.586000435054302216e-04,1.921999501064419746e-04
1.493000891059637070e-04,1.501999795436859131e-04,2.222999464720487595e-04,1.614999491721391678e-04
1.402999041602015495e-04,1.449999399483203888e-04,1.538000069558620453e-04,1.870000269263982773e-04
1.370999962091445923e-04,1.355999847874045372e-04,1.394000137224793434e-04,1.866999082267284393e-04
1.603000564500689507e-04,1.464999513700604439e-04,2.687000669538974762e-04,1.656999811530113220e-04
1.565000275149941444e-04,1.328000798821449280e-04,1.904000528156757355e-04,1.764999469742178917e-04
1.535000046715140343e-04,1.442999346181750298e-04,1.950999721884727478e-04,1.962000969797372818e-04
1.302999444305896759e-04,1.343999756500124931e-04,1.780999591574072838e-04,1.444000517949461937e-04
1.462999498471617699e-04,1.348999794572591782e-04,1.605999423190951347e-04,1.467999536544084549e-04
1.671999925747513771e-04,1.495999749749898911e-04,1.618999522179365158e-04,4.009999101981520653e-04
1.370999962091445923e-04,1.380000030621886253e-04,1.508999848738312721e-04,1.501999795436859131e-04
1.432999270036816597e-04,1.459000632166862488e-04,1.972999889403581619e-04,1.364999916404485703e-04
1.253000227734446526e-04,1.394998980686068535e-04,1.534000039100646973e-04,1.613999484106898308e-04
1.497999764978885651e-04,1.272999215871095657e-04,2.344999229535460472e-04,2.182999160140752792e-04
1.271999208256602287e-04,1.268000341951847076e-04,1.864000223577022552e-04,4.591000033542513847e-04
1.452000578865408897e-04,1.260000281035900116e-04,1.533000031486153603e-04,3.774000797420740128e-04
1.319999573752284050e-04,1.524999970570206642e-04,1.518999924883246422e-04,5.575000541284680367e-04
1.321999588981270790e-04,1.348999794572591782e-04,2.025000285357236862e-04,4.670999478548765182e-04
1.289999345317482948e-04,1.320999581366777420e-04,1.336999703198671341e-04,4.026000387966632843e-04
1.316999550908803940e-04,1.356999855488538742e-04,1.263000303879380226e-04,4.120999947190284729e-04
1.283999299630522728e-04,1.250999048352241516e-04,2.395999617874622345e-04,2.026999136433005333e-04
1.943000825121998787e-04,1.489000860601663589e-04,2.657000441104173660e-04,1.767999492585659027e-04
1.345999771729111671e-04,1.296000555157661438e-04,3.429000498726963997e-04,1.659999834373593330e-04
1.250000204890966415e-04,1.243000151589512825e-04,3.813999937847256660e-04,1.323999604210257530e-04
1.334999687969684601e-04,1.448999391868710518e-04,3.712999168783426285e-04,1.349999802187085152e-04
1.268000341951847076e-04,1.524999970570206642e-04,1.410000259056687355e-04,1.939999638125300407e-04
1.326999627053737640e-04,1.398000167682766914e-04,1.292000524699687958e-04,1.958999782800674438e-04
1.277000410482287407e-04,1.277000410482287407e-04,3.090000245720148087e-04,1.968999858945608139e-04
1.301000593230128288e-04,1.696000108495354652e-04,3.250000299885869026e-04,2.249999670311808586e-04
1.307000638917088509e-04,3.724999260157346725e-04,3.327999729663133621e-04,2.041000407189130783e-04
1.308999489992856979e-04,1.353999832645058632e-04,1.629999605938792229e-04,1.770999515429139137e-04
1.533000031486153603e-04,1.383000053465366364e-04,2.463000128045678139e-04,2.457000082358717918e-04
1.484999665990471840e-04,1.313000684604048729e-04,1.650999765843153000e-04,1.673999940976500511e-04
1.447999384254217148e-04,1.696000108495354652e-04,1.537000061944127083e-04,2.753000007942318916e-04
1.278000418096780777e-04,1.252000220119953156e-04,1.584999263286590576e-04,1.850000116974115372e-04
1.291999360546469688e-04,1.255000242963433266e-04,1.621000701561570168e-04,1.848000101745128632e-04
1.785999629646539688e-04,1.802999759092926979e-04,1.641999697312712669e-04,1.712000230327248573e-04
1.279999269172549248e-04,1.430000411346554756e-04,1.766000641509890556e-04,3.034999826923012733e-04
1.254000235348939896e-04,1.608999446034431458e-04,1.864000223577022552e-04,1.815999858081340790e-04
1.490999711677432060e-04,1.617999514564871788e-04,1.590000465512275696e-04,1.959999790415167809e-04
1.434000441804528236e-04,1.459999475628137589e-04,1.520999940112233162e-04,2.105999737977981567e-04
1.413999125361442566e-04,1.471999567002058029e-04,1.282999292016029358e-04,3.484999760985374451e-04
1.254000235348939896e-04,1.401000190526247025e-04,1.389000099152326584e-04,2.901999978348612785e-04
1.327999634668231010e-04,3.022999735549092293e-04,1.553000183776021004e-04,3.629000857472419739e-04
1.350999809801578522e-04,1.253000227734446526e-04,1.471000723540782928e-04,3.281000535935163498e-04
1.254000235348939896e-04,1.233000075444579124e-04,3.828000044450163841e-04,3.215000033378601074e-04
1.389000099152326584e-04,1.599999377503991127e-04,4.131000023335218430e-04,2.764000091701745987e-04
1.277000410482287407e-04,1.663999864831566811e-04,4.571999888867139816e-04,4.475000314414501190e-04
1.431000418961048126e-04,1.376000000163912773e-04,2.236999571323394775e-04,2.630999078974127769e-04
1.235000090673565865e-04,1.515999902039766312e-04,2.158000133931636810e-04,2.401999663561582565e-04
1.367999939247965813e-04,1.305999467149376869e-04,4.520000657066702843e-04,3.594000590965151787e-04
1.408000243827700615e-04,1.319999573752284050e-04,1.373999984934926033e-04,3.479999722912907600e-04
1.343999756500124931e-04,1.292000524699687958e-04,1.536000054329633713e-04,1.865000231191515923e-04
1.348000951111316681e-04,1.661999849602580070e-04,1.695998944342136383e-04,1.740999286994338036e-04
1.334999687969684601e-04,1.261000288650393486e-04,2.523999428376555443e-04,1.829999964684247971e-04
1.289999345317482948e-04,1.307000638917088509e-04,5.024999845772981644e-04,3.351999912410974503e-04
1.283999299630522728e-04,1.547998981550335884e-04,3.398000262677669525e-04,3.037999849766492844e-04
1.337999710813164711e-04,1.312999520450830460e-04,3.193999873474240303e-04,2.163000172004103661e-04
1.319999573752284050e-04,1.399000175297260284e-04,3.609000705182552338e-04,1.876000314950942993e-04
1.235000090673565865e-04,1.397000160068273544e-04,1.477999612689018250e-04,1.646999735385179520e-04
1.261000288650393486e-04,1.440999330952763557e-04,1.717999111860990524e-04,1.530000008642673492e-04
1.295999391004443169e-04,1.291000517085194588e-04,1.665999880060553551e-04,1.436000457033514977e-04
1.268000341951847076e-04,2.533000661060214043e-04,1.837000017985701561e-04,1.400000182911753654e-04
1.272000372409820557e-04,2.702999627217650414e-04,1.496999757364392281e-04,1.414000289514660835e-04
1.398000167682766914e-04,1.318000722676515579e-04,1.641999697312712669e-04,1.820999896153807640e-04
1.385000068694353104e-04,1.311000669375061989e-04,1.589999301359057426e-04,1.648999750614166260e-04
1.252999063581228256e-04,1.301999436691403389e-04,1.818001037463545799e-04,1.455000601708889008e-04
1.359999878332018852e-04,1.317000715062022209e-04,1.493999734520912170e-04,1.378000015392899513e-04
1.817999873310327530e-04,1.244000159204006195e-04,2.793000312522053719e-04,1.380000030621886253e-04
1.466999528929591179e-04,1.458999468013644218e-04,1.776000717654824257e-04,1.394000137224793434e-04
1.353999832645058632e-04,1.488000852987170219e-04,2.944999141618609428e-04,1.345999771729111671e-04
1.307999482378363609e-04,1.359999878332018852e-04,1.636999659240245819e-04,1.348999794572591782e-04
1.309999497607350349e-04,1.287000486627221107e-04,1.683000009506940842e-04,1.385000068694353104e-04
1.276000402867794037e-04,1.257000258192420006e-04,1.685000024735927582e-04,1.360999885946512222e-04
1.349999802187085152e-04,1.276999246329069138e-04,1.710000215098261833e-04,1.409000251442193985e-04
1.449000556021928787e-04,1.891999272629618645e-04,1.465000677853822708e-04,1.411000266671180725e-04
1.576000358909368515e-04,1.321000745519995689e-04,1.401000190526247025e-04,1.372999977320432663e-04
1.433000434190034866e-04,1.833999995142221451e-04,1.259000273421406746e-04,1.412000274285674095e-04
1.277000410482287407e-04,1.593000488355755806e-04,1.852000132203102112e-04,1.601999392732977867e-04
1.338999718427658081e-04,1.271999208256602287e-04,3.696999046951532364e-04,1.494000898674130440e-04
1.261000288650393486e-04,2.865999704226851463e-04,3.253000322729349136e-04,1.688000047579407692e-04
1.286000479012727737e-04,1.446999376639723778e-04,1.422000350430607796e-04,1.386000076308846474e-04
1.464000670239329338e-04,1.383000053465366364e-04,1.322999596595764160e-04,1.825999934226274490e-04
1.463999506086111069e-04,1.697000116109848022e-04,2.387999556958675385e-04,1.372999977320432663e-04
1.366999931633472443e-04,1.353999832645058632e-04,4.483000375330448151e-04,1.356999855488538742e-04
1.287999330088496208e-04,1.460000639781355858e-04,1.327000791206955910e-04,1.456999452784657478e-04
1.264000311493873596e-04,1.739000435918569565e-04,1.272000372409820557e-04,1.378000015392899513e-04
1.274000387638807297e-04,2.306998940184712410e-04,1.524999970570206642e-04,1.419000327587127686e-04
1.388000091537833214e-04,2.035999204963445663e-04,1.347999786958098412e-04,1.558000221848487854e-04
1.277000410482287407e-04,1.443000510334968567e-04,1.857000170275568962e-04,1.558000221848487854e-04
1.280000433325767517e-04,1.564000267535448074e-04,2.633000258356332779e-04,1.381000038236379623e-04
1.699000131338834763e-04,1.680999994277954102e-04,1.399000175297260284e-04,1.388000091537833214e-04
1.401000190526247025e-04,1.316999550908803940e-04,1.324999611824750900e-04,1.337999710813164711e-04
1.264999154955148697e-04,1.817999873310327530e-04,3.195001045241951942e-04,1.487999688833951950e-04
1.429999247193336487e-04,1.665999880060553551e-04,3.214000025764107704e-04,1.718000276014208794e-04
1.282000448554754257e-04,1.647000899538397789e-04,2.506999298930168152e-04,1.643000869080424309e-04
1.356001012027263641e-04,1.229000044986605644e-04,1.726000336930155754e-04,1.799000892788171768e-04
1.259999116882681847e-04,1.320999581366777420e-04,1.889000413939356804e-04,2.789000282064080238e-04
1.310000661760568619e-04,1.425999216735363007e-04,1.926000695675611496e-04,1.761000603437423706e-04
1.579000381752848625e-04,1.527999993413686752e-04,1.608000602573156357e-04,1.637999666854739189e-04
1.346999779343605042e-04,3.852000227198004723e-04,1.920000649988651276e-04,2.615000121295452118e-04
1.657999819144606590e-04,1.521999947726726532e-04,1.930999569594860077e-04,1.812999835237860680e-04
1.447999384254217148e-04,1.274000387638807297e-04,1.470999559387564659e-04,1.641000853851437569e-04
1.224000006914138794e-04,1.651000929996371269e-04,1.565000275149941444e-04,1.624999567866325378e-04
1.336999703198671341e-04,1.237000105902552605e-04,1.658999826759099960e-04,1.551000168547034264e-04
1.537000061944127083e-04,1.226000022143125534e-04,2.042000414803624153e-04,1.494999742135405540e-04
1.319000730291008949e-04,1.239000121131539345e-04,1.450000563636422157e-04,1.431999262422323227e-04
1.559000229462981224e-04,3.454999532550573349e-04,3.432999365031719208e-04,1.377000007778406143e-04
1.349000958725810051e-04,1.491999719291925430e-04,1.239998964592814445e-04,1.351000973954796791e-04
2.378999488428235054e-04,1.404000213369727135e-04,1.245000166818499565e-04,1.478999620303511620e-04
1.614000648260116577e-04,1.232000067830085754e-04,2.565999748185276985e-04,3.888999344781041145e-04
1.456999452784657478e-04,1.233000075444579124e-04,1.270000357180833817e-04,1.396000152453780174e-04
1.780000748112797737e-04,1.307999482378363609e-04,3.765000728890299797e-04,1.421000342816114426e-04
1.610999461263418198e-04,1.260999124497175217e-04,1.422000350430607796e-04,1.534000039100646973e-04
1.950999721884727478e-04,3.526000073179602623e-04,1.323000760748982430e-04,4.461999051272869110e-04
1.509999856352806091e-04,4.923000233247876167e-04,1.513999886810779572e-04,2.357999328523874283e-04
1.671999925747513771e-04,4.395999712869524956e-04,4.140000091865658760e-04,2.097000833600759506e-04
1.338999718427658081e-04,1.378000015392899513e-04,1.257999101653695107e-04,2.404000842943787575e-04
1.344999764114618301e-04,1.660999841988086700e-04,1.360999885946512222e-04,1.645999727770686150e-04
1.410000259056687355e-04,3.372998908162117004e-04,1.270000357180833817e-04,1.532000023871660233e-04
1.347000943496823311e-04,1.231000060215592384e-04,1.520999940112233162e-04,1.310000661760568619e-04
1.548000145703554153e-04,3.428999334573745728e-04,1.416000304743647575e-04,1.710000215098261833e-04
2.452000044286251068e-04,1.339999726042151451e-04,1.767000649124383926e-04,2.609000075608491898e-04
1.361999893561005592e-04,1.451999414712190628e-04,1.570000313222408295e-04,1.493000891059637070e-04
1.566000282764434814e-04,1.229000044986605644e-04,1.501999795436859131e-04,1.318999566137790680e-04
1.406000228598713875e-04,3.930999664589762688e-04,1.350000966340303421e-04,1.361999893561005592e-04
1.469000708311796188e-04,1.427999231964349747e-04,1.324999611824750900e-04,1.448000548407435417e-04
2.326000249013304710e-04,2.027000300586223602e-04,1.328999642282724380e-04,1.352999825030565262e-04
1.305999467149376869e-04,4.449000116437673569e-04,1.832999987527728081e-04,1.370999962091445923e-04
1.669999910518527031e-04,4.110999871045351028e-04,1.278999261558055878e-04,1.354999840259552002e-04
1.376000000163912773e-04,4.292000085115432739e-04,1.588999293744564056e-04,1.369999954476952553e-04
1.742000458762049675e-04,4.470000276342034340e-04,1.848000101745128632e-04,1.360001042485237122e-04
1.352999825030565262e-04,1.439999323338270187e-04,1.657999819144606590e-04,1.452999422326683998e-04
1.405999064445495605e-04,1.953999744728207588e-04,1.571999164298176765e-04,1.371999969705939293e-04
1.540000084787607193e-04,1.517999917268753052e-04,2.859999658539891243e-04,1.458999468013644218e-04
1.271000364795327187e-04,1.405000220984220505e-04,1.550000160932540894e-04,1.392000121995806694e-04
1.380000030621886253e-04,1.319999573752284050e-04,1.534000039100646973e-04,1.409000251442193985e-04
1.431000418961048126e-04,1.240000128746032715e-04,1.493000891059637070e-04,2.204000484198331833e-04
1.571000320836901665e-04,1.271999208256602287e-04,1.640999689698219299e-04,1.426000380888581276e-04
1.482999650761485100e-04,3.501001046970486641e-04,1.860999036580324173e-04,1.371999969705939293e-04
1.460999483242630959e-04,4.506000550463795662e-04,1.533000031486153603e-04,2.028999151661992073e-04
1.482000807300209999e-04,2.027000300586223602e-04,1.809000968933105469e-04,1.666999887675046921e-04
1.358001027256250381e-04,1.433000434190034866e-04,1.246000174432992935e-04,1.452999422326683998e-04
1.499999780207872391e-04,3.391000209376215935e-04,1.239000121131539345e-04,1.685000024735927582e-04
1.445999369025230408e-04,1.333999680355191231e-04,1.555000199005007744e-04,1.421999186277389526e-04
1.291999360546469688e-04,1.735000405460596085e-04,1.499999780207872391e-04,1.549000153318047523e-04
1.259000273421406746e-04,1.252000220119953156e-04,1.259999116882681847e-04,1.582999248057603836e-04
1.552000176161527634e-04,3.842000151053071022e-04,1.373999984934926033e-04,1.645999727770686150e-04
1.804999774321913719e-04,3.712000325322151184e-04,3.446000628173351288e-04,1.737000420689582825e-04
1.401000190526247025e-04,1.852000132203102112e-04,3.593999426811933517e-04,1.880000345408916473e-04
1.471999567002058029e-04,2.683000639081001282e-04,3.736000508069992065e-04,2.450000029057264328e-04
2.016000216826796532e-04,1.650999765843153000e-04,2.207000507041811943e-04,1.920999493449926376e-04
1.407000236213207245e-04,1.824999926611781120e-04,2.885999856516718864e-04,1.731000375002622604e-04
1.300000585615634918e-04,1.818999880924820900e-04,3.456000704318284988e-04,1.576999202370643616e-04
1.415000297129154205e-04,1.754999393597245216e-04,1.864000223577022552e-04,1.971999881789088249e-04
1.347999786958098412e-04,1.592999324202537537e-04,1.628000754863023758e-04,1.388000091537833214e-04
1.455999445170164108e-04,1.774999545887112617e-04,1.567000290378928185e-04,1.491999719291925430e-04
1.274000387638807297e-04,1.364999916404485703e-04,1.551000168547034264e-04,1.498999772593379021e-04
1.373999984934926033e-04,2.183000324293971062e-04,3.455000696703791618e-04,1.382000045850872993e-04
1.321000745519995689e-04,2.962999278679490089e-04,2.144000027328729630e-04,1.510999863967299461e-04
1.332000829279422760e-04,4.241999704390764236e-04,1.663999864831566811e-04,1.512999879196286201e-04
1.239000121131539345e-04,1.940999645739793777e-04,1.435000449419021606e-04,1.411000266671180725e-04
1.359999878332018852e-04,1.259000273421406746e-04,2.990999491885304451e-04,2.508000470697879791e-04
1.342999748885631561e-04,1.808999804779887199e-04,1.450000563636422157e-04,1.548000145703554153e-04
1.438000472262501717e-04,1.327999634668231010e-04,1.289999345317482948e-04,2.074000658467411995e-04
1.506999833509325981e-04,1.434000441804528236e-04,1.292999368160963058e-04,1.649000914767384529e-04
1.463000662624835968e-04,1.986999996006488800e-04,3.254000330343842506e-04,1.402000198140740395e-04
1.397000160068273544e-04,1.532000023871660233e-04,1.380000030621886253e-04,1.398000167682766914e-04
1.369999954476952553e-04,2.158998977392911911e-04,1.756999408826231956e-04,1.543000107631087303e-04
1.257999101653695107e-04,1.597000518813729286e-04,2.410999732092022896e-04,1.438999315723776817e-04
1.291000517085194588e-04,2.095999661833047867e-04,1.789999660104513168e-04,1.476000761613249779e-04
1.300999429076910019e-04,1.680999994277954102e-04,1.508999848738312721e-04,1.576000358909368515e-04
1.533000031486153603e-04,2.047999296337366104e-04,1.541998935863375664e-04,1.429999247193336487e-04
1.344999764114618301e-04,2.414999762549996376e-04,1.714000245556235313e-04,1.680999994277954102e-04
1.270999200642108917e-04,2.171000232920050621e-04,3.203999949619174004e-04,1.560000237077474594e-04
1.302999444305896759e-04,1.638000831007957458e-04,1.564999110996723175e-04,1.470999559387564659e-04
1.300999429076910019e-04,1.590999308973550797e-04,1.687000039964914322e-04,1.553000183776021004e-04
1.300999429076910019e-04,1.678999979048967361e-04,1.500999787822365761e-04,1.333000836893916130e-04
1.318999566137790680e-04,1.589000457897782326e-04,1.560000237077474594e-04,1.434000441804528236e-04
1.261000288650393486e-04,1.507999841123819351e-04,1.591000473126769066e-04,1.350999809801578522e-04
1.348999794572591782e-04,1.364999916404485703e-04,1.391000114381313324e-04,1.434000441804528236e-04
1.357999863103032112e-04,1.593999331817030907e-04,1.820999896153807640e-04,1.411000266671180725e-04
1.300000585615634918e-04,1.419000327587127686e-04,1.464000670239329338e-04,1.446999376639723778e-04
1.478000776842236519e-04,1.864000223577022552e-04,1.466999528929591179e-04,1.498999772593379021e-04
1.414999132975935936e-04,1.678999979048967361e-04,1.327000791206955910e-04,1.530000008642673492e-04
1.295000547543168068e-04,2.184999175369739532e-04,3.089000238105654716e-04,1.373999984934926033e-04
1.399000175297260284e-04,2.115999814122915268e-04,1.501999795436859131e-04,1.577999209985136986e-04
1.348999794572591782e-04,1.965999836102128029e-04,1.894999295473098755e-04,1.466999528929591179e-04
1.950999721884727478e-04,1.772999530658125877e-04,3.082000184804201126e-04,1.640999689698219299e-04
1.446999376639723778e-04,2.927000168710947037e-04,1.818001037463545799e-04,1.403000205755233765e-04
1.381000038236379623e-04,2.119001001119613647e-04,1.903000520542263985e-04,1.358999870717525482e-04
1.512999879196286201e-04,1.766000641509890556e-04,1.607999438419938087e-04,1.605999423190951347e-04
1.201999839395284653e-04,1.707999035716056824e-04,1.900999341160058975e-04,1.366999931633472443e-04
1.316000707447528839e-04,1.870000269263982773e-04,1.819999888539314270e-04,1.370999962091445923e-04
1.298000570386648178e-04,2.056000521406531334e-04,1.858000177890062332e-04,1.371999969705939293e-04
1.270000357180833817e-04,1.984999980777502060e-04,1.829999964684247971e-04,1.858000177890062332e-04
1.446000533178448677e-04,2.108999760821461678e-04,1.622999552637338638e-04,1.518999924883246422e-04
1.363999908789992332e-04,1.789999660104513168e-04,1.394000137224793434e-04,1.532000023871660233e-04
1.602000556886196136e-04,1.825001090764999390e-04,1.687000039964914322e-04,1.258000265806913376e-04
1.373999984934926033e-04,2.050000475719571114e-04,1.789000816643238068e-04,1.629000762477517128e-04
1.454000594094395638e-04,1.795999705791473389e-04,1.540000084787607193e-04,1.381000038236379623e-04
1.350999809801578522e-04,1.931999577209353447e-04,1.715000253170728683e-04,1.380000030621886253e-04
1.258000265806913376e-04,1.474000746384263039e-04,1.928000710904598236e-04,1.519999932497739792e-04
1.279000425711274147e-04,1.284999307245016098e-04,1.741000451147556305e-04,1.669999910518527031e-04
1.739000435918569565e-04,1.355001004412770271e-04,1.807000953704118729e-04,1.463999506086111069e-04
1.386000076308846474e-04,1.261000288650393486e-04,1.458999468013644218e-04,1.561999088153243065e-04
1.328000798821449280e-04,1.241000136360526085e-04,2.069000620394945145e-04,2.006000140681862831e-04
1.463000662624835968e-04,1.463000662624835968e-04,2.408000873401761055e-04,1.755000557750463486e-04
1.296000555157661438e-04,1.364999916404485703e-04,2.378000644966959953e-04,1.611999468877911568e-04
1.405000220984220505e-04,1.246999017894268036e-04,2.016000216826796532e-04,1.501999795436859131e-04
1.449999399483203888e-04,2.004000125452876091e-04,1.415000297129154205e-04,1.658999826759099960e-04
1.365999924018979073e-04,1.897000474855303764e-04,1.477000769227743149e-04,1.602999400347471237e-04
1.436999300494790077e-04,1.390000106766819954e-04,1.352999825030565262e-04,1.649999758228659630e-04
1.518999924883246422e-04,1.410000259056687355e-04,1.500999787822365761e-04,1.555000199005007744e-04
1.767000649124383926e-04,1.351999817416071892e-04,2.789000282064080238e-04,1.615000655874609947e-04
1.373999984934926033e-04,1.517999917268753052e-04,1.423999201506376266e-04,1.509001012891530991e-04
1.324999611824750900e-04,1.569000305607914925e-04,2.410999732092022896e-04,1.581000396981835365e-04
1.417999155819416046e-04,1.623000716790556908e-04,1.317999558523297310e-04,1.626999583095312119e-04
1.333999680355191231e-04,1.563000259920954704e-04,2.399999648332595825e-04,1.964000985026359558e-04
1.281000440940260887e-04,1.605999423190951347e-04,1.943000825121998787e-04,1.740000443533062935e-04
1.275000395253300667e-04,1.565999118611216545e-04,1.332000829279422760e-04,1.719000283628702164e-04
1.330999657511711121e-04,1.680999994277954102e-04,1.607999438419938087e-04,1.815999858081340790e-04
1.446000533178448677e-04,1.721000298857688904e-04,3.054999979212880135e-04,1.485999673604965210e-04
1.971999881789088249e-04,1.595999347046017647e-04,2.631000243127346039e-04,1.650999765843153000e-04
1.465999521315097809e-04,1.742000458762049675e-04,2.000000094994902611e-04,1.432999270036816597e-04
1.535000046715140343e-04,1.630999613553285599e-04,3.223000094294548035e-04,1.436000457033514977e-04
1.512001035735011101e-04,1.623999560251832008e-04,3.335999790579080582e-04,1.643999712541699409e-04
1.467000693082809448e-04,1.550000160932540894e-04,1.328000798821449280e-04,1.405000220984220505e-04
1.497999764978885651e-04,1.476999605074524879e-04,1.575000351294875145e-04,1.652999781072139740e-04
1.334999687969684601e-04,2.008000155910849571e-04,1.465999521315097809e-04,1.440999330952763557e-04
1.493999734520912170e-04,1.599999377503991127e-04,1.374999992549419403e-04,1.324000768363475800e-04
1.504999818280339241e-04,1.571000320836901665e-04,1.324000768363475800e-04,1.743000466376543045e-04
1.552000176161527634e-04,1.502999803051352501e-04,1.259999116882681847e-04,1.782000763341784477e-04
1.491999719291925430e-04,1.423999201506376266e-04,3.804999869316816330e-04,1.903999364003539085e-04
1.606999430805444717e-04,1.363999908789992332e-04,5.373000167310237885e-04,1.499000936746597290e-04
1.589000457897782326e-04,1.397000160068273544e-04,3.037999849766492844e-04,1.779999583959579468e-04
1.554000191390514374e-04,1.420999178662896156e-04,1.406000228598713875e-04,1.567999133840203285e-04
2.291999990120530128e-04,1.359999878332018852e-04,1.293000532314181328e-04,1.497999764978885651e-04
2.353000454604625702e-04,1.454000594094395638e-04,1.272000372409820557e-04,1.603999407961964607e-04
1.763000618666410446e-04,1.360999885946512222e-04,3.918000729754567146e-04,1.962999813258647919e-04
2.897999947890639305e-04,1.363001065328717232e-04,3.851000219583511353e-04,1.663999864831566811e-04
1.853000139817595482e-04,1.314999535679817200e-04,2.340000355616211891e-04,1.626000739634037018e-04
1.675999956205487251e-04,1.372999977320432663e-04,3.107999218627810478e-04,1.636000815778970718e-04
1.621999545022845268e-04,1.363999908789992332e-04,3.715999191626906395e-04,1.624000724405050278e-04
1.597999362275004387e-04,1.407999079674482346e-04,1.877000322565436363e-04,2.248999662697315216e-04
1.565000275149941444e-04,1.397000160068273544e-04,1.580999232828617096e-04,1.536000054329633713e-04
1.714000245556235313e-04,1.420000335201621056e-04,4.398999735713005066e-04,2.027999144047498703e-04
1.566000282764434814e-04,1.416999148204922676e-04,4.610999021679162979e-04,1.340999733656644821e-04
1.463000662624835968e-04,1.380000030621886253e-04,2.811999293044209480e-04,4.050000570714473724e-04
1.454000594094395638e-04,1.364999916404485703e-04,2.279999898746609688e-04,2.939000260084867477e-04
1.369999954476952553e-04,1.371999969705939293e-04,1.540000084787607193e-04,1.590999308973550797e-04
1.406000228598713875e-04,1.357999863103032112e-04,3.867999184876680374e-04,1.551000168547034264e-04
1.270000357180833817e-04,1.410000259056687355e-04,3.990000113844871521e-04,3.866000333800911903e-04
1.359999878332018852e-04,1.415000297129154205e-04,1.782000763341784477e-04,1.576000358909368515e-04
1.330000814050436020e-04,1.428999239578843117e-04,1.804999774321913719e-04,3.899000585079193115e-04
1.926999539136886597e-04,1.399000175297260284e-04,2.012000186368823051e-04,1.612000633031129837e-04
1.211999915540218353e-04,1.388000091537833214e-04,1.861000200733542442e-04,1.442000502720475197e-04
1.355999847874045372e-04,1.743999309837818146e-04,1.825999934226274490e-04,1.456999452784657478e-04
1.353999832645058632e-04,1.368001103401184082e-04,2.505999291315674782e-04,1.401000190526247025e-04
1.545000122860074043e-04,1.332000829279422760e-04,1.859000185504555702e-04,1.433000434190034866e-04
1.394000137224793434e-04,1.330999657511711121e-04,1.643999712541699409e-04,1.372999977320432663e-04
1.252000220119953156e-04,1.364999916404485703e-04,1.743999309837818146e-04,2.412999747321009636e-04
1.307000638917088509e-04,1.572999171912670135e-04,1.447999384254217148e-04,1.697000116109848022e-04
1.286000479012727737e-04,1.378000015392899513e-04,1.261000288650393486e-04,1.606999430805444717e-04
1.416999148204922676e-04,1.351999817416071892e-04,3.298000665381550789e-04,1.373999984934926033e-04
1.311000669375061989e-04,1.519999932497739792e-04,1.335999695584177971e-04,1.669999910518527031e-04
1.322000753134489059e-04,1.456999452784657478e-04,1.603999407961964607e-04,1.959000946953892708e-04
1.530000008642673492e-04,1.361001050099730492e-04,3.967999946326017380e-04,1.625000732019543648e-04
1.446999376639723778e-04,1.541000092402100563e-04,1.374999992549419403e-04,1.990000018849968910e-04
1.301999436691403389e-04,1.667999895289540291e-04,2.253999700769782066e-04,1.372999977320432663e-04
1.506999833509325981e-04,1.685000024735927582e-04,1.591999316588044167e-04,1.314999535679817200e-04
1.539000077173113823e-04,1.470999559387564659e-04,1.278999261558055878e-04,1.432000426575541496e-04
2.214000560343265533e-04,1.534000039100646973e-04,5.778999766334891319e-04,1.387000083923339844e-04
1.328999642282724380e-04,1.400000182911753654e-04,1.668999902904033661e-04,1.387000083923339844e-04
1.282000448554754257e-04,1.399000175297260284e-04,2.000000094994902611e-04,1.411000266671180725e-04
1.533000031486153603e-04,1.353999832645058632e-04,1.514001050963997841e-04,1.416000304743647575e-04
1.395000144839286804e-04,1.416000304743647575e-04,3.444000612944364548e-04,1.366999931633472443e-04
1.315000699833035469e-04,1.495999749749898911e-04,1.636000815778970718e-04,1.335000852122902870e-04
1.290999352931976318e-04,1.388000091537833214e-04,1.276000402867794037e-04,1.500999787822365761e-04
1.347999786958098412e-04,1.355999847874045372e-04,3.070000093430280685e-04,1.360999885946512222e-04
2.755000023171305656e-04,1.599000534042716026e-04,4.622000269591808319e-04,1.374999992549419403e-04
1.328999642282724380e-04,1.362999901175498962e-04,4.778000293299555779e-04,1.384000061079859734e-04
1.286000479012727737e-04,1.623000716790556908e-04,2.415000926703214645e-04,1.336999703198671341e-04
1.318999566137790680e-04,1.401000190526247025e-04,5.086000310257077217e-04,1.714000245556235313e-04
1.456999452784657478e-04,1.376000000163912773e-04,4.864999791607260704e-04,1.797999721020460129e-04
1.275000395253300667e-04,1.425999216735363007e-04,4.405000945553183556e-04,1.659999834373593330e-04
1.539000077173113823e-04,1.343999756500124931e-04,1.619000686332583427e-04,1.680999994277954102e-04
1.354999840259552002e-04,1.313000684604048729e-04,2.196999266743659973e-04,1.625000732019543648e-04
1.593999331817030907e-04,1.365999924018979073e-04,1.261999132111668587e-04,1.408000243827700615e-04
1.305000623688101768e-04,1.451999414712190628e-04,1.230998896062374115e-04,1.481000799685716629e-04
1.560000237077474594e-04,1.363999908789992332e-04,1.526999985799193382e-04,1.651999773457646370e-04
1.405000220984220505e-04,1.982999965548515320e-04,1.341999741271138191e-04,1.491999719291925430e-04
1.449000556021928787e-04,1.236000098288059235e-04,1.240998972207307816e-04,1.452999422326683998e-04
1.347999786958098412e-04,3.789999755099415779e-04,6.972999544814229012e-04,1.393000129610300064e-04
1.311999512836337090e-04,3.947999794036149979e-04,1.603000564500689507e-04,1.395000144839286804e-04
1.319000730291008949e-04,3.397999098524451256e-04,1.255000242963433266e-04,1.502999803051352501e-04
1.325000775977969170e-04,1.335000852122902870e-04,1.371999969705939293e-04,1.466000685468316078e-04
1.294000539928674698e-04,1.255000242963433266e-04,1.644999720156192780e-04,2.631000243127346039e-04
1.486999681219458580e-04,1.455000601708889008e-04,1.723000314086675644e-04,1.619000686332583427e-04
1.312000676989555359e-04,1.243000151589512825e-04,1.933999592438340187e-04,1.660999841988086700e-04
1.344999764114618301e-04,2.767000114545226097e-04,1.479999627918004990e-04,2.345999237149953842e-04
1.257000258192420006e-04,1.968001015484333038e-04,3.432000521570444107e-04,1.740000443533062935e-04
1.309999497607350349e-04,3.701000241562724113e-04,4.080000799149274826e-04,1.694000093266367912e-04
1.471000723540782928e-04,2.101000864058732986e-04,1.420000335201621056e-04,1.762999454513192177e-04
1.356999855488538742e-04,1.506999833509325981e-04,1.359001034870743752e-04,2.626000205054879189e-04
1.373999984934926033e-04,1.570000313222408295e-04,1.389000099152326584e-04,1.613000640645623207e-04
1.374999992549419403e-04,1.531000016257166862e-04,1.439999323338270187e-04,1.543000107631087303e-04
1.630000770092010498e-04,1.440000487491488457e-04,1.320999581366777420e-04,1.633999636396765709e-04
1.519999932497739792e-04,1.489999704062938690e-04,3.804999869316816330e-04,1.666999887675046921e-04
1.502000959590077400e-04,1.477999612689018250e-04,3.963999915868043900e-04,1.686000032350420952e-04
2.136999974027276039e-04,1.572000328451395035e-04,1.527999993413686752e-04,1.543000107631087303e-04
1.333999680355191231e-04,1.341000897809863091e-04,4.005000228062272072e-04,1.420000335201621056e-04
1.550000160932540894e-04,1.537000061944127083e-04,4.675000673159956932e-04,1.950999721884727478e-04
1.337999710813164711e-04,1.609999453648924828e-04,1.508999848738312721e-04,1.823999918997287750e-04
1.411000266671180725e-04,1.445000525563955307e-04,1.272999215871095657e-04,3.556000301614403725e-04
1.237000105902552605e-04,1.297000562772154808e-04,1.253000227734446526e-04,1.392000121995806694e-04
1.302999444305896759e-04,3.611999563872814178e-04,4.034999292343854904e-04,3.950000973418354988e-04
1.462000655010342598e-04,1.455000601708889008e-04,3.017999697476625443e-04,1.482000807300209999e-04
1.344999764114618301e-04,1.566999126225709915e-04,2.940000267699360847e-04,4.180000396445393562e-04
1.464000670239329338e-04,1.617000671103596687e-04,1.407000236213207245e-04,2.898999955505132675e-04
1.386000076308846474e-04,1.267999177798628807e-04,3.751999465748667717e-04,5.691000260412693024e-04
1.414000289514660835e-04,1.459999475628137589e-04,1.965000992640852928e-04,1.634999644011259079e-04
1.555000199005007744e-04,1.310999505221843719e-04,1.298000570386648178e-04,2.029000315815210342e-04
1.582999248057603836e-04,1.336999703198671341e-04,1.241000136360526085e-04,1.823999918997287750e-04
1.505000982433557510e-04,1.311999512836337090e-04,1.240000128746032715e-04,2.042999258264899254e-04
1.550000160932540894e-04,1.989000011235475540e-04,4.662999417632818222e-04,1.755000557750463486e-04
1.347999786958098412e-04,3.160999622195959091e-04,1.376000000163912773e-04,2.035999204963445663e-04
1.389000099152326584e-04,1.466999528929591179e-04,1.438999315723776817e-04,1.933000748977065086e-04
1.342000905424356461e-04,1.286999322474002838e-04,1.549998996779322624e-04,1.471000723540782928e-04
1.516999909654259682e-04,1.453000586479902267e-04,1.830999972298741341e-04,1.624000724405050278e-04
1.410000259056687355e-04,1.323999604210257530e-04,1.612999476492404938e-04,1.562000252306461334e-04
1.504999818280339241e-04,1.794999698176980019e-04,1.621999545022845268e-04,1.610000617802143097e-04
1.498999772593379021e-04,1.466000685468316078e-04,1.702998997643589973e-04,1.698000123724341393e-04
1.366999931633472443e-04,1.465999521315097809e-04,1.794999698176980019e-04,1.739000435918569565e-04
1.411999110132455826e-04,1.322999596595764160e-04,1.614000648260116577e-04,1.653999788686633110e-04
1.354999840259552002e-04,1.314000692218542099e-04,2.870000898838043213e-04,1.644999720156192780e-04
1.641999697312712669e-04,1.247000182047486305e-04,1.766999484971165657e-04,1.978999935090541840e-04
1.533000031486153603e-04,1.269000349566340446e-04,1.538000069558620453e-04,2.893999917432665825e-04
1.403000205755233765e-04,1.526999985799193382e-04,1.702000154182314873e-04,1.752999378368258476e-04
1.334000844508409500e-04,1.661999849602580070e-04,1.759999431669712067e-04,1.430999254807829857e-04
1.364999916404485703e-04,1.388000091537833214e-04,1.726000336930155754e-04,1.553000183776021004e-04
1.397000160068273544e-04,1.335999695584177971e-04,2.715999726206064224e-04,1.261000288650393486e-04
1.269000349566340446e-04,1.344000920653343201e-04,1.695000100880861282e-04,1.390000106766819954e-04
1.594000495970249176e-04,1.613999484106898308e-04,2.433999907225370407e-04,2.341000363230705261e-04
1.340999733656644821e-04,1.395000144839286804e-04,2.453000051900744438e-04,1.547000138089060783e-04
1.453000586479902267e-04,1.570000313222408295e-04,1.838000025600194931e-04,1.562000252306461334e-04
1.403000205755233765e-04,1.349999802187085152e-04,1.645999727770686150e-04,1.634000800549983978e-04
1.228000037372112274e-04,1.398000167682766914e-04,1.672999933362007141e-04,1.719000283628702164e-04
1.315000699833035469e-04,1.366001088172197342e-04,1.852000132203102112e-04,3.810999915003776550e-04
1.418000319972634315e-04,1.348999794572591782e-04,2.542000729590654373e-04,1.906000543385744095e-04
1.408000243827700615e-04,1.408000243827700615e-04,1.716999104246497154e-04,1.511999871581792831e-04
1.266000326722860336e-04,1.345000928267836571e-04,1.628000754863023758e-04,1.513999886810779572e-04
1.518999924883246422e-04,1.548000145703554153e-04,1.672999933362007141e-04,1.801000908017158508e-04
1.298999413847923279e-04,1.507999841123819351e-04,1.659999834373593330e-04,1.587999286130070686e-04
1.331000821664929390e-04,1.787999644875526428e-04,1.635999651625752449e-04,1.552000176161527634e-04
1.440000487491488457e-04,1.725999172776937485e-04,2.369999419897794724e-04,1.789999660104513168e-04
1.259000273421406746e-04,1.468999544158577919e-04,1.716999104246497154e-04,2.597999991849064827e-04
1.259000273421406746e-04,1.568999141454696655e-04,1.634999644011259079e-04,2.720999764278531075e-04
1.475999597460031509e-04,1.337999710813164711e-04,1.573000336065888405e-04,1.647999742999672890e-04
1.307999482378363609e-04,1.340000890195369720e-04,1.697000116109848022e-04,3.447000635787844658e-04
1.316000707447528839e-04,1.363999908789992332e-04,1.603999407961964607e-04,1.514999894425272942e-04
1.270000357180833817e-04,1.491999719291925430e-04,1.581000396981835365e-04,1.580000389367341995e-04
1.295999391004443169e-04,1.362999901175498962e-04,1.531000016257166862e-04,1.694000093266367912e-04
1.205999869853258133e-04,1.347999786958098412e-04,1.707000192254781723e-04,1.358999870717525482e-04
1.218999968841671944e-04,1.477000769227743149e-04,2.594999969005584717e-04,1.535000046715140343e-04
1.503999810665845871e-04,1.336999703198671341e-04,1.676999963819980621e-04,1.990000018849968910e-04
1.397999003529548645e-04,1.384000061079859734e-04,1.640999689698219299e-04,1.501000951975584030e-04
1.260000281035900116e-04,1.569000305607914925e-04,1.636999659240245819e-04,1.342999748885631561e-04
1.275000395253300667e-04,1.356999855488538742e-04,1.695998944342136383e-04,1.473999582231044769e-04
1.732000382617115974e-04,1.439000479876995087e-04,1.789000816643238068e-04,1.608000602573156357e-04
1.324000768363475800e-04,1.396000152453780174e-04,1.857999013736844063e-04,1.369999954476952553e-04
1.253000227734446526e-04,1.312999520450830460e-04,1.862000208348035812e-04,1.546998973935842514e-04
1.823999918997287750e-04,1.508999848738312721e-04,1.643999712541699409e-04,1.953000901266932487e-04
1.241000136360526085e-04,1.325999619439244270e-04,1.576999202370643616e-04,2.421999815851449966e-04
1.476999605074524879e-04,1.582000404596328735e-04,1.508999848738312721e-04,1.494999742135405540e-04
1.295000547543168068e-04,1.371999969705939293e-04,1.345999771729111671e-04,1.432999270036816597e-04
1.302000600844621658e-04,1.359999878332018852e-04,1.347999786958098412e-04,1.493000891059637070e-04
1.305999467149376869e-04,1.362999901175498962e-04,1.312999520450830460e-04,1.611000625416636467e-04
1.401000190526247025e-04,1.367999939247965813e-04,1.268999185413122177e-04,1.493999734520912170e-04
1.302999444305896759e-04,1.340000890195369720e-04,1.267000334337353706e-04,1.385000068694353104e-04
1.286999322474002838e-04,1.585000427439808846e-04,3.539000172168016434e-04,1.471999567002058029e-04
1.259000273421406746e-04,1.368999946862459183e-04,1.710999058559536934e-04,1.533000031486153603e-04
1.671001082286238670e-04,1.394000137224793434e-04,1.316000707447528839e-04,1.430000411346554756e-04
1.389000099152326584e-04,1.385000068694353104e-04,1.355001004412770271e-04,1.417000312358140945e-04
1.430000411346554756e-04,1.529000001028180122e-04,1.295999391004443169e-04,1.380000030621886253e-04
1.350000966340303421e-04,1.527999993413686752e-04,1.255000242963433266e-04,1.511999871581792831e-04
1.378000015392899513e-04,1.514001050963997841e-04,1.477999612689018250e-04,1.561000244691967964e-04
1.508999848738312721e-04,1.462999498471617699e-04,1.744000473991036415e-04,1.548998989164829254e-04
1.480999635532498360e-04,1.559000229462981224e-04,2.164000179618597031e-04,1.417000312358140945e-04
1.638999674469232559e-04,1.844000071287155151e-04,1.551000168547034264e-04,1.568999141454696655e-04
1.818999880924820900e-04,1.771000679582357407e-04,1.654999796301126480e-04,1.513999886810779572e-04
1.328999642282724380e-04,1.627000747248530388e-04,1.667999895289540291e-04,1.385000068694353104e-04
1.416000304743647575e-04,2.075000666081905365e-04,1.383000053465366364e-04,1.737000420689582825e-04
1.429999247193336487e-04,2.451000036671757698e-04,2.335000317543745041e-04,1.595000503584742546e-04
1.488999696448445320e-04,1.653999788686633110e-04,3.574999282136559486e-04,2.061000559478998184e-04
1.610999461263418198e-04,1.831999979913234711e-04,2.318999031558632851e-04,1.478999620303511620e-04
1.913000596687197685e-04,1.572000328451395035e-04,1.860999036580324173e-04,1.523999962955713272e-04
1.448000548407435417e-04,1.430000411346554756e-04,1.883999211713671684e-04,1.751999370753765106e-04
1.488999696448445320e-04,1.345000928267836571e-04,1.998000079765915871e-04,1.875000307336449623e-04
1.766999484971165657e-04,1.466999528929591179e-04,1.788999652490019798e-04,1.850000116974115372e-04
1.525999978184700012e-04,1.504000974819064140e-04,2.478000242263078690e-04,1.566000282764434814e-04
1.469999551773071289e-04,1.661001006141304970e-04,1.436999300494790077e-04,1.862000208348035812e-04
2.094000810757279396e-04,1.308999489992856979e-04,1.888000406324863434e-04,1.633000792935490608e-04
2.604000037536025047e-04,1.272000372409820557e-04,1.858000177890062332e-04,3.598999464884400368e-04
1.470000715926289558e-04,4.561999812722206116e-04,3.905000630766153336e-04,1.483999658375978470e-04
1.557000214233994484e-04,3.503999905660748482e-04,2.187000354751944542e-04,2.606998896226286888e-04
1.529000001028180122e-04,2.722999779507517815e-04,1.813999842852354050e-04,1.962999813258647919e-04
1.491000875830650330e-04,1.385998912155628204e-04,2.582001034170389175e-04,1.845000078901648521e-04
1.572000328451395035e-04,1.482000807300209999e-04,2.806999254971742630e-04,1.564000267535448074e-04
1.575999194756150246e-04,2.815000480040907860e-04,1.600999385118484497e-04,1.425999216735363007e-04
1.495999749749898911e-04,1.281999284401535988e-04,1.391000114381313324e-04,1.481000799685716629e-04
1.488999696448445320e-04,1.701000146567821503e-04,1.570000313222408295e-04,1.454000594094395638e-04
1.620999537408351898e-04,1.269999193027615547e-04,1.803999766707420349e-04,1.467999536544084549e-04
1.378000015392899513e-04,3.723000409081578255e-04,2.212999388575553894e-04,2.470000181347131729e-04
1.520999940112233162e-04,4.130000015720725060e-04,1.904000528156757355e-04,1.582000404596328735e-04
1.495000906288623810e-04,4.831999540328979492e-04,1.855000155046582222e-04,1.894000452011823654e-04
1.614000648260116577e-04,1.436000457033514977e-04,1.640000846236944199e-04,2.628000220283865929e-04
1.335999695584177971e-04,1.744000473991036415e-04,1.755999401211738586e-04,1.989000011235475540e-04
1.981999957934021950e-04,1.271000364795327187e-04,1.678999979048967361e-04,1.744999317452311516e-04
1.505999825894832611e-04,1.314000692218542099e-04,1.647999742999672890e-04,1.780000748112797737e-04
1.589000457897782326e-04,1.398000167682766914e-04,1.634999644011259079e-04,1.811999827623367310e-04
1.628000754863023758e-04,1.558000221848487854e-04,1.907999394461512566e-04,1.581000396981835365e-04
2.582999877631664276e-04,1.341999741271138191e-04,1.823999918997287750e-04,1.963999820873141289e-04
1.922999508678913116e-04,3.629999700933694839e-04,1.634000800549983978e-04,1.765000633895397186e-04
1.917999470606446266e-04,2.075999509543180466e-04,2.025000285357236862e-04,1.523999962955713272e-04
2.931000199168920517e-04,1.261000288650393486e-04,2.505000447854399681e-04,1.877999166026711464e-04
3.242000238969922066e-04,1.417000312358140945e-04,1.854000147432088852e-04,1.855998998507857323e-04
3.085000207647681236e-04,2.229999518021941185e-04,1.664001028984785080e-04,1.516001066192984581e-04
2.841999521479010582e-04,1.587000442668795586e-04,2.423999831080436707e-04,1.412999117746949196e-04
2.831000601872801781e-04,1.555000199005007744e-04,1.578000374138355255e-04,1.689000055193901062e-04
2.448000013828277588e-04,1.910999417304992676e-04,1.464999513700604439e-04,1.644999720156192780e-04
2.057999372482299805e-04,1.634999644011259079e-04,1.613999484106898308e-04,1.491999719291925430e-04
2.081999555230140686e-04,1.419000327587127686e-04,1.495999749749898911e-04,1.521999947726726532e-04
2.971999347209930420e-04,3.877999261021614075e-04,1.578000374138355255e-04,1.450000563636422157e-04
1.781999599188566208e-04,4.276999970898032188e-04,4.560999805107712746e-04,1.919999485835433006e-04
1.680999994277954102e-04,1.378000015392899513e-04,1.479999627918004990e-04,1.799999736249446869e-04
1.344999764114618301e-04,1.382000045850872993e-04,1.763999462127685547e-04,1.686000032350420952e-04
1.595999347046017647e-04,4.535999614745378494e-04,1.562000252306461334e-04,1.731000375002622604e-04
1.354999840259552002e-04,4.147000145167112350e-04,1.361999893561005592e-04,1.649999758228659630e-04
1.454999437555670738e-04,1.520999940112233162e-04,1.751999370753765106e-04,1.522999955341219902e-04
1.408999087288975716e-04,1.321999588981270790e-04,1.482999650761485100e-04,1.622999552637338638e-04
1.619999529793858528e-04,1.550000160932540894e-04,1.299999421462416649e-04,2.204000484198331833e-04
1.706000184640288353e-04,1.870000269263982773e-04,1.386998919770121574e-04,2.097000833600759506e-04
1.371999969705939293e-04,1.693000085651874542e-04,1.593000488355755806e-04,1.717999111860990524e-04
1.672999933362007141e-04,2.825000556185841560e-04,1.712000230327248573e-04,2.082000719383358955e-04
1.459999475628137589e-04,1.718999119475483894e-04,1.600999385118484497e-04,1.436000457033514977e-04
2.495999215170741081e-04,1.930999569594860077e-04,1.363999908789992332e-04,1.434999285265803337e-04
1.446000533178448677e-04,2.016000216826796532e-04,1.898999325931072235e-04,1.309999497607350349e-04
1.715000253170728683e-04,1.739999279379844666e-04,1.387000083923339844e-04,2.002000110223889351e-04
1.734000397846102715e-04,2.767000114545226097e-04,1.605000579729676247e-04,1.742000458762049675e-04
1.694000093266367912e-04,1.698000123724341393e-04,1.683000009506940842e-04,1.607000594958662987e-04
1.412000274285674095e-04,2.957999240607023239e-04,1.623000716790556908e-04,1.783000770956277847e-04
3.190999850630760193e-04,1.843000063672661781e-04,1.626999583095312119e-04,1.695000100880861282e-04
1.549000153318047523e-04,1.705000177025794983e-04,1.290000509470701218e-04,1.673999940976500511e-04
1.715000253170728683e-04,2.194000408053398132e-04,1.405000220984220505e-04,1.721000298857688904e-04
1.703000161796808243e-04,1.981999957934021950e-04,1.587999286130070686e-04,1.760999439284205437e-04
1.651999773457646370e-04,2.154000103473663330e-04,1.582999248057603836e-04,1.601999392732977867e-04
1.998000079765915871e-04,1.862000208348035812e-04,1.922000665217638016e-04,1.852000132203102112e-04
1.642999704927206039e-04,1.820999896153807640e-04,2.938999095931649208e-04,1.812999835237860680e-04
1.594000495970249176e-04,1.784999622032046318e-04,1.677999971434473991e-04,1.468000700697302818e-04
2.915000077337026596e-04,2.991000656038522720e-04,1.433999277651309967e-04,1.509999856352806091e-04
1.462000655010342598e-04,1.973999897018074989e-04,1.420000335201621056e-04,1.460999483242630959e-04
1.678999979048967361e-04,1.945000840350985527e-04,1.545000122860074043e-04,3.813999937847256660e-04
1.380000030621886253e-04,1.711000222712755203e-04,1.359999878332018852e-04,2.859000815078616142e-04
1.656999811530113220e-04,1.530000008642673492e-04,1.520999940112233162e-04,2.054000506177544594e-04
1.642000861465930939e-04,1.472000731155276299e-04,1.297999406233429909e-04,1.558000221848487854e-04
1.705999020487070084e-04,1.626999583095312119e-04,1.252000220119953156e-04,1.332999672740697861e-04
1.309000654146075249e-04,1.320999581366777420e-04,4.302999004721641541e-04,1.364999916404485703e-04
1.243000151589512825e-04,2.574999816715717316e-04,4.691000794991850853e-04,1.299000578001141548e-04
1.604000572115182877e-04,1.594999339431524277e-04,1.338000874966382980e-04,1.560000237077474594e-04
1.473999582231044769e-04,1.387000083923339844e-04,3.497999859973788261e-04,3.217000048607587814e-04
1.475000753998756409e-04,2.177000278607010841e-04,1.316999550908803940e-04,4.052999429404735565e-04
3.495999844744801521e-04,1.764000626280903816e-04,1.245000166818499565e-04,1.704000169411301613e-04
1.270000357180833817e-04,2.157000126317143440e-04,1.290000509470701218e-04,1.585000427439808846e-04
1.428000396117568016e-04,2.045000437647104263e-04,1.397000160068273544e-04,1.676999963819980621e-04
1.242000143975019455e-04,1.465000677853822708e-04,3.604999510571360588e-04,1.491000875830650330e-04
1.190999755635857582e-04,2.155000111088156700e-04,1.710000215098261833e-04,1.391000114381313324e-04
1.117000356316566467e-04,1.878999173641204834e-04,1.646000891923904419e-04,1.493000891059637070e-04
1.135999336838722229e-04,1.601999392732977867e-04,1.416000304743647575e-04,1.512999879196286201e-04
1.471999567002058029e-04,1.687000039964914322e-04,1.472999574616551399e-04,1.538000069558620453e-04
1.219999976456165314e-04,1.650999765843153000e-04,1.389000099152326584e-04,3.872000379487872124e-04
2.921000123023986816e-04,1.838000025600194931e-04,1.409000251442193985e-04,4.530000733211636543e-04
1.110000303015112877e-04,2.249999670311808586e-04,1.312999520450830460e-04,1.466999528929591179e-04
2.942000282928347588e-04,1.745999325066804886e-04,1.332999672740697861e-04,1.614999491721391678e-04
3.380000125616788864e-04,1.838000025600194931e-04,1.467000693082809448e-04,1.785999629646539688e-04
1.395000144839286804e-04,1.511999871581792831e-04,1.408000243827700615e-04,1.647999742999672890e-04
1.576999202370643616e-04,1.881000353023409843e-04,1.380000030621886253e-04,1.653999788686633110e-04
1.173999626189470291e-04,1.582000404596328735e-04,1.549000153318047523e-04,1.632999628782272339e-04
3.280999371781945229e-04,2.760000061243772507e-04,3.075000131502747536e-04,1.722000306472182274e-04
3.402000293135643005e-04,1.629000762477517128e-04,1.604000572115182877e-04,1.501999795436859131e-04
1.138999359682202339e-04,1.458999468013644218e-04,1.368999946862459183e-04,1.517999917268753052e-04
2.462000120431184769e-04,1.976999919861555099e-04,1.396000152453780174e-04,1.612000633031129837e-04
1.407000236213207245e-04,1.805999781936407089e-04,1.323000760748982430e-04,1.866000238806009293e-04
1.695998944342136383e-04,1.499999780207872391e-04,1.566000282764434814e-04,1.475000753998756409e-04
1.495999749749898911e-04,1.886000391095876694e-04,1.451999414712190628e-04,1.419999171048402786e-04
1.476999605074524879e-04,1.886999234557151794e-04,1.382000045850872993e-04,1.408000243827700615e-04
1.568000297993421555e-04,1.946000847965478897e-04,1.348999794572591782e-04,1.782999606803059578e-04
1.455000601708889008e-04,2.247999655082821846e-04,1.377000007778406143e-04,1.380000030621886253e-04
1.589000457897782326e-04,1.830999972298741341e-04,1.335999695584177971e-04,1.371999969705939293e-04
1.538000069558620453e-04,1.849000109359622002e-04,1.367999939247965813e-04,1.508999848738312721e-04
1.506999833509325981e-04,1.710000215098261833e-04,1.352999825030565262e-04,1.712000230327248573e-04
1.523999962955713272e-04,1.817999873310327530e-04,1.383000053465366364e-04,1.668999902904033661e-04
1.479999627918004990e-04,1.652000937610864639e-04,1.394000137224793434e-04,4.141000099480152130e-04
1.451999414712190628e-04,2.233000705018639565e-04,1.378000015392899513e-04,1.361999893561005592e-04
1.370999962091445923e-04,1.512999879196286201e-04,1.412000274285674095e-04,1.407000236213207245e-04
1.291999360546469688e-04,1.830999972298741341e-04,1.362999901175498962e-04,1.404999056831002235e-04
3.914999542757868767e-04,1.432999270036816597e-04,1.413000281900167465e-04,1.479999627918004990e-04
1.291999360546469688e-04,2.036999212577939034e-04,1.373999984934926033e-04,1.421000342816114426e-04
1.329999649897217751e-04,1.546000130474567413e-04,1.377000007778406143e-04,1.383000053465366364e-04
3.424000460654497147e-04,3.131000557914376259e-04,1.398000167682766914e-04,1.403000205755233765e-04
1.248000189661979675e-04,1.762000611051917076e-04,1.576000358909368515e-04,1.373999984934926033e-04
1.197999808937311172e-04,3.767000744119286537e-04,1.447999384254217148e-04,1.543998951092362404e-04
1.490999711677432060e-04,1.819999888539314270e-04,1.508999848738312721e-04,1.519999932497739792e-04
1.413000281900167465e-04,1.300999429076910019e-04,1.627999590709805489e-04,1.381000038236379623e-04
1.553000183776021004e-04,1.559000229462981224e-04,1.351000973954796791e-04,1.415999140590429306e-04
1.853000139817595482e-04,1.654999796301126480e-04,1.401000190526247025e-04,1.368999946862459183e-04
1.447999384254217148e-04,1.432000426575541496e-04,1.551000168547034264e-04,1.360999885946512222e-04
1.415000297129154205e-04,1.500999787822365761e-04,1.532000023871660233e-04,1.389000099152326584e-04
1.911999424919486046e-04,1.527999993413686752e-04,1.358999870717525482e-04,1.352999825030565262e-04
1.635999651625752449e-04,1.508999848738312721e-04,1.404000213369727135e-04,1.359999878332018852e-04
1.453999429941177368e-04,1.478999620303511620e-04,1.345999771729111671e-04,1.353999832645058632e-04
1.370999962091445923e-04,2.719999756664037704e-04,1.363999908789992332e-04,1.435000449419021606e-04
1.556000206619501114e-04,1.525999978184700012e-04,1.348999794572591782e-04,1.656999811530113220e-04
1.399000175297260284e-04,4.819000605493783951e-04,1.352000981569290161e-04,1.413000281900167465e-04
1.266000326722860336e-04,1.848000101745128632e-04,1.334999687969684601e-04,1.439000479876995087e-04
1.278000418096780777e-04,1.536000054329633713e-04,1.364999916404485703e-04,1.428000396117568016e-04
1.586000435054302216e-04,1.730000367388129234e-04,1.357999863103032112e-04,1.974001061171293259e-04
1.428000396117568016e-04,1.501999795436859131e-04,1.442999346181750298e-04,1.470000715926289558e-04
1.356999855488538742e-04,1.972999889403581619e-04,1.548998989164829254e-04,1.339000882580876350e-04
2.137999981641769409e-04,1.627000747248530388e-04,1.412000274285674095e-04,1.660999841988086700e-04
1.327999634668231010e-04,1.782000763341784477e-04,1.359999878332018852e-04,1.357999863103032112e-04
1.427000388503074646e-04,1.571999164298176765e-04,1.348999794572591782e-04,1.793999690562486649e-04
1.317999558523297310e-04,2.909000031650066376e-04,1.383000053465366364e-04,1.383000053465366364e-04
1.472999574616551399e-04,2.145000034943223000e-04,1.377000007778406143e-04,1.282999292016029358e-04
1.312000676989555359e-04,1.505000982433557510e-04,1.364999916404485703e-04,1.373999984934926033e-04
1.419000327587127686e-04,1.522999955341219902e-04,1.368999946862459183e-04,1.910000573843717575e-04
1.403000205755233765e-04,1.870000269263982773e-04,1.345999771729111671e-04,1.637999666854739189e-04
1.341999741271138191e-04,1.858000177890062332e-04,1.379000023007392883e-04,1.393000129610300064e-04
1.422999193891882896e-04,1.626000739634037018e-04,1.343999756500124931e-04,2.704999642446637154e-04
1.567999133840203285e-04,1.941000809893012047e-04,1.385000068694353104e-04,1.782000763341784477e-04
1.264000311493873596e-04,2.023000270128250122e-04,1.358999870717525482e-04,3.531000111252069473e-04
1.371999969705939293e-04,1.924000680446624756e-04,1.332999672740697861e-04,1.427000388503074646e-04
1.236000098288059235e-04,1.791000831872224808e-04,1.584000419825315475e-04,1.566999126225709915e-04
1.352999825030565262e-04,1.348999794572591782e-04,1.348999794572591782e-04,1.432000426575541496e-04
1.334999687969684601e-04,1.303000608459115028e-04,1.385000068694353104e-04,1.386000076308846474e-04
5.189999938011169434e-04,1.401000190526247025e-04,1.328999642282724380e-04,1.559000229462981224e-04
1.388000091537833214e-04,1.688000047579407692e-04,1.569000305607914925e-04,1.664999872446060181e-04
1.426000380888581276e-04,1.306000631302595139e-04,1.501999795436859131e-04,1.612000633031129837e-04
1.414000289514660835e-04,3.535000141710042953e-04,1.637999666854739189e-04,1.473999582231044769e-04
1.370999962091445923e-04,1.513999886810779572e-04,1.512999879196286201e-04,1.407000236213207245e-04
1.388000091537833214e-04,2.279999898746609688e-04,1.615000655874609947e-04,1.438000472262501717e-04
1.521999947726726532e-04,3.572999266907572746e-04,1.608000602573156357e-04,1.551000168547034264e-04
1.539000077173113823e-04,1.552000176161527634e-04,1.400000182911753654e-04,1.427000388503074646e-04
1.531000016257166862e-04,1.328999642282724380e-04,1.340999733656644821e-04,1.486999681219458580e-04
1.558000221848487854e-04,1.470999559387564659e-04,1.504999818280339241e-04,1.513999886810779572e-04
1.446000533178448677e-04,1.535000046715140343e-04,1.335999695584177971e-04,1.700000138953328133e-04
1.522999955341219902e-04,1.658999826759099960e-04,1.425000373274087906e-04,1.531000016257166862e-04
1.296000555157661438e-04,1.922999508678913116e-04,1.498999772593379021e-04,1.765999477356672287e-04
1.261999132111668587e-04,1.935999607667326927e-04,1.342999748885631561e-04,1.770000671967864037e-04
1.300999429076910019e-04,1.669999910518527031e-04,1.407000236213207245e-04,1.389000099152326584e-04
1.465999521315097809e-04,1.382000045850872993e-04,1.502999803051352501e-04,1.311999512836337090e-04
1.394998980686068535e-04,1.862000208348035812e-04,1.496999757364392281e-04,1.583999255672097206e-04
1.219999976456165314e-04,1.742000458762049675e-04,1.335000852122902870e-04,1.936000771820545197e-04
1.327000791206955910e-04,1.580000389367341995e-04,1.377000007778406143e-04,1.276000402867794037e-04
1.443000510334968567e-04,1.656999811530113220e-04,1.522999955341219902e-04,1.385998912155628204e-04
1.685000024735927582e-04,2.155000111088156700e-04,1.464999513700604439e-04,1.683000009506940842e-04
1.570000313222408295e-04,3.485999768599867821e-04,1.372999977320432663e-04,2.012000186368823051e-04
1.406000228598713875e-04,2.764000091701745987e-04,1.410000259056687355e-04,1.288999337702989578e-04
1.303000608459115028e-04,2.021000254899263382e-04,1.628999598324298859e-04,3.571000415831804276e-04
1.365999924018979073e-04,1.715000253170728683e-04,1.434999285265803337e-04,1.368999946862459183e-04
1.537000061944127083e-04,1.588999293744564056e-04,1.348999794572591782e-04,1.468999544158577919e-04
1.478999620303511620e-04,1.945000840350985527e-04,1.318000722676515579e-04,1.370999962091445923e-04
2.198000438511371613e-04,1.775999553501605988e-04,1.325999619439244270e-04,1.529000001028180122e-04
1.441000495105981827e-04,2.218000590801239014e-04,1.526999985799193382e-04,1.455000601708889008e-04
1.402000198140740395e-04,3.285000566393136978e-04,1.354999840259552002e-04,1.324000768363475800e-04
1.408000243827700615e-04,2.244000788778066635e-04,1.363999908789992332e-04,1.349999802187085152e-04
1.426999224349856377e-04,2.311000134795904160e-04,1.358999870717525482e-04,1.806999789550900459e-04
1.542000100016593933e-04,2.754000015556812286e-04,1.413000281900167465e-04,2.112999791279435158e-04
2.748999977484345436e-04,3.255000337958335876e-04,1.394998980686068535e-04,1.410000259056687355e-04
1.466999528929591179e-04,3.429000498726963997e-04,1.559000229462981224e-04,1.452000578865408897e-04
1.578000374138355255e-04,4.340000450611114502e-04,1.523999962955713272e-04,3.887000493705272675e-04
1.467999536544084549e-04,4.268999909982085228e-04,1.497999764978885651e-04,1.931999577209353447e-04
1.391000114381313324e-04,3.240999067202210426e-04,1.743999309837818146e-04,3.460999578237533569e-04
1.406999072059988976e-04,2.462000120431184769e-04,1.442999346181750298e-04,2.411999739706516266e-04
1.599000534042716026e-04,1.970999874174594879e-04,1.274000387638807297e-04,4.041999345645308495e-04
1.303999451920390129e-04,1.870000269263982773e-04,1.557000214233994484e-04,1.397999003529548645e-04
1.635999651625752449e-04,2.247999655082821846e-04,2.522999420762062073e-04,4.641000414267182350e-04
1.676999963819980621e-04,1.946999691426753998e-04,1.506999833509325981e-04,2.466000150889158249e-04
1.350999809801578522e-04,1.854000147432088852e-04,1.837000017985701561e-04,1.393000129610300064e-04
1.482999650761485100e-04,1.474000746384263039e-04,1.451999414712190628e-04,1.818999880924820900e-04
1.413999125361442566e-04,1.348999794572591782e-04,1.322999596595764160e-04,1.685000024735927582e-04
1.624999567866325378e-04,1.400999026373028755e-04,3.932999679818749428e-04,1.655999803915619850e-04
2.786000259220600128e-04,1.608999446034431458e-04,4.626000300049781799e-04,1.725999172776937485e-04
1.606000587344169617e-04,1.675999956205487251e-04,1.620999537408351898e-04,1.713000237941741943e-04
1.412000274285674095e-04,2.139999996870756149e-04,1.299000578001141548e-04,1.733000390231609344e-04
1.279000425711274147e-04,1.339999726042151451e-04,1.580000389367341995e-04,2.005000133067369461e-04
1.516999909654259682e-04,1.465999521315097809e-04,1.383000053465366364e-04,1.801999751478433609e-04
1.481999643146991730e-04,1.345999771729111671e-04,1.471999567002058029e-04,1.757999416440725327e-04
1.464999513700604439e-04,1.454000594094395638e-04,1.729000359773635864e-04,1.903000520542263985e-04
