5.000000000000000104e-03,8.592265693634565382e-02,2.173296637835823475e+01,9.734281940654442451e+02,8.336437090441677356e+00
1.000000000000000021e-02,1.667729247969621520e-01,1.378190540528182773e+01,-9.365994907471616671e+02,-9.889389467918912047e-01
1.499999999999999944e-02,2.256241578983283202e-01,1.069343475080636807e+01,-4.814025065177815463e+02,-1.030307579450244759e-01
2.000000000000000042e-02,2.733901857244789846e-01,8.881732643953631268e+00,-3.147290538552821317e+02,3.326987843298843117e-01
2.500000000000000139e-02,3.130950262786952321e-01,7.425592872690984336e+00,-2.319396350148129500e+02,8.680789190126048105e-01
3.000000000000000236e-02,3.442664615596280342e-01,5.699381838510336529e+00,-2.090344248365349245e+02,1.652812222102082451e+00
3.500000000000000333e-02,3.707590738633123051e-01,5.123376152030523656e+00,-6.635557045165043633e+01,1.991345469818956548e+00
4.000000000000000083e-02,3.957898324882705432e-01,4.932781796811198660e+00,-3.560516401252350960e+01,9.939340178254250091e-01
4.499999999999999833e-02,4.195813751755925747e-01,4.652287913232663996e+00,-5.060576402970480103e+01,3.382782389012679580e-01
4.999999999999999584e-02,4.420253172950721066e-01,4.388070229735570926e+00,-4.846846995965545091e+01,3.483388189244385202e-02
5.499999999999999334e-02,4.634297553092744937e-01,4.203417786686331148e+00,-4.032639227529718795e+01,-2.429265062302379263e-01
5.999999999999999084e-02,4.840240976414432739e-01,4.047578211808243509e+00,-3.941358378542174989e+01,-5.269330503530904597e-01
6.499999999999998834e-02,5.038189239779626849e-01,3.881865131838067473e+00,-4.306648434635765454e+01,-7.633842776662218554e-01
6.999999999999999278e-02,5.227201311230156300e-01,3.694314744960227159e+00,-4.749482645968254246e+01,-9.283979709966756477e-01
7.499999999999999722e-02,5.406205837373955214e-01,3.486757082296961130e+00,-5.092729229540700686e+01,-1.022833000456003116e+00
8.000000000000000167e-02,5.574529173514841673e-01,3.269609406119063699e+00,-5.253246209038812964e+01,-1.062238596173440852e+00
8.500000000000000611e-02,5.732029031578761424e-01,3.053254992392057332e+00,-5.252733041193703656e+01,-1.062217075817252443e+00
9.000000000000001055e-02,5.878911842914702479e-01,2.842966770971986801e+00,-5.162359553209554974e+01,-1.033131329741093118e+00
9.500000000000001499e-02,6.015621872374847801e-01,2.643093373066956353e+00,-5.004050753509055482e+01,-9.833418873643908764e-01
1.000000000000000194e-01,6.142767394912513890e-01,2.456332021705915913e+00,-4.803726297761444641e+01,-9.183303393649828728e-01
1.050000000000000239e-01,6.261060299130545292e-01,2.284429568659610332e+00,-4.575415020991656689e+01,-8.419478380745872848e-01
1.100000000000000283e-01,6.371242598622115505e-01,2.127477617956910372e+00,-4.338590172248390786e+01,-7.573718641395366102e-01
1.150000000000000328e-01,6.474019798834920181e-01,1.984420921592840115e+00,-4.104247896386016947e+01,-6.673667278904773514e-01
1.200000000000000372e-01,6.569985667040376676e-01,1.852557600112223701e+00,-3.888160820411761165e+01,-5.756510623741365462e-01
1.250000000000000278e-01,6.659620630963096755e-01,1.729879357191848710e+00,-3.678343548211342551e+01,-4.837806794784724751e-01
1.300000000000000322e-01,6.743442813265105862e-01,1.618407590631476989e+00,-3.425554295393860826e+01,-3.898752400423379783e-01
1.350000000000000366e-01,6.822039849312063753e-01,1.519186805668704787e+00,-3.145288993284439272e+01,-2.974388524053549476e-01
1.400000000000000411e-01,6.896019303506282228e-01,1.432273358171727295e+00,-2.852494144754415473e+01,-2.090150932802714578e-01
1.450000000000000455e-01,6.965975607619347976e-01,1.357216675561460528e+00,-2.555913219947433745e+01,-1.261602863525206342e-01
1.500000000000000500e-01,7.032483879258071280e-01,1.293572212431646662e+00,-2.260808316940990892e+01,-5.107141039054519105e-02
1.550000000000000544e-01,7.226970615009383758e-01,5.217316250283573709e+00,5.300738946838021093e+02,-1.881666667429661377e+00
1.600000000000000588e-01,7.567528440421377178e-01,7.338191114071002552e+00,1.021227943745670018e+03,2.049779529315287618e-02
1.650000000000000633e-01,7.896539539608571356e-01,5.989365381968836388e+00,-1.030867870974668904e+03,-5.971281249099860133e-01
1.700000000000000677e-01,8.195433594647293374e-01,5.912922618984703504e+00,4.190627363604168636e+02,1.106442672631920310e+00
1.750000000000000722e-01,8.458117228567002543e-01,4.749313364514646807e+00,-8.553128242319764922e+02,1.294033091460723206e+00
1.800000000000000766e-01,8.731268655208970220e-01,5.839068811906814815e+00,1.021580569876382356e+03,7.323893411794895059e-01
1.850000000000000810e-01,8.981448581673293630e-01,4.447733151169424914e+00,-1.058273187771796984e+03,-1.829432575855882259e+00
1.900000000000000855e-01,9.224874167919390189e-01,4.790360740402188178e+00,4.581895863441444021e+02,-1.365446635607310277e-01
1.950000000000000899e-01,9.435865090033661584e-01,3.835563755289786769e+00,-5.703268405437696629e+02,1.477937655243883874e-01
2.000000000000000944e-01,9.643935254329313311e-01,4.681168592714078258e+00,1.082420537854156009e+03,-3.146942908813703532e-01
2.050000000000000988e-01,9.836529819711792300e-01,3.679107072428937641e+00,-1.135357752887486242e+02,3.135952159877402057e-01
2.100000000000001033e-01,1.001363303090766932e+00,3.743888603333271003e+00,4.782541611159540480e+02,-2.755991891360993762e-01
2.150000000000001077e-01,1.018821490102875371e+00,3.244375359881546128e+00,-8.489438887608644109e+02,3.811272710100923611e-01
2.200000000000001121e-01,1.034781953786335418e+00,3.119295058097795170e+00,-6.946298761609200767e+01,-1.579786344485101246e-01
2.250000000000001166e-01,1.050199678532695469e+00,2.740942045263613291e+00,-8.948859041568022121e+02,8.041901622368943237e-01
2.300000000000001210e-01,1.065577210126375185e+00,2.788376741066456166e+00,-1.019763475184067829e+02,1.277601962150818338e-01
2.350000000000001255e-01,1.079562647687672294e+00,2.320367187076135984e+00,-7.472937720607766323e+02,1.358741485458850207e+00
2.400000000000001299e-01,1.093575212939883912e+00,2.106887729245062069e+00,-6.386836230988270700e+02,7.496206729884453690e-01
2.450000000000001343e-01,1.107172625188038051e+00,1.999118360540788952e+00,-9.472725601745970607e+02,1.976007654036337158e+00
2.500000000000001110e-01,1.121031685413399925e+00,2.337993751687076571e+00,-9.283229338315105679e+02,1.055128127976198593e+00
2.550000000000001155e-01,1.135143686704225940e+00,2.702264705328553784e+00,-1.043541721937762304e+03,1.418955892757609361e+00
2.600000000000001199e-01,1.148553483026053534e+00,3.544664753866973328e+00,1.743858611758162851e+03,2.491522842271781002e+00
2.650000000000001243e-01,1.160322359404515113e+00,1.654189926003756472e+00,-8.161883038122696234e+02,1.379554174237321851e+00
2.700000000000001288e-01,1.172802341076881305e+00,2.151372688979834802e+00,-8.426811510966326750e+02,1.054430684218057968e+00
2.750000000000001332e-01,1.183914412851087006e+00,2.123204366008735633e+00,-4.363593792780263811e+02,9.092053365488677041e-01
2.800000000000001377e-01,1.194466971932331534e+00,2.996164913139667263e+00,1.814759941713413809e+03,1.821360262874044844e+00
2.850000000000001421e-01,1.203231315483582087e+00,1.669229920710821435e+00,3.949801871355828808e+01,1.013569589911738067e+00
2.900000000000001465e-01,1.211445739746740191e+00,1.381332757197097028e+00,-2.868288950232227297e+00,1.935996661160204191e+00
2.950000000000001510e-01,1.218351632835083187e+00,9.875969193444246175e-01,-9.941246655113880024e+02,2.150602497151078651e+00
3.000000000000001554e-01,1.225190036843905039e+00,1.085744277046834849e+00,-7.131744103516602991e+02,1.923948123634509511e+00
3.050000000000001599e-01,1.231141280604490573e+00,1.996141706513655523e+00,1.559726870426215328e+03,2.077141814988753055e+00
3.100000000000001643e-01,1.236595926263832412e+00,4.664164615623258014e-01,-7.215720014314999844e+02,9.970971499544507566e-01
3.150000000000001688e-01,1.240992942937091614e+00,6.507821217061281471e-01,-9.432364527215371481e+02,5.433055984481276468e-01
3.200000000000001732e-01,1.244827448268062575e+00,1.499154801749470023e+00,1.369902008867228687e+03,9.911395411478324258e-01
3.250000000000001776e-01,1.246551582539513703e+00,-3.198025160656412513e-01,-6.679925605355714424e+02,5.476545792612625974e-01
3.300000000000001821e-01,1.249147164317009340e+00,4.159902601344018791e-01,-6.318074772918510007e+02,3.154243400090653848e-01
3.350000000000001865e-01,1.249059590599803204e+00,-1.116556896759813844e-01,-2.202673953850456101e+01,6.225816004907103185e-01
3.400000000000001910e-01,1.248540520789946040e+00,-4.116819549293762592e-01,-3.074204761231607677e+02,8.016533311835112308e-01
3.450000000000001954e-01,1.248759459628669077e+00,-1.568419686121541867e-01,-6.275528723967510132e+02,-1.934349810754246446e-01
3.500000000000001998e-01,1.246876339902843078e+00,-4.901983636581759840e-01,-2.119372678316415204e+01,-1.553976689018706780e-01
3.550000000000002043e-01,1.244220232829602368e+00,-5.450602481193514981e-01,6.477193745514662737e+01,-1.462466751459045256e+00
3.600000000000002087e-01,1.240528995234901677e+00,-8.297758998938474795e-01,-2.118234140463016217e+02,-2.290919036983835255e+00
3.650000000000002132e-01,1.236169994101491865e+00,-9.867635036152460071e-01,-2.259136682524668913e+02,-3.835359331736025279e+00
3.700000000000002176e-01,1.229573357615697748e+00,-1.535905496948019033e+00,-2.160507667626967887e+01,-3.872787145890034033e+00
3.750000000000002220e-01,1.219292440998465343e+00,-2.387688710866395336e+00,-2.508780325876018651e+02,-4.102937786264605258e+00
3.800000000000002265e-01,1.208063709977150513e+00,-2.175078811321792926e+00,-6.120087180622936529e+01,-3.759692513015754578e+00
3.850000000000002309e-01,1.194259144996637545e+00,-3.089967133667199217e+00,-2.214302828726636392e+02,-3.489116943090186496e+00
3.900000000000002354e-01,1.178156030874739191e+00,-3.199142518840762506e+00,-3.978856016158425035e+01,-2.871074900929917462e+00
3.950000000000002398e-01,1.159711009511823043e+00,-3.949721174903319199e+00,-1.965568552696337576e+02,-2.584385976428633214e+00
4.000000000000002442e-01,1.139316345434290056e+00,-4.104003767106148004e+00,1.120040548357540722e+01,-1.887771291026087095e+00
4.050000000000002487e-01,1.116923036973153760e+00,-4.685891866454960919e+00,-1.654487507726524314e+02,-1.661770842439342477e+00
4.100000000000002531e-01,1.093259955883984613e+00,-4.732391445833974863e+00,6.919724890905800407e+01,-1.062272831398420880e+00
4.150000000000002576e-01,1.068244827797860008e+00,-5.151182727544496132e+00,-1.310398808928448773e+02,-9.293703132157133950e-01
4.200000000000002620e-01,1.042798446180590366e+00,-5.051695072105020223e+00,8.134920005927979503e+01,-4.505296560666254280e-01
4.250000000000002665e-01,1.016739330844580458e+00,-5.308255855736545570e+00,-1.140279823488166073e+02,-3.931104909907245926e-01
4.300000000000002709e-01,9.905160356583002645e-01,-5.172299092862266967e+00,8.138038012657995068e+01,5.939783351545546708e-03
4.350000000000002753e-01,9.646043373801356235e-01,-5.180366421906420271e+00,-6.201700943591437465e+01,-5.535790518940597593e-03
4.400000000000002798e-01,9.391397604207839533e-01,-5.015509779243648047e+00,1.149034711317148805e+02,3.799997777387149611e-01
4.450000000000002842e-01,9.150211461661076351e-01,-4.701090421751916715e+00,2.655542759440188583e+00,2.657759398660362038e-01
4.500000000000002887e-01,8.930691554501237750e-01,-4.192212235283117927e+00,1.575710523701338275e+02,5.493962914998262725e-01
4.550000000000002931e-01,8.741226120155689561e-01,-3.530954154597953920e+00,6.686957733328686970e+01,3.080621204511018174e-01
4.600000000000002975e-01,8.594195264623465391e-01,-2.602753852724923878e+00,1.767155631567458727e+02,5.277411432946346181e-01
4.650000000000003020e-01,8.493141182483628926e-01,-1.629697655891836572e+00,2.028612239468766916e+02,1.266294282414611727e-01
4.700000000000003064e-01,8.439724628817535379e-01,-6.885063832308632170e-01,2.198494188943986103e+02,1.400718097676355578e-01
4.750000000000003109e-01,8.437504433518796532e-01,3.448845528972435681e-01,1.430628926355848023e+02,-1.731436176978626840e-01
4.800000000000003153e-01,8.485228512539929602e-01,1.282186091871288847e+00,1.655447707699526347e+02,-1.152812987624658447e-01
4.850000000000003197e-01,8.561241001164612285e-01,1.479136465226141617e+00,-1.561654129527777490e+00,-9.667514537544896758e-02
4.900000000000003242e-01,8.641615342283822665e-01,1.576781263728161742e+00,-9.240057457832410392e+00,4.415435696814449251e-01
4.950000000000003286e-01,8.721498602423227720e-01,1.752558392572742596e+00,4.836989160072247387e+02,6.807293596629285792e-01
5.000000000000003331e-01,8.799697890470027373e-01,1.234618984718596657e+00,-4.449016108365216837e+02,9.631052279969967156e-01
5.050000000000003375e-01,8.881316367098073261e-01,1.566164383470185939e+00,-2.098197347869685814e+00,9.830480026697968610e-01
5.100000000000003419e-01,8.960435921450073948e-01,1.905719994965249908e+00,4.998170624109759501e+02,1.615621265512865223e+00
5.150000000000003464e-01,9.040824422993766207e-01,1.542896935545997383e+00,-1.193972733502568815e+02,1.096936859297937605e+00
5.200000000000003508e-01,9.119216809661838674e-01,1.519982242232600589e+00,-7.454198491945636817e+01,1.644690017591011078e+00
5.250000000000003553e-01,9.199569167548745652e-01,1.482742391069074683e+00,-1.094296921362709440e+02,1.079789392670585269e+00
5.300000000000003597e-01,9.280840029132323421e-01,1.666344148905340772e+00,-8.436491020229827598e+01,9.741285099416825410e-01
5.350000000000003642e-01,9.357180622916309032e-01,1.500697101678607037e+00,-7.755444543995753293e+01,3.138348889363223870e-01
5.400000000000003686e-01,9.433338387871345043e-01,1.556896920933038109e+00,6.958438352142417216e+01,1.517303771771068011e-01
5.450000000000003730e-01,9.506289833562923119e-01,1.411780992423181669e+00,-7.808866075098835324e+01,-9.471305488841031961e-01
5.500000000000003775e-01,9.569676291867587059e-01,1.266570029083441629e+00,-6.800904059563552551e+01,-1.579103645048238747e+00
5.550000000000003819e-01,9.621123685458923269e-01,9.020400670937029908e-01,-7.816202411431569885e+01,-2.470291695835648671e+00
5.600000000000003864e-01,9.675291477365076664e-01,1.184282476062151535e+00,5.745857061482993799e+00,-2.660389718801665193e+00
5.650000000000003908e-01,9.748243521816357671e-01,1.449578347173636761e+00,1.356526368940591283e+02,-2.685784428548990022e+00
5.700000000000003952e-01,9.818167033621468809e-01,1.343301488742782990e+00,2.909609702258893904e+01,-3.326123697618379893e+00
5.750000000000003997e-01,9.893101054412151152e-01,1.568003788551077138e+00,2.361220262351360475e+02,-2.842176386866098081e+00
5.800000000000004041e-01,9.964632292232156185e-01,1.337115035529920171e+00,5.921586418487231640e+01,-3.760892837698556868e+00
5.850000000000004086e-01,1.004098269125252907e+00,1.635804187167485990e+00,2.956202494100447780e+02,-3.181028669061980896e+00
5.900000000000004130e-01,1.012139022802719168e+00,1.585497522569254913e+00,9.797959531404266897e+01,-3.687731118027508970e+00
5.950000000000004174e-01,1.021188340981725506e+00,1.971643756987853768e+00,3.472446987849933748e+02,-2.701199185789517010e+00
6.000000000000004219e-01,1.031132567715380421e+00,1.975275193757971781e+00,4.298978482459158101e+01,-3.963555740821824713e+00
6.050000000000004263e-01,1.041882140745573393e+00,2.211507342458789438e+00,1.957606298580720363e+02,-3.205391612987155803e+00
6.100000000000004308e-01,1.053499744576652297e+00,2.242159036495937841e+00,-2.016399148603257743e+02,-4.787943973306410861e+00
6.150000000000004352e-01,1.064513849658377920e+00,2.197303252116224126e+00,5.784933773225486853e+00,-4.254073816150574672e+00
6.200000000000004396e-01,1.074146272095339638e+00,1.699255746229000774e+00,-1.699757187334626849e+02,-5.017914696963038601e+00
6.250000000000004441e-01,1.080768080355538618e+00,1.097156904466281002e+00,-9.183402987734274348e+01,-4.363031837111289946e+00
6.300000000000004485e-01,1.089151399638130568e+00,2.058004279585050611e+00,1.804208577374744493e+02,-4.201777481703805606e+00
6.350000000000004530e-01,1.102097809741371393e+00,2.679398447179717202e+00,4.454236671557894738e+02,-2.405309459912994274e+00
6.400000000000004574e-01,1.113120347147880551e+00,1.770603147301282210e+00,-1.159326734664995229e+03,-5.348472371105186252e-01
6.450000000000004619e-01,1.125895840679465909e+00,2.277632000769254983e+00,-7.901635534761243207e+02,2.596630849287379750e+00
6.500000000000004663e-01,1.137238549566249368e+00,1.996417763036116844e+00,2.796731336458876171e+02,4.912144611657316418e+00
6.550000000000004707e-01,1.146989091412481399e+00,1.838652672286055667e+00,-1.450033131809208726e+03,4.524803974356914615e+00
6.600000000000004752e-01,1.157115603789139024e+00,2.977281627681264364e+00,1.638845283019370299e+03,3.544822716364583126e+00
6.650000000000004796e-01,1.165774899361374572e+00,1.324093377063213950e+00,-1.040617156608353071e+03,5.684158184953214121e-01
6.700000000000004841e-01,1.172435822602466260e+00,1.240055682342110721e+00,4.054490259763923632e+02,2.819242551720162027e+00
6.750000000000004885e-01,1.177226323210460723e+00,5.142448316334917724e-01,-8.817651786652170358e+02,2.301075573808791130e+00
6.800000000000004929e-01,1.186092060663202608e+00,1.684240242667552012e+00,-8.554634290078918184e+02,1.202491673912500669e+00
6.850000000000004974e-01,1.191468263739365430e+00,1.286662906986339561e+00,4.111157847671083800e+02,1.569374009642301004e+00
6.900000000000005018e-01,1.196742895572153964e+00,7.046094863540018904e-01,-4.255507049361778513e+02,7.938142831338761418e-01
6.950000000000005063e-01,1.203478928513852297e+00,1.998485891116586144e+00,1.634581384802944740e+03,2.292416590020456280e+00
7.000000000000005107e-01,1.208391460792436867e+00,1.038683658977611168e+00,-5.342614604450707247e+02,9.507458368934562642e-02
7.050000000000005151e-01,1.213163797455158566e+00,3.454268169286461854e-01,-4.611998408025595495e+02,1.293273358760492320e+00
7.100000000000005196e-01,1.219202615178896831e+00,1.868805960553103773e+00,1.654227986212423957e+03,2.473105404633688220e+00
7.150000000000005240e-01,1.224125573872762551e+00,1.146881118857299819e+00,-4.201604369583633343e+02,1.803529374022557752e-01
7.200000000000005285e-01,1.227344794338794509e+00,3.690464956488050396e-01,-4.786927022350002972e+02,9.857356126914007532e-01
7.250000000000005329e-01,1.233451509686110503e+00,1.832956532732826771e+00,1.422037282112553839e+03,1.926550213391764910e+00
7.300000000000005373e-01,1.238186930709460620e+00,1.111564475467798907e+00,-3.936435448818943996e+02,1.457059107335595405e-01
7.350000000000005418e-01,1.242459117257197043e+00,7.474306878318164316e-01,-3.644623454399243201e+02,3.289613585782006355e-01
7.400000000000005462e-01,1.245109138387772374e+00,1.507718476240929917e+00,1.273525505664561479e+03,1.293643345522294208e+00
7.450000000000005507e-01,1.248895792648291980e+00,9.468156220471991569e-01,-2.177023770473203967e+02,-3.621389508028198811e-01
7.500000000000005551e-01,1.250893901785876672e+00,5.574945290527028030e-01,-1.747880021346308013e+02,-4.971812074828889094e-01
7.550000000000005596e-01,1.252709310413848698e+00,3.315406909245191547e-01,-1.951750378179557401e+02,-3.530157976512007800e-01
7.600000000000005640e-01,1.253313510944017661e+00,1.161038182063675733e-01,-1.737680989221534844e+02,-1.741132404494893648e-01
7.650000000000005684e-01,1.254145087495231348e+00,6.550573301393511350e-02,-9.972593492158401318e+01,-1.238742488456855417e-01
7.700000000000005729e-01,1.254728157523048671e+00,-6.284591235570574641e-02,-2.132047771241050498e+02,-2.591047357400521611e-01
7.750000000000005773e-01,1.255215940861475143e+00,-1.082443089017889049e-01,-2.212456842365846228e+02,-5.455699405781510025e-01
7.800000000000005818e-01,1.255316127810498061e+00,-1.485155808757561147e-01,-1.868331410157711900e+02,-8.786357146396441831e-01
7.850000000000005862e-01,1.255735995069099387e+00,-1.143858881380229453e-01,-1.452095309972474411e+02,-1.234258988399726809e+00
7.900000000000005906e-01,1.255901274968726611e+00,-8.990850122301898006e-02,-1.224891477166774649e+02,-1.765595313067444216e+00
7.950000000000005951e-01,1.256005525410514467e+00,-5.649193854236910645e-02,-8.389205647176326863e+01,-2.052512430879977146e+00
8.000000000000005995e-01,1.255780136057693230e+00,-2.038848514998701233e-01,-1.105876970097834828e+02,-2.420577439366071726e+00
8.050000000000006040e-01,1.255830300392395182e+00,-1.933146945578844908e-02,7.487799188015473817e+01,-2.833791023583579261e+00
8.100000000000006084e-01,1.255652970424605108e+00,-2.863338163531747513e-02,1.886332079597709876e+00,-4.146414513450795702e+00
8.150000000000006128e-01,1.255108417020702305e+00,-1.245735351491420867e-01,5.154570597870341686e+01,-4.010392703489508825e+00
8.200000000000006173e-01,1.254396814876217015e+00,-1.609725179807555417e-01,4.280972199098366815e+01,-4.188678859138835087e+00
8.250000000000006217e-01,1.253492330481012829e+00,-2.731106487851232556e-01,-6.998584052829147595e+01,-4.342795458506784279e+00
8.300000000000006262e-01,1.252431359719411441e+00,-2.109397341971749607e-01,6.267573467756225369e+01,-5.511501749256304983e+00
8.350000000000006306e-01,1.251061645309460957e+00,-1.868846878997320882e-01,9.982371567011105640e+01,-5.373498942119703692e+00
8.400000000000006350e-01,1.249546188108383138e+00,-4.108915627506035118e-01,-2.311961370344861848e+02,-5.470640868352815822e+00
8.450000000000006395e-01,1.248154058568531344e+00,-2.340570981449847099e-01,1.876612495713025908e+02,-6.246207420747128758e+00
8.500000000000006439e-01,1.246552450818050994e+00,-3.995569646449714241e-01,-1.755832012854045274e+02,-6.240985109064831171e+00
8.550000000000006484e-01,1.245047286644444418e+00,-1.830439802209416766e-01,1.148858348167684937e+02,-6.843516108750160143e+00
8.600000000000006528e-01,1.243218312830881134e+00,-4.969120438125162464e-01,-2.967339255780665894e+02,-6.697249626057358185e+00
8.650000000000006573e-01,1.241120941062294980e+00,-4.060316514762552509e-01,7.160527164805446887e+01,-6.769120382434478778e+00
8.700000000000006617e-01,1.238907012956525389e+00,-3.424430343076731997e-01,8.360829292566680238e+01,-6.694890157313547085e+00
8.750000000000006661e-01,1.236144378495455332e+00,-5.469176199988154963e-01,6.967475105741858954e+01,-6.888881215383811707e+00
8.800000000000006706e-01,1.233148153914069400e+00,-6.372749967833172269e-01,6.971653916649066218e+01,-5.929055086757527349e+00
8.850000000000006750e-01,1.229673370842283786e+00,-7.059731945049336765e-01,9.299143435612035091e+01,-5.851293755357934501e+00
8.900000000000006795e-01,1.226357179617192816e+00,-6.070094917964404813e-01,8.477504628689126775e+01,-5.750710676453083536e+00
8.950000000000006839e-01,1.226208801802101123e+00,1.598109940010649099e-01,-5.362467296266790839e+01,-6.252588218906449669e+00
9.000000000000006883e-01,1.230484392648639069e+00,8.747326844215257413e-01,7.038946487568797750e+01,-5.753326350410229217e+00
9.050000000000006928e-01,1.237058075927606637e+00,1.446845927288537004e+00,-8.990701123978730891e+01,-5.693756460724441304e+00
9.100000000000006972e-01,1.245277187627173543e+00,1.443209255027228854e+00,-2.220519622035880403e+01,-4.285135592179091901e+00
9.150000000000007017e-01,1.250961894038336686e+00,1.114064307682486987e+00,1.178444089822428538e+02,-3.695594859973883928e+00
9.200000000000007061e-01,1.252738119958880514e+00,6.103358823109667625e-02,-5.213040700100577851e+01,-2.787421625087631583e+00
9.250000000000007105e-01,1.250831388212172657e+00,-8.271414870809759012e-01,-3.478020275062132214e+02,-2.952459901268626563e+00
9.300000000000007150e-01,1.244820629746079765e+00,-1.410720204158422586e+00,2.390124177654891380e+00,-2.426099544001125707e+00
9.350000000000007194e-01,1.236439678775637985e+00,-2.013667154425593520e+00,-2.044265137866968018e+02,-2.537928911000908005e+00
9.400000000000007239e-01,1.225830330239114252e+00,-2.195825409907442349e+00,-9.825502259275437211e+01,-2.367579167326518075e+00
9.450000000000007283e-01,1.213246748249718898e+00,-2.672553803374166925e+00,-1.617468945131103908e+02,-2.307441417510229797e+00
9.500000000000007327e-01,1.200017850323292112e+00,-2.663207479485200757e+00,1.076823968673629111e+02,-2.007110957397409301e+00
9.550000000000007372e-01,1.185985768501648163e+00,-2.842672200420688799e+00,-7.446813487154760480e+01,-2.162307962082537394e+00
9.600000000000007416e-01,1.172274368020612467e+00,-2.626441545651649445e+00,1.601207532446053676e+02,-1.812895674801597634e+00
9.650000000000007461e-01,1.158865020695389658e+00,-2.722524461656537387e+00,-1.147232963109620414e+02,-2.124227483791253590e+00
9.700000000000007505e-01,1.146371673243896661e+00,-2.346819386099548321e+00,1.776851279691841796e+02,-1.963534024612979101e+00
9.750000000000007550e-01,1.134505544871612148e+00,-2.367574805117466763e+00,-9.072174150214011945e+01,-2.143325149983585920e+00
9.800000000000007594e-01,1.123989517834770302e+00,-1.950276908757463845e+00,1.676650865678084585e+02,-2.088899654667237371e+00
9.850000000000007638e-01,1.114245276552485064e+00,-1.942793996792001154e+00,-9.745020709395451775e+01,-2.325022852350594249e+00
9.900000000000007683e-01,1.105911194749823911e+00,-1.512260874256788679e+00,1.602506003446241039e+02,-2.267187735134171600e+00
9.950000000000007727e-01,1.098388260272372241e+00,-1.489423753643197346e+00,-9.180897401351798237e+01,-2.492658005203612692e+00
1.000000000000000666e+00,1.092244226520422412e+00,-1.094312127062785578e+00,1.343775973720959769e+02,-2.498081664273565927e+00
1.005000000000000560e+00,1.086780075532470358e+00,-1.083218500640680482e+00,-1.001788389287992942e+02,-2.719994330486642742e+00
1.010000000000000453e+00,1.082456366805174763e+00,-7.708592891727436003e-01,7.913662042561705334e+01,-2.724928760209616829e+00
1.015000000000000346e+00,1.078751867546066334e+00,-7.041124124890246749e-01,-4.620197336476182670e+01,-2.904489558320328513e+00
1.020000000000000240e+00,1.075575486639316791e+00,-5.479097085089805752e-01,1.218610303675121855e+02,-2.965265979422210041e+00
1.025000000000000133e+00,1.072632476123125400e+00,-6.151617605455665938e-01,-6.696842973450466729e+01,-3.153486799734014578e+00
1.030000000000000027e+00,1.070146837663328521e+00,-3.482922915418180110e-01,1.853666398880968984e+02,-3.079663755500039457e+00
1.034999999999999920e+00,1.067904061287135553e+00,-4.566138354852969927e-01,-6.144913127833276256e+00,-3.221359760630840174e+00
1.039999999999999813e+00,1.065687263815192631e+00,-4.661903736010285515e-01,-6.976345813125230677e+01,-3.093529070965518990e+00
1.044999999999999707e+00,1.063627243375026010e+00,-3.871062889213659486e-01,-3.649863183402869415e-01,-3.101999153269482168e+00
1.049999999999999600e+00,1.061910593654127100e+00,-3.101542881716493616e-01,4.363625274678379640e+01,-3.385578868443098521e+00
1.054999999999999494e+00,1.060083829548206236e+00,-4.265644335385970765e-01,-1.216381325765140957e+02,-3.214624608031082076e+00
1.059999999999999387e+00,1.057180632573252010e+00,-7.759262980731922443e-01,-1.290052698736309651e+02,-2.806824827369871933e+00
1.064999999999999281e+00,1.052073180194622370e+00,-1.191991898388941706e+00,-5.695479199515607860e+01,-2.232848593967605488e+00
1.069999999999999174e+00,1.044397318131645269e+00,-1.738814634671246306e+00,-1.216699850107858651e+02,-1.435595976597285883e+00
1.074999999999999067e+00,1.033924568838733737e+00,-2.388163276696309900e+00,-2.088970696004450076e+02,-1.240502632713929909e+00
1.079999999999998961e+00,1.021135856540669407e+00,-2.718659659714891319e+00,-5.659866285992236357e+01,-6.631327140740168602e-01
1.084999999999998854e+00,1.006001189512246263e+00,-3.215104771825668450e+00,-1.261443554259955846e+02,-2.092621964031946558e-01
1.089999999999998748e+00,9.887794682742302443e-01,-3.504567247577902389e+00,5.674918698095223135e+01,2.995826118863798015e-02
1.094999999999998641e+00,9.695277049601571662e-01,-3.997624636740027437e+00,-9.541632381477387526e+01,3.536513633637383691e-01
1.099999999999998535e+00,9.489607302566203106e-01,-4.140161905815854304e+00,8.149832090444863297e+01,7.526152676161284028e-01
1.104999999999998428e+00,9.275513376488500050e-01,-4.329662353404117425e+00,-2.731744242758817975e+01,5.651557323837241853e-01
1.109999999999998321e+00,9.057206642473764058e-01,-4.360402675298688635e+00,3.457253023272961912e+01,4.960169088422414774e-01
1.114999999999998215e+00,8.837810027592967188e-01,-4.369445981304965088e+00,-1.214899986419470856e+01,8.428473351425549431e-01
1.119999999999998108e+00,8.621622113920610619e-01,-4.249371119633460481e+00,8.438507669464387106e+01,8.716291180052420096e-01
1.124999999999998002e+00,8.407396153476706102e-01,-4.274083941537286435e+00,-2.179834331303565165e+01,6.642010333536112476e-01
1.129999999999997895e+00,8.199820624319081874e-01,-4.048303606057736204e+00,9.141288431428526451e+01,1.175046169195664625e+00
1.134999999999997788e+00,7.996589226404074990e-01,-4.036879849523204555e+00,-7.079674094839229603e+00,9.458749589081967279e-01
1.139999999999997682e+00,7.799149707233861140e-01,-3.875040123821900551e+00,6.445900766655952907e+01,9.411932137170184731e-01
1.144999999999997575e+00,7.608110721993275316e-01,-3.758157927942795684e+00,-1.063467258587470710e+00,1.225051104376053246e+00
1.149999999999997469e+00,7.423681762450389243e-01,-3.588509924386240613e+00,1.015006221776132804e+02,1.168175961979171618e+00
1.154999999999997362e+00,7.243163683950616383e-01,-3.582214221060883830e+00,-1.199563703751918986e+01,9.098403543785371639e-01
1.159999999999997256e+00,7.071137913714286016e-01,-3.317899170760496563e+00,9.841026345039787770e+01,1.424390087898865787e+00
1.164999999999997149e+00,6.905588036244463268e-01,-3.256225704634314155e+00,1.337931844167084705e+01,1.138444100798562841e+00
1.169999999999997042e+00,6.748361507860773933e-01,-3.049589281933614782e+00,7.122507006431416698e+01,1.133873156136285365e+00
1.174999999999996936e+00,6.600819118846499300e-01,-2.860576881013296546e+00,1.329043278826978280e+01,1.494383578932145573e+00
1.179999999999996829e+00,6.464601698577692179e-01,-2.581854171422299782e+00,1.241135557594333676e+02,1.411325423474445895e+00
1.184999999999996723e+00,6.338022970614430873e-01,-2.459744033146474607e+00,8.898538344717252357e+00,1.182007301936487842e+00
1.189999999999996616e+00,6.370911716751862519e-01,9.585895859812694209e-01,1.701770638814592758e+02,1.859672848164939385e-02
1.194999999999996509e+00,6.468932458740422886e-01,2.559020265624411650e+00,2.381300895068925172e+02,9.578614458347629590e-01
1.199999999999996403e+00,6.594422010306699722e-01,2.379386266649348158e+00,2.690358507442718405e+02,3.374416840367040482e+00
1.204999999999996296e+00,6.712142025457036310e-01,2.377043416179549506e+00,6.779405191673761237e+02,6.078165815234736868e+00
1.209999999999996190e+00,6.820941235841188055e-01,2.223838952610362352e+00,8.647587795968656792e+02,7.433178197461443482e+00
1.214999999999996083e+00,6.920914730857878894e-01,2.226689110672212202e+00,1.228496608657835623e+03,8.355735770010213059e+00
1.219999999999995977e+00,7.010961971518633318e-01,1.851443039819395509e+00,6.587758821762924981e+02,8.541256022439309703e+00
1.224999999999995870e+00,7.101211013647203973e-01,1.965032667592249371e+00,3.654394239924818066e+02,8.355203344640731444e+00
1.229999999999995763e+00,7.183940900171981170e-01,1.283433527690521769e+00,-3.729214047777654173e+02,8.085557983290021511e+00
1.234999999999995657e+00,7.249688647592835711e-01,1.506961692205694980e+00,1.108590785648313641e+02,8.014597035306533002e+00
1.239999999999995550e+00,7.311619504133021197e-01,9.747362228941779394e-01,-9.768613703219059516e+02,8.104035856264408366e+00
1.244999999999995444e+00,7.393678751809270588e-01,1.678572590901332262e+00,4.986767475039190458e+02,9.014195169998499679e+00
1.249999999999995337e+00,7.450602282289200406e-01,7.732296132162101987e-01,-1.129958334344125888e+03,8.147055334009277061e+00
1.254999999999995230e+00,7.531062284366035753e-01,1.966511335775835256e+00,8.669630264097925192e+02,8.538218296638676819e+00
1.259999999999995124e+00,7.599266303369134334e-01,9.481176374730456713e-01,-9.800080874088927203e+02,7.546425935601540402e+00
1.264999999999995017e+00,7.680485493373118144e-01,2.057750640057215197e+00,9.519201233856857698e+02,7.830154775409900125e+00
1.269999999999994911e+00,7.754664504695156779e-01,1.122893357041512941e+00,-9.134049091174618979e+02,6.930040507116211224e+00
1.274999999999994804e+00,7.840608849551544690e-01,2.106169639710540942e+00,8.706758725069106504e+02,7.244769458223466074e+00
1.279999999999994698e+00,7.920657809240360114e-01,1.271441773644713225e+00,-8.512085437271334740e+02,6.641528918382803681e+00
1.284999999999994591e+00,8.012471640748942692e-01,2.177969051033983749e+00,7.650531392591625490e+02,6.880211244139671223e+00
1.289999999999994484e+00,8.100126463566946766e-01,1.470383209843309835e+00,-7.386741211093299171e+02,6.482250349821181423e+00
1.294999999999994378e+00,8.198478397636159709e-01,2.254956597511551752e+00,6.593226479916206699e+02,6.655561990073998402e+00
1.299999999999994271e+00,8.292852884578141293e-01,1.629766352958960995e+00,-6.761690236471284834e+02,6.401921216505700230e+00
1.304999999999994165e+00,8.397872633236619366e-01,2.326735619523980780e+00,5.383566730765753618e+02,6.691216388650231828e+00
1.309999999999994058e+00,8.498868072851079036e-01,1.780467672061650797e+00,-6.183364207466634070e+02,6.303530799223603154e+00
1.314999999999993952e+00,8.609120594446731944e-01,2.354661929071816484e+00,4.040303076795993320e+02,6.536091144704211153e+00
1.319999999999993845e+00,8.714373588425532446e-01,1.893603311902378961e+00,-5.245270878388618030e+02,6.466396531652529589e+00
1.324999999999993738e+00,8.825719206843798403e-01,2.324832943876820046e+00,3.256590803671016374e+02,6.515581517907315323e+00
1.329999999999993632e+00,8.931782356755214591e-01,1.895188254925499249e+00,-5.031284925071168459e+02,6.225462076638089925e+00
1.334999999999993525e+00,9.044686821211269656e-01,2.341344302337110772e+00,3.376761353627418316e+02,6.272813311106620660e+00
1.339999999999993419e+00,9.150590758177080675e-01,1.933642730158182221e+00,-4.018686368567602472e+02,5.971980177711061266e+00
1.344999999999993312e+00,9.259417048795163252e-01,2.201938677058585370e+00,2.080050655152092247e+02,6.291405913202424927e+00
1.349999999999993205e+00,9.362443680492635867e-01,1.838886679573142446e+00,-4.742979349554532291e+02,6.161928737404541501e+00
1.354999999999993099e+00,9.469481740328583586e-01,2.212854294258936427e+00,3.288683387013258539e+02,6.151693186782174472e+00
1.359999999999992992e+00,9.566933114009519290e-01,1.684012010692043093e+00,-5.175578881918989964e+02,5.921688467973338810e+00
1.364999999999992886e+00,9.669147979701342432e-01,2.099443341862259782e+00,2.559213162365658434e+02,6.294053773353128101e+00
1.369999999999992779e+00,9.763071292668310530e-01,1.649791592319690636e+00,-4.429255629817315025e+02,6.175147236586985500e+00
1.374999999999992673e+00,9.856917079069377197e-01,1.827311360134804108e+00,1.438732888370726926e+02,6.001335627937838701e+00
1.379999999999992566e+00,9.941390887423214862e-01,1.321319615328387487e+00,-7.737894531082556568e+02,6.018002239641613293e+00
1.384999999999992459e+00,1.002808925389992112e+00,1.532157046172155646e+00,9.967250604568354433e+00,6.169226821718484466e+00
1.389999999999992353e+00,1.010183992496189287e+00,1.061937109754483632e+00,-8.169748314798486035e+02,6.067527853604521404e+00
1.394999999999992246e+00,1.017692406319321119e+00,1.127592901161345251e+00,-3.121900299419992848e+02,5.820331187691715868e+00
1.399999999999992140e+00,1.024078145507578474e+00,8.575372576610987840e-01,-9.321956302011810749e+02,6.267277545401395145e+00
1.404999999999992033e+00,1.030655423745148846e+00,1.092578987446895189e+00,-2.627332395196514199e+02,6.055265013660663165e+00
1.409999999999991926e+00,1.036046783247001946e+00,7.805751045261054566e-01,-1.154351904418888580e+03,5.345665580104212111e+00
1.414999999999991820e+00,1.040720792348903467e+00,1.009164935381980488e+00,1.581931500431983011e+02,5.200960539537867078e+00
1.419999999999991713e+00,1.044513676007058578e+00,5.781869941808411850e-01,-7.129202456311463720e+02,4.856127056806637476e+00
1.424999999999991607e+00,1.047594538548853871e+00,9.365068684954861444e-01,7.075073930659369807e+02,4.843533950220559881e+00
1.429999999999991500e+00,1.050119093598134157e+00,3.816272854237610090e-01,-3.055724863229565926e+02,4.174166939824108802e+00
1.434999999999991394e+00,1.052364248455944118e+00,9.674345726176655225e-01,1.126770042738543907e+03,4.753037336470993246e+00
1.439999999999991287e+00,1.054446012253062337e+00,4.291636929293451974e-01,1.374561806252319514e+02,3.935385354077815201e+00
1.444999999999991180e+00,1.056311048432208688e+00,1.155355278047454304e+00,1.427847171557797537e+03,3.692162537823343360e+00
1.449999999999991074e+00,1.057850772841118614e+00,4.705983487829359380e-01,2.731413228474944503e+02,3.164266108594644411e+00
1.454999999999990967e+00,1.059532540670252931e+00,4.985616247034342918e-01,3.346735168598054884e+02,2.765844485188592827e+00
1.459999999999990861e+00,1.060474434756777606e+00,-4.352528428263595650e-01,-9.582515752197275560e+02,3.247086041264406475e+00
1.464999999999990754e+00,1.063032265938510523e+00,2.783638293119135645e-02,-3.346985170078880856e+02,2.853237277142944617e+00
1.469999999999990647e+00,1.065744168949395609e+00,4.321086138463692827e-01,-8.666635193116403570e+02,2.838970074283128753e+00
1.474999999999990541e+00,1.067767988756913589e+00,9.798829388691757680e-01,1.202011808072328449e+03,2.390011776327344073e+00
1.479999999999990434e+00,1.070187306751846368e+00,1.341498041626339122e+00,1.131782682479258256e+03,1.907773007178585001e+00
1.484999999999990328e+00,1.071661301039240843e+00,-1.570123383638738490e-01,-4.641243516476034188e+02,1.376815462635275100e+00
1.489999999999990221e+00,1.074006979456110233e+00,3.356285585501345148e-01,-6.962867743775794906e+02,1.879609852762277544e+00
1.494999999999990115e+00,1.076425627458190037e+00,5.431530344016299860e-01,-3.907445688857242772e+02,7.108594058878017208e-01
1.499999999999990008e+00,1.079335447072089726e+00,1.162559481349216384e+00,1.165796525083405641e+03,1.560712221047116488e+00
1.504999999999989901e+00,1.080922221424535756e+00,-2.220519835490425975e-01,-5.634824246387029234e+02,1.989348820465813017e-01
1.509999999999989795e+00,1.083368457409568109e+00,3.257354486991233533e-01,-5.694574478651840082e+02,1.022981539934909145e+00
1.514999999999989688e+00,1.084939086597685565e+00,5.473424081337077141e-01,3.951341693507259833e+02,3.010042762841829145e-01
1.519999999999989582e+00,1.087546686660324946e+00,9.516117429184292043e-01,9.189616924208313549e+02,4.093638632366567998e-01
1.524999999999989475e+00,1.088964222125010872e+00,-1.529095433854278097e-01,-4.626727004852823484e+02,-5.832212691220681755e-01
1.529999999999989369e+00,1.091267898599509234e+00,3.155513054270955853e-01,-5.383409231061809805e+02,3.177266116349364844e-01
1.534999999999989262e+00,1.092771805271733010e+00,6.530294163636647387e-01,7.003324132647076112e+02,-3.023103196347738386e-01
1.539999999999989155e+00,1.094408294075781551e+00,6.586941313578930091e-01,5.609209220495124555e+02,-4.323248506445359074e-01
1.544999999999989049e+00,1.095643843169259002e+00,-9.218075837683512019e-02,-3.641812649381900542e+02,-1.142479462917006527e+00
1.549999999999988942e+00,1.097739995778340472e+00,2.875266443612539136e-01,-4.801933351287329970e+02,-3.667381593950748697e-01
1.554999999999988836e+00,1.099091120899927221e+00,5.852729025744405345e-01,6.606879757621024964e+02,-1.027546533752394575e+00
1.559999999999988729e+00,1.100825064003491560e+00,6.228057429681479462e-01,7.680769655550660673e+02,-9.274980402069292751e-01
1.564999999999988622e+00,1.102351886935147851e+00,9.548853683869924502e-01,9.002202894858202171e+02,-1.584181301218303028e+00
1.569999999999988516e+00,1.103235813507197349e+00,-1.942082768435679785e-01,-3.871426535344668878e+02,-1.502099466122181592e+00
1.574999999999988409e+00,1.104388305981012897e+00,6.387183243357671958e-02,-4.256182420718080834e+02,-1.565736053285335716e+00
1.579999999999988303e+00,1.105187030594007247e+00,2.223731502446427422e-01,3.948941763889955325e+01,-1.329025921993042481e+00
1.584999999999988196e+00,1.106113514608485282e+00,4.736655103223056384e-01,5.777852119470020398e+02,-1.904799449404145584e+00
1.589999999999988090e+00,1.106204103645262116e+00,-1.884466987413845884e-01,-2.029647213583918131e+02,-1.778657553224215704e+00
1.594999999999987983e+00,1.106618454440043031e+00,-6.188125757535036658e-02,-3.601148705923966986e+02,-1.882318598426690359e+00
1.599999999999987876e+00,1.106715546460591781e+00,1.875198088328723089e-01,2.957101634009814575e+02,-1.623434281297438053e+00
1.604999999999987770e+00,1.106786887511939765e+00,4.806385318249800642e-01,6.573699665918375104e+02,-2.355500892549377667e+00
1.609999999999987663e+00,1.106196645485946428e+00,-4.042042689308793513e-01,-3.000662492140501172e+02,-2.255788839674028434e+00
1.614999999999987557e+00,1.105821774126016122e+00,-1.900199517328938492e-01,-3.402034359407114152e+02,-2.162287579787875114e+00
1.619999999999987450e+00,1.105024086892715918e+00,9.091144194154698877e-02,4.872500162454429073e+02,-1.833434207069401412e+00
1.624999999999987343e+00,1.103953464479234148e+00,-1.213902574553840930e-01,1.580541845216781951e+02,-2.665864002045926551e+00
1.629999999999987237e+00,1.102860593757775565e+00,-3.469670688223038812e-01,-6.002461737522297369e+01,-1.919750158116546146e+00
1.634999999999987130e+00,1.101832086708470104e+00,-2.721644363269556388e-01,-2.570744962360511181e+02,-2.394363756505668572e+00
1.639999999999987024e+00,1.100195259233635925e+00,-9.001445968028096156e-02,4.999971070565374021e+02,-2.178748721765666030e+00
1.644999999999986917e+00,1.098011535847888576e+00,-6.521936030302759590e-01,-2.490831094083547441e+02,-2.978665714466651071e+00
1.649999999999986811e+00,1.096290142290363923e+00,-3.529425259219216016e-01,-1.674026990672289799e+02,-2.292688920223805660e+00
1.654999999999986704e+00,1.094286084087931155e+00,-2.528867557525494303e-01,3.063884472881037482e+02,-2.321482546049529194e+00
1.659999999999986597e+00,1.091825800260759927e+00,-5.590294117401370944e-01,-2.933937852306697280e+01,-3.093664811918159341e+00
1.664999999999986491e+00,1.089257855299775812e+00,-6.964344599646739020e-01,-2.106937528136051583e+02,-2.653498802393230882e+00
1.669999999999986384e+00,1.086549868810675612e+00,-4.843516819067930079e-01,1.073083368004407987e+02,-2.592000622696753798e+00
1.674999999999986278e+00,1.083630943616345155e+00,-6.410941273566138632e-01,-9.151467805736345440e+01,-3.341140570306288193e+00
1.679999999999986171e+00,1.082484672953746285e+00,-2.637984370673215895e-01,3.345254773484357003e+01,-3.091831062653034312e+00
1.684999999999986064e+00,1.081381497248810053e+00,-7.673901281671724472e-02,1.091304588091476546e+02,-3.593884845947444617e+00
1.689999999999985958e+00,1.081166051330012534e+00,3.258530659073241575e-02,1.099012365982978991e+02,-3.192267456883727039e+00
1.694999999999985851e+00,1.081746646053086902e+00,1.245389392295576103e-01,-5.117441029080226400e+01,-3.647680571947191641e+00
1.699999999999985745e+00,1.083150644886482716e+00,3.422787202872911161e-01,4.630032421329522663e+01,-3.492931346380204971e+00
1.704999999999985638e+00,1.085245487305078527e+00,4.392065674841071354e-01,-6.188933672354327342e+01,-3.826955737952668191e+00
1.709999999999985532e+00,1.088211931331829918e+00,6.853918372666591985e-01,1.194767029716650057e+02,-3.610086057711519913e+00
1.714999999999985425e+00,1.091795377828312708e+00,7.271186489709003942e-01,-7.622044714159608247e+01,-3.982530491115698901e+00
1.719999999999985318e+00,1.096172549670436425e+00,9.637632963527344998e-01,1.311007706246353450e+02,-3.775102356102098877e+00
1.724999999999985212e+00,1.101007100485574153e+00,9.611594223369195333e-01,-9.239400240450416391e+01,-4.115255783137778067e+00
1.729999999999985105e+00,1.106508505395296549e+00,1.180173922060092195e+00,1.317450270589632169e+02,-3.862390773023806290e+00
1.734999999999984999e+00,1.112250838613524806e+00,1.116873721335139624e+00,-1.123423497643674267e+02,-4.176981774458533359e+00
1.739999999999984892e+00,1.118437813225493516e+00,1.301017809027198435e+00,1.283217021762226864e+02,-3.855709938628741007e+00
1.744999999999984786e+00,1.124600331290734223e+00,1.173147455436344133e+00,-1.343477803769551144e+02,-4.155100653890324125e+00
1.749999999999984679e+00,1.130920277179498834e+00,1.310903311948832028e+00,1.291196154025856231e+02,-3.785073524235834874e+00
1.754999999999984572e+00,1.136856728057007437e+00,1.095087015318885859e+00,-1.600326473791146782e+02,-4.100304986197237156e+00
1.759999999999984466e+00,1.142623864667790867e+00,1.182791487141633402e+00,1.221608309021548564e+02,-3.697117071512850739e+00
1.764999999999984359e+00,1.147783043274431147e+00,8.997108753796904113e-01,-1.895591160462535356e+02,-4.017833228743192819e+00
1.769999999999984253e+00,1.152636710003074105e+00,9.992647865153841957e-01,1.359752386029880427e+02,-3.610283678741199154e+00
1.774999999999984146e+00,1.156700754988672974e+00,6.919607903926925374e-01,-1.679263451511979781e+02,-3.960689842315765929e+00
1.779999999999984039e+00,1.160333616947012425e+00,7.509927086418245468e-01,1.397306713765375150e+02,-3.564389162614965301e+00
1.784999999999983933e+00,1.163067211175077276e+00,4.239385047584512400e-01,-1.643771407893845549e+02,-3.896923148970434791e+00
1.789999999999983826e+00,1.165357562089801569e+00,4.864717527283163312e-01,1.410703250255451735e+02,-3.521227748738660956e+00
1.794999999999983720e+00,1.166765588927390240e+00,1.594113614479757135e-01,-1.627617427594634307e+02,-3.833710164479545934e+00
1.799999999999983613e+00,1.167795747942217410e+00,2.419644185061591568e-01,1.447502196629918103e+02,-3.480014387598363790e+00
1.804999999999983507e+00,1.168154014754810843e+00,-2.794326945647258864e-02,-1.544181964554931028e+02,-3.755442529822949460e+00
1.809999999999983400e+00,1.168709658914031335e+00,1.761541240515791806e-01,1.145259254068046602e+02,-3.502094484190636514e+00
1.814999999999983293e+00,1.169050336311399096e+00,1.279439801632541174e-02,-1.066456416434892134e+02,-3.841616141831246001e+00
1.819999999999983187e+00,1.169759953238733274e+00,2.180536113778024088e-01,1.409200582870261655e+02,-3.790135693934601147e+00
1.824999999999983080e+00,1.170236754503565235e+00,2.110032242092133026e-02,-1.540130888940611840e+02,-4.078050561303399490e+00
1.829999999999982974e+00,1.171111988708420926e+00,2.466210251318272095e-01,1.434895364645130087e+02,-3.920485621010454835e+00
1.834999999999982867e+00,1.171781405360764472e+00,6.752257231252803416e-02,-1.527716086491999476e+02,-4.279478866699702344e+00
1.839999999999982760e+00,1.172854759495593369e+00,2.843670462129325727e-01,1.394324405860986360e+02,-4.148355469458937961e+00
1.844999999999982654e+00,1.173757250970003607e+00,1.166288475379612943e-01,-1.514396153357378410e+02,-4.468828904849951655e+00
1.849999999999982547e+00,1.174947037692851914e+00,2.956738998799604556e-01,1.305853397333603994e+02,-4.386798001701404992e+00
1.854999999999982441e+00,1.175805841986604650e+00,8.654055827525755640e-02,-1.616292198375301155e+02,-4.659431836571966024e+00
1.859999999999982334e+00,1.176628244799484246e+00,1.987595018618787124e-01,1.233817246294235446e+02,-4.563190154549335631e+00
1.864999999999982228e+00,1.176878988624954214e+00,-4.883312249319948090e-02,-1.007255299328800220e+02,-4.754841990381347472e+00
1.869999999999982121e+00,1.176238609401209834e+00,-1.920744306275286306e-01,6.123135462159404518e+00,-4.736592212732886331e+00
1.874999999999982014e+00,1.174469007913228280e+00,-5.211543234468121177e-01,-1.934603493806023948e+02,-4.587964788118877202e+00
1.879999999999981908e+00,1.171364643892085278e+00,-6.944886586505735204e-01,6.831802784434273690e+01,-4.399854681794225009e+00
1.884999999999981801e+00,1.165961323251668125e+00,-1.338000313327385005e+00,-2.328572331938734408e+02,-4.304311187298849539e+00
1.889999999999981695e+00,1.158608589714215764e+00,-1.623987224597664536e+00,-4.574889418411797948e+01,-3.831311331059760406e+00
1.894999999999981588e+00,1.148706558011716838e+00,-2.210262400055185594e+00,-1.543795487393626331e+02,-3.531660736601538897e+00
1.899999999999981481e+00,1.135996400148785446e+00,-2.682961041426282556e+00,2.284038377615368631e+01,-3.202042098774339873e+00
1.904999999999981375e+00,1.119724192013684672e+00,-3.626107602454816448e+00,-2.684018078923295434e+02,-2.860894655367933304e+00
1.909999999999981268e+00,1.099971116686428552e+00,-4.151690967606322502e+00,-8.882153173211395369e+01,-2.037685642619983195e+00
1.914999999999981162e+00,1.077201564545025469e+00,-4.789315201035016401e+00,-1.359721478242942112e+02,-1.565262189559778694e+00
1.919999999999981055e+00,1.052409856607194216e+00,-5.049835892917576174e+00,1.916883601725877284e+01,-1.285513608375839834e+00
1.924999999999980949e+00,1.027474783583738560e+00,-4.937701644315839467e+00,-6.275747378278254018e+01,-1.308051773276957874e+00
1.929999999999980842e+00,1.004738176766073243e+00,-4.345915346311070238e+00,1.139754638401377775e+02,-9.314165008009158697e-01
1.934999999999980735e+00,9.863902961845402162e-01,-3.228970268371289531e+00,2.222872565457716689e+02,-9.999867521994356689e-01
1.939999999999980629e+00,9.755397579914284467e-01,-1.519814611096659052e+00,3.315304457724740246e+02,-1.434108081462968531e+00
1.944999999999980522e+00,9.771997239803864588e-01,1.513357163878494616e+00,5.726088697280835049e+02,-1.628510276023614978e+00
1.949999999999980416e+00,9.855532757441958225e-01,1.843879152438036240e+00,9.775986700611140350e+02,3.463131291232459663e-01
1.954999999999980309e+00,9.931537678155161197e-01,1.088386127183427643e+00,-1.634853063397921233e+03,1.674546599422221060e+00
1.959999999999980203e+00,1.002973460418293161e+00,2.438480514224706130e+00,1.510841236825740452e+03,4.790957154598134871e+00
1.964999999999980096e+00,1.009773737403298233e+00,6.204760422554234101e-01,-1.962661436320293205e+03,3.801793063026357444e+00
1.969999999999979989e+00,1.018413138280449770e+00,2.385366809223144813e+00,1.603614792577983508e+03,3.984138767231196532e+00
1.974999999999979883e+00,1.025364466769068006e+00,8.116716225911680960e-01,-1.308035324640343788e+03,1.555133824255404473e+00
1.979999999999979776e+00,1.032687410263343875e+00,1.723688936926009552e+00,7.825275832866300334e+02,2.297919832915646943e+00
1.984999999999979670e+00,1.038066150700206247e+00,7.250845610852082457e-01,-7.015832312157031083e+02,1.835988726104308633e+00
1.989999999999979563e+00,1.042076087876077528e+00,9.149586395878274159e-01,3.924055194555859316e+02,2.571256216556469187e+00
1.994999999999979456e+00,1.046001929079520831e+00,5.923965318666370994e-01,-6.624209396907822338e+02,4.712550423790490051e+00
1.999999999999979350e+00,1.050796646414825952e+00,1.123742515916950291e+00,3.301532984113280236e+02,5.545627243036443943e+00
2.004999999999979465e+00,1.055974888288846669e+00,9.052916613853378980e-01,-4.702296064701165506e+02,4.969682651874047785e+00
2.009999999999979359e+00,1.061285486416812418e+00,1.159332763837220837e+00,1.368615580219080528e+02,4.695604766135553554e+00
2.014999999999979252e+00,1.067215024227018194e+00,1.074255493425715358e+00,-4.072781327146497574e+02,4.439849475192155559e+00
2.019999999999979146e+00,1.072928142709506094e+00,1.133542585751780685e+00,-1.446586942646304692e+02,4.121255658941732847e+00
2.024999999999979039e+00,1.079607233174582070e+00,1.211721256092988641e+00,-5.596909017235060446e+02,3.972353125003926344e+00
2.029999999999978932e+00,1.085948837743214934e+00,1.249853534394227861e+00,-6.329274690953811842e+02,3.492619035203239797e+00
2.034999999999978826e+00,1.092353134368075462e+00,1.392751948331705902e+00,1.707190274235965433e+02,3.843617604635187313e+00
2.039999999999978719e+00,1.098801468902921075e+00,1.812754976673672136e+00,9.248055708443033609e+02,3.665230732628851129e+00
2.044999999999978613e+00,1.106838920575248686e+00,2.643305717779284247e+00,2.169282958405794488e+03,3.755917639561317412e+00
2.049999999999978506e+00,1.113283001052997045e+00,3.935821360613830922e-01,-1.129647617391230824e+03,2.491780242531992595e+00
2.054999999999978400e+00,1.122773072990765675e+00,1.775748207611728358e+00,-1.028072215117556425e+03,2.866241943656773650e+00
2.059999999999978293e+00,1.131677603068587779e+00,2.706444777691418668e+00,1.871102011651688372e+03,2.620080420765638518e+00
2.064999999999978186e+00,1.139389576762206424e+00,7.587230570612782943e-01,-9.820132212467711952e+02,1.617288786713115156e+00
2.069999999999978080e+00,1.148353582690945451e+00,1.542929588666447360e+00,-5.815646863119749241e+02,2.110846455765895691e+00
2.074999999999977973e+00,1.156222912353210841e+00,2.527332981967372660e+00,1.850183091681082033e+03,2.373102602373651226e+00
2.079999999999977867e+00,1.163623005475813654e+00,8.461346250922183732e-01,-7.738949740280926335e+02,1.147865360807667212e+00
2.084999999999977760e+00,1.171777595462727195e+00,1.575428345836497268e+00,-5.869637840242041875e+02,1.406619946970376178e+00
2.089999999999977653e+00,1.178449579833782845e+00,9.890194033963676246e-01,8.233770265313459902e+01,1.504575988310034251e+00
2.094999999999977547e+00,1.185560808455104809e+00,9.994192642916812641e-01,-6.988392766707390820e+02,1.572103651479507036e+00
2.099999999999977440e+00,1.192191204725671305e+00,2.379873943251807233e+00,1.740070113285609295e+03,1.589080202261075492e+00
2.104999999999977334e+00,1.198145313736872941e+00,1.169567466200078343e+00,-7.000644799830021157e+02,-6.992547393877424078e-01
2.109999999999977227e+00,1.203732087451001354e+00,3.441806559953500821e-01,-6.003761541014262093e+02,8.952918129107649836e-01
2.114999999999977121e+00,1.211893800019161915e+00,1.693751079169987017e+00,-6.905250969106980392e+02,2.534129024050852941e-01
2.119999999999977014e+00,1.217797186173786184e+00,7.937276311869215784e-01,-6.212024089955513091e+02,-7.014308311125715401e-01
2.124999999999976907e+00,1.225322553061654052e+00,1.988475369175396246e+00,1.366684546980536197e+03,1.906656204555688405e-01
2.129999999999976801e+00,1.231123184580287244e+00,1.185128389424531026e+00,-5.176973318837934812e+02,-1.741191793079712724e+00
2.134999999999976694e+00,1.236785111104787616e+00,5.630293644233360650e-01,-4.521837282059383938e+02,-1.099243555699694230e+00
2.139999999999976588e+00,1.243323587941319364e+00,1.787962535661324015e+00,1.217221382082111859e+03,-9.405129019517899369e-03
2.144999999999976481e+00,1.248676771850369294e+00,1.097690993672678417e+00,-3.612247538615848157e+02,-2.564408193312666562e+00
2.149999999999976374e+00,1.252742763327225894e+00,6.777604032891411112e-01,-2.990166037983504452e+02,-1.553462871876558182e+00
2.154999999999976268e+00,1.255961553256518926e+00,2.750231238507383491e-01,-2.827762195610988556e+02,-1.656024766103872281e+00
2.159999999999976161e+00,1.259913235695807376e+00,1.091683834677553699e+00,8.113891065987929778e+02,-9.325614508986189710e-01
2.164999999999976055e+00,1.262126627906434040e+00,6.205072066144594611e-01,6.361313413003589403e+02,-2.698296824340923550e+00
2.169999999999975948e+00,1.263183175344219089e+00,1.420715932440066165e-01,-3.190795439029801059e+02,-2.594065969891820256e+00
2.174999999999975842e+00,1.264045540635419629e+00,-3.894909168145519601e-02,-1.492238394771281662e+02,-2.179130462012097258e+00
2.179999999999975735e+00,1.264399506149650465e+00,-2.176842108177353685e-01,-1.157159746392123907e+02,-2.240137060500399624e+00
2.184999999999975628e+00,1.263990963790904587e+00,-3.403692948994233580e-01,-1.051393728219801034e+02,-1.895226517782346853e+00
2.189999999999975522e+00,1.263270485028036294e+00,-7.319340010729287471e-02,2.191911021245863651e+02,-2.180636896362536437e+00
2.194999999999975415e+00,1.262053234096137011e+00,-2.862478487951607975e-01,-1.932542947589447522e+02,-3.462340627140739091e+00
2.199999999999975309e+00,1.260294455235300370e+00,-4.188439070679551568e-01,-1.046691806270076341e+02,-3.453484638544860541e+00
2.204999999999975202e+00,1.258305417046441388e+00,-4.440996416836960337e-01,5.528899680343664080e+00,-3.081656247492369438e+00
2.209999999999975095e+00,1.256195419973695104e+00,-4.288117587653382801e-01,9.007829568806371867e+00,-1.818658459828480067e+00
2.214999999999974989e+00,1.253977353512102821e+00,-4.434295634808049225e-01,-4.562367143851872697e+00,-2.090304109618601469e+00
2.219999999999974882e+00,1.254238968571017132e+00,-6.237583896978096676e-02,8.206659764627826803e+01,-2.972289365079204604e+00
2.224999999999974776e+00,1.254183611134139342e+00,3.699277136115313586e-02,-3.000021567438332326e+01,-5.467116366717957199e+00
2.229999999999974669e+00,1.255541739041763805e+00,1.195486312052767841e-01,-2.528673436659987228e+00,-6.011264571243453148e+00
2.234999999999974563e+00,1.255789568949806867e+00,-3.628917871833626380e-02,-1.906789321849931866e+02,-5.489348743248613438e+00
2.239999999999974456e+00,1.253979504612026563e+00,-5.614912591790209850e-01,-1.058057596979965638e+02,-5.065080824455359121e+00
2.244999999999974349e+00,1.250050353744251108e+00,-1.001658743883313329e+00,-5.513275130654659506e+01,-4.323377186127127736e+00
2.249999999999974243e+00,1.243693690515634831e+00,-1.472666101536562300e+00,-7.974708711553694229e+01,-4.463756931434807562e+00
2.254999999999974136e+00,1.235242155772667383e+00,-1.677216547254452683e+00,1.297440894458136995e+02,-3.771825283952560781e+00
2.259999999999974030e+00,1.225444285256301669e+00,-2.021576903253229140e+00,1.647510917752890336e+01,-4.041904361281334346e+00
2.264999999999973923e+00,1.214954116305675402e+00,-2.116088123985973901e+00,3.823683258681137431e+01,-3.813168502613093924e+00
2.269999999999973817e+00,1.203959286736799861e+00,-2.211997957480646093e+00,-1.407932717559883073e+01,-4.299329098360813006e+00
2.274999999999973710e+00,1.192897479944555972e+00,-2.151604325371153870e+00,5.936952198550930149e+01,-3.973253299732352417e+00
2.279999999999973603e+00,1.181917994395081939e+00,-2.198408919561909869e+00,4.448466546399078680e+01,-4.499395479282324750e+00
2.284999999999973497e+00,1.171253205767126548e+00,-2.065385487812431364e+00,8.367996598136035402e+01,-4.273259291257536674e+00
2.289999999999973390e+00,1.161126866712444139e+00,-1.935075331373900864e+00,8.917849963682206749e+01,-4.183989222876368430e+00
2.294999999999973284e+00,1.151370800858037891e+00,-1.918111017039661359e+00,6.191810375272346789e+01,-4.819675152187384626e+00
2.299999999999973177e+00,1.141851432055723814e+00,-1.834182875355207853e+00,7.479518163887438220e+01,-4.595447763117929796e+00
2.304999999999973070e+00,1.132749171025334789e+00,-1.761300054928646164e+00,4.170264925873533457e+01,-4.540122675143906328e+00
2.309999999999972964e+00,1.123417823823407158e+00,-1.918152192665587341e+00,1.158298957311323463e+01,-5.104360607990062526e+00
2.314999999999972857e+00,1.113585286153984111e+00,-1.985005348838293937e+00,3.032844416827784784e+01,-4.729813769657770450e+00
2.319999999999972751e+00,1.103480520129158871e+00,-1.999392174537759415e+00,5.223526521038264292e+01,-4.573190497535028598e+00
2.324999999999972644e+00,1.093203318612839370e+00,-2.037891536110159940e+00,2.212099760380910851e+01,-4.411871877019583721e+00
2.329999999999972538e+00,1.082164455188268315e+00,-2.336680638163458834e+00,-9.678601932992938828e+01,-4.886828455626318402e+00
2.334999999999972431e+00,1.070023985508889552e+00,-2.512871590533421795e+00,-5.559388211400709423e+01,-4.263278771066479678e+00
2.339999999999972324e+00,1.057177691885373694e+00,-2.579049876201564562e+00,1.518093112096086905e+01,-3.969898633697976464e+00
2.344999999999972218e+00,1.043875474197347275e+00,-2.691223133399138323e+00,-4.408923478124190609e+01,-3.518979486560140479e+00
2.349999999999972111e+00,1.030112624496149820e+00,-2.784967545483046703e+00,-1.069467893653479384e+00,-3.578888557430099482e+00
2.354999999999972005e+00,1.015757044850938096e+00,-2.858611260250052410e+00,6.832214803120989188e+01,-2.668685661680878951e+00
2.359999999999971898e+00,1.000567545280104609e+00,-3.099926311974844584e+00,-1.615406435468025137e+01,-1.840834518969939548e+00
2.364999999999971791e+00,9.841903578376699491e-01,-3.316382276532951590e+00,3.698666894801625915e+01,-1.064941700582171746e+00
2.369999999999971685e+00,9.669418547409610598e-01,-3.520990503171097075e+00,-4.846889360035558525e+01,-6.799692885501598116e-01
2.374999999999971578e+00,9.500269636193318101e-01,-3.280079474394860473e+00,1.054328101631829497e+02,-4.600333042995208288e-02
2.379999999999971472e+00,9.350864199204967919e-01,-2.788786212538143516e+00,7.497619410345259894e+01,2.419651730804719403e-01
2.384999999999971365e+00,9.237721288067122227e-01,-1.939337815694305078e+00,1.650873768462290059e+02,2.713998293949817509e-01
2.389999999999971259e+00,9.181722840753225867e-01,-6.053991716344007123e-01,2.439531478292169027e+02,2.555233738263840149e-01
2.394999999999971152e+00,9.210949165713659958e-01,1.347452270525177687e+00,3.851716000384964786e+02,-2.320247785763152049e-02
2.399999999999971045e+00,9.296974897131978777e-01,1.945379498236787352e+00,5.884488718926070305e+02,3.285997944695049355e-01
2.404999999999970939e+00,9.385349023132520951e-01,1.602492996365163735e+00,-6.809574825694910487e+02,1.273100272527268428e+00
2.409999999999970832e+00,9.490714530439496865e-01,2.194821821302467058e+00,3.097341643945635496e+02,2.831624847182449223e+00
2.414999999999970726e+00,9.593937225425669402e-01,1.836592919702486393e+00,-7.149589682260010477e+02,2.741831100897862417e+00
2.419999999999970619e+00,9.696363053133655319e-01,2.035029015967611432e+00,1.581989857615095332e+02,3.015719042552300166e+00
2.424999999999970512e+00,9.793092734221552353e-01,1.754623956956586905e+00,-3.668294798532213008e+02,2.976704048054877205e+00
2.429999999999970406e+00,9.873268021474660427e-01,1.329971892102180808e+00,-5.372370815242153412e+02,2.776334203200556683e+00
2.434999999999970299e+00,9.956032384776785094e-01,1.198966159514803564e+00,-5.469210757932249862e+02,3.045237146695991548e+00
2.439999999999970193e+00,1.003552344505911575e+00,5.517434546862827194e-01,-1.046608081632475205e+03,2.327595636889101094e+00
2.444999999999970086e+00,1.011381815051606292e+00,6.243850672677460079e-01,-8.871920028754602754e+02,2.535279492936765688e+00
2.449999999999969980e+00,1.017636046652432125e+00,2.764517266825842201e-01,-9.728663619937933618e+02,2.510910230953995459e+00
2.454999999999969873e+00,1.024462257209597826e+00,5.262174319787653598e-01,-8.385553093415442163e+02,2.606843021751193312e+00
2.459999999999969766e+00,1.030523591200602995e+00,7.370665055014058442e-01,-1.002344442530735819e+03,2.409421361199909573e+00
2.464999999999969660e+00,1.038540536960911087e+00,1.260560087491859216e+00,-1.027127508628606847e+03,1.747128913195854727e+00
2.469999999999969553e+00,1.044006205332817183e+00,1.853645545031114006e+00,1.671913978197425195e+03,2.475449624211619515e+00
2.474999999999969447e+00,1.050296743321174064e+00,1.917546425929107734e+00,1.498080332660166505e+03,1.915506029981127067e+00
2.479999999999969340e+00,1.055531400907644857e+00,1.479537759654912854e+00,6.032713725778464777e+02,1.638120726754761947e+00
2.484999999999969233e+00,1.060422393648685846e+00,8.598500769454373582e-01,-9.127068288924283479e+01,1.974898862490906293e+00
2.489999999999969127e+00,1.065305445928678374e+00,1.846933283670381953e-01,-8.557939214544696824e+02,2.462643466532406400e+00
2.494999999999969020e+00,1.070872768076345682e+00,5.086504995333308576e-01,-7.680682610291927404e+02,2.067977577274619172e+00
2.499999999999968914e+00,1.077558743283671294e+00,1.073803431175524237e+00,-9.317104872091933885e+02,1.525919477768127086e+00
2.504999999999968807e+00,1.083175780739376259e+00,1.827287425412840838e+00,1.419263737295575083e+03,1.644419679970450687e+00
2.509999999999968701e+00,1.088876987657794393e+00,1.909393781496937725e+00,1.318795035811691378e+03,9.100637404303510980e-01
2.514999999999968594e+00,1.094110263348890166e+00,8.205347835831581227e-01,-1.984934062704122084e+02,3.624350466422805450e-01
2.519999999999968487e+00,1.099942013270207797e+00,5.028171478478025147e-01,-7.402975917816966103e+02,8.791625529747996159e-01
2.524999999999968381e+00,1.107189382873237982e+00,1.255897105903887034e+00,-8.652077092226671766e+02,5.402506459185072440e-01
2.529999999999968274e+00,1.113702920046936828e+00,2.037831722890563135e+00,1.500922667729781324e+03,5.439313758590209602e-01
2.534999999999968168e+00,1.119146773548605811e+00,4.361058392516726778e-01,-7.698261373040589888e+02,-6.580127210312586294e-01
2.539999999999968061e+00,1.126280375729468597e+00,1.323609434530859774e+00,-7.238627998486230126e+02,-3.354726264225831311e-01
2.544999999999967955e+00,1.132815250714711341e+00,2.059420792928821964e+00,1.467598199935044704e+03,-8.755587935164432789e-02
2.549999999999967848e+00,1.138410881916994688e+00,5.748183250352029150e-01,-6.545968646486466014e+02,-1.157199828913189954e+00
2.554999999999967741e+00,1.145654338020862584e+00,1.376948728853478965e+00,-6.349050343141609574e+02,-8.131952053920075141e-01
2.559999999999967635e+00,1.152174514100677172e+00,1.888275759777238605e+00,1.229332813905643206e+03,-8.540289715143609683e-01
2.564999999999967528e+00,1.156743107560698869e+00,3.972007939314022296e-01,-5.258067792469290680e+02,-1.589995068233484687e+00
2.569999999999967422e+00,1.161651759215426738e+00,8.697325579057533229e-01,-4.803882401777765381e+02,-9.637719628585800224e-01
2.574999999999967315e+00,1.162819802829164750e+00,-1.925542918262486136e-01,-4.757258862223585538e+02,-1.117644678047201579e+00
2.579999999999967208e+00,1.165552336455274007e+00,5.120694082706257477e-01,-4.243283346346707958e+02,-9.749053717182515344e-01
2.584999999999967102e+00,1.165620181638943098e+00,-3.341230464369877029e-01,-4.822580477225929485e+02,-1.563431669811103042e+00
2.589999999999966995e+00,1.167453469758766627e+00,3.453456680975270920e-01,-4.190353661407985442e+02,-1.491195850196390227e+00
2.594999999999966889e+00,1.167242590525369828e+00,-3.304368844092883117e-01,-4.035309784627697240e+02,-2.172985986197996766e+00
2.599999999999966782e+00,1.168711066159288769e+00,2.499116028580131710e-01,-3.401877765106001448e+02,-1.945229536000996129e+00
2.604999999999966676e+00,1.168634558273858426e+00,-2.167921366627069968e-01,-3.073240348398607011e+02,-2.530318985508713148e+00
2.609999999999966569e+00,1.170269173902959370e+00,3.318835198172018219e-01,-3.146465822022352086e+02,-2.440754184580216091e+00
2.614999999999966462e+00,1.171243457145622280e+00,4.761594905560729840e-01,4.187575944086115669e+02,-2.730266978180710957e+00
2.619999999999966356e+00,1.172863170351216899e+00,2.174388934575787746e-01,-1.551559258512678525e+02,-3.033011347947527359e+00
2.624999999999966249e+00,1.175032512722348432e+00,4.387599723750912895e-01,-1.830286786671784114e+02,-2.848954403689701653e+00
2.629999999999966143e+00,1.177747118757720202e+00,7.698473782759809314e-01,3.393574633214033724e+02,-2.880113682928017838e+00
2.634999999999966036e+00,1.181032693345417162e+00,5.947329309366129468e-01,-8.700032514084898594e+01,-3.794465411241750186e+00
2.639999999999965929e+00,1.184114192654417419e+00,6.296836684464416356e-01,4.445362757512459240e+01,-1.771450653891332161e+00
2.644999999999965823e+00,1.187789146423076314e+00,4.925136779944387366e-01,-1.132359156557807722e+02,-3.045618366483959782e+00
2.649999999999965716e+00,1.190305702837477497e+00,6.543346805009715439e-01,2.877470746559910708e+02,-4.127055354952679167e+00
2.654999999999965610e+00,1.192145681491198150e+00,3.218111004948554510e-01,-8.438456381473957890e+01,-5.069485090277661143e+00
2.659999999999965503e+00,1.193782332383234834e+00,2.993808192383828892e-01,7.894852680516954990e+01,-5.356049867464273362e+00
2.664999999999965397e+00,1.194389916299908538e+00,9.175351653707036759e-02,-2.802313261202970551e+01,-5.370097415293004772e+00
2.669999999999965290e+00,1.194294571330552168e+00,-6.205030711014022232e-02,-3.199563412229203152e+01,-5.036126588006688110e+00
2.674999999999965183e+00,1.193497602019819803e+00,-2.290982619212317828e-01,-9.938358788390291920e+01,-4.793209333634957936e+00
2.679999999999965077e+00,1.192254834383077222e+00,-2.917894198087429558e-01,-3.456912504301401068e+00,-4.750512686225007997e+00
2.684999999999964970e+00,1.190471958479579317e+00,-3.718659003511967653e-01,4.007628961518181399e+01,-4.815332861703835121e+00
2.689999999999964864e+00,1.188194295492258856e+00,-4.710347313902803479e-01,5.169098095775625268e+01,-4.849421893203248679e+00
2.694999999999964757e+00,1.185586828707799301e+00,-5.575705334631659849e-01,-3.693472469679348080e+01,-4.969401710010498796e+00
2.699999999999964650e+00,1.182651140171312010e+00,-6.011915464332791004e-01,6.136344884568818436e+00,-5.097048466407068545e+00
2.704999999999964544e+00,1.179595827893691995e+00,-5.571516907544763475e-01,4.138204126028942653e+01,-4.789402714646742609e+00
2.709999999999964437e+00,1.176615193329844100e+00,-5.474157161932452498e-01,2.379331703236371354e+01,-5.041407243499145707e+00
2.714999999999964331e+00,1.173689302935586154e+00,-5.794987574533725372e-01,-7.778337074186299382e+00,-5.192621223255741825e+00
2.719999999999964224e+00,1.170656275408404001e+00,-5.883358340294014832e-01,2.621554160123664445e+01,-5.380572427362869448e+00
2.724999999999964118e+00,1.167700381939125842e+00,-5.308803688238720175e-01,6.363627209706038457e+01,-5.062628821963002679e+00
2.729999999999964011e+00,1.164903125277677365e+00,-5.609023774309991328e-01,-2.414563021239791496e+01,-5.424315486742762538e+00
2.734999999999963904e+00,1.161935212502830383e+00,-5.754902223314228848e-01,3.758127977860006297e+01,-5.678823385334216489e+00
2.739999999999963798e+00,1.158862210523563308e+00,-5.696255207410626520e-01,6.743082282068489519e+01,-5.342312511000572250e+00
2.744999999999963691e+00,1.155720255979218791e+00,-6.915684710316358785e-01,-9.444090275772788345e+01,-5.729779606009025805e+00
2.749999999999963585e+00,1.152312232473569731e+00,-6.674178476729084597e-01,3.947740035537398029e+01,-5.860845173469783731e+00
2.754999999999963478e+00,1.148608440190070246e+00,-7.166284658868908863e-01,4.829872348256584758e+01,-5.539678583350481134e+00
2.759999999999963372e+00,1.144754293515399812e+00,-7.755281093311443552e-01,2.253902108587799091e+01,-5.833656346529639158e+00
2.764999999999963265e+00,1.140662303439592851e+00,-8.137950997617056093e-01,4.137529583665907040e+01,-5.463017936749672288e+00
2.769999999999963158e+00,1.136145741586695568e+00,-9.153886394731601817e-01,1.940675427922267815e+01,-5.839055267302335039e+00
2.774999999999963052e+00,1.131196589161814314e+00,-1.011383721254189405e+00,4.015011573260991895e+01,-5.382509769830646107e+00
2.779999999999962945e+00,1.125582750984586822e+00,-1.215482291782223445e+00,-9.086808044490952341e+01,-5.742156443678343436e+00
2.784999999999962839e+00,1.118944745333853241e+00,-1.398823825012656341e+00,-1.923864695832318361e+01,-5.625176493487794360e+00
2.789999999999962732e+00,1.111478752900259215e+00,-1.538396706286172533e+00,-4.005185061053724382e+01,-4.798359501726225496e+00
2.794999999999962625e+00,1.103389377362558266e+00,-1.655987859936784767e+00,-3.431165546042941372e+01,-4.533420055104570245e+00
2.799999999999962519e+00,1.094953749498335016e+00,-1.693341527539553582e+00,4.406664640630766883e+01,-3.250888755815254605e+00
2.804999999999962412e+00,1.085881819781244095e+00,-1.887547276321759115e+00,-4.249252067323320148e+01,-2.991232108004831858e+00
2.809999999999962306e+00,1.075325611307229812e+00,-2.224163509085564261e+00,1.251862171745551855e+01,-2.070701880471453205e+00
2.814999999999962199e+00,1.063230449862458959e+00,-2.521747208661226480e+00,-4.853929799825324665e+01,-1.507949926234659399e+00
2.819999999999962093e+00,1.050635013445268662e+00,-2.490102406379933520e+00,3.408320534275652136e+01,-1.073810181433411337e+00
2.824999999999961986e+00,1.040488822246513623e+00,-1.705029247373945234e+00,1.955465049429789701e+02,-1.218713225798172539e-01
2.829999999999961879e+00,1.034083833748055570e+00,-9.641736457317033882e-01,2.141794699680402232e+02,-5.808554421921361399e-01
2.834999999999961773e+00,1.032531733729080248e+00,1.402560623326088995e-01,2.203387751551410645e+02,-6.220170172775262296e-01
2.839999999999961666e+00,1.036911299931699837e+00,1.311580971653963035e+00,1.604633647951460489e+02,-1.262576459443607968e+00
2.844999999999961560e+00,1.044650902927480418e+00,1.641148386126916936e+00,2.423607961362259857e+02,-1.292264447012757778e+00
2.849999999999961453e+00,1.052632789038188355e+00,1.562735638126408810e+00,-3.185308020956760515e+02,-8.500667716303671462e-01
2.854999999999961346e+00,1.060795540257627234e+00,1.578237544958466243e+00,-3.301876634832054265e+02,2.294313077587961658e-01
2.859999999999961240e+00,1.069584532845059943e+00,1.696516489606917144e+00,-4.140555801284918402e+02,8.392142823657731121e-01
2.864999999999961133e+00,1.078109344168919792e+00,1.946428142703900743e+00,5.041756568202012545e+02,1.355538038991517702e+00
2.869999999999961027e+00,1.087399593356271899e+00,2.466300637816398300e+00,1.289641918575021919e+03,1.116813850156824106e+00
2.874999999999960920e+00,1.095108215331641155e+00,9.753185438122542461e-01,-6.946721376070730685e+02,4.355468301742855264e-01
2.879999999999960814e+00,1.105102636623588541e+00,1.928331503058227758e+00,-7.086643860327296807e+02,5.329777592973807820e-01
2.884999999999960707e+00,1.114756428801755517e+00,2.744597816674702262e+00,1.586775286099578125e+03,4.439846578452881776e-01
2.889999999999960600e+00,1.123534788116954175e+00,1.199758176186247693e+00,-6.822765995954733853e+02,-6.531856943717306851e-01
2.894999999999960494e+00,1.134168519895569327e+00,2.107103685290845796e+00,-5.859768222569520049e+02,-3.254231781103888999e-01
2.899999999999960387e+00,1.143437717112796514e+00,2.293432969473617078e+00,9.825220874904088078e+02,-3.978518610052432791e-01
2.904999999999960281e+00,1.151589462865305169e+00,1.176579148736268010e+00,-5.733898547976976943e+02,-8.606907185708045915e-01
2.909999999999960174e+00,1.159884277854744017e+00,1.847572554827946023e+00,8.812137119016163069e+02,2.757998362110136714e-02
2.914999999999960067e+00,1.167393000355365196e+00,7.482999345137980596e-01,-5.289413396364130904e+02,-8.310842045838564562e-01
2.919999999999959961e+00,1.176275123924077182e+00,1.863019943422566715e+00,-5.152844132541363251e+02,-4.844912317771428167e-01
2.924999999999959854e+00,1.182650211519484129e+00,9.337221067432863730e-01,-4.907182052923185438e+02,-1.189511313046163199e+00
2.929999999999959748e+00,1.190397595084830007e+00,1.993056062894439817e+00,1.324828546417977577e+03,-1.253945673224152735e-01
2.934999999999959641e+00,1.197691947042686333e+00,1.128276515065996577e+00,-4.612084642034413378e+02,-1.802002794001211772e+00
2.939999999999959535e+00,1.204622631027106872e+00,2.018287655980940620e+00,1.031720843205806659e+03,-9.011184970752329493e-01
2.944999999999959428e+00,1.210674966158871602e+00,1.110853074529616347e+00,-5.205371445262343286e+02,-2.210687482600736775e+00
2.949999999999959321e+00,1.214402196201401773e+00,5.129108163243162322e-01,-3.464743265872745610e+02,-1.285227558388752911e+00
2.954999999999959215e+00,1.216448441850522588e+00,4.022972478888379305e-02,-2.478015524534723113e+02,-7.460456101459733702e-01
2.959999999999959108e+00,1.218572424731129145e+00,7.296966657178594051e-01,8.384950197949461881e+02,-1.809801599637028691e-01
2.964999999999959002e+00,1.219643488840172152e+00,2.121234908357000348e-01,-2.605221353280969652e+02,-1.845189775699432433e+00
2.969999999999958895e+00,1.219657203981905358e+00,-1.566540399141415352e-01,-2.902920692601954897e+02,-1.760128058284855745e+00
2.974999999999958789e+00,1.219087049329921291e+00,-3.242674804895849250e-01,-1.505347235783565907e+02,-1.710620226357782325e+00
2.979999999999958682e+00,1.217591511263376836e+00,-3.966870507571916282e-01,-6.330591911832182284e+00,-1.384093389012980069e+00
2.984999999999958575e+00,1.216699965790072335e+00,-1.456571485927274090e-01,-7.148642922562615354e+01,-1.721477979755643650e+00
2.989999999999958469e+00,1.215826278520240722e+00,-2.245690080972029268e-01,-1.483236049277911377e+02,-2.494251841402930214e+00
2.994999999999958362e+00,1.215092927532913647e+00,-2.412911029755532843e-01,-1.154129529390122855e+02,-2.549502342442057312e+00
2.999999999999958256e+00,1.215303191831775154e+00,2.031894854576556109e-01,2.787709617488353615e+02,-2.432367839743309723e+00
3.004999999999958149e+00,1.215918979165980129e+00,1.440868484083527301e-01,-8.677206913402713440e+01,-3.536123305140828066e+00
3.009999999999958042e+00,1.217598899276259861e+00,4.707654975339487513e-01,6.328830596516411333e+01,-2.658562567358837558e+00
3.014999999999957936e+00,1.221223161561546533e+00,9.118270437659546923e-01,1.118675799016021699e+02,-3.793270792347709808e+00
3.019999999999957829e+00,1.225562998654176061e+00,7.410783959479850802e-01,1.194938434762768686e+01,-5.112367650621314930e+00
3.024999999999957723e+00,1.229680411878120383e+00,8.598870650763661416e-01,7.945450412403224050e+01,-4.989674701422559977e+00
3.029999999999957616e+00,1.232404862703230686e+00,4.125901675797364332e-01,-1.163981385761262288e+01,-6.015326282894625010e+00
3.034999999999957510e+00,1.233240693439881630e+00,-5.455183399478855805e-02,-8.922458542933021874e+01,-5.655272636261436503e+00
3.039999999999957403e+00,1.231368071099206318e+00,-5.771890604915675960e-01,-4.928642549090990599e+01,-5.081177129002598214e+00
3.044999999999957296e+00,1.226844997077532584e+00,-1.128060845184790661e+00,-1.414734646348346985e+02,-4.607065297442784590e+00
3.049999999999957190e+00,1.219628947904348504e+00,-1.616050392332345043e+00,-4.545792543617199755e+01,-4.276929932374265775e+00
3.054999999999957083e+00,1.209998833704794663e+00,-2.083260784157655365e+00,-4.306035529348984880e+01,-4.021978353909996251e+00
3.059999999999956977e+00,1.198765053865458396e+00,-2.340213949456822817e+00,1.427681607322498003e+01,-3.512281732131826040e+00
3.064999999999956870e+00,1.186477806000946877e+00,-2.497712851299210612e+00,1.079454921249616817e+01,-3.593414769189049451e+00
3.069999999999956763e+00,1.173302837540944887e+00,-2.705972451477223206e+00,-6.520131619575394666e+01,-3.644845597497122114e+00
3.074999999999956657e+00,1.159780748638078451e+00,-2.716408822562980774e+00,4.159135192390551339e+01,-3.699980670935674176e+00
3.079999999999956550e+00,1.146346891968845538e+00,-2.631505852909081788e+00,8.533744640962781602e+01,-3.338213032051898566e+00
3.084999999999956444e+00,1.133460061980992917e+00,-2.527080406096969156e+00,3.673751114112354088e+01,-3.608018710327793421e+00
3.089999999999956337e+00,1.121048238390328855e+00,-2.431693136234434061e+00,4.958286189671741084e+01,-3.866078710942141505e+00
3.094999999999956231e+00,1.109316329607023421e+00,-2.255612992108968484e+00,1.063255105658837749e+02,-3.580263565833328165e+00
3.099999999999956124e+00,1.098376624423843984e+00,-2.163175322635090048e+00,-1.802199418307079171e+01,-3.939962880415540880e+00
3.104999999999956017e+00,1.087857916438006445e+00,-2.064494171055660576e+00,3.567786889534448136e+01,-4.224620701797991984e+00
3.109999999999955911e+00,1.077771946639034972e+00,-1.937783547518928673e+00,1.198554165585131273e+02,-3.823416262490547002e+00
3.114999999999955804e+00,1.068365309008559416e+00,-1.896225924926142392e+00,-1.005008155813834918e+02,-4.173343475845731732e+00
3.119999999999955698e+00,1.059073457439730026e+00,-1.856418383958025276e+00,-1.719267021681719143e+01,-4.357805859335989851e+00
3.124999999999955591e+00,1.049947970723878798e+00,-1.785768951959096462e+00,6.494989928921478395e+01,-3.897726983703206471e+00
3.129999999999955484e+00,1.040977767043176350e+00,-1.815313985585430556e+00,-6.207464647382244749e+01,-4.255658251495657574e+00
3.134999999999955378e+00,1.031781300607700569e+00,-1.851905282088351479e+00,-2.702909340325668985e+00,-4.274573168147545843e+00
3.139999999999955271e+00,1.022837878303995751e+00,-1.700875106039771989e+00,1.060198853798213747e+02,-3.262925470632928704e+00
3.144999999999955165e+00,1.014379373636178361e+00,-1.668614535041134772e+00,-2.945383423860467076e+01,-3.370444448904851065e+00
3.149999999999955058e+00,1.006102938350339482e+00,-1.626656851998141917e+00,3.280834294705210397e+01,-3.154394522046943816e+00
3.154999999999954952e+00,9.976090905434794598e-01,-1.689056189372594829e+00,4.853791927572582665e+01,-2.036666916909104064e+00
3.159999999999954845e+00,9.884305622548676951e-01,-1.901449072425898779e+00,-5.039730508762408334e+01,-1.940491994933851272e+00
3.164999999999954738e+00,9.779774621285634018e-01,-2.184347302188660578e+00,-3.868265975310781357e+01,-1.571950204170634136e+00
3.169999999999954632e+00,9.668244195383693951e-01,-2.245095746329043518e+00,1.516527412789462659e+01,-7.013754648430137184e-01
3.174999999999954525e+00,9.558396440224394830e-01,-2.158746557755882201e+00,2.899685626715848485e+01,-4.871747512113171474e-01
3.179999999999954419e+00,9.460145524920987592e-01,-1.822993989150078376e+00,7.547721382124221634e+01,-1.405712097155107365e-01
3.184999999999954312e+00,9.390710202730010447e-01,-1.115063579919435721e+00,1.306280152744753309e+02,5.548708577844407852e-02
3.189999999999954206e+00,9.361075370451117372e-01,-2.619857563699993230e-01,1.558005688243136149e+02,-1.816003862179552952e-01
3.194999999999954099e+00,9.378913780500954811e-01,7.597201550700971584e-01,2.118736387189444486e+02,-4.433283045399853406e-01
3.199999999999953992e+00,9.455964720650044120e-01,1.802642485929789817e+00,3.107263807906346074e+02,-2.317654145917582564e-01
3.204999999999953886e+00,9.538480621630303080e-01,1.543758867746134023e+00,-3.536193150384096953e+02,5.789142805237734724e-02
3.209999999999953779e+00,9.628873155597676980e-01,1.796355367546448090e+00,3.649308037288399476e+01,1.329190270739380342e+00
3.214999999999953673e+00,9.720264969661964738e-01,1.726161752963627727e+00,-3.726810442704278330e+02,1.823705633879978638e+00
3.219999999999953566e+00,9.808214141035433986e-01,1.749812505818608255e+00,-2.007266430225636782e+02,2.613609829941229812e+00
3.224999999999953459e+00,9.904850827364445331e-01,1.844936920366196498e+00,-5.486920507638184290e+02,2.400703358199346660e+00
3.229999999999953353e+00,9.993767067512164815e-01,1.772229580705357854e+00,-2.272815179001335082e+02,2.503908217120219160e+00
3.234999999999953246e+00,1.008547287101521306e+00,1.860873137620100204e+00,-4.585634968038695547e+02,2.247033536906013929e+00
3.239999999999953140e+00,1.017078517514795610e+00,2.264265891744928094e+00,1.267482581314457320e+03,2.635489539991449082e+00
3.244999999999953033e+00,1.027020716857818039e+00,2.684045186589327336e+00,1.631918077940733610e+03,2.131777158407370365e+00
3.249999999999952927e+00,1.034790767831633262e+00,1.219941386043220222e+00,-3.402088746932205368e+02,1.435947832577117333e+00
3.254999999999952820e+00,1.042733737951637041e+00,8.409772395737759032e-01,-7.787208286160270063e+02,1.905588462524004267e+00
3.259999999999952713e+00,1.052558963606078590e+00,1.157523637731091126e+00,-9.525258326555967869e+02,1.576368729135057212e+00
3.264999999999952607e+00,1.062734470769982398e+00,1.770177390920521177e+00,-8.969886248099985551e+02,9.532861103184557816e-01
3.269999999999952500e+00,1.071049600395078460e+00,2.412556782536670497e+00,1.589196501381642520e+03,1.453918394514482682e+00
3.274999999999952394e+00,1.077642441526988959e+00,5.725724233034553690e-01,-8.536420152511469723e+02,8.263688213786730685e-01
3.279999999999952287e+00,1.085825045729448712e+00,1.510784760817597938e+00,-7.802344205827210999e+02,1.171431865311633347e+00
3.284999999999952180e+00,1.093344607701571825e+00,2.337684511493761441e+00,1.694333250913170559e+03,1.466226704811393278e+00
3.289999999999952074e+00,1.099841371801136169e+00,6.273599276867242169e-01,-7.993742062937922128e+02,6.621996557699824093e-01
3.294999999999951967e+00,1.108644966502791096e+00,1.675363948640150813e+00,-7.467636176370276644e+02,1.027626859969643647e+00
3.299999999999951861e+00,1.117295629515094868e+00,2.544608943690001901e+00,1.649498627395722906e+03,1.107576874137452982e+00
3.304999999999951754e+00,1.125314928410730220e+00,9.958349961436701037e-01,-7.360545957509503978e+02,3.166016599251186836e-02
3.309999999999951648e+00,1.135173249943489449e+00,1.806328707950147550e+00,-6.051156577814563207e+02,4.976191050035279062e-01
3.314999999999951541e+00,1.143736482942425470e+00,2.344084366110531281e+00,1.218682789291146946e+03,5.107156047621184136e-01
3.319999999999951434e+00,1.151931217872600000e+00,1.086210315033246721e+00,-7.442653831505821245e+02,-2.669888843672656442e-01
3.324999999999951328e+00,1.160513545718137474e+00,2.155029037599931030e+00,1.504219278286090912e+03,8.728379385172528870e-01
3.329999999999951221e+00,1.167970476185796080e+00,1.065309922066144388e+00,-6.189834935918174779e+02,-5.577540015815027896e-01
3.334999999999951115e+00,1.176516586630582228e+00,2.226197855441021112e+00,1.533047681125104191e+03,7.170369762274791947e-01
3.339999999999951008e+00,1.184322083473380305e+00,1.172782149203731361e+00,-5.486979444841026634e+02,-7.476717564442857400e-01
3.344999999999950901e+00,1.191310432599814950e+00,2.193378683377970706e+00,1.435520183415733527e+03,3.079645722215951231e-01
3.349999999999950795e+00,1.197240944714330180e+00,1.079244866339256426e+00,-6.245188378381553775e+02,-1.099454837453575307e+00
3.354999999999950688e+00,1.200288767279285906e+00,2.678555728809531300e-01,-5.578889644233710214e+02,-6.306700340568544005e-02
3.359999999999950582e+00,1.204512514465285511e+00,1.225660947108725640e+00,1.153646310343062396e+03,4.743974428673371491e-01
3.364999999999950475e+00,1.206865004586673784e+00,4.706462213368351466e-01,-3.633139401635556283e+02,-1.199935685105854688e+00
3.369999999999950369e+00,1.207435420295024375e+00,-6.499828233441382053e-02,-3.001809980915600136e+02,-9.224034933453523211e-01
3.374999999999950262e+00,1.207246462160091571e+00,-3.730982817520946404e-01,-2.233590472854095594e+02,-4.433977826698294322e-01
3.379999999999950155e+00,1.207006686348496727e+00,-3.577734599745494570e-01,3.839650366906577794e+00,-3.146323526396598291e-01
3.384999999999950049e+00,1.206543128678084331e+00,-6.753195820385863440e-03,-2.693064178923165741e+02,-9.957919110940689489e-01
3.389999999999949942e+00,1.205938227851388156e+00,-2.316376018564733907e-01,-2.368961948842555216e+02,-1.663258051186409681e+00
3.394999999999949836e+00,1.205258663402055230e+00,-3.239706796815242096e-01,-1.608351676166606126e+02,-1.625755146300791543e+00
3.399999999999949729e+00,1.205733122973831728e+00,3.220986113026331199e-01,4.885228388380268143e+02,-1.123878649199051782e+00
3.404999999999949623e+00,1.206656881211847221e+00,2.560274684713392812e-01,-1.252898253296586120e+02,-2.295961108903187942e+00
3.409999999999949516e+00,1.208333307115884603e+00,3.896300147876123332e-01,-2.544065368687979145e+01,-2.168582968514743303e+00
3.414999999999949409e+00,1.211718849239270090e+00,8.826689325774048633e-01,1.232588416753143150e+02,-2.374210138767530953e+00
3.419999999999949303e+00,1.216054109475141365e+00,6.986061819343319934e-01,-1.176827693627051588e+02,-4.117777611508610214e+00
3.424999999999949196e+00,1.219704442872187489e+00,5.906186080760743584e-01,-1.873625395746381059e+02,-4.687179212182513766e+00
3.429999999999949090e+00,1.222262624757434635e+00,3.458981368619931662e-01,1.299050216181921069e+00,-6.142575966799125098e+00
3.434999999999948983e+00,1.223008558829731252e+00,-7.961851144129994395e-02,-2.499258759405311139e+02,-5.850134640413183540e+00
3.439999999999948876e+00,1.221825398053630662e+00,-3.881228627597293479e-01,-2.934524633771824753e+01,-5.267988441389332088e+00
3.444999999999948770e+00,1.218882786909040838e+00,-7.525650102177706691e-01,-1.786347295347713100e+02,-4.995089687132814760e+00
3.449999999999948663e+00,1.214306194222638302e+00,-1.055560359065980114e+00,-7.925340359201656248e+00,-4.595448605053469748e+00
3.454999999999948557e+00,1.208347084397548787e+00,-1.293165400910893936e+00,-2.530239740611431642e+00,-4.509430077120649472e+00
3.459999999999948450e+00,1.201280386851329762e+00,-1.514946964016499198e+00,-6.549208013473629819e+01,-4.402063687923012836e+00
3.464999999999948344e+00,1.193177029788368815e+00,-1.732233614441791136e+00,-1.112189018083637961e+02,-4.495629013106536398e+00
3.469999999999948237e+00,1.184525954560620153e+00,-1.749538940344645965e+00,-4.340968855124459225e+01,-4.083206294808293890e+00
3.474999999999948130e+00,1.175579771861242184e+00,-1.762782190476407163e+00,7.115475060487302983e+01,-4.232701556824072675e+00
3.479999999999948024e+00,1.166431318982207976e+00,-1.818167570605324856e+00,4.546238993392508831e+01,-4.372746833478409201e+00
3.484999999999947917e+00,1.157080404004825702e+00,-1.891291491202236497e+00,2.511693544354388052e+01,-4.512373817830455103e+00
3.489999999999947811e+00,1.147675028978777378e+00,-1.847986175929606123e+00,8.637088133848241966e+01,-4.141162346987368181e+00
3.494999999999947704e+00,1.138387009033753339e+00,-1.881928712763229816e+00,-2.859212602725289898e+01,-4.441279834960260686e+00
3.499999999999947597e+00,1.128972108051514489e+00,-1.903851908387458103e+00,-3.658967171066307600e+01,-4.698094959578680729e+00
3.504999999999947491e+00,1.119509060386404631e+00,-1.850782024648009561e+00,7.110403662590591978e+01,-4.222491795062015996e+00
3.509999999999947384e+00,1.110252905663485778e+00,-1.885982251889057881e+00,-7.683118469158856101e+01,-4.582175477510686434e+00
3.514999999999947278e+00,1.100770212449017960e+00,-1.898936457995608507e+00,3.794522614812767358e+01,-4.692091255728082722e+00
3.519999999999947171e+00,1.091105656275616287e+00,-1.903887073228175408e+00,7.524852418989522107e+01,-4.304621889664359102e+00
3.524999999999947065e+00,1.081520626632981097e+00,-1.967179156331249068e+00,-9.282875903368649517e+01,-4.515042798253477763e+00
3.529999999999946958e+00,1.071543787155974536e+00,-2.020711097100917009e+00,-9.250533929358141449e+00,-4.616980275051877136e+00
3.534999999999946851e+00,1.061208641943929942e+00,-2.071585634992983316e+00,-3.982016632264046230e+00,-4.191999713432561059e+00
3.539999999999946745e+00,1.050818126489652338e+00,-2.135292411430943726e+00,-1.043481566832727196e+02,-4.183987600092615722e+00
3.544999999999946638e+00,1.040056128273873171e+00,-2.181489257294520367e+00,-1.652198481179435063e+01,-4.271003653808898015e+00
3.549999999999946532e+00,1.029370026816635697e+00,-2.071163868057926294e+00,7.795990571318020557e+01,-3.215660798969579126e+00
3.554999999999946425e+00,1.019074969721419865e+00,-2.030950971663181281e+00,-1.793493135556778029e+01,-2.914401825489921105e+00
3.559999999999946318e+00,1.008744701322263904e+00,-2.056924194530971750e+00,2.242902342849877684e+01,-2.637465263054938447e+00
3.564999999999946212e+00,9.977939669986986004e-01,-2.217769422082593422e+00,3.775708455381514028e+01,-1.740810278209141693e+00
3.569999999999946105e+00,9.858025987597797135e-01,-2.488180581387894108e+00,-5.313757242165047501e+01,-1.612521180325074077e+00
3.574999999999945999e+00,9.723016738956251626e-01,-2.836488413042135726e+00,-5.403452243044641534e+01,-1.067480817917787705e+00
3.579999999999945892e+00,9.584484677990529056e-01,-2.736464391970143240e+00,2.601591174106636473e+01,-2.587019871685758421e-01
3.584999999999945786e+00,9.455490145425921034e-01,-2.493209147473476328e+00,3.172872139560042015e+01,1.714898898032002350e-02
3.589999999999945679e+00,9.339961999760025835e-01,-2.212832982203044807e+00,2.700731662319897808e+01,-5.550858215971365972e-02
3.594999999999945572e+00,9.254880081743703801e-01,-1.357761181653569960e+00,1.982060161886550702e+02,3.917566865911377150e-01
3.599999999999945466e+00,9.210385376873059249e-01,-5.676580598554854529e-01,1.730125536431193325e+02,-2.913977049446514478e-03
3.604999999999945359e+00,9.220598086214760736e-01,6.757817799387696445e-01,1.959890876793085681e+02,-1.557892374334588770e-01
3.609999999999945253e+00,9.296250574684746804e-01,1.764366264674848361e+00,2.672209702968453939e+02,-1.499098563459967393e-01
3.614999999999945146e+00,9.378962102978134485e-01,1.553827057609426854e+00,-4.079715648119776006e+02,2.809864796697090217e-01
3.619999999999945040e+00,9.472820489002405919e-01,1.911386467396168021e+00,1.922342415988736377e+02,1.512586430187392139e+00
3.624999999999944933e+00,9.565647098322047626e-01,1.721263367094902685e+00,-3.419199996923392177e+02,2.155405738704519347e+00
3.629999999999944826e+00,9.655735475702613702e-01,1.811698079946710616e+00,-2.425525608047941617e+01,2.940824701474184621e+00
3.634999999999944720e+00,9.751572520304634395e-01,1.802970739365108654e+00,-4.307569753608651695e+02,2.725922629630190830e+00
3.639999999999944613e+00,9.848029305496914798e-01,1.973215087818674718e+00,-7.439890359167799261e+02,2.530388298873396558e+00
3.644999999999944507e+00,9.936112552599610792e-01,2.487198809108881914e+00,1.669205347434563009e+03,3.263359422945515842e+00
3.649999999999944400e+00,1.003786998415052922e+00,2.633363581709461609e+00,1.471816094877534624e+03,2.405410804067262820e+00
3.654999999999944293e+00,1.012810133736042006e+00,2.546221445945593409e+00,1.048330830776154471e+03,2.118633860857654039e+00
3.659999999999944187e+00,1.020772914584387570e+00,1.015228518482481856e+00,-5.948128452482453667e+02,1.617429991503791298e+00
3.664999999999944080e+00,1.029562787225998477e+00,8.942736970870167612e-01,-9.148751038705421479e+02,2.237789736788614370e+00
3.669999999999943974e+00,1.038705471105046518e+00,1.588846774775831472e+00,-9.106229768525440704e+02,1.573572998143939250e+00
3.674999999999943867e+00,1.047859005185149517e+00,1.975911063206895690e+00,-9.163918661709265052e+02,1.197778702810331941e+00
3.679999999999943761e+00,1.056994547225469150e+00,2.572191181396402904e+00,1.629366102685248052e+03,1.910480086233542041e+00
3.684999999999943654e+00,1.064025861410036189e+00,6.231006332888748833e-01,-9.398096785364089101e+02,9.945488844400147688e-01
3.689999999999943547e+00,1.072477618288663725e+00,1.368666758228780145e+00,-9.794003438838607281e+02,1.525422289837355727e+00
3.694999999999943441e+00,1.083737474322643779e+00,1.995833306433527188e+00,-8.505447929229530928e+02,6.396094339360991476e-01
3.699999999999943334e+00,1.093300835980175023e+00,2.644232676684469929e+00,1.510655959104211661e+03,1.132845804288309166e+00
3.704999999999943228e+00,1.101364018806545442e+00,8.792811681757725095e-01,-9.176523249303442071e+02,4.786028805884799953e-01
3.709999999999943121e+00,1.111359105587950147e+00,1.875350440856146772e+00,-8.323979000903134420e+02,7.426588170833952063e-01
3.714999999999943014e+00,1.120849019444899008e+00,2.668889093595433248e+00,1.512889840651457462e+03,8.722889935759254865e-01
3.719999999999942908e+00,1.129659002844851434e+00,1.096537251347759145e+00,-8.930571926004550960e+02,-3.338426173439046352e-02
3.724999999999942801e+00,1.138702925503778829e+00,2.224334609510631555e+00,1.563705918967455091e+03,1.407264983081308207e+00
3.729999999999942695e+00,1.145651192827288334e+00,7.858810258300877871e-01,-8.616779944998365863e+02,7.499091817327829812e-02
3.734999999999942588e+00,1.155973659470046710e+00,2.043160129185742857e+00,-7.495728264822367919e+02,4.409093206723604386e-01
3.739999999999942482e+00,1.162600809122868784e+00,7.819311043624056490e-01,-7.923915634552533902e+02,3.416879192297705981e-02
3.744999999999942375e+00,1.173276642835429318e+00,2.219834421676099900e+00,-6.455310578127571262e+02,2.721112689835065712e-01
3.749999999999942268e+00,1.180822884208104551e+00,1.120858413667582543e+00,-6.144258895617059579e+02,-1.504454237719408116e-01
3.754999999999942162e+00,1.190186394902978506e+00,2.397418147102924113e+00,1.612983101524436279e+03,1.054744504966886653e+00
3.759999999999942055e+00,1.196484067893071268e+00,1.219464920354272008e+00,-6.004076773402634899e+02,-5.672268652912293430e-01
3.764999999999941949e+00,1.201695949568287292e+00,3.185451817031711985e-01,-5.175870080656239907e+02,5.632882956512528239e-01
3.769999999999941842e+00,1.206498828772506027e+00,1.334042549137863132e+00,1.180450484274781047e+03,1.193967905089637460e+00
3.774999999999941735e+00,1.209232078618273087e+00,5.037126401674968390e-01,-5.500913159418732903e+02,-4.234914363447366270e-01
3.779999999999941629e+00,1.210285638117330365e+00,4.138743950226772550e-02,-3.421067343059558539e+02,1.162810995129096026e-01
3.784999999999941522e+00,1.210022314619578099e+00,-4.807584365207028809e-01,-2.891529135903035126e+02,5.114384492672401361e-01
3.789999999999941416e+00,1.209530273358935482e+00,-6.787146729559747627e-01,-2.861977635150296919e+02,6.546091525148435286e-01
3.794999999999941309e+00,1.209054809881086046e+00,3.082161013561069418e-01,8.778800019689265355e+02,3.798529040674945567e-01
3.799999999999941203e+00,1.207635848788729760e+00,3.850330616485696158e-03,7.138243860236407272e+02,-7.417132011104381473e-01
3.804999999999941096e+00,1.206217177254229833e+00,-2.051050512673417703e-01,-2.670383484635291325e+02,-1.286549483224544987e+00
3.809999999999940989e+00,1.204281564725041553e+00,-2.660236544301404216e-01,-1.531480720006995568e+02,-1.351677916151516445e+00
3.814999999999940883e+00,1.202731066728059073e+00,-3.288971218022088694e-01,-1.652163848809164506e+02,-1.361725562433627967e+00
3.819999999999940776e+00,1.202199462087606197e+00,2.109905392757236431e-01,4.381024018625557233e+02,-1.634927500720923632e+00
3.824999999999940670e+00,1.202622655781712124e+00,1.203292813908741765e-01,6.271709418265794511e+01,-1.972901315132244537e+00
3.829999999999940563e+00,1.204874753450267066e+00,6.332247053341553134e-01,7.339964811947815804e+01,-1.685929170857269233e+00
3.834999999999940457e+00,1.209776477616059553e+00,9.945628515263444935e-01,-2.012978496261760242e+01,-4.195099156721639133e+00
3.839999999999940350e+00,1.213890383998496469e+00,8.385628787890990754e-01,9.798444095154859212e+01,-5.393257810160344334e+00
3.844999999999940243e+00,1.217617307700755269e+00,6.292533530214892146e-01,-1.269553093380707338e+02,-4.842962460162262950e+00
3.849999999999940137e+00,1.219358189449630148e+00,1.065535296412943034e-01,-1.029032339173241724e+02,-5.997192370251767102e+00
3.854999999999940030e+00,1.218311356880541707e+00,-4.549957536465201735e-01,-1.603690716436535126e+02,-5.314592080310466926e+00
3.859999999999939924e+00,1.214482546356626669e+00,-9.111900815101179330e-01,1.993228068519039997e+00,-4.684527397233607005e+00
3.864999999999939817e+00,1.208224558899052781e+00,-1.521908418025611720e+00,-2.416958124222968820e+02,-4.414734484102701195e+00
3.869999999999939710e+00,1.199789680959354454e+00,-1.830951922949410449e+00,-7.000179905304902306e+00,-4.096679798714372822e+00
3.874999999999939604e+00,1.189520506740350037e+00,-2.261583448748868630e+00,-2.055593945547176986e+02,-3.911381432328718599e+00
3.879999999999939497e+00,1.178035711359665116e+00,-2.361228815177164986e+00,2.543502397938042492e+01,-3.674452364428189455e+00
3.884999999999939391e+00,1.165577122185647241e+00,-2.583541845521940328e+00,-1.232868988788880387e+02,-3.661730361933831279e+00
3.889999999999939284e+00,1.152995590559177996e+00,-2.504176926626187516e+00,5.472684435632609734e+01,-3.402835301397055812e+00
3.894999999999939178e+00,1.140257408268271710e+00,-2.580452970540493940e+00,-9.686678143657017870e+01,-3.564026475367105817e+00
3.899999999999939071e+00,1.127946555206764456e+00,-2.453228799023089213e+00,2.669481536490199503e+01,-3.461427670164997750e+00
3.904999999999938964e+00,1.115780978108671828e+00,-2.431192427674484957e+00,-8.319607602407315028e+01,-3.681591831368306700e+00
3.909999999999938858e+00,1.104129529384051622e+00,-2.309492551734954269e+00,5.067272466920028506e+01,-3.577991001689973860e+00
3.914999999999938751e+00,1.092721592533750785e+00,-2.286027488076455505e+00,-3.003898370451318200e+01,-3.860167504938296190e+00
3.919999999999938645e+00,1.081143772102501233e+00,-2.342832853789171388e+00,-2.236124951956853124e+01,-4.142909610397986775e+00
3.924999999999938538e+00,1.069465378721964566e+00,-2.314211819739942388e+00,1.690393843932881168e+01,-3.776721807985603974e+00
3.929999999999938431e+00,1.057711859881138583e+00,-2.386096993649870157e+00,-5.555925267213217467e+01,-3.908556722122354721e+00
3.934999999999938325e+00,1.046096243778736889e+00,-2.272071671193049980e+00,4.085131323395830805e+01,-3.637023519707937247e+00
3.939999999999938218e+00,1.034833002447269834e+00,-2.168011811546640466e+00,7.830341131997465709e+01,-3.433109650329165596e+00
3.944999999999938112e+00,1.023745687941754356e+00,-2.217248107669170132e+00,1.641734592906473367e+01,-3.744354932141829906e+00
3.949999999999938005e+00,1.012135815848588694e+00,-2.325037795277222763e+00,5.109618487816953092e+01,-3.881530783060877177e+00
3.954999999999937899e+00,1.000289785648600827e+00,-2.345934485861670638e+00,6.451710833371251397e+01,-3.274574689676608141e+00
3.959999999999937792e+00,9.884561739113086887e-01,-2.410434191663749726e+00,-8.577144837843431446e+01,-3.362848589781907371e+00
3.964999999999937685e+00,9.764263424954910953e-01,-2.415317389532135817e+00,-1.257764039657263666e+01,-3.331306992703456427e+00
3.969999999999937579e+00,9.644714561383956886e-01,-2.372637094567876748e+00,9.589659548855252069e+00,-2.624664143374062952e+00
3.974999999999937472e+00,9.528282039012677673e-01,-2.314677800039780742e+00,-2.354653806864119403e+01,-2.006624143959086393e+00
3.979999999999937366e+00,9.411432399673727023e-01,-2.362796257112787846e+00,-2.600997254378679813e+01,-1.620927285150273400e+00
3.984999999999937259e+00,9.288927202233293601e-01,-2.489204980585062010e+00,6.570630873277537809e+00,-4.957623044239942711e-01
3.989999999999937152e+00,9.159072201580902295e-01,-2.681089051858292382e+00,-6.888387142585997935e+01,-4.791285582545721233e-01
3.994999999999937046e+00,9.030105572272302261e-01,-2.546528451235077650e+00,-5.571706095896123756e+00,-5.443837927635630791e-02
3.999999999999936939e+00,8.915487032033838632e-01,-2.128836047806374587e+00,1.086335144147453633e+02,3.172049106535970164e-01
4.004999999999936833e+00,8.828047004059988989e-01,-1.498676054641442379e+00,1.259985585398504071e+02,4.331723048318532054e-01
4.009999999999936726e+00,8.772584354732884115e-01,-8.521961799265568294e-01,1.401611192020972680e+02,1.646866049484553285e-01
4.014999999999936620e+00,8.768001161156052659e-01,4.063753127915228358e-01,2.521893688812974972e+02,3.682907014633042264e-01
4.019999999999936513e+00,8.833034850980735486e-01,1.889132302433486954e+00,3.053117564428119408e+02,-2.028047457690929090e-02
4.024999999999936406e+00,8.918757380169061166e-01,1.606587388286810025e+00,-2.938028205979535414e+02,6.380339516116038112e-01
4.029999999999936300e+00,9.007416783135018257e-01,1.808645606919224491e+00,1.042124825252435443e+02,2.001523099537825701e+00
4.034999999999936193e+00,9.097545355342885331e-01,1.755242771590518336e+00,-2.856491015543731464e+02,3.000094396477884562e+00
4.039999999999936087e+00,9.184422761600987695e-01,1.820401314881461508e+00,-1.744740279195072574e+01,4.037190885916484895e+00
4.044999999999935980e+00,9.276976356252413236e-01,1.759356563396069717e+00,-3.383870287385751112e+02,4.151208423523793378e+00
4.049999999999935874e+00,9.369444367843585697e-01,1.916089404734710122e+00,-6.163837943109767821e+02,3.838364123635582104e+00
4.054999999999935767e+00,9.453422495260275227e-01,1.972814003607113564e+00,7.636883682954726282e+02,4.193436045320311223e+00
4.059999999999935660e+00,9.537108975674615241e-01,1.780000397028510983e+00,4.154830116800383166e+02,3.508865382694516200e+00
4.064999999999935554e+00,9.628182871989121594e-01,1.861011588144690476e+00,-5.312820789262564176e+02,2.890793715682130838e+00
4.069999999999935447e+00,9.713336167753490180e-01,1.636032075887454695e+00,-2.434132754755100905e+02,2.642299700175980259e+00
4.074999999999935341e+00,9.804172507769284284e-01,1.862305900953474813e+00,-6.945948279122808344e+02,2.271404761745134060e+00
4.079999999999935234e+00,9.885374282081443864e-01,2.147686764872223542e+00,1.201319182538851010e+03,2.646545050042283798e+00
4.084999999999935127e+00,9.978819210445522003e-01,2.565680422687016016e+00,1.656323609610000858e+03,2.650705029923077660e+00
4.089999999999935021e+00,1.006598865368912632e+00,2.809307407390529754e+00,1.520002708895531214e+03,1.957330815230142518e+00
4.094999999999934914e+00,1.014410479472839910e+00,6.988514239281883311e-01,-9.378268387611650496e+02,1.765115638372642515e+00
4.099999999999934808e+00,1.022333884107197388e+00,1.056516627404654241e+00,-9.225163686849524538e+02,2.385154196676269933e+00
4.104999999999934701e+00,1.032300298059198873e+00,1.693789387025997462e+00,-9.847419940045724616e+02,1.918590562137520106e+00
4.109999999999934595e+00,1.040344208158365369e+00,2.403750132841665721e+00,1.653265525938655401e+03,2.338710628227917976e+00
4.114999999999934488e+00,1.048868447274693638e+00,2.901164437416175801e+00,1.703323954636341796e+03,1.693458798160524470e+00
4.119999999999934381e+00,1.057425918223389605e+00,9.229018132876559699e-01,-8.806554967700637917e+02,1.192042543757725337e+00
4.124999999999934275e+00,1.067267037908757876e+00,1.837205067309494844e+00,-8.106388713428029860e+02,1.660648873148575788e+00
4.129999999999934168e+00,1.076135372488672637e+00,2.634011655891895121e+00,1.709555053448865692e+03,1.972053698269894850e+00
4.134999999999934062e+00,1.084026716535582802e+00,8.934712375687163810e-01,-8.581740467973376099e+02,1.304331008278045267e+00
4.139999999999933955e+00,1.094185011795301810e+00,1.912169438621272421e+00,-8.810741544813597557e+02,1.661216300882705443e+00
4.144999999999933848e+00,1.103805883239180385e+00,2.691808803951866391e+00,1.565808324425764113e+03,1.441789075975351109e+00
4.149999999999933742e+00,1.112254177737380445e+00,9.377897181583724207e-01,-9.055036754557252152e+02,6.717842731950484092e-01
4.154999999999933635e+00,1.119852269834272551e+00,1.864007887804510544e+00,1.583493005924041881e+03,2.428368282863751837e+00
4.159999999999933529e+00,1.124868771661743816e+00,3.811522052124171056e-01,-8.043455036049912223e+02,1.414080197671610417e+00
4.164999999999933422e+00,1.130075003302841496e+00,1.399210199943154986e+00,1.451501850499829743e+03,2.650200296552701840e+00
4.169999999999933316e+00,1.133598849336398873e+00,2.238616930022939433e-01,-6.647220881253583684e+02,1.360816854801021325e+00
4.174999999999933209e+00,1.134331844035454395e+00,-5.196738790965699240e-01,-4.922509640815381431e+02,2.176943972194651078e+00
4.179999999999933102e+00,1.135388603628095572e+00,7.305268330149593536e-01,1.323404166820549563e+03,3.012212749353313956e+00
4.184999999999932996e+00,1.135157218307104587e+00,6.383382181962563018e-02,-4.320988156957052979e+02,1.503522221142373327e+00
4.189999999999932889e+00,1.133931254245701847e+00,-4.238645686212287877e-01,-3.661705566980658659e+02,1.909856529712704365e+00
4.194999999999932783e+00,1.132414994106249573e+00,-7.598447877424389096e-01,-4.174490982750607486e+02,2.170596300200501982e+00
4.199999999999932676e+00,1.132533761297900066e+00,4.986346760250766064e-01,1.108536580355943215e+03,2.339224368800883358e+00
4.204999999999932569e+00,1.132415175525611772e+00,1.137204617112269195e-01,-3.231813993749231031e+02,3.461646638632371875e-01
4.209999999999932463e+00,1.131935671063727611e+00,-1.510973664251112902e-01,-2.395699623335214028e+02,8.424754800928897502e-01
4.214999999999932356e+00,1.130963207499017686e+00,-4.807213142397131489e-01,-1.955435144152990006e+02,1.207035855606778174e+00
4.219999999999932250e+00,1.131783253313199067e+00,6.164053682442292015e-01,9.106871620091035311e+02,1.526017433661911671e+00
4.224999999999932143e+00,1.132203720402304992e+00,4.059189465328459367e-01,7.686873519115167710e+02,2.129744616238399835e-01
4.229999999999932037e+00,1.132816876491116398e+00,2.334950358946724092e-01,-1.830360904200351229e+02,-2.774928220287315450e-01
4.234999999999931930e+00,1.134272252256806723e+00,1.150117710838896856e-01,-1.235081874969717148e+02,-3.646964144192162971e-01
4.239999999999931823e+00,1.136876665577631673e+00,5.885826833396564650e-01,-1.453698410196913358e+02,-9.347207654842456526e-01
4.244999999999931717e+00,1.140582140307661474e+00,9.662847795931539530e-01,2.018275819253012457e+02,-1.230425783724672151e+00
4.249999999999931610e+00,1.146255149901417525e+00,1.229954234261781743e+00,-2.735259548073236147e+01,-3.634721941559471592e+00
4.254999999999931504e+00,1.152595843058994429e+00,1.332196663939614334e+00,4.959948835294652980e+01,-5.200045279016510591e+00
4.259999999999931397e+00,1.159445420127642512e+00,1.248382142312980392e+00,-4.322520542615818329e+01,-5.785608676698477559e+00
4.264999999999931291e+00,1.165157276435221823e+00,1.020486828676250068e+00,-5.305096176124931162e+01,-4.884056781151353555e+00
4.269999999999931184e+00,1.168509664926517200e+00,5.091766336300918017e-01,2.650962800463613078e+01,-5.575751899557083391e+00
4.274999999999931077e+00,1.169042577361321333e+00,-1.469905357234968790e-01,-1.527368281144288176e+02,-5.197159165506954892e+00
4.279999999999930971e+00,1.166605340992223683e+00,-6.677624588218535884e-01,2.866379235264077252e+01,-4.737990673146207143e+00
4.284999999999930864e+00,1.161559906511020257e+00,-1.228205995180558174e+00,-1.656033932545076652e+02,-4.386275400219153298e+00
4.289999999999930758e+00,1.154285962379004049e+00,-1.578512502514731519e+00,4.458878776716763070e+01,-4.040659587822754695e+00
4.294999999999930651e+00,1.145092207638958692e+00,-1.979038808037317576e+00,-1.393833402922094820e+02,-3.841113611377032999e+00
4.299999999999930544e+00,1.134591917849562259e+00,-2.130790999255116169e+00,9.819467133403597359e+01,-3.603884048196990264e+00
4.304999999999930438e+00,1.123011785246926797e+00,-2.360740935327997114e+00,-7.260836936931661967e+01,-3.460933671915671361e+00
4.309999999999930331e+00,1.110956853163347358e+00,-2.386911316615452527e+00,1.095962243744502445e+02,-3.406251254468561918e+00
4.314999999999930225e+00,1.098370616334990890e+00,-2.520755518222162372e+00,-5.525530879864805911e+01,-3.410225624774594344e+00
4.319999999999930118e+00,1.085776840568295265e+00,-2.457411625217556406e+00,1.183043255327515197e+02,-3.298885262613016511e+00
4.324999999999930012e+00,1.073090600928687133e+00,-2.490916344716789688e+00,-1.151338078150493516e+01,-3.315682961132506712e+00
4.329999999999929905e+00,1.060735283816394592e+00,-2.409179700030630311e+00,1.055474033081063538e+02,-3.264557486568033795e+00
4.334999999999929798e+00,1.048563290892135180e+00,-2.380006619969109671e+00,-1.760400417176771981e+01,-3.333921704188523627e+00
4.339999999999929692e+00,1.036701268558928968e+00,-2.277934358210999211e+00,1.443220486960892117e+02,-3.291962775677611308e+00
4.344999999999929585e+00,1.025220841143484218e+00,-2.273030685813707041e+00,-2.357926244994912324e+01,-3.362770449273282836e+00
4.349999999999929479e+00,1.013919286553053523e+00,-2.159447298483781807e+00,1.240079334974286809e+02,-3.405204821748392341e+00
4.354999999999929372e+00,1.002701717495356748e+00,-2.214547558326976251e+00,2.274079233972755176e+01,-3.432623719326023615e+00
4.359999999999929265e+00,9.918503051517129077e-01,-2.095434203266370865e+00,5.383350795813866085e+01,-3.125138438312189848e+00
4.364999999999929159e+00,9.812723571613438667e-01,-2.068933679057143316e+00,3.527440915408089239e+01,-3.265657875241460228e+00
4.369999999999929052e+00,9.707324061838342732e-01,-2.096904230754174758e+00,2.683717359318409379e+01,-3.386033466241898715e+00
4.374999999999928946e+00,9.601621328169074321e-01,-2.095077629565307742e+00,-5.174337904024095103e+00,-3.143360690595408791e+00
4.379999999999928839e+00,9.498275428274921550e-01,-2.000292293581702907e+00,9.695159472734199824e+01,-2.963945048559263551e+00
4.384999999999928733e+00,9.393021070316804888e-01,-2.152994945553536876e+00,-4.998931949413251630e+01,-3.304137073743380171e+00
4.389999999999928626e+00,9.288709584637475647e-01,-2.036148143176943925e+00,5.031704837479443171e+01,-2.760834269055671975e+00
4.394999999999928519e+00,9.184031117122868348e-01,-2.097209660070550985e+00,-6.368466519931941860e+01,-2.988994683094627014e+00
4.399999999999928413e+00,9.078295921341467123e-01,-2.088189611414842162e+00,4.811951516965329034e+01,-2.739309229623603237e+00
4.404999999999928306e+00,8.968103049666539262e-01,-2.229376805808979345e+00,-1.117654209121790387e+01,-2.949419329372278131e+00
4.409999999999928200e+00,8.858231657782634771e-01,-2.140494253765079513e+00,6.179161593413050468e+01,-2.199390469692609873e+00
4.414999999999928093e+00,8.748061656953980414e-01,-2.197073644389510694e+00,2.373494250355388413e+00,-2.112086723689828638e+00
4.419999999999927986e+00,8.636627463455956999e-01,-2.223124887057865262e+00,1.411936464554790938e+01,-1.576120885266420357e+00
4.424999999999927880e+00,8.520680746875893830e-01,-2.350726011983259589e+00,-1.323123157706353226e+01,-5.966727312033406339e-01
4.429999999999927773e+00,8.404519605177865893e-01,-2.292925006584777048e+00,1.564272355137479487e+01,-4.664828237713214421e-02
4.434999999999927667e+00,8.297757711587420149e-01,-2.055159542767377445e+00,6.541133098711660487e+00,1.758478078718170856e-01
4.439999999999927560e+00,8.224729109486145218e-01,-1.080413371936127298e+00,2.106383830744950103e+02,7.982080180674462344e-01
4.444999999999927454e+00,8.203811287660415230e-01,5.414446458692377673e-02,2.730561651170509663e+02,7.858052569234940110e-01
4.449999999999927347e+00,8.257965557550629443e-01,1.741167073510119234e+00,3.054357704551954384e+02,7.417337352565220865e-01
4.454999999999927240e+00,8.351448943241902567e-01,1.709146373850883416e+00,-2.206794792049346370e+02,1.507978157710740730e+00
4.459999999999927134e+00,8.448706469138965724e-01,1.792087592096365478e+00,-4.309337363386954962e+02,2.983436675414838923e+00
4.464999999999927027e+00,8.540095418638268265e-01,1.818751582222992269e+00,-5.015831726963546089e+01,4.464620839945653508e+00
4.469999999999926921e+00,8.635607856734237586e-01,1.819322507811807377e+00,-4.141578388118240923e+02,5.180019951120243604e+00
4.474999999999926814e+00,8.726489901065166421e-01,1.828618823648863190e+00,-4.255343995136464059e+02,5.344989459787527153e+00
4.479999999999926708e+00,8.823332071970443335e-01,1.923111885582068359e+00,-5.853989304950134738e+02,4.960000384549294594e+00
4.484999999999926601e+00,8.923951481084398951e-01,2.038584946842194157e+00,-8.754441164642049671e+02,4.092940344454495616e+00
4.489999999999926494e+00,9.018304381730525288e-01,1.815917317094573935e+00,-3.468918128200786555e+02,3.995153905085898849e+00
4.494999999999926388e+00,9.115480631934238520e-01,1.992421748962411199e+00,-9.035918064013590083e+02,3.283591668336494962e+00
4.499999999999926281e+00,9.211176140235286525e-01,1.876645968283367827e+00,-5.539250400729137027e+02,3.306994782435823677e+00
4.504999999999926175e+00,9.307445707995215534e-01,1.921484044713423822e+00,-7.705115888858442759e+02,3.056656777114816315e+00
4.509999999999926068e+00,9.402197703533909934e-01,1.853981909393761285e+00,-7.032951135198161410e+02,2.849079002461662569e+00
4.514999999999925961e+00,9.493029984520291453e-01,1.780679260881093295e+00,-4.401612378897635267e+02,3.064555255165623215e+00
4.519999999999925855e+00,9.585054748834718197e-01,1.895271621813716445e+00,-6.738236176043312753e+02,2.797471599507145967e+00
4.524999999999925748e+00,9.666556821747526174e-01,1.866732322739075078e+00,6.288482716360690574e+02,3.132604449511827482e+00
4.529999999999925642e+00,9.744355970757024865e-01,2.260092691238297480e+00,1.643868480009728728e+03,3.960664733238299373e+00
4.534999999999925535e+00,9.839113722936326800e-01,2.537203161544347996e+00,1.525012392126367104e+03,3.477892832956221092e+00
4.539999999999925429e+00,9.908736691982000799e-01,7.774561524302598947e-01,-6.150771604274540323e+02,3.292187574006922191e+00
4.544999999999925322e+00,1.000352847446927651e+00,1.079488853171635787e+00,-1.010169779232722021e+03,3.764479650252364973e+00
4.549999999999925215e+00,1.010715974218951763e+00,1.849589469545411813e+00,-8.635977469132996021e+02,2.851490175710975628e+00
4.554999999999925109e+00,1.019115696754648415e+00,2.509007905493366497e+00,1.782876034916889239e+03,3.149905414701430484e+00
4.559999999999925002e+00,1.026253022245842361e+00,1.358477199173933503e+00,-1.450184078648777763e+01,2.122740115410397532e+00
4.564999999999924896e+00,1.032939399238150147e+00,4.788051154957568278e-01,-9.205845180439987416e+02,2.960050734015287066e+00
4.569999999999924789e+00,1.041851130248767188e+00,1.009805781906752742e+00,-8.568095507992352395e+02,2.594455179213817075e+00
4.574999999999924682e+00,1.051377530280429795e+00,1.732679000862391350e+00,-8.404622983952984896e+02,1.927907142865649348e+00
4.579999999999924576e+00,1.059473647903313775e+00,2.422959137298388299e+00,1.652593999995872764e+03,2.370166412885398532e+00
4.584999999999924469e+00,1.068402273998000584e+00,2.949380631774205064e+00,1.634657063460590280e+03,1.324517259844670392e+00
4.589999999999924363e+00,1.076886253746390798e+00,8.703466506170989270e-01,-9.589646704227433247e+02,7.328794060749217465e-01
4.594999999999924256e+00,1.086257393267676230e+00,1.660527396564306146e+00,-8.719572657917901779e+02,1.050482826390621849e+00
4.599999999999924150e+00,1.094368960499165322e+00,2.222882847389624938e+00,1.284048259419790611e+03,1.202830669840988520e+00
4.604999999999924043e+00,1.104066427224776437e+00,2.592352960812057461e+00,1.571945667987158231e+03,5.693551049636763617e-01
4.609999999999923936e+00,1.111133286849516288e+00,7.940859814774441361e-01,-6.546835397441446958e+02,6.794379968617647592e-02
4.614999999999923830e+00,1.118996587665464393e+00,1.249826424681916182e+00,-6.318032732678663024e+02,5.471901724177670179e-01
4.619999999999923723e+00,1.128620323568355621e+00,1.729089674867273718e+00,-8.171871140563360996e+02,-3.162953372133601171e-01
4.624999999999923617e+00,1.136528094620655738e+00,2.316869587373385109e+00,1.555886835854558967e+03,-3.150466863216339064e-02
4.629999999999923510e+00,1.142424488688620343e+00,6.058859164951317933e-01,-6.115136573218800322e+02,-1.040975740928081983e+00
4.634999999999923403e+00,1.149134785345002019e+00,1.135679996039156370e+00,-7.297699195715958922e+02,-4.240149313251156959e-01
4.639999999999923297e+00,1.154356740465091180e+00,1.431957383193281474e+00,7.792929424658212838e+02,-4.937475807663928018e-01
4.644999999999923190e+00,1.160747430055692364e+00,1.935134278353177750e+00,1.409604137765551741e+03,-9.687251034880337563e-01
4.649999999999923084e+00,1.164944056572181585e+00,2.245056724268546244e-01,-6.794610000453476459e+02,-1.542416377862407373e+00
4.654999999999922977e+00,1.170063914865765220e+00,9.032997278464468538e-01,-6.851755828515255189e+02,-1.027413729678801957e+00
4.659999999999922871e+00,1.174087852979077251e+00,1.481746182232869469e+00,1.367208366888191904e+03,-9.062034841573792798e-01
4.664999999999922764e+00,1.176766958996489087e+00,2.763254856372836937e-03,-6.155524126253793611e+02,-1.698002233115470716e+00
4.669999999999922657e+00,1.180762206520759028e+00,7.242022954524649503e-01,-6.127524139871096622e+02,-1.241273856685626953e+00
4.674999999999922551e+00,1.184041574423283727e+00,1.251397924872674539e+00,1.208053136895558282e+03,-1.324887747563990192e+00
4.679999999999922444e+00,1.185961264945451177e+00,-1.004937701039644721e-01,-5.551049616337916177e+02,-1.997516267045354343e+00
4.684999999999922338e+00,1.188946212131111624e+00,5.401391240725113008e-01,-5.255394341092742252e+02,-1.642922617399658280e+00
4.689999999999922231e+00,1.190912172714289508e+00,8.913485570039245687e-01,1.060602183653574457e+03,-1.657011852414342234e+00
4.694999999999922125e+00,1.191738081027277518e+00,-2.136406847861313796e-01,-4.504486096758579379e+02,-2.457814155761650188e+00
4.699999999999922018e+00,1.193626589207344102e+00,3.240928018606896166e-01,-4.208893653162019746e+02,-1.977324382223582200e+00
4.704999999999921911e+00,1.193930256733344741e+00,4.969998776546536434e-01,9.426075664346560643e+02,-1.921715871637381889e+00
4.709999999999921805e+00,1.193767999255833212e+00,-3.176778711569390179e-01,-3.559626749179540752e+02,-2.455855774338504105e+00
4.714999999999921698e+00,1.194245808673129128e+00,2.551998171034831620e-01,5.900945363384871598e+02,-1.473943354717237586e+00
4.719999999999921592e+00,1.194194523116933748e+00,-1.735331192958425861e-01,-2.425926388313483244e+02,-2.322300107730006946e+00
4.724999999999921485e+00,1.195116752104016022e+00,1.174775680088095964e-01,-3.015551383130365366e+02,-2.086625107140744007e+00
4.729999999999921378e+00,1.195850378971277994e+00,3.515309646944792532e-01,4.486850702785002341e+02,-2.147403960616660612e+00
4.734999999999921272e+00,1.196174239206160506e+00,-8.187687644661267861e-02,-1.991079367587713023e+02,-2.553965477510859561e+00
4.739999999999921165e+00,1.197309333028219847e+00,3.548959973454325345e-01,3.925468245191674441e+02,-2.134164842854811450e+00
4.744999999999921059e+00,1.198083914609147094e+00,5.574344608356896630e-02,-1.446823237065634089e+02,-2.938327867673363958e+00
4.749999999999920952e+00,1.198891615918262987e+00,1.507665781666948368e-01,-1.669647856901519560e+02,-2.470333998317876922e+00
4.754999999999920846e+00,1.198725661063198888e+00,-1.219196932506523556e-01,-1.078686645802849711e+02,-1.906174879847436721e+00
4.759999999999920739e+00,1.198379570215348133e+00,-9.617946987241422774e-02,-9.439871097530146926e+01,-1.100065253756169925e+00
4.764999999999920632e+00,1.197708306371232156e+00,-5.843732378566093150e-02,1.116808397961084864e+02,-1.467188174769571640e+00
4.769999999999920526e+00,1.198000039168434672e+00,-8.192716646493124200e-02,-1.008916364515924187e+02,-2.208264124622238089e+00
4.774999999999920419e+00,1.198097550972701431e+00,2.048687261865987930e-01,2.872239760649375171e+02,-3.085365270188596742e+00
4.779999999999920313e+00,1.198214246469194499e+00,1.984576235111987566e-02,-5.445194346317931888e+01,-4.322143778208175746e+00
4.784999999999920206e+00,1.198540910238209189e+00,1.239286483899669326e-02,3.371016207697863365e+01,-4.971114033871093518e+00
4.789999999999920099e+00,1.198317262299561037e+00,-6.861468942504495017e-02,5.114303276467617110e+01,-5.114953133771458660e+00
4.794999999999919993e+00,1.197771933958011736e+00,-1.004169969585620020e-01,8.977441722120406098e+01,-5.027359848466669945e+00
4.799999999999919886e+00,1.196929175311246762e+00,-1.791616331692391095e-01,1.750047659588840787e+01,-4.940316756519902874e+00
4.804999999999919780e+00,1.195646672484608208e+00,-3.261175134031388811e-01,-1.231528755559115069e+02,-4.943944545735263318e+00
4.809999999999919673e+00,1.194067555501470812e+00,-3.290563581518557990e-01,1.051229888620994402e+01,-4.757984284178855106e+00
4.814999999999919567e+00,1.192219170980336473e+00,-4.025584119903231062e-01,-6.099671091033604853e+01,-4.770926203888909534e+00
4.819999999999919460e+00,1.190238710811460487e+00,-4.044549909694898360e-01,1.008941245006541187e+01,-4.782714854497003287e+00
4.824999999999919353e+00,1.188384640740481224e+00,-3.271023262682360433e-01,5.179596875624622498e+01,-4.513726447880258341e+00
4.829999999999919247e+00,1.186747180488145315e+00,-2.811846061282919917e-01,4.308128952965202529e+01,-4.831647016250578019e+00
4.834999999999919140e+00,1.185317328981703833e+00,-2.787623245219580936e-01,-3.625482966926182549e+00,-5.060785936924685480e+00
4.839999999999919034e+00,1.183916806025589796e+00,-2.435643875802466496e-01,3.600060476736384629e+01,-5.323890732395692105e+00
4.844999999999918927e+00,1.182721655983729026e+00,-1.671311946711103447e-01,7.325407576346087524e+01,-5.022798517834764276e+00
4.849999999999918820e+00,1.181832720946835114e+00,-1.663013442088053517e-01,-1.965110730042422205e+01,-5.399187009889338640e+00
4.854999999999918714e+00,1.180934945794964497e+00,-1.486487708033317756e-01,3.952833928514523620e+01,-5.711874211554341940e+00
4.859999999999918607e+00,1.180083902068279400e+00,-1.130285500809374982e-01,6.875011588181131117e+01,-5.372112180177930796e+00
4.864999999999918501e+00,1.179320932958770607e+00,-1.779799001409105574e-01,-5.656888256111321311e+01,-5.745864577987769728e+00
4.869999999999918394e+00,1.178272873909261165e+00,-1.858482739584981502e-01,4.902008960705806118e+01,-5.977758868803910275e+00
4.874999999999918288e+00,1.177013613101745015e+00,-2.117873425065875115e-01,7.403326718907608495e+01,-5.575149010814672401e+00
4.879999999999918181e+00,1.175676411714020153e+00,-3.126596358583088597e-01,-8.598489913382724126e+01,-5.942817186165730625e+00
4.884999999999918074e+00,1.173873797517881012e+00,-3.583803619423540643e-01,3.568005531254285501e+01,-6.109416417913346109e+00
4.889999999999917968e+00,1.171708326859786098e+00,-4.006413446235245757e-01,6.111554966338525929e+01,-5.700183431735523776e+00
4.894999999999917861e+00,1.169349828281103898e+00,-4.850212717001871621e-01,2.672438762023638859e+01,-5.929054310665354599e+00
4.899999999999917755e+00,1.166487315084443699e+00,-5.667428789541889556e-01,9.772173302279433926e+01,-5.512472772203951266e+00
4.904999999999917648e+00,1.163304264296254109e+00,-7.326614894334946282e-01,-8.615027103846568934e+01,-5.808183479379760428e+00
4.909999999999917542e+00,1.159193606639947527e+00,-9.397889007698662089e-01,-6.464188800427265846e+01,-6.041800073812869876e+00
4.914999999999917435e+00,1.154133139602577574e+00,-1.108877838010737804e+00,-1.019295496940241463e+02,-5.446447193553095367e+00
4.919999999999917328e+00,1.148661113450218263e+00,-1.106271092878810647e+00,1.945644396671652743e+01,-5.035490130784538110e+00
4.924999999999917222e+00,1.142550614722215307e+00,-1.258863496216401145e+00,3.749892290358474156e+00,-5.224266163073481017e+00
4.929999999999917115e+00,1.135844643097241757e+00,-1.374271920351150644e+00,-3.299381028534509142e+01,-4.745614995339550113e+00
4.934999999999917009e+00,1.128397256767607271e+00,-1.580849555710592602e+00,-6.283048387321785277e+00,-5.001725496723886444e+00
4.939999999999916902e+00,1.120020426401784563e+00,-1.713904080137726549e+00,-2.452413881189722478e+00,-4.092177067019754588e+00
4.944999999999916795e+00,1.110948206675091532e+00,-1.866815540641433069e+00,3.051307052431058509e+01,-3.025291185774023006e+00
4.949999999999916689e+00,1.100600007080261289e+00,-2.229635856097071933e+00,-1.175435456576894637e+02,-2.799581017004457273e+00
4.954999999999916582e+00,1.087907638814488598e+00,-2.716864013522196419e+00,-6.456636300958108166e+01,-1.960629060687126390e+00
4.959999999999916476e+00,1.075025608465585814e+00,-2.436479132087179700e+00,1.278308947340734818e+02,-5.127193282335367197e-01
4.964999999999916369e+00,1.063757368748910581e+00,-2.131538355214364522e+00,6.167812501605623510e+01,-7.428604308904021014e-01
4.969999999999916263e+00,1.054699360612045167e+00,-1.592666621504504221e+00,1.088179359985307144e+02,-7.055008828838590373e-01
4.974999999999916156e+00,1.049060410356488227e+00,-8.038944710084936496e-01,1.921938302146414230e+02,-5.422681107106730458e-01
4.979999999999916049e+00,1.047296268119372931e+00,-7.608613345780632087e-02,9.967630517501319787e+01,-1.164054997344625253e+00
4.984999999999915943e+00,1.050313742335383216e+00,1.030677026822425235e+00,2.294526714630159745e+02,-1.300464257583049843e+00
4.989999999999915836e+00,1.056864043231530825e+00,1.149125228416225220e+00,-2.846341332148071501e+02,-1.750614037986925053e+00
4.994999999999915730e+00,1.063534886727332429e+00,1.423654285809565101e+00,2.701122801185257458e+02,-1.453380767639864457e+00
4.999999999999915623e+00,1.070307989709865737e+00,1.279109754679637945e+00,-3.884481712219204610e+02,-1.046436948719675186e+00
5.004999999999915516e+00,1.077667344628457258e+00,1.387036828774383723e+00,-8.622231206246689794e+01,-3.372292264549381358e-03
5.009999999999915410e+00,1.085202517896488139e+00,1.452661096215855485e+00,-4.879880780651590158e+02,3.030506197749101016e-01
5.014999999999915303e+00,1.092494920875101583e+00,1.547421559890875820e+00,2.144168829046274709e+02,9.971421159968064662e-01
5.019999999999915197e+00,1.100227571404741589e+00,2.031943742847457823e+00,8.988354689161699298e+02,1.186149885728096764e+00
5.024999999999915090e+00,1.107696120896265679e+00,1.717112593771206619e+00,5.101624092850536272e+02,6.102772140674466161e-01
5.029999999999914984e+00,1.115321333196776621e+00,2.241118230215425111e+00,1.507176076609484426e+03,9.527172311259928250e-01
5.034999999999914877e+00,1.122212010220111411e+00,1.180624454283046854e+00,-1.527112634809923293e+02,3.753977687951748354e-01
5.039999999999914770e+00,1.130103587195936843e+00,9.433179335757689854e-01,-7.381190257831722192e+02,7.703476944808143045e-01
5.044999999999914664e+00,1.140222340724993622e+00,1.948792233773460447e+00,-7.590173950694617133e+02,1.295939470247220449e-02
5.049999999999914557e+00,1.149631802825676674e+00,2.561116692660502014e+00,1.420151439912236128e+03,-1.003675323175190481e-01
5.054999999999914451e+00,1.157741928801119702e+00,1.050226564890219372e+00,-6.615052521822224207e+02,-9.703194335555820338e-01
5.059999999999914344e+00,1.167274778157026738e+00,1.822531010045706390e+00,-5.916623257519052004e+02,-7.600405490694852606e-01
5.064999999999914237e+00,1.175795016650756031e+00,2.323346432697831254e+00,1.260834752335074427e+03,-7.932061874493163689e-01
5.069999999999914131e+00,1.183669793300628381e+00,1.074820930087291515e+00,-5.940714332421764539e+02,-1.634487508939267419e+00
5.074999999999914024e+00,1.190399801314397044e+00,1.264543760756688062e+00,-5.222964973712261099e+02,-1.082847381753687444e+00
5.079999999999913918e+00,1.195123487103688653e+00,1.441794574474488111e-01,-6.255524445456014746e+02,-8.159672573540096563e-01
5.084999999999913811e+00,1.200077391440391494e+00,9.383752406603310670e-01,-5.521237957550351894e+02,-6.230913675103278981e-01
5.089999999999913705e+00,1.202190539215250986e+00,6.738779578384161695e-02,-4.749164771497161155e+02,-1.202843995340717953e+00
5.094999999999913598e+00,1.203314291694290050e+00,7.827967497976822120e-01,9.609753590317590124e+02,-6.686986769041173284e-01
5.099999999999913491e+00,1.203751995213021342e+00,9.314904361712408876e-02,-3.227048509878111986e+02,-1.757076053081766620e+00
5.104999999999913385e+00,1.202501331946727925e+00,-4.206448391907947615e-01,-2.549196586115683658e+02,-1.414372509241889286e+00
5.109999999999913278e+00,1.200429826614435758e+00,-6.722422089591391092e-01,-1.459791255105778873e+02,-9.435439883442225950e-01
5.114999999999913172e+00,1.199573639833025229e+00,-1.051751269420197615e-01,-2.903581021761167449e+02,-1.301026321248221596e+00
5.119999999999913065e+00,1.197937614673719509e+00,-4.776309822128928517e-01,-2.590023122988383761e+02,-2.127141859169702443e+00
5.124999999999912959e+00,1.195773881610933786e+00,-6.841561336487687051e-01,-2.255552575058534046e+02,-1.752154566554316562e+00
5.129999999999912852e+00,1.194491921407763169e+00,-1.052634678244407547e-02,5.493852166018089065e+02,-1.369986110965323967e+00
5.134999999999912745e+00,1.193324454332055806e+00,-2.449913605763591185e-01,-1.758428418979035541e+02,-2.228998434973500586e+00
5.139999999999912639e+00,1.193222053754538825e+00,2.160269902116772611e-01,3.195713837980504195e+02,-2.050590673751317983e+00
5.144999999999912532e+00,1.193929091208603577e+00,2.086284010472318207e-01,-4.254449441251382069e+01,-2.535178180481124421e+00
5.149999999999912426e+00,1.195532649116495483e+00,4.653435695383096871e-01,1.253073071838880281e+02,-2.608799783242935266e+00
5.154999999999912319e+00,1.198744330457728768e+00,8.147330943476682741e-01,1.229870332935333295e+02,-3.054906056328131836e+00
5.159999999999912212e+00,1.201933392461764338e+00,4.987375400316084728e-01,2.088438170901585522e+01,-4.321426039033310573e+00
5.164999999999912106e+00,1.205635783982706544e+00,6.615666478091855041e-01,4.767643866271485820e+01,-3.877659964194981601e+00
5.169999999999911999e+00,1.207844665006334361e+00,4.219456263314488309e-01,1.503987696254136175e+01,-5.557085761890768083e+00
5.174999999999911893e+00,1.208499823800926354e+00,4.645989405990565840e-02,5.146428252983881180e+01,-5.378644608894131984e+00
5.179999999999911786e+00,1.207396401806003272e+00,-4.316656347386345072e-01,-1.809875706386197010e+02,-5.344528409939693248e+00
5.184999999999911680e+00,1.204246517241759129e+00,-7.439986317744202715e-01,1.872543570389596823e+01,-4.867108465742675527e+00
5.189999999999911573e+00,1.199327997889439335e+00,-1.138047528982624401e+00,-1.801086367196720630e+02,-4.701623262505758127e+00
5.194999999999911466e+00,1.192600347501849178e+00,-1.393945782915223974e+00,1.006972368702946454e+02,-4.304891154190432445e+00
5.199999999999911360e+00,1.184581950531693462e+00,-1.663005828059225033e+00,-4.464394953033530555e+01,-4.169091807226389612e+00
5.204999999999911253e+00,1.175503013155654308e+00,-1.855473691662292479e+00,8.198474171087389095e+01,-4.029212801041571979e+00
5.209999999999911147e+00,1.165803972844933645e+00,-1.956381387630306001e+00,4.353915698194055750e+01,-4.021491075612667387e+00
5.214999999999911040e+00,1.155598856173972511e+00,-2.077435553360564846e+00,-2.921921798803650816e+01,-4.090218549468766618e+00
5.219999999999910933e+00,1.145037138287854805e+00,-2.090639617802001915e+00,2.130791011526829948e+01,-4.147427686814372905e+00
5.224999999999910827e+00,1.134655792023581800e+00,-1.982464077584603412e+00,8.732504304944932016e+01,-3.773156468781530215e+00
5.229999999999910720e+00,1.124860648271009733e+00,-1.903914941337693012e+00,2.160794142017954300e+01,-4.026152639586091375e+00
5.234999999999910614e+00,1.115507346785894249e+00,-1.812553414291597109e+00,4.879140995514462276e+01,-4.297757984360780270e+00
5.239999999999910507e+00,1.106769680231149300e+00,-1.646689840633271729e+00,8.250087442186041642e+01,-4.028490429677092699e+00
5.244999999999910401e+00,1.098797207184997404e+00,-1.542054087634878723e+00,2.069649409084789227e+01,-4.359714218710520228e+00
5.249999999999910294e+00,1.091009648661496190e+00,-1.509640657441573275e+00,5.300222772371341051e+01,-4.753644668253987682e+00
5.254999999999910187e+00,1.083489008012450627e+00,-1.442011912619728831e+00,8.604077796745885109e+01,-4.382155314554282199e+00
5.259999999999910081e+00,1.076323823192869122e+00,-1.434530030751173246e+00,-3.126934146799163017e+01,-4.608387343353388843e+00
5.264999999999909974e+00,1.069243905230806257e+00,-1.417681058870555066e+00,-1.302249904417690729e+01,-4.826752177666643995e+00
5.269999999999909868e+00,1.062262920476906736e+00,-1.357801511114576476e+00,4.691127172403830059e+01,-4.296793162390362575e+00
5.274999999999909761e+00,1.055696128612465534e+00,-1.333234909128618639e+00,-7.492383236335491858e+01,-4.455008544180741659e+00
5.279999999999909654e+00,1.049263938284477282e+00,-1.281062572499694907e+00,-3.497625115230597714e+00,-4.241395965513293120e+00
5.284999999999909548e+00,1.042988319115935036e+00,-1.223642469856087489e+00,3.482683078299619694e+01,-3.011478578932649253e+00
5.289999999999909441e+00,1.036700993491394440e+00,-1.300598682853823851e+00,-6.326746779954111588e+01,-2.667496884579422911e+00
5.294999999999909335e+00,1.029688786518684562e+00,-1.485201243173965180e+00,-4.157569644736609149e+01,-2.219944307773537240e+00
5.299999999999909228e+00,1.021697222187103238e+00,-1.686961295006204509e+00,-4.746539189559046434e+01,-1.480875085276109893e+00
5.304999999999909122e+00,1.013484361356934205e+00,-1.616415861905486917e+00,9.652403574566223554e+00,-1.035851874752645729e+00
5.309999999999909015e+00,1.006294509233062406e+00,-1.312703024796989748e+00,7.583105037057686104e+01,-8.240216205997801246e-01
5.314999999999908908e+00,1.002634854060801439e+00,-3.887367929817669987e-01,1.654814562726786562e+02,-4.558675917104956787e-01
5.319999999999908802e+00,1.003858587051241535e+00,6.449724104562005733e-01,1.953537670597580700e+02,-9.202161277837282993e-01
5.324999999999908695e+00,1.010407892557627196e+00,1.399489905008226343e+00,-2.423975323276290510e+02,-1.082426865220566192e+00
5.329999999999908589e+00,1.018926005963282977e+00,1.851881142513676748e+00,3.368461260278891132e+02,-4.519248368124518800e-01
5.334999999999908482e+00,1.027287388672020629e+00,1.734861168902054995e+00,2.030484295119238709e+02,2.887855172878092125e-01
5.339999999999908376e+00,1.035672905896086959e+00,1.996351097659854190e+00,7.185008318843528059e+02,1.312594308577546443e+00
5.344999999999908269e+00,1.044972502839976114e+00,2.250256114495832627e+00,8.479569845698373456e+02,1.603415895321572471e+00
5.349999999999908162e+00,1.054153983321541421e+00,2.659560336440498496e+00,1.204663675255690123e+03,1.481810865668605093e+00
5.354999999999908056e+00,1.063146473793710856e+00,1.234868165926699346e+00,-6.504044241455796964e+02,1.034709128162041303e+00
5.359999999999907949e+00,1.073861603472608506e+00,2.033337968402349372e+00,-6.428919807760181584e+02,1.070694294117962020e+00
5.364999999999907843e+00,1.083874919208756227e+00,2.720360408488800008e+00,1.457833422567665593e+03,1.146042577051577416e+00
5.369999999999907736e+00,1.092776131143497365e+00,1.214569315255464188e+00,-6.628987350770421472e+02,1.002200237062075283e-01
5.374999999999907629e+00,1.102864839574702494e+00,1.975328179478477608e+00,-5.969115571079997835e+02,5.399862845311576010e-02
5.379999999999907523e+00,1.112126342761011299e+00,2.366975097263511074e+00,1.120961655446986015e+03,1.035133626389540540e-01
5.384999999999907416e+00,1.120095190135877328e+00,1.063276767212641305e+00,-6.609828027303914268e+02,-4.343236130344955148e-01
5.389999999999907310e+00,1.128016951299692483e+00,1.910608582610767936e+00,1.298558366707097093e+03,6.973697847890742985e-01
5.394999999999907203e+00,1.134296566402036799e+00,7.857369281074023659e-01,-6.446823959342824537e+02,-5.137603685292597699e-01
5.399999999999907097e+00,1.142940692990105145e+00,1.695221211433649344e+00,-5.995584719000497671e+02,-4.888369670565975156e-01
5.404999999999906990e+00,1.148446998239126327e+00,7.008227055076285961e-01,-5.621848013213739250e+02,-7.228175389524660321e-01
5.409999999999906883e+00,1.155884915025986226e+00,1.299700144605126173e+00,-4.768145048975961799e+02,-4.216812774904402650e-01
5.414999999999906777e+00,1.162291355831580386e+00,1.385615826730948408e+00,4.938442733509509708e+02,-5.462822450661412033e-01
5.419999999999906670e+00,1.167835818210950061e+00,8.563606876059896011e-01,-3.951597857352809342e+02,-1.021888479400156147e+00
5.424999999999906564e+00,1.174766143899277582e+00,1.769848387947922097e+00,1.162785888507598429e+03,1.067079046672070319e-02
5.429999999999906457e+00,1.179928495385961007e+00,1.049816495708212560e+00,-3.653202906353081971e+02,-1.461190751085981177e+00
5.434999999999906350e+00,1.184955661405210359e+00,4.942950799236692228e-01,-4.445439280676525300e+02,-7.858941928819176415e-01
5.439999999999906244e+00,1.190638326924606805e+00,1.543690901964936524e+00,1.053703650051844306e+03,-1.437415034785929357e-01
5.444999999999906137e+00,1.195312561171566035e+00,9.898490241509060317e-01,-3.005353796414611338e+02,-1.681805349400660621e+00
5.449999999999906031e+00,1.200191251144915539e+00,5.730643624558324767e-01,-3.664858560085332329e+02,-1.196786615141216314e+00
5.454999999999905924e+00,1.205789907765384639e+00,1.450380166573312257e+00,8.275065118900176913e+02,-7.294423061123338492e-01
5.459999999999905818e+00,1.210342380895108372e+00,8.949889740535301730e-01,-2.323927774778028379e+02,-2.362161096164650864e+00
5.464999999999905711e+00,1.213567916612920961e+00,5.305013166026425475e-01,-1.717984424747055527e+02,-1.712759268928159662e+00
5.469999999999905604e+00,1.216250337299749962e+00,2.714092143573498817e-01,-2.562687702768633926e+02,-1.421226647685222222e+00
5.474999999999905498e+00,1.218523192542396272e+00,1.118519639877928462e-01,-2.049251000661136572e+02,-1.365585532294578686e+00
5.479999999999905391e+00,1.220708642330544214e+00,6.301374440011608957e-01,4.441062898001877670e+02,-1.510018989477416529e+00
5.484999999999905285e+00,1.222279487118574481e+00,3.423972212820934335e-01,8.992833258163422272e+01,-2.581183464044483955e+00
5.489999999999905178e+00,1.223702983572748870e+00,1.895731944135064240e-01,-7.055486689147420520e+01,-2.602477530007287765e+00
5.494999999999905071e+00,1.225686326834834583e+00,5.564625986368947341e-01,2.903608470729984674e+02,-2.220181853129748362e+00
5.499999999999904965e+00,1.228075781525811649e+00,5.259239371883971392e-01,-4.098680795938162902e+01,-3.077877417116024805e+00
5.504999999999904858e+00,1.230909734786951981e+00,4.739305021344581981e-01,-1.960354379665212434e+02,-3.029874975334622356e+00
5.509999999999904752e+00,1.233496079463203721e+00,5.691324925255952794e-01,7.960826205591679638e+01,-1.576503577525983024e+00
5.514999999999904645e+00,1.237033648894382276e+00,6.536211864937860883e-01,2.072594595478848234e+01,-3.274052485065208629e+00
5.519999999999904539e+00,1.239939350761773529e+00,6.858836062698563385e-01,1.809828577627392860e+02,-5.232704674363167996e+00
5.524999999999904432e+00,1.241686725951198333e+00,1.951408220077967270e-01,-9.624652920078864327e+01,-5.921700245561638987e+00
5.529999999999904325e+00,1.241608280411888643e+00,-1.915122336017727467e-01,-5.256813557218364963e+01,-5.953674277154775041e+00
5.534999999999904219e+00,1.239187124137151708e+00,-6.549799752666930486e-01,-4.044692653912513691e+01,-5.036265759494360950e+00
5.539999999999904112e+00,1.234512254072763549e+00,-1.148655550513410173e+00,-1.850454923635203954e+02,-4.946629521611368929e+00
5.544999999999904006e+00,1.227510985698040846e+00,-1.502716132961900986e+00,2.581176698561622018e+00,-4.799674536652162260e+00
5.549999999999903899e+00,1.218672665345094330e+00,-1.845832399212830266e+00,-2.129760909394327584e+01,-4.146571210950751762e+00
5.554999999999903793e+00,1.208657584749466496e+00,-2.088922380379927279e+00,4.510339999043792680e+00,-4.431143135819620937e+00
5.559999999999903686e+00,1.197666381761622878e+00,-2.204298024520820132e+00,7.163705336976589422e+01,-4.048385781698623731e+00
5.564999999999903579e+00,1.186245486712945940e+00,-2.305307907904036391e+00,3.061782514943869771e+01,-4.355858662941882287e+00
5.569999999999903473e+00,1.174490729670810030e+00,-2.325379683747173853e+00,4.502905724117965747e+01,-4.048798700359187208e+00
5.574999999999903366e+00,1.162640086791438598e+00,-2.353703527854403177e+00,5.661603330507121257e+01,-4.476566441951736586e+00
5.579999999999903260e+00,1.150743236502686617e+00,-2.350748881374843169e+00,1.484766523068405064e+01,-4.174416917077660827e+00
5.584999999999903153e+00,1.138626992067365729e+00,-2.440801065959066207e+00,2.814290784535248946e+01,-4.582569173171782140e+00
5.589999999999903046e+00,1.126314963097776012e+00,-2.476612716040055950e+00,3.826820713315585820e+00,-4.245102774673655155e+00
5.594999999999902940e+00,1.113555706525794831e+00,-2.627630931573616380e+00,-4.932811370235258153e+01,-4.526534489454396848e+00
5.599999999999902833e+00,1.100390547619375159e+00,-2.637684215372439134e+00,-3.768841956954358352e+01,-4.031538480341071207e+00
5.604999999999902727e+00,1.087469220622357291e+00,-2.557473472587270535e+00,1.018347342822725388e+01,-3.669959165782938015e+00
5.609999999999902620e+00,1.074515542869612483e+00,-2.586162346576439397e+00,2.634955043015100173e+01,-4.038221849078762915e+00
5.614999999999902514e+00,1.061607635529578486e+00,-2.530936424235915805e+00,4.996820804132759974e+01,-3.299849946629790143e+00
5.619999999999902407e+00,1.048833139344190313e+00,-2.530762828575740198e+00,4.211840196678905102e+01,-3.206229944260575060e+00
5.624999999999902300e+00,1.036258981632854237e+00,-2.495100751311444043e+00,1.321444518382695321e+01,-2.278290850867589423e+00
5.629999999999902194e+00,1.023470642509833883e+00,-2.584325669489695443e+00,-1.086132178763197675e+00,-2.014673419013187861e+00
5.634999999999902087e+00,1.009849217659617659e+00,-2.818864663341362764e+00,-6.234304752933538651e+01,-1.188934034932449313e+00
5.639999999999901981e+00,9.953223918708867801e-01,-2.984103785647354901e+00,-2.145004499262673558e+00,-8.153790698879408438e-01
5.644999999999901874e+00,9.800698394870122065e-01,-3.081666370275711220e+00,-3.126524346848661651e+01,-3.792967812376311088e-01
5.649999999999901767e+00,9.649467868102445944e-01,-2.987874644356209863e+00,-1.930383791123934500e+01,-9.603622245947684988e-02
5.654999999999901661e+00,9.513422613697127828e-01,-2.525417134088037141e+00,1.384679313427510010e+02,3.676800068015775302e-01
5.659999999999901554e+00,9.401522205706576152e-01,-2.042749241066017074e+00,8.388688246079435373e+01,2.672307027482592190e-01
5.664999999999901448e+00,9.321298306489329555e-01,-1.340599509471299244e+00,1.064484865014528765e+02,6.191600060912361148e-02
5.669999999999901341e+00,9.291882950563014054e-01,-9.446467294091041855e-02,2.621503855383809309e+02,1.836271462501935237e-01
5.674999999999901235e+00,9.329420534174265311e-01,1.323083060109158104e+00,3.134439486443289411e+02,-3.646088065578738657e-01
5.679999999999901128e+00,9.415817218385119647e-01,1.884410807942014099e+00,4.626882893672039359e+02,2.455222542116608508e-03
5.684999999999901021e+00,9.503520891706753737e-01,1.661877500359289606e+00,-4.257029166593254104e+02,7.643421520552589055e-01
5.689999999999900915e+00,9.596994089029519115e-01,1.576522495164708548e+00,-6.447578776199381991e+02,1.783009583184537394e+00
5.694999999999900808e+00,9.702689927864257546e-01,1.820456733964642915e+00,-7.488041033142491187e+02,2.219078045402194110e+00
5.699999999999900702e+00,9.793477521820608267e-01,1.811057375103299005e+00,-3.130689559765450269e+01,2.595426907678203499e+00
5.704999999999900595e+00,9.888681598933468653e-01,1.780658693924286329e+00,-2.975362593278335908e+02,2.515644591060322455e+00
5.709999999999900488e+00,9.983273813126561924e-01,1.964682574228089340e+00,-8.640950009307965729e+02,2.179513542925459735e+00
5.714999999999900382e+00,1.006884829124503389e+00,1.827387524416146380e+00,4.238503991299442646e+02,2.843980852384686120e+00
5.719999999999900275e+00,1.016659482993254260e+00,2.078899553685939594e+00,-9.657958393164987001e+02,1.636977903059723349e+00
5.724999999999900169e+00,1.025326812172574931e+00,2.436368901792351771e+00,1.693370861225504768e+03,2.626352435051381828e+00
5.729999999999900062e+00,1.034276590692253084e+00,2.354405301382904714e+00,1.299674384729826670e+03,2.172475242973547438e+00
5.734999999999899956e+00,1.042186130578107939e+00,2.238662587959465267e+00,1.332686104859787520e+03,2.004976979210016275e+00
5.739999999999899849e+00,1.051449489755626576e+00,2.479603750411635499e+00,1.475850593202212849e+03,1.752859309118983688e+00
5.744999999999899742e+00,1.058617578097121203e+00,1.385727645453759926e+00,4.694886896535451370e+01,1.384363036543330594e+00
5.749999999999899636e+00,1.063964779161990615e+00,1.475009236084725839e-01,-1.033031332599781535e+03,2.127302409184319121e+00
5.754999999999899529e+00,1.069312508604632228e+00,8.072617946062358163e-01,-9.204608798262272558e+02,2.087911614135121496e+00
5.759999999999899423e+00,1.072713920171203261e+00,1.392368779299194337e+00,1.526636312751443938e+03,2.517968200247459265e+00
5.764999999999899316e+00,1.074605563247190698e+00,-3.000400167304903554e-01,-8.315381752148290389e+02,1.789865472601600116e+00
5.769999999999899210e+00,1.077888988364839040e+00,5.227214723376305550e-01,-7.320321454294903560e+02,1.945898031723604982e+00
5.774999999999899103e+00,1.080082158212946952e+00,7.323918122877414172e-01,8.446193688029181885e+02,2.066521067166167569e+00
5.779999999999898996e+00,1.080782825924117452e+00,-2.698002057136130172e-01,-4.911404920190659595e+02,1.889915134773728411e+00
5.784999999999898890e+00,1.081221161234191541e+00,5.686813923168101415e-01,1.388331981322756292e+03,2.744598780780839409e+00
5.789999999999898783e+00,1.080887152970759102e+00,-4.228180813320001619e-01,-5.096764975249361669e+02,1.530175193474786699e+00
5.794999999999898677e+00,1.081627825321447522e+00,5.454269494274652796e-01,1.239683046733863875e+03,2.276844063935648865e+00
5.799999999999898570e+00,1.081726284624000778e+00,-3.282226134576696763e-01,-5.300373853135796480e+02,1.020003021626700201e+00
5.804999999999898463e+00,1.082946580681386051e+00,5.845411805281328643e-01,1.104358435763944726e+03,1.808394735307314427e+00
5.809999999999898357e+00,1.083774550255557134e+00,-1.173049714904572383e-01,-4.440379043709512530e+02,7.796317243718117185e-01
5.814999999999898250e+00,1.085212395213738690e+00,3.868422846948061933e-01,-3.214142194803852703e+02,1.183830564813294295e+00
5.819999999999898144e+00,1.087156745830814897e+00,3.662694463553921032e-01,1.801660495327272997e+02,1.042458987637403967e+00
5.824999999999898037e+00,1.089193808319189438e+00,1.787677760181627939e-01,-4.022843798760672485e+02,6.826192079172208604e-01
5.829999999999897931e+00,1.093349366563794556e+00,8.372950063762933937e-01,-2.413252772743253161e+02,3.420601521454061933e-01
5.834999999999897824e+00,1.096928534542215505e+00,1.076407057318712557e+00,6.529830225698287904e+02,2.307562886111677591e-02
5.839999999999897717e+00,1.101591113243201470e+00,8.514099651154489745e-01,-1.779472106420432738e+02,-3.941934778737971046e-01
5.844999999999897611e+00,1.107446349508440564e+00,1.361791651800638103e+00,2.702866066716073306e+02,-1.184935499382921087e+00
5.849999999999897504e+00,1.114640817940251161e+00,1.580343789875672700e+00,9.976110460058441731e+01,-2.211646299880845934e+00
5.854999999999897398e+00,1.122625452224046860e+00,1.521259470005604353e+00,-1.284945651481734785e+02,-4.008887124370986932e+00
5.859999999999897291e+00,1.129666790148182942e+00,1.334752674202364764e+00,-3.705236017572127594e+01,-3.831524932962421026e+00
5.864999999999897184e+00,1.135502095676230727e+00,1.049930786707444774e+00,-3.608975041890104052e+01,-5.172580539606519423e+00
5.869999999999897078e+00,1.139759253671284167e+00,7.396229904791815635e-01,-5.848844170456679592e+01,-5.404465886517328066e+00
5.874999999999896971e+00,1.142522472049945392e+00,4.616128273028200502e-01,-4.237980200008137643e+01,-5.294532246310285295e+00
5.879999999999896865e+00,1.143923016362185185e+00,2.187008763775990239e-01,3.717711724388084171e+00,-5.180843851810799983e+00
5.884999999999896758e+00,1.144170641535956046e+00,7.418059823123437750e-03,-6.814935890600261281e+00,-5.128132451500904132e+00
5.889999999999896652e+00,1.143498185129458777e+00,-1.654313597843798944e-01,3.184302358560972834e+01,-5.040026485089588171e+00
5.894999999999896545e+00,1.142089518426732342e+00,-3.288547613937073399e-01,-5.167706551053829855e+01,-5.094716613327973320e+00
5.899999999999896438e+00,1.139866953231336799e+00,-4.606753811656588149e-01,8.261699183084613196e+01,-5.021658650234548382e+00
5.904999999999896332e+00,1.137089366828979875e+00,-5.687638045473042414e-01,3.032326910355849137e+01,-5.056490723913507068e+00
5.909999999999896225e+00,1.133875635123282377e+00,-6.961506150162292128e-01,-1.945497491482602115e+01,-5.114195567680748233e+00
5.914999999999896119e+00,1.130051441832209846e+00,-7.801172971167331660e-01,3.177722380037537153e+00,-5.126786917651513953e+00
5.919999999999896012e+00,1.126029342213699769e+00,-7.760910445760026422e-01,3.268360551354341226e+01,-4.835303376126083741e+00
5.924999999999895905e+00,1.121980708519556336e+00,-8.041007378943351158e-01,1.145702186267345368e+01,-5.036503717311092920e+00
5.929999999999895799e+00,1.117620251428827816e+00,-8.788278033053726901e-01,1.392320693655631203e+01,-5.285479691262613855e+00
5.934999999999895692e+00,1.113060044734556886e+00,-8.866193381889205805e-01,4.569174494759651139e+01,-4.971621239712926688e+00
5.939999999999895586e+00,1.108323362276209423e+00,-9.725209794613969283e-01,-2.160857978818585323e+01,-5.244314738776921558e+00
5.944999999999895479e+00,1.102921385286548484e+00,-1.096076845380811182e+00,3.238662449607068794e+01,-5.490015183186758740e+00
5.949999999999895373e+00,1.096727434674266588e+00,-1.262986071280812750e+00,2.245909383603705223e+01,-5.244880497402826691e+00
5.954999999999895266e+00,1.090031809016705155e+00,-1.400347828406564687e+00,-5.543803971968909394e+01,-5.141466822673437242e+00
5.959999999999895159e+00,1.082405188992451528e+00,-1.574831075473833719e+00,-2.368234479032619078e+00,-5.343027349955887573e+00
5.964999999999895053e+00,1.074028548615844736e+00,-1.696831091753812082e+00,4.713156123572597522e+01,-4.659521674555233695e+00
5.969999999999894946e+00,1.065118301575178394e+00,-1.849671850027892361e+00,-7.118652520416620177e+01,-4.646034638951176632e+00
5.974999999999894840e+00,1.055667867032536789e+00,-1.932430563393219280e+00,-3.312668388833393607e+01,-4.366363102090055293e+00
5.979999999999894733e+00,1.045859072852544536e+00,-1.969177127858271481e+00,1.234892738613135954e+01,-2.847514873887979192e+00
5.984999999999894627e+00,1.035445699859279589e+00,-2.170295053138763031e+00,-7.132163706426403849e+01,-2.204447272532506386e+00
5.989999999999894520e+00,1.024046442108436317e+00,-2.348757458540697840e+00,-3.152169942696465554e+01,-1.545235914409577749e+00
5.994999999999894413e+00,1.013849869003049964e+00,-1.852867237887200202e+00,8.713996093227265760e+01,-9.071710020390764129e-01
5.999999999999894307e+00,1.008056384757084034e+00,-7.144314116606375054e-01,2.152973241636624948e+02,-5.039660631694194981e-01
6.004999999999894200e+00,1.009161207966109863e+00,8.186585226888399847e-01,3.030562855113591354e+02,-4.574751984991572984e-01
6.009999999999894094e+00,1.017399562286234183e+00,1.645709283796567668e+00,-2.726782862855524741e+02,-2.420567778916237200e-01
6.014999999999893987e+00,1.026919207981990656e+00,1.797944031465778414e+00,-3.206990133161836525e+02,6.526610437628630468e-01
6.019999999999893880e+00,1.036100239234711617e+00,2.120637084902391667e+00,6.081946957559886187e+02,1.726680400950426186e+00
6.024999999999893774e+00,1.046775584366602896e+00,2.715962503076361667e+00,1.189251468244491434e+03,1.786784149534835553e+00
6.029999999999893667e+00,1.056508444485152021e+00,1.443888948137344030e+00,-5.943275908806185726e+02,1.183187947140550200e+00
6.034999999999893561e+00,1.068363761071728035e+00,2.305555994537800579e+00,-6.140131481042067207e+02,9.497751811566859104e-01
6.039999999999893454e+00,1.079581025777391456e+00,2.868743787244014687e+00,1.282052234119772947e+03,7.912500527091684832e-01
6.044999999999893348e+00,1.089556472604073623e+00,1.443882829657628930e+00,-6.807069156617573071e+02,-9.079880258900452361e-02
6.049999999999893241e+00,1.101026960622845108e+00,2.188168275923302986e+00,-6.910668088995000744e+02,-2.593022532716040551e-01
6.054999999999893134e+00,1.108264217909220140e+00,9.379573277716235502e-01,-7.072554631833448866e+02,-2.510883961452514690e-01
6.059999999999893028e+00,1.117964191286404674e+00,1.907378103294742555e+00,-6.445982517956991842e+02,1.719895622121907497e-01
6.064999999999892921e+00,1.126015578271120976e+00,7.922859410827296500e-01,-6.497090707778720571e+02,-2.225004189639028240e-01
6.069999999999892815e+00,1.135091369015537310e+00,1.842955492989850175e+00,-4.834583416249761285e+02,1.219104283022052204e-01
6.074999999999892708e+00,1.141442501444909663e+00,9.059778926340574801e-01,-4.916279574372907177e+02,-4.139305250281188897e-01
6.079999999999892601e+00,1.150522566916948097e+00,1.817315587546634248e+00,-4.541217377910461437e+02,-3.498888528766967987e-01
6.084999999999892495e+00,1.157241256661293516e+00,1.022917479379839900e+00,-4.726157392535840813e+02,-9.224784142698068123e-01
6.089999999999892388e+00,1.165306308416150571e+00,1.982249119983885643e+00,1.189093038402331558e+03,1.104154521333410299e-01
6.094999999999892282e+00,1.171541292603363260e+00,1.215110514588963575e+00,-4.922892629059189744e+02,-1.529513060059631613e+00
6.099999999999892175e+00,1.177561210351786292e+00,7.529228731225201532e-01,-3.439517682163556742e+02,-6.187742556745894351e-01
6.104999999999892069e+00,1.183904225140862687e+00,1.651393083216566193e+00,9.724933049818225754e+02,-3.469328280886626592e-01
6.109999999999891962e+00,1.190091094539381444e+00,1.049575219664217407e+00,-2.743361980482844160e+02,-1.562007809421090743e+00
6.114999999999891855e+00,1.195371713216662801e+00,6.315725353223115013e-01,-3.874582576115532788e+02,-1.087553419050057979e+00
6.119999999999891749e+00,1.201435798157542756e+00,1.571416668214292933e+00,8.892413095196753829e+02,-6.237709459992968331e-01
6.124999999999891642e+00,1.206776195086372461e+00,1.112676174336370671e+00,-2.309862794679378055e+02,-2.232747292287146301e+00
6.129999999999891536e+00,1.211397801388981899e+00,8.070236084947955968e-01,-2.224646722124220162e+02,-1.883911686429037502e+00
6.134999999999891429e+00,1.215687953485672823e+00,5.772635708713718117e-01,-2.806001225228600333e+02,-1.526804726449381366e+00
6.139999999999891322e+00,1.220742978568279735e+00,1.227837101716393597e+00,5.613887291165531224e+02,-1.222295358278711275e+00
6.144999999999891216e+00,1.224623454649778065e+00,8.927769020455145199e-01,3.915136956000778810e+02,-2.669545340303451031e+00
6.149999999999891109e+00,1.227581843143008111e+00,6.198300187489012014e-01,-1.334491871994867438e+02,-2.668114809202038806e+00
6.154999999999891003e+00,1.230104197402977606e+00,4.751790856657898687e-01,-7.893536657853510974e+01,-2.217888940098471373e+00
6.159999999999890896e+00,1.232519488289702814e+00,3.971696886859493736e-01,-3.565010269789487296e+01,-2.251856396541758176e+00
6.164999999999890790e+00,1.234537016731369397e+00,3.473123633315196024e-01,-2.449626076761128957e+01,-2.540360804400968231e+00
6.169999999999890683e+00,1.236955742014786530e+00,5.570773094741725551e-01,1.983479906639793455e+02,-2.841760447300401893e+00
6.174999999999890576e+00,1.239123483629607225e+00,4.149388738505514485e-01,-1.518530018169824380e+01,-4.078261820454232911e+00
6.179999999999890470e+00,1.241374670106378142e+00,4.832214647762331783e-01,3.195035803531356322e+01,-3.533736094822429230e+00
6.184999999999890363e+00,1.244168244291012249e+00,4.556141087232065678e-01,-2.070162452811758840e+02,-3.316358037765342104e+00
6.189999999999890257e+00,1.246633341953893082e+00,4.366565708290814918e-01,-9.214657783706050509e+01,-1.662508357811504522e+00
6.194999999999890150e+00,1.250303353520276994e+00,6.248170791986199513e-01,1.140722258460889904e+01,-3.040658805784684393e+00
6.199999999999890044e+00,1.253488707111285905e+00,8.287831746099091346e-01,2.340970737405048681e+02,-5.341288520453100652e+00
6.204999999999889937e+00,1.255990183152972950e+00,4.149276125123998460e-01,-4.163247758235887375e+01,-5.842066361997141577e+00
6.209999999999889830e+00,1.257060912335367320e+00,2.478170239303022909e-02,-4.495013596944779977e+01,-5.741527484935829762e+00
6.214999999999889724e+00,1.255587769779580753e+00,-5.865431633599338390e-01,-2.065732669449111825e+02,-5.242367792103085122e+00
6.219999999999889617e+00,1.250974792379200506e+00,-1.189757742261651874e+00,-2.323410471029980613e+02,-4.818101414954667483e+00
6.224999999999889511e+00,1.243387922320631445e+00,-1.634047535214225189e+00,1.708199855682488888e+01,-3.936529743904395584e+00
6.229999999999889404e+00,1.233368315716891539e+00,-2.202828457229224934e+00,-1.260788756046889176e+02,-3.983418898778086081e+00
6.234999999999889297e+00,1.221463167840944442e+00,-2.518673360629488656e+00,-8.274607618293243760e+00,-4.088761874586204215e+00
6.239999999999889191e+00,1.208262167339604343e+00,-2.661770062424240635e+00,5.126635696261685027e+00,-3.641872157833272006e+00
6.244999999999889084e+00,1.194611849852830199e+00,-2.766510820536825399e+00,-2.793434489221775152e+01,-3.777861683225508749e+00
6.249999999999888978e+00,1.180682651231386160e+00,-2.823240893377739091e+00,4.376235956942743144e+01,-4.092318516879206669e+00
6.254999999999888871e+00,1.166746182937109522e+00,-2.777265772426067425e+00,-1.597172303939504712e+00,-3.807271310655087504e+00
6.259999999999888765e+00,1.153019223684327299e+00,-2.721226867591496124e+00,4.627568546958764273e+01,-4.177920117562539559e+00
6.264999999999888658e+00,1.139715281976348082e+00,-2.605309723214098039e+00,3.504733947612579215e+01,-3.862468298984979675e+00
6.269999999999888551e+00,1.126825767123585065e+00,-2.570887508150618839e+00,2.860242060610946169e+01,-4.333625427559459453e+00
6.274999999999888445e+00,1.114320567385666649e+00,-2.394403431270291538e+00,1.149261539189054844e+02,-4.060713217736889646e+00
6.279999999999888338e+00,1.102524321573104205e+00,-2.300557379766428934e+00,1.777248136549468782e+01,-3.954841621857281275e+00
6.284999999999888232e+00,1.091150607976197451e+00,-2.252353977944637542e+00,-2.069469408231925911e+01,-4.290004867395587951e+00
6.289999999999888125e+00,1.080232021878868576e+00,-2.112475764745316731e+00,6.285081012951699364e+01,-3.996447703909737470e+00
6.294999999999888018e+00,1.069250571710819386e+00,-2.187511221158495278e+00,3.148215784084814217e+01,-4.399744110532644470e+00
6.299999999999887912e+00,1.058150898774681936e+00,-2.200646929664165086e+00,1.083285890140053276e+01,-3.935017663511665376e+00
6.304999999999887805e+00,1.046981238083911636e+00,-2.255727855551101335e+00,3.238939514285647903e+01,-4.035107228578169725e+00
6.309999999999887699e+00,1.035783181742235826e+00,-2.239969327973365232e+00,-1.742735566553616522e+01,-3.414539032717589073e+00
6.314999999999887592e+00,1.024687100979272847e+00,-2.214154074996075749e+00,-3.408057514071829885e+00,-3.013682437537291037e+00
6.319999999999887486e+00,1.013461843823094899e+00,-2.290166790920899587e+00,-5.304066439346782857e+01,-1.863019660397492006e+00
6.324999999999887379e+00,1.001697577656541993e+00,-2.413720548006625943e+00,-2.580770995831561265e+01,-1.621212831325479886e+00
6.329999999999887272e+00,9.889292071697132203e-01,-2.616113534741097979e+00,1.824780080288553563e+01,-6.999966929483336653e-01
6.334999999999887166e+00,9.752807009134096816e-01,-2.813823474437682215e+00,-2.059859524836620182e+01,-6.414277960967469383e-01
6.339999999999887059e+00,9.615142663421671898e-01,-2.697851251384334237e+00,3.954284472246153825e+01,-1.904828460342737895e-01
6.344999999999886953e+00,9.495239256771806913e-01,-2.213663203390834777e+00,8.691190481133449452e+01,2.874149201195630443e-01
6.349999999999886846e+00,9.400363868155615643e-01,-1.672739451782550013e+00,1.327342261322332035e+02,5.784296771137875659e-02
6.354999999999886739e+00,9.337830045283603830e-01,-9.576196310294257108e-01,1.608592890069334089e+02,-3.475458826784438848e-02
6.359999999999886633e+00,9.327148645850056319e-01,2.621015193649391395e-01,2.118524954708614416e+02,-3.008292254733210824e-02
6.364999999999886526e+00,9.388672859663825809e-01,1.843551911286216649e+00,3.090718131349892701e+02,-6.717207423923114984e-01
6.369999999999886420e+00,9.470203668599175284e-01,1.507150119084063711e+00,-3.984254589691637420e+02,-2.670107483435364415e-01
6.374999999999886313e+00,9.561553816392101002e-01,1.912343915154518292e+00,2.491437019131687407e+02,1.265182110254498671e+00
6.379999999999886207e+00,9.652608733543093233e-01,1.746187489649849045e+00,-1.282472138250146259e+02,1.989556632298518313e+00
6.384999999999886100e+00,9.737331578438928048e-01,1.435297474013659258e+00,-5.786247761955094120e+02,2.420678808793857772e+00
6.389999999999885993e+00,9.828976853904348721e-01,1.284352308981258295e+00,-7.732118012383886025e+02,2.481632401343355276e+00
6.394999999999885887e+00,9.918797048674062866e-01,1.142326046843444409e+00,-8.177288165664804183e+02,2.646818627579881067e+00
6.399999999999885780e+00,1.001999572553488038e+00,1.211326094996223457e+00,-7.705181586756353909e+02,2.628433015915432769e+00
6.404999999999885674e+00,1.011005590955466493e+00,1.372463057496899896e+00,-9.814405216247758972e+02,2.090430446416888799e+00
6.409999999999885567e+00,1.021814393881442129e+00,1.846408143399866031e+00,-9.496770375485966724e+02,1.655642560174006794e+00
6.414999999999885461e+00,1.030216883038205022e+00,1.696671331616314227e+00,5.567309358919970208e+01,2.017337909480128921e+00
6.419999999999885354e+00,1.039502083237619834e+00,1.892390628538167308e+00,-7.204791501357144625e+02,1.281512993889489804e+00
6.424999999999885247e+00,1.048131057022303247e+00,2.463349892167878252e+00,1.721803688044395813e+03,1.885297269640932694e+00
6.429999999999885141e+00,1.056799427901659483e+00,2.373960991635374107e+00,1.334471281421893536e+03,1.416660009959998412e+00
6.434999999999885034e+00,1.064946579216798472e+00,2.355000365963860531e+00,1.465212471165439183e+03,1.475993914960387121e+00
6.439999999999884928e+00,1.073211616896315945e+00,2.336511109355271287e+00,1.356111770448329935e+03,1.311564088262094696e+00
6.444999999999884821e+00,1.081682572042022006e+00,2.810774109011838551e+00,1.510400782972293882e+03,1.080658917340241665e+00
6.449999999999884714e+00,1.090048072468837725e+00,9.100403654171379531e-01,-8.535407692124040295e+02,5.307844782510893200e-01
6.454999999999884608e+00,1.099449476044460638e+00,1.740829361853113433e+00,-8.025545596541535360e+02,8.306078457160421813e-01
6.459999999999884501e+00,1.107837865792262955e+00,2.525667638932661774e+00,1.736840881454484133e+03,1.225338620784780508e+00
6.464999999999884395e+00,1.114988560957285157e+00,7.446222685055172708e-01,-8.168202109174497991e+02,3.339126362225806055e-01
6.469999999999884288e+00,1.124096512014379989e+00,1.733758108816000787e+00,-7.574100570541826301e+02,6.457161197024108290e-01
6.474999999999884182e+00,1.132729247281398344e+00,2.536738905413548739e+00,1.632996826288469720e+03,7.639993953822854511e-01
6.479999999999884075e+00,1.140565857387674464e+00,9.465286873870539797e-01,-7.432718766991820303e+02,-2.431767209068516067e-01
6.484999999999883968e+00,1.147898415020917273e+00,1.561780038759877032e+00,9.044763283263116591e+02,9.497445756112065096e-01
6.489999999999883862e+00,1.155758157777883488e+00,2.080200994351922184e+00,1.139050686213008476e+03,2.273896985331266829e-01
6.494999999999883755e+00,1.162025550820069864e+00,7.263227285372804154e-01,-5.988774464897553571e+02,-3.795853653234538827e-01
6.499999999999883649e+00,1.168510547672745536e+00,1.846821978003269527e+00,1.641112579223700322e+03,9.951470987176446181e-01
6.504999999999883542e+00,1.174093632014186372e+00,6.967245070848404609e-01,-6.074970207812950775e+02,-4.788178984305856423e-01
6.509999999999883435e+00,1.180780486212057889e+00,1.813930279518949140e+00,1.502410947530082012e+03,6.432899689558604361e-01
6.514999999999883329e+00,1.186537460378355391e+00,7.717398531304928699e-01,-5.238225546401059773e+02,-9.660242871066265780e-01
6.519999999999883222e+00,1.191691614401622523e+00,1.755481275645642603e+00,1.201070259029067984e+03,-3.558210794550376033e-02
6.524999999999883116e+00,1.196278836306223337e+00,8.978775094637068133e-01,-5.350899771433021215e+02,-1.470058814490083243e+00
6.529999999999883009e+00,1.200332247542379660e+00,2.482332422099102487e-01,-4.376536018624734652e+02,-7.478887269901239865e-01
6.534999999999882903e+00,1.204662721352147914e+00,1.260153955912329371e+00,1.099448385215348935e+03,2.420709558006835238e-02
6.539999999999882796e+00,1.208953910387095210e+00,6.584713157694317420e-01,-3.141914525507004328e+02,-1.486651803428724605e+00
6.544999999999882689e+00,1.212188992354058303e+00,2.575171110329602664e-01,-3.180433071399291407e+02,-5.270906431200679254e-01
6.549999999999882583e+00,1.216497922718888347e+00,1.263507750583817701e+00,9.968460271831554564e+02,-2.222430730483809791e-03
6.554999999999882476e+00,1.220082135477935870e+00,7.665212032720137847e-01,-2.667748718233548857e+02,-1.870898277870044701e+00
6.559999999999882370e+00,1.223092536918668038e+00,2.506732127755496031e-01,-2.383753082799497633e+02,-1.733105063021417314e+00
6.564999999999882263e+00,1.226628556605545040e+00,6.056980461054017884e-01,-1.871603852664746910e+02,-1.560029121111252248e+00
6.569999999999882156e+00,1.229427422739840958e+00,7.786092199613297016e-01,4.022367567582136303e+02,-1.917896986743164778e+00
6.574999999999882050e+00,1.231646648608224703e+00,3.751485316590978392e-01,-2.618093522838319132e+02,-2.214867371826630738e+00
6.579999999999881943e+00,1.232845579028952754e+00,1.155734649857569213e-01,-1.005026388073738559e+02,-7.326179265013148534e-01
6.584999999999881837e+00,1.234052032290525069e+00,2.310218468432934935e-01,-6.385164620820549430e+01,-1.055644160759450445e+00
6.589999999999881730e+00,1.236337788565395224e+00,3.722205659088662077e-01,8.382319054126551805e+01,-2.111833011482786127e+00
6.594999999999881624e+00,1.238183315783701000e+00,4.676472336478231240e-01,8.620004012127313331e+01,-3.726896844838861078e+00
6.599999999999881517e+00,1.239725204537093450e+00,2.478111053264931973e-01,5.345496591241307982e+01,-4.792023697313149810e+00
6.604999999999881410e+00,1.240174247148544850e+00,-7.897374111422299225e-02,-1.175258962260234625e+02,-5.593061600125315280e+00
6.609999999999881304e+00,1.238717299665308635e+00,-4.853215322278783272e-01,-6.626365142622346127e+01,-5.975281492905213376e+00
6.614999999999881197e+00,1.235007156885765900e+00,-8.976015343984640182e-01,-7.163583450987123058e+01,-5.543943563362451421e+00
6.619999999999881091e+00,1.229009342127357574e+00,-1.394053949308880824e+00,-7.265969105792665061e+01,-5.446257103091845408e+00
6.624999999999880984e+00,1.220951905864050113e+00,-1.733650300268437361e+00,-4.689233426650759640e+01,-4.905942768347603788e+00
6.629999999999880878e+00,1.211377588662824856e+00,-1.999087804130850854e+00,-4.692733439995333100e+01,-4.563943290361456739e+00
6.634999999999880771e+00,1.200485569807230535e+00,-2.294462314406787051e+00,-9.104702403139652844e+00,-4.756395728255382593e+00
6.639999999999880664e+00,1.188576450913545468e+00,-2.431069254920628975e+00,1.376785953732065693e+01,-4.439062354130449251e+00
6.644999999999880558e+00,1.176152825790479639e+00,-2.509740970388271375e+00,-1.443089285302647795e+01,-4.244180390040153128e+00
6.649999999999880451e+00,1.163178498128853322e+00,-2.661735297458854621e+00,-6.908575622533065896e+00,-4.589071719076911471e+00
6.654999999999880345e+00,1.149707885586336964e+00,-2.710176836172953685e+00,1.812839960400606021e+00,-4.269332680112247758e+00
6.659999999999880238e+00,1.136156161279391785e+00,-2.692459049538906690e+00,1.946171820282145859e+01,-4.061174712796592701e+00
6.664999999999880131e+00,1.122377380080580744e+00,-2.787262780363124470e+00,-1.215498461413523756e+01,-4.273922047276103697e+00
6.669999999999880025e+00,1.108420122423789511e+00,-2.779080441204115903e+00,4.215709865946023882e+01,-3.898499304172220015e+00
6.674999999999879918e+00,1.094675890871292800e+00,-2.732405574351535194e+00,4.831277823794094317e+00,-3.713395204723538345e+00
6.679999999999879812e+00,1.080969261707896978e+00,-2.750850207224121657e+00,5.760221987682919931e+00,-3.825999706537792200e+00
6.684999999999879705e+00,1.067372827043830075e+00,-2.685833861060703320e+00,4.152837496036489995e+01,-3.313626804217519428e+00
6.689999999999879599e+00,1.054223280021550968e+00,-2.581010666067713899e+00,3.266081812217737479e+01,-2.762830908793594276e+00
6.694999999999879492e+00,1.041126051667549124e+00,-2.632002870215805146e+00,8.069124694330885583e-02,-2.596376466328226940e+00
6.699999999999879385e+00,1.027529473534390503e+00,-2.783075331801668106e+00,-4.566815978317891478e+01,-1.757646060543291755e+00
6.704999999999879279e+00,1.013247107090821553e+00,-2.917787817070499834e+00,-4.482561538359010456e+01,-1.387447405532972411e+00
6.709999999999879172e+00,9.979428784481778614e-01,-3.111710832045104791e+00,1.713951091303194474e+01,-8.167315620263468912e-01
6.714999999999879066e+00,9.818685998818855731e-01,-3.237274590479960246e+00,2.588857706070650977e+01,-5.253256858916590666e-01
6.719999999999878959e+00,9.663266659966145422e-01,-2.975417879780805297e+00,7.663362963106106918e+01,9.561640415333982901e-02
6.724999999999878852e+00,9.525137874582794151e-01,-2.626284313547847304e+00,4.479938230526380494e+01,-1.262605620908829884e-02
6.729999999999878746e+00,9.416464086181381976e-01,-1.881383335367873277e+00,1.396944858358448869e+02,6.781334792011106671e-02
6.734999999999878639e+00,9.354016021465495490e-01,-8.197321297664115214e-01,2.408241071709516632e+02,6.404994435324240509e-02
6.739999999999878533e+00,9.359218273616812800e-01,6.883524269892445924e-01,2.613308250148508591e+02,-3.484879300257293089e-01
6.744999999999878426e+00,9.442318796942061887e-01,1.955907294354674919e+00,4.017105966311207794e+02,-5.374895099281399302e-01
6.749999999999878320e+00,9.528581881405223664e-01,1.569158536175649932e+00,-4.783063112166128690e+02,1.123064051833524424e-01
6.754999999999878213e+00,9.628737199109755895e-01,2.095061253657330980e+00,3.528720479963528192e+02,1.370148127906854363e+00
6.759999999999878106e+00,9.718955339426678108e-01,2.202964480913945700e+00,1.216378778078415507e+03,2.183986010223872842e+00
6.764999999999878000e+00,9.811447963916354320e-01,1.682841401439175044e+00,-3.598861682448657007e+02,1.845153766059178579e+00
6.769999999999877893e+00,9.897581535689357057e-01,1.694894871197105246e+00,-8.453116413577622552e+02,1.975302033276420843e+00
6.774999999999877787e+00,9.983502714473430073e-01,1.762067663263036987e+00,-8.291405735518079609e+02,2.066560874997925179e+00
6.779999999999877680e+00,1.005744705131169425e+00,1.383005872208878717e+00,-1.840417653365278738e+02,2.415482283351819248e+00
6.784999999999877573e+00,1.013727117526076027e+00,1.561597681201889687e+00,-7.656073362263323361e+02,2.053749412212533265e+00
6.789999999999877467e+00,1.019912168010417730e+00,1.918879657594576793e+00,1.719999257571846783e+03,2.907262113908333223e+00
6.794999999999877360e+00,1.027144162498595970e+00,2.031454055413718152e+00,1.461166771456594915e+03,2.462128129193598802e+00
6.799999999999877254e+00,1.032758512033696841e+00,1.643113999623164290e+00,7.736783228920743340e+02,2.152292866047344599e+00
6.804999999999877147e+00,1.037020659504565900e+00,-2.566729965261474455e-02,-9.539258395772827726e+02,2.291817499650716794e+00
6.809999999999877041e+00,1.041347722662647080e+00,2.285541674360459796e-01,-6.894363556710952707e+02,2.747497041083005076e+00
6.814999999999876934e+00,1.046052894938895861e+00,7.520014894044914078e-01,-8.701197279845382582e+02,2.170453256794499186e+00
6.819999999999876827e+00,1.051094985789100988e+00,1.195872468798039545e+00,-8.465777727178137866e+02,1.790106354325516902e+00
6.824999999999876721e+00,1.056476153171333365e+00,1.844768514932551673e+00,1.619297675722653366e+03,2.710864678784528969e+00
6.829999999999876614e+00,1.060409023588668953e+00,8.624708068638828329e-02,-8.275702138754318185e+02,1.976622287858229576e+00
6.834999999999876508e+00,1.065997739009254985e+00,1.001199984150094702e+00,-7.773526265600401075e+02,2.216446354295483978e+00
6.839999999999876401e+00,1.070873221658714458e+00,1.728614385054168867e+00,1.537367258243865081e+03,2.464782132697809214e+00
6.844999999999876295e+00,1.074765092564217150e+00,1.557985099968841325e-01,-7.713535087996890525e+02,2.068278769858780120e+00
6.849999999999876188e+00,1.080113898575220110e+00,9.748798865957308823e-01,-6.319744994140276049e+02,2.203350003325565520e+00
6.854999999999876081e+00,1.084020730942975685e+00,1.231196064511375754e+00,1.029457725757225717e+03,2.342375333855345243e+00
6.859999999999875975e+00,1.086780178696591825e+00,1.029234163106404615e-01,-5.060785288486192712e+02,1.862715504293967594e+00
6.864999999999875868e+00,1.089890727514984947e+00,5.094236462403854970e-01,-3.190226117459114334e+02,2.121750074482743997e+00
6.869999999999875762e+00,1.092495435438630924e+00,1.010039033945714149e+00,9.557661636439012227e+02,2.183005865267381385e+00
6.874999999999875655e+00,1.094590104891713933e+00,8.087955359145262979e-02,-3.730475056381282570e+02,1.380202165605978415e+00
6.879999999999875548e+00,1.097860280078568840e+00,6.601195954399665666e-01,-3.464082673666998176e+02,1.336359403774441290e+00
6.884999999999875442e+00,1.100781568468116811e+00,1.039574550078320669e+00,8.724513909315937781e+02,1.092265231590126673e+00
6.889999999999875335e+00,1.103897876410985468e+00,3.554637096215794712e-01,-3.252692230851233717e+02,5.718260819278626617e-01
6.894999999999875229e+00,1.108621019632997529e+00,1.042648192933850249e+00,-2.699361425202434361e+02,7.288296786076620126e-01
6.899999999999875122e+00,1.113916885429326875e+00,1.117079832590502697e+00,-1.932305594152190054e+02,-2.146014230899979669e-01
6.904999999999875016e+00,1.119911975990160347e+00,1.319739549555494662e+00,2.055291549557458382e+02,-4.515400913319143061e-01
6.909999999999874909e+00,1.125908782389325458e+00,1.141730829348900800e+00,-6.883510330174095770e+01,-1.329023773152544274e+00
6.914999999999874802e+00,1.132184362838760006e+00,1.203049755009424349e+00,-3.711210137609636917e+01,-2.895523749032618888e+00
6.919999999999874696e+00,1.137558120228937097e+00,1.005031271701144480e+00,-3.161843621548267436e+01,-4.419528332845848340e+00
6.924999999999874589e+00,1.141674472075677071e+00,7.250133657722430680e-01,-3.996100676479752423e+01,-4.949239519883773752e+00
6.929999999999874483e+00,1.144307898977419580e+00,3.906610279028504551e-01,-7.574795659661177183e+01,-5.652993553934046567e+00
6.934999999999874376e+00,1.145439613945938628e+00,1.308486911380894457e-01,-1.332676195009782916e+01,-5.284401309032516814e+00
6.939999999999874269e+00,1.145125597071975809e+00,-2.328719107810544864e-01,-1.533586935996683280e+02,-5.685873235119872859e+00
6.944999999999874163e+00,1.143361238545169689e+00,-4.257906986188053633e-01,-1.496855834514231098e+00,-5.571681630222166781e+00
6.949999999999874056e+00,1.140532039839201817e+00,-6.035238390807367015e-01,2.862608416926052612e+01,-5.309648437945797106e+00
6.954999999999873950e+00,1.137222829650382128e+00,-7.288312332421915674e-01,-5.482238726678431107e+01,-5.329352623039147474e+00
6.959999999999873843e+00,1.133152856259941776e+00,-8.700371429327367068e-01,8.465262816243527055e+00,-5.562547927610720144e+00
6.964999999999873737e+00,1.128592104937882201e+00,-8.753243157429698718e-01,6.708721372534894556e+01,-5.239403208719068061e+00
6.969999999999873630e+00,1.123663337420327091e+00,-9.723664056532463906e-01,3.884984398875845102e+01,-5.166231712847926261e+00
6.974999999999873523e+00,1.118518361212528234e+00,-1.071391690390296025e+00,-1.565043618186418506e+01,-5.298400064933054487e+00
6.979999999999873417e+00,1.112499789260129601e+00,-1.280593549047285284e+00,-1.381489853558224823e+01,-5.504190390564676960e+00
6.984999999999873310e+00,1.105714636246096116e+00,-1.377025815982933166e+00,1.937888938563934005e+01,-5.045421521042694479e+00
6.989999999999873204e+00,1.098411377689055612e+00,-1.483145996995684168e+00,1.774706213275353051e+01,-4.750416032490979212e+00
6.994999999999873097e+00,1.090638237478532613e+00,-1.596105810842133543e+00,1.015169483615656887e+01,-4.856024083557464621e+00
6.999999999999872990e+00,1.082274269226746410e+00,-1.691950995245652400e+00,-1.553232224224511882e+01,-4.253140019983297826e+00
7.004999999999872884e+00,1.073495349919699304e+00,-1.776009213812088205e+00,1.814656160364585347e+01,-3.800731135798025129e+00
7.009999999999872777e+00,1.063914251294852953e+00,-1.965959520856072285e+00,-1.247759421258663082e+01,-3.024205912571857446e+00
7.014999999999872671e+00,1.053226103373674949e+00,-2.260500827771635191e+00,-8.470834778123791864e+01,-2.360369159008835815e+00
7.019999999999872564e+00,1.040848347545251462e+00,-2.639860371985342624e+00,-8.810071140423706026e+01,-1.931107399901689448e+00
7.024999999999872458e+00,1.028187641538444996e+00,-2.472892284596452050e+00,1.684633438177645459e+01,-9.118821059075945534e-01
7.029999999999872351e+00,1.017444666213954907e+00,-1.932084138081648916e+00,1.129082643459575195e+02,-7.132432519640738988e-01
7.034999999999872244e+00,1.010653196988727798e+00,-9.719751414801862666e-01,1.984524597593823785e+02,-5.220712060681840239e-01
7.039999999999872138e+00,1.010765132013135226e+00,6.427880629428303072e-01,2.836943428857420599e+02,-6.800539211827918429e-01
7.044999999999872031e+00,1.019054894022004776e+00,2.039922784203144879e+00,4.299007486279908221e+02,-8.437038034580492951e-01
7.049999999999871925e+00,1.028324092933504019e+00,1.743625589908675888e+00,-2.743466974621699705e+02,-5.688824449864804400e-01
7.054999999999871818e+00,1.038770845758243189e+00,1.832167423677536267e+00,-5.732463722706415865e+02,-4.548882212975779993e-03
7.059999999999871712e+00,1.048252675450766835e+00,1.918826504209225847e+00,-4.359716889300738671e+02,3.809988884124551056e-01
7.064999999999871605e+00,1.057275598607638090e+00,2.408994248483218747e+00,1.398272008597440845e+03,1.444007712861241410e+00
7.069999999999871498e+00,1.067042353476225891e+00,2.511059915169370882e+00,1.135956289877713743e+03,1.277315730075890610e+00
7.074999999999871392e+00,1.074989252775172766e+00,9.083467294627766142e-01,-7.838637627026059818e+02,8.961582578385836051e-01
7.079999999999871285e+00,1.084153203586273095e+00,1.692343540871308782e+00,-7.205671234154528975e+02,1.041617695323654669e+00
7.084999999999871179e+00,1.092269132928894715e+00,2.366099652370102557e+00,1.557931215337932827e+03,1.183403665268652150e+00
7.089999999999871072e+00,1.099206613678582078e+00,7.232034292127158537e-01,-8.114901001138694028e+02,3.706400083300921411e-01
7.094999999999870965e+00,1.107851810494447697e+00,1.612559068491146164e+00,-7.538397236658390739e+02,6.311840244948652145e-01
7.099999999999870859e+00,1.115848980421834780e+00,2.308943471151543303e+00,1.435911927124881913e+03,7.698705632399058807e-01
7.104999999999870752e+00,1.122942777955109106e+00,7.887584071594544444e-01,-7.776184586624688109e+02,-2.221399443481767433e-01
7.109999999999870646e+00,1.131419541634635095e+00,1.576389459879136812e+00,-6.769574921278903048e+02,1.237310592478335636e-01
7.114999999999870539e+00,1.135147799866271123e+00,2.302071870336656056e-01,-6.333969400277579780e+02,4.106480214378399052e-01
7.119999999999870433e+00,1.140504899822030627e+00,1.026711086777548854e+00,-5.750740405794390426e+02,6.317769148715330907e-01
7.124999999999870326e+00,1.142232589499654338e+00,-6.073153492914862284e-02,-5.132054866980284942e+02,4.892907893066384961e-01
7.129999999999870219e+00,1.144334160957861890e+00,7.424789592712873754e-01,1.160262698656409384e+03,1.302819911892490357e+00
7.134999999999870113e+00,1.145406825496283032e+00,-1.025429036787635501e-01,-4.429062670209004295e+02,1.653160380694181919e-01
7.139999999999870006e+00,1.145780706323834774e+00,7.330166342780582989e-01,1.098090862887418098e+03,9.805736869501758823e-01
7.144999999999869900e+00,1.145704817096756756e+00,2.592001998809600159e-03,-3.788485654861892158e+02,-1.649302006387920183e-01
7.149999999999869793e+00,1.145394643664496170e+00,-5.276636981878393140e-01,-3.916266649347705879e+02,4.880952850583726299e-01
7.154999999999869686e+00,1.145597507558053119e+00,2.110459144598872405e-01,6.166770878250822534e+02,1.025896052081848975e+00
7.159999999999869580e+00,1.145973443795154090e+00,7.447166701933900512e-01,9.014202535005226764e+02,4.555422351171932172e-01
7.164999999999869473e+00,1.147524676262545285e+00,4.040714789326311229e-01,-2.686546395591900591e+02,-6.446170268910801360e-01
7.169999999999869367e+00,1.149617034658183545e+00,7.302813757284321028e-01,5.411671683166423463e+02,-6.329077102517925990e-01
7.174999999999869260e+00,1.152771985473802552e+00,8.644665747760015284e-01,2.947558891741635421e+02,-5.348816371490441313e-01
7.179999999999869154e+00,1.157557078259650485e+00,1.160108514014543957e+00,1.717208276107594713e+02,-1.578433020902322514e+00
7.184999999999869047e+00,1.163682505245798859e+00,1.114814636046217888e+00,-2.796572232653257970e+02,-2.870189177332056918e+00
7.189999999999868940e+00,1.169635342005955980e+00,1.176879051147583288e+00,6.418922696031641806e+01,-3.433828305794698998e+00
7.194999999999868834e+00,1.174360758761007650e+00,8.670776247233735745e-01,-4.980562734948820491e+01,-5.476678219724715468e+00
7.199999999999868727e+00,1.177837456451015674e+00,5.954011243542088883e-01,-3.524358282969673795e+00,-5.656549694902686554e+00
7.204999999999868621e+00,1.179724399587655181e+00,3.190270473211541113e-01,2.756895806377535507e+00,-5.622929340378920671e+00
7.209999999999868514e+00,1.180239482632917891e+00,1.291594486343894703e-03,-8.175473647519378062e+01,-5.511303209571353889e+00
7.214999999999868407e+00,1.179571562150994790e+00,-2.207579087127178874e-01,-2.245729905231902990e+01,-5.426812508173830096e+00
7.219999999999868301e+00,1.177490558389004738e+00,-4.787491613397296120e-01,2.430503106795599777e+01,-5.374392610530811965e+00
7.224999999999868194e+00,1.174315822192141479e+00,-7.260915392196367613e-01,-3.429146943243651435e+01,-5.372303728403905687e+00
7.229999999999868088e+00,1.169909438401812940e+00,-9.612962573185707127e-01,-1.963461754363622447e+01,-5.416545498414483184e+00
7.234999999999867981e+00,1.164577619420561261e+00,-1.102504374496657613e+00,1.884278663618788130e+01,-4.942155022530124064e+00
7.239999999999867875e+00,1.158488555602776637e+00,-1.295222225231958735e+00,-4.846786152844767059e+01,-5.139515696032486147e+00
7.244999999999867768e+00,1.151380663993574416e+00,-1.480867654232371766e+00,8.746743714886507703e+00,-5.287284074707794268e+00
7.249999999999867661e+00,1.143385728733371520e+00,-1.615847507894652146e+00,5.202609730960364232e+01,-4.834904485588939593e+00
7.254999999999867555e+00,1.134837272722846180e+00,-1.797082618055857228e+00,-8.780298905351591543e+01,-5.007521183395721387e+00
7.259999999999867448e+00,1.125403039662440596e+00,-1.916877143911019488e+00,3.464555285991217204e+01,-5.099862551635639285e+00
7.264999999999867342e+00,1.115310701722169728e+00,-2.044914718038098655e+00,6.463990914323308523e+00,-4.554819952406213623e+00
7.269999999999867235e+00,1.104698702677190836e+00,-2.205375123943824178e+00,-1.166562071146064170e+02,-4.608276577968848819e+00
7.274999999999867129e+00,1.093609694758285178e+00,-2.234794984348270397e+00,1.708459359798367272e+00,-4.397336446556137979e+00
7.279999999999867022e+00,1.082340841511581608e+00,-2.225248834224827554e+00,6.097298790318097161e+01,-3.334104569582966526e+00
7.284999999999866915e+00,1.071293542377063757e+00,-2.218439237873233161e+00,-2.371038372952718731e+01,-2.773330665710283860e+00
7.289999999999866809e+00,1.059945548603030252e+00,-2.299822061561453079e+00,2.051129709939012891e+00,-2.240112327013921600e+00
7.294999999999866702e+00,1.047653891457037467e+00,-2.543703252536551052e+00,2.423018916728955308e+00,-1.331700229217507525e+00
7.299999999999866596e+00,1.034541671516780115e+00,-2.672693771610710201e+00,-1.645466126579048094e+01,-8.815753390762575137e-01
7.304999999999866489e+00,1.022105308827616632e+00,-2.392549854416521349e+00,1.303709800249422202e+01,-4.287750090113457979e-01
7.309999999999866382e+00,1.012927473404140910e+00,-1.461634409702859516e+00,2.148657531332590906e+02,-5.315425308488930245e-02
7.314999999999866276e+00,1.008786034032394419e+00,-4.062564894621617517e-01,2.202287942412220332e+02,-2.705193344454862037e-01
7.319999999999866169e+00,1.011561930925289454e+00,1.134756519012578790e+00,2.426663512465219412e+02,-6.076773404846878002e-01
7.324999999999866063e+00,1.020578519344080615e+00,1.733877168934570223e+00,-3.304359732437711727e+02,-8.156184818800786829e-01
7.329999999999865956e+00,1.029747753157310264e+00,1.690756136394257148e+00,-3.587051331493156567e+02,4.079971604450505218e-02
7.334999999999865850e+00,1.039685834699574762e+00,1.881643792765985035e+00,-4.048678038669204398e+02,1.000798238254439143e+00
7.339999999999865743e+00,1.048853521292873792e+00,2.306121153201952545e+00,9.379615539047294988e+02,1.801472273183985173e+00
7.344999999999865636e+00,1.059647549549033840e+00,2.688967036013670597e+00,1.161124756640296710e+03,1.562488035771697481e+00
7.349999999999865530e+00,1.068577411023386770e+00,1.214003445818851334e+00,-6.981404038455244745e+02,1.304500359856116232e+00
7.354999999999865423e+00,1.079132024174439319e+00,2.012936308414001285e+00,-6.921154770859906193e+02,1.233906088169623771e+00
7.359999999999865317e+00,1.088900526326327167e+00,2.699824692771520152e+00,1.474464927532277216e+03,1.329284882599121476e+00
7.364999999999865210e+00,1.097600481962708541e+00,1.187091924557357236e+00,-7.162111890810467685e+02,5.801540361846122540e-01
7.369999999999865103e+00,1.107865224590378839e+00,2.015146420527867743e+00,-5.965784294064852702e+02,6.025142122357314278e-01
7.374999999999864997e+00,1.115339869610574075e+00,6.115497554507698386e-01,-6.431475143480319048e+02,5.028796341367864908e-01
7.379999999999864890e+00,1.123321847219688863e+00,1.612671999809764500e+00,-6.348627691994109910e+02,9.087830327521280172e-01
7.384999999999864784e+00,1.131634779641535360e+00,2.427548436891501904e+00,1.431673290462157865e+03,6.150579663506948735e-01
7.389999999999864677e+00,1.138039967721709678e+00,1.216347653642467108e+00,-6.119592392051098386e+02,-5.214130172582358558e-01
7.394999999999864571e+00,1.144894989172836830e+00,2.124939714641587596e+00,1.367228419365199443e+03,5.864010565166912770e-01
7.399999999999864464e+00,1.152202191373158602e+00,9.867283453367932111e-01,-6.570974205931684082e+02,-6.945288355286886040e-01
7.404999999999864357e+00,1.158392839416043651e+00,2.031068006067633824e+00,1.342741630915450969e+03,3.815552572189667702e-01
7.409999999999864251e+00,1.163758888628678267e+00,1.083027232700009002e+00,-4.726709569461030469e+02,-8.318319320889947521e-01
7.414999999999864144e+00,1.170162913908727509e+00,2.008660835195892780e+00,1.242895581778428777e+03,2.899472612426601259e-02
7.419999999999864038e+00,1.175796210917879669e+00,1.072328864808145488e+00,-5.415845050643408740e+02,-1.421445205582731131e+00
7.424999999999863931e+00,1.180740813647666920e+00,4.433942797948546843e-01,-4.134016836580198628e+02,-5.126536477749241705e-01
7.429999999999863824e+00,1.185929359200644351e+00,1.334004430137182728e+00,9.492140290566160274e+02,4.403079314939396527e-01
7.434999999999863718e+00,1.190629929830819167e+00,6.723053033405743673e-01,-4.577141134464054630e+02,-9.172375319083175826e-01
7.439999999999863611e+00,1.195238956589178114e+00,1.472343251394380825e+00,9.193123021790948997e+02,-2.132276826726412500e-01
7.444999999999863505e+00,1.199577084894210000e+00,8.919833672182599926e-01,-2.983167271204044937e+02,-1.327651651060661298e+00
7.449999999999863398e+00,1.202620996881992310e+00,4.591953283297295352e-01,-2.443870818745052134e+02,-8.529950040802362077e-01
7.454999999999863292e+00,1.204920434960881304e+00,1.531634778010766973e-01,-2.239706136527726699e+02,-5.845049049959103460e-01
7.459999999999863185e+00,1.207789727513772782e+00,8.463099268681166798e-01,6.914590339900485105e+02,-3.612179647978429609e-01
7.464999999999863078e+00,1.210160162740417489e+00,4.965060595949816191e-01,-1.858634190651196434e+02,-2.000700191117210203e+00
7.469999999999862972e+00,1.211713014535870103e+00,2.280186297626430048e-01,-1.593680211703171778e+02,-2.132154937227213498e+00
7.474999999999862865e+00,1.213985931043563671e+00,6.352224758471195498e-01,4.576929838972823745e+02,-1.780212149724039072e+00
7.479999999999862759e+00,1.216437635265538830e+00,5.232610137052778887e-01,-1.045548957245752320e+02,-2.177745321481205920e+00
7.484999999999862652e+00,1.219695784179411824e+00,6.870304912229773242e-01,2.819908183512428224e+01,-1.584204541050512116e+00
7.489999999999862546e+00,1.223342365187459979e+00,1.156384219545890657e+00,5.661587185312366728e+02,-1.406558412339248720e+00
7.494999999999862439e+00,1.226579066420642405e+00,6.379714478544884493e-01,8.117442884836243877e+00,-3.226130574558040642e+00
7.499999999999862332e+00,1.229360544540924138e+00,4.942907393886256107e-01,-3.861962991961745928e+01,-5.041622381966225142e+00
7.504999999999862226e+00,1.230786268975187170e+00,1.824228285485537671e-01,-4.333565814491986146e+01,-5.844212186220311800e+00
7.509999999999862119e+00,1.230370124851444258e+00,-2.125107744546972932e-01,-4.042725343226233292e+01,-5.949513463490283094e+00
7.514999999999862013e+00,1.228064079720751600e+00,-5.837870935063762534e-01,-2.032688721865979531e+01,-5.379734408573779270e+00
7.519999999999861906e+00,1.223905522856090444e+00,-1.000145129247522524e+00,-1.083509623200819618e+02,-5.399737819304231579e+00
7.524999999999861799e+00,1.218126198552379247e+00,-1.243556066118436609e+00,-2.563718167509466639e+01,-4.876758518308465185e+00
7.529999999999861693e+00,1.210975407689755423e+00,-1.534577497001265556e+00,-6.831259980896382444e+01,-4.895633280592905479e+00
7.534999999999861586e+00,1.202442994422113109e+00,-1.783348137599308769e+00,-3.797322709903096616e+00,-4.990570248818004373e+00
7.539999999999861480e+00,1.192901540494066159e+00,-1.931938419660419681e+00,8.644808030922504827e+00,-4.572124194984196421e+00
7.544999999999861373e+00,1.182725120389743978e+00,-2.063118293829113270e+00,1.801140802345327074e+01,-4.759658730946240368e+00
7.549999999999861267e+00,1.171967573927686246e+00,-2.166598205281190737e+00,-5.754345697454141373e+01,-4.530721832803887850e+00
7.554999999999861160e+00,1.160616753655360434e+00,-2.292972560069508337e+00,3.306348240799453464e+01,-4.814248605886468191e+00
7.559999999999861053e+00,1.148654308249835498e+00,-2.432962117007634983e+00,-3.102581573825684558e+01,-4.554065066454983324e+00
7.564999999999860947e+00,1.135974371620426027e+00,-2.601648114639826925e+00,1.307006278821964429e+01,-4.636442093227514327e+00
7.569999999999860840e+00,1.122709276056595096e+00,-2.643191054228489101e+00,5.332829056312260008e+01,-4.229122672931633353e+00
7.574999999999860734e+00,1.109265927630995519e+00,-2.694189705073680940e+00,-9.293933986652683998e+00,-3.905854420810382255e+00
7.579999999999860627e+00,1.095645779165424383e+00,-2.756070001622651144e+00,-3.878108577390953116e+01,-4.080941082333152892e+00
7.584999999999860520e+00,1.082049800605281664e+00,-2.682020780886104738e+00,2.275119041232782280e+01,-3.437133392233349127e+00
7.589999999999860414e+00,1.068524398174029111e+00,-2.656237073193708387e+00,5.426019203899707577e+01,-3.069655791946136691e+00
7.594999999999860307e+00,1.055076298260513301e+00,-2.643648494676391181e+00,5.865000672942083781e+01,-2.081019687076002267e+00
7.599999999999860201e+00,1.041460798926762576e+00,-2.761253505577571765e+00,-4.018401044160156488e+01,-1.725458663758789646e+00
7.604999999999860094e+00,1.026941057598403040e+00,-2.981895989884746356e+00,-3.003567764880229518e+01,-1.304179306242648551e+00
7.609999999999859988e+00,1.012289434351459461e+00,-2.896233932534992839e+00,4.909364916618683594e+01,-3.637186355357837630e-01
7.614999999999859881e+00,9.981756708634229591e-01,-2.755655806401097863e+00,4.202468741276734931e+01,-3.010735571927845022e-01
7.619999999999859774e+00,9.865203836189673225e-01,-2.061684078382476581e+00,1.301718199117988206e+02,4.686370575106724168e-02
7.624999999999859668e+00,9.794602992201147940e-01,-9.725406802318812272e-01,2.445235834807412516e+02,1.445737200795813582e-01
7.629999999999859561e+00,9.792610240295355206e-01,5.602250025663655375e-01,2.855104453621680136e+02,-1.212159893099860331e-01
7.634999999999859455e+00,9.866855609530789106e-01,1.805092080008776634e+00,4.057980261574006136e+02,-3.806219455225267057e-01
7.639999999999859348e+00,9.953329820900884695e-01,1.661567481818099212e+00,-3.766853744145653309e+02,2.572116930574568361e-01
7.644999999999859241e+00,1.003657899563811018e+00,1.534078683709731550e+00,-5.287090309826450039e+02,1.230893463044816283e+00
7.649999999999859135e+00,1.013556833192890583e+00,1.767899992050453006e+00,-6.075036580528171726e+02,1.546843039587284974e+00
7.654999999999859028e+00,1.023135207649930933e+00,2.022747362849879327e+00,-7.324910985280646400e+02,1.318489215730770603e+00
7.659999999999858922e+00,1.032030381830204568e+00,2.482838343424639493e+00,1.609494534116520072e+03,2.309488678576810727e+00
7.664999999999858815e+00,1.040020741391327164e+00,2.372157885515445042e+00,1.570540675337014363e+03,2.126902264973783208e+00
7.669999999999858709e+00,1.049714132650500842e+00,2.586889594115939328e+00,1.426625239476235492e+03,1.908259158470557715e+00
7.674999999999858602e+00,1.056996202632176640e+00,6.670830006653520883e-01,-8.962906974224135865e+02,1.386964006156711893e+00
7.679999999999858495e+00,1.064870479392329372e+00,9.118911929039239528e-01,-8.881410310511396347e+02,1.946609866458139715e+00
7.684999999999858389e+00,1.074365346472637039e+00,1.715492333453108253e+00,-8.538051485876740117e+02,1.293564099304987280e+00
7.689999999999858282e+00,1.082407821011849292e+00,2.440649300753766404e+00,1.733714198745305339e+03,1.692508943149000133e+00
7.694999999999858176e+00,1.090408224203194054e+00,2.096762258896730291e+00,6.944950639039913085e+02,8.643906635917654180e-01
7.699999999999858069e+00,1.097876021774014887e+00,7.243410107419070432e-01,-8.803839644905341402e+02,9.399541795514875231e-01
7.704999999999857963e+00,1.106792617792975664e+00,1.664528784884877766e+00,-7.962427978342752795e+02,8.949910620834315989e-01
7.709999999999857856e+00,1.114869917494042184e+00,2.418746738081257952e+00,1.688561199127912687e+03,1.150222267733114201e+00
7.714999999999857749e+00,1.121463040281605483e+00,5.637739961785724896e-01,-8.995469961373827346e+02,3.257960330786567882e-01
7.719999999999857643e+00,1.128882979382609175e+00,1.318689244208450129e+00,-7.021300054494096230e+02,7.955494909762983458e-01
7.724999999999857536e+00,1.133105035170623553e+00,-7.416705012832627841e-02,-6.359893229060376143e+02,8.537678338333181127e-01
7.729999999999857430e+00,1.135883887384852464e+00,8.811533256288354987e-02,-6.562944248026640253e+02,1.337023829208126680e+00
7.734999999999857323e+00,1.138687353260735113e+00,9.294838453361287112e-01,1.324257549518748419e+03,1.521690590113299324e+00
7.739999999999857216e+00,1.140007827763911186e+00,-1.074240866535213224e-01,-5.185911379664986498e+02,5.682470523505973592e-01
7.744999999999857110e+00,1.140470121429650652e+00,8.314476742418738242e-01,1.267722809371057565e+03,1.370574108503031630e+00
7.749999999999857003e+00,1.140229060160181884e+00,-9.599764098113916511e-02,-5.318686032057609054e+02,-4.789990294337281851e-02
7.754999999999856897e+00,1.139349621998529294e+00,-7.529037167805395780e-01,-4.799931916658756563e+02,7.600362873318552426e-01
7.759999999999856790e+00,1.140309222198955696e+00,2.923752786754193478e-01,-3.893192817419829339e+02,6.433912185152814711e-01
7.764999999999856684e+00,1.140117371684768344e+00,-2.088459093368100483e-01,-3.410011729541014347e+02,2.618560776809680246e-01
7.769999999999856577e+00,1.140465868315974740e+00,7.039607907963254529e-01,9.731120126134419479e+02,6.544381440773274772e-01
7.774999999999856470e+00,1.141322230716472763e+00,2.502105745849333429e-01,-2.979488133029328765e+02,-7.398467890990167994e-01
7.779999999999856364e+00,1.142880272324415358e+00,4.487857205428263385e-01,3.581289472935634421e+02,-4.367590322786014112e-01
7.784999999999856257e+00,1.144595884817739995e+00,1.890443222278984925e-01,-2.555603104906651311e+02,-7.605498494072601146e-01
7.789999999999856151e+00,1.147992204965642582e+00,7.809703606124216435e-01,-1.384389715162609207e+02,-8.562384975178207736e-01
7.794999999999856044e+00,1.152132946513338529e+00,9.151041281294887142e-01,-1.267731962794068181e+02,-1.195978444636259574e+00
7.799999999999855937e+00,1.158093275006073730e+00,1.377447384844711076e+00,1.584688758712722745e+02,-2.126696037238423376e+00
7.804999999999855831e+00,1.163736937359940216e+00,1.130986726346864479e+00,-1.761986287587596962e+02,-3.916600339976046286e+00
7.809999999999855724e+00,1.169050394856624209e+00,1.029439365275635732e+00,7.262737377700371866e+00,-4.136599086827363436e+00
7.814999999999855618e+00,1.173227708922153445e+00,5.974677553236817928e-01,-2.116787126635364018e+02,-5.750198932522836870e+00
7.819999999999855511e+00,1.175330386158280227e+00,2.658176745372912708e-01,-8.894496836702523979e+01,-5.760547302468809860e+00
7.824999999999855405e+00,1.175586922310791760e+00,-1.095015409915117560e-01,-1.091192835280465374e+02,-5.620880750431353157e+00
7.829999999999855298e+00,1.174145265536105764e+00,-4.380569756825004601e-01,-1.424525039238907596e+02,-5.429681070972177892e+00
7.834999999999855191e+00,1.171311059879829530e+00,-6.994728474910876237e-01,-1.249810573712860275e+02,-5.205979984555363593e+00
7.839999999999855085e+00,1.167296797408335696e+00,-9.208032781046354698e-01,-1.376899766246322372e+02,-5.112013206873243121e+00
7.844999999999854978e+00,1.162329416146308025e+00,-1.097685316495706109e+00,-1.309143346470259530e+02,-5.016564884344479225e+00
7.849999999999854872e+00,1.156584595762324419e+00,-1.204001033797448716e+00,-3.421750275443240952e+01,-4.954784615924581637e+00
7.854999999999854765e+00,1.150252137077343750e+00,-1.302414469101635719e+00,-1.805227675762234796e+01,-4.975744352514938740e+00
7.859999999999854658e+00,1.143401669561173062e+00,-1.439385724914470366e+00,-7.069182691673985630e+01,-5.019064936363467844e+00
7.864999999999854552e+00,1.136234729715021041e+00,-1.422686212503357028e+00,1.927587536085964359e+01,-4.736015145077985267e+00
7.869999999999854445e+00,1.128892225719935638e+00,-1.452380398011563267e+00,4.460170381170069476e+01,-4.838104003299193323e+00
7.874999999999854339e+00,1.121275152183457635e+00,-1.607902293099158220e+00,-1.059858564523436257e+02,-5.091873540405326359e+00
7.879999999999854232e+00,1.113387013447964646e+00,-1.562341005046325559e+00,2.586840931028805457e+01,-4.856710231204566242e+00
7.884999999999854126e+00,1.105461345727548395e+00,-1.541710803493864690e+00,5.853386589945196761e+01,-4.639020104923266885e+00
7.889999999999854019e+00,1.097442301684457444e+00,-1.652290285527965308e+00,-4.963814852498410346e+01,-4.943657312962518091e+00
7.894999999999853912e+00,1.088772701613169414e+00,-1.753260576707053708e+00,2.883099623600810446e+01,-5.127383739368738702e+00
7.899999999999853806e+00,1.079639751555078186e+00,-1.828688282018400058e+00,5.160916056306715660e+01,-4.489333257575406577e+00
7.904999999999853699e+00,1.070247123334773676e+00,-1.936448158668670372e+00,-7.665887841185426055e+01,-4.525166987312513989e+00
7.909999999999853593e+00,1.060476085049967931e+00,-1.976133473329934942e+00,-1.536812856615804890e+01,-4.297587591364189663e+00
7.914999999999853486e+00,1.050544707863589222e+00,-1.961521360448240214e+00,6.607785304163549256e+01,-2.940518370829526162e+00
7.919999999999853380e+00,1.040481740533222954e+00,-2.058548176118204953e+00,-3.959381413459741594e+01,-2.400022465826611384e+00
7.924999999999853273e+00,1.029504813334141344e+00,-2.290169103952839791e+00,-3.151481080618000519e+01,-1.855040795731556447e+00
7.929999999999853166e+00,1.018345159082877593e+00,-2.231495821479785757e+00,-2.285356216380278838e+01,-1.026572312284943056e+00
7.934999999999853060e+00,1.008336573205059983e+00,-1.860441621663430745e+00,6.211609879444259263e+01,-6.558088712155953903e-01
7.939999999999852953e+00,1.000974747177082236e+00,-1.215718429230420394e+00,1.149851225178900620e+02,-5.711548094390991315e-01
7.944999999999852847e+00,9.989743372961037426e-01,1.163221970086692064e-01,2.551182726324056205e+02,-3.070800044380424532e-01
7.949999999999852740e+00,1.004264861764669003e+00,1.636077982631250594e+00,2.619154656890901265e+02,-8.293309512846139819e-01
7.954999999999852633e+00,1.012505828423983179e+00,1.521536379530091576e+00,-3.406582570024913821e+02,-5.410157910241404355e-01
7.959999999999852527e+00,1.021384659545831797e+00,1.625788089389103908e+00,-4.269651940972101443e+02,2.047919792261077010e-01
7.964999999999852420e+00,1.030872465671526683e+00,1.755556006787962087e+00,-4.456257007339936536e+02,9.703645137020600053e-01
7.969999999999852314e+00,1.039938398666165886e+00,2.295172091771413569e+00,9.177240897363967633e+02,1.772129391305454327e+00
7.974999999999852207e+00,1.048954595102574716e+00,2.306541071298786605e+00,9.828982564583709518e+02,1.516973342066389563e+00
7.979999999999852101e+00,1.057736118057684527e+00,2.467205738215454414e+00,1.348096943477006789e+03,1.599916524530146988e+00
7.984999999999851994e+00,1.065756294231523960e+00,1.019339408405333103e+00,-7.012107745765973732e+02,9.543001513436781824e-01
7.989999999999851887e+00,1.075740722068250665e+00,1.926067895585274137e+00,-6.674959509785674072e+02,9.284735537351909151e-01
7.994999999999851781e+00,1.085279287678172278e+00,2.655740157353863484e+00,1.496505886720224908e+03,8.750114271733374638e-01
7.999999999999851674e+00,1.093908689582914873e+00,1.121779472476178485e+00,-7.475995861426220017e+02,-1.703006190762117456e-01
8.004999999999851568e+00,1.104013980685538243e+00,1.881064664664907848e+00,-6.958189357423360661e+02,-1.846615241217466341e-01
8.009999999999852349e+00,1.113450568387998496e+00,2.480708856879904722e+00,1.253821436852361785e+03,-1.462546102093195133e-01
8.014999999999853131e+00,1.122065237229578294e+00,1.174182113699444807e+00,-6.801962688093199176e+02,-9.621167853916441359e-01
8.019999999999853912e+00,1.130577738027779944e+00,1.997300516818265592e+00,1.235752693185591170e+03,1.651142936123243810e-01
8.024999999999854694e+00,1.137306812899532060e+00,8.639547117348720384e-01,-6.402888822426170918e+02,-8.281384180767668024e-01
8.029999999999855476e+00,1.146414870219475857e+00,1.839071331885227201e+00,-5.288173795523084664e+02,-7.474970023897751226e-01
8.034999999999856257e+00,1.152383678963144975e+00,8.676683299851771780e-01,-4.715646075938935269e+02,-1.198372721475243763e+00
8.039999999999857039e+00,1.159344432517739110e+00,1.726252740242162131e+00,1.037362542483564994e+03,-7.949799137178292785e-02
8.044999999999857820e+00,1.165296584906477806e+00,8.989060624217175555e-01,-3.884397586229761714e+02,-1.096941680661748908e+00
8.049999999999858602e+00,1.172313427368468552e+00,1.771297575088318421e+00,1.172928891573838200e+03,-2.500178510702223966e-01
8.054999999999859384e+00,1.178812407944644258e+00,9.677282785457793635e-01,-4.986873903936213424e+02,-1.702504081221717813e+00
8.059999999999860165e+00,1.184861864999556147e+00,1.815396517280095212e+00,1.002686542672067048e+03,-9.369295249213273058e-01
8.064999999999860947e+00,1.190523339461766028e+00,1.147738542690750485e+00,-3.369879562050919048e+02,-2.169750698982610526e+00
8.069999999999861728e+00,1.195739003131925715e+00,5.986910852053904941e-01,-3.069866323791435434e+02,-1.531541283230282602e+00
8.074999999999862510e+00,1.201381646412426729e+00,1.426689665026189546e+00,8.211604403076167955e+02,-7.997451701917092093e-01
8.079999999999863292e+00,1.206135995430838381e+00,9.258840152155386471e-01,-3.693889030696850000e+02,-2.412802236579417503e+00
8.084999999999864073e+00,1.210019699491332590e+00,1.170378642291667770e+00,6.318648239189393507e+02,-1.607061910132040250e+00
8.089999999999864855e+00,1.213808389974888158e+00,7.508255910378891507e-01,-2.391897912748132740e+02,-2.520927589484983855e+00
8.094999999999865636e+00,1.216485366009096625e+00,3.807890346306345153e-01,-2.454586393627199641e+02,-2.185452560762674690e+00
8.099999999999866418e+00,1.218613086188469863e+00,2.337819572283161285e-01,-1.419706792167577021e+02,-1.894262845982984222e+00
8.104999999999867200e+00,1.221248248472404541e+00,7.469303585467015338e-01,5.132035951602657633e+02,-1.362991753571091813e+00
8.109999999999867981e+00,1.223744946885059193e+00,5.380529429022959942e-01,-1.021613088750894747e+02,-2.875239363877693410e+00
8.114999999999868763e+00,1.225852464439148859e+00,4.000870005472130231e-01,-6.556109955525700173e+01,-3.021586183755332389e+00
8.119999999999869544e+00,1.228578656886698983e+00,6.747175285839889236e-01,2.778685505639108442e+02,-2.768478566174267463e+00
8.124999999999870326e+00,1.231615766543842749e+00,6.593973913905050166e-01,-3.772679490293316462e+01,-3.197100130473089497e+00
8.129999999999871108e+00,1.234547539617464995e+00,5.380395891330207458e-01,6.183375422500213148e+01,-3.104075353328831888e+00
8.134999999999871889e+00,1.237093797165118358e+00,5.544514830791802407e-01,1.048204820264278538e+02,-1.685214773444880798e+00
8.139999999999872671e+00,1.240465158967741788e+00,5.836745559901171942e-01,-7.058553058448813999e+01,-3.303098736426414384e+00
8.144999999999873452e+00,1.243409296021792398e+00,7.273672009791256610e-01,2.012781351120711406e+02,-5.010226836873563627e+00
8.149999999999874234e+00,1.245205769708178201e+00,2.695761718922583539e-01,1.002381254672443589e+01,-5.723931287088299236e+00
8.154999999999875016e+00,1.245484871017063400e+00,-1.646413712667018359e-01,-1.665092056096450790e+02,-6.117520757003905629e+00
8.159999999999875797e+00,1.243330735601467119e+00,-6.176759432973457642e-01,-7.013304095155092455e+01,-5.824441960237950688e+00
8.164999999999876579e+00,1.238532953249139590e+00,-1.122717522153095615e+00,-7.416448258480505729e+01,-4.915952575613912856e+00
8.169999999999877360e+00,1.231512881709399876e+00,-1.512451996503920926e+00,8.346176582317246684e+00,-4.847714104038341354e+00
8.174999999999878142e+00,1.222379258481495423e+00,-1.923300982398099102e+00,-6.326728372133446854e+00,-4.200144023124471993e+00
8.179999999999878924e+00,1.211823352737253279e+00,-2.221148939826918856e+00,-1.298572422454333974e+01,-4.490430380152452550e+00
8.184999999999879705e+00,1.199991988267304688e+00,-2.406836362426859832e+00,2.314961384346677775e+01,-4.007259338301075502e+00
8.189999999999880487e+00,1.187418715972423877e+00,-2.543219095953500819e+00,-1.478819772931624676e+01,-4.387714383351858594e+00
8.194999999999881268e+00,1.174318491989079893e+00,-2.610405620315363606e+00,-2.632935559366912059e+01,-4.026394083758233933e+00
8.199999999999882050e+00,1.160926740623706044e+00,-2.688239676561719804e+00,3.422633973349357461e+01,-4.395410806779284307e+00
8.204999999999882832e+00,1.147234054890493571e+00,-2.745974445420687360e+00,-2.147128221281991500e+01,-4.186587181975170324e+00
8.209999999999883613e+00,1.133167151385140015e+00,-2.845544477881820633e+00,1.672481043821898439e+01,-4.379925256000890776e+00
8.214999999999884395e+00,1.118896065192558797e+00,-2.790726322515728164e+00,7.306539405696243250e+01,-3.946599072349326498e+00
8.219999999999885176e+00,1.105020979480185295e+00,-2.729478753717338169e+00,1.902809432276238155e+01,-3.670283997395066500e+00
8.224999999999885958e+00,1.091392698810456530e+00,-2.734742807217530380e+00,-2.088720941354996086e+01,-4.025223092939401504e+00
8.229999999999886739e+00,1.078017172700084680e+00,-2.664252270442077464e+00,-1.882684924952288341e+01,-3.552548675530645905e+00
8.234999999999887521e+00,1.064834264218242232e+00,-2.601948677546500832e+00,1.902377820778843187e+01,-3.476368571069578639e+00
8.239999999999888303e+00,1.051966772688938567e+00,-2.468069337184850554e+00,1.133161432366075729e+02,-2.208842600535203982e+00
8.244999999999889084e+00,1.039586663136491396e+00,-2.477906470663528093e+00,-2.118804251394679738e+01,-1.859482403828773833e+00
8.249999999999889866e+00,1.026767831017745713e+00,-2.590868217328466727e+00,5.547704064577195560e+00,-1.688913588206226724e+00
8.254999999999890647e+00,1.013060668310487689e+00,-2.785260395204599337e+00,9.582588534968456528e+00,-8.289080099680625757e-01
8.259999999999891429e+00,9.985285539275777777e-01,-2.981266768331404027e+00,-3.407474106786163759e+01,-6.290217077679620683e-01
8.264999999999892211e+00,9.842892717889634158e-01,-2.757221139502988638e+00,5.338080715627427253e+01,-2.161232345394639154e-01
8.269999999999892992e+00,9.725250618466196872e-01,-2.062016094644184339e+00,1.851303192537192785e+02,3.820116618258275754e-01
8.274999999999893774e+00,9.648349540200258367e-01,-1.220567777933635245e+00,1.230477699698909362e+02,7.689363138075200332e-02
8.279999999999894555e+00,9.626688607228146566e-01,6.955625670737618227e-02,2.518412384400322708e+02,-2.388400903409893528e-01
8.284999999999895337e+00,9.684715535492852689e-01,1.846040628828133023e+00,3.337824089406664712e+02,-4.116154953256484506e-01
8.289999999999896119e+00,9.769919105185568275e-01,1.612543647640852340e+00,-3.619020866862872481e+02,-1.749598131233419673e-01
8.294999999999896900e+00,9.860382956579039071e-01,1.534823101575048421e+00,-4.879589219008997247e+02,8.995345922338517930e-01
8.299999999999897682e+00,9.958876106437892783e-01,1.656151827513517638e+00,-6.845941715939146661e+02,1.529126167512862677e+00
8.304999999999898463e+00,1.006444446648593338e+00,1.801265493077307323e+00,-7.370852752331475131e+02,1.590748828758102640e+00
8.309999999999899245e+00,1.015922846962152404e+00,1.896211936720509694e+00,-9.281508381387094460e+02,1.373129453852908188e+00
8.314999999999900027e+00,1.025174693631842437e+00,1.798055848007052981e+00,-4.240250628957689969e+02,1.761299140845855371e+00
8.319999999999900808e+00,1.034290857063730140e+00,1.764957533590189476e+00,-3.756291299341762624e+02,1.769133601993885918e+00
8.324999999999901590e+00,1.042735379421581010e+00,1.719159047848046518e+00,2.269790589131293359e+02,2.089982455422329632e+00
8.329999999999902371e+00,1.050961691423962785e+00,1.670891885018495726e+00,-4.824242942081864527e+01,1.787026424763465737e+00
8.334999999999903153e+00,1.059668176898673098e+00,1.726902434990099877e+00,-3.714886191620080353e+02,1.455080162730098214e+00
8.339999999999903935e+00,1.067932767844545827e+00,2.421840599639729419e+00,1.780576660257500407e+03,2.043532639685454733e+00
8.344999999999904716e+00,1.076467224314010318e+00,2.342820455431392279e+00,1.270688776502798419e+03,1.351566520787325532e+00
8.349999999999905498e+00,1.084792021896994640e+00,2.674253098243221771e+00,1.447080253243318339e+03,1.206682412294333595e+00
8.354999999999906279e+00,1.092399105933659076e+00,7.406598796907823967e-01,-8.147754586062314957e+02,8.202356007045253916e-01
8.359999999999907061e+00,1.099713187552419091e+00,1.238479196029630192e+00,-7.155862251403447090e+02,1.045456013675193363e+00
8.364999999999907843e+00,1.105158890722346188e+00,1.696720139836633168e+00,1.356663252123922121e+03,1.412475800494962019e+00
8.369999999999908624e+00,1.107260743882876763e+00,2.238497615307742661e-01,-7.362049762785965186e+02,7.016333687276652409e-01
8.374999999999909406e+00,1.108772022229221887e+00,9.764276337579426146e-01,1.266913716514790849e+03,1.778720311551731381e+00
8.379999999999910187e+00,1.110163043741177136e+00,-1.435502269425016075e-01,-5.442519459173031464e+02,8.225583369557902813e-01
8.384999999999910969e+00,1.110305930684197584e+00,7.644662143004942179e-01,1.242696965221982282e+03,1.856569933781299309e+00
8.389999999999911751e+00,1.109607802282073674e+00,-1.334419413092392537e-01,-4.711089282867347379e+02,7.574410799190539612e-01
8.394999999999912532e+00,1.108464838324114021e+00,-7.561357266212048733e-01,-3.400836242076412077e+02,1.386720030936346770e+00
8.399999999999913314e+00,1.108900868602925804e+00,1.572815942645983123e-01,-4.391573192553022977e+02,1.162649059208347824e+00
8.404999999999914095e+00,1.107828881274673272e+00,-4.739769942821978055e-01,-4.391136005930506485e+02,6.329516426609409496e-01
8.409999999999914877e+00,1.108291229766965813e+00,4.351622032901201753e-01,9.951884575282784908e+02,1.285411727131968496e+00
8.414999999999915659e+00,1.108905055109286497e+00,-1.046601482646030284e-01,-3.904192117262815032e+02,2.750973913302643403e-01
8.419999999999916440e+00,1.109874020327531685e+00,7.796249305658601303e-01,9.213734071158298775e+02,7.847921676701792304e-01
8.424999999999917222e+00,1.111209703967396045e+00,1.992444940710766388e-02,-2.891219780362084180e+02,-3.932814814470536602e-01
8.429999999999918003e+00,1.114334570510188138e+00,7.385625690081636385e-01,-2.007931302152944113e+02,-1.440967474946881488e-01
8.434999999999918785e+00,1.117914479630739866e+00,7.876509521177766926e-01,-1.262198374839530146e+02,-7.484117741788448575e-01
8.439999999999919567e+00,1.123105733145409735e+00,1.328085854679297961e+00,3.225169096858891749e+02,-9.238506291372922119e-01
8.444999999999920348e+00,1.130074804302725111e+00,1.549856428377248463e+00,9.672129320977313682e+01,-2.262797193113451399e+00
8.449999999999921130e+00,1.137122225049232105e+00,1.620551062913470508e+00,4.239241340382807266e+02,-3.740654713602421744e+00
8.454999999999921911e+00,1.143790930921226856e+00,1.216205375382898524e+00,-1.016909826619207138e+02,-3.694902423665139324e+00
8.459999999999922693e+00,1.149067703832337584e+00,9.105115949502173844e-01,-9.012455029635327719e+01,-5.043564371640077759e+00
8.464999999999923475e+00,1.152481291316770795e+00,5.402770854713658810e-01,-1.004943902976547037e+02,-5.513255902927791219e+00
8.469999999999924256e+00,1.154181551686828566e+00,1.766948909370251453e-01,-1.333813388276173555e+02,-5.323145565922764000e+00
8.474999999999925038e+00,1.154433896482231825e+00,-7.759146213097266320e-02,-7.432237356476954915e+01,-5.175015273792280546e+00
8.479999999999925819e+00,1.153367407805748313e+00,-3.104330133995152341e-01,-6.590657438082466513e+01,-5.059538489359293401e+00
8.484999999999926601e+00,1.151228204151966805e+00,-4.887653247890935138e-01,-2.735352833244312620e+01,-4.976997647514737722e+00
8.489999999999927383e+00,1.148323843784478937e+00,-6.273012103880775125e-01,-3.200684189739835972e+01,-4.945441450127324501e+00
8.494999999999928164e+00,1.144859146793862470e+00,-7.259024687879770399e-01,-3.408269210738639288e+01,-4.929446655016626266e+00
8.499999999999928946e+00,1.141021533364997342e+00,-8.125507969058325397e-01,-8.764753838712508127e+01,-4.975782149014979616e+00
8.504999999999929727e+00,1.136920227982975984e+00,-8.682091179140909443e-01,2.109586304355811848e+01,-4.938310168383803322e+00
8.509999999999930509e+00,1.132419457843544919e+00,-9.665766219791147584e-01,-7.874173436410691806e+01,-5.155355167357913437e+00
8.514999999999931291e+00,1.127401090768231695e+00,-1.038027462269267787e+00,-1.338564107439739281e+01,-5.327372424114804161e+00
8.519999999999932072e+00,1.121990475930885856e+00,-1.104164438857856645e+00,-2.289430004183775580e+01,-5.099062668567924561e+00
8.524999999999932854e+00,1.116549091331542121e+00,-1.090537002605331818e+00,-1.304943651106730407e+01,-4.954717640373439203e+00
8.529999999999933635e+00,1.110646702784770401e+00,-1.242323076713280905e+00,-4.061633643213048117e+01,-5.505052806214030703e+00
8.534999999999934417e+00,1.104423361193274555e+00,-1.218161704587956917e+00,4.849381507582872075e+01,-4.839428432614198528e+00
8.539999999999935199e+00,1.097932420952223653e+00,-1.328157520246687984e+00,-7.374487052198386294e+00,-5.223558658799914767e+00
8.544999999999935980e+00,1.090505848857768578e+00,-1.563561441992558310e+00,-3.487898303376567810e+01,-5.440568293232404429e+00
8.549999999999936762e+00,1.082175551531871172e+00,-1.683004421857497768e+00,8.162909667060291952e+01,-4.752863823568147517e+00
8.554999999999937543e+00,1.073328413402806936e+00,-1.820175372721795526e+00,-3.176178846797482080e+01,-4.662165726214715811e+00
8.559999999999938325e+00,1.063836543674086421e+00,-1.946103524191356904e+00,5.076850192309179555e+00,-4.468853847577016758e+00
8.564999999999939106e+00,1.053901161035320611e+00,-1.997360252423390659e+00,1.391243701562534341e+01,-3.267024339595304472e+00
8.569999999999939888e+00,1.043584822745202034e+00,-2.117261435899591593e+00,-3.263486576102592096e+01,-2.520716152083187112e+00
8.574999999999940670e+00,1.032140723130930970e+00,-2.403276662244516970e+00,-5.615915137592940454e+01,-1.961305975134157942e+00
8.579999999999941451e+00,1.020709671815186237e+00,-2.238743751264375970e+00,1.984844821520014690e+01,-1.045302495450076918e+00
8.584999999999942233e+00,1.010754576660735538e+00,-1.820863832578085262e+00,8.764402506681182103e+01,-8.655746618991384533e-01
8.589999999999943014e+00,1.004274275878136224e+00,-9.620155924647190160e-01,1.660991050722838906e+02,-5.356881442801849635e-01
8.594999999999943796e+00,1.004049452581115665e+00,5.240021290927201481e-01,2.660754667198782499e+02,-5.102426154900947530e-01
8.599999999999944578e+00,1.011668544758787647e+00,1.761981129676824853e+00,-8.538873863453585500e+01,-6.846638549626847814e-01
8.604999999999945359e+00,1.020520487118992570e+00,1.701713238334506606e+00,-4.084909136917139563e+02,-3.425865899563187433e-01
8.609999999999946141e+00,1.030045040744329343e+00,1.760197412856999932e+00,-4.321168108962277188e+02,6.191441813445264231e-01
8.614999999999946922e+00,1.039524338245526147e+00,1.850978127968907039e+00,-4.972054939910511848e+02,1.222923105504354346e+00
8.619999999999947704e+00,1.049038977926657346e+00,2.485161584337162832e+00,1.112128753241908726e+03,1.779275955189944414e+00
8.624999999999948486e+00,1.059189663315486030e+00,3.013426419190881500e+00,1.335780738401448389e+03,1.365551313672489497e+00
8.629999999999949267e+00,1.069831803927868918e+00,1.551026915258203687e+00,-6.759168907674816182e+02,4.608090511948397250e-01
8.634999999999950049e+00,1.081813462248019775e+00,2.294384591212220048e+00,-5.879011859142036656e+02,4.917537741739443913e-01
8.639999999999950830e+00,1.092782964373616883e+00,2.715223178183397756e+00,1.131838618155875793e+03,4.283406247603022132e-01
8.644999999999951612e+00,1.102388664511069205e+00,1.379545794463031161e+00,-6.636371151769436665e+02,-1.777111311307904007e-01
8.649999999999952394e+00,1.113534192286948388e+00,2.110426421988466750e+00,-6.882198338637250572e+02,-5.299686351221546410e-01
8.654999999999953175e+00,1.120511191991027999e+00,8.725082381880590043e-01,-6.858587270678799541e+02,-6.104714955007848332e-01
8.659999999999953957e+00,1.129822671479040697e+00,1.790330671804171381e+00,-6.503342728827617520e+02,-3.698579326854485316e-01
8.664999999999954738e+00,1.137465314664578120e+00,7.437629910839017588e-01,-5.782645368815943812e+02,-7.174820388656782955e-01
8.669999999999955520e+00,1.145700075255452255e+00,1.640855079092335522e+00,-6.057499511186632617e+02,-2.221001632144325999e-01
8.674999999999956302e+00,1.152804580765146358e+00,7.234616833655076462e-01,-4.982628846056883845e+02,-8.730438784390553986e-01
8.679999999999957083e+00,1.160794763097591886e+00,1.673035042857812682e+00,-4.373008547698010489e+02,-8.173640355679709923e-01
8.684999999999957865e+00,1.167559409738977649e+00,1.999888744287864117e+00,1.061390584798475857e+03,-9.250432658859081281e-01
8.689999999999958646e+00,1.173592556428311839e+00,1.214337087540344751e+00,-3.856870415209334624e+02,-1.572775135900980281e+00
8.694999999999959428e+00,1.180266125229180840e+00,1.950049373065643854e+00,1.054729676549634178e+03,-9.839172716137195573e-01
8.699999999999960210e+00,1.186262744859809315e+00,1.196238322150829037e+00,-3.725219564161505446e+02,-2.093785432648390898e+00
8.704999999999960991e+00,1.191832434467740454e+00,6.013593114687548757e-01,-4.376722753469911709e+02,-1.426022665338695372e+00
8.709999999999961773e+00,1.197646871219834930e+00,1.448373139498189577e+00,8.814202420449646525e+02,-7.070396779756957795e-01
8.714999999999962554e+00,1.202755711442175635e+00,8.319174920186858113e-01,-2.214859481243505286e+02,-2.028146446681342141e+00
8.719999999999963336e+00,1.207824377495581469e+00,1.513287089158254606e+00,8.063530890550508730e+02,-1.206680951625198173e+00
8.724999999999964118e+00,1.213039071591523355e+00,1.014991815952116294e+00,-3.351256707270568995e+02,-2.635703221085289538e+00
8.729999999999964899e+00,1.217238770833996231e+00,6.845640785028296316e-01,-2.972207257579952397e+02,-2.136150723799383311e+00
8.734999999999965681e+00,1.220806369893914667e+00,4.127860331478529488e-01,-2.607235291208515378e+02,-1.680611552995080249e+00
8.739999999999966462e+00,1.224741253755637027e+00,1.005159459648806264e+00,5.472259186669180053e+02,-1.456127204296976174e+00
8.744999999999967244e+00,1.228221007346764759e+00,7.378952156442362131e-01,-1.250947422110511980e+02,-2.518097800850468637e+00
8.749999999999968026e+00,1.231273228549262244e+00,5.772299800540280357e-01,-6.049893013587431767e+01,-2.658328404192676686e+00
8.754999999999968807e+00,1.234048118584896603e+00,4.594338012832109297e-01,-4.414658236789222201e+01,-2.739251545164703039e+00
8.759999999999969589e+00,1.237140210187032130e+00,7.356022808053366280e-01,2.689777048490272477e+02,-2.702128534838397655e+00
8.764999999999970370e+00,1.240159831362487752e+00,6.270935293289153778e-01,-2.357872613223961622e+01,-3.705561409619746893e+00
8.769999999999971152e+00,1.242841786210048705e+00,4.976029631532969955e-01,2.932813231073392046e+01,-3.298763550390009680e+00
8.774999999999971934e+00,1.244738875718269577e+00,3.414428886682091546e-01,-3.063187793459212660e+00,-1.885839514746515455e+00
8.779999999999972715e+00,1.247218693487195385e+00,4.108948980936888984e-01,-1.856222884317374451e+02,-2.033459175694368515e+00
8.784999999999973497e+00,1.249425694001235154e+00,4.838866530927646847e-01,6.889866402253270294e+00,-3.601938994751092249e+00
8.789999999999974278e+00,1.251823220379956858e+00,3.674187083799773101e-01,-1.047661233525972477e+02,-5.550370190698045825e+00
8.794999999999975060e+00,1.253190455043989404e+00,1.500242967385954640e-01,-5.976305884857222850e+01,-6.145009000014480804e+00
8.799999999999975842e+00,1.252671418309872386e+00,-2.582721345109729172e-01,-8.392506568398198397e+01,-5.591502883346720409e+00
8.804999999999976623e+00,1.249711149073133187e+00,-7.927388349283528424e-01,-9.075897821968678159e+01,-5.444921392928726789e+00
8.809999999999977405e+00,1.243787181504494743e+00,-1.418139685384125270e+00,-7.542360461176700426e+01,-5.097111038280505824e+00
8.814999999999978186e+00,1.235252869131419518e+00,-1.925892775099865339e+00,-1.113235314321815679e+02,-4.381662308238670533e+00
8.819999999999978968e+00,1.224431126533743086e+00,-2.343860003334427233e+00,-3.710312983699444800e+01,-4.432576771296657725e+00
8.824999999999979750e+00,1.211918528750448587e+00,-2.596533635080485070e+00,-1.040640220531122679e+02,-4.000530158862930286e+00
8.829999999999980531e+00,1.198153068435854784e+00,-2.819980558865815556e+00,1.334599267270625944e+01,-4.180476534187143045e+00
8.834999999999981313e+00,1.183863247563470278e+00,-2.837225608627477413e+00,6.229942758117713453e+01,-3.888200695521172534e+00
8.839999999999982094e+00,1.169584187877258818e+00,-2.810844003139405078e+00,6.430817244562548751e+01,-3.729237798985626462e+00
8.844999999999982876e+00,1.155420649679557155e+00,-2.797967711480338959e+00,6.581676848132357804e+01,-4.240490906476603428e+00
8.849999999999983658e+00,1.141502779973814663e+00,-2.745903885754326090e+00,3.661637986253562360e+01,-3.936788677866981168e+00
8.854999999999984439e+00,1.127498240232702731e+00,-2.820030149840187850e+00,3.480795127939703093e+01,-4.337065046164009452e+00
8.859999999999985221e+00,1.113450481433097439e+00,-2.769024741285951219e+00,5.948625214962233798e+01,-3.958413876225262307e+00
8.864999999999986002e+00,1.099823297629487495e+00,-2.683411988883826815e+00,-1.240013622296452844e+01,-3.720109003800169400e+00
8.869999999999986784e+00,1.086403756148793809e+00,-2.697406575511343441e+00,-1.783518391940142322e+01,-4.049989852347332331e+00
8.874999999999987566e+00,1.073241382380954567e+00,-2.629579209462253431e+00,-4.209679506285635853e+01,-3.456166613653237185e+00
8.879999999999988347e+00,1.060399859408028389e+00,-2.552184440429201562e+00,1.669947141571041627e+01,-3.441461277912853056e+00
8.884999999999989129e+00,1.047744391284469501e+00,-2.553474121997389545e+00,-5.868311185767605309e+01,-2.438821645351673340e+00
8.889999999999989910e+00,1.035179829532566043e+00,-2.541093189750592618e+00,-3.883676253793114341e+01,-1.856691315715844226e+00
8.894999999999990692e+00,1.022236142501174783e+00,-2.610907216446523904e+00,2.770999518461333366e+01,-1.191754330660841132e+00
8.899999999999991473e+00,1.008424026502246607e+00,-2.823920778647662999e+00,-2.445442503884567031e+01,-9.274076610842743040e-01
8.904999999999992255e+00,9.941302776252276541e-01,-2.860618910699487039e+00,3.026947312293119907e+01,-3.943480816539777223e-01
8.909999999999993037e+00,9.803880667672110194e-01,-2.692882249458616872e+00,-9.955005271938219380e+00,-1.743580968134885723e-01
8.914999999999993818e+00,9.685755791637830070e-01,-2.147400256096345217e+00,1.189601403246191325e+02,-7.580118425103288260e-02
8.919999999999994600e+00,9.607040397922496089e-01,-1.181741666936362511e+00,2.243435652013736501e+02,2.581612754669488918e-01
8.924999999999995381e+00,9.585805116829767547e-01,4.651259663401636352e-02,2.051106793555825334e+02,-2.296734909907468258e-01
8.929999999999996163e+00,9.644762334771349588e-01,1.850044791435914604e+00,2.946262532205859088e+02,-6.989947820241314558e-01
8.934999999999996945e+00,9.728921753881870638e-01,1.538270797715445060e+00,-4.714241413379286882e+02,-3.648107831907247967e-01
8.939999999999997726e+00,9.827044218101071982e-01,2.083422736282146470e+00,3.367062233678717575e+02,9.198350827448057432e-01
8.944999999999998508e+00,9.919976094740888817e-01,1.920828647774477371e+00,3.465660712853364203e+02,1.581232993517857732e+00
8.949999999999999289e+00,1.001256071424532879e+00,1.948246891281351534e+00,-3.383761552774555526e+01,1.740613262876780976e+00
8.955000000000000071e+00,1.011186811163133026e+00,1.839027999195982144e+00,-5.883433029915615862e+02,1.603675962310680214e+00
8.960000000000000853e+00,1.020888981003995610e+00,1.934576395125556791e+00,-7.652644838519292989e+02,1.528747690701335094e+00
8.965000000000001634e+00,1.029319902949838328e+00,2.146353210677296897e+00,1.123805397930397021e+03,2.259566597210069805e+00
8.970000000000002416e+00,1.038661790796199469e+00,2.564467886623355231e+00,1.656301744173535326e+03,2.163528083629749243e+00
8.975000000000003197e+00,1.047405868299842169e+00,2.755159934671539190e+00,1.415231719139303550e+03,1.599505593653578694e+00
8.980000000000003979e+00,1.055119281704288037e+00,6.308504675455668398e-01,-1.030746238671605170e+03,1.192607365936818375e+00
8.985000000000004761e+00,1.063286483506626467e+00,1.386127937034939306e+00,-9.414612949005189648e+02,1.523416802831552674e+00
8.990000000000005542e+00,1.070461999434910272e+00,1.375485035056333682e+00,-8.499035023315767603e+02,1.122192125658812101e+00
8.995000000000006324e+00,1.078487601063420565e+00,1.756411624078718203e+00,-8.648580252267158812e+02,8.336401842410872121e-01
9.000000000000007105e+00,1.086526766263486543e+00,2.379651300920199386e+00,1.688536469150119956e+03,1.524499741563827726e+00
9.005000000000007887e+00,1.092762307616720552e+00,4.896842553827113198e-01,-8.662317133657855948e+02,8.552620562231699752e-01
9.010000000000008669e+00,1.100619481039604164e+00,1.437254303375974374e+00,-8.147861957705977147e+02,1.185982333025589641e+00
9.015000000000009450e+00,1.107663201506373651e+00,2.209843112254818553e+00,1.613867127042129596e+03,1.424641308339926304e+00
9.020000000000010232e+00,1.113447009660610831e+00,4.070847595075681169e-01,-9.156875995064393692e+02,5.966207491463577650e-01
9.025000000000011013e+00,1.120491067756980597e+00,1.227513773220502147e+00,-8.142202337722426364e+02,1.003227522482871059e+00
9.030000000000011795e+00,1.125819045168174215e+00,1.350611183784118596e+00,8.963334181782540782e+02,1.097920117052007871e+00
9.035000000000012577e+00,1.128740819682918728e+00,1.483329574036746923e-01,-4.722459054172459787e+02,1.003461356713533981e+00
9.040000000000013358e+00,1.130804122043484350e+00,8.322163829743309815e-01,1.377565788462321279e+03,1.833717111551137036e+00
9.045000000000014140e+00,1.131487732193831475e+00,-2.743653455904254135e-01,-5.238121001982057123e+02,7.058325572588435293e-01
9.050000000000014921e+00,1.132846049694968160e+00,6.219337359215433292e-01,1.185907980798259814e+03,1.518155842275098921e+00
9.055000000000015703e+00,1.133311810363431649e+00,-2.221757610174279196e-01,-4.514549921075945917e+02,2.243361277764033546e-01
9.060000000000016485e+00,1.133285950440711121e+00,6.707019486513244866e-01,1.090762901432052786e+03,1.153056263404371284e+00
9.065000000000017266e+00,1.133124954972286158e+00,6.837689880722357116e-03,-3.848856616342160351e+02,-6.163132036700674776e-02
9.070000000000018048e+00,1.132808140030864053e+00,-4.930234394994881808e-01,-3.261843252883405739e+02,4.646336901724646418e-01
9.075000000000018829e+00,1.133645320353477093e+00,1.370683785204580007e-01,-1.324426138171426999e+02,5.940963104611421963e-01
9.080000000000019611e+00,1.134836021485172930e+00,6.634046085371105850e-01,6.914762117506270442e+02,9.271754321103567453e-02
9.085000000000020393e+00,1.136025860314249458e+00,6.461626163781348554e-03,-2.688332065772041233e+02,-8.244131311250110228e-01
9.090000000000021174e+00,1.138579765524594833e+00,5.857591421542206467e-01,-1.839441319985744485e+02,-5.125453695306603219e-01
9.095000000000021956e+00,1.142076179123383772e+00,7.699022549698808504e-01,-1.229720649200154412e+02,-5.915219397880598917e-01
9.100000000000022737e+00,1.147303134876336506e+00,1.287610955600631657e+00,2.111088926529989180e+02,-1.497900098876525643e+00
9.105000000000023519e+00,1.153825797474335557e+00,1.171926786098901330e+00,-2.426374992956047265e+02,-2.969117519706023334e+00
9.110000000000024301e+00,1.160281240791308566e+00,1.226983916621721127e+00,-6.686818495930738493e+01,-3.154020958707073330e+00
9.115000000000025082e+00,1.165404217214403459e+00,1.024738194345452325e+00,6.619431221651393571e+01,-4.876013363026092229e+00
9.120000000000025864e+00,1.169107229631758837e+00,6.677858036811665787e-01,-2.466706800544730527e+01,-5.483674668112089812e+00
9.125000000000026645e+00,1.171457803058216340e+00,3.926123003043912041e-01,-2.007563944075440077e+01,-5.493046671255972235e+00
9.130000000000027427e+00,1.172340156001117739e+00,9.064181257667322522e-02,-4.818726225378799199e+01,-5.505606462090259612e+00
9.135000000000028209e+00,1.171978546275039168e+00,-1.475966299323683562e-01,-6.357880143556869257e+01,-5.172027166499500339e+00
9.140000000000028990e+00,1.170635825011193898e+00,-3.122239002028983079e-01,-2.875864401197215869e+01,-5.182828179295452031e+00
9.145000000000029772e+00,1.168429079111350521e+00,-5.216241964433513401e-01,-1.172343386998667967e+02,-5.134429976563648523e+00
9.150000000000030553e+00,1.165682120842090219e+00,-6.153078483551571720e-01,-1.231361654285788099e+01,-5.129939035945198178e+00
9.155000000000031335e+00,1.162095252159974113e+00,-7.545936878900210143e-01,-1.469514761266182745e+01,-5.153182852933003488e+00
9.160000000000032117e+00,1.158040142997243782e+00,-8.684886218169659555e-01,-6.134350674934199787e+01,-5.204202211052885829e+00
9.165000000000032898e+00,1.153377353311223930e+00,-1.005044557753933532e+00,-7.582520048961710302e+01,-5.377908922186841245e+00
9.170000000000033680e+00,1.148334230924278776e+00,-1.024429722546780663e+00,-1.544222726983776539e+01,-5.033145516468025882e+00
9.175000000000034461e+00,1.143022015930768909e+00,-1.135330051687179154e+00,-9.163770578863430671e+01,-5.307929065640312416e+00
9.180000000000035243e+00,1.137242792089456556e+00,-1.190767659263279210e+00,-2.460260071671380544e+01,-5.368756830380442935e+00
9.185000000000036025e+00,1.131061304177546134e+00,-1.271084764730154415e+00,-2.052265776200752256e+01,-5.211340544281430454e+00
9.190000000000036806e+00,1.124411136433845826e+00,-1.407970161649089835e+00,-1.236034744715231994e+02,-5.328065020356238080e+00
9.195000000000037588e+00,1.117122697174170787e+00,-1.528198085857012112e+00,-5.058643397508129880e+01,-5.483353669126135088e+00
9.200000000000038369e+00,1.109165279431136852e+00,-1.624376125158758954e+00,1.497422230423362777e+01,-4.913788562133193594e+00
9.205000000000039151e+00,1.100682889765190131e+00,-1.730647124019489391e+00,-8.472653791997661443e+00,-5.122062802886341082e+00
9.210000000000039933e+00,1.091449144369750934e+00,-1.877393932507981589e+00,-4.230581970719197171e-01,-4.860434347526085830e+00
9.215000000000040714e+00,1.081768798682161803e+00,-1.906907523745380528e+00,7.715613615778049450e+01,-3.962063524149198379e+00
9.220000000000041496e+00,1.072124283503164355e+00,-1.938653755284547975e+00,-1.245817430907830570e+01,-3.544436571179082840e+00
9.225000000000042277e+00,1.062036456381635130e+00,-2.021703774460816838e+00,2.448193758167460388e+01,-3.157378509180932546e+00
9.230000000000043059e+00,1.050966243726898286e+00,-2.285148223736928941e+00,-6.064174708883745879e+00,-2.183676898841564018e+00
9.235000000000043840e+00,1.038414225200456453e+00,-2.642380427344998672e+00,-8.854856234735871112e+01,-1.724619639196625531e+00
9.240000000000044622e+00,1.024985243817928549e+00,-2.687032194795232254e+00,5.575222170541271005e+00,-1.205567512252676110e+00
9.245000000000045404e+00,1.013829386960620527e+00,-1.900474287784813310e+00,1.863252066939491840e+02,-2.046586497937405991e-01
9.250000000000046185e+00,1.007661340126590144e+00,-7.941378275206806281e-01,2.199336229701766570e+02,-3.117215383833886744e-01
9.255000000000046967e+00,1.008494537464982965e+00,7.629706207875822654e-01,2.717751981634426670e+02,-4.283862859524416034e-01
9.260000000000047748e+00,1.017068154953886250e+00,2.076373232864073604e+00,4.173173119653800995e+02,-6.263671654468476735e-01
9.265000000000048530e+00,1.026394695388448630e+00,2.005378858234241335e+00,3.931820528277086737e+02,1.716670700568263541e-01
9.270000000000049312e+00,1.036098797614092737e+00,2.246840970006302118e+00,6.957395285246761887e+02,1.016680341826480261e+00
9.275000000000050093e+00,1.046959466796079097e+00,2.614546827066921431e+00,9.796717944040317434e+02,1.370300498880943074e+00
9.280000000000050875e+00,1.055926032329261410e+00,1.262055082084384550e+00,-6.261939802582573975e+02,1.051470663807015704e+00
9.285000000000051656e+00,1.066835951289312634e+00,2.107739118171358061e+00,-6.647350253303737873e+02,1.333213868435520366e+00
9.290000000000052438e+00,1.077198499782162866e+00,2.787372226718170420e+00,1.432036402493823743e+03,1.549560213869275227e+00
9.295000000000053220e+00,1.086560893361436353e+00,1.238523078457452575e+00,-7.869332581205578663e+02,6.240893985252629061e-01
9.300000000000054001e+00,1.097588366484355094e+00,2.057480751552699161e+00,-7.693122352193631741e+02,2.304348708942647317e-01
9.305000000000054783e+00,1.107769565556294467e+00,2.657510169249484466e+00,1.281560342822202756e+03,1.599872447568101430e-01
9.310000000000055564e+00,1.116922481502881537e+00,1.260928183926266044e+00,-7.325094377509740298e+02,-6.358709891090923438e-01
9.315000000000056346e+00,1.125871929805295046e+00,2.159666178144903803e+00,1.410515841918579099e+03,6.802513603405423437e-01
9.320000000000057128e+00,1.132844737823846648e+00,8.965572397538520422e-01,-6.851436271152231257e+02,-4.900582037494201071e-01
9.325000000000057909e+00,1.142332440109244507e+00,1.855569586334493204e+00,-6.458805675612092045e+02,-3.531683172894752865e-01
9.330000000000058691e+00,1.148355346325725002e+00,7.621926595234804758e-01,-6.367997604695603968e+02,-6.956341598782940228e-01
9.335000000000059472e+00,1.157295929082492680e+00,1.768707337042149774e+00,-5.890498581678122036e+02,-3.947172906576226215e-01
9.340000000000060254e+00,1.163311884764343551e+00,7.901843910529577908e-01,-6.102787060356150732e+02,-9.887844470006856845e-01
9.345000000000061036e+00,1.170590604858996242e+00,1.791781893635166600e+00,1.170839411019640465e+03,2.451747879199745461e-01
9.350000000000061817e+00,1.177054140276720728e+00,9.904699371869376545e-01,-4.414271598323284707e+02,-1.411790167772769555e+00
9.355000000000062599e+00,1.182451264275206082e+00,1.718711592597826687e+00,1.191207124895969855e+03,-2.264004853170912823e-01
9.360000000000063380e+00,1.188759651160641528e+00,9.305493708484880999e-01,-5.054255638631235570e+02,-1.530209748816083515e+00
9.365000000000064162e+00,1.194739932333271692e+00,1.813891364520428873e+00,1.011730755562655304e+03,-7.174640342494903456e-01
9.370000000000064944e+00,1.200396530637887649e+00,1.167156515185441279e+00,-3.363411829592506592e+02,-2.181109073376125806e+00
9.375000000000065725e+00,1.204619088403256377e+00,6.659622420426269951e-01,-2.894841980172837452e+02,-1.392666043698649325e+00
9.380000000000066507e+00,1.210296839784805067e+00,1.387325816455600602e+00,7.663378594519523404e+02,-6.901112611319912826e-01
9.385000000000067288e+00,1.214716344136697046e+00,8.196085454751608212e-01,-3.687381500985430307e+02,-2.109289738740848463e+00
9.390000000000068070e+00,1.217783081708760928e+00,4.348437778141457932e-01,-2.874167583923504594e+02,-1.639299832117722122e+00
9.395000000000068852e+00,1.220038409908171806e+00,1.988239387898368127e-01,-1.942932287059477119e+02,-1.503250018671970167e+00
9.400000000000069633e+00,1.222857665085344436e+00,8.260302409295430248e-01,5.947632834511357487e+02,-9.244526514713916621e-01
9.405000000000070415e+00,1.225485231334242142e+00,5.647037771703762310e-01,-1.335607168436152108e+02,-2.512244738850327952e+00
9.410000000000071196e+00,1.227571418409426851e+00,3.819744045006000510e-01,-9.477853189030156500e+01,-2.650617422110831178e+00
9.415000000000071978e+00,1.230162331633999573e+00,6.522767374562000731e-01,2.844600528102379826e+02,-2.287026970042252305e+00
9.420000000000072760e+00,1.233209050214091773e+00,6.205973123019848936e-01,-9.523116745891170964e+00,-2.681498979723228704e+00
9.425000000000073541e+00,1.235692441289132137e+00,4.218254660714532700e-01,-1.334818615757571365e+02,-2.336429027051914797e+00
9.430000000000074323e+00,1.238866828153539323e+00,5.609004276243874099e-01,-1.482179598772175666e+02,-1.544403839345592333e+00
9.435000000000075104e+00,1.241647641159978832e+00,5.678205424258138123e-01,-6.314636685325658050e+01,-3.340030821437260933e+00
9.440000000000075886e+00,1.244490786562212570e+00,4.538142284842955343e-01,-4.262143581135355674e+01,-5.168990144664624253e+00
9.445000000000076668e+00,1.245970657046621355e+00,4.563459827481625153e-02,-2.360132774829410778e+02,-6.101242192251152829e+00
9.450000000000077449e+00,1.245500203454746435e+00,-2.800543198130196476e-01,-1.248765826300082864e+02,-6.031799565659622608e+00
9.455000000000078231e+00,1.242804835555919585e+00,-7.244489657359013401e-01,-1.157278603128126946e+02,-5.402582005517214903e+00
9.460000000000079012e+00,1.237802414710618581e+00,-1.260154386050651443e+00,-2.417673141581942673e+02,-5.286602796590869069e+00
9.465000000000079794e+00,1.230765765722991345e+00,-1.557904983768570117e+00,-1.071072866814093771e+02,-4.705984268429283190e+00
9.470000000000080576e+00,1.221953665144431156e+00,-1.854104792441090277e+00,-3.792889405641402334e+01,-4.594670411252799624e+00
9.475000000000081357e+00,1.211694159497531009e+00,-2.151987143941521463e+00,-1.562889310136319310e+01,-4.660416105569082923e+00
9.480000000000082139e+00,1.200482628932608709e+00,-2.315679844079768124e+00,-3.043675507096253341e+01,-4.287549965145657893e+00
9.485000000000082920e+00,1.188495659468991716e+00,-2.473809329184757377e+00,2.053022178083356852e+00,-4.584523531993051293e+00
9.490000000000083702e+00,1.176008147945806659e+00,-2.482702328250966151e+00,3.615588817572006519e+01,-4.297922640784821446e+00
9.495000000000084484e+00,1.163506033443906018e+00,-2.474105085584742181e+00,3.608024795565933829e+01,-4.143133861666857598e+00
9.500000000000085265e+00,1.150933609104318522e+00,-2.526070016420667752e+00,1.458924544221633113e+01,-4.632919362212324366e+00
9.505000000000086047e+00,1.138195354269867066e+00,-2.532848672371872834e+00,3.294297837621213176e+01,-4.263566054899465385e+00
9.510000000000086828e+00,1.125130260069818755e+00,-2.679136506961757647e+00,-4.586959361035782479e+01,-4.523487870630281904e+00
9.515000000000087610e+00,1.111718898738651706e+00,-2.702473609502271668e+00,-1.946655909082863900e+01,-4.111193835537306995e+00
9.520000000000088392e+00,1.098369584161068113e+00,-2.641093123663456055e+00,5.668746014303917669e+00,-3.833723711593248318e+00
9.525000000000089173e+00,1.085105432369889877e+00,-2.620484452531587571e+00,2.535047658640384327e+01,-3.790009048271993919e+00
9.530000000000089955e+00,1.072070772001938010e+00,-2.596019400600817484e+00,-2.257187780757565321e+01,-3.233179714180466124e+00
9.535000000000090736e+00,1.059518487501248440e+00,-2.457191690277642060e+00,3.844156525988830708e+01,-2.823477778210472522e+00
9.540000000000091518e+00,1.046983627732295696e+00,-2.510844519883285386e+00,2.277778103491482131e+00,-2.227559680508828688e+00
9.545000000000092300e+00,1.033788238133756421e+00,-2.692392857540323536e+00,-1.000919126437461237e+01,-2.024433764442045813e+00
9.550000000000093081e+00,1.019355958097049042e+00,-2.998200891340121910e+00,-7.627765520577489156e+01,-1.200451984552870499e+00
9.555000000000093863e+00,1.003793302026779521e+00,-3.258689642330049097e+00,-1.173570651787901227e+02,-8.511405005402321589e-01
9.560000000000094644e+00,9.880587800387656827e-01,-3.080540874246413541e+00,4.780933184938520952e+01,-2.762213610132406849e-01
9.565000000000095426e+00,9.736154601987576651e-01,-2.757108797431838010e+00,5.926537256730730974e+01,-5.453234791743755139e-03
9.570000000000096207e+00,9.618564257050071786e-01,-2.101031633868895909e+00,1.132963635858682778e+02,6.402018815755150527e-02
9.575000000000096989e+00,9.549357880980530178e-01,-9.233959712857705560e-01,2.354874270602530828e+02,2.332209783630857514e-01
9.580000000000097771e+00,9.550102621943339365e-01,6.095372361859617838e-01,2.829784617418756056e+02,-1.722011464285864435e-01
9.585000000000098552e+00,9.630106465756521628e-01,1.905504254786151819e+00,3.734911683265831925e+02,-3.782790146533558939e-01
9.590000000000099334e+00,9.720003765881166657e-01,1.696788058697656254e+00,-4.641084602662653538e+02,3.127519815992336749e-01
9.595000000000100115e+00,9.816441160735758231e-01,1.678997516940384127e+00,-6.288635988074358920e+02,1.330125785329207888e+00
9.600000000000100897e+00,9.918049927855893122e-01,1.762404032156423828e+00,-6.543469265035752187e+02,1.821540324368515096e+00
9.605000000000101679e+00,1.001547789763069352e+00,1.647401710205207204e+00,-7.651917949964396257e+02,1.848662011232235836e+00
9.610000000000102460e+00,1.011793784130283758e+00,1.744059837999056173e+00,-8.413081652208827563e+02,1.968004283270094579e+00
9.615000000000103242e+00,1.020594543826103928e+00,1.759074638040189154e+00,-9.959600549782787766e+02,1.878201889960760429e+00
9.620000000000104023e+00,1.030307493673271013e+00,2.068959631362898843e+00,-8.708105824100927066e+02,1.682142014048664480e+00
9.625000000000104805e+00,1.039196108099595284e+00,2.488903777948596741e+00,1.668587808042778533e+03,2.476951845029937260e+00
9.630000000000105587e+00,1.047698241407791553e+00,2.839532450367891148e+00,1.652371300525237530e+03,2.058110381838188729e+00
9.635000000000106368e+00,1.055332446598955309e+00,6.572678987513526083e-01,-9.804608905503431515e+02,1.463040580989007466e+00
9.640000000000107150e+00,1.063536427539857776e+00,1.455176782339135277e+00,-8.879710759532587190e+02,1.776905027456365804e+00
9.645000000000107931e+00,1.072099490141531497e+00,1.933313281088523183e+00,-8.304383826864893763e+02,1.067914233852291561e+00
9.650000000000108713e+00,1.080738650783210408e+00,2.458349048933656800e+00,1.592439596145663472e+03,1.703531288220999862e+00
9.655000000000109495e+00,1.087369981745100356e+00,5.766814826546082795e-01,-8.790556484387162755e+02,1.144351428698585416e+00
9.660000000000110276e+00,1.095462655246735917e+00,1.496122254913416549e+00,-7.949799843350563151e+02,1.417244942629037219e+00
9.665000000000111058e+00,1.102672137239629535e+00,2.286187679977695897e+00,1.714516755739664859e+03,1.728986540304876751e+00
9.670000000000111839e+00,1.108923327056029029e+00,5.504809541798310057e-01,-8.796115515847648112e+02,7.910311447995888035e-01
9.675000000000112621e+00,1.117230428386104535e+00,1.550216484092847846e+00,-7.858622087186439558e+02,1.104216115829053102e+00
9.680000000000113403e+00,1.124534976067717684e+00,2.078612368668085075e+00,1.343986109577523621e+03,1.182151275094411425e+00
9.685000000000114184e+00,1.128061282218704608e+00,1.796631893009753844e-01,-7.648160407580757010e+02,7.094396514111666052e-01
9.690000000000114966e+00,1.133721499713679526e+00,1.084098096255930566e+00,-6.323878022159211696e+02,1.092175512059733844e+00
9.695000000000115747e+00,1.135299317260563212e+00,-1.353003713448298617e-01,-5.855545860839431498e+02,9.800026832741742799e-01
9.700000000000116529e+00,1.137251192790287524e+00,7.739638856345814055e-01,1.402373750564370312e+03,1.867783406711375882e+00
9.705000000000117311e+00,1.137924651507824958e+00,-2.747999764047701077e-01,-5.862022268547975727e+02,5.582670789171668702e-01
9.710000000000118092e+00,1.139408333568864062e+00,6.618860449850241245e-01,1.209971531838350984e+03,1.347358979951438718e+00
9.715000000000118874e+00,1.138750684284241643e+00,-1.240274896185239450e-01,-4.404494277059191063e+02,3.826474838199450668e-01
9.720000000000119655e+00,1.138856087126876915e+00,2.909517512549103513e-01,5.976577767003331019e+02,1.016295793632942202e+00
9.725000000000120437e+00,1.138960141878623933e+00,-2.064493513203617681e-01,-3.238580090275877978e+02,3.115812250154241791e-01
9.730000000000121219e+00,1.140390400321296349e+00,2.349599772970735467e-01,-2.831211584376983410e+02,2.131306150206278560e-01
9.735000000000122000e+00,1.142022197050783339e+00,7.703191353512993667e-01,7.716150371884943979e+02,1.104149193767839203e-02
9.740000000000122782e+00,1.144322036191543157e+00,6.078813653046556409e-01,1.624496160735307342e+02,-4.579294163442892973e-01
9.745000000000123563e+00,1.147965627984484982e+00,8.621614761266500615e-01,-7.021230296584580799e+01,-3.570658484504580787e-01
9.750000000000124345e+00,1.153572861016957551e+00,1.388600348989081468e+00,2.784217475045026617e+02,-1.563240132643419322e+00
9.755000000000125127e+00,1.159094185658487763e+00,1.080711162272366632e+00,4.732420447922198292e+01,-2.665033510795677074e+00
9.760000000000125908e+00,1.164541655997764158e+00,1.020536842492217655e+00,3.832857868218324171e+01,-3.808372191993072864e+00
9.765000000000126690e+00,1.168773487993174820e+00,7.770791664006503341e-01,1.493654579449455255e+01,-5.591335084932239852e+00
9.770000000000127471e+00,1.171391435505764189e+00,3.741958036581613523e-01,-1.302461292495842997e+02,-5.883205476715176019e+00
9.775000000000128253e+00,1.172537261216366034e+00,1.111532766931145888e-01,-2.542529966099912286e+01,-5.894521789842099402e+00
9.780000000000129035e+00,1.172199424461133344e+00,-2.375811576456448027e-01,-1.263148044336686553e+02,-5.778189179712986068e+00
9.785000000000129816e+00,1.170583152514939940e+00,-4.062807724522326525e-01,-1.737774178302569084e+01,-5.686421275783459350e+00
9.790000000000130598e+00,1.168166363982918732e+00,-5.066225108703802382e-01,2.502480603045259500e+01,-5.211604925400230570e+00
9.795000000000131379e+00,1.165237389327255402e+00,-6.169731255479273813e-01,2.749841899644854237e+01,-5.384214520164952056e+00
9.800000000000132161e+00,1.161635991737613338e+00,-7.730658377397368053e-01,-1.523453873154230465e+01,-5.568323548909265952e+00
9.805000000000132943e+00,1.157260989723148503e+00,-9.402355692482029514e-01,-3.075877222424565005e+01,-5.638718489611821205e+00
9.810000000000133724e+00,1.152244672085534383e+00,-1.026851622937761555e+00,3.802493492752666526e+01,-5.212813435719565902e+00
9.815000000000134506e+00,1.146666679140485812e+00,-1.224544158647024039e+00,-1.388651978272408769e+02,-5.531300572341122823e+00
9.820000000000135287e+00,1.140192977230169324e+00,-1.365255573698534119e+00,-4.936051048763697224e+01,-5.608774001268918674e+00
9.825000000000136069e+00,1.132947957188484400e+00,-1.501665538755387885e+00,-8.022096371831008987e-01,-5.162221959690154627e+00
9.830000000000136851e+00,1.125007009478145248e+00,-1.641126746294727212e+00,-2.097173581028221179e+01,-5.396225292737968360e+00
9.835000000000137632e+00,1.116149475648747114e+00,-1.817869086162316350e+00,1.265681390739997880e+01,-5.152414327017330820e+00
9.840000000000138414e+00,1.106530909450232247e+00,-1.941876485496867533e+00,3.307508551683419995e+01,-4.692037850075589489e+00
9.845000000000139195e+00,1.096481594252428859e+00,-2.104488862165553531e+00,-1.208235997341965628e+02,-4.568756214521418002e+00
9.850000000000139977e+00,1.085923561427821538e+00,-2.132943344728631452e+00,-1.479043225982546339e+01,-4.164891567157783747e+00
9.855000000000140759e+00,1.075070548743562782e+00,-2.184428628584618615e+00,4.842310352997985845e+00,-2.849059874133531789e+00
9.860000000000141540e+00,1.063764582619446619e+00,-2.341079293442738241e+00,-8.406036660461764143e+01,-2.346086033757899258e+00
9.865000000000142322e+00,1.051325262727253573e+00,-2.605574563449398084e+00,-8.006759025822086073e+01,-1.679354786328194571e+00
9.870000000000143103e+00,1.038601454840330174e+00,-2.520314605552505416e+00,4.559059798988163692e+01,-8.886625131952419210e-01
9.875000000000143885e+00,1.027208604642434686e+00,-2.118229127808332279e+00,8.709011148937068469e+01,-4.692157183329122017e-01
9.880000000000144667e+00,1.018726677219238264e+00,-1.426103919510743445e+00,1.421282503906422221e+02,-5.350450238341971643e-01
9.885000000000145448e+00,1.015198928908748632e+00,-2.004196729932237742e-01,2.723874675144787147e+02,-2.867692778350481309e-01
9.890000000000146230e+00,1.018621777656455452e+00,1.265723056649305844e+00,2.952821829792085282e+02,-8.282812674157852273e-01
9.895000000000147011e+00,1.027043156893268083e+00,1.820827885006372382e+00,3.943168993465892527e+02,-6.800944154256168828e-01
9.900000000000147793e+00,1.035860452722616065e+00,1.678892555668892950e+00,-3.948662337492627330e+02,-3.115831866721787691e-01
9.905000000000148574e+00,1.044839587344613019e+00,1.797104680650850606e+00,-4.981123558062398047e+02,4.125513207175617314e-01
9.910000000000149356e+00,1.053747242945629603e+00,1.983662931197676116e+00,4.685777474386570702e+02,1.211150180878739935e+00
9.915000000000150138e+00,1.063332691227941496e+00,2.412887652477684775e+00,1.065866853153855345e+03,1.208374281599915889e+00
9.920000000000150919e+00,1.072818270147801067e+00,2.708954287583417386e+00,1.121916466870885870e+03,9.133276740308554631e-01
9.925000000000151701e+00,1.082165701925265955e+00,1.307901888991246375e+00,-6.492651272054268929e+02,6.327960580061443574e-01
9.930000000000152482e+00,1.093126276701398947e+00,2.095612095296678579e+00,-6.292412620595246153e+02,6.273824266590375398e-01
9.935000000000153264e+00,1.103484642846101371e+00,2.753666919846014416e+00,1.402255911439441661e+03,6.817956734594387003e-01
9.940000000000154046e+00,1.112966142140585424e+00,1.311171304473321753e+00,-6.983242582790759343e+02,-3.997005576597543186e-01
9.945000000000154827e+00,1.122916849614459700e+00,1.763339411680939106e+00,-3.262465947788123231e+02,-2.529928504439715731e-02
9.950000000000155609e+00,1.132186002153881210e+00,2.547270935451296126e+00,1.329794893377925746e+03,-5.304761440349747836e-02
9.955000000000156390e+00,1.140892999976075961e+00,1.277932410584977863e+00,-5.371281746019884622e+02,-1.060335341741609927e+00
9.960000000000157172e+00,1.147928473783748737e+00,2.152637587419730991e+00,1.343355898187129696e+03,-4.489666630510319445e-02
9.965000000000157954e+00,1.155313776920436908e+00,1.029576272906055356e+00,-5.651999287777179006e+02,-1.140352504686761526e+00
9.970000000000158735e+00,1.163207507199156554e+00,1.964000942873216582e+00,1.314074685640487814e+03,-3.838536292802752214e-02
9.975000000000159517e+00,1.170109132645768657e+00,9.685532449642710873e-01,-5.962257656962153760e+02,-1.335911682271367251e+00
9.980000000000160298e+00,1.177738028431186690e+00,1.860297472315833422e+00,1.156247254478737659e+03,-3.064903773446155943e-01
9.985000000000161080e+00,1.184590966662500078e+00,1.069999701264333636e+00,-4.323067864954417132e+02,-1.682474531770996373e+00
9.990000000000161862e+00,1.190898557421724346e+00,1.930345681223196941e+00,1.122183415241647253e+03,-7.586149491525882027e-01
9.995000000000162643e+00,1.196773907167633100e+00,1.127560994792436544e+00,-4.839176239321193975e+02,-2.200739560353556890e+00
1.000000000000016342e+01,1.202191400673550570e+00,6.396503766915052624e-01,-3.309895695863073115e+02,-1.357945411224609433e+00
