5.000000000000000104e-03,-1.234220860634708693e-04,3.537689367187143996e-02,4.379110783460608047e+01,-1.992616942142899195e+00
1.000000000000000021e-02,4.434158389426467312e-03,1.425581506148156929e+00,2.419835980072355142e+02,1.878107737609398864e+00
1.499999999999999944e-02,1.225407971430399375e-02,1.649687868305921734e+00,3.986310078332160600e+01,-1.131852903574914748e+00
2.000000000000000042e-02,2.013362624129731715e-02,1.516806729831661649e+00,-3.326473537298931404e+01,-1.270501341284390406e+00
2.500000000000000139e-02,2.592847002870797210e-02,9.236681331242008186e-01,-1.157104331136667952e+02,-5.548302198824046627e-01
3.000000000000000236e-02,2.881066857899155023e-02,3.744175471824955914e-01,-9.162713817564483065e+01,1.975745026172398111e+00
3.500000000000000333e-02,2.972377424951603425e-02,9.103084359043885077e-02,-3.574779694828793453e+01,2.169436504027483892e+00
4.000000000000000083e-02,3.097740595142409181e-02,3.607561582701800384e-01,5.574105708763334377e+01,2.510161668578263949e+00
4.499999999999999833e-02,3.389122604150730106e-02,7.193689875520961063e-01,6.518274144508055201e+01,2.187390839329127701e+00
4.999999999999999584e-02,3.843353382341837404e-02,1.020918889821854636e+00,5.258993141980712238e+01,1.703496301835714988e+00
5.499999999999999334e-02,4.431514063674592274e-02,1.267925097497861087e+00,4.257049199832924558e+01,1.382842002353795507e+00
5.999999999999999084e-02,5.126821160342224376e-02,1.462347180601459851e+00,3.312561622449426579e+01,1.087427859814466657e+00
6.499999999999998834e-02,5.904103253118923866e-02,1.606740503970263578e+00,2.354546317871761119e+01,7.557137611540587496e-01
6.999999999999999278e-02,6.740603193666767912e-02,1.707355933721542263e+00,1.451151789812190351e+01,4.084014966241086286e-01
7.499999999999999722e-02,7.616425621890700326e-02,1.770375595053745643e+00,6.457362610306903505e+00,9.262953849785593441e-02
8.000000000000000167e-02,8.513795134024948474e-02,1.799362494192536133e+00,-7.959291212858200515e-01,-1.745995745231351259e-01
8.500000000000000611e-02,9.415934182802351837e-02,1.795527437914081981e+00,-7.570977632323578455e+00,-3.948295117563151990e-01
9.000000000000001055e-02,1.030677074683439831e-01,1.760469394157422318e+00,-1.376054172960658839e+01,-5.690201034919417644e-01
9.500000000000001499e-02,1.117128682602701456e-01,1.696553995057341613e+00,-1.925766855534581978e+01,-7.028344707717875117e-01
1.000000000000000194e-01,1.199595563477955651e-01,1.607051894330989938e+00,-2.395043771017529721e+01,-8.011012819317259170e-01
1.050000000000000239e-01,1.276888162005316296e-01,1.495150652420364601e+00,-2.789361862849522566e+01,-8.696289649267889832e-01
1.100000000000000283e-01,1.348000989779669923e-01,1.364806900603996231e+00,-3.096544405474015349e+01,-9.104689911044703265e-01
1.150000000000000328e-01,1.412134324636843408e-01,1.220227260014223880e+00,-3.312595617585643737e+01,-9.260049076932445056e-01
1.200000000000000372e-01,1.468683953990252700e-01,1.065105218376960261e+00,-3.448957187312557693e+01,-9.223768681974265915e-01
1.250000000000000278e-01,1.517262895695191960e-01,9.040868529389642916e-01,-3.494258086256039775e+01,-9.036125857335602918e-01
1.300000000000000322e-01,1.557694256439459135e-01,7.410766424708923328e-01,-3.463328275698017933e+01,-8.718501669615603689e-01
1.350000000000000366e-01,1.589962468364081172e-01,5.788937837001190134e-01,-3.375395827598767795e+01,-8.305981649879202733e-01
1.400000000000000411e-01,1.614189293470658648e-01,4.202351417885119012e-01,-3.233053688441947315e+01,-7.801916282400667146e-01
1.450000000000000455e-01,1.630626334178295056e-01,2.676067456926503607e-01,-3.041454645192884954e+01,-7.215124564448401889e-01
1.500000000000000500e-01,1.639653278716222962e-01,1.235441818000832942e-01,-2.803499309877394907e+01,-6.559341059201614366e-01
1.550000000000000544e-01,1.643741597955303002e-01,-2.622054086274075435e-01,-2.112446146081651364e+02,-5.596105506663405782e-01
1.600000000000000588e-01,1.606307047416902778e-01,-9.424147117648212779e-01,-1.294828429311023115e+02,-1.449617004744450766e+00
1.650000000000000633e-01,1.565439442591715913e-01,-7.181348675415202276e-01,1.530179189001070768e+02,-9.513452176612262612e-01
1.700000000000000677e-01,1.529198244288432207e-01,-7.534772994354934639e-01,-1.288802123677085945e+02,-1.284153694901872811e+00
1.750000000000000722e-01,1.493550337360728952e-01,-6.311764028779744962e-01,3.504310551531708597e+02,-1.182759324118321853e+00
1.800000000000000766e-01,1.497345903652970434e-01,3.735166029558670275e-01,7.950932697256280335e+01,-2.863617852090613258e+00
1.850000000000000810e-01,1.532280805325036965e-01,8.378075816730778946e-01,3.082729696823317056e+01,-3.151955727364324389e+00
1.900000000000000855e-01,1.570401076253853390e-01,6.393459668316366917e-01,-1.196653108187935430e+02,-3.710626402804130919e+00
1.950000000000000899e-01,1.600828164223002670e-01,6.500937413822812649e-01,2.244593695068136583e+02,-3.655778066722792818e+00
2.000000000000000944e-01,1.612409700542818403e-01,-5.900251486921168076e-02,-3.583509901877877724e+02,-3.676865419159249360e+00
2.050000000000000988e-01,1.605007857954906247e-01,-1.536420084750547976e-01,2.757986015980540060e+02,-3.440850254047259860e+00
2.100000000000001033e-01,1.569320743758445269e-01,-1.069660064706549729e+00,-4.359563500202849582e+02,-3.519473088085311119e+00
2.150000000000001077e-01,1.507128704923989815e-01,-1.321577849670859450e+00,2.393417128031205436e+02,-3.212989495604207768e+00
2.200000000000001121e-01,1.414953285536559580e-01,-2.147641030957618824e+00,-4.017798039646974075e+02,-3.147025484877329138e+00
2.250000000000001166e-01,1.301030767612329775e-01,-2.341944104861627629e+00,2.402011754686453173e+02,-2.845762291062444049e+00
2.300000000000001210e-01,1.158426529802033950e-01,-3.111695052534827255e+00,-3.781452721949635816e+02,-2.778631897473063717e+00
2.350000000000001255e-01,9.987265966998223887e-02,-3.218303610132226211e+00,2.641943803564461177e+02,-2.448955317128043596e+00
2.400000000000001299e-01,8.117936075712092747e-02,-3.951073063437295918e+00,-3.030960380071429654e+02,-2.287410830358131086e+00
2.450000000000001343e-01,6.151026920883646831e-02,-3.966463536259373424e+00,1.971869769978029012e+02,-1.931181090399513689e+00
2.500000000000001110e-01,4.033890231202610227e-02,-4.351190002631213360e+00,-2.871325972113106104e+02,-1.731440153556521366e+00
2.550000000000001155e-01,1.905557621127633786e-02,-4.229316557062214876e+00,1.790970416192753305e+02,-1.255423079495630478e+00
2.600000000000001199e-01,-1.518075045070375623e-03,-3.845334577024482225e+00,3.150081624422507502e+02,-9.085595959108072606e-01
2.650000000000001243e-01,-2.113149365893332923e-02,-3.838375697789112362e+00,-7.034445855210751120e+01,-8.183691712050997769e-01
2.700000000000001288e-01,-3.842668710328919768e-02,-3.283737578567423654e+00,5.654309079107844127e+01,-4.952088075805782807e-01
2.750000000000001332e-01,-5.323942766260519183e-02,-2.748644604767689348e+00,1.239489914962532850e+02,4.651781617634354049e-03
2.800000000000001377e-01,-6.534597874360917324e-02,-2.228634350776870221e+00,2.475777020133221384e+01,3.297056682490566715e-01
2.850000000000001421e-01,-6.531648463531521120e-02,3.974425112539153176e-02,1.168466559562934748e+02,-1.153803900493644841e-01
2.900000000000001465e-01,-6.434885754562298665e-02,2.181995938495615850e-01,-9.732608306775475171e+01,-6.799345496168229808e-02
2.950000000000001510e-01,-6.168716510217372995e-02,7.931686843650899155e-01,3.486529904461316391e+02,1.868671514527921740e-01
3.000000000000001554e-01,-5.904505910895056081e-02,6.815267038989597514e-01,3.082492765097060214e+02,4.822335227243890743e-01
3.050000000000001599e-01,-5.709305291532805471e-02,6.189258036636194893e-01,5.863072595844787429e+02,1.114036886234369916e+00
3.100000000000001643e-01,-5.582599895013332786e-02,5.722819161540900756e-01,5.539437765632637820e+02,1.439515729989990112e+00
3.150000000000001688e-01,-5.343522678550839677e-02,5.190903838368410295e-01,6.639514443209624233e+02,1.722216596581983783e+00
3.200000000000001732e-01,-5.148888786919677413e-02,4.120001234377450583e-01,8.166294943548830361e+02,2.127638929760159225e+00
3.250000000000001776e-01,-4.930942781775958517e-02,5.516526528008455221e-01,2.816673709876922658e+02,2.041561253041918711e+00
3.300000000000001821e-01,-4.704162288943989495e-02,1.089132202244070535e-01,-7.428377628090514690e+02,1.761818047037286172e+00
3.350000000000001865e-01,-4.516496662713501836e-02,6.735485670640314337e-01,7.700554066229963155e+02,2.495750723133953741e+00
3.400000000000001910e-01,-4.387846556608084037e-02,-2.176611973103161901e-01,-1.022886275262565277e+03,2.166298022279336433e+00
3.450000000000001954e-01,-4.275121390643244618e-02,5.371609802744515827e-01,8.246569485313141286e+02,2.715116550154526021e+00
3.500000000000001998e-01,-4.308491863793759147e-02,-5.433444745122488762e-01,-1.000794441071543702e+03,2.394156610835068477e+00
3.550000000000002043e-01,-4.312027551253536095e-02,3.718711485655256110e-01,9.501164209155325580e+02,3.122054834662375988e+00
3.600000000000002087e-01,-4.518479597932124198e-02,-7.280211903680869900e-01,-8.611436398803784869e+02,2.720867019777185813e+00
3.650000000000002132e-01,-4.645085342018705904e-02,1.007619927420045775e-01,1.127242991855325954e+03,3.654607514388923839e+00
3.700000000000002176e-01,-4.892378846233794154e-02,-8.411125195768226481e-01,-1.006647582377878280e+03,3.002685458799366103e+00
3.750000000000002220e-01,-5.010741883605935448e-02,1.916746080471288527e-01,1.113489287048897040e+03,3.746132838292412615e+00
3.800000000000002265e-01,-5.212856572526965854e-02,-8.199636696748093811e-01,-1.071333789616992135e+03,2.924528244902403706e+00
3.850000000000002309e-01,-5.276984293995527070e-02,3.763228662089673771e-01,1.123760569796005029e+03,3.314511092673163350e+00
3.900000000000002354e-01,-5.412080884345232129e-02,-6.045556401741585262e-01,-8.952727223140449269e+02,2.341901996535606045e+00
3.950000000000002398e-01,-5.449298078706028836e-02,2.943387245280007503e-01,1.014062011920700456e+03,2.729290897245088665e+00
4.000000000000002442e-01,-5.597277765250125575e-02,-6.224255860195209156e-01,-8.525404901984650223e+02,2.013404966235976090e+00
4.050000000000002487e-01,-5.683402737947478023e-02,1.427639227269398847e-01,8.899178453539573184e+02,2.464145576590598630e+00
4.100000000000002531e-01,-5.878286255518972575e-02,-7.874636162335458822e-01,-9.067950432439034785e+02,1.933537102762974413e+00
4.150000000000002576e-01,-6.013411941606317673e-02,7.007919945367629966e-02,8.322350483462762440e+02,2.386392721993465305e+00
4.200000000000002620e-01,-6.284073520819587200e-02,-7.905621271059127819e-01,-6.646946301108043826e+02,2.062670514622198858e+00
4.250000000000002665e-01,-6.490981566191578178e-02,-1.643784641117963519e-01,8.389259574736921650e+02,2.555025462295525518e+00
4.300000000000002709e-01,-6.814378147048943957e-02,-9.049367913630078641e-01,-6.825737299163495209e+02,2.249197160698621190e+00
4.350000000000002753e-01,-7.116735012099444091e-02,-3.930851430468016994e-01,7.396619541491247674e+02,2.830379138011698714e+00
4.400000000000002798e-01,-7.488042870684925856e-02,-1.239951534685676870e+00,-1.043942690414690333e+03,2.488185932495275754e+00
4.450000000000002842e-01,-7.835093258618316958e-02,-3.497979199385393145e-01,6.979028500586666723e+02,3.110604704637702778e+00
4.500000000000002887e-01,-8.312334720763024654e-02,-1.293542564997403499e+00,-7.312992509998603055e+02,3.036495025367265121e+00
4.550000000000002931e-01,-8.661489819428408454e-02,-3.487477370826124190e-01,7.520684983070284488e+02,3.474603054008168712e+00
4.600000000000002975e-01,-9.209010784306422004e-02,-1.024070483825512801e+00,1.368043230453411354e+02,3.683822672949363497e+00
4.650000000000003020e-01,-9.754274999083903386e-02,-1.476724468518719080e+00,-6.710615838932842507e+02,3.798551998289920739e+00
4.700000000000003064e-01,-1.022890384660063989e-01,-9.668246552168198171e-01,-2.108172352433291792e+02,4.014748702700704719e+00
4.750000000000003109e-01,-1.065598753673937110e-01,-7.810295107403846249e-01,1.782152118993484180e+02,4.140882892913531066e+00
4.800000000000003153e-01,-1.113327623603613120e-01,-8.465385513962172537e-01,8.456440659924624015e+01,4.201522788906214778e+00
4.850000000000003197e-01,-1.162044742092165767e-01,-6.420032635622924255e-01,2.246182456692413894e+02,3.904079288975069062e+00
4.900000000000003242e-01,-1.213048420969651819e-01,-7.101733298295620500e-01,3.117304922708468098e+02,3.985997401928009332e+00
4.950000000000003286e-01,-1.254017536488382101e-01,-1.130208169061324375e+00,-4.780994795467924519e+02,3.545346438165198677e+00
5.000000000000003331e-01,-1.289437839058882873e-01,-7.115439920190581580e-01,-2.704744524144347793e+02,3.529194997404301315e+00
5.050000000000003375e-01,-1.322957618281257186e-01,-6.404702382903577629e-01,8.263522792678193696e+01,3.678313562716918561e+00
5.100000000000003419e-01,-1.363191057923496818e-01,-1.293553576134074179e+00,-6.915923469308461335e+02,3.532941429523471566e+00
5.150000000000003464e-01,-1.396593206234897078e-01,-3.765341996162014371e-01,4.751917560333113784e+02,3.835528230335990774e+00
5.200000000000003508e-01,-1.436289117654178660e-01,-7.300831775271909851e-01,3.508907853746395489e+01,3.893805024925439451e+00
5.250000000000003553e-01,-1.472610212003593599e-01,-5.627652718047987390e-01,1.848215495574961551e+02,3.814849966333089704e+00
5.300000000000003597e-01,-1.510419082299399862e-01,-1.027475800982850185e+00,-4.862409489258448616e+02,4.002317505775150330e+00
5.350000000000003642e-01,-1.550093238722776989e-01,-7.523998240591671660e-01,4.683884227095128949e+02,4.493880354134675237e+00
5.400000000000003686e-01,-1.585175979543659019e-01,-7.511678567644808346e-01,-1.536951114053323977e+02,4.434414013949654176e+00
5.450000000000003730e-01,-1.617571271239960917e-01,-5.914583154936741138e-01,2.246311013205921938e+02,4.387016093570403008e+00
5.500000000000003775e-01,-1.654339123409234724e-01,-6.856650057334959802e-01,6.572482878174215060e+00,4.853906940462572983e+00
5.550000000000003819e-01,-1.691517012432420808e-01,-6.825781678999911506e-01,-3.361981908276773368e+01,4.989319871315907484e+00
5.600000000000003864e-01,-1.721486740635647938e-01,-4.588529025152185969e-01,2.254523530450298097e+02,5.361294778004681127e+00
5.650000000000003908e-01,-1.766351558913943076e-01,-7.898866502570286441e-01,2.168789310584180896e+02,5.648112647902198802e+00
5.700000000000003952e-01,-1.789412520365456227e-01,-2.622907772174464247e-01,2.599739050988227405e+02,5.489349480374643875e+00
5.750000000000003997e-01,-1.823874852795993040e-01,-6.906485725033205680e-01,-2.632624234611125758e+01,5.232161812287509761e+00
5.800000000000004041e-01,-1.846030986256706197e-01,-3.419815778111466864e-01,1.504952945807687001e+02,5.710933468596970819e+00
5.850000000000004086e-01,-1.884027474438802474e-01,-9.862528317461559668e-01,-9.054084131746167259e+02,4.997857207227789367e+00
5.900000000000004130e-01,-1.907313510151074643e-01,-1.106391839804471283e-01,4.574750560231397571e+02,5.490444155039579499e+00
5.950000000000004174e-01,-1.924912257813740923e-01,-9.185976994659755812e-01,-1.312086492048862056e+03,4.042166544917320969e+00
6.000000000000004219e-01,-1.930413676175229409e-01,1.170473029285730611e-02,4.825303429252702472e+02,4.538504550710459107e+00
6.050000000000004263e-01,-1.936103945000215709e-01,-2.455103391571516469e-01,-4.130007715119609202e+02,3.366212506511264468e+00
6.100000000000004308e-01,-1.933844819257712622e-01,5.467560316693106937e-02,3.644169259696479912e+02,4.111494237396123630e+00
6.150000000000004352e-01,-1.927371161645662634e-01,6.391576276880293062e-01,4.651289815460797286e+02,3.308968663386874898e+00
6.200000000000004396e-01,-1.938039820784661915e-01,-2.383267336152711247e-01,4.152067358065959866e+02,4.035756628109938404e+00
6.250000000000004441e-01,-1.941766719299702626e-01,-3.800606973998717913e-02,1.310306565373907688e+02,3.520489317652540251e+00
6.300000000000004485e-01,-1.949791666089026598e-01,-6.594485127143389080e-01,-6.379820353770857082e+02,3.497402312842457395e+00
6.350000000000004530e-01,-1.958220817250005963e-01,-1.228039687655223394e-01,2.475208688012041591e+01,3.546903948513455251e+00
6.400000000000004574e-01,-1.949741384908355579e-01,2.443144785329558755e-01,1.678807992329270178e+02,3.013193505923108972e+00
6.450000000000004619e-01,-1.932316306364905700e-01,4.300587852000335443e-01,-7.791185704370985832e+01,1.347322032899104016e+00
6.500000000000004663e-01,-1.911693626568491122e-01,2.603992902735041137e-01,-8.325021346871393746e+01,2.481300566345978620e-02
6.550000000000004707e-01,-1.910579504363776049e-01,-1.582142304259616938e-01,4.180067233636841451e+01,-3.093922784913466506e-01
6.600000000000004752e-01,-1.927264507094737234e-01,-3.012018329163733688e-01,1.167884885197327236e+02,1.450843004586092722e+00
6.650000000000004796e-01,-1.948032382520261119e-01,-8.189813190689556599e-01,-5.143834083991562238e+02,3.269454573573428835e+00
6.700000000000004841e-01,-1.952970475311429366e-01,3.573542475534701723e-01,2.115321950177085739e+02,3.279595323358647896e+00
6.750000000000004885e-01,-1.900600238002430054e-01,1.396245416671495265e+00,1.822336074601674625e+02,2.603709200868659313e+00
6.800000000000004929e-01,-1.811397441637723205e-01,2.064994801703993410e+00,1.977697230187128241e+02,2.193497845574077232e+00
6.850000000000004974e-01,-1.696886584184529589e-01,2.435821761743400149e+00,4.594614491280049151e+01,2.075900335213270775e+00
6.900000000000005018e-01,-1.573797061342765702e-01,2.478448259725171354e+00,5.108119097305831247e+01,2.021342269515311152e+00
6.950000000000005063e-01,-1.451987440337852431e-01,2.415344565426698509e+00,5.442455556975148312e+01,1.828463957351347702e+00
7.000000000000005107e-01,-1.344429222408053681e-01,2.107816750615091106e+00,2.184700222195806774e+01,1.970302935224979013e+00
7.050000000000005151e-01,-1.255551184751360350e-01,1.736883788747253909e+00,2.457337108229233635e+01,1.800864527044889307e+00
7.100000000000005196e-01,-1.173026402528358908e-01,2.136896423904341535e+00,1.797761119589559939e+02,1.242862685909249088e+00
7.150000000000005240e-01,-1.086087378236383627e-01,1.640896382244772855e+00,-4.481372390611679180e+01,1.439935717340174115e+00
7.200000000000005285e-01,-9.943990429336978243e-02,2.212957215090075813e+00,1.932512073949567366e+02,7.608886280997426699e-01
7.250000000000005329e-01,-9.053661891809994255e-02,1.755558400921304774e+00,6.249859006208602352e+01,6.807631678672465547e-01
7.300000000000005373e-01,-8.151449589250153727e-02,2.123450561553344773e+00,1.967155242256804968e+02,5.870865136795780925e-01
7.350000000000005418e-01,-7.304689389219927442e-02,1.767650473548811219e+00,2.317204918175175976e+02,5.072428714514941595e-01
7.400000000000005462e-01,-6.483649110405188820e-02,1.657841798090392782e+00,-8.506937331060734664e+01,3.834460491595192977e-03
7.450000000000005507e-01,-5.746519128770721102e-02,1.552138547227453591e+00,-2.746630173389085599e+02,-4.986119600595476653e-01
7.500000000000005551e-01,-4.996983285557724669e-02,1.618591808904064289e+00,1.025693835791893491e+02,-1.115270696978129639e+00
7.550000000000005596e-01,-4.269113548584168444e-02,1.584171135179150092e+00,1.181546385989209114e+02,-1.513765577607532720e+00
7.600000000000005640e-01,-3.557836306866914156e-02,1.508851353501904358e+00,9.404923276544145949e+01,-1.649694609486992425e+00
7.650000000000005684e-01,-2.893239382726177020e-02,1.386150573802552133e+00,6.499064681353428341e+01,-1.555664745656329728e+00
7.700000000000005729e-01,-2.291960844247600826e-02,1.071018414914415740e+00,-1.847050689703366686e+02,-1.272874803996177917e+00
7.750000000000005773e-01,-1.642924022934112369e-02,1.237626166678637007e+00,-1.447545615917805435e+02,-8.251659001533536708e-01
7.800000000000005818e-01,-9.141668480871287597e-03,1.392939542570324374e+00,-1.490931599934792189e+02,-5.565607902718576749e-01
7.850000000000005862e-01,-1.180592835127768862e-03,1.514040010502134992e+00,-1.500480791982391224e+02,-4.807135144032952390e-01
7.900000000000005906e-01,7.120503081380816397e-03,1.612958709312488637e+00,-1.772416921747028482e+02,-5.079077271253803483e-01
7.950000000000005951e-01,1.570622888797290964e-02,1.660252510227597345e+00,-1.661289043796313365e+02,-6.011237679235001963e-01
8.000000000000005995e-01,2.420307502224542523e-02,1.739167628281696576e+00,1.325727303029849793e+02,-6.033870111448162987e-01
8.050000000000006040e-01,3.259756389579375468e-02,1.682172998413648646e+00,1.315351819041828207e+02,-7.853820567227932647e-01
8.100000000000006084e-01,4.053426497056199229e-02,1.547558936030256183e+00,1.223486258868495895e+02,-9.333250579871612551e-01
8.150000000000006128e-01,4.780587499671445917e-02,1.403971506707737849e+00,9.416429657568777145e+01,-1.236038032891138672e+00
8.200000000000006173e-01,5.430221964534082818e-02,1.273431567355573835e+00,1.268925517533095473e+02,-1.366791135989092076e+00
8.250000000000006217e-01,5.992571708557085236e-02,1.072528726629275564e+00,1.081007416033154271e+02,-1.527050075278638896e+00
8.300000000000006262e-01,6.434281878662577447e-02,7.995982855987711080e-01,8.230793406705463156e+01,-1.591344436562529552e+00
8.350000000000006306e-01,6.709854634526207784e-02,4.949825249486232703e-01,7.752089605686651907e+01,-1.787908644210007836e+00
8.400000000000006350e-01,6.847143028964353118e-02,2.391676385094154422e-01,8.722655459538268019e+01,-1.813244960946521100e+00
8.450000000000006395e-01,6.823871493468634808e-02,-1.441848090043110382e-02,5.819353169551950344e+01,-1.745561661006162169e+00
8.500000000000006439e-01,6.687520033194006841e-02,-2.420272123765688788e-01,7.027376767936002011e+01,-1.755494563084981863e+00
8.550000000000006484e-01,6.439502026995289063e-02,-4.369109214105674210e-01,8.537714552906957977e+01,-1.630800002952820016e+00
8.600000000000006528e-01,6.102416877653611682e-02,-7.621109137673411915e-01,-1.295428283990931106e+02,-1.574818461881799303e+00
8.650000000000006573e-01,5.802656818190237570e-02,-6.213153834375586548e-01,-9.548752007936272435e+01,-1.096418075492183952e+00
8.700000000000006617e-01,5.578230683041090349e-02,-4.166811734985056970e-01,1.495532082650868411e+01,-7.037441042884635678e-01
8.750000000000006661e-01,5.447963357693635239e-02,-2.054709529384935729e-01,1.209810171211279872e+01,-1.443229433298007236e-01
8.800000000000006706e-01,5.439595811393659747e-02,1.360842253097752919e-01,1.348544655209895495e+02,7.953926348670560253e-01
8.850000000000006750e-01,5.655131372560994601e-02,6.191653112964445871e-01,1.895969609823060864e+02,6.790523099417793418e-01
8.900000000000006795e-01,5.907459035950513720e-02,1.727456701578199971e-01,-6.235222084938704938e+02,1.173250166299040664e+00
8.950000000000006839e-01,6.093447270615233446e-02,5.650954056064531050e-01,1.181984040882944782e+03,2.602163869349961356e+00
9.000000000000006883e-01,6.070235169126741298e-02,-4.403828952720287293e-01,-8.727473925073284136e+02,2.220039153596000236e+00
9.050000000000006928e-01,6.068517714089217974e-02,4.004859634222087128e-01,1.294922904080179251e+03,3.785864427530984067e+00
9.100000000000006972e-01,5.805008760025200110e-02,-9.100559537960786205e-01,-1.023413442161542548e+03,3.521388004834859586e+00
9.150000000000007017e-01,5.687420844412783422e-02,3.176439844521614098e-01,1.283184666651025509e+03,4.651342545087216784e+00
9.200000000000007061e-01,5.358228435528178402e-02,-1.238864645782816298e+00,-1.323265591092664863e+03,4.044112465974892601e+00
9.250000000000007105e-01,5.194266538412454365e-02,2.941918302420430953e-01,1.311623705603377175e+03,4.779194926376622021e+00
9.300000000000007150e-01,4.865139844124820312e-02,-1.243545515600920970e+00,-1.378345252946209484e+03,3.758784101226034569e+00
9.350000000000007194e-01,4.706895720664457800e-02,2.936327626642570854e-01,1.308039073246356566e+03,4.539492298341535559e+00
9.400000000000007239e-01,4.389170948267199363e-02,-1.218715830480416207e+00,-1.378648918501711250e+03,3.728244721041192644e+00
9.450000000000007283e-01,4.251318105130131447e-02,3.647834804420625465e-01,1.360567613134907560e+03,4.361941676532156364e+00
9.500000000000007327e-01,3.930585292752292875e-02,-1.185188836823798386e+00,-1.333087563271292765e+03,3.569107439941145543e+00
9.550000000000007372e-01,3.815928750559857002e-02,4.246003941825777783e-01,1.387009607105716441e+03,4.333971976609761967e+00
9.600000000000007416e-01,3.491632596418696444e-02,-1.146717588321787495e+00,-1.263133866662213677e+03,3.515009285556592200e+00
9.650000000000007461e-01,3.401387185299385024e-02,4.884912757378632731e-01,1.412236988912646211e+03,4.353889814979395645e+00
9.700000000000007505e-01,3.077439625363704440e-02,-1.089519798133819384e+00,-1.195711362412194603e+03,3.575366409654782363e+00
9.750000000000007550e-01,3.006960411925033855e-02,5.106935274191943819e-01,1.408569762520161476e+03,4.288139186299764205e+00
9.800000000000007594e-01,2.681049958871255939e-02,-1.026455945269179715e+00,-1.118823148165635530e+03,3.661126817306664893e+00
9.850000000000007638e-01,2.624315569508719678e-02,4.954944130293220117e-01,1.403242729277328635e+03,4.350064599609996030e+00
9.900000000000007683e-01,2.292304654514907419e-02,-9.554355581015804288e-01,-1.020339834913675759e+03,3.747122551141610192e+00
9.950000000000007727e-01,2.235686693807450998e-02,4.094908903096221575e-01,1.386782160583692530e+03,4.452520375319771517e+00
1.000000000000000666e+00,1.899638654076481886e-02,-8.672929706878982348e-01,-8.935162755376690029e+02,3.902692087806961307e+00
1.005000000000000560e+00,1.817090105962636606e-02,2.038375945718118865e-01,1.361725141821587158e+03,4.625440759695895743e+00
1.010000000000000453e+00,1.494106446663818859e-02,-7.049326148846837281e-01,-6.760784397513816657e+02,4.043595845300788305e+00
1.015000000000000346e+00,1.352249258425819445e-02,-1.431487658948606689e-01,1.178510914720337496e+03,4.775932829501282839e+00
1.020000000000000240e+00,1.143880177622898751e-02,-7.245633986019491823e-01,-1.107119526943787605e+03,4.014100938581711020e+00
1.025000000000000133e+00,9.372149524923897509e-03,-1.633591765243505300e-01,5.626169029285657643e+02,4.747608482208177882e+00
1.030000000000000027e+00,7.247069401391176453e-03,-1.572292561827385970e+00,-1.812103433052842547e+03,4.078266250281364691e+00
1.034999999999999920e+00,5.375458478327180441e-03,-1.906842921496904875e-01,2.751154927677973774e+02,4.731219662530494752e+00
1.039999999999999813e+00,2.308436015414732506e-03,-5.315807580052077652e-01,5.053671380158403963e+02,4.897791620596628981e+00
1.044999999999999707e+00,-5.207035604905880426e-04,-7.035818026431762684e-01,-2.787945630151305636e+02,4.486940496534607803e+00
1.049999999999999600e+00,-3.149091505430491860e-03,-4.522111558987137458e-01,2.935263375845849865e+01,4.934598371554423046e+00
1.054999999999999494e+00,-4.673232426867002937e-03,-5.838459022761257611e-01,5.866243767948328696e+02,5.070147323384381011e+00
1.059999999999999387e+00,-7.601400362223473782e-03,-5.473169381603637529e-01,-1.047711251221904831e+02,4.772480188808903456e+00
1.064999999999999281e+00,-9.202696958205155639e-03,-6.139996874317655839e-01,-2.963409368261177406e+02,4.576630194775808569e+00
1.069999999999999174e+00,-1.181441104288027955e-02,-6.787244905765703606e-01,1.132081987317200031e+02,4.735877471051911591e+00
1.074999999999999067e+00,-1.364152602026194767e-02,4.024701293221794596e-01,9.593408183438559718e+02,4.888602081673203870e+00
1.079999999999998961e+00,-1.646811421776431597e-02,-4.804485185119642954e-01,1.029547787194508999e+02,4.539815306633434133e+00
1.084999999999998854e+00,-1.978616157068463152e-02,-6.523082471125885018e-01,2.154284005353568432e+02,4.647142792209523421e+00
1.089999999999998748e+00,-2.290622425231632342e-02,-1.552428732026117419e+00,-1.238544231955593432e+03,4.186569980158121318e+00
1.094999999999998641e+00,-2.539852139389569413e-02,-3.765986658155391353e-01,2.457232604134249812e+02,4.166774677302695018e+00
1.099999999999998535e+00,-2.773057162302598397e-02,-6.335823105769627928e-01,-9.622738320030987325e+02,3.375398902053202033e+00
1.104999999999998428e+00,-3.076714952228141661e-02,-7.045380974365809124e-01,-2.362797778836627174e+02,3.961828594217843058e+00
1.109999999999998321e+00,-3.366026325824891113e-02,-5.215965609512374090e-01,4.093765082853836645e+01,4.022979172278294158e+00
1.114999999999998215e+00,-3.630026620990911557e-02,-5.712141619145060245e-01,8.555660204729701945e+01,3.882821391585654425e+00
1.119999999999998108e+00,-3.891582915466865189e-02,-7.515708269294858468e-01,-3.718118036667714250e+02,3.740326754403278109e+00
1.124999999999998002e+00,-4.126317293986667134e-02,-3.110857368695572056e-01,2.681496156447515204e+02,4.009553124890672393e+00
1.129999999999997895e+00,-4.446933050432157197e-02,-7.054147252674520807e-01,-1.110276296436152847e+02,3.785245663440331754e+00
1.134999999999997788e+00,-4.698654279490794422e-02,-4.219600928878762258e-01,7.777951980690369282e+01,3.787080721585479814e+00
1.139999999999997682e+00,-4.955998538359457362e-02,-3.529198971806083440e-01,1.864604582266804869e+02,3.960895069046340922e+00
1.144999999999997575e+00,-5.296101826379055744e-02,-6.853942926170755179e-01,2.842894241048741719e+02,3.957324541347096769e+00
1.149999999999997469e+00,-5.574177445456468538e-02,-7.717317963814745996e-01,-3.958316910252527236e+02,3.739995484798896985e+00
1.154999999999997362e+00,-5.817401215156005334e-02,-2.720330427982450838e-01,3.364985019322289190e+02,4.045440159450139461e+00
1.159999999999997256e+00,-6.169503641039697506e-02,-7.754419490632288303e-01,-2.097294728020460042e+01,3.995630263722484532e+00
1.164999999999997149e+00,-6.453675017473523012e-02,-5.692909658205543844e-01,-6.923536287664283861e+01,3.852287893353462334e+00
1.169999999999997042e+00,-6.714645692957511847e-02,-2.729686590051743633e-01,2.953672280941333383e+02,4.179369617477848742e+00
1.174999999999996936e+00,-7.077298852699580312e-02,-7.289694353843786390e-01,3.024144462770419182e+02,4.142559565826514856e+00
1.179999999999996829e+00,-7.379623479404347208e-02,-8.418741609525666192e-01,-4.626724529998916751e+02,3.974569369754334502e+00
1.184999999999996723e+00,-7.639928137061438584e-02,-2.185200361563693072e-01,4.491532459370258152e+02,4.271742376571634026e+00
1.189999999999996616e+00,-8.068901334994069141e-02,-9.083532733598191911e-01,2.945027751926706117e+01,4.402041559070345222e+00
1.194999999999996509e+00,-8.398281741024300751e-02,-3.134553543691739330e-01,4.205106638496039864e+02,3.193359390270518627e+00
1.199999999999996403e+00,-8.770281793150788707e-02,-6.106298349338754594e-01,2.101571467187414441e+02,2.590303245272448596e+00
1.204999999999996296e+00,-9.270286096005894705e-02,-1.246411505846915624e+00,-6.301476624668816839e+02,1.249463594190083127e+00
1.209999999999996190e+00,-9.740026573576304747e-02,-1.011788965116945160e+00,-5.809742982596879983e+02,3.956233736203662033e-01
1.214999999999996083e+00,-1.021225369023162632e-01,-9.092743132820040319e-01,2.386247104638615113e+01,7.750177782017697581e-02
1.219999999999995977e+00,-1.066949018629114315e-01,-7.935773661928318123e-01,1.172554573021431708e+02,-3.091469697341159284e-02
1.224999999999995870e+00,-1.119596694593838343e-01,-9.673271274237728035e-01,3.034420100473638513e+02,3.991603468889851625e-01
1.229999999999995763e+00,-1.170713381944987613e-01,-1.089655307690172048e+00,-8.790585558350947792e+01,7.728419507566686164e-01
1.234999999999995657e+00,-1.227301785808100204e-01,-9.612746727485584897e-01,-3.447162285418668404e+01,9.063416670454331747e-01
1.239999999999995550e+00,-1.266057038409906521e-01,-6.389598308153837669e-01,1.035776042177635219e+02,3.427110073548799707e-01
1.244999999999995444e+00,-1.291977549825365501e-01,-4.509525021966181435e-01,-8.085413440959726472e+01,-2.586252765394153608e-02
1.249999999999995337e+00,-1.298176293079874588e-01,1.033540187481454264e-01,2.290929626643279562e+02,2.703441864001498995e-01
1.254999999999995230e+00,-1.276222879163396162e-01,6.577608569624245893e-01,9.640096037336980395e-01,2.179260505714073481e-01
1.259999999999995124e+00,-1.218002808218072858e-01,1.462589315344639873e+00,2.377604031453506934e+02,6.187107098406959826e-01
1.264999999999995017e+00,-1.134105797837277330e-01,1.783809378073820007e+00,-6.662300480860821494e+01,3.896316836615163481e-01
1.269999999999994911e+00,-1.026147966600062522e-01,2.341459025543454864e+00,1.922740003922428969e+02,6.652488639020024408e-01
1.274999999999994804e+00,-9.075096728304725413e-02,2.354499565681914763e+00,-1.467705684060182705e+02,3.496075892555268183e-01
1.279999999999994698e+00,-7.801312650111613678e-02,2.648274767108683481e+00,1.984696221951591326e+02,6.125141044916249111e-01
1.284999999999994591e+00,-6.567235972519998299e-02,2.334724602440175101e+00,-1.977524923973491582e+02,3.534534220548932737e-01
1.289999999999994484e+00,-5.386263969592453710e-02,2.349903634557879428e+00,1.052571380069336868e+02,6.244445713865169889e-01
1.294999999999994378e+00,-4.363534569219384984e-02,1.825510265778538033e+00,-2.648532553189434680e+02,3.470082983781279662e-01
1.299999999999994271e+00,-3.476275544440714238e-02,1.727264866200008075e+00,1.417006048662168496e+02,6.773187787350186673e-01
1.304999999999994165e+00,-2.812262234830833346e-02,1.081055335558756880e+00,-2.975845993609528932e+02,4.444202641441787893e-01
1.309999999999994058e+00,-2.312808957904886886e-02,9.011979466564827845e-01,1.157104849995329658e+02,8.650497397574398173e-01
1.314999999999993952e+00,-2.002174936056201268e-02,8.771526145707787547e-01,5.283462720979368896e+02,7.506960862415417157e-01
1.319999999999993845e+00,-1.610942002819409566e-02,7.148550304551362089e-01,-2.147177784202844748e+02,6.797551777089629876e-01
1.324999999999993738e+00,-1.178477753313708805e-02,8.223118672493614500e-01,-3.772931294531238677e+01,3.959879573531246422e-01
1.329999999999993632e+00,-7.053448038379236777e-03,1.001966814339502188e+00,-2.054971861704497371e+01,6.740951171582466595e-01
1.334999999999993525e+00,-2.093618250352074790e-03,1.110464243936797102e+00,2.060938404244314199e+02,4.611765856319365864e-01
1.339999999999993419e+00,3.143691132641195009e-03,1.014691948284442979e+00,-1.634624831671414427e+02,5.100540078819286727e-01
1.344999999999993312e+00,8.752843729854261831e-03,1.083850307165544091e+00,-6.130418773950856348e+01,1.805121581611534021e-01
1.349999999999993205e+00,1.440450596617590638e-02,1.090958210380212234e+00,-1.209694033357385905e+02,4.763933582480640583e-01
1.354999999999993099e+00,2.088758042608350809e-02,1.336693527209063204e+00,6.216256142869983137e+01,1.424706340732492249e-01
1.359999999999992992e+00,2.740056696095961516e-02,1.256435740222231923e+00,-7.021680815482018545e+01,1.510239907357310285e-01
1.364999999999992886e+00,3.435292255006661827e-02,1.349837303256025578e+00,-2.027386677564639967e+02,-6.015236899544962323e-02
1.369999999999992779e+00,4.199968014854311982e-02,1.623954225596208722e+00,2.501492722295613191e+02,1.226757700596268208e-01
1.374999999999992673e+00,4.950986542350273995e-02,1.469728178425941945e+00,-2.108099493930233166e+02,-3.092525213979299137e-01
1.379999999999992566e+00,5.845716621932379314e-02,1.827909624441375058e+00,-2.191806707807714361e+01,-1.736817424885459538e-01
1.384999999999992459e+00,6.760552827115973162e-02,1.868272671616451275e+00,2.197896979935686446e+01,-3.864665621266896167e-01
1.389999999999992353e+00,7.755457017601186109e-02,2.223088647296551201e+00,2.931228996785797563e+02,-5.646004406524273156e-01
1.394999999999992246e+00,8.732234523883533606e-02,1.886259536072030452e+00,-2.113319507108212179e+02,-8.906875655554749027e-01
1.399999999999992140e+00,9.781795950319893684e-02,2.192745135393924905e+00,2.171514676031601994e+02,-7.341861668786725525e-01
1.404999999999992033e+00,1.084727502136491328e-01,2.133719121514908945e+00,1.141366271782616693e+01,-1.051629080637966007e+00
1.409999999999991926e+00,1.182411701740318927e-01,1.829021796714680903e+00,-7.981918779438910860e+01,-1.494736084741635773e+00
1.414999999999991820e+00,1.274516789771874270e-01,1.628693674070951669e+00,-3.386198441143160380e+02,-1.809395621939561050e+00
1.419999999999991713e+00,1.354076414079667112e-01,1.588622116401776196e+00,2.336744467004029104e+02,-1.756110283346341561e+00
1.424999999999991607e+00,1.422589018379590009e-01,1.248339187624712299e+00,-9.094113508386413969e+01,-1.867195106423721551e+00
1.429999999999991500e+00,1.472819960119154670e-01,8.849154927324847097e-01,-4.737492729523731327e+01,-1.720089705835481819e+00
1.434999999999991394e+00,1.513831297902974160e-01,5.622994953782174399e-01,-3.520710642158817905e+02,-1.665066648465007404e+00
1.439999999999991287e+00,1.544650339406093420e-01,6.986854353087708080e-01,2.588104036331713473e+02,-1.278025033100658403e+00
1.444999999999991180e+00,1.572153234057650228e-01,5.052194743477127492e-01,-8.704998228305083074e+00,-1.228388500512558323e+00
1.449999999999991074e+00,1.596702342390058371e-01,6.749164124313637991e-01,2.141127022920618970e+02,-1.235623681370392690e+00
1.454999999999990967e+00,1.613365783052268798e-01,1.558290134755154210e-01,-2.469063262363845013e+02,-1.314631201660035442e+00
1.459999999999990861e+00,1.630587233038158779e-01,3.791584362863051338e-01,1.265046381814539558e+02,-1.336481888470396839e+00
1.464999999999990754e+00,1.642998663823379835e-01,2.342681120961407348e-01,-5.171940528237472989e+01,-1.408689884080351895e+00
1.469999999999990647e+00,1.653877888861920165e-01,1.551616801680901492e-01,-8.208950503628595641e+01,-1.581897995676716739e+00
1.474999999999990541e+00,1.663829047734005639e-01,2.682761931454553661e-01,1.249124348710952432e+02,-1.316928865524627179e+00
1.479999999999990434e+00,1.673413887839987346e-01,1.296027803334721673e-01,-1.037278754409037305e+02,-1.423720243156113563e+00
1.484999999999990328e+00,1.686060071711696640e-01,2.326725322178981314e-01,-1.852817543734459349e+01,-1.403128382949969888e+00
1.489999999999990221e+00,1.695229111097528718e-01,1.448953257288772833e-01,-1.258673608694730106e+01,-1.764936386349833075e+00
1.494999999999990115e+00,1.698089453797647363e-01,-2.343926580542519955e-02,-1.541782293660691892e+02,-1.752470283703101428e+00
1.499999999999990008e+00,1.695033419434306410e-01,-9.337141759992403922e-02,9.787622569319502919e-01,-1.858822086707874854e+00
1.504999999999989901e+00,1.687978737021464670e-01,-1.273895559491287077e-01,6.779496437561591904e+01,-1.783384597469936272e+00
1.509999999999989795e+00,1.671866122559772794e-01,-4.375341699254592931e-01,-1.501299749369299548e+02,-2.249899895942057526e+00
1.514999999999989688e+00,1.650572761378015785e-01,-4.383015558196670103e-01,7.410568771809465716e+00,-2.000328849934545516e+00
1.519999999999989582e+00,1.624821296941070525e-01,-5.099966787731085027e-01,1.141697715373045554e+02,-2.019030266489709735e+00
1.524999999999989475e+00,1.593055591610192390e-01,-5.923231567420530475e-01,6.240484669023047815e+01,-2.067040920180030827e+00
1.529999999999989369e+00,1.553141046147333837e-01,-9.179209350757565611e-01,-1.497230215466952359e+02,-2.403457016061524953e+00
1.534999999999989262e+00,1.509518152323285622e-01,-8.802664767218217889e-01,-3.159606478263701490e+01,-2.082600687929239136e+00
1.539999999999989155e+00,1.465493304863636770e-01,-7.953813346122375894e-01,1.685999517009228157e+02,-1.984633048004662115e+00
1.544999999999989049e+00,1.419694316430043235e-01,-8.564178011286014414e-01,6.760499356288883632e+01,-2.040762000816058297e+00
1.549999999999988942e+00,1.369462453440246086e-01,-1.075137187566715724e+00,-1.029710525205219369e+02,-2.270392192938993414e+00
1.554999999999988836e+00,1.319137404408975145e-01,-1.017380792430343739e+00,-4.616580277227804174e+01,-1.970285073040928703e+00
1.559999999999988729e+00,1.270934691818747519e-01,-8.711092008892536986e-01,1.325477490320272977e+02,-1.823979473365805237e+00
1.564999999999988622e+00,1.226427732976947405e-01,-8.325081761306500905e-01,3.887014772690791631e+01,-1.824735141333425847e+00
1.569999999999988516e+00,1.185190904346751506e-01,-8.117283839643008037e-01,-8.984447786286246185e+00,-1.824637007849108539e+00
1.574999999999988409e+00,1.145746330392409251e-01,-8.132514673146360451e-01,-9.348695023488434686e+01,-1.903482933196229965e+00
1.579999999999988303e+00,1.106821444121548342e-01,-6.953209211583941673e-01,1.720980324122345735e+02,-1.722563996362660221e+00
1.584999999999988196e+00,1.067863993718010662e-01,-7.573469351182136045e-01,2.174880339959771547e+01,-1.727639851281470129e+00
1.589999999999988090e+00,1.028745086358024419e-01,-7.923770677991039957e-01,-1.475475969623086847e+01,-1.701316144544849251e+00
1.594999999999987983e+00,9.907466650147701837e-02,-7.780752689371269737e-01,-8.595184952262007982e+01,-1.749177323274030638e+00
1.599999999999987876e+00,9.537660181223284184e-02,-6.675866885599704981e-01,1.454400654111126983e+02,-1.558294247058728654e+00
1.604999999999987770e+00,9.166215784307474301e-02,-7.284302053986043690e-01,-1.687945478253324438e+01,-1.549730104885415738e+00
1.609999999999987663e+00,8.820344049945670617e-02,-6.658384594472458451e-01,2.770887537884167884e+01,-1.441539230086504197e+00
1.614999999999987557e+00,8.486063979307094385e-02,-6.858481297503772334e-01,-7.184741923855764867e+01,-1.499275822769918554e+00
1.619999999999987450e+00,8.167287836249609301e-02,-5.797326286040983545e-01,1.044750142454456920e+02,-1.311979692550042875e+00
1.624999999999987343e+00,7.849131919788586431e-02,-6.575841440334821986e-01,-6.216446773442582696e+01,-1.270126707748191253e+00
1.629999999999987237e+00,7.579929757381034805e-02,-4.839900442603427000e-01,2.981147302794969534e+01,-1.166746574492712352e+00
1.634999999999987130e+00,7.338819817589270489e-02,-4.957186471706606090e-01,-6.751808235076477160e+01,-1.150724851190691345e+00
1.639999999999987024e+00,7.173264002861834410e-02,-3.307963171373929923e-01,4.376557504918510944e+01,-9.873997440342082710e-01
1.644999999999986917e+00,6.995563654008200849e-02,-3.889962178051780128e-01,-6.865730417473545799e+01,-7.617632638977349657e-01
1.649999999999986811e+00,6.902957150847792434e-02,-5.964641632210058303e-02,9.185252472509964150e+01,-3.988860187656970702e-01
1.654999999999986704e+00,6.906814210492048800e-02,8.127829399786683229e-02,-1.410730388541793978e+01,-1.025939115576345317e-01
1.659999999999986597e+00,7.080177306788902614e-02,4.467548780514148943e-01,-1.069951891681066769e+01,2.955004607033973052e-01
1.664999999999986491e+00,7.416537214813892498e-02,7.756573593675376577e-01,1.948095524141053261e+02,3.649038593782149009e-01
1.669999999999986384e+00,7.693446282511376411e-02,4.123011205039106009e-01,-3.852882191758981207e+02,5.058897353499516303e-01
1.674999999999986278e+00,8.062545679342150717e-02,1.078700707956145255e+00,8.159686419333254435e+02,1.487290946834819216e+00
1.679999999999986171e+00,8.231877364651273010e-02,4.969868917487772764e-02,-7.674066172943795436e+02,1.350342812252979252e+00
1.684999999999986064e+00,8.502977230713294754e-02,9.069302498742346508e-01,8.966528997194072872e+02,2.106485098876419659e+00
1.689999999999985958e+00,8.610875853109224709e-02,-1.824481897222902660e-01,-9.363124499820064557e+02,1.533667084289816351e+00
1.694999999999985851e+00,8.827275022878572353e-02,8.488768836033937504e-01,9.375459204326858753e+02,2.560754159654363704e+00
1.699999999999985745e+00,8.911319656628445551e-02,-2.915307586937049833e-01,-1.050578671540287587e+03,2.021038302116667129e+00
1.704999999999985638e+00,9.091771028278985978e-02,8.012788534523833661e-01,9.820723757133112031e+02,2.871999698036119764e+00
1.709999999999985532e+00,9.145826150359184781e-02,-3.609278993251006096e-01,-1.093493464844709706e+03,2.282123987876258031e+00
1.714999999999985425e+00,9.308707079316755340e-02,7.833375263990354220e-01,1.043024894855914681e+03,3.143530615603760570e+00
1.719999999999985318e+00,9.328846095234950841e-02,-4.506440780194179707e-01,-1.143330530290994375e+03,2.476874619840394587e+00
1.724999999999985212e+00,9.469613852361165318e-02,7.753878492662510391e-01,1.118552309869758119e+03,3.477848038337669312e+00
1.729999999999985105e+00,9.455785639505941143e-02,-5.555618452742777658e-01,-1.226191317479062945e+03,2.675031712330070643e+00
1.734999999999984999e+00,9.567974626293786200e-02,7.532331693739747758e-01,1.187337400872576154e+03,3.730065702758054158e+00
1.739999999999984892e+00,9.514619518896048900e-02,-6.709297233769142554e-01,-1.302279475605323569e+03,2.861201301225479998e+00
1.744999999999984786e+00,9.596301178212403304e-02,7.279234617938196150e-01,1.256700933273928058e+03,3.959473611556484585e+00
1.749999999999984679e+00,9.495536761822784277e-02,-7.910293671092791801e-01,-1.367213553575556489e+03,3.049479540479314910e+00
1.754999999999984572e+00,9.542655289119778006e-02,7.134617000102905227e-01,1.349511924456949373e+03,4.282843844395335609e+00
1.759999999999984466e+00,9.386346813868511052e-02,-9.401898276409662580e-01,-1.457283711771945036e+03,3.311948959469483533e+00
1.764999999999984359e+00,9.392252420952190706e-02,6.268901784400183752e-01,1.371078510731988899e+03,4.483158241619016771e+00
1.769999999999984253e+00,9.185399637603720857e-02,-1.076336029279613360e+00,-1.526500931646857225e+03,3.579660525124247261e+00
1.774999999999984146e+00,9.154585568581852240e-02,6.023031970050529704e-01,1.455929141056809613e+03,4.755869569711029143e+00
1.779999999999984039e+00,8.892070086592103462e-02,-1.204392766194060993e+00,-1.565480283916295321e+03,3.864161672963043248e+00
1.784999999999983933e+00,8.825242610377530272e-02,5.541163870390728441e-01,1.495690232510200985e+03,5.002423187701782403e+00
1.789999999999983826e+00,8.510675924882800392e-02,-1.307448372942950909e+00,-1.582318509074033045e+03,4.135803913552881461e+00
1.794999999999983720e+00,8.414554596384898888e-02,5.053144548872554598e-01,1.506901435204562404e+03,5.216005812333902369e+00
1.799999999999983613e+00,8.052126203987650110e-02,-1.378573929056922776e+00,-1.562930989555173483e+03,4.372349743511658282e+00
1.804999999999983507e+00,7.942651754016150090e-02,5.002250352377926035e-01,1.536230535452815730e+03,5.151081392543416904e+00
1.809999999999983400e+00,7.552557417973802811e-02,-1.260091363491640415e+00,-1.316187042657920983e+03,4.146733962840844612e+00
1.814999999999983293e+00,7.481235610029049465e-02,4.976955957989078194e-01,1.442701271856718449e+03,4.646516450370360651e+00
1.819999999999983187e+00,7.139228259354662987e-02,-1.091190187621835950e+00,-1.291268252645281336e+03,3.740893359302242871e+00
1.824999999999983080e+00,7.124970742603750629e-02,5.925698959789749143e-01,1.553027386082260591e+03,4.101790807126043603e+00
1.829999999999982974e+00,6.846018292487254797e-02,-9.046587622419316466e-01,-1.254301182010901130e+03,3.003440387041299786e+00
1.834999999999982867e+00,6.860330205617905241e-02,5.755456242477471340e-01,1.546431293206490182e+03,3.734058863930922456e+00
1.839999999999982760e+00,6.624278327173277470e-02,-8.269682550269243926e-01,-1.241603023672957988e+03,2.540316417591536702e+00
1.844999999999982654e+00,6.622681114233402999e-02,4.967307655943327682e-01,1.519753931977687671e+03,3.385647849366717033e+00
1.849999999999982547e+00,6.401115231831135122e-02,-8.464937513453839601e-01,-1.284194847535103918e+03,2.308426635771342994e+00
1.854999999999982441e+00,6.362467279372813200e-02,4.158858816229997202e-01,1.480529180498019741e+03,3.145550842815532988e+00
1.859999999999982334e+00,6.133549158470469331e-02,-9.169169132179639803e-01,-1.335217061246464027e+03,2.138038391329014409e+00
1.864999999999982228e+00,6.044546060182114794e-02,2.986541146982852890e-01,1.222407831716402370e+03,2.856354034787197627e+00
1.869999999999982121e+00,5.837984213461789446e-02,-8.317476817131551625e-01,-1.110302122590198451e+03,2.153061826365181730e+00
1.874999999999982014e+00,5.701884805451887944e-02,2.542027915090381285e-01,1.387455770558404538e+03,2.598847794350264806e+00
1.879999999999981908e+00,5.421148503461059587e-02,-1.055799892968215747e+00,-1.315488585450113305e+03,1.845933185090066875e+00
1.884999999999981801e+00,5.273871882116228094e-02,2.064266020813978197e-01,1.290861704099241706e+03,2.365009711647003687e+00
1.889999999999981695e+00,4.950220847079915554e-02,-9.189532373338563653e-01,-8.933769844287924116e+02,1.749248191182528389e+00
1.894999999999981588e+00,4.737865423551636257e-02,-1.105963254852235927e-01,1.040843452046188077e+03,2.164820959043809445e+00
1.899999999999981481e+00,4.427910115413864062e-02,-1.242018720902039464e+00,-1.328146365778789232e+03,1.531829130500775404e+00
1.904999999999981375e+00,4.167771409631632062e-02,-3.534703880568324658e-02,1.092944817832263197e+03,1.952199641773057603e+00
1.909999999999981268e+00,3.794305769623397551e-02,-1.164055425708829583e+00,-9.262571226207179507e+02,1.430054881461631844e+00
1.914999999999981162e+00,3.544320382786655954e-02,-7.753835915469353690e-02,9.333449106039843173e+02,1.697117271966941399e+00
1.919999999999981055e+00,3.125329452817630915e-02,-1.105587456574449901e+00,-7.904281283759370353e+02,1.362190345802644753e+00
1.924999999999980949e+00,2.827158977475664747e-02,-2.958159998104437638e-01,1.059883486046642702e+03,1.674176086886226766e+00
1.929999999999980842e+00,2.422355153452153062e-02,-1.011060009976776808e+00,-7.608241584320211359e+02,1.087896973520980470e+00
1.934999999999980735e+00,2.020494945250905436e-02,-7.012576556666251237e-01,2.760155148754862466e+02,1.228263707405004457e+00
1.939999999999980629e+00,1.495239592577586943e-02,-8.432743158956464979e-01,2.994781419751874409e+02,1.150429136942894726e+00
1.944999999999980522e+00,1.012506798383173284e-02,-1.354397330103844554e+00,-5.408647678562874717e+02,3.104039571616107329e-01
1.949999999999980416e+00,4.340167587627783916e-03,-1.383363305625892936e+00,-5.931908464966874135e+02,-3.749560374475161550e-01
1.954999999999980309e+00,-1.533172769034612430e-03,-1.022419456756564982e+00,1.910392170673488010e+02,-9.310477963338996688e-01
1.959999999999980203e+00,-7.110150778553067479e-03,-1.159116343882175881e+00,-1.403040560052187402e+02,-2.292156637075764003e+00
1.964999999999980096e+00,-1.196898619844202066e-02,-8.476252620112205705e-01,1.587125481821729522e+02,-3.359874296603699406e+00
1.969999999999979989e+00,-1.615548255818986464e-02,-7.556302003142665313e-01,2.059165794432708196e+02,-2.825069303520860053e+00
1.974999999999979883e+00,-2.047007082368433595e-02,-1.045862676467642194e+00,-1.931646260506269925e+02,-3.970432245553067174e-01
1.979999999999979776e+00,-2.558740930768671831e-02,-1.062840663134516195e+00,1.897155980795926666e+02,1.264368348221980298e+00
1.984999999999979670e+00,-3.184345417241400689e-02,-1.366366537867082176e+00,-1.197984339057611862e+02,1.864919821041288284e+00
1.989999999999979563e+00,-4.075184406746727023e-02,-1.683054416437060663e+00,1.594309497438228220e+02,2.185173115409468902e+00
1.994999999999979456e+00,-4.814907775563987552e-02,-1.276031444361352296e+00,1.440669981734989733e+02,2.652112043453013879e+00
1.999999999999979350e+00,-5.294989009355837578e-02,-8.311457138593300042e-01,-7.363316397164524574e+01,2.100144463860125210e+00
2.004999999999979465e+00,-5.571188767651864826e-02,-3.592386271090008409e-01,1.951403173290681821e+02,2.567881484559292993e+00
2.009999999999979359e+00,-5.650787193653382390e-02,-9.801628183347915746e-02,-4.898570541951379198e+01,2.549208251470239439e+00
2.014999999999979252e+00,-5.583755426511583658e-02,2.791403161291683421e-01,8.898669330832858293e+01,2.774733086783428337e+00
2.019999999999979146e+00,-5.432825661354742652e-02,4.422984743806392949e-01,9.326717700403730760e+01,2.701084271167519812e+00
2.024999999999979039e+00,-5.198592415582401621e-02,5.432429594347004675e-01,1.049732607855951017e+00,2.729386949748825675e+00
2.029999999999978932e+00,-4.903804134972118700e-02,7.419563711795789107e-01,2.239278795490316725e+02,2.635244411749333437e+00
2.034999999999978826e+00,-4.585867945410432300e-02,6.382478574937359150e-01,-2.356072250205822272e+01,2.604139692788402627e+00
2.039999999999978719e+00,-4.211890218843258177e-02,8.447948764439495717e-01,1.708937729762891422e+02,2.472799677419864395e+00
2.044999999999978613e+00,-3.846894908517049100e-02,5.933878376729444515e-01,-3.237803611379450786e+02,2.477447836919814961e+00
2.049999999999978506e+00,-3.422987217198421306e-02,9.564954801846202725e-01,2.312215264590345782e+02,2.643649500825256737e+00
2.054999999999978400e+00,-3.024358216224204074e-02,6.989529336055658737e-01,-3.281815516091306222e+02,2.096397862412935353e+00
2.059999999999978293e+00,-2.589501356864363016e-02,1.008097527278411620e+00,3.519001737770870477e+02,2.386367948688359331e+00
2.064999999999978186e+00,-2.163591524414558084e-02,6.573606166128941330e-01,-4.584807830986603108e+02,2.418909347631756468e+00
2.069999999999978080e+00,-1.739805659736885432e-02,7.668082937571124580e-01,2.055350876115055030e+02,2.207364925546598577e+00
2.074999999999977973e+00,-1.316377550867279915e-02,8.096418842157210305e-01,-1.092205686864729444e+02,2.110314683411472547e+00
2.079999999999977867e+00,-8.561353971025014581e-03,1.163368522051557941e+00,1.236208880461467743e+02,2.267317096634348772e+00
2.084999999999977760e+00,-4.475143504331697934e-03,6.859452903887016673e-01,3.152135089892910358e+01,2.136573778005459445e+00
2.089999999999977653e+00,2.027857958378154115e-04,1.078771735345314564e+00,-8.288262302475381205e+01,1.899912658526226705e+00
2.094999999999977547e+00,4.711833065709776502e-03,7.968216052023837648e-01,-4.861333972346704968e+01,1.961837657458706197e+00
2.099999999999977440e+00,8.380140713689568713e-03,9.184328018290304207e-01,3.316651760075110928e+02,2.010284629690323399e+00
2.104999999999977334e+00,1.278148607675295111e-02,7.725167644286533575e-01,-9.065636840454612866e+01,2.174356365889993370e+00
2.109999999999977227e+00,1.642538470878063608e-02,6.056297584083529806e-01,-1.701908170404777536e+02,1.946136081755165614e+00
2.114999999999977121e+00,1.989601214234011303e-02,8.061668750145684070e-01,2.850015069127141487e+02,1.943379536307457300e+00
2.119999999999977014e+00,2.396155913092627363e-02,7.916393885582552192e-01,-8.334056180129860536e+01,2.032541642094667367e+00
2.124999999999976907e+00,2.838688257274837520e-02,8.238249637651275936e-01,-1.106900577109217920e+02,1.755068380574881015e+00
2.129999999999976801e+00,3.341084091673211798e-02,1.062506755243263212e+00,1.995488015970002138e+01,1.815189121737878830e+00
2.134999999999976694e+00,3.916115849501079077e-02,1.204046683504280457e+00,8.574481479459160838e+00,1.381049613690146671e+00
2.139999999999976588e+00,4.555438679405545560e-02,1.356448966770275932e+00,2.546747796164154209e+01,9.622919317008745699e-01
2.144999999999976481e+00,5.287002355585518343e-02,1.597758570434609116e+00,1.138125317965071162e+02,9.763866389697314352e-01
2.149999999999976374e+00,6.104316567755344730e-02,1.743072757673162165e+00,9.702885405935427343e+01,3.856190688707994418e-01
2.154999999999976268e+00,6.975638676623294177e-02,1.836379424717037967e+00,8.826219344679641665e+01,1.321576818000181897e-01
2.159999999999976161e+00,7.880481306055567292e-02,1.851956510318185645e+00,6.682455248388400548e+01,-2.454906819396949214e-01
2.164999999999976055e+00,8.796208800471887190e-02,1.841032902132430982e+00,4.167692661254155695e+01,-2.924896415088116264e-01
2.169999999999975948e+00,9.703717184102307602e-02,1.680551089931888731e+00,-1.649039626357278223e+02,-8.035934379063449651e-01
2.174999999999975842e+00,1.057855889002801697e-01,1.791760812895364596e+00,5.977362842657276332e+01,-9.074892942314771727e-01
2.179999999999975735e+00,1.135490562661130715e-01,1.551579530053291744e+00,3.585309251984115519e+01,-1.208034804744602120e+00
2.184999999999975628e+00,1.200419994044536198e-01,1.253504525685696702e+00,7.559734909900646471e+01,-1.430537385310918230e+00
2.189999999999975522e+00,1.251372362696979990e-01,8.355864941499143717e-01,-2.214426209024934451e+02,-1.523537263428921484e+00
2.194999999999975415e+00,1.285456579367796059e-01,4.855493158000687703e-01,-1.773067428142400672e+02,-1.536866706132897331e+00
2.199999999999975309e+00,1.301213058750369245e-01,7.531013985631043739e-02,-1.982544637024547001e+02,-1.617849115664932391e+00
2.204999999999975202e+00,1.296727761608631180e-01,-1.031571849949231429e-01,1.019341997865954994e+02,-1.194821507141143657e+00
2.209999999999975095e+00,1.286853380410864223e-01,-2.488189342300082263e-01,-2.026792705226527502e+01,-9.561641020973927763e-01
2.214999999999974989e+00,1.294605815395827031e-01,6.638840785925369525e-01,6.813675798546674969e+02,-6.378239705322830133e-01
2.219999999999974882e+00,1.306897477299951704e-01,-4.945952370292289735e-01,-1.556904169478089898e+03,6.204006365306973247e-01
2.224999999999974776e+00,1.322471812165849636e-01,1.059632518110691812e+00,1.221889015500916003e+03,4.138348063911210239e+00
2.229999999999974669e+00,1.344568709906568404e-01,3.616883733391679234e-01,-1.460188638695686620e+02,3.911942011664024665e+00
2.234999999999974563e+00,1.374899971707888024e-01,4.740925614563344936e-01,-3.661780164472983756e+02,3.649888094405252303e+00
2.239999999999974456e+00,1.408078163026950935e-01,9.228290950709215901e-01,3.574411327241340359e+02,3.842912858455719061e+00
2.244999999999974349e+00,1.433646569151709460e-01,3.802502747702214414e-01,-2.608203157963758372e+02,3.720393455888635348e+00
2.249999999999974243e+00,1.453961370544862852e-01,2.572066918506539790e-01,-2.818869888093003055e+02,3.950712129011789475e+00
2.254999999999974136e+00,1.483951844628668137e-01,4.969132769527726534e-01,-3.778454505976493465e+02,3.690576976777359519e+00
2.259999999999974030e+00,1.506145188527852619e-01,2.686344674782203401e-01,-3.157076921513207139e+02,3.929146238771134669e+00
2.264999999999973923e+00,1.535479979746470214e-01,3.836815305878977789e-01,-3.194548845467940055e+02,3.827580084323477294e+00
2.269999999999973817e+00,1.561639254003055755e-01,3.914452373847490674e-01,-2.739093679570407289e+02,3.879780775347457578e+00
2.274999999999973710e+00,1.583417719301663806e-01,3.308554847581861580e-01,-1.336895943529905821e+02,3.901783699932590554e+00
2.279999999999973603e+00,1.608637160693381918e-01,5.152794888473974932e-01,-1.968827836946043703e+02,3.852818771691932209e+00
2.284999999999973497e+00,1.619817618477530918e-01,-1.470506661641901060e-02,-5.141538140534001968e+02,3.839656466339971264e+00
2.289999999999973390e+00,1.654779761593410115e-01,7.205557935335344943e-01,-4.351358408987094890e+02,3.380870182153230097e+00
2.294999999999973284e+00,1.682327002994556675e-01,3.903422690489657954e-01,-3.285204862318529990e+02,3.486412896812500328e+00
2.299999999999973177e+00,1.699940009434796617e-01,3.176354165037318517e-02,-4.231141179310301368e+02,3.574667944986780643e+00
2.304999999999973070e+00,1.721988814448492111e-01,3.742057742835120382e-01,1.908949889724777549e+01,3.513708997092346742e+00
2.309999999999972964e+00,1.742410864213773114e-01,4.355298983842394445e-01,-1.763047586605518973e+02,3.369633650700056826e+00
2.314999999999972857e+00,1.758747132273781599e-01,2.662712126623067443e-01,-2.277239481260901357e+02,3.309695300476572122e+00
2.319999999999972751e+00,1.770801142524223437e-01,-5.916715912411803224e-02,-4.383087202935183200e+02,3.277612943268529921e+00
2.324999999999972644e+00,1.788858546980166553e-01,2.559526616068243943e-01,-8.652865117348310875e+00,3.141544397209048878e+00
2.329999999999972538e+00,1.801814498881734450e-01,3.612853471967655272e-01,2.087657153463622990e+02,3.184414371241273134e+00
2.334999999999972431e+00,1.814082627692689409e-01,3.115801167960740581e-01,7.050989636918713188e+01,2.718672343236700151e+00
2.339999999999972324e+00,1.822711214798695689e-01,8.020176749778758565e-03,-1.484460477014999356e+02,2.324452862974752954e+00
2.344999999999972218e+00,1.839636906151962126e-01,9.491049705450138596e-01,8.776918133922110883e+02,2.055673498986806180e+00
2.349999999999972111e+00,1.845651824608581237e-01,-1.175088672103195009e-01,8.658282859390894259e+00,1.369475049414716095e+00
2.354999999999972005e+00,1.841501343132261603e-01,-8.817344900495652782e-01,-1.017280132892939378e+03,2.314143252149056806e-01
2.359999999999971898e+00,1.837266349220849360e-01,-1.532929419262069881e-01,3.633352021509455909e+01,-4.338516759516601318e-01
2.364999999999971791e+00,1.847005097713398380e-01,-3.974971236290034682e-01,-9.644501538145425457e+02,-1.751486010166664498e+00
2.369999999999971685e+00,1.863166396416604531e-01,7.127050186256139730e-01,6.045872147527356901e+02,-1.802271390541402951e+00
2.374999999999971578e+00,1.878582635416086999e-01,1.392106593702685524e-01,-6.599402511316708342e+02,-2.896424423455814523e+00
2.379999999999971472e+00,1.902353010521412036e-01,7.331365655865615949e-01,5.518459096486386670e+02,-2.759186844223590285e+00
2.384999999999971365e+00,1.918103105698935884e-01,1.933301991606768411e-01,-4.761312786614187189e+02,-2.992389309199258385e+00
2.389999999999971259e+00,1.928961118344197645e-01,5.711157338395652650e-01,4.702887016001390634e+02,-2.605779527771372006e+00
2.394999999999971152e+00,1.927025717717624487e-01,-1.114502530148149262e-01,7.955669862309338214e+01,-2.471182642073097568e+00
2.399999999999971045e+00,1.940060325373759165e-01,4.642744840439649856e-01,3.001812675687964429e+02,-2.062257156838273708e+00
2.404999999999970939e+00,1.951692685765964719e-01,3.061380796131542570e-01,1.424377512704324431e+02,-1.743130803230351855e+00
2.409999999999970832e+00,1.959153865373738368e-01,3.057108786061005223e-02,-2.321150223788746985e+02,-1.469756246283005163e+00
2.414999999999970726e+00,1.971606319457581413e-01,3.738152390355223842e-01,1.493606252048874978e+02,-8.327323425236575760e-01
2.419999999999970619e+00,1.995815152613185928e-01,5.361864514998117004e-01,-1.499770248712971750e+02,-4.273906917142722417e-01
2.424999999999970512e+00,2.043845656723593807e-01,1.160589024318368745e+00,3.428935167152159238e+02,2.204764976535709131e-01
2.429999999999970406e+00,2.109727754121883958e-01,1.489262556140706018e+00,-1.015738789056770628e+02,1.549562126335241041e-01
2.434999999999970299e+00,2.194207001988003058e-01,1.786846510986071834e+00,1.089419326213940593e+02,8.315638927780910628e-02
2.439999999999970193e+00,2.287208214643462190e-01,1.902590049995284582e+00,-3.584790473995980165e+01,-1.307735133943663808e-01
2.444999999999970086e+00,2.380488814156595523e-01,1.963034610182126105e+00,1.514297939497830043e+02,-3.673140868231001832e-01
2.449999999999969980e+00,2.470761507908796062e-01,1.931289722976324175e+00,1.843737214140931542e+02,-6.030434086061057242e-01
2.454999999999969873e+00,2.550709507108424590e-01,1.667151951780490471e+00,7.156097994248084149e+01,-8.562262562043453373e-01
2.459999999999969766e+00,2.621219028929295258e-01,1.263169413416171061e+00,-1.714372293066276143e+02,-9.882718000377260781e-01
2.464999999999969660e+00,2.682587250182951188e-01,1.147145934449975702e+00,-1.344825660393154294e+02,-8.627964639059102492e-01
2.469999999999969553e+00,2.733218996681691104e-01,9.506147701984011267e-01,6.545938915186820850e+01,-7.137804841443078363e-01
2.474999999999969447e+00,2.773927918088243683e-01,7.294183974346106769e-01,-8.994336310157463288e+01,-7.931279167037276201e-01
2.479999999999969340e+00,2.803129749235325208e-01,4.660451170354993899e-01,-1.310337326853639297e+02,-7.904397464025182396e-01
2.484999999999969233e+00,2.821346877126876262e-01,1.655930995864307587e-01,-2.219309296134950102e+02,-7.922563191196598797e-01
2.489999999999969127e+00,2.831085921334066113e-01,3.272967595760438442e-02,-1.593018146787649698e+02,-7.636812167940604246e-01
2.494999999999969020e+00,2.831244168697031327e-01,-1.159767715329655252e-01,-1.724003450775846886e+02,-6.825369916227401745e-01
2.499999999999968914e+00,2.831353492156365448e-01,2.182216431199271098e-02,-2.106368071876910619e+02,-6.592591502780346113e-01
2.504999999999968807e+00,2.828526649188747855e-01,-1.708039405916150777e-01,-9.795535479980695470e+01,-3.422837946770795892e-01
2.509999999999968701e+00,2.820146418781330766e-01,-3.923396072517389421e-01,-3.385107908536726882e+02,-1.183265277701267548e-01
2.514999999999968594e+00,2.813625122774329745e-01,-3.122079961777556867e-01,-2.213671402567170503e+02,-5.673850341351688309e-02
2.519999999999968487e+00,2.803298232256820621e-01,-2.268076295010185706e-01,-9.135765294046609597e+01,-1.932249745634550264e-01
2.524999999999968381e+00,2.796180400889194395e-01,-2.179804424354845060e-01,-1.038041769693233221e+02,-2.797077453688819881e-01
2.529999999999968274e+00,2.789498677097279611e-01,-1.958063170425256017e-01,-8.366539028649137322e+01,-8.536214076723486199e-02
2.534999999999968168e+00,2.784607959254933318e-01,-1.880798940134231212e-01,-2.514996985152532147e+02,2.946666175910580415e-02
2.539999999999968061e+00,2.783065026923972063e-01,3.353143832574888294e-02,7.150598807251132882e+01,-2.657700355090455990e-01
2.544999999999967955e+00,2.781586292949970729e-01,2.874658245740660881e-02,2.146166397912390877e+01,-3.082396205275673151e-01
2.549999999999967848e+00,2.782781391489451694e-01,1.437998543634814996e-01,1.021700219024293403e+02,-2.457597316494896655e-01
2.554999999999967741e+00,2.783673455473424374e-01,8.778434991767253281e-02,1.093540557615768307e+02,-5.831090402506537984e-01
2.559999999999967635e+00,2.795365158413636308e-01,5.019328192611790529e-01,1.076215591898367165e+02,-7.227237281709874006e-01
2.564999999999967528e+00,2.830604461853017950e-01,9.378403905669503438e-01,1.624845064937360632e+02,-1.098476334372625374e+00
2.569999999999967422e+00,2.863783316819834002e-01,5.850453920707862077e-01,8.810795825541460147e+01,-1.663785426207475382e+00
2.574999999999967315e+00,2.879787709914793381e-01,1.845128341088777268e-01,-1.485208233741081685e+01,-1.701869542388680046e+00
2.579999999999967208e+00,2.866345781369490364e-01,-5.042945145364817749e-01,1.915727783297953124e+01,-1.797529188111363752e+00
2.584999999999967102e+00,2.826107460374376323e-01,-1.053977385666857280e+00,-2.186655037195246223e+02,-1.635780456331148214e+00
2.589999999999966995e+00,2.758000022373617299e-01,-1.587499276782051494e+00,-1.172943172533834115e+02,-1.587968245274714807e+00
2.594999999999966889e+00,2.669043305229933383e-01,-1.986869959566863963e+00,-1.721216980446945968e+02,-1.305784696216958807e+00
2.599999999999966782e+00,2.561602621647701694e-01,-2.293994384520833485e+00,-5.237240129051230042e+01,-1.224143415541261382e+00
2.604999999999966676e+00,2.444787496773546120e-01,-2.430829227824141014e+00,-9.225901603591253775e+01,-9.357510394930679265e-01
2.609999999999966569e+00,2.320115017745524033e-01,-2.502885082840287545e+00,-2.517945570043749370e+01,-8.246737097941045924e-01
2.614999999999966462e+00,2.196595776167714342e-01,-2.380280481729228015e+00,1.454533237176612772e+02,-3.785677149152684162e-01
2.619999999999966356e+00,2.074813342166026420e-01,-2.397629178996892207e+00,7.486610621580277325e+01,-8.732916529541245865e-02
2.624999999999966249e+00,1.952551789371868296e-01,-2.380493783410249087e+00,6.643122493248230853e+01,1.171462205604252294e-01
2.629999999999966143e+00,1.838138095538878192e-01,-2.221574130702098415e+00,2.579482156854936648e+01,5.455923879671662480e-01
2.634999999999966036e+00,1.772089727863297715e-01,1.283402774634607280e+00,3.090233232926585515e+03,1.028159091083202359e+00
2.639999999999965929e+00,1.791336982531223088e-01,1.209042348237452796e-01,-4.372281190143584126e+02,-7.940888391546239156e-01
2.644999999999965823e+00,1.833472229179889113e-01,1.276308176131810912e+00,1.162172317933558134e+03,9.462212155250544487e-01
2.649999999999965716e+00,1.867184377380176619e-01,2.457777040014093861e-01,-1.433685383582715303e+03,1.414267420808839049e+00
2.654999999999965610e+00,1.923413900770129525e-01,1.339931661409754282e+00,1.073985461401819975e+03,3.049195232204719996e+00
2.659999999999965503e+00,1.945484880698226671e-01,-1.041295394140345359e-01,-1.385407837056976632e+03,2.376754764357421834e+00
2.664999999999965397e+00,2.001066646458689036e-01,6.513433922217896077e-01,-1.322306898586483612e+02,3.010235663401565009e+00
2.669999999999965290e+00,2.051688961698909797e-01,5.288818154744761024e-01,-3.006736365920414187e+02,2.711914776500567115e+00
2.674999999999965183e+00,2.110354334106427365e-01,1.336816555137375850e+00,7.488718971861758291e+02,2.632585938392717928e+00
2.679999999999965077e+00,2.145525500114970896e-01,5.614482508093681101e-01,-1.408526095864986871e+02,2.726042547551165818e+00
2.684999999999964970e+00,2.183916677607541934e-01,4.968452090743746274e-01,-5.657849281752156685e+02,2.718420163097167830e+00
2.689999999999964864e+00,2.228720982158746700e-01,7.468822979505517212e-01,-8.252406897474651259e+02,2.543845295507575877e+00
2.694999999999964757e+00,2.265529343781837179e-01,9.702686517883631900e-01,5.645766449385286023e+02,3.242283261416294859e+00
2.699999999999964650e+00,2.293432299983043654e-01,4.377016150312867393e-01,-6.516293768464024083e+01,3.299279601585900057e+00
2.704999999999964544e+00,2.323020088423805862e-01,3.012432645880176452e-01,-1.609994057426469567e+02,3.353673118727089175e+00
2.709999999999964437e+00,2.354091697761939161e-01,2.865418265814219101e-01,-8.297374766124860912e+01,3.494571827666567820e+00
2.714999999999964331e+00,2.380820536031205970e-01,7.152192984621520422e-01,3.893501939660293942e+02,3.495207358095397954e+00
2.719999999999964224e+00,2.403128233035785044e-01,2.035587776787625980e-01,-1.891991922897821325e+02,3.404489603697395506e+00
2.724999999999964118e+00,2.428322068207038609e-01,2.785402545707133526e-01,-4.125492210169642249e+02,3.207766185304065321e+00
2.729999999999964011e+00,2.452014660797972034e-01,7.642956738201414080e-01,5.829430972605774741e+02,3.496680867339043708e+00
2.734999999999963904e+00,2.473015907891731313e-01,3.337718447061725768e-02,-4.186525172518299769e+02,3.231448258007558749e+00
2.739999999999963798e+00,2.504436523832230810e-01,4.350463936646697949e-01,-5.866676371642498680e+02,2.959995494408279804e+00
2.744999999999963691e+00,2.541631704490158739e-01,1.559827182348424879e+00,1.436318964064425700e+03,3.367434198809483359e+00
2.749999999999963585e+00,2.555208709795626643e-01,-2.239150261599102409e-01,-5.241745467399667859e+02,3.074468388805090324e+00
2.754999999999963478e+00,2.577889914496889756e-01,3.084863787111096767e-01,-4.479348136940570271e+02,3.005559925845076030e+00
2.759999999999963372e+00,2.587585437697184076e-01,-1.207426299525065638e-01,-3.004984535501076266e+02,3.096694631736803149e+00
2.764999999999963265e+00,2.603552626485453048e-01,2.615451768215994455e-01,-4.193838254254258118e+02,2.730984322612466819e+00
2.769999999999963158e+00,2.619324923537910688e-01,-2.359900243937682329e-01,-3.826284105075315551e+02,2.901824289191424988e+00
2.774999999999963052e+00,2.634511414378666871e-01,2.771328054432495858e-01,-4.657936982730184354e+02,2.440301590392001785e+00
2.779999999999962945e+00,2.647981120740559025e-01,3.313528763769955088e-01,3.480798452901166229e+02,2.582204169849111608e+00
2.784999999999962839e+00,2.652296072271382310e-01,-8.770561353626955825e-02,-1.674673407254333597e+02,2.045900988430656486e+00
2.789999999999962732e+00,2.658212221053755653e-01,3.668211156913211424e-01,4.728732069594954623e+02,1.818148671134069971e+00
2.794999999999962625e+00,2.666147263709752746e-01,8.008892542693692163e-02,2.860200854052803834e+02,9.012163961620769381e-01
2.799999999999962519e+00,2.668694566561121140e-01,1.029396306076138246e-01,-5.042795044427464290e+02,-6.386651360078970940e-01
2.804999999999962412e+00,2.666667841025822661e-01,4.359399824962531533e-02,2.504305896559562541e+02,-1.062617654420834556e+00
2.809999999999962306e+00,2.675918194600825362e-01,9.754988575167367060e-02,-8.883179912286143463e+02,-2.435056686355148603e+00
2.814999999999962199e+00,2.680376028468116623e-01,2.090362131989738914e-01,6.835059354905743589e+01,-2.662493633524876113e+00
2.819999999999962093e+00,2.689819312770398430e-01,1.588499518800898236e-01,8.912049271185608745e+01,-2.834430404105506174e+00
2.824999999999961986e+00,2.696395337594527097e-01,2.596587921842349878e-02,-3.134095944309866013e+02,-3.215827443671510633e+00
2.829999999999961879e+00,2.709378418735428617e-01,-1.923031902955637390e-02,-6.618880014018841393e+02,-3.222625851054745194e+00
2.834999999999961773e+00,2.722455487316425282e-01,-6.298697334762887179e-02,-8.687587213045065937e+01,-2.910896364116820401e+00
2.839999999999961666e+00,2.737387318877546050e-01,4.206127698820065763e-01,2.540787977664742812e+02,-2.841858306795235212e+00
2.844999999999961560e+00,2.748830694625233328e-01,1.347535879803551939e-01,-6.093134372843938706e+01,-2.627347769450947723e+00
2.849999999999961453e+00,2.758245653269231767e-01,1.338482004314686669e-01,8.160931661773452861e-01,-2.567945030066086431e+00
2.854999999999961346e+00,2.767839817909312217e-01,-2.960571613547270317e-02,-4.636242415128129437e+02,-2.847989702848670479e+00
2.859999999999961240e+00,2.780054097879123276e-01,2.623678433050734005e-01,1.045526187862486864e+02,-2.364889398623342576e+00
2.864999999999961133e+00,2.784204884483733045e-01,8.155871743263004570e-02,1.405474443623620004e+02,-1.735152815025620798e+00
2.869999999999961027e+00,2.795277427927245206e-01,2.762639745290401683e-01,9.246090603337536606e+01,-9.975307905668120423e-01
2.874999999999960920e+00,2.810045496232835838e-01,2.943119076799879941e-01,2.544478461368981215e+01,3.214080006501121578e-02
2.879999999999960814e+00,2.819080843644919954e-01,2.029007719573844570e-01,1.634359907855609322e+02,2.270061454428933256e-01
2.884999999999960707e+00,2.820070645301797074e-01,-4.877320517644970765e-01,-6.449789720066368091e+02,3.864522410149776599e-01
2.889999999999960600e+00,2.826462073281753029e-01,2.951897240195402450e-01,7.358007476835251737e+01,4.668970835278823950e-01
2.894999999999960494e+00,2.828852984552516214e-01,-2.182319583520608564e-01,-3.316907691303515548e+02,1.838843138490515727e-01
2.899999999999960387e+00,2.838559449752373065e-01,1.660692429070071696e-01,-1.017389403477074552e+02,1.500353575514329352e-01
2.904999999999960281e+00,2.846205335475230913e-01,4.125540381071817198e-01,2.179596369014442416e+02,3.032607162741193796e-01
2.909999999999960174e+00,2.858265663444511939e-01,3.502907356097162417e-01,1.314842523890589518e+02,-4.442660120102753796e-02
2.914999999999960067e+00,2.871831892480619097e-01,3.211566024050149792e-01,2.252187318794683790e+01,-2.758654806679430860e-02
2.919999999999959961e+00,2.882328625531098143e-01,2.476525528916827534e-01,3.914406412214965769e+01,-2.789400526804025060e-01
2.924999999999959854e+00,2.895473113333319470e-01,3.249253778280825622e-01,1.563265941903790406e+02,-4.029154276459959161e-03
2.929999999999959748e+00,2.906229487570968217e-01,2.457698276826507100e-01,5.177084400934802488e+01,-2.613731941051328223e-01
2.934999999999959641e+00,2.920786799470310724e-01,3.306341427131950228e-01,8.229850357784061998e+01,-3.205538080468317563e-02
2.939999999999959535e+00,2.943068606734717263e-01,6.437575015751592078e-01,-2.968226604443557548e+01,-4.947280080043756634e-01
2.944999999999959428e+00,3.002820310825882189e-01,1.336770703885392653e+00,-1.605542674639204748e+01,-8.621789590621353749e-01
2.949999999999959321e+00,3.072173948657638265e-01,1.374960400516280323e+00,3.535903154195967346e+01,-1.593566717183001025e+00
2.954999999999959215e+00,3.120649095045908705e-01,8.717771841320119952e-01,4.756654024791760804e+00,-1.957570541302194878e+00
2.959999999999959108e+00,3.135724615098463564e-01,3.392373249696652854e-02,-1.071306565185951598e+02,-1.995572778254165236e+00
2.964999999999959002e+00,3.118206425409048577e-01,-5.972306903883972673e-01,-4.071380071733451445e+01,-1.633514773003678089e+00
2.969999999999958895e+00,3.068536129127978351e-01,-1.294911343929900704e+00,-2.324743358355162286e+02,-1.675441148860906893e+00
2.974999999999958789e+00,2.988421840749182490e-01,-1.755417499160301098e+00,-2.733723941480907627e+01,-1.527765857970251773e+00
2.979999999999958682e+00,2.879487893642407870e-01,-2.311625875651675877e+00,2.769897042943186349e+01,-1.447392226094949441e+00
2.984999999999958575e+00,2.745752159666159375e-01,-2.795525500917773964e+00,6.653930328941891048e+01,-1.180627591373179630e+00
2.989999999999958469e+00,2.600148972640750067e-01,-3.018964227872295236e+00,-1.029084198511479542e+02,-9.687356299062956921e-01
2.994999999999958362e+00,2.441592949410290592e-01,-3.255650473234680042e+00,-9.179361044764249300e+01,-7.234283308237954291e-01
2.999999999999958256e+00,2.271193740744782974e-01,-3.487361388139147422e+00,-4.785293416057468363e+01,-2.898324614770588781e-01
3.004999999999958149e+00,2.097944303985656844e-01,-3.370713697286817023e+00,2.066456340339960036e+02,3.360713674733961653e-01
3.009999999999958042e+00,1.926991864481621408e-01,-3.369724407208673167e+00,2.323501498263403420e+01,1.176485876366355487e+00
3.014999999999957936e+00,1.787519633724388157e-01,-2.466824383655894515e+00,9.507801816578866294e+01,2.339820944857105456e+00
3.019999999999957829e+00,1.903000003078902380e-01,2.069789488508456010e+00,-9.517210478673110856e+02,3.778095991552559152e-01
3.024999999999957723e+00,1.916230655272297412e-01,1.075211630754660863e+00,1.316858709964402578e+03,3.651314536038992031e+00
3.029999999999957616e+00,1.951494608203272196e-01,4.096040177273699845e-01,-6.160436639733234188e+02,2.818095718117671122e+00
3.034999999999957510e+00,1.985187731894679786e-01,6.838627947827612408e-01,-6.250779785978462399e+01,2.926521248222090588e+00
3.039999999999957403e+00,2.029159502749910415e-01,3.564410943667264964e-01,-8.654888933377764033e+02,2.706426710198255758e+00
3.044999999999957296e+00,2.059174947038962256e-01,6.330946092415441484e-01,-3.214846202744593029e+01,3.194156420657101592e+00
3.049999999999957190e+00,2.090523633948743742e-01,9.671977622535934405e-01,4.338725860791174682e+02,3.342789337343777145e+00
3.054999999999957083e+00,2.115238670700685941e-01,2.479774670220687982e-01,-2.752435391023038278e+02,3.377437554015473964e+00
3.059999999999956977e+00,2.141320015384542974e-01,2.694822628294233913e-01,-5.912309120118752617e+02,3.282620964147676901e+00
3.064999999999956870e+00,2.165748036376105023e-01,2.145838110461252002e-01,-7.515714019666443164e+02,3.293187010009681170e+00
3.069999999999956763e+00,2.205044374483675629e-01,1.314238065761307750e+00,1.072484760681152238e+03,3.657317750284851954e+00
3.074999999999956657e+00,2.224677700758103949e-01,5.340263436922543239e-02,-4.012418285480954410e+02,3.375066406387817519e+00
3.079999999999956550e+00,2.249097012954499319e-01,3.014229223435815896e-01,-6.204268574445580953e+02,3.248859731763399594e+00
3.084999999999956444e+00,2.270909147282194895e-01,6.687799258937930924e-01,3.786773828792630638e+02,3.531739247532425630e+00
3.089999999999956337e+00,2.287989849325910152e-01,1.587736055222156717e-01,-2.278501378704335423e+02,3.412721795353050425e+00
3.094999999999956231e+00,2.315420543666837083e-01,4.219948711737745439e-01,-6.450317691694076530e+02,2.991561799934683297e+00
3.099999999999956124e+00,2.343535850816340083e-01,1.038852565373793224e+00,8.819159247580428200e+02,3.420501754169366304e+00
3.104999999999956017e+00,2.364417933108570180e-01,8.038843078033788836e-02,-3.749745145537789313e+02,3.112918247360087154e+00
3.109999999999955911e+00,2.400661647746810679e-01,5.500445441246154532e-01,-9.264535585519638516e+02,2.583959836108391084e+00
3.114999999999955804e+00,2.426639576748226002e-01,1.134637696906623416e+00,1.273670855521437261e+03,3.281900481381832879e+00
3.119999999999955698e+00,2.443893250529715344e-01,7.118166312240932492e-02,-2.115286418151142129e+02,2.782047911243406446e+00
3.124999999999955591e+00,2.473173936526089078e-01,5.202936714057923018e-01,-7.491555805476556316e+02,2.157060652123116817e+00
3.129999999999955484e+00,2.495489750213514824e-01,8.883711282297875877e-01,1.104746849885360461e+03,2.811361427294676751e+00
3.134999999999955378e+00,2.506687476155654570e-01,-7.802739964435810582e-02,-3.098623337314334663e+02,2.196696486924544445e+00
3.139999999999955271e+00,2.526077609271917823e-01,2.272539482834479707e-01,-7.876498933203861270e+02,1.024359090800478267e+00
3.144999999999955165e+00,2.542554803378032635e-01,7.206388962891185912e-01,9.765719616730883672e+02,1.405743732591062445e+00
3.149999999999955058e+00,2.544445734996128028e-01,-2.706161727900857072e-01,-2.856135210871612458e+02,6.863820605454119816e-02
3.154999999999954952e+00,2.552047379883424227e-01,-6.871383941305053873e-03,-5.495309837548592213e+02,-1.019581832213993788e+00
3.159999999999954845e+00,2.561001797709686056e-01,3.394171255444124458e-01,5.136228241951836253e+02,-1.249320975417954616e+00
3.164999999999954738e+00,2.566364404623528439e-01,6.343087488606531654e-02,4.198057487613201033e+01,-1.941549431780175583e+00
3.169999999999954632e+00,2.577016351068133759e-01,3.786787800520807074e-02,-5.657203375023094623e+02,-2.781398805179600586e+00
3.174999999999954525e+00,2.586506113352826652e-01,3.111362783372860763e-01,2.058812694973251496e+02,-2.596309572824880174e+00
3.179999999999954419e+00,2.591059412391806815e-01,1.163201667560763430e-01,1.654781839610153895e+02,-2.636769947224828048e+00
3.184999999999954312e+00,2.600349327560991242e-01,1.765224283413814946e-02,-4.954719496871178421e+02,-2.914326748917960952e+00
3.189999999999954206e+00,2.611022260091515612e-01,3.806860445771001467e-01,3.085394972661687802e+02,-2.494728025930295523e+00
3.194999999999954099e+00,2.615935871610558516e-01,1.232467877400331424e-01,1.489968213304760809e+02,-2.551938928185426558e+00
3.199999999999953992e+00,2.622270745189440588e-01,-7.130480743665868273e-03,-3.219418177284972558e+02,-2.608551798062369809e+00
3.204999999999953886e+00,2.632110581959449247e-01,-2.059471277741601047e-01,-7.526565040744213775e+02,-2.492430254026650083e+00
3.209999999999953779e+00,2.639917635981456345e-01,3.227340938429598127e-01,2.293759655794400771e+02,-2.205164430944181131e+00
3.214999999999953673e+00,2.647298484202697533e-01,3.289958109984570528e-02,-1.839273065529243922e+02,-2.118814203308395872e+00
3.219999999999953566e+00,2.652862496848359397e-01,9.552593733055242398e-02,-1.143538021490665955e+02,-1.763390303461783715e+00
3.224999999999953459e+00,2.659442805669344212e-01,1.124961540396898219e-01,7.575432882056050232e+01,-1.106694824745132255e+00
3.229999999999953353e+00,2.663770185903887033e-01,4.836709073785123297e-02,-1.349027232391817677e+01,-4.025139488933116572e-01
3.234999999999953246e+00,2.663011217127049801e-01,1.338513015915183089e-02,-3.100423273976908334e+01,2.136091899242007208e-01
3.239999999999953140e+00,2.664566398014844850e-01,1.114151453553923754e-01,3.937280104103361396e+02,6.584533937757425237e-01
3.244999999999953033e+00,2.671895893136632671e-01,4.073745430251350386e-01,-8.575011795333738007e+01,3.510590476509944935e-01
3.249999999999952927e+00,2.683345750711316757e-01,-1.008497144798843614e-02,-2.739950029144654877e+02,5.390671278576808501e-01
3.254999999999952820e+00,2.687946035442055903e-01,1.181185830690691663e-01,-7.633643174078644122e+00,5.614891874455965048e-01
3.259999999999952713e+00,2.701575817361382970e-01,2.012048160451448686e-01,-6.727237966712000627e+01,3.055841330123350574e-01
3.264999999999952607e+00,2.712119314056627983e-01,3.578506883475126021e-01,3.960692376100214318e+01,2.587657780069441693e-01
3.269999999999952500e+00,2.731853386416883689e-01,2.661149280768577707e-01,-2.033775054727113059e+02,1.979348960133841817e-01
3.274999999999952394e+00,2.750796208126859432e-01,5.338430946716087311e-01,1.263808030212921807e+02,3.805269056803286531e-01
3.279999999999952287e+00,2.774453538978730038e-01,4.728409734309246271e-01,1.165919401806965965e+02,-7.346017085167572125e-02
3.284999999999952180e+00,2.793218294115292766e-01,3.189777837938388427e-01,1.168111924467928908e+01,3.965714494576710880e-02
3.289999999999952074e+00,2.819279097674115553e-01,4.269677522365710187e-01,6.106913418840299812e+01,1.694606293616663373e-01
3.294999999999951967e+00,2.834534934975652676e-01,4.055832864488825296e-01,2.960084075508619321e+02,-9.009059143085154653e-02
3.299999999999951861e+00,2.839825804985282587e-01,3.205383670276926167e-01,2.606650726009163321e+01,1.969837182500772110e-02
3.304999999999951754e+00,2.858383404712313003e-01,4.047512235316651497e-01,1.303048666763955907e+02,2.100072710556739886e-01
3.309999999999951648e+00,2.867872791359504792e-01,3.527789590625135530e-01,7.366226100865803801e+02,2.521744086224498860e-01
3.314999999999951541e+00,2.884361822346163673e-01,1.823910871535988909e-01,-3.251400638743020295e+02,-2.732351098359336872e-02
3.319999999999951434e+00,2.897350774939710938e-01,3.875686835219847581e-01,-1.252639068917014100e+02,1.950165666106488116e-01
3.324999999999951328e+00,2.915637940590079524e-01,2.344167377429549060e-01,-2.558242316072610549e+02,-7.151647643771308349e-02
3.329999999999951221e+00,2.935119096832414787e-01,4.866931656597714984e-01,1.188883289232474141e+02,2.155525782083407837e-01
3.334999999999951115e+00,2.949520734535397981e-01,3.264225620295747032e-01,-4.200102611470746439e+01,-2.651491721651666467e-01
3.339999999999951008e+00,2.965495313168964309e-01,3.813663045437476473e-01,1.343585352777228366e+02,-4.714948036062435732e-02
3.344999999999950901e+00,3.012575275372180172e-01,1.176501562317192384e+00,1.346194370833812002e+02,-7.133856480152948043e-01
3.349999999999950795e+00,3.084737014883450756e-01,1.428701430842949094e+00,-1.011643424100064266e+02,-1.228302193659143393e+00
3.354999999999950688e+00,3.149195298986742775e-01,1.075731454948586574e+00,-2.194355590741675144e+02,-1.855520827383219551e+00
3.359999999999950582e+00,3.188086057420013719e-01,5.625001646304538250e-01,-1.045475737235883997e+02,-1.931754109361899285e+00
3.364999999999950475e+00,3.194039186100411931e-01,-9.195664781421274137e-02,-4.343950948504060960e+01,-1.770564608255347006e+00
3.369999999999950369e+00,3.163115741134789327e-01,-8.702805192849720761e-01,-6.537158525598304948e+01,-1.816355151989660133e+00
3.374999999999950262e+00,3.096416035839638647e-01,-1.558205878804709510e+00,-6.140534243163811468e+00,-1.684408654822101337e+00
3.379999999999950155e+00,2.996950942414705610e-01,-2.131032589638545804e+00,-6.117086690896629264e+00,-1.534970156138542263e+00
3.384999999999950049e+00,2.869589347313883931e-01,-2.759243918330926082e+00,-1.359927085171679835e+02,-1.333778442849359314e+00
3.389999999999949942e+00,2.722721767346126254e-01,-3.102020939437038383e+00,-1.041237304807848716e+02,-1.077981574300334700e+00
3.394999999999949836e+00,2.558557872751988094e-01,-3.355184274749015927e+00,-1.447564012668854794e+01,-8.870626592897399298e-01
3.399999999999949729e+00,2.376540753249909432e-01,-3.653100300639977593e+00,7.335649453009403942e+01,-5.333923135664546678e-01
3.404999999999949623e+00,2.191259801745231162e-01,-3.750514487107374784e+00,-7.031493329278168858e+01,7.924436889133357198e-02
3.409999999999949516e+00,2.007287571207607979e-01,-3.525492469230325110e+00,1.829519370135766394e+02,8.917530396818716953e-01
3.414999999999949409e+00,1.848283280872075329e-01,-2.839299081542145498e+00,2.941021982538790667e+02,2.045826890868324810e+00
3.419999999999949303e+00,1.900420735302730812e-01,2.643893276198681086e+00,-7.886601740714263542e+02,-7.448204551179871125e-02
3.424999999999949196e+00,1.922555496802682562e-01,1.247399177758111932e+00,1.779917578043489357e+03,3.370753424307143753e+00
3.429999999999949090e+00,1.953306764920501037e-01,1.613620767734863237e-01,-1.399278292288197008e+03,2.326242001785590929e+00
3.434999999999948983e+00,1.986839504471668849e-01,1.381469086467332463e+00,1.747292943578394215e+03,3.153964640306940126e+00
3.439999999999948876e+00,2.027085422484959931e-01,4.618343063939877036e-01,-1.412699453589405039e+03,1.790779646886968557e+00
3.444999999999948770e+00,2.061923323360493887e-01,1.098533778221018498e+00,1.428836789642786016e+03,3.235229451485436503e+00
3.449999999999948663e+00,2.097983273855108799e-01,6.447138321636599612e-01,-1.146303618181881575e+03,2.004618027370202338e+00
3.454999999999948557e+00,2.130863148672478558e-01,3.016515809838185569e-01,-9.937749975440278831e+02,2.516874020613454110e+00
3.459999999999948450e+00,2.154997694117351259e-01,6.058358473852332171e-01,3.062781118539173519e+01,2.902267363827820468e+00
3.464999999999948344e+00,2.182587860428985005e-01,8.280142851536472781e-01,5.266430812696651174e+02,3.198292532362008167e+00
3.469999999999948237e+00,2.205230815185124649e-01,3.703042463570217491e-01,-1.067495821914765628e+02,2.896879821101152608e+00
3.474999999999948130e+00,2.232154550123746362e-01,2.214695169786061735e-01,-7.487350270309309508e+02,2.866933891717221794e+00
3.479999999999948024e+00,2.257963432103393953e-01,2.643990936722828144e-01,-2.834529691104984295e+02,3.083672581058531925e+00
3.484999999999947917e+00,2.275453426741350926e-01,2.795131659839408256e-01,-1.574513994456018509e+02,3.225463468777965748e+00
3.489999999999947811e+00,2.303225448334174086e-01,4.081847447366241943e-01,-6.986757594295803528e+02,2.715616432652376400e+00
3.494999999999947704e+00,2.330769274359804355e-01,9.626895442146570225e-01,7.614958205662409227e+02,3.239800369375734235e+00
3.499999999999947597e+00,2.348785619453481466e-01,1.287461096900464619e-01,-1.527420455343499270e+02,3.100279501958900674e+00
3.504999999999947491e+00,2.380429761416296697e-01,4.987824641148420612e-01,-8.707525068528514112e+02,2.491244252820519200e+00
3.509999999999947384e+00,2.402214883065025841e-01,9.381515326497117391e-01,1.036402783486349790e+03,3.345775408529769290e+00
3.514999999999947278e+00,2.416659187592254121e-01,-5.257176873483240115e-02,-4.538686521795581825e+02,2.894292543781871618e+00
3.519999999999947171e+00,2.448633205464334772e-01,4.192819632164169197e-01,-9.069199927035294877e+02,2.511771487696729643e+00
3.524999999999947065e+00,2.466346930271238191e-01,8.980306531543040816e-01,1.092053934365664873e+03,3.146873951429224991e+00
3.529999999999946958e+00,2.479129674923407911e-01,-3.657851129201494800e-02,-3.082331284370878848e+02,2.723362687369168533e+00
3.534999999999946851e+00,2.503884480932588863e-01,3.274699938913330777e-01,-4.611190443940296859e+02,2.404344956490869656e+00
3.539999999999946745e+00,2.516686573952686690e-01,8.304255831158936507e-01,1.092455967374121883e+03,2.533564944414804732e+00
3.544999999999946638e+00,2.526936511289244458e-01,-2.099612610368896681e-01,-4.303048487757329212e+02,1.809346277583178342e+00
3.549999999999946532e+00,2.537077556460139993e-01,2.264538037877285998e-02,-6.227547705877058206e+02,6.194265608242075505e-01
3.554999999999946425e+00,2.540863112838730453e-01,2.529503680376615771e-01,7.402907919195528166e+02,6.539735411236243801e-01
3.559999999999946318e+00,2.535876333013289963e-01,-2.914152260909906866e-01,-1.744292497090677898e+02,-4.329552169890439339e-01
3.564999999999946212e+00,2.543067014489823197e-01,6.232161415374493432e-03,-6.286971911264523669e+02,-1.525826544839207211e+00
3.569999999999946105e+00,2.549161033654687714e-01,3.297895489978337480e-01,4.111547212292009590e+02,-1.656824410680327153e+00
3.574999999999945999e+00,2.553551318432377149e-01,2.466914052301727445e-02,5.682885154005430905e+01,-2.227317766607668226e+00
3.579999999999945892e+00,2.560217922273392843e-01,-3.997006352940339624e-02,-5.113333285340930843e+02,-2.769773102748997129e+00
3.584999999999945786e+00,2.569912595198681204e-01,3.878992750272124423e-01,4.078712594190691334e+02,-2.419778875742115698e+00
3.589999999999945679e+00,2.574302161965574265e-01,8.849783253674584071e-02,7.509909289027039847e+01,-2.580956737570185844e+00
3.594999999999945572e+00,2.581888700637230971e-01,1.092711601297106233e-01,-3.413320537211710644e+02,-2.786594471884265900e+00
3.599999999999945466e+00,2.588403549561553718e-01,1.456478448121309166e-01,1.022096288668265629e+02,-2.645849928921895078e+00
3.604999999999945359e+00,2.591751171133733211e-01,2.071595919079562143e-02,-2.955837222883485271e+00,-2.394472404524465858e+00
3.609999999999945253e+00,2.596108922530576124e-01,-6.573414198182341017e-02,-3.206719753408374913e+02,-2.498752513172024958e+00
3.614999999999945146e+00,2.601101705218062943e-01,7.543755023187320718e-02,-1.013664424286320020e+01,-2.189408901384465533e+00
3.619999999999945040e+00,2.603152163847287093e-01,1.429784532998487345e-01,1.093095483832533006e+02,-2.100098247175369082e+00
3.624999999999944933e+00,2.604550633078963062e-01,4.298943314256992165e-02,6.149870651521408860e+01,-1.858398032273614442e+00
3.629999999999944826e+00,2.601295169612228286e-01,-2.146768295964120166e-01,-2.265268124229965849e+02,-1.511425992233968341e+00
3.634999999999944720e+00,2.603594349145312292e-01,8.371019340392871211e-02,1.500273500133112634e+02,-8.933301208578117159e-01
3.639999999999944613e+00,2.600750269976099260e-01,4.202915140053940790e-02,1.165006549953955073e+02,-1.620461438755441963e-01
3.644999999999944507e+00,2.605154980510761553e-01,-8.624769781387689460e-02,-4.989289782998259284e+02,1.616861065747950688e-01
3.649999999999944400e+00,2.602865695800462564e-01,-4.096218846168019900e-01,-7.060559361232653828e+02,5.567505674532645665e-01
3.654999999999944293e+00,2.607577147755137381e-01,-2.280859916280245786e-02,-1.824782297317912878e+02,7.389885555040511811e-01
3.659999999999944187e+00,2.624076995037137316e-01,1.002960617486202549e-01,-2.768738255985433625e+02,7.555747155145733363e-01
3.664999999999944080e+00,2.638708041652713665e-01,5.870341491185223637e-01,-6.813603309612035730e+01,2.661723050514422373e-01
3.669999999999943974e+00,2.653638529851574668e-01,2.679876404390650335e-01,1.320786019393164423e+01,2.573514157539880109e-01
3.674999999999943867e+00,2.675042361636921218e-01,4.304171022849973549e-01,-9.482561323866835323e+01,1.276762175852625969e-01
3.679999999999943761e+00,2.688249452169170217e-01,3.349151621222423714e-02,-3.313066118930539119e+02,2.609423281546832118e-01
3.684999999999943654e+00,2.716283237394219729e-01,2.942986989201925030e-01,-1.480385814493643011e+02,5.189362066003047058e-01
3.689999999999943547e+00,2.726039426033927127e-01,8.262477883516181065e-02,2.117086189225840087e+02,4.682447628100366299e-01
3.694999999999943441e+00,2.745546317171769779e-01,3.926194774837376000e-01,-2.503163320169848660e+01,1.638646361951339725e-01
3.699999999999943334e+00,2.765277387901304285e-01,2.481406070902687500e-01,-2.810519597584591907e+02,3.090823213179135776e-01
3.704999999999943228e+00,2.802070486550613526e-01,7.247273093610742123e-01,-1.477374356852747894e+02,3.150718997521083642e-01
3.709999999999943121e+00,2.830674067521408155e-01,4.966733470969533215e-01,-5.955389596337180791e+01,5.013184674536153018e-02
3.714999999999943014e+00,2.855102113457215207e-01,3.527517714839329965e-01,-2.492816289436595696e+02,1.551337028442059673e-01
3.719999999999942908e+00,2.878525725534462065e-01,8.643906713548282772e-01,7.013856179812024720e+02,6.069010544524506834e-01
3.724999999999942801e+00,2.901565459294788152e-01,4.013262010040708483e-01,-1.268758672041860507e+02,1.405937331738025819e-01
3.729999999999942695e+00,2.926242288068482411e-01,6.913344171602064936e-01,4.505408835599797612e+02,4.337705826111803442e-01
3.734999999999942588e+00,2.946059305859813904e-01,3.337089361836061974e-01,-8.158453547163458097e+01,1.506287506422848699e-02
3.739999999999942482e+00,2.968703904559083506e-01,3.741967256814943688e-01,-9.345328779030971589e+01,2.244188399689762969e-01
3.744999999999942375e+00,2.988391274866120662e-01,4.292950950072944027e-01,7.353844544711394349e+01,4.026606109945632395e-02
3.749999999999942268e+00,3.008929638789240024e-01,5.146163330254597268e-01,1.138255811391626793e+02,7.457642872663086675e-02
3.754999999999942162e+00,3.036360730364870975e-01,9.102680678508221490e-01,2.327050934776193571e+02,-3.904578075395985781e-01
3.759999999999942055e+00,3.111087145554494171e-01,1.767411493513470599e+00,2.129006279976279359e+02,-7.258707672147829415e-01
3.764999999999941949e+00,3.200416244875318172e-01,1.786113048388879854e+00,2.848999694702094487e+01,-1.557746039255084813e+00
3.769999999999941842e+00,3.273763559856410765e-01,1.148743355186378379e+00,-3.690439593318033644e+02,-1.981187915197415217e+00
3.774999999999941735e+00,3.320460710195466403e-01,5.953612507681574906e-01,-2.269238029479191425e+02,-1.707965243460186855e+00
3.779999999999941629e+00,3.335538518500664185e-01,1.220569176431874764e-01,-2.240855609964821937e+01,-1.760449378453917024e+00
3.784999999999941522e+00,3.315225538241305947e-01,-6.627859156808144636e-01,-4.222730480972327882e+01,-1.767158467930496801e+00
3.789999999999941416e+00,3.259475351818707511e-01,-1.373036816716070030e+00,-1.842631049425384333e+02,-1.742976829969683283e+00
3.794999999999941309e+00,3.170806383820065633e-01,-1.993927269072953701e+00,-1.333056176721163695e+02,-1.558973629496286595e+00
3.799999999999941203e+00,3.053312684940784894e-01,-2.568258026225574753e+00,-1.008172304401501407e+02,-1.333679967497262364e+00
3.804999999999941096e+00,2.907951394859368821e-01,-3.158753907166306885e+00,-1.774663570293610064e+02,-1.360142802242572779e+00
3.809999999999940989e+00,2.736464566221889494e-01,-3.587625529844556294e+00,-9.894042967878723616e+00,-1.153024365046447119e+00
3.814999999999940883e+00,2.536979064480217039e-01,-4.184739897166475764e+00,-1.109822665327928348e+02,-9.295478579622042936e-01
3.819999999999940776e+00,2.320834518230073806e-01,-4.417754499275738489e+00,-1.264377675782271666e+02,-3.238125726799387927e-01
3.824999999999940670e+00,2.105609706082884613e-01,-4.231063858948107104e+00,1.297904036770057168e+01,6.473365741237553372e-01
3.829999999999940563e+00,1.908084392855679545e-01,-3.629289795935345175e+00,2.929714541241295365e+02,2.290957992483195760e+00
3.834999999999940457e+00,1.759112443372837231e-01,-2.424871628494175368e+00,3.822235029494020750e+02,3.539097991958535694e+00
3.839999999999940350e+00,1.850867457703294916e-01,2.547499892212246486e+00,-1.333682500995334408e+02,1.037311520327156567e+00
3.844999999999940243e+00,1.886749230938173927e-01,6.722047055728131992e-01,7.860186704538116373e+02,2.805042059215359096e+00
3.849999999999940137e+00,1.918698799381764186e-01,3.247253963722283032e-01,-6.469105770270811036e+02,2.771556240471709565e+00
3.854999999999940030e+00,1.944957598897034401e-01,6.274633635629418560e-01,7.348972388849819026e+01,2.454129841653291066e+00
3.859999999999939924e+00,1.978770212908147474e-01,-4.474640349199873746e-02,-1.317969143123144022e+03,2.242376711591385963e+00
3.864999999999939817e+00,2.011468851850298223e-01,1.575251596326174841e+00,1.654239350025509566e+03,3.270809604107403068e+00
3.869999999999939710e+00,2.041782459383558734e-01,-7.255941343405743205e-02,-1.373886229090009920e+03,2.148713580124283151e+00
3.874999999999939604e+00,2.080542512942380184e-01,1.605073775129925329e+00,1.593552984082469038e+03,3.259813053320479881e+00
3.879999999999939497e+00,2.102191066490841365e-01,-2.028574533546849967e-01,-1.340818104760560573e+03,2.260523993773827733e+00
3.884999999999939391e+00,2.138961732723436149e-01,1.335712121031173982e+00,1.260750129864920609e+03,3.291810622486649240e+00
3.889999999999939284e+00,2.144593818483795378e-01,-2.968879408013777033e-01,-1.072095142668369590e+03,2.425239929234531466e+00
3.894999999999939178e+00,2.176566266208252720e-01,8.969527774961429945e-01,9.779751106909736791e+02,3.346927000981236855e+00
3.899999999999939071e+00,2.182100103663205115e-01,1.619364923512223997e-01,-6.640101855346866842e+02,2.403965854490122123e+00
3.904999999999938964e+00,2.208927128513669402e-01,6.821345189390600749e-01,9.536695483241816191e+02,3.294969926282337536e+00
3.909999999999938858e+00,2.219908965919707156e-01,3.170987322726721569e-01,-7.432267627706853546e+02,2.293314413204356583e+00
3.914999999999938751e+00,2.236379704651257905e-01,6.194060910393626163e-01,5.198344140240627667e+02,3.088003379101963208e+00
3.919999999999938645e+00,2.249913780031279897e-01,2.181818210173602779e-01,4.594045740017146784e+01,3.053928938134196081e+00
3.924999999999938538e+00,2.263103828664537742e-01,1.500490481546092325e-01,-1.626749968743606303e+02,2.893462487283189333e+00
3.929999999999938431e+00,2.278404202108087195e-01,6.635942843705697758e-01,6.209611576228195418e+02,3.149234285052778581e+00
3.934999999999938325e+00,2.286657957209269620e-01,-9.835310207128513879e-03,-9.332425244850689694e+01,2.678198508718393267e+00
3.939999999999938218e+00,2.300210003965674488e-01,8.115190671415609125e-02,-3.933299501377196634e+02,2.896543000473609908e+00
3.944999999999938112e+00,2.312770827571228593e-01,4.276619714145746820e-01,2.683818807565154998e+02,2.970244278105988567e+00
3.949999999999938005e+00,2.330202759631569143e-01,-2.192909118830676241e-01,-7.245491337034494563e+02,2.652199561961400054e+00
3.954999999999937899e+00,2.347988571697337545e-01,1.538188390500170588e-01,-5.954070340376949844e+02,2.319684501510001162e+00
3.959999999999937792e+00,2.357800954616106892e-01,6.077806062663766440e-01,7.863512542649289117e+02,2.603592558321896622e+00
3.964999999999937685e+00,2.361121675428597688e-01,-7.763141045593363598e-02,-7.394073528352448932e+01,1.878652223755105988e+00
3.969999999999937579e+00,2.366130753736773729e-01,5.060797980299629184e-02,-2.628921713248442984e+02,1.005344856834879508e+00
3.974999999999937472e+00,2.369235623858318152e-01,3.135401740782965962e-01,6.233272644017298489e+02,1.570424394854652572e-02
3.979999999999937366e+00,2.364528471072970817e-01,-5.054134793973080741e-02,1.692359368948399094e+02,-9.854253025526859000e-01
3.984999999999937259e+00,2.363847988706450631e-01,-9.370297043171910145e-02,-3.888136050237835093e+02,-2.082415552900136468e+00
3.989999999999937152e+00,2.371659592803176952e-01,6.464142922660422175e-02,-8.304658033162542097e+01,-2.245434957265117770e+00
3.994999999999937046e+00,2.372390126211496586e-01,1.657403835594264130e-01,3.452974182335736941e+02,-2.192045976790585993e+00
3.999999999999936939e+00,2.378784215279100833e-01,9.289092592664124903e-03,-6.036186874081409997e+02,-2.864610968067502927e+00
4.004999999999936833e+00,2.383888184690615697e-01,1.148781706628089344e-01,-6.016099927906214617e+01,-2.560558305828493530e+00
4.009999999999936726e+00,2.388067856019636115e-01,9.367617685133360073e-02,1.260239611747778525e+02,-2.412129794851594511e+00
4.014999999999936620e+00,2.390233948781995410e-01,-1.002826537923322825e-01,-2.265712301868884424e+02,-2.556780556595064979e+00
4.019999999999936513e+00,2.396337212974681552e-01,5.237353660718569413e-03,-1.346066746189290200e+02,-2.472189126234863643e+00
4.024999999999936406e+00,2.396693860160204470e-01,7.225466649861617130e-02,1.950576919545382850e+02,-2.204533817680683683e+00
4.029999999999936300e+00,2.395450893399843073e-01,-1.530645099815337862e-01,-1.588397459530856395e+02,-2.373655601293538364e+00
4.034999999999936193e+00,2.396559566151298948e-01,-1.933686469959539633e-01,-3.182060667484478813e+02,-2.287991105023546190e+00
4.039999999999936087e+00,2.391876167410673104e-01,-9.794422875242222992e-02,2.030286265836594595e+01,-1.816799181903322902e+00
4.044999999999935980e+00,2.388681195271288860e-01,-9.098964133078746297e-02,-1.202255918255460045e+02,-1.314364715433876896e+00
4.049999999999935874e+00,2.389553604392428421e-01,-9.336043172606534046e-02,-4.636223057682854254e+00,-5.999945316790817884e-01
4.054999999999935767e+00,2.393621546389961829e-01,9.165889358229237227e-02,2.584453497502944970e+02,1.347476528039484034e-01
4.059999999999935660e+00,2.394468508804331042e-01,-1.525723302231616063e-01,-1.021555194302453629e+02,3.225130645171559451e-01
4.064999999999935554e+00,2.406969147112140717e-01,1.386412697201032107e-01,1.301668829427071614e+02,4.436272029157751762e-01
4.069999999999935447e+00,2.418702345847671964e-01,2.553317091373956127e-01,4.017916138743674814e+00,3.015433983082462244e-01
4.074999999999935341e+00,2.433775747265462530e-01,5.487408147866552621e-01,1.190329574618434378e+02,2.151026181831252881e-01
4.079999999999935234e+00,2.444457174078116801e-01,-9.314040438187833060e-02,-2.888836755363148541e+02,3.274799331224481636e-01
4.084999999999935127e+00,2.460606943032345451e-01,2.794082728287692885e-01,-1.301425515142819052e+02,1.405539508550795180e-01
4.089999999999935021e+00,2.486447409223832283e-01,4.244729832350283560e-01,-1.701256775658404763e+02,2.285733006703256631e-01
4.094999999999934914e+00,2.508131089144848835e-01,6.879067335435402608e-01,1.089764538404743490e+02,2.478599299744881357e-01
4.099999999999934808e+00,2.529704645672253283e-01,2.968226309078578207e-01,-1.661184737296959497e+02,-2.424023786466959762e-01
4.104999999999934701e+00,2.551421528597127564e-01,4.772297663566101855e-01,-3.194558265550780618e+01,-1.328874315171474918e-01
4.109999999999934595e+00,2.572588686026584526e-01,4.105274838229630574e-01,8.507631840038662574e+00,3.474955951117633668e-02
4.114999999999934488e+00,2.599190159597943306e-01,4.475331707120488445e-01,-4.238293767850586136e+01,8.762856009170366667e-02
4.119999999999934381e+00,2.622587832882817827e-01,5.925172992139629002e-01,2.644146544872212417e+02,3.236273533294420357e-01
4.124999999999934275e+00,2.645660299810538851e-01,5.912424065942581963e-01,2.022362719388010532e+02,-1.939493915607681529e-01
4.129999999999934168e+00,2.673198701113004283e-01,5.235350819641180209e-01,-8.284165189917473526e+01,-3.125060761337342119e-01
4.134999999999934062e+00,2.686711299833609012e-01,6.000341919500442600e-01,3.439347883400243973e+02,8.041612803989314773e-02
4.139999999999933955e+00,2.707269666615239045e-01,3.855161557263953043e-01,1.945831062116864629e+01,-3.865554444288990532e-01
4.144999999999933848e+00,2.734581949248077182e-01,3.829406312372650723e-01,-2.674429511308294991e+02,-2.061202442104372867e-01
4.149999999999933742e+00,2.791070558703497295e-01,1.622093875083337799e+00,1.505882781283264933e+02,-2.747993276810098973e-01
4.154999999999933635e+00,2.890827424272771062e-01,2.003903626419090589e+00,-1.900375740717802842e+02,-1.249509361186974088e+00
4.159999999999933529e+00,2.998847769780825789e-01,2.062668515212876308e+00,-1.251568548880395753e+02,-1.560171187276100158e+00
4.164999999999933422e+00,3.090247420643404408e-01,1.495223163486891771e+00,-3.319582227791106561e+02,-2.020999481881053939e+00
4.169999999999933316e+00,3.156160110457452150e-01,1.074844017401750840e+00,-1.675617214241280806e+02,-1.822091312912553551e+00
4.174999999999933209e+00,3.194674810863428194e-01,6.253268196134104118e-01,-2.464371551033790908e+01,-1.942271793816715109e+00
4.179999999999933102e+00,3.194082744636341231e-01,-2.761423850315203321e-01,-1.829124554213293550e+02,-2.128350180090670563e+00
4.184999999999932996e+00,3.161399777492822083e-01,-8.653866147841299261e-01,1.776651718141664205e+01,-1.714363778233122027e+00
4.189999999999932889e+00,3.098077063833769573e-01,-1.454879514329797896e+00,-1.797748595842285013e+01,-1.660334505049372744e+00
4.194999999999932783e+00,3.005771227967081183e-01,-2.084127601756989190e+00,-1.992429132353572072e+02,-1.653349354107262803e+00
4.199999999999932676e+00,2.884428569431587430e-01,-2.680728720010004285e+00,-2.169422000856416162e+02,-1.503054451183819973e+00
4.204999999999932569e+00,2.743534263813964258e-01,-2.874552574988479048e+00,4.139922880039963360e+01,-1.094198198532747135e+00
4.209999999999932463e+00,2.582187281535350265e-01,-3.274932038996007932e+00,2.990575765828665311e+01,-1.108480614342235437e+00
4.214999999999932356e+00,2.405273296621256440e-01,-3.614391622756593314e+00,4.927548828812523851e+01,-9.450073044973621439e-01
4.219999999999932250e+00,2.213854890065316550e-01,-3.866748545939948212e+00,-5.158256052063753927e+00,-7.462372802747707645e-01
4.224999999999932143e+00,2.018760258110106898e-01,-3.914270358380369519e+00,1.695797391103833007e+01,-2.412161510765140626e-01
4.229999999999932037e+00,1.819290722930334558e-01,-3.979974789884143771e+00,6.432064817938683632e+01,1.071204854534228978e-01
4.234999999999931930e+00,1.617052904804176516e-01,-3.932242941213113241e+00,-2.100139148452070614e+01,6.003604385809826471e-01
4.239999999999931823e+00,1.427702093040974507e-01,-3.530090140196134652e+00,2.881039479336998284e+02,1.400652935026728496e+00
4.244999999999931717e+00,1.267867791933053323e-01,-2.956113582117499305e+00,7.641267473839857871e+01,2.600245130919336400e+00
4.249999999999931610e+00,1.157942726962715996e-01,-1.801012454650943395e+00,1.097843614877023413e+02,3.410538851388145165e+00
4.254999999999931504e+00,1.102683355743104138e-01,-7.346444404584422383e-01,9.568830795923574328e+01,3.350164751666153684e+00
4.259999999999931397e+00,1.106546980305099237e-01,3.929820219115248703e-01,1.217004777938368143e+01,2.946594024322082728e+00
4.264999999999931291e+00,1.124852555809872229e-01,3.875300127753738555e-01,-1.442343853309235313e-01,3.412360962113430762e+00
4.269999999999931184e+00,1.153540155580248250e-01,5.915889485259997332e-02,-1.269714753022842615e+03,3.017173637448690826e+00
4.274999999999931077e+00,1.175490588525482938e-01,7.809372682308900471e-01,6.845281103590677958e+02,3.355858406196505328e+00
4.279999999999930971e+00,1.210359695427924709e-01,8.836900524276150581e-02,-1.579441274259101874e+03,2.531322357664408607e+00
4.284999999999930864e+00,1.242450776747069524e-01,1.021135060327820865e+00,1.164773159790658838e+03,3.632642014983675338e+00
4.289999999999930758e+00,1.267417115784586490e-01,-3.482507190654449396e-03,-1.400209343480591770e+03,2.804943666273801206e+00
4.294999999999930651e+00,1.300808795360234305e-01,1.014248583584141272e+00,1.119436745784357072e+03,3.839574298777537642e+00
4.299999999999930544e+00,1.317947934815198452e-01,-1.277289159119319173e-01,-1.328427142044857874e+03,3.081817628575951318e+00
4.304999999999930438e+00,1.349563074615992841e-01,9.012744018544132096e-01,1.059768311257150572e+03,3.997669123344441022e+00
4.309999999999930331e+00,1.363136689437472460e-01,-2.246771910210568490e-01,-1.261557161287277722e+03,3.326860891341564042e+00
4.314999999999930225e+00,1.393644530768706202e-01,7.868212254839428432e-01,9.337680109656890863e+02,4.159848793854561855e+00
4.319999999999930118e+00,1.402646942817473985e-01,-1.971424522834643589e-01,-1.112486504363627319e+03,3.443324327225439241e+00
4.324999999999930012e+00,1.430044308805843989e-01,5.280720267287201120e-01,7.145832460296230693e+02,4.197664056324358128e+00
4.329999999999929905e+00,1.437564567646766878e-01,1.800846573172142431e-02,-8.242310789418772856e+02,3.539139191763068570e+00
4.334999999999929798e+00,1.455202034775478770e-01,3.855629632591862643e-01,8.698262632884276400e+02,4.312312647962153633e+00
4.339999999999929692e+00,1.471835856139493137e-01,-1.923528105461017323e-01,-1.322188158914963196e+03,3.397878113583250759e+00
4.344999999999929585e+00,1.482456286501415144e-01,6.705167413502378659e-01,9.762929025481657845e+02,4.259813176825174352e+00
4.349999999999929479e+00,1.498368046397943465e-01,-4.389469060844062298e-01,-1.089316491490493263e+03,3.605164265113955935e+00
4.354999999999929372e+00,1.514175929883194160e-01,3.998244239485350127e-01,1.970770590148174506e+02,4.085332594276040119e+00
4.359999999999929265e+00,1.524830719982626370e-01,7.803616994783260652e-02,-3.586679945177479567e+01,3.747399361378465521e+00
4.364999999999929159e+00,1.539053233450932145e-01,3.056870067567015181e-01,1.335974118181335655e+02,3.926907915810287530e+00
4.369999999999929052e+00,1.551579459022156271e-01,2.570498950785862768e-01,2.973122291463528555e+01,3.813460287032464979e+00
4.374999999999928946e+00,1.565041511831581078e-01,1.942532241733657405e-01,1.258484195104796299e+02,3.793885736828864541e+00
4.379999999999928839e+00,1.577756539071700770e-01,-6.980780878486135543e-02,-7.386018495636151329e+02,3.285061765536320788e+00
4.384999999999928733e+00,1.593682958404235017e-01,7.176944112878202997e-01,5.605200065239465630e+02,3.876553615670460751e+00
4.389999999999928626e+00,1.600626753428082416e-01,7.692115148096172715e-03,-1.248607988947267984e+02,3.119367065763945845e+00
4.394999999999928519e+00,1.604273650215332636e-01,8.314505300557492595e-02,8.441401985479100176e+02,4.025308953979765292e+00
4.399999999999928413e+00,1.612878206818406657e-01,8.334753905079435310e-02,-1.905876258498518609e+02,2.960137124894809624e+00
4.404999999999928306e+00,1.623941441928101470e-01,1.658052066641393651e-01,-1.286316437185788430e+01,3.065004548807703344e+00
4.409999999999928200e+00,1.630014436812449730e-01,-4.779159227680160327e-02,-2.487914910764031617e+02,2.025249948456741667e+00
4.414999999999928093e+00,1.637242887859834961e-01,2.648674085281845225e-01,1.807116378660418547e+02,1.672787655910611626e+00
4.419999999999927986e+00,1.640128118455092543e-01,5.737524998848639139e-03,3.685022630333065763e+01,3.690582531542967448e-01
4.424999999999927880e+00,1.641644933990660526e-01,-8.235902251461482693e-02,-1.309484335564497428e+02,-5.997214276769828878e-01
4.429999999999927773e+00,1.650042675479099774e-01,2.479555736706761937e-01,9.070845153643381309e+01,-1.325337984353915477e+00
4.434999999999927667e+00,1.655380208629323724e-01,2.137362390921211386e-01,2.318708968384929108e+02,-1.625738300550450655e+00
4.439999999999927560e+00,1.658741272609692841e-01,3.556252982319234833e-03,-2.359762243471025158e+02,-1.849522562666569003e+00
4.444999999999927454e+00,1.665246294433288810e-01,-1.837446381359251757e-01,-5.019783486986460730e+02,-2.059323692495699021e+00
4.449999999999927347e+00,1.667738952621341531e-01,6.816241052052506022e-02,1.158957474662007030e+02,-1.699931801119781927e+00
4.454999999999927240e+00,1.669567266318628118e-01,-1.310105642699012363e-01,-8.438325845610818021e+01,-1.843831268619784192e+00
4.459999999999927134e+00,1.674897537883542342e-01,7.592299574003178592e-03,-5.825577279963676602e+01,-1.818249771956955030e+00
4.464999999999927027e+00,1.676772907283536063e-01,1.999334245296795209e-01,2.709600408871055492e+02,-1.670207620777992119e+00
4.469999999999926921e+00,1.676133258582220287e-01,-3.389952596670332829e-02,1.270676902107853756e+01,-1.343559908510231882e+00
4.474999999999926814e+00,1.675159227525175598e-01,-7.934401408643777798e-02,-4.039790140885191505e+01,-7.969913568597614129e-01
4.479999999999926708e+00,1.678041808131719159e-01,4.636396597211744908e-02,7.574866100313147399e+01,-9.057974116269314202e-02
4.484999999999926601e+00,1.681368758252086981e-01,2.954550334386214505e-01,4.142841120743892702e+02,3.529015291642669250e-01
4.489999999999926494e+00,1.690474679803312119e-01,7.909521142920591386e-01,1.044882546285674607e+03,7.063779084727447310e-01
4.494999999999926388e+00,1.701064064894679817e-01,3.941763959628915431e-02,-5.578352244418308601e+02,2.067629990623044978e-01
4.499999999999926281e+00,1.718576511190595124e-01,7.247456835372034778e-01,7.904562942798140739e+02,5.040708905627983016e-01
4.504999999999926175e+00,1.741495716142535677e-01,1.171783831494894512e+00,1.177366149050108106e+03,4.167654346288664491e-01
4.509999999999926068e+00,1.778701561082259575e-01,8.840873405016321795e-01,-3.299515101297034221e+02,-3.679070916264207680e-01
4.514999999999925961e+00,1.814874904438039116e-01,9.943456008470203944e-01,1.848721754200677481e+02,-1.591709454443644423e-01
4.519999999999925855e+00,1.844986974766222865e-01,3.084014684413544094e-01,-1.811865032855831430e+02,-1.274585453949970693e-01
4.524999999999925748e+00,1.876700316273572644e-01,4.616618472628217229e-01,-9.218857184803151483e+01,-2.251463917573398588e-01
4.529999999999925642e+00,1.920798339554686263e-01,5.443781490746166796e-01,-2.515953438653566252e+02,-4.738720943891334692e-01
4.534999999999925535e+00,1.959773768683616690e-01,7.734999339945443086e-01,-2.761784188854876447e+02,-4.417510772177206668e-01
4.539999999999925429e+00,2.008749536453074969e-01,1.047439586363192454e+00,-5.826430739226649536e+01,-4.531875209028920493e-01
4.544999999999925322e+00,2.046060158624892211e-01,7.608549781862845585e-01,1.133334951548683023e+02,-6.169909511770321764e-01
4.549999999999925215e+00,2.084699499022621971e-01,7.075366184696607608e-01,8.552123985713502918e+01,-7.389743075981822784e-01
4.554999999999925109e+00,2.127371977575011341e-01,8.001850064702563659e-01,-2.326719195803647011e+01,-1.062671512123202433e+00
4.559999999999925002e+00,2.153792607082829769e-01,2.918991277467379297e-01,-2.903649505890774662e+02,-1.126964577234375042e+00
4.564999999999924896e+00,2.180426616540521445e-01,4.787510886993928128e-01,-2.677027810049255763e+01,-1.042096352850411689e+00
4.569999999999924789e+00,2.198035484501782710e-01,5.863388693211822877e-01,4.822728687461782897e+02,-9.248905483552251061e-01
4.574999999999924682e+00,2.211319704596981517e-01,1.999539204813277349e-01,-8.549413671202036369e+01,-7.720968382610388092e-01
4.579999999999924576e+00,2.222560355342695360e-01,1.296678479823007157e-01,-1.045886924094347421e+02,-4.746209088890122052e-01
4.584999999999924469e+00,2.225939770816204311e-01,-4.551299370360732399e-01,-7.737172488883558117e+02,-5.677731763949736554e-02
4.589999999999924363e+00,2.233283728929894851e-01,1.385610902167839220e-01,-1.434386642991706253e+02,1.371246984037065575e-01
4.594999999999924256e+00,2.237921534738822049e-01,1.181956018032149225e-01,1.375355060859460536e+02,2.358727478971869851e-02
4.599999999999924150e+00,2.242452871401610648e-01,1.375409584583627554e-01,1.663277884227115067e+02,1.726055245330539445e-01
4.604999999999924043e+00,2.247565389548754067e-01,1.499517387137506153e-01,2.772661203683297160e+01,2.134035015331676444e-01
4.609999999999923936e+00,2.257967714056554609e-01,2.565200295445437262e-01,7.384352545237817367e+01,2.547751650073137863e-01
4.614999999999923830e+00,2.268647220613908277e-01,3.327375582670069054e-01,4.610852782372994341e+01,-1.409744934541409811e-01
4.619999999999923723e+00,2.283715638483803101e-01,4.250660774003740539e-01,1.057970321739678354e+02,-1.697734422438868518e-01
4.624999999999923617e+00,2.301938011680758067e-01,4.677395353122360544e-01,6.525061107107909208e+01,-2.163742301702995807e-01
4.629999999999923510e+00,2.325345949320108963e-01,5.800609948896580104e-01,6.897989778222290624e+01,-2.470752960192614811e-01
4.634999999999923403e+00,2.349359298440010790e-01,5.753862753133480723e-01,7.384901987863516126e+01,-6.990151940577529199e-01
4.639999999999923297e+00,2.371376703166020172e-01,5.735924884060672468e-01,1.897053028445339180e+02,-6.885642943113788883e-01
4.644999999999923190e+00,2.392737376715765585e-01,4.785994317159143474e-01,4.553669778522477429e+01,-8.169827418088836390e-01
4.649999999999923084e+00,2.411610767834159730e-01,4.683659476880949746e-01,8.624542799738308929e+01,-8.951885313963749979e-01
4.654999999999922977e+00,2.424281258378711279e-01,3.039377253250578614e-01,8.619062839901572204e+01,-1.236617037997024493e+00
4.659999999999922871e+00,2.430298695224524796e-01,1.505372823816377714e-01,3.497999552413058666e+01,-1.209564518550217516e+00
4.664999999999922764e+00,2.432283952091898183e-01,1.044207068876664563e-01,7.253215759097072635e+01,-1.201438263067638346e+00
4.669999999999922657e+00,2.426200101148182353e-01,-9.165646041363939567e-02,6.901666133345996457e+01,-1.482366754055942648e+00
4.674999999999922551e+00,2.413612645161893056e-01,-2.491831887244520816e-01,-6.871422537910883754e+00,-1.407387545735489187e+00
4.679999999999922444e+00,2.398460338948626425e-01,-2.078360634061715839e-01,1.023172561878800764e+02,-1.362148391610604747e+00
4.684999999999922338e+00,2.377952004287704757e-01,-3.610207129741729859e-01,9.872010873309960743e+01,-1.553467005026095471e+00
4.689999999999922231e+00,2.355678346226178499e-01,-4.165479682339603973e-01,1.813198695199137944e+01,-1.489844271829922295e+00
4.694999999999922125e+00,2.332807805120169498e-01,-3.222945993499374273e-01,1.225547449980946482e+02,-1.443728680901663841e+00
4.699999999999922018e+00,2.307209439203634083e-01,-4.218042001180853373e-01,1.415093469091950737e+02,-1.600804882107615956e+00
4.704999999999921911e+00,2.283486627932878321e-01,-4.821829350630194022e-01,-4.319803417539266555e+00,-1.520246483133729676e+00
4.709999999999921805e+00,2.256945445787282567e-01,-5.085220224173856440e-01,8.557248811118337528e+01,-1.422254308606780260e+00
4.714999999999921698e+00,2.225499549281231282e-01,-6.268420316015427263e-01,9.273874268739535864e+01,-1.482681938073248329e+00
4.719999999999921592e+00,2.188908601425852418e-01,-7.453811385710057413e-01,4.674471224581956363e+01,-1.340425590998513883e+00
4.724999999999921485e+00,2.148518265274803885e-01,-7.441432938608337766e-01,1.823492872490389232e+02,-1.374660265867971631e+00
4.729999999999921378e+00,2.106853625367818006e-01,-8.307847674096844326e-01,4.771160741645169168e+01,-1.209264987305573413e+00
4.734999999999921272e+00,2.067359940445024080e-01,-7.545305606496186535e-01,2.438824273608713611e+01,-1.078089023019086712e+00
4.739999999999921165e+00,2.030411510803664943e-01,-6.477570386770101774e-01,1.391344538571104863e+02,-1.047271600834095207e+00
4.744999999999921059e+00,1.997990415640209516e-01,-5.298677460604382938e-01,8.260150330377459227e+01,-1.038617681221091882e+00
4.749999999999920952e+00,1.979841743457030345e-01,-1.562472574711320783e-01,1.743762332839099258e+02,-1.256268749026403508e+00
4.754999999999920846e+00,1.982478650367644479e-01,3.200484836029990343e-01,2.197729295847289848e+02,-1.604951586352543869e+00
4.759999999999920739e+00,1.994086279890034674e-01,4.577124281812857687e-01,5.564815415462845749e+02,-1.731487023700483352e+00
4.764999999999920632e+00,2.004046835161323592e-01,-4.804769562637941499e-02,-7.366780723928005727e+02,-1.765073877316747808e+00
4.769999999999920526e+00,2.037509273366416296e-01,9.794654898719764580e-01,1.086252918855767348e+03,-1.385405299066211349e-01
4.774999999999920419e+00,2.062598039180591203e-01,2.949784333047639207e-01,-1.202599995637074244e+03,4.255547656093315867e-01
4.779999999999920313e+00,2.098043127611449732e-01,7.110553906621850384e-01,6.171538364403966170e+02,2.461044896119486403e+00
4.784999999999920206e+00,2.122371254573276744e-01,6.252562875438369971e-01,-8.352297506326320899e+02,1.639341972180782037e+00
4.789999999999920099e+00,2.175629333932120879e-01,8.994998309925776869e-01,-9.828203822880603866e+02,1.596814936749491487e+00
4.794999999999919993e+00,2.221220574507672407e-01,4.220556272877816206e-01,-1.283012652345017614e+03,1.424393905931762960e+00
4.799999999999919886e+00,2.262711380422204044e-01,8.674812207558038057e-01,-1.578557478302815298e+02,1.999924978546731236e+00
4.804999999999919780e+00,2.315696762434782396e-01,1.431463743940191380e+00,1.200519507172194380e+03,2.370235282398661436e+00
4.809999999999919673e+00,2.356186779270013631e-01,4.220837911805094267e-01,-5.745352484529144022e+02,1.797333495937353254e+00
4.814999999999919567e+00,2.395640652479306687e-01,9.426229130260618261e-01,3.950014888089243072e+02,2.287791902798249843e+00
4.819999999999919460e+00,2.426945983175536892e-01,6.199543449110564985e-01,6.976439498284170782e+01,2.210254094845361728e+00
4.824999999999919353e+00,2.456807603460260392e-01,3.316988499879187091e-01,-3.982218576251420359e+02,2.206159072648161246e+00
4.829999999999919247e+00,2.487147017732104504e-01,3.478392417820102556e-01,-2.530613277425036927e+02,2.402300874205094861e+00
4.834999999999919140e+00,2.516107821327064897e-01,8.124932599378867915e-01,3.969510164812808171e+02,2.493405205272888558e+00
4.839999999999919034e+00,2.541502248940664122e-01,1.910588256437774357e-01,-2.725137982733901367e+02,2.509311156195201509e+00
4.844999999999918927e+00,2.570038588658303258e-01,3.094125194689875680e-01,-4.977255798397695798e+02,2.329011643806270904e+00
4.849999999999918820e+00,2.595931126852608628e-01,8.234297793964262535e-01,6.311480325585851006e+02,2.713419586885490453e+00
4.854999999999918714e+00,2.617496560235783032e-01,5.714819536244492709e-02,-3.721852161903863703e+02,2.529179793881524585e+00
4.859999999999918607e+00,2.645571707843386022e-01,3.313212635895983471e-01,-5.359867638149985396e+02,2.317842239539912974e+00
4.864999999999918501e+00,2.673538986368241832e-01,1.092959924366203373e+00,9.852829522202042654e+02,2.708359030677307544e+00
4.869999999999918394e+00,2.698266856777428169e-01,-8.883465129277771932e-02,-6.402765651948606092e+02,2.335081111750939353e+00
4.874999999999918288e+00,2.733078956210190369e-01,4.669607516525537405e-01,-7.359747600963795549e+02,2.106382221143128231e+00
4.879999999999918181e+00,2.764223373246556537e-01,1.080872910182558488e+00,1.257550317792901751e+03,2.748784010943385869e+00
4.884999999999918074e+00,2.781717477269856076e-01,-1.790299055486466451e-01,-6.002690895218477181e+02,2.393072674648965226e+00
4.889999999999917968e+00,2.803738105329979802e-01,-2.112269484333814673e-02,-7.233216005920246516e+02,2.329385958202896845e+00
4.894999999999917861e+00,2.806334520331837390e-01,-1.876843282977484206e-01,-3.621970072907554368e+02,2.549266474382003711e+00
4.899999999999917755e+00,2.833794084646821809e-01,3.557563765908646203e-01,-1.239506152675616477e+03,1.705658369383733053e+00
4.904999999999917648e+00,2.848132856189487527e-01,8.442193761559066978e-01,9.745088207185315241e+02,2.475709311423649250e+00
4.909999999999917542e+00,2.850822120173432395e-01,9.612414371879719754e-02,-1.917587762747587874e+02,2.134021515018447612e+00
4.914999999999917435e+00,2.856161725738332047e-01,4.697656669124459783e-01,6.930478463449751416e+02,2.241162033828586253e+00
4.919999999999917328e+00,2.849410018143992418e-01,-1.879950425467842301e-01,-2.407669862001133367e+02,1.743875233961058591e+00
4.924999999999917222e+00,2.844360646499210499e-01,-2.812584496382961596e-01,-2.577594188186766928e+02,2.044880604118282985e+00
4.929999999999917115e+00,2.848830638948099958e-01,1.765070531604546467e-01,3.950389305221445397e+02,1.763041632441919360e+00
4.934999999999917009e+00,2.844651460518833885e-01,-8.119002993246066113e-02,-2.998306355695630145e+02,1.189950273771169353e+00
4.939999999999916902e+00,2.844669268021317032e-01,-3.049428791113415471e-01,-1.646634400679918144e+02,4.417118955312411277e-01
4.944999999999916795e+00,2.850152480366563990e-01,1.541220990060772345e-01,-7.715460359481616024e+02,-1.337636711855259453e+00
4.949999999999916689e+00,2.853682146157122124e-01,4.344450287416134482e-01,7.701037059435423089e+02,-1.687554053344632488e+00
4.954999999999916582e+00,2.854376566213719935e-01,-3.085922029928990229e-01,-2.633204282643980605e+02,-2.676981900891588051e+00
4.959999999999916476e+00,2.857949700582428920e-01,6.568168572031785057e-02,-5.178263844089980239e+02,-3.409757035062076724e+00
4.964999999999916369e+00,2.864899691016531413e-01,-3.071970509005739758e-01,-7.525740728046777122e+02,-3.340988361157601449e+00
4.969999999999916263e+00,2.867547713886744454e-01,1.891803619676645995e-02,-2.418891010351881832e+01,-2.810158384541413312e+00
4.974999999999916156e+00,2.872825754770352846e-01,-1.901022700745018390e-01,-6.293218078149988060e+02,-3.492969706626418258e+00
4.979999999999916049e+00,2.880772729246070529e-01,-6.585632718041231626e-02,-2.788991540964141223e+02,-3.097965905300927414e+00
4.984999999999915943e+00,2.893373203067516330e-01,2.574262768374397936e-01,-3.888587354770320417e+02,-3.391227016747873524e+00
4.989999999999915836e+00,2.899512671907191197e-01,3.557376361997587333e-01,4.546489148221141932e+02,-3.162599628098724747e+00
4.994999999999915730e+00,2.910741061541466390e-01,3.452957029632058306e-01,1.960529805066057634e+02,-2.842090709122555570e+00
4.999999999999915623e+00,2.911406972425593653e-01,6.474057944712836854e-02,1.101679477853973488e+01,-2.939624889173069189e+00
5.004999999999915516e+00,2.912838405497401029e-01,-3.683734232522530017e-02,-2.053871152024448747e+02,-3.117145107353072042e+00
5.009999999999915410e+00,2.919709756505893816e-01,1.602697296301343055e-01,4.054151728860481398e+02,-2.691921342212861834e+00
5.014999999999915303e+00,2.923776338297990884e-01,3.093929463723679371e-02,-4.773215172872254897e+01,-2.602918551344730158e+00
5.019999999999915197e+00,2.924429684827224429e-01,-1.262853160266390329e-01,-1.736870514668050873e+02,-2.154993170973955152e+00
5.024999999999915090e+00,2.929875323956904754e-01,1.877016021333227092e-01,1.455552761099328620e+02,-1.490224548721717168e+00
5.029999999999914984e+00,2.933895292796855347e-01,1.081658611331828418e-01,1.154603816664392113e+01,-9.820855567775385042e-01
5.034999999999914877e+00,2.936980947344758341e-01,3.826972230410403530e-03,-6.585710309272784002e+01,-7.618104106524017927e-02
5.039999999999914770e+00,2.941358741297711021e-01,6.591287909636762976e-02,2.207890842014101196e+01,2.310722352716345351e-01
5.044999999999914664e+00,2.942132816735530398e-01,4.623018201810781547e-02,1.163703252038529712e+02,3.596159781988005899e-01
5.049999999999914557e+00,2.943054373201131058e-01,6.495899478010993926e-03,-3.380967071172949545e+01,5.716087925259978331e-01
5.054999999999914451e+00,2.948222355032579789e-01,2.219034829353798421e-01,1.557489950175323656e+02,7.828627719190071055e-01
5.059999999999914344e+00,2.953578934472747552e-01,1.845198893410859020e-01,1.757438862648254769e+02,4.532440087801273276e-01
5.064999999999914237e+00,2.963678130228944441e-01,1.889855297054549299e-01,-4.293302013502009373e+01,4.432161362353794765e-01
5.069999999999914131e+00,2.982385345156681189e-01,7.156500320611770549e-01,4.687556070875419891e+02,5.562028531599153558e-01
5.074999999999914024e+00,3.045167524428245565e-01,1.571948516173173882e+00,2.608517397696624016e+02,-4.262253854168450706e-01
5.079999999999913918e+00,3.133403933239942707e-01,1.788225716174185242e+00,-1.187846601068604144e+02,-1.216296729188469872e+00
5.084999999999913811e+00,3.211478823099379043e-01,1.369540061640130757e+00,-1.470761385275855275e+02,-1.706070629869235411e+00
5.089999999999913705e+00,3.269423484909436128e-01,9.403586459471704462e-01,-1.253870936373081264e+02,-1.655606605920621810e+00
5.094999999999913598e+00,3.297205263731216029e-01,3.250997358120421010e-01,-1.137456939197302006e+02,-1.822159109160210289e+00
5.099999999999913491e+00,3.291397850304978445e-01,-3.138592644661873932e-01,-2.078972637977048521e+01,-1.713919243943778259e+00
5.104999999999913385e+00,3.250919391024681970e-01,-1.030932394479824987e+00,-2.532775378288226165e+01,-1.723163315401512907e+00
5.109999999999913278e+00,3.177866061863005576e-01,-1.636925828386064374e+00,-1.570495108684288432e+01,-1.665683629517223707e+00
5.114999999999913172e+00,3.075816919517707082e-01,-2.249406163768969957e+00,-1.410540128105149336e+02,-1.537776798557112912e+00
5.119999999999913065e+00,2.952925169384945647e-01,-2.610354969291830418e+00,-1.231658863910318900e+02,-1.235750331429899207e+00
5.124999999999912959e+00,2.813278942548770312e-01,-2.937218434863408500e+00,-1.108871531761471232e+02,-1.148632576871088329e+00
5.129999999999912852e+00,2.661617331012489651e-01,-3.114725781726052301e+00,-6.496375866801595578e+01,-9.423689249345859054e-01
5.134999999999912745e+00,2.502131484590663368e-01,-3.253388795907043995e+00,-8.260969854126446421e+01,-5.335154210292916144e-01
5.139999999999912639e+00,2.338207864640116651e-01,-3.219082693240087334e+00,9.570625410970096425e+01,-1.601932346086079040e-01
5.144999999999912532e+00,2.175284737204687402e-01,-3.172957516935223321e+00,5.150621812979567693e+01,3.255880294716502199e-01
5.149999999999912426e+00,2.023149681112156872e-01,-2.815416482053767933e+00,2.474388859975150297e+02,1.074624542744271327e+00
5.154999999999912319e+00,1.899304414513820205e-01,-2.114067179484587999e+00,2.600366597492709388e+02,2.021340933113836336e+00
5.159999999999912212e+00,1.990328611687059157e-01,3.521409395425804778e+00,-7.649395361454214708e+02,-2.795094310661112580e-01
5.164999999999912106e+00,2.022016375085599615e-01,-6.507033448268111364e-01,-1.499850189374909860e+03,2.056611697480250189e+00
5.169999999999911999e+00,2.061095245752711247e-01,1.658100435668439454e+00,1.493794478860867684e+03,3.696732974716331555e+00
5.174999999999911893e+00,2.097348068419701284e-01,-3.912172024504288748e-02,-1.462948440924031274e+03,2.320382309358033357e+00
5.179999999999911786e+00,2.140985564092941495e-01,1.548748243811657765e+00,1.475369582501871491e+03,3.529162664699400320e+00
5.184999999999911680e+00,2.184631635222153700e-01,2.072504012160348574e-01,-1.285685801293095892e+03,2.372481906808442176e+00
5.189999999999911573e+00,2.209091412698366008e-01,8.559357771461068021e-01,1.301407454426532922e+03,3.841710929735211444e+00
5.194999999999911466e+00,2.247395528683578947e-01,3.090252875556758205e-01,-1.460869417973244254e+03,2.589746615199386426e+00
5.199999999999911360e+00,2.275091564061081095e-01,3.842161272992763998e-01,2.732857928670589445e+02,3.631015733937418055e+00
5.204999999999911253e+00,2.315863050870897444e-01,5.450087978142086342e-01,-1.295765318282688895e+03,2.765441109392336561e+00
5.209999999999911147e+00,2.340399952244175963e-01,2.978238273764452493e-01,-5.351290314689198340e+02,3.295781433480284406e+00
5.214999999999911040e+00,2.365094610269453668e-01,7.937887216884281782e-01,5.129332108164735473e+02,3.672855390287667721e+00
5.219999999999910933e+00,2.385844935471942985e-01,7.419422767884149839e-02,-2.995309054080991586e+02,3.543922908859420851e+00
5.224999999999910827e+00,2.409451784311089362e-01,2.183801932091593290e-01,-4.479966155307279791e+02,3.417892830916406055e+00
5.229999999999910720e+00,2.429894542036175609e-01,6.093451341211590933e-01,4.029685892527970736e+02,3.660736630215728038e+00
5.234999999999910614e+00,2.446371210521163242e-01,9.975890027040604235e-02,-1.900975091989852217e+02,3.509642796051180458e+00
5.239999999999910507e+00,2.467861756759478220e-01,2.286529272936621560e-01,-4.169770507655261440e+02,3.274656343902943689e+00
5.244999999999910401e+00,2.487368885847942857e-01,6.281979265673118817e-01,4.423614909827044812e+02,3.475515787111093768e+00
5.249999999999910294e+00,2.507296391558261339e-01,1.737928835910079392e-02,-4.072566758425339799e+02,3.350939186283535598e+00
5.254999999999910187e+00,2.536732574221757797e-01,4.377819964962491039e-01,-6.484301908971630155e+02,2.820138701234667700e+00
5.259999999999910081e+00,2.563420078960187976e-01,9.851020893642711274e-01,8.609312951900205917e+02,3.094267281303437755e+00
5.264999999999909974e+00,2.581020616483584162e-01,5.242896605508377134e-02,-2.625033316155484044e+02,2.622395026330993861e+00
5.269999999999909868e+00,2.609556465087063404e-01,4.746097202104725965e-01,-6.704634026653321826e+02,1.879408820026485571e+00
5.274999999999909761e+00,2.625899086328630228e-01,8.055469240238527506e-01,1.033938257612578354e+03,2.045970547937840944e+00
5.279999999999909654e+00,2.631659660672813761e-01,-1.024137803673870611e-01,-1.684879651419651054e+02,8.566826613739141338e-01
5.284999999999909548e+00,2.641316638238302428e-01,9.221499652569659089e-02,-4.380395104674281015e+02,-3.710427646498120624e-01
5.289999999999909441e+00,2.649140970746249879e-01,4.349035380460370970e-01,6.014528608148797275e+02,-9.192111580229315182e-01
5.294999999999909335e+00,2.652484680772514425e-01,6.613584607536444893e-02,7.499089236191761643e+01,-1.738745798575912271e+00
5.299999999999909228e+00,2.662417195264973335e-01,8.222600592347670961e-03,-5.376575786977463167e+02,-2.412119659956346140e+00
5.304999999999909122e+00,2.673329363436181549e-01,4.095198083158034796e-01,3.573302928239056655e+02,-2.333697896211800682e+00
5.309999999999909015e+00,2.677682020444440703e-01,1.352863601788829584e-01,2.080508832463551698e+02,-2.503339745643200054e+00
5.314999999999908908e+00,2.686996418021379007e-01,1.713512418872224080e-02,-4.884089442301141730e+02,-2.741617565881685703e+00
5.319999999999908802e+00,2.699035444571935560e-01,3.757914691885686498e-01,2.416819192857357450e+02,-2.380242888287310787e+00
5.324999999999908695e+00,2.706961163952985583e-01,2.118863152434925512e-01,1.944436597964395332e+02,-2.493389645532650079e+00
5.329999999999908589e+00,2.716040267887251392e-01,6.016556063026426426e-02,-1.785890370614474136e+02,-2.562460843751649175e+00
5.334999999999908482e+00,2.730271292298934172e-01,2.010841146369670984e-01,-1.608168474540227635e+02,-2.493115974977628824e+00
5.339999999999908376e+00,2.744213472731608650e-01,3.776278505610579095e-01,1.065479707642069513e+02,-2.320135023485880410e+00
5.344999999999908269e+00,2.756206854321823219e-01,2.098045520526901075e-01,-6.710750878030670208e+01,-2.063409304278029044e+00
5.349999999999908162e+00,2.768805018405039453e-01,2.328654899074849016e-01,6.029922376618935687e+01,-1.308859817154501171e+00
5.354999999999908056e+00,2.780652710599624267e-01,3.414336891356119508e-01,1.426622085126624029e+02,-3.947318970290389917e-01
5.359999999999907949e+00,2.795621824341369965e-01,2.381806087153070239e-01,-6.110288098420006087e+00,-1.312549680673689156e-01
5.364999999999907843e+00,2.800280541812001922e-01,2.014018035957635677e-01,1.096935024535184482e+02,3.014606942432059289e-01
5.369999999999907736e+00,2.813208799511470182e-01,4.724091125490167409e-01,2.066120346666735088e+02,3.548814777952701283e-01
5.374999999999907629e+00,2.823439335600892997e-01,1.508199223485664868e-02,-1.769993854196734446e+02,-3.515112318725650831e-02
5.379999999999907523e+00,2.837031622286342314e-01,-1.427040986588283822e-01,-4.336872605222430366e+02,-6.674599330741709524e-02
5.384999999999907416e+00,2.857316252718899996e-01,2.031837597880400692e-01,-1.000857228107417569e+02,1.424273468300323309e-01
5.389999999999907310e+00,2.866446104020407004e-01,2.276762113147053623e-01,-1.345674041367853135e+02,-1.199612134623260218e-01
5.394999999999907203e+00,2.880556153534366559e-01,3.313991295663110681e-01,1.549701675903019122e+02,7.784069004976533479e-02
5.399999999999907097e+00,2.896487830263337337e-01,2.318552015104693720e-01,-7.763532648210379250e+01,-3.542715931406036356e-01
5.404999999999906990e+00,2.915950351015120234e-01,4.227690627203619655e-01,-7.555749590976695629e+01,-3.094605394809191723e-01
5.409999999999906883e+00,2.929282244658043544e-01,1.759121096553553087e-01,-1.493303960530051029e+02,-5.795083973670321909e-01
5.414999999999906777e+00,2.941109571407001799e-01,4.159543906629772358e-01,1.520860360457302818e+02,-4.717003268124318471e-01
5.419999999999906670e+00,2.947104363780617131e-01,1.816203418991955698e-01,7.964759087244426894e+01,-7.021099783019079110e-01
5.424999999999906564e+00,2.949265793685942882e-01,3.282345940825564384e-02,4.788885930582767259e+01,-8.604316151334284735e-01
5.429999999999906457e+00,2.952268875612190091e-01,-9.432576455131581883e-02,-4.392511358912437913e+02,-7.570999585709463631e-01
5.434999999999906350e+00,2.950009055360937604e-01,-8.809774784044975549e-02,-1.180474769590730091e+02,-7.896939214131898366e-01
5.439999999999906244e+00,2.946649330672396205e-01,-6.256845644580022459e-02,-3.114635030018405715e+01,-8.522600736957851586e-01
5.444999999999906137e+00,2.940549572678132217e-01,-1.074813533393920162e-01,1.176102515308888457e+02,-6.424379427683180044e-01
5.449999999999906031e+00,2.933460334540100023e-01,-1.876491414193332263e-01,-1.282146425791894444e+02,-9.012852427134042665e-01
5.454999999999905924e+00,2.925846911977822429e-01,-1.363076358508184815e-01,3.323495097515853480e+00,-9.066544558940983212e-01
5.459999999999905818e+00,2.930058225102807890e-01,2.697012925642182091e-01,9.021322710669649325e+01,-1.068029272927508710e+00
5.464999999999905711e+00,2.932531045175000295e-01,-2.469722877536457278e-02,3.698164259779766638e+01,-1.689485351040181937e+00
5.469999999999905604e+00,2.918785554007642946e-01,-4.989122565249758390e-01,-2.195597989843551261e+02,-1.820955884876472419e+00
5.474999999999905498e+00,2.880185840357205596e-01,-9.787844813801901411e-01,-1.765294028533713231e+02,-1.659215203062697430e+00
5.479999999999905391e+00,2.818599789509174669e-01,-1.383649023686355894e+00,-7.247614908113551735e+01,-1.450503168895728834e+00
5.484999999999905285e+00,2.732090983382496896e-01,-1.897333962712929312e+00,-1.261570261290258088e+02,-1.294862716396771862e+00
5.489999999999905178e+00,2.621570862424069115e-01,-2.286500061206468537e+00,-5.523316593114588358e+01,-1.186962714806990116e+00
5.494999999999905071e+00,2.493348893557420787e-01,-2.656498161263058932e+00,-3.632528908483612895e+01,-8.753648691577837759e-01
5.499999999999904965e+00,2.347086342321707542e-01,-3.057511352063212673e+00,-5.709754744626951606e+01,-3.736206263257833005e-01
5.504999999999904858e+00,2.226377633741884743e-01,1.253541631734760575e-01,3.193948105876545469e+03,2.651183248860362607e-01
5.509999999999904752e+00,2.233556605491227587e-01,-9.669536182650281808e-02,-5.738418335925463225e+02,-1.247317417100227699e+00
5.514999999999904645e+00,2.258301575494489344e-01,1.700117254898584895e-01,-6.102565898939238878e+02,5.470338108459291693e-01
5.519999999999904539e+00,2.289052391109394069e-01,4.640352151818687987e-01,-3.610596392914422950e+02,2.493289349035144209e+00
5.524999999999904432e+00,2.327434858720355548e-01,1.154866265107318490e+00,6.121052606514846275e+02,3.136322182099748890e+00
5.529999999999904325e+00,2.368252939086888387e-01,3.850407577899492839e-01,-5.742208896088509391e+02,2.857460736771160636e+00
5.534999999999904219e+00,2.420915971564389091e-01,8.624951563900794538e-01,-7.251444920808053212e+02,2.436389223951123562e+00
5.539999999999904112e+00,2.468631739636567013e-01,1.409437968500856009e+00,8.501680947821897689e+02,2.998449046697857501e+00
5.544999999999904006e+00,2.506711826249736763e-01,4.281901718487907127e-01,-1.883476087055811092e+02,2.921873420707333580e+00
5.549999999999903899e+00,2.546764116116914112e-01,6.592910488372446531e-01,-2.744651555727455872e+01,2.915847050257614814e+00
5.554999999999903793e+00,2.572775208793132706e-01,2.366653819526616520e-01,-4.278425571255345972e+02,2.990691322867146340e+00
5.559999999999903686e+00,2.609011262113031249e-01,2.850627949739278910e-01,-9.382639055716493885e+02,2.541518334236851029e+00
5.564999999999903579e+00,2.623172016847753474e-01,3.887466511650579382e-02,-4.778474415411620839e+02,2.955850833881991768e+00
5.569999999999903473e+00,2.657467419496887251e-01,6.435189107804107911e-01,-5.107634286049550951e+02,2.420407962628644327e+00
5.574999999999903366e+00,2.674804473754349710e-01,1.140972872544398359e-01,-4.031131597302066325e+02,2.685832628965092450e+00
5.579999999999903260e+00,2.698502515191466000e-01,5.114858885252474563e-01,2.751097953975960877e+02,2.691662945688664266e+00
5.584999999999903153e+00,2.718591152915078024e-01,2.119943138961931650e-01,-3.372779701598907991e+02,2.478821968629156380e+00
5.589999999999903046e+00,2.734003331322235608e-01,5.027680709534411152e-01,2.929963148861361333e+02,2.463350835368026015e+00
5.594999999999902940e+00,2.746947958005218626e-01,3.784816391789500023e-01,-7.450151768298910326e+01,2.219375413245693984e+00
5.599999999999902833e+00,2.759054858003018862e-01,1.003112633443240115e-01,7.987597867763594195e+01,2.049776712750753571e+00
5.604999999999902727e+00,2.767752196731262937e-01,2.168562618991246027e-01,-4.275089379018289293e+01,1.593748884867201676e+00
5.609999999999902620e+00,2.771368010007049798e-01,-8.075229582462933875e-02,-1.991407051515872126e+02,1.349175608634728185e+00
5.614999999999902514e+00,2.778574376583375360e-01,1.473775260201459422e-02,-1.918901967664172332e+02,8.657586150407893255e-01
5.619999999999902407e+00,2.783669335653486399e-01,-6.242662870261402042e-02,-2.954102941842962764e+02,1.482517115491181758e-01
5.624999999999902300e+00,2.784859720017208162e-01,1.670564392200825365e-01,1.793272218525341373e+02,-8.425644921118019548e-01
5.629999999999902194e+00,2.782281822382670078e-01,-1.986556159046306558e-01,-2.358670503047648026e+01,-1.568198770107393836e+00
5.634999999999902087e+00,2.790723432725140118e-01,7.726013171966908955e-01,7.364778091022086528e+02,-2.132163859625007429e+00
5.639999999999901981e+00,2.791387408892068156e-01,7.227349664022632292e-02,-3.100735782242203982e+02,-3.030991421736284774e+00
5.644999999999901874e+00,2.805427464964916351e-01,4.284248739049090204e-01,5.885326045946096656e+02,-2.972683225610323721e+00
5.649999999999901767e+00,2.813142447525520118e-01,1.526326389137558082e-01,1.262453720802525083e+02,-3.133616112784947116e+00
5.654999999999901661e+00,2.830410709810114445e-01,2.539900108366741627e-01,-4.769855844044577680e+02,-3.438631687217139188e+00
5.659999999999901554e+00,2.839575886272380778e-01,3.412205786229330351e-01,1.859093052267010648e+02,-3.217249915425681728e+00
5.664999999999901448e+00,2.849308664818913095e-01,6.389676949613350143e-02,-1.570759167626712838e+02,-3.019742781049564950e+00
5.669999999999901341e+00,2.857362273700101984e-01,1.278267733352241586e-01,-1.602440259032819085e+02,-2.978488183308649173e+00
5.674999999999901235e+00,2.865914216208925169e-01,-2.117582700569510621e-03,-2.898636162940850340e+02,-2.953209456057124260e+00
5.679999999999901128e+00,2.871863393775990203e-01,2.242557548603538176e-01,2.130148960925007202e+02,-2.348266981440242152e+00
5.684999999999901021e+00,2.877112567852669334e-01,1.760381076498049036e-01,1.939515836844724674e+02,-2.209576385954019617e+00
5.689999999999900915e+00,2.881812133592371872e-01,1.247408214609586480e-01,2.549053601960677540e+01,-1.927084622036616901e+00
5.694999999999900808e+00,2.882933240903403083e-01,-3.444089996448390645e-02,-5.011266121638249160e+01,-1.489416248003030407e+00
5.699999999999900702e+00,2.884037479965801398e-01,-5.791488079773850911e-02,-1.788432182436037863e+02,-1.048299250503212043e+00
5.704999999999900595e+00,2.890321526521905660e-01,2.888319101366777497e-01,3.109284790131812883e+02,-2.229167074515497060e-01
5.709999999999900488e+00,2.898201567979699078e-01,1.346552977708015131e-01,5.051730612893133809e+01,1.420357667325457540e-01
5.714999999999900382e+00,2.907606076302962084e-01,2.694835482063321352e-01,2.409640369822209323e+02,4.614790855483964505e-01
5.719999999999900275e+00,2.916715851320596520e-01,2.890479432562097495e-01,1.400613292640016425e+02,4.745605205343157995e-01
5.724999999999900169e+00,2.927245145722528474e-01,1.249972136757032531e-01,-1.735108172431973799e+02,4.035667785850404199e-01
5.729999999999900062e+00,2.942642847670907114e-01,2.149744840831799286e-01,-2.695888606575304038e+02,5.513782569504923625e-01
5.734999999999899956e+00,2.961529791990604177e-01,2.930503754814922091e-01,-2.524834449840556942e+02,6.217272221438002733e-01
5.739999999999899849e+00,2.980309660091186030e-01,2.929888404494193632e-01,-2.153794589690915586e+02,5.803513785688616533e-01
5.744999999999899742e+00,3.029319460992783708e-01,1.325580489076815249e+00,-6.997612796748329345e+01,7.522282201157748371e-02
5.749999999999899636e+00,3.125458043228426797e-01,2.039206978113977886e+00,-6.904304952269858120e+01,-8.007913019084405004e-01
5.754999999999899529e+00,3.225950478797902643e-01,1.929429836708494772e+00,-8.128545197058717520e+01,-1.497575637242996471e+00
5.759999999999899423e+00,3.312462827187986347e-01,1.498135387537858465e+00,-2.544654563040238884e+02,-1.669558921303185173e+00
5.764999999999899316e+00,3.379025204710561781e-01,1.152346330017446796e+00,-1.531824409812248575e+02,-1.622527762431320131e+00
5.769999999999899210e+00,3.416390297816133126e-01,4.614195129170728937e-01,-1.339030914092539888e+02,-1.834896092817338120e+00
5.774999999999899103e+00,3.423700702566085385e-01,-2.213848397767916309e-01,-3.537323701017708686e+02,-1.710986416202732840e+00
5.779999999999898996e+00,3.407783619480903581e-01,-3.934518826005489744e-01,2.460090634177718982e+01,-1.604699046075757085e+00
5.784999999999898890e+00,3.364760435247173831e-01,-1.052893237023842854e+00,-8.023694388682304179e+01,-1.771699981840521687e+00
5.789999999999898783e+00,3.295998403424046375e-01,-1.504770981640973782e+00,6.146123958533340037e+00,-1.552812897571078210e+00
5.794999999999898677e+00,3.201411710046622727e-01,-2.139045530914026383e+00,-2.174488937620745048e+02,-1.663475722677678181e+00
5.799999999999898570e+00,3.083786471796613471e-01,-2.496601349572214801e+00,-1.062601290090343156e+02,-1.352139363387048876e+00
5.804999999999898463e+00,2.946395444046255863e-01,-2.968588380433680562e+00,-2.127244261169266224e+02,-1.327837211132813833e+00
5.809999999999898357e+00,2.795664645964219264e-01,-3.073403455818874086e+00,-2.822876288646383003e+01,-9.669650728986347588e-01
5.814999999999898250e+00,2.634815188585465928e-01,-3.235841861188601065e+00,5.027617874411671295e+01,-8.561835724148709748e-01
5.819999999999898144e+00,2.469877996587889757e-01,-3.338523415060019151e+00,-9.404276440581557495e+01,-5.978994280013663065e-01
5.824999999999898037e+00,2.305830833490013776e-01,-3.284328180389004093e+00,-1.740255647020326180e+01,-3.405602350715788429e-01
5.829999999999897931e+00,2.142803502481157585e-01,-3.177297777800707657e+00,1.088425030429201712e+02,-4.462277180572238322e-02
5.834999999999897824e+00,1.985438848112548726e-01,-2.971103592883644673e+00,1.978631050265954627e+02,3.413623414363524677e-01
5.839999999999897717e+00,1.840940528054408332e-01,-2.795380395623924930e+00,8.971339516104682943e+00,9.530580118567046899e-01
5.844999999999897611e+00,1.723898168748139725e-01,-2.097064430153694925e+00,2.658997699731859399e+01,1.575527985194383307e+00
5.849999999999897504e+00,1.644283103033944704e-01,-1.290121572297079133e+00,8.521735485854688363e+01,2.345836267310408729e+00
5.854999999999897398e+00,1.641106232857265368e-01,7.062959172309621891e-01,9.844619751861235102e+01,2.376529716276464477e+00
5.859999999999897291e+00,1.673368660264543950e-01,4.669123427606272636e-01,2.355433215811479997e+01,2.875713578046924290e+00
5.864999999999897184e+00,1.708937702690851990e-01,5.231949963799309433e-01,-2.207898808288177577e+02,3.263544629324230506e+00
5.869999999999897078e+00,1.753302853663477323e-01,7.062479465895634689e-01,-1.372032845952355018e+01,2.907579194815852475e+00
5.874999999999896971e+00,1.798491976986617835e-01,6.905258364998502207e-01,-1.636764956278554450e+02,2.830743586142611790e+00
5.879999999999896865e+00,1.849262079326475794e-01,6.064794181398605044e-01,-6.027282406444726348e+02,2.738824062721551655e+00
5.884999999999896758e+00,1.903228804119688755e-01,6.329538530080204284e-01,-2.816470159654946315e+02,3.021515273571991678e+00
5.889999999999896652e+00,1.952968045464397451e-01,5.864397855298330020e-01,-6.862621541182184046e+02,2.946176849849404533e+00
5.894999999999896545e+00,1.992268273187563221e-01,7.384175373335351011e-01,5.212885651642440052e+02,3.634437422662065487e+00
5.899999999999896438e+00,2.039073862172840479e-01,6.509883485052574414e-01,-1.248439494177260030e+03,2.847262296927126624e+00
5.904999999999896332e+00,2.074612851714083550e-01,5.200301081216669452e-01,-4.066146352579316385e+02,3.463513121018361396e+00
5.909999999999896225e+00,2.095557151061803458e-01,7.784376920808748768e-01,2.498370902612351756e+02,3.751594850429491590e+00
5.914999999999896119e+00,2.124725100330592809e-01,4.398067872998926986e-01,-5.703012057824586378e+01,3.755914608877295002e+00
5.919999999999896012e+00,2.152610853331151930e-01,3.590300939893474874e-01,-2.405271547183302232e+02,3.676593018635394117e+00
5.924999999999895905e+00,2.178098125340134916e-01,5.517382845460397922e-01,8.870434509783062538e+01,3.766308245285759249e+00
5.929999999999895799e+00,2.200928532802046145e-01,2.391148586529693310e-01,-1.969204589987527356e+02,3.807299580136255912e+00
5.934999999999895692e+00,2.227302568991603449e-01,3.546169227430552850e-01,-4.083624731208111029e+02,3.486372943644456601e+00
5.939999999999895586e+00,2.251931283933549244e-01,7.275062878104747721e-01,4.370487424912827237e+02,3.744601663068487962e+00
5.944999999999895479e+00,2.279339649907680676e-01,5.521059149197383997e-02,-5.943447061959669782e+02,3.447721208777519308e+00
5.949999999999895373e+00,2.315228171290495407e-01,4.985905987493137181e-01,-5.698729245803295953e+02,3.198734588240057519e+00
5.954999999999895266e+00,2.340915408164631062e-01,8.834123153644616311e-01,7.583545868926817093e+02,3.202546645184017660e+00
5.959999999999895159e+00,2.363640550570140775e-01,9.460993324102468394e-04,-5.000386131420420952e+02,2.951211740156719276e+00
5.964999999999895053e+00,2.390823309388709073e-01,3.695418233737272073e-01,-6.816836967244114476e+02,2.187168025511730285e+00
5.969999999999894946e+00,2.412259389757626382e-01,8.357678276033783105e-01,8.185381865116635254e+02,2.243254827479435942e+00
5.974999999999894840e+00,2.422201052811588928e-01,-8.504303336833494986e-02,-2.022002823510254075e+02,9.304730598761180582e-01
5.979999999999894733e+00,2.430851982021228486e-01,6.401066535033089755e-02,-3.691208506284949067e+02,-4.605173879371328161e-01
5.984999999999894627e+00,2.439421348670866019e-01,3.629181293206245051e-01,4.039324528922412583e+02,-1.145378921003646910e+00
5.989999999999894520e+00,2.446773726615626698e-01,1.524171267425601106e-01,6.627772892470302679e+01,-1.822646831017055158e+00
5.994999999999894413e+00,2.459499263012584758e-01,5.161062811973346487e-02,-4.330947050362317441e+02,-2.483020199189085009e+00
5.999999999999894307e+00,2.473360998788751985e-01,4.415647682392376261e-01,2.799040507652333076e+02,-2.362444240724462574e+00
6.004999999999894200e+00,2.484151023051309470e-01,2.869271281042549693e-01,2.182570448053662346e+02,-2.545635923221434727e+00
6.009999999999894094e+00,2.492732622675854492e-01,1.043871243401918308e-01,6.014331994895152889e+01,-2.448495311972133326e+00
6.014999999999893987e+00,2.503099580373139288e-01,3.853424575397959018e-01,2.534921460567828433e+02,-2.268485178035835492e+00
6.019999999999893880e+00,2.517366009490341061e-01,3.435443197485450462e-01,1.685081910190184828e+02,-1.970188725458255297e+00
6.024999999999893774e+00,2.537081879994075861e-01,4.615798172791117371e-01,1.902398065709783452e+02,-1.175131563833364368e+00
6.029999999999893667e+00,2.553428027707582704e-01,4.688741448048560079e-01,-2.575153221876924192e+01,-1.923537443876894570e-01
6.034999999999893561e+00,2.566523306551001804e-01,3.381836387668040733e-01,5.571522617784537346e+01,1.486579689546943250e-01
6.039999999999893454e+00,2.584096768583392101e-01,3.601043491327235446e-01,-1.457792260613630617e+02,1.868714314018936618e-01
6.044999999999893348e+00,2.605039023270339649e-01,2.483627958990405615e-01,-1.633546564080530743e+02,2.901646750545597842e-01
6.049999999999893241e+00,2.629414095282086028e-01,2.118426395014249564e-01,-2.459648842357082117e+02,5.297470549056321198e-02
6.054999999999893134e+00,2.660108243777297710e-01,2.675548172084310505e-01,-2.282988477099221143e+02,8.067387730657396561e-02
6.059999999999893028e+00,2.683608538587395342e-01,2.952742885019657981e-01,-2.012720421735159277e+02,-3.236869181356886171e-01
6.064999999999892921e+00,2.712190208720359208e-01,6.376353787906642312e-01,1.730424067820229368e+02,-1.942441181504521441e-01
6.069999999999892815e+00,2.729059509812492568e-01,3.896977756866091824e-01,8.426480339072439563e+01,-3.957306426180154935e-01
6.074999999999892708e+00,2.752236570315659825e-01,5.290238853070090563e-01,9.240584667220680615e+01,-3.220749882039411482e-01
6.079999999999892601e+00,2.764588620219661230e-01,1.770662538021515742e-01,3.310397726280763777e+02,-3.038700662607682901e-01
6.084999999999892495e+00,2.784159741559619206e-01,3.912481237784236621e-01,5.542566468420466919e+01,-4.311281887042220928e-01
6.089999999999892388e+00,2.792683087549733267e-01,3.004551384032154160e-01,6.039391557836257363e+01,-5.728625251321609602e-01
6.094999999999892282e+00,2.805799453387097797e-01,1.465231194539821057e-02,-2.685988351210122005e+02,-4.544069412634818006e-01
6.099999999999892175e+00,2.824861068429352362e-01,3.313705702023458377e-01,5.819064591277743403e+01,-6.514721234117075710e-01
6.104999999999892069e+00,2.829339793544735637e-01,1.592694845131068654e-02,-1.758289465984842082e+02,-8.952230580992491804e-01
6.109999999999891962e+00,2.832334369517564010e-01,7.320471989525821621e-02,1.465424395885727051e+02,-6.863567928812956964e-01
6.114999999999891855e+00,2.833299417988122681e-01,-4.663385426047918225e-02,-1.365617657654841537e+02,-8.796149736076137593e-01
6.119999999999891749e+00,2.832476000303389418e-01,4.293609817853801490e-03,1.811766498138961623e+01,-8.438615836715976926e-01
6.124999999999891642e+00,2.828000523022892176e-01,-6.811955980710493463e-02,1.136047163565352207e+02,-6.925967101592143127e-01
6.129999999999891536e+00,2.822376757909322298e-01,-1.246759949756560543e-01,2.219342273890255868e+01,-9.111871308916270618e-01
6.134999999999891429e+00,2.814315509968600693e-01,-2.334822601366649264e-01,-1.443894702692058729e+02,-1.011702271789076901e+00
6.139999999999891322e+00,2.810729616342373949e-01,-1.619727548608879738e-03,-4.903479741842930117e+00,-1.122342072902900556e+00
6.144999999999891216e+00,2.809839653003192717e-01,-3.625913662068341176e-02,-2.230737254978544470e+01,-1.381854667214525101e+00
6.149999999999891109e+00,2.791381711355575557e-01,-5.109076705075239477e-01,-4.336912870217082627e+01,-1.809848687126529798e+00
6.154999999999891003e+00,2.748173369564251289e-01,-1.012081292720755865e+00,-3.756047559407371494e+01,-1.680862385990987473e+00
6.159999999999890896e+00,2.682976871730776702e-01,-1.425274511074636763e+00,1.819471139608284460e+01,-1.383054860667366270e+00
6.164999999999890790e+00,2.599002788763934979e-01,-1.753669431130748579e+00,2.387689552950095262e+01,-1.157936255582028284e+00
6.169999999999890683e+00,2.501196897140813280e-01,-2.019789165179878054e+00,3.808587863941128404e+01,-9.602244344333148440e-01
6.174999999999890576e+00,2.393200885740764672e-01,-2.215146978290928548e+00,-3.337971866537097299e+01,-7.884946943161721400e-01
6.179999999999890470e+00,2.266179669754583847e-01,-2.690582340611407108e+00,-6.780220399984102642e+01,-5.183467911309216358e-01
6.184999999999890363e+00,2.154266589074823046e-01,1.874724204557514096e-01,3.119057206991065868e+03,1.271861862326726378e-01
6.189999999999890257e+00,2.171628786447470649e-01,9.987100924343501607e-01,1.053145999563150099e+03,-1.202010359028749420e+00
6.194999999999890150e+00,2.181133325978400483e-01,1.008943589976247640e-01,-8.542714269808125209e+02,-2.052591564648990063e-01
6.199999999999890044e+00,2.216075962651403441e-01,3.951559694332987260e-01,-4.549660520989315842e+02,2.172511302722702542e+00
6.204999999999889937e+00,2.260482798414415462e-01,5.220020080822710407e-01,-4.070641354446829041e+02,2.669794948293163550e+00
6.209999999999889830e+00,2.304622204978687416e-01,4.501306216425743356e-01,-1.221073952734716158e+03,2.500382030615947659e+00
6.214999999999889724e+00,2.341964314476313314e-01,1.092055407592316563e+00,5.327448907981054163e+02,3.015448686608511064e+00
6.219999999999889617e+00,2.376205035356678541e-01,5.558146697867279995e-01,-2.053785610848323007e+00,3.023934387267403157e+00
6.224999999999889511e+00,2.415376392956861962e-01,7.195143343200661734e-01,-4.163695641617984506e+02,2.731922343471751002e+00
6.229999999999889404e+00,2.456899180485930256e-01,1.326081073953490508e+00,9.335391812027744436e+02,3.235699678604060825e+00
6.234999999999889297e+00,2.492862049963496252e-01,2.646398089557097655e-01,-6.208770947744851583e+02,2.900153639134678496e+00
6.239999999999889191e+00,2.534823675165897017e-01,5.370556321141346512e-01,-8.003062966548778832e+02,2.710514205391770570e+00
6.244999999999889084e+00,2.564100293846171552e-01,1.004983364865804640e+00,7.240462512416688696e+02,3.214105735571733291e+00
6.249999999999888978e+00,2.583264598305080040e-01,3.416240740312647128e-01,-4.787923599174430933e+02,2.850627410007383400e+00
6.254999999999888871e+00,2.605027945329148609e-01,7.354539908474901910e-01,5.026818486887631252e+02,3.070766930874655465e+00
6.259999999999888765e+00,2.620173512100559821e-01,3.253752107359178525e-01,-3.172769451634531492e+02,2.807509707475017269e+00
6.264999999999888658e+00,2.639842544315553763e-01,6.324153894014906685e-01,3.941325325312386667e+02,2.849698945415248819e+00
6.269999999999888551e+00,2.654699101145642226e-01,3.299286693524618452e-01,-2.734760240212618783e+02,2.614435536012571948e+00
6.274999999999888445e+00,2.660610451617079208e-01,-7.566064159714245285e-01,-9.902880631006216845e+02,2.620916293533783303e+00
6.279999999999888338e+00,2.675998233466767018e-01,3.941987703860170278e-01,-1.016492344348902463e+02,2.496908055953992456e+00
6.284999999999888232e+00,2.691083359534589547e-01,1.082729168117358282e-01,4.203204778885324799e+01,2.315179590747779237e+00
6.289999999999888125e+00,2.700849391305130687e-01,1.042582770705772904e-01,-2.250036322859076847e+02,1.915184670329755035e+00
6.294999999999888018e+00,2.709800630981960556e-01,-5.720896800521426545e-03,-2.581981433555860690e+02,2.168896000738901986e+00
6.299999999999887912e+00,2.723418792822176471e-01,2.885353480680297733e-01,2.296969857337257679e+02,1.841294988245472553e+00
6.304999999999887805e+00,2.725597571536333419e-01,7.131710834430655954e-02,-2.807854145947973734e+02,1.264988276252482446e+00
6.309999999999887699e+00,2.731894133175009065e-01,4.431850522454711672e-01,4.727961501798419022e+02,5.632441168013304633e-01
6.314999999999887592e+00,2.731404192450671564e-01,-1.341138279977069359e-01,-3.924326930380138378e+01,-6.425068036177890018e-01
6.319999999999887486e+00,2.736760553139088725e-01,7.539303557531459310e-01,8.630767801742924803e+02,-1.681023969626165071e+00
6.324999999999887379e+00,2.737762233169095949e-01,1.884297000252772468e-03,3.484780913974113048e+01,-2.548943545536515920e+00
6.329999999999887272e+00,2.751345750914629407e-01,2.281028852618690594e-01,-6.484620734552187287e+02,-3.319507546846775625e+00
6.334999999999887166e+00,2.761270720058917605e-01,2.660230425864370529e-01,-1.821316780525246060e+01,-3.405368431807594742e+00
6.339999999999887059e+00,2.775485400254165680e-01,2.795107686827562610e-01,9.743183564457947909e+01,-3.320498715377501409e+00
6.344999999999886953e+00,2.786964308549477187e-01,1.150993128091351153e-01,-4.339402009514114980e+02,-3.677612735253483756e+00
6.349999999999886846e+00,2.804447852054243739e-01,1.537463673752181570e-01,-3.251912319738520409e+02,-3.374085922113609470e+00
6.354999999999886739e+00,2.811209813834853466e-01,1.345243700658109998e-01,1.069684899898436612e+02,-3.160037554773734492e+00
6.359999999999886633e+00,2.823443956036961189e-01,5.580838811986518072e-02,-2.955829761909965328e+02,-3.293232110794112710e+00
6.364999999999886526e+00,2.834817264737981013e-01,1.486680565391451658e-01,-1.302024316586624195e+02,-2.942022302237896625e+00
6.369999999999886420e+00,2.844160762037055146e-01,4.693944855575491459e-01,3.952816969147554573e+02,-2.570560536881531633e+00
6.374999999999886313e+00,2.849604548108348179e-01,1.605565465726918883e-01,3.889783560241404814e+01,-2.545894708822050490e+00
6.379999999999886207e+00,2.858469177680032502e-01,2.548155980209105831e-01,1.676090200713771026e+02,-1.943090529876186245e+00
6.384999999999886100e+00,2.869387738742835703e-01,2.200314570962334793e-01,-6.618119680124394222e+01,-1.470055059087913785e+00
6.389999999999885993e+00,2.879781903419547096e-01,2.550784961597422629e-01,4.894587358798301580e+01,-8.647728987014288160e-01
6.394999999999885887e+00,2.888306613439618475e-01,1.632456933398116761e-01,-2.213707426164125991e+01,-2.802708798934321344e-01
6.399999999999885780e+00,2.896499832287114384e-01,2.830621450957326313e-01,1.451405245457202682e+02,7.266418869735599695e-02
6.404999999999885674e+00,2.904805716983870356e-01,2.511495275362496393e-01,7.729835022845701076e+01,1.347861571033105443e-01
6.409999999999885567e+00,2.914570488671351933e-01,2.804914802983828892e-01,8.721511400593531960e+01,1.983910996124354509e-01
6.414999999999885461e+00,2.927406816000054368e-01,2.683220445095592099e-01,7.399600410872476175e+01,2.959654318296022768e-01
6.419999999999885354e+00,2.945435559835065109e-01,3.406744826724900088e-01,6.081367503687081211e+01,3.923703144973090806e-01
6.424999999999885247e+00,2.967856086001071647e-01,3.823066166657562159e-01,-1.881207980247697265e+02,3.375091245365792192e-01
6.429999999999885141e+00,2.990358733517211043e-01,4.375116354586321976e-01,-7.666055302706618590e+01,4.108289901660918675e-01
6.434999999999885034e+00,3.015371501858584158e-01,4.704232094380404461e-01,-8.154968849060955449e+01,3.322080017293458920e-01
6.439999999999884928e+00,3.040613975814109859e-01,4.652748768403877633e-01,-9.693787167288840578e+01,2.465702848088969223e-01
6.444999999999884821e+00,3.065045171472141616e-01,4.177859972081210960e-01,-8.669096347561570326e+01,2.035860018590431308e-01
6.449999999999884714e+00,3.091485386011184056e-01,6.269685220130947201e-01,1.310929819357272095e+02,2.695681951105297625e-01
6.454999999999884608e+00,3.114267194942674788e-01,4.941889620764596813e-01,1.453578221547530234e+02,-1.531816924771383925e-01
6.459999999999884501e+00,3.136317782479403071e-01,4.155472228413831792e-01,-3.064758835264796843e+01,-1.755720832219213046e-01
6.464999999999884395e+00,3.159537144557618138e-01,5.448727462447943148e-01,1.224393714822114134e+02,-4.418698953563615639e-03
6.469999999999884288e+00,3.178555353473947465e-01,4.081893367951476836e-01,1.392328993709444944e+02,-3.241744082650885872e-01
6.474999999999884182e+00,3.197048373454747794e-01,3.133546376646700882e-01,-5.173984618837595661e+01,-2.425922460347437470e-01
6.479999999999884075e+00,3.217187890504255576e-01,4.620107027763802332e-01,1.120082668074371952e+02,-3.870252438100749148e-02
6.484999999999883968e+00,3.234659195667891618e-01,3.373866142126962786e-01,-9.038857232724579305e+00,-3.725839543862315417e-01
6.489999999999883862e+00,3.249138572281081161e-01,1.236142273479426956e-01,-2.799502682701989897e+02,-3.544292307401140096e-01
6.494999999999883755e+00,3.264245473215640070e-01,3.019077479914629714e-01,-2.656640292130540359e+01,-1.885307058898347266e-01
6.499999999999883649e+00,3.277831150276205863e-01,2.620676886765946900e-01,-4.343445760267415068e+01,-5.086281895633795180e-01
6.504999999999883542e+00,3.288734395138437905e-01,2.702579957187238868e-01,7.125823320947237960e+01,-3.896726480057374764e-01
6.509999999999883435e+00,3.293643605721582879e-01,4.222118373186833917e-02,-3.885253507731259504e+01,-6.807934645916694505e-01
6.514999999999883329e+00,3.295604092288708653e-01,8.382481348192817594e-02,9.004673186394144579e+01,-4.540904304320620977e-01
6.519999999999883222e+00,3.294797158343062971e-01,-1.754560340793381301e-01,-2.391839743821498132e+02,-7.436966434862928299e-01
6.524999999999883116e+00,3.290875471431334853e-01,-1.201533145856024526e-01,-3.807725431430488072e+01,-5.449944764320855395e-01
6.529999999999883009e+00,3.283237773463735243e-01,-1.482619937994617276e-01,5.233877726484563730e+00,-8.530050704716312104e-01
6.534999999999882903e+00,3.265857625219968363e-01,-4.729449456895331583e-01,-1.426075046031110389e+02,-1.093167077296599787e+00
6.539999999999882796e+00,3.242295998854807793e-01,-4.160681639430962031e-01,8.485639309868318492e+01,-9.195280106583403334e-01
6.544999999999882689e+00,3.210638389654204561e-01,-6.309395835771650640e-01,1.725742060641866971e+01,-1.258884968475778798e+00
6.549999999999882583e+00,3.170314654162919576e-01,-8.556337517617683686e-01,-7.416830431625089481e+00,-1.270230484049434061e+00
6.554999999999882476e+00,3.126612409178083918e-01,-8.578243860034802104e-01,6.280075275659179113e+01,-1.092770582450390382e+00
6.559999999999882370e+00,3.078669145102274629e-01,-9.900905514561214593e-01,4.893136404471177592e+00,-1.376421185649204570e+00
6.564999999999882263e+00,3.023133148525424252e-01,-1.191328511927679967e+00,-5.421587968785813416e+01,-1.610523281314778954e+00
6.569999999999882156e+00,2.966600994074277686e-01,-1.213943674289654329e+00,-1.622591818142340969e+02,-1.758502971333660403e+00
6.574999999999882050e+00,2.921644583394799044e-01,-7.640840885462545362e-01,1.550533672633553977e+02,-2.098842540992946759e+00
6.579999999999881943e+00,2.897731352249890424e-01,-5.282416606135538206e-01,-3.685577909662038678e+02,-2.760648291862518366e+00
6.584999999999881837e+00,2.895850101725294667e-01,2.437153651577229629e-01,5.489376490219458447e+02,-2.259266248151659440e+00
6.589999999999881730e+00,2.899892041428813738e-01,-3.071350247099886022e-01,-9.617764174822826817e+02,-1.848612312263963275e+00
6.594999999999881624e+00,2.915759228618510779e-01,6.103857417038792699e-01,7.650677402950686883e+02,-1.849810210024500079e-01
6.599999999999881517e+00,2.933787401986082677e-01,4.632966859331468235e-01,-7.788822537380041240e+02,-1.889208784893916526e-01
6.604999999999881410e+00,2.962703132984697008e-01,1.077053344998621709e+00,7.731585282194090496e+02,1.098678331284313359e+00
6.609999999999881304e+00,2.988890460212159095e-01,5.469851467560705727e-01,-4.112736471439265529e+02,1.488959689533264186e+00
6.614999999999881197e+00,3.014971314401773683e-01,1.149367148798636495e-01,-3.848540644909236335e+02,2.206801018931083380e+00
6.619999999999881091e+00,3.043960459762629078e-01,7.273564418260761721e-01,-2.687758184687571088e+02,2.344404632732203009e+00
6.624999999999880984e+00,3.075535601969073274e-01,2.453136304532189393e-01,-4.274151563646685190e+02,2.280684426398265963e+00
6.629999999999880878e+00,3.108944406932138138e-01,8.507548327192592241e-01,5.786132562736414684e+02,2.473840907033557190e+00
6.634999999999880771e+00,3.136750344061122742e-01,6.443775631603270160e-01,-3.626166374636917453e+02,2.014522045561720098e+00
6.639999999999880664e+00,3.157843580081350354e-01,2.164304758034077680e-01,-3.057652614438472938e+02,2.160177767178486974e+00
6.644999999999880558e+00,3.182982710766884549e-01,6.096297812629818402e-01,3.585777208202034672e+02,2.169733855746983409e+00
6.649999999999880451e+00,3.204719245693818386e-01,4.968208745982675700e-01,-1.884075571021145379e+02,1.866008561733720761e+00
6.654999999999880345e+00,3.219042549041181700e-01,2.111152056325747151e-01,-2.159764778815168711e+02,1.810011831855418141e+00
6.659999999999880238e+00,3.229117761069298931e-01,2.428354167892103066e-01,9.153077997578421332e+01,1.783311630400530534e+00
6.664999999999880131e+00,3.239989156659314196e-01,2.729712099292065930e-01,-8.811425903958603811e+00,1.579227686650223061e+00
6.669999999999880025e+00,3.247656812184825936e-01,7.706304751118389640e-02,-2.271836837701984280e+02,1.253156174277620716e+00
6.674999999999879918e+00,3.251409894669605727e-01,2.553459998510710371e-01,2.401927371820176234e+02,1.079626256457070221e+00
6.679999999999879812e+00,3.256435754571017083e-01,1.318694382903599915e-01,-8.143876155381323656e+01,5.642167960073695143e-01
6.684999999999879705e+00,3.256570995195532392e-01,-9.486004840929376791e-02,-1.495510475909199783e+02,-4.823035726607016044e-02
6.689999999999879599e+00,3.254007942827503719e-01,-8.321011073527630197e-02,-5.492181092306340418e+01,-9.440022387846318530e-01
6.694999999999879492e+00,3.247787235950200802e-01,-2.104347096561893504e-01,-1.395656035146691032e+01,-1.527907725671739270e+00
6.699999999999879385e+00,3.247773373979956357e-01,4.057851501271652062e-01,5.284782327605489627e+02,-2.110333904335249589e+00
6.704999999999879279e+00,3.242645652069033324e-01,-2.753724292211393726e-02,3.549967707252267815e+02,-2.452779715629064494e+00
6.709999999999879172e+00,3.246438193736701505e-01,-2.877554910896006346e-01,-7.707454457189548975e+02,-2.997477519005009139e+00
6.714999999999879066e+00,3.252076519473873772e-01,-1.790678108103586630e-01,-4.868292139898330788e+02,-3.000433769760182834e+00
6.719999999999878959e+00,3.254456726971742819e-01,-9.933340669248995336e-02,8.576446267857658512e+00,-3.052737368559964359e+00
6.724999999999878852e+00,3.260747603754390322e-01,4.718039719164596191e-03,-1.035488444060928117e+02,-2.961411422785285019e+00
6.729999999999878746e+00,3.263244438052973484e-01,1.665400579456057517e-01,2.287509429378801258e+02,-2.681066350864745207e+00
6.734999999999878639e+00,3.261480316255006007e-01,-8.898741903556868504e-02,-8.789253549792866238e+01,-3.007481346469600858e+00
6.739999999999878533e+00,3.261963726542607134e-01,-8.782911695856264467e-02,-2.169896609231527123e+02,-2.752458323131163009e+00
6.744999999999878426e+00,3.261774800459663060e-01,1.711348639932097453e-03,-2.136400200665899263e+01,-2.283265387159965076e+00
6.749999999999878320e+00,3.262892076339496961e-01,4.561816373821993981e-02,1.463396036254810610e+02,-1.970492045554056437e+00
6.754999999999878213e+00,3.257643660152210741e-01,-1.950200224203439969e-01,-1.099111368450221136e+02,-1.782872404693977453e+00
6.759999999999878106e+00,3.256236471215539496e-01,-5.951221975682157578e-02,7.463521505679024948e-01,-1.363420407805548074e+00
6.764999999999878000e+00,3.254493936691137956e-01,1.085463328228136182e-01,2.661623010061573495e+02,-6.927558641759016256e-01
6.769999999999877893e+00,3.253945658055522605e-01,1.310038845082859074e-02,1.336564718162142924e+02,-4.315766574531255673e-01
6.774999999999877787e+00,3.254498682927010611e-01,7.959613516964904323e-02,1.732150013046043000e+02,-1.051232063674800571e-01
6.779999999999877680e+00,3.259302098643861445e-01,1.974964164297247360e-01,2.183363117177934782e+02,1.017049478085620962e-01
6.784999999999877573e+00,3.269518163147850931e-01,2.686291922332108006e-01,1.925816560065723877e+02,1.018738240366507258e-01
6.789999999999877467e+00,3.284623259279467744e-01,3.113711837085096357e-01,-1.957380925194982879e+01,3.772873962990108687e-02
6.794999999999877360e+00,3.302094029695888389e-01,3.370721045754838108e-01,-1.153838237876883284e+02,2.985165126988223450e-02
6.799999999999877254e+00,3.321717877838341049e-01,2.791997713749593268e-01,-1.554497223405687123e+02,4.683392897989022141e-02
6.804999999999877147e+00,3.342176535754041167e-01,4.642898023620782300e-01,7.562047741935789702e+01,-3.939689296505088922e-02
6.809999999999877041e+00,3.354771519704305982e-01,2.891268645768155787e-01,2.395515752052242320e+01,-4.728895144093452907e-01
6.814999999999876934e+00,3.358604601768446218e-01,3.481960569642346404e-02,-2.600647824475905168e+01,-5.123658419201750913e-01
6.819999999999876827e+00,3.358266617992151648e-01,1.394866187579671228e-02,8.611217323010581026e+01,-4.003731630642342054e-01
6.824999999999876721e+00,3.354166514372972641e-01,-1.604126836701216252e-01,-9.938649507346086409e+01,-4.304851879490283473e-01
6.829999999999876614e+00,3.348567890600034902e-01,-6.519214264974168560e-02,1.010848541194336292e+02,-2.688965677223397188e-01
6.834999999999876508e+00,3.336134728913728309e-01,-2.961957529376563203e-01,2.279832736160137685e+01,-6.035379304610052342e-01
6.839999999999876401e+00,3.324919519089572506e-01,-1.018040227067075892e-01,-7.620672047675098426e+00,-6.134944198597777065e-01
6.844999999999876295e+00,3.336245737374894382e-01,4.110953161661662913e-01,1.169093027302748737e+02,-8.473164684308848171e-01
6.849999999999876188e+00,3.347470295539751728e-01,1.923032072748935006e-01,9.274363224108060422e+01,-1.366618544172622407e+00
6.854999999999876081e+00,3.348332601416506571e-01,-1.451314361772742811e-01,-1.365206899983464552e+02,-1.380175020420561616e+00
6.859999999999875975e+00,3.335779252818604212e-01,-3.166225595876943633e-01,7.208362746795710052e+01,-1.330057659952596172e+00
6.864999999999875868e+00,3.299180137809965552e-01,-8.805612760783142479e-01,8.685634073006714573e+01,-1.456585197220089167e+00
6.869999999999875762e+00,3.240211000268760078e-01,-1.404733986611474306e+00,-1.483127234210832910e+02,-1.376226142163840649e+00
6.874999999999875655e+00,3.161669144368745576e-01,-1.613100129076979083e+00,9.195141491762245778e+01,-1.129333895036256141e+00
6.879999999999875548e+00,3.063431585452726091e-01,-2.086889530340030330e+00,2.065301623040433354e-01,-1.264864749069806837e+00
6.884999999999875442e+00,2.949472090691124815e-01,-2.371833660189223814e+00,-1.715319548436971209e+00,-9.948409646849698529e-01
6.889999999999875335e+00,2.821076200991863292e-01,-2.629454840804485549e+00,1.172355747378253277e+01,-7.327310950081260543e-01
6.894999999999875229e+00,2.678729648049769096e-01,-2.874166171899928734e+00,3.272060670640303215e+01,-4.496418378063282706e-01
6.899999999999875122e+00,2.542868858751631822e-01,-2.570833221037487348e+00,1.091562908972764774e+02,2.447762093060248390e-01
6.904999999999875016e+00,2.534790316645085806e-01,-2.670193333442388850e-01,-5.278459365693978498e+02,-7.013510664420762319e-01
6.909999999999874909e+00,2.556788896895866858e-01,6.079991361224976743e-01,4.233071304350860942e+02,-5.565111297345859409e-01
6.914999999999874802e+00,2.574957538034025606e-01,4.776806762412372231e-01,3.807981458310773633e+02,-2.264859795409993881e-01
6.919999999999874696e+00,2.594939740384111793e-01,4.839334502312534481e-01,1.048288081809678296e+01,5.603856167461332971e-01
6.924999999999874589e+00,2.629083958874616211e-01,8.124727334164874026e-01,1.491388203965381933e+02,9.489305709987854165e-01
6.929999999999874483e+00,2.666416297838180016e-01,6.113521445542120514e-01,-1.020953688537758097e+02,1.995983102687266753e+00
6.934999999999874376e+00,2.711967869654828833e-01,8.022977525542441812e-01,-4.931462417393221358e+02,1.761787704953451161e+00
6.939999999999874269e+00,2.763418647773973058e-01,1.763174262148136107e+00,1.141806481258836129e+03,2.846043064932026301e+00
6.944999999999874163e+00,2.815611442405097087e-01,4.922640895166499053e-01,-6.625987698663376477e+02,1.970141642259448433e+00
6.949999999999874056e+00,2.877452896194753196e-01,9.869272222842295772e-01,-8.682498390167214666e+02,2.058586902845111588e+00
6.954999999999873950e+00,2.918708449429012752e-01,1.208654272080987857e+00,7.794279600872478113e+02,2.461792921804707213e+00
6.959999999999873843e+00,2.951011302143763393e-01,5.765916802461970025e-01,-3.891391731172760728e+02,2.342145227255142181e+00
6.964999999999873737e+00,2.969801250280456051e-01,-4.764441580384677355e-01,-9.519267756043764166e+02,2.406105425289911892e+00
6.969999999999873630e+00,3.005327667898383681e-01,4.209613219285388008e-01,-4.505751158786530937e+02,2.285100263324038483e+00
6.974999999999873523e+00,3.027177498152268109e-01,5.847139541761257053e-01,2.618883896460412188e+02,2.194922494048971107e+00
6.979999999999873417e+00,3.047675974604796001e-01,3.905281496120466822e-01,-2.596450960410231801e+02,1.955635825863829558e+00
6.984999999999873310e+00,3.060677612228516753e-01,-1.350974517483190251e-01,-4.082266961400292757e+02,1.716230856917742242e+00
6.989999999999873204e+00,3.078758139684409922e-01,3.522134648222819409e-01,-3.006422921596886795e+02,1.251407947510012386e+00
6.994999999999873097e+00,3.083218107292689525e-01,-5.347155040607010773e-02,-2.522947015504698243e+02,8.622614198556337595e-01
6.999999999999872990e+00,3.092341234927677429e-01,1.270442042565076146e-01,1.208865003101043811e+02,2.589518253736388664e-01
7.004999999999872884e+00,3.093588470231725118e-01,-1.616062157195912730e-01,-2.834832369846657230e+02,-7.689987766670508540e-01
7.009999999999872777e+00,3.099530375889132938e-01,-7.705345454099474245e-02,-1.980860490534112728e+02,-1.435383622629285760e+00
7.014999999999872671e+00,3.106697612762760463e-01,5.701568827000613737e-01,6.221444688317774308e+02,-1.881807291652111358e+00
7.019999999999872564e+00,3.113149885369905778e-01,1.922125397955895543e-01,1.232462860078001228e+02,-2.299552034565516490e+00
7.024999999999872458e+00,3.119854856038883351e-01,2.048182365143308425e-02,-3.870797419430210766e+02,-2.953687868004304384e+00
7.029999999999872351e+00,3.127272308287046276e-01,1.632257356127659875e-01,9.262600970363750719e+01,-2.576926350253482489e+00
7.034999999999872244e+00,3.128870964706187419e-01,9.664395864229563538e-02,2.041828327355938200e+02,-2.607487928141121181e+00
7.039999999999872138e+00,3.132167798220937271e-01,-4.890452730753543087e-02,-2.510221928193665235e+02,-2.718282162684229064e+00
7.044999999999872031e+00,3.137722698178235237e-01,-1.217012660179749434e-01,-4.754613470038279956e+02,-2.442304128261204355e+00
7.049999999999871925e+00,3.141592471770849326e-01,1.171432414649220370e-02,-1.669922961450880905e+02,-1.937170635401388674e+00
7.054999999999871818e+00,3.144493108059383535e-01,4.918080806424103557e-02,-5.108261794836669623e+01,-1.639972237546558631e+00
7.059999999999871712e+00,3.149348800478313226e-01,1.136371873347578332e-01,1.309364179632887613e+02,-1.086765133202240996e+00
7.064999999999871605e+00,3.154272003066732610e-01,-2.237011035838619433e-01,-4.380854573661446238e+02,-5.356301959473678265e-01
7.069999999999871498e+00,3.156159446243914091e-01,-3.825258015264588855e-03,-1.086971303482756639e+02,1.006692571255089486e-01
7.074999999999871392e+00,3.163661554171911527e-01,1.249640290708005641e-01,7.082011242946123275e+01,5.107338648128875169e-01
7.079999999999871285e+00,3.169469464773227996e-01,2.336075541546059342e-01,1.207870097467204573e+02,2.086753075103552624e-01
7.084999999999871179e+00,3.177348460748448677e-01,7.633015904917835048e-02,-4.751171629056823065e+01,3.131740284286203546e-01
7.089999999999871072e+00,3.175863792829493604e-01,1.137232885213287498e-01,6.702917820824607134e+02,8.648525795334428556e-01
7.094999999999870965e+00,3.180440693138222863e-01,6.966242663589708450e-02,4.554808240027229971e+01,1.585506248567569443e-01
7.099999999999870859e+00,3.185935683915808725e-01,1.209957528316921715e-01,-1.692212235356750227e+02,1.654297534720434171e-01
7.104999999999870752e+00,3.201628587006000171e-01,5.266699456721287698e-01,2.565531839364815596e+02,2.529131615361307484e-01
7.109999999999870646e+00,3.252777244980498139e-01,1.315413015076347225e+00,2.052196546821747063e+02,-6.220162267311303284e-01
7.114999999999870539e+00,3.322719706071270429e-01,1.472022910167110954e+00,6.287757859820586503e+01,-1.223005161483886827e+00
7.119999999999870433e+00,3.379371534651293141e-01,1.027598134315974798e+00,1.740148279809092813e+01,-1.736499785188910572e+00
7.124999999999870326e+00,3.415363214347467702e-01,5.628825478090957457e-01,-2.803683481278360645e+00,-1.652015523424449794e+00
7.129999999999870219e+00,3.420545394194798861e-01,-2.349345410427857717e-01,-3.164577103015886337e+02,-1.873119760494164066e+00
7.134999999999870113e+00,3.394301521686339806e-01,-6.838071318641743002e-01,-1.623314918225457149e+01,-1.580128058301896843e+00
7.139999999999870006e+00,3.334156944832168401e-01,-1.469579758383020573e+00,-1.210384097014396332e+02,-1.688138517212970369e+00
7.144999999999869900e+00,3.244105639440773570e-01,-1.972226595552979633e+00,3.776587261009840990e+00,-1.349229322828617406e+00
7.149999999999869793e+00,3.128964091572196682e-01,-2.481672529832057439e+00,-1.293753327518377603e+02,-1.417617858066293479e+00
7.154999999999869686e+00,2.989880697137214938e-01,-2.922474635323730308e+00,-2.246120094413000956e+01,-1.270713731227910204e+00
7.159999999999869580e+00,2.833590500688527580e-01,-3.229125872366856775e+00,-6.291846560981634440e+01,-9.237473769056361306e-01
7.164999999999869473e+00,2.663753067392917728e-01,-3.449218178580702343e+00,4.378127494088093763e-01,-4.496284686799871810e-01
7.169999999999869367e+00,2.491458125395112910e-01,-3.475426146759412305e+00,-1.229553466511305686e+02,-1.995937817508870449e-01
7.174999999999869260e+00,2.317163214982178310e-01,-3.371733804335264484e+00,1.019263440458400964e+02,4.508228112003345167e-01
7.179999999999869154e+00,2.164583542664500759e-01,-2.871399528301368242e+00,3.366421273043019369e+01,1.374913961955054997e+00
7.184999999999869047e+00,2.117748734973631530e-01,4.144064741919830652e+00,6.083890648563446121e+03,2.282465176718640798e+00
7.189999999999868940e+00,2.164730340210831161e-01,-2.747374514326973438e-01,-1.398514869965173602e+03,6.568633089688745708e-01
7.194999999999868834e+00,2.207714508118603092e-01,1.257923594465854444e+00,9.725824665575738663e+02,3.130937089900609482e+00
7.199999999999868727e+00,2.223820966164060942e-01,5.628784360129344966e-02,-6.593416268208457041e+02,2.699909354502684877e+00
7.204999999999868621e+00,2.272862879761327892e-01,1.629897775131927962e-01,-7.164462183752639248e+02,2.914641107253578500e+00
7.209999999999868514e+00,2.329566371250121060e-01,1.169567032418979968e+00,5.407898766109695998e+02,2.880740170874612538e+00
7.214999999999868407e+00,2.371138056254858406e-01,6.528263130703140238e-01,-2.763081718512328848e+02,2.592373282573198434e+00
7.219999999999868301e+00,2.431626047331134910e-01,7.726541331504588328e-01,-8.754981822516836019e+02,2.368040987383776219e+00
7.224999999999868194e+00,2.474147286653681499e-01,9.375122663183554916e-01,1.111314651811623975e+02,2.834758484195420536e+00
7.229999999999868088e+00,2.509601182427751986e-01,4.575925862225148077e-01,-2.754378624158762818e+02,2.947495295292303918e+00
7.234999999999867981e+00,2.547728370701276002e-01,5.817627616635350218e-01,-5.005873197630139089e+02,2.717446574479354560e+00
7.239999999999867875e+00,2.582278110962515916e-01,9.457790356371137408e-01,4.633965360710896562e+02,3.099005683036951897e+00
7.244999999999867768e+00,2.614820333053392565e-01,2.777515184432258755e-01,-5.055389501457300412e+02,2.848596574932519943e+00
7.249999999999867661e+00,2.662098786999503308e-01,6.747524903627167836e-01,-8.785861660478205977e+02,2.369519304044285235e+00
7.254999999999867555e+00,2.695342638045530315e-01,1.191492499040880837e+00,1.014207645621069901e+03,2.964045053098386173e+00
7.259999999999867448e+00,2.720358008593773969e-01,-2.497346465899612789e-01,-8.379906369819900647e+02,2.441113952414236898e+00
7.264999999999867342e+00,2.745735766611737128e-01,4.291424485465963889e-01,-4.423765902578359146e+02,2.281559133065069300e+00
7.269999999999867235e+00,2.773144920302417771e-01,1.099297357992387481e+00,1.214348236395766889e+03,2.281298464499346590e+00
7.274999999999867129e+00,2.785662737056109894e-01,-1.167091878021978418e-01,-3.874298056909699426e+02,1.222323703060205657e+00
7.279999999999867022e+00,2.806047753709730586e-01,2.250634086059234706e-01,-7.499731013531770714e+02,4.464333790908786570e-02
7.284999999999866915e+00,2.811687853129029024e-01,4.033499351158815194e-01,5.250912709859245524e+02,-4.497585732398618474e-01
7.289999999999866809e+00,2.816830531579940788e-01,-8.561771475908032392e-02,-2.300867392069916662e+02,-1.389065449928565066e+00
7.294999999999866702e+00,2.830659561802366664e-01,1.607663193289660952e-01,-4.802676995206043102e+02,-2.075281900509494015e+00
7.299999999999866596e+00,2.843329286840820536e-01,3.984784301519584404e-01,2.645670381601024133e+02,-2.270885838598584616e+00
7.304999999999866489e+00,2.850192514659682930e-01,1.880278717824299117e-02,-9.065787826231463953e+01,-2.464726232761750069e+00
7.309999999999866382e+00,2.861555576409015034e-01,1.618784472347041814e-01,-2.948201156162454595e+02,-2.528395651392332244e+00
7.314999999999866276e+00,2.871977824771558274e-01,3.121570088587818925e-01,2.189533375232018955e+02,-2.543530536309641210e+00
7.319999999999866169e+00,2.881658765241961184e-01,1.317996812828098052e-01,-5.282723364628787266e+01,-2.413532217785896439e+00
7.324999999999866063e+00,2.894249601549623852e-01,1.727817765074804168e-01,-9.196441103764942682e+01,-2.330649354072486634e+00
7.329999999999865956e+00,2.907704901761210547e-01,2.039958257918961515e-01,-1.811593252408609089e+02,-2.399798784924536577e+00
7.334999999999865850e+00,2.921147725446268661e-01,4.633145512173995062e-01,2.505380263406520669e+02,-2.166581698435293468e+00
7.339999999999865743e+00,2.932594286531074457e-01,2.219279926729196273e-01,5.769826704555528352e+01,-1.741213070660342588e+00
7.344999999999865636e+00,2.945991119724458707e-01,2.432415891315047041e-01,-6.894032404599468578e+01,-1.022712721077646769e+00
7.349999999999865530e+00,2.962303541740035073e-01,4.219163695022065674e-01,2.613613660023649388e+01,-1.187429761121817362e-01
7.354999999999865423e+00,2.973028068169118465e-01,3.792653409592763314e-01,1.333256726335807230e+02,-1.779135431505909914e-02
7.359999999999865317e+00,2.977943412038438487e-01,-3.482976738357868585e-01,-5.477250931674273033e+02,2.363748820053091226e-01
7.364999999999865210e+00,2.982321058570976957e-01,1.280654972564433669e-01,4.644105751310702317e+02,6.569337622428855772e-01
7.369999999999865103e+00,2.987037551529077573e-01,-1.172163524743500412e-01,-2.713384538694330672e+02,3.839673847687008479e-02
7.374999999999864997e+00,2.996531650903123123e-01,2.800938446218623756e-01,-3.532493910599725240e+01,5.138026358958380779e-03
7.379999999999864890e+00,3.009327737597448649e-01,2.424377142144671649e-01,7.392651461932308621e+01,-1.707320674766776569e-01
7.384999999999864784e+00,3.023784386078888220e-01,1.622010381769463938e-01,-2.606772785110278789e+01,-3.056495407248484286e-02
7.389999999999864677e+00,3.025275733485664476e-01,1.564635450243238857e-01,2.834993105958039337e+02,2.922078871621919260e-01
7.394999999999864571e+00,3.033228519235972032e-01,8.853821997465052829e-02,-2.401796130959708009e+01,-1.916474875931968025e-01
7.399999999999864464e+00,3.040386989682900554e-01,1.033205077080772971e-01,-7.242683200755605810e+01,-3.876957111608891893e-02
7.404999999999864357e+00,3.042607545918425416e-01,-3.317349337426081513e-01,-6.822729811118695125e+02,-4.275575950197708641e-01
7.409999999999864251e+00,3.042638975143600599e-01,3.673840538481235735e-02,1.129583426414300504e+02,-2.964905520094567315e-01
7.414999999999864144e+00,3.038764471470216111e-01,-6.626426563852645668e-02,6.063206963973541264e+01,-5.135504469060410138e-01
7.419999999999864038e+00,3.033850248312494058e-01,-1.886336149064873902e-01,-1.118089021925054851e+02,-3.759047015194207919e-01
7.424999999999863931e+00,3.028059045042110764e-01,-4.085894881373378779e-02,6.657405047203594961e+01,-5.731325125039480328e-01
7.429999999999863824e+00,3.017285706354764230e-01,-1.999775318182731854e-01,1.110302069274026167e+02,-7.577876626905959423e-01
7.434999999999863718e+00,3.008684004869862094e-01,-1.067005047201187579e-01,3.870335456622006376e+01,-6.687569369731206637e-01
7.439999999999863611e+00,3.014673011925294022e-01,1.755828857863693526e-01,3.133165100339969200e+00,-1.185750239676930606e+00
7.444999999999863505e+00,3.017876305849271912e-01,3.828757845582139024e-02,3.239263613957456300e+01,-1.507791189630993678e+00
7.449999999999863398e+00,3.004914933701836599e-01,-4.141736723581060930e-01,-9.060943188223454570e+00,-1.753418172897559968e+00
7.454999999999863292e+00,2.968731164505448716e-01,-8.863890752743096568e-01,-3.301832464162525582e+01,-1.616003386087865756e+00
7.459999999999863185e+00,2.908092660014525155e-01,-1.394474588487270239e+00,-9.657215904531372530e+01,-1.467598704123642239e+00
7.464999999999863078e+00,2.827181669116852203e-01,-1.748795845760361622e+00,8.314751014049344136e+00,-1.111680946364828504e+00
7.469999999999862972e+00,2.727791939921632158e-01,-2.205162379722139132e+00,-7.650759148718368863e+01,-1.157073269774319346e+00
7.474999999999862865e+00,2.605733016841353944e-01,-2.553794082179943636e+00,2.709175925179240352e+01,-9.470124664374945933e-01
7.479999999999862759e+00,2.464534506825841742e-01,-2.859630436452347713e+00,9.513505447712292096e+01,-4.551219061719993242e-01
7.484999999999862652e+00,2.346407358963684964e-01,2.813948490644883060e-01,3.316801561072474669e+03,2.220888142066235194e-01
7.489999999999862546e+00,2.359277085261509699e-01,-3.311478725430953146e-02,-5.334370245159786919e+02,-1.132635553100956205e+00
7.494999999999862439e+00,2.388500792812502938e-01,2.227925097421008527e-01,-1.793714051791208703e+02,5.975844660695341926e-01
7.499999999999862332e+00,2.428431690549527067e-01,4.912196830248107271e-01,-3.739064654980614364e+02,2.094483696449828791e+00
7.504999999999862226e+00,2.467023353790614437e-01,1.113705218936165586e+00,6.075140069684279069e+02,3.110688942680998270e+00
7.509999999999862119e+00,2.507165033701392876e-01,4.723988672148174972e-01,-3.944782397088559946e+02,2.876277549254855348e+00
7.514999999999862013e+00,2.561824986864068010e-01,9.075759074856348807e-01,-5.255643408077812637e+02,2.607540353740177785e+00
7.519999999999861906e+00,2.614456639766434831e-01,1.371925706097740338e+00,6.689327337874568684e+02,2.919240704537309661e+00
7.524999999999861799e+00,2.655618614193036020e-01,5.424321880099821636e-01,-1.784186284563154743e+02,2.681934291196406139e+00
7.529999999999861693e+00,2.696001566616430534e-01,1.002364896640496106e+00,5.370316211154256507e+02,2.973742972041310662e+00
7.534999999999861586e+00,2.734556772900048616e-01,4.250049793033809364e-01,-4.242810248466165604e+02,2.701382121186335361e+00
7.539999999999861480e+00,2.771557612730469189e-01,4.733554489564050782e-01,-2.054947838929734871e+02,2.744740949551462972e+00
7.544999999999861373e+00,2.792765898416862957e-01,1.561542183005202311e-01,-3.983465331393253450e+02,2.802090869901948000e+00
7.549999999999861267e+00,2.820323867014764563e-01,7.165197322956700088e-01,7.739026284841758070e+02,3.013750990549656450e+00
7.554999999999861160e+00,2.844271663081385793e-01,2.412027774358219967e-01,-3.856938094555458747e+02,2.472879549438858682e+00
7.559999999999861053e+00,2.863300953255212833e-01,6.206299773251960916e-01,4.207363299587660777e+02,2.627810970651309752e+00
7.564999999999860947e+00,2.879034110377646227e-01,3.123946753381930952e-01,-3.472478126397419373e+02,2.088994718966682207e+00
7.569999999999860840e+00,2.888521330185742642e-01,-3.618962545789217722e-01,-6.245651116583035218e+02,2.082312648993042359e+00
7.574999999999860734e+00,2.906691232225398491e-01,4.431507406907798652e-01,-1.217682761357404218e+02,1.666250175780476184e+00
7.579999999999860627e+00,2.913286496371342849e-01,9.230149084990103836e-02,8.794390883050811070e+00,1.315867260318378085e+00
7.584999999999860520e+00,2.916631508473136458e-01,1.123583612429171069e-01,1.362677619554187913e+02,4.668434968782893546e-01
7.589999999999860414e+00,2.924847868051876354e-01,-1.505800157400078998e-01,-4.125728283522735751e+02,-2.776873240049364533e-01
7.594999999999860307e+00,2.939910894008986308e-01,8.556269179180825413e-02,-4.401631629376586829e+02,-1.427822010149100151e+00
7.599999999999860201e+00,2.948968147369387949e-01,3.248438629651369536e-01,4.683964421215941343e+02,-1.818331201894678228e+00
7.604999999999860094e+00,2.955832653901069862e-01,5.254282496464712099e-02,-9.027543470869525777e+01,-2.418505057235480482e+00
7.609999999999859988e+00,2.973181840085541983e-01,3.144738772367839386e-01,-3.814714748900922814e+02,-3.165921612200328639e+00
7.614999999999859881e+00,2.984303745311468470e-01,2.946827540626535402e-01,1.493943577718841880e+02,-3.304540835309853986e+00
7.619999999999859774e+00,2.995471044043684361e-01,2.048690020543668389e-01,4.564151979590082675e+01,-3.058060036170855422e+00
7.624999999999859668e+00,3.007114841820947015e-01,1.367301038372432109e-01,-2.358899265877528251e+02,-3.379459671442512025e+00
7.629999999999859561e+00,3.019106979437812255e-01,2.801832461288038534e-01,9.982699616349417227e+01,-3.069761028517755008e+00
7.634999999999859455e+00,3.032908309259352286e-01,5.007557148327573815e-01,2.995539313163798738e+02,-2.695403266047194712e+00
7.639999999999859348e+00,3.045760462409456970e-01,4.458367840168089846e-01,3.590186440954801697e+02,-2.409303049903074534e+00
7.644999999999859241e+00,3.057597939429318457e-01,2.954132485401022579e-01,-2.176980001683248123e+00,-2.133025868805315195e+00
7.649999999999859135e+00,3.069026567863413213e-01,2.421048629896874749e-01,9.119072426550341959e+01,-1.494484302288390909e+00
7.654999999999859028e+00,3.080147689718317205e-01,2.461274491493965766e-01,1.230341862435163023e+02,-7.763880903313976622e-01
7.659999999999858922e+00,3.090050951213410002e-01,1.297765526263000013e-01,-3.636495646329630205e+01,-8.162586417194647725e-02
7.664999999999858815e+00,3.091702779869672790e-01,-2.276162116620138731e-01,-4.264966211268547340e+02,3.217079728919945980e-01
7.669999999999858709e+00,3.094179011058978968e-01,1.152379373611540610e-03,-6.274487924778730985e+01,4.945962660117121934e-01
7.674999999999858602e+00,3.095717297005128876e-01,7.438289261618950821e-02,-3.077307196792526867e+01,5.990064761804221316e-01
7.679999999999858495e+00,3.096688860210671801e-01,1.299536082722922703e-01,1.304963477723634639e+02,2.191831016437058022e-01
7.684999999999858389e+00,3.098110848803040662e-01,5.999626287178397299e-02,2.956339735221292031e+01,1.454825529085085056e-01
7.689999999999858282e+00,3.102064400920366838e-01,1.066471642088595712e-01,5.685255103055256853e+01,2.702342480029473748e-01
7.694999999999858176e+00,3.107107991122604052e-01,3.682214831315086534e-02,-8.521260729307850568e+01,4.111802526558246962e-01
7.699999999999858069e+00,3.117617604340915394e-01,2.930640867808652072e-01,1.007473180384673270e+02,4.023592498730047540e-01
7.704999999999857963e+00,3.127000625384399601e-01,2.357895044252840411e-01,1.435931842524824731e+02,7.317716897686976640e-02
7.709999999999857856e+00,3.146888654612951530e-01,7.346446724362308833e-01,2.190132344899344901e+02,-5.071733161470931561e-02
7.714999999999857749e+00,3.216090411266191440e-01,1.640214931869718118e+00,3.696433640955007149e+01,-5.969186650045587017e-01
7.719999999999857643e+00,3.296215163386284619e-01,1.596952529326417292e+00,1.363821095749863730e+02,-1.339664013146841137e+00
7.724999999999857536e+00,3.369519499749892844e-01,1.262519687910243160e+00,-2.721998440914662183e+02,-1.604552473810008317e+00
7.729999999999857430e+00,3.420505103250301993e-01,7.339348040654041228e-01,-1.603471475114455700e+02,-1.802712083274079280e+00
7.734999999999857323e+00,3.441190698616070076e-01,1.981452258938185274e-01,-1.801254026337320511e+02,-1.756486736629310652e+00
7.739999999999857216e+00,3.433380833859817627e-01,-2.896031430184634048e-01,-1.889794850494967804e+01,-1.591424832954655200e+00
7.744999999999857110e+00,3.395816680100595120e-01,-1.019290924498537310e+00,-1.294084038713565121e+02,-1.676255446444796959e+00
7.749999999999857003e+00,3.331301182488827783e-01,-1.534707201772759655e+00,-1.465724818621201280e+02,-1.431385884403081565e+00
7.754999999999856897e+00,3.238472280996432251e-01,-2.052366547256001539e+00,-1.635964222804581425e+02,-1.529020170768107700e+00
7.759999999999856790e+00,3.118995254305947373e-01,-2.554685817015895033e+00,-3.212863957424476524e+01,-1.454814460781516772e+00
7.764999999999856684e+00,2.979793757647473673e-01,-2.845479814335522661e+00,1.034521907748169411e+01,-1.189918556317081322e+00
7.769999999999856577e+00,2.825038442624064339e-01,-3.204499876831329530e+00,-5.405900338905122737e+01,-1.097520894629987032e+00
7.774999999999856470e+00,2.660296216554015603e-01,-3.312265583157439686e+00,5.647528808474452688e+01,-6.930882835803617859e-01
7.779999999999856364e+00,2.487158378323459651e-01,-3.467829494510034749e+00,-7.829733130186561141e+01,-5.528276932269517996e-01
7.784999999999856257e+00,2.312309149968883315e-01,-3.521773799875294486e+00,-7.018364559783654499e+01,-1.260873323416809022e-01
7.789999999999856151e+00,2.141766270927111804e-01,-3.345844846246398774e+00,9.043413800786041179e+01,4.226081125167657770e-01
7.794999999999856044e+00,1.988043626280074083e-01,-2.778454468582970183e+00,2.620567389251003192e+02,1.428018094648348502e+00
7.799999999999855937e+00,1.873935229954835635e-01,-1.877031615015518629e+00,2.886268817817970671e+02,2.251759290219844445e+00
7.804999999999855831e+00,1.991269462730003159e-01,2.694291406984041348e+00,-4.717245407580757615e+02,5.187302681667795845e-01
7.809999999999855724e+00,2.030109976143437134e-01,-4.346936860290430416e-02,-8.571953091637062698e+02,2.648777280136804357e+00
7.814999999999855618e+00,2.053163660072783725e-01,1.373805746810835116e+00,1.596757612452874582e+03,3.592774163065053816e+00
7.819999999999855511e+00,2.098857602219810492e-01,7.724974647642608439e-01,-3.723242163823493343e+02,2.323179959363780078e+00
7.824999999999855405e+00,2.144594928264514089e-01,1.205670093314568536e+00,5.368927783507172080e+02,2.800059336902871010e+00
7.829999999999855298e+00,2.195370994958818212e-01,1.279785199625657288e+00,1.008661026330304253e+03,2.868458239953734168e+00
7.834999999999855191e+00,2.243225779938883280e-01,1.274407521624516759e+00,8.882690466793147834e+02,2.835556209217434009e+00
7.839999999999855085e+00,2.290504876333367135e-01,1.234218560683275401e+00,1.048163970762411964e+03,2.973729126246588361e+00
7.844999999999854978e+00,2.334884340870387598e-01,1.219217318326723865e+00,1.117338558819732725e+03,3.022621429937950133e+00
7.849999999999854872e+00,2.377403493048073635e-01,7.205909653657103231e-01,-7.860832247686528262e+01,2.690925401326100808e+00
7.854999999999854765e+00,2.414179882555879120e-01,5.816490874397566291e-01,-1.171558224856640749e+02,2.895893082560038856e+00
7.859999999999854658e+00,2.445310944832681244e-01,9.551826053989161958e-01,5.676831795360081969e+02,3.122951711046285439e+00
7.864999999999854552e+00,2.477301195801894229e-01,2.373656578047453891e-01,-4.654219394373162686e+02,2.737112782467482130e+00
7.869999999999854445e+00,2.514306936727543351e-01,4.795520987969247306e-01,-6.037140369567337075e+02,2.662763872747826888e+00
7.874999999999854339e+00,2.543447055051144545e-01,1.120934337559696070e+00,1.000004217673173798e+03,3.182791262581373903e+00
7.879999999999854232e+00,2.560255463299786483e-01,3.401130644761507504e-02,-2.555439729680937830e+02,2.332536498171054351e+00
7.884999999999854126e+00,2.584710513433797763e-01,3.314675715651002053e-01,-4.844805924945316633e+02,2.729806269585914436e+00
7.889999999999854019e+00,2.611969291535068960e-01,1.081651285166004950e+00,8.972578452654488501e+02,2.740841009510474269e+00
7.894999999999853912e+00,2.634366210208344827e-01,-1.710926097023618975e-01,-6.966229986551046522e+02,2.288788581607507311e+00
7.899999999999853806e+00,2.656636037564676922e-01,2.777957739268774318e-01,-6.072690489268404690e+02,1.897179330738539171e+00
7.904999999999853699e+00,2.673983487315422791e-01,8.041122806267290146e-01,8.673446437244111848e+02,1.923027619511280539e+00
7.909999999999853593e+00,2.682563943161622166e-01,-1.098565127225792776e-01,-2.300207747374442135e+02,7.918720205794022027e-01
7.914999999999853486e+00,2.694327523793247359e-01,6.611965870098571174e-02,-6.358589858486291178e+02,-5.913810374062309361e-01
7.919999999999853380e+00,2.700389744061545971e-01,3.426268764158200697e-01,4.073112332164670306e+02,-1.215203155170667904e+00
7.924999999999853273e+00,2.703897729676371653e-01,3.898095918477585686e-02,-1.551721733657309699e+01,-2.088850528495970860e+00
7.929999999999853166e+00,2.714639638008756739e-01,3.451888783284335488e-02,-4.409207697490280680e+02,-2.777072517046123679e+00
7.934999999999853060e+00,2.726579158188064955e-01,4.429580722701196849e-01,3.250541032397176195e+02,-2.791099731928369909e+00
7.939999999999852953e+00,2.734498062729397438e-01,2.060523295516893116e-01,1.506969583022700192e+02,-2.982864030007732925e+00
7.944999999999852847e+00,2.745599888473104211e-01,7.779605826913123245e-02,-3.605167906549871759e+02,-3.138937085856466247e+00
7.949999999999852740e+00,2.760699831509846325e-01,2.332682456771309754e-01,-1.030706714109792728e+02,-2.922736904542325043e+00
7.954999999999852633e+00,2.773565186230573243e-01,2.431747459348272133e-01,6.708942980911659504e+01,-2.652518706580544006e+00
7.959999999999852527e+00,2.783415696805372486e-01,8.441649117083208087e-02,7.799475718210219100e+01,-2.571322719039351057e+00
7.964999999999852420e+00,2.795193357550059265e-01,3.359443122872693976e-01,6.014807928002534609e+00,-2.483695189112952395e+00
7.969999999999852314e+00,2.808789671823637146e-01,2.969212920358065277e-01,-6.925303566417933610e+01,-2.072079472919132748e+00
7.974999999999852207e+00,2.825296877798081918e-01,2.485269262289012404e-01,-2.546242782015395676e+02,-1.398423830656972733e+00
7.979999999999852101e+00,2.842726444205950220e-01,3.400342215669627799e-01,-1.209554863142042507e+02,-4.365531699402940835e-01
7.984999999999851994e+00,2.859427821329605934e-01,4.071155443822271902e-01,5.171255484440241190e+01,2.209348873155581039e-01
7.989999999999851887e+00,2.871792302910934347e-01,3.709723227574392435e-01,1.319436451277836682e+02,6.649554267930316009e-02
7.994999999999851781e+00,2.887022350736244691e-01,4.019217755606196429e-01,-2.636220660060616297e+02,-7.934804948764240251e-02
7.999999999999851674e+00,2.895102020247063979e-01,2.994669716564376527e-01,1.222728016416115082e+02,2.631257803751260171e-01
8.004999999999851568e+00,2.918009005099693742e-01,5.081862287117780985e-01,-3.378758589598600111e+02,-3.354751625997787756e-01
8.009999999999852349e+00,2.942199327097674844e-01,4.140798697960755281e-01,-6.012431492169085914e+02,-2.831603412152295940e-01
8.014999999999853131e+00,2.958731791104874942e-01,3.526368691103414776e-01,4.830697426630458580e+01,1.978985257229679273e-01
8.019999999999853912e+00,2.978406243472392911e-01,2.240115481563766664e-01,-2.589257538434830508e+02,-2.864203343331801488e-01
8.024999999999854694e+00,2.997186056903258788e-01,3.740152360405629706e-01,-6.814557771353285887e+01,-1.283717706293232286e-01
8.029999999999855476e+00,3.011945937222043623e-01,2.314303790637062264e-01,-3.838534480148015859e+01,-3.903459561668119471e-01
8.034999999999856257e+00,3.031937330772919714e-01,3.169210583393515246e-01,7.143468707122528372e+01,-3.513480995648292637e-01
8.039999999999857039e+00,3.033517740542686636e-01,1.628752946121606870e-01,-3.156915133789150119e+01,-7.502473088162100456e-01
8.044999999999857820e+00,3.037985364715927172e-01,-1.099406053607087513e-01,-4.525637170238089766e+02,-6.744971486027919738e-01
8.049999999999858602e+00,3.038244035380726626e-01,1.266968624532574788e-03,4.795708409135750827e+01,-6.901468440360252199e-01
8.054999999999859384e+00,3.036653200162218735e-01,-7.768864120801409479e-02,-1.811449410477944753e+02,-5.277011193393245092e-01
8.059999999999860165e+00,3.035114401003216611e-01,-5.417901019208417462e-02,-5.247019869699362005e+01,-6.533458644133692816e-01
8.064999999999860947e+00,3.030954847269567987e-01,-6.223068214470830334e-02,1.076140320947212103e+02,-5.221682014237689629e-01
8.069999999999861728e+00,3.024806258539185500e-01,-1.129381271827716859e-01,7.671853960112048298e+01,-7.069871539312158060e-01
8.074999999999862510e+00,3.016010566980577567e-01,-2.723992494249636298e-01,-1.679108289388077253e+02,-8.776218345415353062e-01
8.079999999999863292e+00,3.008324483676482752e-01,-1.344874576134564570e-01,1.198288593310848249e+01,-6.723686159884466607e-01
8.084999999999864073e+00,3.010620242939819335e-01,1.885510405933204722e-02,-1.075625230165779271e+02,-1.229652371280673950e+00
8.089999999999864855e+00,3.009474395552728110e-01,-1.072993680277954665e-01,-2.223476717316222917e+01,-1.508234384550999341e+00
8.094999999999865636e+00,2.986935963558094431e-01,-7.095523970031256678e-01,-1.829096639026612081e+02,-1.795529509697050496e+00
8.099999999999866418e+00,2.940242969621553182e-01,-1.093880693258093562e+00,-7.748480228588384477e+01,-1.607319201035360523e+00
8.104999999999867200e+00,2.870143232864027505e-01,-1.564860426519826264e+00,-4.140515296914885823e+01,-1.452218698334173386e+00
8.109999999999867981e+00,2.780447735334107828e-01,-1.887275655396429830e+00,1.440496900070547248e+01,-1.096725208434763399e+00
8.114999999999868763e+00,2.675643534402927237e-01,-2.257586482842756315e+00,-4.420723678281504476e+01,-1.106135746581076384e+00
8.119999999999869544e+00,2.553729506044886133e-01,-2.505273825123550679e+00,3.761114100599615284e+01,-9.089653454431223523e-01
8.124999999999870326e+00,2.415773435044528961e-01,-2.784478658099433179e+00,5.606901824876194240e+01,-5.287581444947915266e-01
8.129999999999871108e+00,2.357277448481197579e-01,3.599151877444407843e-02,1.365949002238733101e+01,-1.593743189671601224e+00
8.134999999999871889e+00,2.367906205794745034e-01,-3.294595370882932861e-01,-1.149700918873900491e+03,-1.837345352111436014e+00
8.139999999999872671e+00,2.400874669964035146e-01,9.321057464219799638e-01,6.712325618458896770e+02,2.031817393516524850e-01
8.144999999999873452e+00,2.427673644333384062e-01,2.884164360547644690e-01,-3.533985177932670467e+02,1.522311681183365462e+00
8.149999999999874234e+00,2.483809789178403338e-01,8.102338764029352047e-01,-8.089409915238244366e+02,2.105761703685192110e+00
8.154999999999875016e+00,2.532019983666731200e-01,1.523105375813768925e+00,1.083694868835452326e+03,2.995897796593425255e+00
8.159999999999875797e+00,2.578299078241075293e-01,3.831060101418714003e-01,-6.188587218838295030e+02,2.563757212772011851e+00
8.164999999999876579e+00,2.636396052095751896e-01,9.468489145438924171e-01,-6.929512492742073846e+02,2.333022769278533470e+00
8.169999999999877360e+00,2.664127248050860985e-01,2.855986392983395072e-01,-3.115226193834558330e+02,2.906483903492408594e+00
8.174999999999878142e+00,2.702829701695428910e-01,6.196454363166509216e-01,-4.277338259316125004e+02,2.589073122161576812e+00
8.179999999999878924e+00,2.720414727769925323e-01,1.453078550716738748e-01,-3.535330395011769156e+02,2.923589676976799279e+00
8.184999999999879705e+00,2.754808805291960039e-01,5.649634683699877868e-01,-3.828030421002218873e+02,2.518258916916392476e+00
8.189999999999880487e+00,2.775266297283665029e-01,1.457284187802415087e-01,-3.734611260404698783e+02,2.744137436136430352e+00
8.194999999999881268e+00,2.801929553290222197e-01,6.914237315651299287e-01,7.211812837518471042e+02,2.890329544822845875e+00
8.199999999999882050e+00,2.825752794125564460e-01,2.254661334643699722e-01,-3.651407307604670791e+02,2.471349500969528101e+00
8.204999999999882832e+00,2.846919959595270999e-01,7.204802003069024074e-01,5.747764942309572689e+02,2.683601948983245222e+00
8.209999999999883613e+00,2.865342923135558717e-01,3.504809218302059048e-01,-3.442300774234740857e+02,2.158970788617994074e+00
8.214999999999884395e+00,2.876762235878228546e-01,-2.857902069531487177e-01,-5.604373945693083670e+02,2.116015210913911204e+00
8.219999999999885176e+00,2.897604212761422104e-01,5.058602722004763574e-01,-1.373858448982586822e+02,1.706591568049594665e+00
8.224999999999885958e+00,2.907491631695708900e-01,1.582778548826622167e-01,-1.410834563447266632e+01,1.525118868651371029e+00
8.229999999999886739e+00,2.913609568123305960e-01,3.627176962721075371e-01,3.554111251114518950e+02,9.456468685797270179e-01
8.234999999999887521e+00,2.919460435408328114e-01,-6.808346179393268138e-02,7.611754585514528060e+01,1.656975794234283317e-01
8.239999999999888303e+00,2.938549203330970139e-01,-1.529780909059652028e-01,-1.034610483556029294e+03,-1.204817833028621887e+00
8.244999999999889084e+00,2.945130621610147492e-01,6.652934800439572749e-01,6.942631128856628493e+02,-1.510228206326478917e+00
8.249999999999889866e+00,2.954717781272671040e-01,-7.970860428687671917e-02,-2.598386213588966598e+02,-2.277755901366479652e+00
8.254999999999890647e+00,2.970014910733907998e-01,2.344536010032750029e-01,-3.950254002987247191e+02,-2.823608898354654784e+00
8.259999999999891429e+00,2.986164872951904692e-01,3.435320637866081106e-01,2.562350587192786406e+02,-2.950891631515896840e+00
8.264999999999892211e+00,2.996798525972740324e-01,2.207063656853040789e-01,8.612328928449812793e+01,-3.081906453820536296e+00
8.269999999999892992e+00,3.011840710014318523e-01,2.419404458581154438e-01,-3.257522981474751873e+02,-3.585399656310495953e+00
8.274999999999893774e+00,3.023364581305331700e-01,2.596880603725853498e-01,1.292256269240555966e+01,-3.252575602648548614e+00
8.279999999999894555e+00,3.036666476011447569e-01,2.824822800737197270e-01,6.213883614306205772e+01,-2.853392854102071663e+00
8.284999999999895337e+00,3.044287792688244454e-01,5.010329903695207032e-02,-1.534338199441432771e+01,-3.010159278474525024e+00
8.289999999999896119e+00,3.058049070494094912e-01,2.340127268482327105e-01,-5.655253936334066367e+01,-2.601045137275117103e+00
8.294999999999896900e+00,3.070296751745081321e-01,1.680832459625087039e-01,-2.391532891088581039e+02,-2.389961594715235282e+00
8.299999999999897682e+00,3.078167368147788352e-01,1.035757309251859187e-01,-8.583842487826160550e+01,-1.882461579160205511e+00
8.304999999999898463e+00,3.086944848582663936e-01,1.410338665146612658e-01,-3.622105689721642108e+01,-1.321611404519976052e+00
8.309999999999899245e+00,3.096816628726569154e-01,2.373495689449506008e-01,4.330892892307669939e+01,-6.791283244707599920e-01
8.314999999999900027e+00,3.104432338313707906e-01,1.732564740689167826e-01,1.514625824826080986e+02,1.428187756728600821e-03
8.319999999999900808e+00,3.110588289069086687e-01,1.254106659126155709e-01,2.255553848794114344e+02,3.442533266951076643e-01
8.324999999999901590e+00,3.115844764854232563e-01,1.447328061573628089e-01,2.387100623391005172e+02,4.730505567648031207e-01
8.329999999999902371e+00,3.120205970489022818e-01,1.435404608029799411e-01,2.410847173674476949e+02,4.915413663291535173e-01
8.334999999999903153e+00,3.125798431071484251e-01,1.517929511460317793e-01,2.401882777245054967e+02,4.704032017947009092e-01
8.339999999999903935e+00,3.134324784903770866e-01,1.645723821126414410e-01,4.834942650991416002e+01,3.640016692941858145e-01
8.344999999999904716e+00,3.144471915059292022e-01,1.879589466993059066e-01,-8.969421726304243236e+01,4.021224920626044197e-01
8.349999999999905498e+00,3.184970769061570284e-01,1.198911442186711751e+00,1.250446395533951005e+02,-2.305477524922738830e-02
8.354999999999906279e+00,3.273819458685989225e-01,2.049991760345408753e+00,2.052226175037114047e+02,-6.385508120461891313e-01
8.359999999999907061e+00,3.369744159360561486e-01,1.880005649257197264e+00,1.083872428127246081e+02,-1.429948753473914813e+00
8.364999999999907843e+00,3.452183814079569646e-01,1.432954309718566188e+00,-1.470338715528817204e+02,-1.653413785205786191e+00
8.369999999999908624e+00,3.515233504466508396e-01,1.008218308547265130e+00,-1.528950620701656646e+02,-1.639534119544123536e+00
8.374999999999909406e+00,3.545397620095191438e-01,2.514351159773021149e-01,-3.279372497293671813e+02,-1.872579123696280101e+00
8.379999999999910187e+00,3.546496254655907565e-01,-1.059992364637675349e-01,1.132830341860684709e-01,-1.647229690880591679e+00
8.384999999999910969e+00,3.514934369759762367e-01,-9.029133232884040128e-01,-1.795115342523630204e+02,-1.868283043283950340e+00
8.389999999999911751e+00,3.453848276067491008e-01,-1.417717463780378218e+00,1.511320529781594324e+01,-1.567954195423596264e+00
8.394999999999912532e+00,3.363750191472022477e-01,-1.955885628937209963e+00,2.101078689566869784e+01,-1.614885942095701576e+00
8.399999999999913314e+00,3.244220448095558318e-01,-2.605629553737736970e+00,-1.014172161657194522e+02,-1.609159588117174300e+00
8.404999999999914095e+00,3.103558665398200578e-01,-2.956082026465354673e+00,-8.229592243478752778e+01,-1.293245829555757398e+00
8.409999999999914877e+00,2.943692405000866708e-01,-3.394950785252210057e+00,-1.876136359045644326e+02,-1.239347116720806330e+00
8.414999999999915659e+00,2.772088539067244506e-01,-3.514839015464050309e+00,-6.529508754375325452e+01,-8.428177490878567824e-01
8.419999999999916440e+00,2.590539277324571676e-01,-3.726696268848841420e+00,-7.947701294592231136e+01,-6.472320170641250314e-01
8.424999999999917222e+00,2.404446396641260475e-01,-3.603404596058704890e+00,1.218839092559963575e+02,-8.437570187284126888e-02
8.429999999999918003e+00,2.223152633545601997e-01,-3.583614742296217237e+00,3.748326461619097216e+01,2.334461417701476638e-01
8.434999999999918785e+00,2.055973525871095109e-01,-3.181017832580165905e+00,3.317270827711027437e+01,8.265017497166670113e-01
8.439999999999919567e+00,1.914405416279735261e-01,-2.498655551185916313e+00,2.633310749847208285e+02,1.701656453186728424e+00
8.444999999999920348e+00,1.814535835389403662e-01,-1.573719798220910127e+00,2.699003289215268637e+02,2.322371354557016154e+00
8.449999999999921130e+00,1.833605471386392238e-01,1.481240545485744242e+00,-6.664319100120685846e+01,1.570770754114630519e+00
8.454999999999921911e+00,1.880989176060882118e-01,6.827337005249513036e-01,4.423009864406472502e+02,2.523913860736640036e+00
8.459999999999922693e+00,1.911644209366474556e-01,6.247183946585080916e-01,2.142814434004336732e+01,2.981023151193522125e+00
8.464999999999923475e+00,1.957029207570742946e-01,9.894911850031736789e-01,4.382361869572510500e+02,2.993531969145621474e+00
8.469999999999924256e+00,2.002655898990773065e-01,1.157792501578293498e+00,6.378067889299544504e+02,2.623257229212425656e+00
8.474999999999925038e+00,2.042504992871155278e-01,7.676596049318719084e-01,-6.452173930443701977e+01,2.547482003254797789e+00
8.479999999999925819e+00,2.088501946791138930e-01,7.756791650391006154e-01,-4.611972694278781404e+01,2.669255698683422828e+00
8.484999999999926601e+00,2.139299451038441935e-01,6.409110675137775770e-01,-5.082264857926386412e+02,2.531828379990389344e+00
8.489999999999927383e+00,2.187127702851417721e-01,6.247557621942311235e-01,-3.188696849032560294e+02,2.746349658312931652e+00
8.494999999999928164e+00,2.232386604904181560e-01,5.903025428828382326e-01,-1.968752458963369065e+02,2.846781143553904325e+00
8.499999999999928946e+00,2.270114664195994891e-01,7.497021213383685545e-01,6.395010820563965126e+02,3.234290887223898459e+00
8.504999999999929727e+00,2.299415886100847906e-01,7.153356157625649914e-01,-7.621005604276379017e+02,2.494561051393069384e+00
8.509999999999930509e+00,2.329288723544113426e-01,9.497270657952255890e-01,6.925815175241392581e+02,3.217791448592709269e+00
8.514999999999931291e+00,2.352764641765537901e-01,4.081021595026425031e-01,4.534930812508163456e+01,3.117056109284507492e+00
8.519999999999932072e+00,2.377027297563715780e-01,4.242915794812578967e-01,-8.167306510224629790e+01,3.237390435728364491e+00
8.524999999999932854e+00,2.398743130198150164e-01,6.010321793851262084e-01,3.195156636866637996e+02,2.824371333515034888e+00
8.529999999999933635e+00,2.419479531193264588e-01,2.769531645249077578e-01,-1.021538712894676593e+02,3.224710120862118945e+00
8.534999999999934417e+00,2.440632495385308132e-01,2.188336882679413342e-01,-4.420430947284833678e+02,2.287957959256918361e+00
8.539999999999935199e+00,2.457557035071208928e-01,4.288486447562330772e-01,1.632073368489670031e+02,3.104971435313649053e+00
8.544999999999935980e+00,2.474672806277470605e-01,1.857789275923225625e-01,-6.285980814894339375e+01,2.745638710664622284e+00
8.549999999999936762e+00,2.501874835013160880e-01,1.826294868037533214e-01,-1.162289969693419607e+03,1.748439596902264137e+00
8.554999999999937543e+00,2.513881798217688091e-01,4.110371245552034702e-01,2.737409286551302330e+02,2.122473795108611672e+00
8.559999999999938325e+00,2.520426104734184158e-01,-2.894069250602588142e-02,-2.158721627014242017e+02,1.178070777551824433e+00
8.564999999999939106e+00,2.532906706430219090e-01,1.297374428771652932e-01,-4.945910992434340301e+02,-2.210814175624718492e-01
8.569999999999939888e+00,2.538512428951031907e-01,2.545786658088302623e-01,2.515041457476291953e+02,-1.021674346704269931e+00
8.574999999999940670e+00,2.542513910517687492e-01,5.331529922507439317e-02,2.571308962042600044e+01,-1.801180517165541062e+00
8.579999999999941451e+00,2.553526632519687589e-01,1.831145002113496872e-02,-4.853311508085510013e+02,-2.538288941361532380e+00
8.584999999999942233e+00,2.566616050088031398e-01,3.875220216720224875e-01,2.188619026128492919e+02,-2.525458130617545649e+00
8.589999999999943014e+00,2.575529999713959128e-01,2.285907286832104257e-01,2.156558672557912644e+02,-2.718880885976436623e+00
8.594999999999943796e+00,2.587468777648113116e-01,8.117030767709755568e-02,-4.304397354800846642e+02,-3.009011009927553104e+00
8.599999999999944578e+00,2.603592428779465395e-01,2.840542003822178474e-01,-6.978726289755533685e+01,-2.717111693492742841e+00
8.604999999999945359e+00,2.621497942912159318e-01,5.403155320065964329e-01,2.759215547789020206e+02,-2.438714039046760096e+00
8.609999999999946141e+00,2.633176823445185777e-01,1.976805442375189070e-01,-1.639229557698219821e+02,-2.469109432987838471e+00
8.614999999999946922e+00,2.648044849799887634e-01,2.727567702596737087e-01,-4.063346678257983058e+01,-2.073908263896279358e+00
8.619999999999947704e+00,2.664325984697995531e-01,1.636993194783388506e-01,-2.387938770651894345e+02,-1.428435720288921740e+00
8.624999999999948486e+00,2.681511433201213546e-01,2.604469527731000933e-01,-9.221905134405407978e+01,-3.658997197988033134e-01
8.629999999999949267e+00,2.696824928343726224e-01,3.593508225417673674e-01,1.913600705551730528e+02,5.251414041259201415e-01
8.634999999999950049e+00,2.706555719210930189e-01,1.858671475348444568e-01,-2.222116144672171956e+01,3.399923700126641912e-01
8.639999999999950830e+00,2.728341644551985912e-01,1.798269568744387259e-01,-1.946423246912070226e+02,2.551537454933506810e-01
8.644999999999951612e+00,2.748662415065598608e-01,3.533607806298823539e-01,-1.166505185737598111e+02,2.441079200187248610e-01
8.649999999999952394e+00,2.766420963464430449e-01,4.210386287099346370e-01,-3.473396692068291003e+01,5.533249201933351791e-02
8.654999999999953175e+00,2.795038405866169251e-01,5.569199086927779652e-01,-1.651952800599277680e+02,-6.435894837420630399e-03
8.659999999999953957e+00,2.818902958106167533e-01,5.006356373274213345e-01,-9.969264285679290083e+01,-3.118122237640193473e-01
8.664999999999954738e+00,2.839090941505904020e-01,1.345219006774695802e-01,-3.118819767811991710e+02,-1.264681325438544446e-01
8.669999999999955520e+00,2.862339593576295194e-01,2.770660642972515020e-01,-1.084814471041639763e+02,-3.740411036266786393e-01
8.674999999999956302e+00,2.884541564278619297e-01,5.600615749377549912e-01,-4.248731434259302553e+00,-3.270814713172666144e-01
8.679999999999957083e+00,2.896869930843378182e-01,2.217976507163263722e-01,9.048398505856226848e+00,-6.080819563988504317e-01
8.684999999999957865e+00,2.904548771629910653e-01,1.719718410550553356e-01,-1.945273469007755907e+01,-5.253640329899869066e-01
8.689999999999958646e+00,2.906172216933914920e-01,-3.503335386204710078e-01,-5.718165329289585088e+02,-5.741646622571227043e-01
8.694999999999959428e+00,2.904476891488166346e-01,2.620916041104955421e-02,5.482608489221255432e+00,-7.334634626298105475e-01
8.699999999999960210e+00,2.904227557807641524e-01,-1.053872026083342572e-02,1.050032614636443498e+02,-5.220273665977229749e-01
8.704999999999960991e+00,2.901488519447881775e-01,-1.020668929040243478e-01,-1.128692324860901692e+02,-7.298477760690602612e-01
8.709999999999961773e+00,2.895475321794643841e-01,-2.614212382877542651e-01,-2.033155370215003757e+02,-7.882787134622115666e-01
8.714999999999962554e+00,2.888224681802519234e-01,-4.351414645960794553e-02,1.191075839287433951e+02,-5.132382884981905313e-01
8.719999999999963336e+00,2.879417630331983502e-01,-1.776423804485987856e-01,4.942929504453295664e+01,-8.344766291170453432e-01
8.724999999999964118e+00,2.870410114869315077e-01,-2.557558211827350436e-01,-1.175621836687523114e+02,-7.797870724587413482e-01
8.729999999999964899e+00,2.862549760928610465e-01,-1.113983990778075056e-01,-8.017845282276650209e+01,-1.089681893845112270e+00
8.734999999999965681e+00,2.857311683703528948e-01,-2.271676743413306443e-01,-1.288604286625251802e+02,-1.391827729700865213e+00
8.739999999999966462e+00,2.839257358704657119e-01,-4.704544434722137680e-01,-5.202141377489083851e+01,-1.574705576145050356e+00
8.744999999999967244e+00,2.799472377037399706e-01,-9.080902185117178949e-01,-1.298760569473892090e+01,-1.528430880005824166e+00
8.749999999999968026e+00,2.737066278590969404e-01,-1.376084772328008521e+00,1.497759369901513438e+01,-1.479573532582664663e+00
8.754999999999968807e+00,2.655169030670979091e-01,-1.734282536587720358e+00,-5.486308264118263445e+00,-1.306953625457173418e+00
8.759999999999969589e+00,2.557522911045362890e-01,-1.996286185592703877e+00,3.376267492084146937e+01,-1.116468705153923491e+00
8.764999999999970370e+00,2.448698802828231935e-01,-2.233130599643192937e+00,-1.923528416276383979e+01,-8.287513936209842669e-01
8.769999999999971152e+00,2.377943927565931981e-01,-5.469970749887480554e-01,2.969921861339869906e+02,-1.548257723666704333e+00
8.774999999999971934e+00,2.371980172706842083e-01,1.837599440808774798e-01,6.399841194740639594e+01,-2.246872805808142193e+00
8.779999999999972715e+00,2.392061747287095308e-01,8.946211076759720271e-01,9.743667162082248296e+02,-1.263565630994754274e+00
8.784999999999973497e+00,2.415284260197613497e-01,6.319522596619203680e-01,4.229974545274552042e+02,2.131847425374143734e-01
8.789999999999974278e+00,2.454858837794890170e-01,1.116232259365170121e+00,1.224281930133725609e+03,2.213288416542749992e+00
8.794999999999975060e+00,2.482471069167804523e-01,3.063739420979767480e-01,-3.136767679868817140e+02,2.741710118510774397e+00
8.799999999999975842e+00,2.524944421884495749e-01,7.361333527740910876e-01,-5.335070682288620674e+02,2.606865378012522605e+00
8.804999999999976623e+00,2.569480079026252306e-01,1.225804648630943516e+00,5.955933387200153675e+02,2.939794155920765206e+00
8.809999999999977405e+00,2.607107485956487447e-01,6.334388544589296677e-01,-4.675098287487408015e+02,2.656681479249261457e+00
8.814999999999978186e+00,2.642833915223880004e-01,9.775335751139143659e-01,4.905843725777694431e+02,2.974564967219203382e+00
8.819999999999978968e+00,2.672247469278392629e-01,5.156608442405159476e-01,-4.313405324037659057e+02,2.773694260245862964e+00
8.824999999999979750e+00,2.701472270414606025e-01,7.688464978081895884e-01,3.628631510890338632e+02,2.928830939924698118e+00
8.829999999999980531e+00,2.727470220971396353e-01,5.016534817262654489e-01,-3.675742054473069516e+02,2.693980486411783559e+00
8.834999999999981313e+00,2.745174577435884333e-01,-2.135677604932819940e-01,-6.136590739474570455e+02,2.766738274375886153e+00
8.839999999999982094e+00,2.775537340512638784e-01,5.884227840728040171e-01,-3.699976492149079377e+02,2.429150316987701341e+00
8.844999999999982876e+00,2.794934234907267556e-01,2.120291929984025325e-01,-3.470046460640220971e+02,2.447250405941010509e+00
8.849999999999983658e+00,2.808461747071070436e-01,4.251301083661398472e-01,1.381116003825485734e+02,2.419361799348097808e+00
8.854999999999984439e+00,2.825715550626177186e-01,3.679365869060784999e-01,-2.918652180101544218e+02,2.173925037779361080e+00
8.859999999999985221e+00,2.840225260104862204e-01,-9.218550328272864802e-02,-4.397257887425036529e+02,1.980904521714665245e+00
8.864999999999986002e+00,2.856794313123421358e-01,3.790822405297458730e-01,1.393479063761895418e+02,1.757317242964291149e+00
8.869999999999986784e+00,2.867833531206553377e-01,2.202225980765697144e-01,-7.457534588262225483e+00,1.397703277298849134e+00
8.874999999999987566e+00,2.880410023071975356e-01,8.564207530926842837e-01,8.617126678878906887e+02,7.876811430225937327e-01
8.879999999999988347e+00,2.885269167027594284e-01,1.961502913207775409e-02,-1.191312737072566392e+02,-1.588186466137796182e-01
8.884999999999989129e+00,2.894275586001251455e-01,8.535594460915910675e-01,9.601625650354691288e+02,-9.842946830624379473e-01
8.889999999999989910e+00,2.891239723395436778e-01,1.473526073104406697e-01,4.189788355252395604e+02,-2.045929275001379555e+00
8.894999999999990692e+00,2.888379196488226608e-01,-3.193317684597530293e-01,-7.669748678148985164e+02,-2.735289681757213653e+00
8.899999999999991473e+00,2.899837188898191642e-01,1.424873359415641250e-01,-1.593675683555566138e+02,-2.650547112326200327e+00
8.904999999999992255e+00,2.915825496853281518e-01,2.361394917742404842e-01,-3.110835639103855783e+02,-3.309835958885375629e+00
8.909999999999993037e+00,2.928614024332895638e-01,3.629008460359748334e-01,1.952143002740162387e+02,-3.223650903646731791e+00
8.914999999999993818e+00,2.939049147563294051e-01,1.968195040560178632e-01,2.705232582621851734e+01,-2.958238924574633444e+00
8.919999999999994600e+00,2.951285072458738612e-01,2.008270290474037101e-01,-2.248421843385056889e+02,-3.336066013558769860e+00
8.924999999999995381e+00,2.961726096166907851e-01,1.491600839171563775e-01,-9.595603558348570061e+01,-3.034783013638084004e+00
8.929999999999996163e+00,2.972982427028522667e-01,3.115527942759890867e-01,1.302829443137522958e+02,-2.572083392100487753e+00
8.934999999999996945e+00,2.984356296872666681e-01,3.296204774391591208e-01,1.643778663132226541e+02,-2.383269885317814030e+00
8.939999999999997726e+00,2.993872397557523213e-01,1.906182796295997628e-01,-1.458075503262283057e+01,-2.089091609768039870e+00
8.944999999999998508e+00,3.003085379981767500e-01,1.207676982745410632e-01,-1.349139885289481988e+01,-1.550704134571017301e+00
8.949999999999999289e+00,3.011394535965415398e-01,6.596931620961713795e-03,-2.293130159896826399e+02,-1.221781118735618898e+00
8.955000000000000071e+00,3.019701780472978658e-01,2.221011621801200764e-01,1.418287785076924195e+02,-4.675344732394380864e-01
8.960000000000000853e+00,3.032062101487721928e-01,2.479107548632970559e-01,9.512388402285432676e+01,2.894058699369886356e-03
8.965000000000001634e+00,3.047054345755544347e-01,2.930615274885415844e-01,-1.125806855042054089e+01,2.492111586806430856e-01
8.970000000000002416e+00,3.063688672580271999e-01,2.738142338965904310e-01,-1.577318662114098800e+02,3.615917241166268226e-01
8.975000000000003197e+00,3.082212941421584862e-01,2.680432776547615470e-01,-1.946086818626795889e+02,5.081039597153130805e-01
8.980000000000003979e+00,3.104366975744769497e-01,4.588100611838420440e-01,-4.398577505074388938e+01,5.693437618299186376e-01
8.985000000000004761e+00,3.122970802326880402e-01,3.740027959256675416e-01,1.520708341055070356e+01,1.118920119348190967e-01
8.990000000000005542e+00,3.140270353210838916e-01,3.855928376390713175e-01,9.183566838689840495e+01,1.168007657223190388e-01
8.995000000000006324e+00,3.156678303865559365e-01,3.667440181877072991e-01,1.458285714613365087e+02,8.868862784644220010e-02
9.000000000000007105e+00,3.173947717513653788e-01,3.095498041832210334e-01,-2.230791332385492964e+01,6.498935658586896258e-02
9.005000000000007887e+00,3.192838035790074858e-01,4.182425618800078015e-01,1.128707312319265412e+02,1.753364514343983271e-01
9.010000000000008669e+00,3.207321747075815854e-01,2.750277787827475340e-01,6.793712162138656652e+01,-2.119647167534746135e-01
9.015000000000009450e+00,3.219688412784352249e-01,1.402885928263630233e-01,-2.026619997091823109e+02,-2.080840480700871520e-01
9.020000000000010232e+00,3.254302172036003249e-01,1.058370496448427067e+00,7.800278354211425835e+01,-3.989709296876355338e-01
9.025000000000011013e+00,3.315306789597239345e-01,1.214194185389533054e+00,-2.097931577423792149e+01,-1.202600430212533489e+00
9.030000000000011795e+00,3.376332991053526134e-01,1.119792137261369502e+00,-1.402784777614163829e+02,-1.476530155756860196e+00
9.035000000000012577e+00,3.422790396134198221e-01,9.038142843873491206e-01,5.161194991789955111e+01,-1.666763431346250268e+00
9.040000000000013358e+00,3.444055170828063672e-01,2.170179709517250644e-01,-7.269081192206250819e+01,-1.846488698361656189e+00
9.045000000000014140e+00,3.436331866417549064e-01,-3.574927614252248476e-01,6.840555372886574226e+00,-1.601997529222019434e+00
9.050000000000014921e+00,3.395693992182268750e-01,-1.141443385572275648e+00,-3.098097927957889510e+02,-1.778277639747606109e+00
9.055000000000015703e+00,3.326032042977957737e-01,-1.525309395267873569e+00,-8.373751813202220617e+00,-1.436565720517096967e+00
9.060000000000016485e+00,3.226591190317850688e-01,-2.214684924261282717e+00,-1.475272996543779414e+02,-1.547500518721893537e+00
9.065000000000017266e+00,3.104565408385861480e-01,-2.569340394556592244e+00,1.669770997907528809e+01,-1.199486966346847705e+00
9.070000000000018048e+00,2.962723363834209311e-01,-2.905316776881484042e+00,1.329437126872721642e+01,-1.198471997065890582e+00
9.075000000000018829e+00,2.802534753500403597e-01,-3.259688778227873396e+00,9.851406154479714417e+01,-1.030750381028602947e+00
9.080000000000019611e+00,2.631521749395791532e-01,-3.500491631270301607e+00,-9.978694852246395897e+01,-7.428364672272493863e-01
9.085000000000020393e+00,2.456863982421624293e-01,-3.502712590696787753e+00,-2.659800663016430988e+01,-3.315220973212662514e-01
9.090000000000021174e+00,2.281076237553760488e-01,-3.532403226490777204e+00,-8.858324799882157663e+01,1.792016974600652013e-02
9.095000000000021956e+00,2.109252721929974761e-01,-3.204416881664891914e+00,2.320821246253232459e+02,1.030627042557108908e+00
9.100000000000022737e+00,1.971637775805165083e-01,-2.331136580228905242e+00,2.823125908525704517e+02,1.926292558869758587e+00
9.105000000000023519e+00,1.930177257241976752e-01,3.514383415643210551e+00,5.154880028543261687e+03,2.585776692580298075e+00
9.110000000000024301e+00,1.997187973546160067e-01,-1.467294724554929486e-01,-4.917584254637034746e+02,1.146727490158890861e+00
9.115000000000025082e+00,2.029211449572648762e-01,1.459174022030063911e-01,-4.203990540619142848e+02,2.736859148054189284e+00
9.120000000000025864e+00,2.073837500168282388e-01,2.584981038197365355e-01,-4.784996011981899642e+02,2.812086528626175586e+00
9.125000000000026645e+00,2.123793240736645827e-01,3.993741388230117040e-01,-4.719374745248156273e+02,2.462227947486352431e+00
9.130000000000027427e+00,2.179258056618986472e-01,5.014247195061980467e-01,-4.294799393492394870e+02,2.642649389594229792e+00
9.135000000000028209e+00,2.238572913623443628e-01,9.288032598974672593e-01,1.247766285529693704e+02,2.265951502864524070e+00
9.140000000000028990e+00,2.290951375316705729e-01,3.954359833451681072e-01,-4.681489162972341660e+02,2.505931792083551102e+00
9.145000000000029772e+00,2.344740745554583228e-01,1.242640797025175603e+00,8.477798240999792370e+02,2.714801026887009527e+00
9.150000000000030553e+00,2.369827181383217796e-01,5.266430090874743009e-01,-5.607692000017375449e+02,2.326228156135865532e+00
9.155000000000031335e+00,2.419212276495388281e-01,7.105817006111248002e-01,-5.233865275598848257e+02,2.432489511000707427e+00
9.160000000000032117e+00,2.454728184043414307e-01,8.502584191073547792e-01,2.524057007239837560e+02,2.707644538020443470e+00
9.165000000000032898e+00,2.485137027166168522e-01,7.468569307099290899e-01,3.571548847131870161e+02,2.903933193318804395e+00
9.170000000000033680e+00,2.511517240660073313e-01,4.527695183208334528e-01,-1.842512913414141451e+02,2.608730302763420106e+00
9.175000000000034461e+00,2.537571785362095489e-01,9.254822561919044954e-01,7.209816528030585232e+02,2.975746092279287325e+00
9.180000000000035243e+00,2.557918774969057396e-01,2.471773570659484831e-01,-9.687112485374468918e+01,2.594667639120935565e+00
9.185000000000036025e+00,2.584188332154507273e-01,5.257594279895498879e-01,-2.577027762787923280e+02,2.573438668292563403e+00
9.190000000000036806e+00,2.615888992491739451e-01,1.137059569760097366e+00,1.231425026639935368e+03,2.699829305898787446e+00
9.195000000000037588e+00,2.632021124960968739e-01,6.778741587195395712e-02,-2.097485387201439835e+02,2.372684562704441280e+00
9.200000000000038369e+00,2.656438534661350603e-01,4.495406222103566773e-01,-5.352960483521576407e+02,1.793972585412691556e+00
9.205000000000039151e+00,2.668855250164521298e-01,1.420670200050170584e-01,2.052014020088435942e+01,2.030254519982253480e+00
9.210000000000039933e+00,2.676544571133532280e-01,-7.619033535447339300e-02,-2.566704571431036470e+02,1.761520798657827402e+00
9.215000000000040714e+00,2.696627773185805155e-01,7.094132517072543158e-03,-1.002885200103254419e+03,5.197487044874454787e-01
9.220000000000041496e+00,2.697943032255823992e-01,2.243237926039363117e-01,3.169366170019584956e+02,3.330467491590619611e-01
9.225000000000042277e+00,2.702526437445512686e-01,-2.797879053872177058e-01,-3.911622331955665572e+02,-6.297776939422575770e-01
9.230000000000043059e+00,2.709997316772635445e-01,-1.671687270167050710e-02,-3.674869078362860932e+02,-1.421228187789566055e+00
9.235000000000043840e+00,2.723145067784215612e-01,4.670199876442932552e-01,4.548529410044722567e+02,-1.816855948192617642e+00
9.240000000000044622e+00,2.731768654204581037e-01,2.296604192174730441e-01,1.552846519286712521e+02,-2.444830743829757402e+00
9.245000000000045404e+00,2.739950610713886014e-01,6.089897928121085213e-02,-3.515682886994470664e+02,-3.025066763058435804e+00
9.250000000000046185e+00,2.752782944659429298e-01,2.711137939501244709e-01,1.015096191495109110e+02,-2.744254495771053737e+00
9.255000000000046967e+00,2.761090749144957113e-01,1.782841764141531449e-01,1.017200555461051295e+02,-2.658424137475598581e+00
9.260000000000047748e+00,2.773090263987551540e-01,1.091895102834262027e-01,-2.479567196422569850e+02,-2.708300989054244212e+00
9.265000000000048530e+00,2.787529977382670054e-01,1.545614212543310051e-01,-2.230694480485663007e+02,-2.483505036438433677e+00
9.270000000000049312e+00,2.798502487039608022e-01,2.576590887724163892e-01,1.165508709074393181e+02,-2.117177068056366185e+00
9.275000000000050093e+00,2.803389973282300884e-01,1.817557891616641873e-03,-2.201558932369485078e+01,-1.643735486521088918e+00
9.280000000000050875e+00,2.817050575107719612e-01,3.563170096533294084e-01,1.113384947033948009e+02,-9.326297487422330335e-01
9.285000000000051656e+00,2.825741683505302304e-01,2.890301036634350118e-01,4.491929456753025107e+01,-3.219827911944657672e-01
9.290000000000052438e+00,2.836981134698876028e-01,2.220273915757537686e-01,-1.367219882190761666e+02,1.062817179690019598e-01
9.295000000000053220e+00,2.857310702201649733e-01,4.123626544533793292e-01,-1.556052804617498566e+02,3.552137380456495408e-01
9.300000000000054001e+00,2.868046491016634780e-01,2.250077199618471524e-01,1.303079451869899970e+02,4.349702462134494851e-01
9.305000000000054783e+00,2.881588079122312518e-01,-5.135431522242892011e-02,-4.393407279923832220e+02,3.256476535152612595e-01
9.310000000000055564e+00,2.898549426983811905e-01,2.578695457639233468e-01,-1.675451241567318164e+02,3.365218600427176132e-01
9.315000000000056346e+00,2.917860230721450177e-01,1.382827661740566039e-01,-2.694211409954606324e+02,5.649321677050758717e-02
9.320000000000057128e+00,2.944511293040317779e-01,3.631061910121512470e-01,-1.295351036971449616e+02,9.137209575502905357e-02
9.325000000000057909e+00,2.953433470979752729e-01,7.805560538215833288e-02,1.624520423732724055e+02,9.031128871430087190e-03
9.330000000000058691e+00,2.967927265166112605e-01,2.217043858200412054e-01,-1.243806086132155002e+02,-1.372679122390857154e-01
9.335000000000059472e+00,2.967234473076617030e-01,1.446987425643134761e-01,7.572437765960809486e+01,-2.514346504811920124e-01
9.340000000000060254e+00,2.978196086390610398e-01,2.338242956271114337e-01,4.329974220676182028e+01,-1.804736551375643039e-01
9.345000000000061036e+00,2.976112830271653298e-01,7.421876932385771883e-03,-1.581221617690827088e+02,-4.246490779832330364e-01
9.350000000000061817e+00,2.981613590971103345e-01,1.572063924628699927e-01,7.502726898351791363e+01,-2.393024714089761196e-01
9.355000000000062599e+00,2.981815517641128732e-01,4.483552091484726415e-02,1.089216255479695121e+02,-5.436353977268956195e-01
9.360000000000063380e+00,2.976287575086367099e-01,-9.475823832375127043e-02,-1.282843799033184098e+02,-4.489667598981585961e-01
9.365000000000064162e+00,2.972635622110597620e-01,-9.252986828328395308e-02,-2.873084152583990658e+01,-5.996085806874357216e-01
9.370000000000064944e+00,2.965295356019301276e-01,-7.771004161348009365e-02,9.364794955421811551e+01,-5.128420287196465699e-01
9.375000000000065725e+00,2.955936845860002715e-01,-1.765746344086696062e-01,9.177026794080400407e+01,-7.438683660346149251e-01
9.380000000000066507e+00,2.957862380249859369e-01,4.603690138117890601e-02,-1.567506425131757339e+02,-1.098656650776660415e+00
9.385000000000067288e+00,2.964370142269572850e-01,-1.401046880301188907e-03,-1.381202915278267369e+02,-1.333392301810632397e+00
9.390000000000068070e+00,2.954251438295508181e-01,-4.413426449225393289e-01,-1.576850289546683825e+02,-1.746579789885995382e+00
9.395000000000068852e+00,2.918476808590806382e-01,-8.720573950046330847e-01,-5.420587461532936402e+01,-1.674492929396429464e+00
9.400000000000069633e+00,2.853493481121816555e-01,-1.472364362264301674e+00,-8.573663587768486138e+01,-1.601103537902657248e+00
9.405000000000070415e+00,2.766838563562251663e-01,-1.855022901766209653e+00,9.102976740945031509e+00,-1.152353732961791444e+00
9.410000000000071196e+00,2.661764357973588901e-01,-2.285952357517235800e+00,-4.378958956577751138e+01,-1.126608539837411271e+00
9.415000000000071978e+00,2.535648134036178614e-01,-2.613526967966870895e+00,3.669280008390749970e+01,-8.881158777889945899e-01
9.420000000000072760e+00,2.393888856235106832e-01,-2.883382264078752755e+00,-5.460448431411969494e+01,-5.041089434480501286e-01
9.425000000000073541e+00,2.391852968785210809e-01,2.268595843025341396e-01,2.087562332336030408e+02,-1.512932674168183667e+00
9.430000000000074323e+00,2.395753256563831202e-01,1.175901800701624478e-01,-3.336289480824220277e+02,-1.361330958843058436e+00
9.435000000000075104e+00,2.409676124392866881e-01,3.320269215841037402e-01,6.628448950492305585e+02,4.185359794777961384e-01
9.440000000000075886e+00,2.440555108588404742e-01,7.207500743713404212e-01,-5.272704111328795307e+01,1.224376949266182457e+00
9.445000000000076668e+00,2.489825190739698713e-01,2.213213314164761414e+00,1.740895835325172584e+03,2.327644518142697017e+00
9.450000000000077449e+00,2.520994450064411030e-01,3.720306192320258498e-01,-2.607517740267158501e+02,2.509735370858287240e+00
9.455000000000078231e+00,2.563686967050124443e-01,8.781994067171665641e-01,-2.475953264823492930e+02,2.569695358732402291e+00
9.460000000000079012e+00,2.616333548883690852e-01,1.816451702321371764e+00,1.322804645798730235e+03,2.845859065000484023e+00
9.465000000000079794e+00,2.645251759252778001e-01,5.186577465348307658e-01,-2.241201270942426760e+01,2.535187021660791462e+00
9.470000000000080576e+00,2.682918088431205939e-01,9.111969173658903687e-01,4.671260246766029809e+02,2.930735810272523167e+00
9.475000000000081357e+00,2.712676004001893237e-01,4.582830357066870475e-01,-2.487409921311830487e+02,2.673147576678059245e+00
9.480000000000082139e+00,2.741415055590679661e-01,7.938208746488283341e-01,3.726330924389843631e+02,2.799594865992845349e+00
9.485000000000082920e+00,2.766058707798478844e-01,5.298768497443215875e-01,-3.336302682467414797e+02,2.539695234781122135e+00
9.490000000000083702e+00,2.786152710815034683e-01,-5.866358221657977379e-02,-4.531956505636999850e+02,2.633892248976120065e+00
9.495000000000084484e+00,2.816616874408415239e-01,6.540965225623782686e-01,-3.608096589883179490e+02,2.221347018228575276e+00
9.500000000000085265e+00,2.834037127056858174e-01,2.429460959588093383e-01,-1.856567246856457132e+02,2.354984402903315122e+00
9.505000000000086047e+00,2.846294385960447815e-01,1.569107988691527955e-01,-9.847059171376609754e+01,2.262781541480855640e+00
9.510000000000086828e+00,2.858873504462069448e-01,4.035459244922706135e-01,2.796299658851220826e+01,2.083148533108493350e+00
9.515000000000087610e+00,2.868596836806420192e-01,1.138129647990141907e-01,-1.944166513317454914e+01,1.706858927493944744e+00
9.520000000000088392e+00,2.874724565986071512e-01,2.141444927668796905e-01,3.219951289843706377e+02,1.331276400926452386e+00
9.525000000000089173e+00,2.881664645579986028e-01,-5.355684408546147746e-02,-6.470346011384273766e+01,1.057871837221869615e+00
9.530000000000089955e+00,2.891677486029072264e-01,8.246385281716793747e-01,8.617288134430875743e+02,4.330315040946735028e-01
9.535000000000090736e+00,2.887318578066521146e-01,-1.824024303347808740e-01,-4.961165696516860635e+01,-6.803649204604284018e-01
9.540000000000091518e+00,2.887730564372465447e-01,1.255417672548628238e-01,1.358278952241590503e+02,-1.292853816342687479e+00
9.545000000000092300e+00,2.888409297722536739e-01,-1.049320677230965448e-01,-1.032942296833418965e+02,-1.789953324000678192e+00
9.550000000000093081e+00,2.902508100407091285e-01,7.515226754943988841e-01,6.813935253713729026e+02,-2.166920153539644733e+00
9.555000000000093863e+00,2.916917387977280285e-01,5.202947067053070862e-01,4.387754346196520601e+02,-2.731318916810785424e+00
9.560000000000094644e+00,2.922523666972165479e-01,5.918074157530825788e-03,-1.518633249909576080e+02,-2.906282675241018687e+00
9.565000000000095426e+00,2.936298034713750171e-01,6.050090796590165132e-01,4.745517274653803383e+02,-2.926627455831357416e+00
9.570000000000096207e+00,2.946620515713255228e-01,2.916691282343981673e-01,1.705562997857564937e+02,-2.997394672718769026e+00
9.575000000000096989e+00,2.957075092916527370e-01,1.858726047347291077e-01,-2.700739077137353092e+02,-3.182993129134093380e+00
9.580000000000097771e+00,2.966596367262114842e-01,1.162175752418576347e-01,-1.241471079853121324e+02,-2.893358175112340724e+00
9.585000000000098552e+00,2.978524377604113704e-01,4.383435510104761179e-01,2.437699234060595188e+02,-2.386289949080619088e+00
9.590000000000099334e+00,2.988673190350616404e-01,1.692040718626918461e-01,-3.354021819093917145e+01,-2.164789336109583573e+00
9.595000000000100115e+00,2.995328710890368118e-01,1.596019403307851470e-01,3.182021118883817579e+01,-1.838203125478432121e+00
9.600000000000100897e+00,3.003509781168678394e-01,1.493438401712981201e-01,8.584853781089610436e+01,-1.341941383749083894e+00
9.605000000000101679e+00,3.011706673929350764e-01,2.610271941329946332e-01,1.923367233346205580e+02,-7.381867201511030929e-01
9.610000000000102460e+00,3.020274845947015785e-01,2.413909483821558843e-01,1.064579311907605614e+02,-1.997351524161100622e-01
9.615000000000103242e+00,3.031172776472665364e-01,2.658290744836457331e-01,6.162605109855228136e+01,1.314572974819225304e-01
9.620000000000104023e+00,3.042724370577926662e-01,2.885102575839152972e-01,1.278012967375971130e+02,3.398517069294531567e-01
9.625000000000104805e+00,3.057819550885412241e-01,2.768192079796075178e-01,-1.271813354882087879e+02,3.589638887014646729e-01
9.630000000000105587e+00,3.075760088470242959e-01,3.218468434196706252e-01,-1.100235605020203025e+02,4.614239684371003736e-01
9.635000000000106368e+00,3.097161571519090884e-01,5.325105824144532596e-01,8.364102628963946984e+01,5.291237080751657329e-01
9.640000000000107150e+00,3.115374316702048119e-01,4.525695832572947941e-01,1.265545118093298527e+02,4.325203927189677500e-02
9.645000000000107931e+00,3.131529571717751592e-01,4.150245784463713061e-01,1.651423400401313870e+02,5.243771631451019100e-02
9.650000000000108713e+00,3.149072270930071138e-01,3.253182550324490996e-01,-1.127363871021692461e+02,2.382985239368223818e-02
9.655000000000109495e+00,3.168837723579285282e-01,4.672052195843516276e-01,9.061766256503349837e+01,1.689060134160317028e-01
9.660000000000110276e+00,3.183018873337682408e-01,2.986589271396726253e-01,1.251749523269911748e+02,-1.673660354828505337e-01
9.665000000000111058e+00,3.194456029645125761e-01,1.893187777754061218e-01,-4.849437292746242889e+01,-1.229467474794148363e-01
9.670000000000111839e+00,3.207939474924967893e-01,2.775903214475189951e-01,-3.075736836483607561e+01,1.389377672812902587e-02
9.675000000000112621e+00,3.214737605697026157e-01,9.026889389502766592e-02,1.239994411792213391e+01,-2.723847206358565032e-01
9.680000000000113403e+00,3.247868647738653691e-01,8.140644114055397562e-01,-1.370568204808756150e+02,-6.171284121519386989e-01
9.685000000000114184e+00,3.308214846342992232e-01,1.374245213820010303e+00,8.931777244269559901e+01,-1.044653264522779512e+00
9.690000000000114966e+00,3.358508925540727441e-01,9.142401219782430033e-01,3.389678541983479931e+01,-1.720642290288584064e+00
9.695000000000115747e+00,3.388456505159992416e-01,4.452873474782655383e-01,2.777470012768374463e+00,-1.655844584947153697e+00
9.700000000000116529e+00,3.386688941451266310e-01,-2.998527336089127915e-01,-9.031270081773753589e+01,-1.755316740619666138e+00
9.705000000000117311e+00,3.355711200505052672e-01,-8.480335510234818797e-01,-1.537792464718559700e+02,-1.532318442754356802e+00
9.710000000000118092e+00,3.293955312348149644e-01,-1.475511114058891238e+00,-1.546255021667421090e+02,-1.604728971217954214e+00
9.715000000000118874e+00,3.203368566722273880e-01,-1.979262338093890961e+00,-2.151781569124139537e+01,-1.374925844760710891e+00
9.720000000000119655e+00,3.084824875700641345e-01,-2.627245760330370494e+00,-1.330082453211068980e+02,-1.375248362682016667e+00
9.725000000000120437e+00,2.946298238666117952e-01,-2.875470069713118360e+00,-4.797607502514370026e+01,-1.132193801272806111e+00
9.730000000000121219e+00,2.786016351702217397e-01,-3.214913200317970343e+00,1.421946223409891843e+02,-9.438144358504170217e-01
9.735000000000122000e+00,2.615634053140682425e-01,-3.479939947340359385e+00,-5.080544846603315534e+01,-5.907996527212424631e-01
9.740000000000122782e+00,2.438676234381365049e-01,-3.478343215404459343e+00,8.622625588143222330e+01,-6.083715280491119870e-02
9.745000000000123563e+00,2.267661204701055533e-01,-3.333830343590709955e+00,5.815524961494865153e+01,7.861802934600073955e-01
9.750000000000124345e+00,2.129832239960720852e-01,-2.442988577092700897e+00,7.141011543884131640e+01,1.680439972563329887e+00
9.755000000000125127e+00,2.203622154294411217e-01,1.248981499783687665e+00,-7.820217686328626314e+02,4.337345139411297179e-01
9.760000000000125908e+00,2.225754079852777234e-01,5.244156701044448698e-02,-8.497435409730966285e+02,2.300869517158543154e+00
9.765000000000126690e+00,2.252028092117159264e-01,8.887682466879701648e-01,2.606963732296677563e+02,3.201767130314165932e+00
9.770000000000127471e+00,2.302264528138297517e-01,1.380292899738436940e+00,1.187238242202186257e+03,3.046597303161712400e+00
9.775000000000128253e+00,2.349495069288576043e-01,7.079529646718757396e-01,-3.871108264010270545e+02,2.391121155989444524e+00
9.780000000000129035e+00,2.404756124941793416e-01,1.948680438339078780e+00,1.122974229068863224e+03,2.552506748632285216e+00
9.785000000000129816e+00,2.449570395593245464e-01,5.517393403450178146e-01,-3.458942741432236403e+02,2.240627599520681024e+00
9.790000000000130598e+00,2.494801326305520761e-01,6.636797494736338399e-01,-4.899146228315240705e+02,2.226854057162966249e+00
9.795000000000131379e+00,2.538478665887629049e-01,6.765316653188421236e-01,-5.418886879317997227e+02,2.198580850017957999e+00
9.800000000000132161e+00,2.580245523568553967e-01,7.301472420325064716e-01,-4.635807529064855004e+01,2.434437574438257368e+00
9.805000000000132943e+00,2.611611032561542145e-01,4.994525801656459763e-01,-1.000256623932755673e+02,2.517083026856802963e+00
9.810000000000133724e+00,2.649656807915516943e-01,6.431471926557448260e-01,-5.947133428656576370e+02,2.058353915012995472e+00
9.815000000000134506e+00,2.687864585818142138e-01,1.406914256691402798e+00,1.230042401013030030e+03,2.609170312947557413e+00
9.820000000000135287e+00,2.715253227505008971e-01,2.133471488736291277e-01,-2.559083040476523934e+02,2.113215176711514154e+00
9.825000000000136069e+00,2.749479345054596791e-01,6.711425982031669069e-01,-5.312668194295612238e+02,1.775441094881503590e+00
9.830000000000136851e+00,2.766144561122834133e-01,2.181859745420607066e-01,2.308328012490520464e+01,2.085603560086959796e+00
9.835000000000137632e+00,2.778308520220630906e-01,-1.466683628556818882e-04,-3.884247576907740154e+02,2.120573144263312670e+00
9.840000000000138414e+00,2.798246450698798071e-01,1.557888278464411858e-01,-5.262043395062333957e+02,1.572451609226060087e+00
9.845000000000139195e+00,2.811732367865263371e-01,9.448283136000699134e-01,1.140232920029055549e+03,1.445865746663967943e+00
9.850000000000139977e+00,2.816491789458461792e-01,-2.616158202875672467e-01,-2.877334684837212535e+02,8.082171382833851225e-02
9.855000000000140759e+00,2.822345030817529077e-01,7.072763024177694535e-02,-3.812195889742462214e+02,-1.023861782192962977e+00
9.860000000000141540e+00,2.825183988039013938e-01,2.977289794662129618e-01,5.521078181486793710e+02,-1.599538229122694943e+00
9.865000000000142322e+00,2.826341210598519171e-01,6.366972455290278998e-02,1.522520171872825472e+02,-2.235488761148235692e+00
9.870000000000143103e+00,2.835956659888657638e-01,1.134795632589491177e-01,-3.898139143622968845e+02,-2.945660902984163165e+00
9.875000000000143885e+00,2.842884731056633529e-01,3.027168405993252431e-01,2.883925029290155635e+02,-2.871614022871876504e+00
9.880000000000144667e+00,2.850441446278065283e-01,1.518770998511495829e-01,7.189671519917405362e+01,-2.763886827154572234e+00
9.885000000000145448e+00,2.859528282503388530e-01,1.200696605521025112e-01,-2.654470286419043532e+02,-3.163317271205697168e+00
9.890000000000146230e+00,2.870950353870918015e-01,2.543298706469587223e-01,8.573942741896351549e+01,-2.893367331211014193e+00
9.895000000000147011e+00,2.882783292156505528e-01,2.895111819683320875e-01,1.770602768513377043e+02,-2.557066602628895513e+00
9.900000000000147793e+00,2.893000906198110456e-01,2.430267605895926608e-01,2.796277964342772293e+02,-2.373981724486612599e+00
9.905000000000148574e+00,2.905363854859016604e-01,1.897757013808222815e-01,-1.951511549379239341e+02,-2.356748965339141577e+00
9.910000000000149356e+00,2.914521875124813644e-01,1.638379683304521939e-01,-3.546408274474203637e+01,-1.906502132154471507e+00
9.915000000000150138e+00,2.926772582539671208e-01,1.830059514372820717e-01,-6.630561378143656270e+01,-1.371988185475445654e+00
9.920000000000150919e+00,2.932284127362992376e-01,1.002649771969161135e-01,-1.375815952262567805e+02,-4.671863800298176050e-01
9.925000000000151701e+00,2.947788179277877618e-01,3.401312257444135678e-01,3.272063224709435048e+01,2.534171297592335281e-01
9.930000000000152482e+00,2.960442257189299098e-01,1.812561551565972096e-01,5.177383240064337855e+01,2.993240678144833966e-01
9.935000000000153264e+00,2.969768299146864909e-01,2.678663723514788098e-01,-1.712343417202033535e+01,4.569986275370379047e-01
9.940000000000154046e+00,2.987375554826337543e-01,9.013027223213186945e-01,8.828357009325857234e+02,7.618596848943667288e-01
9.945000000000154827e+00,2.995020728002383836e-01,7.710589040821534679e-02,5.853877851262937781e+01,5.067194018420191348e-01
9.950000000000155609e+00,3.011768624414246087e-01,3.568695262915516642e-01,-4.944753418930289968e+01,1.694402308409999613e-01
9.955000000000156390e+00,3.031168356723919488e-01,6.134189943259478195e-01,1.325203074298242996e+02,3.178778892597952099e-01
9.960000000000157172e+00,3.054240531055754104e-01,3.679899810326721088e-01,-5.837321324529543176e+01,-4.476267591982394101e-02
9.965000000000157954e+00,3.073656727917665199e-01,7.524276112383373460e-01,6.364694117391879900e+02,2.281391164130633920e-01
9.970000000000158735e+00,3.083093215249110286e-01,2.346563307357324157e-01,-6.307072110231104922e+00,-1.253516450254864578e-01
9.975000000000159517e+00,3.092883064946235216e-01,1.950794458577464197e-01,-5.417544632567533114e+01,-1.900901350103606502e-02
9.980000000000160298e+00,3.099734847394758352e-01,5.635767394139110792e-02,-1.330054596034572967e+02,-3.007247917966632822e-01
9.985000000000161080e+00,3.104760955026321101e-01,1.799163285952543045e-01,7.286239038268656998e+01,-8.257114805535417656e-02
9.990000000000161862e+00,3.105950352974708450e-01,-5.584544076913258194e-03,1.945478627097280722e+01,-4.113989260663252212e-01
9.995000000000162643e+00,3.105545127776273007e-01,-9.689246278909606491e-02,-1.137447502124439467e+02,-3.124124863910306416e-01
1.000000000000016342e+01,3.103363927137878231e-01,3.275999167675641699e-02,7.837499470945161306e+01,-5.031582740504726425e-01
