5.000000000000000104e-03,-2.163512999993174590e-01,-5.389221029457397094e+01,-1.888608103352908302e+03,-7.490170946282326270e-01
1.000000000000000021e-02,-5.229225059851935198e-01,-6.059997013168088387e+01,1.289989973221485116e+03,-4.505501334189148110e-01
1.499999999999999944e-02,-7.854513321804523773e-01,-4.801853571999275516e+01,2.036747758583699124e+03,2.002493917987106187e+00
2.000000000000000042e-02,-9.752399174021540995e-01,-3.305561125081270291e+01,2.067350728732929383e+03,4.202010888086558538e+00
2.500000000000000139e-02,-1.088788175263878166e+00,-1.769970101062087764e+01,2.076628912614494766e+03,5.980839855447521280e+00
3.000000000000000236e-02,-1.136353092967182121e+00,-5.481011897424482804e+00,1.672313558280000962e+03,6.010812918316251086e+00
3.500000000000000333e-02,-1.140414754459028845e+00,1.495973551044903260e+00,9.516057824590727705e+02,3.942397286481547081e+00
4.000000000000000083e-02,-1.128380252781403081e+00,2.837304704133881472e+00,1.697904014590335464e+02,1.045094383175625641e+00
4.499999999999999833e-02,-1.115046124965805685e+00,2.558072718737666840e+00,-5.278692917162437936e+01,4.774930743166061475e-02
4.999999999999999584e-02,-1.104213795496401973e+00,1.959179763847712863e+00,-8.963215498937823611e+01,-2.470055702341547033e-01
5.499999999999999334e-02,-1.096231806356593230e+00,1.415376477204965955e+00,-7.501115903643294303e+01,-3.283385103123239723e-01
5.999999999999999084e-02,-1.090559510050891134e+00,1.002359409171132532e+00,-5.224498651808511340e+01,-3.509905278539622309e-01
6.499999999999998834e-02,-1.086790109247417480e+00,6.443640016839899953e-01,-4.087241725485347388e+01,-3.868892234927385765e-01
6.999999999999999278e-02,-1.084932065866245132e+00,2.571249958066009755e-01,-4.063176246725109308e+01,-4.438315805324891672e-01
7.499999999999999722e-02,-1.085192940614573498e+00,-1.767588763393122542e-01,-4.218762725520315371e+01,-4.987642957586588266e-01
8.000000000000000167e-02,-1.087715972565666878e+00,-6.302241980871799987e-01,-3.996280358967548096e+01,-5.367966971860322900e-01
8.500000000000000611e-02,-1.092468225386513225e+00,-1.064988048390547393e+00,-3.302347986341469266e+01,-5.534080091279935942e-01
9.000000000000001055e-02,-1.099255387184352895e+00,-1.452353583070248977e+00,-2.303114106879187517e+01,-5.507127753498823886e-01
9.500000000000001499e-02,-1.107781079532875967e+00,-1.776292473352099499e+00,-1.188153283021863693e+01,-5.357436542996423245e-01
1.000000000000000194e-01,-1.117715805687653052e+00,-2.034731758132555246e+00,-1.414808850239553939e+00,-5.148956807769156097e-01
1.050000000000000239e-01,-1.128753467109365083e+00,-2.235354089336672345e+00,7.240457497879148718e+00,-4.918349989703532099e-01
1.100000000000000283e-01,-1.140638718592503986e+00,-2.389182461340762398e+00,1.383607776934723788e+01,-4.680584212582374892e-01
1.150000000000000328e-01,-1.153164778803983381e+00,-2.505021485070113130e+00,1.882824356262548804e+01,-4.424676134885958678e-01
1.200000000000000372e-01,-1.166166616322520833e+00,-2.590761944825314078e+00,2.248179175665830698e+01,-4.137541592003630697e-01
1.250000000000000278e-01,-1.179529466873587396e+00,-2.657231284123742210e+00,2.457455990490387521e+01,-3.827202027712655052e-01
1.300000000000000322e-01,-1.193165869704157167e+00,-2.707139228627658323e+00,2.626675631620542362e+01,-3.463016278106043622e-01
1.350000000000000366e-01,-1.206971315078667173e+00,-2.734160912391605525e+00,2.871857681711463783e+01,-3.010669758843904642e-01
1.400000000000000411e-01,-1.220804220257792005e+00,-2.730474040507292699e+00,3.205226129917956257e+01,-2.474403482779681251e-01
1.450000000000000455e-01,-1.234487341133463145e+00,-2.689404684800059009e+00,3.603843730369509757e+01,-1.875784139718523758e-01
1.500000000000000500e-01,-1.247817947761754587e+00,-2.606724504652480512e+00,4.028799469177708659e+01,-1.249537435094607574e-01
1.550000000000000544e-01,-1.260812379766140801e+00,-2.326651343975810082e+00,1.700357076963289273e+02,-6.703213716909939279e-02
1.600000000000000588e-01,-1.276439445353738877e+00,-3.508328294078105092e+00,-1.008959812129798337e+02,-3.715097077968045891e-01
1.650000000000000633e-01,-1.305362792330581057e+00,-6.823520522502746211e+00,-4.716681298560345681e+02,-1.448783164589822814e+00
1.700000000000000677e-01,-1.347546057422636112e+00,-9.063722066536767485e+00,-1.205487397223326269e+02,-9.222505566129033383e-01
1.750000000000000722e-01,-1.398647346150403648e+00,-1.059890802289831235e+01,-1.520940063320184095e+02,-6.390481253285624774e-01
1.800000000000000766e-01,-1.453898847485407986e+00,-1.105154896579126778e+01,1.570551172905984743e+02,-8.818466917171248198e-01
1.850000000000000810e-01,-1.514935395328243617e+00,-1.260257421888920959e+01,-1.778431643576751640e+02,-1.885601645258650372e+00
1.900000000000000855e-01,-1.577446887405373310e+00,-1.223979699714845104e+01,2.583117673548829885e+02,-6.625120815830110033e-01
1.950000000000000899e-01,-1.637164467125224121e+00,-1.161073955956211634e+01,1.140748596809897464e+02,-2.662803832603231058e-01
2.000000000000000944e-01,-1.692087458471954298e+00,-1.049338593173172640e+01,3.227285049639687600e+02,-1.267068596766760535e-01
2.050000000000000988e-01,-1.741106028232535463e+00,-9.327537150596970861e+00,1.666325714400428524e+02,2.289667663805952103e-01
2.100000000000001033e-01,-1.784978418543747836e+00,-8.346475421959921093e+00,2.966765245710028012e+02,-1.566487187577081386e-02
2.150000000000001077e-01,-1.822833082133619387e+00,-7.054523906041269221e+00,1.861304569155848299e+02,4.485367210571880037e-01
2.200000000000001121e-01,-1.855594259321969863e+00,-6.191311941982825751e+00,2.531933694551840404e+02,-1.964288852229323368e-02
2.250000000000001166e-01,-1.882596387093014245e+00,-4.890788027144974848e+00,1.814132324286526341e+02,5.184570949884306224e-01
2.300000000000001210e-01,-1.904343019893133704e+00,-4.005749397447465832e+00,2.260422316902591149e+02,-6.450938579181464405e-02
2.350000000000001255e-01,-1.918826474338011234e+00,-2.249228900689297372e+00,2.275646096743552675e+02,8.899192702446567793e-01
2.400000000000001299e-01,-1.925675645233144717e+00,-8.964125268891993681e-01,2.498472484424625861e+02,2.407364553578140720e-01
2.450000000000001343e-01,-1.925121174146548597e+00,7.093384249089333959e-01,2.450402849168761747e+02,6.986906768911477217e-01
2.500000000000001110e-01,-1.918179957874964314e+00,1.723230981312117382e+00,1.661868172800866716e+02,1.470948569252850113e-02
2.550000000000001155e-01,-1.905569451931366176e+00,2.933164261109132642e+00,1.443015335105454540e+02,2.424342088664599437e-01
2.600000000000001199e-01,-1.887583729163865520e+00,3.885377525306827451e+00,7.687806120826417100e+01,6.051565955869420144e-02
2.650000000000001243e-01,-1.866987456885501606e+00,4.181325243937908276e+00,2.233389709073049900e+01,-5.839385919520578838e-01
2.700000000000001288e-01,-1.844305260003000324e+00,4.668462653584532163e+00,5.857351602441437421e+01,-3.197570890330059257e-01
2.750000000000001332e-01,-1.819614435800116947e+00,4.963897040815576922e+00,-9.726624600976822421e+01,-4.876785506970615636e-01
2.800000000000001377e-01,-1.792473123516231670e+00,5.582384045653172144e+00,1.492791420943179226e+01,-3.636828562860960901e-02
2.850000000000001421e-01,-1.798530470201339826e+00,-1.221330951952716237e+00,-6.142505683547654627e+01,3.727776424155466728e+00
2.900000000000001465e-01,-1.804703036206901867e+00,-1.247408207628581955e+00,2.781276510478522468e+01,5.740176542941192395e+00
2.950000000000001510e-01,-1.811211911845902467e+00,-1.303135201852998915e+00,-1.297488262231479155e+02,7.432210950249167780e+00
3.000000000000001554e-01,-1.815734672447475662e+00,-8.552580785638844718e-01,-7.029119738441349341e+01,8.091066997782593972e+00
3.050000000000001599e-01,-1.818555555935649215e+00,-5.271125111576198119e-01,-2.025803523435662612e+02,9.190636330734685444e+00
3.100000000000001643e-01,-1.819431802555204758e+00,-1.569161092640666000e-01,-1.928529844181184103e+02,1.018260325812869382e+01
3.150000000000001688e-01,-1.819189061806441021e+00,1.678981069099627077e-01,-2.310917095334274904e+02,1.101141958000108723e+01
3.200000000000001732e-01,-1.817193086711932803e+00,5.218151093182710198e-01,-2.280846779612878095e+02,1.226403803927467528e+01
3.250000000000001776e-01,-1.814018379825702132e+00,6.221152949216500749e-01,-2.618704192230371177e+02,1.294314034784427214e+01
3.300000000000001821e-01,-1.809855946583390329e+00,1.101125427941973101e+00,5.288059764453008711e+02,1.484677048684996414e+01
3.350000000000001865e-01,-1.804505987480264917e+00,9.592343074860847363e-01,-4.615363948163584951e+02,1.535858581341674167e+01
3.400000000000001910e-01,-1.798103713819554583e+00,1.585539411099576634e+00,6.107638469428036387e+02,1.731254905939026401e+01
3.450000000000001954e-01,-1.791111109107729638e+00,1.232033754424693761e+00,-5.089184356134263680e+02,1.756086799999456005e+01
3.500000000000001998e-01,-1.783056628054713544e+00,1.891436107776163222e+00,5.740096596674325156e+02,1.895254534535165192e+01
3.550000000000002043e-01,-1.775140599900394189e+00,1.381146047943587751e+00,-5.286307740701111015e+02,1.890862178189618703e+01
3.600000000000002087e-01,-1.766047458963508676e+00,2.020478858346392403e+00,5.331783372506423575e+02,2.034476815384182657e+01
3.650000000000002132e-01,-1.757287298291130506e+00,1.602848543065259035e+00,-5.743324930277166231e+02,2.008972406493194995e+01
3.700000000000002176e-01,-1.747439392624730026e+00,2.190368771379630264e+00,6.014083237246671843e+02,2.133179414841902855e+01
3.750000000000002220e-01,-1.737884445701144864e+00,1.713313654737469438e+00,-5.975081361365344037e+02,2.030935103087889360e+01
3.800000000000002265e-01,-1.727391925995295452e+00,2.371249870253112846e+00,6.297151405801796500e+02,2.112717693251402906e+01
3.850000000000002309e-01,-1.717155400463318271e+00,1.827328948550960064e+00,-5.745971331605509249e+02,1.982182709352187899e+01
3.900000000000002354e-01,-1.706059709186537710e+00,2.420436355238131831e+00,5.263239965021765556e+02,2.047606211687429933e+01
3.950000000000002398e-01,-1.695527091455880431e+00,1.909400875491344296e+00,-5.492947303869456164e+02,1.904325602991690047e+01
4.000000000000002442e-01,-1.684432134445069895e+00,2.382338174295221211e+00,4.830486956609258300e+02,1.935313311358554955e+01
4.050000000000002487e-01,-1.673989447364804484e+00,1.885952709753712764e+00,-5.107936974488945339e+02,1.789959579520352406e+01
4.100000000000002531e-01,-1.663327594681540234e+00,2.315308452182196497e+00,4.892938982058028046e+02,1.798602035093391294e+01
4.150000000000002576e-01,-1.653519193733541837e+00,1.727601655371518552e+00,-4.859882056693405730e+02,1.660282983944690827e+01
4.200000000000002620e-01,-1.643511193534090253e+00,2.090135887833969530e+00,3.453586981461839969e+02,1.671868216511206384e+01
4.250000000000002665e-01,-1.634499334715449059e+00,1.618835522208948996e+00,-4.832151681178996796e+02,1.551402203987488093e+01
4.300000000000002709e-01,-1.625517724141334996e+00,1.876214948040856090e+00,3.422032909854546574e+02,1.557084831982499296e+01
4.350000000000002753e-01,-1.617328068574360733e+00,1.470130603865297703e+00,-4.272386929746629676e+02,1.433854176953659731e+01
4.400000000000002798e-01,-1.609469107287170075e+00,1.793973123062941433e+00,5.478985216706417987e+02,1.446274743189777645e+01
4.450000000000002842e-01,-1.602392382351052191e+00,1.173554625667163620e+00,-3.926999982258365094e+02,1.316253813426485131e+01
4.500000000000002887e-01,-1.595188319860725734e+00,1.577609717619727236e+00,3.555804943344688240e+02,1.355419210910266159e+01
4.550000000000002931e-01,-1.589153032010051980e+00,9.652079287283972242e-01,-4.432710005953753694e+02,1.251694117279059704e+01
4.600000000000002975e-01,-1.582197780906422047e+00,1.321908491795115603e+00,-1.705331339905451671e+02,1.305688179786409542e+01
4.650000000000003020e-01,-1.575196162063230876e+00,1.724336712069113764e+00,5.817938486755818985e+02,1.235527310098926357e+01
4.700000000000003064e-01,-1.568750469220471455e+00,1.263262615725530003e+00,2.796316560724092781e+01,1.147372870044880955e+01
4.750000000000003109e-01,-1.562453364240142362e+00,1.326230206350806240e+00,7.654908207450289126e+01,1.152352653861505516e+01
4.800000000000003153e-01,-1.555447451125491209e+00,1.302080011836369122e+00,-1.755402282556145792e+02,1.152892015126363034e+01
4.850000000000003197e-01,-1.547565043361650794e+00,1.469764288359395543e+00,9.498231279791946235e+01,1.127420560069307953e+01
4.900000000000003242e-01,-1.539354837735865900e+00,1.399836121651679699e+00,-3.349169450190340172e+02,1.084420166472108349e+01
4.950000000000003286e-01,-1.531604080099047582e+00,1.921117316118094553e+00,6.138580316733009568e+02,1.044176928250571201e+01
5.000000000000003331e-01,-1.524121119486404607e+00,1.488249409535043366e+00,5.527868628378343629e+01,9.508433739840972621e+00
5.050000000000003375e-01,-1.516921074546636383e+00,1.412676030125458615e+00,-5.932507387198868543e+01,9.026259424168500800e+00
5.100000000000003419e-01,-1.509362621052847242e+00,1.970671483731808227e+00,6.481455875466319867e+02,9.272779485923342335e+00
5.150000000000003464e-01,-1.502243922994719760e+00,1.289841887802381848e+00,-7.996650071032286178e+01,7.922646324827969266e+00
5.200000000000003508e-01,-1.494701008107145235e+00,1.400754863907010872e+00,-2.115788679535831136e+02,8.591435629583303424e+00
5.250000000000003553e-01,-1.487369543051557441e+00,1.260430308086602169e+00,-1.500585457505923159e+02,8.204251101791065537e+00
5.300000000000003597e-01,-1.480305607613555230e+00,1.809779881495339193e+00,6.354668746880912522e+02,8.820127574602183884e+00
5.350000000000003642e-01,-1.472776395773995661e+00,1.528077454753903330e+00,-3.529279146370600415e+02,7.564146074045036805e+00
5.400000000000003686e-01,-1.466409684491960297e+00,1.183076785735327707e+00,-1.239299798664343228e+02,8.686755078480652870e+00
5.450000000000003730e-01,-1.459633671810295352e+00,1.488282702060674145e+00,3.584605934620644234e+02,9.098217307282848054e+00
5.500000000000003775e-01,-1.453058210829174746e+00,1.072577053793542179e+00,-3.655398069204002240e+02,9.497189907755455351e+00
5.550000000000003819e-01,-1.445792314535125245e+00,1.583876118495223695e+00,6.251269392481859768e+02,9.245471205806175874e+00
5.600000000000003864e-01,-1.439459480789474499e+00,1.011672252684912676e+00,-3.572055716657931157e+02,9.244863571434054350e+00
5.650000000000003908e-01,-1.432166855814691164e+00,1.455381543024220292e+00,-5.378379504902477493e+02,1.016658053165774156e+01
5.700000000000003952e-01,-1.427642464709382608e+00,5.144710252438772224e-01,-4.153137983839035314e+02,8.849785740035734705e+00
5.750000000000003997e-01,-1.420784860809994221e+00,1.347848867376671533e+00,-4.043862131641861311e+02,1.012856819921125506e+01
5.800000000000004041e-01,-1.416439299654927320e+00,5.912032262755981815e-01,-3.381812127750495165e+02,8.248568411076004026e+00
5.850000000000004086e-01,-1.410533673213149930e+00,1.592042389612158049e+00,1.463800348253136917e+03,1.033143582440965602e+01
5.900000000000004130e-01,-1.405489986280684445e+00,5.906989266606358369e-01,-5.744841266488217570e+02,8.214661011025889081e+00
5.950000000000004174e-01,-1.401183792211496471e+00,1.850790415324057747e+00,1.864131893203574236e+03,1.122523795537332347e+01
6.000000000000004219e-01,-1.397102632845798720e+00,7.860062219082628587e-01,-5.748259171197119031e+02,7.510541842308093408e+00
6.050000000000004263e-01,-1.391815633522932805e+00,1.780812215137575372e+00,1.299810378589310403e+03,9.953944343332794986e+00
6.100000000000004308e-01,-1.387049942771570565e+00,9.718871879509012324e-01,-5.714347084604663678e+02,7.103328395841002951e+00
6.150000000000004352e-01,-1.382591661188890209e+00,1.016077366960359968e-01,-6.479612070982873320e+02,9.205265775903187730e+00
6.200000000000004396e-01,-1.375319872616431294e+00,1.639729145992570913e+00,-5.964007480667064556e+02,8.129610169794451835e+00
6.250000000000004441e-01,-1.369337541720953455e+00,9.360142516676013269e-01,-5.846361030366994100e+02,7.526636446188659235e+00
6.300000000000004485e-01,-1.363419301467779343e+00,1.897205694019329814e+00,1.162153625125703002e+03,6.328945834570022910e+00
6.350000000000004530e-01,-1.357912506904621619e+00,1.260990493452527117e+00,4.489017509354652589e+02,5.437513125840398587e+00
6.400000000000004574e-01,-1.352653992209579270e+00,1.015261694974806339e+00,-2.554474314422647296e+01,3.369802949652345614e+00
6.450000000000004619e-01,-1.347136639312905393e+00,1.141176632477239439e+00,4.900436283129317871e+01,1.918184574573590595e+00
6.500000000000004663e-01,-1.344574709031442827e+00,5.915758450699182269e-01,5.931868151942070000e+01,-7.728213844478286632e-01
6.550000000000004707e-01,-1.342667611788544324e+00,1.974052685530344742e-01,-4.642427499486359466e+02,-4.923001352802278241e+00
6.600000000000004752e-01,-1.340549320698970703e+00,2.358185702887041491e-01,-1.405389629321642175e+01,-6.873142990460623380e+00
6.650000000000004796e-01,-1.341341411899866776e+00,-3.354282302881285704e-01,-9.907901530881798635e+01,-8.587819198627768102e+00
6.700000000000004841e-01,-1.345215452582826154e+00,-9.933823076896004522e-01,-5.239043426962227556e+01,-8.045519590744657279e+00
6.750000000000004885e-01,-1.351697418017864694e+00,-1.412767942057570947e+00,-6.312118601121465389e+01,-8.488735002273887886e+00
6.800000000000004929e-01,-1.359330324859780115e+00,-1.583161288642824571e+00,-5.124913251155106053e+01,-8.942001806343638393e+00
6.850000000000004974e-01,-1.367349265868265551e+00,-1.645354925394138856e+00,-7.374015403399452850e+01,-9.573924712453258934e+00
6.900000000000005018e-01,-1.374788215818839365e+00,-1.397949018875785931e+00,7.294719819275483985e+01,-1.025468944370882696e+01
6.950000000000005063e-01,-1.380531860773087205e+00,-9.559594394468251544e-01,1.020107083367283138e+02,-1.038252774224342723e+01
7.000000000000005107e-01,-1.383748658334403192e+00,-4.266476204237088510e-01,9.724684017846784911e+01,-1.190665042788294237e+01
7.050000000000005151e-01,-1.383801694334343191e+00,2.675853671677081991e-01,1.470302637640189403e+02,-1.207866101977773710e+01
7.100000000000005196e-01,-1.384120447803813381e+00,-3.530562543931675679e-01,2.046177055387184396e+02,-1.125644670662772207e+01
7.150000000000005240e-01,-1.383947956756343967e+00,2.781782531546195814e-01,8.814509750625745710e+01,-1.259388551203425344e+01
7.200000000000005285e-01,-1.386934717609092038e+00,-6.931285059054550501e-01,1.509611799557736731e+02,-1.183555371878439288e+01
7.250000000000005329e-01,-1.388089065144737511e+00,1.092291725295814753e-01,2.351886018485689362e+02,-1.188972246536718202e+01
7.300000000000005373e-01,-1.390199971898064213e+00,-6.513470369408711491e-01,1.546561806566488713e+02,-1.243887407320283067e+01
7.350000000000005418e-01,-1.391078979545405048e+00,1.509689548055829500e-01,1.746181760076495380e+02,-1.304288796789952798e+01
7.400000000000005462e-01,-1.393402588290901134e+00,-2.872320604449258297e-01,2.127272671504352388e+02,-1.273784683763717673e+01
7.450000000000005507e-01,-1.395429125100362100e+00,-7.095640635618367664e-01,-1.099185938389314146e+02,-1.228562697199487097e+01
7.500000000000005551e-01,-1.400385465146996689e+00,-1.169317804393520621e+00,-9.074013902016380939e+01,-1.004715639994729770e+01
7.550000000000005596e-01,-1.409167639737393118e+00,-2.157778579169473687e+00,-2.008751544450811082e+02,-7.554309194416914508e+00
7.600000000000005640e-01,-1.423073981477828598e+00,-3.187323372462621318e+00,-2.073806589514000791e+02,-6.051822699526876015e+00
7.650000000000005684e-01,-1.441534800726592236e+00,-4.033555697884009916e+00,-1.904239883878071282e+02,-5.437399251211665785e+00
7.700000000000005729e-01,-1.463292095680160498e+00,-4.622049162772050579e+00,-1.793032426771814585e+02,-5.331064271323623593e+00
7.750000000000005773e-01,-1.487162618212134468e+00,-4.981846648060058058e+00,-1.720638088674810149e+02,-5.226882818531192854e+00
7.800000000000005818e-01,-1.512057107166036474e+00,-5.027214016161343224e+00,-2.853630423332262112e+01,-5.299624045011443130e+00
7.850000000000005862e-01,-1.537454873114112885e+00,-5.036251635903290058e+00,4.822421791017807102e+00,-5.317637493147639560e+00
7.900000000000005906e-01,-1.562657109379841591e+00,-4.953860521199964673e+00,3.353375707008537887e+01,-5.362458757137485321e+00
7.950000000000005951e-01,-1.587269345180182700e+00,-4.828117061406184796e+00,7.286989924262719853e+01,-5.151691144468626860e+00
8.000000000000005995e-01,-1.611098975599366101e+00,-4.714820130169572465e+00,1.621516366534534370e+02,-4.902847850468306845e+00
8.050000000000006040e-01,-1.633817602510840405e+00,-4.467211706507886682e+00,4.129458703678991327e+01,-4.673888356664166466e+00
8.100000000000006084e-01,-1.656163063692307702e+00,-4.345007410919093260e+00,3.994317222637364750e+01,-4.682412766348882371e+00
8.150000000000006128e-01,-1.677610748603003188e+00,-4.158098859488943866e+00,1.006595157917074488e+02,-3.948292627999877791e+00
8.200000000000006173e-01,-1.697729233956940309e+00,-4.091185457469371123e+00,-1.667320263242894782e+02,-3.338136137671963155e+00
8.250000000000006217e-01,-1.716186220598207690e+00,-3.530404176817078188e+00,7.961518952028642104e+01,-2.673957724057647312e+00
8.300000000000006262e-01,-1.733267020818537008e+00,-3.225996724375295166e+00,1.314143072888195150e+02,-2.323416604783927752e+00
8.350000000000006306e-01,-1.748009225534419508e+00,-2.762747114198068843e+00,9.721048364993495738e+01,-1.605431390428357252e+00
8.400000000000006350e-01,-1.760468130019604560e+00,-2.214916445362794306e+00,1.077712005336982770e+02,-1.069529296764478499e+00
8.450000000000006395e-01,-1.769966299393552989e+00,-1.685573033324969661e+00,1.123225146094202813e+02,-7.268431824723255996e-01
8.500000000000006439e-01,-1.776902427568104459e+00,-1.070689684593431057e+00,1.236363809473588731e+02,-2.338202788441399171e-01
8.550000000000006484e-01,-1.780467568267439349e+00,-4.936734919840088942e-01,1.012302100102102429e+02,1.004496209989118038e-01
8.600000000000006528e-01,-1.781241553969731717e+00,5.281044974453660834e-02,1.055945883661407976e+02,5.691594977874313566e-01
8.650000000000006573e-01,-1.779630785702132956e+00,4.781602534603955901e-01,7.169519653732469067e+01,1.575444252748459339e+00
8.700000000000006617e-01,-1.776270186668030160e+00,7.882667184896336998e-01,6.665359959087713548e+01,2.177122766303468460e+00
8.750000000000006661e-01,-1.772071551773165554e+00,8.616672656244013240e-01,4.055068990141830199e+00,4.072464531575347380e+00
8.800000000000006706e-01,-1.768427295015450040e+00,6.149022420700470670e-01,-6.697609997517119496e+01,7.868939071353983294e+00
8.850000000000006750e-01,-1.766665689353625668e+00,2.887563674293459615e-01,-9.165548344319762464e+01,1.273346913171141459e+01
8.900000000000006795e-01,-1.764829926644917002e+00,5.204933505523159365e-01,2.927749877345653999e+02,1.717321432162117745e+01
8.950000000000006839e-01,-1.762835768274628512e+00,3.168885184534508959e-01,-4.360151071112125578e+02,1.950870667807307157e+01
9.000000000000006883e-01,-1.760353366237753292e+00,6.223319514284143539e-01,3.332184153515599974e+02,2.128072576335383914e+01
9.050000000000006928e-01,-1.758094940733059053e+00,3.275396454585462469e-01,-4.486862481302225660e+02,2.095689894971194178e+01
9.100000000000006972e-01,-1.754661924124331529e+00,8.516390356568709352e-01,3.796761358661599957e+02,2.164384079481588330e+01
9.150000000000007017e-01,-1.751442414521672042e+00,4.783370820794314304e-01,-4.337758562601679273e+02,2.083536260098009762e+01
9.200000000000007061e-01,-1.747123575353809688e+00,1.093151854945091150e+00,4.797576509983875894e+02,2.121735257942888708e+01
9.250000000000007105e-01,-1.743014656640168303e+00,6.450974077718524269e-01,-4.189532630406019962e+02,2.000178944924240909e+01
9.300000000000007150e-01,-1.738033345690222164e+00,1.212294673703217196e+00,4.616964545163911566e+02,2.067224135145637476e+01
9.350000000000007194e-01,-1.733398807888386628e+00,7.328507131138547459e-01,-4.285253593415787918e+02,1.947438830688529521e+01
9.400000000000007239e-01,-1.728033374627921059e+00,1.279018226044380313e+00,4.484325090787297086e+02,2.006722385933993280e+01
9.450000000000007283e-01,-1.723088447036640547e+00,7.922138071092785783e-01,-4.243365404334866753e+02,1.895904181526210408e+01
9.500000000000007327e-01,-1.717427739260827257e+00,1.305043451686499933e+00,4.072569610795108588e+02,1.990461943281297863e+01
9.550000000000007372e-01,-1.712338705250798121e+00,8.104870079550408057e-01,-4.345683045015883295e+02,1.874153491016001993e+01
9.600000000000007416e-01,-1.706519459478075040e+00,1.302701459999615174e+00,3.590147479489044144e+02,1.957088369765404678e+01
9.650000000000007461e-01,-1.701397026487773578e+00,8.010285247337787240e-01,-4.536958032145810762e+02,1.850345479682836825e+01
9.700000000000007505e-01,-1.695475377080569501e+00,1.292016610875416749e+00,3.125904294959769345e+02,1.934071506040932320e+01
9.750000000000007550e-01,-1.690309567271800928e+00,8.014419131751830960e-01,-4.655814645118582575e+02,1.821374003835621380e+01
9.800000000000007594e-01,-1.684302027717366368e+00,1.271321312713229013e+00,2.583438265362735251e+02,1.908574028604112627e+01
9.850000000000007638e-01,-1.679094964217893615e+00,8.108046566550185519e-01,-4.833562427844750573e+02,1.796511472055136949e+01
9.900000000000007683e-01,-1.672978582894669719e+00,1.251360391196191024e+00,1.953602915324229627e+02,1.877735091803923950e+01
9.950000000000007727e-01,-1.667675301164263768e+00,8.490725457161801826e-01,-5.018456530745582427e+02,1.770512658768291203e+01
1.000000000000000666e+00,-1.661444214546641929e+00,1.241199127119254175e+00,1.381976491190606851e+02,1.844761819846234729e+01
1.005000000000000560e+00,-1.655919294316616108e+00,9.567873643988591414e-01,-5.207947455230985270e+02,1.739753132987059914e+01
1.010000000000000453e+00,-1.649554887951458548e+00,1.258291246092697602e+00,8.270161170379563487e+01,1.802837619618723508e+01
1.015000000000000346e+00,-1.643716903846356159e+00,1.104007464658022908e+00,-5.579881284534970973e+02,1.711582444760323440e+01
1.020000000000000240e+00,-1.637461968268081991e+00,1.336555797358406794e+00,2.432138937213021279e+02,1.723008136187055683e+01
1.025000000000000133e+00,-1.631203684357411143e+00,1.423913640451951013e+00,3.325817930677547452e+02,1.635955102691142571e+01
1.030000000000000027e+00,-1.624850043755694085e+00,1.833559738938836281e+00,8.935562547826583568e+02,1.671335893512103610e+01
1.034999999999999920e+00,-1.618718814505179182e+00,8.854755974650559969e-01,-4.544815794340887578e+02,1.545700096304858207e+01
1.039999999999999813e+00,-1.610944311604706192e+00,1.540047896940829553e+00,-4.463652395099535397e+02,1.608912002285692466e+01
1.044999999999999707e+00,-1.603172696548938347e+00,2.040368942645150785e+00,9.539674692799244440e+02,1.628324789369136028e+01
1.049999999999999600e+00,-1.595269343919234473e+00,1.257523722843547631e+00,-4.560276293034928585e+02,1.476537160125164583e+01
1.054999999999999494e+00,-1.588037925263062311e+00,1.630885555589863145e+00,-5.299132155685917951e+02,1.510400298316935874e+01
1.059999999999999387e+00,-1.579762395872449821e+00,2.163854168974074454e+00,9.970263870676786837e+02,1.521344568444120249e+01
1.064999999999999281e+00,-1.572371704355548516e+00,1.227134930356094999e+00,-3.489931371943065983e+02,1.414339830755353944e+01
1.069999999999999174e+00,-1.563551159921280576e+00,1.826939617889767886e+00,-4.409259407773636212e+02,1.438971095092017904e+01
1.074999999999999067e+00,-1.555246021642981979e+00,1.560696153996947944e+00,2.101187908756365061e+02,1.368807001510651489e+01
1.079999999999998961e+00,-1.547185448939686125e+00,1.192464159920833433e+00,-6.151133772486321050e+02,1.385454487571916715e+01
1.084999999999998854e+00,-1.536793060017651813e+00,2.109071092542191384e+00,-4.820121883821561823e+02,1.338163136534981845e+01
1.089999999999998748e+00,-1.529035599528902445e+00,1.798340685046538212e+00,3.555610114797807455e+02,1.303636346567255977e+01
1.094999999999998641e+00,-1.520457808088801377e+00,1.307581006748306018e+00,-5.736641594405319893e+02,1.219637880789594497e+01
1.099999999999998535e+00,-1.510801434123476561e+00,1.756328919985163717e+00,1.541513777618357572e+01,1.292353743354795448e+01
1.104999999999998428e+00,-1.501452974901532844e+00,2.582060100261839075e+00,1.361566818932290516e+03,1.197924313085467318e+01
1.109999999999998321e+00,-1.492203301061532317e+00,1.331534820694081578e+00,-6.752936105420527610e+02,1.033987819610371517e+01
1.114999999999998215e+00,-1.481883029254994932e+00,2.031806496030620135e+00,-5.349521870654765507e+02,1.049836606600006306e+01
1.119999999999998108e+00,-1.472415436153988955e+00,2.585692601898661458e+00,1.361625292915931368e+03,1.052982722181077335e+01
1.124999999999998002e+00,-1.463666541501095208e+00,1.159771774491540786e+00,-7.048754171355029712e+02,8.766444445349293346e+00
1.129999999999997895e+00,-1.452920456670085514e+00,2.065110393178320791e+00,-6.407847304361258693e+02,9.512298107334382635e+00
1.134999999999997788e+00,-1.443144152292687554e+00,2.503608733178665169e+00,1.229635341387759354e+03,8.938190275468835821e+00
1.139999999999997682e+00,-1.434728620420017808e+00,9.978887236066201760e-01,-8.610651040158606975e+02,8.120860905148219899e+00
1.144999999999997575e+00,-1.423892538252651940e+00,2.146836090760014581e+00,-7.211177943977422728e+02,8.320970546291350800e+00
1.149999999999997469e+00,-1.414000477919493237e+00,2.726479085535129521e+00,1.529032301222615160e+03,8.289159966004076452e+00
1.154999999999997362e+00,-1.405361010643791042e+00,9.993113240667330643e-01,-8.492605366132880818e+02,6.750995551187192412e+00
1.159999999999997256e+00,-1.394231579943704835e+00,2.149107905412800168e+00,-8.007703430264401732e+02,7.544352068015819590e+00
1.164999999999997149e+00,-1.383988878291844804e+00,2.749727356281702395e+00,1.520950242598391014e+03,7.152687862344050629e+00
1.169999999999997042e+00,-1.375540465999039119e+00,8.742564110511150677e-01,-1.007711157588073547e+03,6.409245227958640712e+00
1.174999999999996936e+00,-1.363896331462706613e+00,2.322379309960043603e+00,-8.375177630094026426e+02,6.677886037014069132e+00
1.179999999999996829e+00,-1.353156771190784369e+00,3.014136432087505035e+00,1.794896205822837146e+03,6.721891833185795306e+00
1.184999999999996723e+00,-1.344031950926454888e+00,9.621575523959696730e-01,-1.008485791600236780e+03,5.325211074969087299e+00
1.189999999999996616e+00,-1.331172831578945726e+00,2.537666109588393226e+00,-9.209162636111741449e+02,5.904410806710318482e+00
1.194999999999996509e+00,-1.318175984725481698e+00,2.983857146704712360e+00,9.807669449641558685e+02,5.677909875505541493e+00
1.199999999999996403e+00,-1.305481184010960360e+00,2.040064518196153642e+00,-7.384934045343119351e+02,5.243098136859454250e+00
1.204999999999996296e+00,-1.288780459813465562e+00,4.241335158646963421e+00,2.056535822159062263e+03,5.778695553241128380e+00
1.209999999999996190e+00,-1.273135113939175556e+00,2.923550366221049579e+00,-5.669388403350600214e+01,4.166640579899572927e+00
1.214999999999996083e+00,-1.256855961219376816e+00,3.893358554609955835e+00,9.701702341195745021e+02,3.550166374916825518e+00
1.219999999999995977e+00,-1.239779924087488272e+00,3.252760124575199807e+00,-1.275281529156151805e+02,1.831545892587285840e+00
1.224999999999995870e+00,-1.222094435833041892e+00,3.454534041321481563e+00,-4.329520557619311489e+02,-4.513536875676660287e-02
1.229999999999995763e+00,-1.205186843757473536e+00,3.389719418211167845e+00,5.511014177430006100e+00,-1.570558433426848310e+00
1.234999999999995657e+00,-1.192380586047968150e+00,2.391798177623722044e+00,4.786797889761339206e+02,-2.284388125745064890e+00
1.239999999999995550e+00,-1.182999280006128640e+00,1.536720510936826933e+00,-1.426375627914368920e+02,-1.792051196387392853e+00
1.244999999999995444e+00,-1.177286877024619427e+00,9.323914091258335146e-01,-3.601745392062552753e+01,-1.749278264281036277e+00
1.249999999999995337e+00,-1.174053430009799781e+00,7.356509486347939664e-01,-2.037584066017288364e+02,-3.691819576693863958e+00
1.254999999999995230e+00,-1.175298068793699802e+00,-1.363704318281271366e+00,-9.029836887434611299e+02,-4.349915105587680131e+00
1.259999999999995124e+00,-1.182584097840531312e+00,-1.825837522289201820e+00,-2.583802343700380106e+02,-5.474426265838464367e+00
1.264999999999995017e+00,-1.194861998119986835e+00,-2.719473575034884405e+00,-9.184654621775973737e+01,-5.889514228922987371e+00
1.269999999999994911e+00,-1.210035990936117134e+00,-3.180734872440078131e+00,-1.017616183547591646e+02,-6.699703079449329302e+00
1.274999999999994804e+00,-1.226667784720942178e+00,-3.373084488195010611e+00,4.757207131150177304e+01,-6.979476163130402533e+00
1.279999999999994698e+00,-1.243205148137162208e+00,-3.221856058025949210e+00,7.400352857125898964e+00,-7.626290144545341931e+00
1.284999999999994591e+00,-1.258487309015772437e+00,-2.903250009793423736e+00,1.477342933103674056e+02,-7.917594661643513554e+00
1.289999999999994484e+00,-1.271477210101490618e+00,-2.363115959947885258e+00,6.721212265022430188e+01,-8.484261864403100262e+00
1.294999999999994378e+00,-1.281598624709484380e+00,-1.770586191631996709e+00,1.938604803345815242e+02,-8.723092538404069174e+00
1.299999999999994271e+00,-1.288249002364550089e+00,-1.014241563082357134e+00,9.777674851290845481e+01,-9.228736726800345735e+00
1.304999999999994165e+00,-1.291156404884364672e+00,-2.834218050363204733e-01,1.819229756224495418e+02,-9.615880534080387676e+00
1.309999999999994058e+00,-1.289974926709433145e+00,5.643404926029244040e-01,9.954877494724374287e+01,-1.007821776108851708e+01
1.314999999999993952e+00,-1.286018157660650640e+00,5.275000304513918215e-01,-1.787598936983775104e+02,-1.032692510008045161e+01
1.319999999999993845e+00,-1.283336696020506595e+00,1.243660812394888487e-01,-6.159243038538327255e+02,-1.047158828157309962e+01
1.324999999999993738e+00,-1.281335386307782320e+00,6.440655178493824851e-01,1.982792028114994878e+02,-1.059190780561310419e+01
1.329999999999993632e+00,-1.280475481725439124e+00,1.185705035987832390e-01,-6.313538431398510653e+01,-1.059556244662161717e+01
1.334999999999993525e+00,-1.279882157166335688e+00,1.168977260415426239e-02,6.546297147561449492e+01,-1.073743860802368921e+01
1.339999999999993419e+00,-1.280099899202688851e+00,-2.945111373734230487e-01,-3.331682168064343159e+02,-1.116751734261335294e+01
1.344999999999993312e+00,-1.281541242484884879e+00,-2.473807863647396466e-01,1.130238994641160701e+02,-1.085334219273397238e+01
1.349999999999993205e+00,-1.282840980938595221e+00,-4.864526907161507152e-01,-3.614854335233923166e+02,-1.110356568338008643e+01
1.354999999999993099e+00,-1.285745171237244966e+00,-6.211311462964150820e-01,5.707952822406946325e+01,-1.097906818447332000e+01
1.359999999999992992e+00,-1.289347602523065017e+00,-8.067351831438716037e-01,-1.226410665414530285e+02,-1.120921301352333188e+01
1.364999999999992886e+00,-1.293861357319505245e+00,-1.010095522446800453e+00,-7.827078574892888163e+00,-1.074045272742680268e+01
1.369999999999992779e+00,-1.299488227928150330e+00,-1.231669164911186387e+00,-1.215039089346641958e+02,-1.099161102965047476e+01
1.374999999999992673e+00,-1.307060318067174265e+00,-1.713637030179928855e+00,-4.129624454381907839e+01,-1.087137839911172321e+01
1.379999999999992566e+00,-1.316341158864601901e+00,-1.986666782610612358e+00,-1.587256552024091150e+02,-1.062822749449211024e+01
1.384999999999992459e+00,-1.327420073237662868e+00,-2.390510917724808504e+00,-2.967495544971093580e+01,-1.041399070728625631e+01
1.389999999999992353e+00,-1.340608108203731552e+00,-2.772585226713132123e+00,-1.015709906272329022e+02,-1.023011866809603276e+01
1.394999999999992246e+00,-1.356004133396000677e+00,-3.297355409105680923e+00,-7.967263705101258608e+01,-9.953331236145114502e+00
1.399999999999992140e+00,-1.372887657413168538e+00,-3.408813475972222395e+00,-6.384681275993359861e+01,-9.265200761758201509e+00
1.404999999999992033e+00,-1.390522407233737434e+00,-3.609604744934820975e+00,1.540777515453702406e+01,-9.108438970229613574e+00
1.409999999999991926e+00,-1.410888097339240588e+00,-4.360729608664662749e+00,-2.375098819841942941e+02,-7.768491942841979636e+00
1.414999999999991820e+00,-1.434755328512280270e+00,-5.139955400085799653e+00,-1.780127889377426698e+02,-6.058638982582478683e+00
1.419999999999991713e+00,-1.462125773154506092e+00,-5.706450326397192185e+00,-1.635541369444077304e+02,-4.918567833782923948e+00
1.424999999999991607e+00,-1.492170455054757872e+00,-6.093467566463216301e+00,2.194700102643517070e+01,-4.163646241873308895e+00
1.429999999999991500e+00,-1.523022079747524460e+00,-6.101071839551746478e+00,-4.425234753574249424e+01,-4.306853063154669314e+00
1.434999999999991394e+00,-1.553110463101691874e+00,-5.918199759925911962e+00,3.389181795406979631e+02,-3.507516271459840240e+00
1.439999999999991287e+00,-1.580659676261766178e+00,-5.305557809552955639e+00,4.371203606521212492e+01,-4.278106298015114106e+00
1.444999999999991180e+00,-1.606061266958413558e+00,-4.727338510976352381e+00,1.875228508640776113e+02,-4.488114085906525830e+00
1.449999999999991074e+00,-1.628339308938896446e+00,-4.177647766365955917e+00,1.279359163645895876e+02,-5.008376569068569317e+00
1.454999999999990967e+00,-1.647640493574703546e+00,-3.844883851585386925e+00,-1.296793928796698765e+02,-5.176583605065199656e+00
1.459999999999990861e+00,-1.664322817058463411e+00,-3.120667496383183082e+00,6.302596433285450672e+01,-4.693739215209816962e+00
1.464999999999990754e+00,-1.679033667033967836e+00,-2.735165633106242833e+00,1.262645059591672521e+02,-4.681041594998016642e+00
1.469999999999990647e+00,-1.692128306534008919e+00,-2.501725662798195415e+00,1.667367358866496545e+02,-4.290360179233782212e+00
1.474999999999990541e+00,-1.703567171700915761e+00,-2.269707826446780263e+00,-9.152684803230694399e+01,-4.954673176993541261e+00
1.479999999999990434e+00,-1.713465974480909759e+00,-1.813280703723166187e+00,1.140583591505455274e+02,-5.036249164014440005e+00
1.484999999999990328e+00,-1.721929180824187444e+00,-1.515868504017071849e+00,1.004754658599413233e+02,-5.343864063014530430e+00
1.489999999999990221e+00,-1.729248263171552891e+00,-1.373387691251846121e+00,5.404894263950696143e+01,-4.424881279194164740e+00
1.494999999999990115e+00,-1.735765830995135595e+00,-1.244277198640310722e+00,7.120522450879789744e+01,-4.881200519859076437e+00
1.499999999999990008e+00,-1.741647366457875767e+00,-1.146625147055874150e+00,1.871851564366366460e+01,-4.337161153819811155e+00
1.504999999999989901e+00,-1.746853928839986914e+00,-9.689511311420797579e-01,7.343690702938073400e+01,-4.894215256917057388e+00
1.509999999999989795e+00,-1.751502270633542357e+00,-8.896326032097122694e-01,5.494684431761462662e+01,-3.945312841315912422e+00
1.514999999999989688e+00,-1.755552392459925670e+00,-7.882388603652401571e-01,-2.323028354243847815e+01,-4.174884442498936643e+00
1.519999999999989582e+00,-1.759187625976893710e+00,-7.022976228735940962e-01,8.110283288990785877e+00,-3.880082527985603935e+00
1.524999999999989475e+00,-1.762241353622981732e+00,-5.452667314121997233e-01,6.635155979385250191e+01,-4.308563366346337631e+00
1.529999999999989369e+00,-1.764763575181315991e+00,-4.618020864234466116e-01,5.317497809026659183e+01,-3.345929395128535599e+00
1.534999999999989262e+00,-1.766635052419649021e+00,-3.397353983415751233e-01,2.468552293555882127e+00,-3.528276909469300282e+00
1.539999999999989155e+00,-1.767865818149571000e+00,-2.589511138221824438e-01,-5.472831477365344455e+01,-3.400574358878605263e+00
1.544999999999989049e+00,-1.768497502924066378e+00,-5.614805392486912905e-02,4.681715615829899235e+01,-3.676200700806349975e+00
1.549999999999988942e+00,-1.768576890454561790e+00,4.608278921057768623e-02,3.673450301412187713e+01,-2.792767657747534216e+00
1.554999999999988836e+00,-1.767943701790101851e+00,1.758927791209592417e-01,-6.511746868284328471e+00,-3.057694042098800580e+00
1.559999999999988729e+00,-1.766625791128636935e+00,2.987074212663375361e-01,5.656928291338258141e+00,-2.786746437292419110e+00
1.564999999999988622e+00,-1.764753689029020967e+00,4.188018243684495934e-01,5.151206278821217666e+01,-3.043880899215392954e+00
1.569999999999988516e+00,-1.762342116879596743e+00,5.085791026054803377e-01,-4.365562293770930413e-02,-2.696143369911465193e+00
1.574999999999988409e+00,-1.759349518865152007e+00,6.468501272224435050e-01,3.292156574364357624e+01,-2.434581654544470730e+00
1.579999999999988303e+00,-1.755773345903112181e+00,7.421500688660800371e-01,-3.720419818787615895e+01,-2.084351853912266961e+00
1.584999999999988196e+00,-1.751765116269300648e+00,8.413316700594268838e-01,5.102203062436068137e-01,-2.384234934492925007e+00
1.589999999999988090e+00,-1.747217295811528626e+00,9.680591926778930878e-01,4.537079634281279539e+01,-1.892285768978951177e+00
1.594999999999987983e+00,-1.742136039346569243e+00,1.057028982547780993e+00,4.820795463823558435e+01,-1.787337891010558621e+00
1.599999999999987876e+00,-1.736446442136037716e+00,1.156846303840306067e+00,-2.715703849756922494e+01,-1.509186573030549372e+00
1.604999999999987770e+00,-1.730318009863843765e+00,1.270868567239558988e+00,2.310169336081724722e+01,-1.811946495787730926e+00
1.609999999999987663e+00,-1.723749111561700964e+00,1.356763011769732907e+00,2.827240342184216360e+01,-1.332041784398874107e+00
1.614999999999987557e+00,-1.716683589879792970e+00,1.426447391171029588e+00,-6.395861276102176696e+00,-1.234158296623968365e+00
1.619999999999987450e+00,-1.709098358447196153e+00,1.543152946629274380e+00,-8.581110952840303341e+00,-8.968001973099409829e-01
1.624999999999987343e+00,-1.701018846686314312e+00,1.687443045778777684e+00,5.525470184805488572e+01,-1.131704382034922851e+00
1.629999999999987237e+00,-1.692438215208452945e+00,1.752438233186403016e+00,3.353552805534739889e+01,-4.299947711783510540e-01
1.634999999999987130e+00,-1.683508343952101693e+00,1.826444439515511053e+00,1.810272076882391801e+01,-7.202315201182449833e-01
1.639999999999987024e+00,-1.674075099608460793e+00,1.890463972340362675e+00,-5.418382561628960481e+00,-1.910694647968703697e-01
1.644999999999986917e+00,-1.664493371093280327e+00,1.924554705864391702e+00,3.585014061102642202e+00,6.917495292140640739e-02
1.649999999999986811e+00,-1.655317543551519499e+00,1.770840046089791286e+00,-3.601389903550360572e+01,1.554274720077671645e+00
1.654999999999986704e+00,-1.647088379428599980e+00,1.561584567510007293e+00,-4.710917857562618849e+01,2.517730514941497688e+00
1.659999999999986597e+00,-1.640349537495713550e+00,1.216236110945230875e+00,-6.442769486650306021e+01,4.396024018887879414e+00
1.664999999999986491e+00,-1.635572298434381677e+00,8.650120424756166937e-01,-1.470980080410469384e+02,7.323542238075842370e+00
1.669999999999986384e+00,-1.630665620853324338e+00,1.047742190651979044e+00,1.975470125279960598e+02,1.041389683873227234e+01
1.674999999999986278e+00,-1.626473460741089561e+00,7.054985722375426427e-01,-2.963621827214215045e+02,1.314673421621035843e+01
1.679999999999986171e+00,-1.622023660567034176e+00,9.670938983879752149e-01,2.888689388824721505e+02,1.572438986105754388e+01
1.684999999999986064e+00,-1.618781025709186583e+00,4.443295798623527748e-01,-3.679922761830877107e+02,1.602842335505963689e+01
1.689999999999985958e+00,-1.615749539021300807e+00,6.925561641488738873e-01,3.143268427434258001e+02,1.680926594756706294e+01
1.694999999999985851e+00,-1.613947841561634178e+00,1.462534554592259950e-01,-3.645440871463727603e+02,1.622857957906482795e+01
1.699999999999985745e+00,-1.612473725247282497e+00,3.896077367907095912e-01,3.173832433625304930e+02,1.705590768095714083e+01
1.704999999999985638e+00,-1.612073739077432677e+00,-1.205294566864906075e-01,-3.497202994299656211e+02,1.618794628248205214e+01
1.709999999999985532e+00,-1.611947361541808066e+00,1.216187822915556355e-01,3.159060281042514475e+02,1.715450941090232106e+01
1.714999999999985425e+00,-1.612830373234436010e+00,-3.673485256994959980e-01,-3.412472863769658602e+02,1.627326620944782931e+01
1.719999999999985318e+00,-1.613888141846120172e+00,-1.093236590040519152e-01,3.122886207398290139e+02,1.730299099429193888e+01
1.724999999999985212e+00,-1.615845228103397480e+00,-5.729988783627055771e-01,-3.345666725848682859e+02,1.646858788536428619e+01
1.729999999999985105e+00,-1.617823006768152716e+00,-2.803751803031462320e-01,3.201843499730902067e+02,1.757271662874417828e+01
1.734999999999984999e+00,-1.620558244225092981e+00,-7.189592056486502347e-01,-3.298088716690497790e+02,1.668393380475574261e+01
1.739999999999984892e+00,-1.623162816236473294e+00,-3.920597286924128455e-01,3.302769658979060523e+02,1.788876245952166499e+01
1.744999999999984786e+00,-1.626398709532454356e+00,-8.126376120264166003e-01,-3.319093856220967496e+02,1.695340239937429061e+01
1.749999999999984679e+00,-1.629364272811945291e+00,-4.510575761899383029e-01,3.431862233362783172e+02,1.825992465038409662e+01
1.754999999999984572e+00,-1.632875646391353408e+00,-8.693440166281163339e-01,-3.417618431025182417e+02,1.732334884087680749e+01
1.759999999999984466e+00,-1.635951622100973335e+00,-4.560573011250496633e-01,3.613925724107195947e+02,1.869108660329658278e+01
1.764999999999984359e+00,-1.639480818600937528e+00,-8.744949520784844887e-01,-3.512864652277424398e+02,1.759550904453775644e+01
1.769999999999984253e+00,-1.642467721733414709e+00,-4.278774023758226686e-01,3.764765357465482225e+02,1.907856087252988431e+01
1.774999999999984146e+00,-1.645870069997983354e+00,-8.546424463118050818e-01,-3.672924993914302831e+02,1.789334601496188526e+01
1.779999999999984039e+00,-1.648595594188192015e+00,-3.673691566231018224e-01,3.870904368228854082e+02,1.938972048812028959e+01
1.784999999999983933e+00,-1.651729123519099840e+00,-8.099950108302070850e-01,-3.848302094593860829e+02,1.811297521191487192e+01
1.789999999999983826e+00,-1.654062303608284212e+00,-2.845023924607870680e-01,3.928050126295211726e+02,1.957605111989917290e+01
1.794999999999983720e+00,-1.656829057044548525e+00,-7.466690895464825894e-01,-4.033662427825990449e+02,1.827511620487645061e+01
1.799999999999983613e+00,-1.658661919489060166e+00,-1.891889151844649841e-01,3.856945772359926536e+02,1.969926956748710367e+01
1.804999999999983507e+00,-1.660909287907953447e+00,-6.401602476626631066e-01,-4.136396564222981738e+02,1.855616617439744331e+01
1.809999999999983400e+00,-1.662040483739829932e+00,-9.132780447107895216e-02,3.373676227877891165e+02,2.022666335557795492e+01
1.814999999999983293e+00,-1.663636120451073008e+00,-5.118250718469782301e-01,-4.493217916047598237e+02,1.915897287748698830e+01
1.819999999999983187e+00,-1.663976637400289116e+00,1.967881272040662363e-02,2.536366346184948384e+02,2.010641779960560882e+01
1.824999999999983080e+00,-1.664705482522115920e+00,-3.005683800740103218e-01,-4.159785353072365410e+02,1.904484537544539080e+01
1.829999999999982974e+00,-1.664280139943303594e+00,1.478017410685235067e-01,1.980196086941219846e+02,2.020559789191297995e+01
1.834999999999982867e+00,-1.664212472834169843e+00,-1.164044920897682744e-01,-4.025574380603068221e+02,1.891568057243814138e+01
1.839999999999982760e+00,-1.663196781606227193e+00,2.598814181004355794e-01,1.744613289918082160e+02,1.982162348459650048e+01
1.844999999999982654e+00,-1.662514333211565720e+00,2.498131339128701472e-02,-3.759378696315646380e+02,1.866146623069214527e+01
1.849999999999982547e+00,-1.661101983294129836e+00,3.513515469177055373e-01,1.845962388131233070e+02,1.932226082118741672e+01
1.854999999999982441e+00,-1.659963058573276529e+00,1.303302392714904001e-01,-3.360665688280539030e+02,1.823007864649322229e+01
1.859999999999982334e+00,-1.658226217890291565e+00,4.341576191673247043e-01,2.082121988704690807e+02,1.880627146828271279e+01
1.864999999999982228e+00,-1.656832568052972965e+00,1.700286156734380494e-01,-3.247756348275145228e+02,1.775672617431764522e+01
1.869999999999982121e+00,-1.654848617148824808e+00,5.232798635066659987e-01,2.835259971376744375e+02,1.757602778654687015e+01
1.874999999999982014e+00,-1.652999267348247869e+00,2.879920658022832591e-01,-2.737244353606672007e+02,1.736292060721390484e+01
1.879999999999981908e+00,-1.650572366249318801e+00,5.883371342877253829e-01,2.220627074392371867e+02,1.739745973283275049e+01
1.884999999999981801e+00,-1.648224423729709009e+00,3.859539963684988639e-01,-2.359392048846826242e+02,1.617213782711911563e+01
1.889999999999981695e+00,-1.645483645418782892e+00,6.244912753513955916e-01,1.539847248116160188e+02,1.680397851025823641e+01
1.894999999999981588e+00,-1.642780671517774627e+00,4.907078781351807417e-01,-2.554184092958915357e+02,1.599207852965439614e+01
1.899999999999981481e+00,-1.639726633689462476e+00,7.235495735672442530e-01,2.766547573909330140e+02,1.558425379033973890e+01
1.904999999999981375e+00,-1.636715848734505041e+00,5.806978801583607686e-01,-8.406550815197475401e+01,1.434418179213048106e+01
1.909999999999981268e+00,-1.633422872103434731e+00,7.327218518989584428e-01,1.979819918111493848e+02,1.515464425790743874e+01
1.914999999999981162e+00,-1.630253960593342155e+00,4.744381326983685421e-01,-3.007582418287047972e+02,1.431249813077487865e+01
1.919999999999981055e+00,-1.626605989116235218e+00,7.105215637630432068e-01,-3.353996140420559868e+01,1.396730700247984913e+01
1.924999999999980949e+00,-1.623011527269160537e+00,6.955175280483688605e-01,-1.989439711638034680e+02,1.286328600840416314e+01
1.929999999999980842e+00,-1.619050316935930489e+00,8.883413052272512989e-01,1.375492198029583335e+02,1.341982189199743125e+01
1.934999999999980735e+00,-1.614723891373160081e+00,1.153120287064926863e+00,4.676822254057970554e+02,1.297371982827113257e+01
1.939999999999980629e+00,-1.609349548899469573e+00,8.525605848574713264e-01,-4.582009443882835740e+02,1.156963721714788562e+01
1.944999999999980522e+00,-1.603581330274229000e+00,1.834634727098588103e+00,1.033841394917005118e+03,1.129229199199475531e+01
1.949999999999980416e+00,-1.596104638851448376e+00,1.956228601718865701e+00,9.242486633083647121e+02,9.615064035565604073e+00
1.954999999999980309e+00,-1.586779504485534842e+00,1.757888333309270745e+00,-7.791919233321253557e+01,6.639272160942913281e+00
1.959999999999980203e+00,-1.577040294473494919e+00,2.076882143202188669e+00,1.272699579570597450e+02,4.517666121524978706e+00
1.964999999999980096e+00,-1.567352574880917615e+00,1.947150481560648849e+00,1.473209924290932982e+01,-7.165519867362291073e-02
1.969999999999979989e+00,-1.559153769947357215e+00,1.634402766704552201e+00,-1.314294253417036273e+01,-3.265178773867390749e+00
1.974999999999979883e+00,-1.552014513964578679e+00,1.421150645641234833e+00,-1.342362031768509212e+02,-5.888491740656332851e+00
1.979999999999979776e+00,-1.545244692028476141e+00,1.401060735798999701e+00,6.010115594201293021e+01,-6.221148200619836643e+00
1.984999999999979670e+00,-1.539038265641636372e+00,1.131393666712406043e+00,-2.180594638905703846e+02,-6.745370189478774314e+00
1.989999999999979563e+00,-1.533210128976430386e+00,1.148656053371794661e+00,1.075375649114487828e+02,-6.537191865182077066e+00
1.994999999999979456e+00,-1.527745304640532709e+00,1.108267757588024649e+00,-6.854484153807860025e+01,-5.548391788657738743e+00
1.999999999999979350e+00,-1.521607072755486678e+00,1.318521832882209255e+00,1.209248947639552512e+02,-5.301848568381839044e+00
2.004999999999979465e+00,-1.514752048060459044e+00,1.319587203517856411e+00,-1.966073113664420475e+02,-6.228848460045857571e+00
2.009999999999979359e+00,-1.507656696658748130e+00,1.516327665200740693e+00,1.705434724335923704e+02,-6.778177076262998035e+00
2.014999999999979252e+00,-1.500705018310910077e+00,1.335524058304577766e+00,-9.935413347645921078e+01,-7.219654304135763923e+00
2.019999999999979146e+00,-1.493602979702970623e+00,1.385144103265290916e+00,1.379569152677768500e+02,-7.585002979698202807e+00
2.024999999999979039e+00,-1.486682116933819353e+00,1.248369354160890676e+00,-2.425577033504313533e+02,-7.844804623825688772e+00
2.029999999999978932e+00,-1.479836777812091331e+00,1.339865118022061763e+00,1.083465527907765704e+02,-8.085467845622204663e+00
2.034999999999978826e+00,-1.473156025886300791e+00,1.216208705305310334e+00,-2.778652245230253470e+02,-8.295248410967886343e+00
2.039999999999978719e+00,-1.466535126080595219e+00,1.342107794661470122e+00,1.400302295337736780e+02,-8.464949944888903843e+00
2.044999999999978613e+00,-1.460008273821879143e+00,1.277270070142617620e+00,-1.055730036978306714e+02,-8.755878644626402973e+00
2.049999999999978506e+00,-1.453596849193083740e+00,1.296910723708339486e+00,1.120118254501926458e+02,-9.310185916881348334e+00
2.054999999999978400e+00,-1.447120027248969931e+00,1.161691111712742419e+00,-2.023167579865514654e+02,-8.629836261753917270e+00
2.059999999999978293e+00,-1.440672375008128281e+00,1.289040238741686162e+00,1.144764174319086436e+02,-9.247248144420847638e+00
2.064999999999978186e+00,-1.434428355768646801e+00,1.023291048951607829e+00,-4.225029836601220836e+02,-9.828140553800588819e+00
2.069999999999978080e+00,-1.427771676929788347e+00,1.587410509952485560e+00,1.177663871394451860e+02,-9.218856754059629566e+00
2.074999999999977973e+00,-1.422065066380628462e+00,1.380476199253996228e+00,2.180958342823041960e+02,-9.320641289642123795e+00
2.079999999999977867e+00,-1.416848009846420231e+00,8.731612777019821525e-01,9.748041128705695257e+01,-9.719884506322424400e+00
2.084999999999977760e+00,-1.410595249427429865e+00,1.444443099938547803e+00,4.527266684616294157e+01,-9.671540226477032931e+00
2.089999999999977653e+00,-1.406777540432550655e+00,7.570515731477873711e-01,1.934910674224596505e+02,-9.542864272838244233e+00
2.094999999999977547e+00,-1.401711322171533380e+00,1.211485105360896819e+00,7.234432956808296922e+01,-9.708756922725170213e+00
2.099999999999977440e+00,-1.396512800042848168e+00,6.612992710690973608e-01,5.354308813119586574e+01,-9.640104755904117084e+00
2.104999999999977334e+00,-1.392538318043617274e+00,8.889071824935059762e-01,2.869590756944470300e+01,-1.088928400635270499e+01
2.109999999999977227e+00,-1.387411727119401084e+00,1.077256722297337044e+00,2.346327634708146037e-01,-1.017882168464518777e+01
2.114999999999977121e+00,-1.382083429024723698e+00,9.435549626398859191e-01,-5.183254320236807544e+00,-1.004374688051950493e+01
2.119999999999977014e+00,-1.378158434818204325e+00,7.230429262493012210e-01,-3.659281148806530126e+01,-1.079057478079694121e+01
2.124999999999976907e+00,-1.374888950300133361e+00,5.918705827929726659e-01,-3.111192100904494851e+01,-1.038956784898678443e+01
2.129999999999976801e+00,-1.373107317488181600e+00,1.915715975683656147e-01,-1.010847877491598581e+02,-1.105119588799793284e+01
2.134999999999976694e+00,-1.373594756746928214e+00,-3.110420555263898046e-01,-1.123838716154120192e+02,-1.066296232559645141e+01
2.139999999999976588e+00,-1.376542288876374975e+00,-7.919727744955596949e-01,-8.200974806251859661e+01,-9.699858760012617154e+00
2.144999999999976481e+00,-1.383102166634986752e+00,-1.648817327969051449e+00,-1.762575902157475696e+02,-1.045245333690433576e+01
2.149999999999976374e+00,-1.393708992685978032e+00,-2.424368950729953731e+00,-1.479271195570778161e+02,-9.436586616049931209e+00
2.154999999999976268e+00,-1.408011580890235370e+00,-3.164249444532909017e+00,-1.734024238557584283e+02,-8.972265866969943104e+00
2.159999999999976161e+00,-1.425385119054294325e+00,-3.692415211333302416e+00,-5.145969889846175249e+01,-7.831899913264109614e+00
2.164999999999976055e+00,-1.446000107141675706e+00,-4.342384252413645562e+00,-5.943109599709602975e+01,-8.029418579331396799e+00
2.169999999999975948e+00,-1.469002694618358751e+00,-4.708125566603556855e+00,-6.600692507660417618e+01,-7.130408852163276023e+00
2.174999999999975842e+00,-1.493039769801025374e+00,-4.828112433474046838e+00,1.223213335964827664e+01,-6.251071033422327616e+00
2.179999999999975735e+00,-1.517840448684163679e+00,-5.030869022925900325e+00,1.054965801798022937e+02,-5.495105021339238505e+00
2.184999999999975628e+00,-1.543023711549514454e+00,-5.237163125262020102e+00,-2.398347321186640215e+02,-4.563545653581944528e+00
2.189999999999975522e+00,-1.568008662401803255e+00,-4.946078595523567323e+00,3.064380213972158273e+01,-3.797687968181718610e+00
2.194999999999975415e+00,-1.593291109561841612e+00,-4.953669559351916440e+00,1.860421939668693270e+01,-2.954318864618731499e+00
2.199999999999975309e+00,-1.617832957707261432e+00,-4.850806706144729752e+00,2.339529637502500492e+01,-1.079682578395217973e+00
2.204999999999975202e+00,-1.637330928044196554e+00,-3.354977219523930465e+00,2.705542450607753153e+02,1.264774346025907992e+00
2.209999999999975095e+00,-1.644724580582666462e+00,-4.027816820795886432e-01,4.947378332490629305e+02,4.784306256508719990e+00
2.214999999999974989e+00,-1.637701233122998312e+00,1.838758172932773105e+00,3.461334878968121416e+02,8.022566138132741997e+00
2.219999999999974882e+00,-1.629492680256531489e+00,1.938162975634693419e+00,6.930424804644578671e+02,1.196626688715490872e+01
2.224999999999974776e+00,-1.620742887780873609e+00,2.275450606165954515e+00,8.776626352109187792e+02,1.373661311163182930e+01
2.229999999999974669e+00,-1.612346370462497180e+00,1.101801750298978977e+00,-8.267067216834939245e+02,1.416711497586426560e+01
2.234999999999974563e+00,-1.600455341159834788e+00,2.427930491647230404e+00,-7.012849440007837529e+02,1.413680049337393996e+01
2.239999999999974456e+00,-1.589985232259333525e+00,1.010219456904704716e+00,-8.444484121217101347e+02,1.341167707162562195e+01
2.244999999999974349e+00,-1.577562193882614094e+00,2.569540021151007547e+00,-7.722091416766548946e+02,1.373825814298443682e+01
2.249999999999974243e+00,-1.566167349324951941e+00,1.201589635341345552e+00,-8.288085719987152515e+02,1.254217804286158611e+01
2.254999999999974136e+00,-1.552525732989469498e+00,2.852308778154495794e+00,-7.317964110341066544e+02,1.250744660196760272e+01
2.259999999999974030e+00,-1.542179556701148702e+00,1.556784883793907337e+00,-8.361808747864133693e+02,1.160998518990703054e+01
2.264999999999973923e+00,-1.529407630655277961e+00,3.258014323543564572e+00,2.154019376488083253e+03,1.289784733733512212e+01
2.269999999999973817e+00,-1.516613039838580423e+00,2.069891893558818641e+00,-8.415846363997433173e+02,1.034249997642790575e+01
2.274999999999973710e+00,-1.503828285525960595e+00,3.896913845042172309e+00,2.178099916816944642e+03,1.161592545744169946e+01
2.279999999999973603e+00,-1.490555197628579576e+00,2.745903725577656385e+00,-7.606795696968434868e+02,8.964287576491575038e+00
2.284999999999973497e+00,-1.481078496027148583e+00,1.164632639580727158e+00,-8.062267035754365452e+02,1.040898059755956062e+01
2.289999999999973390e+00,-1.465882829051279090e+00,3.289224105430919032e+00,-7.182942506569966099e+02,1.027340248405498357e+01
2.294999999999973284e+00,-1.452764655249554560e+00,2.188526191204678284e+00,-8.755727335277661041e+02,9.264341023985874557e+00
2.299999999999973177e+00,-1.441379586998772000e+00,1.213092246797538243e+00,-8.779153737178950223e+02,1.014881111670321800e+01
2.304999999999973070e+00,-1.427343013496959578e+00,3.929387093535184228e+00,2.758004499921184561e+03,1.110760418489066126e+01
2.309999999999972964e+00,-1.413691316022450906e+00,3.014407235994109868e+00,-7.839998510248321963e+02,7.716746837179038643e+00
2.314999999999972857e+00,-1.401644238629449868e+00,2.038334307475584417e+00,-9.261630095126023434e+02,8.383669124569633979e+00
2.319999999999972751e+00,-1.390098581120772447e+00,1.331199850772315507e+00,-8.377489342175206275e+02,9.086441903030369360e+00
2.324999999999972644e+00,-1.374488288977018691e+00,4.383120370833450963e+00,2.878971236696326287e+03,9.724679671156659211e+00
2.329999999999972538e+00,-1.358391540285553534e+00,3.590202297211761095e+00,-7.097489942086059500e+02,6.151410897081651896e+00
2.334999999999972431e+00,-1.343652365114258007e+00,2.623577211190200931e+00,-8.990563556591157521e+02,6.610446658746023552e+00
2.339999999999972324e+00,-1.329843020026010070e+00,1.645803752554543031e+00,-9.771802700054672641e+02,7.014195110941810363e+00
2.344999999999972218e+00,-1.313029485560220921e+00,3.456274029818150684e+00,1.432747593662350937e+03,7.564710290915152235e+00
2.349999999999972111e+00,-1.299590140194457621e+00,3.073888842069145699e+00,-8.500488404415171999e+02,5.467622291456649464e+00
2.354999999999972005e+00,-1.286973689887236594e+00,3.612580764253598975e+00,1.554861593063541022e+03,6.011145727868610678e+00
2.359999999999971898e+00,-1.273136738631127196e+00,3.084449015365783087e+00,-8.560625023780798983e+02,4.145937203070413801e+00
2.364999999999971791e+00,-1.260208135979341337e+00,3.808402356558874935e+00,1.984079869237644516e+03,5.087118323908992323e+00
2.369999999999971685e+00,-1.247538246913928450e+00,2.571544125273310222e+00,2.886718697142252381e+02,3.910796389895557112e+00
2.374999999999971578e+00,-1.234645835944373715e+00,2.298959179629888272e+00,-6.914545163381529846e+02,3.868125190345390152e+00
2.379999999999971472e+00,-1.221165063667495776e+00,2.757416363939761528e+00,3.891135730009590361e+02,3.991138276799121254e+00
2.384999999999971365e+00,-1.207188451468248491e+00,2.674204582495837368e+00,-8.707099125085898095e+02,2.916949027712614662e+00
2.389999999999971259e+00,-1.192312366110053645e+00,2.472835692957207510e+00,-1.689642317810874772e+02,2.810105216758299385e+00
2.394999999999971152e+00,-1.176284397926350866e+00,3.589861273053743584e+00,-7.531505918409327478e+02,1.179723810293712649e+00
2.399999999999971045e+00,-1.162193092996654409e+00,2.781586229611414662e+00,1.822657761085954746e+02,2.735253844602696383e-01
2.404999999999970939e+00,-1.149755687924416847e+00,2.265942857825600232e+00,-5.038733934152095344e+02,-1.312908458036020853e+00
2.409999999999970832e+00,-1.139536631658360388e+00,1.888629164640980518e+00,-3.124965729802302405e+01,-2.392880199742025482e+00
2.414999999999970726e+00,-1.132099480590788687e+00,9.212003556413174143e-01,-4.949053258479383999e+02,-4.849494828375384259e+00
2.419999999999970619e+00,-1.137744507846109032e+00,-2.543167654226774488e+00,-6.475879044955769359e+02,-5.773756433079469730e+00
2.424999999999970512e+00,-1.161351589816380425e+00,-5.408684699192164658e+00,-5.196198062526750618e+02,-6.008267746167462953e+00
2.429999999999970406e+00,-1.195936713265164597e+00,-7.728413060661921463e+00,1.488845545128634456e+02,-5.639751495666351033e+00
2.434999999999970299e+00,-1.237253199149393357e+00,-8.625174784105261949e+00,-2.233890739362647366e+02,-5.478182183158601504e+00
2.439999999999970193e+00,-1.281975338960934074e+00,-8.888267079498987755e+00,-5.081285397852570895e+01,-5.673145907389437248e+00
2.444999999999970086e+00,-1.326091592468703118e+00,-8.547384583769439104e+00,2.169383711230431402e+02,-5.293434123576733263e+00
2.449999999999969980e+00,-1.366645854420938111e+00,-8.376855236785011982e+00,-5.721818932276567011e+02,-5.574587541993775375e+00
2.454999999999969873e+00,-1.401958233553997735e+00,-6.581715462655091997e+00,1.893797775768624092e+02,-5.665989175622033081e+00
2.459999999999969766e+00,-1.432338082975232574e+00,-5.470454029210318758e+00,2.661700289011667451e+02,-5.834065719471929867e+00
2.464999999999969660e+00,-1.456104736571181002e+00,-4.270509848925041041e+00,5.681993794011862065e+02,-6.198120581066013379e+00
2.469999999999969553e+00,-1.472861365987844673e+00,-2.820530160976957301e+00,2.673582532291846405e+02,-6.929755671437678899e+00
2.474999999999969447e+00,-1.484180121537719721e+00,-1.696591635171312840e+00,3.080634782035655235e+02,-7.162094068349697196e+00
2.479999999999969340e+00,-1.490239724408623623e+00,-7.025886575115229959e-01,3.076648146623737148e+02,-7.316737881910876595e+00
2.484999999999969233e+00,-1.491785264791642751e+00,9.065972279329068129e-02,2.565186604858036503e+02,-7.293955177819211322e+00
2.489999999999969127e+00,-1.489578064333842100e+00,7.300717050049722046e-01,1.550674768699437038e+02,-7.086595035421477284e+00
2.494999999999969020e+00,-1.484171377088525423e+00,1.309740381804941123e+00,1.235051689803114243e+02,-7.478796946559547187e+00
2.499999999999968914e+00,-1.478502310440193757e+00,5.638541806183008376e-01,1.182388130193496778e+01,-7.216140998329338530e+00
2.504999999999968807e+00,-1.474357134014090853e+00,9.960832499727217959e-01,6.390513418454711569e+01,-7.864394524590226254e+00
2.509999999999968701e+00,-1.468079925328683144e+00,1.282061371734009914e+00,-1.123944354647609032e+02,-8.474633399527496280e+00
2.514999999999968594e+00,-1.462001777686632309e+00,1.336995806318362456e+00,1.147896574007493626e+02,-8.506779407691800188e+00
2.519999999999968487e+00,-1.456278723975642730e+00,1.011434497766299900e+00,5.916692440863750591e+01,-7.974992097306756733e+00
2.524999999999968381e+00,-1.450510316656632215e+00,1.222991858628511563e+00,1.392800875748980083e+01,-7.923239343769491683e+00
2.529999999999968274e+00,-1.444043744783064520e+00,1.331347201171001693e+00,4.375539077215404404e+01,-8.393019541021393692e+00
2.534999999999968168e+00,-1.437730869854188631e+00,1.150017292683900072e+00,-1.120371061706289737e+02,-8.896823623928574065e+00
2.539999999999968061e+00,-1.432042601848747543e+00,1.100392941899098975e+00,-3.142069695094991033e+01,-8.340267559882969195e+00
2.544999999999967955e+00,-1.427396269736774803e+00,8.456005482647122040e-01,-1.149957114873893715e+01,-8.539928824057685830e+00
2.549999999999967848e+00,-1.424384443056417426e+00,4.505661711839955563e-01,-8.843857647745616646e+01,-8.883002146791522335e+00
2.554999999999967741e+00,-1.423460338281509419e+00,-2.083169525153678089e-03,-1.100828508581065250e+02,-8.122861075671147901e+00
2.559999999999967635e+00,-1.433157699765020388e+00,-4.327298527724855681e+00,-1.111398541213349290e+03,-6.687463697894715509e+00
2.564999999999967528e+00,-1.468785907048325123e+00,-8.465388998772272799e+00,-5.465074900730058971e+02,-4.313180678921826328e+00
2.569999999999967422e+00,-1.514963099931579515e+00,-9.532102350664699131e+00,-1.055936168959691059e+02,-2.285506871824678043e+00
2.574999999999967315e+00,-1.563605440928360846e+00,-9.711906775905337241e+00,4.820863674796945020e+01,-1.514946719194122160e+00
2.579999999999967208e+00,-1.609578481192627475e+00,-8.831056177740148172e+00,1.811169473756251307e+02,-5.323893826360119874e-01
2.584999999999967102e+00,-1.651435754689196456e+00,-8.049088834982001117e+00,1.559800073481870015e+02,-4.178064435068620242e-01
2.589999999999966995e+00,-1.688022932263229858e+00,-6.869832154042454064e+00,1.982739187353359398e+02,1.300133232632250113e-01
2.594999999999966889e+00,-1.719726975729682694e+00,-6.010380545838875932e+00,1.509834924093933921e+02,1.887947491208130657e-03
2.599999999999966782e+00,-1.745560859696002387e+00,-4.686998377467062937e+00,1.947845920321473443e+02,5.957079180303601618e-01
2.604999999999966676e+00,-1.765549821943884989e+00,-3.597809857778510700e+00,1.815971984543645306e+02,4.790832077550131185e-01
2.609999999999966569e+00,-1.778119186832181065e+00,-1.921459851981694333e+00,2.427505991980102351e+02,1.102275120089805549e+00
2.614999999999966462e+00,-1.782150626078045752e+00,-2.303293863995821700e-01,2.335108561238226628e+02,1.172932407937240740e+00
2.619999999999966356e+00,-1.775142351875364399e+00,2.235991850165423234e+00,3.563676881316870890e+02,1.840789773750848290e+00
2.624999999999966249e+00,-1.754384430443164611e+00,5.107236073681206356e+00,3.901277453885902560e+02,2.370914004448056556e+00
2.629999999999966143e+00,-1.720989018823000816e+00,7.421457933327968881e+00,2.890322490728754588e+02,2.096249440398259445e+00
2.634999999999966036e+00,-1.686738063364587425e+00,1.356976873725491695e-01,-8.880927842847093416e+03,1.848450944368505766e+00
2.639999999999965929e+00,-1.684400154498552959e+00,5.101798633809645489e-01,-1.039915444766518249e+02,1.197048480050110619e+01
2.644999999999965823e+00,-1.681862157165291194e+00,5.047353113804107227e-01,-5.121185060379448117e+01,1.443975034465461427e+01
2.649999999999965716e+00,-1.678824097677875438e+00,6.368433219982692073e-01,-4.496471582841026216e-01,1.713203897778275930e+01
2.654999999999965610e+00,-1.675713404781856708e+00,5.475565200344941763e-01,-2.152119376528607688e+02,1.747165781492811476e+01
2.659999999999965503e+00,-1.671695706856960006e+00,7.526120936514483217e-01,-6.308959031260697259e+01,1.808424298910890826e+01
2.664999999999965397e+00,-1.667482285951315202e+00,5.994789255668394601e-01,-2.978780006109340661e+02,1.682438409195537332e+01
2.669999999999965290e+00,-1.662715860932818313e+00,7.049573207935520003e-01,-2.824140533099542836e+02,1.705487583295639453e+01
2.674999999999965183e+00,-1.657969208413598183e+00,6.676105322171037582e-01,-3.048015151166051737e+02,1.748805276913597595e+01
2.679999999999965077e+00,-1.652255694346308035e+00,8.130552514909660244e-01,-4.257649963085376612e+02,1.754162383293557781e+01
2.684999999999964970e+00,-1.646419932528883967e+00,1.087567788127837387e+00,-3.563090434367919670e+02,1.669062776096470913e+01
2.689999999999964864e+00,-1.640478576430629110e+00,1.288101237336495064e+00,-3.183150204667985577e+02,1.591187636879981149e+01
2.694999999999964757e+00,-1.634458049616678288e+00,1.525119503910900676e+00,7.116353836756451301e+02,1.580572962065589948e+01
2.699999999999964650e+00,-1.629237918031991805e+00,6.522684785217097714e-01,-4.814937594758989690e+02,1.500399990752855750e+01
2.704999999999964544e+00,-1.623415845789034639e+00,1.012350700370161949e+00,-4.704671119743153440e+02,1.551396353238623149e+01
2.709999999999964437e+00,-1.617778652700512687e+00,1.174467197624607051e+00,-4.728618859565651746e+02,1.490488921270833345e+01
2.714999999999964331e+00,-1.611997790223058225e+00,1.579122334010051976e+00,9.129979111966968048e+02,1.497038070856236658e+01
2.719999999999964224e+00,-1.606769892695808943e+00,6.065631504536411756e-01,-5.534389263038812032e+02,1.421834690173389504e+01
2.724999999999964118e+00,-1.600236354721163101e+00,1.222332613332498763e+00,-5.153428722844292906e+02,1.476219341812545238e+01
2.729999999999964011e+00,-1.593927828247456047e+00,1.798794953414135200e+00,1.076206964957294076e+03,1.471020557222778180e+01
2.734999999999963904e+00,-1.587806924421328647e+00,7.696775756740592556e-01,-5.932213252529124929e+02,1.368217772278050859e+01
2.739999999999963798e+00,-1.580012602798406274e+00,1.501691735748325707e+00,-5.256607837046434497e+02,1.392970153354195695e+01
2.744999999999963691e+00,-1.573149414082630537e+00,1.429703298557413849e+00,4.647031990508696708e+02,1.387018580261512568e+01
2.749999999999963585e+00,-1.567418296353467966e+00,6.289703251656495464e-01,-6.631879812808725774e+02,1.371902729149068101e+01
2.754999999999963478e+00,-1.559271648619928063e+00,1.635054806846405251e+00,-5.883715952365326984e+02,1.329314137385128092e+01
2.759999999999963372e+00,-1.554561512181092509e+00,4.265796197862703476e-01,-7.041536332374608946e+02,1.316521786256124571e+01
2.764999999999963265e+00,-1.546512377238697278e+00,1.666878595868625412e+00,-6.349612409999281226e+02,1.329981338181449679e+01
2.769999999999963158e+00,-1.539932801120954986e+00,4.080437721534865281e-01,-7.321413934449939234e+02,1.285087435537690936e+01
2.774999999999963052e+00,-1.531412161568865837e+00,1.798676208023795686e+00,-6.649512119695225465e+02,1.275670295448053260e+01
2.779999999999962945e+00,-1.524624208082354215e+00,2.547936257588031328e+00,1.751016129065076257e+03,1.248057289870245157e+01
2.784999999999962839e+00,-1.517846443927990174e+00,1.278406646874202801e+00,-7.091896562490890119e+02,1.066552210036591752e+01
2.789999999999962732e+00,-1.510040807447313949e+00,2.526259628444403660e+00,1.687831457908254833e+03,1.144046433495786630e+01
2.794999999999962625e+00,-1.503709131312438219e+00,7.516623908444934887e-01,-6.614386761406649384e+02,1.006366741616344918e+01
2.799999999999962519e+00,-1.493635478049966769e+00,2.029514167781567568e+00,-6.996320166404213978e+02,1.011887031140022231e+01
2.804999999999962412e+00,-1.487119710073249612e+00,8.238979364772058833e-01,-6.861788952443217795e+02,9.273380211039128795e+00
2.809999999999962306e+00,-1.478027487442633792e+00,1.433667626886614643e+00,-5.608891011579177075e+02,8.984084844495043853e+00
2.814999999999962199e+00,-1.469849412917784370e+00,2.680423804960969214e+00,1.783599034376425607e+03,8.732590137138771524e+00
2.819999999999962093e+00,-1.462464192292951326e+00,6.772389143744276252e-01,-7.799246534479792672e+02,7.221716776561121875e+00
2.824999999999961986e+00,-1.451995964507736270e+00,2.133857887792352415e+00,-7.722400258317095449e+02,7.362547284806486125e+00
2.829999999999961879e+00,-1.444388437486868293e+00,1.294192196767768088e+00,-6.723962999481655061e+02,6.486919813738973417e+00
2.834999999999961773e+00,-1.435181456027098568e+00,1.875743950797805759e+00,-7.020597859555233526e+02,6.033317796171738578e+00
2.839999999999961666e+00,-1.425373038041115592e+00,2.578616063176522033e+00,1.307393279679096850e+03,5.521454593626239138e+00
2.844999999999961560e+00,-1.416761412126992914e+00,1.149148456853070988e+00,-6.156040987093645072e+02,3.968571261556941288e+00
2.849999999999961453e+00,-1.407252778025683826e+00,1.860445240090800034e+00,-5.357234499952695614e+02,2.783063556358257973e+00
2.854999999999961346e+00,-1.398646523394904362e+00,1.727334149229145854e+00,1.166445276217772715e+02,1.943481555966278140e+00
2.859999999999961240e+00,-1.390406667882503333e+00,1.517954385465998035e+00,-3.725372676068500937e+02,3.015284125857287112e-01
2.864999999999961133e+00,-1.385186440870948887e+00,7.632519542446544181e-01,-1.533944825779266807e+02,-1.593403840969583429e+00
2.869999999999961027e+00,-1.382665020546396617e+00,8.351806047054689541e-01,9.042236134753086674e+01,-4.953883343881210877e+00
2.874999999999960920e+00,-1.377132176844354294e+00,1.280337641711736030e+00,4.559348632269138761e+02,-7.611445328606263772e+00
2.879999999999960814e+00,-1.371690748962770545e+00,9.105761386096365984e-01,1.335789275323639629e+02,-8.113657671937293259e+00
2.884999999999960707e+00,-1.366738774849866500e+00,1.202221554946850401e-01,-1.408118652763971795e+03,-9.580030411614124830e+00
2.889999999999960600e+00,-1.364246988190189969e+00,8.472100630003073229e-01,1.467675978357670488e+02,-9.832504603975776192e+00
2.894999999999960494e+00,-1.358412038910626674e+00,1.095886497425995199e+00,-3.461272342576247070e+02,-9.878566610866197806e+00
2.899999999999960387e+00,-1.353491338678620037e+00,1.222495800183887704e+00,1.654635884291557772e+02,-1.014785394255811468e+01
2.904999999999960281e+00,-1.349155547704663949e+00,6.298213251532854828e-01,8.269225616406703239e+01,-1.020488490434235551e+01
2.909999999999960174e+00,-1.345203588631962877e+00,8.724078336954879109e-01,7.470769835975441531e+00,-1.010975028066336989e+01
2.914999999999960067e+00,-1.340674935430464787e+00,9.315997540458665904e-01,1.685868075355739748e+01,-1.051294761492157015e+01
2.919999999999959961e+00,-1.336036330278762563e+00,9.135884566361777148e-01,-4.288442080260646350e+01,-1.006467376806216052e+01
2.924999999999959854e+00,-1.332254103613512930e+00,6.326948079321230711e-01,-5.673528055409899196e+01,-1.057941707036085077e+01
2.929999999999959748e+00,-1.330164734680569172e+00,2.565183735020294953e-01,-5.582198734663030848e+01,-1.005990782937616146e+01
2.934999999999959641e+00,-1.330766499628049271e+00,-3.910833741325082658e-01,-1.417066183053244117e+02,-1.038599499374203461e+01
2.939999999999959535e+00,-1.340394384107292503e+00,-4.707923022322894724e+00,-1.772321565256815120e+03,-8.685558672762345722e+00
2.944999999999959428e+00,-1.383744365725650738e+00,-1.051501868283580876e+01,-7.473100430874828817e+02,-5.135639388936177774e+00
2.949999999999959321e+00,-1.442645643802617839e+00,-1.224656195133876047e+01,-1.432941645438120304e+02,-2.769376665366615420e+00
2.954999999999959215e+00,-1.504883163016380365e+00,-1.238821503665905865e+01,7.570721340733274474e+01,-1.637765175591558986e+00
2.959999999999959108e+00,-1.564620572820706101e+00,-1.156712982809803414e+01,2.460073800667078388e+02,-7.366323426674741270e-01
2.964999999999959002e+00,-1.620002795779118099e+00,-1.068167369019115576e+01,2.022828237305776042e+02,-5.228500595085554536e-01
2.969999999999958895e+00,-1.669571185743351061e+00,-9.406901945994716741e+00,2.372044786252159838e+02,6.616042946666844671e-03
2.974999999999958789e+00,-1.711999257933000784e+00,-7.921843923361620021e+00,2.702397606154605114e+02,3.841564003086430645e-01
2.979999999999958682e+00,-1.747436717582957266e+00,-6.595533512867356229e+00,2.246480299974076331e+02,4.946706224497696702e-01
2.984999999999958575e+00,-1.776278767533413960e+00,-5.300568146516178025e+00,2.009558745429943372e+02,5.356386715271881371e-01
2.989999999999958469e+00,-1.798495682872347734e+00,-3.951149441752780600e+00,2.126916113262774672e+02,7.198594202786319229e-01
2.994999999999958362e+00,-1.811725332507528874e+00,-1.943540706592652434e+00,3.052804632227861248e+02,1.382623148228834919e+00
2.999999999999958256e+00,-1.812294624818308497e+00,8.548214449615623156e-01,4.206762744696471827e+02,2.179710041021341915e+00
3.004999999999958149e+00,-1.795179258757204410e+00,4.763796635995754869e+00,5.837722419297142551e+02,3.057549954143787829e+00
3.009999999999958042e+00,-1.756452326728780822e+00,9.246091274166714058e+00,5.986872179858845584e+02,4.256969504847361030e+00
3.014999999999957936e+00,-1.700430792199322472e+00,1.210776231555295013e+01,3.305818779177251372e+02,3.386719297241991278e+00
3.019999999999957829e+00,-1.691168608009027352e+00,-6.021479552248122369e-01,1.313724450021607026e+02,1.011127941900038607e+01
3.024999999999957723e+00,-1.692015009679641357e+00,-6.816179652791426458e-02,8.349264066113825322e+01,1.807282594285104693e+01
3.029999999999957616e+00,-1.692100790189986270e+00,2.236346176743343184e-01,4.071157442119131815e+02,1.844903466717920182e+01
3.034999999999957510e+00,-1.690871666552847374e+00,4.819037180994307223e-01,4.215271740784694998e+02,1.809765031618550779e+01
3.039999999999957403e+00,-1.689295030808683817e+00,5.808879332067001799e-01,4.439488419305861839e+02,1.772050366848619163e+01
3.044999999999957296e+00,-1.686406490735447461e+00,8.214049019222219306e-01,4.799034634512752859e+02,1.730333061161213948e+01
3.049999999999957190e+00,-1.683104266726490827e+00,1.036787340830861881e+00,4.613956259548438084e+02,1.675947360066073344e+01
3.054999999999957083e+00,-1.679349917042700202e+00,5.121050558540762854e-01,-3.356542280515843686e+02,1.621419903893637482e+01
3.059999999999956977e+00,-1.675037118587856311e+00,8.369745178075757019e-01,-2.832980399453090854e+02,1.668159160745134173e+01
3.064999999999956870e+00,-1.670985358504282203e+00,1.104050236974080335e+00,5.874097282024101787e+02,1.655989580844862985e+01
3.069999999999956763e+00,-1.665791734210285924e+00,1.264251557433503370e+00,4.545114918638653307e+02,1.571248842671485413e+01
3.074999999999956657e+00,-1.660900222009297877e+00,6.954722485066838766e-01,-4.010902696012117872e+02,1.548544907992022068e+01
3.079999999999956550e+00,-1.655140104029377612e+00,1.130399598266135008e+00,-3.384604096938999191e+02,1.558035784785373323e+01
3.084999999999956444e+00,-1.649412396802828473e+00,1.567475819004736204e+00,7.879032181251678821e+02,1.539822633109642780e+01
3.089999999999956337e+00,-1.643704233083068011e+00,8.198855360925313418e-01,-4.473446706880643546e+02,1.437769112530704874e+01
3.094999999999956231e+00,-1.636784714471251956e+00,1.354933453739502802e+00,-3.753004891900604321e+02,1.466870065984476490e+01
3.099999999999956124e+00,-1.630007434027904711e+00,1.795341891950888114e+00,8.370173234325575322e+02,1.450360900421839716e+01
3.104999999999956017e+00,-1.623279664017560853e+00,1.003028871444107573e+00,-4.686380724903802388e+02,1.360565987071610117e+01
3.109999999999955911e+00,-1.615537888516591858e+00,1.471301157231639678e+00,-3.419566560771959303e+02,1.383608210793983062e+01
3.114999999999955804e+00,-1.608248836324664088e+00,1.959825220836243220e+00,9.846580937000456970e+02,1.390778492358299800e+01
3.119999999999955698e+00,-1.600886029651117815e+00,1.096959809382468398e+00,-4.985693529372666717e+02,1.303232216693923462e+01
3.124999999999955591e+00,-1.592088462769700730e+00,1.668116348142186567e+00,-3.603752163855724575e+02,1.306294225885629068e+01
3.129999999999955484e+00,-1.584226113866144203e+00,2.071545771341955167e+00,9.745893688044084229e+02,1.261145520405568199e+01
3.134999999999955378e+00,-1.576505695980316313e+00,1.119405339646905251e+00,-5.685520394699348117e+02,1.154941373137277871e+01
3.139999999999955271e+00,-1.566909948331872693e+00,1.797536621891438591e+00,-4.947403712754701246e+02,1.210557046944081883e+01
3.144999999999955165e+00,-1.558296525501218444e+00,2.253261665626305366e+00,1.095491730896912486e+03,1.173852771728186362e+01
3.149999999999955058e+00,-1.550350315585805605e+00,1.039536507969184287e+00,-6.978972385327820120e+02,1.056205166361667303e+01
3.154999999999954952e+00,-1.540403784225097716e+00,1.920859364122040613e+00,-6.178687131295581594e+02,1.035824169517991322e+01
3.159999999999954845e+00,-1.531701695010870612e+00,2.374849364545959851e+00,1.338876130874300998e+03,9.783009089255644497e+00
3.164999999999954738e+00,-1.523472377718866788e+00,1.113083861930800778e+00,-6.845164828828902728e+02,8.388768861971334090e+00
3.169999999999954632e+00,-1.513100565652009344e+00,1.946054298092291690e+00,-6.790398719969886088e+02,8.288214308611033587e+00
3.174999999999954525e+00,-1.503650530567415045e+00,2.621762179384964142e+00,1.443545996146074231e+03,8.117062929426420936e+00
3.179999999999954419e+00,-1.494586239953607620e+00,1.271647495261744920e+00,-6.879025485449978987e+02,7.211060545761449170e+00
3.184999999999954312e+00,-1.483418276063471097e+00,2.112159923647526583e+00,-7.182236458439392663e+02,6.911020378960445854e+00
3.189999999999954206e+00,-1.473031817616192507e+00,2.790109444865273236e+00,1.426278044537158848e+03,6.780046072523856715e+00
3.194999999999954099e+00,-1.463258513084127799e+00,1.420269172178915795e+00,-6.436106913480873573e+02,5.404200956063939465e+00
3.199999999999953992e+00,-1.451614435565687922e+00,2.290784067033412086e+00,-5.830330765739420258e+02,4.741563366493496190e+00
3.204999999999953886e+00,-1.441760898632739707e+00,1.995159210506596059e+00,1.230828945564488350e+02,3.585068591654384740e+00
3.209999999999953779e+00,-1.431877533347726494e+00,2.226553820606947731e+00,3.624146165149365970e+02,2.570649789176284727e+00
3.214999999999953673e+00,-1.421925427044027801e+00,1.829192467142914946e+00,-4.198378129172327817e+02,7.926238894299801885e-01
3.219999999999953566e+00,-1.412248010065588533e+00,1.885659524134865483e+00,-9.185025600296918924e+01,-6.970235147249129737e-01
3.224999999999953459e+00,-1.404245162107607747e+00,1.513111049135654085e+00,-1.014814560802181020e+01,-2.938319487742325098e+00
3.229999999999953353e+00,-1.395715580118615406e+00,1.025634309933690202e+00,-1.071608404010693221e+03,-5.986631306855586310e+00
3.234999999999953246e+00,-1.387445106635134762e+00,1.580659669740411832e+00,3.100729525578143253e+01,-7.277591273074103917e+00
3.239999999999953140e+00,-1.379803284038714217e+00,1.332554523376366040e+00,2.235673809724931402e+02,-8.097470608971047312e+00
3.244999999999953033e+00,-1.374254004842017984e+00,2.494434241581690581e-01,2.404771285420363824e+02,-8.279702058975525247e+00
3.249999999999952927e+00,-1.369692795078125913e+00,1.444833830718714740e+00,3.105762515850655063e+02,-9.426825038925276345e+00
3.254999999999952820e+00,-1.365827462458374608e+00,3.519345979235722899e-01,2.931763228224875206e+02,-8.629372323173564396e+00
3.259999999999952713e+00,-1.360220204518144183e+00,1.621454238280288784e+00,2.383178021492582559e+02,-9.491627072341104920e+00
3.264999999999952607e+00,-1.359085739371208801e+00,9.197107443079936828e-02,1.472517564925000215e+02,-8.960034329631113792e+00
3.269999999999952500e+00,-1.355147749005688684e+00,1.255330379454272727e+00,2.566097947803831403e+02,-9.915483474811749076e+00
3.274999999999952394e+00,-1.354305407644173176e+00,-5.872090824742451920e-01,2.102906978440436205e+02,-9.292170560488047570e+00
3.279999999999952287e+00,-1.354452046657010467e+00,3.363048767303348230e-01,1.804496783174479333e+02,-9.376122493672866653e+00
3.284999999999952180e+00,-1.349904367294581409e+00,1.325020424089244031e+00,2.520837319252262034e+02,-1.022758131953194294e+01
3.289999999999952074e+00,-1.346307870563208109e+00,6.424904211664060893e-01,1.585560910794630729e+02,-1.024628838427579502e+01
3.294999999999951967e+00,-1.340783829606885247e+00,1.409799994188585037e+00,1.532047806025297234e+02,-1.020628682018408284e+01
3.299999999999951861e+00,-1.341070479070421539e+00,2.097645720224144417e-01,1.933920533315242665e+02,-9.957726918432051377e+00
3.304999999999951754e+00,-1.338109964304789568e+00,8.486018597988118639e-01,1.307022665482110710e+02,-1.082800853293703014e+01
3.309999999999951648e+00,-1.333570378768368148e+00,5.224777557990419874e-01,-1.937953990172876502e+02,-1.040963504477944923e+01
3.314999999999951541e+00,-1.329454298293635928e+00,1.043442851317371689e+00,1.489716001969219121e+02,-1.090085566725600330e+01
3.319999999999951434e+00,-1.325800364208553406e+00,3.301933542973175539e-01,-2.831823530937758449e+01,-1.090999589450007790e+01
3.324999999999951328e+00,-1.323440362278853755e+00,5.114730590615779171e-01,5.324423233524812105e+01,-1.061184790215194162e+01
3.329999999999951221e+00,-1.320828449135072136e+00,5.089929306645974982e-01,-2.272934092860552724e+01,-1.106463058206258232e+01
3.334999999999951115e+00,-1.319339843429435444e+00,1.588606077339905220e-01,-2.380120814008681052e+01,-1.052915711889620454e+01
3.339999999999951008e+00,-1.320360031880962959e+00,-4.563875722501190002e-01,-1.343932381052803464e+02,-1.070879604927896800e+01
3.344999999999950901e+00,-1.350410670521039247e+00,-8.688055463585657279e+00,-1.035982681789222170e+03,-6.276899606325236469e+00
3.349999999999950795e+00,-1.406158076138209756e+00,-1.220830364238332777e+01,-4.179079861688914548e+02,-3.882191520162741050e+00
3.354999999999950688e+00,-1.469243583303042167e+00,-1.265898692037621664e+01,1.647506369025047945e+01,-1.926435544442406389e+00
3.359999999999950582e+00,-1.530550782449423552e+00,-1.188739062956300074e+01,2.402531113657836670e+02,-9.235281335077294429e-01
3.364999999999950475e+00,-1.588841744971338121e+00,-1.138127939128239241e+01,1.674618446320098997e+02,-9.663361526614808739e-01
3.369999999999950369e+00,-1.642700510955592996e+00,-1.033216221838547888e+01,2.212165717728902337e+02,-3.294744863691141390e-01
3.374999999999950262e+00,-1.690073627134425660e+00,-8.938666101952497556e+00,2.650644396705094437e+02,2.290656816127931705e-01
3.379999999999950155e+00,-1.730500178963658708e+00,-7.591387359782677535e+00,2.282380438780664065e+02,4.136580240989413682e-01
3.384999999999950049e+00,-1.764101624740896046e+00,-6.221503872728241902e+00,2.154094202481494733e+02,4.761848902010847873e-01
3.389999999999949942e+00,-1.790730188189036287e+00,-4.809275735172906963e+00,2.272065272090821679e+02,6.746977949765939897e-01
3.394999999999949836e+00,-1.808057434121654650e+00,-2.729283182127541174e+00,3.297217937823886018e+02,1.362178793205141014e+00
3.399999999999949729e+00,-1.812351914056110402e+00,1.636498629041738540e-01,4.654120193159587870e+02,2.211427799667692540e+00
3.404999999999949623e+00,-1.800641834902676708e+00,3.464430301497153586e+00,4.551265552521714994e+02,2.565545351989446665e+00
3.409999999999949516e+00,-1.769349001937691401e+00,7.697017733322230271e+00,6.269681422271662541e+02,3.758480660677716134e+00
3.414999999999949409e+00,-1.718993620707643721e+00,1.124668489703509344e+01,4.994311506559130862e+02,3.832306378123432999e+00
3.419999999999949303e+00,-1.696717855679439557e+00,-4.617041854333425177e-01,1.931542251147278648e+02,1.017015231891653571e+01
3.424999999999949196e+00,-1.696814552090434969e+00,6.411260818650470206e-02,5.203425335163043286e-01,1.807982604860214693e+01
3.429999999999949090e+00,-1.695947299273865116e+00,3.550453493805469929e-01,2.953365842125978133e+02,1.867883225060625563e+01
3.434999999999948983e+00,-1.694093712965019538e+00,4.807519424980311595e-01,-8.050379197138886056e+00,1.808304933381034729e+01
3.439999999999948876e+00,-1.691355322143045958e+00,6.433853078020872474e-01,1.295478394132436790e+02,1.838713613431594851e+01
3.444999999999948770e+00,-1.688120091017038638e+00,7.192598923267444766e-01,-1.282742189015270355e+02,1.752561925655440689e+01
3.449999999999948663e+00,-1.684180767762196940e+00,8.503886210054283357e-01,-1.629257820892086528e+01,1.751083402050904780e+01
3.454999999999948557e+00,-1.680184473917340160e+00,1.058501126145776405e+00,5.255212078678599710e+02,1.709369844220987744e+01
3.459999999999948450e+00,-1.675115403259922031e+00,1.335620384192364618e+00,6.954541232535683548e+02,1.652067273399252656e+01
3.464999999999948344e+00,-1.670482930509838315e+00,6.500851939138054814e-01,-3.177050241111809328e+02,1.561169972569416942e+01
3.469999999999948237e+00,-1.665206177412971389e+00,1.014639326489956028e+00,-3.051489494259747062e+02,1.631470110054011258e+01
3.474999999999948130e+00,-1.660264261103138628e+00,1.318010762970197369e+00,6.750636628062358113e+02,1.595652593704917521e+01
3.479999999999948024e+00,-1.654987600531738545e+00,1.602485965652801214e+00,7.247092137829725971e+02,1.505468779475277152e+01
3.484999999999947917e+00,-1.649181417997125587e+00,8.352634786006131185e-01,-4.475957700106007451e+02,1.417874586336648157e+01
3.489999999999947811e+00,-1.642343614366011950e+00,1.328741253297272662e+00,-3.661040735037292393e+02,1.474168239015531334e+01
3.494999999999947704e+00,-1.635731795028840363e+00,1.744723208612611209e+00,7.910039198057903604e+02,1.462359344246832116e+01
3.499999999999947597e+00,-1.629213660152328380e+00,9.851489453310058320e-01,-4.125348967389808763e+02,1.378462606204461771e+01
3.504999999999947491e+00,-1.621721839313059910e+00,1.387199107545821652e+00,-2.467484237546605073e+02,1.421823216897084841e+01
3.509999999999947384e+00,-1.614701382670769458e+00,1.889287552675110726e+00,9.251470807167534076e+02,1.396033038404806881e+01
3.514999999999947278e+00,-1.607482818248274548e+00,1.089500416282062734e+00,-5.232764691933314225e+02,1.309085199973866587e+01
3.519999999999947171e+00,-1.599544318299382262e+00,1.490375275394175469e+00,-2.866844642439288577e+02,1.320602288604830576e+01
3.524999999999947065e+00,-1.591820653000799002e+00,2.114786392091980272e+00,1.070569077555443300e+03,1.324992598146322997e+01
3.529999999999946958e+00,-1.583751476387688539e+00,1.238554331504312600e+00,-5.303374255393260910e+02,1.221998824737434575e+01
3.534999999999946851e+00,-1.575558578543501786e+00,1.665385190378606772e+00,-3.843623084523902662e+02,1.217352583970829905e+01
3.539999999999946745e+00,-1.566965460705548319e+00,2.379227888123378598e+00,1.250976831207600071e+03,1.239452939110815777e+01
3.544999999999946638e+00,-1.558805418661060926e+00,1.201000350624810364e+00,-5.113774453243285620e+02,1.108968656154536703e+01
3.549999999999946532e+00,-1.548872021412746047e+00,1.919485296241481675e+00,-5.503879568611389459e+02,1.128667720500897076e+01
3.554999999999946425e+00,-1.540658976292422100e+00,2.323814368258247054e+00,1.337716287670408519e+03,1.127696155183228477e+01
3.559999999999946318e+00,-1.532441319698629068e+00,1.111234221217132889e+00,-7.219830313197568330e+02,9.753267040031754931e+00
3.564999999999946212e+00,-1.522315121462650689e+00,1.880649420118473358e+00,-6.065285987866578807e+02,9.493361201657815940e+00
3.569999999999946105e+00,-1.513181531874810970e+00,2.510369778062614188e+00,1.386546258386378213e+03,8.967958256687655449e+00
3.574999999999945999e+00,-1.504659250627383482e+00,1.127889593562864112e+00,-7.081214663784379582e+02,7.813784175267597831e+00
3.579999999999945892e+00,-1.493958599385622366e+00,2.028855087700311532e+00,-7.232130694594982288e+02,7.701229580288272203e+00
3.584999999999945786e+00,-1.484066535077405602e+00,2.707243295556751583e+00,1.496374604338111112e+03,7.910236899626756468e+00
3.589999999999945679e+00,-1.475066907903024527e+00,1.203631762290185758e+00,-7.394077579028577247e+02,6.656780088527296080e+00
3.594999999999945572e+00,-1.463434086989248817e+00,2.242733339552434035e+00,-7.019057668440078714e+02,6.745416450388590057e+00
3.599999999999945466e+00,-1.453188311366890417e+00,2.792855244676751170e+00,1.528532226473564606e+03,6.370908034819613874e+00
3.604999999999945359e+00,-1.443000842168397524e+00,1.512690669422265710e+00,-6.848239371811316687e+02,5.147551446445814527e+00
3.609999999999945253e+00,-1.431355634140156763e+00,2.244156809338811787e+00,-5.952758218077109404e+02,4.190174324186067167e+00
3.614999999999945146e+00,-1.420695174462498489e+00,2.598155356439784125e+00,9.817978870624905312e+02,3.283240990352045863e+00
3.619999999999945040e+00,-1.410324028018412834e+00,2.011997252020070626e+00,3.055901124166306460e+01,1.666811823853882935e+00
3.624999999999944933e+00,-1.400594431246022342e+00,1.813254870664397833e+00,-3.184141313770309694e+02,3.136037391442099143e-01
3.629999999999944826e+00,-1.392496371696859914e+00,1.482817408866670350e+00,-3.639661344379624808e+01,-1.179645765357550946e+00
3.634999999999944720e+00,-1.385024347121501798e+00,1.931591415238813614e+00,8.630516744108382454e+01,-3.949043512683741763e+00
3.639999999999944613e+00,-1.378711288978062610e+00,8.034217990967241763e-01,-4.883639235303967325e+02,-5.932052078168768894e+00
3.644999999999944507e+00,-1.370651069907232067e+00,1.180489819244012084e+00,-7.085527804002075527e+02,-7.752427489694467155e+00
3.649999999999944400e+00,-1.363591030125701709e+00,3.191422899419315562e-01,-1.764737490820474250e+03,-9.113630019844473296e+00
3.654999999999944293e+00,-1.358111869137170524e+00,1.712199850455173644e+00,3.833329896567782384e+02,-9.116655681824717306e+00
3.659999999999944187e+00,-1.352401856665133018e+00,1.256843090336142943e+00,2.795826190001685063e+02,-9.553626073310489630e+00
3.664999999999944080e+00,-1.346847173428533884e+00,3.439590629598415217e-01,1.262300313225960764e+02,-8.815938932568988307e+00
3.669999999999943974e+00,-1.342481717485832560e+00,1.274365428714175685e+00,1.931418141631958747e+02,-9.576916779685223702e+00
3.674999999999943867e+00,-1.337368865726052514e+00,6.544381122307275644e-01,6.169605775780652124e+01,-9.465122363044134346e+00
3.679999999999943761e+00,-1.331340764955212475e+00,1.563199615056716452e+00,1.644611128116971486e+02,-1.020590280203708566e+01
3.684999999999943654e+00,-1.327536355840666760e+00,1.006255391021533052e+00,1.903057004043985785e+02,-1.039316156017082982e+01
3.689999999999943547e+00,-1.324402134039988743e+00,-5.251848292600607149e-01,8.712556093169801841e+01,-9.313775117498058975e+00
3.694999999999943441e+00,-1.324041492017902666e+00,3.990303898251971182e-01,1.149110789357424665e+02,-1.019428918461123246e+01
3.699999999999943334e+00,-1.319209253008422955e+00,1.362772208234741989e+00,2.281059874425192504e+02,-1.104445157226382257e+01
3.704999999999943228e+00,-1.321079464543911230e+00,-7.316501233652167313e-01,5.582779292603483867e+01,-1.027786636390572816e+01
3.709999999999943121e+00,-1.322797372829525919e+00,-1.078723805498622568e-01,7.521669859532994451e+01,-1.023346352886334643e+01
3.714999999999943014e+00,-1.321195288998576522e+00,6.240135415551573139e-01,1.851809367851747083e+02,-1.095302322416456242e+01
3.719999999999942908e+00,-1.317174061246972450e+00,4.074382571170681033e-01,-5.078483253649411608e+02,-1.157368159658641815e+01
3.724999999999942801e+00,-1.314830051131722577e+00,6.391374628423598381e-01,6.233709037393393970e+01,-1.103784435525529872e+01
3.729999999999942695e+00,-1.311419940554091612e+00,4.031026388266978899e-01,-2.320532540546903419e+02,-1.150107770755466419e+01
3.734999999999942588e+00,-1.309476587119019930e+00,4.395483049025249445e-01,-2.709952756238524074e+01,-1.095242307414306282e+01
3.739999999999942482e+00,-1.307218035096400222e+00,4.117133825650591827e-01,-4.975746530899624531e+01,-1.149868751593761296e+01
3.744999999999942375e+00,-1.305102275469759210e+00,3.762580246815318552e-01,-5.427336798171796062e+01,-1.101311046511721692e+01
3.749999999999942268e+00,-1.304881344832309331e+00,-1.858905080987669489e-01,-1.339698588658816618e+02,-1.135317497814946286e+01
3.754999999999942162e+00,-1.314190894112093888e+00,-5.026077122208730152e+00,-1.993727675830054523e+03,-9.396365615383578174e+00
3.759999999999942055e+00,-1.361975706048651924e+00,-1.163620300750320524e+01,-8.209968680375966414e+02,-5.468165402898683247e+00
3.764999999999941949e+00,-1.427108238517334371e+00,-1.354927580961134836e+01,-1.579930557444560293e+02,-2.869496911652593241e+00
3.769999999999941842e+00,-1.494725140457610513e+00,-1.332916013867343885e+01,1.662080278173038437e+02,-1.449987599736153321e+00
3.774999999999941735e+00,-1.560003102052617052e+00,-1.275060982027119216e+01,1.568195302324710667e+02,-1.017525473521539325e+00
3.779999999999941629e+00,-1.620190324228198087e+00,-1.152608274322321158e+01,2.587587835323625427e+02,-2.868693519329310604e-01
3.784999999999941522e+00,-1.674739711472544412e+00,-1.045623807259287474e+01,2.327732952233383230e+02,-1.351405432969432496e-01
3.789999999999941416e+00,-1.723193556445973273e+00,-9.210018365707185239e+00,2.284796709765997207e+02,2.415968352959305676e-01
3.794999999999941309e+00,-1.765255137330286273e+00,-7.912111101175646866e+00,2.704830587402149717e+02,3.474805865148615780e-01
3.799999999999941203e+00,-1.801057736716531688e+00,-6.669822523125891855e+00,2.638694167397492834e+02,3.568746367596928870e-01
3.804999999999941096e+00,-1.829591105503868942e+00,-5.138238815061171749e+00,2.472566383524904552e+02,7.136921003928495821e-01
3.809999999999940989e+00,-1.849057840556765697e+00,-3.186408284827443538e+00,3.045434689935371466e+02,1.184205047311885473e+00
3.814999999999940883e+00,-1.856884685699619508e+00,-6.947577235509229121e-01,3.725572119009707990e+02,1.736534643496596253e+00
3.819999999999940776e+00,-1.849172935418046393e+00,2.717898245516323641e+00,5.016056866598686952e+02,2.639020578578909593e+00
3.824999999999940670e+00,-1.820863228364673292e+00,7.165886007110605860e+00,5.887380863389213346e+02,3.931975842549115363e+00
3.829999999999940563e+00,-1.770269613716322521e+00,1.162009206791150895e+01,6.438569187618356864e+02,4.720842972665952431e+00
3.834999999999940457e+00,-1.704250150764870408e+00,1.391913979877160124e+01,2.848242456628850618e+02,3.144490081903611234e+00
3.839999999999940350e+00,-1.697093380496660586e+00,-1.469939014310783332e+00,1.785145682332268109e+02,9.760541905972806020e+00
3.844999999999940243e+00,-1.700611546519293915e+00,-3.692234637416244580e-01,2.365439895725839676e+02,2.000943901267117297e+01
3.849999999999940137e+00,-1.702297971933773635e+00,-5.798568910074591853e-02,4.052543535456997574e+02,1.883382307873177197e+01
3.854999999999940030e+00,-1.702418201736409342e+00,1.886316020285701833e-01,3.623131751848773661e+02,1.852971069663260550e+01
3.859999999999939924e+00,-1.701950813135403751e+00,3.307786528789589120e-01,3.484859826715479585e+02,1.840821618153977113e+01
3.864999999999939817e+00,-1.700604401898399010e+00,3.527488586291547823e-01,6.534710786548561146e+01,1.738457733595777555e+01
3.869999999999939710e+00,-1.698761532357579984e+00,5.490902663224278557e-01,2.818318844436731752e+02,1.785127050830093154e+01
3.874999999999939604e+00,-1.696413294855675158e+00,4.732708889483853154e-01,-4.420146293574298824e+01,1.684535349654744252e+01
3.879999999999939497e+00,-1.693577731099327188e+00,7.114599196018220884e-01,2.308625002069745733e+02,1.743714394500659992e+01
3.884999999999939391e+00,-1.690514481789353818e+00,5.185630179512303872e-01,-1.549413503827025238e+02,1.622894927050304403e+01
3.889999999999939284e+00,-1.686835147687715919e+00,7.343940970018479897e-01,1.789387715327737993e+01,1.697855076540915675e+01
3.894999999999939178e+00,-1.683150185311532931e+00,6.546133953618480383e-01,-2.062698244539714381e+02,1.583298228749007919e+01
3.899999999999939071e+00,-1.678810095022502891e+00,8.530731286795778523e-01,-1.324459650324307063e+02,1.625916135457705280e+01
3.904999999999938964e+00,-1.674721793023848271e+00,8.225896240318668617e-01,-2.182027701671472641e+02,1.532470350460899411e+01
3.909999999999938858e+00,-1.669843200264254923e+00,1.005831769819931054e+00,-1.343522225269502144e+02,1.545620356161938425e+01
3.914999999999938751e+00,-1.664907096217181470e+00,1.322159079830901085e+00,6.531509292830630784e+02,1.481823295522306161e+01
3.919999999999938645e+00,-1.659959076394532884e+00,7.419638067285274641e-01,-3.341323955819476055e+02,1.358351540628671295e+01
3.924999999999938538e+00,-1.654058038955807719e+00,1.148919149632356973e+00,-3.123577744766766955e+02,1.364121996580435692e+01
3.929999999999938431e+00,-1.648279991423542645e+00,1.513902047654752892e+00,7.073472117434598658e+02,1.335426194040983106e+01
3.934999999999938325e+00,-1.642722368705508362e+00,7.803652920395535153e-01,-4.502573908295365186e+02,1.383223747950654392e+01
3.939999999999938218e+00,-1.635745917395343030e+00,1.359247213204115790e+00,-3.877109174453344735e+02,1.366229606270492170e+01
3.944999999999938112e+00,-1.628581069719126750e+00,1.892225546153142313e+00,8.494043422302554518e+02,1.320956314004031462e+01
3.949999999999938005e+00,-1.621901521923188039e+00,1.039760488160048402e+00,-3.633682315096279467e+02,1.219401550491145159e+01
3.954999999999937899e+00,-1.614510361108547176e+00,1.455070042192491586e+00,-3.857805063970359924e+02,1.258154556273906621e+01
3.959999999999937792e+00,-1.607102253777089151e+00,2.020506246960422470e+00,1.037206301316181680e+03,1.267823832250697258e+01
3.964999999999937685e+00,-1.599691146772644901e+00,1.092546464832853781e+00,-5.129019277916526107e+02,1.181267252166190218e+01
3.969999999999937579e+00,-1.590702353092971366e+00,1.787015819221163149e+00,-4.411118452011318709e+02,1.157004906236987729e+01
3.974999999999937472e+00,-1.582571094525062172e+00,2.172968269864046675e+00,1.118159279341962929e+03,1.179011277158982907e+01
3.979999999999937366e+00,-1.574832104616553430e+00,1.110239767594633387e+00,-5.622673605044609531e+02,1.025020691340060530e+01
3.984999999999937259e+00,-1.565034309540090929e+00,1.928281896597899170e+00,-5.373556620337144523e+02,1.024459899633732363e+01
3.989999999999937152e+00,-1.556483418476529268e+00,2.288769418376872977e+00,1.192258275453264105e+03,9.457997773759046822e+00
3.994999999999937046e+00,-1.547861298287699361e+00,1.361324583449177617e+00,-4.893004511118603546e+02,8.580243787179700377e+00
3.999999999999936939e+00,-1.537438009870168987e+00,1.896934685215149630e+00,-5.812722240442369639e+02,8.307804518823079576e+00
4.004999999999936833e+00,-1.527684932878089930e+00,2.680385779287188353e+00,1.319818573148473661e+03,8.527746511042723299e+00
4.009999999999936726e+00,-1.518146241206212554e+00,1.375615315502070057e+00,-6.157630869571661378e+02,7.002021981014644680e+00
4.014999999999936620e+00,-1.506780266696158055e+00,2.259334712727368188e+00,-5.686772517377082750e+02,6.873654306550498028e+00
4.019999999999936513e+00,-1.496417033568229416e+00,2.632562576545106836e+00,1.129019770202565496e+03,6.097189555622968271e+00
4.024999999999936406e+00,-1.485778688236233380e+00,1.773228424997538299e+00,-4.623412758565980880e+02,4.566416647001575235e+00
4.029999999999936300e+00,-1.474460130852415896e+00,2.200925719788203061e+00,-4.015391313457006390e+02,3.282905373400066829e+00
4.034999999999936193e+00,-1.463776777111190919e+00,2.285934948193372396e+00,2.978130217590445454e+02,2.323508269091951295e+00
4.039999999999936087e+00,-1.453392810066650886e+00,2.155342043055331835e+00,2.310912353761491431e+02,8.285670990602977959e-01
4.044999999999935980e+00,-1.444041118196853768e+00,2.029084482783073629e+00,4.455512073895492904e+02,-1.151919191928887587e+00
4.049999999999935874e+00,-1.434907565917043604e+00,2.046325041818757740e+00,3.714586849165589655e+01,-4.326163556724669235e+00
4.054999999999935767e+00,-1.426899547601274243e+00,8.122660965443404546e-01,-1.273427672621890679e+03,-6.300902295849535761e+00
4.059999999999935660e+00,-1.419189652976424076e+00,1.981725721185701783e+00,2.866938199715121414e+02,-7.455635942118870929e+00
4.064999999999935554e+00,-1.413350686223918240e+00,1.570435324191267856e+00,9.477475604567715095e+01,-7.720048045974682971e+00
4.069999999999935447e+00,-1.408985786830004860e+00,9.718387323211393758e-01,1.390157433736154360e+02,-8.070335033276437642e+00
4.074999999999935341e+00,-1.403223177824155510e+00,6.137184843450230742e-01,2.413876953323886028e+02,-8.038594793116326187e+00
4.079999999999935234e+00,-1.397956503978827980e+00,-1.161272557970583208e-01,-1.971887984576298095e+03,-9.363978583598527194e+00
4.084999999999935127e+00,-1.393665561840392586e+00,1.531413243832520310e+00,3.618892261504929024e+02,-9.035915119950084673e+00
4.089999999999935021e+00,-1.390174161234428718e+00,8.943468421694302783e-01,3.587384002641767893e+02,-9.220091923838509729e+00
4.094999999999934914e+00,-1.386128343237538640e+00,-7.605162368294729469e-02,2.807500846493401241e+02,-8.971895907950177218e+00
4.099999999999934808e+00,-1.382289198573968481e+00,1.314154104561362058e+00,2.766666869815936138e+02,-9.241027277215081881e+00
4.104999999999934701e+00,-1.381064143692771751e+00,3.034181327588776345e-01,2.590935464770976182e+02,-8.700457958103166689e+00
4.109999999999934595e+00,-1.377383623037600424e+00,-7.407887689507477447e-01,-2.327374549255966940e+03,-1.015656506130513925e+01
4.114999999999934488e+00,-1.376252165548289108e+00,9.177676720635403740e-01,3.904492571302025681e+02,-1.007155655713311582e+01
4.119999999999934381e+00,-1.373502512801403785e+00,3.524965799846201397e-01,3.353849006179194134e+02,-1.004933704673467609e+01
4.124999999999934275e+00,-1.372752474878621287e+00,-9.244733786390251229e-01,2.183609205042627366e+02,-8.937422876638160929e+00
4.129999999999934168e+00,-1.373250312266897977e+00,4.919817705562595789e-01,3.387233429894817505e+02,-9.965019304093623020e+00
4.134999999999934062e+00,-1.371233306667143159e+00,2.842221149961997040e-01,2.690345936008867511e+02,-1.018001828309467882e+01
4.139999999999933955e+00,-1.371427816800419697e+00,-1.212027238601270041e+00,1.567590946222323680e+02,-8.951491106187605240e+00
4.144999999999933848e+00,-1.373051551847127572e+00,2.709350967297400326e-01,3.378639912056179355e+02,-1.021192071157230252e+01
4.149999999999933742e+00,-1.391662348093364754e+00,-7.367218658560641842e+00,-1.525213604432277862e+03,-7.516424187015682712e+00
4.154999999999933635e+00,-1.442290371128630122e+00,-1.136565974411300139e+01,-4.268259662751267456e+02,-3.832276791882347489e+00
4.159999999999933529e+00,-1.504107480000435038e+00,-1.270673571898334409e+01,-1.069296804536729582e+02,-2.275203616508722604e+00
4.164999999999933422e+00,-1.566495457438751293e+00,-1.219603879903856303e+01,2.066153522005890011e+02,-9.721859103995988960e-01
4.169999999999933316e+00,-1.625794460221142046e+00,-1.155100204489408533e+01,1.597339072238345921e+02,-6.733856461128215898e-01
4.174999999999933209e+00,-1.680334075247383652e+00,-1.046065323717932394e+01,2.315117936697284904e+02,-1.295158141769841009e-01
4.179999999999933102e+00,-1.729082465535542124e+00,-9.246229083415126837e+00,2.984429119254162401e+02,1.387958466135792435e-01
4.184999999999932996e+00,-1.772838303288945649e+00,-8.373174453390721084e+00,1.805559182524526136e+02,2.699077474504640861e-02
4.189999999999932889e+00,-1.811587450473524985e+00,-7.338928646103460629e+00,1.918159171893860844e+02,2.831015013822129056e-01
4.194999999999932783e+00,-1.844641279513728360e+00,-6.180514075407157470e+00,1.936566697851775700e+02,4.928835358734424688e-01
4.199999999999932676e+00,-1.871504320437256119e+00,-4.892579121532941500e+00,2.559073135780462849e+02,6.337279256548895567e-01
4.204999999999932569e+00,-1.892826502701436819e+00,-3.881003486979487160e+00,1.727671839559002933e+02,3.854135488993968295e-01
4.209999999999932463e+00,-1.908790947030176266e+00,-2.792863651688906046e+00,1.798097004460421999e+02,5.143778977909729822e-01
4.214999999999932356e+00,-1.918730830388318598e+00,-1.542905698937490744e+00,1.863773928256322847e+02,7.692696481380931761e-01
4.219999999999932250e+00,-1.922008803883116235e+00,-1.884865859956476597e-01,2.238955190755166313e+02,9.177318949132793335e-01
4.224999999999932143e+00,-1.918575482096166906e+00,1.156958674701807688e+00,2.204747125401034964e+02,8.781926892177294164e-01
4.229999999999932037e+00,-1.905412573785563835e+00,3.391088295742836767e+00,3.169622387606412417e+02,1.708658708202553056e+00
4.234999999999931930e+00,-1.877757950857539715e+00,6.624636681348252232e+00,4.443726745110839147e+02,2.591581384163169410e+00
4.239999999999931823e+00,-1.833292769274825096e+00,1.003420407822514449e+01,4.767870605167219651e+02,3.177276947075088565e+00
4.244999999999931717e+00,-1.773917474723509802e+00,1.273933387300735198e+01,3.292309215011615606e+02,3.158203402021259265e+00
4.249999999999931610e+00,-1.705635404536668620e+00,1.397560100083565970e+01,6.123909864560432226e+01,2.120434946312246716e+00
4.254999999999931504e+00,-1.635704422339797848e+00,1.378688410824364041e+01,-1.688494907249471453e+02,7.114686471899061004e-01
4.259999999999931397e+00,-1.627875370450148962e+00,-1.469667800590230167e+00,-1.204213353132312569e+01,8.080256388280306012e+00
4.264999999999931291e+00,-1.633981365065947156e+00,-1.091175042238221815e+00,4.626153737798225052e+01,1.722241392045166819e+01
4.269999999999931184e+00,-1.638690626016020557e+00,-7.021111857835515835e-01,3.931777013393019047e+02,1.733050299673407224e+01
4.274999999999931077e+00,-1.641968582020687517e+00,-6.462011163573651018e-01,-9.492798213732329771e+01,1.685284713616345442e+01
4.279999999999930971e+00,-1.644551553813774492e+00,-3.150037744757267499e-01,3.961925911357182031e+02,1.709841150033178536e+01
4.284999999999930864e+00,-1.646318745084960122e+00,-3.979809873773796913e-01,-2.889312967361551614e+02,1.648732297297163285e+01
4.289999999999930758e+00,-1.647226649330882031e+00,-4.108891680405200864e-02,2.830788895019047686e+02,1.687077853699091889e+01
4.294999999999930651e+00,-1.647834515027732927e+00,-1.915177077979472176e-01,-3.130228233311387953e+02,1.607190431192633184e+01
4.299999999999930544e+00,-1.647543936824392041e+00,1.693081796339547251e-01,2.397641052226443605e+02,1.642545864224933538e+01
4.304999999999930438e+00,-1.647213257897985672e+00,-3.939797007413402274e-02,-3.229884351506830740e+02,1.563319343996496258e+01
4.309999999999930331e+00,-1.646058884695241531e+00,2.974190748583849797e-01,2.000032100557833985e+02,1.589214461235571285e+01
4.314999999999930225e+00,-1.645047564719881228e+00,8.727213589771735947e-02,-3.311372559629244279e+02,1.488882167914980847e+01
4.319999999999930118e+00,-1.643196648074743083e+00,3.838303746144201556e-01,1.159804677948208109e+02,1.527343905040466154e+01
4.324999999999930012e+00,-1.641581067457728027e+00,2.377171328798041994e-01,-3.405760729577490906e+02,1.449148847897369485e+01
4.329999999999929905e+00,-1.639122504265420499e+00,4.524564415019547425e-01,-2.351811007275125931e+01,1.472204812288741493e+01
4.334999999999929798e+00,-1.636812152054273550e+00,4.277425479104845496e-01,-3.436998698107500445e+02,1.413522713873403980e+01
4.339999999999929692e+00,-1.634338426856560167e+00,6.676785825311020162e-01,4.685056068475763027e+02,1.441469238871038705e+01
4.344999999999929585e+00,-1.631446254227453263e+00,6.048376762072334989e-01,6.607208566535736338e+01,1.380801438651166357e+01
4.349999999999929479e+00,-1.628541245362238099e+00,9.373069320070388510e-01,5.687980561915668432e+02,1.391853785537094623e+01
4.354999999999929372e+00,-1.625619845502421557e+00,3.018794912245664763e-01,-3.713610678736569071e+02,1.297995258146601394e+01
4.359999999999929265e+00,-1.621820236760799450e+00,6.992264500418386985e-01,-3.378581855688701694e+02,1.377634128622440812e+01
4.364999999999929159e+00,-1.618254848675831692e+00,9.980693322910674237e-01,5.833463518908282595e+02,1.359589401622356952e+01
4.369999999999929052e+00,-1.614800487830052367e+00,4.039633924082361438e-01,-3.944897872239788512e+02,1.298115421986902263e+01
4.374999999999928946e+00,-1.610345558310143810e+00,8.423340050655393485e-01,-3.607138327828359365e+02,1.302040867814131886e+01
4.379999999999928839e+00,-1.606059778842324093e+00,1.274059108050872968e+00,8.175617314685329120e+02,1.362316859401456171e+01
4.384999999999928733e+00,-1.601846070491890872e+00,5.115647859580800816e-01,-4.382435674187113932e+02,1.205143876236186173e+01
4.389999999999928626e+00,-1.596485965261051021e+00,1.020488206633906270e+00,-4.250969295685808333e+02,1.322111781755800308e+01
4.394999999999928519e+00,-1.590547948558111324e+00,1.280990556262235236e+00,-3.887953058181647066e+02,1.203601477773887396e+01
4.399999999999928413e+00,-1.584061281815216660e+00,1.768569479424273228e+00,9.230758198488114203e+02,1.246710443437020643e+01
4.404999999999928306e+00,-1.577632506587524741e+00,9.239424397361584163e-01,-4.721279515909825477e+02,1.092929497501542180e+01
4.409999999999928200e+00,-1.569790947215268018e+00,1.527413111296324955e+00,-4.535650809922026951e+02,1.152652984010095949e+01
4.414999999999928093e+00,-1.561952151826064839e+00,2.034944247335805478e+00,9.414583697129023676e+02,1.096226223742557693e+01
4.419999999999927986e+00,-1.554429326640350384e+00,1.087895009589596063e+00,-5.392102101253464070e+02,1.005508065955411467e+01
4.424999999999927880e+00,-1.545530460117266580e+00,1.757784414641558435e+00,-4.654545360917695689e+02,9.594436986480490148e+00
4.429999999999927773e+00,-1.536972592612071198e+00,2.238485331152394231e+00,1.048014844709139197e+03,9.368709554571582387e+00
4.434999999999927667e+00,-1.528774727411215784e+00,1.224969987378572434e+00,-5.181663501118899831e+02,8.020058870491565628e+00
4.439999999999927560e+00,-1.518697200766114808e+00,1.985342134935766945e+00,-4.720344814175601300e+02,8.115152157746221562e+00
4.444999999999927454e+00,-1.509614497722056026e+00,2.389354464352487106e+00,1.082668299427725742e+03,7.475449225503468575e+00
4.449999999999927347e+00,-1.500021231856508708e+00,1.567240275985956721e+00,-4.799997228225917638e+02,6.232919024936211194e+00
4.454999999999927240e+00,-1.489719430355715746e+00,2.047990170072635951e+00,-3.913031971368493487e+02,4.910390904823350056e+00
4.459999999999927134e+00,-1.479933260281862450e+00,2.326729420795168757e+00,7.406475231983068852e+02,4.162622744224387716e+00
4.464999999999927027e+00,-1.470130668005818819e+00,1.928419082777225402e+00,7.023036157968026316e+01,2.670329060371818830e+00
4.469999999999926921e+00,-1.460713331280959926e+00,1.812680953637874959e+00,-2.085480602644131523e+02,9.765719235906822338e-01
4.474999999999926814e+00,-1.452273811591426655e+00,1.727372054739770624e+00,-9.925855460292567045e+01,-1.673570284258369956e+00
4.479999999999926708e+00,-1.444003987108879228e+00,1.775820344012666752e+00,6.278993456224314684e+01,-4.311805904521023081e+00
4.484999999999926601e+00,-1.435956908419750544e+00,1.770001758843485984e+00,7.365815445876989997e+01,-6.049892057000956669e+00
4.489999999999926494e+00,-1.429067555241956056e+00,1.379071047482795631e+00,-3.438411688024148702e+02,-7.153346624668469822e+00
4.494999999999926388e+00,-1.422210712111368736e+00,1.201859005436087147e+00,-2.759873819382828515e+02,-7.804643609869262200e+00
4.499999999999926281e+00,-1.415217550432042115e+00,1.522899037297472224e+00,1.433081959912404102e+02,-8.180890105449671879e+00
4.504999999999926175e+00,-1.409633550258486245e+00,7.472088960537265345e-01,-8.520530201848054048e+02,-8.725477366259731582e+00
4.509999999999926068e+00,-1.405357222628938585e+00,4.756233466501797458e-01,1.199060253589166507e+02,-8.606597694656903386e+00
4.514999999999925961e+00,-1.402457541349748871e+00,-5.146993523532183978e-02,2.514631178678696415e+02,-8.449140797833024408e+00
4.519999999999925855e+00,-1.399687029181459819e+00,-5.008123198527624220e-01,-1.918185912116243571e+03,-9.676938401676798307e+00
4.524999999999925748e+00,-1.396787719502650127e+00,1.271838604728095179e+00,2.568404645041829326e+02,-9.874055362487109022e+00
4.529999999999925642e+00,-1.395379613203216351e+00,9.030206557537988621e-01,3.339956558662719885e+02,-9.435809992263900270e+00
4.534999999999925535e+00,-1.395376859629790189e+00,2.445544621720719125e-01,4.208959942077271990e+02,-9.443954279307609667e+00
4.539999999999925429e+00,-1.395947233323584502e+00,-3.489302235988320788e-01,4.072685626990603964e+02,-9.610129381891111322e+00
4.544999999999925322e+00,-1.394942485304971225e+00,-1.186811000202058208e+00,-2.318789547223997033e+03,-1.039330538994248165e+01
4.549999999999925215e+00,-1.395793444314455956e+00,4.927732731102335562e-01,3.125949239107333710e+02,-9.659968425226065136e+00
4.554999999999925109e+00,-1.398030640564209337e+00,-4.476446727257823999e-01,2.307523903814522725e+02,-8.549143872644629383e+00
4.559999999999925002e+00,-1.397837690800697974e+00,4.320148994501351591e-01,2.337839772481966065e+02,-8.766385590255163507e+00
4.564999999999924896e+00,-1.396857937865237043e+00,9.468954445912249052e-02,7.023500867887898380e+01,-7.746850262122410236e+00
4.569999999999924789e+00,-1.395370816917463674e+00,2.258028463691384435e-01,-1.170595927124057312e+02,-7.800201265741864454e+00
4.574999999999924682e+00,-1.394011817729769787e+00,2.887727149626990730e-01,-5.724724063465795609e+01,-8.050853205351025110e+00
4.579999999999924576e+00,-1.393408152357499707e+00,1.508733159439133442e-01,4.912211439895830978e+01,-8.387697673936976628e+00
4.584999999999924469e+00,-1.392700712201490276e+00,-5.257611084086323272e-01,-9.211046711008947341e+02,-9.154714667348283541e+00
4.589999999999924363e+00,-1.395074023246475337e+00,-4.203719017306219996e-01,-1.166436992120134693e-02,-8.908064963364253686e+00
4.594999999999924256e+00,-1.397007996923047335e+00,-3.896102443398847259e-01,-7.820758895930673305e+00,-8.394395670237535967e+00
4.599999999999924150e+00,-1.399197710999871225e+00,-5.047308825437849533e-01,-5.455958476094316723e+01,-8.738460707289821272e+00
4.604999999999924043e+00,-1.402245313238920321e+00,-6.916406864740428651e-01,6.101241399046072544e+00,-8.916643834562689719e+00
4.609999999999923936e+00,-1.406582997575469784e+00,-9.604889976740524915e-01,-2.204291889468535715e+01,-8.957160154700504862e+00
4.614999999999923830e+00,-1.412540983203650402e+00,-1.326052260334184441e+00,-4.489334536843470858e+01,-8.155056232013418338e+00
4.619999999999923723e+00,-1.420805389478418279e+00,-1.846991929816492073e+00,-9.982496853005307003e+01,-8.064791106424667788e+00
4.624999999999923617e+00,-1.431814994963805043e+00,-2.416529475338143662e+00,-9.745727510396639559e+01,-7.990230626451531037e+00
4.629999999999923510e+00,-1.445539129112647148e+00,-2.927699589283334625e+00,-8.002348434228042606e+01,-8.035037269868325893e+00
4.634999999999923403e+00,-1.461622714115508703e+00,-3.371046024363564708e+00,-6.350813345282137590e+01,-6.894927178902304554e+00
4.639999999999923297e+00,-1.479744611307094670e+00,-3.762906720253562654e+00,-1.071064282092129361e+02,-6.778177823902540311e+00
4.644999999999923190e+00,-1.499615713052609767e+00,-4.030687656871879021e+00,-6.958961465955444403e+00,-6.513004590978943575e+00
4.649999999999923084e+00,-1.520431536235975267e+00,-4.152714969841041714e+00,6.055951533084238392e+00,-6.262361095295728930e+00
4.654999999999922977e+00,-1.541516220652976887e+00,-4.165818898363866651e+00,1.506351219033603073e+01,-5.234373527602050657e+00
4.659999999999922871e+00,-1.562375349516534007e+00,-4.048605511981140381e+00,8.159723186853392463e+01,-5.138214665575853601e+00
4.664999999999922764e+00,-1.582306936685245802e+00,-3.842016746142776995e+00,1.014322667987789686e+02,-5.072215314529143093e+00
4.669999999999922657e+00,-1.600950226677982480e+00,-3.618370895979669655e+00,1.775062896156643717e+02,-4.232463979889326211e+00
4.674999999999922551e+00,-1.617834059707275784e+00,-3.188431869023692133e+00,1.314233663255997158e+02,-4.448725366933556025e+00
4.679999999999922444e+00,-1.633115628020834986e+00,-2.838612769803368074e+00,8.107379308174795085e+01,-4.493235422919227950e+00
4.684999999999922338e+00,-1.646515736017617915e+00,-2.500598299802102797e+00,1.020944981762843611e+02,-3.916602634753757251e+00
4.689999999999922231e+00,-1.658023582903876969e+00,-2.256506187642719929e+00,-2.831200249983864126e+01,-4.063343642278155698e+00
4.694999999999922125e+00,-1.667728621359007235e+00,-1.780421323367782582e+00,6.786573746861553502e+01,-4.245363940838529970e+00
4.699999999999922018e+00,-1.675868167166310929e+00,-1.457004389928450161e+00,5.688678305698995530e+01,-3.743508133524907855e+00
4.704999999999921911e+00,-1.682489302479490023e+00,-1.217297342466703958e+00,1.738463760277660413e+02,-3.706012254824939678e+00
4.709999999999921805e+00,-1.688053229855275728e+00,-1.046459231357346198e+00,3.267803587269318655e+01,-3.045282361307754648e+00
4.714999999999921698e+00,-1.693064959753576737e+00,-9.568557066601172112e-01,-8.776298478750462095e+00,-2.169687102134916667e+00
4.719999999999921592e+00,-1.697750227237063925e+00,-8.988769331027990361e-01,3.459711673658429021e+01,-1.976951245763592713e+00
4.724999999999921485e+00,-1.701847807420823422e+00,-8.301218098998469630e-01,-4.946477896197285418e+01,-1.219639175098985895e+00
4.729999999999921378e+00,-1.705544800984250209e+00,-6.450351678865725580e-01,1.077301809447696144e+02,-1.007236959306258894e+00
4.734999999999921272e+00,-1.708885301488822117e+00,-6.337641637027269237e-01,5.681682154644124694e+01,-5.297758800778924471e-01
4.739999999999921165e+00,-1.711304538442311340e+00,-4.269737825426799249e-01,3.123751277119751535e+00,2.595311299865944443e-01
4.744999999999921059e+00,-1.712635947427185945e+00,-1.864169629143205276e-01,2.438557438448562564e+01,7.454284161662574348e-01
4.749999999999920952e+00,-1.712074999680304854e+00,2.755884461198185864e-01,7.846750101442195557e+01,2.573620270974874558e+00
4.754999999999920846e+00,-1.708849935413512267e+00,9.082700233658239641e-01,1.550038256780171935e+02,4.589846105571696810e+00
4.759999999999920739e+00,-1.703529299137862330e+00,1.134174524548695828e+00,1.338593248652680643e+02,7.816649309536356505e+00
4.764999999999920632e+00,-1.698051693278087804e+00,1.046041534141250562e+00,-1.834498250586156871e+02,1.049461558352705914e+01
4.769999999999920526e+00,-1.692356867943375365e+00,1.111677857302431960e+00,-1.504320632950558689e+01,1.341283256515754729e+01
4.774999999999920419e+00,-1.686504216205920281e+00,1.134735068333455832e+00,-2.160350318700610615e+02,1.627255578629006649e+01
4.779999999999920313e+00,-1.680745631505960569e+00,1.137620618317549903e+00,-2.839758353155085047e+02,1.723402123173874401e+01
4.784999999999920206e+00,-1.674435635719484505e+00,1.254620918333170243e+00,-3.230847847032480900e+02,1.771399574816256006e+01
4.789999999999920099e+00,-1.667782967638331337e+00,1.394912678576508247e+00,-3.432660296371205959e+02,1.680424552757863310e+01
4.794999999999919993e+00,-1.661496430686245418e+00,1.402420556581061017e+00,3.833533137851713377e+02,1.667923499189826941e+01
4.799999999999919886e+00,-1.655061068020991177e+00,1.562850105597212602e+00,7.217460466957967355e+02,1.622149788401147319e+01
4.804999999999919780e+00,-1.648227787375001530e+00,1.650222572808125898e+00,7.301523946815003683e+02,1.572170292138257430e+01
4.809999999999919673e+00,-1.642131129453719307e+00,1.648709039822003009e+00,7.237438841431346646e+02,1.586682186776797998e+01
4.814999999999919567e+00,-1.635926500688954510e+00,1.828731952081263268e+00,9.138299842248875393e+02,1.537787626387251372e+01
4.819999999999919460e+00,-1.630182644613777709e+00,6.727614535349413227e-01,-5.576708933414225839e+02,1.508216939007076540e+01
4.824999999999919353e+00,-1.624035547588853490e+00,1.070770926665236988e+00,-5.751206949700601854e+02,1.602088777436136269e+01
4.829999999999919247e+00,-1.617892692832114676e+00,1.319349867595474013e+00,-5.678907845792633680e+02,1.532962451086544853e+01
4.834999999999919140e+00,-1.611601018262706519e+00,1.762330538520472833e+00,1.085313580969027271e+03,1.534169182961829669e+01
4.839999999999919034e+00,-1.606337969569655577e+00,5.043483979546147244e-01,-6.534786467828098466e+02,1.436147305507548388e+01
4.844999999999918927e+00,-1.600045852951638814e+00,1.121693927568934157e+00,-6.246534665902304369e+02,1.500368070364898188e+01
4.849999999999918820e+00,-1.594425215129580575e+00,1.724661988622877562e+00,1.248204775397836784e+03,1.514482807737539893e+01
4.854999999999918714e+00,-1.589480987560398573e+00,4.164455153653480179e-01,-7.101443772920526953e+02,1.404289077878425829e+01
4.859999999999918607e+00,-1.582899310399098480e+00,1.210686853978354183e+00,-6.673894583885630709e+02,1.451236401013181698e+01
4.864999999999918501e+00,-1.576645628875730454e+00,1.896637125589978101e+00,1.326493215522734317e+03,1.462608551378089317e+01
4.869999999999918394e+00,-1.571127425842326897e+00,5.017156000122378057e-01,-7.420426557791913638e+02,1.367163723109334228e+01
4.874999999999918288e+00,-1.563875974409641989e+00,1.353088506547588388e+00,-6.694427986093298841e+02,1.399700031468566586e+01
4.879999999999918181e+00,-1.558169225684135295e+00,1.845355162827497342e+00,1.365689571814800274e+03,1.432718296335216301e+01
4.884999999999918074e+00,-1.552652732877021657e+00,5.034475578272141760e-01,-7.976058952643439852e+02,1.332631032907312552e+01
4.889999999999917968e+00,-1.546796137552301831e+00,1.521068333338184919e+00,1.410398042493275852e+03,1.447787250857953012e+01
4.894999999999917861e+00,-1.542919259154890810e+00,2.383496161386585432e-01,-8.448490101679973350e+02,1.331277738253737297e+01
4.899999999999917755e+00,-1.536210113551194967e+00,1.022269567637468679e+00,-3.727060201944556184e+02,1.405070004472529810e+01
4.904999999999917648e+00,-1.529643483126825299e+00,2.421311108235649101e+00,1.923169074781695372e+03,1.413899300295940620e+01
4.909999999999917542e+00,-1.523997452003413855e+00,1.195280272246469044e+00,-7.457043514165202396e+02,1.209841121553036203e+01
4.914999999999917435e+00,-1.519005364737494146e+00,5.975756064989866390e-02,-6.380876032954145103e+02,1.318807140725148663e+01
4.919999999999917328e+00,-1.511445688703144441e+00,1.694133963295162193e+00,-8.552074875272776353e+02,1.320954239572553846e+01
4.924999999999917222e+00,-1.506410423381655095e+00,5.321053348342571487e-01,-8.965219781062563698e+02,1.234084673682312072e+01
4.929999999999917115e+00,-1.497452052472113548e+00,2.646846222237386304e+00,2.376745543291778631e+03,1.330777501756655390e+01
4.934999999999917009e+00,-1.490620318317277704e+00,1.525335937426575805e+00,-8.225809569407882691e+02,1.048405548825907729e+01
4.939999999999916902e+00,-1.484467238952657864e+00,5.527280509953205051e-02,-9.470850464908286312e+02,1.118181165935108901e+01
4.944999999999916795e+00,-1.475734206086704914e+00,1.560189642431867973e+00,-7.076909671680955398e+02,1.102066992412872715e+01
4.949999999999916689e+00,-1.468062693032591071e+00,2.649785233572630627e+00,2.093195663565718405e+03,1.033777153061831555e+01
4.954999999999916582e+00,-1.461885776003281290e+00,2.807698207295245552e-01,-9.785206303205261520e+02,8.644913745009295880e+00
4.959999999999916476e+00,-1.451934984027413833e+00,1.968869982392070561e+00,-8.835761057087438530e+02,8.758845775875085948e+00
4.964999999999916369e+00,-1.444805428178671303e+00,2.488623138022960202e+00,1.856489643895719155e+03,8.696011187620594995e+00
4.969999999999916263e+00,-1.435789002960138783e+00,1.231797226421651015e+00,-9.030482621728116328e+02,7.107764788861627103e+00
4.974999999999916156e+00,-1.428124436977304068e+00,2.659168310487495024e+00,1.863219028904660945e+03,8.199849433375883123e+00
4.979999999999916049e+00,-1.420108977054991062e+00,7.735814360903761067e-01,-9.353717985819880596e+02,6.499107650532589098e+00
4.984999999999915943e+00,-1.409365804776986364e+00,1.942907956016788118e+00,-7.431367271186009020e+02,6.315071954719808645e+00
4.989999999999915836e+00,-1.399533845388486242e+00,2.869948619271164958e+00,1.729973928631121680e+03,6.042424817143391635e+00
4.994999999999915730e+00,-1.391070765757375982e+00,1.158856815359554870e+00,-3.998082565962116632e+02,4.535085630780498533e+00
4.999999999999915623e+00,-1.380219555287422573e+00,2.309989243191005404e+00,-6.113932422295708875e+02,3.472719385100858425e+00
5.004999999999915516e+00,-1.371654175643497675e+00,1.505650076724092568e+00,-6.607035777072433120e+02,2.671323311252431054e+00
5.009999999999915410e+00,-1.362169284332024999e+00,2.100044219148265334e+00,5.192039433957110077e+02,1.840277597093775697e+00
5.014999999999915303e+00,-1.353348915189745316e+00,1.520751985146569174e+00,-5.669969473188691609e+02,-4.526175989794856136e-02
5.019999999999915197e+00,-1.345668130300041732e+00,1.518919200952114190e+00,2.665539410240323903e+01,-1.517444481256863043e+00
5.024999999999915090e+00,-1.339505779943429564e+00,1.347211489591293221e+00,-1.585340604587361213e+02,-4.303268429252434579e+00
5.029999999999914984e+00,-1.335502339902575386e+00,-3.711857656954594548e-02,-8.094599947276590228e+02,-6.276055569222006802e+00
5.034999999999914877e+00,-1.333357056822835229e+00,4.741564923246887608e-01,4.230241517773605864e+01,-8.039915990132639578e+00
5.039999999999914770e+00,-1.331512707824950459e+00,4.695255686841319775e-01,5.403930653756491864e+01,-8.492853569674357672e+00
5.044999999999914664e+00,-1.329220232025151383e+00,4.828227638617773598e-01,1.645045365544491389e+01,-9.029807293297663406e+00
5.049999999999914557e+00,-1.326913746989801801e+00,4.887337966790107902e-01,8.339748677849502201e+01,-9.838855556566450389e+00
5.054999999999914451e+00,-1.324839638767820960e+00,3.608511490901689656e-01,-5.004040214720706814e+01,-1.037535376866913062e+01
5.059999999999914344e+00,-1.323507254000501288e+00,1.670692568627421826e-01,-7.369182969832539243e+01,-9.892290227289265658e+00
5.064999999999914237e+00,-1.323602198147453723e+00,-1.171347475306098035e-01,1.839117161716724524e+01,-1.013136568253497494e+01
5.069999999999914131e+00,-1.327771669994068260e+00,-2.795841925416988616e+00,-2.323483271826819873e+03,-1.023391329996063170e+01
5.074999999999914024e+00,-1.364281448836057509e+00,-9.466040033986795166e+00,-8.800183145057353613e+02,-5.332558523200370715e+00
5.079999999999913918e+00,-1.420661585154079143e+00,-1.203817789344079259e+01,-2.739817704262296161e+02,-3.085190062117256105e+00
5.084999999999913811e+00,-1.481709579672549904e+00,-1.214707641271222016e+01,5.270364938673233723e+01,-1.533248939717215542e+00
5.089999999999913705e+00,-1.541603488345345330e+00,-1.174577245952188065e+01,1.362926546466431432e+02,-1.058895896448258434e+00
5.094999999999913598e+00,-1.597647059088174615e+00,-1.077814318512943714e+01,2.535902523972604854e+02,-4.705250960683793338e-01
5.099999999999913491e+00,-1.649103438667166799e+00,-9.901544690826616701e+00,1.991350215250980682e+02,-3.547585316644896736e-01
5.104999999999913385e+00,-1.695155546014477377e+00,-8.745878248760154960e+00,2.261806771739705368e+02,7.246007775273888285e-02
5.109999999999913278e+00,-1.734679283205837308e+00,-7.400224319839279197e+00,2.338145744223358520e+02,4.560664419527347135e-01
5.114999999999913172e+00,-1.767578278526762414e+00,-6.106927621132126838e+00,2.136707517251103354e+02,5.066183576506739783e-01
5.119999999999913065e+00,-1.794341563321615096e+00,-4.906219491275986222e+00,2.020576412730848972e+02,4.980518255435697483e-01
5.124999999999912959e+00,-1.814239429613797139e+00,-3.469303610617685774e+00,2.262810810468845375e+02,8.811611555269376339e-01
5.129999999999912852e+00,-1.826510998989666179e+00,-1.901422204467108967e+00,2.500355340125420582e+02,1.138242870731361212e+00
5.134999999999912745e+00,-1.830276944908956649e+00,-1.484691833037834752e-01,2.641609245580870606e+02,1.332434526261280228e+00
5.139999999999912639e+00,-1.822458361272953464e+00,2.481171588863828603e+00,4.220652384549305225e+02,2.124308642151508497e+00
5.144999999999912532e+00,-1.799318070658233681e+00,5.738082332663173801e+00,4.439045890253736957e+02,2.707994151455978216e+00
5.149999999999912426e+00,-1.759178769256616537e+00,9.161307789176058591e+00,4.626289056718399024e+02,3.232866716332871704e+00
5.154999999999912319e+00,-1.704482600947132553e+00,1.177665908491467128e+01,3.234451008748412164e+02,2.950549687064752291e+00
5.159999999999912212e+00,-1.682357555496740265e+00,-7.681719334501317942e-01,1.030492311102151177e+02,9.498058351309724756e+00
5.164999999999912106e+00,-1.683389052943896402e+00,-4.492528761851101275e-03,1.819051578264435420e+02,1.817668229792460721e+01
5.169999999999911999e+00,-1.683329329389073870e+00,-6.203484528489703817e-03,-8.668210834300518286e+01,1.776158746729257132e+01
5.174999999999911893e+00,-1.682476261288016861e+00,3.141343044896059977e-01,2.141763648363797188e+02,1.848326033175479921e+01
5.179999999999911786e+00,-1.680791443425425191e+00,3.592277493860575599e-01,-4.171628559295130145e+01,1.732907383570034909e+01
5.184999999999911680e+00,-1.678537285081092012e+00,5.713373274440838312e-01,2.533604831260581420e+02,1.766174183914342422e+01
5.189999999999911573e+00,-1.675522779930971540e+00,6.134582379836956978e-01,-1.070199903642582626e+02,1.665495779732385273e+01
5.194999999999911466e+00,-1.672265365893222722e+00,6.798992972317635664e-01,1.079636555414057284e+02,1.671092376143798575e+01
5.199999999999911360e+00,-1.668590830677213033e+00,7.391171357158211608e-01,-2.412779550491665361e+02,1.619454455864078568e+01
5.204999999999911253e+00,-1.664752987397838169e+00,7.884055388371303819e-01,-3.011349202849218898e+01,1.614001265467616975e+01
5.209999999999911147e+00,-1.660746497224554918e+00,9.846747310956840415e-01,4.308837990977943946e+02,1.615978962474815361e+01
5.214999999999911040e+00,-1.655741497145694519e+00,1.200137454544222049e+00,4.608351347049701303e+02,1.551599834916392417e+01
5.219999999999910933e+00,-1.651096722829320740e+00,6.738516270188843471e-01,-3.222771643096632488e+02,1.501328231122506907e+01
5.224999999999910827e+00,-1.645870891244726186e+00,9.861481190181937695e-01,-2.917666220951784908e+02,1.537071582452814233e+01
5.229999999999910720e+00,-1.640904097119464389e+00,1.284028985003999646e+00,6.109074262917008582e+02,1.531340745256435731e+01
5.234999999999910614e+00,-1.636143071476620969e+00,6.601107601511059242e-01,-3.807578020803529739e+02,1.461406542869801584e+01
5.239999999999910507e+00,-1.630432140181728329e+00,1.090477922139270639e+00,-3.426353532102415329e+02,1.489077816322013881e+01
5.244999999999910401e+00,-1.624832048880745727e+00,1.494906690626231160e+00,7.383788800842401088e+02,1.474382854146937483e+01
5.249999999999910294e+00,-1.619202996518449567e+00,8.112278831383366029e-01,-4.128567097987183274e+02,1.348371895502832984e+01
5.254999999999910187e+00,-1.612557827047942816e+00,1.291853291768465750e+00,-3.508991245720174561e+02,1.367303287638063658e+01
5.259999999999910081e+00,-1.605987348969710515e+00,1.724685235222142010e+00,7.957970080948740588e+02,1.374552956038220231e+01
5.264999999999909974e+00,-1.599633423204907423e+00,9.458271359263527023e-01,-4.144226088992386394e+02,1.295760714976056960e+01
5.269999999999909868e+00,-1.592332695983811774e+00,1.369316837783085772e+00,-2.979804286257449917e+02,1.310633136940745658e+01
5.274999999999909761e+00,-1.585774786521585211e+00,1.793004032175772311e+00,9.598351009784530561e+02,1.285332229264670900e+01
5.279999999999909654e+00,-1.579565287486381475e+00,8.498730473312042788e-01,-4.940976467976729509e+02,1.163406770182361250e+01
5.284999999999909548e+00,-1.572113284395956878e+00,1.435685535489845455e+00,-4.505065062073227864e+02,1.137850121027693362e+01
5.289999999999909441e+00,-1.565577180247463396e+00,1.814383244917748605e+00,1.063036545792788502e+03,1.077418222674212522e+01
5.294999999999909335e+00,-1.559444669200108713e+00,8.246202587690901753e-01,-5.149014022426600832e+02,9.504075967515845491e+00
5.299999999999909228e+00,-1.551942142220480880e+00,1.415726461184070972e+00,-5.297817426845844011e+02,9.031199448360574422e+00
5.304999999999909122e+00,-1.545113256724461648e+00,1.887411195296049726e+00,1.060094204405254004e+03,8.792045627607434355e+00
5.309999999999909015e+00,-1.538795230474907516e+00,8.681954878850839386e-01,-4.835589326809204067e+02,7.792586033317780547e+00
5.314999999999908908e+00,-1.530890509094130048e+00,1.488890980461716085e+00,-5.330748844553352228e+02,7.609381950452375420e+00
5.319999999999908802e+00,-1.523707860161752858e+00,1.941714791219204539e+00,1.021077202563634501e+03,7.001189046691393081e+00
5.324999999999908695e+00,-1.516812571791725350e+00,1.016983963696048487e+00,-4.391077179176126606e+02,5.947000002983635625e+00
5.329999999999908589e+00,-1.508805593046153692e+00,1.558294428596315173e+00,-4.170915490008268875e+02,4.888170058480947766e+00
5.334999999999908482e+00,-1.501509761810205124e+00,1.777838547330679475e+00,6.475103917863494871e+02,3.843162997044180074e+00
5.339999999999908376e+00,-1.494327032152266810e+00,1.331564596918530796e+00,-7.619553141835829990e+01,2.252488031073228925e+00
5.344999999999908269e+00,-1.487208376384501207e+00,1.467919287228302450e+00,1.399099673053742663e+02,3.382066186531484941e-01
5.349999999999908162e+00,-1.481770807194370043e+00,1.336734804781206654e+00,7.093539495163301467e+01,-2.642806992487307660e+00
5.354999999999908056e+00,-1.477400567023804623e+00,6.376375302137039514e-01,-2.429892441015857685e+02,-5.487865753605867702e+00
5.359999999999907949e+00,-1.472356432570029350e+00,9.960149483392268799e-01,1.487892890792306275e+02,-6.528041331258719993e+00
5.364999999999907843e+00,-1.468824015311384734e+00,6.564101568207947324e-01,3.362170800364279444e+02,-7.427068014982111777e+00
5.369999999999907736e+00,-1.465261286659360396e+00,1.903762240303225883e-01,2.626711720093788927e+02,-8.008830797216724307e+00
5.374999999999907629e+00,-1.460562663913758108e+00,1.356698351443127004e+00,9.652997826193497133e+01,-8.697092563448785896e+00
5.379999999999907523e+00,-1.455616389024926294e+00,1.402473749656844904e+00,1.951619465981776784e+02,-9.006842507705922429e+00
5.384999999999907416e+00,-1.451889484691468057e+00,1.175669310951677815e+00,2.100911086868418636e+02,-8.923042943932170346e+00
5.389999999999907310e+00,-1.449616555034328735e+00,5.645639734677094790e-01,2.869125036699376778e+02,-8.287558089206987333e+00
5.394999999999907203e+00,-1.445145972548066426e+00,-2.017123654222201246e-01,-1.727027844704408835e+03,-9.374346513840347228e+00
5.399999999999907097e+00,-1.442744099199105845e+00,9.202192700795321922e-01,2.008247512213317520e+02,-8.809795217037436288e+00
5.404999999999906990e+00,-1.440422900969876352e+00,1.008614352772080475e-01,1.355311869606750577e+02,-8.752801577969005820e+00
5.409999999999906883e+00,-1.437276957202813010e+00,9.708674860441495191e-01,1.986493266111909861e+02,-8.934790362708721290e+00
5.414999999999906777e+00,-1.435773544147790792e+00,-2.224527989380249704e-01,7.772615087168232151e+01,-8.557206467092093760e+00
5.419999999999906670e+00,-1.435263540620511868e+00,3.131774046546667023e-01,1.034068582884888770e+02,-9.044839704983306916e+00
5.424999999999906564e+00,-1.432132080693073517e+00,8.600830666606369412e-01,1.538077435769690737e+02,-8.828947911414264382e+00
5.429999999999906457e+00,-1.427951168116107894e+00,4.247028318234071786e-01,-4.013701548705395794e+02,-9.311100992749663519e+00
5.434999999999906350e+00,-1.425141645577303384e+00,6.186876750811806103e-01,6.177770822527426375e+00,-8.890695827890850111e+00
5.439999999999906244e+00,-1.421539056744111074e+00,7.821773608050270887e-01,6.352698788866367607e+01,-8.499633390798566168e+00
5.444999999999906137e+00,-1.418459945169652014e+00,5.225571976673928365e-01,-4.557974215867056245e+01,-8.915660350351883423e+00
5.449999999999906031e+00,-1.417012627228652955e+00,8.563739937461788132e-02,-1.347223033481087668e+02,-8.348958352778822700e+00
5.454999999999905924e+00,-1.417968835707781317e+00,-3.888792499512806478e-01,-6.418826362661690155e+01,-7.599689480740246417e+00
5.459999999999905818e+00,-1.439210963441047264e+00,-6.161918185136914694e+00,-7.782796914358120830e+02,-5.439093881615615800e+00
5.464999999999905711e+00,-1.477330794180164331e+00,-8.283033929332420442e+00,-2.464433760869464720e+02,-3.038961794025588858e+00
5.469999999999905604e+00,-1.520446656322450352e+00,-8.711897419134171372e+00,-1.575483635761126422e+01,-1.710091441957180436e+00
5.474999999999905498e+00,-1.562979300746584643e+00,-8.316117398692661311e+00,1.069857045996930651e+02,-9.044471867053802683e-01
5.479999999999905391e+00,-1.601853075602105214e+00,-7.401684376227223083e+00,2.086002146742275727e+02,-3.303829734926555517e-01
5.484999999999905285e+00,-1.635365247654679610e+00,-6.234498636892094048e+00,2.622989776784569358e+02,-6.514903699826968264e-02
5.489999999999905178e+00,-1.660067276767792421e+00,-4.216225789990891926e+00,3.266504376020841960e+02,8.002920875600594286e-01
5.494999999999905071e+00,-1.672626767612153786e+00,-1.602048425875902460e+00,3.854161611742684954e+02,1.517537166278794203e+00
5.499999999999904965e+00,-1.669955207722604529e+00,1.633520548302076714e+00,4.524833974766430629e+02,2.007839946457517399e+00
5.504999999999904858e+00,-1.655262499546888755e+00,-6.493697356157016598e-01,-5.542334563593701205e+03,2.841710627383015719e+00
5.509999999999904752e+00,-1.652262192070114377e+00,6.314993411403759804e-01,-4.404731034809326502e+02,1.013136939550299864e+01
5.514999999999904645e+00,-1.647525883203632580e+00,8.453641227492448840e-01,-4.917985316876840898e+02,1.268052314100399869e+01
5.519999999999904539e+00,-1.641712483232620867e+00,1.390437169542007245e+00,-5.651588049528515967e+02,1.479691885975555721e+01
5.524999999999904432e+00,-1.634432892569954943e+00,2.147683079975251985e+00,1.309042891836028048e+03,1.570182988282148884e+01
5.529999999999904325e+00,-1.627096412466795927e+00,9.668304354466866757e-01,-6.846391266835565830e+02,1.447391763962580846e+01
5.534999999999904219e+00,-1.617778421176204073e+00,1.822637127543809132e+00,-6.019506316161550785e+02,1.447383754326846272e+01
5.539999999999904112e+00,-1.608211161943760237e+00,2.656350078605821619e+00,1.384574376577508247e+03,1.427780110436898831e+01
5.544999999999904006e+00,-1.600379720892025404e+00,1.335974178717979299e+00,-7.030786403552331194e+02,1.284647040915640659e+01
5.549999999999903899e+00,-1.590620098600853849e+00,2.370532902201982761e+00,1.540190918892015816e+03,1.389658121315390460e+01
5.554999999999903793e+00,-1.582076687139407634e+00,1.226965938905986819e+00,-7.340077317152351952e+02,1.234205889916775867e+01
5.559999999999903686e+00,-1.572334821468230448e+00,2.158972056904263859e+00,1.110466971734030267e+03,1.328852600699077691e+01
5.564999999999903579e+00,-1.564724733394477818e+00,1.022589526144900729e+00,-7.236843730197105060e+02,1.200624305673404102e+01
5.569999999999903473e+00,-1.553090997047716471e+00,2.405594186142168134e+00,-6.614359821154215524e+02,1.189008296978822621e+01
5.574999999999903366e+00,-1.544474233302450594e+00,1.258560512707187051e+00,-7.692779531758740177e+02,1.134841186544008274e+01
5.579999999999903260e+00,-1.533737255276495848e+00,2.770366099376835312e+00,1.899334690262411414e+03,1.233699462185868256e+01
5.584999999999903153e+00,-1.523043512806748323e+00,1.677405373326030791e+00,-7.851971360361062580e+02,1.024394729034150053e+01
5.589999999999903046e+00,-1.512613167536067005e+00,3.269245123440982947e+00,1.913580847917375650e+03,1.120470978681919405e+01
5.594999999999902940e+00,-1.502262691539238304e+00,2.151436358477107902e+00,-6.602759618101447359e+02,9.197672726852989200e+00
5.599999999999902833e+00,-1.492619373418672568e+00,8.678157801127454052e-01,-8.070566914227520101e+02,1.022591319963579437e+01
5.604999999999902727e+00,-1.479301377771324866e+00,2.923803406372379232e+00,-6.981228469888458221e+02,9.949254977798501542e+00
5.609999999999902620e+00,-1.468726949184135488e+00,1.602261491558766071e+00,-8.749992019531298411e+02,8.748460172897067011e+00
5.614999999999902514e+00,-1.459115499979342534e+00,3.082077450518817319e+00,2.091680563631575296e+03,9.901816867304670922e+00
5.619999999999902407e+00,-1.447608847318169856e+00,1.745639591416642933e+00,-8.792706157475333839e+02,7.720234551926202116e+00
5.624999999999902300e+00,-1.436516850861739192e+00,3.533498442257158700e+00,2.161333757363699533e+03,8.702814759373996623e+00
5.629999999999902194e+00,-1.425755138271911138e+00,2.100555086568332008e+00,-8.353487290595788863e+02,6.406803199038975549e+00
5.634999999999902087e+00,-1.414918674096822260e+00,1.799071387957826396e+00,8.211441162677380134e+01,7.020820968916145155e+00
5.639999999999901981e+00,-1.405431840367202811e+00,1.754031520658769994e+00,-9.479284743812308989e+02,6.399756861922348605e+00
5.644999999999901874e+00,-1.395408167067613725e+00,2.982471256429031659e+00,1.721416970467817464e+03,6.746365154065836478e+00
5.649999999999901767e+00,-1.384914185836632727e+00,1.524723505453636330e+00,-8.663423946057595231e+02,5.397709994411230561e+00
5.654999999999901661e+00,-1.371613482199999456e+00,2.275861710358448420e+00,-8.893052832115661204e+02,5.274552124344181081e+00
5.659999999999901554e+00,-1.359566375531066074e+00,3.550739919851868542e+00,2.051079085480093909e+03,5.483604581110143705e+00
5.664999999999901448e+00,-1.348276706187125917e+00,1.346673784633453330e+00,-1.022498609773654266e+03,4.008212135500779816e+00
5.669999999999901341e+00,-1.334567675838950196e+00,2.726504097823295947e+00,-7.819063473943272129e+02,3.607463020976545032e+00
5.674999999999901235e+00,-1.323149262865391806e+00,3.052429854017467026e+00,1.574365619797539239e+03,3.267721157455004466e+00
5.679999999999901128e+00,-1.312022627558663501e+00,1.732596815317856809e+00,-5.037460643246614609e+02,1.602960789588301793e+00
5.684999999999901021e+00,-1.300454175122731870e+00,2.582406085189298039e+00,6.108321809695499951e+02,6.161405356626348251e-01
5.689999999999900915e+00,-1.290127155490262023e+00,2.143267092329172119e+00,9.309941089204670561e+01,-8.503087072286936721e-01
5.694999999999900808e+00,-1.283533139632105025e+00,8.770328799702455935e-01,-2.223674926551457816e+02,-2.012199213351215654e+00
5.699999999999900702e+00,-1.281022929167849655e+00,5.607934545184931618e-01,-8.338428693241982614e+01,-4.089060773361896217e+00
5.704999999999900595e+00,-1.279633143552155738e+00,-3.306444050724167694e-01,-7.010270694063025303e+02,-6.196462395723997929e+00
5.709999999999900488e+00,-1.279596989882356706e+00,-2.904573591149633982e-02,-9.745718559360443578e+01,-7.339921067234920216e+00
5.714999999999900382e+00,-1.280423163228811223e+00,-1.576179958521518043e-01,-4.456984747739500818e+01,-8.042464940394962625e+00
5.719999999999900275e+00,-1.281969055695174164e+00,-3.730038686641843904e-01,-3.877255245850732734e+01,-8.680438299656607626e+00
5.724999999999900169e+00,-1.284619658046933788e+00,-6.094126445273819748e-01,-2.391435715774366244e+01,-8.893893895485817325e+00
5.729999999999900062e+00,-1.287353209409184407e+00,-5.179962126227849462e-01,5.388412351907798126e+01,-9.156221901264075314e+00
5.734999999999899956e+00,-1.289552528382768015e+00,-3.907455026477965609e-01,7.676620819614419133e+01,-9.479548508965663700e+00
5.739999999999899849e+00,-1.291291692567521077e+00,-3.047351242432025931e-01,6.904231800624577886e+01,-9.674524436655046244e+00
5.744999999999899742e+00,-1.312703507340097220e+00,-7.529661064648588642e+00,-1.271576502940621140e+03,-6.603184035315888600e+00
5.749999999999899636e+00,-1.363567882066951009e+00,-1.128326222185175709e+01,-4.077910137779317665e+02,-3.353674876821005846e+00
5.754999999999899529e+00,-1.422984394442393885e+00,-1.202066296740964724e+01,-2.233199051544810843e+01,-1.769897983539624242e+00
5.759999999999899423e+00,-1.483116273715211708e+00,-1.185170841569644828e+01,1.470202504414203588e+02,-1.127462948528008546e+00
5.764999999999899316e+00,-1.541187396244239283e+00,-1.134638267185320615e+01,1.450326483161539102e+02,-6.978939704626139218e-01
5.769999999999899210e+00,-1.594695950439023013e+00,-1.025904403824568156e+01,2.064801223083220236e+02,-1.409108350155428013e-01
5.774999999999899103e+00,-1.643488645820750937e+00,-9.362458956086086914e+00,2.428656685248727740e+02,-1.019939963910658776e-01
5.779999999999898996e+00,-1.687229827245114500e+00,-8.330847928028312310e+00,1.956475353644748907e+02,2.372107167420969276e-01
5.784999999999898890e+00,-1.726229552485349705e+00,-7.445933149106887861e+00,1.987221217631992261e+02,1.851208785383420263e-01
5.789999999999898783e+00,-1.761139095914649788e+00,-6.668181743828181851e+00,1.500699862520590955e+02,1.892787357287186722e-01
5.794999999999898677e+00,-1.791175797840942829e+00,-5.599529297841744580e+00,2.217869832960173255e+02,4.791714345098667671e-01
5.799999999999898570e+00,-1.816070149789663635e+00,-4.609537558541105362e+00,1.597207435371392705e+02,4.518493863806205546e-01
5.804999999999898463e+00,-1.835223932175661155e+00,-3.386004851397691695e+00,2.265136397711269751e+02,7.336658613236413107e-01
5.809999999999898357e+00,-1.848390942985295160e+00,-2.221983915918955610e+00,1.718996017725454521e+02,7.624704240276292122e-01
5.814999999999898250e+00,-1.855080068502220625e+00,-8.808451163824028152e-01,1.773844793027316484e+02,1.021018416928510364e+00
5.819999999999898144e+00,-1.855810659144073282e+00,2.631183074655942256e-01,2.118650400353790815e+02,8.700411551359843454e-01
5.824999999999898037e+00,-1.850219819644037145e+00,1.572673364853482303e+00,1.841348146219863224e+02,1.127594740504256787e+00
5.829999999999897931e+00,-1.835263749347450624e+00,3.697415739556377812e+00,2.631084171837967460e+02,1.673696133598012503e+00
5.834999999999897824e+00,-1.808044615303266989e+00,6.334767977395795668e+00,4.000391481255311419e+02,2.124797911644172199e+00
5.839999999999897717e+00,-1.767896424242709097e+00,8.843298333634820096e+00,3.135537879673576640e+02,2.411859166862110548e+00
5.844999999999897611e+00,-1.717751688571016677e+00,1.053082595848453096e+01,1.771652477568534891e+02,1.993808773301767978e+00
5.849999999999897504e+00,-1.660631709428126657e+00,1.176301469742310601e+01,8.120594093210929998e+01,1.783506093645469193e+00
5.854999999999897398e+00,-1.639031613083711925e+00,-8.622756623574094892e-01,3.197007379507279534e+00,8.369100585715358420e+00
5.859999999999897291e+00,-1.642130054627861657e+00,-4.897295014897423138e-01,-3.873863844838984249e+01,1.649215652053097259e+01
5.864999999999897184e+00,-1.643879623119168132e+00,-2.677444544830485107e-01,-6.810289138964634503e+00,1.736804632119465452e+01
5.869999999999897078e+00,-1.644633184874238152e+00,-9.660615323906142360e-02,-7.500275889487495817e+01,1.733184876627266391e+01
5.874999999999896971e+00,-1.644367584687181250e+00,8.771744194330734212e-02,-8.318400788933324463e+01,1.713676994117736285e+01
5.879999999999896865e+00,-1.643363057372257297e+00,2.498391548136152107e-01,-4.328676243713125160e+01,1.677687128118660453e+01
5.884999999999896758e+00,-1.642003521350609008e+00,3.166760351343874125e-01,-1.197051143052213575e+02,1.637314340165374560e+01
5.889999999999896652e+00,-1.639834367110702296e+00,4.571519607905649152e-01,-7.497324398228370512e+01,1.618963197558774425e+01
5.894999999999896545e+00,-1.637399185931590173e+00,5.026054670983703954e-01,-2.220261709937661863e+02,1.576281976331837775e+01
5.899999999999896438e+00,-1.634676692089338079e+00,5.717184852703351972e-01,5.458128827483488266e+01,1.566141573152714805e+01
5.904999999999896332e+00,-1.631702126229691352e+00,7.577901666003010739e-01,3.741489646054633340e+02,1.549734931404779381e+01
5.909999999999896225e+00,-1.628063355540435131e+00,8.734847414401162302e-01,3.596407359743414531e+02,1.506050277042020369e+01
5.914999999999896119e+00,-1.624649962732877650e+00,4.737084540695042922e-01,-2.781208525999512062e+02,1.470404479998426162e+01
5.919999999999896012e+00,-1.620648832518791105e+00,7.573554440484123740e-01,-2.389510273376288296e+02,1.507878137737747259e+01
5.924999999999895905e+00,-1.616825839419079536e+00,1.010399378450754337e+00,5.064549175858348917e+02,1.498935745573287903e+01
5.929999999999895799e+00,-1.612986609065554910e+00,5.454438213936274593e-01,-3.052529023927828007e+02,1.411047422950242769e+01
5.934999999999895692e+00,-1.608269030831200874e+00,9.203494357955337435e-01,-2.584322260019886244e+02,1.434743157212613340e+01
5.939999999999895586e+00,-1.603426103287289184e+00,1.268910552253422086e+00,5.843020948556606982e+02,1.408007883501939439e+01
5.944999999999895479e+00,-1.598639078310280626e+00,7.445635162400652263e-01,-2.829132222632822504e+02,1.306255678896324568e+01
5.949999999999895373e+00,-1.593328010209831502e+00,1.055890701080657745e+00,-2.263682968586456639e+02,1.273377371173483041e+01
5.954999999999895266e+00,-1.587983790029326547e+00,1.400241101955610690e+00,6.305571285475900822e+02,1.314917468659336386e+01
5.959999999999895159e+00,-1.582699590901233799e+00,8.099390624002855699e-01,-3.204602278368724342e+02,1.208288619706769396e+01
5.964999999999895053e+00,-1.576608369424082001e+00,1.194731365034359394e+00,-2.957965195465514512e+02,1.223196102772172189e+01
5.969999999999894946e+00,-1.570634113857748426e+00,1.562610622188386422e+00,7.190680186314925777e+02,1.193890268673030874e+01
5.974999999999894840e+00,-1.565099480471149551e+00,7.847457887897112405e-01,-3.776011627234785806e+02,1.081947235053966949e+01
5.979999999999894733e+00,-1.558708562677219245e+00,1.245970858427499328e+00,-3.576628853562671111e+02,1.046782657146357565e+01
5.984999999999894627e+00,-1.553084583320073042e+00,1.551577079519867342e+00,8.788894863320988406e+02,9.700645205877016508e+00
5.989999999999894520e+00,-1.547634762525460506e+00,7.608492654308365299e-01,-4.254748342808649113e+02,8.444506194985651248e+00
5.994999999999894413e+00,-1.541300289633826592e+00,1.197302598290250097e+00,-4.055017322979583128e+02,7.699532994585730705e+00
5.999999999999894307e+00,-1.535367378307228137e+00,1.595888475749366764e+00,8.103234110186358521e+02,7.234271530042041931e+00
6.004999999999894200e+00,-1.529856453020960849e+00,8.008625269416674852e-01,-3.294037382307751614e+02,5.904958655227635411e+00
6.009999999999894094e+00,-1.523426386697415591e+00,1.286212939604851613e+00,-2.997126872979788459e+02,4.710458751575274050e+00
6.014999999999893987e+00,-1.518023966214842702e+00,9.978667035188810708e-01,-1.505740172676310920e+02,2.871933478497600944e+00
6.019999999999893880e+00,-1.512608533600751093e+00,1.121212723178973025e+00,1.500023521900885726e+02,7.683965499284185485e-01
6.024999999999893774e+00,-1.508711902840506713e+00,1.027742152434453438e+00,4.588143508221325106e+01,-2.778132153536925664e+00
6.029999999999893667e+00,-1.504921033570048916e+00,6.729067942555293502e-01,3.635093613964631345e+02,-5.571868376801697664e+00
6.034999999999893561e+00,-1.500741996688169877e+00,7.995225396843981258e-01,3.918794607362604410e+01,-6.825224257975611053e+00
6.039999999999893454e+00,-1.497605027045423087e+00,9.472316584723842192e-01,3.274023899903496044e+02,-7.699435167068098274e+00
6.044999999999893348e+00,-1.493500341500141104e+00,1.100847017378219439e+00,2.194941169921681876e+02,-8.442048145403202142e+00
6.049999999999893241e+00,-1.490693121702539647e+00,1.024090807442555873e+00,1.500265307475452801e+02,-8.245605561793702520e+00
6.054999999999893134e+00,-1.486945257186891078e+00,1.187060151969288047e+00,2.302678967627663837e+02,-8.580165478403488422e+00
6.059999999999893028e+00,-1.484301372714908807e+00,9.853585828365498678e-01,1.697442290264587541e+02,-7.969240174375427088e+00
6.064999999999892921e+00,-1.479938595467811036e+00,1.226555530973001185e+00,2.455507634075247836e+02,-8.615712730376341000e+00
6.069999999999892815e+00,-1.477418054699788597e+00,9.738843766659692758e-01,2.290086117931615490e+02,-8.081825613280017251e+00
6.074999999999892708e+00,-1.475806363602072180e+00,4.171540721640499272e-01,1.992316080615203191e+02,-8.340328344951416284e+00
6.079999999999892601e+00,-1.473383123548672291e+00,-1.274080999921625712e-02,1.676792685169438357e+02,-7.935258349346755224e+00
6.084999999999892495e+00,-1.470341425065267327e+00,1.016912169326773308e+00,1.984311465251879838e+02,-8.920549450688001869e+00
6.089999999999892388e+00,-1.470531843200286737e+00,3.018252533644827929e-01,2.167689956204932002e+02,-8.138335979510681994e+00
6.094999999999892282e+00,-1.466855044934027408e+00,9.994925048887297603e-01,6.993656572152445960e+01,-9.062902238553141032e+00
6.099999999999892175e+00,-1.465587852103749311e+00,4.219514173245303423e-01,9.832692961725228997e+01,-8.311050940868847547e+00
6.104999999999892069e+00,-1.462105052696910601e+00,8.870919589134881322e-01,1.182379747623549235e+02,-8.605558334159331579e+00
6.109999999999891962e+00,-1.459505044080443348e+00,5.352534189249293917e-01,4.174152578585798778e+01,-8.739448161704544304e+00
6.114999999999891855e+00,-1.456331374890587060e+00,6.654786617195725951e-01,-1.059613464793300608e+01,-8.443564685100801270e+00
6.119999999999891749e+00,-1.452861831865079223e+00,7.108428141707511250e-01,5.416359398246537893e+01,-7.994852688914002137e+00
6.124999999999891642e+00,-1.450568120612490297e+00,3.074647484052325241e-01,-8.545092035347295223e+01,-8.414249069603096487e+00
6.129999999999891536e+00,-1.450602759032113553e+00,-2.307842862062242928e-01,-1.228684906234865366e+02,-7.790986217127672475e+00
6.134999999999891429e+00,-1.453658293492551712e+00,-9.029661421212552552e-01,-1.730743853010255577e+02,-7.064370238851777728e+00
6.139999999999891322e+00,-1.468720727371858548e+00,-4.701613648731584050e+00,-6.800473128573814847e+02,-4.822318230561736918e+00
6.144999999999891216e+00,-1.501556245669231959e+00,-7.421774684983774684e+00,-3.076942539863064212e+02,-3.526653588367759440e+00
6.149999999999891109e+00,-1.541266341015946839e+00,-8.102473694414864980e+00,-4.716784630081953367e+01,-2.003498517359460607e+00
6.154999999999891003e+00,-1.580927970117568471e+00,-7.753232378522882939e+00,1.005591017114341241e+02,-1.001643880237430562e+00
6.159999999999890896e+00,-1.617862413968865765e+00,-7.120491646089190496e+00,1.438407120823042078e+02,-5.642352758996125317e-01
6.164999999999890790e+00,-1.650702493083109346e+00,-6.214076974133023512e+00,1.754630491208451133e+02,-1.733542675230812513e-01
6.169999999999890683e+00,-1.677324203130209357e+00,-4.800548236888040776e+00,2.583925335056288759e+02,3.761408153991832037e-01
6.174999999999890576e+00,-1.694243763128655322e+00,-2.607563058881498641e+00,3.109522025873250755e+02,9.079513154385430163e-01
6.179999999999890470e+00,-1.694617567354711474e+00,1.260397216884957761e+00,5.725486930204234568e+02,2.517439586267012697e+00
6.184999999999890363e+00,-1.680843264384752400e+00,-8.128865204517173870e-01,-5.618816397820651218e+03,3.131217244104343322e+00
6.189999999999890257e+00,-1.678159474912800597e+00,6.720057914856490955e-01,-2.558096384831732095e+01,1.067024851672722363e+01
6.194999999999890150e+00,-1.674138144940257922e+00,7.295588881479404542e-01,-3.685178911164909437e+02,1.367350750200751008e+01
6.199999999999890044e+00,-1.669641503951032835e+00,8.912524894203789350e-01,-4.497818168880384633e+02,1.577423134476619282e+01
6.204999999999889937e+00,-1.664472953526594967e+00,1.116606714808443090e+00,-5.005307509522260716e+02,1.688424730089401393e+01
6.209999999999889830e+00,-1.658696923851096017e+00,1.537106713198796770e+00,7.156765374264327875e+02,1.699404018879184974e+01
6.214999999999889724e+00,-1.650723611104597532e+00,2.272239348643964707e+00,1.325369996630566220e+03,1.593295647055476749e+01
6.219999999999889617e+00,-1.642813526777831212e+00,1.105070944803464128e+00,-6.119523576388055517e+02,1.462692097028904925e+01
6.224999999999889511e+00,-1.632877660060606750e+00,1.960579513496576887e+00,-5.354675889109518039e+02,1.480806377114329564e+01
6.229999999999889404e+00,-1.622920988048117907e+00,2.660756914972151499e+00,1.260481413356056464e+03,1.432375642671808613e+01
6.234999999999889297e+00,-1.612866255138330596e+00,1.545347281199063616e+00,-6.609007466880490256e+02,1.298262198994983585e+01
6.239999999999889191e+00,-1.603243232078126468e+00,1.944123520434908325e+00,-5.512371270479851546e+02,1.312591295823844639e+01
6.244999999999889084e+00,-1.592684171782114078e+00,2.941040698977645640e+00,1.444699465154287736e+03,1.323226536823291077e+01
6.249999999999888978e+00,-1.583190547992476160e+00,1.884529200775207025e+00,-6.385356707635951352e+02,1.162890771830864090e+01
6.254999999999888871e+00,-1.572663686964036689e+00,3.023551146941207968e+00,1.569646961371015550e+03,1.247702772906346702e+01
6.259999999999888765e+00,-1.563032413159639367e+00,1.921594293740245707e+00,-6.302134586557094735e+02,1.085071641513373564e+01
6.264999999999888658e+00,-1.552102648863619150e+00,3.171613736344693457e+00,1.658673664005325691e+03,1.186631455677818892e+01
6.269999999999888551e+00,-1.541903046823182910e+00,2.054635547964326570e+00,-6.523881374896543548e+02,1.014266309095868834e+01
6.274999999999888445e+00,-1.532208743036456156e+00,1.338954568514947319e+00,-3.151566725197917549e+02,1.112008717817905357e+01
6.279999999999888338e+00,-1.521812005725219130e+00,2.229607154054808582e+00,-6.209432280270552837e+02,1.063850973446923298e+01
6.284999999999888232e+00,-1.511851431928576517e+00,9.640144979795541857e-01,-7.825064122265465585e+02,1.077399675988952765e+01
6.289999999999888125e+00,-1.498765591264176855e+00,2.784654980694381887e+00,-7.480911610248549550e+02,1.044771627731456931e+01
6.294999999999888018e+00,-1.488452191434521232e+00,1.566579182293698524e+00,-8.377969247520295539e+02,9.307567248346522604e+00
6.299999999999887912e+00,-1.475363233804805496e+00,3.308734900848682159e+00,2.090285504032031895e+03,1.030186325450880247e+01
6.304999999999887805e+00,-1.465410040743888143e+00,2.035354490521231074e+00,-8.103481812718410993e+02,8.268749848709978423e+00
6.309999999999887699e+00,-1.453484250798729116e+00,3.579563286357468677e+00,2.024394617968041302e+03,9.102397211606241711e+00
6.314999999999887592e+00,-1.442614075607937973e+00,2.179939903689416703e+00,-8.251175834151086974e+02,7.196727744457569464e+00
6.319999999999887486e+00,-1.430692951316920425e+00,3.060696228461929902e+00,1.428853597216653725e+03,8.095343099961743505e+00
6.324999999999887379e+00,-1.420364463196175375e+00,1.343214434875284802e+00,-9.620808215392908096e+02,6.771094649698126133e+00
6.329999999999887272e+00,-1.407436382802305763e+00,2.137846035133297740e+00,-7.844818347086342101e+02,6.779668487155965373e+00
6.334999999999887166e+00,-1.395708779745296502e+00,3.596479810140145172e+00,2.120645736194047458e+03,6.578189021399392544e+00
6.339999999999887059e+00,-1.384824863765846237e+00,1.200685125736992376e+00,-9.788787414371336126e+02,5.429273435657433922e+00
6.344999999999886953e+00,-1.370518376668881544e+00,2.826622361797888505e+00,-9.512960549961422885e+02,5.258831805016509264e+00
6.349999999999886846e+00,-1.358833068933485322e+00,3.379824071134319929e+00,2.015367459927912478e+03,5.423592759940000008e+00
6.354999999999886739e+00,-1.346508039375501120e+00,1.804665239268834709e+00,-9.206518272108044130e+02,3.941212478356029614e+00
6.359999999999886633e+00,-1.332369095991487784e+00,2.728162897936595499e+00,-8.387456930789472835e+02,3.505305283963859431e+00
6.364999999999886526e+00,-1.320035379567215506e+00,3.204070751617179802e+00,1.547982809564552099e+03,3.093202649442621244e+00
6.369999999999886420e+00,-1.308284986065557653e+00,2.081063816562717328e+00,-1.691026891668488190e+02,1.285254921342544376e+00
6.374999999999886313e+00,-1.296415812752742758e+00,2.663870130164116112e+00,6.756904627415020741e+02,5.347674403624947947e-01
6.379999999999886207e+00,-1.285521541924195210e+00,2.191293546341926746e+00,1.500213593408307844e+00,-1.330978291014120352e+00
6.384999999999886100e+00,-1.276920399511007886e+00,1.424589360067927135e+00,-2.058409087242379201e+02,-3.139286075675983056e+00
6.389999999999885993e+00,-1.272661650786632181e+00,7.140951322286977036e-04,-8.050975504710958148e+02,-5.183656842380725216e+00
6.394999999999885887e+00,-1.271040091254131310e+00,2.503703251988813605e-01,-4.334476232245393845e+01,-6.729202713752703069e+00
6.399999999999885780e+00,-1.270978830498599388e+00,-5.850128022239504955e-02,-7.819746332768323782e+01,-7.672453280626682748e+00
6.404999999999885674e+00,-1.272252583463884035e+00,-4.006113514722195457e-01,-5.623512316123591148e+01,-8.265913562319902042e+00
6.409999999999885567e+00,-1.275015991576340602e+00,-6.688081830647771842e-01,-8.265050057737826705e+01,-8.572167933841683407e+00
6.414999999999885461e+00,-1.278957735951004482e+00,-8.983457727700906448e-01,-1.340738330687555617e+02,-8.771560910991194504e+00
6.419999999999885354e+00,-1.283363310137624280e+00,-9.035725646879140260e-01,-7.505382439174702824e+01,-8.983178076181701499e+00
6.424999999999885247e+00,-1.287860876614730365e+00,-8.868979808333302683e-01,1.599770291779179487e+01,-9.277927380748330677e+00
6.429999999999885141e+00,-1.292245377817250462e+00,-8.456119107651475231e-01,9.772100168719322255e+01,-9.493058422660530127e+00
6.434999999999885034e+00,-1.296523896469767179e+00,-8.357591897084328814e-01,8.891532372845802001e+01,-9.501146734661221060e+00
6.439999999999884928e+00,-1.300870312445386423e+00,-8.645647742181614692e-01,8.345616383635935165e+01,-9.525821051821322882e+00
6.444999999999884821e+00,-1.305435180160708031e+00,-8.782121369675692790e-01,7.862744718027963131e+01,-9.518087218023984164e+00
6.449999999999884714e+00,-1.309996734015498987e+00,-9.316718150758884764e-01,-2.421892987024552468e+01,-9.674851014194629784e+00
6.454999999999884608e+00,-1.315303015809199616e+00,-1.168282962653111712e+00,-6.626143972068580013e+01,-9.016952877456329674e+00
6.459999999999884501e+00,-1.321834105062849707e+00,-1.363950919593512445e+00,2.020740724493116502e+01,-9.064842230254974709e+00
6.464999999999884395e+00,-1.329173655109292529e+00,-1.530682014355817522e+00,-3.748264049473065285e+01,-9.263009687233932254e+00
6.469999999999884288e+00,-1.337318939450997224e+00,-1.704829452614678553e+00,-4.589101113808257537e+01,-8.570218384531726130e+00
6.474999999999884182e+00,-1.346214077657568176e+00,-1.786795292250969558e+00,5.255844371640871060e+01,-8.736186143638738244e+00
6.479999999999884075e+00,-1.355283682805223933e+00,-1.825301974397093074e+00,-9.956665527024167517e+00,-8.959678716068015802e+00
6.484999999999883968e+00,-1.364442508500034901e+00,-1.895087060240634003e+00,-8.338476866213424898e+01,-8.393664939642217604e+00
6.489999999999883862e+00,-1.374002073854176942e+00,-1.884917764041721622e+00,6.070405677610062156e+01,-8.389488556897486404e+00
6.494999999999883755e+00,-1.383395745354598194e+00,-1.902792860680803777e+00,-6.139731605936795944e+01,-8.417359568490045518e+00
6.499999999999883649e+00,-1.392738680663501816e+00,-1.879299301907553676e+00,2.755365692674772049e+01,-7.554766615175072531e+00
6.504999999999883542e+00,-1.402891011368356144e+00,-2.107009707536759091e+00,-4.303125686485563506e+01,-7.778915001271350604e+00
6.509999999999883435e+00,-1.413989809495680205e+00,-2.295343988960763415e+00,8.306220701975517429e+00,-7.068815302866267913e+00
6.514999999999883329e+00,-1.426153205273743119e+00,-2.511878713241431527e+00,-4.364491716803343735e+01,-7.282034911425114387e+00
6.519999999999883222e+00,-1.439395600886548499e+00,-2.723671425248487488e+00,-3.530638781013991689e+01,-6.510043953730214383e+00
6.524999999999883116e+00,-1.453699180424243176e+00,-2.942303433975350213e+00,-4.413605824222166518e+01,-6.448034037266268115e+00
6.529999999999883009e+00,-1.469132371299576079e+00,-3.186771469016227432e+00,-4.616566195137441753e+01,-5.667639327423186657e+00
6.534999999999882903e+00,-1.485779687766969559e+00,-3.389787118955885692e+00,1.104927936807925448e+01,-5.028949080136275285e+00
6.539999999999882796e+00,-1.503358575282523590e+00,-3.559999581653943146e+00,-1.892992580761999477e+01,-5.037888341948507431e+00
6.544999999999882689e+00,-1.522011887774102901e+00,-3.808498706841640047e+00,3.528486371722680559e+01,-3.897893471827915679e+00
6.549999999999882583e+00,-1.541370968946110365e+00,-3.985500363738105012e+00,-1.020658055037990266e+02,-3.174349331781167738e+00
6.554999999999882476e+00,-1.561265228022862717e+00,-3.996093993506767639e+00,-1.660226917993699658e+01,-3.007864119847188267e+00
6.559999999999882370e+00,-1.581971704485295227e+00,-4.172162652087822110e+00,-1.900803559719326330e+01,-1.582491987109555964e+00
6.564999999999882263e+00,-1.601530684510374059e+00,-3.762690333932237507e+00,1.908812601355894145e+01,-3.489967591514271383e-01
6.569999999999882156e+00,-1.617444089298806675e+00,-2.838721530821513461e+00,1.834975374365838547e+02,4.338337875795736931e-01
6.574999999999882050e+00,-1.625592428236517950e+00,-9.122064862936797303e-01,3.625171881679273156e+02,2.015677686067564256e+00
6.579999999999881943e+00,-1.621522909379115251e+00,1.166163380372075009e+00,-4.964413819650181381e+02,3.897178237195063844e+00
6.584999999999881837e+00,-1.612936646607600055e+00,2.027063344531883526e+00,6.288846408390131728e+02,6.016421681048850445e+00
6.589999999999881730e+00,-1.605083580240224350e+00,1.494175474699954265e+00,-1.085376769749261996e+02,7.757596221373234791e+00
6.594999999999881624e+00,-1.597236888220080697e+00,1.537445712627631966e+00,-6.845865393888766448e+01,9.628862348772598168e+00
6.599999999999881517e+00,-1.588117503344067982e+00,1.856612713704147932e+00,-6.272316310548649199e+02,1.092096964316570684e+01
6.604999999999881410e+00,-1.577217770029832433e+00,3.267523062618659768e+00,1.833525072847339061e+03,1.223506298086814681e+01
6.609999999999881304e+00,-1.566887430757202049e+00,2.136542122275434608e+00,-7.518518252719428574e+02,1.106256945370641809e+01
6.614999999999881197e+00,-1.554170253304028249e+00,3.512865603700688233e+00,1.640163076000907495e+03,1.226104937481745161e+01
6.619999999999881091e+00,-1.541631374324575976e+00,2.667077677477494024e+00,-6.900035046846405749e+02,9.962844597041870642e+00
6.624999999999880984e+00,-1.528570229539245373e+00,1.647892070156055100e+00,-8.048152106964039376e+02,1.077086793862117098e+01
6.629999999999880878e+00,-1.514301806879494006e+00,3.663199899974497242e+00,2.115267308175200014e+03,1.142655705742681782e+01
6.634999999999880771e+00,-1.501239628244230184e+00,2.772116743430946606e+00,-6.987392338024141054e+02,8.891073935328062561e+00
6.639999999999880664e+00,-1.487537426727096879e+00,1.791287916237128242e+00,-8.011908810767544082e+02,9.290231574775058121e+00
6.644999999999880558e+00,-1.472228273303721302e+00,3.892276966870112265e+00,2.123274886383496778e+03,9.929632010531147301e+00
6.649999999999880451e+00,-1.457990541174895238e+00,3.039231314436620313e+00,-6.751939665098101386e+02,7.309018585036193727e+00
6.654999999999880345e+00,-1.445599806728864012e+00,2.119634611549767289e+00,-7.691983260319537976e+02,7.780443922316938377e+00
6.659999999999880238e+00,-1.431988790552840562e+00,4.024190194353021610e+00,2.072563640753241543e+03,8.536714848988712134e+00
6.664999999999880131e+00,-1.417421951728110363e+00,3.069558612671036357e+00,-6.710571180663067707e+02,6.173239863931350158e+00
6.669999999999880025e+00,-1.405231415250814964e+00,2.045336913344570906e+00,-8.265848435197175377e+02,6.809884001256354402e+00
6.674999999999879918e+00,-1.392050753443994093e+00,3.979401670084006248e+00,2.172866698090312639e+03,7.607863850930230321e+00
6.679999999999879812e+00,-1.378315012294353936e+00,2.868916890438134804e+00,-7.359792791257787030e+02,5.358243054648543335e+00
6.684999999999879705e+00,-1.367713637872432608e+00,1.638217878459231391e+00,-8.917789735852188642e+02,5.968127556760677521e+00
6.689999999999879599e+00,-1.353494654718869983e+00,3.631950893965606220e+00,2.210106233743936173e+03,6.752019311762503584e+00
6.694999999999879492e+00,-1.341877889067616181e+00,2.312809823203350490e+00,-7.999272817403505087e+02,4.374801043490371022e+00
6.699999999999879385e+00,-1.330497082883933535e+00,1.715857388483103652e+00,-1.750346771694401866e+02,4.985192517960199687e+00
6.704999999999879279e+00,-1.320115986435226318e+00,1.852859295707179221e+00,-4.850692745210281487e+02,4.427586254909686048e+00
6.709999999999879172e+00,-1.310047902106641127e+00,2.259879351313790252e+00,4.908196607715324262e+02,4.213592575952735508e+00
6.714999999999879066e+00,-1.301391434895773136e+00,1.178311704348643296e+00,-7.585973893251484697e+02,3.259510285139886498e+00
6.719999999999878959e+00,-1.289740466456771761e+00,2.357344938185902183e+00,-8.038362132904754844e+02,3.039451332247260495e+00
6.724999999999878852e+00,-1.279221159248558282e+00,2.870299222646933934e+00,1.759065213631630513e+03,3.149354464087431804e+00
6.729999999999878746e+00,-1.269606541967180702e+00,1.327857798873439688e+00,-7.389163668909654916e+02,2.179600036326110324e+00
6.734999999999878639e+00,-1.257812625178610588e+00,2.194367946414779613e+00,-8.441623637171990140e+02,1.641885631064715190e+00
6.739999999999878533e+00,-1.247657682258006551e+00,2.633261945875920773e+00,1.292833480284060443e+03,1.541200618423817836e+00
6.744999999999878426e+00,-1.238051183428955593e+00,2.263138852145653246e+00,6.525459625109423314e+02,3.635844330630721988e-02
6.749999999999878320e+00,-1.229633097478436632e+00,1.839207958838009027e+00,1.837193474490308915e+02,-1.196023683758548506e+00
6.754999999999878213e+00,-1.223750061049030613e+00,9.381809175108356547e-01,-6.906955442783012700e+01,-2.041061286746807646e+00
6.759999999999878106e+00,-1.220019272955123801e+00,8.279077900533684531e-01,-2.066783468623798967e+02,-3.906269101379735709e+00
6.764999999999878000e+00,-1.221044396738311555e+00,-1.458759619063346946e+00,-1.147265791348088669e+03,-5.326915208221295828e+00
6.769999999999877893e+00,-1.228842354435831563e+00,-1.956766551615980898e+00,-2.601364812920273835e+02,-5.710162217776598936e+00
6.774999999999877787e+00,-1.241831789282616949e+00,-2.855097461680488724e+00,-1.639491739168194613e+02,-6.031635969633694749e+00
6.779999999999877680e+00,-1.258152580616089589e+00,-3.449632203646423534e+00,-1.075005170326834048e+02,-6.370956752751043339e+00
6.784999999999877573e+00,-1.276694302483425858e+00,-3.819268841597038389e+00,3.145383944479432703e+00,-6.355442664771149275e+00
6.789999999999877467e+00,-1.296201904458260890e+00,-3.909653800622598485e+00,1.022387284228189799e+02,-6.449241491083167688e+00
6.794999999999877360e+00,-1.315326570801863548e+00,-3.723273483915606974e+00,1.856752254331418328e+02,-6.567263648998786785e+00
6.799999999999877254e+00,-1.333032552234199475e+00,-3.324543326940439414e+00,2.477314345962877269e+02,-6.690443405051719417e+00
6.804999999999877147e+00,-1.348437045091540609e+00,-2.890324039746129170e+00,1.586959742268589082e+02,-6.713690969930133257e+00
6.809999999999877041e+00,-1.361838548912780889e+00,-2.598363676886063622e+00,7.149691474269532421e+01,-6.414927300641761754e+00
6.814999999999876934e+00,-1.373641105692754660e+00,-2.237367553181842883e+00,7.693591856407945784e+01,-6.496956356958507151e+00
6.819999999999876827e+00,-1.383327217160093880e+00,-1.749882529293282252e+00,1.119809236607483172e+02,-6.641626941799309236e+00
6.824999999999876721e+00,-1.390812962092138561e+00,-1.281774512972319258e+00,1.616601558855688268e+02,-6.746903350619857243e+00
6.829999999999876614e+00,-1.396041599004116618e+00,-8.628527422573306627e-01,9.163071808236381344e+01,-7.046858586067319408e+00
6.834999999999876508e+00,-1.399491798503112783e+00,-5.826275838658515616e-01,3.327892079893460675e+01,-6.642311529186054386e+00
6.839999999999876401e+00,-1.405925412182633893e+00,-3.069133600352960567e+00,-1.174322001141323199e+03,-6.114558669274333447e+00
6.844999999999876295e+00,-1.433787247945241816e+00,-6.772587262721831536e+00,-4.879877404155756722e+02,-3.396346829059429417e+00
6.849999999999876188e+00,-1.471424885721737130e+00,-7.829359957051412522e+00,-1.160829939950073566e+02,-1.801524945531038036e+00
6.854999999999876081e+00,-1.511694746076927665e+00,-8.038202952767679932e+00,9.638192072573453117e+01,-1.176120256954352072e+00
6.859999999999875975e+00,-1.551083171145525075e+00,-7.700358381579746059e+00,9.851244215151034211e+01,-6.153315922359881007e-01
6.864999999999875868e+00,-1.586796930420200979e+00,-6.794211925789599427e+00,1.528802557016161359e+02,-1.243813603839276638e-01
6.869999999999875762e+00,-1.618214236665957317e+00,-5.919512365854513014e+00,2.260535032786587522e+02,1.932107515978476187e-02
6.874999999999875655e+00,-1.644942134983528703e+00,-4.988353990413609829e+00,1.655846205554274491e+02,2.187007594592604853e-01
6.879999999999875548e+00,-1.663831549123016673e+00,-3.126697875679259830e+00,2.606227182906106350e+02,9.225507071259619885e-01
6.884999999999875442e+00,-1.673102790651317617e+00,-1.154047263587776539e+00,3.499305523960292703e+02,1.143387149346413389e+00
6.889999999999875335e+00,-1.670857266146455355e+00,1.281435852439009482e+00,3.464257979884744145e+02,1.628925120478625921e+00
6.894999999999875229e+00,-1.654568985384031521e+00,4.247710294366182637e+00,4.074748561801793016e+02,2.268687411943097310e+00
6.899999999999875122e+00,-1.627864953804217363e+00,5.832964324619303476e+00,1.715774495245477169e+02,1.442863984185736914e+00
6.904999999999875016e+00,-1.618955183479097393e+00,7.449406678176869745e-01,-6.974867623129597405e+01,4.785393887096344834e+00
6.909999999999874909e+00,-1.614678646710590026e+00,6.208730623932686710e-01,-1.870150612686719853e+02,7.347030741102526186e+00
6.914999999999874802e+00,-1.610278817215144320e+00,7.290703914522749240e-01,-2.738180571767978222e+02,9.637734170457287419e+00
6.919999999999874696e+00,-1.604518015563595634e+00,1.111034162089633570e+00,-3.743065756398693793e+02,1.051464118623261967e+01
6.924999999999874589e+00,-1.598594706309580227e+00,1.721754092327430374e+00,9.957931255253707832e+02,1.204156138608687421e+01
6.929999999999874483e+00,-1.592496325248559330e+00,8.540197054397901111e-01,-5.049887947058655300e+02,1.178211738661324048e+01
6.934999999999874376e+00,-1.583826990438462978e+00,1.739061184576657704e+00,-5.289338943874477081e+02,1.297064070591315854e+01
6.939999999999874269e+00,-1.574477392012469723e+00,2.497051798980912896e+00,1.159969389773819557e+03,1.216457324938025053e+01
6.944999999999874163e+00,-1.565167212863925350e+00,1.445401304004668264e+00,-5.480183651434904277e+02,1.170409130501612083e+01
6.949999999999874056e+00,-1.555237048452480897e+00,1.830420757394258136e+00,-2.253191251733477429e+02,1.136292266892374236e+01
6.954999999999873950e+00,-1.545244287274348371e+00,2.736452080736410331e+00,1.285337803888493909e+03,1.166542133486257526e+01
6.959999999999873843e+00,-1.535725957237178418e+00,1.926708633783279057e+00,-5.530271052060610373e+02,9.928179198210475676e+00
6.964999999999873737e+00,-1.526112356422222094e+00,1.670913821605809479e+00,3.390650986854814164e+01,1.053459652440708894e+01
6.969999999999873630e+00,-1.515691646207301346e+00,1.759222838889893614e+00,-5.518762797560337958e+02,9.741674374650720836e+00
6.974999999999873523e+00,-1.505434182930899700e+00,2.937957876673978230e+00,1.447705963764581611e+03,1.013666298735840776e+01
6.979999999999873417e+00,-1.495291752921516615e+00,2.054505248522064065e+00,-5.676343683732059162e+02,8.270345326906724637e+00
6.984999999999873310e+00,-1.485857417698078553e+00,1.080904255524672397e+00,-6.401837930066217268e+02,8.985407031807302047e+00
6.989999999999873204e+00,-1.474387909821247344e+00,2.413885024100922649e+00,-5.656983304093681681e+02,8.580977653640715630e+00
6.994999999999873097e+00,-1.465366983429030157e+00,1.408438851516866652e+00,-6.772522664858129247e+02,7.949216136826736445e+00
6.999999999999872990e+00,-1.454987887936042279e+00,2.565342788142836561e+00,1.555757928556571642e+03,8.347681505745892849e+00
7.004999999999872884e+00,-1.445594371722941585e+00,1.388956286980028931e+00,-6.940714410009827589e+02,6.721430631274790457e+00
7.009999999999872777e+00,-1.437081445528476831e+00,1.764716985841260133e+00,-6.219153711063045193e+02,6.301382404178942132e+00
7.014999999999872671e+00,-1.428063534113815480e+00,2.210405994522335771e+00,9.549566611399694693e+02,6.123911290942166019e+00
7.019999999999872564e+00,-1.420749761462004157e+00,9.584979258971831895e-01,-5.984114680900354415e+02,4.937543173862855461e+00
7.024999999999872458e+00,-1.411360013823421466e+00,1.779118407786476341e+00,-6.477600891031690935e+02,4.725253384916798360e+00
7.029999999999872351e+00,-1.403650008919390180e+00,2.109143457054513782e+00,1.242445830215315482e+03,4.455375200051489237e+00
7.034999999999872244e+00,-1.396335320108946121e+00,1.069285282111348989e+00,-4.850405060672745776e+02,3.495899927123271134e+00
7.039999999999872138e+00,-1.387923593561154911e+00,1.566704655996696394e+00,-5.550440467690922333e+02,2.577832883705471367e+00
7.044999999999872031e+00,-1.380778571334764893e+00,1.465048450075010500e+00,1.402649114817834572e+02,1.525298694959939194e+00
7.049999999999871925e+00,-1.374157483161168924e+00,1.292643920718815398e+00,-1.062074341469542986e+02,-4.523979482334837821e-01
7.054999999999871818e+00,-1.369576888765198674e+00,9.436024586852486129e-01,-3.291761428655804878e+01,-1.902422777170928558e+00
7.059999999999871712e+00,-1.364524041688411682e+00,1.017273728909524610e+00,-2.571099902539463500e+01,-4.294352419664578591e+00
7.064999999999871605e+00,-1.359696021553448597e+00,2.480789702200098534e-01,-1.165624707706071604e+03,-6.377568694736853949e+00
7.069999999999871498e+00,-1.355837473958485750e+00,1.229509373194662469e+00,2.889913473190625837e+02,-7.379400687584776186e+00
7.074999999999871392e+00,-1.351727105780545557e+00,9.479492739068616780e-01,1.949355978509975387e+02,-8.032616704328873425e+00
7.079999999999871285e+00,-1.350611317857107974e+00,-3.038365248307280386e-01,1.370346335783669645e+02,-7.420831829907460708e+00
7.084999999999871179e+00,-1.349436498969239118e+00,6.491064303812711378e-01,2.689782843022622956e+02,-8.502940528082735483e+00
7.089999999999871072e+00,-1.345343410542283902e+00,4.928210786332843929e-01,-4.413014199802069726e+01,-8.992198134735742698e+00
7.094999999999870965e+00,-1.340300369236695044e+00,1.326761310642603053e+00,1.397478046889283689e+02,-8.929082658906452252e+00
7.099999999999870859e+00,-1.344337273771980312e+00,-5.529906469725749396e-01,1.495596237685574010e+02,-8.233792606185094343e+00
7.104999999999870752e+00,-1.347327097926350081e+00,-2.075962991789107370e+00,-2.050030601807192852e+03,-8.992007142967395339e+00
7.109999999999870646e+00,-1.377213403656838420e+00,-7.869047439780109343e+00,-7.753411316996028972e+02,-4.639972545745945531e+00
7.114999999999870539e+00,-1.424908488059973166e+00,-1.023601137257211313e+01,-2.567309884653374183e+02,-2.779508480858779329e+00
7.119999999999870433e+00,-1.476962008207345800e+00,-1.036860829699658382e+01,4.671817472663396131e+01,-1.360041240801945328e+00
7.124999999999870326e+00,-1.528231922597678150e+00,-1.006343021922020498e+01,1.147691677552790281e+02,-9.276588034162900342e-01
7.129999999999870219e+00,-1.575866687155429435e+00,-9.137962430810667058e+00,2.237355342892165027e+02,-3.235923982874782112e-01
7.134999999999870113e+00,-1.618855581241684938e+00,-8.220293571885418871e+00,1.862937138678777842e+02,-1.867256418609350987e-01
7.139999999999870006e+00,-1.656897124536537813e+00,-7.187388516828295160e+00,2.360476121129528053e+02,8.389687194860950825e-02
7.144999999999869900e+00,-1.690067255907385491e+00,-6.261611425313724943e+00,1.693236248835007132e+02,1.021962008226684482e-01
7.149999999999869793e+00,-1.717462713805569807e+00,-5.032075694181251890e+00,2.030124567899131591e+02,5.326039040732655216e-01
7.154999999999869686e+00,-1.738276744422446063e+00,-3.692098234494374687e+00,1.880307823520095099e+02,7.670618492787812936e-01
7.159999999999869580e+00,-1.752257326547761007e+00,-2.303305580764659410e+00,2.272547432254814055e+02,8.995416339059718602e-01
7.164999999999869473e+00,-1.757833696887619590e+00,-4.801723193821166857e-01,2.682930946626316882e+02,1.286294519495900346e+00
7.169999999999869367e+00,-1.750141767535943416e+00,2.580317138732148408e+00,4.451305663267905857e+02,2.317611083447276510e+00
7.174999999999869260e+00,-1.725538814709263846e+00,6.146435481097382691e+00,5.413452515142192851e+02,3.058531426294523570e+00
7.179999999999869154e+00,-1.686592406362012797e+00,8.573853737550324539e+00,3.056229871597162173e+02,2.598485861631725236e+00
7.184999999999869047e+00,-1.648611544191116662e+00,-5.792977288914542555e-01,-1.066335089700614844e+04,2.238789657495622976e+00
7.189999999999868940e+00,-1.649016686712748703e+00,7.635966085001141823e-02,1.394294041149676673e+02,1.490390135273295513e+01
7.194999999999868834e+00,-1.648433703244097215e+00,1.573462243996492926e-02,-2.080258622578176357e+02,1.574766194240394768e+01
7.199999999999868727e+00,-1.646617093891469485e+00,1.007858251339017464e-01,-3.311914328716209752e+02,1.708728331707524717e+01
7.204999999999868621e+00,-1.643939664526923528e+00,2.712562391461865730e-01,-3.357859477131300423e+02,1.676625585935294538e+01
7.209999999999868514e+00,-1.640675828624678978e+00,4.425023847167313118e-01,-3.512788811225176460e+02,1.631042800640723556e+01
7.214999999999868407e+00,-1.636491618105953227e+00,7.490058605076203024e-01,-4.113338892724635798e+02,1.612452963191551802e+01
7.219999999999868301e+00,-1.631326139848507939e+00,9.978760488466988932e-01,-3.311367434182378702e+02,1.527574088413945397e+01
7.224999999999868194e+00,-1.626202681850188458e+00,1.454227529202909652e+00,8.286104577749044893e+02,1.512519086099294974e+01
7.229999999999868088e+00,-1.621160691256140707e+00,6.643050477574640178e-01,-4.726932381864835975e+02,1.411237672578607416e+01
7.234999999999867981e+00,-1.614744403717321086e+00,1.258702784576678946e+00,-4.208938144724418180e+02,1.439826998932258917e+01
7.239999999999867875e+00,-1.608101173322009414e+00,1.841278099348002240e+00,9.435195754666676748e+02,1.415810939091709386e+01
7.244999999999867768e+00,-1.601223511512861686e+00,1.042980151113257703e+00,-4.769675037354427900e+02,1.291256756762479085e+01
7.249999999999867661e+00,-1.593871846176215135e+00,1.405675761981358463e+00,-3.275764575970228520e+02,1.307009788870367473e+01
7.254999999999867555e+00,-1.586541649478040661e+00,1.962477702616911790e+00,9.203544359107240780e+02,1.305952719663972061e+01
7.259999999999867448e+00,-1.580093134772410313e+00,9.601582333391968094e-01,-3.910774339294308675e+02,1.218394788786071459e+01
7.264999999999867342e+00,-1.572338143691013768e+00,1.582200455003154982e+00,-4.123919386232574880e+02,1.186235162603355242e+01
7.269999999999867235e+00,-1.564985380016455485e+00,1.912918348927648893e+00,8.786109101128064367e+02,1.173758261181184714e+01
7.274999999999867129e+00,-1.557858583636315686e+00,1.028598533119010394e+00,-5.319304896267915410e+02,1.081189232629023778e+01
7.279999999999867022e+00,-1.549930164448797498e+00,1.424139784287023369e+00,-3.873129223436540087e+02,1.046733359167206778e+01
7.284999999999866915e+00,-1.542893728342983994e+00,2.032192438302042437e+00,1.203914386701741932e+03,1.012010672822977320e+01
7.289999999999866809e+00,-1.536110332339538864e+00,8.744125104019295769e-01,-6.095433822430829878e+02,8.617206611862181731e+00
7.294999999999866702e+00,-1.528373887289666389e+00,1.464115964892662269e+00,-5.543060775633082358e+02,8.190656944264345540e+00
7.299999999999866596e+00,-1.521404168962227743e+00,1.982675940095730116e+00,1.163334650620461844e+03,7.903303473556783310e+00
7.304999999999866489e+00,-1.514922129009677931e+00,8.163604400642440195e-01,-6.013898822287767416e+02,6.959386403261673237e+00
7.309999999999866382e+00,-1.507117045735538952e+00,1.488199369062147781e+00,-5.388868670335389197e+02,6.664083539866093808e+00
7.314999999999866276e+00,-1.500052004115252524e+00,1.981784909263837768e+00,1.141722246598057382e+03,6.328594065753105014e+00
7.319999999999866169e+00,-1.493179875006563018e+00,9.531151052262067935e-01,-5.157179883914218408e+02,5.104852495050325345e+00
7.324999999999866063e+00,-1.485507130043358215e+00,1.490039514638556772e+00,-4.379287330242145231e+02,3.807838208527068780e+00
7.329999999999865956e+00,-1.478208915583092198e+00,1.729204284130921199e+00,5.252114354014510127e+02,2.607558128658401309e+00
7.334999999999865850e+00,-1.470820732739620329e+00,1.578717392556836296e+00,2.067815375312118817e+02,1.122353045960913676e+00
7.339999999999865743e+00,-1.464328535367106277e+00,1.193185076770798103e+00,-4.971000319020069469e+01,-1.065186893601669071e+00
7.344999999999865636e+00,-1.458930332962588450e+00,1.415647693961552767e+00,1.771247335948694115e+02,-4.372852143718528595e+00
7.349999999999865530e+00,-1.455074994272391287e+00,7.948139132358376102e-01,3.557273489070963137e+02,-6.121916808889366735e+00
7.354999999999865423e+00,-1.450578266574233943e+00,2.953406520017948234e-01,8.704355176210858858e+00,-6.733350867238230286e+00
7.359999999999865317e+00,-1.445314454027109896e+00,1.185640807671993313e+00,-2.109248321758619511e+02,-8.355152078543161664e+00
7.364999999999865210e+00,-1.440606541209779046e+00,5.642565955891603036e-01,2.403517821144154141e+02,-8.243813232844638961e+00
7.369999999999865103e+00,-1.435753386776647877e+00,-3.625535776759535034e-02,-1.667835653696859254e+03,-8.769175957655772180e+00
7.374999999999864997e+00,-1.432224524912438568e+00,1.220492124476984630e+00,2.725720737825333231e+02,-8.877970993881234563e+00
7.379999999999864890e+00,-1.426576251342100088e+00,1.211960198520398047e+00,2.161902257356133532e+02,-8.448711646460122182e+00
7.384999999999864784e+00,-1.421227513970231060e+00,1.149161937109346887e+00,2.773505775053883440e+02,-8.913165924725632294e+00
7.389999999999864677e+00,-1.417955399516127368e+00,3.457016448669050224e-01,1.977921518792458926e+02,-8.908297795510694783e+00
7.394999999999864571e+00,-1.413632836364461465e+00,1.239976373011897781e+00,2.436353140448845522e+02,-9.044500557772968463e+00
7.399999999999864464e+00,-1.408670736791281186e+00,9.134544643596793634e-01,1.085787605463508640e+02,-9.274369385906165775e+00
7.404999999999864357e+00,-1.403320939983773163e+00,5.561935281925396435e-01,-7.554939347445563271e+02,-9.200796728069661867e+00
7.409999999999864251e+00,-1.400044936334223333e+00,7.826118638989789655e-01,6.087686336382219565e+01,-9.265417183393317657e+00
7.414999999999864144e+00,-1.395596273074501958e+00,9.805693063290215061e-01,7.357496306503162486e+01,-9.060217954628893011e+00
7.419999999999864038e+00,-1.390999900767393438e+00,8.700378633991008304e-01,-6.134187898017411555e+01,-9.324510566190072680e+00
7.424999999999863931e+00,-1.387391100997237059e+00,5.854863679949398048e-01,-7.532788580941702605e+01,-8.593214267868804157e+00
7.429999999999863824e+00,-1.385813971681313816e+00,1.100454805331726599e-01,-1.111233705528274811e+02,-7.907479224307413901e+00
7.434999999999863718e+00,-1.388824027327300481e+00,-2.022292318827024094e+00,-1.561766526074990679e+03,-7.874967111739471726e+00
7.439999999999863611e+00,-1.413839654675527413e+00,-6.438397604786072925e+00,-5.474217895413031556e+02,-4.301999037883435406e+00
7.444999999999863505e+00,-1.453552240418448438e+00,-8.583940848626232523e+00,-2.468115509626982771e+02,-2.953051366827419422e+00
7.449999999999863398e+00,-1.498068248431392524e+00,-8.955172692169496074e+00,1.127535804303374967e+01,-1.605664873864168563e+00
7.454999999999863292e+00,-1.541926629540252058e+00,-8.585413309614962074e+00,1.136597071141371202e+02,-8.894762030893037519e-01
7.459999999999863185e+00,-1.582455770842905007e+00,-7.760854839645606518e+00,2.006041837103462910e+02,-3.528036507186511628e-01
7.464999999999863078e+00,-1.618617025126100950e+00,-6.868901843700184529e+00,1.720110790334695423e+02,-2.476469721279226377e-01
7.469999999999862972e+00,-1.646294966872487109e+00,-4.804925830514909180e+00,3.278378776867432975e+02,7.882336067354089870e-01
7.474999999999862865e+00,-1.660478233785958269e+00,-1.790876032914104687e+00,4.630086323799645243e+02,1.732559854964881740e+00
7.479999999999862759e+00,-1.657677988068558594e+00,1.793421396823268843e+00,5.466773978784713108e+02,2.327680566130303053e+00
7.484999999999862652e+00,-1.642096967860782186e+00,-3.541896102543276581e-01,-5.385124530767845499e+03,2.958037965512607670e+00
7.489999999999862546e+00,-1.637698885737758348e+00,9.140848484805002006e-01,-4.158321632213349517e+02,9.006409779370626367e+00
7.494999999999862439e+00,-1.632712187470752641e+00,9.213764022450491309e-01,-4.915746950662759218e+02,1.120667995380807547e+01
7.499999999999862332e+00,-1.627144264877120383e+00,1.191121502970074131e+00,-5.433594132819487186e+02,1.356181557345080790e+01
7.504999999999862226e+00,-1.620485853489910477e+00,2.095248915986961613e+00,1.398078761611950540e+03,1.536438851159919317e+01
7.509999999999862119e+00,-1.613188823908746850e+00,9.653718454867044052e-01,-7.023970684445716870e+02,1.417489839350207426e+01
7.514999999999862013e+00,-1.603084690564755999e+00,2.006948685297706980e+00,-6.259272008400190543e+02,1.382892836052819163e+01
7.519999999999861906e+00,-1.594155042291614199e+00,1.021939363090457409e+00,-4.952724055528009899e+02,1.320132242897053843e+01
7.524999999999861799e+00,-1.585391210196528178e+00,1.598664864067945945e+00,-7.111997554717297589e+02,1.352719006795408596e+01
7.529999999999861693e+00,-1.576348971909197427e+00,2.657954158572919390e+00,1.551638647699840476e+03,1.319982631180197075e+01
7.534999999999861586e+00,-1.566089081101665892e+00,1.577621459774091628e+00,-7.053671084993389968e+02,1.140053042870951217e+01
7.539999999999861480e+00,-1.555866426389172164e+00,2.349268684963428111e+00,-6.505751163200388874e+02,1.137770603786746193e+01
7.544999999999861373e+00,-1.547262387567021058e+00,1.273928041433735281e+00,-7.056111910220885193e+02,1.110800303864241556e+01
7.549999999999861267e+00,-1.536584586059306812e+00,2.653239027560039709e+00,1.646566735413454353e+03,1.193648154330312749e+01
7.554999999999861160e+00,-1.526128881779177382e+00,1.666919330075671946e+00,-7.193280796054554003e+02,1.021186762086788313e+01
7.559999999999861053e+00,-1.515921345508223883e+00,3.088159362561689658e+00,1.724761021677204099e+03,1.076134656634320841e+01
7.564999999999860947e+00,-1.505910575838581344e+00,2.059870056062097277e+00,-6.843502768243888568e+02,9.151747719079885712e+00
7.569999999999860840e+00,-1.496272505152823173e+00,1.075198951123628843e+00,-6.544773957962499935e+02,9.871562688983729572e+00
7.574999999999860734e+00,-1.484084251283804612e+00,2.627569341501715616e+00,-6.034703603368052427e+02,9.431956912440398355e+00
7.579999999999860627e+00,-1.474581067040494409e+00,1.454681385502323954e+00,-7.484557148942078584e+02,8.960218284522628807e+00
7.584999999999860520e+00,-1.462635894334866293e+00,3.028179621666896359e+00,1.982190443125319916e+03,9.618769964571447062e+00
7.589999999999860414e+00,-1.451923516127743063e+00,1.520693861267089275e+00,-7.987091520653272028e+02,7.540697224869433946e+00
7.594999999999860307e+00,-1.440041885735654947e+00,2.322354853127632790e+00,-7.490291706342304678e+02,7.390354302505154571e+00
7.599999999999860201e+00,-1.429521108295332743e+00,2.963639777190175906e+00,1.748278808603227844e+03,7.379101102598474071e+00
7.604999999999860094e+00,-1.419612803004783430e+00,1.283894645078326624e+00,-8.723160425830653821e+02,5.813358418432840402e+00
7.609999999999859988e+00,-1.407582682001683683e+00,2.217017333288453962e+00,-7.785140451331558324e+02,5.745176215010925347e+00
7.614999999999859881e+00,-1.397198221694645692e+00,2.971652920029127287e+00,1.782756548815992119e+03,5.679322635536537156e+00
7.619999999999859774e+00,-1.387149473021443757e+00,1.345749713334458697e+00,-8.306193408584862254e+02,4.636462829596418977e+00
7.624999999999859668e+00,-1.375291813396374074e+00,2.234345441879657113e+00,-7.938679728692889057e+02,3.995460444677404688e+00
7.629999999999859561e+00,-1.364664644654847825e+00,2.845951685925073971e+00,1.488221316631113723e+03,3.872903891073917748e+00
7.634999999999859455e+00,-1.354807322722637597e+00,1.732616927940616947e+00,-9.367826616982679866e+01,1.947159524658800933e+00
7.639999999999859348e+00,-1.345079848003941425e+00,1.942672393415192822e+00,1.160533249159816336e+02,7.831384908739748019e-01
7.644999999999859241e+00,-1.336003873058980052e+00,1.973797178225940030e+00,1.097300153028637055e+02,-9.254313338656120491e-01
7.649999999999859135e+00,-1.329541033736034494e+00,1.327629275867682423e+00,-3.343157964399789961e+01,-2.666517826525222290e+00
7.654999999999859028e+00,-1.323189109520679585e+00,1.165084028937344085e+00,-7.727675015500727795e+01,-5.378767880917355804e+00
7.659999999999858922e+00,-1.317644285879224997e+00,1.331719685591806757e+00,9.354172671293596864e+01,-7.152400201884207220e+00
7.664999999999858815e+00,-1.310413580316689863e+00,1.436949617205723451e+00,-1.338309693196286219e+02,-8.522164145761898624e+00
7.669999999999858709e+00,-1.304053467733363947e+00,1.447870943980679614e+00,1.724107764681036770e+02,-8.964606355732540166e+00
7.674999999999858602e+00,-1.298081051477088854e+00,1.113282800697521280e+00,5.087531999982556385e+01,-9.393546656141060325e+00
7.679999999999858495e+00,-1.292123892491686465e+00,1.225378486635877451e+00,2.056359633289174127e+01,-9.182419737786030822e+00
7.684999999999858389e+00,-1.286398707673284347e+00,1.071527019892152710e+00,-6.601375355305376047e+01,-9.441875223066134026e+00
7.689999999999858282e+00,-1.281487617989214733e+00,9.274305704306402554e-01,1.038227510208416193e+00,-9.837804895148309470e+00
7.694999999999858176e+00,-1.277627833291519632e+00,7.295145005973548979e-01,5.125567681924144381e+01,-1.013633138379364951e+01
7.699999999999858069e+00,-1.275009232196318010e+00,3.937022850829180465e-01,-8.540511105582687890e+01,-1.002770390632642084e+01
7.704999999999857963e+00,-1.274707865346555780e+00,-2.003024029494191727e-01,-1.459131052120912955e+02,-9.493487828550458474e+00
7.709999999999857856e+00,-1.283671607062774056e+00,-4.687479713062670861e+00,-1.818004660738826942e+03,-8.407999680072228088e+00
7.714999999999857749e+00,-1.327445010678989457e+00,-1.062534443203170476e+01,-7.405736628933523207e+02,-4.719813899593997775e+00
7.719999999999857643e+00,-1.386125107077692542e+00,-1.212354918149307714e+01,-1.158713024199955299e+02,-2.373876928226708038e+00
7.724999999999857536e+00,-1.447843220324957159e+00,-1.227609650196491131e+01,1.012138471205836225e+02,-1.492651521656596536e+00
7.729999999999857430e+00,-1.506933719029712293e+00,-1.141696998705679711e+01,1.818744162943097820e+02,-6.018446166704425337e-01
7.734999999999857323e+00,-1.561417457264755448e+00,-1.048996823436934633e+01,2.623488685995704373e+02,-3.854869035054884208e-01
7.739999999999857216e+00,-1.612045505286916036e+00,-9.813614775316214178e+00,1.612591387558323390e+02,-3.687043641985097153e-01
7.744999999999857110e+00,-1.658066717700309889e+00,-8.763876989880435175e+00,2.534966531018815203e+02,8.346398602900251262e-02
7.749999999999857003e+00,-1.699316677792096497e+00,-7.884011863087523331e+00,1.580131844018866616e+02,4.984193961668736961e-02
7.754999999999856897e+00,-1.734871237579261649e+00,-6.651199691923798341e+00,2.111527112504398076e+02,5.096448400363806641e-01
7.759999999999856790e+00,-1.763969363692630354e+00,-5.339955612115384831e+00,2.092996369832204095e+02,6.641074450037711685e-01
7.764999999999856684e+00,-1.787325903470466715e+00,-4.276106900225981278e+00,1.761576742676947163e+02,5.871993125684000780e-01
7.769999999999856577e+00,-1.804852658138643040e+00,-3.052946643899395074e+00,2.280820254697496239e+02,8.161678273107935144e-01
7.774999999999856470e+00,-1.816041132609273800e+00,-1.779515707702037597e+00,1.923528423808832883e+02,8.771084741519576955e-01
7.779999999999856364e+00,-1.817544617113704408e+00,5.175784251314234918e-01,3.755023005447426385e+02,1.731399141716719825e+00
7.784999999999856257e+00,-1.805670856205861208e+00,3.350447507238258016e+00,4.022177397357320388e+02,2.395224885013088834e+00
7.789999999999856151e+00,-1.777571505669798491e+00,6.748048063135115626e+00,4.539952020711972409e+02,2.992631774376640408e+00
7.794999999999856044e+00,-1.734337912489147815e+00,9.575789782049669796e+00,3.863782841518439000e+02,2.948495097442282997e+00
7.799999999999855937e+00,-1.680014365027080681e+00,1.143384667784398623e+01,2.273704326320408029e+02,2.399185054271293360e+00
7.804999999999855831e+00,-1.672750585451887151e+00,-9.292353065769474174e-01,1.136529172795149947e+02,9.103734791095789092e+00
7.809999999999855724e+00,-1.674072394663209229e+00,3.471361114625486771e-02,2.953591935093146503e+02,1.721510320864393506e+01
7.814999999999855618e+00,-1.673822584221117404e+00,1.842455171906530187e-01,1.409576748719386501e+02,1.728850594326871004e+01
7.819999999999855511e+00,-1.672649123249231096e+00,4.578613726680045848e-01,3.935111739062369907e+02,1.770436744954188768e+01
7.824999999999855405e+00,-1.670332022654182680e+00,6.665136877044628427e-01,3.819369613281668876e+02,1.678120641585847039e+01
7.829999999999855298e+00,-1.667475183163959818e+00,7.642909771332327962e-01,3.516381847307909538e+02,1.635796171719256620e+01
7.834999999999855191e+00,-1.663903934963465669e+00,9.146991447614409854e-01,4.058440312896591990e+02,1.620104848783567419e+01
7.839999999999855085e+00,-1.659978421164477469e+00,9.955834395273839288e-01,4.116055715412151130e+02,1.589534943562624747e+01
7.844999999999854978e+00,-1.655623268593147346e+00,1.085199688247802996e+00,4.274757517497845924e+02,1.566198750195086831e+01
7.849999999999854872e+00,-1.651174310557410152e+00,1.181602169461690277e+00,5.456284483429583361e+02,1.540479342751044456e+01
7.854999999999854765e+00,-1.646515331063685084e+00,1.263928183480079737e+00,5.471069216084284790e+02,1.475594749423204810e+01
7.859999999999854658e+00,-1.641934053742636346e+00,7.044221111262626289e-01,-2.622482734892653298e+02,1.404458106885676472e+01
7.864999999999854552e+00,-1.636308266596910643e+00,9.048065333230347340e-01,-2.820594377203188969e+02,1.457387768442820608e+01
7.869999999999854445e+00,-1.630444467679477150e+00,1.141008448981999157e+00,-2.567145070560047770e+02,1.394461324929443968e+01
7.874999999999854339e+00,-1.624698541388339468e+00,1.476577461093092847e+00,6.461652687329116134e+02,1.353132723586398711e+01
7.879999999999854232e+00,-1.619336286285591786e+00,7.476823192202529667e-01,-4.225910852673144404e+02,1.380752614883011198e+01
7.884999999999854126e+00,-1.612853912907207032e+00,1.264507170765497568e+00,-3.496300625301702212e+02,1.365414990123116112e+01
7.889999999999854019e+00,-1.606383789886633773e+00,1.648426399328190683e+00,6.992735705038111291e+02,1.338888056653013869e+01
7.894999999999853912e+00,-1.600487458250803741e+00,8.683657675104025087e-01,-3.713466530906734420e+02,1.249576147530567205e+01
7.899999999999853806e+00,-1.593833402555021594e+00,1.306833093743083207e+00,-3.856588502874502069e+02,1.246551590254398612e+01
7.904999999999853699e+00,-1.587257305727037382e+00,1.766313994651196984e+00,8.829572991586551325e+02,1.224858367261749237e+01
7.909999999999853593e+00,-1.581025677744233970e+00,8.700509509182312584e-01,-4.628412690892239993e+02,1.123246765142575398e+01
7.914999999999853486e+00,-1.573878902751458808e+00,1.344540231513578377e+00,-4.505902687497648458e+02,1.109186840148135644e+01
7.919999999999853380e+00,-1.567608093116290791e+00,1.756130521702710112e+00,1.006778170020790753e+03,1.056601925555434107e+01
7.924999999999853273e+00,-1.561609236191409567e+00,8.069620779543280609e-01,-5.159077823462765764e+02,9.201960797054386632e+00
7.929999999999853166e+00,-1.554524836067338045e+00,1.332420362668835567e+00,-4.886920212040889737e+02,8.852640809991568105e+00
7.934999999999853060e+00,-1.547867977886020041e+00,1.865029072731097415e+00,1.040028237484635156e+03,8.585957215062558490e+00
7.939999999999852953e+00,-1.541584460626240771e+00,8.721095963857801170e-01,-4.684327850144715057e+02,7.519308099555239266e+00
7.944999999999852847e+00,-1.533768385101947906e+00,1.512155498199251324e+00,-4.965902160336866586e+02,7.185287747188869645e+00
7.949999999999852740e+00,-1.526808308828958793e+00,1.839915418396813385e+00,8.972031376014106172e+02,6.262830792287828352e+00
7.954999999999852633e+00,-1.519859819791630873e+00,1.074967976825132565e+00,-3.854078934716902722e+02,4.790007363615682578e+00
7.959999999999852527e+00,-1.512587756402170358e+00,1.360845356156453967e+00,-2.419265339784170692e+02,3.505262670969006233e+00
7.964999999999852420e+00,-1.505706275522861626e+00,1.686898921985300115e+00,4.054485181543510066e+02,2.208950056336965950e+00
7.969999999999852314e+00,-1.498770607058939941e+00,1.300083448799344898e+00,-9.700217916451131828e+01,-1.364256960493537285e-02
7.974999999999852207e+00,-1.493365086477948855e+00,1.068529960675315804e+00,1.064940482393879648e+02,-2.877883370404239027e+00
7.979999999999852101e+00,-1.488424674795683744e+00,9.419536650993267646e-01,4.348719158823086559e+02,-5.306339137583748311e+00
7.984999999999851994e+00,-1.483741964835279203e+00,7.750550315695273751e-01,5.080381430215186356e+01,-6.793117910018154681e+00
7.989999999999851887e+00,-1.479863849000006226e+00,7.086195405375826928e-01,2.315784997257436544e+02,-6.896716875007536274e+00
7.994999999999851781e+00,-1.474906154950686554e+00,8.888854704863069500e-01,1.739400270474191643e+02,-7.787756608126632507e+00
7.999999999999851674e+00,-1.471911526957648153e+00,4.557679340787946787e-01,2.277850215428714193e+02,-8.069528147820035358e+00
8.004999999999851568e+00,-1.467634337288008295e+00,6.020900051337243486e-01,5.616282890451213916e+01,-7.988182104932002758e+00
8.009999999999852349e+00,-1.463108433313677237e+00,6.908533551120762395e-01,1.445750262287842780e+01,-8.408825676434299012e+00
8.014999999999853131e+00,-1.460038090657224563e+00,-4.489408352254782575e-02,2.048763856369521932e+02,-8.175825403993160378e+00
8.019999999999853912e+00,-1.456725574244710719e+00,1.114143132612732678e+00,2.625844712164308703e+02,-8.387393713041298327e+00
8.024999999999854694e+00,-1.455282783414684866e+00,3.009718939869234222e-01,1.587058449990205986e+02,-8.191937979459373409e+00
8.029999999999855476e+00,-1.450872017140662162e+00,1.240095639767473390e+00,1.510905942059374922e+02,-8.444589727706775406e+00
8.034999999999856257e+00,-1.447385542788415691e+00,9.106293583108501233e-01,1.377980027637255773e+02,-8.841714020667666318e+00
8.039999999999857039e+00,-1.442870804970966203e+00,8.330551728028378067e-01,1.896257786312855842e+02,-8.324668857299290181e+00
8.044999999999857820e+00,-1.438236491121272387e+00,5.495139147663603563e-01,-4.858539778945904573e+02,-8.861731536698140843e+00
8.049999999999858602e+00,-1.434156428298262176e+00,1.001915993120108039e+00,1.506526227191775433e+02,-8.390889444732275493e+00
8.054999999999859384e+00,-1.429933126363716278e+00,7.413302646571482413e-01,-7.123843977461413957e+00,-8.693935923362703377e+00
8.059999999999860165e+00,-1.425804685754715084e+00,8.911727331005762087e-01,6.045924859263634943e+01,-8.280994808667820450e+00
8.064999999999860947e+00,-1.422055805837566078e+00,6.763292902769061365e-01,-4.149516549867707482e+01,-8.601125571385555446e+00
8.069999999999861728e+00,-1.419858656407767983e+00,2.852440640677154082e-01,-6.554872697694050032e+01,-8.054819345365604732e+00
8.074999999999862510e+00,-1.419700121444484209e+00,-1.611378023407598614e-01,-9.395741433980298041e+01,-7.322342816528564668e+00
8.079999999999863292e+00,-1.423856788509788585e+00,-2.110959257869694738e+00,-1.399329425075554354e+03,-7.383277320106278019e+00
8.084999999999864073e+00,-1.447613028735906360e+00,-6.052762576999545452e+00,-5.132537843174526415e+02,-4.067146037259282032e+00
8.089999999999864855e+00,-1.484010436443799152e+00,-7.811317663284479629e+00,-2.027952579628227170e+02,-2.703779726476004619e+00
8.094999999999865636e+00,-1.524465306265204267e+00,-8.145622800553216081e+00,-3.510079769747726175e+00,-1.590091414431085148e+00
8.099999999999866418e+00,-1.563578312699288375e+00,-7.558334473115818852e+00,1.562651927276820629e+02,-6.839013954696397946e-01
8.104999999999867200e+00,-1.598462131222059490e+00,-6.577590764934875267e+00,2.067180118699371860e+02,-1.243228662813224972e-01
8.109999999999867981e+00,-1.628649024711325666e+00,-5.685905386670963679e+00,1.638005169374766865e+02,-1.859706659303439480e-01
8.114999999999868763e+00,-1.650784691424153072e+00,-3.746349306275967628e+00,3.054397660909502292e+02,7.545650184569181462e-01
8.119999999999869544e+00,-1.660849573230656073e+00,-1.094940584375458936e+00,4.096190205755358988e+02,1.515099765220210726e+00
8.124999999999870326e+00,-1.656160390691032713e+00,1.997286556697624338e+00,4.498235839282214670e+02,1.942033965522669270e+00
8.129999999999871108e+00,-1.651199967542188674e+00,-1.022549754861486054e-01,3.957906742512639653e+02,5.168071329532081037e+00
8.134999999999871889e+00,-1.646712541175940903e+00,8.497658233157558971e-01,1.679302024625057399e+01,9.118836589818103633e+00
8.139999999999872671e+00,-1.642016680427975439e+00,6.046366253709170024e-01,-3.136425811862744695e+02,1.143273869999277004e+01
8.144999999999873452e+00,-1.635115275330389251e+00,8.838164051816921329e-01,-6.779528907613770343e+02,1.447132659957997092e+01
8.149999999999874234e+00,-1.626686236976546907e+00,1.624255324126097078e+00,-5.971413653352158235e+02,1.541443880600404270e+01
8.154999999999875016e+00,-1.617983048305274396e+00,2.497510587442793195e+00,1.433388432095458256e+03,1.547379255474326953e+01
8.159999999999875797e+00,-1.609009747244757538e+00,1.248716394046590628e+00,-7.361823342546069853e+02,1.390933535745234195e+01
8.164999999999876579e+00,-1.597633683512479141e+00,2.241773202836113477e+00,-6.351840947049255419e+02,1.355411366798154837e+01
8.169999999999877360e+00,-1.589987535769368465e+00,9.996200751479589197e-01,-7.705284984590321073e+02,1.318942074292263911e+01
8.174999999999878142e+00,-1.578588162560609076e+00,2.312429918080358249e+00,-6.863843603700854601e+02,1.295584893777703606e+01
8.179999999999878924e+00,-1.570488191852498661e+00,1.022036211564264718e+00,-7.602157744134917721e+02,1.238584860414980326e+01
8.184999999999879705e+00,-1.558481309707236750e+00,2.479508618916240970e+00,-6.847391530980702328e+02,1.216513878063114618e+01
8.189999999999880487e+00,-1.549447202391288636e+00,1.333760469142434069e+00,-7.576152879151549087e+02,1.146984888276801584e+01
8.194999999999881268e+00,-1.538205894785348748e+00,2.813162454464163797e+00,1.801404047891100390e+03,1.235693610116185504e+01
8.199999999999882050e+00,-1.527161264246152506e+00,1.744512917771706473e+00,-7.689014682267063563e+02,1.039633399704519690e+01
8.204999999999882832e+00,-1.516402486356462243e+00,3.222513212871831012e+00,1.788983593025218624e+03,1.095771771541817508e+01
8.209999999999883613e+00,-1.505862228780693757e+00,2.160920065298095771e+00,-7.173330599475825693e+02,9.141092524653462448e+00
8.214999999999884395e+00,-1.495725257254485907e+00,1.074400555670957047e+00,-7.297798993788633197e+02,1.004059792228431114e+01
8.219999999999885176e+00,-1.482653817579655753e+00,2.826346267958544711e+00,-6.424733125908012425e+02,9.686994560852564717e+00
8.224999999999885958e+00,-1.472254684735598618e+00,1.622926159444773475e+00,-7.917599949945853268e+02,9.161408222100538623e+00
8.229999999999886739e+00,-1.459074838932972185e+00,3.380171537261090098e+00,2.180454533933697348e+03,9.874703616652878324e+00
8.234999999999887521e+00,-1.449254155226927132e+00,1.630750972317582814e+00,-7.931677411241754498e+02,7.631044683789877325e+00
8.239999999999888303e+00,-1.437831509877785630e+00,1.910444757840342289e+00,-1.028115700611433709e+02,8.382651615157410419e+00
8.244999999999889084e+00,-1.426282601427314889e+00,3.192906561139748245e+00,1.624162814793544840e+03,7.842072687409318732e+00
8.249999999999889866e+00,-1.415856453562937434e+00,1.252577451450893387e+00,-9.545369891438177774e+02,6.326724780360170719e+00
8.254999999999890647e+00,-1.402948221797438055e+00,2.472335380924291393e+00,-8.240776111773316188e+02,5.942621711582241062e+00
8.259999999999891429e+00,-1.391998436718097532e+00,3.061908884470797343e+00,1.877416340905322841e+03,5.950813952817550323e+00
8.264999999999892211e+00,-1.381720193717349110e+00,1.383355687597265016e+00,-8.928803241161956521e+02,4.796567452446748092e+00
8.269999999999892992e+00,-1.368751525063242047e+00,2.341486572860940640e+00,-8.587632427348967212e+02,4.724108617861386250e+00
8.274999999999893774e+00,-1.357162957517013213e+00,3.252940915713331105e+00,1.798402241096763191e+03,4.707157169684266229e+00
8.279999999999894555e+00,-1.346594589282976706e+00,1.325836603095440047e+00,-8.160440792351849950e+02,3.221311873799333370e+00
8.284999999999895337e+00,-1.334645451880828171e+00,2.336046644255234117e+00,-7.054820685919771677e+02,2.442133167764296342e+00
8.289999999999896119e+00,-1.324025201592126111e+00,1.971382833561232228e+00,-6.023769532085772198e+02,9.350133050738254070e-01
8.294999999999896900e+00,-1.314094290531278464e+00,1.725998980690590878e+00,-5.535197170749577253e+02,-3.176453451490786062e-01
8.299999999999897682e+00,-1.306128984387283198e+00,1.490265318125548744e+00,-5.363953958766007446e+01,-1.515576880038985941e+00
8.304999999999898463e+00,-1.300684386042767482e+00,1.047921254492285126e+00,-2.065030737952896231e+02,-3.708419331197795543e+00
8.309999999999899245e+00,-1.297256000785174335e+00,5.467415451492566199e-03,-6.999112868253541819e+02,-5.918940811364231003e+00
8.314999999999900027e+00,-1.295215733669743630e+00,4.114941463572724945e-01,-6.623932331968829601e+01,-7.296834106271936626e+00
8.319999999999900808e+00,-1.293582288243704470e+00,3.896410699483484619e-01,-1.335731595816777961e+01,-8.180939235549651301e+00
8.324999999999901590e+00,-1.291627872170516111e+00,4.245281679744715708e-01,-6.446598610750403857e+00,-8.799833933116335771e+00
8.329999999999902371e+00,-1.289516682853045104e+00,4.182998661059565415e-01,-3.565995388786106446e+01,-9.244931624571265161e+00
8.334999999999903153e+00,-1.287707975657067960e+00,3.346797442694970370e-01,-6.361981924718625692e+01,-9.483486554851323191e+00
8.339999999999903935e+00,-1.286514583251277433e+00,1.933921648860156828e-01,-7.431536238535733918e-02,-9.591093184215411682e+00
8.344999999999904716e+00,-1.286065804292182424e+00,3.286984566213889403e-02,4.807830678925181189e+01,-9.865765398430427879e+00
8.349999999999905498e+00,-1.306140429608179554e+00,-7.288933137446024446e+00,-1.269689988412323828e+03,-6.701635913383610088e+00
8.354999999999906279e+00,-1.357358731800200724e+00,-1.153809774909404240e+01,-4.874060197309713658e+02,-3.755218579829509906e+00
8.359999999999907061e+00,-1.418281227424344815e+00,-1.234617271861298349e+01,-2.697095953210926922e+01,-1.937962588738659342e+00
8.364999999999907843e+00,-1.479814681492054751e+00,-1.209164565583710882e+01,1.904062704187719817e+02,-1.142959301772529912e+00
8.369999999999908624e+00,-1.538843300232108247e+00,-1.149132179013534305e+01,1.514691848950978397e+02,-7.130480911263568089e-01
8.374999999999909406e+00,-1.593128608931441148e+00,-1.038064498268306757e+01,2.695640542960313724e+02,-1.617599260371793690e-01
8.379999999999910187e+00,-1.642295222851178016e+00,-9.436271358690843769e+00,1.978049312066184484e+02,-7.965086635709983653e-02
8.384999999999910969e+00,-1.686487104204340115e+00,-8.403221917182058576e+00,2.476467553067190295e+02,1.459748774189328913e-01
8.389999999999911751e+00,-1.725820748282289152e+00,-7.485540339259123321e+00,1.778310074264774414e+02,1.883445003248085392e-01
8.394999999999912532e+00,-1.759940442491173762e+00,-6.428391127824320428e+00,1.893693400809417540e+02,4.175006728204158080e-01
8.399999999999913314e+00,-1.788261050053964851e+00,-5.227637534874112646e+00,1.839117119846700348e+02,5.619035436341000000e-01
8.404999999999914095e+00,-1.811005574362406279e+00,-4.154158602606464967e+00,1.712575438033505009e+02,5.256003463121841079e-01
8.409999999999914877e+00,-1.827722379349139059e+00,-2.889562724298501806e+00,2.230268319350789739e+02,7.990055238115343350e-01
8.414999999999915659e+00,-1.837784235407962763e+00,-1.544097493471736415e+00,1.935699061316670111e+02,9.663263009485195676e-01
8.419999999999916440e+00,-1.839613007061009053e+00,2.571779845969311418e-01,2.742787971645097969e+02,1.409497449229419885e+00
8.424999999999917222e+00,-1.831791222909070704e+00,2.264808522478245045e+00,3.284509543981220077e+02,1.549037716004578735e+00
8.429999999999918003e+00,-1.810254728278670511e+00,5.351365667886203603e+00,4.266898826406004446e+02,2.675781832951795725e+00
8.434999999999918785e+00,-1.774071175155379265e+00,8.133599166369807065e+00,3.247428587260114909e+02,2.575371995174549955e+00
8.439999999999919567e+00,-1.726061134174902589e+00,1.029892208022931932e+01,2.919501373477695552e+02,2.466367585313218314e+00
8.444999999999920348e+00,-1.669995935851666502e+00,1.159697359863720045e+01,1.358034745873138434e+02,1.880494729091537920e+00
8.449999999999921130e+00,-1.649739615366137002e+00,-1.133335750767169525e+00,7.537519212865835527e+01,8.499882400403377503e+00
8.454999999999921911e+00,-1.652758960298450042e+00,-4.327395523920039011e-01,-8.559776650828152356e+01,1.659144250924083153e+01
8.459999999999922693e+00,-1.653921473718947821e+00,-1.933932268126406229e-01,-5.786630866606325441e+01,1.780758300103717673e+01
8.464999999999923475e+00,-1.654032866230870757e+00,1.102000642864325169e-02,-8.798460857904673560e+01,1.733165383988884400e+01
8.469999999999924256e+00,-1.653130818078265563e+00,1.701952194664705098e-01,-1.240184210313277333e+02,1.729114420165404553e+01
8.474999999999925038e+00,-1.651405785684727068e+00,3.556532847570779143e-01,-1.015720630713741173e+02,1.715693382141545342e+01
8.479999999999925819e+00,-1.648819060006360360e+00,5.364726816326308434e-01,-1.125293736788224521e+02,1.661247353595049958e+01
8.484999999999926601e+00,-1.645898655244184106e+00,6.355274141855270509e-01,-7.447646312777419553e+01,1.627559116314927934e+01
8.489999999999927383e+00,-1.642646141580657471e+00,7.032614046036114175e-01,-1.162802903152261251e+02,1.595945143239072017e+01
8.494999999999928164e+00,-1.639129571739011304e+00,7.605423662337343904e-01,-1.481162909835398978e+02,1.574599933070655489e+01
8.499999999999928946e+00,-1.635397960436502984e+00,7.849687263606455190e-01,-1.910549856909428854e+02,1.548928903146675751e+01
8.504999999999929727e+00,-1.631049161243514956e+00,9.345515250503596549e-01,-8.716465478219717511e+01,1.535983968945162736e+01
8.509999999999930509e+00,-1.626579457100655102e+00,1.156283984959173727e+00,5.257676468650311108e+02,1.490027947181179968e+01
8.514999999999931291e+00,-1.622283099194523404e+00,6.142296935727330487e-01,-3.209933311276028576e+02,1.397994286240159312e+01
8.519999999999932072e+00,-1.617306787070873275e+00,9.733569040200896749e-01,-2.422208149553490273e+02,1.388090760963627801e+01
8.524999999999932854e+00,-1.612504504288847063e+00,1.293469537916462686e+00,6.533164040700012265e+02,1.452286418911982402e+01
8.529999999999933635e+00,-1.607607230564512601e+00,7.582960003028426099e-01,-2.993197680988349134e+02,1.290038780316751499e+01
8.534999999999934417e+00,-1.601636126539702554e+00,1.150136897404542946e+00,-3.393964886885522105e+02,1.373213974116147362e+01
8.539999999999935199e+00,-1.595554889099214169e+00,1.612661900030962547e+00,7.418479931147713842e+02,1.316098824169444370e+01
8.544999999999935980e+00,-1.590529907796548459e+00,8.860590677099297041e-01,-3.781507451071564674e+02,1.187693759461679122e+01
8.549999999999936762e+00,-1.584570007002493508e+00,1.034852901765088928e+00,1.452179151790808120e+01,1.248970903016870793e+01
8.554999999999937543e+00,-1.579030398421188863e+00,1.576691365629432129e+00,8.695336118487850854e+02,1.225111013915419278e+01
8.559999999999938325e+00,-1.573334786236067373e+00,8.137500954008952680e-01,-4.677444930391898197e+02,1.105738902699868476e+01
8.564999999999939106e+00,-1.566808882289447924e+00,1.225400408891959447e+00,-3.502465880448447706e+02,1.091425246318651965e+01
8.569999999999939888e+00,-1.561133581127269743e+00,1.610569954548171312e+00,9.402823312200605415e+02,1.048267500457540002e+01
8.574999999999940670e+00,-1.555621688514963630e+00,7.380709824337069458e-01,-4.637905872945548822e+02,8.975454053048308012e+00
8.579999999999941451e+00,-1.549053877762713416e+00,1.245573847146745461e+00,-4.519094582134616758e+02,8.662367644875414996e+00
8.584999999999942233e+00,-1.543010327241285617e+00,1.663469970772527118e+00,9.090055950225308834e+02,8.095465451271062207e+00
8.589999999999943014e+00,-1.537159888259984841e+00,8.502994900481899432e-01,-4.008423735900496467e+02,7.349436497902139820e+00
8.594999999999943796e+00,-1.530028880498198074e+00,1.360476829313554958e+00,-4.458287702241673287e+02,6.584630657053477165e+00
8.599999999999944578e+00,-1.523554990598642300e+00,1.697410361876497742e+00,8.142157149301070831e+02,5.780327661405779693e+00
8.604999999999945359e+00,-1.517248751896421499e+00,1.176758766852199267e+00,-2.264611078803281785e+01,3.841476248801729554e+00
8.609999999999946141e+00,-1.511201244662652154e+00,1.135880388095150906e+00,-2.965918010948250867e+02,2.506675982387454482e+00
8.614999999999946922e+00,-1.504982988457771231e+00,1.280813623344152052e+00,9.171748502295255889e+01,5.033470090497219607e-01
8.619999999999947704e+00,-1.500181670471955941e+00,9.450182266302913359e-01,-2.830123333864764845e+02,-2.457724407439614733e+00
8.624999999999948486e+00,-1.495024917420414878e+00,1.111267093228076153e+00,4.391934378116313837e+02,-5.348606363126247487e+00
8.629999999999949267e+00,-1.489773014784544714e+00,1.220964485937892308e+00,1.056223046652884392e+02,-7.217975173568837555e+00
8.634999999999950049e+00,-1.486092136778079720e+00,1.219880113707867197e+00,1.711282552273517013e+02,-7.409052221739321098e+00
8.639999999999950830e+00,-1.481927592758284451e+00,1.366484616287817033e+00,3.253466229945387340e+02,-8.030082979270451560e+00
8.644999999999951612e+00,-1.479185853721289634e+00,1.028580793964169571e+00,1.724485261774213427e+02,-8.184910599219909599e+00
8.649999999999952394e+00,-1.476191725208958250e+00,7.954335655811642924e-01,2.462395744199182843e+02,-7.970934035902307535e+00
8.654999999999953175e+00,-1.472946135668877776e+00,5.007996577714660669e-01,1.769527972840419636e+02,-8.228521051636352723e+00
8.659999999999953957e+00,-1.469847015265137058e+00,1.484953828401610609e-01,1.732562058695484097e+02,-7.679961149633578010e+00
8.664999999999954738e+00,-1.465671836893168045e+00,1.269215770108287122e+00,2.075986753447364492e+02,-8.683089760223454689e+00
8.669999999999955520e+00,-1.463213699186872274e+00,8.532619916834743856e-01,1.690905674194137021e+02,-7.873049606877494888e+00
8.674999999999956302e+00,-1.460448801410588082e+00,2.836826147456039116e-01,1.298053935939342409e+02,-8.256199834375882673e+00
8.679999999999957083e+00,-1.456659570075901966e+00,1.085092021447048749e+00,1.421932465539091197e+02,-8.498381839483002409e+00
8.684999999999957865e+00,-1.453523153637170884e+00,7.481132569773766283e-01,1.964228565357777256e+02,-8.583405721322179716e+00
8.689999999999958646e+00,-1.449426282131816235e+00,1.528344400090813071e-01,-9.942664973129842565e+02,-8.993989319706384933e+00
8.694999999999959428e+00,-1.447738325128518966e+00,5.146737417387663438e-01,1.105571941194162235e+02,-8.373214482072402376e+00
8.699999999999960210e+00,-1.444469359904805739e+00,7.627170026938242531e-01,5.497382294555792015e+01,-8.752882849928164788e+00
8.704999999999960991e+00,-1.440337090602067605e+00,8.348795208362925768e-01,-2.253303586137801773e+01,-8.402733188274938314e+00
8.709999999999961773e+00,-1.436112258301433631e+00,8.179707416101875683e-01,-2.150171859786709661e+00,-7.888804476851108305e+00
8.714999999999962554e+00,-1.432803481752386698e+00,5.237556436900197010e-01,-8.953743193641170706e+01,-7.960218334163079668e+00
8.719999999999963336e+00,-1.431853657771727573e+00,-3.904699699158675763e-02,-9.522528991834919054e+01,-7.191874847817292249e+00
8.724999999999964118e+00,-1.434415077286479434e+00,-8.478044764738935646e-01,-2.038103357688045776e+02,-7.244688845371839214e+00
8.729999999999964899e+00,-1.446372959887056497e+00,-4.135444599437327895e+00,-8.439479035654389918e+02,-5.237645846536696403e+00
8.734999999999965681e+00,-1.475078736333104601e+00,-6.516467632063951854e+00,-3.083485688106187013e+02,-3.019103565786614762e+00
8.739999999999966462e+00,-1.509876972722305366e+00,-7.097574857161042416e+00,-1.189104233675387867e+01,-1.702511551437609238e+00
8.744999999999967244e+00,-1.545537309645041324e+00,-7.055984402667059285e+00,5.420068156583277386e+01,-1.257875220816623951e+00
8.749999999999968026e+00,-1.578405498926713113e+00,-6.251944007467960418e+00,1.610211026488489097e+02,-5.198790262182608757e-01
8.754999999999968807e+00,-1.606106688763870638e+00,-5.118061126668381533e+00,1.984855633661894103e+02,-7.530235017672559650e-02
8.759999999999969589e+00,-1.626925824538673959e+00,-3.618779115938822066e+00,2.563223797679695508e+02,4.307019834206931019e-01
8.764999999999970370e+00,-1.638756626775351943e+00,-1.694390551226779396e+00,2.734451569367665229e+02,7.307776480741841052e-01
8.769999999999971152e+00,-1.645350986530506043e+00,-1.509594959168321093e+00,3.772578837265056109e+02,3.577906754730802774e+00
8.774999999999971934e+00,-1.644011971843470032e+00,7.068630119412733226e-01,-3.965892278863261140e+02,6.275241047875184996e+00
8.779999999999972715e+00,-1.637601129096892150e+00,1.447577291587514026e+00,4.213201086561967941e+02,9.532182935170341764e+00
8.784999999999973497e+00,-1.631270849304618187e+00,1.774388558953809314e+00,1.196250077497168377e+03,1.239019372719629430e+01
8.789999999999974278e+00,-1.624198875279424303e+00,2.045150885073147240e+00,1.227764427489928494e+03,1.399010121056943134e+01
8.794999999999975060e+00,-1.617715597629810986e+00,7.236156241070201833e-01,-8.168074516541288403e+02,1.469290612411335140e+01
8.799999999999975842e+00,-1.607613905015157441e+00,2.060963919781918285e+00,-7.252162693205115147e+02,1.489082487655252152e+01
8.804999999999976623e+00,-1.596284889900973392e+00,3.236653564892816526e+00,1.716933169894786261e+03,1.423419402260878464e+01
8.809999999999977405e+00,-1.586127900237588539e+00,1.997278285823375299e+00,-7.274970856431567654e+02,1.206974330544599816e+01
8.814999999999978186e+00,-1.574956065391353244e+00,3.230997976713982478e+00,1.740441087345334608e+03,1.300656832740231295e+01
8.819999999999978968e+00,-1.564669894779467052e+00,2.061914931056976208e+00,-7.181002275841676692e+02,1.114150656218882673e+01
8.824999999999979750e+00,-1.552832898936087558e+00,3.414988279620093437e+00,1.780174607420718758e+03,1.204777282348519840e+01
8.829999999999980531e+00,-1.541484756341654938e+00,2.298014165901154371e+00,-7.059959086908686459e+02,1.008610346511880351e+01
8.834999999999981313e+00,-1.530774638417587541e+00,1.213101097951390095e+00,-7.068841908106052188e+02,1.101644987235928319e+01
8.839999999999982094e+00,-1.517248743346433004e+00,2.889472462293555033e+00,-6.959334641311368159e+02,1.060465077369470066e+01
8.844999999999982876e+00,-1.506160138305187468e+00,1.775145988960974641e+00,-8.004214770176452021e+02,9.912470195827143726e+00
8.849999999999983658e+00,-1.492348359090843957e+00,3.462608502208090577e+00,2.050765719814617569e+03,1.082520113871337664e+01
8.854999999999984439e+00,-1.480899834920970992e+00,2.389047500850004724e+00,-7.474202593755564976e+02,8.499075159465078855e+00
8.859999999999985221e+00,-1.469523258679937827e+00,1.257024133184242887e+00,-8.311576226724887420e+02,9.378374303527701628e+00
8.864999999999986002e+00,-1.457258974630187387e+00,3.295636921114691198e+00,2.309262771492440606e+03,1.046958311654649521e+01
8.869999999999986784e+00,-1.444340096373824434e+00,2.133941784401178765e+00,-8.209276589401370074e+02,8.021539762583387301e+00
8.874999999999987566e+00,-1.431586419651511566e+00,3.694609205092223458e+00,1.942410245061982096e+03,8.898725587593684594e+00
8.879999999999988347e+00,-1.419898948179170617e+00,2.402926801201686224e+00,-8.171780698783929893e+02,6.723551594306098167e+00
8.884999999999989129e+00,-1.408073941738292589e+00,2.263649280202632230e+00,4.576170437937803399e+02,7.362523414516964237e+00
8.889999999999989910e+00,-1.397609778743739373e+00,1.600524251272623655e+00,-6.939082773164047921e+02,6.853882912683102901e+00
8.894999999999990692e+00,-1.384341898309785712e+00,3.094431793331761327e+00,1.501893324651904777e+03,6.840305228679272709e+00
8.899999999999991473e+00,-1.373007322073226399e+00,1.517791850777788776e+00,-9.159748541288706747e+02,4.956225142325773270e+00
8.904999999999992255e+00,-1.359537316690902831e+00,2.507934288747166285e+00,-8.886045763071491592e+02,4.704823147321957499e+00
8.909999999999993037e+00,-1.347233291585948400e+00,3.415365257083445627e+00,1.901944115203240926e+03,5.039464711899471538e+00
8.914999999999993818e+00,-1.335925471124873143e+00,1.476492176045615778e+00,-9.608845999593933129e+02,3.777374860698556880e+00
8.919999999999994600e+00,-1.322253595537867366e+00,2.556489560860608190e+00,-8.440671284806489894e+02,3.522091028391756140e+00
8.924999999999995381e+00,-1.310249040324771741e+00,3.224450378054393607e+00,1.683922745219576882e+03,3.349771905458912791e+00
8.929999999999996163e+00,-1.299299409696709429e+00,1.527182275857345228e+00,-6.472903557922037407e+02,1.781700572546374151e+00
8.934999999999996945e+00,-1.288033250217204051e+00,2.459509465095631953e+00,4.818644229817729752e+02,6.539098032519968795e-01
8.939999999999997726e+00,-1.277975753600349984e+00,1.948347166889655480e+00,-1.339453080607385402e+02,-8.586784319918421282e-01
8.944999999999998508e+00,-1.273140683005502982e+00,4.429480363049448921e-01,-2.771935509324506484e+02,-2.121846201741919735e+00
8.949999999999999289e+00,-1.273073013706168544e+00,-3.739123458009249723e-02,-1.667333269418456894e+02,-3.838930596970833165e+00
8.955000000000000071e+00,-1.275769507365016819e+00,-1.311647430401280845e+00,-8.020231162364765396e+02,-5.703004909664393551e+00
8.960000000000000853e+00,-1.280912553542500998e+00,-1.109013327094277690e+00,-1.104692725454197983e+02,-6.781868694674623832e+00
8.965000000000001634e+00,-1.287463520752845092e+00,-1.340656463552322375e+00,-7.267887964621371566e+01,-7.546821212651500410e+00
8.970000000000002416e+00,-1.294454320021213078e+00,-1.398118476810656041e+00,3.424155999070512024e+01,-8.049632730226415234e+00
8.975000000000003197e+00,-1.301288487070923150e+00,-1.286189783973762824e+00,8.939696699434610139e+01,-8.577115101770354855e+00
8.980000000000003979e+00,-1.307350729206998796e+00,-1.152242124230637765e+00,4.973495268352769116e+00,-8.938465491276996744e+00
8.985000000000004761e+00,-1.313184849328855819e+00,-1.193055376931622114e+00,-2.767856930815652561e+01,-8.410668044569455049e+00
8.990000000000005542e+00,-1.319036279299040881e+00,-1.184834542830214499e+00,-2.121563602900515377e+01,-8.665090108022354798e+00
8.995000000000006324e+00,-1.324859330290707016e+00,-1.157339104110779449e+00,-2.835658807214390009e+00,-8.698062716730607491e+00
9.000000000000007105e+00,-1.330443340484167791e+00,-1.055889383054495756e+00,8.989905082545077164e+01,-8.807564984116423190e+00
9.005000000000007887e+00,-1.335461831714836345e+00,-9.592762928204204842e-01,2.540752011802088717e+01,-9.026865933434372380e+00
9.010000000000008669e+00,-1.340121659485539629e+00,-9.308892171084992562e-01,-1.583542996755279475e+01,-8.501136014692226794e+00
9.015000000000009450e+00,-1.344649793953460293e+00,-8.704618237391289481e-01,4.156621171023280681e+01,-8.784608323054975187e+00
9.020000000000010232e+00,-1.366143373187872934e+00,-7.187856551939415972e+00,-1.198245338154495357e+03,-6.214402817786545796e+00
9.025000000000011013e+00,-1.412667750438332037e+00,-1.025631000156953476e+01,-3.775140089101840317e+02,-3.184482562404301831e+00
9.030000000000011795e+00,-1.467567723912400979e+00,-1.115547666114389713e+01,3.238067558936367618e+01,-1.921540512264724221e+00
9.035000000000012577e+00,-1.523612640560539910e+00,-1.108135889388103656e+01,8.607500765211455018e+01,-1.121380013353892480e+00
9.040000000000013358e+00,-1.576761071692230454e+00,-1.027756003803191653e+01,2.088089802335168201e+02,-4.965875283501288706e-01
9.045000000000014140e+00,-1.625829125752992432e+00,-9.463988803405722905e+00,1.839757941065275020e+02,-3.080496609597096480e-01
9.050000000000014921e+00,-1.669516220782160554e+00,-8.261794282809894696e+00,2.604638892588080807e+02,1.647862144497613812e-01
9.055000000000015703e+00,-1.707691370946950116e+00,-7.229376074148069264e+00,1.916197954920473876e+02,1.549827915568404713e-01
9.060000000000016485e+00,-1.740265206479078675e+00,-6.051330937898891094e+00,2.473979606146089338e+02,4.362658965182424353e-01
9.065000000000017266e+00,-1.767513932551046940e+00,-5.067438630407258060e+00,1.679395782416653731e+02,3.830027009684111583e-01
9.070000000000018048e+00,-1.789022772380835846e+00,-3.872688792194423968e+00,1.969358762530233662e+02,7.113532907847752718e-01
9.075000000000018829e+00,-1.803781367895738841e+00,-2.453856792037746981e+00,1.925616893156569063e+02,9.527795859257941480e-01
9.080000000000019611e+00,-1.811157231878136153e+00,-9.236145968006899132e-01,2.744875289367450364e+02,1.096674261423483232e+00
9.085000000000020393e+00,-1.808341435494210669e+00,1.327579229023966079e+00,3.125862495491190316e+02,1.760605702537647144e+00
9.090000000000021174e+00,-1.789065814894830408e+00,5.133993642370860755e+00,5.252309911990118962e+02,3.196073687889517068e+00
9.095000000000021956e+00,-1.752146088134054036e+00,8.511078773228531347e+00,4.654453808566838688e+02,3.202890555917924154e+00
9.100000000000022737e+00,-1.702390480644352388e+00,1.063144896194415878e+01,2.772938439323934290e+02,2.496644727002406583e+00
9.105000000000023519e+00,-1.657951985863048261e+00,-1.469122113064281310e+00,-1.329373290526568235e+04,1.936071350536032298e+00
9.110000000000024301e+00,-1.660478401148143046e+00,-1.911895221673123868e-01,-8.962094784034614747e+01,1.733512416109041965e+01
9.115000000000025082e+00,-1.660117378007536226e+00,-8.526281993635731124e-03,-1.649332454367824710e+02,1.763653272558038054e+01
9.120000000000025864e+00,-1.658742104588377897e+00,1.740304681687792066e-01,-1.655540437660750115e+02,1.752815991488092351e+01
9.125000000000026645e+00,-1.656391335187779257e+00,3.211736980465751401e-01,-2.183163084961950062e+02,1.747043263188024298e+01
9.130000000000027427e+00,-1.653248028122578317e+00,4.820320204285569732e-01,-1.910145572867815247e+02,1.658234145428697204e+01
9.135000000000028209e+00,-1.649609753427348391e+00,5.028463649737472396e-01,-2.711780556111082205e+02,1.683060542918747871e+01
9.140000000000028990e+00,-1.645297755548765561e+00,6.576020745394540734e-01,-2.201104288228391681e+02,1.652103571585375974e+01
9.145000000000029772e+00,-1.640743447738180150e+00,7.898556499783733198e-01,-2.090602761973005954e+02,1.604486709116094545e+01
9.150000000000030553e+00,-1.635638080769331371e+00,9.506193065523919072e-01,-2.127168328886578763e+02,1.594766805157338041e+01
9.155000000000031335e+00,-1.629871717890754690e+00,1.137595224248016734e+00,-2.064362993156081245e+02,1.513758404068257768e+01
9.160000000000032117e+00,-1.624290228971567274e+00,1.489261876802271622e+00,7.465698541035877724e+02,1.509184128968968430e+01
9.165000000000032898e+00,-1.618880452073375942e+00,8.079155105954145544e-01,-3.253898947123727226e+02,1.412606100337697868e+01
9.170000000000033680e+00,-1.612599268494240068e+00,1.229319465741816941e+00,-3.143781384433237349e+02,1.449939381635300606e+01
9.175000000000034461e+00,-1.606451373334802257e+00,1.667154504169686691e+00,8.342233242482309379e+02,1.408084890642871478e+01
9.180000000000035243e+00,-1.600274878617697460e+00,9.323847379638555699e-01,-4.004420526089236887e+02,1.339504365800532781e+01
9.185000000000036025e+00,-1.592841091914890983e+00,1.496590460657868604e+00,-3.134438248173216834e+02,1.306018258542342991e+01
9.190000000000036806e+00,-1.586128250238910908e+00,1.710885312712848050e+00,7.511549609998565984e+02,1.311389430617391483e+01
9.195000000000037588e+00,-1.579664585254284104e+00,9.853075378327444955e-01,-3.999375338132460342e+02,1.226173134934551001e+01
9.200000000000038369e+00,-1.571756627115944216e+00,1.556776807135058949e+00,-3.478985812979156549e+02,1.221251956686485762e+01
9.205000000000039151e+00,-1.565692502637646033e+00,1.817310252722882824e+00,9.955042177224672741e+02,1.175106913548610343e+01
9.210000000000039933e+00,-1.558856910763714687e+00,1.010074410725296357e+00,-5.005622954134983615e+02,1.057004614860175629e+01
9.215000000000040714e+00,-1.551738357135680202e+00,1.190069717539917082e+00,-1.582705374644413610e+02,1.109768834778035718e+01
9.220000000000041496e+00,-1.545232521227552613e+00,1.918479222211535218e+00,1.127012054064492304e+03,1.087647806167266928e+01
9.225000000000042277e+00,-1.539026652956508645e+00,7.462743913861511480e-01,-5.563420122138124952e+02,9.337351404017462997e+00
9.230000000000043059e+00,-1.531801117171213145e+00,1.405503555464911125e+00,-5.097970413769619427e+02,8.892676039668286236e+00
9.235000000000043840e+00,-1.525137090731109701e+00,1.805391251750297021e+00,1.011269887627215439e+03,8.416215365779077473e+00
9.240000000000044622e+00,-1.519204277450741714e+00,7.799166162323621920e-01,-4.980214311813506924e+02,7.372208900403943055e+00
9.245000000000045404e+00,-1.511354890614948321e+00,1.518960706282679762e+00,-5.430250788634302808e+02,7.388791864966030687e+00
9.250000000000046185e+00,-1.504546557132397266e+00,1.886064006668767057e+00,1.085084376021491607e+03,6.806118792527588113e+00
9.255000000000046967e+00,-1.497637327859087986e+00,1.042300353698344617e+00,-4.485317248349851980e+02,5.634359756892907356e+00
9.260000000000047748e+00,-1.489855128015800112e+00,1.500197715006247767e+00,-4.200154618906023529e+02,4.188946065519354889e+00
9.265000000000048530e+00,-1.482701272462033426e+00,1.682198790785782050e+00,4.828746274949029385e+02,2.944656739543612733e+00
9.270000000000049312e+00,-1.475882870934078106e+00,1.441025765257569535e+00,2.545909920468997427e+02,1.025265807196285905e+00
9.275000000000050093e+00,-1.470068062399636055e+00,1.014706956691407091e+00,-2.402109071527970130e+01,-1.066397125475933017e+00
9.280000000000050875e+00,-1.465076504612679242e+00,1.427416981846462818e+00,1.876948789015925740e+02,-4.664850368548148829e+00
9.285000000000051656e+00,-1.461519709975004355e+00,1.046458289458726210e+00,3.928754350446943704e+02,-5.772223496547989718e+00
9.290000000000052438e+00,-1.458503168502029101e+00,6.849358084176605521e-01,1.177949656600126218e+02,-7.123191508056376797e+00
9.295000000000053220e+00,-1.454711740428273892e+00,6.138300832371366145e-01,1.184479368775816397e+02,-7.911542563383181736e+00
9.300000000000054001e+00,-1.450746239644485236e+00,2.095221191145612005e-01,2.090815090873130941e+02,-7.871623734786978410e+00
9.305000000000054783e+00,-1.446826476641034809e+00,-1.938170455757119992e-01,-1.654197797811496230e+03,-9.104680425260090360e+00
9.310000000000055564e+00,-1.443244103919706589e+00,1.277239154804259869e+00,2.266251905568487075e+02,-9.157773124970006506e+00
9.315000000000056346e+00,-1.437975876070646253e+00,1.364518327178205093e+00,2.312555460456419212e+02,-8.779292352064601346e+00
9.320000000000057128e+00,-1.436181911967106206e+00,7.447929465369679258e-01,1.839524320635657091e+02,-8.775694245404686455e+00
9.325000000000057909e+00,-1.432677462959863979e+00,1.595687987379247955e-02,1.771237982955942982e+02,-8.115950493225156492e+00
9.330000000000058691e+00,-1.429420450629041994e+00,1.051022383628349877e+00,1.723728043022769896e+02,-9.118997459716103648e+00
9.335000000000059472e+00,-1.427072174513989156e+00,5.189455261693389776e-01,1.597136690596477706e+02,-8.366809126210451808e+00
9.340000000000060254e+00,-1.422100391127352426e+00,1.298921373031930449e+00,1.349047551132695162e+02,-9.338837040360330022e+00
9.345000000000061036e+00,-1.421734339549036052e+00,3.088369669636223946e-01,1.517232284795894373e+02,-8.226872385705931379e+00
9.350000000000061817e+00,-1.418683736211682866e+00,8.057541692365320918e-01,9.118521762363840821e+01,-9.068429691348748989e+00
9.355000000000062599e+00,-1.413699994273468263e+00,1.137072470557682458e+00,1.069223043245167020e+02,-8.820435131758479486e+00
9.360000000000063380e+00,-1.410658111245679081e+00,5.744499357355495883e-01,-4.208219856414918780e+01,-8.857239287477050027e+00
9.365000000000064162e+00,-1.407854492981740702e+00,5.633958148053527237e-01,3.814781533962668192e+01,-8.293549844123687009e+00
9.370000000000064944e+00,-1.406432551775267381e+00,1.311212149080255573e-01,-8.742467327537922017e+01,-8.663037105408713856e+00
9.375000000000065725e+00,-1.407551311896785062e+00,-4.561380907025505693e-01,-1.195162296561302355e+02,-7.869142159148243998e+00
9.380000000000066507e+00,-1.427096182757868759e+00,-5.636905559437232149e+00,-6.916185537808337358e+02,-4.791956691601120255e+00
9.385000000000067288e+00,-1.463635227097427771e+00,-8.071681448936315562e+00,-3.129019018637122826e+02,-3.169338303658761458e+00
9.390000000000068070e+00,-1.505051235204002413e+00,-8.302415576535150166e+00,1.486221516504734375e+01,-1.545568199798251108e+00
9.395000000000068852e+00,-1.545070186348801222e+00,-7.762046585681685151e+00,1.378830520569145222e+02,-8.242345455662203335e-01
9.400000000000069633e+00,-1.580705423894694261e+00,-6.702791452105270054e+00,2.267717781384766340e+02,-1.704865583111345728e-01
9.405000000000070415e+00,-1.611539573582566387e+00,-5.814141857657041612e+00,1.636020528034731853e+02,-2.489151555859936416e-01
9.410000000000071196e+00,-1.633815780397773088e+00,-3.722861533811331114e+00,3.256645429674837260e+02,7.989779073815581611e-01
9.415000000000071978e+00,-1.642483770590572378e+00,-7.136202039792829410e-01,4.223364412716489369e+02,1.740582670193514980e+00
9.420000000000072760e+00,-1.635066131000449285e+00,2.597023105771286922e+00,4.469832521700027428e+02,2.086821903060061878e+00
9.425000000000073541e+00,-1.634831723865511233e+00,1.069220460112159987e+00,5.230227443385124388e+02,5.133780915287171176e+00
9.430000000000074323e+00,-1.629521320895290559e+00,1.093873600393681977e+00,-4.598702884709706495e+02,8.350338817306571570e+00
9.435000000000075104e+00,-1.623705626447596639e+00,1.185508602311502901e+00,-3.622024831591330667e+02,1.090097005349520742e+01
9.440000000000075886e+00,-1.617492160159523129e+00,1.951100730581670994e+00,1.341679143759489762e+03,1.359994821357604167e+01
9.445000000000076668e+00,-1.610401180538297838e+00,1.937576330090581944e+00,6.854350956093098830e+02,1.407210578833576164e+01
9.450000000000077449e+00,-1.602859642148100061e+00,9.307627986978810330e-01,-7.817697866989818749e+02,1.483606314264545922e+01
9.455000000000078231e+00,-1.591930489398684978e+00,2.277631446234175350e+00,-6.465726062112760246e+02,1.413131939275162985e+01
9.460000000000079012e+00,-1.581699930777321628e+00,1.514438690289753309e+00,-1.604052492046081113e+02,1.347392749583639038e+01
9.465000000000079794e+00,-1.570593846639633862e+00,1.693666248318537848e+00,-8.184679091605592021e+02,1.367722723742711288e+01
9.470000000000080576e+00,-1.557949331400414694e+00,3.097882356818432381e+00,1.832289811312925167e+03,1.314335020888707994e+01
9.475000000000081357e+00,-1.545773950781132111e+00,1.953891070800249041e+00,-7.869216281082752857e+02,1.084073203146911624e+01
9.480000000000082139e+00,-1.534264293074363739e+00,3.400985798374491775e+00,1.800183085308944783e+03,1.172356862171719527e+01
9.485000000000082920e+00,-1.522852047277118759e+00,2.332843637796562231e+00,-6.740634515448994080e+02,9.667879442693203984e+00
9.490000000000083702e+00,-1.511918146052026790e+00,1.260661680702914067e+00,-7.336757592754914867e+02,1.043162217059304275e+01
9.495000000000084484e+00,-1.497917491335883033e+00,2.988686403464748675e+00,-6.493979133252239535e+02,1.003095723634842606e+01
9.500000000000085265e+00,-1.486133509650005236e+00,1.948953506735409569e+00,-7.626802677486514312e+02,9.202547379621590196e+00
9.505000000000086047e+00,-1.473907291900383942e+00,3.644140184821138106e+00,1.903276145651359002e+03,9.973390365869851948e+00
9.510000000000086828e+00,-1.461382771638396028e+00,2.635967037901247423e+00,-6.359986440994315444e+02,7.759399013600129180e+00
9.515000000000087610e+00,-1.451936566399966821e+00,1.430597823735582752e+00,-8.002214595024031496e+02,8.583356625199581202e+00
9.520000000000088392e+00,-1.439198900183260355e+00,3.282864068155961768e+00,2.153615985418706259e+03,9.413000503967735355e+00
9.525000000000089173e+00,-1.428778205777090360e+00,2.003322397573797709e+00,-7.773871042539963128e+02,7.387418305372556837e+00
9.530000000000089955e+00,-1.418049205816513281e+00,1.928067664261651437e+00,1.933130065163040001e+02,8.029880864950676767e+00
9.535000000000090736e+00,-1.406687244148778326e+00,1.815587406678160765e+00,-8.841999847397323720e+02,7.455171732771129101e+00
9.540000000000091518e+00,-1.395028937671635383e+00,3.582552607632468522e+00,2.077630359951322589e+03,7.338784824146473262e+00
9.545000000000092300e+00,-1.383561865324296258e+00,2.275365341073056324e+00,-7.987866451848595943e+02,4.840385621774382585e+00
9.550000000000093081e+00,-1.372148830613599380e+00,2.392777108993424662e+00,7.341911298525518532e+02,5.460319417373483475e+00
9.555000000000093863e+00,-1.362852850288347462e+00,1.695413540136003983e+00,-1.194612866907115603e+02,4.987365252773993340e+00
9.560000000000094644e+00,-1.352502871611212187e+00,2.212529032854408939e+00,-8.683477445549671074e+02,4.390868561651917190e+00
9.565000000000095426e+00,-1.340661983033504034e+00,2.996283601489853954e+00,1.412319613978306279e+03,4.506471454585204484e+00
9.570000000000096207e+00,-1.331001473832265303e+00,1.326148131145623354e+00,-7.933718566406437276e+02,3.755134538609875783e+00
9.575000000000096989e+00,-1.318035219333696606e+00,2.441926983056132983e+00,-8.101972167929038733e+02,3.176797089159259180e+00
9.580000000000097771e+00,-1.306823528600290052e+00,2.989206422300904276e+00,1.549439114115817347e+03,2.917290921633835854e+00
9.585000000000098552e+00,-1.295958288470252517e+00,2.284002594855025770e+00,3.929968959738982903e+02,1.090075990508676984e+00
9.590000000000099334e+00,-1.286149764674481277e+00,1.661754273608651244e+00,-5.893593062289432964e+02,-3.907149455899219248e-01
9.595000000000100115e+00,-1.277585814201537273e+00,1.673522786293073272e+00,-3.656648426575273447e+01,-1.577033056241367248e+00
9.600000000000100897e+00,-1.271390596368356940e+00,1.078998287723429206e+00,-2.721246308191530261e+02,-3.281694394906086387e+00
9.605000000000101679e+00,-1.269263129502568921e+00,-4.605220275621055293e-01,-7.932409407513171118e+02,-5.278989106547410159e+00
9.610000000000102460e+00,-1.270807555653503451e+00,-5.022243061666827879e-01,-1.481060723138665765e+02,-6.579824815870845889e+00
9.615000000000103242e+00,-1.274697059629085860e+00,-8.878327869134449157e-01,-8.051635273348549049e+01,-7.416212997839181753e+00
9.620000000000104023e+00,-1.279883936294774260e+00,-1.110786491437262047e+00,-5.609300542844134441e+01,-8.004236313093590738e+00
9.625000000000104805e+00,-1.285901905671301471e+00,-1.222103818133024600e+00,3.046444715390244085e+01,-8.402056905547130583e+00
9.630000000000105587e+00,-1.292065559390037643e+00,-1.192773700363790379e+00,5.045202234660571605e+01,-8.675295930629687291e+00
9.635000000000106368e+00,-1.297921747108633062e+00,-1.148934766650892447e+00,-4.371943740835400938e+00,-8.974041784544041889e+00
9.640000000000107150e+00,-1.304051398157984876e+00,-1.276712445303715970e+00,-3.588639979042794437e+01,-8.428034111709523657e+00
9.645000000000107931e+00,-1.310717527746634747e+00,-1.345794641413706083e+00,-3.148287012320262690e+01,-8.641811854219618283e+00
9.650000000000108713e+00,-1.317500546992734112e+00,-1.311548037939871847e+00,7.262023980239656851e+01,-8.774564894753005717e+00
9.655000000000109495e+00,-1.323851610538529178e+00,-1.229448954616483736e+00,6.113308543215883795e+00,-8.931102567437571693e+00
9.660000000000110276e+00,-1.329934597984651745e+00,-1.217470934412042238e+00,-9.416562304452018140e+00,-8.416281898380480797e+00
9.665000000000111058e+00,-1.335884695195207028e+00,-1.129246569657962551e+00,7.996397003186741870e+01,-8.629350446345462444e+00
9.670000000000111839e+00,-1.341248451776481776e+00,-1.040810688607151535e+00,-1.386439683629756736e+01,-8.923495264243479497e+00
9.675000000000112621e+00,-1.346274730284955368e+00,-1.003109981391771210e+00,-2.822703789120699369e+01,-8.370182363062346198e+00
9.680000000000113403e+00,-1.374549109511732814e+00,-7.887885335106174622e+00,-8.559386548313082130e+02,-5.274912686459350297e+00
9.685000000000114184e+00,-1.423858488158042501e+00,-1.070060400385136035e+01,-2.947973976377740541e+02,-3.021278018318053427e+00
9.690000000000114966e+00,-1.478586850245917184e+00,-1.092333649473727952e+01,4.091922915369572422e+01,-1.473365484791806068e+00
9.695000000000115747e+00,-1.532479154690981948e+00,-1.056735572149929325e+01,1.269931715499682952e+02,-9.345123578955272237e-01
9.700000000000116529e+00,-1.582409542399219271e+00,-9.571074512122974554e+00,2.387262182386733684e+02,-2.974085944101547696e-01
9.705000000000117311e+00,-1.627569853662993005e+00,-8.657337729962140571e+00,1.770519713425877910e+02,-1.917244741645038886e-01
9.710000000000118092e+00,-1.666936737233794874e+00,-7.371430901968003546e+00,2.730657009237392572e+02,2.697930553438414591e-01
9.715000000000118874e+00,-1.700708397509420600e+00,-6.354528127465137288e+00,1.884575599673303259e+02,2.396633389517810464e-01
9.720000000000119655e+00,-1.728643953180052817e+00,-5.098615447164887016e+00,2.706364863106268785e+02,5.746450124319539832e-01
9.725000000000120437e+00,-1.750048059755534791e+00,-3.812444687007184640e+00,1.980804618841158344e+02,7.822598859021421269e-01
9.730000000000121219e+00,-1.762108903306023766e+00,-1.648466152439677757e+00,3.302443364236121397e+02,1.438314216462902362e+00
9.735000000000122000e+00,-1.761741424636287467e+00,9.952804059722354380e-01,4.106373709226274400e+02,1.967487746235349944e+00
9.740000000000122782e+00,-1.745848126478318108e+00,4.338921769822173147e+00,5.376808630416953747e+02,2.692578644865065041e+00
9.745000000000123563e+00,-1.713498061772632530e+00,7.527997210209558254e+00,4.115871988651901461e+02,3.057110417425951798e+00
9.750000000000124345e+00,-1.669095395043950658e+00,9.474524804699070657e+00,2.055886834799945859e+02,2.380869267053715710e+00
9.755000000000125127e+00,-1.658636373698723077e+00,2.050746499073073659e-01,2.881253887972698635e+01,7.993964622201536585e+00
9.760000000000125908e+00,-1.656945667689473378e+00,5.854207322208013764e-01,3.552223881141260904e+02,1.405450810330477651e+01
9.765000000000126690e+00,-1.654062777125097750e+00,8.849316897712882213e-01,6.139896376277189347e+02,1.556317906214176361e+01
9.770000000000127471e+00,-1.650124515499242106e+00,1.091566506305618578e+00,5.403232927850715441e+02,1.573625166528282016e+01
9.775000000000128253e+00,-1.645637383399459308e+00,1.358919248936884205e+00,6.608690579660029698e+02,1.556837111637580406e+01
9.780000000000129035e+00,-1.640091152991731915e+00,1.557853644930661918e+00,5.608900351085610509e+02,1.463161695583897171e+01
9.785000000000129816e+00,-1.634294929592419843e+00,8.017709019415212301e-01,-4.634571186751914524e+02,1.447640946237418191e+01
9.790000000000130598e+00,-1.627727236840216918e+00,1.257910733592052077e+00,-4.235900587286075734e+02,1.462918535650305607e+01
9.795000000000131379e+00,-1.621455562611683776e+00,1.633714478931845404e+00,7.466625875365259617e+02,1.451940281241662944e+01
9.800000000000132161e+00,-1.614844673814304965e+00,1.913258136373417795e+00,8.485916443465247312e+02,1.367577140999998164e+01
9.805000000000132943e+00,-1.607846096632310040e+00,1.030036704342201181e+00,-4.765403020633869460e+02,1.279392386419780969e+01
9.810000000000133724e+00,-1.599519377569833312e+00,1.623134822379135755e+00,-4.471774804475624592e+02,1.317451575726342838e+01
9.815000000000134506e+00,-1.591501740224161576e+00,2.054319485921955568e+00,9.268523638274085670e+02,1.302578092658664488e+01
9.820000000000135287e+00,-1.583781931159206069e+00,1.165454935067863795e+00,-4.725658904198352275e+02,1.235630143842899287e+01
9.825000000000136069e+00,-1.574679553725785164e+00,1.791196636667420128e+00,-3.754598349690123769e+02,1.224207349896884978e+01
9.830000000000136851e+00,-1.567642475483910669e+00,2.101909805573312084e+00,1.118269523354836565e+03,1.202157373379558258e+01
9.835000000000137632e+00,-1.559581924151330679e+00,1.240360966532205067e+00,-5.621974932018566733e+02,1.091482971404989399e+01
9.840000000000138414e+00,-1.552035796038140347e+00,1.579295693286766333e+00,-5.037149891930322383e+02,1.099525441924127911e+01
9.845000000000139195e+00,-1.543881390123043706e+00,2.139707065085484139e+00,1.029567153871029859e+03,1.096931006448612678e+01
9.850000000000139977e+00,-1.536510842582755831e+00,9.884364978696830173e-01,-5.605029349431182482e+02,9.997440826445988193e+00
9.855000000000140759e+00,-1.527915289420976874e+00,1.655062144810366398e+00,-4.948161992027051497e+02,9.505653135764893236e+00
9.860000000000141540e+00,-1.520694333777552254e+00,2.047586818551246246e+00,1.267716360816698398e+03,9.034477122506164193e+00
9.865000000000142322e+00,-1.513759676179294189e+00,9.544796813406789537e-01,-5.507589795144089067e+02,7.816664827823510464e+00
9.870000000000143103e+00,-1.505412243466663025e+00,1.517877223633543826e+00,-5.728254972957857944e+02,7.434892465029919073e+00
9.875000000000143885e+00,-1.497952224997513904e+00,2.161558914612465188e+00,1.288197619486812300e+03,7.531698562128408270e+00
9.880000000000144667e+00,-1.490829262975316372e+00,9.248558334919749768e-01,-5.994510072624535724e+02,6.345892472892217029e+00
9.885000000000145448e+00,-1.482015696169834751e+00,1.707904876958455276e+00,-5.821581378092776049e+02,6.135851489985929774e+00
9.890000000000146230e+00,-1.474215196430458397e+00,2.110166762451501477e+00,1.125009523711131123e+03,5.459390404672819663e+00
9.895000000000147011e+00,-1.466633076037418881e+00,1.165825748556416297e+00,-3.610845537669681562e+02,3.843112714893737625e+00
9.900000000000147793e+00,-1.458818049813275231e+00,1.616222586809172634e+00,1.740860929034803064e+02,2.664398369309354031e+00
9.905000000000148574e+00,-1.451254309941775178e+00,1.394474109891787883e+00,-3.398767385101589866e+02,1.061817345618277120e+00
9.910000000000149356e+00,-1.444200706432554382e+00,1.387104831168742836e+00,-5.859387529794316407e+01,-7.350337913454312311e-01
9.915000000000150138e+00,-1.438207901914945186e+00,1.386001881432022742e+00,3.579781080243758851e+01,-3.206740343352030287e+00
9.920000000000150919e+00,-1.433558004537115904e+00,1.000733285312774834e+00,4.150258564450132326e+02,-5.572116018322713416e+00
9.925000000000151701e+00,-1.428277808214510891e+00,8.386270003484053159e-01,3.862994105367894893e+00,-7.168715378973542052e+00
9.930000000000152482e+00,-1.422768237737205288e+00,9.943625487347512726e-01,1.044303249968692455e+02,-7.544121723920831357e+00
9.935000000000153264e+00,-1.419686180810059151e+00,3.271912316649889796e-01,2.829966409434240404e+02,-7.929725040830705396e+00
9.940000000000154046e+00,-1.414483261297307060e+00,1.162549899923542629e+00,-2.031867257204072246e+02,-9.282665484522045318e+00
9.945000000000154827e+00,-1.410506843711138547e+00,-4.647428743237715931e-01,-1.993955153946517612e+03,-9.130758348519785628e+00
9.950000000000155609e+00,-1.409057676763294298e+00,8.305846024676687422e-01,3.238015670590831405e+02,-8.834214618903267535e+00
9.955000000000156390e+00,-1.406107336758608550e+00,-3.194662981876308372e-01,1.587496530939729666e+02,-8.697081677259333787e+00
9.960000000000157172e+00,-1.404959938002414033e+00,6.297122935638667096e-01,2.475032084448080809e+02,-8.811136437524995202e+00
9.965000000000157954e+00,-1.399531346959971945e+00,1.257639710110574294e+00,-1.508558535744969298e+01,-9.552989557835857681e+00
9.970000000000158735e+00,-1.395292379442574004e+00,1.155611523146476083e+00,2.043585019643663543e+02,-8.992999672373857223e+00
9.975000000000159517e+00,-1.390853783835830360e+00,7.381970163786470973e-01,7.621194998959286693e+01,-9.192520907558469290e+00
9.980000000000160298e+00,-1.385739535848332205e+00,1.217706837380964524e+00,1.222110211214930189e+02,-9.022055918281690623e+00
9.985000000000161080e+00,-1.381632339284355249e+00,7.790235830849157050e-01,1.687731572634576693e+01,-9.158121716445949190e+00
9.990000000000161862e+00,-1.377808899674182852e+00,7.765017058228913527e-01,4.511141547146721109e+01,-8.838725437551376629e+00
9.995000000000162643e+00,-1.374862674858949418e+00,4.535125848264210946e-01,-1.139165176470381482e+02,-9.094195705984256861e+00
1.000000000000016342e+01,-1.373810010184756347e+00,7.120944675638915186e-03,-1.058410187731653309e+02,-8.283237137483588697e+00
