5.000000000000000104e-03,-1.646919935863842529e-03,-5.359065494508048477e-01,-1.003731454609964402e+02,2.239987043993077798e+00
1.000000000000000021e-02,-4.705275915765773191e-03,-5.864786296216614181e-01,3.628260688504250453e+01,1.782384483886367166e+00
1.499999999999999944e-02,-6.945822102795311259e-03,-3.280525807291330698e-01,6.601909752550801613e+01,1.555188998353212337e+00
2.000000000000000042e-02,-6.545307363666492094e-03,2.893121226138485880e-01,8.927132113638521105e+01,5.178511927978659557e-01
2.500000000000000139e-02,-4.235929504854289707e-03,5.036972246688202759e-01,3.945612751447585165e+00,-8.193047764069780747e-01
3.000000000000000236e-02,-3.075394819094934631e-03,1.895786187904356657e-02,-1.132182391858519850e+02,-2.475146269964938028e+00
3.500000000000000333e-02,-4.106800394377685751e-03,-3.719864322976271787e-01,-8.610425823309735449e+01,-2.064246721920818040e+00
4.000000000000000083e-02,-6.341656393645676154e-03,-5.088194465705442315e-01,-3.378915514866203296e+01,-1.397162890793547163e+00
4.499999999999999833e-02,-9.294260862012057589e-03,-6.461807691147818389e-01,-2.803566321668683869e+01,-9.277352818561763748e-01
4.999999999999999584e-02,-1.292395245895459205e-02,-7.746763736158144287e-01,-2.314576534308999101e+01,-5.855667358822600477e-01
5.499999999999999334e-02,-1.705092226319300866e-02,-8.555619935431932888e-01,-1.407247199994613496e+01,-3.711106546257134653e-01
5.999999999999999084e-02,-2.144691070301587774e-02,-8.929621041825031025e-01,-6.302928723854847703e+00,-2.076922855629133036e-01
6.499999999999998834e-02,-2.592981965226382260e-02,-8.976128182324561999e-01,-1.030147496314411937e-01,-3.597036145008580821e-02
6.999999999999999278e-02,-3.035558415964560719e-02,-8.751877404262699001e-01,5.450695994211899986e+00,1.466059588088974297e-01
7.499999999999999722e-02,-3.460117518453054847e-02,-8.294531854456673736e-01,1.044224150482433977e+01,3.120918522340265788e-01
8.000000000000000167e-02,-3.855822628910492156e-02,-7.632438220487268721e-01,1.480633454167285912e+01,4.424428106871719502e-01
8.500000000000000611e-02,-4.213527949429651809e-02,-6.803848607501470358e-01,1.830475232170433486e+01,5.345798452372070297e-01
9.000000000000001055e-02,-4.526119398366480057e-02,-5.850667695241458244e-01,2.088180296191611518e+01,5.907189413200570893e-01
9.500000000000001499e-02,-4.788422559877934109e-02,-4.809708142516522789e-01,2.263367411927206518e+01,6.155056800722942256e-01
1.000000000000000194e-01,-4.997249926829992750e-02,-3.721770915302773930e-01,2.353000386586669279e+01,6.130642322258316179e-01
1.050000000000000239e-01,-5.151752479733399948e-02,-2.636376991853855989e-01,2.346598576691116733e+01,5.870666344621087163e-01
1.100000000000000283e-01,-5.253355398237070928e-02,-1.596106813140140412e-01,2.259124177898076269e+01,5.418778857245030167e-01
1.150000000000000328e-01,-5.305250898283706690e-02,-6.318746753475693034e-02,2.111601745884590997e+01,4.825572544704535560e-01
1.200000000000000372e-01,-5.312002908028553433e-02,2.314470626580630158e-02,1.917438075555374866e+01,4.149122300820337617e-01
1.250000000000000278e-01,-5.278866474703171330e-02,9.869105019382311272e-02,1.709533098946036844e+01,3.453731425002433131e-01
1.300000000000000322e-01,-5.211370918360508364e-02,1.629468550178898578e-01,1.488867472578488993e+01,2.744299435670746190e-01
1.350000000000000366e-01,-5.115170958697495829e-02,2.158153241750836726e-01,1.262776746278978202e+01,2.046574908714752228e-01
1.400000000000000411e-01,-4.995799060625022436e-02,2.577526413050331144e-01,1.041391720422442901e+01,1.382441703367306984e-01
1.450000000000000455e-01,-4.858473608176337027e-02,2.894939833241685911e-01,8.298687463760122895e+00,7.645283197772989592e-02
1.500000000000000500e-01,-4.707839523052462921e-02,3.124034321283386539e-01,6.375850125791417966e+00,1.982661397891827271e-02
1.550000000000000544e-01,-4.543155623317300662e-02,-3.591944807975026421e-03,-2.116992272878879078e+02,1.775219841015152067e-02
1.600000000000000588e-01,-4.844326801364686602e-02,-8.263252702665255800e-01,-1.326366138251439111e+02,1.749500030811627305e+00
1.650000000000000633e-01,-5.275427008502243942e-02,-8.125781796812466817e-01,1.405444490820439967e+02,1.935472243816507953e+00
1.700000000000000677e-01,-5.735222530466398128e-02,-9.540510503531772768e-01,-1.128809180147488291e+02,1.834810150839477849e+00
1.750000000000000722e-01,-6.184659853108277761e-02,-7.867339379878754979e-01,2.921603353096935507e+02,1.874712966399234571e+00
1.800000000000000766e-01,-6.384769109902710404e-02,-2.140913629397908358e-01,5.805837733329896722e+00,1.462315180580892271e+00
1.850000000000000810e-01,-6.391169589689255082e-02,9.065390448022186964e-02,7.664592980339466521e+01,4.118624325258874452e-01
1.900000000000000855e-01,-6.397519740430875068e-02,-7.868067292799955925e-02,-9.150618920894078201e+01,5.521978420807706067e-01
1.950000000000000899e-01,-6.421395872780530367e-02,3.560939751042341284e-02,2.072103523022271645e+02,6.219565190162991142e-01
2.000000000000000944e-01,-6.518893340048413643e-02,-3.498379148179691644e-01,-2.348191426845047829e+02,2.474916293529977329e-01
2.050000000000000988e-01,-6.667108877117378096e-02,-2.066386833271147139e-01,2.658620266524603721e+02,9.275141917093966404e-01
2.100000000000001033e-01,-6.949879533170257029e-02,-7.919967004889013618e-01,-3.130487166834587924e+02,1.782057967176743085e-01
2.150000000000001077e-01,-7.334808951177554381e-02,-7.324825600871540665e-01,2.340697214689306804e+02,1.168357905137797914e+00
2.200000000000001121e-01,-7.884461471404130561e-02,-1.311329109477494814e+00,-3.023319641712013777e+02,3.242448541183717281e-01
2.250000000000001166e-01,-8.503283956750676276e-02,-1.193255598099885129e+00,2.303197253989526416e+02,1.365820020457143347e+00
2.300000000000001210e-01,-9.285381777757890920e-02,-1.702324646195708668e+00,-2.575535814791463167e+02,4.517019236447357144e-01
2.350000000000001255e-01,-9.971176743431538203e-02,-1.168339447904380934e+00,3.135493239687077107e+02,1.547357854935362820e+00
2.400000000000001299e-01,-1.067622838512925498e-01,-1.480559321940359885e+00,-1.889105570120657944e+02,5.417141556054377860e-01
2.450000000000001343e-01,-1.123677740227030653e-01,-9.929583799494421381e-01,2.005480661320422371e+02,1.352415613083309154e+00
2.500000000000001110e-01,-1.176911435016937124e-01,-1.088589103666833369e+00,-1.869344226361550909e+02,5.036763240709980494e-01
2.550000000000001155e-01,-1.217692795741815298e-01,-7.079946949212415630e-01,1.741149634871638341e+02,9.742398444658129097e-01
2.600000000000001199e-01,-1.244671202813413813e-01,-3.245304994977573076e-01,2.363656971998194081e+02,9.206707598581487240e-01
2.650000000000001243e-01,-1.269178728164977732e-01,-5.296920285691789632e-01,-1.172558129662240702e+02,4.429721752667159507e-01
2.700000000000001288e-01,-1.284450729878770792e-01,-2.943137858332842693e-01,-5.663177371354208134e+01,9.258945743862069255e-01
2.750000000000001332e-01,-1.301554280720688128e-01,-2.742556056977860091e-01,2.269220302094225872e+02,1.078074589323030130e+00
2.800000000000001377e-01,-1.321146697781825363e-01,-6.192495225101870560e-01,-3.506629480454716941e+02,1.413152008691510364e+00
2.850000000000001421e-01,-1.323230232539793494e-01,-3.278955656174702971e-01,-1.192906049842341645e+02,1.636577440455389221e+00
2.900000000000001465e-01,-1.320409150016513544e-01,5.926263003683958364e-02,-4.977405119077611175e+02,1.239070618926941147e+00
2.950000000000001510e-01,-1.311522330759824495e-01,2.574736702668666277e-01,5.469839407272766607e+01,1.811371196550224827e+00
3.000000000000001554e-01,-1.296378743872168282e-01,8.515213256220603988e-01,7.242339393871070570e+02,1.087367774550289656e+00
3.050000000000001599e-01,-1.282654834985681724e-01,3.038110715214634716e-01,5.476311281740331793e+01,9.797214435204641969e-01
3.100000000000001643e-01,-1.265654590318601724e-01,4.641174589730795441e-01,-4.072631928621187853e+02,3.254672607648623206e-01
3.150000000000001688e-01,-1.246731822169442616e-01,7.965624692597835788e-01,8.983617383011124957e+02,6.055385972184970100e-01
3.200000000000001732e-01,-1.217648866823377030e-01,8.881220503709948977e-01,8.922333822565716446e+02,3.237960497049522934e-01
3.250000000000001776e-01,-1.192736631821061655e-01,7.309004384744423044e-01,4.345512324926352221e+02,8.591531801661375645e-02
3.300000000000001821e-01,-1.163205286287272849e-01,4.800513897501285099e-01,-1.036379190150779976e+02,-4.616051693550915491e-01
3.350000000000001865e-01,-1.136356977083995967e-01,9.472635658542111203e-01,8.378897452493141600e+02,-3.483541183179705847e-01
3.400000000000001910e-01,-1.115396397065243628e-01,1.373722679371965072e-01,-6.423156939229586442e+02,-1.289269904595255145e+00
3.450000000000001954e-01,-1.090823740358475707e-01,7.015093364266361542e-01,6.029605820590638814e+02,-1.082092427305019644e+00
3.500000000000001998e-01,-1.078649624479190300e-01,7.275935818362345856e-04,-5.781310274719036215e+02,-1.716312079247120259e+00
3.550000000000002043e-01,-1.067231338779021654e-01,4.279050244831305028e-01,5.997604341992191621e+02,-1.550258386657209497e+00
3.600000000000002087e-01,-1.070881840703357957e-01,-3.776820188119322519e-01,-6.908250612288122738e+02,-2.410441722381377883e+00
3.650000000000002132e-01,-1.073325244616698954e-01,2.170637121205605258e-01,7.593099661467496162e+02,-2.258524009188977111e+00
3.700000000000002176e-01,-1.086288858529137480e-01,-5.731214420800978537e-01,-7.815145644162896588e+02,-3.083701745029814312e+00
3.750000000000002220e-01,-1.091174705544256246e-01,2.347455570698684102e-01,8.177298600001087152e+02,-2.688384538448235883e+00
3.800000000000002265e-01,-1.105884855109142001e-01,-6.254833211260355519e-01,-7.867797665833587644e+02,-3.372207991722128817e+00
3.850000000000002309e-01,-1.111768821848515276e-01,2.515271659237124369e-01,8.340651919799015559e+02,-2.952954587657676377e+00
3.900000000000002354e-01,-1.123658673538458358e-01,-5.215909855513152227e-01,-7.103693600560806090e+02,-3.497079379812541244e+00
3.950000000000002398e-01,-1.128519474338173928e-01,1.926365329664966874e-01,7.125930686662017024e+02,-3.097217701584837890e+00
4.000000000000002442e-01,-1.142412036175251278e-01,-5.707461424168294162e-01,-6.772859704654071038e+02,-3.560986787030880674e+00
4.050000000000002487e-01,-1.151863395986313099e-01,5.747537095142286889e-02,6.198454105732387234e+02,-3.120506443824283771e+00
4.100000000000002531e-01,-1.170634877997916434e-01,-6.871345523395437915e-01,-6.717910293867900009e+02,-3.517970734028183610e+00
4.150000000000002576e-01,-1.186591416633474838e-01,-9.464380829357238456e-02,5.660035589110304954e+02,-3.059157389237838309e+00
4.200000000000002620e-01,-1.211654514166604774e-01,-7.750220541072315728e-01,-6.036972666700600030e+02,-3.449124020983554750e+00
4.250000000000002665e-01,-1.233664050642496179e-01,-2.307468725422832379e-01,5.504934587489378828e+02,-3.016249544803017990e+00
4.300000000000002709e-01,-1.265318543281055141e-01,-9.222581856614848750e-01,-6.195714311505951173e+02,-3.371818231244426478e+00
4.350000000000002753e-01,-1.295558839876678747e-01,-3.984458477826587908e-01,5.655790667327682968e+02,-2.886677238690701142e+00
4.400000000000002798e-01,-1.334248697524055560e-01,-1.065867326452923924e+00,-6.428693278719455293e+02,-3.260300981969902701e+00
4.450000000000002842e-01,-1.369579400359277888e-01,-4.699138908420930627e-01,5.967654713407908957e+02,-2.746177450864520697e+00
4.500000000000002887e-01,-1.415433647974194409e-01,-1.200010962610359444e+00,-6.478918964359418169e+02,-3.153415552121090926e+00
4.550000000000002931e-01,-1.452239256837473402e-01,-4.534325715339418417e-01,6.045801659535445651e+02,-2.668792514370216473e+00
4.600000000000002975e-01,-1.498213299734616755e-01,-1.179456402522984337e+00,-5.767010467488183849e+02,-3.049351855927911803e+00
4.650000000000003020e-01,-1.538237078143704639e-01,-5.784211200457992641e-01,5.369851209941200523e+02,-2.544488787667133600e+00
4.700000000000003064e-01,-1.582175604959137893e-01,-1.154559381939046059e+00,-6.740935461120644732e+02,-2.801052466937991703e+00
4.750000000000003109e-01,-1.619877344830082389e-01,-4.718267077154530975e-01,6.524117815330786243e+02,-2.489844449546682270e+00
4.800000000000003153e-01,-1.662439397838182953e-01,-1.086077467712788902e+00,-6.304130321210824377e+02,-2.840069945228938852e+00
4.850000000000003197e-01,-1.694666822821050967e-01,-3.196890674581523983e-01,6.546170317752355459e+02,-2.329320613506121518e+00
4.900000000000003242e-01,-1.733942886045353460e-01,-9.715409801969280279e-01,-6.050610281016602130e+02,-2.631058077545882945e+00
4.950000000000003286e-01,-1.761614194289697621e-01,-3.303106496108874635e-01,6.307798400842827959e+02,-2.137148300065197848e+00
5.000000000000003331e-01,-1.796357410130695331e-01,-9.432011898996920385e-01,-7.023290629855491716e+02,-2.340092739570429181e+00
5.050000000000003375e-01,-1.823752801426089531e-01,-2.748937812181211360e-01,7.260403828210762640e+02,-1.922582701170576502e+00
5.100000000000003419e-01,-1.858239977105321794e-01,-9.835991797603172992e-01,-7.269929896256396660e+02,-2.370096170225383769e+00
5.150000000000003464e-01,-1.882378757322940022e-01,-1.979057125412577722e-01,8.007960512825422938e+02,-1.623641159401602030e+00
5.200000000000003508e-01,-1.918223190365684616e-01,-9.914338693683102388e-01,-7.678453019008360343e+02,-2.439282747039298371e+00
5.250000000000003553e-01,-1.942816775550857411e-01,-1.502280168567893537e-01,9.022805809435060382e+02,-2.000275410891721339e+00
5.300000000000003597e-01,-1.978914702134477177e-01,-1.026860738634393089e+00,-8.582578141870459376e+02,-2.827130235598063646e+00
5.350000000000003642e-01,-2.004515743087551261e-01,-1.806597494528038583e-01,9.209541309700305192e+02,-2.290230096531539417e+00
5.400000000000003686e-01,-2.045473764117917426e-01,-1.125188493078208563e+00,-8.433720533889536455e+02,-3.452063358002086968e+00
5.450000000000003730e-01,-2.071801971898142580e-01,-1.160569714231115823e-01,9.902175341403676612e+02,-3.232173354325967196e+00
5.500000000000003775e-01,-2.116006112144467877e-01,-1.449707744265967158e+00,-1.177947601112014354e+03,-4.205645241916167620e+00
5.550000000000003819e-01,-2.143705703868443724e-01,-3.359961611529544978e-01,5.379950849427050343e+02,-3.893707644461316786e+00
5.600000000000003864e-01,-2.150028615842759505e-01,3.490161321373864145e-01,1.008881505636924430e+03,-4.345461039800412983e+00
5.650000000000003908e-01,-2.174271559729367143e-01,-9.790336686576773806e-01,-1.065360610365887169e+03,-5.191954069854570974e+00
5.700000000000003952e-01,-2.186882058703777942e-01,2.277264188083464869e-01,1.129881576569454182e+03,-4.178715113552574856e+00
5.750000000000003997e-01,-2.215655628389220366e-01,-1.064290464012735304e+00,-1.100937972469261240e+03,-5.321095115429974598e+00
5.800000000000004041e-01,-2.230030980267838914e-01,2.134512371544177445e-01,1.141933517757234995e+03,-4.329022793244670098e+00
5.850000000000004086e-01,-2.258033988674468528e-01,-1.061830576011179250e+00,-1.216027038612376600e+03,-5.466692868079757517e+00
5.900000000000004130e-01,-2.265649902724138076e-01,4.401146020634290057e-01,1.201097971767806939e+03,-4.131628569449939725e+00
5.950000000000004174e-01,-2.279949360602689656e-01,-7.880914550749198444e-01,-1.236680043409930022e+03,-4.921896334586516986e+00
6.000000000000004219e-01,-2.273307678419292932e-01,6.362475386092515395e-01,1.297753616249320658e+03,-3.724175528638447474e+00
6.050000000000004263e-01,-2.271688493025409705e-01,-3.982541059923700999e-01,-1.039283330675722937e+03,-4.869444866942376215e+00
6.100000000000004308e-01,-2.250987334855430455e-01,8.139210730880560574e-01,1.006768489951869697e+03,-3.974312565518311580e+00
6.150000000000004352e-01,-2.237713277545584634e-01,-9.665240970614477622e-02,-8.974909984747447425e+02,-4.399446556562694788e+00
6.200000000000004396e-01,-2.219459469848920619e-01,6.708063141310453004e-01,8.878967506719234279e+02,-3.545648813287318291e+00
6.250000000000004441e-01,-2.212507922587316211e-01,-2.377418582790463697e-01,-8.077224026092870872e+02,-3.241279751628085570e+00
6.300000000000004485e-01,-2.206744500144255106e-01,3.336334266543121152e-01,6.991659306802547462e+02,-1.890306084503567519e+00
6.350000000000004530e-01,-2.216980266750486483e-01,-6.858361898550278113e-01,-1.012515889879438760e+03,-6.662531628468647549e-01
6.400000000000004574e-01,-2.211938244975431567e-01,6.279090605509786149e-01,1.098334881127998642e+03,1.932329005579585202e+00
6.450000000000004619e-01,-2.213824827064799494e-01,-3.256054513362302005e-01,-5.919492256668843311e+02,3.144043281849401961e+00
6.500000000000004663e-01,-2.216782418568554736e-01,-3.293884042938424184e-01,-1.894918942545364189e+02,4.931255731792886010e+00
6.550000000000004707e-01,-2.195748532983505252e-01,7.851041256345873132e-01,2.585044335070460306e+02,5.444157025074792600e+00
6.600000000000004752e-01,-2.172737231876117614e-01,3.535757810512628607e-01,7.835575183025281376e+01,4.025529233062641765e+00
6.650000000000004796e-01,-2.177892499262473192e-01,-4.799529582338498690e-01,-3.518055156494573907e+02,2.968985525066296205e+00
6.700000000000004841e-01,-2.192212735243500021e-01,-2.032251400980687739e-01,5.223841343260134273e+00,2.921572712178353459e+00
6.750000000000004885e-01,-2.187722868522904984e-01,1.784195189989647712e-01,8.122116450802407428e+01,2.923010257676021073e+00
6.800000000000004929e-01,-2.176416975086721550e-01,3.440074317571639728e-01,1.408151336376692768e+02,2.581853987233268644e+00
6.850000000000004974e-01,-2.155264092288744771e-01,5.898293242811954995e-01,1.532909694312886018e+02,2.313051192018456881e+00
6.900000000000005018e-01,-2.127168872679671141e-01,4.867019978693156723e-01,-1.779758493665001993e+02,1.966268035856530316e+00
6.950000000000005063e-01,-2.093369392842979182e-01,7.871098606739068693e-01,2.213104297474673103e+02,2.178292193453707171e+00
7.000000000000005107e-01,-2.057764125566992341e-01,7.107409412692878847e-01,8.935771341956900926e+01,1.644891090725793426e+00
7.050000000000005151e-01,-2.028658575282870080e-01,6.930253029634017015e-01,8.001056313461535296e+01,1.611643041418837186e+00
7.100000000000005196e-01,-2.000854128743538574e-01,7.942915385205745471e-01,1.321264564293277033e+02,1.672172680396943001e+00
7.150000000000005240e-01,-1.973310463006535675e-01,6.081020608584256637e-01,7.903886147822758801e+01,1.273811755399648193e+00
7.200000000000005285e-01,-1.944236383189728024e-01,1.014156384759460350e+00,8.922893945037317280e+02,1.446150831738468145e+00
7.250000000000005329e-01,-1.921503411435476205e-01,6.516627905622438544e-01,6.907252940902615137e+02,1.705557997352691757e+00
7.300000000000005373e-01,-1.898003594890814993e-01,7.899302151913977221e-01,8.709053896148323020e+02,1.443003763249102178e+00
7.350000000000005418e-01,-1.874472484806138373e-01,9.572096880766629567e-01,9.980273662474845651e+02,1.331149454098149665e+00
7.400000000000005462e-01,-1.866462637474654573e-01,-2.334586419321596218e-01,-2.167836462398801416e+02,1.301583078495494261e+00
7.450000000000005507e-01,-1.894057179131070634e-01,-5.940338685137159791e-01,-8.589678863878594584e+00,1.496809181362282359e+00
7.500000000000005551e-01,-1.918200678268717208e-01,-2.710470099515492892e-01,1.264061627059837178e+02,1.670659359621767148e+00
7.550000000000005596e-01,-1.907552397188347904e-01,6.367449679637500193e-01,2.290370572047795577e+02,1.874837187605453037e+00
7.600000000000005640e-01,-1.841346363238043904e-01,1.806724335121253633e+00,2.454479631329016058e+02,2.023770078913372128e+00
7.650000000000005684e-01,-1.720764605434031702e-01,2.801910896967909625e+00,1.776092643781166203e+02,1.877424531454082501e+00
7.700000000000005729e-01,-1.562523471873474290e-01,3.305260765827626290e+00,-2.065393379381488614e+01,1.548621941797754697e+00
7.750000000000005773e-01,-1.378980498592270176e-01,3.712454292332329597e+00,-6.447346774130009806e+01,1.392316493331481331e+00
7.800000000000005818e-01,-1.186144733900192372e-01,3.766040555787925737e+00,-1.260077163325183989e+02,1.118423641239632671e+00
7.850000000000005862e-01,-9.985046134805784790e-02,3.565061655461631229e+00,-1.673586530999857303e+02,8.896334024484457981e-01
7.900000000000005906e-01,-8.263452720472079516e-02,3.227336612813059169e+00,-2.042097747668247223e+02,6.498889483038465809e-01
7.950000000000005951e-01,-6.742592987381339220e-02,2.804884123647702676e+00,-2.036605290452508257e+02,5.486438112256033506e-01
8.000000000000005995e-01,-5.447047464963696017e-02,2.447795457465985702e+00,1.108266818196596759e+01,5.186300441338265177e-01
8.050000000000006040e-01,-4.375173699173758035e-02,1.992345763871176567e+00,9.583552563768154897e+00,3.950729555413076133e-01
8.100000000000006084e-01,-3.531825468341086988e-02,1.513438437640564294e+00,-4.329484991183022990e-01,1.673802176946959097e-01
8.150000000000006128e-01,-2.880924422183431255e-02,1.171604986735054421e+00,2.803704717941370106e+00,3.826159373713132750e-01
8.200000000000006173e-01,-2.380977232067285621e-02,9.067297993030298819e-01,2.610997720044121095e+01,4.240506779581337260e-01
8.250000000000006217e-01,-1.994942585522554296e-02,7.095907635279233849e-01,5.058147063384032549e+01,4.773302378541557922e-01
8.300000000000006262e-01,-1.727258481746762886e-02,4.404964606320330156e-01,2.670207155273092781e+01,2.587400294761476038e-01
8.350000000000006306e-01,-1.572597337988651534e-02,2.610040778877478207e-01,3.288239046405300314e+01,4.374810192885452143e-01
8.400000000000006350e-01,-1.490785997662530740e-02,1.531644778309522725e-01,6.321190481338063449e+01,4.887316723046528644e-01
8.450000000000006395e-01,-1.494532802103081849e-02,5.820287857396413793e-03,1.020980642557823970e+01,2.954067196386752636e-01
8.500000000000006439e-01,-1.559156778031050433e-02,-1.033001493976882373e-01,3.629198906926001911e+01,4.575713850269310101e-01
8.550000000000006484e-01,-1.682105722452491986e-02,-2.130008150452450122e-01,4.499355965701137450e+01,3.740632637406173799e-01
8.600000000000006528e-01,-1.846001178941871282e-02,-3.699028027283074449e-01,-7.967482896144171889e+01,5.320378854471027319e-01
8.650000000000006573e-01,-1.932982787240394851e-02,-1.370835020994741471e-01,-3.548455012734120118e+01,7.723333026148342384e-01
8.700000000000006617e-01,-1.810351217730149856e-02,4.155051411746688017e-01,4.311140160981667435e+01,5.482347878375244399e-01
8.750000000000006661e-01,-1.398813746717436114e-02,9.956556559506042348e-01,6.636322172909616768e+01,2.936982629162441794e-01
8.800000000000006706e-01,-8.880854307744469323e-03,9.616774031673861467e-01,-2.475261520871061904e+01,-2.133932198851010154e-01
8.850000000000006750e-01,-5.089465747755244490e-03,1.013519769747400323e+00,5.496234279151057081e+02,-1.323040423077104233e+00
8.900000000000006795e-01,-1.254478267318176986e-03,5.702096389365332030e-01,-5.448459425205930984e+02,-2.815753104285027675e+00
8.950000000000006839e-01,2.772025095765936857e-03,9.483207348760464006e-01,5.811284802943692966e+02,-2.760436864705817506e+00
9.000000000000006883e-01,4.949490295957462496e-03,9.316208217991553409e-02,-6.758640956204136501e+02,-3.661537916379761448e+00
9.050000000000006928e-01,6.835709420963994275e-03,6.086421932435999160e-01,6.738602304838773307e+02,-3.571002988963902780e+00
9.100000000000006972e-01,7.517201814605234227e-03,-1.472808465170485082e-01,-6.857437490592510585e+02,-4.206980340942060970e+00
9.150000000000007017e-01,8.572821381883486205e-03,3.911732689677216990e-01,5.707762073312738949e+02,-3.937528542278871946e+00
9.200000000000007061e-01,8.434517188269888277e-03,-3.130142975920681692e-01,-5.133945004793995395e+02,-4.277513355989516874e+00
9.250000000000007105e-01,9.017249941452597922e-03,4.444469869780329763e-01,7.075996704816947158e+02,-3.956497939635023720e+00
9.300000000000007150e-01,9.019200251968503140e-03,-2.605053784395380267e-01,-6.884110781701923543e+02,-4.378198730681472028e+00
9.350000000000007194e-01,9.525016949210960565e-03,2.514123889842832527e-01,4.738691808608077167e+02,-3.936756398159574566e+00
9.400000000000007239e-01,9.201851087420005737e-03,-3.404150003211268705e-01,-6.753075813757013748e+02,-4.308308711825760362e+00
9.450000000000007283e-01,9.688034841061590047e-03,4.259686234795193038e-01,7.162309375985554425e+02,-3.860199858934603157e+00
9.500000000000007327e-01,9.583574637369206978e-03,-2.929320877864740602e-01,-6.968754339431922062e+02,-4.457170260326871691e+00
9.550000000000007372e-01,1.027628808933719710e-02,4.444401772259201633e-01,7.009229766100165762e+02,-4.008578477997427392e+00
9.600000000000007416e-01,1.023806868157614916e-02,-2.828480113407363383e-01,-6.980304691668549140e+02,-4.552593040203272601e+00
9.650000000000007461e-01,1.098192128876385003e-02,4.632408942958712306e-01,7.236645027980495115e+02,-4.158543457508081076e+00
9.700000000000007505e-01,1.098315062435196478e-02,-2.769429914769293011e-01,-7.137313369135467838e+02,-4.681843323609856888e+00
9.750000000000007550e-01,1.182300203692599611e-02,4.888118894602196951e-01,7.405333258821173104e+02,-4.224478639736326535e+00
9.800000000000007594e-01,1.188052282942197654e-02,-2.653059515378894950e-01,-7.182891031812730489e+02,-4.792729138589093552e+00
9.850000000000007638e-01,1.278099675803590594e-02,5.008652188972864128e-01,7.534568423598906293e+02,-4.305366053679098748e+00
9.900000000000007683e-01,1.286447382529225421e-02,-2.583416763755003731e-01,-7.035106966891704587e+02,-4.836450495497742530e+00
9.950000000000007727e-01,1.376634680540140925e-02,5.031485566836938483e-01,7.650500248833466230e+02,-4.351249460128408408e+00
1.000000000000000666e+00,1.359451542601410566e-02,-2.879988797489389518e-01,-4.941474084751203577e+02,-4.749368311726477998e+00
1.005000000000000560e+00,1.417042330759797804e-02,4.822166919749762415e-01,8.246508873059843836e+02,-4.329667909659529634e+00
1.010000000000000453e+00,1.349764448711537890e-02,-1.640166383489065072e-01,2.097386480059165024e+02,-4.447086226556051791e+00
1.015000000000000346e+00,1.230013535684654907e-02,-3.387339807936552982e-01,-3.122150923562895741e+02,-4.509220973083298389e+00
1.020000000000000240e+00,1.184604181216270327e-02,-7.129589817098399562e-01,-6.016414255447655250e+02,-4.485672237645895954e+00
1.025000000000000133e+00,1.154873740865780367e-02,4.522672175599860567e-01,9.027991280524761351e+02,-4.191452380436285985e+00
1.030000000000000027e+00,1.145996193898307994e-02,-3.731783073573559650e-01,-8.233614563651325398e+02,-4.809348164533255421e+00
1.034999999999999920e+00,1.038481453559388090e-02,-4.574041773369622033e-01,-3.001353831437851341e+02,-4.371592917256720945e+00
1.039999999999999813e+00,9.918271472741768680e-03,3.683222227676677951e-01,8.550473057604846190e+02,-4.444352703759033574e+00
1.044999999999999707e+00,8.651246486869065486e-03,-1.377428008168836149e-01,8.294687837608247492e+02,-4.173410926958356804e+00
1.049999999999999600e+00,7.052531409662619703e-03,-4.594821412352650403e-01,-7.494978787272116278e+02,-4.676150192125479776e+00
1.054999999999999494e+00,7.618940713675907694e-03,2.992708788913698847e-01,6.781389734864969796e+02,-4.597442012930840427e+00
1.059999999999999387e+00,5.632237457567211558e-03,1.127682259959525979e-01,8.968526000771737472e+02,-4.257055525696808118e+00
1.064999999999999281e+00,4.953009784870144108e-03,-3.840887755329080444e-01,-8.228315289244766291e+02,-4.764627462027198668e+00
1.069999999999999174e+00,4.401017315853835397e-03,-3.071483747061978242e-01,8.931313564553114759e+01,-4.597577932441422988e+00
1.074999999999999067e+00,2.683527966775723066e-03,1.186520890628351005e-01,8.047374389224418110e+02,-4.341032413774536636e+00
1.079999999999998961e+00,1.288806400993409030e-03,-5.340621333909885138e-01,-7.652474992888137422e+02,-5.009266531482897022e+00
1.084999999999998854e+00,1.083530265519225180e-03,3.014049032486604274e-01,8.281963463297664703e+02,-4.683231758828215519e+00
1.089999999999998748e+00,3.711076647714716173e-04,-5.273415725954198052e-01,-8.768086024620745320e+02,-5.020336598250214166e+00
1.094999999999998641e+00,-2.892639690698232458e-05,2.961858659531388382e-01,7.743629957201382012e+02,-4.532304995782258317e+00
1.099999999999998535e+00,-1.282726797627125681e-03,-6.116736464057963563e-01,-8.377137551303471810e+02,-5.127238263707564414e+00
1.104999999999998428e+00,-1.987627454829045577e-03,1.718765861228954417e-01,7.423216211975869783e+02,-4.511216925950154888e+00
1.109999999999998321e+00,-3.261668646020362324e-03,-5.424435829678740939e-01,-7.179379150971260515e+02,-4.784572284857395275e+00
1.114999999999998215e+00,-4.010690575937807777e-03,1.344424369385747164e-01,7.484469772622186383e+02,-4.582305583574605379e+00
1.119999999999998108e+00,-5.599904922759783681e-03,-6.483455656129304412e-01,-7.798839138579260180e+02,-4.880485302024105465e+00
1.124999999999998002e+00,-6.260934782871279206e-03,1.626529154370526531e-01,7.459610723049443095e+02,-4.301538937103197568e+00
1.129999999999997895e+00,-8.027827027980632968e-03,-6.977641814090432826e-01,-7.884490373789047908e+02,-4.990417291567069924e+00
1.134999999999997788e+00,-8.893332260201001691e-03,1.583982702215164795e-01,7.886193226986800937e+02,-4.284832206481210548e+00
1.139999999999997682e+00,-1.049020378423922394e-02,-6.225696257037812709e-01,-7.495398988086476493e+02,-4.661493025549101610e+00
1.144999999999997575e+00,-1.163408192035683859e-02,7.953798705382884859e-02,8.166978642628666876e+02,-4.323536484555086545e+00
1.149999999999997469e+00,-1.337528447809636228e-02,-6.715665586955352762e-01,-8.168134306938277405e+02,-4.564737609128382445e+00
1.154999999999997362e+00,-1.395617004216745220e-02,1.622696544678255137e-01,7.404711628025376058e+02,-3.909928285689237448e+00
1.159999999999997256e+00,-1.578243907324256359e-02,-7.197872129062680147e-01,-8.035451826533943631e+02,-4.612247682981558405e+00
1.164999999999997149e+00,-1.650405374595117006e-02,2.030032619217030376e-01,8.103632470620843833e+02,-3.784280204553727600e+00
1.169999999999997042e+00,-1.804987584805364809e-02,-6.223763578357633941e-01,-7.357091898223895896e+02,-4.165508532310347789e+00
1.174999999999996936e+00,-1.920852667244831932e-02,1.208096822755003602e-01,8.738996472168075798e+02,-3.748591751314746201e+00
1.179999999999996829e+00,-2.072985166940503887e-02,-6.298602726821078690e-01,-8.531244791972496841e+02,-4.080819386664794379e+00
1.184999999999996723e+00,-2.124849568275873415e-02,1.076187454524544507e-01,6.638900756334726339e+02,-3.297512784909102379e+00
1.189999999999996616e+00,-2.378799592317748512e-02,-8.801142922867463136e-01,-8.336635018180101042e+02,-4.002005633127454942e+00
1.194999999999996509e+00,-2.466674053317557264e-02,2.311364321513722508e-01,8.039036598843989623e+02,-1.869642661692008101e+00
1.199999999999996403e+00,-2.668571810906114963e-02,5.435542230261807689e-02,7.179079300422332608e+02,-9.337541821729062885e-01
1.204999999999996296e+00,-2.965713346118286145e-02,-7.462394697824450418e-01,-8.717815553342398971e+01,1.996434300163588693e-01
1.209999999999996190e+00,-3.348367818495425613e-02,-9.327652139622440997e-01,-3.247241316340150661e+02,1.413393157852306237e+00
1.214999999999996083e+00,-3.772315404376575670e-02,-1.064462141874257251e+00,-2.406335888229326372e+02,2.175054960794192915e+00
1.219999999999995977e+00,-4.197743406173156527e-02,-1.036045962943375143e+00,-2.722047242857260017e+02,2.369731439734327427e+00
1.224999999999995870e+00,-4.646815557999104535e-02,-6.631538472004251394e-01,5.683903370488410474e+02,2.480667216997162861e+00
1.229999999999995763e+00,-5.208426050999093171e-02,-1.264414150853105934e+00,-2.554046214253658036e+02,2.073066184405533363e+00
1.234999999999995657e+00,-5.758907774103005917e-02,-1.096570841252749728e+00,-3.078733642063654656e+02,2.121465028539683662e+00
1.239999999999995550e+00,-6.337551964337011234e-02,-1.164306132016034168e+00,1.877404227368771927e+01,2.141132277694332675e+00
1.244999999999995444e+00,-6.815336790605779071e-02,-8.398380165453571689e-01,-5.433059389148534990e+01,1.883665457216624706e+00
1.249999999999995337e+00,-7.181290386600036602e-02,-6.500588015042094714e-01,1.441269876445084890e+02,2.058793294069965363e+00
1.254999999999995230e+00,-7.520675663518128218e-02,-6.620646149127946689e-01,-1.783094882938260355e+02,1.682039380156411745e+00
1.259999999999995124e+00,-7.758210770603725381e-02,-4.437834544894305178e-01,-8.502757915359779872e+01,1.549498238629664293e+00
1.264999999999995017e+00,-7.981993730324395131e-02,-4.224251815643128016e-01,-5.999357891955810373e+00,1.261619625907047570e+00
1.269999999999994911e+00,-8.151381160647601376e-02,-4.813138631811973989e-01,-1.642922777148729381e+02,1.230680751045472032e+00
1.274999999999994804e+00,-8.324931891382889027e-02,-3.675649104429151159e-01,-6.421971186377768959e+01,1.012421155654253502e+00
1.279999999999994698e+00,-8.441991719398431182e-02,-1.082399820211423919e-01,2.530847759861156874e+02,1.170460213093109658e+00
1.284999999999994591e+00,-8.543682726027575225e-02,-2.464592505633578234e-01,2.032330993856565726e+01,1.009405318908114024e+00
1.289999999999994484e+00,-8.708276613951747291e-02,-3.474214640793801268e-01,-2.075791630977420539e+02,1.115707281867890144e+00
1.294999999999994378e+00,-8.852061737831151689e-02,-3.963865557480565904e-01,-1.590372767530123781e+02,1.026067304445805961e+00
1.299999999999994271e+00,-8.992698702089642337e-02,-1.066024573674426712e-01,2.617897650244182159e+02,1.313635143891365153e+00
1.304999999999994165e+00,-9.156503886648814650e-02,-4.890642082789770084e-01,-3.782025305902472496e+02,1.047459167723822970e+00
1.309999999999994058e+00,-9.302733210939501118e-02,-2.632846421859089681e-01,2.029447854703040832e+02,1.481323126466289608e+00
1.314999999999993952e+00,-9.473586530562533303e-02,-3.501377298146951533e-01,-1.590382192784044513e+01,1.244809913492233910e+00
1.319999999999993845e+00,-9.570691193499479554e-02,-9.376108419095156854e-02,2.443476182133655641e+02,1.518907484561661914e+00
1.324999999999993738e+00,-9.678760867308218441e-02,-1.078750225663342444e-01,-1.430382772385300072e+01,1.237906227047478547e+00
1.329999999999993632e+00,-9.732902690229028320e-02,-5.366833160985533258e-02,-7.276648903277691716e+01,1.474419507891600034e+00
1.334999999999993525e+00,-9.885114327287111702e-02,-2.309469319419689970e-01,-6.703732251949246290e+01,1.396488719866073813e+00
1.339999999999993419e+00,-9.977123966017618917e-02,-6.737050113361747750e-02,2.046489226735943703e+02,1.509515002620313462e+00
1.344999999999993312e+00,-1.002093050141894121e-01,7.890028182267189161e-02,3.687155067609856474e+02,1.411607677120360282e+00
1.349999999999993205e+00,-1.009575684535539697e-01,-8.813566911031835149e-02,-1.000588604871844041e+02,1.667420490218351592e+00
1.354999999999993099e+00,-1.014054351428661932e-01,-2.061963030373888672e-01,-1.775699013281030432e+02,1.471249341052117465e+00
1.359999999999992992e+00,-1.018774277835220732e-01,-9.073411201388417724e-02,1.215116907153901451e+02,1.567151943021408256e+00
1.364999999999992886e+00,-1.020248176793322054e-01,-1.468648220221753786e-01,-1.490252281303735629e+02,1.632775551301217209e+00
1.369999999999992779e+00,-1.019611086201987343e-01,1.216239507746574681e-02,2.443639899579677319e+02,1.925337197853443927e+00
1.374999999999992673e+00,-1.031977406454065438e-01,-2.073089366631319652e-01,-1.726942239756825472e+02,1.570345830021136813e+00
1.379999999999992566e+00,-1.026219068857457395e-01,1.657687079624227955e-01,1.946523409437838268e+02,1.976730034158479699e+00
1.384999999999992459e+00,-1.033498540598831866e-01,-2.521915445490096608e-01,-3.653612659128608584e+02,1.814136260148484947e+00
1.389999999999992353e+00,-1.024649433605766963e-01,5.782315719585381375e-01,7.540765288473525061e+02,1.995109880111482825e+00
1.394999999999992246e+00,-1.023621119598652068e-01,2.050980802313729923e-01,1.248636435126364290e+02,1.660636476096778447e+00
1.399999999999992140e+00,-1.023699368538716903e-01,-4.083900930273229313e-02,-5.508088313611884956e+01,2.252848477577773512e+00
1.404999999999992033e+00,-1.036689025606099823e-01,-2.904981516992141688e-01,-5.740448643571057374e+01,2.286311135629389479e+00
1.409999999999991926e+00,-1.048454601426250660e-01,-1.805963653033967053e-01,8.739916897414538255e+01,2.238464835604847991e+00
1.414999999999991820e+00,-1.038755967553670473e-01,3.096784656080452391e-01,-1.474842570297958559e+02,2.201181506413061761e+00
1.419999999999991713e+00,-9.946096296283761518e-02,1.259429834364734324e+00,3.827611528007076345e+02,2.441894220440318897e+00
1.424999999999991607e+00,-9.102676837146402022e-02,1.910207037431743249e+00,-9.982029472237002876e-01,1.989473603130707868e+00
1.429999999999991500e+00,-7.965846462163858610e-02,2.501023649380680336e+00,1.854100158952496145e+02,1.807487982001674265e+00
1.434999999999991394e+00,-6.588899756236393790e-02,2.728217151520644368e+00,-2.062011284988846285e+02,1.550445600282054359e+00
1.439999999999991287e+00,-5.089426415358493799e-02,3.167180672667492480e+00,2.549739150866518003e+02,1.586205461330919109e+00
1.444999999999991180e+00,-3.570890480248297555e-02,2.911736644634978166e+00,-1.222486134883608031e+02,9.646264253698724200e-01
1.449999999999991074e+00,-2.154544459925588490e-02,2.865567547427148920e+00,1.261957386598852224e+02,9.158328336485945798e-01
1.454999999999990967e+00,-9.578625629131511110e-03,2.082107056007495238e+00,-2.917968066243893759e+02,5.401841893843466469e-01
1.459999999999990861e+00,1.084235940705833125e-03,2.047330203867459009e+00,4.770819843426996698e+01,1.116242958221827175e+00
1.464999999999990754e+00,9.988924682006275826e-03,1.647729322676257713e+00,-1.339246762289943433e+02,8.828789695644317925e-01
1.469999999999990647e+00,1.772203625155932549e-02,1.409498269700353079e+00,-9.799987429389402394e+01,1.111907880881755295e+00
1.474999999999990541e+00,2.411820438546582318e-02,1.228748420269679009e+00,5.845705440228993410e+01,8.138872339434143344e-01
1.479999999999990434e+00,2.896284228346200293e-02,7.667023483002555206e-01,-1.753527826565622547e+02,5.652826287014598439e-01
1.484999999999990328e+00,3.251382985265284520e-02,5.536074176095771016e-01,-1.021378744253127167e+02,5.435412166972677372e-01
1.489999999999990221e+00,3.475447771524638879e-02,3.466341922071907722e-01,-6.526640836791563061e+01,7.563141401385128360e-01
1.494999999999990115e+00,3.565496677974347439e-02,5.091844345832865354e-02,-1.669243764723126731e+02,3.956131315830617723e-01
1.499999999999990008e+00,3.528637338434315041e-02,-1.405325106032349058e-01,3.755169875807016666e+00,6.470668786878812639e-01
1.504999999999989901e+00,3.366207539846301222e-02,-4.221479649100044473e-01,-2.372083574780263149e+01,3.550006640909649791e-01
1.509999999999989795e+00,3.089769156887630513e-02,-6.460036257850463315e-01,-1.190091773305754828e+02,7.078936525660138868e-01
1.514999999999989688e+00,2.740611448035234002e-02,-7.149950512660492308e-01,5.686455745238542647e+01,5.376372805953850698e-01
1.519999999999989582e+00,2.327285798036757627e-02,-8.473952796891547345e-01,7.990387514422769755e+01,6.297737560678577928e-01
1.524999999999989475e+00,1.801036726184247067e-02,-1.119545006333559023e+00,-2.169762806940192235e+01,3.722533945103040920e-01
1.529999999999989369e+00,1.192478958869567715e-02,-1.285410514764954160e+00,-1.013950086970333615e+02,8.618937135430941865e-01
1.534999999999989262e+00,5.566787651275687150e-03,-1.266229373842363115e+00,2.659480425745155685e+01,6.666566655994071722e-01
1.539999999999989155e+00,-9.725665050002612385e-04,-1.240174557601808170e+00,1.293696163980350207e+02,7.943539382326131326e-01
1.544999999999989049e+00,-8.082287977292627532e-03,-1.461533160563617262e+00,-9.491456107617974425e+00,5.580722114607798989e-01
1.549999999999988942e+00,-1.557702981035390122e-02,-1.524068499495116358e+00,-6.846149580654284250e+01,1.030483130120351865e+00
1.554999999999988836e+00,-2.295582533412520929e-02,-1.462386756041455182e+00,1.658700832778211165e+01,7.940721530827710151e-01
1.559999999999988729e+00,-3.014397076695743069e-02,-1.355230050869902447e+00,1.051677822777712521e+02,1.013687910979453877e+00
1.564999999999988622e+00,-3.722081434380952736e-02,-1.405941032537534552e+00,1.309946175426267345e+01,7.954921943025321518e-01
1.569999999999988516e+00,-4.425016329796491871e-02,-1.415556848855139771e+00,-2.785075669026961620e+01,1.079095834689045796e+00
1.574999999999988409e+00,-5.097623764589104961e-02,-1.340513310545686565e+00,-5.738019145935341925e+01,9.787117647540954923e-01
1.579999999999988303e+00,-5.734553949381703680e-02,-1.170128814731993483e+00,1.675653932424495167e+02,1.186964207620066603e+00
1.584999999999988196e+00,-6.354611782456624780e-02,-1.230529468101987378e+00,3.546878781410840276e+01,8.479447578345680192e-01
1.589999999999988090e+00,-6.973913027846588564e-02,-1.248495572202691584e+00,-3.018252361430070962e+01,1.155998501570642212e+00
1.594999999999987983e+00,-7.543724696432464738e-02,-1.116939136458819259e+00,-4.706184118777797210e+01,1.046334857057638956e+00
1.599999999999987876e+00,-8.064202571992079571e-02,-9.453345281623694030e-01,1.418283293344938158e+02,1.198360777723892490e+00
1.604999999999987770e+00,-8.569602959636993256e-02,-1.006019393836819820e+00,-9.141510187380598396e+00,8.378119581373604241e-01
1.609999999999987663e+00,-9.040057931511982781e-02,-9.132999194920941033e-01,8.644532143638230082e+00,1.204011526278258248e+00
1.614999999999987557e+00,-9.466218941299474332e-02,-8.375842958500872015e-01,-3.696588266601558814e+01,1.008325510055596119e+00
1.619999999999987450e+00,-9.841124322800492985e-02,-6.708059379766486696e-01,9.860495208212959994e+01,1.210836019827758570e+00
1.624999999999987343e+00,-1.019321975807682135e-01,-7.379434242570536151e-01,-6.443303479977532788e+01,8.577385196795694888e-01
1.629999999999987237e+00,-1.046569660768705001e-01,-4.691162942735046526e-01,1.141050768594216969e+01,1.368151589296779935e+00
1.634999999999987130e+00,-1.067651170741241995e-01,-4.210199119352520669e-01,-4.164824383598020319e+01,9.027466495111333700e-01
1.639999999999987024e+00,-1.047041223595788079e-01,5.119146934788979530e-01,6.932876222889088069e+01,7.446355302986464864e-01
1.644999999999986917e+00,-1.019773423274535351e-01,4.479201415058438052e-01,-1.188575808266864158e+02,5.226776768096017545e-01
1.649999999999986811e+00,-9.886724341006294936e-02,6.181702602280214620e-01,-1.106346792632730001e+02,7.148011878422871890e-01
1.654999999999986704e+00,-9.588118921383580184e-02,6.257556662933808633e-01,-2.515548382314230835e+01,2.900338820908429649e-01
1.659999999999986597e+00,-9.249320172466542200e-02,6.303474536599020794e-01,-3.149867217521327802e+02,-2.549366672169606218e-01
1.664999999999986491e+00,-8.842568701980807466e-02,8.364584788288191852e-01,1.136356297391393468e+02,-8.401867318995471789e-01
1.669999999999986384e+00,-8.517520169532151464e-02,5.059198505452894290e-01,-3.543930031599319364e+02,-1.708585842707031288e+00
1.674999999999986278e+00,-8.106577805937206782e-02,9.840849035523476784e-01,4.389536834783171457e+02,-1.780879302560188782e+00
1.679999999999986171e+00,-7.803659489450355535e-02,3.998911269979773531e-01,-5.129212478570619851e+02,-2.730521432742579524e+00
1.684999999999986064e+00,-7.473251975695051341e-02,8.396962093189094256e-01,5.226908310464800707e+02,-2.895522478544796829e+00
1.689999999999985958e+00,-7.241654918848819400e-02,2.157592807583723071e-01,-5.810229015604929828e+02,-3.363709142389426088e+00
1.694999999999985851e+00,-6.971409332216063626e-02,7.618056987599328700e-01,5.738789504443612941e+02,-3.155624044694091968e+00
1.699999999999985745e+00,-6.789533617780421637e-02,9.217260240523413029e-02,-6.327118190072978905e+02,-3.680715494425339962e+00
1.704999999999985638e+00,-6.570306944946396888e-02,6.859534398910470676e-01,6.149646978665273309e+02,-3.306769561130817880e+00
1.709999999999985532e+00,-6.440866310285481289e-02,-3.018543694284736914e-02,-6.805190501233248597e+02,-3.917930204339516553e+00
1.714999999999985425e+00,-6.264824564363118131e-02,6.134767976194062111e-01,6.577933622507541713e+02,-3.466165904360383632e+00
1.719999999999985318e+00,-6.178608922029357048e-02,-1.180141217828230699e-01,-7.121008248896851001e+02,-4.032423988246885749e+00
1.724999999999985212e+00,-6.028117001464828456e-02,5.850548184700105070e-01,7.037488177223410730e+02,-3.687578829128065117e+00
1.729999999999985105e+00,-5.964282028446205725e-02,-1.780657507915858473e-01,-7.492036362158374914e+02,-4.245924433458141856e+00
1.734999999999984999e+00,-5.827581118696285173e-02,5.803083983296526416e-01,7.416285390182050605e+02,-3.822437640145943227e+00
1.739999999999984892e+00,-5.776272436968375723e-02,-2.190233873755734750e-01,-7.849159190448247045e+02,-4.393111987660736517e+00
1.744999999999984786e+00,-5.644132976842278215e-02,5.924183349722199621e-01,7.769896872736776459e+02,-3.901036562603548141e+00
1.749999999999984679e+00,-5.600251412288964614e-02,-2.421656307066851754e-01,-8.149767522063937122e+02,-4.461404672379043035e+00
1.754999999999984572e+00,-5.470756737735910091e-02,6.055778049139761698e-01,8.242153736183782939e+02,-4.012006130049863728e+00
1.759999999999984466e+00,-5.440971588976727114e-02,-2.888269783658455880e-01,-8.610834399239945469e+02,-4.609350464168704420e+00
1.764999999999984359e+00,-5.321449535130733793e-02,5.762242719385810563e-01,8.294948242474355311e+02,-3.999624380939468704e+00
1.769999999999984253e+00,-5.308054172770807627e-02,-3.438978628898660128e-01,-8.982218716233010127e+02,-4.692685937243192384e+00
1.774999999999984146e+00,-5.201132661804565294e-02,5.689009704009025947e-01,8.638312788630877321e+02,-3.975981981155749079e+00
1.779999999999984039e+00,-5.197370540665768174e-02,-3.636548421433971612e-01,-9.200992638082991562e+02,-4.656309776685627178e+00
1.784999999999983933e+00,-5.102300454901373405e-02,5.258192081706910548e-01,8.506782704081593920e+02,-3.957682824384636699e+00
1.789999999999983826e+00,-5.109100854333936681e-02,-3.792866909426098609e-01,-9.252833188899049901e+02,-4.600874873878565197e+00
1.794999999999983720e+00,-5.050487804351666554e-02,4.439523477793628770e-01,8.258921884944031717e+02,-3.927068451786351222e+00
1.799999999999983613e+00,-5.077331881018098264e-02,-4.046805470848346409e-01,-9.286057778163640251e+02,-4.562440694292208221e+00
1.804999999999983507e+00,-5.017194389867134230e-02,5.687395990833686854e-01,9.357767032502226812e+02,-3.853183470368019226e+00
1.809999999999983400e+00,-5.100205049420067360e-02,-3.013276313457207145e-01,-1.091594724066500675e+02,-4.175826730234138751e+00
1.814999999999983293e+00,-5.183175259460586631e-02,-4.312808540545147451e-02,2.009109845286609186e+02,-3.979854766353176032e+00
1.819999999999983187e+00,-5.309800685675908349e-02,-6.338152584063522221e-01,-7.880851904654152804e+02,-4.323207647716225566e+00
1.824999999999983080e+00,-5.321181561411273547e-02,4.664476999787283695e-01,1.033844938202335243e+03,-3.787311347932044825e+00
1.829999999999982974e+00,-5.350836932834476117e-02,-3.670752208451575349e-01,-9.223648499962276901e+02,-4.598746162829818296e+00
1.834999999999982867e+00,-5.198186192303702602e-02,7.502669822298854152e-01,1.009148543416272787e+03,-4.024992448140043422e+00
1.839999999999982760e+00,-5.106354464436974744e-02,-1.620043696369868891e-01,-9.411846805806462726e+02,-4.689810607266207576e+00
1.844999999999982654e+00,-4.883838920678822137e-02,8.413608405285564196e-01,9.864172754097066900e+02,-4.095192579657045862e+00
1.849999999999982547e+00,-4.755383707480121541e-02,-1.158579665776878348e-01,-9.633970375451600603e+02,-4.693633239045479577e+00
1.854999999999982441e+00,-4.526810802283847551e-02,8.548342785632567775e-01,1.002363645355870972e+03,-4.034484186980169085e+00
1.859999999999982334e+00,-4.395143171286685496e-02,-1.110111671866422095e-01,-9.788716997723705617e+02,-4.621574151363493144e+00
1.864999999999982228e+00,-4.523742636795680117e-02,-4.013721444365291324e-01,-5.446003268456355499e+02,-4.006387100425674141e+00
1.869999999999982121e+00,-4.434962560893693923e-02,6.288029367391738678e-01,8.194634677745021918e+02,-3.748851853934587641e+00
1.874999999999982014e+00,-4.622836225398575805e-02,1.272052244565483881e-01,1.003241522126887389e+03,-3.340180961561395989e+00
1.879999999999981908e+00,-4.774491500223462803e-02,-6.011027091479697049e-01,-9.483928843098975676e+02,-3.892951772590280690e+00
1.884999999999981801e+00,-4.690847453922613458e-02,6.752202785866008306e-01,1.070762508709673966e+03,-3.206587000832183065e+00
1.889999999999981695e+00,-4.936916651318290494e-02,-7.162118530312097664e-02,7.952762953405657527e+02,-3.049214803964601650e+00
1.894999999999981588e+00,-5.103190104996314230e-02,-5.168322794650728191e-01,-6.546735991227478735e+02,-3.357052351312605154e+00
1.899999999999981481e+00,-5.213523337929062279e-02,-1.241519686100803765e+00,-9.627091731514125286e+02,-2.974221185977078630e+00
1.904999999999981375e+00,-5.346450430573271989e-02,3.496008232185576214e-01,1.107277054863784542e+03,-2.349322655872057464e+00
1.909999999999981268e+00,-5.546753610408555052e-02,-3.057291176095657814e-01,8.360842977983141964e+02,-2.341308203414945055e+00
1.914999999999981162e+00,-5.787177765935503509e-02,-6.196440695511205021e-01,-6.560800391446127833e+02,-2.708188822874349366e+00
1.919999999999981055e+00,-6.025822269045279234e-02,-1.004567425866893293e+00,-7.638765329853074491e+02,-2.393295816868772352e+00
1.924999999999980949e+00,-6.095098699686118254e-02,4.365587021044173843e-01,1.072510207213407512e+03,-1.815748190115731298e+00
1.929999999999980842e+00,-6.395182124685290515e-02,-7.695132345883103075e-02,9.326697175883725777e+02,-1.630990180115989840e+00
1.934999999999980735e+00,-6.600251350212793522e-02,-5.888033981410913942e-01,-5.763771689944483114e+02,-1.774122855708229363e+00
1.939999999999980629e+00,-6.980101574487326821e-02,-8.445144291937279890e-01,-7.560701202600183706e+02,-1.046164958517105337e+00
1.944999999999980522e+00,-7.246586732409354692e-02,-7.010940983635236545e-01,3.398886533140049693e+01,-3.826155109502787921e-02
1.949999999999980416e+00,-7.659952410566639447e-02,-1.213222752789812064e+00,-8.173073751764030703e+02,1.092243301420477319e+00
1.954999999999980309e+00,-7.971569917127006855e-02,-3.926976677352476686e-01,6.315307027573883261e+02,3.158583094592563256e+00
1.959999999999980203e+00,-8.286680441591499913e-02,-6.823382409466917098e-01,-2.015344983955204725e+02,4.810846154145160369e+00
1.964999999999980096e+00,-8.351862962180900407e-02,1.922256088633056414e-01,2.837415081954759444e+02,6.984028996775118792e+00
1.969999999999979989e+00,-8.100753129146867626e-02,7.045011713095843398e-01,-2.287737327497610718e+00,5.726018739601661522e+00
1.974999999999979883e+00,-7.671302968219993745e-02,9.593838806790642160e-01,1.607897756586694982e+02,3.742009350351492181e+00
1.979999999999979776e+00,-7.302219454897640460e-02,5.900436110041107352e-01,-1.577993020914381930e+02,2.157681941054015784e+00
1.984999999999979670e+00,-7.048742465678334290e-02,4.384444252809915898e-01,6.977346569348112837e+01,2.716910466481591069e+00
1.989999999999979563e+00,-7.100852604207408270e-02,-2.727401907236727818e-01,-1.666902578834709630e+02,2.429058553490273997e+00
1.994999999999979456e+00,-7.113002641705958029e-02,1.791609562291054947e-01,2.150214660447220183e+02,2.310600582426107330e+00
1.999999999999979350e+00,-6.830410600101409491e-02,6.584757058033946509e-01,-1.056701744352904768e+02,1.897049889689365054e+00
2.004999999999979465e+00,-6.321415951618483686e-02,1.264241218238485009e+00,2.854136575754447449e+02,1.981378947767109100e+00
2.009999999999979359e+00,-5.725027854647921077e-02,1.103723242087921497e+00,-2.167993965558445382e+02,1.434053792614863987e+00
2.014999999999979252e+00,-5.144218493672013393e-02,1.195505844195413392e+00,1.766815957114011724e+02,1.669211266634566204e+00
2.019999999999979146e+00,-4.659274734627339570e-02,8.226359798981558447e-01,-2.153509057239281219e+02,1.341922994081110154e+00
2.024999999999979039e+00,-4.258212736966249246e-02,7.908606859828970492e-01,1.478054032913421167e+02,1.655843300930571083e+00
2.029999999999978932e+00,-3.954132316576167844e-02,5.062070298314995664e-01,-1.586980326314199772e+02,1.397323634248177626e+00
2.034999999999978826e+00,-3.734329332585258759e-02,4.574808862831165612e-01,1.765460751112283049e+02,1.633279718185553175e+00
2.039999999999978719e+00,-3.561262057323734409e-02,2.172458928863012784e-01,-2.283958537646724380e+02,1.389554226993835462e+00
2.044999999999978613e+00,-3.433762142983131510e-02,2.083990931539204672e-01,-1.165208315476973837e+02,1.544653016406517754e+00
2.049999999999978506e+00,-3.296764575929450602e-02,2.821477989745818094e-01,-3.395184500562266283e+00,1.431839521582410013e+00
2.054999999999978400e+00,-3.173832255479141357e-02,2.388029669010853784e-01,-2.471800177212330141e+00,1.505944767364389092e+00
2.059999999999978293e+00,-3.011882560914083337e-02,3.029025971031390485e-01,-8.261263142988296693e+01,1.414110454514347692e+00
2.064999999999978186e+00,-2.768028098600682635e-02,5.485660077032467052e-01,-3.204997806012426054e+01,1.268695065415614831e+00
2.069999999999978080e+00,-2.506810850054234582e-02,5.748022626657617318e-01,1.934423715046345364e+02,1.313656580931871209e+00
2.074999999999977973e+00,-2.193378407964472268e-02,5.864931613464378080e-01,-9.776417541778926079e+01,1.172774952210463129e+00
2.079999999999977867e+00,-1.825773882830436859e-02,8.566847550178636750e-01,1.096556219741293745e+02,1.084710847926599886e+00
2.084999999999977760e+00,-1.469717046105964257e-02,7.273385708731581190e-01,1.274312304644096088e+02,9.996360893459135255e-01
2.089999999999977653e+00,-1.114294204906998362e-02,6.651107583750965890e-01,-1.378044324913574883e+02,8.483073538789711598e-01
2.094999999999977547e+00,-7.550111392099550719e-03,7.070530362570294214e-01,3.486398800231163886e+00,1.025001194084361522e+00
2.099999999999977440e+00,-4.567081509102813471e-03,5.523623967467723439e-01,-5.036703566726601622e+01,8.020362176636839369e-01
2.104999999999977334e+00,-1.659417350742330198e-03,5.439168703748373801e-01,-1.071521445523513982e+01,5.624790152539760335e-01
2.109999999999977227e+00,6.641787485444153316e-04,3.732829971441922190e-01,-1.057866358129550406e+02,6.342904935665036881e-01
2.114999999999977121e+00,2.532564880529909572e-03,3.226512972817051628e-01,-1.474059856352481468e+01,8.244284112719223456e-01
2.119999999999977014e+00,4.272048110142469442e-03,3.120170060505066956e-01,-4.595703066393781455e+01,5.338844508780411502e-01
2.124999999999976907e+00,5.671981207255732960e-03,1.662438071497516767e-01,-1.167584095032261899e+02,5.346473217505980369e-01
2.129999999999976801e+00,6.743775563379682779e-03,1.804451559846372011e-01,-9.368478945092972410e+00,3.710506474875572280e-01
2.134999999999976694e+00,7.222160615919685084e-03,3.934292834403690931e-02,-3.147972869736320334e+01,3.425988694123895395e-01
2.139999999999976588e+00,6.814151473803677778e-03,-1.492602017052062635e-01,-6.844071012833218504e+01,5.781434407284596899e-01
2.144999999999976481e+00,5.895530203543311934e-03,-1.928296584211146858e-01,2.784252734579692756e+01,3.084925190210214274e-01
2.149999999999976374e+00,4.406790169325286270e-03,-3.169640348909997796e-01,1.904931392819905511e+01,5.162810216340885106e-01
2.154999999999976268e+00,2.357408173521217867e-03,-4.081577400734555661e-01,3.104322359515686713e+01,4.963405550293019663e-01
2.159999999999976161e+00,-9.017932008364625224e-05,-4.940880712959177523e-01,1.444593715396562850e+01,6.918368403273397194e-01
2.164999999999976055e+00,-2.696195234339749183e-03,-5.444218323428072770e-01,-1.067630175961363115e+01,4.218766297411040700e-01
2.169999999999975948e+00,-5.331019996106461413e-03,-5.971147390176517744e-01,-6.194018236581114678e+01,6.225247727501337369e-01
2.174999999999975842e+00,-7.539874796119188163e-03,-3.148401548804611316e-01,8.192598304794472597e+01,5.927606097551281206e-01
2.179999999999975735e+00,-9.043887318003752257e-03,-1.885020170526685857e-01,8.322811717710280277e+01,4.068141904577678991e-01
2.184999999999975628e+00,-9.699257624939750314e-03,-6.125976683941849327e-03,1.208850810392186190e+02,4.625206496045009552e-01
2.189999999999975522e+00,-9.427249625743752345e-03,8.075203139964548527e-02,-7.091992507056667705e+01,1.967207637867251502e-01
2.194999999999975415e+00,-8.394311995102776008e-03,2.021429876298027895e-01,-3.283301988218596534e+01,-3.351316736799143936e-02
2.199999999999975309e+00,-7.395089345950626308e-03,6.255006577881939978e-02,-1.184700605920066891e+02,-2.051643089672273712e-01
2.204999999999975202e+00,-8.426845172270824857e-03,-2.692133330433280416e-02,4.001835491035361088e+02,-1.522818320141226256e-01
2.209999999999975095e+00,-8.755397027649221287e-03,-2.457221633248824477e-01,-2.704510686189423723e+02,-1.172713073112974458e+00
2.214999999999974989e+00,-8.341087094646242733e-03,-7.767329792750581052e-02,-5.594220981833112774e+02,-2.327937355973924483e+00
2.219999999999974882e+00,-8.646879459545744884e-03,-3.037992616114527644e-01,-7.844967490412682309e+02,-3.182634692485370120e+00
2.224999999999974776e+00,-7.645505503125848631e-03,-2.996397596443298172e-02,-5.797911726488689510e+02,-3.764378021674756880e+00
2.229999999999974669e+00,-5.632462583373265899e-03,1.027236334942644019e-01,-7.093163421047548809e+02,-3.851427789285143621e+00
2.234999999999974563e+00,-3.065570062631463918e-03,1.235758262320353490e-01,-7.924331981862184193e+02,-4.204872302762777458e+00
2.239999999999974456e+00,7.711140928631238917e-05,3.272159004565513563e-01,-6.784059325752789391e+02,-3.961812629099721317e+00
2.244999999999974349e+00,3.069144730098157491e-03,1.549130442521444995e-01,-8.328204067396910659e+02,-4.454379238175466327e+00
2.249999999999974243e+00,6.262016998432238385e-03,2.879852823662680805e-01,-7.350379589439996835e+02,-4.056422910610248067e+00
2.254999999999974136e+00,9.534938851824638351e-03,2.104288202898692006e-01,-8.569780067200354097e+02,-4.469067086476174566e+00
2.259999999999974030e+00,1.289756721211321455e-02,3.065325188296757486e-01,-7.760144933632009270e+02,-4.054185313127743662e+00
2.264999999999973923e+00,1.630380776898263107e-02,2.411094913537277507e-01,-8.452090726918303289e+02,-4.371823535565253493e+00
2.269999999999973817e+00,1.990326826129976134e-02,3.549326857841683669e-01,-7.982839434746286997e+02,-3.938088727907569364e+00
2.274999999999973710e+00,2.346320097098065008e-02,2.947437550829406505e-01,-8.207665802610338233e+02,-4.169781991939944810e+00
2.279999999999973603e+00,2.731429512071421525e-02,4.318664880410413853e-01,-8.037503483898630066e+02,-3.775804729788898140e+00
2.284999999999973497e+00,3.091323559966276113e-02,3.175806169647546473e-01,-8.370647138146727002e+02,-3.950822670511710655e+00
2.289999999999973390e+00,3.435200104853271263e-02,2.691089032792951530e-01,-8.606011103111027296e+02,-4.112577160617239436e+00
2.294999999999973284e+00,3.786184688805867976e-02,3.472223349021832939e-01,-8.075792454687244799e+02,-3.538344769577713045e+00
2.299999999999973177e+00,4.163842182607056797e-02,3.586449049523419141e-01,-8.169823423174269692e+02,-3.671106596793993315e+00
2.304999999999973070e+00,4.539648607601270286e-02,3.946747016757217175e-01,-7.356845448107712855e+02,-3.694340011071165719e+00
2.309999999999972964e+00,4.873931433270312780e-02,4.407249340925839531e-01,-7.382861458031322854e+02,-3.062286476242673583e+00
2.314999999999972857e+00,5.118937131667000706e-02,3.448680354190412078e-01,-7.181037680897400151e+02,-3.087779916440824834e+00
2.319999999999972751e+00,5.428888865095297944e-02,3.320818975426858000e-01,-8.039252955648556735e+02,-3.177944817465825800e+00
2.324999999999972644e+00,5.860593139508973870e-02,5.402891072853308607e-01,-7.460172064753810446e+02,-3.212658078509977422e+00
2.329999999999972538e+00,6.091495583673155190e-02,1.047029678441632194e+00,1.228912743593821006e+03,-1.770754713027778759e+00
2.334999999999972431e+00,6.326073769780243827e-02,1.086605548475479077e+00,8.745074346561165157e+02,-2.095028005082931966e+00
2.339999999999972324e+00,6.489430430307409348e-02,-2.803881688607249290e-01,-6.545515062462806100e+02,-2.276579737398911174e+00
2.344999999999972218e+00,6.791071367788437119e-02,3.634552578817081686e-02,-5.693115755853531255e+02,-2.387411078616525462e+00
2.349999999999972111e+00,6.999830217365175800e-02,1.974291171144380297e-01,-5.886890554242180542e+02,-2.251448710347084159e+00
2.354999999999972005e+00,7.122574817240051592e-02,1.582164468642252853e-01,-6.023474042567911511e+02,-2.239006829934249598e+00
2.359999999999971898e+00,7.290741156372847198e-02,3.094702671875849131e-01,-4.401666347657292704e+02,-2.073041471161276128e+00
2.364999999999971791e+00,7.487784947223415088e-02,3.137063538578201971e-01,-3.094638934943897652e+02,-2.064919361795914732e+00
2.369999999999971685e+00,7.739221887798351796e-02,4.394191528240853351e-01,-3.693235801359642778e+02,-2.073393353253309535e+00
2.374999999999971578e+00,8.019928188264259517e-02,4.706121574041696176e-01,-1.037197698882913812e+02,-2.005487094726098096e+00
2.379999999999971472e+00,8.271449956049700680e-02,3.142625794783892590e-01,-2.782497521031903602e+02,-1.739111404278816719e+00
2.384999999999971365e+00,8.546423605779790433e-02,6.011716888777769441e-01,1.407922861602508249e+02,-1.600726340621595245e+00
2.389999999999971259e+00,8.785286139318281007e-02,4.430430359825481834e-01,-8.776896831391735532e+01,-1.485586726281503456e+00
2.394999999999971152e+00,9.012261326350289037e-02,5.559200076076143970e-01,2.699092037938636963e+02,-1.077270221951289741e+00
2.399999999999971045e+00,9.234013688420580901e-02,3.579801405914155854e-01,-1.431812743767130200e+02,-6.879411278485090264e-01
2.404999999999970939e+00,9.452059518838024088e-02,5.210510361364547594e-01,2.178369395409505103e+02,-1.242383264340948812e-02
2.409999999999970832e+00,9.618420395526296185e-02,2.002230113514766874e-01,-3.194894466166128382e+02,3.466249279257236360e-01
2.414999999999970726e+00,9.801098979455900861e-02,4.693860097932612274e-01,2.835933515402081753e+02,9.460375961727827132e-01
2.419999999999970619e+00,9.925463052787419915e-02,1.577877345934467768e-01,-1.841919019564823827e+02,5.327978221192742891e-01
2.424999999999970512e+00,9.999042076340895757e-02,1.696510022475606061e-01,1.969455519499386185e+02,5.397141557044565774e-01
2.429999999999970406e+00,9.971600542285881386e-02,-1.290101746965174323e-01,-1.591262598099231127e+02,2.062917368012161592e-02
2.434999999999970299e+00,9.928521456393496480e-02,-7.365931157940346086e-02,9.818719549385458834e+01,1.206342710229131726e-01
2.439999999999970193e+00,9.843209677347662667e-02,-1.314885823311898738e-01,-4.419781107958159261e+00,-8.790900435580149830e-02
2.444999999999970086e+00,9.727680804945677828e-02,-1.387668089236775426e-01,1.167119676961620485e+02,-2.091714658644561187e-02
2.449999999999969980e+00,9.593162994749752925e-02,-2.035243124187256225e-01,6.491963422972683873e+01,2.789667939456508261e-02
2.454999999999969873e+00,9.422247866717699261e-02,-2.446309961450073012e-01,7.643993750924423125e+01,1.351482386559784976e-01
2.459999999999969766e+00,9.217935409957582482e-02,-4.477484854542009840e-01,-8.368527653676231637e+01,2.284406414927118434e-01
2.464999999999969660e+00,8.961650233629873952e-02,-6.483764778803393636e-01,-8.978782963183660115e+01,4.456263176098119727e-01
2.469999999999969553e+00,8.534913002916159896e-02,-9.418404901126675721e-01,2.143946432044735673e+01,6.465481639677410630e-01
2.474999999999969447e+00,8.012725040817642030e-02,-1.098855946765332048e+00,-1.041332516817997629e+02,7.290050650838229007e-01
2.479999999999969340e+00,7.464139644277384411e-02,-1.160973927296964581e+00,-1.185283211568918773e+02,9.603861296632487665e-01
2.484999999999969233e+00,6.944351055801213646e-02,-1.111910262469673061e+00,-1.375478529490457902e+02,1.256070963752524250e+00
2.489999999999969127e+00,6.500534170473726281e-02,-8.964002355799444155e-01,-5.507626456439123785e+01,1.568683507370137065e+00
2.494999999999969020e+00,6.123948088552699787e-02,-7.312497247167654146e-01,-8.338617495212888286e+01,1.524892559905566713e+00
2.499999999999968914e+00,5.839540480930981853e-02,-5.443132963818225756e-01,-3.347968161295447231e+01,1.443697240417364025e+00
2.504999999999968807e+00,5.619066054156257595e-02,-4.192650745578874738e-01,4.323539831686090906e+00,1.323738541706472427e+00
2.509999999999968701e+00,5.456192491101065356e-02,-3.165921477480326818e-01,-2.444827338981948017e+01,1.067007233123108856e+00
2.514999999999968594e+00,5.314411906118705203e-02,-4.012411724032031723e-01,-1.652010663483356154e+02,8.715447175900443710e-01
2.519999999999968487e+00,5.188443816582144485e-02,-3.184428484287306071e-01,-8.911793691156825048e+01,1.092031546027452560e+00
2.524999999999968381e+00,5.052899548300891774e-02,-3.142843714591397331e-01,-4.674301048016489091e+01,1.193286532016196944e+00
2.529999999999968274e+00,4.899428642000661777e-02,-3.763930689901170412e-01,-8.912792310985598476e+01,1.034472804281523883e+00
2.534999999999968168e+00,4.745194444792328464e-02,-3.503245060009936851e-01,-7.816176480155733941e+01,7.977942692425459281e-01
2.539999999999968061e+00,4.563546559103998784e-02,-3.687591701574580716e-01,2.853846380115643555e+01,8.808757600463563708e-01
2.544999999999967955e+00,4.313521597939838637e-02,-5.340148569294093095e-01,-3.473466380342139104e+01,8.940490224934448671e-01
2.549999999999967848e+00,4.021858457311223989e-02,-5.504790769662020189e-01,3.916762795265005792e+01,8.130921402470737691e-01
2.554999999999967741e+00,3.675198652725290838e-02,-6.883484210925611135e-01,5.848854168118208463e+01,9.790163305032295593e-01
2.559999999999967635e+00,3.311903449342522288e-02,-7.214309041068593942e-01,-3.199036068429587232e+01,9.161395229955647812e-01
2.564999999999967528e+00,3.003885101307502206e-02,-4.516811587349848223e-01,1.240841295088727776e+02,8.608972043557361342e-01
2.569999999999967422e+00,2.758222055330029551e-02,-4.256741167760010880e-01,1.257599783484253919e+02,9.999310821234927982e-01
2.574999999999967315e+00,2.602697118585739489e-02,-1.952402600117663645e-01,8.058513622539260268e+01,8.734416781695387710e-01
2.579999999999967208e+00,2.537688016623381934e-02,-4.645073864351798032e-02,1.233968647036609099e+02,7.992165281003335009e-01
2.584999999999967102e+00,2.604139042862524400e-02,2.016557265288529688e-01,-2.206703480113945304e+01,4.500466461397494289e-01
2.589999999999966995e+00,2.768581261600995894e-02,3.731966769126612293e-01,2.178927319811771213e+01,2.862228515121066907e-01
2.594999999999966889e+00,3.000171263198901997e-02,4.422428592561434280e-01,-5.282951314454560077e+01,-3.817934482943038943e-02
2.599999999999966782e+00,3.209164710707099882e-02,3.459150226084937163e-01,-1.413933089062111570e+01,2.290769797789141138e-02
2.604999999999966676e+00,3.329839118827650213e-02,9.672307401216848066e-02,-1.054204660187692184e+02,-1.130862012436115588e-01
2.609999999999966569e+00,3.293735395303924729e-02,-7.054997384120338666e-02,6.980721514456195109e+01,2.163927410676243224e-02
2.614999999999966462e+00,3.295601024775069582e-02,3.470114622135830884e-02,9.292398306818962794e+01,-2.486948501695687430e-01
2.619999999999966356e+00,3.349765390313320934e-02,1.751695719974658561e-01,1.547871553193964473e+02,-6.684796780094667268e-01
2.624999999999966249e+00,3.411638596509026372e-02,2.412335370394509404e-01,2.226892506458555658e+02,-8.094330570918205625e-01
2.629999999999966143e+00,3.496786880218154953e-02,-1.030342942309144388e-01,-3.165311540909587507e+02,-1.377954265211161378e+00
2.634999999999966036e+00,3.666885582984840547e-02,3.887975759524647801e-01,-2.178954979733767630e+02,-1.622067123916538067e+00
2.639999999999965929e+00,3.771804575230972706e-02,1.200219627657393845e-01,-5.412686037961569809e+02,-3.154547417802019194e+00
2.644999999999965823e+00,3.994702447397499578e-02,2.622595306371758861e-01,-3.777125303656364395e+02,-3.157665429218628805e+00
2.649999999999965716e+00,4.212068392784459880e-02,1.086155894200033084e-01,-7.079715727431639607e+02,-3.959047841680149116e+00
2.654999999999965610e+00,4.590245659487411645e-02,2.084273636891138815e-01,-4.404561482783258839e+02,-4.090917202840262057e+00
2.659999999999965503e+00,4.927745197519518838e-02,8.937636607873349071e-02,-6.628407430400548037e+02,-4.205318930497472962e+00
2.664999999999965397e+00,5.387610796009855568e-02,7.178525599441605287e-01,-4.345914892712660560e+01,-4.168406501946231302e+00
2.669999999999965290e+00,5.839527505208139818e-02,1.324105547206887890e+00,7.580414248367181926e+02,-4.242384840632658083e+00
2.674999999999965183e+00,6.250533024321512643e-02,1.129171765504307201e+00,8.157691727301073570e+02,-4.362302593279382634e+00
2.679999999999965077e+00,6.710784336407345230e-02,7.988315696288633694e-01,-6.113444893338232760e+02,-5.002689747027794454e+00
2.684999999999964970e+00,7.076362888784365479e-02,6.188474531622470964e-01,-7.076223700897919571e+02,-4.834277532790950183e+00
2.689999999999964864e+00,7.464977106854137068e-02,4.011269872088322752e-01,-7.687977522911970709e+02,-4.676610876449597498e+00
2.694999999999964757e+00,7.813575408753811735e-02,3.388058656927689372e-01,-6.289247205827225571e+02,-4.538961000996217798e+00
2.699999999999964650e+00,8.152025811480474726e-02,2.768967008829926191e-01,-6.005242204769417640e+02,-4.421024985800039886e+00
2.704999999999964544e+00,8.522992658851882841e-02,-4.962366011329914783e-02,-7.290884459729095397e+02,-4.654013064247410014e+00
2.709999999999964437e+00,8.869504991054290299e-02,-6.960761602561764405e-02,-7.229990702481214839e+02,-4.439811643352257420e+00
2.714999999999964331e+00,9.227240959906701789e-02,3.458474410123285603e-03,-6.894899327217769951e+02,-4.341921956740045552e+00
2.719999999999964224e+00,9.598189571421728017e-02,-7.745494249415943964e-03,-7.413046270240876083e+02,-4.244560087508200574e+00
2.724999999999964118e+00,9.951601216796307492e-02,-3.731888206616035958e-02,-7.493509032408444455e+02,-4.543654012518674179e+00
2.729999999999964011e+00,1.028073791799842263e-01,2.005596146166687549e-02,-6.048371010100671583e+02,-4.244804557211205420e+00
2.734999999999963904e+00,1.058760006483305954e-01,-8.429582628860027294e-02,-6.999073000121757104e+02,-4.006449668811882248e+00
2.739999999999963798e+00,1.090690875053157427e-01,-4.508473899770228804e-02,-7.336578196174219784e+02,-4.309641594485797533e+00
2.744999999999963691e+00,1.112727470546559516e-01,4.563661799135723673e-02,-5.007151310734773801e+02,-3.933030565608785167e+00
2.749999999999963585e+00,1.139051082736838444e-01,-2.430868415163708052e-01,-7.652085666611818624e+02,-3.829700084559596540e+00
2.754999999999963478e+00,1.171587119233221952e-01,2.394237361251842083e-02,-6.781098675519044718e+02,-4.026923192086434788e+00
2.759999999999963372e+00,1.196357371995141611e-01,2.557914960435205831e-01,-7.112800461899179254e+02,-3.822715543834663166e+00
2.764999999999963265e+00,1.218376220243268110e-01,2.931171665403589643e-01,-5.670521677860008367e+02,-4.001898419867626622e+00
2.769999999999963158e+00,1.236515816367297488e-01,2.595971919672118156e-01,-7.169464773478546249e+02,-3.667816769626653706e+00
2.774999999999963052e+00,1.260119278158135514e-01,5.477729681411972473e-01,-7.546028162996356059e+02,-3.997547458317004310e+00
2.779999999999962945e+00,1.281207157810226038e-01,9.573111440349540979e-01,1.201290169721629582e+03,-2.839073906376508916e+00
2.784999999999962839e+00,1.290319404597385367e-01,-2.810734514561538111e-01,-5.300155776470220417e+02,-2.902162539277678643e+00
2.789999999999962732e+00,1.308982141651325037e-01,-1.655788053887848332e-01,-5.506753209483593992e+02,-3.057241593981317784e+00
2.794999999999962625e+00,1.325733960002419831e-01,-3.982808390796742370e-02,-3.332538353718990720e+02,-2.826351837256571464e+00
2.799999999999962519e+00,1.340132454089763281e-01,-9.737932913005648006e-02,-4.680410614701907548e+02,-2.975109929531030595e+00
2.804999999999962412e+00,1.352972534300026786e-01,-1.585855079806508805e-01,-4.350930100786085859e+02,-2.539981182735480569e+00
2.809999999999962306e+00,1.374262451715075328e-01,-1.606680840391846998e-02,-5.571438808766389457e+02,-2.449272161692286787e+00
2.814999999999962199e+00,1.393290653353741471e-01,2.481957509181774435e-01,-1.262194554371630630e+02,-2.009424461232559800e+00
2.819999999999962093e+00,1.410745635822568123e-01,1.986297795662106958e-01,-2.190172570712390439e+02,-1.779269603521710597e+00
2.824999999999961986e+00,1.429314307138737361e-01,1.168257666190301580e-01,-2.796073935697440902e+02,-1.670868511074363516e+00
2.829999999999961879e+00,1.448609994563418435e-01,1.726353297575248247e-01,-4.060984377292697332e+02,-1.668177815260569963e+00
2.834999999999961773e+00,1.470316589934714258e-01,3.158582964095602574e-01,-1.701020925023797474e+02,-1.636553397914885410e+00
2.839999999999961666e+00,1.492079417684774312e-01,3.788062970848429245e-01,-2.747171207024179012e+02,-1.640461558933539621e+00
2.844999999999961560e+00,1.512376092998158339e-01,4.850568586847498476e-01,1.944976202257526268e+02,-1.318386661601224974e+00
2.849999999999961453e+00,1.531722568814171404e-01,3.395223231778451423e-01,-8.528458638736017861e+01,-1.157875344298040288e+00
2.854999999999961346e+00,1.551527234972818192e-01,4.374033816121776774e-01,8.820293191099884211e+01,-6.004335095865436234e-01
2.859999999999961240e+00,1.572217712944104506e-01,4.031158234847401212e-01,-8.685683114227529700e+01,-7.173644467512962919e-02
2.864999999999961133e+00,1.591601485706827523e-01,5.165295341317199806e-01,3.236278955768624996e+02,3.255509385508311149e-01
2.869999999999961027e+00,1.612084316296478748e-01,4.334321283308469885e-01,5.249038436190801349e+01,1.020515555517065576e-01
2.874999999999960920e+00,1.622092831988807271e-01,1.093980542547065143e-01,-2.253547243510413978e+01,-4.169353504006048650e-01
2.879999999999960814e+00,1.606182998213355195e-01,-4.846233886173869077e-01,8.273090004875976788e+00,-5.265170480851325552e-01
2.884999999999960707e+00,1.568618949268198726e-01,-9.480032085167583444e-01,-1.564151765635126310e+02,-5.164726308703408986e-01
2.889999999999960600e+00,1.517693727436975892e-01,-1.039868670234429304e+00,2.052100284131275743e+01,-4.458391202858164037e-01
2.894999999999960494e+00,1.453144321863889532e-01,-1.353352510243504891e+00,1.341471493222079125e+01,-2.181254004936946655e-01
2.899999999999960387e+00,1.380292059116831616e-01,-1.539819352088694693e+00,-1.394311677051120739e+02,-1.358661473250313279e-01
2.904999999999960281e+00,1.303283330495066672e-01,-1.464992191024036661e+00,8.470771628481298876e+01,1.072036647883836125e-01
2.909999999999960174e+00,1.220979900382736100e-01,-1.585647572796759386e+00,1.217306022313001819e+02,2.799636056613294954e-01
2.914999999999960067e+00,1.136089282864091443e-01,-1.692592026867224320e+00,5.849039750393948189e+00,3.391320567936537689e-01
2.919999999999959961e+00,1.046579350654751051e-01,-1.763220801617658706e+00,6.520645225966713099e+01,7.165283442267593728e-01
2.924999999999959854e+00,9.577808538850375586e-02,-1.741656096389869735e+00,7.793243116119320746e+01,7.207057013700026715e-01
2.929999999999959748e+00,8.675464315562177176e-02,-1.789754803419068896e+00,1.794879490910640030e+01,9.259124177393669441e-01
2.934999999999959641e+00,7.805123160910379387e-02,-1.686775338447261019e+00,6.919548884578968284e+01,9.382357398339609134e-01
2.939999999999959535e+00,6.964590815324939177e-02,-1.709861362666049711e+00,-1.159792093760491269e+02,1.062283057846322487e+00
2.944999999999959428e+00,6.235769726498829185e-02,-1.369592116621747735e+00,2.339987848048131625e+01,1.063072934103862055e+00
2.949999999999959321e+00,5.644836429344785023e-02,-1.062250059838078853e+00,9.100136504751256439e+01,1.104394473429215484e+00
2.954999999999959215e+00,5.120700237917645559e-02,-9.221249567360808586e-01,9.647679487126764286e+01,1.160549299828300018e+00
2.959999999999959108e+00,4.628011691534433814e-02,-9.643559145881693828e-01,-1.262411908316094733e+00,1.324894137903707136e+00
2.964999999999959002e+00,4.183184703063017734e-02,-8.509235408872359852e-01,6.943458903533709758e+01,1.282059452417527279e+00
2.969999999999958895e+00,3.833174712608492657e-02,-6.443588275182756675e-01,-1.734569517690282225e+01,1.154081060726025898e+00
2.974999999999958789e+00,3.647968779429724973e-02,-1.921300853770074035e-01,1.047476580740299710e+02,9.251708500896760334e-01
2.979999999999958682e+00,3.630663076388955524e-02,1.334759271938361358e-01,1.377225593686303569e+02,6.969330727560750782e-01
2.984999999999958575e+00,3.736094078238930832e-02,3.216032108473717011e-01,1.355581557077371997e+02,3.787032623260280229e-01
2.989999999999958469e+00,3.995596038004868567e-02,5.577076960413560602e-01,-2.104040905103858705e+01,-7.113621105135359279e-02
2.994999999999958362e+00,4.226087327213259859e-02,3.116380440734624613e-01,-1.303882180560555071e+02,-4.425656989442041667e-01
2.999999999999958256e+00,4.098714616349877216e-02,-7.390262034834098603e-01,-2.427543239965038993e+02,-2.507555384990025615e-01
3.004999999999958149e+00,4.034619886162170432e-02,4.583625188448330334e-01,1.320768828402304962e+03,-3.714848112409829817e-01
3.009999999999958042e+00,3.918048333063616634e-02,-7.373978275338144428e-01,-5.592229800438184384e+02,-1.810930181432286901e+00
3.014999999999957936e+00,3.906546135597811081e-02,-1.660050621368772683e-01,-6.181735680668875830e+02,-2.041308749260711597e+00
3.019999999999957829e+00,4.181751992484048636e-02,2.654652248245160107e-01,-7.136872643938494321e+02,-3.021669997903222438e+00
3.024999999999957723e+00,4.247936885912435151e-02,2.340624061318348492e-01,-5.943335219505084979e+02,-4.924113251623370324e+00
3.029999999999957616e+00,4.451398732699798910e-02,4.628301563478441349e-01,-8.156901226142840642e+02,-4.185001929628286099e+00
3.034999999999957510e+00,4.776110566038990063e-02,7.080527850561767478e-01,-7.594978127987470771e+02,-4.196216552583153181e+00
3.039999999999957403e+00,5.162285086759930974e-02,7.132616604980865915e-01,-8.257689082602691997e+02,-4.335638743922959115e+00
3.044999999999957296e+00,5.525894468342443244e-02,7.064068205030007430e-01,-6.855840078977638541e+02,-4.418439843363890951e+00
3.049999999999957190e+00,5.882563751138862596e-02,7.281015575652068916e-01,-7.083759537560961235e+02,-4.464321431027812537e+00
3.054999999999957083e+00,6.232984427404485162e-02,6.729488143100077480e-01,-7.857201514725726383e+02,-4.490789367187728587e+00
3.059999999999956977e+00,6.567590601951842078e-02,6.043771848397873070e-01,-8.822947048362734677e+02,-4.874886847684200220e+00
3.064999999999956870e+00,6.885837565868686838e-02,5.900403219740284477e-01,-8.747292265160610896e+02,-4.738780840580295362e+00
3.069999999999956763e+00,7.230920979612590060e-02,7.478046581431864182e-01,-6.878036136334910680e+02,-4.597502090683595277e+00
3.074999999999956657e+00,7.570203250867453548e-02,6.537198701466905293e-01,-8.245972919996546580e+02,-4.610227691334493727e+00
3.079999999999956550e+00,7.916040179861968951e-02,6.550814013977909189e-01,-8.488754959554595416e+02,-4.869711953449494146e+00
3.084999999999956444e+00,8.256634143352961641e-02,7.142875519368901971e-01,-6.334155182700799287e+02,-4.586780793349411134e+00
3.089999999999956337e+00,8.576683231930680440e-02,6.417621933132630074e-01,-4.594047073585714998e+02,-4.271494676377952437e+00
3.094999999999956231e+00,8.922528685795430570e-02,6.853390545677229273e-01,-7.488791525447130653e+02,-4.671080620754345603e+00
3.099999999999956124e+00,9.250939903465339731e-02,7.305869659623782653e-01,-3.055084035884842706e+02,-4.242469943015509060e+00
3.104999999999956017e+00,9.519188100647990591e-02,5.702586126330935201e-01,-3.107128693276442988e+01,-3.800614256737340657e+00
3.109999999999955911e+00,9.883859342836036344e-02,7.486418678262811710e-01,-9.131008650862407876e+02,-4.523121250288443917e+00
3.114999999999955804e+00,1.012802855336706331e-01,1.098552860796539354e+00,1.475071536664233690e+03,-3.257614446431283284e+00
3.119999999999955698e+00,1.049408098909144077e-01,1.197298591437168547e+00,1.225585974915877614e+03,-3.267372052068130195e+00
3.124999999999955591e+00,1.072526256890300317e-01,6.739728832498351752e-01,3.031775619244251061e+02,-3.623762473926951611e+00
3.129999999999955484e+00,1.091279823820420491e-01,1.278866804927218936e-01,-1.787250050724134383e+02,-3.263614523367139419e+00
3.134999999999955378e+00,1.113510638416278231e-01,6.599120970486770377e-01,4.331756760295752997e+02,-3.014584049388297160e+00
3.139999999999955271e+00,1.124884964213676009e-01,-4.237618074642959254e-01,-7.926575837554377131e+02,-3.418256732186331082e+00
3.144999999999955165e+00,1.146827868148292268e-01,-1.199710219889416618e-01,-5.434904431459113994e+02,-3.158690589384539837e+00
3.149999999999955058e+00,1.163294241071474583e-01,-1.754743140269858781e-01,-5.043951221963296234e+02,-3.019206356128353974e+00
3.154999999999954952e+00,1.177851982975949702e-01,-2.543099083265919491e-01,-6.425438808672629420e+02,-2.909838357873240078e+00
3.159999999999954845e+00,1.196137257279969723e-01,-9.827947883587029310e-02,-4.554587732386272023e+02,-2.679976701001224981e+00
3.164999999999954738e+00,1.223007569588363402e-01,3.850440315089523335e-02,-5.239672643938321244e+02,-2.658088580022016423e+00
3.169999999999954632e+00,1.245227926463602086e-01,2.323513154439919015e-01,-3.419088339003827741e+02,-2.483586814366416373e+00
3.174999999999954525e+00,1.263265054686976696e-01,2.377760027712303437e-01,-3.396968698143336383e+02,-2.439412063642656836e+00
3.179999999999954419e+00,1.282904836350337585e-01,4.202476568521679168e-01,1.473430077004523469e+02,-2.093222381794304532e+00
3.184999999999954312e+00,1.301162268134012645e-01,2.463961504181098328e-01,-2.993689384993263047e+02,-2.229262798432614545e+00
3.189999999999954206e+00,1.321075848618752935e-01,4.988753243672431337e-01,2.302368635120004399e+02,-2.126778676339847074e+00
3.194999999999954099e+00,1.336439702940672714e-01,1.988241242775621864e-01,-2.058629899856802012e+02,-2.074035255651220044e+00
3.199999999999953992e+00,1.354782509857554440e-01,3.718006215343752086e-01,5.918422322030546923e+01,-1.657745152617178030e+00
3.204999999999953886e+00,1.371009736797207945e-01,1.653137793449534210e-01,-3.442552737624575343e+02,-1.579958532338190835e+00
3.209999999999953779e+00,1.386187646305722665e-01,3.938366666455793141e-01,1.897349950237719440e+02,-1.084783579451225499e+00
3.214999999999953673e+00,1.399249353226470205e-01,1.562683353079831750e-01,-2.435974815706647121e+02,-6.822565237324595966e-01
3.219999999999953566e+00,1.411988370640775148e-01,2.792634681478773917e-01,4.098243513234136515e+01,-2.155008177614097797e-01
3.224999999999953459e+00,1.419999339591404564e-01,8.756344342263241987e-02,-2.373401071882624791e+01,1.622411231919273500e-01
3.229999999999953353e+00,1.422142467379322317e-01,6.542962780325259353e-02,1.385099945192185658e+02,1.269212012659379774e-01
3.234999999999953246e+00,1.412073236626148198e-01,-3.097683870501217185e-01,7.778356218727287796e+01,-8.810042516049002015e-02
3.239999999999953140e+00,1.384123708980034562e-01,-6.547507353867025870e-01,7.669142980786074304e+01,-2.125540849427363654e-01
3.244999999999953033e+00,1.340337521916605823e-01,-9.538853032570998591e-01,-1.077119866161785353e+02,-3.102407408811951317e-01
3.249999999999952927e+00,1.286173545995029643e-01,-1.258044319430074998e+00,-1.969741008827620306e+02,-1.293236012929951384e-01
3.254999999999952820e+00,1.226231728766354473e-01,-1.308196925094127216e+00,-1.225623610621796331e+02,1.928375236828818173e-01
3.259999999999952713e+00,1.163631220502101271e-01,-1.264530668814033199e+00,-1.399484070592618323e+01,3.536200319853288754e-01
3.264999999999952607e+00,1.096932860481442257e-01,-1.320839848275308315e+00,1.805613268908843949e+01,2.854026665897113069e-01
3.269999999999952500e+00,1.031065251804191701e-01,-1.390592022384074866e+00,-1.398457719970421635e+02,3.881192999911937114e-01
3.274999999999952394e+00,9.636723140470468407e-02,-1.314529463646927576e+00,5.189025074996729359e+01,4.953482698957757946e-01
3.279999999999952287e+00,8.957074943387280386e-02,-1.332054167667838351e+00,1.019792391703911107e+02,7.359574926521460503e-01
3.284999999999952180e+00,8.273094502373541659e-02,-1.390070992905336977e+00,-1.064610130723077575e+01,7.358968934713686627e-01
3.289999999999952074e+00,7.596660114710908351e-02,-1.336835268883656225e+00,6.426578151600364208e+01,7.909355550661321121e-01
3.294999999999951967e+00,6.895506376847537755e-02,-1.366286196355523286e+00,1.291599303104528076e+02,1.032567768074853287e+00
3.299999999999951861e+00,6.208361622509942640e-02,-1.353988755644406128e+00,-2.859555311781917553e+01,9.890762902774656862e-01
3.304999999999951754e+00,5.582653511097411536e-02,-1.176521738026222064e+00,9.959160382259213407e+01,1.074439632355693286e+00
3.309999999999951648e+00,4.947592097607603212e-02,-1.211156930523466846e+00,2.228113863405405937e+02,1.265209923749825993e+00
3.314999999999951541e+00,4.366353581096415332e-02,-1.236164142622861783e+00,-2.173700574539559796e+02,1.181131028129587701e+00
3.319999999999951434e+00,3.830981835058854673e-02,-1.004564544678927751e+00,-6.418489244641015112e+00,1.285558262642785055e+00
3.324999999999951328e+00,3.322201204753724713e-02,-1.094480338868527580e+00,-1.754243068107179226e+02,1.304144390412760535e+00
3.329999999999951221e+00,2.857703557597409197e-02,-8.294042135655517178e-01,8.943075184925197618e+01,1.353899422693268351e+00
3.334999999999951115e+00,2.379798510328260883e-02,-9.523607570477523598e-01,-6.422552082070639301e+01,1.311399390477401061e+00
3.339999999999951008e+00,1.932029794843372061e-02,-8.179531063618379338e-01,1.036978943511982436e+02,1.366868388876489426e+00
3.344999999999950901e+00,1.545237544093935531e-02,-7.286048495606950448e-01,3.527706293097415369e+01,1.424890626353298551e+00
3.349999999999950795e+00,1.304329494835283591e-02,-3.932138830815927744e-01,2.418956816962835532e+01,1.286470594299304437e+00
3.354999999999950688e+00,1.200868459774444459e-02,-1.395193330305837254e-01,-1.651683197884132070e+01,1.309665535055392294e+00
3.359999999999950582e+00,1.206281537008512851e-02,8.102107566652577697e-02,1.215951769730159171e+01,1.318830208547764560e+00
3.364999999999950475e+00,1.286605543097684400e-02,2.341523641587749671e-01,6.254925181686066793e+01,1.134164938838531533e+00
3.369999999999950369e+00,1.408849584166954605e-02,2.924594451083116220e-01,6.082748912736101232e+01,9.919077601081980333e-01
3.374999999999950262e+00,1.582058230562775197e-02,4.222054706501656707e-01,9.069411097348766759e+01,9.405918519176108550e-01
3.379999999999950155e+00,1.819076811120379916e-02,5.979701581127166987e-01,1.026515501446959320e+02,7.394231641353519180e-01
3.384999999999950049e+00,2.092154393699192233e-02,5.438881468190055468e-01,-1.299444859193812363e+01,3.917849165943549372e-01
3.389999999999949942e+00,2.389779513454410101e-02,5.498378864617790018e-01,-4.308629677814761294e+01,6.233625325141911588e-02
3.394999999999949836e+00,2.563214279647098651e-02,1.474239938930220761e-01,-1.192308470659703232e+02,-2.121384887760056071e-01
3.399999999999949729e+00,2.396702635722905081e-02,1.877932996631968277e-01,1.105256792524190359e+03,2.428458835775299807e-01
3.404999999999949623e+00,2.318674465962191136e-02,-5.256576450600198847e-01,-5.597866280906877137e+02,-9.182768506536524988e-01
3.409999999999949516e+00,2.099065226311794610e-02,-3.995977462290688925e-02,8.190720533723966810e+02,-1.092258309990354004e+00
3.414999999999949409e+00,2.043278164835440891e-02,4.218105509655065699e-01,1.173374698235237702e+03,-1.583000894482183174e+00
3.419999999999949303e+00,2.146469632262478291e-02,1.027999979418977361e+00,9.950726380691730810e+02,-2.531796660345448036e+00
3.424999999999949196e+00,2.154755165042100337e-02,8.580573899003882676e-01,1.307405554395309764e+03,-4.305306467697396222e+00
3.429999999999949090e+00,2.284223601662856498e-02,1.089453181413652993e+00,1.047211318087995551e+03,-3.514122555248200719e+00
3.434999999999948983e+00,2.559587198721765058e-02,1.501453269924363010e+00,1.398465278107554013e+03,-3.376572802185687117e+00
3.439999999999948876e+00,2.899519226416424900e-02,1.386317452284067775e+00,9.581353658206575119e+02,-3.725138474454075865e+00
3.444999999999948770e+00,3.238122285651270915e-02,1.541641424913234193e+00,1.367248197050420004e+03,-3.695177007277969050e+00
3.449999999999948663e+00,3.568026338945617243e-02,1.377536896860964255e+00,9.999653786996193503e+02,-3.876539140631761526e+00
3.454999999999948557e+00,3.854417722647958400e-02,1.217099884472044646e+00,1.044094533610846838e+03,-3.812719157627890709e+00
3.459999999999948450e+00,4.207692167589865972e-02,1.133210932097432622e+00,1.263798946931470709e+03,-3.633645648535344552e+00
3.464999999999948344e+00,4.550344112340521524e-02,1.170017898951747126e+00,1.393317712333365989e+03,-3.511249646166051619e+00
3.469999999999948237e+00,4.857937262489641500e-02,9.117577112969554864e-01,1.048389003698595843e+03,-3.846691911063134572e+00
3.474999999999948130e+00,5.183651762318460671e-02,6.123100874175266828e-01,-1.077009735344256143e+02,-4.089868214222622811e+00
3.479999999999948024e+00,5.529116532650148880e-02,6.609028519983005667e-01,-9.339841350343674549e+02,-4.301445099307072084e+00
3.484999999999947917e+00,5.900945156133978464e-02,7.551040523005014826e-01,-8.932502459729464590e+02,-4.242584170460084181e+00
3.489999999999947811e+00,6.286777783234688555e-02,7.135668476800626214e-01,-9.907718616251430603e+02,-4.529412052395074717e+00
3.494999999999947704e+00,6.662040684867788498e-02,8.042942035510927123e-01,-6.918112901226943450e+02,-4.203349522628976764e+00
3.499999999999947597e+00,6.871502595985218287e-02,8.674146403370073255e-01,1.240750742785806324e+03,-3.013268879655063071e+00
3.504999999999947491e+00,7.125745817873292698e-02,5.778506945466401756e-01,2.714970806516669199e+02,-3.589799924566326794e+00
3.509999999999947384e+00,7.349673616065174886e-02,5.955852744953059608e-01,2.897638790544831977e+02,-3.316310968151858329e+00
3.514999999999947278e+00,7.594950040296201410e-02,4.484037929837058623e-01,-6.362202619265664225e+02,-3.476340041202321984e+00
3.519999999999947171e+00,7.826917580442546707e-02,4.854773507695960832e-01,-3.239161489872538482e+02,-3.485294615802814633e+00
3.524999999999947065e+00,7.986955342302154426e-02,5.787666636397920117e-01,6.026538301622882727e+02,-2.821785541958885091e+00
3.529999999999946958e+00,8.144382473798728039e-02,5.764893302250186924e-01,6.193589330673100903e+02,-2.597494498892803705e+00
3.534999999999946851e+00,8.330882830765225233e-02,9.855094104700885538e-01,1.361856845677671117e+03,-2.539695702389490606e+00
3.539999999999946745e+00,8.539335941828571364e-02,9.610154107941760726e-01,1.235021363728246570e+03,-2.480312130166156592e+00
3.544999999999946638e+00,8.738399291818833847e-02,1.192339724420826697e+00,1.120128869590391787e+03,-2.465871615714120946e+00
3.549999999999946532e+00,8.847274909308071311e-02,-3.416243833961944421e-01,-5.557802246455278237e+02,-2.793497174612971090e+00
3.554999999999946425e+00,8.918412398118812090e-02,-3.645145917153078674e-01,-5.443588478203015484e+02,-2.411486358986503209e+00
3.559999999999946318e+00,9.041480231777239418e-02,-3.082225823175956947e-01,-6.002334589004824466e+02,-2.316699802827753452e+00
3.564999999999946212e+00,9.161295108884329186e-02,-2.317392111879360561e-01,-6.138770969591777202e+02,-2.262065207827206326e+00
3.569999999999946105e+00,9.337194868027672012e-02,-9.012596887923889077e-02,-5.272100327839053762e+02,-2.190283100552259832e+00
3.574999999999945999e+00,9.541515413719019179e-02,1.656956663651967254e-01,-1.870927433668609012e+02,-1.998364089622735040e+00
3.579999999999945892e+00,9.709808976265582592e-02,1.370969176775631848e-01,-3.628720897892874859e+02,-2.009470879044164882e+00
3.584999999999945786e+00,9.906562340193768301e-02,4.458985266278276960e-01,1.742671091215840136e+02,-1.920425924220309888e+00
3.589999999999945679e+00,1.006570595822152414e-01,2.042755046520057238e-01,-2.277587529811552827e+02,-2.001737936702029597e+00
3.594999999999945572e+00,1.024931632015770866e-01,4.036192251860091784e-01,1.020916720570911735e+02,-1.784474589326081606e+00
3.599999999999945466e+00,1.039814906323006383e-01,1.720712312561171187e-01,-2.325929878539696745e+02,-1.814240404937946138e+00
3.604999999999945359e+00,1.057193131740526287e-01,3.967773073168803788e-01,1.637468292274932367e+02,-1.549476240015859263e+00
3.609999999999945253e+00,1.071533790683470572e-01,1.517768249127563196e-01,-2.811529125527995916e+02,-1.560733711313602612e+00
3.614999999999945146e+00,1.086973487820088874e-01,4.016797345128333974e-01,2.615282206242515031e+02,-1.095521466867138249e+00
3.619999999999945040e+00,1.096602668810431058e-01,8.810678920976429407e-03,-3.778326337365147651e+02,-9.118059345868951837e-01
3.624999999999944933e+00,1.109858593709188157e-01,3.516222532660890354e-01,2.659056279897671402e+02,-3.883260858549137523e-02
3.629999999999944826e+00,1.117873425200098525e-01,1.727157952692988385e-02,-3.531669339191255972e+02,4.388206675595371364e-02
3.634999999999944720e+00,1.126070882250315569e-01,1.695846953430604487e-01,1.422845476322756042e+02,5.968653610870079396e-01
3.639999999999944613e+00,1.127037176158721121e-01,-1.218752613602178819e-02,5.378106670951061830e+01,3.052960603720307198e-01
3.644999999999944507e+00,1.118610539082107586e-01,-3.096055192442304649e-01,-7.747018853662618199e+01,2.239860452657412848e-01
3.649999999999944400e+00,1.091254124735518971e-01,-7.551701807852038151e-01,-2.602216687097532031e+02,-3.493643686155853412e-02
3.654999999999944293e+00,1.053621616702441893e-01,-9.296983949760065924e-01,-1.792141724409010237e+02,1.817794624798412251e-01
3.659999999999944187e+00,1.008212328831587512e-01,-1.074255425909398820e+00,-1.831085781142893154e+02,1.741628089327703077e-01
3.664999999999944080e+00,9.554790689327352649e-02,-1.056053253072516851e+00,1.445631885289289009e+01,4.131578260729013574e-01
3.669999999999943974e+00,8.977562193421505243e-02,-1.131376660060450456e+00,4.589413947801589444e+01,4.732805101406257209e-01
3.674999999999943867e+00,8.388901219393836428e-02,-1.161940537100088155e+00,3.157800295061084839e+01,5.162454056027467875e-01
3.679999999999943761e+00,7.791114724853646922e-02,-1.270360546886056596e+00,-1.451425836590664744e+02,6.097176766899194966e-01
3.684999999999943654e+00,7.224468542638742830e-02,-1.182518472885737859e+00,-6.853383824966890359e+01,7.116965776095361962e-01
3.689999999999943547e+00,6.640697513964684273e-02,-1.166309868296327323e+00,1.962557871155110334e+01,9.034702901824038790e-01
3.694999999999943441e+00,6.090146549566010509e-02,-1.073074743075914439e+00,4.773384308171325330e+01,9.180697451069814718e-01
3.699999999999943334e+00,5.579885643525386851e-02,-1.085608331504762436e+00,-1.850783780907634082e+02,8.188935583302794363e-01
3.704999999999943228e+00,5.114141740472945286e-02,-9.109592453778402321e-01,-2.843549603626433253e+01,8.871660789108024581e-01
3.709999999999943121e+00,4.642472363726676127e-02,-9.357718537551557025e-01,1.881883148635599312e+01,1.046243446663731813e+00
3.714999999999943014e+00,4.193751704722432916e-02,-9.663869620560024964e-01,-1.756355298118412236e+02,9.988945945337837085e-01
3.719999999999942908e+00,3.777764622664412514e-02,-7.564202060666809224e-01,6.604838526247164054e+01,1.095730065082631377e+00
3.724999999999942801e+00,3.363309017478351842e-02,-8.402828816715658400e-01,-4.730328927407905582e+01,1.161106281679345820e+00
3.729999999999942695e+00,2.972965110600301469e-02,-7.656447987311765235e-01,1.694849032294694879e+01,1.162606507196485284e+00
3.734999999999942588e+00,2.553587396735584186e-02,-8.512700324056791112e-01,8.013940381521896583e+00,1.355889923662276342e+00
3.739999999999942482e+00,2.173008287138625261e-02,-7.739548303090353354e-01,-3.336672062079330203e+01,1.325912134559059208e+00
3.744999999999942375e+00,1.786300115244421338e-02,-7.303304394609977379e-01,8.424262896691925562e+01,1.532941185154827801e+00
3.749999999999942268e+00,1.420989319607605071e-02,-6.482886648468336732e-01,7.957104368325947519e+01,1.343931212351407112e+00
3.754999999999942162e+00,1.061798172357991850e-02,-6.958708589141362477e-01,-9.539512518716135148e+00,1.446680490652879403e+00
3.759999999999942055e+00,8.238864267663018742e-03,-3.397861665576458190e-01,1.465048500709225721e+02,1.435515890145016460e+00
3.764999999999941949e+00,7.244492748784239419e-03,-5.878955511787214983e-02,9.867445110714947987e+01,1.463356858070098188e+00
3.769999999999941842e+00,7.186574201481940767e-03,-3.209542518339769668e-02,-1.530183017798352125e+02,1.500802284940220943e+00
3.774999999999941735e+00,7.956076914892079924e-03,1.559768897400876375e-01,-1.358132529223480134e+01,1.558199105935767825e+00
3.779999999999941629e+00,9.562978497348152002e-03,4.244165627836343213e-01,8.825353576596842231e+01,1.592886404886052487e+00
3.784999999999941522e+00,1.174514097001318896e-02,4.715910068049600223e-01,6.712280983957863612e+01,1.584229951758049371e+00
3.789999999999941416e+00,1.422470130058377247e-02,5.362098031198148096e-01,-1.118689895226322761e+01,1.462414356247266234e+00
3.794999999999941309e+00,1.701651365610325206e-02,5.844001275961845376e-01,-2.951890995817419494e+01,1.266734586879615376e+00
3.799999999999941203e+00,2.038908037047394012e-02,6.900080148206948483e-01,-1.878749361110907046e+01,8.859898771263804429e-01
3.804999999999941096e+00,2.407257991893201055e-02,7.015009907719551574e-01,-4.810349686902982569e+01,4.611278904910468546e-01
3.809999999999940989e+00,2.724746020265031085e-02,5.150069127982935813e-01,-3.300453878439702038e+01,1.064547452662847893e-01
3.814999999999940883e+00,2.725276399326580570e-02,-4.441992163716800834e-01,-2.686556638413700853e+02,-6.766900334212547219e-02
3.819999999999940776e+00,2.396929566779204893e-02,-9.814828308222850461e-01,-5.926218432907920715e+02,4.821884790396130382e-02
3.824999999999940670e+00,2.288971718140855177e-02,-2.730466518125663766e-01,-7.735109448965200727e+02,-1.311765621220273959e+00
3.829999999999940563e+00,2.052362473301127394e-02,3.012492219418933664e-02,1.106735519218746049e+03,-1.488433809875671976e+00
3.834999999999940457e+00,1.918970207715460854e-02,3.777234448633225994e-01,1.193135255760954578e+03,-2.194819424986227396e+00
3.839999999999940350e+00,2.004623598060734785e-02,1.038932804290687351e+00,1.164756586826759758e+03,-2.752959051364606502e+00
3.844999999999940243e+00,2.005221094009032243e-02,7.248296990217827362e-01,1.087626113884046163e+03,-4.619895568789810447e+00
3.849999999999940137e+00,2.183818250849141676e-02,1.340418522075334629e+00,1.298884361225726025e+03,-3.181066636747268639e+00
3.854999999999940030e+00,2.437804857066624628e-02,8.236903657665469725e-01,5.308836085939606164e+02,-3.220386640666654365e+00
3.859999999999939924e+00,2.725890356372485251e-02,1.298223968871709655e+00,1.033660843867286076e+03,-3.438727554929267516e+00
3.864999999999939817e+00,3.052608698892344055e-02,1.674796212584907851e+00,1.524615040926388019e+03,-3.503694398790023978e+00
3.869999999999939710e+00,3.373295698048223851e-02,1.385445568204728861e+00,1.094404606299118996e+03,-3.686635629244060297e+00
3.874999999999939604e+00,3.696426281586319418e-02,1.637139562337358356e+00,1.518631295857435816e+03,-3.645619448580919464e+00
3.879999999999939497e+00,3.977271766387876356e-02,1.271750409715087127e+00,1.043718341123421396e+03,-3.742302209837277349e+00
3.884999999999939391e+00,4.278020057120835579e-02,1.597455145341935889e+00,1.519974496546842602e+03,-3.600990241804386205e+00
3.889999999999939284e+00,4.536110959604034570e-02,1.222633682444988823e+00,1.015214435846743982e+03,-3.738816597427676580e+00
3.894999999999939178e+00,4.835947644847233412e-02,1.567099959241877061e+00,1.503700911060793942e+03,-3.583286757083791851e+00
3.899999999999939071e+00,5.111097514591737140e-02,1.295276997379353867e+00,1.036468985327744804e+03,-3.654342503890216864e+00
3.904999999999938964e+00,5.434335618946729146e-02,1.615660166947260334e+00,1.499569434430229649e+03,-3.477277520727031668e+00
3.909999999999938858e+00,5.744053135210717281e-02,1.237351076983921772e+00,8.679367740649372536e+02,-3.568776678828743609e+00
3.914999999999938751e+00,6.027219173198204022e-02,8.767307694818409214e-01,5.672478192252252711e+02,-3.388080491057341437e+00
3.919999999999938645e+00,6.298076867722945948e-02,7.804129254746415834e-01,4.588395047120104664e+02,-3.098044810270203619e+00
3.924999999999938538e+00,6.536412025182480878e-02,4.633178747548545862e-01,1.227096405741035028e+02,-3.230272655197459208e+00
3.929999999999938431e+00,6.816605871924903692e-02,9.534195885610792232e-01,6.645997781995830564e+02,-2.982259570485024547e+00
3.934999999999938325e+00,6.959081964750708782e-02,-4.848732370794068269e-01,-7.944932127980666792e+02,-2.999036242998722290e+00
3.939999999999938218e+00,7.224939075401823341e-02,-2.645549825231668928e-01,-9.151652057409677354e+02,-3.219295398650687812e+00
3.944999999999938112e+00,7.479900675616463213e-02,2.039725113671044532e-01,-9.005576308971133130e+02,-3.064082444226180701e+00
3.949999999999938005e+00,7.809898344439067386e-02,4.303001424788820972e-01,-8.471136042570224163e+02,-2.983139533886920880e+00
3.954999999999937899e+00,8.046362407709767295e-02,4.952693521327276027e-01,-5.056922435688723567e+02,-3.078280345824677688e+00
3.959999999999937792e+00,8.209126176769633576e-02,9.237874789014348664e-01,1.388005193608171567e+03,-2.198886689648216208e+00
3.964999999999937685e+00,8.393239906596362820e-02,6.252639491629361501e-01,6.747296417278020044e+02,-2.344267081562839028e+00
3.969999999999937579e+00,8.508585324786815951e-02,7.414129542598811851e-01,8.277731247931001235e+02,-2.421812935511013620e+00
3.974999999999937472e+00,8.603738067358529529e-02,3.435635596643904499e-01,2.832907127905640436e+02,-2.393995009847351252e+00
3.979999999999937366e+00,8.691617529175929557e-02,3.320987834882138112e-01,2.711762822025141304e+02,-2.118269655698476139e+00
3.984999999999937259e+00,8.828567755356220292e-02,3.587951079992822145e-01,1.355623422627519403e+02,-2.091540136929959992e+00
3.989999999999937152e+00,8.998396441943340429e-02,2.557702329656352802e-01,-1.739155821576291885e+02,-2.129679279393290603e+00
3.994999999999937046e+00,9.185193395374230407e-02,4.915851374072794933e-01,2.670294009605140673e+02,-2.005167226702346372e+00
3.999999999999936939e+00,9.356956670161052647e-02,2.448712547653403016e-01,-2.444236375022167067e+02,-2.055569116752118397e+00
4.004999999999936833e+00,9.543096534378027462e-02,4.385013446486868416e-01,1.587626081159673390e+02,-1.728145949839192230e+00
4.009999999999936726e+00,9.696817402624516302e-02,1.771038216601004689e-01,-2.423369613531155267e+02,-1.863543583129358083e+00
4.014999999999936620e+00,9.866848611150237647e-02,3.566651277008906495e-01,1.044044477826284805e+02,-1.460136719257175697e+00
4.019999999999936513e+00,1.000784797513410568e-01,1.538202583048840499e-01,-2.646687893575584667e+02,-1.452448671352231990e+00
4.024999999999936406e+00,1.015773248891127245e-01,4.043439938904240805e-01,2.822866355101771774e+02,-8.858085685249514896e-01
4.029999999999936300e+00,1.024713457506149783e-01,1.338297909117458148e-02,-3.635024449504450104e+02,-6.366620449001628712e-01
4.034999999999936193e+00,1.036599290352591268e-01,3.035337249416217298e-01,2.318223481989801087e+02,2.597469070528430346e-01
4.039999999999936087e+00,1.042622004566463451e-01,1.894441578288453762e-02,-1.589147046139455597e+02,5.759258290567067506e-01
4.044999999999935980e+00,1.052404137605013473e-01,2.924853402283699166e-01,1.370294409327808864e+02,9.578526060388204977e-01
4.049999999999935874e+00,1.060431158035366056e-01,1.199629943939819754e-01,7.510802083078998237e+01,8.883441635808747572e-01
4.054999999999935767e+00,1.054122265619063942e-01,-2.153352360255079978e-01,7.739722891803505433e+01,5.743965276696889610e-01
4.059999999999935660e+00,1.029541359969429887e-01,-5.893493440351370571e-01,3.926362276739643420e+01,3.490161665545448710e-01
4.064999999999935554e+00,9.924939928277380641e-02,-7.909968495888569651e-01,1.379635199228759177e+02,3.459571660434363483e-01
4.069999999999935447e+00,9.456796593807959006e-02,-9.808167703471312171e-01,7.037428914291841409e+01,3.022272165965656510e-01
4.074999999999935341e+00,8.950109314524053172e-02,-9.905343971893112442e-01,1.439734054174025744e+02,5.110974676026851515e-01
4.079999999999935234e+00,8.409007833934202536e-02,-1.122694496256971819e+00,-9.246506161000328516e-01,4.723630025659049103e-01
4.084999999999935127e+00,7.868737459460661832e-02,-1.120570773464817815e+00,-7.146971582831992009e+01,5.784496820980922216e-01
4.089999999999935021e+00,7.313542408922117655e-02,-1.189934068864540118e+00,-1.010754467007795370e+02,5.309447268159259714e-01
4.094999999999934914e+00,6.760812405139299264e-02,-1.041455227068392997e+00,5.932349504356555059e+01,6.834879808065478235e-01
4.099999999999934808e+00,6.189925505242294818e-02,-1.148021956463378901e+00,-6.782595011165774679e+01,7.759520850583936369e-01
4.104999999999934701e+00,5.653408157219723396e-02,-1.053729756223654945e+00,1.454560377841717056e+01,1.023083677530247648e+00
4.109999999999934595e+00,5.150459706350160594e-02,-1.023732340514025951e+00,-7.745183297614812545e+01,9.725844377980241706e-01
4.114999999999934488e+00,4.680991311731751148e-02,-9.514823934529120786e-01,-2.100736055571042016e+01,9.643240785028975859e-01
4.119999999999934381e+00,4.233499236293591927e-02,-8.324678737825914610e-01,1.065993401013918742e+02,9.376671212549685386e-01
4.124999999999934275e+00,3.777393426274806149e-02,-8.589297354285442276e-01,1.259015262911064212e+02,1.066669584016032513e+00
4.129999999999934168e+00,3.353366517624287169e-02,-8.394771061861339145e-01,-6.289671295118046146e+01,1.065267852566412543e+00
4.134999999999934062e+00,2.946428945211327158e-02,-7.004807842900093728e-01,9.514090396427147311e+01,1.083346710946062386e+00
4.139999999999933955e+00,2.533623789706730342e-02,-8.350425417125841854e-01,2.434083644932107759e+01,1.221372118643164306e+00
4.144999999999933848e+00,2.173160538527868849e-02,-7.898017372429781968e-01,-1.700775083647057784e+02,1.315142886917790133e+00
4.149999999999933742e+00,1.882272847852127506e-02,-4.988093973546687265e-01,2.991374702203134817e+01,1.290133704752147281e+00
4.154999999999933635e+00,1.694790190857938320e-02,-3.779015487689581509e-01,-1.307788515205623980e+02,1.307729078290874591e+00
4.159999999999933529e+00,1.617095805554258012e-02,-9.847235791884922929e-02,3.461254324660182569e+00,1.439950840340629812e+00
4.164999999999933422e+00,1.601893416950879098e-02,-8.355638895100865604e-02,-1.504066059562396447e+02,1.566483698403153380e+00
4.169999999999933316e+00,1.635815736730382094e-02,1.004913179700502313e-01,3.279572305400720644e+00,1.686405155344782969e+00
4.174999999999933209e+00,1.719832364273252839e-02,2.526142886074329574e-01,6.539831200113745524e+01,1.760591959865644762e+00
4.179999999999933102e+00,1.773421415571807547e-02,8.419184224600245736e-02,-8.638756226182262310e+01,1.818943085840083906e+00
4.184999999999932996e+00,1.832367730928300895e-02,1.279525836929684413e-01,8.933443785420384131e+01,1.909467001370030559e+00
4.189999999999932889e+00,1.893984100684604002e-02,1.509375869119513880e-01,6.635786634514938953e+01,1.911428499972268158e+00
4.194999999999932783e+00,1.964072770454603628e-02,1.459870853429970361e-01,-4.087309651329302085e+01,1.868718603548619850e+00
4.199999999999932676e+00,2.050987896440933933e-02,1.524295517550522672e-01,-9.984387780485378983e+01,1.817307164394566632e+00
4.204999999999932569e+00,2.235753039678634035e-02,4.833690426060590628e-01,8.768444410026293667e+01,1.505676233689915655e+00
4.209999999999932463e+00,2.498093544233425181e-02,6.165498605947477007e-01,6.491941506731183154e+01,1.056076497182591556e+00
4.214999999999932356e+00,2.838285864627458979e-02,7.350528920108666542e-01,7.762046024792519461e+01,7.819078391450421384e-01
4.219999999999932250e+00,3.206410114135415518e-02,7.614962933423010671e-01,-7.742702073214202230e+00,4.947336510871762627e-01
4.224999999999932143e+00,3.584883587166778907e-02,6.786026249045320480e-01,-6.094195598701902128e+01,1.634628998410520007e-02
4.229999999999932037e+00,3.754384462022832686e-02,2.441282493864803047e-02,-1.601456201001092268e+02,-2.599169765893202255e-01
4.234999999999931930e+00,3.522547653393293121e-02,-3.577201759536164372e-01,-6.054433731523494089e+02,-7.460933851628878122e-01
4.239999999999931823e+00,3.366872909784660722e-02,4.038340198703639916e-01,1.332342932499797143e+03,-6.678764055791850396e-01
4.244999999999931717e+00,3.150609430267897054e-02,-1.058571755769012634e+00,-6.915529135442038751e+02,-1.855243380429324018e+00
4.249999999999931610e+00,3.010076882958891142e-02,-5.284044736500039807e-01,-8.091164058779846755e+02,-2.445592595838915528e+00
4.254999999999931504e+00,3.025254795652533579e-02,-2.639481559477149797e-01,-7.969657469582966769e+02,-3.046557656135965964e+00
4.259999999999931397e+00,2.975804652768701541e-02,-4.004547417032312817e-02,-6.450392364646561418e+02,-2.987851778950965098e+00
4.264999999999931291e+00,2.922332902523521250e-02,-2.909129111121540601e-01,-9.028839269577523510e+02,-4.854779977339886976e+00
4.269999999999931184e+00,3.089423719884935512e-02,-5.435638318009836795e-02,-9.565979941912009963e+02,-3.794895243542212970e+00
4.274999999999931077e+00,3.344114892590922122e-02,1.919168064786130334e-01,-7.447814413461231879e+02,-3.707834851967445999e+00
4.279999999999930971e+00,3.635464499105540981e-02,9.398753705751196341e-02,-1.068510629996002081e+03,-4.066724167756905040e+00
4.284999999999930864e+00,3.925929638737543637e-02,1.812733269907807476e-01,-7.843854417101812260e+02,-4.118808619733080434e+00
4.289999999999930758e+00,4.190907200423917012e-02,-3.449619052950284905e-03,-1.092278902968516832e+03,-4.306837969771741825e+00
4.294999999999930651e+00,4.442135964979849333e-02,6.940666532256276056e-02,-8.203397294405783668e+02,-4.254788145267198729e+00
4.299999999999930544e+00,4.652415072372828586e-02,-1.125736178356484957e-01,-1.066246807610270480e+03,-4.356473602653658794e+00
4.304999999999930438e+00,4.910690415953235244e-02,-3.678752218563901555e-01,-8.459781278918220551e+02,-4.140705412765629312e+00
4.309999999999930331e+00,5.168707746080596771e-02,-5.315957681987765193e-01,-1.115079665750433605e+03,-4.212608751632057391e+00
4.314999999999930225e+00,5.451548729464992388e-02,-4.096210826871691246e-01,-8.770863525420422775e+02,-4.084882203802366440e+00
4.319999999999930118e+00,5.716349736838348405e-02,-5.116768368043851378e-01,-1.111537740700983932e+03,-4.189179249741171063e+00
4.324999999999930012e+00,6.015903344965662508e-02,-3.998688146383107545e-01,-9.085350057848893357e+02,-4.100240289327039100e+00
4.329999999999929905e+00,6.317160924179542059e-02,-4.058449205804831039e-01,-1.086476550041547398e+03,-4.177805518990787448e+00
4.334999999999929798e+00,6.659152313162398917e-02,-2.891877513796595189e-01,-8.866783866246377102e+02,-4.076896900140241975e+00
4.339999999999929692e+00,6.991952442817758739e-02,-2.992226733304461650e-01,-1.088512120802630307e+03,-4.126501623640095318e+00
4.344999999999929585e+00,7.251989552844469167e-02,-2.891624374085001170e-01,-8.407684301159190454e+02,-3.895879972269522984e+00
4.349999999999929479e+00,7.507561402057878752e-02,-4.376477532375908086e-01,-1.092683013469244997e+03,-3.876257099750757273e+00
4.354999999999929372e+00,7.804407969010844492e-02,-2.385983969834226115e-01,-9.024153623141282878e+02,-3.747520793209947687e+00
4.359999999999929265e+00,8.018584662120167850e-02,-4.131986092251931364e-01,-9.620890794579127032e+02,-3.844338138942680505e+00
4.364999999999929159e+00,8.316723630811674595e-02,-1.868180056276172174e-01,-8.637745370282973454e+02,-3.714160917164449405e+00
4.369999999999929052e+00,8.539703995550838866e-02,-1.343674095270757339e-02,-7.531937988795273213e+02,-3.524532903543168061e+00
4.374999999999928946e+00,8.813654420745037354e-02,4.684290111784049082e-01,2.560439880948909774e+01,-3.522254091566786371e+00
4.379999999999928839e+00,8.977334475807183245e-02,-1.383623581858723361e-01,-7.627394227047227560e+02,-3.547525679458781500e+00
4.384999999999928733e+00,9.258427721380187159e-02,5.390226285966269737e-01,7.285768681269533431e+01,-3.209094694542852455e+00
4.389999999999928626e+00,9.396598290192149927e-02,-3.029581782487057451e-01,-8.101952238882297479e+02,-3.486116707786561353e+00
4.394999999999928519e+00,9.665575018906352733e-02,4.844116672485966890e-01,1.468120576465391309e+02,-3.177369815500589834e+00
4.399999999999928413e+00,9.824678639129549862e-02,-2.709412497330976333e-01,-8.254248943711165794e+02,-3.245602394675937141e+00
4.404999999999928306e+00,1.010843675905716554e-01,3.974134928918562348e-01,-1.267798881705965783e+02,-3.093488569003715494e+00
4.409999999999928200e+00,1.022026000153173908e-01,-4.112433128397948168e-01,-8.707311236910258003e+02,-3.325740275797779866e+00
4.414999999999928093e+00,1.047234440922168441e-01,7.270227691473077347e-02,-3.623715040994119931e+02,-3.170244869920486597e+00
4.419999999999927986e+00,1.062841811119249469e-01,-3.855470213218205322e-02,-3.796089192689064475e+02,-3.060684666258012498e+00
4.424999999999927880e+00,1.079461198097170643e-01,3.796661565061237309e-01,8.556809563950935171e+01,-2.870526814604292376e+00
4.429999999999927773e+00,1.099867550603064043e-01,4.801086255900830491e-01,1.113808794992140037e+02,-2.815578177002629356e+00
4.434999999999927667e+00,1.119380587906670249e-01,2.990468736162532060e-01,-1.786601662238998358e+02,-2.682025489208940350e+00
4.439999999999927560e+00,1.139744815525306071e-01,4.720893027683570331e-01,1.625118252256925189e+02,-2.205081859423933199e+00
4.444999999999927454e+00,1.156406622346233121e-01,1.521087049466316454e-01,-3.271622253590450669e+02,-2.112555603433950768e+00
4.449999999999927347e+00,1.174619774306684128e-01,4.374023649996435781e-01,2.293415543140056627e+02,-1.544490654140427299e+00
4.454999999999927240e+00,1.186558379770347171e-01,6.093429525993981910e-02,-3.277641776132402924e+02,-1.243768512291577366e+00
4.459999999999927134e+00,1.199414320402273498e-01,2.933192370371562330e-01,1.728694384220960103e+02,-4.728785641273593465e-01
4.464999999999927027e+00,1.206887664185804926e-01,1.063190525764929756e-01,-7.146483130968540820e+01,2.078177681641074637e-02
4.469999999999926921e+00,1.216170043466392459e-01,2.626723262292369188e-01,1.189012712238844642e+02,5.889901003680813041e-01
4.474999999999926814e+00,1.222517434908010625e-01,2.009431167707739080e-02,-1.384454527111470554e+02,7.698444385957028402e-01
4.479999999999926708e+00,1.213241265341571951e-01,-2.821352476400229015e-01,9.181969290071559442e+01,7.494682721067844611e-01
4.484999999999926601e+00,1.184146743954433562e-01,-6.809548638538774901e-01,4.316998919066774931e+01,2.385889151112730033e-01
4.489999999999926494e+00,1.140533887424243914e-01,-8.377270103488796416e-01,2.470813467766601832e+02,1.335854010732906993e-01
4.494999999999926388e+00,1.086444083326869592e-01,-1.154747485818379271e+00,-4.672598777899333555e+01,-6.188614192909192013e-02
4.499999999999926281e+00,1.027489062690879057e-01,-1.110498008490982569e+00,2.489232232309598203e+02,1.057968589944127125e-01
4.504999999999926175e+00,9.680169763969387331e-02,-1.081797417852569110e+00,2.651487434323493630e+02,2.788816884705758170e-02
4.509999999999926068e+00,9.076573365462231591e-02,-1.198686674004118435e+00,2.895603560589401937e+01,-6.989492715275480439e-02
4.514999999999925961e+00,8.494933545576310863e-02,-1.059222560357938825e+00,2.097142436417382214e+02,1.566705793328594387e-01
4.519999999999925855e+00,7.953492839905057510e-02,-1.045590429670618215e+00,1.024729582278417439e+02,1.272408890922117619e-01
4.524999999999925748e+00,7.476301910416460750e-02,-8.857832847979593138e-01,1.566451947078080025e+02,6.831877107660327964e-02
4.529999999999925642e+00,7.041881782904078901e-02,-9.115786516031519904e-01,-8.453614986285548127e+01,-7.631448927875178478e-02
4.534999999999925535e+00,6.676240323087523354e-02,-7.173940750842940917e-01,-1.627479110475483992e+02,-7.770091385110977633e-03
4.539999999999925429e+00,6.408476826911259361e-02,-5.107292117914830065e-01,-3.149092889070626455e+00,1.228780220859126970e-02
4.544999999999925322e+00,6.139856395110443454e-02,-7.861117435689551902e-01,-2.109573496804699175e+02,1.928255332951982481e-01
4.549999999999925215e+00,5.565970414501387326e-02,-1.279545095155413259e+00,6.178439487852941880e+01,7.309807634042646551e-01
4.554999999999925109e+00,4.856841888952508762e-02,-1.476350605367990454e+00,-1.258483049559959532e+01,8.090957023184683905e-01
4.559999999999925002e+00,4.126333659128297165e-02,-1.521226971567550379e+00,-1.584163142749669362e+02,1.024280390691906240e+00
4.564999999999924896e+00,3.580923318179368015e-02,-9.313619581867709218e-01,9.513493045874476195e+01,1.643453729764594584e+00
4.569999999999924789e+00,3.205489166046571192e-02,-4.861615626680418911e-01,2.158285595475817047e+02,1.645526001121577320e+00
4.574999999999924682e+00,3.044776248256856124e-02,-1.508961020904324157e-01,1.373287464462289336e+02,1.559225291220893928e+00
4.579999999999924576e+00,3.033551818042443809e-02,3.074414163518801590e-02,-2.515204188020485887e+01,1.345345913057138354e+00
4.584999999999924469e+00,3.127629160775112493e-02,1.165431033413086848e-01,-1.699366763668863314e+02,1.172144057780739601e+00
4.589999999999924363e+00,3.291863516103102349e-02,3.270716829561930994e-01,-7.269683062895136061e+01,1.043428435355007622e+00
4.594999999999924256e+00,3.435442244149997798e-02,2.853491299802548564e-01,7.095535504949388894e+01,1.193979704621876525e+00
4.599999999999924150e+00,3.552104852463409262e-02,2.463766532080112204e-01,1.128267010280130762e+02,1.158677391922319444e+00
4.604999999999924043e+00,3.624804674194889720e-02,1.013523949329254992e-01,-6.609509034452122478e+01,9.106454586045877875e-01
4.609999999999923936e+00,3.665185979002835021e-02,2.390103126907597991e-02,-2.398529241504775200e+01,9.198678639021214964e-01
4.614999999999923830e+00,3.631134855898014019e-02,-7.578645290248813005e-02,-4.581272754716844275e+01,1.050489776330927993e+00
4.619999999999923723e+00,3.550228978169091276e-02,-1.569971065646850739e-01,2.144024824449997269e+01,1.057597100433276927e+00
4.624999999999923617e+00,3.411355053537076104e-02,-2.852365440020791509e-01,-4.461175332566876151e+00,9.046806132408139467e-01
4.629999999999923510e+00,3.236529087553188105e-02,-3.566528133063834316e-01,-1.744025178463737902e+01,7.350275094503289086e-01
4.634999999999923403e+00,3.019427487093038695e-02,-4.121763554832833520e-01,1.058816504253349855e+01,9.820748970682598999e-01
4.639999999999923297e+00,2.759907712437430910e-02,-4.425914101136123047e-01,1.448020076597211983e+02,9.397348466468496975e-01
4.644999999999923190e+00,2.482851286888161646e-02,-5.555407840552570864e-01,-2.070649031721033317e+00,7.806509227365804326e-01
4.649999999999923084e+00,2.183212301086758303e-02,-5.538725774906674282e-01,3.510026209114018059e+01,8.076198422114716502e-01
4.654999999999922977e+00,1.862349498048737964e-02,-5.932093787097648674e-01,5.545581003039519175e+01,1.029996554730181924e+00
4.659999999999922871e+00,1.532891968883266093e-02,-6.281701500239776914e-01,1.266026507560122205e+01,9.679133879173467125e-01
4.664999999999922764e+00,1.211757153536251533e-02,-5.856225415247231503e-01,4.408157898004041186e+01,9.333297087007961235e-01
4.669999999999922657e+00,8.805841203236129330e-03,-6.124014843671201636e-01,6.278875752838730762e+01,1.107439915563815047e+00
4.674999999999922551e+00,5.537597286717230692e-03,-6.456835170371012511e-01,-2.580935128754822472e+01,9.995193429225578408e-01
4.679999999999922444e+00,2.512694180595947697e-03,-5.179240982343472632e-01,7.066305049252214587e+01,9.835988520915430744e-01
4.684999999999922338e+00,-5.222795114644599281e-04,-5.539709329453058606e-01,7.711853797321788306e+01,1.056857624644235161e+00
4.689999999999922231e+00,-3.377719052830825165e-03,-5.587092242332878378e-01,-2.821977753958979207e+01,9.536964354879993166e-01
4.694999999999922125e+00,-5.987760329713522935e-03,-4.334422747578798862e-01,7.185330666540600930e+01,8.445827224752906481e-01
4.699999999999922018e+00,-8.702382261142069600e-03,-4.846911850674588962e-01,9.883450508681586655e+01,9.768084159044480019e-01
4.704999999999921911e+00,-1.010290320453691160e-02,-1.588831511107659245e-01,1.163259167981928854e+01,7.375518571990018479e-01
4.709999999999921805e+00,-1.019369861214061007e-02,4.495652789449429421e-02,6.019480634408859032e+01,6.358497163124618989e-01
4.714999999999921698e+00,-1.038026967928143245e-02,-6.118334182100622354e-02,5.651000296160240310e+01,7.625169579966361022e-01
4.719999999999921592e+00,-1.164144959188759439e-02,-4.295191466660568391e-01,-1.540031470926803365e+02,7.890551030787057440e-01
4.724999999999921485e+00,-1.218977723039050762e-02,2.059863642837344300e-01,5.983647744605526668e+02,9.255045276810841548e-01
4.729999999999921378e+00,-1.275085893778652758e-02,9.949269912949657013e-02,4.643897965760589273e+02,8.577322244950580377e-01
4.734999999999921272e+00,-1.276642417050506337e-02,3.741972247061406409e-02,-2.291574427009286978e+02,5.145499543237138651e-01
4.739999999999921165e+00,-1.245881232252757376e-02,9.728015253085929570e-02,6.658048445452537578e+01,4.187122302499979298e-01
4.744999999999921059e+00,-1.225981873160718327e-02,-1.068801722118352671e-01,-2.081356881171337818e+02,1.609679561577125606e-01
4.749999999999920952e+00,-1.112912871830576758e-02,3.930199202139412762e-01,3.633221731548665048e+02,1.185444754579697280e-01
4.754999999999920846e+00,-9.223900977869433152e-03,7.711461421303138497e-01,6.540118746590146657e+02,-3.996550839501870622e-01
4.759999999999920739e+00,-7.900303919068984992e-03,3.943408538958277643e-02,-1.867816166853907021e+02,-1.156828604004400907e+00
4.764999999999920632e+00,-6.039998041015436255e-03,-3.209153972839296626e-02,-4.476511014659593002e+02,-1.617533855167665902e+00
4.769999999999920526e+00,-3.489452374913818399e-03,4.018604701433782789e-01,5.868539751720302888e+01,-1.906754419151486024e+00
4.774999999999920419e+00,-1.348574977748096849e-03,1.618974653688482757e-01,-4.617754943763646907e+02,-3.000489924108111772e+00
4.779999999999920313e+00,2.640334795816086464e-03,1.042037044421610714e+00,5.056210235834412288e+02,-3.471073119075046787e+00
4.784999999999920206e+00,6.277664933715172528e-03,9.218423459925026986e-01,2.414548803298011990e+02,-3.701727962369011582e+00
4.789999999999920099e+00,1.083054798232400452e-02,7.855655996068957592e-01,-4.933318232654244753e+02,-3.978987690396009302e+00
4.794999999999919993e+00,1.511770699890846968e-02,4.991561591204389803e-01,-6.947114539255431964e+02,-3.891261167142793465e+00
4.799999999999919886e+00,1.991693958019200017e-02,3.237419464698219618e-01,-6.109408176842706553e+02,-3.867261021706084101e+00
4.804999999999919780e+00,2.527250019347256418e-02,1.434411271384168796e+00,7.295638062391915355e+02,-3.724728491302036204e+00
4.809999999999919673e+00,2.908444605522026924e-02,1.174859359086198651e+00,7.208470546171765818e+02,-3.763799938409918777e+00
4.814999999999919567e+00,3.297980237711181650e-02,1.030617818748548853e+00,8.935004221511563856e+02,-3.620382636845096869e+00
4.819999999999919460e+00,3.732718038213197337e-02,7.692796353635235063e-01,-5.952717123613334707e+02,-4.216868421278378243e+00
4.824999999999919353e+00,4.040202274536833227e-02,4.784995126563426071e-01,-6.813758186927874476e+02,-4.455955682260318795e+00
4.829999999999919247e+00,4.387474652608133741e-02,3.068184606666974901e-01,-6.713521838483885631e+02,-4.136185104367217313e+00
4.834999999999919140e+00,4.701532014766086204e-02,2.564045643948025255e-01,-5.285467539644803310e+02,-3.862992373912149002e+00
4.839999999999919034e+00,5.091570569604383922e-02,9.308219117388238928e-02,-6.618415335100481798e+02,-3.733466825666079902e+00
4.844999999999918927e+00,5.424810057998358248e-02,-7.027742430892809644e-02,-7.189834731617420402e+02,-3.993256329259434079e+00
4.849999999999918820e+00,5.718776242511590391e-02,-4.268518452776184219e-02,-5.771154812299075729e+02,-3.701556647116456045e+00
4.854999999999918714e+00,6.020575808179682437e-02,-8.284430309176753215e-02,-6.764392191236128156e+02,-3.507736365482807539e+00
4.859999999999918607e+00,6.309073012400509550e-02,-1.505793229238867881e-01,-7.342729022812037556e+02,-3.809731979711014294e+00
4.864999999999918501e+00,6.591674234054634152e-02,-5.486078861716950361e-02,-5.703512934413475932e+02,-3.521207690820347125e+00
4.869999999999918394e+00,6.886316557026515850e-02,-1.341098712558307926e-01,-7.219452597502262279e+02,-3.364675167123699850e+00
4.874999999999918288e+00,7.186529398209376418e-02,-1.131949159597434168e-01,-7.530881039142442432e+02,-3.679622040468243149e+00
4.879999999999918181e+00,7.354914636270457051e-02,-4.819349145335946605e-02,-4.907165172559618895e+02,-3.296315615799180421e+00
4.884999999999918074e+00,7.610762005287599608e-02,-1.756888792772429708e-01,-6.835947131781055077e+02,-3.159287066231661001e+00
4.889999999999917968e+00,7.762085749204214458e-02,-8.644280106365187510e-02,-6.711295727289112847e+02,-3.379489417458025891e+00
4.894999999999917861e+00,7.939276766299205312e-02,9.867228731494488703e-02,-6.929536483208077016e+02,-3.206081721792099604e+00
4.899999999999917755e+00,8.215788733484863382e-02,2.330197149489166286e-01,-7.790230585053063805e+02,-3.573471709440874999e+00
4.904999999999917648e+00,8.400975469605712065e-02,4.942205391436508277e-01,-5.044732316456244803e+02,-3.317085883114339939e+00
4.909999999999917542e+00,8.534030281242806215e-02,7.707088588456587619e-01,1.097938147735264010e+03,-2.284757857825299610e+00
4.914999999999917435e+00,8.647520487271613543e-02,8.308400643990832002e-01,8.999557324781368379e+02,-2.658249937382724415e+00
4.919999999999917328e+00,8.678921286231834620e-02,-4.396262308320290080e-01,-5.609493831811394102e+02,-2.926781558430391339e+00
4.924999999999917222e+00,8.838840646866091832e-02,-1.892597082847176926e-01,-5.585459437855653277e+02,-2.644353378307431335e+00
4.929999999999917115e+00,8.963986243699849366e-02,8.067434864588593491e-02,-4.964848494096526679e+02,-2.919747039576162884e+00
4.934999999999917009e+00,9.035548910268814682e-02,1.286851256371710772e-01,-6.058658996685044258e+02,-2.660696199106243220e+00
4.939999999999916902e+00,9.149388654112067254e-02,2.515698136259457152e-01,-5.539186581038163695e+02,-2.824329483693308163e+00
4.944999999999916795e+00,9.227705486633429321e-02,2.143418896064959167e-01,4.963684986858535808e+01,-2.505064246576920617e+00
4.949999999999916689e+00,9.336906133400099672e-02,2.711705020063748806e-01,-4.498880220033836963e+01,-2.043294457757276028e+00
4.954999999999916582e+00,9.432971917824452268e-02,2.343915961280183813e-01,4.737625977785153708e+01,-1.361830298386666360e+00
4.959999999999916476e+00,9.586835186285845578e-02,3.251082518887208894e-01,-2.989655519386902824e+02,-1.362468198705226508e+00
4.964999999999916369e+00,9.755837611884524141e-02,3.209511687972891880e-01,-1.255113840501562095e+02,-1.227082313270531078e+00
4.969999999999916263e+00,9.930816621575430658e-02,6.613544551898931090e-01,6.592994320697678177e+02,-1.069097587720364118e+00
4.974999999999916156e+00,1.016541007320036771e-01,6.984148023059911781e-01,5.726764532166572508e+02,-1.239481223715304559e+00
4.979999999999916049e+00,1.038084725038043027e-01,6.790725393285476086e-01,5.620989317311025388e+02,-1.152231328773649421e+00
4.984999999999915943e+00,1.067376141309729354e-01,8.214131384254543811e-01,5.779350150286007874e+02,-1.382952836036270172e+00
4.989999999999915836e+00,1.084753352212951549e-01,1.012623568753462655e-01,-2.241536178827415426e+02,-1.105487446568282461e+00
4.994999999999915730e+00,1.107478335315929263e-01,3.726157366821122308e-01,-3.782420445072748976e+02,-9.840043826779031333e-01
4.999999999999915623e+00,1.126017060476662834e-01,7.210228748845647351e-01,7.028941340591949256e+02,-6.413693819415626773e-01
5.004999999999915516e+00,1.143258445685583630e-01,1.222598457522420107e-01,-3.220810706919313020e+02,-4.541415586785814695e-01
5.009999999999915410e+00,1.169211465076617218e-01,4.602761011579133421e-01,8.522275022638119424e+01,7.126753473353747426e-02
5.014999999999915303e+00,1.191491963017724948e-01,2.226365000987963472e-01,-1.025173951889248514e+02,1.524782009417438855e-01
5.019999999999915197e+00,1.210978383011772630e-01,3.610789942876456715e-01,9.693523730871238797e+01,2.882944170159239539e-01
5.024999999999915090e+00,1.228491964606971271e-01,4.970232741817361966e-01,2.871096793940537850e+02,4.104423706369585423e-01
5.029999999999914984e+00,1.236980419926267116e-01,3.743672196123503521e-02,-2.139385322205448006e+02,2.103965115266954178e-01
5.034999999999914877e+00,1.240708165309398342e-01,-5.130716607363812465e-03,-9.601654662074636803e+01,4.700005166749551128e-02
5.039999999999914770e+00,1.239332503297848054e-01,-1.123729461658983381e-01,-2.980125252972820249e+01,-5.122498892033299639e-02
5.044999999999914664e+00,1.224024570751351682e-01,-3.851318514589975872e-01,4.026286884266413324e+01,-4.027982152776182767e-02
5.049999999999914557e+00,1.195913189633224655e-01,-6.877269698386284658e-01,-1.168906370863086863e+02,-1.179959314515695024e-01
5.054999999999914451e+00,1.160719951205049366e-01,-6.821223599031885909e-01,7.269088274275429740e+01,-1.014958190553638673e-03
5.059999999999914344e+00,1.115233898068063306e-01,-9.398162997740820979e-01,9.945387172496232608e+01,1.617574992429239855e-01
5.064999999999914237e+00,1.064110369984805210e-01,-1.104951261679189667e+00,-1.059094016516675367e+02,2.340228374289856084e-01
5.069999999999914131e+00,1.011196952999286192e-01,-1.002134146414391580e+00,1.135105478785164195e+02,3.913212774954331619e-01
5.074999999999914024e+00,9.597207471776166010e-02,-9.567452695390153972e-01,1.400502730278085153e+02,4.959188732591300885e-01
5.079999999999913918e+00,9.173366966302420877e-02,-7.806657563744714423e-01,-2.736442406874623856e+01,5.411164404008959039e-01
5.084999999999913811e+00,8.785725638271534021e-02,-7.627526915057802892e-01,2.888839449906121626e+00,7.609803157297941878e-01
5.089999999999913705e+00,8.446531214549005129e-02,-6.609588032576664274e-01,7.835127537131713282e+00,7.661374610127761331e-01
5.094999999999913598e+00,8.121369572576361828e-02,-6.536534277890545530e-01,-2.406768582122456124e+01,7.950271264185750919e-01
5.099999999999913491e+00,7.807382854737369982e-02,-5.875469170401181884e-01,6.406033548403895850e+01,8.208754983868566946e-01
5.104999999999913385e+00,7.519074645955821368e-02,-5.302891546767147801e-01,7.311778457464964731e+01,7.752037882233183685e-01
5.109999999999913278e+00,7.292933272791074506e-02,-3.455747213529486994e-01,9.674150628657874051e+01,7.149931091986410081e-01
5.114999999999913172e+00,7.150000710930508319e-02,-2.172060992684237690e-01,9.572455939837563932e+00,4.959135096853213853e-01
5.119999999999913065e+00,7.166198844945766144e-02,1.406789688087775325e-01,1.582891581645580459e+01,4.746020351629925277e-02
5.124999999999912959e+00,7.327341918191454528e-02,3.873695088717895585e-01,-1.819225176130201849e+00,-3.337371029587725135e-01
5.129999999999912852e+00,7.570190659919509568e-02,4.744797498677184588e-01,-3.976548715745035878e+01,-5.991674331368066486e-01
5.134999999999912745e+00,7.740411100713333326e-02,1.588230323173737413e-01,-1.500705996375045004e+02,-8.511923414930606668e-01
5.139999999999912639e+00,7.661676273258906378e-02,2.982472610262459911e-01,9.218182526113351969e+02,-7.237383272439326110e-01
5.144999999999912532e+00,7.533700769097401162e-02,-2.072273707687155575e-01,-2.458033734696448107e+02,-1.726083782298245550e+00
5.149999999999912426e+00,7.449643216508945731e-02,3.703870328920544908e-01,1.050746587076087053e+03,-1.588963640202518457e+00
5.154999999999912319e+00,7.452386035459157565e-02,6.218567694314248717e-01,8.112496842094844851e+02,-2.295190216728750343e+00
5.159999999999912212e+00,7.597699390154716292e-02,-9.506384310396545634e-02,-5.786412332092977522e+02,-3.121444629702512685e+00
5.164999999999912106e+00,7.668434127096565578e-02,-4.373316384375101062e-01,-5.623189376798761714e+02,-4.778502514159610470e+00
5.169999999999911999e+00,7.837097218296576462e-02,-1.500761250427133653e-01,-4.758020167791502786e+02,-4.175051819516688134e+00
5.174999999999911893e+00,8.104141188547518693e-02,-1.446807252573386049e-01,-7.929004889780030680e+02,-4.103780174206154818e+00
5.179999999999911786e+00,8.473471366632361057e-02,1.648335633755597385e-01,-5.134768182747579885e+02,-4.194915614283202032e+00
5.184999999999911680e+00,8.824552399788820889e-02,-4.302398326323551153e-02,-8.184949597867995408e+02,-4.355814478917203303e+00
5.189999999999911573e+00,9.185557416360584648e-02,6.279463413824451501e-02,-5.721617808572165131e+02,-4.384859130048848641e+00
5.194999999999911466e+00,9.567992078255163624e-02,-3.190879271507099380e-02,-8.976457962062676188e+02,-4.600476719425635963e+00
5.199999999999911360e+00,9.933300619965589051e-02,-2.357871072570301776e-02,-7.063904317769688532e+02,-4.589047735384905735e+00
5.204999999999911253e+00,1.030231496394749535e-01,-5.244683976347256499e-02,-8.956306881246860030e+02,-4.709590507974795059e+00
5.209999999999911147e+00,1.063269599071146043e-01,-9.217774292912604694e-02,-7.954934067010565286e+02,-4.639605528518210953e+00
5.214999999999911040e+00,1.096212212987892620e-01,-3.252694409394548541e-02,-6.863887746204620726e+02,-4.538769156773671654e+00
5.219999999999910933e+00,1.128363639036721738e-01,-9.668446615252235254e-02,-7.407543748435496127e+02,-4.471652237407871766e+00
5.224999999999910827e+00,1.160431671500570527e-01,-6.857252600671877307e-02,-7.435202552763281574e+02,-4.751254273532109274e+00
5.229999999999910720e+00,1.189964852470765111e-01,-2.622595114725097959e-02,-6.181648950650806000e+02,-4.543841243976112665e+00
5.234999999999910614e+00,1.219241165550109807e-01,-8.410677565317478677e-02,-6.925424700179777346e+02,-4.378745105192198395e+00
5.239999999999910507e+00,1.250968832502792893e-01,1.355166485371687990e-02,-6.663009535821504414e+02,-4.614918001954941396e+00
5.244999999999910401e+00,1.273533478941274444e-01,-6.734100738615778070e-02,-6.584745775235710425e+02,-4.337201046594933551e+00
5.249999999999910294e+00,1.310477985098728870e-01,-2.328508032030889366e-02,-7.861713888846830969e+02,-4.146329428629369040e+00
5.254999999999910187e+00,1.340235220725973231e-01,3.191797399977298055e-01,-7.828112137672472954e+02,-4.462135760570632215e+00
5.259999999999910081e+00,1.379484922531704072e-01,6.298800466790424046e-01,-4.934789117663109437e+02,-4.318708544722154485e+00
5.264999999999909974e+00,1.399276286184145679e-01,8.048260791734948016e-01,1.019506365750610712e+03,-3.425074806086116030e+00
5.269999999999909868e+00,1.424490079258355080e-01,8.076265972811331739e-01,8.298973308707045362e+02,-3.725388527775565617e+00
5.274999999999909761e+00,1.441490101595537809e-01,7.837775038118840465e-01,8.843955709610385156e+02,-3.466182735027386386e+00
5.279999999999909654e+00,1.453875093045883804e-01,5.998850917866647148e-01,7.390520074239701671e+02,-3.320458869225163312e+00
5.284999999999909548e+00,1.470024624378650502e-01,4.947944648228149722e-01,4.398814434680592171e+02,-3.371703454430299285e+00
5.289999999999909441e+00,1.484225935392054496e-01,4.403331911115641595e-01,4.768368884002178447e+02,-3.026075613976560774e+00
5.294999999999909335e+00,1.500677087222478390e-01,4.182657255155198261e-01,1.727472040300375156e+01,-3.033209709197555615e+00
5.299999999999909228e+00,1.519946639492338047e-01,3.036826960916592100e-01,-3.339774576097821068e+02,-2.900124535091601174e+00
5.304999999999909122e+00,1.536865612001929726e-01,4.355840735563480393e-01,1.254199680100147418e+02,-2.532055826615675187e+00
5.309999999999909015e+00,1.552576151666808790e-01,2.588137239943323897e-01,-1.198112719513581368e+02,-2.363242902906744103e+00
5.314999999999908908e+00,1.570576008899411680e-01,2.857394670246763968e-01,-6.756712829638779283e+01,-2.203056706222913164e+00
5.319999999999908802e+00,1.588605016188754104e-01,3.274019296589742445e-01,-1.160310300148825888e+02,-2.282034993504375997e+00
5.324999999999908695e+00,1.606781897425079153e-01,4.292609850454857656e-01,1.858228469157044174e+02,-1.977056265331965212e+00
5.329999999999908589e+00,1.624360443987700464e-01,2.474228864013977014e-01,-2.193577053961205365e+02,-1.664720193466399767e+00
5.334999999999908482e+00,1.645552859389427802e-01,5.248548761439154609e-01,2.352574526193816951e+02,-1.229568351325593278e+00
5.339999999999908376e+00,1.664137279129438429e-01,2.463422814542158279e-01,-2.893346357404793139e+02,-1.064789671030212492e+00
5.344999999999908269e+00,1.683017195173906189e-01,4.055231004673540141e-01,8.305074902688616589e+01,-5.130368079099824064e-01
5.349999999999908162e+00,1.697706433486887156e-01,2.224372569286121870e-01,-6.022005036339190553e+01,-3.236087568644913648e-01
5.354999999999908056e+00,1.708507351558809784e-01,2.467213079476606730e-01,6.283227848775327828e+01,-4.932392180024444128e-01
5.359999999999907949e+00,1.702840514017004703e-01,-2.805324731841058461e-01,5.055654316427297346e+00,-5.699721165362494624e-01
5.364999999999907843e+00,1.675062472481338438e-01,-7.189760247026951712e-01,-1.175847877354249107e+02,-6.637109844823807503e-01
5.369999999999907736e+00,1.633307508487329418e-01,-8.603847592527660293e-01,4.985574209111042876e+01,-5.876053421139191268e-01
5.374999999999907629e+00,1.575542326211252508e-01,-1.214901177679336364e+00,2.137835681264753873e+01,-4.851258446157680204e-01
5.379999999999907523e+00,1.505209313357374623e-01,-1.619290066724523136e+00,-2.227105350095924337e+02,-4.106695115600694779e-01
5.384999999999907416e+00,1.428908838265499637e-01,-1.571533368408292608e+00,-2.480621796091359954e+01,4.024443747395034521e-02
5.389999999999907310e+00,1.347387115212348163e-01,-1.707449824559933882e+00,-1.572770198088148561e+02,2.253578843739172388e-01
5.394999999999907203e+00,1.264576062312580407e-01,-1.660227055661549711e+00,3.680902060110517571e+00,4.205301887426439178e-01
5.399999999999907097e+00,1.178390003002214720e-01,-1.758225661847850896e+00,-1.235082697510156002e+01,5.900395027431213357e-01
5.404999999999906990e+00,1.091398815614999379e-01,-1.746833304452874325e+00,-1.305309273412659232e+00,6.148745585254955515e-01
5.409999999999906883e+00,1.001615429331069035e-01,-1.835474462030104004e+00,-1.107391836210603344e+02,7.982345698896775588e-01
5.414999999999906777e+00,9.104890973436070845e-02,-1.713066182797707837e+00,1.261043250966851303e+02,8.833732888313925447e-01
5.419999999999906670e+00,8.152305870936588095e-02,-1.842932717816000432e+00,6.144787750970967721e+01,8.851848813244640457e-01
5.424999999999906564e+00,7.201934265046090744e-02,-1.913698291635858251e+00,1.591091488176434421e+00,1.236491972543159568e+00
5.429999999999906457e+00,6.272391876966537660e-02,-1.855813697011695851e+00,1.829874758191525785e+01,1.231899277356858224e+00
5.434999999999906350e+00,5.373798408409054955e-02,-1.760011857223639176e+00,-2.812053382892342412e+01,1.343808061641840856e+00
5.439999999999906244e+00,4.550070067264998241e-02,-1.581257494279046938e+00,-1.881938685634703567e+00,1.418260140544324033e+00
5.444999999999906137e+00,3.840209841203560959e-02,-1.300753996729169470e+00,1.281739248109430775e+02,1.244427263765473413e+00
5.449999999999906031e+00,3.292149719891376836e-02,-9.722909424476136042e-01,1.802950557371423068e+00,1.065671385318052833e+00
5.454999999999905924e+00,2.939203586864035100e-02,-5.562904344841407278e-01,4.714403338243434405e+01,8.951534826557270286e-01
5.459999999999905818e+00,2.796285842874252775e-02,-6.881638839886057568e-02,9.916215456706579801e+01,4.449271818091274922e-01
5.464999999999905711e+00,2.820516421836853638e-02,1.836636989196678005e-01,1.133552354200558625e+02,3.368037641580850505e-01
5.469999999999905604e+00,2.985487830983452745e-02,3.936628341436433365e-01,-2.840541247147558579e+01,2.114684140874909246e-01
5.474999999999905498e+00,3.231086435201451640e-02,5.185792463526028850e-01,-3.500489809682890296e+01,6.154447712492694400e-02
5.479999999999905391e+00,3.470872341810546380e-02,4.163517658766485718e-01,-5.479326846573396637e+01,-7.151948758350976099e-02
5.484999999999905285e+00,3.562623843111017985e-02,-1.101236543079182027e-02,-1.697863727374795531e+02,-8.111417390472358546e-02
5.489999999999905178e+00,3.463643816088406852e-02,-1.219569761170559430e-02,-6.172935914669014323e+01,-1.020081794392093677e-01
5.494999999999905071e+00,3.425138742473737147e-02,-2.347472587364287655e-01,-3.156138583570435117e+02,-4.944737149423171219e-01
5.499999999999904965e+00,3.283440566034579594e-02,-6.611288532610923863e-01,-2.810200518132077150e+02,-8.829164542838533469e-01
5.504999999999904858e+00,3.249320071271494248e-02,-2.894576374539146735e-01,-2.622081414309877800e+02,-1.663539824410706691e+00
5.509999999999904752e+00,3.271254478317829617e-02,-2.593996658608312411e-01,-7.207137578875176587e+02,-3.209885028465990331e+00
5.514999999999904645e+00,3.403163164492754161e-02,-9.379434329699560050e-03,-6.790238692452097666e+02,-3.305324042341806212e+00
5.519999999999904539e+00,3.634082782109393506e-02,1.611130046179371222e-01,-6.776187858464413694e+02,-4.268860241430183500e+00
5.524999999999904432e+00,3.964189879741263078e-02,3.996162984287915942e-01,-6.517471015494977564e+02,-4.371885696569112412e+00
5.529999999999904325e+00,4.367092749401437629e-02,4.501358368989635816e-01,-7.903652225746551494e+02,-4.312762523031699935e+00
5.534999999999904219e+00,4.751163098486338443e-02,3.928116193296398717e-01,-8.155042010336070462e+02,-4.635620118415242352e+00
5.539999999999904112e+00,5.131737417111166544e-02,4.436945277895250062e-01,-7.165248871088180067e+02,-4.417146451474155633e+00
5.544999999999904006e+00,5.531339318812353301e-02,4.065807103001916056e-01,-8.236960089087899632e+02,-4.254900704983405113e+00
5.549999999999903899e+00,5.914250006487496020e-02,3.644635900788877891e-01,-7.917899593439195769e+02,-4.540651086313331142e+00
5.554999999999903793e+00,6.284487503763622196e-02,3.669190794164505776e-01,-8.368057789726174178e+02,-4.263933404051080345e+00
5.559999999999903686e+00,6.634070510153966538e-02,3.038710807516774581e-01,-8.475103300191233302e+02,-4.405642860581774123e+00
5.564999999999903579e+00,6.983698964714867008e-02,3.654827294561479589e-01,-7.983652851183545636e+02,-4.092739333612400721e+00
5.569999999999903473e+00,7.285589663255111204e-02,3.158595658407599149e-01,-7.615404184519304636e+02,-4.187952343694041346e+00
5.574999999999903366e+00,7.611958061521473251e-02,3.628641773200365628e-01,-7.622939274173470494e+02,-3.805643244005308290e+00
5.579999999999903260e+00,7.839927062103529964e-02,2.955479714110774148e-01,-6.923748602172237270e+02,-3.841254438601457988e+00
5.584999999999903153e+00,8.189188929158353059e-02,4.366976023945951524e-01,-7.210255608848333395e+02,-3.503512459038247595e+00
5.589999999999903046e+00,8.462974929046170047e-02,5.926540098019414948e-01,-7.261188368867600502e+02,-3.667600219738142542e+00
5.594999999999902940e+00,8.674105226353229225e-02,9.876602081544039180e-01,1.228508855202306222e+03,-2.459940683455988264e+00
5.599999999999902833e+00,8.952502909238413409e-02,1.018008740927710765e+00,1.219980919238216302e+03,-2.663056253416232977e+00
5.604999999999902727e+00,9.147804427529350468e-02,1.033994621180816198e+00,8.749359578481323751e+02,-2.971301105226643369e+00
5.609999999999902620e+00,9.308079694458536169e-02,-2.695041344516424520e-01,-6.721368451415731897e+02,-2.615590622920155539e+00
5.614999999999902514e+00,9.436369050350781884e-02,-7.177457219325276971e-02,-6.587521616145310190e+02,-2.740906561433091859e+00
5.619999999999902407e+00,9.620634934889128742e-02,1.609092397237669725e-01,-5.811344236639882865e+02,-2.599568541209296146e+00
5.624999999999902300e+00,9.781862608091274058e-02,1.973579399614118490e-01,-4.322409253117046433e+02,-2.625225942948337110e+00
5.629999999999902194e+00,9.927752403578404827e-02,1.643305926439406206e-01,-4.291421426754442905e+02,-2.378663824878870958e+00
5.634999999999902087e+00,1.016839801694486844e-01,3.961686875071042668e-01,-4.421263520666776685e+02,-2.465625157437083992e+00
5.639999999999901981e+00,1.035375503705018296e-01,3.873096741320455338e-01,-2.327620242366992329e+02,-2.408524948191125947e+00
5.644999999999901874e+00,1.056993394802467762e-01,3.359568137931830401e-01,-2.824178196043759499e+02,-2.174715072159971285e+00
5.649999999999901767e+00,1.081293719479491655e-01,5.172213542775166983e-01,1.321689352361575800e+02,-1.957445425472648326e+00
5.654999999999901661e+00,1.102917550371265987e-01,3.265756953054209655e-01,-2.572842445665523883e+02,-2.129385830455720718e+00
5.659999999999901554e+00,1.124810554310667066e-01,5.337975500775929971e-01,2.224342020235983739e+02,-1.946624464504343122e+00
5.664999999999901448e+00,1.143500688923523856e-01,2.271071720224946966e-01,-2.964064751486607747e+02,-2.025699311067350461e+00
5.669999999999901341e+00,1.163773072335590048e-01,4.636269745087674976e-01,1.743235693480891655e+02,-1.874384427588012825e+00
5.674999999999901235e+00,1.178659151590736587e-01,1.369058599352891148e-01,-3.005764284476421722e+02,-1.759508868366045586e+00
5.679999999999901128e+00,1.196778575157187302e-01,3.970497219084616058e-01,1.831573603529850800e+02,-1.144082202614630894e+00
5.684999999999901021e+00,1.211085091961037336e-01,2.233167977560915618e-01,-1.400398019094683661e+02,-8.178258425792171993e-01
5.689999999999900915e+00,1.226377742641921037e-01,4.335559809796626363e-01,2.376303145213113623e+02,-2.572734635875582043e-01
5.694999999999900808e+00,1.238577731285948752e-01,1.520671004600866183e-01,-2.131118472668466097e+02,-7.126868606304237463e-02
5.699999999999900702e+00,1.247148825644005810e-01,1.700116329316265495e-01,1.367574029562029914e+01,2.048439041024099905e-01
5.704999999999900595e+00,1.253361520356090775e-01,1.611591274319835176e-01,1.844118625185875544e+02,2.794054275872318027e-01
5.709999999999900488e+00,1.250340471630619898e-01,-1.283136300952701925e-01,3.884379629313430371e+01,-8.963412538779010064e-02
5.714999999999900382e+00,1.233584847920925071e-01,-3.845585362802740881e-01,1.398602673251109536e+02,-2.498933144729953426e-02
5.719999999999900275e+00,1.201549242522365613e-01,-6.720145643560982984e-01,6.586982215500144378e+01,-1.127025459151538844e-01
5.724999999999900169e+00,1.158947181126466219e-01,-9.868327945830878134e-01,-1.531937986542616557e+02,-6.411147994970423092e-02
5.729999999999900062e+00,1.111673867433433244e-01,-1.048732945924631510e+00,-2.341592883693463421e+02,1.929400945369018627e-01
5.734999999999899956e+00,1.062407774187421605e-01,-1.083601472043117298e+00,-2.257347699810099471e+02,2.957681952008823223e-01
5.739999999999899849e+00,1.008938191306138765e-01,-1.165132753576844538e+00,-1.928949989944492245e+02,3.673085555551547920e-01
5.744999999999899742e+00,9.556928062467061336e-02,-1.157639547761540211e+00,-1.944308110413702764e+02,4.595194460447248885e-01
5.749999999999899636e+00,9.127254016521965663e-02,-8.200136579933868797e-01,-4.311140830378401745e+01,7.480544014864347613e-01
5.754999999999899529e+00,8.759065342475744198e-02,-6.855719489731839644e-01,2.201274583454276623e+01,8.597898429152497357e-01
5.759999999999899423e+00,8.437687175186966981e-02,-6.732718698025681459e-01,-1.121050817488753779e+02,8.924151074361399427e-01
5.764999999999899316e+00,8.152619388043694237e-02,-5.387923569753255704e-01,-1.183322366453204921e+01,9.875607003154844854e-01
5.769999999999899210e+00,7.861030904085594684e-02,-6.024412656028274027e-01,1.578010904007185644e+01,1.189681246890943234e+00
5.774999999999899103e+00,7.567270484289567722e-02,-6.940684348358131528e-01,-1.844294500197613900e+02,1.206465702097988979e+00
5.779999999999898996e+00,7.328275709443861363e-02,-3.594613852667464804e-01,1.016374150562725873e+02,1.369479885211283055e+00
5.784999999999898890e+00,7.108946013365161076e-02,-4.205900814085243300e-01,2.149065719170619726e+00,1.325502851966071871e+00
5.789999999999898783e+00,6.921371971357283270e-02,-3.122848609935757747e-01,7.510646891225582067e+01,1.153370668948714650e+00
5.794999999999898677e+00,6.761761634050858505e-02,-3.393666199504958292e-01,-9.395021477273193966e+01,9.724767714091139270e-01
5.799999999999898570e+00,6.686961510089695082e-02,-5.661430231946627117e-02,2.630698873582237596e+01,6.935812960998153365e-01
5.804999999999898463e+00,6.720770265927322740e-02,8.749312552177167246e-02,-7.481423741474854694e+01,3.349671856350547317e-01
5.809999999999898357e+00,6.897763109293916783e-02,4.695727330759194018e-01,5.324078866584061132e+01,-6.433596214873113506e-02
5.814999999999898250e+00,7.144316170548395406e-02,5.278419519630092038e-01,5.667414471056064684e+01,-3.895112965545865502e-01
5.819999999999898144e+00,7.372965738118285317e-02,3.304485999619450887e-01,-1.523259237403543409e+02,-6.246661591724240736e-01
5.824999999999898037e+00,7.402832354736017806e-02,-2.628025989747413416e-01,-1.933871100884640271e+02,-6.677393507426832020e-01
5.829999999999897931e+00,7.210177912411569467e-02,-5.012562767708254041e-01,-2.395170346726535797e+02,-1.091223998972522757e+00
5.834999999999897824e+00,7.071938634704198756e-02,3.842319288713894609e-01,1.066111137621300031e+03,-1.311240592848797348e+00
5.839999999999897717e+00,6.969145278737554072e-02,-6.411896223208934931e-01,-5.157129785444484469e+02,-2.251088128881086003e+00
5.844999999999897611e+00,6.970719372780469214e-02,-1.313659174253576922e-01,-6.235623687454716446e+02,-2.435081768792905610e+00
5.849999999999897504e+00,6.972085758389598431e-02,1.862941032707652114e-02,-6.103252860572738427e+02,-3.109653544333497610e+00
5.854999999999897398e+00,7.089529917698554617e-02,3.778660363125052601e-01,-3.912985790201891518e+02,-3.564532874848346022e+00
5.859999999999897291e+00,7.259516580330234448e-02,3.147526169756895142e-01,-6.166437649749391312e+02,-5.492079389506602460e+00
5.864999999999897184e+00,7.510626615677676310e-02,4.076887932601232500e-01,-4.638249410062479114e+02,-4.818021716349721650e+00
5.869999999999897078e+00,7.844462474120549034e-02,4.304315991236410954e-01,-6.571422438108427286e+02,-4.688739804586290916e+00
5.874999999999896971e+00,8.249302189546053876e-02,4.700201178311064765e-01,-7.410987898435491843e+02,-4.851519129605170733e+00
5.879999999999896865e+00,8.683787081446744938e-02,4.589419482770294989e-01,-8.340449191226936136e+02,-5.008367839033401658e+00
5.884999999999896758e+00,9.122060939862935980e-02,4.293861602069313221e-01,-8.349701283890765353e+02,-5.091910873283964634e+00
5.889999999999896652e+00,9.544943746626473324e-02,3.709528262504297458e-01,-9.105322673432289093e+02,-5.202382301442105117e+00
5.894999999999896545e+00,9.944450303821049386e-02,3.236025073965894117e-01,-7.876763068470257849e+02,-5.124046654751227337e+00
5.899999999999896438e+00,1.046988483334429787e-01,9.904966187923661125e-02,-1.013114613825817173e+03,-5.170416145085013682e+00
5.904999999999896332e+00,1.096449553607230926e-01,1.602665501648956325e-01,-8.660118826968247276e+02,-5.104917613597106829e+00
5.909999999999896225e+00,1.133829066014437059e-01,7.166039511275938689e-02,-7.401293923630607878e+02,-4.912488395688265008e+00
5.914999999999896119e+00,1.173674824226476204e-01,4.351957132728279110e-02,-7.908514093130577294e+02,-4.889493464700450431e+00
5.919999999999896012e+00,1.212972523355663607e-01,1.344371520593906355e-01,-6.818667094747931969e+02,-5.098899609593616766e+00
5.924999999999895905e+00,1.243293508069528847e-01,-6.272938314761007661e-02,-7.728120737271510734e+02,-4.847462706403347532e+00
5.929999999999895799e+00,1.278466796197806621e-01,3.487876868645890110e-02,-7.228344108050716841e+02,-4.617182626788124189e+00
5.934999999999895692e+00,1.307878829979798319e-01,-2.831866250197459869e-02,-7.409973737489223140e+02,-4.759751759032501361e+00
5.939999999999895586e+00,1.335321525797695252e-01,-1.150110357319347187e-01,-7.823837068737173013e+02,-4.475601432978344008e+00
5.944999999999895479e+00,1.363106448103019175e-01,-6.567683721535740038e-02,-8.070820365446305686e+02,-4.200431128358778743e+00
5.949999999999895373e+00,1.399117959537037048e-01,3.617962670808393399e-01,-3.490077170600802674e+02,-4.240150057852314802e+00
5.954999999999895266e+00,1.422298395798874404e-01,1.070879617364953185e-01,-6.468010959340615500e+02,-4.158873231265027393e+00
5.959999999999895159e+00,1.454322975244815297e-01,4.222802889275164562e-01,-2.310811453407144427e+02,-3.869849339630481833e+00
5.964999999999895053e+00,1.478365239836085532e-01,3.295126913318036088e-01,-8.144968802396363117e+02,-4.304170934646734281e+00
5.969999999999894946e+00,1.517703530427323422e-01,6.817855246159336691e-01,-3.013773476324598732e+02,-4.109528445931416307e+00
5.974999999999894840e+00,1.536165513261270321e-01,7.662793249176333976e-01,1.021888366603517511e+03,-3.405957755656553232e+00
5.979999999999894733e+00,1.552360385293073408e-01,5.178265314422065835e-01,4.890025981893342077e+02,-3.457492733961513576e+00
5.984999999999894627e+00,1.569174665657523671e-01,3.989957403186678575e-01,2.099745799931274064e+02,-3.149360167543582723e+00
5.989999999999894520e+00,1.588319606100437598e-01,4.842917966852881562e-01,1.033494685565621296e+02,-2.976974203829550358e+00
5.994999999999894413e+00,1.609532242599113205e-01,3.424730324105955126e-01,-1.280585032882615621e+02,-2.716910687953046910e+00
5.999999999999894307e+00,1.631279008809995157e-01,5.047713633521739851e-01,1.541088603528534691e+02,-2.381548002869606773e+00
6.004999999999894200e+00,1.649690313643307760e-01,2.819038436001435333e-01,-1.575089323209900556e+02,-2.158709429178421235e+00
6.009999999999894094e+00,1.671069331976695327e-01,5.270874028965096825e-01,2.805621278247296573e+02,-1.367779080567535166e+00
6.014999999999893987e+00,1.691303953422963469e-01,3.643591820520599156e-01,-1.516040474255816264e+02,-1.070280872016354135e+00
6.019999999999893880e+00,1.711283344845411780e-01,5.838369559887695015e-01,4.351069864307049784e+02,-4.007270899291497379e-01
6.024999999999893774e+00,1.733669264583704295e-01,4.463519394770081861e-01,2.872160015409624378e+01,-3.814961934012484068e-01
6.029999999999893667e+00,1.743508322265272525e-01,7.656118204370394864e-02,-1.481243732131435564e+01,-4.709803645931523453e-01
6.034999999999893561e+00,1.724813074850251593e-01,-5.512987901611461350e-01,-1.394097304825853101e+01,-6.706886744332412054e-01
6.039999999999893454e+00,1.684529384587707124e-01,-9.660152126763807967e-01,-1.595223659754732068e+02,-7.509347677520975539e-01
6.044999999999893348e+00,1.628160841514821322e-01,-1.225516012867322813e+00,-5.320453663952149981e+01,-5.910772165900649577e-01
6.049999999999893241e+00,1.558724952045622281e-01,-1.519840322141346567e+00,-5.644691919117217793e+01,-3.110897514184981505e-01
6.054999999999893134e+00,1.481978237528203401e-01,-1.654738620247807157e+00,-9.593642959954419780e+01,-9.841083796619987112e-02
6.059999999999893028e+00,1.394972710635542235e-01,-1.815500112035094649e+00,-4.970869259039814381e+01,2.445468334299502056e-01
6.064999999999892921e+00,1.305101363072954379e-01,-1.772384582928876462e+00,-7.686932398659263477e+00,3.758456764164987973e-01
6.069999999999892815e+00,1.210672112334024025e-01,-1.868914023661424340e+00,1.013333524762332161e+02,7.011425585292985208e-01
6.074999999999892708e+00,1.117944617343885894e-01,-1.818051184886921634e+00,8.999199571067275372e+01,7.774566841015372320e-01
6.079999999999892601e+00,1.022694945316210552e-01,-1.884354378935088059e+00,1.353608386874847440e+02,1.036019180440945542e+00
6.084999999999892495e+00,9.321259843884675822e-02,-1.776925313795060690e+00,4.764490031424968208e+01,1.029304259948957245e+00
6.089999999999892388e+00,8.398608533559083489e-02,-1.834588164580900571e+00,9.249148578916190910e-01,1.174078632677395984e+00
6.094999999999892282e+00,7.519010796557674958e-02,-1.796289541755717867e+00,-4.121240204516782057e+01,1.208810589062790486e+00
6.099999999999892175e+00,6.671258902680278491e-02,-1.627007983796539214e+00,6.007394305354658570e+01,1.354515019997510450e+00
6.104999999999892069e+00,5.811614965410683703e-02,-1.709750652857829456e+00,-6.381541966698600277e+01,1.351386010648247815e+00
6.109999999999891962e+00,4.981362885044299943e-02,-1.581737089994330603e+00,1.108350645881743191e+02,1.363498972073575510e+00
6.114999999999891855e+00,4.241277821897812550e-02,-1.428142741670943350e+00,-3.329734951654341302e+01,1.393244841501336762e+00
6.119999999999891749e+00,3.623093990472884413e-02,-1.127246151290043796e+00,2.538762315267357650e+01,1.355857915508248190e+00
6.124999999999891642e+00,3.152852752881115522e-02,-8.021699914948805521e-01,1.307180284276277007e+02,1.064389959657918272e+00
6.129999999999891536e+00,2.851744429141513451e-02,-4.713581669986800504e-01,8.509509180226224601e+01,8.598574489802530696e-01
6.134999999999891429e+00,2.709028380464458680e-02,-1.937228523024050186e-01,-1.619590454901819854e+01,6.450688425591503128e-01
6.139999999999891322e+00,2.722878741827036708e-02,1.309922262263085724e-01,1.875722436635919976e+01,4.565316903705042284e-01
6.144999999999891216e+00,2.876511151319971829e-02,3.973990771712338499e-01,1.638046493313711949e+01,4.416596072394288197e-02
6.149999999999891109e+00,3.088428539174337475e-02,4.652177991433471549e-01,3.869077611410970263e+01,6.247447884294837772e-02
6.154999999999891003e+00,3.306910204227517941e-02,4.511984573048156699e-01,2.411539016375492039e+01,1.745216682642369288e-01
6.159999999999890896e+00,3.484372052120571911e-02,3.126302842752411437e-01,1.510562439168629112e+01,1.847629864303325098e-01
6.164999999999890790e+00,3.540059019600350770e-02,3.627580971256102495e-03,-2.836806827884998938e+01,2.157452724725083815e-01
6.169999999999890683e+00,3.391866784855217254e-02,-3.515594933320655424e-01,9.901944101027527267e+01,3.306281545359187612e-01
6.174999999999890576e+00,3.384790097040246692e-02,1.815592681381251183e-01,-3.179529819385991232e+02,-6.512741598864826287e-01
6.179999999999890470e+00,3.359752276432793894e-02,-2.434468309356163929e-01,-3.361702177804074267e+02,-9.943612101200537401e-01
6.184999999999890363e+00,3.327990445623579124e-02,7.522258101571803746e-01,1.423643468785953701e+03,-9.406593761738961668e-01
6.189999999999890257e+00,3.387646968396649388e-02,7.836282316599041398e-01,1.021032024056635237e+03,-2.930499018918249376e+00
6.194999999999890150e+00,3.448895067042345025e-02,5.727267359632853827e-01,5.838641133162236656e+02,-3.102679651407632910e+00
6.199999999999890044e+00,3.553716932397678330e-02,8.311949344713408516e-01,1.009245004868743649e+03,-3.679377451217767714e+00
6.204999999999889937e+00,3.822546981259736937e-02,8.468018989507084537e-01,9.619446968772814444e+02,-3.900520317178900243e+00
6.209999999999889830e+00,4.108230488696743010e-02,9.347146072079376422e-01,1.023472575606387068e+03,-3.865512017019217428e+00
6.214999999999889724e+00,4.424486388491931377e-02,1.072376953557299784e+00,1.179657946509409612e+03,-3.692491922861896203e+00
6.219999999999889617e+00,4.754343766059912491e-02,1.058293250317823286e+00,1.186690508179935250e+03,-3.649128192972622475e+00
6.224999999999889511e+00,5.058939837431099262e-02,8.603165895976887523e-01,8.903608269894456271e+02,-4.114446735455825177e+00
6.229999999999889404e+00,5.434464652098706244e-02,7.318351295628208186e-01,-4.799551540636792879e+02,-4.465453507810869915e+00
6.234999999999889297e+00,5.766450180413101173e-02,6.029173630667301609e-01,-8.027014136377842988e+02,-4.355993002820954807e+00
6.239999999999889191e+00,6.086139579889609380e-02,5.759853244520720672e-01,-9.088822758040757890e+02,-4.651764592967840173e+00
6.244999999999889084e+00,6.392299340665079377e-02,6.554962417416674292e-01,-7.088966918714763779e+02,-4.421447478771146855e+00
6.249999999999888978e+00,6.714541250964353725e-02,6.674375562636297721e-01,-7.702852412425216926e+02,-4.171497372933776759e+00
6.254999999999888871e+00,7.049844834343697852e-02,7.034193239671614473e-01,-6.009677250553629619e+02,-4.299299407667386497e+00
6.259999999999888765e+00,7.293226872714941855e-02,5.331735620252049390e-01,8.284354420019146570e-01,-3.567302959867640233e+00
6.264999999999888658e+00,7.594233201335583161e-02,6.330749294036067676e-01,-7.705010437053276746e+02,-4.131764755156894786e+00
6.269999999999888551e+00,7.828772366295703999e-02,5.397558465638755409e-01,1.054978608195987100e+01,-3.321833536143584897e+00
6.274999999999888445e+00,8.139744889793421034e-02,6.010631476158684317e-01,-7.936012539619707695e+02,-3.852329190117164348e+00
6.279999999999888338e+00,8.372384675147059863e-02,9.999561099417367815e-01,1.274731224877353952e+03,-2.961038849332813694e+00
6.284999999999888232e+00,8.730787763545788671e-02,1.146843621626229881e+00,1.161655604687309278e+03,-2.830181785869641864e+00
6.289999999999888125e+00,8.850655345472126234e-02,-3.238112603693748537e-01,-6.174682749544140279e+02,-3.084931698485538387e+00
6.294999999999888018e+00,9.088923284796691926e-02,-1.923210903114593584e-01,-7.472182671645936125e+02,-2.590182159790324512e+00
6.299999999999887912e+00,9.330766209054172644e-02,2.774410730477593345e-01,-6.615514202775491412e+02,-2.842536264569377469e+00
6.304999999999887805e+00,9.496271489798177590e-02,3.339165161257300340e-01,-6.435299634298982028e+02,-2.595613533706206066e+00
6.309999999999887699e+00,9.674289471420267905e-02,4.437581500235908138e-01,-1.281098915731504349e+02,-2.503993378623730948e+00
6.314999999999887592e+00,9.791019775404313785e-02,3.398398140038071946e-01,3.118298569616184182e+02,-2.012285677258968786e+00
6.319999999999887486e+00,9.943518245062717142e-02,4.359710585920554271e-01,2.946217425992146843e+01,-2.074499089609153746e+00
6.324999999999887379e+00,1.010173308392149361e-01,3.162624666255000050e-01,-1.751471093074470673e+02,-1.973661115992853876e+00
6.329999999999887272e+00,1.031455425108184915e-01,4.477684482442488290e-01,-6.445785007505061515e+01,-1.869445168959825487e+00
6.334999999999887166e+00,1.054175343542246152e-01,3.544532450424000003e-01,-2.505254550822439796e+02,-1.869373576492034728e+00
6.339999999999887059e+00,1.080146215126450843e-01,5.773800146770834418e-01,2.130585590559601883e+02,-1.530411155395013267e+00
6.344999999999886953e+00,1.103755720032349452e-01,3.635921435847184191e-01,-2.640396042893325443e+02,-1.699923526382714378e+00
6.349999999999886846e+00,1.128690104604497951e-01,5.883647378164134079e-01,2.214571587887290320e+02,-1.625346945484931638e+00
6.354999999999886739e+00,1.149476266840905314e-01,3.054331304736627173e-01,-2.331409634975739493e+02,-1.657678714299072098e+00
6.359999999999886633e+00,1.172927585913376980e-01,4.742332882413045625e-01,8.419514621295441259e+01,-1.355694069009784730e+00
6.364999999999886526e+00,1.192761558661469407e-01,2.954021106082353465e-01,-2.528270752217836161e+02,-1.358861379131883762e+00
6.369999999999886420e+00,1.213406576127288167e-01,5.462823876914909560e-01,3.092043678563109097e+02,-7.482585954787942528e-01
6.374999999999886313e+00,1.229172472952624190e-01,2.121305374668031596e-01,-2.711164621402461421e+02,-2.496786202191135784e-01
6.379999999999886207e+00,1.248997683102549133e-01,5.265171860949737770e-01,3.630927890860599518e+02,5.507182361427505057e-01
6.384999999999886100e+00,1.264830191578778795e-01,2.744265921980305056e-01,-1.850357614202560796e+02,4.128339280214022855e-01
6.389999999999885993e+00,1.279281169866070822e-01,2.878334183756869336e-01,-2.669083718399126681e+01,4.703052108380263996e-01
6.394999999999885887e+00,1.284129113484070717e-01,-9.006933649957785462e-03,-9.286858466172115811e+01,1.931862369365546783e-01
6.399999999999885780e+00,1.270960323567898731e-01,-2.833488678178890940e-01,6.085084380527987236e+01,3.905020306599091273e-02
6.404999999999885674e+00,1.241482882878032906e-01,-6.213428283321341672e-01,4.869760471039700001e+00,-8.557313274953037840e-02
6.409999999999885567e+00,1.201610343452771817e-01,-8.269416857180640346e-01,2.630232812410995535e+01,2.592454147056305613e-02
6.414999999999885461e+00,1.155356902851981532e-01,-9.352634273572066892e-01,9.353521990231817540e+01,2.083535079377993315e-01
6.419999999999885354e+00,1.107052738536672271e-01,-9.918543954486913616e-01,8.431297818302100211e+01,3.682225653510184382e-01
6.424999999999885247e+00,1.058252328324783414e-01,-1.062044762544662957e+00,-1.482543418266997435e+02,3.131783583415187477e-01
6.429999999999885141e+00,1.005773075326903965e-01,-1.095590615442535887e+00,-1.258237200065977675e+02,3.625977693706681215e-01
6.434999999999885034e+00,9.523192970986751882e-02,-1.120418402524252954e+00,-1.228148432969215804e+02,4.929096903901507565e-01
6.439999999999884928e+00,8.969698396419097108e-02,-1.159681855371665460e+00,-1.315061268050458523e+02,6.005639011768524327e-01
6.444999999999884821e+00,8.400762371845883758e-02,-1.217522176976248760e+00,-1.045214819902540029e+02,7.638936169582659641e-01
6.449999999999884714e+00,7.852527189349203796e-02,-1.012012924027285488e+00,9.933005531705371993e+01,9.133262586445949349e-01
6.454999999999884608e+00,7.282274131248855920e-02,-1.112721432248006792e+00,1.102831882405925796e+02,1.017829610493263592e+00
6.459999999999884501e+00,6.717585031621546576e-02,-1.151492547291979918e+00,-4.655450049444650773e+01,1.091497582653193188e+00
6.464999999999884395e+00,6.183094929078918750e-02,-9.911241119246401166e-01,9.154014927236133303e+01,1.175781882556339308e+00
6.469999999999884288e+00,5.644062424905357811e-02,-1.036479875123934358e+00,1.156553482783582893e+02,1.336888095180385871e+00
6.474999999999884182e+00,5.133275328333108956e-02,-1.040363861082862718e+00,-5.509282436681484540e+01,1.353753260191741692e+00
6.479999999999884075e+00,4.681576318179968971e-02,-8.057715341845147483e-01,1.064068385663719170e+02,1.397131185697141564e+00
6.484999999999883968e+00,4.258745104540892501e-02,-7.982723249267047461e-01,5.645400039511288526e+01,1.443375729565694598e+00
6.489999999999883862e+00,3.870520064733688065e-02,-8.620293191981834857e-01,-1.898067160171918886e+02,1.400215501548513153e+00
6.494999999999883755e+00,3.574459041327755771e-02,-4.780405828995796247e-01,6.188094226659982411e+01,1.499817650954980763e+00
6.499999999999883649e+00,3.360503486144019586e-02,-3.828281541372866026e-01,-2.065579670767797538e+01,1.456313890950004630e+00
6.504999999999883542e+00,3.221270612267421868e-02,-1.679790522295900035e-01,8.479486458422296380e+01,1.358635659970596210e+00
6.509999999999883435e+00,3.128699285146125525e-02,-1.715158626249004836e-01,-2.736595152141991250e+01,1.268047139064451434e+00
6.514999999999883329e+00,3.125307721207606915e-02,1.226430717120739478e-01,1.092596439809785380e+02,1.108970720218121375e+00
6.519999999999883222e+00,3.215691447225296068e-02,1.471349612021908559e-01,-1.287970553567199943e+02,8.870041149940890435e-01
6.524999999999883116e+00,3.417057863523512151e-02,4.749458761966453002e-01,3.781192020943212384e+01,6.889151743982182552e-01
6.529999999999883009e+00,3.693487930735661617e-02,6.093032901412785973e-01,1.941652659675150616e+01,4.069343337578866793e-01
6.534999999999882903e+00,3.944590144309208929e-02,4.124234121556957233e-01,-1.141376174812134821e+02,3.389074744210585632e-01
6.539999999999882796e+00,4.129670817793581333e-02,3.492838035998359625e-01,1.944309114334281219e+01,3.108546024628818794e-01
6.544999999999882689e+00,4.171901040138222688e-02,-2.496774832764693877e-02,-5.344740355312079316e+01,4.765236716945936979e-01
6.549999999999882583e+00,3.993765118312546381e-02,-5.664071699252871683e-01,-1.129152370215123540e+02,8.014766501498971074e-01
6.554999999999882476e+00,3.789276061485096631e-02,-4.016313731452774705e-01,-1.410747820030821913e+02,6.246107164042754567e-01
6.559999999999882370e+00,3.636353144681521432e-02,-3.160336920001229899e-01,-2.186721226775347304e+02,3.012511613435370772e-01
6.564999999999882263e+00,3.460980333144324239e-02,-4.258971620072251607e-01,-2.279472027128236107e+02,1.442892449546615552e-01
6.569999999999882156e+00,3.357889128451953947e-02,-5.508232967758999177e-01,-3.671110571630813411e+02,-8.747693251410945670e-02
6.574999999999882050e+00,3.400750220239107807e-02,6.231864888990773510e-01,1.206611491001291597e+03,-3.568903390446012680e-01
6.579999999999881943e+00,3.257692672008669771e-02,-4.483639361304903592e-01,-4.657293508551607033e+02,-1.772728732674816676e+00
6.584999999999881837e+00,3.184022587867657572e-02,-1.038658319507829025e-01,-5.912104278604641650e+02,-1.889547343565402215e+00
6.589999999999881730e+00,3.150308760705845118e-02,-7.877375713485480768e-02,-5.501282055050260169e+02,-2.359452820815194585e+00
6.594999999999881624e+00,3.235198721916299897e-02,2.659767574172127724e-01,-5.265336902094149991e+02,-2.746337414129407239e+00
6.599999999999881517e+00,3.366819196946809617e-02,2.161460436256503470e-01,-7.202236351694929226e+02,-3.597911617149838204e+00
6.604999999999881410e+00,3.562029773060822885e-02,4.727243439835043803e-01,-2.287204289704099835e+02,-3.778766645278404113e+00
6.609999999999881304e+00,3.821656896350896643e-02,5.350116739148641498e-01,-5.283850405860818000e+02,-4.141516750310906936e+00
6.614999999999881197e+00,4.119906004930542348e-02,5.503349140702311626e-01,-6.140654204269811771e+02,-4.621301714565417385e+00
6.619999999999881091e+00,4.439686381426010547e-02,6.496701921811856018e-01,-5.396827313821553389e+02,-4.375076765302289949e+00
6.624999999999880984e+00,4.758674699121851620e-02,5.812560247153764070e-01,-7.766668626448566783e+02,-4.715773367023551543e+00
6.629999999999880878e+00,5.062795504002759461e-02,6.138406521154904372e-01,-6.395663118568675145e+02,-4.771780473863828753e+00
6.634999999999880771e+00,5.374332918871294051e-02,6.469669434763002380e-01,-7.594618428023354681e+02,-4.357988985974183826e+00
6.639999999999880664e+00,5.688989328620248920e-02,6.074782807875356294e-01,-7.768760126251794418e+02,-4.438525449315340765e+00
6.644999999999880558e+00,6.005243690357061487e-02,6.547131944584230201e-01,-6.551173621685567241e+02,-4.405514234733982626e+00
6.649999999999880451e+00,6.297542548719478606e-02,6.154906772840806894e-01,-3.881219341859937799e+02,-3.725248707520149694e+00
6.654999999999880345e+00,6.550833668012881472e-02,5.295478271345374077e-01,-2.412582194134294298e+02,-3.589344669053901704e+00
6.659999999999880238e+00,6.809716103811813692e-02,5.631436910191075507e-01,-3.831490617738604669e+02,-3.677289034147626090e+00
6.664999999999880131e+00,7.011930739972113691e-02,5.017756922528237018e-01,1.914979902315284050e+02,-2.891175917827768060e+00
6.669999999999880025e+00,7.239525213596856301e-02,4.163793025715686880e-01,-6.355935827478461988e+02,-3.305114071268220766e+00
6.674999999999879918e+00,7.439882685010115737e-02,4.683040458651259730e-01,-2.150732719552125047e+02,-3.145728051433425598e+00
6.679999999999879812e+00,7.604038452362624212e-02,3.885453780999032491e-01,2.551402807452709709e+01,-2.666619130860755416e+00
6.684999999999879705e+00,7.808630958663351218e-02,4.172884927518527576e-01,-6.599040423769582731e+02,-3.111552143463806708e+00
6.689999999999879599e+00,7.970108342918708066e-02,3.296428902911823222e-01,-3.080865209621297254e+02,-2.909189798947863892e+00
6.694999999999879492e+00,8.075126952403180458e-02,2.086900448542894360e-01,-1.808129277067082512e+02,-2.548887452013186117e+00
6.699999999999879385e+00,8.174442714843321856e-02,2.688113585589408938e-01,-5.405336840502221918e+01,-2.469050183545880017e+00
6.704999999999879279e+00,8.301014913664649109e-02,2.042993956173846659e-01,-1.560442173009551539e+02,-2.549573861192724333e+00
6.709999999999879172e+00,8.476596495058469349e-02,3.567297022253958505e-01,4.611260885209660643e+01,-2.469234288585079096e+00
6.714999999999879066e+00,8.633313133984342469e-02,1.607988067586368641e-01,-2.746572413006163629e+02,-2.539266907956875485e+00
6.719999999999878959e+00,8.784630444649131620e-02,3.664324360702520544e-01,2.294135975438256025e+02,-2.212766052508967185e+00
6.724999999999878852e+00,8.903254895923000400e-02,8.555845283099736132e-02,-2.949085008834600785e+02,-2.406497786678952977e+00
6.729999999999878746e+00,9.027460376392275332e-02,3.947514779214577052e-01,3.472233797440674152e+02,-2.128811240936421267e+00
6.734999999999878639e+00,9.101469357700997520e-02,1.754543311768557053e-03,-2.840490457249545670e+02,-2.145451402725630619e+00
6.739999999999878533e+00,9.210039489233499965e-02,2.846591390429319968e-01,1.979831966863575872e+02,-1.658078679065931649e+00
6.744999999999878426e+00,9.292598122759322676e-02,3.979679093478781515e-02,-3.302360494718699897e+02,-1.590992787242248685e+00
6.749999999999878320e+00,9.400599246347236815e-02,3.363011741427776591e-01,3.410052970488632695e+02,-8.149542254825127285e-01
6.754999999999878213e+00,9.453804973925242217e-02,-3.637903229954018297e-02,-3.586830696816034560e+02,-5.691912598391295486e-01
6.759999999999878106e+00,9.560797313014636478e-02,2.741073690852554590e-01,2.115644172290004121e+02,6.265637381171015874e-02
6.764999999999878000e+00,9.590154677624500301e-02,3.007424689506611737e-02,-8.000582284340168826e+01,-8.825490732654728276e-02
6.769999999999877893e+00,9.608806535480159117e-02,4.516554908442253075e-02,1.113481396766857756e+02,-4.834513829311257171e-03
6.774999999999877787e+00,9.583711301318237341e-02,-3.375146448319341769e-02,1.237433571896902009e+02,3.010844043201041376e-02
6.779999999999877680e+00,9.505026218603532251e-02,-1.597842637312363867e-01,1.442141601500943580e+02,1.319961743732028236e-01
6.784999999999877573e+00,9.349886352607471307e-02,-3.522038127544405151e-01,1.237951112617067650e+02,2.483520395466573827e-01
6.789999999999877467e+00,9.137145534266999380e-02,-4.869824645284076547e-01,-5.173718721847767910e+01,3.006729465279246449e-01
6.794999999999877360e+00,8.879568334656280648e-02,-5.733721724157156974e-01,-1.207978538742537324e+02,3.998994598978022896e-01
6.799999999999877254e+00,8.604928924205797192e-02,-6.750822050609150971e-01,-1.474191105916979438e+02,5.649771515034820446e-01
6.804999999999877147e+00,8.332280730693963910e-02,-5.015643275139677337e-01,6.054846243430193198e+01,7.849772085571373736e-01
6.809999999999877041e+00,7.996682431884838405e-02,-6.256009297473320574e-01,3.703283823665527308e+01,8.107518893681315841e-01
6.814999999999876934e+00,7.608306631112994600e-02,-7.870078684422672222e-01,1.219951703655903152e+01,9.141278857973251792e-01
6.819999999999876827e+00,7.212671504698392466e-02,-7.523905436811363368e-01,8.453298186407312187e+01,1.063496697193131446e+00
6.824999999999876721e+00,6.820853268465866537e-02,-8.266713459622411220e-01,-8.302141136540107880e+01,1.069933032618782143e+00
6.829999999999876614e+00,6.470723060519423253e-02,-6.138554737859125421e-01,8.829807437187882613e+01,1.091503014869926291e+00
6.834999999999876508e+00,6.122658285927694288e-02,-6.918421770523308645e-01,4.746986540710450697e+01,1.103544445513520822e+00
6.839999999999876401e+00,5.836706562328178305e-02,-5.422186341697626810e-01,-6.542629109005937948e+01,9.534864820801615126e-01
6.844999999999876295e+00,5.723304148982926581e-02,-1.321298288839658011e-02,1.309608983328044189e+02,7.552288629005193821e-01
6.849999999999876188e+00,5.768030869014127704e-02,2.320582280855918722e-01,1.551103727856698242e+02,5.794450874232923709e-01
6.854999999999876081e+00,5.971598668319733072e-02,4.663442912976809573e-01,-4.742700921855838203e+01,2.497033639487653556e-01
6.859999999999875975e+00,6.317818585650483709e-02,8.145563990860276160e-01,1.177136253971968216e+02,-3.205617872360971843e-02
6.864999999999875868e+00,6.659506860213204593e-02,6.648271755112032944e-01,9.501084026311404784e+01,-2.614429384019018032e-01
6.869999999999875762e+00,6.886642038360941964e-02,2.229922252255305826e-01,-1.887414939791992481e+02,-3.681216051966259561e-01
6.874999999999875655e+00,6.784084671525407451e-02,-3.697901305448632603e-01,1.075756277843716759e+02,-2.009940717007546174e-01
6.879999999999875548e+00,6.600847920467887986e-02,-4.458121473818139613e-01,-4.064901268302672293e+02,-9.445846363181930050e-01
6.884999999999875442e+00,6.495139425585037818e-02,-2.287475649740868325e-02,5.112829954918897215e+02,-9.047025015836803741e-01
6.889999999999875335e+00,6.372416317395702967e-02,-3.203745420358617979e-01,-1.412991287975326316e+02,-1.838884348098071664e+00
6.894999999999875229e+00,6.255712100289961830e-02,-2.409933905506313114e-03,4.473572640038161126e+02,-2.221191349494623601e+00
6.899999999999875122e+00,6.165117393085767922e-02,-8.415221204619670325e-02,1.466201183691154597e+02,-2.465991190908296993e+00
6.904999999999875016e+00,6.185317988345623991e-02,-2.556376656396741609e-03,-9.422062144154980956e+01,-2.857607835652735684e+00
6.909999999999874909e+00,6.271397731030071976e-02,4.782887361405686044e-01,5.818072638001972336e+02,-3.431770676644157358e+00
6.914999999999874802e+00,6.368247678658593702e-02,5.148718972503896207e-02,-3.449175562233489813e+02,-3.946808213870144133e+00
6.919999999999874696e+00,6.583824413660284425e-02,7.748972629558349423e-01,6.488270507321688001e+02,-3.972308048060478214e+00
6.924999999999874589e+00,6.811852258868665577e-02,2.080774045025674535e-01,-6.234214911274998485e+02,-4.871378118045540440e+00
6.929999999999874483e+00,7.225723761706132064e-02,1.133581911025411948e+00,6.702648264061516556e+02,-4.826146616500765596e+00
6.934999999999874376e+00,7.562408056638525444e-02,4.470431480181381589e-01,-4.036053636552791204e+02,-5.646822749430240762e+00
6.939999999999874269e+00,7.959923329611663656e-02,1.312182932625953757e+00,9.505072837966224597e+02,-5.045601745383603287e+00
6.944999999999874163e+00,8.381637419736065464e-02,7.251239038119382530e-01,-2.824403543413373541e+02,-5.320713442709670282e+00
6.949999999999874056e+00,8.804212995531972286e-02,8.212209588228811530e-01,-2.756658199088103167e+00,-5.361799945788731314e+00
6.954999999999873950e+00,9.089002589802819276e-02,3.592567537903046948e-01,-8.373374179855823058e+02,-5.349023630943018581e+00
6.959999999999873843e+00,9.486492818372496694e-02,4.533900599524178232e-01,-7.999188355261341030e+02,-4.985474643312196363e+00
6.964999999999873737e+00,9.889811476233051346e-02,4.397054718978357091e-01,-8.395171532840427062e+02,-5.040641709012305682e+00
6.969999999999873630e+00,1.034224746306062759e-01,6.252671458933375392e-01,-6.470997080022419823e+02,-4.891959337255572748e+00
6.974999999999873523e+00,1.056930808427823804e-01,2.926736043077308724e-01,-8.395418461057702189e+02,-4.554546903452746598e+00
6.979999999999873417e+00,1.093731596419407204e-01,4.982744416149472722e-01,-5.335133025874811210e+02,-4.027494782147925889e+00
6.984999999999873310e+00,1.119752557294917267e-01,3.703062392231274980e-01,-7.218510473357832780e+02,-4.113520021490523426e+00
6.989999999999873204e+00,1.145661256412637691e-01,4.124155103805781097e-01,-4.645479490139097720e+02,-4.064048492527739143e+00
6.994999999999873097e+00,1.157370840469159334e-01,4.841464386223845451e-02,-7.685585385044058739e+02,-3.711846848172136504e+00
6.999999999999872990e+00,1.178434631031834989e-01,2.035383726731147813e-01,-3.663666760912412315e+02,-3.626702796940024953e+00
7.004999999999872884e+00,1.188866213495815422e-01,-6.460784815454165275e-02,-6.229640355448531182e+02,-3.444368425992483829e+00
7.009999999999872777e+00,1.206164849489233803e-01,9.797995404804386854e-02,-3.458040634268123767e+02,-3.299619108589961325e+00
7.014999999999872671e+00,1.222206072752433925e-01,2.226056020498628774e-01,-7.508265746131729657e+01,-3.106398829860177457e+00
7.019999999999872564e+00,1.238517622703213528e-01,3.398246561042116420e-01,-1.343718134462965841e+00,-3.054730261928946700e+00
7.024999999999872458e+00,1.254987120006298140e-01,3.261465343821221552e-01,4.160548901434378877e+01,-2.681497586573339920e+00
7.029999999999872351e+00,1.268736612667182018e-01,2.058335134158657542e-01,-1.483781859539024595e+02,-2.638019671844801017e+00
7.034999999999872244e+00,1.280793880358169490e-01,3.449939931274363381e-01,2.779389698987907309e+02,-2.164116872362075394e+00
7.039999999999872138e+00,1.291608620717070721e-01,8.723347207664226832e-02,-3.204150313791056419e+02,-1.961398444727431967e+00
7.044999999999872031e+00,1.306648567233587299e-01,3.686810088730915758e-01,1.742646518464653411e+02,-1.412830911642481091e+00
7.049999999999871925e+00,1.320030952137882796e-01,1.641926798518385522e-01,-2.620330563761534677e+02,-1.230004922505518516e+00
7.054999999999871818e+00,1.334852781624410734e-01,3.876033862641199423e-01,2.175451015401362440e+02,-7.067430709250263066e-01
7.059999999999871712e+00,1.343244350870256565e-01,8.621011797730346315e-02,-9.074883523289683751e+01,-4.824908558844563378e-01
7.064999999999871605e+00,1.352439248193125221e-01,1.251993848435387080e-01,-8.678312733490639630e+01,-5.205623301195642094e-01
7.069999999999871498e+00,1.354378655715711699e-01,-6.650996605005261852e-02,-1.428724767572627172e+02,-5.347891892806486691e-01
7.074999999999871392e+00,1.347831478749193790e-01,-2.025737670458473971e-01,1.796001691021127655e+01,-4.176742216192218526e-01
7.079999999999871285e+00,1.321346756918723164e-01,-6.321384302968703350e-01,4.887355942678357223e+01,-2.356307251247769519e-01
7.084999999999871179e+00,1.282265201319922332e-01,-8.916796030955300711e-01,-8.807864809729682065e+01,-7.969796741108087224e-02
7.089999999999871072e+00,1.235304623285491260e-01,-9.295901718005797898e-01,1.279090488547520295e+02,1.295639817845901098e-01
7.094999999999870965e+00,1.180465056095541670e-01,-1.163013468522591021e+00,9.570402789708325031e+00,3.360308441750238240e-01
7.099999999999870859e+00,1.119696155543414978e-01,-1.296192811231533959e+00,-1.628895511948619230e+02,3.766249548320236284e-01
7.104999999999870752e+00,1.060137850522888947e-01,-1.156464739468847647e+00,2.830097316301118227e+01,5.736954016003295020e-01
7.109999999999870646e+00,1.003433855781706158e-01,-1.058600674217114124e+00,1.013907570761487307e+02,6.937696373796082838e-01
7.114999999999870539e+00,9.545842398980958210e-02,-8.840845225257929485e-01,7.853407624992253488e+01,6.007977655616754120e-01
7.119999999999870433e+00,9.074238363621199566e-02,-8.747157849242074290e-01,9.373948296341653474e+01,7.831510830440251425e-01
7.124999999999870326e+00,8.653346858589405777e-02,-7.886642415656961447e-01,8.069060380209259620e+01,7.824156974312679313e-01
7.129999999999870219e+00,8.242926735732482302e-02,-8.669370005491507936e-01,-1.304504538861091021e+02,7.941809110236512925e-01
7.134999999999870113e+00,7.891324787138374874e-02,-5.959866862297166223e-01,8.781979804968275971e+01,6.781955678528147624e-01
7.139999999999870006e+00,7.597278520225636544e-02,-5.686384455836384078e-01,-8.729966298912401612e+00,5.971144897211103642e-01
7.144999999999869900e+00,7.418144904083751046e-02,-2.365198700636360063e-01,1.160765430451146614e+02,2.471683603243890470e-01
7.149999999999869793e+00,7.394972970446825333e-02,7.315252699232192846e-02,2.457717909451942617e+01,-2.458328297029720722e-01
7.154999999999869686e+00,7.494143029737776462e-02,2.795862686060550661e-01,7.576250150080117862e+01,-6.010456009559530521e-01
7.159999999999869580e+00,7.615322357359477490e-02,1.334430798233248172e-01,-9.866387360646652382e+01,-9.699721627696127335e-01
7.164999999999869473e+00,7.368946099655490634e-02,-1.068519890820709861e+00,-2.967859772631514375e+02,-1.001488260647053874e+00
7.169999999999869367e+00,7.288537366941327811e-02,-1.211274121367021811e-01,-4.901424696360613780e+02,-1.726476369436825031e+00
7.174999999999869260e+00,7.051934079910360254e-02,-9.235589143801596276e-03,6.122250392117111915e+02,-2.293485766705963158e+00
7.179999999999869154e+00,6.848406297421744116e-02,-9.267745154046462819e-01,-6.490179624195050110e+02,-2.339484027808672817e+00
7.184999999999869047e+00,7.026053230405399086e-02,2.004202531010362553e-01,-1.567961356005615130e+02,-2.865379365291484515e+00
7.189999999999868940e+00,7.134869915435103349e-02,-1.282311447963160322e-01,-5.352082914425214994e+02,-4.747110600495569877e+00
7.194999999999868834e+00,7.352165739017989254e-02,2.984002737189526688e-01,-4.000677209443115885e+02,-4.762559677300802541e+00
7.199999999999868727e+00,7.628449676507192967e-02,3.458134664875313624e-01,-6.369243281437599080e+02,-5.070271860772141537e+00
7.204999999999868621e+00,8.040925456678138517e-02,4.653355508096179705e-01,-7.061818494564680577e+02,-5.267602104739132152e+00
7.209999999999868514e+00,8.498256125485535717e-02,6.251268480047700304e-01,-6.392480618979930114e+02,-5.200478045957002138e+00
7.214999999999868407e+00,8.959254538473075680e-02,5.871733700380999954e-01,-7.699537082707271338e+02,-5.252415186089888444e+00
7.219999999999868301e+00,9.460732297654074474e-02,6.038351421950451936e-01,-8.750454318157176203e+02,-5.259725798774874228e+00
7.224999999999868194e+00,9.968168046591606435e-02,6.797632437833159846e-01,-7.801311606129012262e+02,-5.185630347074446256e+00
7.229999999999868088e+00,1.048241506926507471e-01,6.949980613513141448e-01,-7.616699575212245463e+02,-5.056812782346954194e+00
7.234999999999867981e+00,1.088562857911634790e-01,5.640193839178023749e-01,-6.742234153980853080e+02,-5.194338618730619750e+00
7.239999999999867875e+00,1.131458807441301090e-01,6.355286818684853234e-01,-6.625850003119467146e+02,-4.961583859769976179e+00
7.244999999999867768e+00,1.168520410295753459e-01,5.405352118462845024e-01,-6.970221219519110036e+02,-4.625459684880295796e+00
7.249999999999867661e+00,1.201823989149267413e-01,4.689053425641268591e-01,-7.282989241660854987e+02,-4.740181438816049919e+00
7.254999999999867555e+00,1.236881807841899578e-01,6.154484637108433853e-01,-4.797017153521592832e+02,-4.432710389478899060e+00
7.259999999999867448e+00,1.264935904295701741e-01,4.744350814945355599e-01,-8.262048642805382315e+02,-4.243867297339243727e+00
7.264999999999867342e+00,1.287036735785555552e-01,5.181184334253363666e-01,1.454005434541988393e+02,-3.916711915737959959e+00
7.269999999999867235e+00,1.306308781009322406e-01,5.825728892829286076e-01,4.829268367795978065e+02,-3.566133936782649894e+00
7.274999999999867129e+00,1.322841872544207875e-01,3.554431593590488547e-01,6.310742139977483589e+01,-3.610219551269548965e+00
7.279999999999867022e+00,1.341085448599775853e-01,3.527296947788063353e-01,-2.910539424542548659e+02,-3.837930575449746584e+00
7.284999999999866915e+00,1.357282329695135015e-01,3.815698418817313198e-01,-2.042726967821206188e+02,-3.613484205578775921e+00
7.289999999999866809e+00,1.374236907681204711e-01,3.682595358705691435e-01,-3.378653070546850472e+02,-3.449143382236270039e+00
7.294999999999866702e+00,1.397332556529243264e-01,4.544494071554437409e-01,-6.337266447418539883e+02,-3.505425587416756805e+00
7.299999999999866596e+00,1.420384992206659980e-01,5.021597582350079136e-01,-3.439289674880308212e+02,-3.214396181314741696e+00
7.304999999999866489e+00,1.438221013329775977e-01,3.097365707869218499e-01,-1.396642342611679624e+02,-2.767742492274380517e+00
7.309999999999866382e+00,1.454512596043693595e-01,4.438656945122609887e-01,1.180870200174701239e+02,-2.616437052695996801e+00
7.314999999999866276e+00,1.471790881233901727e-01,2.902257118444898643e-01,-1.507514089023947008e+02,-2.580912132134840054e+00
7.319999999999866169e+00,1.491705014615155866e-01,4.589840690036325332e-01,1.424963024716271605e+02,-2.212304959561040008e+00
7.324999999999866063e+00,1.511976805982641614e-01,3.299870222839328959e-01,-1.788148293802653654e+02,-2.120434475623281578e+00
7.329999999999865956e+00,1.532789574332047988e-01,5.533759880351841742e-01,2.982660916314137580e+02,-1.564250644167547666e+00
7.334999999999865850e+00,1.550617544379462864e-01,3.146170220099060999e-01,-1.710425657543046611e+02,-1.067775559658988627e+00
7.339999999999865743e+00,1.568976821590163662e-01,4.616978287925520008e-01,2.557929403760853404e+02,-4.286480848744287364e-01
7.344999999999865636e+00,1.586645412061394866e-01,3.507956889621192120e-01,-6.437283127827998896e+01,-4.472606944222419223e-01
7.349999999999865530e+00,1.599266196796045592e-01,2.370201444505511124e-01,2.015307250874871769e+01,-6.302878892869634431e-01
7.354999999999865423e+00,1.592610307543996240e-01,-2.485024927150673024e-01,5.443773263382946759e+00,-6.557880088591317991e-01
7.359999999999865317e+00,1.565168157059001475e-01,-7.524670672234241575e-01,-1.958768895194695858e+02,-6.125608103581775543e-01
7.364999999999865210e+00,1.522417585195267875e-01,-8.784163003128510061e-01,7.418940770218249270e+01,-4.048328832174089564e-01
7.369999999999865103e+00,1.465144061265551689e-01,-1.219177980294946506e+00,2.573491289584918462e+01,-1.838245037277396188e-01
7.374999999999864997e+00,1.400136722920772847e-01,-1.316756974712621764e+00,-5.268323460631932420e+01,-5.160575553528456982e-02
7.379999999999864890e+00,1.326831148915735836e-01,-1.493910636311655216e+00,5.210334273233736013e+01,3.188652871393224952e-01
7.384999999999864784e+00,1.247040163260813989e-01,-1.668506125662126527e+00,-5.482799250089424703e+01,3.947816164565378649e-01
7.389999999999864677e+00,1.164456705186354413e-01,-1.627398495867587558e+00,9.245964729152643713e+01,5.496980830007687224e-01
7.394999999999864571e+00,1.079890742227587880e-01,-1.754845868693251099e+00,-5.089549801475016721e+01,7.356833202869997868e-01
7.399999999999864464e+00,9.950378316346736307e-02,-1.697104724812091403e+00,-3.391754192830063630e+01,7.904936413100194237e-01
7.404999999999864357e+00,9.092139263439091845e-02,-1.793608469393442428e+00,-1.345297606112609117e+02,9.591590936416574120e-01
7.409999999999864251e+00,8.228689693140688044e-02,-1.705729281281046061e+00,8.703196237901055099e+01,1.003024913266842510e+00
7.414999999999864144e+00,7.358891233126267639e-02,-1.708772457759258456e+00,4.248614049529210490e+01,1.092618965125227160e+00
7.419999999999864038e+00,6.570462045945622831e-02,-1.529704183273681295e+00,5.558608330232726935e+00,9.404930427117381697e-01
7.424999999999863931e+00,5.943296846509563830e-02,-1.057762782942895941e+00,1.056877683183030427e+02,8.431724994627914915e-01
7.429999999999863824e+00,5.462008558183178292e-02,-8.181603951221567694e-01,1.497656095492787642e+02,7.870026542178532036e-01
7.434999999999863718e+00,5.186888724527098649e-02,-4.029435606418931837e-01,3.384109009626425291e+01,3.418963795114777215e-01
7.439999999999863611e+00,5.130426486893570337e-02,2.841850748702395846e-02,3.795576552720604724e+01,3.696302009285835216e-02
7.444999999999863505e+00,5.240857615268091491e-02,3.584966045317842243e-01,1.003333243875428025e+02,-1.885283995573265314e-01
7.449999999999863398e+00,5.446765267430773300e-02,4.605186226851072373e-01,6.352554653903720094e+01,-2.246732406689187778e-01
7.454999999999863292e+00,5.657946227329698624e-02,4.095209642715041953e-01,1.441275553350832439e+01,-2.683471292358657334e-01
7.459999999999863185e+00,5.771318521130404389e-02,9.153597533067926728e-02,-9.352717314144182126e+01,-2.185828600927200993e-01
7.464999999999863078e+00,5.660259977029075823e-02,-4.732332949124465338e-01,-8.945273352122217148e+01,-1.222040123235574038e-01
7.469999999999862972e+00,5.604980859766912210e-02,-8.214432676676108880e-01,-4.397651512160122138e+02,-3.965866514843752744e-01
7.474999999999862865e+00,5.537884228837329503e-02,-2.694630207877264302e-02,3.317408030266891501e+02,-8.752514197093758108e-01
7.479999999999862759e+00,5.495159353560177123e-02,3.320194276122644950e-01,8.215216187514942021e+02,-1.611937183298394416e+00
7.484999999999862652e+00,5.397333269919754595e-02,-5.399328825334485105e-01,-3.507285678213488040e+02,-2.430704430449589726e+00
7.489999999999862546e+00,5.538435993633096521e-02,-4.378237608078004439e-01,-7.676597354868733873e+02,-3.440139234007374203e+00
7.494999999999862439e+00,5.679209128981573679e-02,-3.745557479206864521e-02,-4.303869969940750480e+02,-3.482978764543669392e+00
7.499999999999862332e+00,5.897683207112427300e-02,1.875263052892260640e-01,-2.885805525958578528e+02,-4.430475334092974116e+00
7.504999999999862226e+00,6.174081125539969406e-02,2.790788451254287428e-01,-3.034490280968382194e+02,-4.830168089694893752e+00
7.509999999999862119e+00,6.515019441317319859e-02,-1.246523324112320738e-02,-7.584358276059839454e+02,-4.623620829675272326e+00
7.514999999999862013e+00,6.939576542350120447e-02,3.877696717134653664e-02,-8.656493928626964589e+02,-4.939614046207948306e+00
7.519999999999861906e+00,7.403018509809840275e-02,1.666739058462599898e-01,-7.453424878206523090e+02,-4.609203915106009575e+00
7.524999999999861799e+00,7.856652160998273127e-02,7.576636629693750402e-02,-8.081157307332449591e+02,-4.864175768535238475e+00
7.529999999999861693e+00,8.298444271489732738e-02,1.347610313259715864e-01,-7.263887946779866525e+02,-4.625922943556780353e+00
7.534999999999861586e+00,8.709787783940269035e-02,4.477916940292227949e-02,-7.963926111535132577e+02,-4.285153784206767291e+00
7.539999999999861480e+00,9.108940367873072375e-02,5.251039403002204925e-02,-7.603946005101643095e+02,-4.455203789975054285e+00
7.544999999999861373e+00,9.406282293140214024e-02,-1.602350711159853391e-01,-8.335570267547306003e+02,-4.063458346608080696e+00
7.549999999999861267e+00,9.778690369979407826e-02,9.052473418541252814e-02,-6.176094129015471026e+02,-4.122062465866005887e+00
7.554999999999861160e+00,1.004504544529077614e-01,1.337222270441345839e-01,-7.431917898083344198e+02,-3.743036699419223901e+00
7.559999999999861053e+00,1.033772105766428140e-01,3.494482097188127412e-01,-4.695708316012434693e+02,-3.701702519588572660e+00
7.564999999999860947e+00,1.061925129026571740e-01,4.164610261243101297e-01,-7.806590298275002624e+02,-3.519878504447304657e+00
7.569999999999860840e+00,1.087299224838588069e-01,4.855698709136520574e-01,-7.929955108299934636e+02,-3.648942958908560463e+00
7.574999999999860734e+00,1.106270611252125058e-01,8.678767599507801744e-01,1.139160455031846141e+03,-2.906457825951594742e+00
7.579999999999860627e+00,1.136255623387943253e-01,1.052526850350269383e+00,1.128137931062798543e+03,-2.712728583789657311e+00
7.584999999999860520e+00,1.146616600606740755e-01,-2.809253867921158165e-01,-5.127072223054041160e+02,-2.968688677615315630e+00
7.589999999999860414e+00,1.161856341985683383e-01,-2.702356176257417752e-01,-6.109854202968717800e+02,-2.613236589740265181e+00
7.594999999999860307e+00,1.181574180962962350e-01,-1.173183393916963774e-01,-5.791254734017095416e+02,-2.686114763131615124e+00
7.599999999999860201e+00,1.198634711494283855e-01,1.551124036315507937e-01,-1.393651209361450753e+02,-2.460953227985569924e+00
7.604999999999860094e+00,1.216590751607042747e-01,2.566910600682670296e-01,-1.881042598984414553e+02,-2.485442251722867368e+00
7.609999999999859988e+00,1.240850260119538279e-01,5.116217545133765476e-01,7.408983634673153063e+01,-2.418609718447405577e+00
7.614999999999859881e+00,1.260332545482939215e-01,3.057234553855944226e-01,-1.508050386760075980e+02,-2.241500319475671521e+00
7.619999999999859774e+00,1.283224301941698620e-01,5.582061709323979937e-01,2.548648838882578787e+02,-1.935872634531016878e+00
7.624999999999859668e+00,1.302530264920492564e-01,2.767657000104025711e-01,-2.170567120015666944e+02,-1.981578020916780591e+00
7.629999999999859561e+00,1.323782034294790078e-01,5.060131200237704130e-01,2.119456172815089019e+02,-1.478984144807077072e+00
7.634999999999859455e+00,1.343240127501061643e-01,3.024287626747853563e-01,-2.371685875525290612e+02,-1.350312648618845035e+00
7.639999999999859348e+00,1.365156793692897386e-01,5.541707318191727571e-01,3.170635853380169351e+02,-5.487588584436607908e-01
7.644999999999859241e+00,1.384352429676878604e-01,3.620372303900684652e-01,-1.725887499954345969e+02,-2.733479625644977817e-01
7.649999999999859135e+00,1.403042277986139841e-01,4.695380970132236320e-01,2.521044609650617758e+02,1.075311630493787363e-01
7.654999999999859028e+00,1.418304826732401380e-01,3.260809043986835909e-01,9.746924873898909425e+01,2.534110081566411099e-02
7.659999999999858922e+00,1.425255408121299527e-01,1.610540025922092139e-02,-8.365816101794698056e+01,-3.119608178318953318e-01
7.664999999999858815e+00,1.416788846506208399e-01,-3.501426082719683586e-01,-2.030888331680063175e+02,-4.267719013783687343e-01
7.669999999999858709e+00,1.389195531325023436e-01,-7.251359389846121495e-01,-1.747048847735364916e+02,-3.434173353183015420e-01
7.674999999999858602e+00,1.347684025455620493e-01,-9.109749612136557317e-01,-4.147814644001970663e+01,-1.469434112857782027e-01
7.679999999999858495e+00,1.292520629096416407e-01,-1.143056692776485583e+00,-1.109377802406887170e+01,9.235570895218059295e-02
7.684999999999858389e+00,1.229128040486454632e-01,-1.281584239653331014e+00,6.467109164061660920e+01,2.887005804391047925e-01
7.689999999999858282e+00,1.160378489455559659e-01,-1.405849451522645177e+00,-8.275034984400805316e-01,3.437473016838031303e-01
7.694999999999858176e+00,1.087899238527176016e-01,-1.556557951878851265e+00,-1.292065592171111348e+02,4.396253111992476370e-01
7.699999999999858069e+00,1.017374168708862769e-01,-1.362822725909150989e+00,6.439882622551715485e+01,7.289531972687963712e-01
7.704999999999857963e+00,9.428230183641134188e-02,-1.476271125384130078e+00,1.052322397886131853e+02,8.178580948673370710e-01
7.709999999999857856e+00,8.690458185988615691e-02,-1.468844148053263909e+00,-1.659370308903941904e+01,8.455895685517964555e-01
7.714999999999857749e+00,8.073829358951990776e-02,-1.109774687106718227e+00,3.981632510488561394e+01,8.591496488691614530e-01
7.719999999999857643e+00,7.555097643774416616e-02,-9.223193330368206766e-01,1.627541656115998308e+02,1.046559760188916055e+00
7.724999999999857536e+00,7.151615273078193447e-02,-7.921433987404269406e-01,-1.085273560081368345e+02,9.831671126515777459e-01
7.729999999999857430e+00,6.828263296658665382e-02,-6.503075212600125665e-01,1.488944141592246773e+01,1.227487664719034477e+00
7.734999999999857323e+00,6.527387665973265196e-02,-5.816470237766868667e-01,-7.342149566010131423e+01,1.179731999167559220e+00
7.739999999999857216e+00,6.263155344645758571e-02,-4.448447061578593154e-01,7.338166301285599502e+01,1.199830571537239043e+00
7.744999999999857110e+00,6.030750318262961818e-02,-4.807871071523556195e-01,-3.057183885021678549e+01,1.173005092115798620e+00
7.749999999999857003e+00,5.867405797629105663e-02,-2.941267802718983138e-01,1.883475799539730033e+01,9.476284927717621986e-01
7.754999999999856897e+00,5.799107381759695257e-02,-3.939423831612093307e-02,5.408503598953403824e+00,6.765427465457353184e-01
7.759999999999856790e+00,5.840205001466296231e-02,1.758629214790662365e-01,7.830727526964371066e+01,4.551596875648190044e-01
7.764999999999856684e+00,6.005037204663225825e-02,4.358924793564527556e-01,6.616994150433413324e+01,7.779446281498333948e-02
7.769999999999856577e+00,6.201542120270400749e-02,3.308376593005160071e-01,-6.222490813205699567e+01,-2.630434105648812304e-01
7.774999999999856470e+00,6.275024003899490332e-02,-6.899493330820687109e-02,-9.010416807706825182e+01,-4.426049942285400496e-01
7.779999999999856364e+00,6.088959783608499654e-02,-2.628943195306739922e-01,-3.790554199144142444e+02,-9.386459807848431813e-01
7.784999999999856257e+00,5.866002149189357417e-02,-7.053315948610541231e-01,-4.552112455493946754e+02,-1.039278087626585245e+00
7.789999999999856151e+00,5.830258321347089878e-02,-2.576202678075416586e-01,-1.836758344924135429e+02,-1.709623055964272886e+00
7.794999999999856044e+00,5.681403303367915658e-02,2.137313913026704648e-01,1.069313143499855641e+03,-1.746637946376439876e+00
7.799999999999855937e+00,5.750615210266875332e-02,5.978987230069872094e-01,9.717045086328580510e+02,-2.376799180034535386e+00
7.804999999999855831e+00,5.846612355869475891e-02,-3.862681770054266495e-01,-6.803958648750366365e+02,-3.146173973727423689e+00
7.809999999999855724e+00,6.070205638002183768e-02,1.087001171906316399e+00,9.830449489523844022e+02,-4.771744084804694808e+00
7.814999999999855618e+00,6.362485383587324073e-02,1.489043425502895701e+00,1.263091984301300727e+03,-4.224329374483840382e+00
7.819999999999855511e+00,6.764773313825062084e-02,1.373250041219206796e+00,7.995958178430983025e+02,-4.269921591399725713e+00
7.824999999999855405e+00,7.218782827676858971e-02,1.552462229143775296e+00,9.444857829603201935e+02,-4.266412971462520964e+00
7.829999999999855298e+00,7.702221837010732319e-02,1.648673355333692081e+00,1.067356137390142749e+03,-4.313396643202716874e+00
7.834999999999855191e+00,8.183074890082371600e-02,1.654950392782808866e+00,1.079975946759831459e+03,-4.469161572619981371e+00
7.839999999999855085e+00,8.654311279909954191e-02,1.673708024736253019e+00,1.154847327750232580e+03,-4.470748051508060428e+00
7.844999999999854978e+00,9.114671070103709527e-02,1.642342259630005241e+00,1.141740036435918228e+03,-4.480074394896461421e+00
7.849999999999854872e+00,9.556342281293142560e-02,1.445566324794238078e+00,8.696661716215294291e+02,-4.490349911020909524e+00
7.854999999999854765e+00,9.973196906898187941e-02,1.247394057105975840e+00,6.649590397514951974e+02,-4.389663124088161616e+00
7.859999999999854658e+00,1.036733137914805231e-01,1.117612507941583955e+00,5.532106090914363676e+02,-4.245200869780036967e+00
7.864999999999854552e+00,1.073824400272262447e-01,1.028862631925563820e+00,5.037081364016348743e+02,-4.351713157759487416e+00
7.869999999999854445e+00,1.104977615988818190e-01,4.187476994753867587e-01,-1.867534038379721721e+02,-4.201476388527509265e+00
7.874999999999854339e+00,1.144166194182229673e-01,1.564650640943352045e+00,1.170424817108380694e+03,-3.775539436143433125e+00
7.879999999999854232e+00,1.168919749840336558e-01,-2.337160308433092748e-01,-7.507452585166748804e+02,-3.887932805839549033e+00
7.884999999999854126e+00,1.199565383647461375e-01,4.377868028279778556e-02,-6.606944312916530180e+02,-4.028999915286393119e+00
7.889999999999854019e+00,1.227267260705937196e-01,2.943624071650196017e-01,-6.993414099947847262e+02,-3.783637211961014657e+00
7.894999999999853912e+00,1.261437960469626307e-01,4.686082818282651941e-01,-5.632178036714404925e+02,-3.584657177697047281e+00
7.899999999999853806e+00,1.285848212817967962e-01,4.379530711408086141e-01,-6.921242802834696022e+02,-3.825692384194085527e+00
7.904999999999853699e+00,1.307732619451460465e-01,5.514760080331351233e-01,2.368957094337496869e+02,-3.236714542622493695e+00
7.909999999999853593e+00,1.321354983557488649e-01,4.276245791000117813e-01,5.410290007658345530e+02,-2.938151131537840133e+00
7.914999999999853486e+00,1.340753513777050432e-01,3.117481512431715673e-01,-6.601188159259602344e+02,-3.479616699793160350e+00
7.919999999999853380e+00,1.356441946319538183e-01,3.855344471761345537e-01,-1.885583752232311099e+02,-2.937025568137987541e+00
7.924999999999853273e+00,1.379144262013923539e-01,4.987743286260704068e-01,-4.904847806282293163e+02,-2.935497665053088845e+00
7.929999999999853166e+00,1.398078736591011895e-01,4.976947225282757903e-01,4.041599381840946421e+02,-2.255811596253022966e+00
7.934999999999853060e+00,1.418188923076557084e-01,6.196883933786240251e-01,4.464298236408670277e+02,-2.122176906640937055e+00
7.939999999999852953e+00,1.437262382061492705e-01,3.434217646955309289e-01,-1.032718844720317577e+02,-2.042745434539618543e+00
7.944999999999852847e+00,1.458988194645367276e-01,4.462824736691570759e-01,5.936361447264391700e+01,-1.677250018014968536e+00
7.949999999999852740e+00,1.480729086391861238e-01,3.549879081277066417e-01,-2.182843242937589423e+02,-1.712213931045734494e+00
7.954999999999852633e+00,1.504124841538306001e-01,5.528149506072469466e-01,2.394706634234677267e+02,-1.282675760729393044e+00
7.959999999999852527e+00,1.523981879758631031e-01,2.723219014917970249e-01,-2.672208106032175010e+02,-1.093843151887099241e+00
7.964999999999852420e+00,1.546366372143148371e-01,5.643336286779783162e-01,2.365758947858424506e+02,-4.887165207629574626e-01
7.969999999999852314e+00,1.565508522851140893e-01,2.590215425588733855e-01,-2.544640191744290405e+02,-3.793502116535552582e-01
7.974999999999852207e+00,1.586158085493307723e-01,3.547161550897433568e-01,-1.637685412531123461e+02,-1.783606880299403730e-01
7.979999999999852101e+00,1.601840259861204430e-01,2.571062130531346912e-01,-7.909603814369654629e+01,-3.179471867810408359e-01
7.984999999999851994e+00,1.604274310500223288e-01,-7.892752468690705792e-02,-1.799239978715112187e+01,-4.835606234041618379e-01
7.989999999999851887e+00,1.581200035704818929e-01,-5.893296381485528812e-01,2.173165635446051525e+01,-4.586663089361429635e-01
7.994999999999851781e+00,1.540508435653644148e-01,-9.233078127728439055e-01,-1.240722081220937412e+02,-4.065145011355943416e-01
7.999999999999851674e+00,1.485574790839949699e-01,-1.147144780912668249e+00,-1.359454761883861096e+01,-2.803721788448152452e-01
8.004999999999851568e+00,1.422060459039354019e-01,-1.357522733837049467e+00,-6.547502504728461759e+01,1.905454606083589741e-02
8.009999999999852349e+00,1.351445800939195252e-01,-1.539739529752697456e+00,-2.225265597931966965e+02,1.699073053316600967e-01
8.014999999999853131e+00,1.276904444686819684e-01,-1.493963663861006097e+00,2.762087277278892472e+00,4.274461714372850274e-01
8.019999999999853912e+00,1.200307123087048788e-01,-1.649248002245427891e+00,-1.877464965150045089e+02,5.933917519268689933e-01
8.024999999999854694e+00,1.121394463285550480e-01,-1.591376648115075731e+00,-2.208863398364018948e+01,7.363778834177966415e-01
8.029999999999855476e+00,1.040346852810088707e-01,-1.602087421148963964e+00,3.991783518426787936e+01,9.654885487313398240e-01
8.034999999999856257e+00,9.581954187094827990e-02,-1.627285358541902038e+00,4.453972355308019360e+01,8.434704826459956672e-01
8.039999999999857039e+00,8.708765667443398029e-02,-1.749462950617673762e+00,-9.443330303169162221e+01,1.027662127778845358e+00
8.044999999999857820e+00,7.840452584323406859e-02,-1.708421176449822276e+00,2.751477997655089069e+01,1.177826516976436144e+00
8.049999999999858602e+00,6.975066187574029131e-02,-1.732219163022894026e+00,-6.860579655574672309e+00,1.340977995000820489e+00
8.054999999999859384e+00,6.169529488793101119e-02,-1.572627524100343122e+00,-3.399396724572691397e+01,1.258094137489135456e+00
8.059999999999860165e+00,5.462131795761514946e-02,-1.353437151434115693e+00,-8.903564476614720391e+00,1.278685888495426415e+00
8.064999999999860947e+00,4.883190812702693784e-02,-1.034814258156861788e+00,1.241785007012399973e+02,1.113847537494983442e+00
8.069999999999861728e+00,4.449952403221878877e-02,-7.494194811860552807e-01,9.487078585591248725e+01,9.503145087229291077e-01
8.074999999999862510e+00,4.153219477144536043e-02,-5.357472898869419797e-01,-5.093185572573901254e+01,8.097049714012856114e-01
8.079999999999863292e+00,4.040163497344244348e-02,-1.164455871078225735e-01,2.766633866003728670e+01,4.527665191843033843e-01
8.084999999999864073e+00,4.097710008819682725e-02,2.066154249932144193e-01,-1.475738696406198436e+01,2.158810595151323120e-01
8.089999999999864855e+00,4.296900394159951231e-02,4.772466162492766673e-01,5.023551862437590643e+01,-9.161404020753660671e-03
8.094999999999865636e+00,4.527621382957359997e-02,4.264065033972457841e-01,-4.535764749002216689e+01,-6.495223728452675926e-02
8.099999999999866418e+00,4.728094323096027757e-02,3.350156591130437067e-01,-5.485889449891279668e+01,-9.683782105372740201e-04
8.104999999999867200e+00,4.796162014946687285e-02,-2.500608497198163194e-02,-6.816191505792014027e+01,2.178678832619851125e-01
8.109999999999867981e+00,4.627967311824496277e-02,-5.732205935714549394e-01,-1.310703420729829247e+02,3.091076191792986316e-01
8.114999999999868763e+00,4.548629203178122110e-02,-7.030018467867411580e-01,-3.568873382257580715e+02,8.575022241169708015e-02
8.119999999999869544e+00,4.496911180340704139e-02,1.381592118362218007e-02,3.445630071132637795e+02,-2.471011274545766578e-01
8.124999999999870326e+00,4.392388172199473279e-02,9.157553586016657643e-02,3.903090568981328943e+02,-9.505951626486713879e-01
8.129999999999871108e+00,4.375834378886902382e-02,-1.354868270853144818e-01,-3.248860061036139655e+02,-1.468069766134193932e+00
8.134999999999871889e+00,4.407156501917117858e-02,-3.549932085765306611e-01,-4.545386676814513294e+02,-2.786413410605867114e+00
8.139999999999872671e+00,4.523923168459658556e-02,-3.080087433591613966e-01,-5.533506921144976332e+02,-2.581067555153509829e+00
8.144999999999873452e+00,4.734749374229678398e-02,-5.166208072852167266e-02,-4.606490942196340939e+02,-3.724831906276438787e+00
8.149999999999874234e+00,5.046661725675138238e-02,1.394633924895355252e-02,-6.756686091004673926e+02,-4.241059234488657737e+00
8.154999999999875016e+00,5.413949597774869033e-02,2.272080956005727848e-01,-4.690711129543964830e+02,-4.127580249611455976e+00
8.159999999999875797e+00,5.795074393501713217e-02,5.412810516764900159e-02,-7.244087025743729100e+02,-3.974534465282766771e+00
8.164999999999876579e+00,6.201544083607962027e-02,4.268158913089957485e-02,-8.221686885826717344e+02,-4.361882050404310540e+00
8.169999999999877360e+00,6.594079764480544059e-02,2.226927684430062698e-02,-7.731326273125915804e+02,-4.102670553523895869e+00
8.174999999999878142e+00,6.993488620083852803e-02,3.036799034626189164e-02,-7.927434324060327526e+02,-4.357941931337825814e+00
8.179999999999878924e+00,7.360045519102088873e-02,7.610143023966614920e-03,-7.415310374856841236e+02,-3.988242468660935458e+00
8.184999999999879705e+00,7.724730383382813481e-02,1.720964515880922183e-02,-7.438671059842520208e+02,-4.207515506979955688e+00
8.189999999999880487e+00,8.031397566605974481e-02,-8.800347671497107949e-02,-7.315959128251930679e+02,-3.759580230811299106e+00
8.194999999999881268e+00,8.366667812199228560e-02,3.507316213370220009e-02,-5.943232491841846468e+02,-3.889842172240520313e+00
8.199999999999882050e+00,8.609665651803075082e-02,-1.363284188942671671e-01,-7.303470855924101670e+02,-3.471531604446945529e+00
8.204999999999882832e+00,8.954891646845369868e-02,-1.511291121493298084e-02,-6.901735330162791797e+02,-3.549913039515983471e+00
8.209999999999883613e+00,9.243316608894877606e-02,3.330918047694276241e-01,-7.683561535795835198e+02,-3.364343322722361140e+00
8.214999999999884395e+00,9.642851711983535523e-02,5.022551341494548849e-01,-6.815856969415472122e+02,-3.567954403839949773e+00
8.219999999999885176e+00,9.827954905912177075e-02,7.984081630191696144e-01,1.036618247824716718e+03,-2.921380076156200545e+00
8.224999999999885958e+00,1.010536860530907022e-01,1.017204148874337521e+00,1.128148838361320486e+03,-2.643758907962055815e+00
8.229999999999886739e+00,1.032030863164914852e-01,9.663207242765627925e-01,7.574944531013735514e+02,-2.920525388085042362e+00
8.234999999999887521e+00,1.047837038029855589e-01,-2.059135971379714714e-01,-5.388623736971609333e+02,-2.687652952607456402e+00
8.239999999999888303e+00,1.069144240583069783e-01,-1.224202489376891578e-01,-6.230633700945289775e+02,-2.714827454352684466e+00
8.244999999999889084e+00,1.085441168978223542e-01,-7.770560917204390183e-02,-4.230137596832858549e+02,-2.453485299419745580e+00
8.249999999999889866e+00,1.105736539105538485e-01,-3.439314260867501472e-02,-4.445339574322855469e+02,-2.383585570914678708e+00
8.254999999999890647e+00,1.134740541248384221e-01,1.175923978737574982e-01,-5.315391043307712380e+02,-2.460845803899415429e+00
8.259999999999891429e+00,1.160031287819301427e-01,4.027589211410904091e-01,-9.345073901762225077e+00,-2.268593840378169357e+00
8.264999999999892211e+00,1.180869060801350706e-01,2.936690916652037742e-01,-2.279665693136363700e+02,-2.179877234047491452e+00
8.269999999999892992e+00,1.203535097367260248e-01,4.479408534256359986e-01,8.035031842004835312e+01,-1.917770981590108725e+00
8.274999999999893774e+00,1.223811899131718589e-01,2.996631548065292749e-01,-2.520666153520846819e+02,-1.950020725964189072e+00
8.279999999999894555e+00,1.246515308631334640e-01,5.643697411065754510e-01,2.699588867848797804e+02,-1.810348294447000628e+00
8.284999999999895337e+00,1.265064061895051217e-01,2.669046470266109305e-01,-1.917939442897970252e+02,-1.547960217046925768e+00
8.289999999999896119e+00,1.287957465287611070e-01,5.281943813277241162e-01,2.338896889301614408e+02,-8.077979260647983883e-01
8.294999999999896900e+00,1.308109261369202470e-01,2.969563201597204549e-01,-3.117047000959095726e+02,-6.575517377100508210e-01
8.299999999999897682e+00,1.329301937837534253e-01,5.090082037422363204e-01,1.846596329654018973e+02,-8.819667919907994702e-02
8.304999999999898463e+00,1.345594124809669778e-01,2.264137968951199509e-01,-1.833235552470993071e+02,-9.443585943369794955e-02
8.309999999999899245e+00,1.357776901694102700e-01,1.891685406710886530e-01,-2.164805768074480241e+01,-9.227372037699645146e-02
8.314999999999900027e+00,1.359409373497463269e-01,2.064392596726477569e-02,1.218349736434998078e+02,-2.356621848836291666e-01
8.319999999999900808e+00,1.351181273066847655e-01,-2.463093270781249733e-01,1.305407159511247244e+02,-2.848857932582647967e-01
8.324999999999901590e+00,1.327470320770335888e-01,-5.468821113164261671e-01,1.458527733835827007e+02,-2.124446188216764786e-01
8.329999999999902371e+00,1.289316986907207974e-01,-7.924959066163391741e-01,1.598712666864914809e+02,-1.143185245193582000e-01
8.334999999999903153e+00,1.241312780331317867e-01,-9.981121514531674510e-01,1.789456779271309017e+02,5.355213952766746388e-02
8.339999999999903935e+00,1.187418134272075765e-01,-1.148166049700781066e+00,-1.144387188444846082e+01,1.346385676809205845e-01
8.344999999999904716e+00,1.128002425555461319e-01,-1.251718073286334665e+00,-1.393216016118012135e+02,1.875561805685344030e-01
8.349999999999905498e+00,1.068385400631720605e-01,-1.232323195864167165e+00,-6.673266241867737847e+01,3.648488453162078704e-01
8.354999999999906279e+00,1.019247325630403406e-01,-8.286996694354612503e-01,1.436835950616886919e+02,5.280903992261423152e-01
8.359999999999907061e+00,9.772646439780990901e-02,-7.673365642343378257e-01,1.369897114505964453e+02,6.313506388175742501e-01
8.364999999999907843e+00,9.405783586493739190e-02,-7.543069899363378239e-01,-6.432530648886367430e+01,7.147482309063954986e-01
8.369999999999908624e+00,9.086132664999553576e-02,-6.633417060991649850e-01,-3.133450566816614380e+00,8.370284135101406786e-01
8.374999999999909406e+00,8.740921697720932526e-02,-7.738441844955532556e-01,-1.553864158729244878e+02,9.651014555151582464e-01
8.379999999999910187e+00,8.400989826400148686e-02,-6.143328869302933093e-01,7.161398675658193724e+01,1.072638967051795955e+00
8.384999999999910969e+00,8.044554837786271895e-02,-7.586561067418784443e-01,-7.509576724164921302e+01,1.161873436517005809e+00
8.389999999999911751e+00,7.704133371547351727e-02,-6.537151515967962734e-01,8.880694648973394578e+01,1.154547101283968980e+00
8.394999999999912532e+00,7.403882761710683935e-02,-5.062416406509200328e-01,9.995660986231129641e+01,1.006816396657359780e+00
8.399999999999913314e+00,7.158519845171233686e-02,-4.417705273850984216e-01,3.668559652063522947e+01,8.321751055129819052e-01
8.404999999999914095e+00,7.070207529363686794e-02,-4.750470066853467593e-02,5.324217155138279622e+01,3.926289967766642963e-01
8.409999999999914877e+00,7.126699003322897741e-02,1.553505270108147818e-01,-5.444962546835103012e+01,-9.734054042694380293e-02
8.414999999999915659e+00,7.317008478409013639e-02,4.225853223020938354e-01,-6.878208664397741146e+00,-5.113883690915465019e-01
8.419999999999916440e+00,7.433990036830627479e-02,-8.071617424431609331e-03,-1.744428615314577087e+02,-9.615299366405661852e-01
8.424999999999917222e+00,7.204995068554058413e-02,-5.256368426487987265e-03,9.764256693954006323e+02,-7.306609726831191365e-01
8.429999999999918003e+00,7.036678967521584060e-02,-6.144262206205722832e-01,-4.142893888920513064e+02,-1.637510173851130402e+00
8.434999999999918785e+00,7.114020175265201029e-02,1.064314192529043218e-01,-5.773003699450628119e+02,-2.278017024390210032e+00
8.439999999999919567e+00,7.062014778747267851e-02,4.207820526519261417e-01,1.073363734302439752e+03,-2.104154755292965362e+00
8.444999999999920348e+00,7.079133427650263766e-02,7.082881907698830304e-01,8.655150429518993178e+02,-2.697557567477121054e+00
8.449999999999921130e+00,7.170284546890902388e-02,-3.028537109257644633e-01,-6.373426166498952625e+02,-3.313836905123229926e+00
8.454999999999921911e+00,7.409418374338917757e-02,4.159805085651524514e-01,1.632978002168418357e+02,-4.739648045854925051e+00
8.459999999999922693e+00,7.690931078680406097e-02,8.430331049068282567e-01,4.123715947245829625e+02,-4.505132928626852440e+00
8.464999999999923475e+00,8.068911812353793400e-02,1.479515101106542607e+00,1.046346298155104023e+03,-4.247043924168760753e+00
8.469999999999924256e+00,8.508764638991936358e-02,1.546902322745660641e+00,1.008403292989983242e+03,-4.418142257848658438e+00
8.474999999999925038e+00,8.947848591440762944e-02,1.501355878095930629e+00,9.320092750125180601e+02,-4.623752341063100957e+00
8.479999999999925819e+00,9.387713579106975181e-02,1.582507996799668915e+00,1.078010413378410021e+03,-4.653293525638670936e+00
8.484999999999926601e+00,9.811568554522803742e-02,1.545773390327046970e+00,1.068467240375233132e+03,-4.695162159606211638e+00
8.489999999999927383e+00,1.020831581546857575e-01,1.524565212932041725e+00,1.148620383414497837e+03,-4.698129058845735173e+00
8.494999999999928164e+00,1.057576354241456240e-01,1.486656913023759685e+00,1.181111844593512160e+03,-4.670938248376101498e+00
8.499999999999928946e+00,1.092678070542945357e-01,1.516010225146493973e+00,1.308230488591480480e+03,-4.590153913736376268e+00
8.504999999999929727e+00,1.128031286466074090e-01,1.391608209863525625e+00,8.877625361209204584e+02,-4.706158894973742512e+00
8.509999999999930509e+00,1.166777818606440920e-01,1.357022528427537011e+00,8.762419355500231859e+02,-4.539518255933340463e+00
8.514999999999931291e+00,1.196806256116441924e-01,1.839727097440152503e-01,-4.048646147049664137e+02,-4.388365224490511807e+00
8.519999999999932072e+00,1.231622943435831119e-01,1.121115653347961372e+00,7.624207557756112692e+02,-4.280710386585216298e+00
8.524999999999932854e+00,1.260207456955000360e-01,4.481214740484102954e-01,-7.198641889558047069e+01,-4.331521967578424004e+00
8.529999999999933635e+00,1.294990883185544450e-01,1.221463915345823770e+00,8.191710953346574797e+02,-3.876238323891203930e+00
8.534999999999934417e+00,1.319460540680947869e-01,-2.243606706990309840e-01,-8.296095605995310507e+02,-4.238001719414540958e+00
8.539999999999935199e+00,1.345789494954733601e-01,1.427569466568836543e-01,-7.496036067282907425e+02,-4.039555573950344147e+00
8.544999999999935980e+00,1.379695364920088263e-01,4.985341071180235395e-01,-4.149491204622198666e+02,-3.688226311219689801e+00
8.549999999999936762e+00,1.399809337260415065e-01,1.794648119254241003e-01,-9.067134787746271058e+02,-4.008541734202559326e+00
8.554999999999937543e+00,1.431471130883860965e-01,5.094725974613802943e-01,-4.338740010131019744e+02,-3.837290267439518843e+00
8.559999999999938325e+00,1.456854163492583842e-01,4.968206221210028639e-01,-6.803550679835269648e+02,-3.842461516542836630e+00
8.564999999999939106e+00,1.470344403254212062e-01,3.817561098897209737e-01,4.375238159738101444e+02,-3.246686414722855574e+00
8.569999999999939888e+00,1.485057482151916630e-01,3.563767095791794404e-01,-1.770113899720640234e+02,-3.212339362620105110e+00
8.574999999999940670e+00,1.503150819881150513e-01,3.339790453662533354e-01,-1.878041195451267242e+02,-2.946099290853018804e+00
8.579999999999941451e+00,1.523254314802390541e-01,3.382331739415186944e-01,-1.192760720381131421e+02,-2.658843658088589024e+00
8.584999999999942233e+00,1.544290523221561462e-01,3.876824107452831458e-01,-9.610352526979472998e+01,-2.526742137070045136e+00
8.589999999999943014e+00,1.565569765781709699e-01,4.945790755134127914e-01,2.008969868472095754e+02,-2.169805170650982884e+00
8.594999999999943796e+00,1.586008757706712791e-01,3.122116586223961932e-01,-2.337316918860898056e+02,-1.995535616384446209e+00
8.599999999999944578e+00,1.609340951538642817e-01,5.213880202731018265e-01,1.191021959279098468e+02,-1.627500411716904738e+00
8.604999999999945359e+00,1.631039688818374800e-01,3.325615963983164503e-01,-2.329601357636826435e+02,-1.523128541556911575e+00
8.609999999999946141e+00,1.652251549543111153e-01,5.258426735908188210e-01,1.879560001903236639e+02,-9.199248413813899683e-01
8.614999999999946922e+00,1.670997938276387040e-01,2.511535779285035130e-01,-2.150242513241747417e+02,-5.732358634269651976e-01
8.619999999999947704e+00,1.692447336266894031e-01,4.080668126889493985e-01,-6.977777603233393222e+01,-3.421751149991157370e-01
8.624999999999948486e+00,1.707007857493592351e-01,1.676209398753653046e-01,-7.759323042724224706e+01,-3.988617974197584681e-01
8.629999999999949267e+00,1.705691779468272440e-01,-1.509380583987956492e-01,8.754627661697815810e+00,-6.153911813440925416e-01
8.634999999999950049e+00,1.677705662967559630e-01,-7.059461885766247224e-01,2.165112406365907560e+01,-6.331142881496676367e-01
8.639999999999950830e+00,1.630940540511006676e-01,-1.117360467293623705e+00,-1.770689212676934403e+02,-5.317601383636505474e-01
8.644999999999951612e+00,1.570950181213953689e-01,-1.266784576308493282e+00,-2.791082642425745419e+01,-2.564261240778585860e-01
8.649999999999952394e+00,1.500671781806865723e-01,-1.474546843415177610e+00,-2.908654056767391438e+01,-1.849872247476436193e-02
8.654999999999953175e+00,1.425784529804761946e-01,-1.564424962132903607e+00,-6.441598710164933550e+01,1.458298572258784898e-01
8.659999999999953957e+00,1.342257643200257533e-01,-1.734801662193676375e+00,-3.176798752805434489e+01,4.707745861881416083e-01
8.664999999999954738e+00,1.255189294767268815e-01,-1.833133016757320322e+00,-1.401543461542995033e+02,5.813562158072302921e-01
8.669999999999955520e+00,1.165858000597358030e-01,-1.851532283235196807e+00,-2.122379911593638013e+01,9.325821346337848095e-01
8.674999999999956302e+00,1.075966564366234168e-01,-1.726835995998689199e+00,4.338674630355482265e+01,8.787847177068246474e-01
8.679999999999957083e+00,9.827614728557348966e-02,-1.834926945213575689e+00,6.247047384168831030e+01,1.005138700556672759e+00
8.684999999999957865e+00,8.889125390078154998e-02,-1.914382775223708810e+00,-5.342960708467845876e+01,1.003024076958668021e+00
8.689999999999958646e+00,7.946992573800865101e-02,-1.871576497402769323e+00,-1.247640140406778952e+00,1.172364483797288859e+00
8.694999999999959428e+00,7.018103138325428036e-02,-1.854790033721993581e+00,-1.116804496010097836e+01,1.253102238410381375e+00
8.699999999999960210e+00,6.134630934749161352e-02,-1.713175062664087145e+00,9.738034738324010675e+01,1.276958479164387095e+00
8.704999999999960991e+00,5.335164784408105015e-02,-1.534388031623018511e+00,-2.218031542825565694e+01,1.271432966834126432e+00
8.709999999999961773e+00,4.652135552319874162e-02,-1.334879722202386043e+00,-7.474266453545511979e+01,1.241977103294150453e+00
8.714999999999962554e+00,4.186269460264707004e-02,-6.546370583066609683e-01,1.773863094215657839e+02,9.185721829078408174e-01
8.719999999999963336e+00,3.931948576500504666e-02,-3.743189767344771712e-01,8.865027239540440007e+01,6.876115149491535128e-01
8.724999999999964118e+00,3.852360853447750477e-02,-7.119322367958835773e-02,9.112548766495777386e+00,3.161830989884422682e-01
8.729999999999964899e+00,3.918170287154731229e-02,2.118392309805707807e-01,-1.109686545202613495e+01,1.391682802161312293e-01
8.734999999999965681e+00,4.083202013282423437e-02,3.425098510436541677e-01,-3.437856574654897912e+01,-5.834366930697554299e-03
8.739999999999966462e+00,4.261860196700542613e-02,3.220940013392524226e-01,-3.380797992084168158e+01,-4.772239903272837425e-02
8.744999999999967244e+00,4.345286652477842876e-02,9.724297424109971943e-02,-1.425091956122894210e+01,5.769018524898453237e-02
8.749999999999968026e+00,4.271920342828433581e-02,-2.827783616083490714e-01,-3.772698159548378527e+01,3.112068324715498990e-01
8.754999999999968807e+00,4.163794003595278764e-02,-2.492311762686510446e-01,-1.613613579557265041e+02,1.863059752676608782e-01
8.759999999999969589e+00,4.009483542673684259e-02,-1.447859504479039328e-01,2.002505860085323661e+02,1.554924202249732545e-01
8.764999999999970370e+00,3.953700363665079570e-02,-1.074206852938952433e-01,-3.787778491969164065e+02,-6.357656634386938954e-01
8.769999999999971152e+00,3.962505453311236658e-02,6.694389028737207648e-01,9.700855289091196028e+02,-8.340213457260569063e-01
8.774999999999971934e+00,3.967848958099162021e-02,-2.935889538613745131e-01,-3.590012324073504715e+02,-1.999688410577549647e+00
8.779999999999972715e+00,4.010161230781090352e-02,-1.122958186089166172e-01,-4.551956471920235003e+02,-2.201292415026034455e+00
8.784999999999973497e+00,4.108773208859678450e-02,3.717799174393759953e-02,-5.119723936403976268e+02,-3.030364236582807624e+00
8.789999999999974278e+00,4.336218201339779588e-02,2.669347163048625404e-01,-4.384238160737600083e+02,-3.741641755856158547e+00
8.794999999999975060e+00,4.639228848602613975e-02,3.172296358969692309e-01,-6.177425676257508940e+02,-4.264810073827923986e+00
8.799999999999975842e+00,5.002718135133775446e-02,3.935557709465747345e-01,-7.166964016729325522e+02,-4.671154708882313322e+00
8.804999999999976623e+00,5.405649833011964833e-02,5.136309976015657197e-01,-6.643092542619585856e+02,-4.343753102963524348e+00
8.809999999999977405e+00,5.832185763428206215e-02,5.247210098805195067e-01,-7.867988673445743188e+02,-4.181288155606379675e+00
8.814999999999978186e+00,6.209865702277534566e-02,4.543599440485445173e-01,-6.656766908634671154e+02,-4.463675143452958238e+00
8.819999999999978968e+00,6.577077440828822674e-02,4.128000015728500727e-01,-8.055599459065188057e+02,-4.223640478542241894e+00
8.824999999999979750e+00,6.943351998892965948e-02,4.164643218869960029e-01,-6.952852875316663130e+02,-4.358063950522913288e+00
8.829999999999980531e+00,7.302581083627673886e-02,4.281907804433762177e-01,-7.661125931160448772e+02,-4.047715632772469263e+00
8.834999999999981313e+00,7.583228748808501507e-02,2.682098057261360080e-01,-7.454409320162168342e+02,-4.102286000068287031e+00
8.839999999999982094e+00,7.915243386345136023e-02,3.572614992530420697e-01,-7.406522050165694964e+02,-4.213048983543600023e+00
8.844999999999982876e+00,8.240991469850732221e-02,4.053276370629530501e-01,-6.698744569834080949e+02,-3.715901965294314380e+00
8.849999999999983658e+00,8.437106587538377445e-02,2.794833064263604894e-01,-7.204700664871425033e+02,-3.745648108611191685e+00
8.854999999999984439e+00,8.809562799866807459e-02,5.037685504379491030e-01,-7.600983417240593099e+02,-3.448358926333360053e+00
8.859999999999985221e+00,9.134978226750968544e-02,6.947674380125214988e-01,-7.444687312912651578e+02,-3.629662461609286517e+00
8.864999999999986002e+00,9.384584174858072447e-02,9.595439646285132129e-01,1.154411413506471945e+03,-2.912831630305597219e+00
8.869999999999986784e+00,9.572631955244886859e-02,9.353203165120179685e-01,9.295178665061133643e+02,-2.588034174092446627e+00
8.874999999999987566e+00,9.769630264893125471e-02,7.653051685974245899e-01,5.854807740514970646e+02,-2.829570444998945167e+00
8.879999999999988347e+00,9.938853294025243312e-02,4.932197447738418394e-01,2.622752508096193083e+02,-2.589166522440830676e+00
8.884999999999989129e+00,1.011217501330502477e-01,7.163465912251256729e-01,5.645261549149065559e+02,-2.472665757990742730e+00
8.889999999999989910e+00,1.026698216408931247e-01,6.322382784225791807e-01,5.043971355787314224e+02,-2.379211084593344072e+00
8.894999999999990692e+00,1.043040782718550052e-01,4.095890895441529067e-01,9.963675310603683499e+01,-2.309692614830803681e+00
8.899999999999991473e+00,1.066697245604364824e-01,6.527677542043639480e-01,3.525375021288018615e+02,-2.250212972223971430e+00
8.904999999999992255e+00,1.090048975849897267e-01,3.987754070974920406e-01,-1.323599353597022059e+02,-2.394548571566347483e+00
8.909999999999993037e+00,1.112850001870594047e-01,5.357226115788468190e-01,1.824860899107221712e+02,-2.046014443280172568e+00
8.914999999999993818e+00,1.133160645358672752e-01,3.308460040881568420e-01,-1.864310819183913281e+02,-2.127748164440231626e+00
8.919999999999994600e+00,1.155072442860092391e-01,4.666139895786965419e-01,1.280545810687852679e+02,-1.887528285150639640e+00
8.924999999999995381e+00,1.174466793666213982e-01,2.672033996820741830e-01,-2.778329791375403488e+02,-1.827389695712368756e+00
8.929999999999996163e+00,1.196301193045180289e-01,5.161284888472034149e-01,2.194094888685201568e+02,-1.460138556134746413e+00
8.934999999999996945e+00,1.215073556523449810e-01,2.647614331811116162e-01,-2.073968021642887720e+02,-1.183303995453844015e+00
8.939999999999997726e+00,1.233899833491991782e-01,4.019424139413331765e-01,9.112308062070437131e+01,-6.061640463000448342e-01
8.944999999999998508e+00,1.252017312662423998e-01,2.975072693969089688e-01,-1.857209225855821160e+02,-2.683865946601917130e-01
8.949999999999999289e+00,1.269254382742315834e-01,2.825021867117779584e-01,-6.650608892540874706e+01,-2.204875078385703235e-01
8.955000000000000071e+00,1.277720912511476625e-01,5.686255363852917716e-02,-5.711834363830472938e+01,-1.354102235735345910e-02
8.960000000000000853e+00,1.282345850757569683e-01,8.786714735644561569e-02,9.365404382651438198e+01,-1.861980152148062506e-01
8.965000000000001634e+00,1.279942073235873223e-01,-1.217900304387488086e-01,-2.678807093938054251e+01,-3.490648269975756279e-01
8.970000000000002416e+00,1.263328805827086398e-01,-5.049608392310340754e-01,-1.755383096073179559e+02,-3.314933624914373489e-01
8.975000000000003197e+00,1.234432550643651816e-01,-7.447696217984122180e-01,-2.011462639448407970e+02,-1.871623400433591877e-01
8.980000000000003979e+00,1.198732807110406140e-01,-7.706760863163110153e-01,-6.150465138047186997e+01,-1.220304777707503785e-02
8.985000000000004761e+00,1.152301005194878020e-01,-9.730891985803448163e-01,8.462854107076615007e-01,1.658925627321610197e-01
8.990000000000005542e+00,1.099412678194976734e-01,-1.053434163964200199e+00,6.421085874618164269e+01,3.282963837074795443e-01
8.995000000000006324e+00,1.042341138061456673e-01,-1.128764664652732730e+00,1.032647592126295990e+02,4.809708380026564978e-01
9.000000000000007105e+00,9.838999041626786402e-02,-1.219680159374743722e+00,-6.135845958249844756e+01,5.607540993059758616e-01
9.005000000000007887e+00,9.256874718085959797e-02,-1.127987794568610980e+00,7.510383709426295695e+01,7.197133952571945770e-01
9.010000000000008669e+00,8.639895297946111052e-02,-1.239274102735978156e+00,5.971174740513733781e+01,9.003263131747569759e-01
9.015000000000009450e+00,8.011728064856878107e-02,-1.328031874196438977e+00,-1.457192613253277784e+02,9.219890993029147275e-01
9.020000000000010232e+00,7.424447671702658069e-02,-1.093358088016516794e+00,1.364595201129390567e+01,9.947714644900271797e-01
9.025000000000011013e+00,6.917919478268136357e-02,-9.592772675743489463e-01,5.161382926206156441e+01,1.134331597193365404e+00
9.030000000000011795e+00,6.516096167551124752e-02,-7.762731674781649938e-01,-7.999716892869477647e+01,1.079690894950664060e+00
9.035000000000012577e+00,6.211445628051384671e-02,-4.425425825558418347e-01,1.308408608994054703e+02,1.198121245710424443e+00
9.040000000000013358e+00,5.973321313229727758e-02,-4.228801454677644234e-01,3.629558763630945606e+01,1.207999318845492720e+00
9.045000000000014140e+00,5.795587096011720757e-02,-2.884637463111519584e-01,9.613308537223318240e+01,1.131222073317976307e+00
9.050000000000014921e+00,5.664175967898350122e-02,-2.799040634432634622e-01,-1.209038910808709346e+02,1.007994680962160716e+00
9.055000000000015703e+00,5.633041549347535953e-02,7.195009258798559793e-02,9.608076086331600152e+01,7.693555506132304656e-01
9.060000000000016485e+00,5.683459678429332584e-02,1.272555901918605570e-01,-3.505641789920505147e+01,5.408915352459041648e-01
9.065000000000017266e+00,5.847516567981729529e-02,4.150243201597608178e-01,9.043689430016158326e+01,2.174953876385433693e-01
9.070000000000018048e+00,6.071668128571428014e-02,4.906591240409089449e-01,3.300851502708228224e+01,-2.176018391159865728e-01
9.075000000000018829e+00,6.225277614319201652e-02,2.127665792849890158e-01,3.306825553507482596e+01,-3.246346426709534327e-01
9.080000000000019611e+00,6.105290953537816784e-02,-6.682857513303086527e-01,-3.035010907415578458e+02,-3.722866381660430157e-01
9.085000000000020393e+00,5.836882243916689111e-02,-9.385316723170362696e-01,-3.958043883727910952e+02,-5.613445832878027897e-01
9.090000000000021174e+00,5.818460352623035237e-02,-5.332579934586892390e-02,-5.841682034685454710e+02,-1.764282151676145993e+00
9.095000000000021956e+00,5.631647605607478096e-02,2.427682064767068548e-01,1.027422786213933250e+03,-1.834642404284748896e+00
9.100000000000022737e+00,5.612888126442217712e-02,8.156793626064011704e-01,1.075311350982791055e+03,-2.213707991311380852e+00
9.105000000000023519e+00,5.706518569130160368e-02,5.070286085358215872e-02,-1.093494942034125756e+02,-3.045712408397224902e+00
9.110000000000024301e+00,5.888852487219330134e-02,4.086444881281159902e-01,4.783454955480641502e+02,-4.568313789647968193e+00
9.115000000000025082e+00,6.050237484604093635e-02,2.870503569837393743e-01,-2.369107824219026384e+02,-4.318774044664245970e+00
9.120000000000025864e+00,6.350314191882154569e-02,6.511027754882023899e-01,1.257374742901904057e+02,-4.194528369607059659e+00
9.125000000000026645e+00,6.701917079997167515e-02,5.673581022145155472e-01,-2.009114692930226056e+02,-4.424180431207962449e+00
9.130000000000027427e+00,7.166322249382647835e-02,1.329964065173582677e+00,7.487967420948442623e+02,-4.326331631032159564e+00
9.135000000000028209e+00,7.637899893473676372e-02,1.223488362152007847e+00,5.866806958588372254e+02,-4.590317283930901660e+00
9.140000000000028990e+00,8.068453139776290972e-02,1.231944759261644817e+00,1.132608951474783680e+03,-4.407651025539530920e+00
9.145000000000029772e+00,8.507108381387995522e-02,1.285084503190363492e+00,1.292907237116482975e+03,-4.324177760721054753e+00
9.150000000000030553e+00,8.903685643596333243e-02,1.177593402219713647e+00,1.104052936715033411e+03,-4.366921115525906671e+00
9.155000000000031335e+00,9.311522808976570309e-02,1.222717140619107745e+00,1.190132804916330315e+03,-4.298825849220472506e+00
9.160000000000032117e+00,9.712573629070227199e-02,1.241203718929582145e+00,1.281324832632137031e+03,-4.185853151884712631e+00
9.165000000000032898e+00,1.013233474394619055e-01,1.322309702875781756e+00,1.302502593652321139e+03,-4.061875449326463716e+00
9.170000000000033680e+00,1.057062314429287053e-01,1.225511193310903746e+00,1.035224628179914816e+03,-4.367819974802548799e+00
9.175000000000034461e+00,1.085387438416139799e-01,1.321140183348120001e+00,1.265626685382314918e+03,-4.004603409192958097e+00
9.180000000000035243e+00,1.117848588229302664e-01,9.530837426596652229e-01,7.300970568458944854e+02,-3.891826155770045315e+00
9.185000000000036025e+00,1.141314454435716080e-01,1.079984825886802557e+00,1.172229847324747652e+03,-3.763512707989645989e+00
9.190000000000036806e+00,1.172497255507058134e-01,1.023936195558295070e+00,1.083967600751709597e+03,-3.536035478237137486e+00
9.195000000000037588e+00,1.193119574340946037e-01,1.097370382340932427e+00,1.358444093722995603e+03,-3.210761285621351657e+00
9.200000000000038369e+00,1.213522112838427008e-01,7.373021019438185109e-01,4.417156046916022092e+02,-3.661007256617213823e+00
9.205000000000039151e+00,1.227309704117993672e-01,-2.909318885938418919e-01,-6.639735817041059818e+02,-3.405365268657448929e+00
9.210000000000039933e+00,1.249432429156445562e-01,-8.083562352938572504e-02,-4.975154810155279392e+02,-3.255866526921545212e+00
9.215000000000040714e+00,1.266693031716969453e-01,-1.312137528769078965e-01,-5.985248073551395009e+02,-3.493353727588486279e+00
9.220000000000041496e+00,1.275625530187147194e-01,-3.137694225446571172e-01,-5.808620732806650722e+02,-3.282686873274275996e+00
9.225000000000042277e+00,1.290172711983097464e-01,-3.119465536609092871e-01,-6.510329720173051555e+02,-3.075983226175525331e+00
9.230000000000043059e+00,1.307219808836073138e-01,-2.160772892837461712e-01,-6.380735700311181517e+02,-2.932392990986267378e+00
9.235000000000043840e+00,1.327255447859630455e-01,6.841584161465529002e-02,-3.134915113420748298e+02,-2.732347235565794730e+00
9.240000000000044622e+00,1.345498886678417050e-01,2.145756589503317047e-01,-2.399694011886335261e+02,-2.509711039211464989e+00
9.245000000000045404e+00,1.364049430903242210e-01,3.155472910604339987e-01,-1.983544570220222880e+01,-2.062841545651420638e+00
9.250000000000046185e+00,1.382603269766590759e-01,3.010561824577756562e-01,-1.710146606099199005e+02,-2.041406609872856492e+00
9.255000000000046967e+00,1.402172266538949941e-01,4.688036156217401107e-01,1.930534233510965407e+02,-1.799534482678889269e+00
9.260000000000047748e+00,1.421425174251462475e-01,2.637554797286840169e-01,-2.774260995771363127e+02,-1.656765229380123827e+00
9.265000000000048530e+00,1.443573556681616576e-01,5.365585174614885267e-01,2.545084782541412380e+02,-1.010383454909599354e+00
9.270000000000049312e+00,1.461967097360025170e-01,2.883631039194656798e-01,-2.089178532514731046e+02,-8.787983548283113677e-01
9.275000000000050093e+00,1.479425269989234348e-01,3.737158196084190975e-01,1.509584803014206784e+02,-2.679887748329573549e-01
9.280000000000050875e+00,1.498225402295136899e-01,4.372542379697871850e-01,6.235445003801428498e+01,-1.659251375002972484e-01
9.285000000000051656e+00,1.503359991273386098e-01,2.616837982194279363e-02,4.830039964877391512e+00,-3.943606574889098049e-01
9.290000000000052438e+00,1.489109252732609967e-01,-4.794979340985212057e-01,-1.872260101780387345e+02,-4.712866669080130744e-01
9.295000000000053220e+00,1.460889183159842508e-01,-6.530847117932189194e-01,-6.435190368030767161e+01,-2.868143650595207372e-01
9.300000000000054001e+00,1.417777336689622358e-01,-9.755864995677733242e-01,-2.159040225205663077e+01,-1.596862666878011150e-01
9.305000000000054783e+00,1.365271686829324649e-01,-1.237885372073696422e+00,-2.380477973550872264e+02,-9.454521734873677641e-02
9.310000000000055564e+00,1.306804845029463646e-01,-1.202609673613258101e+00,-5.277060512681735815e+01,1.353208140386231717e-01
9.315000000000056346e+00,1.240703509998671988e-01,-1.434497589774384574e+00,-1.374010314535997281e+02,2.856666405009723464e-01
9.320000000000057128e+00,1.170466734039967149e-01,-1.452942042554654645e+00,-5.104594809900630281e+01,4.585480327831358838e-01
9.325000000000057909e+00,1.093514493874251925e-01,-1.580579345144230485e+00,2.521412328336930742e+01,7.569420500531429674e-01
9.330000000000058691e+00,1.016943023452889505e-01,-1.544434482337845305e+00,-4.009375253306693310e+01,7.750785886491904364e-01
9.335000000000059472e+00,9.355055534443691700e-02,-1.631057243262299616e+00,2.210109961578235982e+01,1.012160675149641698e+00
9.340000000000060254e+00,8.568014943121908533e-02,-1.580163686672421575e+00,-2.560390694585250770e+01,9.960528079324673101e-01
9.345000000000061036e+00,7.757414788199883116e-02,-1.674977288397219155e+00,-1.399169230622498787e+02,1.148033809543392403e+00
9.350000000000061817e+00,6.998259737976851580e-02,-1.422582922435938757e+00,8.021612406572710086e+01,1.158699534387610086e+00
9.355000000000062599e+00,6.255150949588446363e-02,-1.472395520450030970e+00,1.332960190137522716e+01,1.198822160261536984e+00
9.360000000000063380e+00,5.577641025715397022e-02,-1.300084912169727769e+00,-2.291498537590837259e+01,1.068170929645221090e+00
9.365000000000064162e+00,5.017916977257561723e-02,-1.044294219686796144e+00,-1.087473889869392307e+00,1.036624926553519010e+00
9.370000000000064944e+00,4.609743497084803354e-02,-6.443042387339279475e-01,1.250944353158813698e+02,7.365442190770412623e-01
9.375000000000065725e+00,4.358953981418822038e-02,-3.770157016861708232e-01,1.135783879590728418e+02,5.560613357870791695e-01
9.380000000000066507e+00,4.257188737066219114e-02,-1.271366819459076314e-01,-5.839160452091809361e+01,3.364861327654962153e-01
9.385000000000067288e+00,4.347216545640065349e-02,2.744989702597160908e-01,1.909380695320440680e+01,2.121765983279719214e-02
9.390000000000068070e+00,4.558939686594643687e-02,4.481809739006605842e-01,-1.141373195503232729e+01,-1.459556690147530977e-01
9.395000000000068852e+00,4.783239583760785785e-02,4.249007673525834750e-01,-1.607087060820934354e+01,-2.669166169740379568e-01
9.400000000000069633e+00,4.873073381475332561e-02,2.699261958933244637e-02,-1.000890521126269874e+02,-4.177962612539982967e-02
9.405000000000070415e+00,4.703525341854179059e-02,-6.206156777456628415e-01,-1.314225054593423465e+02,1.611572409999145195e-01
9.410000000000071196e+00,4.599304953700130566e-02,-8.170285004985420318e-01,-3.644419443314970977e+02,-1.090137406323886393e-01
9.415000000000071978e+00,4.500652035377206844e-02,-2.906853151105650568e-01,2.012983522871519071e+01,-6.343533739806024307e-01
9.420000000000072760e+00,4.447735792355519274e-02,-2.657598992787089595e-02,-5.619569189930551829e+02,-1.594524124265983112e+00
9.425000000000073541e+00,4.496200675904383354e-02,6.484326723837910977e-01,1.075140001955826165e+03,-1.563401519356252045e+00
9.430000000000074323e+00,4.516249962409393803e-02,6.799377021523832498e-01,8.861419228708878109e+02,-2.919876101504647270e+00
9.435000000000075104e+00,4.624001743355274363e-02,9.440944341882401281e-01,1.038762578291978798e+03,-2.895198057921281265e+00
9.440000000000075886e+00,4.852763526578189601e-02,1.120766605517998116e+00,8.981075075840809632e+02,-3.861677972956315763e+00
9.445000000000076668e+00,5.145815880177068841e-02,1.313239964777318969e+00,1.034032307154532191e+03,-4.131352086268599955e+00
9.450000000000077449e+00,5.442241313921386547e-02,1.154440111024825910e+00,8.601367186823846396e+02,-4.431760406454672285e+00
9.455000000000078231e+00,5.744298211727325715e-02,1.314601124463310011e+00,1.015034995674964534e+03,-4.517737761934783158e+00
9.460000000000079012e+00,6.054821458853262839e-02,1.237430986346577333e+00,1.232051281954922388e+03,-4.077794836946769585e+00
9.465000000000079794e+00,6.407064249059343797e-02,7.982024685563317012e-01,3.843857937288659059e+02,-4.549170359204309122e+00
9.470000000000080576e+00,6.779526985756184621e-02,7.127106934395689430e-01,-4.144137632760868541e+02,-4.727474271308651055e+00
9.475000000000081357e+00,7.146451006732490452e-02,7.444508104507754354e-01,-7.620388694569041945e+02,-4.508774469585760336e+00
9.480000000000082139e+00,7.526757483648495450e-02,7.804297413898527713e-01,-7.237884300945048608e+02,-4.761756967684171116e+00
9.485000000000082920e+00,7.865561164694623297e-02,6.822307796085166354e-01,-4.336404091787832158e+02,-4.164960901417001260e+00
9.490000000000083702e+00,8.183811829089268630e-02,6.017752856216910251e-01,-5.227222130743002708e+02,-4.246829736971464264e+00
9.495000000000084484e+00,8.480904387703440406e-02,5.916879979631024522e-01,-3.991612732625470699e+02,-4.201839218841455725e+00
9.500000000000085265e+00,8.718421594472161584e-02,5.139135422277341103e-01,-5.037347254641966998e+01,-3.432649244816250000e+00
9.505000000000086047e+00,9.047754143237272950e-02,7.227912711528734491e-01,-7.726354684580966250e+02,-3.937241618350189931e+00
9.510000000000086828e+00,9.327659690200265641e-02,1.133414306470888810e+00,1.268727740607743954e+03,-2.703637638765338469e+00
9.515000000000087610e+00,9.573364169355996767e-02,1.175427101938643304e+00,9.526896706761880296e+02,-2.998873076743282962e+00
9.520000000000088392e+00,9.751570261667177886e-02,-2.248191942731729287e-01,-6.055184593642738946e+02,-3.180992687382357964e+00
9.525000000000089173e+00,9.911099566934869487e-02,-2.490030455537571297e-01,-6.272041457500005208e+02,-2.776398751421986333e+00
9.530000000000089955e+00,1.010840296622928930e-01,-2.195285272701958529e-02,-4.186835856391198263e+02,-2.872023542662278661e+00
9.535000000000090736e+00,1.022649638431794017e-01,-2.541802056129501275e-01,-5.221606500995818578e+02,-2.815408820645625809e+00
9.540000000000091518e+00,1.037549177873876710e-01,-1.862233070085175524e-01,-5.221612897284630890e+02,-2.623190229203918644e+00
9.545000000000092300e+00,1.057099991206248285e-01,-8.898874975268632193e-02,-5.082062320593502704e+02,-2.538507168709279949e+00
9.550000000000093081e+00,1.078544672424787826e-01,3.703476052407727453e-02,-3.889917191177595441e+02,-2.547176403654882737e+00
9.555000000000093863e+00,1.102673360202895553e-01,5.132399004041880708e-02,-4.303872715638215141e+02,-2.586018519161903395e+00
9.560000000000094644e+00,1.128138829190847153e-01,7.300831340239569145e-02,-4.531250082145813849e+02,-2.506118944429624573e+00
9.565000000000095426e+00,1.148301780187102467e-01,3.283686286157162515e-01,-1.260844227486677198e+02,-2.354976702998310412e+00
9.570000000000096207e+00,1.164749564667846710e-01,1.578563678544977478e-01,-3.420942389029125366e+02,-2.257760732246225199e+00
9.575000000000096989e+00,1.185637404535094808e-01,4.377244520309010456e-01,1.106586909056883314e+02,-1.992762995905313028e+00
9.580000000000097771e+00,1.202193192230552460e-01,1.946228170693427850e-01,-2.860357280472231309e+02,-1.885935519690695950e+00
9.585000000000098552e+00,1.222573934127531431e-01,4.838083235890086597e-01,2.086840704857625042e+02,-1.442775091504173268e+00
9.590000000000099334e+00,1.239371153050491947e-01,2.306230268527807159e-01,-2.239869654391673635e+02,-9.842378464319312403e-01
9.595000000000100115e+00,1.256861049040499112e-01,4.726192557103285896e-01,2.536168427768388085e+02,-3.973328673869324090e-01
9.600000000000100897e+00,1.271138081207742465e-01,2.162471433180724045e-01,-1.160820477345795609e+02,-1.500508315021771288e-01
9.605000000000101679e+00,1.281136441765350631e-01,1.488267656904330993e-01,3.996190652473300986e+01,2.386407254821894253e-02
9.610000000000102460e+00,1.283047761644693918e-01,5.445001799577511847e-02,7.627027323510628776e+01,-1.464917900341228818e-01
9.615000000000103242e+00,1.275896757422103345e-01,-2.094603187094640773e-01,-4.069626469276256486e+00,-2.376471259706190720e-01
9.620000000000104023e+00,1.253046754950695174e-01,-5.295040795204636330e-01,6.361365708282647802e+01,-1.530661849946224340e-01
9.625000000000104805e+00,1.219184823867538320e-01,-7.888480043428534039e-01,-1.528579461024431794e+02,-1.144359342985810102e-01
9.630000000000105587e+00,1.177387390209776452e-01,-9.429880931936489574e-01,-1.252167835694288840e+02,8.257201844752842801e-02
9.635000000000106368e+00,1.131670532277363472e-01,-8.818129529642358966e-01,3.814043324408664404e+01,2.175616754419773535e-01
9.640000000000107150e+00,1.078378964293544434e-01,-1.041545839076239766e+00,7.463745263173008482e+01,3.593215844109637347e-01
9.645000000000107931e+00,1.020131141471983527e-01,-1.121802600363303482e+00,1.185706541863221872e+02,5.111694134601970640e-01
9.650000000000108713e+00,9.612661847244555191e-02,-1.222154957162866262e+00,-1.154814462983153334e+02,5.637155431139206918e-01
9.655000000000109495e+00,9.034918849298401167e-02,-1.100395458650071490e+00,6.999760378759945922e+01,7.806454832207296857e-01
9.660000000000110276e+00,8.417245216202987046e-02,-1.223772264455555536e+00,9.561302284502772864e+01,9.555136083965296567e-01
9.665000000000111058e+00,7.795110986758131688e-02,-1.271423682718175519e+00,-5.775092128003780800e+01,1.013667534451466290e+00
9.670000000000111839e+00,7.207610305743648860e-02,-1.131381818258186511e+00,1.438941973218054393e+01,1.092712902301902211e+00
9.675000000000112621e+00,6.599349957691615087e-02,-1.219398021817223565e+00,4.390040448984827037e+01,1.259623448013550195e+00
9.680000000000113403e+00,6.045263011266092251e-02,-1.112129731389976506e+00,-1.406221240538628479e+02,1.191074342456856838e+00
9.685000000000114184e+00,5.668980134741155585e-02,-5.569731521993652734e-01,9.932248911373842759e+01,1.138776679004018355e+00
9.690000000000114966e+00,5.393376573822912523e-02,-4.377790120131081486e-01,1.200752864727858480e+02,1.191296792613770084e+00
9.695000000000115747e+00,5.234606670830812408e-02,-2.094758927215362720e-01,1.055648316301135310e+02,1.103945063401106985e+00
9.700000000000116529e+00,5.146275615147350574e-02,-1.233373653055766378e-01,3.422395202879688725e+01,1.040997787755829407e+00
9.705000000000117311e+00,5.174169676006306479e-02,1.454968111439797762e-01,2.388345835709115050e+01,7.469815719234184082e-01
9.710000000000118092e+00,5.306265529529524683e-02,3.147227684493549282e-01,-2.730448382972824106e+01,4.234695490356223946e-01
9.715000000000118874e+00,5.526853566519751570e-02,5.093721840347404939e-01,6.352239551170652021e+01,1.395263538158136030e-01
9.720000000000119655e+00,5.751752706988563085e-02,3.458265406514764440e-01,-9.991365801293532911e+01,-1.831773638406108129e-01
9.725000000000120437e+00,5.880494651531019412e-02,7.847943724426598155e-02,-1.095156119549355651e+02,-3.288127140862988074e-01
9.730000000000121219e+00,5.637991177273123100e-02,-1.313270124623376785e-02,1.066749973497562451e+03,-3.723678106906826990e-01
9.735000000000122000e+00,5.450228518669106292e-02,-6.219878016838239487e-01,-4.431107483234957840e+02,-1.235543172733101880e+00
9.740000000000122782e+00,5.240003265360990148e-02,3.166869026440046753e-01,1.267669504830383858e+03,-1.264123501043769693e+00
9.745000000000123563e+00,5.011634022115727533e-02,-1.021809493666112845e+00,-6.107564335616073095e+02,-2.350018626982585790e+00
9.750000000000124345e+00,4.924857259041909990e-02,-2.834528315174389412e-01,-6.649498825492435117e+02,-2.235440118741763627e+00
9.755000000000125127e+00,5.220088408854040712e-02,3.366687565532205384e-01,-7.016377753238956529e+02,-3.292014144298632594e+00
9.760000000000125908e+00,5.397392137880969998e-02,3.526776598907872540e-01,-8.107209999192266423e+02,-4.950193742040638334e+00
9.765000000000126690e+00,5.679928402542704091e-02,6.983715307649422943e-01,-5.021299753178679453e+02,-4.788501825393647771e+00
9.770000000000127471e+00,6.091662294034581870e-02,9.342644272972191466e-01,-3.981462920562592558e+02,-4.685381120636646912e+00
9.775000000000128253e+00,6.570482877270590605e-02,9.706273723249125851e-01,-6.480658193181982369e+02,-4.839119693193048910e+00
9.780000000000129035e+00,7.090606504284988065e-02,1.149753480915758352e+00,-4.387988865400902796e+02,-4.761385753049134806e+00
9.785000000000129816e+00,7.605260992933855768e-02,1.011446610169735028e+00,-6.343195127513465650e+02,-4.822321563080801177e+00
9.790000000000130598e+00,8.115291435135235654e-02,9.872093240384226531e-01,-7.134696894312838822e+02,-5.139599834757063057e+00
9.795000000000131379e+00,8.610585468637493856e-02,9.762034684048972455e-01,-6.289367948865484550e+02,-4.858632441747113617e+00
9.800000000000132161e+00,9.099991914326158171e-02,9.940366761413358399e-01,-5.216605722027400134e+02,-4.605383890744232822e+00
9.805000000000132943e+00,9.510332907993603035e-02,8.553568229348057494e-01,3.813246840578383701e-01,-4.125787237487511305e+00
9.810000000000133724e+00,9.966838292936830435e-02,9.402744943223741991e-01,-7.398988244701034773e+02,-4.737977927360351060e+00
9.815000000000134506e+00,1.030383591246463865e-01,1.261325799878215692e+00,1.449204490538712662e+03,-3.482805621580003397e+00
9.820000000000135287e+00,1.071344698538185397e-01,1.278225557414801150e+00,1.289741383666857928e+03,-3.366687729751320912e+00
9.825000000000136069e+00,1.101421675965528063e-01,1.304944013469378383e+00,9.265210171194971736e+02,-3.691311595333237161e+00
9.830000000000136851e+00,1.123934743605783243e-01,-2.150369748684211046e-01,-7.544732438656614022e+02,-3.456586503571109859e+00
9.835000000000137632e+00,1.149574088625116147e-01,2.097742424245307435e-01,-8.440160079923572312e+02,-3.486235923760018451e+00
9.840000000000138414e+00,1.182508745672881389e-01,4.031012090434911155e-01,-7.677830146791105790e+02,-3.678380401856813364e+00
9.845000000000139195e+00,1.193479949209866053e-01,6.846989178558307021e-01,1.118200287613046839e+03,-2.760005550699828891e+00
9.850000000000139977e+00,1.205704119452523926e-01,5.080307024696043561e-01,8.468165540234404034e+02,-2.751300382431198788e+00
9.855000000000140759e+00,1.215610010393941426e-01,5.712291647537302008e-01,8.368437240093539913e+02,-2.630682693782942394e+00
9.860000000000141540e+00,1.226109750740463078e-01,5.460379316674739414e-01,7.883391194546894667e+02,-2.388065405642021410e+00
9.865000000000142322e+00,1.242046533894736876e-01,6.424726029589159504e-01,7.998364692977644381e+02,-2.234240718558658578e+00
9.870000000000143103e+00,1.258134436187976768e-01,4.025033993901144247e-01,2.560200107503701474e+02,-2.218126827445563443e+00
9.875000000000143885e+00,1.274519953358935198e-01,4.575938190426582231e-01,2.733577610660240680e+02,-1.959445130851511285e+00
9.880000000000144667e+00,1.291831615161424252e-01,3.073732083147848737e-01,-8.989705009198911512e+01,-2.035499712177535780e+00
9.885000000000145448e+00,1.309959631736738739e-01,4.008782840395264113e-01,8.982297248357537001e+01,-1.701570682995404704e+00
9.890000000000146230e+00,1.327979667054956514e-01,2.792245025977739270e-01,-2.022913346178931420e+02,-1.581861169564466207e+00
9.895000000000147011e+00,1.349628908683213613e-01,4.871823566936549499e-01,2.020093442678192730e+02,-1.241444640800563715e+00
9.900000000000147793e+00,1.369399853532324296e-01,3.249281889630821207e-01,-1.771016857194118188e+02,-1.085727722121489380e+00
9.905000000000148574e+00,1.390808180358112378e-01,5.446249731997644394e-01,2.335548668658920519e+02,-6.624368151605583011e-01
9.910000000000149356e+00,1.408825665176070274e-01,2.676885686528817088e-01,-2.311329557770914960e+02,-5.534551826677485131e-01
9.915000000000150138e+00,1.424557226242817165e-01,3.578068278192058638e-01,1.978800345272875632e+02,-1.868588806287241888e-01
9.920000000000150919e+00,1.437638782859235187e-01,1.997901834865626058e-01,-1.278113009627578691e+02,-3.463569247707088961e-01
9.925000000000151701e+00,1.448679476822279100e-01,2.333936849863419705e-01,6.829986115729722940e+01,-4.787287442591836584e-01
9.930000000000152482e+00,1.442916471851035387e-01,-2.654112520261143193e-01,3.004682152970658038e+01,-4.439361535650795387e-01
9.935000000000153264e+00,1.418991769295152028e-01,-6.263360954488936816e-01,-1.191424526447784302e+02,-4.022301712837005327e-01
9.940000000000154046e+00,1.384665338545247038e-01,-6.597705273939169501e-01,1.268643428285771790e+02,-1.967168899292374151e-01
9.945000000000154827e+00,1.336740332839480849e-01,-1.000287032081354166e+00,1.156093071014159932e+02,-3.592182783718511629e-02
9.950000000000155609e+00,1.284281151432959123e-01,-1.130931392879152231e+00,-9.723838324807644540e+01,1.222627539428782217e-01
9.955000000000156390e+00,1.226753078527333396e-01,-1.106691797918106568e+00,8.108099735967800825e+01,2.428681491917547564e-01
9.960000000000157172e+00,1.164662991256699975e-01,-1.330599296469933579e+00,-7.447329865714320363e+01,4.254551982078246253e-01
9.965000000000157954e+00,1.097669743527397157e-01,-1.305330809119671809e+00,1.124116370115901731e+02,5.810281593964838898e-01
9.970000000000158735e+00,1.024974505559955312e-01,-1.483274997867671585e+00,-5.246316696423308912e+01,7.245269740684444626e-01
9.975000000000159517e+00,9.516320711574495494e-02,-1.470803564979058065e+00,-3.296326428841462786e+01,8.134749870472093303e-01
9.980000000000160298e+00,8.764182699202370530e-02,-1.573467178227224927e+00,-1.252411863992615224e+02,9.904849636379557953e-01
9.985000000000161080e+00,8.058378736302672374e-02,-1.317914700234342096e+00,7.821124444861493430e+01,9.739232161682096489e-01
9.990000000000161862e+00,7.373764286270768908e-02,-1.376176182707514961e+00,-3.377803974774161944e+00,1.023001812588868020e+00
9.995000000000162643e+00,6.772620773503471026e-02,-1.152587201827984797e+00,5.426515800642587095e+00,8.454884555636360544e-01
1.000000000000016342e+01,6.319338723002954072e-02,-7.232447499004440727e-01,1.058172385526633832e+02,7.250027888113471652e-01
