5.000000000000000104e-03,8.592265693634537627e-02,2.173296637835822054e+01,9.734281940654460641e+02,8.336437090441689790e+00
1.000000000000000021e-02,2.068043548643821727e-01,2.367330013565055324e+01,-6.028279263661585219e+02,-5.544663766651005687e-01
1.499999999999999944e-02,3.089486289456330748e-01,1.861364043067205287e+01,-8.275723310851209362e+02,-6.302621209588910034e-01
2.000000000000000042e-02,3.834369266084619032e-01,1.310894655497055972e+01,-7.476457696270961151e+02,-7.963935787548859224e-02
2.500000000000000139e-02,4.312735951716736293e-01,7.915287403061029181e+00,-6.661849478362208856e+02,2.395310599815596575e-01
3.000000000000000236e-02,4.583994310019475771e-01,4.284247608570683319e+00,-4.473130672089283166e+02,1.465844023322772749e+00
3.500000000000000333e-02,4.738208697515081114e-01,2.558938285691322978e+00,-1.948951920965239708e+02,1.889516454994334627e+00
4.000000000000000083e-02,4.862192275880758974e-01,2.473939666870433207e+00,8.600642530991990498e+00,9.692986954603388661e-01
4.499999999999999833e-02,4.994561502948018927e-01,2.748171649817876094e+00,4.594432160615517091e+01,2.945668250117279285e-01
4.999999999999999584e-02,5.141220805474713273e-01,3.025692586758254254e+00,3.778646866245973968e+01,-1.131981448410859237e-01
5.499999999999999334e-02,5.299048283563454476e-01,3.210630673468444218e+00,1.814382808523820856e+01,-4.171740999985908971e-01
5.999999999999999084e-02,5.463038370569182067e-01,3.294985504984524027e+00,-5.993437213401757724e-01,-6.254771230307363261e-01
6.499999999999998834e-02,5.629387436234418729e-01,3.317463435572566510e+00,-1.282957481991646098e+01,-7.581537911991431677e-01
6.999999999999999278e-02,5.796224184266997037e-01,3.315262272714837977e+00,-1.960555777459618199e+01,-8.478833315744678245e-01
7.499999999999999722e-02,5.962641603917077093e-01,3.298276989872090059e+00,-2.495579431999014020e+01,-9.244170410773377977e-01
8.000000000000000167e-02,6.127649878541043815e-01,3.259264770644163534e+00,-3.113295104515298917e+01,-9.989568360585709961e-01
8.500000000000000611e-02,6.289775234413168548e-01,3.187786686958974602e+00,-3.830477175854012728e+01,-1.066306981121556641e+00
9.000000000000001055e-02,6.447172405026294628e-01,3.078275164424262300e+00,-4.558554830431384630e+01,-1.117312044738448140e+00
9.500000000000001499e-02,6.597844937419319322e-01,2.928986300284995625e+00,-5.244430386417178624e+01,-1.154262784848157475e+00
1.000000000000000194e-01,6.739868213821162968e-01,2.742845743224327837e+00,-5.829713264586726496e+01,-1.177943794419436196e+00
1.050000000000000239e-01,6.871592909877094479e-01,2.526512420604885456e+00,-6.270966217316217950e+01,-1.187171287172748668e+00
1.100000000000000283e-01,6.991745294354090312e-01,2.287771770466503263e+00,-6.561778102193709117e+01,-1.182640251851980295e+00
1.150000000000000328e-01,7.099424650081461730e-01,2.033837508313736997e+00,-6.715080527152247214e+01,-1.163967704712933537e+00
1.200000000000000372e-01,7.194104573499016109e-01,1.772307066760459682e+00,-6.727081391270198196e+01,-1.127573882945323014e+00
1.250000000000000278e-01,7.275690546947681803e-01,1.512234630311170225e+00,-6.583919879333988945e+01,-1.071687324774978745e+00
1.300000000000000322e-01,7.344445004062648552e-01,1.259749532110986392e+00,-6.329134399975573899e+01,-9.979160417621130152e-01
1.350000000000000366e-01,7.400824254961715365e-01,1.017660878194514673e+00,-6.005171171826312815e+01,-9.067460309545881669e-01
1.400000000000000411e-01,7.445388331911139135e-01,7.876713240265212912e-01,-5.627646141156657222e+01,-8.009258408244097627e-01
1.450000000000000455e-01,7.478767104729074910e-01,5.709686302112307876e-01,-5.207123134594574054e+01,-6.848427347654848507e-01
1.500000000000000500e-01,7.501636609323508731e-01,3.682197483104689972e-01,-4.758357501462420913e+01,-5.647881412545384672e-01
1.550000000000000544e-01,7.518682049600893258e-01,4.865321225201373750e-02,-1.916943068701034463e+02,-4.646874317885323347e-01
1.600000000000000588e-01,7.530361094849121750e-01,3.417540673039177190e-01,3.471652815403115877e+00,2.077927925669281972e+00
1.650000000000000633e-01,7.584074760870055387e-01,1.399871108091948368e+00,1.995433460931487275e+02,1.526889564230878849e+00
1.700000000000000677e-01,7.677588980891220105e-01,2.019073588211874881e+00,-5.267621974442562305e+01,1.309914847798511417e+00
1.750000000000000722e-01,7.794899946973984362e-01,2.440197490553948523e+00,1.782723859660675600e+02,1.152198018429069437e+00
1.800000000000000766e-01,7.926362907778826683e-01,2.580323931124597348e+00,-1.078984692658840885e+02,-4.507670062228275043e-02
1.850000000000000810e-01,8.058200430648185808e-01,2.531304965401563578e+00,-6.802120533054372231e+01,-1.166090314070795886e+00
1.900000000000000855e-01,8.168914592240374972e-01,1.896596252532661842e+00,-2.412534427034416353e+02,-5.358180521698769905e-01
1.950000000000000899e-01,8.251986172770148231e-01,1.496977433809528080e+00,5.282014385043782312e+01,-9.464034271210097771e-02
2.000000000000000944e-01,8.299726668319611367e-01,5.756174027850275987e-01,-3.190322551256288648e+02,-3.764209093373851456e-01
2.050000000000000988e-01,8.316218231132530558e-01,2.030277047476967134e-01,1.063991362601855002e+02,5.665020031066013706e-01
2.100000000000001033e-01,8.305897373260648919e-01,-4.865707071509918213e-01,-2.946381771873699904e+02,1.652331623481194112e-01
2.150000000000001077e-01,8.275050511579506995e-01,-6.894268007515167440e-01,1.226935478161787643e+02,1.154355487470592356e+00
2.200000000000001121e-01,8.225651970185683393e-01,-1.175259275262603875e+00,-2.434020197003126214e+02,5.317596190830258251e-01
2.250000000000001166e-01,8.165774225818375198e-01,-1.208925475907704383e+00,1.472154361992910481e+02,1.370670793190922332e+00
2.300000000000001210e-01,8.090678553737926659e-01,-1.664299273370824617e+00,-2.154216880088215191e+02,5.732668717280905435e-01
2.350000000000001255e-01,8.006620798712987819e-01,-1.664146280843940229e+00,1.726427748030935447e+02,1.424984725814886888e+00
2.400000000000001299e-01,7.905705686414824518e-01,-2.176661842256581547e+00,-1.830409616095723493e+02,4.714671059494138783e-01
2.450000000000001343e-01,7.798910168623511829e-01,-2.141626962126228939e+00,9.788257637441118675e+01,1.297954572865300582e+00
2.500000000000001110e-01,7.680934983703965324e-01,-2.451013849909165820e+00,-1.530250547011902711e+02,3.441440581424357603e-01
2.550000000000001155e-01,7.555914597535816624e-01,-2.546655519332355677e+00,5.780755702125108542e+01,7.707115134636490783e-01
2.600000000000001199e-01,7.424998324210766443e-01,-2.540017817863818639e+00,1.486246793134999677e+02,6.867923292746871411e-01
2.650000000000001243e-01,7.289845462561506118e-01,-2.739108707692310851e+00,-6.562009489723610045e+01,1.082190218164875706e-01
2.700000000000001288e-01,7.152325689507440520e-01,-2.752651949603279302e+00,-1.719072764590881164e+01,2.512673412772941095e-01
2.750000000000001332e-01,7.011571328599004449e-01,-2.799256095692314705e+00,6.706344241353595237e+01,1.391464777913269391e-01
2.800000000000001377e-01,6.870911011119702483e-01,-2.765301564335896245e+00,4.309244168391171570e+01,6.482572340282728440e-01
2.850000000000001421e-01,6.842152744328576786e-01,-2.758389398634547574e-01,2.466431508413638767e+02,-4.680518555785361801e-01
2.900000000000001465e-01,6.862482226877537617e-01,8.112465092159414359e-01,1.462862960415611724e+02,4.649058033534584355e-01
2.950000000000001510e-01,6.930030497581004534e-01,1.639615359936894334e+00,4.722389755976814172e+02,1.366926625340797230e+00
3.000000000000001554e-01,6.982934965751029788e-01,1.061156627288443843e+00,-1.441978813672904209e+02,9.696866118718494576e-01
3.050000000000001599e-01,7.037428075831917429e-01,1.076981204328285147e+00,2.119490678047109213e+02,2.181135265745889562e+00
3.100000000000001643e-01,7.083159806574806927e-01,9.175925528917865392e-01,1.205396623084016881e+02,2.829926286784054223e+00
3.150000000000001688e-01,7.126028391176514321e-01,7.984627856152816117e-01,1.031274239124191752e+02,3.863575980071694893e+00
3.200000000000001732e-01,7.161875933870972544e-01,7.315367459597248434e-01,9.383108849779415550e+01,5.066826409641465467e+00
3.250000000000001776e-01,7.191989148320866443e-01,8.445647738666757220e-01,7.850806275965780969e+02,6.125627094796984196e+00
3.300000000000001821e-01,7.222998765878748673e-01,4.023255756801485949e-01,-7.171037169640384263e+02,6.656582523819055019e+00
3.350000000000001865e-01,7.250160073183914422e-01,8.852916509153913038e-01,9.228424190523104471e+02,7.884710436726838800e+00
3.400000000000001910e-01,7.273263408210480785e-01,1.846366054048780014e-01,-7.836863754740977583e+02,8.102515211661652117e+00
3.450000000000001954e-01,7.298728467337523007e-01,8.943367419917324090e-01,9.451909429926174653e+02,9.603631349138360918e+00
3.500000000000001998e-01,7.316324616637618350e-01,2.349448836699320753e-02,-7.801293650405973494e+02,9.467577873388965060e+00
3.550000000000002043e-01,7.341627792749549908e-01,8.187934870294781842e-01,7.669467517603661690e+02,1.056519442927215024e+01
3.600000000000002087e-01,7.354525330146366446e-01,-8.744915861104919641e-02,-9.374508200596790175e+02,1.036497141623047469e+01
3.650000000000002132e-01,7.378209010015199798e-01,6.796544603596427203e-01,6.984099221138687881e+02,1.131133162391248348e+01
3.700000000000002176e-01,7.388901877931827178e-01,-7.526820645018560130e-02,-9.726733676558297930e+02,1.065665221372770866e+01
3.750000000000002220e-01,7.409263466679590904e-01,7.459012967607586697e-01,9.005499339499132248e+02,1.122780696013812296e+01
3.800000000000002265e-01,7.419518087323504485e-01,-1.455315199289866634e-01,-9.657634144730578782e+02,1.038366115220839347e+01
3.850000000000002309e-01,7.439188366960675092e-01,7.907583593728236826e-01,9.336467379564120392e+02,1.087990217679965532e+01
3.900000000000002354e-01,7.450905153529556735e-01,-1.219015996668068730e-01,-9.852534169765733623e+02,9.937408189486314214e+00
3.950000000000002398e-01,7.475591638163092689e-01,8.055123841438287524e-01,8.181621124391800777e+02,1.036698624114871592e+01
4.000000000000002442e-01,7.492781707538497260e-01,5.821837483091256427e-02,-9.440826522801677356e+02,9.216064632179389093e+00
4.050000000000002487e-01,7.522234305882967709e-01,9.600796119693716379e-01,8.996091774488818373e+02,9.587771116328896781e+00
4.100000000000002531e-01,7.546940133452159083e-01,1.807350371940464051e-01,-8.793251436875231093e+02,8.357293715710321536e+00
4.150000000000002576e-01,7.584987185354415962e-01,1.130805023374916063e+00,8.114961062444848494e+02,8.656667535737188501e+00
4.200000000000002620e-01,7.617059835568171788e-01,3.596040166303836050e-01,-8.431716555489900884e+02,7.520516482099213640e+00
4.250000000000002665e-01,7.665220502450413864e-01,1.189150618417233130e+00,6.372968561836828485e+02,7.898111791756518230e+00
4.300000000000002709e-01,7.709499320423834900e-01,7.055634040580404109e-01,-7.986282836472416875e+02,6.785704971725324164e+00
4.350000000000002753e-01,7.764052104570899893e-01,1.406090078729609116e+00,7.846971646174094985e+02,7.240315983871122185e+00
4.400000000000002798e-01,7.819749903804300573e-01,8.859714460903489464e-01,-6.544444663617056221e+02,6.226428977279865329e+00
4.450000000000002842e-01,7.882762868081149010e-01,1.681287830530161953e+00,7.710065549744452937e+02,6.623153860059935560e+00
4.500000000000002887e-01,7.940286844490911378e-01,7.842817077488837274e-01,-6.799966406943465245e+02,5.919180086882481540e+00
4.550000000000002931e-01,8.011630781679910385e-01,1.376827236919260011e+00,1.122650177559429068e+02,6.421408018513837135e+00
4.600000000000002975e-01,8.081819922124323652e-01,1.462218738853484190e+00,-4.674968232105168227e+02,5.926902910916223455e+00
4.650000000000003020e-01,8.156666767295944753e-01,1.898624268212431243e+00,7.258826631056990664e+02,6.512849076689991357e+00
4.700000000000003064e-01,8.223228243115380254e-01,1.227352486705781898e+00,-5.090295324264615147e+02,5.764794747346144277e+00
4.750000000000003109e-01,8.289239371875256612e-01,1.841094411389333496e+00,9.924917437747741360e+02,6.655000070067538687e+00
4.800000000000003153e-01,8.352599299722692772e-01,9.836814503805004772e-01,-3.941301516478262101e+02,6.237272022277182693e+00
4.850000000000003197e-01,8.420311708978330811e-01,1.752723134925977977e+00,9.846445036694718738e+02,7.108630434380934560e+00
4.900000000000003242e-01,8.474327879007342856e-01,9.924631138632877825e-01,-1.647228373253191194e+02,6.537824631200972014e+00
4.950000000000003286e-01,8.526952293696199447e-01,1.480224447080975336e+00,6.979864208190369936e+02,7.083639428422766393e+00
5.000000000000003331e-01,8.587959357559464824e-01,1.310115700737501498e+00,-3.072970658053413331e+02,6.074410661595826433e+00
5.050000000000003375e-01,8.641991250619562859e-01,9.199165746086159778e-01,-3.447640428599941629e+02,6.211119513992874985e+00
5.100000000000003419e-01,8.696095118494366893e-01,1.369972311409808796e+00,5.704723289714193015e+02,6.415938043196477203e+00
5.150000000000003464e-01,8.753304482703725409e-01,1.451229370304299771e+00,6.749338438825557205e+02,6.087359942341664443e+00
5.200000000000003508e-01,8.812385756620082500e-01,1.087837744100832227e+00,-2.155418463925696244e+02,5.550420121309546317e+00
5.250000000000003553e-01,8.871529761501905087e-01,9.627518602646334411e-01,-2.084320073474407025e+02,5.819574620430818968e+00
5.300000000000003597e-01,8.926340196681622485e-01,1.530907811639871108e+00,7.120884374601059790e+02,5.662523241014572051e+00
5.350000000000003642e-01,8.983996791831441175e-01,1.196851616258018947e+00,-9.062726917983077612e+01,5.004108535790534162e+00
5.400000000000003686e-01,9.033144835410533702e-01,7.765745099694381093e-01,-3.064604699354739523e+02,4.704650280562958642e+00
5.450000000000003730e-01,9.092023169155507567e-01,1.439553553028349198e+00,8.219984351081462819e+02,5.239802155587626409e+00
5.500000000000003775e-01,9.145785288468988306e-01,9.083207271289821527e-01,-2.710102428267398409e+02,4.256017506745810586e+00
5.550000000000003819e-01,9.206454243990129793e-01,1.508453262713205456e+00,8.251102453639878149e+02,4.489936380881675682e+00
5.600000000000003864e-01,9.260313964348844129e-01,8.010735840688810727e-01,-4.130861942158818465e+02,3.548495121629740900e+00
5.650000000000003908e-01,9.307037214501797662e-01,1.177948285756996505e+00,-1.741727890534340872e+02,4.145367741763567260e+00
5.700000000000003952e-01,9.349998106028226674e-01,5.894308727920980484e-01,-3.741738571699781915e+02,3.578498461078682968e+00
5.750000000000003997e-01,9.413390317229467508e-01,1.347100451601266125e+00,-3.339949474795182596e+02,3.515326564696067635e+00
5.800000000000004041e-01,9.465963410736341066e-01,8.249046124311033568e-01,-3.948175799456132040e+02,3.135568739718779696e+00
5.850000000000004086e-01,9.520991720280637116e-01,1.359228326834154066e+00,6.035839852541660093e+02,3.527062229454584141e+00
5.900000000000004130e-01,9.578663889438721046e-01,1.039068507359467208e+00,-2.370357262458059893e+02,2.483625874217835872e+00
5.950000000000004174e-01,9.632216200243539639e-01,1.348699128281742876e+00,3.138491557715815361e+02,2.654238169745794629e+00
6.000000000000004219e-01,9.691306818025026137e-01,1.204564393677016287e+00,-1.968593000825031254e+02,1.307369015000046097e+00
6.050000000000004263e-01,9.759880771450913928e-01,1.924910879211501724e+00,8.512944297161756140e+02,1.338041184425434071e+00
6.100000000000004308e-01,9.826426242737087424e-01,1.249101461092599674e+00,-2.712351512665829887e+02,1.851621917675602136e-01
6.150000000000004352e-01,9.895437835342147936e-01,1.464805419438247824e+00,2.650132668308810366e+02,1.356742651589274207e+00
6.200000000000004396e-01,9.961867662784505972e-01,1.342160517218314419e+00,-1.634553186278304793e+02,1.371102052716185238e+00
6.250000000000004441e-01,1.002815408209722703e+00,1.268740948388029643e+00,-8.571864726940225410e+01,1.747660098833260678e+00
6.300000000000004485e-01,1.009322107911911015e+00,1.214471556438001532e+00,-5.836026998105754160e+01,2.143149029920799364e+00
6.350000000000004530e-01,1.016325055160871349e+00,1.675187345125717320e+00,5.129676891828150929e+02,3.462068682173363943e+00
6.400000000000004574e-01,1.025358351417228198e+00,1.828236741083538286e+00,3.131274593000895123e+01,3.956000354727978063e+00
6.450000000000004619e-01,1.035917765510917743e+00,2.327013833494323336e+00,4.985955217632526626e+01,3.535977451198918597e+00
6.500000000000004663e-01,1.046766845566966087e+00,1.848000490697691678e+00,-1.641119854137958782e+02,2.207888977571604627e+00
6.550000000000004707e-01,1.055121681526149269e+00,1.735690075614752859e+00,1.965901160472459424e+02,1.145668453268821052e+00
6.600000000000004752e-01,1.063534323355573186e+00,1.798631769963433102e+00,2.261330150521139899e+02,-1.359678360202178915e+00
6.650000000000004796e-01,1.072563978014278829e+00,1.611862215342617644e+00,-2.600478403645494723e+02,-2.374099686527057163e+00
6.700000000000004841e-01,1.081020103085915451e+00,1.656626567331576760e+00,-8.043935528956949099e+01,-2.286278176740498047e+00
6.750000000000004885e-01,1.089943428257331703e+00,1.768826640112075133e+00,9.524648075549341897e+00,-2.311945182183758440e+00
6.800000000000004929e-01,1.098376102630727935e+00,1.660762514558785430e+00,3.394270288913650546e+01,-2.727285813946970894e+00
6.850000000000004974e-01,1.106574658307398762e+00,1.681865280894823345e+00,6.380652333854114744e+01,-2.833966559910699790e+00
6.900000000000005018e-01,1.114396199967638612e+00,1.513548389610307687e+00,-6.681983436713856861e+00,-3.126483875325757555e+00
6.950000000000005063e-01,1.121979713153038682e+00,1.505324871569365230e+00,2.846441572442861556e+01,-2.762560895578596742e+00
7.000000000000005107e-01,1.129017769528909865e+00,1.426536991938393895e+00,2.372753591330549483e+01,-3.412516472105516119e+00
7.050000000000005151e-01,1.135842383343348638e+00,1.396347960278240707e+00,3.918399669050127443e+01,-3.401034366822203392e+00
7.100000000000005196e-01,1.142176020838440831e+00,1.458895172842952226e+00,1.485124088827582511e+02,-3.409906173870980606e+00
7.150000000000005240e-01,1.149110839546832130e+00,1.385290302705937338e+00,-1.682816594113677411e+01,-4.037529177213832199e+00
7.200000000000005285e-01,1.155470508102555138e+00,1.432835455242942979e+00,6.523570201765159027e+01,-4.184390325931722998e+00
7.250000000000005329e-01,1.162317694449428007e+00,1.373854901013065177e+00,-6.964529200188248126e+01,-4.022188183799802808e+00
7.300000000000005373e-01,1.168977052107315062e+00,1.409919311128642772e+00,5.862205591787839154e+01,-4.357809916702239050e+00
7.350000000000005418e-01,1.175703178628709544e+00,1.416650587266058636e+00,7.683464422062739629e+01,-4.596229533384534882e+00
7.400000000000005462e-01,1.182382909395862658e+00,1.385171559047304601e+00,-3.689738138976499471e+01,-4.658738046707385116e+00
7.450000000000005507e-01,1.189187000872732991e+00,1.352281785133290004e+00,-1.688630177241143997e+02,-5.448515034873843810e+00
7.500000000000005551e-01,1.195528428976081248e+00,1.271391566456765210e+00,2.241382559829694543e+01,-6.145806486203875707e+00
7.550000000000005596e-01,1.200423094652468770e+00,8.855399197802487077e-01,-1.565628752524676059e+01,-6.032849795515116575e+00
7.600000000000005640e-01,1.203318297067230924e+00,4.463502977600915522e-01,-3.612718501689533923e+01,-5.449506556855164163e+00
7.650000000000005684e-01,1.204261332417379426e+00,8.212265678781374700e-02,-3.422313461728968065e+01,-4.838328028118612067e+00
7.700000000000005729e-01,1.203655839209429423e+00,-2.675239042966613967e-01,-1.213982179981866096e+02,-4.407090771587460765e+00
7.750000000000005773e-01,1.202074972602766856e+00,-4.211347675600047857e-01,-9.432200467423427881e+01,-4.043287677233734279e+00
7.800000000000005818e-01,1.199833398633894932e+00,-5.499710832660248405e-01,-1.011060140388652258e+02,-3.929518568715105520e+00
7.850000000000005862e-01,1.197135993702880041e+00,-6.340155425926521371e-01,-9.446292788829454423e+01,-3.832479622297686017e+00
7.900000000000005906e-01,1.193847328047094036e+00,-7.488208367116380160e-01,-1.070536589595379979e+02,-3.878328001029131222e+00
7.950000000000005951e-01,1.189836976002914604e+00,-9.046956992234866934e-01,-1.079073983801514345e+02,-3.828631848910884372e+00
8.000000000000005995e-01,1.184755954543022627e+00,-1.094271948147813811e+00,5.399621148580390440e+00,-3.790403116624033064e+00
8.050000000000006040e-01,1.178117219157921447e+00,-1.447322914214738132e+00,-2.084833441954069944e+00,-3.798946102241888667e+00
8.100000000000006084e-01,1.169175046774223903e+00,-2.005049641659299997e+00,-4.560029604931821012e+01,-4.260356701464854012e+00
8.150000000000006128e-01,1.157491664769073392e+00,-2.549251582871495447e+00,-5.455018491742209363e+01,-3.676147205830642584e+00
8.200000000000006173e-01,1.142965754046998406e+00,-3.113236312344471290e+00,-4.934018475363500045e+01,-3.167500525399797873e+00
8.250000000000006217e-01,1.125516716616556057e+00,-3.694268971761272446e+00,-3.989282357858409256e+01,-2.595442413186451969e+00
8.300000000000006262e-01,1.104713172098485519e+00,-4.427435487239035794e+00,-7.082320482660706773e+01,-2.636587651450947423e+00
8.350000000000006306e-01,1.080244434990857760e+00,-5.121281010026579317e+00,-6.255173742310892493e+01,-1.825091591630463750e+00
8.400000000000006350e-01,1.053195529787216422e+00,-5.594914130899272919e+00,-3.266022795026377423e+01,-1.134901634997127040e+00
8.450000000000006395e-01,1.022852157489319680e+00,-6.252513974457962753e+00,-6.021447244391386278e+01,-9.267052326861291434e-01
8.500000000000006439e-01,9.908169878298765942e-01,-6.534740778421491925e+00,-2.066279293475988865e+01,-2.047740099459569585e-01
8.550000000000006484e-01,9.573549000298230416e-01,-6.694727620887927166e+00,3.265438343866024695e+01,-1.210938845490172611e-03
8.600000000000006528e-01,9.239781282670933571e-01,-6.634668227653543582e+00,-1.892539639670165741e+01,5.576535385801961731e-01
8.650000000000006573e-01,8.927490212324324936e-01,-6.037059192082854686e+00,6.874252318558107788e+01,7.434363194754864956e-01
8.700000000000006617e-01,8.650137060839304670e-01,-5.246890985657572060e+00,1.391758943564922788e+02,7.143483942746740034e-01
8.750000000000006661e-01,8.433419286310408491e-01,-3.757498463518905485e+00,2.806718359818651720e+02,7.824155524737181899e-01
8.800000000000006706e-01,8.333228154232321661e-01,-8.494979635198833812e-01,5.961796491525880128e+02,1.536384954990408502e+00
8.850000000000006750e-01,8.384642048758749189e-01,1.663128354579027413e+00,8.455025892576896922e+02,2.381231173319862116e+00
8.900000000000006795e-01,8.457526880942484171e-01,1.198720752175904902e+00,-1.071754761131527630e+03,4.154232950613685915e+00
8.950000000000006839e-01,8.535043680680578504e-01,1.770046320631116332e+00,8.711473920130572424e+02,6.439175328556488331e+00
9.000000000000006883e-01,8.594556542310819447e-01,8.042618555525226087e-01,-1.302491883589694908e+03,5.508574777675729450e+00
9.050000000000006928e-01,8.668368171104509079e-01,1.771429206401283096e+00,1.020231969413493289e+03,5.833482932889090478e+00
9.100000000000006972e-01,8.713288724924291850e-01,3.120119700134194596e-01,-1.355430553917135967e+03,4.836942826763705128e+00
9.150000000000007017e-01,8.773718293622230213e-01,1.668041727705606325e+00,1.155590221932205623e+03,5.630164917898935251e+00
9.200000000000007061e-01,8.813438655791807630e-01,2.108076492536135604e-01,-1.218570185099059472e+03,4.689545121168095854e+00
9.250000000000007105e-01,8.863093527808456606e-01,1.488094487744476613e+00,1.130422215049783517e+03,5.657856459304868579e+00
9.300000000000007150e-01,8.897540342680319014e-01,1.629826243808907282e-01,-1.124904122184508424e+03,4.916433861638795477e+00
9.350000000000007194e-01,8.943046562034697722e-01,1.377962174271155860e+00,1.054369905082905234e+03,5.775741984077145119e+00
9.400000000000007239e-01,8.974820907608275222e-01,1.487357328576179860e-01,-1.053783890816729127e+03,4.914802207068638573e+00
9.450000000000007283e-01,9.018265176735577038e-01,1.285340083352856100e+00,9.558991869286414840e+02,5.843566196394553991e+00
9.500000000000007327e-01,9.047822294354678219e-01,1.124906653145383018e-01,-1.055311587807315163e+03,5.087571536459325472e+00
9.550000000000007372e-01,9.091410747466327491e-01,1.231845921700940760e+00,8.596996053241347227e+02,5.853258699106831386e+00
9.600000000000007416e-01,9.120186507878883519e-01,9.267822384567511729e-02,-1.057575145858736278e+03,5.009285756147706437e+00
9.650000000000007461e-01,9.165243264959626046e-01,1.194274247494853114e+00,7.545986950402833600e+02,5.764282586148096854e+00
9.700000000000007505e-01,9.194262943459857729e-01,9.414258626369044480e-02,-1.063831657364138664e+03,4.946489354893345514e+00
9.750000000000007550e-01,9.240758922889167337e-01,1.151992086453361930e+00,6.543237198048605023e+02,5.629340559756036200e+00
9.800000000000007594e-01,9.270344615039993741e-01,1.234607659481806730e-01,-1.064224574243101870e+03,4.834850187507093722e+00
9.850000000000007638e-01,9.318104742634377713e-01,1.094466191791435783e+00,5.463586951670808958e+02,5.489155704734491437e+00
9.900000000000007683e-01,9.348115057702277575e-01,1.654940608736480412e-01,-1.064254335925188570e+03,4.700093072092994539e+00
9.950000000000007727e-01,9.396329284450964936e-01,1.026611182199426153e+00,4.420590654729966218e+02,5.350358660308759617e+00
1.000000000000000666e+00,9.427352609142215512e-01,2.602858470266163904e-01,-1.063744433720452662e+03,4.556106275259899085e+00
1.005000000000000560e+00,9.474499861068950146e-01,9.369529091553695510e-01,3.114418815264011187e+02,5.218708578988731972e+00
1.010000000000000453e+00,9.507948412784352765e-01,4.465906599435870983e-01,-1.074882328249756029e+03,4.402673089991942845e+00
1.015000000000000346e+00,9.552494529880286578e-01,9.144440139168463766e-01,3.026337959807650577e+02,5.101007935203816679e+00
1.020000000000000240e+00,9.592207030628756570e-01,7.141276171787080962e-01,-9.341937094515864146e+02,4.250020789646521635e+00
1.025000000000000133e+00,9.628427058757602630e-01,1.416942904806554493e+00,1.506746393020526739e+03,5.000997334515905557e+00
1.030000000000000027e+00,9.663912420632824185e-01,5.566013362861288449e-01,-1.417339797097816927e+02,4.320397581528029995e+00
1.034999999999999920e+00,9.698885162599039100e-01,2.079189213262717384e-01,-5.828628318877009633e+02,4.471210522275448795e+00
1.039999999999999813e+00,9.750461919365738250e-01,8.972826612834052806e-01,-6.587600416978872317e+02,4.107920558418698853e+00
1.044999999999999707e+00,9.802541668493660598e-01,1.819680916332289788e+00,1.414172761352644557e+03,4.580765703061525862e+00
1.049999999999999600e+00,9.852321839218096677e-01,4.465845257022207360e-01,-6.446017941831360076e+02,3.576880070219266461e+00
1.054999999999999494e+00,9.896358421529277694e-01,7.911243510543889412e-01,-5.077056259328649617e+02,3.909387144852436435e+00
1.059999999999999387e+00,9.943631211710395323e-01,1.690853318255073789e+00,1.368284460495247004e+03,3.954517515691753360e+00
1.064999999999999281e+00,9.982329777384344460e-01,7.958178807371392438e-02,-6.994923452333840714e+02,3.243991624672594831e+00
1.069999999999999174e+00,1.003092436872383031e+00,8.948863055096536456e-01,-6.391100376073918596e+02,3.399038691699331594e+00
1.074999999999999067e+00,1.007911015023323031e+00,1.530834201758660251e+00,1.172263076584452847e+03,3.019555444624679286e+00
1.079999999999998961e+00,1.010929238803542018e+00,1.690040426578784116e-01,-5.340264647715315505e+02,2.642847060067443188e+00
1.084999999999998854e+00,1.016044673145283905e+00,9.565093167829535892e-01,-6.331017717504073516e+02,2.445165127800961624e+00
1.089999999999998748e+00,1.018133682104527038e+00,-1.219265903554542924e-01,-6.121866282665660037e+02,2.209452970603375643e+00
1.094999999999998641e+00,1.021929396510862897e+00,3.645600832315272211e-01,-5.316598835529767939e+02,2.091064591394094840e+00
1.099999999999998535e+00,1.027421683544258002e+00,8.276080951717650347e-01,-7.519208071926763068e+02,1.422093914821401128e+00
1.104999999999998428e+00,1.031890897666875473e+00,1.491477517082112625e+00,1.041079258251691272e+03,1.413058723593600963e+00
1.109999999999998321e+00,1.036428539592826548e+00,5.250287586527051520e-01,-4.434623247374257176e+02,1.217130961700599867e-01
1.114999999999998215e+00,1.042160130347208558e+00,1.021373226127185063e+00,-5.715459011527851771e+02,1.446858201918347353e-01
1.119999999999998108e+00,1.047363209575229659e+00,1.502329274115489000e+00,9.834661272809306638e+02,7.096578177306300805e-03
1.124999999999998002e+00,1.052073489122199446e+00,5.815473946842030228e-01,-4.302801671741358405e+02,-9.083041488237925121e-01
1.129999999999997895e+00,1.057886915381403670e+00,1.096652102921787275e+00,-4.624113728569819841e+02,-9.137885537030588923e-01
1.134999999999997788e+00,1.063521201208545097e+00,1.555206776928460322e+00,8.175229475517630817e+02,-9.195589699489661317e-01
1.139999999999997682e+00,1.068347982780083916e+00,7.096204954224726302e-01,-2.605854198819777707e+02,-1.833240199813153115e+00
1.144999999999997575e+00,1.074079839974276585e+00,1.078402825067027893e+00,-3.761982817313437408e+02,-1.456476550287904681e+00
1.149999999999997469e+00,1.079902041682968994e+00,1.499579967036802852e+00,7.264491207833585804e+02,-1.781453803631929622e+00
1.154999999999997362e+00,1.085137331632605839e+00,7.949194983833124395e-01,-2.906279553529543591e+02,-2.524725849647764697e+00
1.159999999999997256e+00,1.091005986007288042e+00,1.114856993873455604e+00,-3.261790661264178652e+02,-2.560318122509531058e+00
1.164999999999997149e+00,1.096763187263252837e+00,1.454543157147179633e+00,5.645999966635829423e+02,-2.472935986469600333e+00
1.169999999999997042e+00,1.101878568595212826e+00,8.908372278421594626e-01,-9.561597314357342725e+01,-3.469304445121382585e+00
1.174999999999996936e+00,1.107419915299875601e+00,1.033312556100660196e+00,-2.828853162986424081e+02,-2.946563606143965952e+00
1.179999999999996829e+00,1.112991046256742278e+00,1.327893590014607383e+00,4.906362560351012121e+02,-3.403111937684132560e+00
1.184999999999996723e+00,1.117988314717871523e+00,8.833128224191132416e-01,-1.154696276060546012e+02,-4.020309088583811530e+00
1.189999999999996616e+00,1.122232223659691108e+00,7.150827525676429763e-01,-2.496994736944581348e+02,-3.955603268377075210e+00
1.194999999999996509e+00,1.125688513432455684e+00,9.103376148386741473e-01,4.431228881370752219e+02,-2.460549460434195090e+00
1.199999999999996403e+00,1.127737354384802604e+00,2.173310680154899033e-01,-2.154442833070743006e+02,-2.450280372873130830e+00
1.204999999999996296e+00,1.129037135113077017e+00,2.587739790771500514e-01,1.940396592502611028e+01,-1.867045758633898878e+00
1.209999999999996190e+00,1.129107843757398699e+00,-1.584185339733424069e-01,-4.590415737721040159e+02,-2.499845603358632928e+00
1.214999999999996083e+00,1.127818103257212545e+00,-1.972390461815328733e-01,1.752543859194217077e+02,-2.414972725961617606e+00
1.219999999999995977e+00,1.125397618302864666e+00,-4.909725297900570107e-01,1.128215590084067621e+01,-2.845384095472005104e+00
1.224999999999995870e+00,1.121600733890818047e+00,-7.843833661492422005e-01,1.001871077795395308e+02,-3.015412983399921476e+00
1.229999999999995763e+00,1.117296167395819939e+00,-9.540805800780406409e-01,-8.057864588491705149e+01,-3.414021334742395108e+00
1.234999999999995657e+00,1.113960356975220334e+00,-8.462820711023067988e-01,-2.608199039320626866e+02,-2.869341552676278884e+00
1.239999999999995550e+00,1.109254172625883106e+00,-9.782032250752337177e-01,-1.961244797303298981e-01,-2.910355881948801127e+00
1.244999999999995444e+00,1.103969617210915688e+00,-1.119445964418108952e+00,-1.228604283296320858e+02,-3.178472080926286303e+00
1.249999999999995337e+00,1.100034530960524171e+00,-7.760610157538274656e-01,8.777478996859632332e+01,-2.550479215976107383e+00
1.254999999999995230e+00,1.096963772022441441e+00,-4.227091426831515730e-01,1.041644823533130051e+02,-2.937756896834896381e+00
1.259999999999995124e+00,1.095766025406222921e+00,-6.699686035574883847e-02,1.900658920292224536e+02,-2.228209077115580250e+00
1.264999999999995017e+00,1.096027075335767931e+00,6.424820618678983575e-02,-9.635973592954731259e+01,-2.707847430685654810e+00
1.269999999999994911e+00,1.097662974410487102e+00,4.688178508492553132e-01,1.729025276760612257e+02,-2.143285947793022839e+00
1.274999999999994804e+00,1.099969240466357689e+00,4.341745984077609033e-01,-1.275786888036689675e+02,-2.646015181200808364e+00
1.279999999999994698e+00,1.103035479599893121e+00,7.051312918286406495e-01,1.469305307630237394e+02,-2.147254306874433638e+00
1.284999999999994591e+00,1.106301832464075652e+00,6.024287388152045342e-01,-1.478764946562581315e+02,-2.654438566484504936e+00
1.289999999999994484e+00,1.110169371223504342e+00,8.671682771093621733e-01,1.764163844988568144e+02,-2.201530607985410448e+00
1.294999999999994378e+00,1.114084694375323981e+00,7.327539990331639608e-01,-1.435200342958031285e+02,-2.834307710576674300e+00
1.299999999999994271e+00,1.118582287270417197e+00,9.905515124980894814e-01,1.662203810479977619e+02,-2.386946607022902178e+00
1.304999999999994165e+00,1.123239532554101139e+00,9.029771644638530104e-01,-1.193653000139439229e+02,-3.051005183401316767e+00
1.309999999999994058e+00,1.128556477822877380e+00,1.154237078459509735e+00,1.627075514531143767e+02,-2.643359552252283695e+00
1.314999999999993952e+00,1.133981114843139126e+00,1.166803946551518534e+00,1.632936953322696922e+02,-3.289584296613947689e+00
1.319999999999993845e+00,1.140108358425381496e+00,1.187973378760609044e+00,-1.243904428373983393e+02,-2.900541733033619174e+00
1.324999999999993738e+00,1.146682460218513722e+00,1.312252521110635284e+00,-6.196895208965252522e+01,-3.571126376980673811e+00
1.329999999999993632e+00,1.153723891650679789e+00,1.486208624854314486e+00,9.676196728036838124e+01,-3.039962004883219659e+00
1.334999999999993525e+00,1.161184184148629450e+00,1.504849153746782298e+00,3.061789408788123268e+01,-3.711333959721336395e+00
1.339999999999993419e+00,1.169039233374868925e+00,1.579984687182668601e+00,-2.193514926719186064e+01,-3.387401397504526734e+00
1.344999999999993312e+00,1.177027527366075965e+00,1.537300284254040639e+00,-1.506842594919449141e+02,-4.025993428718967593e+00
1.349999999999993205e+00,1.185365580608734426e+00,1.673669400754608683e+00,4.091888522359809599e+01,-3.371887838972088769e+00
1.354999999999993099e+00,1.193772355582511269e+00,1.668275924932361098e+00,-4.969982097216929873e+01,-4.102944905757161642e+00
1.359999999999992992e+00,1.202397739839878854e+00,1.749615035307028776e+00,5.168136564153694223e+01,-3.867617396311538780e+00
1.364999999999992886e+00,1.210902922467907983e+00,1.634278000379066675e+00,-1.753054389725467956e+02,-4.082289299191595333e+00
1.369999999999992779e+00,1.219668423705013049e+00,1.824112046078837146e+00,1.729221662549333587e+02,-3.719479098359621094e+00
1.374999999999992673e+00,1.228029968313424369e+00,1.561333767265364880e+00,-1.938841603460980139e+02,-4.448697618458483660e+00
1.379999999999992566e+00,1.236447570388126582e+00,1.706431570882934956e+00,5.992857629818719545e+01,-3.665281965927662533e+00
1.384999999999992459e+00,1.244369818810742157e+00,1.513951151192835631e+00,-7.690365055788180371e+01,-4.195563176171557274e+00
1.389999999999992353e+00,1.252030314913805453e+00,1.569318728407372410e+00,1.060939439800359168e+02,-3.925624466380772226e+00
1.394999999999992246e+00,1.258726913299406114e+00,1.184025804306128693e+00,-2.187588577094255129e+02,-4.443650749124543609e+00
1.399999999999992140e+00,1.265015111389314661e+00,1.247057031450227171e+00,1.363446903983996492e+02,-3.500412944244968738e+00
1.404999999999992033e+00,1.270337569309899939e+00,9.897665116637937022e-01,-9.579237177824096250e+01,-4.007839810696279592e+00
1.409999999999991926e+00,1.274454875929554198e+00,6.759112833728823100e-01,-1.832977238083988070e+01,-4.258355160325520750e+00
1.414999999999991820e+00,1.276350269576373764e+00,1.251475500787968820e-01,-2.784839264434325514e+02,-4.254632188167229323e+00
1.419999999999991713e+00,1.275430060984389380e+00,-3.818618769763397758e-01,5.724392053245527734e+01,-3.705799108575884571e+00
1.424999999999991607e+00,1.271418762536141722e+00,-1.087977068091538824e+00,-2.265233250044211104e+02,-3.540444523261466525e+00
1.429999999999991500e+00,1.264449353772677975e+00,-1.579834000933623805e+00,-5.670883152477127709e+00,-2.939127345260050372e+00
1.434999999999991394e+00,1.255318166508190725e+00,-2.077024343094631131e+00,-2.983317811407632689e+02,-2.571824154314168887e+00
1.439999999999991287e+00,1.244495431547706144e+00,-2.155811397601751445e+00,1.620209292771338028e+02,-2.206057475106703691e+00
1.444999999999991180e+00,1.233064626709644784e+00,-2.358309530502364915e+00,-7.196570520551648542e+01,-2.435289174956227320e+00
1.449999999999991074e+00,1.221816275991578937e+00,-2.067479926576030191e+00,2.049636200822426417e+02,-2.305611869618558352e+00
1.454999999999990967e+00,1.210999327362169753e+00,-2.212729494448623768e+00,-1.233897225156383541e+02,-2.742404244944848912e+00
1.459999999999990861e+00,1.201165649669607260e+00,-1.844516940901038016e+00,1.415324292546268055e+02,-2.142035090988667179e+00
1.464999999999990754e+00,1.191613793092224816e+00,-1.909494969215256521e+00,-4.811023247598851782e+01,-2.728164304525320993e+00
1.469999999999990647e+00,1.182594268830512885e+00,-1.787114051351307298e+00,-1.412155956396885159e+01,-2.421270480991048579e+00
1.474999999999990541e+00,1.173778956540767027e+00,-1.699501833494891478e+00,1.010201929028292085e+02,-2.964361756648919322e+00
1.479999999999990434e+00,1.165144203516258692e+00,-1.765074893799003064e+00,-7.816059951511446968e+01,-3.105587354488544172e+00
1.484999999999990328e+00,1.157180467790263068e+00,-1.562826807586153777e+00,-1.040663566259685524e+01,-3.133076398929401041e+00
1.489999999999990221e+00,1.149584383813602173e+00,-1.513317247778643848e+00,-4.729872924466813622e+00,-2.865617423306411560e+00
1.494999999999990115e+00,1.141732733196676453e+00,-1.604549247037479365e+00,-9.796653970493234453e+01,-3.485185858271275805e+00
1.499999999999990008e+00,1.133327547513322653e+00,-1.705564951703342214e+00,2.687502116262500351e+01,-3.114534120171324805e+00
1.504999999999989901e+00,1.124355110925627343e+00,-1.827102901228801368e+00,-2.791709705289163068e+00,-3.519021962569162554e+00
1.509999999999989795e+00,1.114766537919275935e+00,-1.981459904059633681e+00,-8.158642679190035096e+01,-2.851515590193788086e+00
1.514999999999989688e+00,1.104312844799681281e+00,-2.125781273916158121e+00,4.370901141072499030e+01,-3.093500871485900472e+00
1.519999999999989582e+00,1.093091134932981046e+00,-2.269963955231089514e+00,6.563207198216869642e+01,-2.897622290842805093e+00
1.524999999999989475e+00,1.081126411275164845e+00,-2.410727729991681834e+00,-1.620598335424456790e-02,-3.144830344707346015e+00
1.529999999999989369e+00,1.068630799432730205e+00,-2.557720179547966044e+00,-7.347497995106392921e+01,-2.369752078658410532e+00
1.534999999999989262e+00,1.055386789493243826e+00,-2.682232781843445490e+00,1.276194126878750623e+01,-2.571922172162974363e+00
1.539999999999989155e+00,1.041626589411626780e+00,-2.702507711968086923e+00,1.080098800926654832e+02,-2.334292130565740919e+00
1.544999999999989049e+00,1.027591941174154311e+00,-2.800169741862873263e+00,1.044062658032276758e+01,-2.567232154285663981e+00
1.549999999999988942e+00,1.013318165993706055e+00,-2.880488956465278250e+00,-4.631203086540277525e+01,-1.814906698773876670e+00
1.554999999999988836e+00,9.986818072500501797e-01,-2.938764124567537550e+00,1.043601950373423648e+01,-2.058840005432022391e+00
1.559999999999988729e+00,9.838317375912508655e-01,-2.913390673912336304e+00,9.053875355181887130e+01,-1.709607295392434834e+00
1.564999999999988622e+00,9.691059086299952385e-01,-2.909432826505046421e+00,2.529167321389332912e+01,-1.961623931135526577e+00
1.569999999999988516e+00,9.546484508683906745e-01,-2.874111942983812895e+00,-1.155327444263093639e+00,-1.569635028308519642e+00
1.574999999999988409e+00,9.402578628563300622e-01,-2.886250268656038287e+00,-4.511283486863811021e+01,-1.522887759417493658e+00
1.579999999999988303e+00,9.256381852421009526e-01,-2.874683152920760154e+00,1.266657507539818113e+02,-1.181835761111697636e+00
1.584999999999988196e+00,9.108453317233489166e-01,-2.950927403607602528e+00,2.972799129482297431e+01,-1.577456503108048524e+00
1.589999999999988090e+00,8.958203415795968905e-01,-3.023184676271712057e+00,-1.708953174734614322e+01,-1.059927911540032186e+00
1.594999999999987983e+00,8.806419186444264247e-01,-3.049713558020814563e+00,-4.359841800516132793e+01,-1.008647619044977795e+00
1.599999999999987876e+00,8.652364492794688555e-01,-3.037450288177804048e+00,1.065744369988987046e+02,-6.760845252862839327e-01
1.604999999999987770e+00,8.495286411042873853e-01,-3.147515522099685992e+00,-1.049880981252411871e+01,-1.119655930116114861e+00
1.609999999999987663e+00,8.337060751003269043e-01,-3.158425046548905435e+00,1.393757621458148321e+01,-5.225357426630872215e-01
1.614999999999987557e+00,8.176964815091535277e-01,-3.218250152274940490e+00,-3.763033694870896539e+01,-5.313654843982569265e-01
1.619999999999987450e+00,8.014467676120878847e-01,-3.222139762515060735e+00,7.250213574336044076e+01,-1.365668896803846621e-01
1.624999999999987343e+00,7.846902204049085450e-01,-3.415741606309934397e+00,-6.730036481106608903e+01,-5.911772397441981131e-01
1.629999999999987237e+00,7.678506828280725616e-01,-3.345005796908702145e+00,9.003868228524149586e+00,4.410057669541609382e-01
1.634999999999987130e+00,7.508983855160292764e-01,-3.411039836983946305e+00,-3.495285768153554073e+01,-9.013907047151170637e-02
1.639999999999987024e+00,7.338391846358467419e-01,-3.359642859866063258e+00,5.639024812930180275e+01,4.236228880672219255e-01
1.644999999999986917e+00,7.171456490219280111e-01,-3.315012858813134233e+00,-8.187324447794916082e+00,6.473831438423682805e-02
1.649999999999986811e+00,7.029188549804560315e-01,-2.528936461678050751e+00,1.841532014985229466e+02,1.080794944006891800e+00
1.654999999999986704e+00,6.927837867678530159e-01,-1.684855443127137420e+00,1.610373456408087804e+02,5.154528653167714802e-01
1.659999999999986597e+00,6.888408102690792845e-01,-2.257752978875207650e-01,2.776342678264701362e+02,8.360616359830694844e-01
1.664999999999986491e+00,6.932176147504141017e-01,1.206452576640284935e+00,4.275093948800596309e+02,2.053731446537570449e+00
1.669999999999986384e+00,6.976354398754676112e-01,6.638708430731211640e-01,-6.436834756160048983e+02,3.511653425404598128e+00
1.674999999999986278e+00,7.039613984339930797e-01,1.458324305151255995e+00,5.317459675881954126e+02,5.636028090923036693e+00
1.679999999999986171e+00,7.091081466040217718e-01,6.729999824775854123e-01,-8.335953829126572145e+02,5.970442962184115743e+00
1.684999999999986064e+00,7.159549261969074818e-01,1.743840088578321401e+00,8.198524646356505627e+02,6.692135118592857701e+00
1.689999999999985958e+00,7.220553741181049423e-01,8.501687839231152344e-01,-8.838954206871758288e+02,5.837186717890120669e+00
1.694999999999985851e+00,7.297224586872159691e-01,1.965362574534905482e+00,8.923838197164869825e+02,6.405437080947343986e+00
1.699999999999985745e+00,7.368968233566801640e-01,1.083444775485986389e+00,-8.538500988656613799e+02,5.507478079804661419e+00
1.704999999999985638e+00,7.453488288335765599e-01,2.111202975229247158e+00,8.851126546565844819e+02,6.022799298948774194e+00
1.709999999999985532e+00,7.532556702298345286e-01,1.225845716560234333e+00,-8.728004410164081719e+02,5.161286567070923148e+00
1.714999999999985425e+00,7.624391617677920285e-01,2.233746542301905169e+00,8.611968390923243533e+02,5.701041758836222328e+00
1.719999999999985318e+00,7.709202368631427049e-01,1.327306353351813017e+00,-8.743220965878310835e+02,4.903856520061927959e+00
1.724999999999985212e+00,7.805801137509754684e-01,2.312531655548856424e+00,8.426238237116137952e+02,5.465048088401406545e+00
1.729999999999985105e+00,7.893963573280622370e-01,1.386700810040455201e+00,-8.706181690316465165e+02,4.734396050284998658e+00
1.734999999999984999e+00,7.992393914198041571e-01,2.330772920578405571e+00,8.210462331482769969e+02,5.331414549654946100e+00
1.739999999999984892e+00,8.081192808798544069e-01,1.395570321800521318e+00,-8.579388509686439193e+02,4.677490511590400857e+00
1.744999999999984786e+00,8.179089712836593584e-01,2.291190220183589865e+00,7.794126150372953816e+02,5.310896384935118064e+00
1.749999999999984679e+00,8.266304962022787972e-01,1.367362126038305981e+00,-8.360602217298816186e+02,4.743623036229129397e+00
1.754999999999984572e+00,8.361557069805162223e-01,2.204299875791349450e+00,7.168900345760885102e+02,5.417678543069873065e+00
1.759999999999984466e+00,8.444971731957942040e-01,1.296401997577630194e+00,-8.012278468098617168e+02,4.908106750516822103e+00
1.764999999999984359e+00,8.535671957302497503e-01,2.064759840679208480e+00,6.456031972351319155e+02,5.580563809205926873e+00
1.769999999999984253e+00,8.614393715071626545e-01,1.211253187457943747e+00,-7.706793528020103849e+02,5.129885454151725810e+00
1.774999999999984146e+00,8.699706775063403841e-01,1.914692904463918932e+00,5.732663650249155580e+02,5.807926804453422243e+00
1.779999999999984039e+00,8.772608154871807118e-01,1.095375503201233780e+00,-7.447530246954573840e+02,5.383976488296637442e+00
1.784999999999983933e+00,8.851660660665245928e-01,1.738174971718388973e+00,4.901380067889567727e+02,6.018951843138450997e+00
1.789999999999983826e+00,8.918023341157429451e-01,9.649443060329351285e-01,-7.256805269451267577e+02,5.602093627544580734e+00
1.794999999999983720e+00,8.990634082461860244e-01,1.549609749773585010e+00,3.985937319554475948e+02,6.209907515861981864e+00
1.799999999999983613e+00,9.050102713971510671e-01,8.145767523510869523e-01,-7.309665745209753140e+02,5.809682816318707310e+00
1.804999999999983507e+00,9.116471749383172618e-01,1.380830176344874705e+00,3.374903439961468621e+02,6.412380266027827069e+00
1.809999999999983400e+00,9.169756755155714645e-01,6.178925256443001945e-01,-9.381727718734064183e+02,5.988326011750669586e+00
1.814999999999983293e+00,9.234665864537737745e-01,1.309295185488666080e+00,3.311131805480211483e+02,6.600068390868677248e+00
1.819999999999983187e+00,9.284319657428224959e-01,5.652382972338062528e-01,-9.725922129951571833e+02,5.887308270766887119e+00
1.824999999999983080e+00,9.346665050676505881e-01,1.296814399750830793e+00,3.850793084858201496e+02,6.425518597725197623e+00
1.829999999999982974e+00,9.393516958234663372e-01,5.543700385171494993e-01,-1.039473422086446817e+03,5.703942261146390358e+00
1.834999999999982867e+00,9.452597706870570216e-01,1.298324779965275289e+00,5.086333476921249712e+02,6.043579971662534689e+00
1.839999999999982760e+00,9.497393228241646224e-01,5.558137230220336900e-01,-1.055034801250271357e+03,5.272054511717252367e+00
1.844999999999982654e+00,9.554063488250003067e-01,1.321074503039465720e+00,6.351741851031824808e+02,5.726346754765467395e+00
1.849999999999982547e+00,9.598540511715328849e-01,5.688369538214675947e-01,-1.038583182333851255e+03,4.843670500936246626e+00
1.854999999999982441e+00,9.653572998177030184e-01,1.357109370346864186e+00,7.498328162782335085e+02,5.398068814353550238e+00
1.859999999999982334e+00,9.698254543234736680e-01,5.674309216720435645e-01,-1.010701616089613935e+03,4.502913248954346415e+00
1.864999999999982228e+00,9.754889686990622089e-01,1.488578948715275185e+00,9.274852630550174126e+02,5.113970421848402559e+00
1.869999999999982121e+00,9.800117086740144368e-01,5.058793818522546726e-01,-1.017636483584808843e+03,4.055535413069325301e+00
1.874999999999982014e+00,9.855939755283494863e-01,1.419703879630874299e+00,8.355918905291121064e+02,4.797526984432209929e+00
1.879999999999981908e+00,9.900973942999715671e-01,5.510424193127203552e-01,-9.384983646156882742e+02,3.988694887212957951e+00
1.884999999999981801e+00,9.953960432726315366e-01,1.386514509631980863e+00,8.259375512069229899e+02,4.459217067894867270e+00
1.889999999999981695e+00,1.000023128174890141e+00,5.759651069556215308e-01,-1.057490818579581855e+03,3.494083185377270251e+00
1.894999999999981588e+00,1.005454579043249419e+00,1.424191354634778417e+00,9.300707869234244072e+02,4.241173387985020860e+00
1.899999999999981481e+00,1.010219090668325270e+00,6.770649030083271125e-01,-8.373193331428179818e+02,3.171343717260945994e+00
1.904999999999981375e+00,1.015551210699675577e+00,1.495215476887924222e+00,9.227477962950014216e+02,3.655778358003007433e+00
1.909999999999981268e+00,1.020277950923845545e+00,5.349952928823401566e-01,-9.722052609153623735e+02,2.755727536721062076e+00
1.914999999999981162e+00,1.026297187569958691e+00,1.466957480420344906e+00,7.380978612968053767e+02,3.316159202860067268e+00
1.919999999999981055e+00,1.031209944974160519e+00,7.402952054776184010e-01,-8.395945514826595399e+02,2.416023936048232734e+00
1.924999999999980949e+00,1.037042662742260868e+00,1.356483441466080242e+00,6.422179515946727406e+02,2.918999842538809286e+00
1.929999999999980842e+00,1.042590971048664272e+00,8.624734968280437508e-01,-9.133106714733185072e+02,2.114421822236742798e+00
1.934999999999980735e+00,1.048193663989967384e+00,1.752885847988264301e+00,1.241165211186143551e+03,3.266906466023359545e+00
1.939999999999980629e+00,1.053761144198510857e+00,9.310758748617127267e-01,-2.372877145796274760e+02,2.858268165935654803e+00
1.944999999999980522e+00,1.059157471487815583e+00,1.600299196267347179e+00,9.046928979700337550e+02,4.008322048949668925e+00
1.949999999999980416e+00,1.064654215295126605e+00,1.510244397721393073e+00,7.830449417777437020e+02,5.004508735116370843e+00
1.954999999999980309e+00,1.070751476305912941e+00,1.087327782561188005e+00,-3.288784808342708033e+01,5.405176694572059404e+00
1.959999999999980203e+00,1.075694429729278312e+00,9.326317984078285050e-01,-1.328466414281934647e+02,4.833136725869583650e+00
1.964999999999980096e+00,1.081071548065470012e+00,1.025550668973470803e+00,4.225423624016389823e+01,4.080706241637481746e+00
1.969999999999979989e+00,1.084114597301050198e+00,6.928558324975586658e-01,1.344229309854004271e+02,1.962675666968936472e+00
1.974999999999979883e+00,1.087578359797132688e+00,5.701041964807468387e-01,-2.055271975906811406e+02,5.651548985767533839e-01
1.979999999999979776e+00,1.091308694050716177e+00,8.186005426699246579e-01,2.192975586040839175e+02,-8.561012039089765935e-01
1.984999999999979670e+00,1.094794290955528604e+00,6.018375906674833242e-01,-2.211792329349915178e+02,-7.066242959306774374e-01
1.989999999999979563e+00,1.097510730916084531e+00,5.978048911842487323e-01,1.668616186797745797e+02,-1.309370764571225587e+00
1.994999999999979456e+00,1.100230231517776547e+00,5.651333274729224421e-01,5.309020237044082080e+01,-9.659854625698907071e-01
1.999999999999979350e+00,1.102721796531743070e+00,4.508128622602858848e-01,-1.206838004102642969e+02,-1.453270277414133949e+00
2.004999999999979465e+00,1.105265488588857759e+00,4.685581212087048253e-01,-2.483532796406211673e+01,-1.239243696942034401e+00
2.009999999999979359e+00,1.107866386929535318e+00,5.379172295244935009e-01,2.488856428917434638e+00,-1.701261850503311912e+00
2.014999999999979252e+00,1.110727597610025930e+00,6.026969298596580593e-01,1.439458705891289014e+01,-1.345030262318799963e+00
2.019999999999979146e+00,1.113808405329587359e+00,6.705239722338913744e-01,1.253243841399509932e+02,-1.841280467019768885e+00
2.024999999999979039e+00,1.117246263137377404e+00,6.352568699713174727e-01,-1.286847045493701103e+02,-1.636658212733117956e+00
2.029999999999978932e+00,1.121041905577549569e+00,8.600574826103032366e-01,2.010929974429638776e+02,-2.113812750193135415e+00
2.034999999999978826e+00,1.124911787161598786e+00,6.981649934981832839e-01,-1.256756093283595703e+02,-2.067666814274902176e+00
2.039999999999978719e+00,1.129229387945047680e+00,9.364519726761336704e-01,1.306054544364779986e+02,-2.468959063118805641e+00
2.044999999999978613e+00,1.133291330737321578e+00,6.635072372425835363e-01,-3.637869503122232686e+02,-2.393660742737241165e+00
2.049999999999978506e+00,1.137715519805468478e+00,9.952883958851068691e-01,2.605108417920340003e+02,-2.615913217313360573e+00
2.054999999999978400e+00,1.142045485872930977e+00,7.644177328312476982e-01,-2.589134279624482815e+02,-2.551228221428977427e+00
2.059999999999978293e+00,1.146572996467336791e+00,9.484084863442489022e-01,1.977666242018656249e+02,-2.889303438642065291e+00
2.064999999999978186e+00,1.150915697632676649e+00,7.064676659368614997e-01,-3.685754478148836029e+02,-3.089414380903802826e+00
2.069999999999978080e+00,1.155492493630152717e+00,9.900478209570590105e-01,2.053545662507700911e+02,-3.051802230964336449e+00
2.074999999999977973e+00,1.159979946182373878e+00,9.501352994243730254e-01,-6.392839258608456987e+01,-3.351305571747278833e+00
2.079999999999977867e+00,1.164663983148952697e+00,1.043783012906631891e+00,1.458949133480250566e+02,-3.507513188790624348e+00
2.084999999999977760e+00,1.169587818452424210e+00,1.021422324216035404e+00,8.052071417681629839e+01,-3.536634164336056152e+00
2.089999999999977653e+00,1.174374631140497227e+00,9.812520997254657873e-01,-7.219765935812473856e+01,-3.870832272438678778e+00
2.094999999999977547e+00,1.180062107747721356e+00,1.189641921079323872e+00,2.484321939002956370e+01,-3.587167602762285856e+00
2.099999999999977440e+00,1.185788802898485317e+00,1.110583489945940139e+00,1.246447222224780234e+02,-4.104060447008953894e+00
2.104999999999977334e+00,1.191608662051167444e+00,1.145049589188852579e+00,-1.892194812004905558e+01,-4.746957519190129204e+00
2.109999999999977227e+00,1.197578693087632651e+00,1.181490960247933097e+00,-5.900045355551080206e+01,-4.372680696887130125e+00
2.114999999999977121e+00,1.203741163358532429e+00,1.262673667965575897e+00,1.256970489611905748e+02,-4.281297109434004433e+00
2.119999999999977014e+00,1.209810223578588806e+00,1.188195113937063896e+00,-3.387985043280889386e+01,-5.080138023780500944e+00
2.124999999999976907e+00,1.215898104213603448e+00,1.172590432186486620e+00,-6.533769207750096086e+01,-4.857847065679834486e+00
2.129999999999976801e+00,1.221733570031110050e+00,1.129854443323506263e+00,-1.430401980999051403e+01,-5.544276888719657848e+00
2.134999999999976694e+00,1.227297340194324571e+00,1.100790524747194299e+00,-1.053927169530479091e+01,-5.463525589577611363e+00
2.139999999999976588e+00,1.232581380511764690e+00,1.028491694189605177e+00,-4.131373113924012586e+01,-5.105090615728948400e+00
2.144999999999976481e+00,1.237203864844725221e+00,8.583464587514074706e-01,-1.675787054390574937e+01,-6.080004946843263980e+00
2.149999999999976374e+00,1.240927879426285685e+00,6.846827742291423657e-01,-9.539309240317306759e+00,-5.641776815079332152e+00
2.154999999999976268e+00,1.243571938934211030e+00,4.595801560402013597e-01,-1.434080344767516557e+01,-5.563163547701903688e+00
2.159999999999976161e+00,1.244871096899109242e+00,1.562617657429062612e-01,-5.481480593984449001e+01,-5.078539566191459187e+00
2.164999999999976055e+00,1.244303720223009169e+00,-3.157065930186110370e-01,-1.227049254151562820e+02,-5.723116432700447120e+00
2.169999999999975948e+00,1.241538100822909385e+00,-7.773540312482760672e-01,-1.249252067939598589e+02,-5.040148190678002571e+00
2.174999999999975842e+00,1.236553344509530250e+00,-1.126829804627098586e+00,-4.478193748980613975e+01,-4.450801706296353188e+00
2.179999999999975735e+00,1.229186782838742387e+00,-1.624503919497076065e+00,-7.782159407808401852e+01,-4.381013360897362041e+00
2.184999999999975628e+00,1.219255969447844423e+00,-2.125789517047342869e+00,-1.344616347876751661e+01,-3.719175770802127801e+00
2.189999999999975522e+00,1.206464736930041415e+00,-2.808029160318276762e+00,-1.753157819800085804e+02,-3.409726325111410716e+00
2.194999999999975415e+00,1.190224805560980981e+00,-3.574040622310421522e+00,-1.603975043883218348e+02,-3.200150702095954092e+00
2.199999999999975309e+00,1.170107181499745685e+00,-4.351990366099667717e+00,-1.814974207147839138e+02,-2.242260631709274588e+00
2.204999999999975202e+00,1.150007429637552869e+00,-3.793320741389158535e+00,1.104498311497163598e+02,-1.711849346942906580e+00
2.209999999999975095e+00,1.139587694015447461e+00,-9.817964844015559800e-01,5.508884788167282522e+02,-2.147717499242011385e+00
2.214999999999974989e+00,1.144857662997647907e+00,1.678250159778029271e+00,6.728573482859493424e+02,-2.341177880345596929e+00
2.219999999999974882e+00,1.151758909027520650e+00,1.480993044905880573e+00,3.043155830201250751e+02,-5.455296010512084015e-01
2.224999999999974776e+00,1.158617719992774964e+00,2.047554218712303697e+00,1.233358099779943586e+03,3.596660976651109842e-01
2.229999999999974669e+00,1.163838949142094181e+00,4.414633439708713358e-01,-7.006544707407432497e+02,-1.588152046735327172e-01
2.234999999999974563e+00,1.170860723485909416e+00,1.313054748404470562e+00,-6.892987410758098576e+02,2.896571473695508381e-02
2.239999999999974456e+00,1.175686500190408657e+00,2.084465723126740222e-01,-4.548168878064643650e+02,1.223896684090347020e-01
2.244999999999974349e+00,1.181025776727210985e+00,1.061813382142605677e+00,-5.927527292188913179e+02,5.484150291645162323e-02
2.249999999999974243e+00,1.184885415938591979e+00,5.281237714854207510e-02,-5.077012356807979927e+02,1.124187622625894001e-03
2.254999999999974136e+00,1.190000394499600267e+00,1.064962471916157449e+00,-5.053035500578014307e+02,-1.762245574973758666e-01
2.259999999999974030e+00,1.192745709741267479e+00,2.586681455000906515e-01,-4.347976707961099692e+02,-3.817144856495301442e-01
2.264999999999973923e+00,1.196847334560743104e+00,1.189891195514152678e+00,1.147839033818818052e+03,1.965223021565087880e-01
2.269999999999973817e+00,1.200561537424166714e+00,4.992289407239558496e-01,-3.638417286907254038e+02,-9.545929937106827357e-01
2.274999999999973710e+00,1.204018387778777566e+00,1.307996779261990428e+00,1.032284248565674943e+03,-4.662158879513662590e-01
2.279999999999973603e+00,1.207431604221311350e+00,7.261798258526519501e-01,-3.099974580385548393e+02,-1.626791740002601738e+00
2.284999999999973497e+00,1.208984936916907671e+00,3.022890555975699806e-02,-3.032228518307299510e+02,-1.170883271672873205e+00
2.289999999999973390e+00,1.212954284769190538e+00,8.881184033166578118e-01,-2.942555865786715685e+02,-1.002249170500940867e+00
2.294999999999973284e+00,1.215782310367288899e+00,4.106240999828983385e-01,-2.497634997853499783e+02,-1.606476239387315541e+00
2.299999999999973177e+00,1.217673591473718009e+00,5.451258921176903305e-02,-2.331532659871447777e+02,-1.298999902634879966e+00
2.304999999999973070e+00,1.220217800644131545e+00,8.184133875223602583e-01,7.903299271621314119e+02,-8.324408142495344221e-01
2.309999999999972964e+00,1.222281679500742291e+00,4.611013263218297631e-01,-1.898404289453879983e+02,-2.231772578921944916e+00
2.314999999999972857e+00,1.223638306478832094e+00,1.760653934312101654e-01,-1.601997946068071030e+02,-2.165513197320317662e+00
2.319999999999972751e+00,1.224572248474877112e+00,-1.742377174942842666e-02,-1.406312544071233788e+02,-1.814115532165754496e+00
2.324999999999972644e+00,1.226087362919091817e+00,5.216882843685664017e-01,5.418794373241180438e+02,-1.513589932281780737e+00
2.329999999999972538e+00,1.227336534887735864e+00,2.190520232253901911e-01,-2.211865267513110780e+02,-3.025282039191816263e+00
2.334999999999972431e+00,1.227959236471739324e+00,1.943191624465619161e-02,-1.651943181383828119e+02,-3.191904064144150510e+00
2.339999999999972324e+00,1.228241870463564922e+00,-2.923461757976908090e-02,-5.380356079787621582e+01,-3.120654342843792950e+00
2.344999999999972218e+00,1.228701017841024923e+00,2.142093488816808333e-01,2.521543320606992609e+02,-2.707184848787487219e+00
2.349999999999972111e+00,1.228763223058710885e+00,7.483594072104259726e-03,-2.585733927167928314e+01,-3.514915291666396602e+00
2.354999999999972005e+00,1.228712027996192058e+00,-3.054133566416194698e-02,1.666492794179420045e+01,-3.553604780117100681e+00
2.359999999999971898e+00,1.228702488943775650e+00,1.260595017291913983e-03,3.064682656783186410e+00,-4.014901182971491345e+00
2.364999999999971791e+00,1.228873259451266131e+00,7.698239048861413997e-03,-4.054727057279550451e+01,-4.296034085467598906e+00
2.369999999999971685e+00,1.229143130030127207e+00,1.055844306081184791e-01,8.755918589600422308e+01,-4.691340579325011362e+00
2.374999999999971578e+00,1.229429734150222053e+00,5.821649357961643234e-02,-2.917251258467686625e+01,-4.805320622787306206e+00
2.379999999999971472e+00,1.229727803880356518e+00,8.305312859113148094e-02,5.091364768081412961e+01,-4.814367132557264561e+00
2.384999999999971365e+00,1.229769051953128800e+00,-2.008612731519832106e-02,-2.950529058016437745e+01,-4.862140044543156847e+00
2.389999999999971259e+00,1.229585791869701961e+00,1.664517016618152420e-02,5.578853133656794938e+01,-4.803148798969385957e+00
2.394999999999971152e+00,1.228953735850163653e+00,-1.958082525765795778e-01,3.050814940028071121e+01,-4.484059115419417374e+00
2.399999999999971045e+00,1.228371018537753656e+00,-1.246984619519008047e-01,-1.363436013974573369e+00,-4.250890655226037929e+00
2.404999999999970939e+00,1.227875901973392914e+00,-7.067266041428707513e-02,7.005239734660997897e+01,-3.733294665694974146e+00
2.409999999999970832e+00,1.227512769570805906e+00,-8.510420085062171680e-02,-8.352799388499170163e+01,-3.638109660495916664e+00
2.414999999999970726e+00,1.228817908996763686e+00,1.878406244242121215e-01,8.613459053449955150e+01,-3.196667010940474896e+00
2.419999999999970619e+00,1.230665312456784122e+00,4.840726111199025183e-01,-5.848992582617091074e+01,-3.517422270264695339e+00
2.424999999999970512e+00,1.234960767883987787e+00,8.361294406705936932e-01,1.524643459431069914e+02,-3.050756166585483875e+00
2.429999999999970406e+00,1.239142589034152531e+00,7.903237587770960415e-01,-2.748109019406005018e+02,-3.490824533157785403e+00
2.434999999999970299e+00,1.242284183773616490e+00,5.040246622102623197e-01,5.709986792572175673e+00,-2.904244197754810131e+00
2.439999999999970193e+00,1.243202837146466733e+00,-3.138938551715138997e-02,-8.548737088989285837e+01,-2.842142031699057103e+00
2.444999999999970086e+00,1.241335863126692862e+00,-5.647992624099392733e-01,-6.002891974663936026e+01,-2.411002244136779105e+00
2.449999999999969980e+00,1.236792944133240590e+00,-8.981367939176029269e-01,1.317746171666501311e+02,-2.129084749470512072e+00
2.454999999999969873e+00,1.230125151040123876e+00,-1.385079736278366891e+00,2.390285422398455495e+01,-1.810367486570654272e+00
2.459999999999969766e+00,1.222483628753655793e+00,-1.609616234875129503e+00,-5.962865498446048917e+01,-1.741769693574099609e+00
2.464999999999969660e+00,1.214704578507060484e+00,-1.501242042250347408e+00,-2.363415280589851619e+01,-1.635994486477648557e+00
2.469999999999969553e+00,1.207808565706577131e+00,-1.249764380093449700e+00,1.054078121334296156e+02,-1.796102564967891446e+00
2.474999999999969447e+00,1.202491527937964211e+00,-9.395510584476216565e-01,9.204276619597576925e+00,-2.152512264716802459e+00
2.479999999999969340e+00,1.199030323388977415e+00,-6.025872638415428195e-01,-1.974446498592380195e+01,-2.420926576135576269e+00
2.484999999999969233e+00,1.197576260518778524e+00,-2.126947881551755348e-01,-3.763409507899848450e+01,-2.630694193783604362e+00
2.489999999999969127e+00,1.198108203239025560e+00,2.120418136524077624e-01,1.975281112212686807e+01,-2.773049485509621714e+00
2.494999999999969020e+00,1.200151630055539265e+00,5.031449929215255912e-01,-1.133553746746954793e+01,-3.305550283252354227e+00
2.499999999999968914e+00,1.202754698833787605e+00,3.309614393670201604e-01,1.772252249590805206e+01,-3.398972409652399662e+00
2.504999999999968807e+00,1.205012344567101268e+00,5.215980047684943832e-01,4.243232157417027395e+01,-3.771481635865631343e+00
2.509999999999968701e+00,1.208117252297096433e+00,6.660402279242099155e-01,7.683985709287485477e+00,-4.202936208440928745e+00
2.514999999999968594e+00,1.211187427135707928e+00,5.653387736838915156e-01,-9.964284770531588720e+01,-4.485549694751274075e+00
2.519999999999968487e+00,1.214440164915578046e+00,5.719563925999870957e-01,-3.757284103676690279e+01,-4.038434325512638701e+00
2.524999999999968381e+00,1.217757622407113161e+00,6.819333878028873697e-01,-3.788819395166133308e+00,-4.061282267577180249e+00
2.529999999999968274e+00,1.221168052933995440e+00,6.413282936443192028e-01,-5.817930548898374354e+01,-4.570621581851693982e+00
2.534999999999968168e+00,1.224322305636652786e+00,5.749468773958560375e-01,-4.687355821777524767e+01,-4.944616773918707686e+00
2.539999999999968061e+00,1.227172780274871089e+00,5.786320162849726279e-01,2.565322175675050076e+01,-4.550095930525907661e+00
2.544999999999967955e+00,1.229623076312586827e+00,4.398014100684284888e-01,-4.387654761415225124e+01,-4.918752392563239262e+00
2.549999999999967848e+00,1.231436541656252048e+00,3.370821709811057110e-01,6.137625597405866884e+00,-5.163283070681226938e+00
2.554999999999967741e+00,1.232552062348784228e+00,1.919276308714426560e-01,1.986976800368436358e+01,-4.702327816357651180e+00
2.559999999999967635e+00,1.234263971501044166e+00,5.843006999382323041e-01,4.768713109902632397e+01,-5.153633853336594406e+00
2.564999999999967528e+00,1.237134871502109768e+00,4.348231613930898520e-01,-8.102300405968976804e+01,-5.091621272398993092e+00
2.569999999999967422e+00,1.236143467467914148e+00,-6.363590223931517853e-01,-1.820253903725187286e+02,-3.853319801369875286e+00
2.574999999999967315e+00,1.229317932579925721e+00,-1.863753839223934783e+00,-2.403296515013506678e+02,-3.154184377820524965e+00
2.579999999999967208e+00,1.216047184741881004e+00,-3.145247632280899541e+00,-1.929322510864943752e+02,-1.850750118080608519e+00
2.584999999999967102e+00,1.197007003794816615e+00,-4.238192852908749586e+00,-2.332433749685106648e+02,-1.371013532887180197e+00
2.589999999999966995e+00,1.173154532477058920e+00,-5.086573106562633839e+00,-1.379993931062522563e+02,-2.140052276497872441e-01
2.594999999999966889e+00,1.145698688384692909e+00,-5.747951251120102079e+00,-1.371000906444027692e+02,-4.605891385574123476e-02
2.599999999999966782e+00,1.115672431486774530e+00,-6.135017013023693622e+00,-2.714744385382265790e+01,1.134136435202318882e+00
2.604999999999966676e+00,1.084189595576751541e+00,-6.383944176178223628e+00,-4.842160867086850828e+01,1.056433111235231426e+00
2.609999999999966569e+00,1.051802268770755333e+00,-6.485408036746854954e+00,4.875602898206970792e+00,1.924223566300248933e+00
2.614999999999966462e+00,1.019011433819198453e+00,-6.503009183183756647e+00,8.888177951182439074e+01,1.924694373394661540e+00
2.619999999999966356e+00,9.858541597420875657e-01,-6.600972477774517344e+00,4.691649917910462619e+01,2.274351670463820252e+00
2.624999999999966249e+00,9.528214285013566487e-01,-6.485933177716939113e+00,8.009378003395968904e+01,3.163929307909687516e+00
2.629999999999966143e+00,9.213871947072825863e-01,-6.048861107541061877e+00,1.560211514209723873e+02,3.505448598574944619e+00
2.634999999999966036e+00,8.988214613571725575e-01,6.532496203525586242e-01,6.263341204300908430e+03,3.895087052275876260e+00
2.639999999999965929e+00,9.096629400062632431e-01,2.056042491194981281e+00,-8.073891158526291747e+02,1.344147623113178591e+00
2.644999999999965823e+00,9.210311538879862869e-01,2.473580904352342458e+00,4.526225056630040626e+02,2.960154428747675759e+00
2.649999999999965716e+00,9.320493315078206553e-01,1.962686152688585484e+00,-6.583998678342737776e+02,2.407074309363958164e+00
2.654999999999965610e+00,9.416159659308558361e-01,1.680500306199019800e+00,-3.774509895091502472e+02,3.017673603212074340e+00
2.659999999999965503e+00,9.508940455040441053e-01,1.399573796233210432e+00,-6.783159206415723474e+02,3.100232911096668431e+00
2.664999999999965397e+00,9.596974149303854063e-01,7.729201473399194278e-01,-9.772556793421182419e+02,2.977523414000689428e+00
2.669999999999965290e+00,9.685611824946249726e-01,7.164002180814081910e-01,-1.053476480233957545e+03,2.836817409366196419e+00
2.674999999999965183e+00,9.766385991655102128e-01,7.953304877940173823e-01,-7.559530570092886137e+02,3.293029206605257997e+00
2.679999999999965077e+00,9.855213436385271697e-01,8.583335764558790437e-01,-9.558516911551986368e+02,2.982904361542589644e+00
2.684999999999964970e+00,9.939647991544595662e-01,1.376539240237226069e+00,-9.157637568742428584e+02,2.672968863469956879e+00
2.689999999999964864e+00,1.002096475277236332e+00,1.767570760811296049e+00,-8.333565944835478376e+02,2.184541065675603466e+00
2.694999999999964757e+00,1.009742388507528954e+00,2.236471318444562595e+00,1.599159608313531862e+03,2.877492515084353109e+00
2.699999999999964650e+00,1.015283818474487232e+00,4.203326442704231614e-01,-7.719644409872607866e+02,2.180150083937772099e+00
2.704999999999964544e+00,1.021852521551540161e+00,1.101987627908773915e+00,-7.779721160795863852e+02,2.437707831521770174e+00
2.709999999999964437e+00,1.028165286001554213e+00,1.358956933552563751e+00,-7.464159947629573253e+02,2.057067175180353757e+00
2.714999999999964331e+00,1.034519702430841237e+00,2.042491120637878410e+00,1.550175468329313844e+03,2.627528480252809828e+00
2.719999999999964224e+00,1.039758743115815065e+00,4.757688097232259383e-01,-7.038680987209227169e+02,1.832639543089991552e+00
2.724999999999964118e+00,1.046852540602289938e+00,1.340031001515910924e+00,-7.130662412143367419e+02,2.028483615520995542e+00
2.729999999999964011e+00,1.053494320962059971e+00,2.116244483961131628e+00,1.513779613776706128e+03,2.362650383229632389e+00
2.734999999999963904e+00,1.059502528027758128e+00,6.762317730821494344e-01,-6.562948177812979793e+02,1.410997340078760764e+00
2.739999999999963798e+00,1.067296326747308566e+00,1.508179369211081644e+00,-6.237103331842062062e+02,1.560660136282611576e+00
2.744999999999963691e+00,1.073872434956891331e+00,1.459974885500385566e+00,6.512473113443641068e+02,1.705874482730582731e+00
2.749999999999963585e+00,1.078645858374476463e+00,4.660228623848640117e-01,-5.998001974527740003e+02,1.218008297309354671e+00
2.754999999999963478e+00,1.085476897207670044e+00,1.383133222103971827e+00,-5.653001755361834739e+02,1.339455225495700841e+00
2.759999999999963372e+00,1.088984560972031890e+00,2.489020117026074230e-01,-5.495704394786986313e+02,1.319395375107065282e+00
2.764999999999963265e+00,1.095243894126100015e+00,1.267305981965569650e+00,-5.514644601650993536e+02,1.276510716063156803e+00
2.769999999999963158e+00,1.099980737881917525e+00,2.180494499682590348e-01,-5.029001725547553860e+02,1.095475715601008204e+00
2.774999999999963052e+00,1.105868151785433184e+00,1.197849520930486023e+00,-4.877474864469923546e+02,1.022607113905552367e+00
2.779999999999962945e+00,1.110197978712512912e+00,1.626052790092362477e+00,1.112468568917974380e+03,8.261400294175686998e-01
2.784999999999962839e+00,1.114166910981595482e+00,7.449459947439540652e-01,-4.610866938537997157e+02,-2.260489464006268934e-01
2.789999999999962732e+00,1.118581131785622684e+00,1.534762518100631024e+00,1.101469335442223382e+03,5.750315326223001122e-01
2.794999999999962625e+00,1.122099946937807680e+00,4.393831492780184700e-01,-3.592553753320123633e+02,-2.005182072370421675e-01
2.799999999999962519e+00,1.127865510895933898e+00,1.176630844974839496e+00,-3.787906091230519792e+02,-3.550233504563404807e-04
2.804999999999962412e+00,1.131841628467117777e+00,5.909256885957420158e-01,-3.019081283638356012e+02,-4.021061139770154558e-01
2.809999999999962306e+00,1.137136981388639612e+00,9.167460227433251729e-01,-2.181016815432185751e+02,-3.875708094904640744e-01
2.814999999999962199e+00,1.142080890029746110e+00,1.476534642575919154e+00,8.176665606708223777e+02,-5.394494012509728487e-01
2.819999999999962093e+00,1.146558736221846786e+00,5.729256914331750661e-01,-2.925396096834929835e+02,-1.526684695487392052e+00
2.824999999999961986e+00,1.152185494552988576e+00,1.136072532992075113e+00,-3.015955442864425322e+02,-1.201160526168847387e+00
2.829999999999961879e+00,1.156575611956903948e+00,8.075471751829128575e-01,-2.017941188938306425e+02,-1.566177478010296387e+00
2.834999999999961773e+00,1.161434648300408545e+00,9.795157502619658008e-01,-2.471915702811340907e+02,-1.433616591183318745e+00
2.839999999999961666e+00,1.166365634310330801e+00,1.161702130883983886e+00,3.938862817336575972e+02,-1.462811693744003883e+00
2.844999999999961560e+00,1.170834815215694213e+00,6.875460694898340996e-01,-2.329894386943281006e+02,-1.842677674156835366e+00
2.849999999999961453e+00,1.175465045220039917e+00,9.254048048097398560e-01,-1.083452994894953889e+02,-1.719781718594275866e+00
2.854999999999961346e+00,1.179683560908282525e+00,8.779059648972831198e-01,6.961848814297465537e+01,-2.101775928191304654e+00
2.859999999999961240e+00,1.183750234662008571e+00,8.089499417981120821e-01,-4.043817105493224773e+01,-2.186044035571274691e+00
2.864999999999961133e+00,1.187252991907921995e+00,6.791840252403382738e-01,4.382837478695743982e+01,-2.190993487750919400e+00
2.869999999999961027e+00,1.191166810216232275e+00,7.270322399652812129e-01,2.111170298635903997e+00,-2.460195102608591533e+00
2.874999999999960920e+00,1.195439030246101098e+00,9.559034474328852449e-01,-8.127679207741476120e+00,-3.112851876045948707e+00
2.879999999999960814e+00,1.199725705613862381e+00,8.576178437965247259e-01,7.865501876369552292e+01,-3.138648964303726085e+00
2.884999999999960707e+00,1.204246171345652483e+00,7.344708512968989300e-01,-2.497182277960042427e+02,-3.638602000442351603e+00
2.889999999999960600e+00,1.208240075201141295e+00,8.738916934279025162e-01,6.431878716734959767e+01,-3.819330674604967779e+00
2.894999999999960494e+00,1.212663677590810840e+00,9.126941987120731348e-01,3.186058902648578339e+01,-3.781157001409555907e+00
2.899999999999960387e+00,1.216787253637474420e+00,8.041700266545384057e-01,-8.303167696486697480e+01,-4.145198173254618368e+00
2.904999999999960281e+00,1.220864835835925977e+00,8.236187132411671996e-01,6.496163002222014882e+01,-4.160312328944827165e+00
2.909999999999960174e+00,1.224772144990357470e+00,8.502602919165587192e-01,1.033051803177365002e+02,-4.141509002470346701e+00
2.914999999999960067e+00,1.228893595645471404e+00,8.296165052930234429e-01,1.651768960914758555e+00,-4.513991206721866156e+00
2.919999999999959961e+00,1.232995719074324148e+00,8.416381842188318529e-01,4.319856085192550665e+01,-4.154807396904481642e+00
2.924999999999959854e+00,1.237065431373506996e+00,8.130988731480833787e-01,2.650213874524612834e+01,-4.696046176847715081e+00
2.929999999999959748e+00,1.240853021312864568e+00,7.443426785850508764e-01,-1.544019227831615027e+01,-4.455799160516147772e+00
2.934999999999959641e+00,1.244376872511681498e+00,6.712595428284306998e-01,1.078438415806512563e+00,-4.894085036480960049e+00
2.939999999999959535e+00,1.248773139896073525e+00,1.358521894391614859e+00,2.372340473321520733e+02,-4.895182738271329548e+00
2.944999999999959428e+00,1.257677185553373267e+00,1.722707389035792236e+00,-1.084229659743899390e+02,-5.461096857213044942e+00
2.949999999999959321e+00,1.263886071097488406e+00,7.905576081168192992e-01,-2.342353839486632978e+02,-4.531581288776578731e+00
2.954999999999959215e+00,1.263627922458960828e+00,-6.027192662637275156e-01,-2.602856510813012392e+02,-3.607730216393791434e+00
2.959999999999959108e+00,1.255908770173669753e+00,-2.136893890029334830e+00,-3.109443438381938449e+02,-2.376514774652732420e+00
2.964999999999959002e+00,1.240996036791006230e+00,-3.542681008581324065e+00,-2.438953286422875522e+02,-1.846939931250627165e+00
2.969999999999958895e+00,1.219498444495229483e+00,-4.783032453478439194e+00,-2.497853041016153099e+02,-8.724324280846520452e-01
2.974999999999958789e+00,1.192544350434814326e+00,-5.724479421251658984e+00,-1.335967620009656684e+02,1.385834509939121162e-02
2.979999999999958682e+00,1.161754041885538768e+00,-6.337236473440913898e+00,-3.368343426102207872e+01,7.639613722598461720e-01
2.984999999999958575e+00,1.128372139673837538e+00,-6.801093073408639000e+00,4.305906290453335394e+00,1.259370661002253033e+00
2.989999999999958469e+00,1.093522749621607337e+00,-7.038119960784496421e+00,-2.767539528606647181e+01,1.431287559618380723e+00
2.994999999999958362e+00,1.057701742945276857e+00,-7.160099000558497018e+00,8.515138718787810035e+00,2.009043006895796513e+00
2.999999999999958256e+00,1.021650504450453578e+00,-7.141958581166609754e+00,5.461024235717263764e+01,2.654430667363471663e+00
3.004999999999958149e+00,9.848392730231719794e-01,-7.382172343971861395e+00,-1.749919015588259796e+01,2.828470212163336495e+00
3.009999999999958042e+00,9.490684999139540334e-01,-6.849037670827557989e+00,2.219872933538024142e+02,5.187632091279777313e+00
3.014999999999957936e+00,9.178128420250563080e-01,-5.737713852398532488e+00,3.070940514050060415e+02,6.053050872123023396e+00
3.019999999999957829e+00,9.191157537001397593e-01,2.080469049993290298e+00,2.560767053688775832e+02,1.503861003131679919e+00
3.024999999999957723e+00,9.315982132287774498e-01,3.099689482413491515e+00,1.265829036260354314e+03,2.977512666798809882e+00
3.029999999999957616e+00,9.430692480159154067e-01,2.762720321951634972e+00,1.441438432227350859e+03,3.988872149062910211e+00
3.034999999999957510e+00,9.544707541645679472e-01,2.851839406569742330e+00,1.651339744409489413e+03,3.993518177919514134e+00
3.039999999999957403e+00,9.636084176750508989e-01,2.316815965599974714e+00,1.260332479360663910e+03,3.872377711521808763e+00
3.044999999999957296e+00,9.736771027405484169e-01,2.637205293209243795e+00,1.621273555894922538e+03,3.923524898778104397e+00
3.049999999999957190e+00,9.826527457667110221e-01,2.899390552015402189e+00,1.633277403156942000e+03,3.555409818880315598e+00
3.054999999999957083e+00,9.906005932088466359e-01,7.462138035073161424e-01,-8.655554973512118977e+02,3.121664787943926545e+00
3.059999999999956977e+00,9.988073983289971203e-01,1.396300201628648097e+00,-8.516800511741823811e+02,3.450826773431457717e+00
3.064999999999956870e+00,1.005333856164432937e+00,1.874052896046772165e+00,1.297837183393953410e+03,4.013454610861204586e+00
3.069999999999956763e+00,1.013784094818703574e+00,2.269272610333298967e+00,1.408865502954620752e+03,3.496976247825053452e+00
3.074999999999956657e+00,1.019916912664630360e+00,5.077906290574544235e-01,-7.814378532761434144e+02,2.908372091793248959e+00
3.079999999999956550e+00,1.027226600925021494e+00,1.318467120493832301e+00,-7.399327496143116605e+02,3.087077326417634104e+00
3.084999999999956444e+00,1.033834325818641764e+00,2.099914542801166295e+00,1.587085052422692343e+03,3.429451741804231624e+00
3.089999999999956337e+00,1.039632882670718184e+00,5.486275894271815945e-01,-7.169224548138429327e+02,2.479611451361928953e+00
3.094999999999956231e+00,1.047101100794319173e+00,1.369478844836652609e+00,-6.798814625948289176e+02,2.517290897340617395e+00
3.099999999999956124e+00,1.053859183700355473e+00,2.046918468360112708e+00,1.420638330689896065e+03,2.774071006033973052e+00
3.104999999999956017e+00,1.059785522987507500e+00,6.153000530920983424e-01,-6.897941075948107255e+02,1.846976540955982182e+00
3.109999999999955911e+00,1.066723022048606584e+00,1.222050904256110515e+00,-5.110548645701257442e+02,2.116313843318151644e+00
3.114999999999955804e+00,1.072673888889225102e+00,1.778424470608467534e+00,1.174354936756516963e+03,2.275777145119387335e+00
3.119999999999955698e+00,1.077848741712156500e+00,4.927824025687244092e-01,-7.103341100241126469e+02,1.396683114617918164e+00
3.124999999999955591e+00,1.084417393597000512e+00,1.140365330398280141e+00,-5.393998128294037997e+02,1.500294938359917341e+00
3.129999999999955484e+00,1.089533506807404351e+00,1.555059329381594857e+00,1.071141786832767139e+03,1.399272400105201042e+00
3.134999999999955378e+00,1.093837731980235040e+00,3.935326323268271143e-01,-5.856663637166858507e+02,5.798872120613971504e-01
3.139999999999955271e+00,1.099836408524785369e+00,1.124209691853135240e+00,-4.451092704903294930e+02,1.155948577181111103e+00
3.144999999999955165e+00,1.104807506461748190e+00,1.502876186089556976e+00,9.996484624935270631e+02,1.106117742655473135e+00
3.149999999999955058e+00,1.109116998562098555e+00,4.746156061168436135e-01,-4.790874683172534105e+02,3.328504648980998293e-01
3.154999999999954952e+00,1.114957030176376040e+00,1.142648147623652299e+00,-4.423117314462402874e+02,3.638614987650844457e-01
3.159999999999954845e+00,1.119904060773461163e+00,1.466277592269483288e+00,9.558294761221302451e+02,2.136448011832062788e-01
3.164999999999954738e+00,1.124441684165053745e+00,6.274394959471013555e-01,-3.585408118246339200e+02,-7.116728384460007106e-01
3.169999999999954632e+00,1.130333027538598767e+00,1.087368831574332173e+00,-4.225800594408372035e+02,-7.494053913353508900e-01
3.174999999999954525e+00,1.135587751234001797e+00,1.463188068160595545e+00,8.264585838316436366e+02,-8.816963215101345508e-01
3.179999999999954419e+00,1.140335306748220034e+00,6.579659234619608110e-01,-3.433326077571295514e+02,-1.593065218799152749e+00
3.184999999999954312e+00,1.145850693949096222e+00,1.000784914574061268e+00,-3.841029967331921284e+02,-1.493344668481353388e+00
3.189999999999954206e+00,1.150704559296517049e+00,1.270180671285246365e+00,6.186103054100841518e+02,-1.276508902892697694e+00
3.194999999999954099e+00,1.154897599254223417e+00,5.964053143558503134e-01,-2.432828314020309222e+02,-2.015015122011086124e+00
3.199999999999953992e+00,1.159462390352668404e+00,8.441027808691858869e-01,-2.928666413275166747e+02,-1.429945006165221022e+00
3.204999999999953886e+00,1.163161343787816993e+00,7.426243005223975846e-01,6.290533423442345651e+01,-1.580019879836508157e+00
3.209999999999953779e+00,1.166637605521118948e+00,7.406970740727860658e-01,3.536070521882995621e+01,-1.636478662043578058e+00
3.214999999999953673e+00,1.170108695150238853e+00,6.493830232713613260e-01,-7.661239429249312138e+01,-1.793203392006549990e+00
3.219999999999953566e+00,1.173405992786920260e+00,6.224674100346251349e-01,-1.186186985614536979e+02,-1.817913739938743722e+00
3.224999999999953459e+00,1.177205539607799389e+00,6.066370691852159824e-01,4.267021073815732990e+01,-1.716891269612684789e+00
3.229999999999953353e+00,1.180565588780978503e+00,7.141178132593503092e-01,8.634378888773633776e+01,-2.046275728465839716e+00
3.234999999999953246e+00,1.183973255286261628e+00,6.601711531536366140e-01,1.231018656250134740e+02,-2.336605078684827141e+00
3.239999999999953140e+00,1.187557456711346271e+00,6.829564952553347501e-01,1.158625670890825177e+02,-2.714448343757535742e+00
3.244999999999953033e+00,1.190712002975800932e+00,4.300050334486071324e-01,-9.601351923291863599e+00,-2.969120160011592624e+00
3.249999999999952927e+00,1.193616645507167284e+00,5.959378364289172891e-01,-7.091266624341628244e+01,-3.113693603860092640e+00
3.254999999999952820e+00,1.196535178481108685e+00,4.478915524416129945e-01,-3.224199239356360636e+01,-2.776948689577688700e+00
3.259999999999952713e+00,1.199782444811611226e+00,7.598924136538206531e-01,6.029962409198088125e+01,-2.932380286695768223e+00
3.264999999999952607e+00,1.202205962007812046e+00,4.653125069986010498e-01,5.539397757955703128e+01,-3.159824348215723333e+00
3.269999999999952500e+00,1.205132191910267547e+00,6.271145651502453289e-01,-3.794646140441003723e+01,-3.336275477673599887e+00
3.274999999999952394e+00,1.207638137371908948e+00,3.808390544522883281e-01,3.585212744768742965e+01,-3.374424586372793744e+00
3.279999999999952287e+00,1.209974529004298915e+00,5.488077171387464315e-01,8.483857898829666055e+01,-3.157750810562095278e+00
3.284999999999952180e+00,1.213155791255621008e+00,6.791515490957485968e-01,6.021058588396973832e+00,-3.537864594348401948e+00
3.289999999999952074e+00,1.216277806527642280e+00,6.398512980804925698e-01,5.238651448692721146e+01,-3.741542341271897776e+00
3.294999999999951967e+00,1.219759939719326614e+00,7.511568678476566729e-01,7.199176943790689620e+01,-3.546123761932703289e+00
3.299999999999951861e+00,1.222617092555924767e+00,5.406181975433539399e-01,-4.725019417129755084e+01,-3.774193415217026892e+00
3.304999999999951754e+00,1.225729761288309572e+00,6.741543888221057657e-01,5.824200752869563757e+01,-3.942135527729030198e+00
3.309999999999951648e+00,1.228940880086435428e+00,6.025756844585611338e-01,2.966380419047400352e+01,-3.769585804321771594e+00
3.314999999999951541e+00,1.232155419387135575e+00,6.008295126349955106e-01,-1.359662587345958116e+02,-3.996188600746518382e+00
3.319999999999951434e+00,1.235457229201637475e+00,6.433153758003018474e-01,2.550720949567837792e+01,-4.102527302697610345e+00
3.324999999999951328e+00,1.238694588446406009e+00,6.312539493964067772e-01,-9.876991149178547857e+01,-4.044053842656179398e+00
3.329999999999951221e+00,1.242122204410599284e+00,7.202419207188999195e-01,4.694570074772259716e+01,-4.351899427098276263e+00
3.334999999999951115e+00,1.245461563686853124e+00,6.620265424344422556e-01,-5.826663671916874421e+01,-4.409739525854517339e+00
3.339999999999951008e+00,1.248679414672659194e+00,6.407299050750416836e-01,3.132482030115263072e+01,-4.690610957931820479e+00
3.344999999999950901e+00,1.257118873155568028e+00,1.985277652384667801e+00,3.997609237996824305e+01,-5.201059331968782118e+00
3.349999999999950795e+00,1.266402172190477904e+00,1.518357456739086730e+00,-2.272827454790418074e+02,-5.167794555462808859e+00
3.354999999999950688e+00,1.270218991749028747e+00,1.639211189837476157e-01,-3.354643125927989331e+02,-3.989371983359691232e+00
3.359999999999950582e+00,1.266472044082719295e+00,-1.378564187016450449e+00,-3.283825271595069353e+02,-2.879959794601118173e+00
3.364999999999950475e+00,1.255174690203419985e+00,-2.835196330119439168e+00,-2.732787378797129350e+02,-2.576882118805686073e+00
3.369999999999950369e+00,1.236793421588087138e+00,-4.186539588651459809e+00,-2.268225447258340068e+02,-1.435687803567903487e+00
3.374999999999950262e+00,1.212434946448312401e+00,-5.254091844936768396e+00,-1.445367183947379601e+02,-3.035691171605248151e-01
3.379999999999950155e+00,1.183524792646596158e+00,-6.008072047041300934e+00,-6.670968299491157438e+01,3.959252990267860817e-01
3.384999999999950049e+00,1.151248929591396353e+00,-6.660062537703268504e+00,-8.745622095743016189e+01,8.413088809924040845e-01
3.389999999999949942e+00,1.116672896393730019e+00,-7.044205006342328268e+00,-5.073795402469022520e+01,1.203582798027882816e+00
3.394999999999949836e+00,1.080588007101225489e+00,-7.236822113838160320e+00,1.618537312708594200e+01,1.907335244175069278e+00
3.399999999999949729e+00,1.043923033592926153e+00,-7.337742115114640917e+00,-3.139676773824613321e+01,2.770852732904075300e+00
3.404999999999949623e+00,1.006762112436809353e+00,-7.377629732893065118e+00,7.756652440383091118e+01,2.670071533820035814e+00
3.409999999999949516e+00,9.702532610019245496e-01,-7.132803734947449570e+00,8.491569434986327281e+01,4.282268666220395481e+00
3.414999999999949409e+00,9.371671966043833013e-01,-6.199330038468231940e+00,1.884024821491881596e+02,5.868769195151958940e+00
3.419999999999949303e+00,9.302194179313885147e-01,1.801719239984099996e+00,1.769464707940670678e+02,1.865335489010152781e+00
3.424999999999949196e+00,9.417914924288300904e-01,2.561089663845444786e+00,4.675865200456746038e+02,2.972718998360284637e+00
3.429999999999949090e+00,9.524370790506296869e-01,2.001184565847503372e+00,1.431151810041255690e+00,3.958580840678148860e+00
3.434999999999948983e+00,9.620308115593643183e-01,2.074409414163503218e+00,2.552540228600406635e+02,4.036370351136134182e+00
3.439999999999948876e+00,9.711213692072239168e-01,1.572234434345717302e+00,-5.119140413812255588e+02,3.715106840610699734e+00
3.444999999999948770e+00,9.790437624753266510e-01,1.584849013950458296e+00,-2.488414999696596794e+02,3.797129503138931383e+00
3.449999999999948663e+00,9.870709025346020571e-01,1.452500124793195679e+00,-7.585605934598280555e+02,3.467582568158817047e+00
3.454999999999948557e+00,9.938054736577563997e-01,1.706294702574015831e+00,8.198622390774771702e+02,4.005342771265326007e+00
3.459999999999948450e+00,1.001732200982137000e+00,2.265066100289923501e+00,1.455327595915528491e+03,3.921958265736696259e+00
3.464999999999948344e+00,1.007753147755052758e+00,5.292438543704931497e-01,-7.869166662927266316e+02,3.155004092445151453e+00
3.469999999999948237e+00,1.014550886107327576e+00,1.136749563440491162e+00,-9.218603182085572598e+02,3.318925571779963057e+00
3.474999999999948130e+00,1.020292190537123611e+00,1.714029163641766385e+00,1.167422044536186604e+03,3.796625765906989525e+00
3.479999999999948024e+00,1.026221784049391461e+00,2.152829111982390131e+00,1.446840489398167165e+03,3.380104126040426316e+00
3.484999999999947917e+00,1.032345496432431009e+00,6.112713652140482345e-01,-6.704651109709895991e+02,2.650354868829365884e+00
3.489999999999947811e+00,1.040073129473923830e+00,1.408052339830077493e+00,-6.806713551374371036e+02,2.678882391232076721e+00
3.494999999999947704e+00,1.046973659523940947e+00,2.089658712195277879e+00,1.471407596622902474e+03,3.042471478343709013e+00
3.499999999999947597e+00,1.053072020238764228e+00,6.117283938631370432e-01,-7.773993482190151099e+02,2.094011239605147345e+00
3.504999999999947491e+00,1.060245689689658821e+00,1.212471182736344577e+00,-5.621496150132820731e+02,2.440246314584365805e+00
3.509999999999947384e+00,1.066232163566547486e+00,1.847958864938041845e+00,1.294385346576225174e+03,2.573173835697613043e+00
3.514999999999947278e+00,1.071695111020401825e+00,5.953252026565839516e-01,-5.985888721112886515e+02,1.777982321989361569e+00
3.519999999999947171e+00,1.077886083957136476e+00,1.064666207574328505e+00,-4.409001190777619854e+02,1.968066845875131587e+00
3.524999999999947065e+00,1.083351713921058446e+00,1.702587259499657613e+00,1.178068150667054852e+03,2.076429876758291382e+00
3.529999999999946958e+00,1.088502919554817039e+00,5.666635491214709885e-01,-6.094526012112928584e+02,1.118893105363304663e+00
3.534999999999946851e+00,1.093510680336196472e+00,9.101572062194220880e-01,-5.798194886247969180e+02,1.169518757820652066e+00
3.539999999999946745e+00,1.098426572859276584e+00,1.534943969265667008e+00,1.052735862465047148e+03,1.373631235623803182e+00
3.544999999999946638e+00,1.102524778154293505e+00,3.406743972265338094e-01,-5.459105091734737698e+02,4.009372629546342215e-01
3.549999999999946532e+00,1.108031188328771677e+00,1.073474123533427083e+00,-4.449358705452206095e+02,8.641242547310982181e-01
3.554999999999946425e+00,1.112330816377264275e+00,1.416204649903473278e+00,1.053733148341551441e+03,1.019639984217604489e+00
3.559999999999946318e+00,1.116527528347522891e+00,5.263217903999396485e-01,-4.191334003310067260e+02,3.676181890639190764e-02
3.564999999999946212e+00,1.122098017073226650e+00,1.050674866787367323e+00,-3.790047153562559288e+02,5.992352591762351022e-02
3.569999999999946105e+00,1.127065766946374170e+00,1.455091966437509488e+00,8.835772432986918830e+02,-2.018023656478676875e-01
3.574999999999945999e+00,1.131668173637874197e+00,6.262037337972780060e-01,-3.463963151087893380e+02,-1.057805375796591729e+00
3.579999999999945892e+00,1.137361931493669154e+00,1.058605370372575738e+00,-4.054992242267777556e+02,-1.197643662533493192e+00
3.584999999999945786e+00,1.142537944548944528e+00,1.385162724085632346e+00,7.200386082753245773e+02,-1.071810722280876149e+00
3.589999999999945679e+00,1.147066239693607326e+00,6.246929234676970033e-01,-3.163396686071849331e+02,-2.069376874374212694e+00
3.594999999999945572e+00,1.152449183188126725e+00,1.008427212887212487e+00,-3.330030710827766143e+02,-1.550089020733920409e+00
3.599999999999945466e+00,1.156900471577073652e+00,1.156416689127038877e+00,5.988504804092103768e+02,-1.845295273467292052e+00
3.604999999999945359e+00,1.160885824385718967e+00,5.661166288009755743e-01,-2.780358708764579774e+02,-2.008637889481815986e+00
3.609999999999945253e+00,1.165046770687924393e+00,7.597592575362307477e-01,-2.513762965735814134e+02,-1.724152167791771495e+00
3.614999999999945146e+00,1.168629199245517114e+00,8.480006059823751441e-01,2.967375966686313973e+02,-1.623704285044488937e+00
3.619999999999945040e+00,1.171869741764763662e+00,5.960288104565302225e-01,-4.358507668596763551e+01,-2.105576508644035005e+00
3.624999999999944933e+00,1.174860934449587946e+00,5.608961156715824847e-01,-5.091522191082275128e+01,-1.673311790499503404e+00
3.629999999999944826e+00,1.177354651510586825e+00,4.346634507295605854e-01,-9.186708408791535874e+01,-1.779801568277854740e+00
3.634999999999944720e+00,1.180609677683828629e+00,6.422535554943257230e-01,7.812305034375987134e+01,-1.668495935720894607e+00
3.639999999999944613e+00,1.183121654132006206e+00,5.861486197966455647e-01,1.802360941183790146e+02,-2.087199288726700352e+00
3.644999999999944507e+00,1.186212572643554397e+00,5.330505674515181314e-01,-1.104226759243167351e+02,-2.338852521524171113e+00
3.649999999999944400e+00,1.189275720027930472e+00,3.544736511015859071e-01,-4.404087984461458518e+02,-2.938454656252778463e+00
3.654999999999944293e+00,1.192163170575524234e+00,5.988203135060573556e-01,-6.675744614113099829e+01,-2.795112195007104283e+00
3.659999999999944187e+00,1.195193381682878808e+00,5.649892603606235797e-01,-6.011555582619852345e+01,-3.060475085930335126e+00
3.664999999999944080e+00,1.198452316681352769e+00,5.536251946124723933e-01,5.462688276660780673e+01,-2.834921161649746946e+00
3.669999999999943974e+00,1.201589923071884725e+00,7.201011599918729633e-01,6.501754832150122354e+01,-3.156948584836103855e+00
3.674999999999943867e+00,1.204902485876514051e+00,6.391361649366158471e-01,5.011265144320287135e+01,-3.307882271522319950e+00
3.679999999999943761e+00,1.208399770039292997e+00,7.008381464210428069e-01,-6.411238159883170340e+01,-3.469197014090728448e+00
3.684999999999943654e+00,1.211639941442211654e+00,6.621567712409854867e-01,-1.816020009756794096e+01,-3.494998863320730287e+00
3.689999999999943547e+00,1.214998471024955728e+00,5.760117941322706603e-01,2.748852842063938429e+00,-3.178605847803214868e+00
3.694999999999943441e+00,1.217901515319386840e+00,6.126274934219718693e-01,4.814300492738466630e+01,-3.333771964045163294e+00
3.699999999999943334e+00,1.221329471365964814e+00,6.767608861957825628e-01,-9.699644024863520997e+01,-3.586155877423575777e+00
3.704999999999943228e+00,1.224179782851276821e+00,5.522187807166262230e-01,1.352574088462356450e+01,-3.602843620547016013e+00
3.709999999999943121e+00,1.227018734540758160e+00,6.001734154842214286e-01,3.724508336906777828e+01,-3.387811694067064394e+00
3.714999999999943014e+00,1.230222385645027172e+00,6.104360878397001589e-01,-1.031417060860955246e+02,-3.678681327185270078e+00
3.719999999999942908e+00,1.233687588319596795e+00,6.631655645505314389e-01,-6.890072438978084790e+01,-3.865687952736694744e+00
3.724999999999942801e+00,1.237082544604339862e+00,7.114668038589475607e-01,6.249751803096387448e+00,-3.697183328052895845e+00
3.729999999999942695e+00,1.240831286559090030e+00,7.264228824726655098e-01,-5.048018466950393446e+01,-4.060535494308715521e+00
3.734999999999942588e+00,1.244454972000566206e+00,7.307393139721878317e-01,2.548865251273398513e+01,-3.742639690312754563e+00
3.739999999999942482e+00,1.248325461639379741e+00,7.722758875951727386e-01,-7.956613681806766536e+00,-4.129653661274796050e+00
3.744999999999942375e+00,1.252185875446173213e+00,7.985224989692715214e-01,5.369125747832774209e+01,-3.823946542578999352e+00
3.749999999999942268e+00,1.256082767754082896e+00,7.952389742795690220e-01,3.564154790147493657e+01,-4.473386223708414988e+00
3.754999999999942162e+00,1.261366939336133752e+00,1.738887567146476520e+00,3.942049991012401051e+02,-4.547251457193478785e+00
3.759999999999942055e+00,1.273110640665032323e+00,2.394069464742023534e+00,-2.635070055752420970e+01,-5.409683797252649917e+00
3.764999999999941949e+00,1.282591831110873049e+00,1.437978287531096022e+00,-2.482240597432723632e+02,-4.595506491561960338e+00
3.769999999999941842e+00,1.285080771703761338e+00,-1.944529043206390251e-01,-4.374927178966266865e+02,-3.547051418978741211e+00
3.774999999999941735e+00,1.279472333504718673e+00,-1.816743251735410514e+00,-3.560467631547145402e+02,-2.877899479116911685e+00
3.779999999999941629e+00,1.265893354898468548e+00,-3.288191860920516518e+00,-2.510492153758557947e+02,-1.710480358039729865e+00
3.784999999999941522e+00,1.245635537085387323e+00,-4.520629484450573443e+00,-1.993754564319218048e+02,-8.873007551520237790e-01
3.789999999999941416e+00,1.219955895924476952e+00,-5.477859698666640575e+00,-1.657496744990321531e+02,4.234846724618046565e-02
3.794999999999941309e+00,1.189931124280684704e+00,-6.286278648968863791e+00,-1.512037057776412894e+02,4.590283015764846652e-01
3.799999999999941203e+00,1.156271529970128942e+00,-6.988855180569554904e+00,-1.325639583510189254e+02,5.415790570329455100e-01
3.804999999999941096e+00,1.119786374573153331e+00,-7.457079863062162417e+00,-7.472097435203680504e+01,1.198444954064126211e+00
3.809999999999940989e+00,1.081659306521782993e+00,-7.666733637426224490e+00,2.819578776874031334e+01,1.818549677942232545e+00
3.814999999999940883e+00,1.042685890218801648e+00,-7.770748820982728233e+00,3.244555584378823454e+01,2.251181410402040228e+00
3.819999999999940776e+00,1.003491666346103539e+00,-7.769835573041422805e+00,6.602231753316854679e+01,2.987461981557890223e+00
3.824999999999940670e+00,9.650609518627094596e-01,-7.459485468286230159e+00,2.291267935646377509e+02,4.373488478595414009e+00
3.829999999999940563e+00,9.304911484048300485e-01,-6.471221641101554845e+00,2.098054257921562851e+02,6.442306841897417868e+00
3.834999999999940457e+00,9.019053252093052198e-01,-5.182317246078205208e+00,2.402924177333396472e+02,5.961824622426624032e+00
3.839999999999940350e+00,8.866107392309710011e-01,-1.452854868852870407e+00,7.099001517151078815e+02,3.065799146644192952e+00
3.844999999999940243e+00,8.965242311028318589e-01,3.444621420227127029e+00,1.708840472670177860e+03,5.411695377459194489e+00
3.849999999999940137e+00,9.084864669665564385e-01,2.755186224453826771e+00,1.107204181080736134e+03,4.947105501738307431e+00
3.854999999999940030e+00,9.205008844470488061e-01,2.985782731397018441e+00,1.587894470074124683e+03,5.111186641320926149e+00
3.859999999999939924e+00,9.301229926052860808e-01,2.018873311764133760e+00,3.103439136250582919e+02,4.891349592068018559e+00
3.864999999999939817e+00,9.396369223853521246e-01,2.303499285151095588e+00,7.953434016958289021e+02,4.738013807058251814e+00
3.869999999999939710e+00,9.478527469850139830e-01,1.567718293784763128e+00,-3.646320700797613057e+01,4.483534193969987314e+00
3.874999999999939604e+00,9.560671904953217393e-01,1.709889818771743508e+00,2.620750322182321952e+02,4.648832829392413046e+00
3.879999999999939497e+00,9.632895678856829846e-01,1.323439234501025519e+00,-1.597785323565232147e+02,4.466488048833215707e+00
3.884999999999939391e+00,9.704091473380878075e-01,1.106007567544411652e+00,-2.608091504902217252e+02,4.483715543181833851e+00
3.889999999999939284e+00,9.770002188280242361e-01,9.052139313845266599e-01,-6.346978364583718530e+02,4.385465758298627392e+00
3.894999999999939178e+00,9.836714550035187132e-01,9.744585339295470661e-01,-4.968237232067871787e+02,4.281835166608609633e+00
3.899999999999939071e+00,9.903139681255384019e-01,1.086170387451766528e+00,-8.449964399076188784e+02,3.938605152020429934e+00
3.904999999999938964e+00,9.963517685058786988e-01,1.049692322568179792e+00,-4.972752995331557031e+02,3.824921624772805728e+00
3.909999999999938858e+00,1.003077293167944140e+00,1.269181385460417921e+00,-7.678561254427281710e+02,3.478333303851032454e+00
3.914999999999938751e+00,1.009515959869632828e+00,2.008706955356901691e+00,1.452963772423483533e+03,3.820342540328392378e+00
3.919999999999938645e+00,1.015134858311312227e+00,5.361067740115914582e-01,-7.139763061434651945e+02,2.775824956544044042e+00
3.924999999999938538e+00,1.022101800932917026e+00,1.246212164052778126e+00,-7.131066842574540487e+02,2.695831526160614722e+00
3.929999999999938431e+00,1.028306332054887084e+00,1.888747493720061232e+00,1.311162341690217545e+03,2.955152610348736442e+00
3.934999999999938325e+00,1.033690225947886621e+00,5.726242182170308004e-01,-6.397537533503252689e+02,2.682283713758939481e+00
3.939999999999938218e+00,1.040980220596550376e+00,1.414698537707107739e+00,-6.339013137662196868e+02,2.547001391339736465e+00
3.944999999999938112e+00,1.047977636058655682e+00,2.104228415053407186e+00,1.396754937114614677e+03,2.580482985880408364e+00
3.949999999999938005e+00,1.053514196873075903e+00,5.823234671619496039e-01,-5.241703644575503631e+02,1.523985111026347816e+00
3.954999999999937899e+00,1.059586305614051316e+00,1.098311220608978012e+00,-5.871822348488861962e+02,1.628698186605124221e+00
3.959999999999937792e+00,1.065110375424610067e+00,1.713978512579343416e+00,1.199252763108800991e+03,1.803137404853455417e+00
3.964999999999937685e+00,1.069902325539761723e+00,4.377646857392125668e-01,-6.525013580436578877e+02,1.025609171607320125e+00
3.969999999999937579e+00,1.076144040900746557e+00,1.124943058743414825e+00,-6.489234876414969904e+02,9.936032442735704961e-01
3.974999999999937472e+00,1.081344708661407195e+00,1.600563110069059825e+00,1.161143413310137248e+03,1.480347208011129956e+00
3.979999999999937366e+00,1.085843234360301501e+00,4.709931434916828086e-01,-5.134454077090227884e+02,2.367496579678532442e-01
3.984999999999937259e+00,1.092086115321974749e+00,1.178804894703686656e+00,-5.653602070618334210e+02,3.511530737740227170e-01
3.989999999999937152e+00,1.097227030082378763e+00,1.487648692210810975e+00,9.640274701608993837e+02,4.725105499172727042e-02
3.994999999999937046e+00,1.102189510511585757e+00,7.178247213320444464e-01,-3.451671909561111988e+02,-5.425948132319990957e-01
3.999999999999936939e+00,1.108327131291145351e+00,1.047716420481663802e+00,-4.970029404627234726e+02,-9.071328350571036259e-01
4.004999999999936833e+00,1.113625964996540096e+00,1.523783283138056666e+00,8.584730239969685499e+02,-5.631087610712297575e-01
4.009999999999936726e+00,1.118326462655540476e+00,5.868219934295402229e-01,-3.500144088697838356e+02,-1.483861269417771744e+00
4.014999999999936620e+00,1.123621790157369071e+00,9.772974282820472425e-01,-4.110371518501213473e+02,-9.957776983618666922e-01
4.019999999999936513e+00,1.127824476855161073e+00,1.109226315095720672e+00,6.169032672987805199e+02,-1.035593011053742574e+00
4.024999999999936406e+00,1.131635619204157228e+00,5.668185314161298116e-01,-2.066006766773210757e+02,-1.199575791479750020e+00
4.029999999999936300e+00,1.135459771789341099e+00,7.023559884694934308e-01,-2.454537660963281098e+02,-1.355360148275400300e+00
4.034999999999936193e+00,1.138891456320133999e+00,7.439543887578886627e-01,1.583001246225158525e+02,-1.035787683509092449e+00
4.039999999999936087e+00,1.141995964945406561e+00,6.329750744236194437e-01,2.758178421840139549e+01,-1.223776061051314201e+00
4.044999999999935980e+00,1.145372046298880120e+00,7.867435025268851856e-01,-1.102382862715235632e+02,-1.204161985687544290e+00
4.049999999999935874e+00,1.147984818406921903e+00,5.994139138032889003e-01,9.635012010611147559e+01,-1.392146368919139787e+00
4.054999999999935767e+00,1.150902824803199165e+00,2.992763766884695698e-01,-3.479650640529908969e+02,-1.867686528073795760e+00
4.059999999999935660e+00,1.153821504730870862e+00,7.773512908823425605e-01,1.248006632606107047e+02,-2.168071742917009104e+00
4.064999999999935554e+00,1.156401286292551012e+00,7.164035258348322444e-01,2.065735620932456413e+02,-2.234355343757895795e+00
4.069999999999935447e+00,1.158758637287989890e+00,5.355747305835559802e-01,1.643148261199418414e+02,-2.431111589099992365e+00
4.074999999999935341e+00,1.161805125806114392e+00,4.716597023860095717e-01,1.765440151302989591e+02,-2.271429223579071621e+00
4.079999999999935234e+00,1.164856610090528655e+00,2.896972881504547570e-01,-5.176321258384012935e+02,-2.762762494778175260e+00
4.084999999999935127e+00,1.167848439282920037e+00,7.686875471300380624e-01,4.801496276090370685e+01,-2.666210079014633916e+00
4.089999999999935021e+00,1.170760663824640391e+00,5.819550343346403531e-01,3.062983564358416899e+00,-2.895097662166633334e+00
4.094999999999934914e+00,1.174012032653047211e+00,4.773606533556987164e-01,1.203407161141782780e+02,-2.748305491644074117e+00
4.099999999999934808e+00,1.177322707828328374e+00,8.195545302139087829e-01,4.022388049462411175e+01,-2.919848624251353275e+00
4.104999999999934701e+00,1.180318080689058080e+00,6.191821929279075487e-01,7.388410115808945022e+01,-2.699601523737705122e+00
4.109999999999934595e+00,1.183988884609592507e+00,3.834927144708337732e-01,-5.766332822458596183e+02,-3.109938442404966530e+00
4.114999999999934488e+00,1.187158233565057230e+00,7.554409994974509157e-01,3.714453641749366852e+01,-3.031872944311072349e+00
4.119999999999934381e+00,1.190880723623440218e+00,7.414063247103446219e-01,1.198806504006559095e+02,-3.181258722835090147e+00
4.124999999999934275e+00,1.194280714202306859e+00,5.001574171936372659e-01,1.125242896190820545e+02,-2.970115454932117594e+00
4.129999999999934168e+00,1.197533593924597239e+00,7.457523122879787802e-01,2.290773914067451678e+00,-3.218043546995082327e+00
4.134999999999934062e+00,1.201469782368977057e+00,8.041700939105413948e-01,9.198753429288166217e+01,-3.344158437027567210e+00
4.139999999999933955e+00,1.205011891605292540e+00,4.925327052135882178e-01,4.392468599393793482e+01,-3.115286049499791154e+00
4.144999999999933848e+00,1.208228723857453835e+00,6.752467843908219747e-01,-7.150955237281858956e+01,-3.193447479038776571e+00
4.149999999999933742e+00,1.217102469893867278e+00,2.489949855567644033e+00,2.362571220771043841e+02,-4.133316515298431248e+00
4.154999999999933635e+00,1.230154563902811526e+00,2.427472682102742585e+00,-2.301635662567767326e+02,-4.153259023123396787e+00
4.159999999999933529e+00,1.239839805472011003e+00,1.454760282862363141e+00,-2.759859927235423811e+02,-3.724639660497036875e+00
4.164999999999933422e+00,1.242801192114981301e+00,-5.598570560931742657e-02,-4.054425654362939895e+02,-2.800455425283358224e+00
4.169999999999933316e+00,1.238451040736299191e+00,-1.450547975943335732e+00,-2.912213961278081342e+02,-2.153062617560374647e+00
4.174999999999933209e+00,1.227347304308829656e+00,-2.679125845375162296e+00,-1.995959550603096204e+02,-1.249829369806864765e+00
4.179999999999933102e+00,1.210341130212589711e+00,-3.813210325012151625e+00,-2.434357974235214215e+02,-4.205147983236272591e-01
4.184999999999932996e+00,1.188682341904470086e+00,-4.655910305917538849e+00,-1.087860423711957054e+02,-2.368714362407597918e-02
4.189999999999932889e+00,1.163244621666971179e+00,-5.320788514875491870e+00,-7.408119640317981691e+01,5.167857411580429883e-01
4.194999999999932783e+00,1.134992318400682709e+00,-5.809461165019774498e+00,-8.376188103885669989e+01,9.730865295446164964e-01
4.199999999999932676e+00,1.104681145861686531e+00,-6.190361489002119022e+00,-1.008303765973938937e+02,1.313586236666302476e+00
4.204999999999932569e+00,1.072803499204967093e+00,-6.448495098384540825e+00,1.392358343333572002e+00,1.002462139529606056e+00
4.209999999999932463e+00,1.039834200369766704e+00,-6.593304196917737947e+00,3.179928731430500122e+01,1.303702168286933638e+00
4.214999999999932356e+00,1.006842179692420070e+00,-6.530332931909013539e+00,8.188929515650848145e+01,1.754853713517984026e+00
4.219999999999932250e+00,9.744657686277842235e-01,-6.350605286907787139e+00,6.657255460476326903e+01,2.021235061006617428e+00
4.224999999999932143e+00,9.429474736507973409e-01,-6.231029349117519267e+00,4.421851921777420102e+01,1.558585400314310920e+00
4.229999999999932037e+00,9.119742244396892294e-01,-6.083375572624908578e+00,9.202763865587803593e+01,1.989885006520045962e+00
4.234999999999931930e+00,8.814267519708833820e-01,-6.025325111120091393e+00,9.563394924664017083e+01,2.461209363452041110e+00
4.239999999999931823e+00,8.525265096067977666e-01,-5.548178611480635958e+00,1.104300975601285160e+02,4.064703526081013152e+00
4.244999999999931717e+00,8.278467537400576726e-01,-4.463920440234145026e+00,2.636730500226551612e+02,5.310086007976730471e+00
4.249999999999931610e+00,8.090121465078088381e-01,-3.233403484000470840e+00,3.131292305936474349e+02,5.302472035494097291e+00
4.254999999999931504e+00,7.959149612349063485e-01,-2.145083293792133805e+00,2.758764713519354927e+02,3.939267035904289393e+00
4.259999999999931397e+00,7.860411133549447538e-01,-9.211419178764667093e-01,7.176513970415362564e+02,2.937467152672061488e+00
4.264999999999931291e+00,7.980063418167969713e-01,3.765132704420896648e+00,1.462139249892532007e+03,5.223083708579856932e+00
4.269999999999931184e+00,8.133824199372602370e-01,3.158176960482471873e+00,6.954206469951072904e+02,5.009958657983466956e+00
4.274999999999931077e+00,8.268669724140226274e-01,3.161509750643529237e+00,1.349672321648097068e+03,5.377268557207782962e+00
4.279999999999930971e+00,8.398625583869492317e-01,2.413193619260196598e+00,-2.387239377589454534e+02,4.747147807849154688e+00
4.284999999999930864e+00,8.517907792988165250e-01,2.622928993088349703e+00,5.896701850754092220e+02,5.261834729843581471e+00
4.289999999999930758e+00,8.629388985763869480e-01,2.018013582990176857e+00,-5.644764434100758308e+02,4.834939793999210700e+00
4.294999999999930651e+00,8.735729386435925337e-01,2.220953185260962748e+00,3.118191827493483288e+02,5.289800831276691540e+00
4.299999999999930544e+00,8.834058085317516573e-01,1.762880870647571596e+00,-5.406629047616164598e+02,4.891345270941645396e+00
4.304999999999930438e+00,8.930646826329229349e-01,1.970805719431671932e+00,1.720391714560728644e+02,5.219266482526327522e+00
4.309999999999930331e+00,9.020175826584155843e-01,1.623731216829848334e+00,-5.093670716630538209e+02,4.803370871581108759e+00
4.314999999999930225e+00,9.109079044099858136e-01,1.738811731625726553e+00,-7.030644353791667411e-01,4.898991905196764307e+00
4.319999999999930118e+00,9.192628694682422053e-01,1.492569617890339595e+00,-5.708658968791260122e+02,4.520530472924215282e+00
4.324999999999930012e+00,9.276585495713881580e-01,1.573937963898069725e+00,-2.371745692484082610e+02,4.562197617912561398e+00
4.329999999999929905e+00,9.358492124323695149e-01,1.554289680257747053e+00,-6.798191770832000884e+02,4.135235661183711997e+00
4.334999999999929798e+00,9.436857895064650892e-01,1.667916457487995441e+00,-6.804686566873917286e+01,4.228442739653532456e+00
4.339999999999929692e+00,9.512036098847950205e-01,1.712713077148027674e+00,3.792215126481442553e+02,4.208883304939320169e+00
4.344999999999929585e+00,9.588181275574340079e-01,2.093475319512641430e+00,1.124558032075678966e+03,4.238617943465383675e+00
4.349999999999929479e+00,9.661344445244461898e-01,1.894200654957146179e+00,7.426647782285991752e+02,3.786640113503417560e+00
4.354999999999929372e+00,9.727162257736201578e-01,8.810180536223801706e-01,-5.019854216763218346e+02,3.477817857755672648e+00
4.359999999999929265e+00,9.804731933236979780e-01,1.418022457748592258e+00,-6.265480907351144424e+02,3.339499085596020045e+00
4.364999999999929159e+00,9.871786813237081182e-01,2.035347067915695529e+00,1.398297596781070752e+03,3.757500129607081796e+00
4.369999999999929052e+00,9.929466740136481118e-01,6.510322954843251742e-01,-5.826963576611984763e+02,2.942092850230682899e+00
4.374999999999928946e+00,9.998056343701012816e-01,1.184435729334355702e+00,-6.366447625325447461e+02,2.685706512780677624e+00
4.379999999999928839e+00,1.005847384140070133e+00,1.766410322986102566e+00,1.078460068762331048e+03,3.173619948872772767e+00
4.384999999999928733e+00,1.010935029736006907e+00,6.579095378477690659e-01,-4.156580713190155052e+02,2.147366443858373053e+00
4.389999999999928626e+00,1.016937611552259035e+00,1.077705973552108398e+00,-6.390072186346400258e+02,2.282399208078170538e+00
4.394999999999928519e+00,1.022638096798717866e+00,1.204899010538229120e+00,-2.355696199372542878e+02,1.881618820784056290e+00
4.399999999999928413e+00,1.028725538007785323e+00,1.843954428380515820e+00,1.250518033830037211e+03,2.137125246471011764e+00
4.404999999999928306e+00,1.033803635642707608e+00,5.109708039812161928e-01,-5.850247414812891975e+02,9.813450590096662873e-01
4.409999999999928200e+00,1.040135316234651164e+00,1.174686746601025344e+00,-5.782247038913494634e+02,1.237386151816153967e+00
4.414999999999928093e+00,1.045876509445975433e+00,1.744137812935720788e+00,1.142662058071621004e+03,1.321301971973072531e+00
4.419999999999927986e+00,1.050967032171275406e+00,6.068543052602168864e-01,-4.747648657307754547e+02,5.894570866075902194e-01
4.424999999999927880e+00,1.057178915979073430e+00,1.137998543481155922e+00,-5.548922507312543075e+02,1.386351073451234095e-01
4.429999999999927773e+00,1.063083931352623246e+00,1.675236189735834325e+00,9.711243497339843316e+02,1.782693083290187719e-01
4.434999999999927667e+00,1.068284969394921236e+00,7.122902328395886995e-01,-3.416340021756672058e+02,-9.359756906944812771e-01
4.439999999999927560e+00,1.074644197604945450e+00,1.177306393522270511e+00,-5.055531516373162049e+02,-6.072000930415863973e-01
4.444999999999927454e+00,1.079908273361438020e+00,1.366407129566370449e+00,6.688738022517632089e+02,-8.425409062110111869e-01
4.449999999999927347e+00,1.084864812076624219e+00,7.025657117576501465e-01,-3.307431594184526489e+02,-9.213201331681498685e-01
4.454999999999927240e+00,1.089868754138510587e+00,9.104583280126672395e-01,-3.030364010404516648e+02,-9.129680676950683305e-01
4.459999999999927134e+00,1.094377577302972027e+00,1.088686182693958004e+00,4.354475993894205317e+02,-6.566023817110484551e-01
4.464999999999927027e+00,1.098528513438128407e+00,8.271807265458015479e-01,5.110473736712542348e+01,-8.936932675022457584e-01
4.469999999999926921e+00,1.102349479125145582e+00,7.184972246665259910e-01,-5.087398216636280068e+01,-6.160552668483951777e-01
4.474999999999926814e+00,1.106591635556904318e+00,7.567332344259064536e-01,-2.648499939217877568e+02,-9.841395514592086169e-01
4.479999999999926708e+00,1.110440793312830854e+00,8.530771150876140796e-01,1.392840179321654261e+02,-1.096581609163705506e+00
4.484999999999926601e+00,1.114883001545449615e+00,9.591220862796633329e-01,1.772246141624198401e+02,-1.696585613295130468e+00
4.489999999999926494e+00,1.119028335881815606e+00,9.587425928250203899e-01,1.649260282783936020e+02,-1.792590645340221389e+00
4.494999999999926388e+00,1.123372223603195330e+00,7.743671151166227062e-01,-1.821136509986123713e+02,-2.145416567332874003e+00
4.499999999999926281e+00,1.128015203945542888e+00,1.060150717382493113e+00,2.947480076673210760e+02,-2.077698271740391345e+00
4.504999999999926175e+00,1.132435249139797540e+00,8.912119618754519301e-01,-1.500485305734826014e+01,-2.373957496003119783e+00
4.509999999999926068e+00,1.136822865944927985e+00,7.748935471297341282e-01,5.699234057589608682e+01,-2.449562530537893412e+00
4.514999999999925961e+00,1.140912459855713434e+00,6.767082687159985399e-01,2.354571145956098235e+02,-2.188884920085021779e+00
4.519999999999925855e+00,1.145008384859200756e+00,4.478105392670396756e-01,-5.585024895858978198e+02,-2.636688145273605066e+00
4.524999999999925748e+00,1.149338813801839221e+00,1.095456655514198685e+00,1.719885198641642319e+02,-2.667014022695810560e+00
4.529999999999925642e+00,1.153635368448897802e+00,9.977398871750415843e-01,3.115899108211991475e+01,-2.849669474565982519e+00
4.534999999999925535e+00,1.157500543582845820e+00,8.112097747221928001e-01,-1.772248879297453783e+01,-2.621319732160033666e+00
4.539999999999925429e+00,1.161534664267240391e+00,7.204976697454195111e-01,6.922645575614343727e+01,-2.556356378706190036e+00
4.544999999999925322e+00,1.166119418796262019e+00,5.786724802812878155e-01,-6.052788719998299030e+02,-2.753191359948707451e+00
4.549999999999925215e+00,1.170558832600337551e+00,1.120871508034360087e+00,1.819307912075732361e+02,-2.754714177859828972e+00
4.554999999999925109e+00,1.175136610896260647e+00,9.329139447495549131e-01,5.970235908133636826e+01,-3.259130437160524973e+00
4.559999999999925002e+00,1.180351447147149457e+00,1.041703026174722879e+00,-9.813529534902650653e+01,-3.601853070582121674e+00
4.564999999999924896e+00,1.186203955522357800e+00,1.210975259193409093e+00,8.184052660482829822e+01,-3.294595293093368404e+00
4.569999999999924789e+00,1.192210406253801258e+00,1.267161122325433764e+00,7.647969466963621699e+01,-3.707561896603470686e+00
4.574999999999924682e+00,1.198461446844797607e+00,1.311540543295101946e+00,5.733406120746809620e+01,-3.864592383069963777e+00
4.579999999999924576e+00,1.204949721186916456e+00,1.306961203913136416e+00,-1.602979629130821593e+01,-4.188927923712324919e+00
4.584999999999924469e+00,1.211735891679090571e+00,1.166709923932082393e+00,-2.980160228920182135e+02,-4.506146101745979848e+00
4.589999999999924363e+00,1.218155212155476619e+00,1.311903912262551319e+00,-2.000021696301109841e+01,-4.512358143815035305e+00
4.594999999999924256e+00,1.224902199370614619e+00,1.385117199816910505e+00,5.890643770166162341e+01,-4.327671207638064566e+00
4.599999999999924150e+00,1.231724724807477411e+00,1.379894094781135339e+00,8.053136335337802620e+01,-4.742740944722521945e+00
4.604999999999924043e+00,1.238137086458038993e+00,1.235442133182621749e+00,-6.777544946653213742e+01,-5.078868148683960193e+00
4.609999999999923936e+00,1.244197014824015124e+00,1.155045162962140992e+00,-3.906826779770445057e+01,-5.090076167481385916e+00
4.614999999999923830e+00,1.249682630435882791e+00,1.071227458347542516e+00,-4.689405011887581054e+01,-4.747030273786394083e+00
4.619999999999923723e+00,1.254489790417427475e+00,9.000779841256988378e-01,-1.944047666842634214e+01,-4.967569821162419963e+00
4.624999999999923617e+00,1.258006615202989842e+00,5.987699609042925752e-01,-5.274335195875728033e+01,-5.158769686836567558e+00
4.629999999999923510e+00,1.260010829835670032e+00,2.723796745697353305e-01,-7.792404336061578363e+01,-5.238833665722828492e+00
4.634999999999923403e+00,1.260499361380363226e+00,4.946154368173865876e-03,-4.929669475850180049e+01,-4.531257370606193824e+00
4.639999999999923297e+00,1.259126134951106035e+00,-3.748742191734669160e-01,4.051694370909159204e+01,-4.600978760731315731e+00
4.644999999999923190e+00,1.255740700284709410e+00,-8.523225581175891685e-01,-8.970184534425595757e+01,-4.576344661053156848e+00
4.649999999999923084e+00,1.250166787160719162e+00,-1.257545764688625001e+00,-5.689004560838293401e+01,-4.316652638395696684e+00
4.654999999999922977e+00,1.242561006146765790e+00,-1.641894934335101031e+00,-3.365001549543507053e+01,-3.561124677776818181e+00
4.659999999999922871e+00,1.232981022975178309e+00,-2.065714515404128537e+00,-7.247619503310349387e+01,-3.517752957619645127e+00
4.664999999999922764e+00,1.221597717264017779e+00,-2.379138476225791887e+00,-3.429010793166873583e+01,-3.341560770825572124e+00
4.669999999999922657e+00,1.208696593535075525e+00,-2.651117386007041166e+00,-1.686358645010988511e+01,-2.684650486425965710e+00
4.674999999999922551e+00,1.194517049684431509e+00,-2.930788346025233970e+00,-6.843014740202424662e+01,-2.738662929153201642e+00
4.679999999999922444e+00,1.179505130730722051e+00,-3.001203961040353807e+00,3.528068146224700996e+01,-2.583943866453236815e+00
4.684999999999922338e+00,1.163943212276519201e+00,-3.109084863471584192e+00,4.491750439327418576e+01,-2.138802964267194184e+00
4.689999999999922231e+00,1.148088451977073765e+00,-3.176159142618791176e+00,-2.639732768970756638e+01,-2.263159932495983018e+00
4.694999999999922125e+00,1.132254223289949069e+00,-3.092958834100377974e+00,6.935384242100346341e+01,-2.303391441009418728e+00
4.699999999999922018e+00,1.116611441547665562e+00,-3.060222045044140415e+00,9.440757827498532606e+01,-1.835078833414600208e+00
4.704999999999921911e+00,1.101375562804017605e+00,-3.000878994426897872e+00,-2.245858454245216684e+00,-2.018911980925545357e+00
4.709999999999921805e+00,1.086421123255686849e+00,-2.949147441556357219e+00,5.283532476352092289e+01,-1.696682435712473014e+00
4.714999999999921698e+00,1.071531274052446303e+00,-2.923163790938533069e+00,9.107436846949657649e+01,-1.082929229624331802e+00
4.719999999999921592e+00,1.056579952976582248e+00,-2.989859858813919580e+00,2.587642438512071763e+01,-1.194748745547034252e+00
4.724999999999921485e+00,1.041036773147681949e+00,-3.120115985721295448e+00,2.744822387316294510e+01,-4.776623402831603471e-01
4.729999999999921378e+00,1.025155824363437329e+00,-3.255518399053103806e+00,-9.372335686065056848e+01,-4.289375144995897227e-01
4.734999999999921272e+00,1.008951803688130200e+00,-3.242922140582137125e+00,2.816674019181453659e+01,-4.482265221768377828e-02
4.739999999999921165e+00,9.933090920854452666e-01,-2.988038765289167120e+00,1.324978539222896643e+02,2.407088102644914240e-01
4.744999999999921059e+00,9.792840022006918943e-01,-2.610620211683922332e+00,1.286819007598589906e+02,-3.740075666989197689e-01
4.749999999999920952e+00,9.698095100238057764e-01,-1.368880208424442690e+00,2.670493784781002091e+02,-1.942634048066422814e-01
4.754999999999920846e+00,9.693800794513767194e-01,7.352745166297939283e-01,3.760627888985466143e+02,-1.162052678047257315e+00
4.759999999999920739e+00,9.752288352703156749e-01,1.401673206971495445e+00,6.183263381539713919e+02,-4.271759282242296729e-01
4.764999999999920632e+00,9.808676497317652121e-01,9.918106297454566400e-01,-6.339359086991213417e+02,6.832716935836390393e-01
4.769999999999920526e+00,9.875432200727919385e-01,1.345993472983846528e+00,7.443718496309122656e+01,2.562223292413300157e+00
4.774999999999920419e+00,9.944839046110204306e-01,1.239503758423879942e+00,-7.354826945159630895e+02,2.219093772878112603e+00
4.779999999999920313e+00,1.000477382253676550e+00,1.056676662762689123e+00,-8.590463490611082307e+02,2.198730083927424417e+00
4.784999999999920206e+00,1.006996363634341973e+00,1.153363340964215000e+00,-1.010017639663197315e+03,2.057155327196409367e+00
4.789999999999920099e+00,1.013481919807663889e+00,1.331678062281799857e+00,-9.099406619452013274e+02,1.482274207804162192e+00
4.794999999999919993e+00,1.018462098788632364e+00,1.302753464885057166e+00,8.364440312984385173e+02,2.157165520843219664e+00
4.799999999999919886e+00,1.023404078341668910e+00,1.654869861566643952e+00,1.557040623635111615e+03,2.261841625000928335e+00
4.804999999999919780e+00,1.028960147860349839e+00,1.632059726887224560e+00,1.365642088903680587e+03,1.830402722907996660e+00
4.809999999999919673e+00,1.033165296125750254e+00,1.544007503872137033e+00,1.187384586620217533e+03,1.534293069826792255e+00
4.814999999999919567e+00,1.037642319039915328e+00,1.900348276870086561e+00,1.477134721121551365e+03,1.689511061976467499e+00
4.819999999999919460e+00,1.041382443149316162e+00,2.399229480033476455e-02,-7.747255565706883544e+02,1.285497889847990738e+00
4.824999999999919353e+00,1.046308731092512545e+00,7.665812409048760045e-01,-8.326240459682718438e+02,1.744442212109921675e+00
4.829999999999919247e+00,1.051545375471754307e+00,1.206340929827690367e+00,-8.050119266124912656e+02,1.316700700477738017e+00
4.834999999999919140e+00,1.057218448276284972e+00,1.903794260468108845e+00,1.588860653188851984e+03,1.860677440975867958e+00
4.839999999999919034e+00,1.061468107467285371e+00,2.328168927184888493e-01,-7.406270455726503315e+02,9.393004351779807859e-01
4.844999999999918927e+00,1.067389814135233150e+00,1.098606939757374557e+00,-7.317877627205485851e+02,1.281415121024441328e+00
4.849999999999918820e+00,1.072760414259203321e+00,1.877365787312447853e+00,1.553131004504647535e+03,1.705465134875557620e+00
4.854999999999918714e+00,1.077325416975461359e+00,3.551975170355141098e-01,-6.913034343416488809e+02,7.092329030292844338e-01
4.859999999999918607e+00,1.083803496846562631e+00,1.247969555207582681e+00,-6.711589336511340207e+02,9.792461960145205646e-01
4.864999999999918501e+00,1.089953601931742178e+00,1.943838868232619532e+00,1.389091443295270210e+03,1.247030716584739407e+00
4.869999999999918394e+00,1.095151468905135150e+00,5.412529621640269628e-01,-6.016367750684179327e+02,3.488698749054254256e-01
4.874999999999918288e+00,1.101896374156596803e+00,1.315212827582772803e+00,-5.557553428032678084e+02,7.522310338807702834e-01
4.879999999999918181e+00,1.107366547102921484e+00,1.708937568313984023e+00,1.168022465151870847e+03,9.624279949116023580e-01
4.884999999999918074e+00,1.112321441309512826e+00,5.762896762859767152e-01,-5.389592036244542896e+02,1.323415808258762150e-01
4.889999999999917968e+00,1.117567813696094037e+00,1.374058846473270590e+00,1.148027545700287646e+03,1.280956121628281652e+00
4.894999999999917861e+00,1.121347585415135795e+00,3.999378854904790948e-01,-5.156764759572411094e+02,4.855450270626321951e-01
4.899999999999917755e+00,1.126914943082981457e+00,9.213510297295873785e-01,-1.559424834836446223e+02,8.656508647992027239e-01
4.904999999999917648e+00,1.132306992354178643e+00,1.744294069317114726e+00,1.238552814686014244e+03,7.448364051794991170e-01
4.909999999999917542e+00,1.136735632412082753e+00,8.324919976118271281e-01,-5.868888045980602328e+02,-5.980537305526836267e-01
4.914999999999917435e+00,1.140510324846750301e+00,1.463169471196745508e-01,-4.617392429765440625e+02,3.041570320885588208e-01
4.919999999999917328e+00,1.145721841155763032e+00,1.146263065253124713e+00,-4.647946957372987526e+02,2.174421234588065355e-01
4.924999999999917222e+00,1.149342830676387539e+00,5.241744660451721494e-01,-3.934240333729642316e+02,1.635510283377659690e-01
4.929999999999917115e+00,1.154889682167266729e+00,1.535683942725486473e+00,1.173513000665898062e+03,6.707898685634842151e-01
4.934999999999917009e+00,1.159276214937087879e+00,9.203471586854127251e-01,-3.509101748737862749e+02,-8.112175426071037698e-01
4.939999999999916902e+00,1.163243730542200982e+00,3.232590904526114195e-01,-3.334415714821676033e+02,-3.266408048265351249e-01
4.944999999999916795e+00,1.168336483199062359e+00,9.309763910833999123e-01,-2.542973104538723987e+02,-2.362587793592841878e-01
4.949999999999916689e+00,1.172941367874448915e+00,1.305217294973541442e+00,7.325660936181132001e+02,-7.153512689273712200e-01
4.954999999999916582e+00,1.176823731871826206e+00,4.547895421520836701e-01,-3.144651348805911084e+02,-1.524658970652670753e+00
4.959999999999916476e+00,1.181722530153054063e+00,9.516672446583097633e-01,-2.519018749445886272e+02,-1.154991746812234155e+00
4.964999999999916369e+00,1.185601347342397194e+00,1.108850010754848903e+00,5.935903514167625872e+02,-1.381065905633089397e+00
4.969999999999916263e+00,1.189900675107333550e+00,6.828656741445059408e-01,-2.751440125412490261e+02,-1.900146542943895067e+00
4.974999999999916156e+00,1.193648907337384157e+00,1.035731444664480971e+00,4.943904423082016137e+02,-1.621348547377160498e+00
4.979999999999916049e+00,1.197250797038566628e+00,4.925941612780357914e-01,-2.670857963551998751e+02,-2.086155108843960271e+00
4.984999999999915943e+00,1.201223420884521387e+00,7.203790218411564306e-01,-1.835569500332008772e+02,-1.649690951166483899e+00
4.989999999999915836e+00,1.204812835743370725e+00,8.835929775405945152e-01,3.493133107687307302e+02,-1.849179382363277169e+00
4.994999999999915730e+00,1.207709473130142097e+00,4.366318765885924269e-01,-1.156584693155556067e+02,-2.133150813637603616e+00
4.999999999999915623e+00,1.210912588393432854e+00,6.312196049926722674e-01,-1.289874534766249212e+02,-1.884031174057522406e+00
5.004999999999915516e+00,1.213432797511620365e+00,4.715097762562394101e-01,-1.054747503400316759e+02,-2.323728057282455239e+00
5.009999999999915410e+00,1.215956895327842124e+00,5.176759505314396659e-01,8.757275103255227577e+01,-2.113607735132950527e+00
5.014999999999915303e+00,1.218209880448256399e+00,4.558604739999515543e-01,4.600886797831629238e+00,-2.552266380865833462e+00
5.019999999999915197e+00,1.220352470765247332e+00,3.698684721936497666e-01,-1.087145950976560158e+02,-2.731580644646760092e+00
5.024999999999915090e+00,1.223086098654340592e+00,4.795019421280214966e-01,4.261340520028024770e+01,-2.751487839177563455e+00
5.029999999999914984e+00,1.225388859899342986e+00,5.613330453014305776e-01,1.205567972147276805e+02,-3.150721718341690458e+00
5.034999999999914877e+00,1.227539539053471351e+00,3.695279691942242595e-01,-7.909932566101332441e+01,-3.221183151062918970e+00
5.039999999999914770e+00,1.230155348181158237e+00,5.231201688119364590e-01,-2.185383196893695867e+00,-3.110879204761789918e+00
5.044999999999914664e+00,1.232923962848792909e+00,5.781281287503906574e-01,4.840403738454570259e+01,-3.376279659496012275e+00
5.049999999999914557e+00,1.235702156756083303e+00,5.084938670281892170e-01,-8.466103668509343549e+01,-3.877046227473783357e+00
5.054999999999914451e+00,1.238500530925036314e+00,6.057892912226912063e-01,6.375927304293585252e+01,-4.048606581791458048e+00
5.059999999999914344e+00,1.241189464153872102e+00,5.530126174758264179e-01,6.761448391578956318e+01,-3.919737909006586474e+00
5.064999999999914237e+00,1.243786803420795506e+00,4.547039095286186106e-01,-1.013254219106965763e+02,-4.210446864378724285e+00
5.069999999999914131e+00,1.246721256313338522e+00,1.024268392408905770e+00,5.821457005712670707e+02,-4.325450894308765726e+00
5.074999999999914024e+00,1.255271731651385503e+00,1.880486974231878383e+00,5.370850892821255229e+01,-4.814573535543146043e+00
5.079999999999913918e+00,1.263375425350203640e+00,1.284280672452939864e+00,-2.349590180087524516e+02,-4.415783739306226252e+00
5.084999999999913811e+00,1.265880719343573046e+00,-7.088943326245107646e-02,-2.957407811788341405e+02,-3.310705592026632615e+00
5.089999999999913705e+00,1.261349249831608343e+00,-1.502798223102481678e+00,-2.977095459548436338e+02,-2.818818870417749700e+00
5.094999999999913598e+00,1.249614474604490599e+00,-2.901647013723149371e+00,-2.855869601694504354e+02,-1.843786715814905497e+00
5.099999999999913491e+00,1.231306349624653240e+00,-4.131825896864443237e+00,-2.011460894807906072e+02,-1.260128365338537337e+00
5.104999999999913385e+00,1.207324355997962728e+00,-5.175282523656399292e+00,-1.492574332474121661e+02,-3.311530138700744530e-01
5.109999999999913278e+00,1.178937418817493921e+00,-5.918221431070680438e+00,-7.462581855185769086e+01,5.830836437352404644e-01
5.114999999999913172e+00,1.147397708871490618e+00,-6.481230150199941420e+00,-8.148326097965086490e+01,1.073370111986240882e+00
5.119999999999913065e+00,1.113606294838568322e+00,-6.896973148969195222e+00,-6.844701758400636038e+01,1.099856259497387967e+00
5.124999999999912959e+00,1.078505216386902665e+00,-7.046330604024483968e+00,-9.087983608500939781e+00,1.856931539474579118e+00
5.129999999999912852e+00,1.043442564980782361e+00,-6.933269103145189405e+00,4.795045863981894030e+01,2.412402608393554804e+00
5.134999999999912745e+00,1.008948943364086581e+00,-6.812251915243241029e+00,3.752714332802427322e+01,2.276304504088799696e+00
5.139999999999912639e+00,9.751772822243932604e-01,-6.686446313220958615e+00,-1.095122269015030181e+00,2.836060153166084952e+00
5.144999999999912532e+00,9.419122525031988769e-01,-6.541586993551962159e+00,1.224561403735285268e+02,3.034244348584609341e+00
5.149999999999912426e+00,9.102911222744586306e-01,-6.072321540978287580e+00,1.394124785315106010e+02,4.429999120691076264e+00
5.154999999999912319e+00,8.825087113940187633e-01,-5.163108933397416500e+00,2.085612127136784011e+02,5.291566133109951053e+00
5.159999999999912212e+00,8.738270874694098467e-01,7.789894579057884405e-01,4.381619315830508867e+02,2.415613352286024806e+00
5.164999999999912106e+00,8.849130545693919547e-01,2.461521722194054629e+00,1.620064713894388149e+02,3.364917309442336357e+00
5.169999999999911999e+00,8.971599343453848796e-01,2.584041615057268704e+00,4.215666390929481508e+02,4.201038548687187735e+00
5.174999999999911893e+00,9.073610674610136373e-01,2.209419376850422445e+00,4.388948070413930509e+02,3.961085572816911871e+00
5.179999999999911786e+00,9.172985775175359624e-01,2.291070088065464638e+00,5.477221919195395685e+02,3.973183576537153705e+00
5.184999999999911680e+00,9.260862446253792513e-01,1.963633130222237622e+00,7.185739954137072800e+02,3.923759076018962677e+00
5.189999999999911573e+00,9.344854018775691218e-01,1.817701232708510473e+00,7.085387455614657881e+01,3.781246657408477319e+00
5.194999999999911466e+00,9.420901202825450182e-01,1.500874689448994825e+00,3.530172812551155559e-01,3.759656732207449892e+00
5.199999999999911360e+00,9.494638371126286058e-01,1.452230560789291802e+00,-7.623873908037812726e+02,3.523619665907908427e+00
5.204999999999911253e+00,9.565583028849500291e-01,1.460313076693051215e+00,-3.991699085423318820e+02,3.645066021838173853e+00
5.209999999999911147e+00,9.628359168107787358e-01,1.864323041400683945e+00,1.318055493793722917e+03,4.272788505877111120e+00
5.214999999999911040e+00,9.709752981587863596e-01,2.320450831684128801e+00,1.532876078971529751e+03,3.926388686628720759e+00
5.219999999999910933e+00,9.769618064730624107e-01,5.359333520317152155e-01,-7.628011646644704342e+02,3.308634135213267324e+00
5.224999999999910827e+00,9.840243107833500646e-01,1.282284652720402152e+00,-7.489524848506703165e+02,3.566103148556351243e+00
5.229999999999910720e+00,9.901142504336646333e-01,1.994214404502785865e+00,1.547788875104580029e+03,4.047563389235253162e+00
5.234999999999910614e+00,9.951957929635805167e-01,4.403393750748342828e-01,-7.092444481307021533e+02,3.229177571600380325e+00
5.239999999999910507e+00,1.002017596925717680e+00,1.276422157135382207e+00,-7.088485417339625201e+02,3.299663359442487565e+00
5.244999999999910401e+00,1.008383397813308768e+00,2.049483788484844471e+00,1.512376861541717517e+03,3.621949610203503589e+00
5.249999999999910294e+00,1.014006314526781249e+00,6.117277509808444202e-01,-6.379936659108290087e+02,2.474664407598694549e+00
5.254999999999910187e+00,1.021172955837512664e+00,1.343884497035971792e+00,-5.919410681711343614e+02,2.587985042689959769e+00
5.259999999999910081e+00,1.027681420982170746e+00,1.954657092837979171e+00,1.322020342156795323e+03,2.846666958059860253e+00
5.264999999999909974e+00,1.033414679308098272e+00,5.873920090961423091e-01,-7.042901642480642295e+02,1.918311985119469876e+00
5.269999999999909868e+00,1.040126384154398620e+00,1.155613998276907584e+00,-5.563092885160467631e+02,2.234440048531118883e+00
5.274999999999909761e+00,1.045756557901926564e+00,1.686536725713113416e+00,1.130812085257269928e+03,2.381572530106599750e+00
5.279999999999909654e+00,1.050825607540416096e+00,5.222227534657086778e-01,-6.216789778933390380e+02,1.583268733564292763e+00
5.284999999999909548e+00,1.057414751248346496e+00,1.236734926907819831e+00,-5.687551468672555757e+02,1.586036466563143676e+00
5.289999999999909441e+00,1.063259347731013049e+00,1.693574040385783963e+00,1.052053863360755486e+03,1.496005786466596987e+00
5.294999999999909335e+00,1.068843379262125914e+00,7.496315602108916121e-01,-4.589101662656873941e+02,6.997315120856180126e-01
5.299999999999909228e+00,1.075947776482549800e+00,1.339804800500716819e+00,-4.931946862669406073e+02,6.175449211509417280e-01
5.304999999999909122e+00,1.082656070787530789e+00,1.801639213405661133e+00,9.091594270552559465e+02,6.949073644990457765e-01
5.309999999999909015e+00,1.088901873107964491e+00,9.348555186547177209e-01,-3.561532060824793007e+02,-2.334665936739485081e-01
5.314999999999908908e+00,1.096302360071041759e+00,1.379346108516293024e+00,-4.396375777273268568e+02,-1.800891167792695313e-02
5.319999999999908802e+00,1.103036156205760232e+00,1.707367650165728890e+00,7.340228878376982493e+02,2.578044278460311922e-03
5.324999999999908695e+00,1.109393924307804591e+00,1.026910921944243160e+00,-2.810865294612139564e+02,-5.330594723562851467e-01
5.329999999999908589e+00,1.116183126355781319e+00,1.282573761981232519e+00,-3.001159775422331677e+02,-5.702156802384323875e-01
5.334999999999908482e+00,1.122294768845170765e+00,1.414645051366697270e+00,4.028364197926331371e+02,-6.026950481724423492e-01
5.339999999999908376e+00,1.128226053409652652e+00,1.099335038661384489e+00,-6.912754231334822919e+01,-1.206509077312614586e+00
5.344999999999908269e+00,1.133947595660692587e+00,1.126844876500166626e+00,-1.710453128671114342e+01,-1.264547816413689851e+00
5.349999999999908162e+00,1.139679842640878515e+00,1.124535145470930253e+00,-1.849962872917079793e+01,-1.555549944777881111e+00
5.354999999999908056e+00,1.144547226272177198e+00,1.081722970132528605e+00,1.572893998128509736e+02,-1.991063727099869229e+00
5.359999999999907949e+00,1.149757654950122276e+00,1.043244370024897671e+00,1.368174548597388593e+02,-2.156375440448260239e+00
5.364999999999907843e+00,1.154423739374659030e+00,8.361266445456130292e-01,6.744573082086547799e+01,-2.614093693581557964e+00
5.369999999999907736e+00,1.158890966494664942e+00,6.872062978503136188e-01,1.692909726989321371e+02,-2.830624730138057377e+00
5.374999999999907629e+00,1.163586401737049414e+00,1.136292939840359617e+00,1.044940056904538039e+02,-3.136206170575217556e+00
5.379999999999907523e+00,1.168192058362487851e+00,1.003542151224449341e+00,-4.644803681926545380e+01,-3.548211655163842959e+00
5.384999999999907416e+00,1.172001151502640726e+00,9.408168162017495062e-01,1.028823446926070488e+02,-3.400508655034547800e+00
5.389999999999907310e+00,1.175199803461529635e+00,6.375610157197777461e-01,-7.643923000349166941e+00,-3.256906326987604405e+00
5.394999999999907203e+00,1.179118738701562030e+00,3.869220160177870294e-01,-6.159965324373256408e+02,-3.705049615523392070e+00
5.399999999999907097e+00,1.182140105071759040e+00,7.571175030077752499e-01,8.157539958974541605e+01,-3.413191424676726093e+00
5.404999999999906990e+00,1.185204241799184377e+00,4.977450739798991441e-01,6.746451338312070334e+01,-3.789543600278324487e+00
5.409999999999906883e+00,1.188638215385676045e+00,8.185002269654753082e-01,3.349889692847618949e+00,-3.811207772380822867e+00
5.414999999999906777e+00,1.191735172914475172e+00,5.435989987034685056e-01,1.381546816027691307e+02,-4.019575159389905394e+00
5.419999999999906670e+00,1.194382168642178499e+00,6.158232956240440314e-01,6.134574602990664971e+01,-4.434124940874031751e+00
5.424999999999906564e+00,1.197933901608951412e+00,7.733912275131167302e-01,2.425207836424828756e+01,-4.151830945613419921e+00
5.429999999999906457e+00,1.201776501471751191e+00,6.416461941197035834e-01,-4.347191296913958070e+01,-4.783144343673322751e+00
5.434999999999906350e+00,1.205198568826518546e+00,7.161290609788091288e-01,-5.276407999826334461e+00,-4.647982672677406946e+00
5.439999999999906244e+00,1.208930968582262233e+00,7.580072469483365438e-01,-2.315463693589317984e+01,-4.487159012890860943e+00
5.444999999999906137e+00,1.212474179055383905e+00,6.708199704196007307e-01,1.343516823220952716e+01,-5.255876648301577525e+00
5.449999999999906031e+00,1.215553876560468760e+00,5.842011956700354780e-01,-3.751151462590052432e+01,-5.048191425626724183e+00
5.454999999999905924e+00,1.218183952340376131e+00,4.763894648452274838e-01,-4.917730385511095648e+01,-4.747435445818823041e+00
5.459999999999905818e+00,1.222225530005218275e+00,8.304207282271982571e-01,-5.215316060072643722e+01,-5.792673760088093537e+00
5.464999999999905711e+00,1.224371925115066206e+00,9.244059446856707496e-02,-1.708170575900371659e+02,-4.531485583551095431e+00
5.469999999999905604e+00,1.221766541957367558e+00,-9.740391347706336411e-01,-2.617695719250056072e+02,-3.418010853346596267e+00
5.474999999999905498e+00,1.213603803738242615e+00,-2.074251644426391650e+00,-2.383697566443285041e+02,-2.424295416764922884e+00
5.479999999999905391e+00,1.200149616366427141e+00,-3.075337983624007343e+00,-1.937154774747446027e+02,-1.530544643069022381e+00
5.484999999999905285e+00,1.181614947508675018e+00,-4.094326953743336439e+00,-2.283140018155775408e+02,-1.309977528199756769e+00
5.489999999999905178e+00,1.158159194786755997e+00,-4.997330912277892168e+00,-1.258695519807745598e+02,-7.440859141871714044e-02
5.494999999999905071e+00,1.130837081560576607e+00,-5.636921630527189642e+00,-2.186954415285849151e+01,1.031848616617246694e+00
5.499999999999904965e+00,1.100046979602737007e+00,-6.340984117796131692e+00,-4.643812363721299619e+01,1.143945606660031977e+00
5.504999999999904858e+00,1.073096587045700101e+00,-4.312173616183666014e-01,6.258043935884062194e+03,2.726721437011265792e+00
5.509999999999904752e+00,1.080690687497614988e+00,1.580696703395122693e+00,-6.194970929031304649e+02,-2.845497190998604875e-01
5.514999999999904645e+00,1.090617777890545037e+00,1.815226911154161460e+00,-6.874486974703816031e+02,6.434657199064393041e-01
5.519999999999904539e+00,1.100842511991617645e+00,2.181876887430818979e+00,-8.253982491234280587e+02,4.567653925852788177e-01
5.524999999999904432e+00,1.110850905956623391e+00,2.725093998965873343e+00,1.606320744351055964e+03,1.093471424061452257e+00
5.529999999999904325e+00,1.118654544878014079e+00,8.620722269634086832e-01,-7.519879075701187503e+02,1.681188788560271652e-01
5.534999999999904219e+00,1.127036547164226521e+00,1.521268904676748246e+00,-6.859898060551900016e+02,4.870314952657195384e-01
5.539999999999904112e+00,1.134298828453989660e+00,2.132666691072332199e+00,1.410756671660682741e+03,7.963760683198370938e-01
5.544999999999904006e+00,1.138752364119935301e+00,6.360026278987196413e-01,-6.207919980434837726e+02,-7.438409830615289042e-02
5.549999999999903899e+00,1.144327543605092146e+00,1.487145533752270099e+00,1.383152987993980560e+03,1.140220346914335714e+00
5.554999999999903793e+00,1.148318723308461964e+00,4.087598274349434901e-01,-5.117897328977719553e+02,1.994873521831485585e-01
5.559999999999903686e+00,1.152939368952495158e+00,1.100926406285231973e+00,8.980061692163496900e+02,9.673389626098998217e-01
5.564999999999903579e+00,1.155645497516118780e+00,1.971516786115889153e-01,-4.397740096272555661e+02,3.028601653569651941e-01
5.569999999999903473e+00,1.160937670921169174e+00,1.085402946265716873e+00,-4.412197015588940303e+02,1.744341568863603253e-01
5.574999999999903366e+00,1.163846152760231956e+00,2.905544875068095667e-01,-4.132347371580783602e+02,-1.065685725409251106e-01
5.579999999999903260e+00,1.167879945317207735e+00,1.181408198179584090e+00,1.180569128618218883e+03,5.581005875078488554e-01
5.584999999999903153e+00,1.171352096561544043e+00,4.330887834614630116e-01,-3.662330200390936170e+02,-6.468331561262415930e-01
5.589999999999903046e+00,1.174437826978163457e+00,1.215442261717303962e+00,1.049103091933126962e+03,-9.652265724747656483e-02
5.594999999999902940e+00,1.177111819611330379e+00,4.856904159181507641e-01,-4.593658964249672749e+02,-1.358738047516057978e+00
5.599999999999902833e+00,1.179107090193058038e+00,-1.150359717197876608e-01,-4.450991727890061043e+02,-8.488355455154956708e-01
5.604999999999902727e+00,1.182590467417508950e+00,7.202652831518482346e-01,-4.047125403359019629e+02,-7.323665401322331236e-01
5.609999999999902620e+00,1.184728184037925125e+00,2.596913524076016055e-01,-2.747242681142079164e+02,-1.465175041969038805e+00
5.614999999999902514e+00,1.186511792215182881e+00,8.147130980052916804e-01,8.145611363031401879e+02,-7.429262924816243396e-01
5.619999999999902407e+00,1.188902285667423175e+00,3.160310079521533311e-01,-2.248995098034884279e+02,-1.735075755087267080e+00
5.624999999999902300e+00,1.191313945372139305e+00,9.083449432789830746e-01,6.988750761724323866e+02,-1.327960395932158200e+00
5.629999999999902194e+00,1.193699917304630764e+00,4.728429930422454741e-01,-2.185448202308045893e+02,-2.453460018060894754e+00
5.634999999999902087e+00,1.196185015052249945e+00,4.202695141976292015e-01,5.277641808959545244e+01,-2.064997239135452300e+00
5.639999999999901981e+00,1.198605921969848609e+00,4.586274644210777685e-01,-1.974231630129813482e+02,-2.456499978754729252e+00
5.644999999999901874e+00,1.201198890714067158e+00,7.384432109824807799e-01,3.827931224203330203e+02,-2.469652522997258348e+00
5.649999999999901767e+00,1.203746054857968595e+00,3.830050415211927461e-01,-1.902401696186202287e+02,-3.177085258773975518e+00
5.654999999999901661e+00,1.206711882710127970e+00,5.283856773636518289e-01,-1.301631111752261347e+02,-2.955303727667432767e+00
5.659999999999901554e+00,1.209325865162683922e+00,6.796673417372510739e-01,2.915193998544792748e+02,-3.096241208939315648e+00
5.664999999999901448e+00,1.211592793959774372e+00,3.130484097547731603e-01,-1.371697237610021887e+02,-3.748802065255429472e+00
5.669999999999901341e+00,1.213976242615323109e+00,4.613502581532064051e-01,-1.044069917484534926e+02,-2.897256920282047066e+00
5.674999999999901235e+00,1.215874910008931886e+00,4.474795402327508276e-01,1.783792238866122375e+02,-3.329519494546265612e+00
5.679999999999901128e+00,1.217550253857451414e+00,2.639427148626442010e-01,-6.204609820321213220e+01,-3.041476006303914570e+00
5.684999999999901021e+00,1.219173690432170165e+00,3.494814034455977492e-01,9.471944971251296863e+01,-2.694725906484322753e+00
5.689999999999900915e+00,1.220639001057883366e+00,2.976936074212490069e-01,-3.473980250733531250e+01,-2.795734867105839960e+00
5.694999999999900808e+00,1.222013814314947933e+00,2.807752270698217201e-01,2.544944667381837888e+01,-2.601230723221402030e+00
5.699999999999900702e+00,1.223753157445904849e+00,2.040251273545686528e-01,-1.447837255083342143e+02,-2.465616603359669146e+00
5.704999999999900595e+00,1.225160081714548932e+00,4.366092164037688184e-01,2.637471184621067550e+02,-2.184364631069082741e+00
5.709999999999900488e+00,1.226710311696887157e+00,3.027681064740062045e-01,6.320032808393542467e+01,-2.501235341689094671e+00
5.714999999999900382e+00,1.228489322280388318e+00,3.849948736482242118e-01,1.175170650091327929e+02,-2.671604049928751223e+00
5.719999999999900275e+00,1.230314112354782496e+00,3.869802826085401715e-01,4.998653452119641827e+01,-3.113249068822227184e+00
5.724999999999900169e+00,1.232144334870934443e+00,3.188364818305285953e-01,-7.625624529982719935e+01,-3.269520267046989837e+00
5.729999999999900062e+00,1.233859772795481646e+00,2.953981017225577044e-01,-1.348559815066101351e+02,-3.094820547231232233e+00
5.734999999999899956e+00,1.235594200093923067e+00,3.151164034155626292e-01,-1.288603832828329416e+02,-3.170925863539860945e+00
5.739999999999899849e+00,1.237288278894892013e+00,2.962074636574379416e-01,-1.159735105071953569e+02,-3.295717761475667640e+00
5.744999999999899742e+00,1.243538399639408709e+00,1.808983604496856801e+00,6.443129420305042743e+01,-4.105586798814897520e+00
5.749999999999899636e+00,1.253901407202852036e+00,1.928052197541021862e+00,-1.581969622843711250e+02,-3.791722649169819714e+00
5.754999999999899529e+00,1.260769246799546606e+00,9.153095750850734902e-01,-2.462256726421810527e+02,-3.265933509874403562e+00
5.759999999999899423e+00,1.261621127254390240e+00,-3.972696589804555756e-01,-3.440455234812138201e+02,-2.705959562960467579e+00
5.764999999999899316e+00,1.256022617509419126e+00,-1.630016931604185260e+00,-2.630447301207568671e+02,-1.998038245517503864e+00
5.769999999999899210e+00,1.244067625331253479e+00,-2.873769089832632684e+00,-2.207747960811163921e+02,-1.046350716972294537e+00
5.774999999999899103e+00,1.226615680492749938e+00,-3.954997101268201032e+00,-3.080923970554114248e+02,-5.510703722350476230e-01
5.779999999999898996e+00,1.204674593679096350e+00,-4.647633820961791784e+00,-8.624793669615013414e+01,1.882981966264458684e-01
5.784999999999898890e+00,1.179342702183063141e+00,-5.266334378837227881e+00,-9.671470194865661085e+01,5.809201918592803437e-01
5.789999999999898783e+00,1.151516951825487078e+00,-5.710595957143066670e+00,-3.717106380393175868e+01,8.178911331472269453e-01
5.794999999999898677e+00,1.121709946815015790e+00,-6.082902844792830166e+00,-9.435809328031101018e+01,1.264958348966972679e+00
5.799999999999898570e+00,1.090428243573396072e+00,-6.331182253760302636e+00,-2.804100077321530904e+01,1.271104428682361398e+00
5.804999999999898463e+00,1.058314637572470795e+00,-6.453474260554494357e+00,-5.083391770665971876e+01,1.751242895803564181e+00
5.809999999999898357e+00,1.026124761079147740e+00,-6.387540207830344485e+00,4.481129944782858843e+01,1.824435711668721982e+00
5.814999999999898250e+00,9.946733350835611498e-01,-6.140390167863169602e+00,1.176738638580540339e+02,2.379932134628589768e+00
5.819999999999898144e+00,9.647190251936658134e-01,-5.870871334057855329e+00,2.181976358758503309e+01,2.184109153016189353e+00
5.824999999999898037e+00,9.366051225401575975e-01,-5.444694623643981046e+00,9.731680520049215488e+01,2.338944874579714117e+00
5.829999999999897931e+00,9.096943224613461831e-01,-5.242091999191549334e+00,1.469663509442087275e+02,2.387274543624384737e+00
5.834999999999897824e+00,8.834173158472486964e-01,-5.180387044125505547e+00,1.879927369750316402e+01,2.535546420106345789e+00
5.839999999999897717e+00,8.588597547588509018e-01,-4.648381027337186389e+00,1.617951702110954670e+02,3.629057759451642440e+00
5.844999999999897611e+00,8.378179925918453064e-01,-3.830033533176741223e+00,2.112104023015294558e+02,4.325482060046509147e+00
5.849999999999897504e+00,8.212874453619287696e-01,-2.915261184529320815e+00,2.442822723439882679e+02,4.441989598592948063e+00
5.854999999999897398e+00,8.079067115213824923e-01,-1.897412013502992156e+00,7.795647984131750263e+02,4.072563529413288919e+00
5.859999999999897291e+00,8.168596441005429032e-01,2.574802772675961471e+00,-9.293718433734949258e+02,4.289255055785709203e+00
5.864999999999897184e+00,8.313321048212233277e-01,2.261924789163623828e+00,-1.059237750736759835e+03,4.179851958446004545e+00
5.869999999999897078e+00,8.446028325042246321e-01,2.073724151730857557e+00,-9.821585950393570101e+02,4.419895435801965533e+00
5.874999999999896971e+00,8.571949934259992521e-01,1.979645915242951082e+00,-9.843257332184449524e+02,4.331592997039194870e+00
5.879999999999896865e+00,8.690386400362076769e-01,1.915957393703038525e+00,-9.530744411991659035e+02,4.267618992426736924e+00
5.884999999999896758e+00,8.789623736839319301e-01,1.656520360007359027e+00,-9.063555191807384972e+02,4.347884827011895936e+00
5.889999999999896652e+00,8.896227095842091925e-01,1.784257430465693739e+00,-8.555384928353095120e+02,4.307982747686258662e+00
5.894999999999896545e+00,8.983877069837280516e-01,1.711820719106121214e+00,-5.681398494686134200e+02,4.396426893392511026e+00
5.899999999999896438e+00,9.067649215769929549e-01,1.721970011323599392e+00,-4.137484040965181293e+02,4.378535336003801071e+00
5.904999999999896332e+00,9.144133934794179686e-01,2.166982151272198731e+00,1.335081055813356897e+03,5.021078941180688204e+00
5.909999999999896225e+00,9.227341262118394782e-01,2.412276577739127514e+00,1.474667422061967045e+03,4.799856804894551132e+00
5.914999999999896119e+00,9.296587716444421057e-01,7.938851931402467477e-01,-6.930491580726954908e+02,4.310772038862491939e+00
5.919999999999896012e+00,9.378214754686245991e-01,1.488834863255246832e+00,-7.263954837982066692e+02,4.433643903802804154e+00
5.924999999999895905e+00,9.451398794684161553e-01,2.217631265767478155e+00,1.486534870829894771e+03,4.949590793720875403e+00
5.929999999999895799e+00,9.517154512769177011e-01,7.888995218399055265e-01,-6.579794090690057828e+02,4.075878645409315659e+00
5.934999999999895692e+00,9.601585736229975021e-01,1.614728805610759821e+00,-6.652671345427850156e+02,4.020515928472326195e+00
5.939999999999895586e+00,9.682971717017542224e-01,2.380565707811886256e+00,1.439330628767725784e+03,4.277302941964803651e+00
5.944999999999895479e+00,9.756160055415701304e-01,9.813508133671435818e-01,-5.572383411450251742e+02,3.258884906196745312e+00
5.949999999999895373e+00,9.834919561677982758e-01,1.510178030378655833e+00,-5.495805019116191943e+02,3.121440551001648966e+00
5.954999999999895266e+00,9.909370852324852486e-01,2.131769486417784520e+00,1.276052504952546542e+03,3.533782676973495906e+00
5.959999999999895159e+00,9.974214631607097870e-01,8.245692035476902548e-01,-5.497375777343305572e+02,2.481461268454860480e+00
5.964999999999895053e+00,1.004915294459344688e+00,1.414098124500748677e+00,-4.821864445083396618e+02,2.740776706761693493e+00
5.969999999999894946e+00,1.011750774706880796e+00,1.917426790744058307e+00,1.104425569548890962e+03,2.861175785701406404e+00
5.974999999999894840e+00,1.017914882464759696e+00,7.534753080717317975e-01,-5.862580814865959837e+02,2.057660144106205902e+00
5.979999999999894733e+00,1.025356212282380497e+00,1.425724391969471538e+00,-5.303629988670109014e+02,1.992817478554239630e+00
5.984999999999894627e+00,1.032295302007202542e+00,1.898760156558229273e+00,9.890542021040564578e+02,1.838980036522378070e+00
5.989999999999894520e+00,1.039354890728062752e+00,1.104765861780158565e+00,-3.978232907342647309e+02,1.042864084822775483e+00
5.994999999999894413e+00,1.047617541159648891e+00,1.564272761067060369e+00,-4.500155853309391318e+02,7.475049285826589340e-01
5.999999999999894307e+00,1.055657677447989995e+00,2.005164211834846277e+00,7.565433075954310880e+02,9.110338322531179589e-01
6.004999999999894200e+00,1.063283201120705623e+00,1.277307620253930853e+00,-2.366753614461695463e+02,4.573249997494022168e-02
6.009999999999894094e+00,1.071613911773604988e+00,1.643886271340309069e+00,-2.458632107288013344e+02,1.439659371438497537e-01
6.014999999999893987e+00,1.078996181066211646e+00,1.436487069625488555e+00,-4.901050465516910748e+01,-3.060682104918222013e-01
6.019999999999893880e+00,1.086437074140563341e+00,1.529557432832707731e+00,1.514000253737482353e+02,-5.023394703202123113e-01
6.024999999999893774e+00,1.093941115494578842e+00,1.511128869630721017e+00,-3.122684708915569729e+01,-1.079376712523446802e+00
6.029999999999893667e+00,1.101194548540018081e+00,1.482908105251658615e+00,1.367093567599860364e+02,-1.596029403272740677e+00
6.034999999999893561e+00,1.108614971066922417e+00,1.573679871030872590e+00,2.048865386810893767e+02,-1.955307089361637995e+00
6.039999999999893454e+00,1.115238162279361012e+00,1.431916203192098891e+00,7.313000074266547301e+01,-2.453873510214253706e+00
6.044999999999893348e+00,1.122196854590264969e+00,1.540696297662147440e+00,1.445736507327013669e+02,-2.819882351446058699e+00
6.049999999999893241e+00,1.128072427851130710e+00,1.415129434847051115e+00,1.045799240077366932e+02,-2.796048176563886933e+00
6.054999999999893134e+00,1.134426955316897301e+00,1.488601433934052976e+00,1.011390068663806261e+02,-3.101012065476103086e+00
6.059999999999893028e+00,1.139917913343337919e+00,1.321125764729017993e+00,1.027272546098319310e+02,-2.870978934754136347e+00
6.064999999999892921e+00,1.146117608991677583e+00,1.425549665546868905e+00,1.133892802020536124e+02,-3.341310085420172271e+00
6.069999999999892815e+00,1.151276334671258228e+00,1.247391484461779054e+00,1.527357554542262221e+02,-3.112773842827544435e+00
6.074999999999892708e+00,1.156033876725129472e+00,1.002709510784135727e+00,1.324042743364080081e+02,-3.493690420466458058e+00
6.079999999999892601e+00,1.160879802538533401e+00,7.453025245532616250e-01,1.308208961422785421e+02,-3.243657824106938925e+00
6.084999999999892495e+00,1.166055713204401600e+00,1.211851209630374182e+00,1.073920724438994938e+02,-3.921128394666253847e+00
6.089999999999892388e+00,1.169815256940840431e+00,8.704856233196480719e-01,4.285766320801292295e+01,-3.787807594339565043e+00
6.094999999999892282e+00,1.175129673434572863e+00,1.131123845784897775e+00,2.201793282529408913e+01,-4.465191396988120509e+00
6.099999999999892175e+00,1.179455648051256134e+00,9.870167642698898236e-01,8.207001937224444532e+01,-4.279311919905770978e+00
6.104999999999892069e+00,1.184707509334709030e+00,1.111287212048754913e+00,-2.666032359399821061e+01,-4.527725353900841299e+00
6.109999999999891962e+00,1.189498905288213892e+00,9.773862019785422017e-01,6.034059865936348643e+01,-4.938881514259703565e+00
6.114999999999891855e+00,1.194569339660013441e+00,1.034814735385862994e+00,-1.450332049894479525e+01,-4.853520945314810930e+00
6.119999999999891749e+00,1.199761951551490791e+00,1.031986058333651535e+00,-3.030268669167360329e+01,-4.754724261201156210e+00
6.124999999999891642e+00,1.204459178769259120e+00,8.788930127611335186e-01,3.284226246283093786e+00,-5.573242191388434463e+00
6.129999999999891536e+00,1.208407427666230882e+00,7.201798028137981200e-01,-2.601687005834057942e+01,-5.311439525211129720e+00
6.134999999999891429e+00,1.211481554261079063e+00,5.323600977867768425e-01,-6.854942852068782599e+01,-5.010406889962997212e+00
6.139999999999891322e+00,1.214705165988277935e+00,6.697903473562746290e-01,-5.587264990613463311e+01,-4.782901865777921202e+00
6.144999999999891216e+00,1.216629041231664043e+00,7.082132055167776608e-02,-2.024090923220602747e+02,-5.078107334458843880e+00
6.149999999999891109e+00,1.213823628982419134e+00,-1.006642374550477115e+00,-2.185776154705297074e+02,-3.834418699669427166e+00
6.154999999999891003e+00,1.205356394533886100e+00,-2.128824213061878190e+00,-2.011176923982152687e+02,-2.587837442171251112e+00
6.159999999999890896e+00,1.191626287010337126e+00,-3.119450783271168426e+00,-1.594024746591053656e+02,-1.767215943977645365e+00
6.164999999999890790e+00,1.173259037698250129e+00,-3.982131566298119818e+00,-1.278535854500076567e+02,-1.005594843291371276e+00
6.169999999999890683e+00,1.150905315656900019e+00,-4.744884813123184664e+00,-1.202293729454086417e+02,-2.187832094709887265e-01
6.174999999999890576e+00,1.124095105759060687e+00,-5.681255199102961839e+00,-7.934189267299080939e+01,-1.749027065393304881e-02
6.179999999999890470e+00,1.092759542054768218e+00,-6.503755125655047209e+00,-6.495964186156344056e+01,1.415133380841108401e+00
6.184999999999890363e+00,1.064650841337908105e+00,-8.856119769880361758e-01,5.981732941472501807e+03,2.893407408821962346e+00
6.189999999999890257e+00,1.072975319760591795e+00,1.862246087049931109e+00,-2.917199353017737096e+01,-2.931140160424476893e-01
6.194999999999890150e+00,1.082856799671004344e+00,1.736162077778958812e+00,-8.284687229766178689e+02,2.371184659955352103e-01
6.199999999999890044e+00,1.092532630118829173e+00,1.623303462931900754e+00,-1.004332280420774282e+03,6.137231129575420052e-01
6.204999999999889937e+00,1.101054942880575149e+00,1.535566930862784618e+00,-1.030392280856266325e+03,9.537585062352056386e-01
6.209999999999889830e+00,1.108170398826886505e+00,1.671867186223329860e+00,6.261845977319546819e+02,1.492545672351383468e+00
6.214999999999889724e+00,1.115966001243348993e+00,2.252883365831261475e+00,1.527453438265211389e+03,1.338785974673460499e+00
6.219999999999889617e+00,1.121816485965949406e+00,4.330462017874485703e-01,-8.840269433249574149e+02,4.931703730910215189e-01
6.224999999999889511e+00,1.128865169915261646e+00,1.235510547799139047e+00,-8.252723727631879456e+02,7.635815384899111713e-01
6.229999999999889404e+00,1.134891948044541854e+00,1.885372878112677730e+00,1.406822213320016544e+03,1.088088997433387162e+00
6.234999999999889297e+00,1.140021572031166830e+00,4.963696348443419892e-01,-5.900348844234774788e+02,2.152353015629610011e-01
6.239999999999889191e+00,1.144293579286063345e+00,8.227006220746782006e-01,-4.938793673571430531e+02,6.884198112539546832e-01
6.244999999999889084e+00,1.148950205370308009e+00,1.634354568430908872e+00,1.329732108667235025e+03,9.768679223115894761e-01
6.249999999999888978e+00,1.152144062127768098e+00,5.850430477785950600e-01,-5.003627905028890837e+02,-1.192791551152435625e-01
6.254999999999888871e+00,1.155864716917098134e+00,1.437033611785347276e+00,1.256718982335086366e+03,6.924485646040241527e-01
6.259999999999888765e+00,1.158663929096048761e+00,5.218987226264744095e-01,-4.975708794336977689e+02,-4.103226076979179515e-01
6.264999999999888658e+00,1.162136916758781391e+00,1.356369965220639795e+00,1.188541622840145692e+03,3.915616553349629547e-01
6.269999999999888551e+00,1.164908922650653711e+00,5.292431409498457029e-01,-4.523664807171852544e+02,-7.445506053116963674e-01
6.274999999999888445e+00,1.167135166425460113e+00,9.105899976530298923e-02,-1.147806144459725743e+02,-6.750165113432191055e-02
6.279999999999888338e+00,1.169867370398628426e+00,5.767719911946925793e-01,-4.769720560593845562e+02,-1.410570684540154440e-01
6.284999999999888232e+00,1.172123920778807671e+00,-1.165906917905855378e-01,-4.797506366118919914e+02,-4.549033492108386367e-01
6.289999999999888125e+00,1.175862980174618322e+00,8.268273857159579299e-01,-3.630018232873983379e+02,-5.780648023109474787e-01
6.294999999999888018e+00,1.177876953024003637e+00,2.180884034258594728e-01,-3.040432606669905340e+02,-1.208349517331795298e+00
6.299999999999887912e+00,1.180851294654138295e+00,8.847606432709189672e-01,9.016144997785423811e+02,-7.291846186762934723e-01
6.304999999999887805e+00,1.182344144800018482e+00,2.891706487547966997e-01,-2.853924613384454574e+02,-1.869958482546149714e+00
6.309999999999887699e+00,1.184462948271903127e+00,8.398550021607960048e-01,7.206549931678725898e+02,-1.299827591436123253e+00
6.314999999999887592e+00,1.186240473624529557e+00,3.429030272626433229e-01,-3.134335276719826311e+02,-2.293962482508355105e+00
6.319999999999887486e+00,1.188429020607908448e+00,6.410095613720987462e-01,4.250750085689973616e+02,-1.786729776921297530e+00
6.324999999999887379e+00,1.190241542922035656e+00,1.750806180267574785e-01,-2.315875487519153921e+02,-2.583507402065347680e+00
6.329999999999887272e+00,1.192842254372749933e+00,4.272534417528566775e-01,-1.719075891438067174e+02,-2.141383157550211358e+00
6.334999999999887166e+00,1.195241175978693837e+00,7.694929731746638080e-01,4.997794130381950026e+02,-2.683143019216159608e+00
6.339999999999887059e+00,1.197272146326961773e+00,2.033412983755905623e-01,-1.924859989325076413e+02,-3.355023757013811725e+00
6.344999999999886953e+00,1.199805527485919177e+00,4.713324409998361775e-01,-1.938059550416792831e+02,-3.036279810167357152e+00
6.349999999999886846e+00,1.201739749253017964e+00,5.534334605580168986e-01,3.192688813208534384e+02,-3.122329735122107763e+00
6.354999999999886739e+00,1.203556353568689730e+00,2.612616898998837422e-01,-1.036075634442641160e+02,-3.732606083392433494e+00
6.359999999999886633e+00,1.205351118800813248e+00,3.139280781874795867e-01,-1.423556801075262399e+02,-3.088734765339985255e+00
6.364999999999886526e+00,1.206775268742462881e+00,3.595377172376301722e-01,1.729480421066266729e+02,-3.107894286346911006e+00
6.369999999999886420e+00,1.207985729875025394e+00,2.213708870323160272e-01,-2.796524775710768740e+00,-3.103950214270668528e+00
6.374999999999886313e+00,1.209084741479067304e+00,2.238820623882706029e-01,1.619232142887486603e+01,-2.867855005292440751e+00
6.379999999999886207e+00,1.210175620965499466e+00,2.485162408570352199e-01,6.786916736214939760e+01,-2.511719769359304077e+00
6.384999999999886100e+00,1.211937774499932008e+00,2.546405154737393373e-01,-4.886831062063774311e+01,-2.593277087908753220e+00
6.389999999999885993e+00,1.213359099112402362e+00,4.146521582933996308e-01,1.415483003962490898e+02,-2.378038225151561491e+00
6.394999999999885887e+00,1.214864347997655969e+00,3.042878127219038054e-01,-2.022804898059969858e+01,-2.385940910589188224e+00
6.399999999999885780e+00,1.216738780412490950e+00,4.482145620050285162e-01,8.904240553397096392e+01,-2.627326585029386763e+00
6.404999999999885674e+00,1.218829026387423076e+00,4.678033065491202791e-01,2.517621732123049938e+01,-3.024061548530670773e+00
6.409999999999885567e+00,1.221046346232154134e+00,4.738132701069480701e-01,4.762973797102010565e+01,-3.066741693039495953e+00
6.414999999999885461e+00,1.223297404652925247e+00,4.574723749254964722e-01,8.189793962098883640e+01,-3.077303222637434388e+00
6.419999999999885354e+00,1.225544767867303708e+00,4.322844719963703231e-01,6.079524661183631906e+01,-3.005183538427231849e+00
6.424999999999885247e+00,1.227876331243681118e+00,4.335281632191014811e-01,-7.384347496200403782e+01,-3.171465606177703123e+00
6.429999999999885141e+00,1.230097318715798860e+00,4.124392807491538693e-01,-1.028660589207416081e+02,-3.311759965969446995e+00
6.434999999999885034e+00,1.232320476941679788e+00,4.169891503374521524e-01,-9.785942487116855659e+01,-3.346135742327799534e+00
6.439999999999884928e+00,1.234499933783946179e+00,4.012933924661223339e-01,-1.077286104118382895e+02,-3.435359968709111200e+00
6.444999999999884821e+00,1.236577629982227755e+00,3.420542761402567411e-01,-1.016397818509848037e+02,-3.446512342887273928e+00
6.449999999999884714e+00,1.238579069102767605e+00,4.418522543399591718e-01,5.745240992807093505e+01,-3.455820738791794078e+00
6.454999999999884608e+00,1.240475620964367920e+00,3.922231055854252801e-01,5.366767701540761948e+01,-3.444251410714013417e+00
6.459999999999884501e+00,1.242247375429063716e+00,3.042286120202052913e-01,-6.673298431437505940e+01,-3.567293925257182696e+00
6.464999999999884395e+00,1.243773340852353027e+00,3.174233051587881937e-01,3.705774850697444123e+01,-3.620975469786369416e+00
6.469999999999884288e+00,1.244983041044916083e+00,2.385896810735495532e-01,4.459391145671858681e+01,-3.384435489765446281e+00
6.474999999999884182e+00,1.245929090316583832e+00,1.149739238112048312e-01,-8.710223577861410149e+01,-3.552738933551716993e+00
6.479999999999884075e+00,1.246511511589606824e+00,1.150090047743435456e-01,3.242991145287933108e+01,-3.630670945231118107e+00
6.484999999999883968e+00,1.246749286587146788e+00,7.109406168527963865e-02,5.513151017020975075e+01,-3.421731589598747014e+00
6.489999999999883862e+00,1.246737376149333221e+00,-1.231155449106462740e-01,-1.585894485664905176e+02,-3.634351046235012817e+00
6.494999999999883755e+00,1.246336540532849035e+00,-6.634755003004140506e-02,3.230687322286528484e+01,-3.573570022271665980e+00
6.499999999999883649e+00,1.245775122290986303e+00,-1.137489782273624489e-01,-3.160163857461727943e+01,-3.312601579281936548e+00
6.504999999999883542e+00,1.244967872938686160e+00,-1.785811225478119435e-01,1.394548493075090789e+01,-3.800396315112406054e+00
6.509999999999883435e+00,1.243651382628657043e+00,-3.035123948127451121e-01,-5.875454360807341203e+01,-3.483084536429630784e+00
6.514999999999883329e+00,1.241741696903136960e+00,-4.217705817388698319e-01,7.389500112891732364e+00,-3.826239120842310992e+00
6.519999999999883222e+00,1.239282047101715412e+00,-5.847426703297330386e-01,-1.098278881805360356e+02,-3.480962804959134793e+00
6.524999999999883116e+00,1.236095553354646714e+00,-7.121689794680735597e-01,-2.885116415883097218e+01,-3.686511563147457426e+00
6.529999999999883009e+00,1.232202054056882101e+00,-8.037338505260405164e-01,-9.757546665639313943e+00,-3.327558791530789151e+00
6.534999999999882903e+00,1.227684316654481522e+00,-9.797737384134712624e-01,-8.432679006308303826e+01,-3.017152736986881134e+00
6.539999999999882796e+00,1.222337115699922983e+00,-1.116645933517914191e+00,2.368449418661065842e+00,-3.193549352401737096e+00
6.544999999999882689e+00,1.216137389350382847e+00,-1.296263077431817123e+00,-3.609455598823382871e+01,-2.644260328946116179e+00
6.549999999999882583e+00,1.208951330198190677e+00,-1.511014555389137204e+00,-3.723778555760569020e+01,-2.170588214717540154e+00
6.554999999999882476e+00,1.200138214076288179e+00,-1.908443481143288878e+00,-3.393341334580009061e+01,-2.451734287312434368e+00
6.559999999999882370e+00,1.189094818703139600e+00,-2.383005120988865411e+00,-6.244226611398779880e+01,-1.773953356612624210e+00
6.564999999999882263e+00,1.176410319128591953e+00,-2.616371482574267215e+00,8.943045160735474397e+00,-9.302428435499823234e-01
6.569999999999882156e+00,1.164063977408134054e+00,-2.369029385310012614e+00,7.585409160297476916e+00,-1.049146107354182345e+00
6.574999999999882050e+00,1.156291481523099796e+00,-1.076154917579102754e+00,1.647976285854983587e+02,-1.574675422372614930e+00
6.579999999999881943e+00,1.158454668776471630e+00,7.171468166565544422e-01,-3.765031179209834704e+02,-2.397249380628467819e+00
6.584999999999881837e+00,1.164090622963459776e+00,1.361705808184521027e+00,5.173923425311289748e+02,-1.609243093924304535e+00
6.589999999999881730e+00,1.169412990433483346e+00,1.112689318882656542e+00,1.118686990600613598e+02,-8.832873356864356928e-01
6.594999999999881624e+00,1.175031108129537483e+00,1.081483764165442008e+00,-9.891227967632254092e+01,-1.483350325436811890e-01
6.599999999999881517e+00,1.181387729424777433e+00,1.242780548210211222e+00,-3.281918536997569049e+02,-1.641634877670810067e-01
6.604999999999881410e+00,1.187943704666436950e+00,1.882690775419860074e+00,1.099768873034839089e+03,8.774386944885875783e-02
6.609999999999881304e+00,1.192715046569553961e+00,8.643713269165795854e-01,-4.705391486765106492e+02,-1.031775782488486115e+00
6.614999999999881197e+00,1.197527264446045292e+00,1.474215175920258414e+00,9.931528139237390178e+02,-1.573283145345969747e-01
6.619999999999881091e+00,1.200960109420268207e+00,6.613406875249722150e-01,-3.756256196538244012e+02,-1.094297054210992659e+00
6.624999999999880984e+00,1.203720006830756306e+00,6.346142069065642544e-02,-3.076831248137689272e+02,-6.385697922850287478e-01
6.629999999999880878e+00,1.206437929386682262e+00,8.663898547554433893e-01,9.474220783211504795e+02,-5.641869163851349900e-03
6.634999999999880771e+00,1.208058666286307758e+00,3.306106648214846566e-01,-2.566462873971157705e+02,-1.216845366951058161e+00
6.639999999999880664e+00,1.209553295549022023e+00,-7.254905948247125647e-02,-2.258139446134303512e+02,-9.770226813828586376e-01
6.644999999999880558e+00,1.211351750351922885e+00,6.433266359892634290e-01,7.831970999628617847e+02,-4.933724545750989843e-01
6.649999999999880451e+00,1.212447771367960003e+00,2.380238380050650471e-01,-2.217519781402830290e+02,-1.766653928960133513e+00
6.654999999999880345e+00,1.212773638425520106e+00,-5.304322508944396553e-02,-1.951811237589727170e+02,-1.627257066576712319e+00
6.659999999999880238e+00,1.213379599446548607e+00,4.860148648373526781e-01,6.091313853188263465e+02,-1.171339561792545947e+00
6.664999999999880131e+00,1.214044187525622709e+00,1.346189712798197546e-01,-2.194832780109638009e+02,-2.313397270827164398e+00
6.669999999999880025e+00,1.213965213278728195e+00,-1.007194491289701843e-01,-1.186320439983752664e+02,-2.099902008203822223e+00
6.674999999999879918e+00,1.214151072799887210e+00,3.105629910397534332e-01,4.618688722746908297e+02,-1.691544217034113506e+00
6.679999999999879812e+00,1.214341253233127249e+00,3.677431715120160760e-02,-1.617309979418537580e+02,-2.707929250303328317e+00
6.684999999999879705e+00,1.213989716727309265e+00,-1.323440236763477329e-01,-8.335461370300320993e+01,-2.368689078663907654e+00
6.689999999999879599e+00,1.214538628032176826e+00,2.608630491082541969e-01,3.783580411309704914e+02,-1.823529452189902589e+00
6.694999999999879492e+00,1.214991928774685315e+00,1.120386822616539074e-01,-1.011596131386374964e+02,-2.764349196438433687e+00
6.699999999999879385e+00,1.215740255825682681e+00,8.414553777533911871e-02,-3.974579099748846289e+01,-2.435320541154696095e+00
6.704999999999879279e+00,1.216888545493189033e+00,2.386022786839750720e-01,-6.032309617303605620e+01,-2.633453946256745226e+00
6.709999999999879172e+00,1.218446054194616046e+00,4.203112688339789571e-01,1.432193875695864165e+02,-2.590143382327871890e+00
6.714999999999879066e+00,1.220349295401978784e+00,4.075017067545464444e-01,2.648318418887987491e+01,-3.237487957336389499e+00
6.719999999999878959e+00,1.222712081690273012e+00,4.985454866225477732e-01,-5.645376094564824143e+01,-3.081011838442067052e+00
6.724999999999878852e+00,1.225151522277056371e+00,5.404652340658464560e-01,9.130940048151200017e+01,-3.627257145774742675e+00
6.729999999999878746e+00,1.227617188718107988e+00,4.652269274965352142e-01,-4.760922201938168286e+01,-3.774896382664845174e+00
6.734999999999878639e+00,1.230095214679015836e+00,4.882764765703164755e-01,1.768907351357744684e+00,-3.618060663843515989e+00
6.739999999999878533e+00,1.232363237518708132e+00,4.380802569791276135e-01,-1.172115509646216225e+01,-3.387561853257767375e+00
6.744999999999878426e+00,1.234493989793456148e+00,4.006471549935340382e-01,-2.172014490051194713e+01,-3.322351287789805596e+00
6.749999999999878320e+00,1.236523737006731904e+00,4.035408763093492612e-01,1.838359215181695205e+01,-2.946307904970826730e+00
6.754999999999878213e+00,1.238361012742162925e+00,3.426055293440061211e-01,-4.017127996321504213e+01,-2.906039311179312801e+00
6.759999999999878106e+00,1.240936179552925900e+00,3.775290000105233079e-01,-6.286904804799397084e+01,-2.524169410071608333e+00
6.764999999999878000e+00,1.243070015046959798e+00,6.349198417582445630e-01,3.270646321692150309e+02,-2.616469614204013361e+00
6.769999999999877893e+00,1.245183823004540669e+00,3.830155649936872742e-01,4.547737442725485835e+01,-2.480404142835868075e+00
6.774999999999877787e+00,1.246839470893324586e+00,2.681998484135184602e-01,3.268454804637645594e+01,-2.484590714291896152e+00
6.779999999999877680e+00,1.247744788290464424e+00,1.232542833950987238e-01,5.061571926892555950e+01,-2.544165595347443354e+00
6.784999999999877573e+00,1.247838178758587935e+00,-6.652410840061984132e-02,9.940651388636380759e+00,-2.563754438329754581e+00
6.789999999999877467e+00,1.246938339949755115e+00,-2.808116702978882828e-01,-9.173780966493276878e+01,-2.603146757210984319e+00
6.794999999999877360e+00,1.244927373840581275e+00,-5.108533499595409033e-01,-1.425724438319687124e+02,-2.566468625542472459e+00
6.799999999999877254e+00,1.242074168449905924e+00,-7.118582388906136149e-01,-1.599333736542147619e+02,-2.474510094217199807e+00
6.804999999999877147e+00,1.238768417903093333e+00,-6.467120730728362910e-01,1.625767162619415629e+01,-2.300436078477078983e+00
6.809999999999877041e+00,1.235225003605667116e+00,-6.447257307796965264e-01,4.408489481319474379e+01,-2.346579148563090467e+00
6.814999999999876934e+00,1.231643510122785390e+00,-7.005933457711042145e-01,1.926623384416826568e+01,-2.414636863871760575e+00
6.819999999999876827e+00,1.228150260075080213e+00,-6.656159797582547055e-01,4.743620074701630074e+01,-2.411095631446794840e+00
6.824999999999876721e+00,1.224958898710237110e+00,-6.440269757308956233e-01,-5.310560431486408817e+01,-2.573197633570174947e+00
6.829999999999876614e+00,1.222233339891440673e+00,-4.765110375164235412e-01,6.333408313303508663e+01,-2.742230673738020652e+00
6.834999999999876508e+00,1.219993025210831528e+00,-3.951207379478023363e-01,5.754475939455621614e+01,-2.655832597740327650e+00
6.839999999999876401e+00,1.218984607896806516e+00,1.165800315134784965e-01,1.427888436854703400e+02,-3.159150369024869676e+00
6.844999999999876295e+00,1.220865830807100760e+00,3.858206403638865800e-01,-1.768732366125264832e+01,-3.306987634608269389e+00
6.849999999999876188e+00,1.220970297542212757e+00,-2.478412594321846019e-01,-1.067072277086756458e+02,-2.630666005982400524e+00
6.854999999999876081e+00,1.217262628053379592e+00,-1.134950968522235204e+00,-2.550428795505417838e+02,-2.282020036391896767e+00
6.859999999999875975e+00,1.209190903921958160e+00,-1.936796101315478191e+00,-1.208680934393922257e+02,-1.641897664760153752e+00
6.864999999999875868e+00,1.196706342078041940e+00,-2.797916387096749169e+00,-8.212278712531755787e+01,-8.613578373683561384e-01
6.869999999999875762e+00,1.180661834383663678e+00,-3.490705337049514689e+00,-1.756145499951289537e+02,-4.716875171195891170e-01
6.874999999999875655e+00,1.161723384858974306e+00,-3.954065805424215707e+00,-4.918434029620647152e+01,-7.690519857277999805e-02
6.879999999999875548e+00,1.139775589604103745e+00,-4.563264226041073179e+00,-2.483115536312002991e+00,6.651393535807050839e-01
6.884999999999875442e+00,1.115362161419876097e+00,-5.030164380653386225e+00,-9.812069585724429999e+01,1.035613619614138337e+00
6.889999999999875335e+00,1.089003990938372413e+00,-5.334678393800936114e+00,1.281072200015916707e+01,1.508395318706051924e+00
6.894999999999875229e+00,1.061530717325764428e+00,-5.470389031325726847e+00,3.211589511179012391e+01,2.591123383261112245e+00
6.899999999999875122e+00,1.035232879694198971e+00,-5.050279469961406420e+00,1.311307595095661043e+02,2.790923318442047663e+00
6.904999999999875016e+00,1.035501126455201648e+00,1.411379086817281081e+00,-1.420668907463736446e+02,1.174455243086967027e-01
6.909999999999874909e+00,1.043794687063965165e+00,1.348520283839022449e+00,-3.092966380407713132e+02,6.108625266335137027e-01
6.914999999999874802e+00,1.052564922420232474e+00,1.557759535567192932e+00,-3.488440014431246823e+02,1.281469238340965822e+00
6.919999999999874696e+00,1.062432462144279999e+00,1.789882178574632388e+00,-6.305676685828917698e+02,1.006298159954032378e+00
6.924999999999874589e+00,1.071254182541758304e+00,2.347021534069669624e+00,1.236710921885754033e+03,1.642589138664807269e+00
6.929999999999874483e+00,1.078427988679566907e+00,8.579721068284359431e-01,-6.871616821610815578e+02,7.886802999710770257e-01
6.934999999999874376e+00,1.086864698765446668e+00,1.561814395562487690e+00,-6.276831391810758305e+02,1.207849083988577599e+00
6.939999999999874269e+00,1.094177452321216215e+00,1.895822861268181336e+00,9.853616346069521796e+02,9.973524917507584631e-01
6.944999999999874163e+00,1.099741284285143283e+00,6.466218455439510793e-01,-4.879663443641837262e+02,5.182798610085621593e-01
6.949999999999874056e+00,1.104760407698717417e+00,8.106499570020614387e-01,-2.067447812311329187e+02,1.017160596238878778e+00
6.954999999999873950e+00,1.109268277217174248e+00,1.462238187043379822e+00,1.078745258186045703e+03,1.334974975920328655e+00
6.959999999999873843e+00,1.112619671612261607e+00,6.646061120970859770e-01,-3.942290416851024020e+02,3.318310107760750194e-01
6.964999999999873737e+00,1.115728975551431912e+00,5.046134165951856598e-01,1.524293119348045593e+02,1.035136246634105861e+00
6.969999999999873630e+00,1.119167145721618573e+00,5.035094582673060870e-01,-2.849639595335841591e+02,9.584961149962021310e-01
6.974999999999873523e+00,1.122614431131186752e+00,1.256553745393566679e+00,9.892022222137621839e+02,9.116736835767345060e-01
6.979999999999873417e+00,1.125515571691428018e+00,5.804840383196528952e-01,-3.274816213434314705e+02,-3.275458375889007678e-01
6.984999999999873310e+00,1.127915754546392924e+00,6.000454063439436547e-02,-2.685265827606668267e+02,1.819736000379534868e-01
6.989999999999873204e+00,1.131388388642493581e+00,7.525988637945482118e-01,-2.780742796568672475e+02,3.344672437738992476e-01
6.994999999999873097e+00,1.133775843420647300e+00,3.061987473705923835e-01,-2.467015736566375210e+02,-8.154423832760626656e-02
6.999999999999872990e+00,1.136919893442937868e+00,9.043937362262262081e-01,7.522476112375292132e+02,3.583763478430035399e-01
7.004999999999872884e+00,1.140034973132276308e+00,4.737767617450022173e-01,-2.070326348158517931e+02,-4.780203085182515577e-01
7.009999999999872777e+00,1.143238831704552760e+00,7.381908826255655365e-01,-2.110059295711625396e+02,-4.085278916200248966e-01
7.014999999999872671e+00,1.147320716244107253e+00,1.006726116364951240e+00,3.577921633334938178e+02,-4.175163404140574963e-01
7.019999999999872564e+00,1.151392022209542843e+00,6.811026531510259163e-01,-1.895343546870889782e+02,-1.270314794743429232e+00
7.024999999999872458e+00,1.156611411009799362e+00,1.024416796706933752e+00,-2.116033995920645339e+02,-1.070185967869001331e+00
7.029999999999872351e+00,1.161582077900617627e+00,1.201101843940670655e+00,4.024028759064855763e+02,-1.337896479795096294e+00
7.034999999999872244e+00,1.166575817587830910e+00,8.813217951219335378e-01,-1.504975422935688414e+02,-1.737137732777199517e+00
7.039999999999872138e+00,1.171851364442487275e+00,1.015478500054058486e+00,-1.470768127784546948e+02,-1.562397002439014138e+00
7.044999999999872031e+00,1.176690775315152093e+00,9.718242496948348297e-01,2.325210707943730171e+01,-1.436842430908283674e+00
7.049999999999871925e+00,1.181396496956711895e+00,9.525807374741371847e-01,4.775991758956133992e+01,-1.616215607150817579e+00
7.054999999999871818e+00,1.186204259877490896e+00,9.087498442005487176e-01,-8.010055792577469447e+01,-1.769874950714410700e+00
7.059999999999871712e+00,1.190567784818812092e+00,8.810850086901725886e-01,7.405388513631157821e+01,-1.825471079283145004e+00
7.064999999999871605e+00,1.195219052111527125e+00,7.446861358919600882e-01,-2.364367137683183273e+02,-2.266642086675720424e+00
7.069999999999871498e+00,1.199368858680016414e+00,8.537650955006470532e-01,-5.677029143440201153e+01,-2.426830343967330883e+00
7.074999999999871392e+00,1.203584275829935546e+00,8.867527357435731616e-01,7.246117068385791526e+01,-2.677832591904977022e+00
7.079999999999871285e+00,1.207121418678950286e+00,6.083563579290867107e-01,6.650589015478669808e+01,-2.650142723531849764e+00
7.084999999999871179e+00,1.210466489008177771e+00,6.784404294984842654e-01,-3.304704087706922877e+01,-2.938030845640162259e+00
7.089999999999871072e+00,1.214148652082413626e+00,6.843002133693382172e-01,-2.677079036154836800e+01,-3.244708006502592390e+00
7.094999999999870965e+00,1.217679043377644543e+00,7.490110512268421949e-01,4.829322444290426120e+01,-3.146448597240627088e+00
7.099999999999870859e+00,1.219719809575496194e+00,3.537389421418726254e-01,-9.346616219968920802e+01,-3.320059043803066157e+00
7.104999999999870752e+00,1.222280842454714245e+00,9.023140357763046460e-01,4.742044129534141348e+02,-3.415972741959667935e+00
7.109999999999870646e+00,1.229914389246560935e+00,1.698932835491462789e+00,5.150129291962662137e+01,-3.863944446507695751e+00
7.114999999999870539e+00,1.237391600544962778e+00,1.229182722511449333e+00,-1.467364631720080581e+02,-3.762494069659843898e+00
7.119999999999870433e+00,1.240100482403726501e+00,8.279753591280594738e-02,-2.078524981119258541e+02,-2.796387740716875125e+00
7.124999999999870326e+00,1.236977220273232536e+00,-1.102025863021423691e+00,-2.128756448518040543e+02,-2.383401713743589667e+00
7.129999999999870219e+00,1.227780351005707926e+00,-2.323056998922923277e+00,-2.953394718763987612e+02,-1.507804619711535787e+00
7.134999999999870113e+00,1.213042191653672441e+00,-3.333522757494961297e+00,-1.604725565204688849e+02,-1.085465054901633364e+00
7.139999999999870006e+00,1.193641909404022261e+00,-4.207830987138959422e+00,-1.692254536370630547e+02,-2.986199549384225271e-01
7.144999999999869900e+00,1.170403200449328773e+00,-4.904916000336671189e+00,-8.728724671701536408e+01,-4.280256324062214901e-02
7.149999999999869793e+00,1.144243607242467764e+00,-5.382896297065178359e+00,-7.071585818895776754e+01,7.097823373238050237e-01
7.154999999999869686e+00,1.116384466818571619e+00,-5.613865058303723288e+00,2.952603055168390966e+01,1.379921851459369186e+00
7.159999999999869580e+00,1.087842218028975072e+00,-5.702447513518698052e+00,1.169286393759478671e+01,1.552562032342979847e+00
7.164999999999869473e+00,1.058897708553418582e+00,-5.759122925769043277e+00,4.204595342772814348e+01,1.562507646596665634e+00
7.169999999999869367e+00,1.028940349319725778e+00,-6.004250993811335313e+00,2.261361779831801044e+01,2.325970877598276143e+00
7.174999999999869260e+00,9.990144229514753560e-01,-5.903558199598752054e+00,3.753457647119596885e+01,3.333365504969892257e+00
7.179999999999869154e+00,9.714633034346157325e-01,-5.166158637163507095e+00,2.000513521574517313e+02,4.260458321148032468e+00
7.184999999999869047e+00,9.542126698876930435e-01,1.843578786185648521e+00,6.306675578678802594e+03,4.611055568954334660e+00
7.189999999999868940e+00,9.653547943787883501e-01,2.268608040704751083e+00,5.675957443205383868e+01,2.012270094687346855e+00
7.194999999999868834e+00,9.760533353384099886e-01,1.744635752585289579e+00,-3.767409449306936722e+02,3.243496719915448523e+00
7.199999999999868727e+00,9.859134943873096857e-01,1.052362539341448189e+00,-9.111110133228092991e+02,3.213121307344330990e+00
7.204999999999868621e+00,9.952012788382702535e-01,9.762212815811136535e-01,-8.361392262389412053e+02,3.367250339907404744e+00
7.209999999999868514e+00,1.003514868705260188e+00,1.101224653146893662e+00,-6.436407029230563239e+02,3.170848021060542088e+00
7.214999999999868407e+00,1.011445574493438970e+00,1.258259555520343742e+00,-8.658201476514276465e+02,2.702204724415934400e+00
7.219999999999868301e+00,1.019693269697612426e+00,1.434034386766389169e+00,-7.121404508816304997e+02,2.487103792215808795e+00
7.224999999999868194e+00,1.026282007291853260e+00,2.037447560886132880e+00,1.522930343351594274e+03,3.100604543566856997e+00
7.229999999999868088e+00,1.031514968305094371e+00,4.366243658269485239e-01,-7.037394951281406748e+02,2.378083037412318301e+00
7.234999999999867981e+00,1.038368280951748490e+00,1.270160174499251671e+00,-6.853550034540550087e+02,2.592182491782387466e+00
7.239999999999867875e+00,1.044816823406757633e+00,2.031084339771098257e+00,1.456004021291281333e+03,2.943799739004067550e+00
7.244999999999867768e+00,1.050803635734652630e+00,6.998502287437778913e-01,-5.871926435079936937e+02,1.961406534945661972e+00
7.249999999999867661e+00,1.057080443177080387e+00,1.143673126537127827e+00,-4.195932108516321932e+02,2.324899662009991097e+00
7.254999999999867555e+00,1.062885304319387103e+00,1.751379282480284294e+00,1.161291018162774208e+03,2.530171682489649854e+00
7.259999999999867448e+00,1.067226966196437754e+00,4.795576711606176490e-01,-3.563914824403299804e+02,1.804082169819750892e+00
7.264999999999867342e+00,1.072875849647242363e+00,1.127471192807854461e+00,-4.944397961869508435e+02,1.950081687217581461e+00
7.269999999999867235e+00,1.077998756995148355e+00,1.432443785605854281e+00,8.095842447973451499e+02,1.947069207011885128e+00
7.274999999999867129e+00,1.082754561969457407e+00,5.840769071110790689e-01,-4.748070799532328010e+02,1.297695491232651488e+00
7.279999999999867022e+00,1.088408893353402185e+00,1.015738168231357763e+00,-3.041713399652924181e+02,1.575043105362520013e+00
7.284999999999866915e+00,1.093774218003232823e+00,1.605381532490805174e+00,9.971509527712498766e+02,1.414800984352255542e+00
7.289999999999866809e+00,1.099289400216649781e+00,7.754916754540979174e-01,-3.957719948454365522e+02,4.201665901757578592e-01
7.294999999999866702e+00,1.105940759763628156e+00,1.308989395776493758e+00,-3.291627658429685539e+02,4.884902859633936112e-01
7.299999999999866596e+00,1.112512598340112735e+00,1.737200007548137304e+00,8.237123786656131870e+02,3.012522459586975399e-01
7.304999999999866489e+00,1.118980192129061635e+00,9.938600654622574693e-01,-3.734746812673091085e+02,-5.310701657078140681e-01
7.309999999999866382e+00,1.126324467443997390e+00,1.418498606869251777e+00,-3.256839108294268499e+02,-3.096122780404383379e-01
7.314999999999866276e+00,1.133113737655844444e+00,1.663971375371915640e+00,6.439122074883186997e+02,-5.325233572380521085e-01
7.319999999999866169e+00,1.139521848126546333e+00,1.027139628690717066e+00,-3.007091655422167946e+02,-8.629939525185051918e-01
7.324999999999866063e+00,1.146132802343960755e+00,1.291238209345803911e+00,-2.019590762974412428e+02,-8.185965378360567923e-01
7.329999999999865956e+00,1.152200032927707563e+00,1.341721110422021912e+00,2.571082980238865048e+02,-1.183991517794897863e+00
7.334999999999865850e+00,1.158002473475195915e+00,1.207804701611039588e+00,1.302316550466024410e+02,-1.493159469218987567e+00
7.339999999999865743e+00,1.163228737420931358e+00,1.000411193418082823e+00,-1.041875965158739348e+01,-1.629598720857070138e+00
7.344999999999865636e+00,1.168461730590840908e+00,1.022675111401118331e+00,-4.393653054627159804e+01,-1.979554372743651314e+00
7.349999999999865530e+00,1.172712299340251452e+00,9.132244407618257398e-01,6.847397898080821221e+01,-2.327819166470284529e+00
7.354999999999865423e+00,1.176961865155651488e+00,7.027466323173173768e-01,1.449209623549927812e+02,-2.371685955090665932e+00
7.359999999999865317e+00,1.181362522739981991e+00,9.134639390431127381e-01,-1.057253006317377526e+02,-2.960591068220936428e+00
7.364999999999865210e+00,1.185329221906685104e+00,6.970325327726983877e-01,9.573978096976431118e+01,-3.090975990215587110e+00
7.369999999999865103e+00,1.188987716800671723e+00,4.317131842178450474e-01,-4.559992270334238924e+02,-3.201060746684972536e+00
7.374999999999864997e+00,1.192022667921855739e+00,7.566820021967929355e-01,5.020926415049948588e+01,-3.310907997770602851e+00
7.379999999999864890e+00,1.195692916420556529e+00,7.743855029541863999e-01,1.066134176410358521e+02,-3.117318433906707931e+00
7.384999999999864784e+00,1.199091583599349198e+00,6.561626116738593639e-01,2.075327307217728734e+00,-3.601203010625392054e+00
7.389999999999864677e+00,1.201816938833879522e+00,4.407718222844160261e-01,6.617208632589247941e+01,-3.819618202229153159e+00
7.394999999999864571e+00,1.204613469330079845e+00,6.097456420084862438e-01,-6.348107510971925826e+00,-3.760737189757043630e+00
7.399999999999864464e+00,1.207471337535892086e+00,5.459548460938177250e-01,1.769797428183000676e+01,-4.155887189794919223e+00
7.404999999999864357e+00,1.210459633941414204e+00,4.818458495888996440e-01,-1.813672005252124961e+02,-4.087579759926947887e+00
7.409999999999864251e+00,1.212980377417548050e+00,5.304019264511888876e-01,5.215176136535617246e+01,-4.512820009073642780e+00
7.414999999999864144e+00,1.215759740648762577e+00,5.781460809403177192e-01,5.263193502581448691e+00,-4.410696752986270397e+00
7.419999999999864038e+00,1.218551358381066319e+00,5.200433184947992338e-01,-1.830306450829022324e+01,-4.979937455223161891e+00
7.424999999999863931e+00,1.221093723516626817e+00,5.227928182854038042e-01,1.701960337947908286e+01,-4.718712357245242295e+00
7.429999999999863824e+00,1.223345104740551692e+00,4.473473485197797528e-01,4.539282553470238213e+01,-4.437610834894432976e+00
7.434999999999863718e+00,1.225441084415731741e+00,5.717215707970441096e-01,2.242556496484877471e+02,-4.887928549967604397e+00
7.439999999999863611e+00,1.229524227273000925e+00,7.634512438997369532e-01,-9.633415709139670469e+01,-4.690936979319647371e+00
7.444999999999863505e+00,1.231722504456152611e+00,1.215042644572583708e-01,-1.633795958458514406e+02,-4.417513567253279483e+00
7.449999999999863398e+00,1.229344163953706826e+00,-9.011497358233365729e-01,-1.992398008188100107e+02,-3.224951017796062303e+00
7.454999999999863292e+00,1.221620768855196770e+00,-1.960501069404725127e+00,-1.939428671706973262e+02,-2.327881908254017862e+00
7.459999999999863185e+00,1.208770281011601222e+00,-2.951540116228939858e+00,-2.012981296856884228e+02,-1.418489077838041457e+00
7.464999999999863078e+00,1.191154309567721281e+00,-3.883123996215710694e+00,-1.466331559340561057e+02,-1.270272177608116504e+00
7.469999999999862972e+00,1.168391831880454701e+00,-4.860823308814856247e+00,-1.219869187278546008e+02,-2.389113258836648157e-01
7.474999999999862865e+00,1.140974170120654163e+00,-5.739159350177290619e+00,-8.787622207300228183e+01,9.567946306101648979e-01
7.479999999999862759e+00,1.109711142528113426e+00,-6.463506436493888785e+00,-1.029949800734668059e+02,1.480148827692690627e+00
7.484999999999862652e+00,1.082837248849291223e+00,-2.457141952115885764e-01,6.424153883551479339e+03,3.091600784819998005e+00
7.489999999999862546e+00,1.090240380222082361e+00,1.557251828637963076e+00,-5.730701680317021101e+02,-4.198549098370056853e-01
7.494999999999862439e+00,1.098877174678909885e+00,1.638260130603244269e+00,-6.090792738293816910e+02,5.715647277995721254e-01
7.499999999999862332e+00,1.107426520740400822e+00,1.701387981000741734e+00,-7.201145347284542595e+02,7.526717493040211426e-01
7.504999999999862226e+00,1.115547319063739717e+00,2.367896041183121802e+00,1.537358150249216123e+03,1.487299786204567376e+00
7.509999999999862119e+00,1.122298587413611992e+00,7.515442440385695644e-01,-7.108384732224378695e+02,4.769697490941411377e-01
7.514999999999862013e+00,1.130229089876533255e+00,1.503629280043198957e+00,-6.509949192086997982e+02,5.277231003983628987e-01
7.519999999999861906e+00,1.135647800832781940e+00,3.820424141694714892e-01,-3.971572887011669195e+02,5.618656097392460413e-01
7.524999999999861799e+00,1.139998364693958210e+00,7.370173068933169036e-01,-6.019815492792262148e+02,6.326502185570200831e-01
7.529999999999861693e+00,1.143933339975221175e+00,1.515242566360363918e+00,1.322145098744645566e+03,1.123070552880122142e+00
7.534999999999861586e+00,1.148144644507436807e+00,4.995435957317197473e-01,-4.691433315008957834e+02,1.395643356416587100e-02
7.539999999999861480e+00,1.151906104779981677e+00,9.909879254291892314e-01,-4.640414829548215039e+02,2.101217653679892106e-01
7.544999999999861373e+00,1.154333364849619681e+00,2.326442399899857350e-01,-3.929465267257995151e+02,2.737201905225222220e-01
7.549999999999861267e+00,1.157878466887186431e+00,1.087431775646984233e+00,1.089701658360691226e+03,8.902800041733148761e-01
7.554999999999861160e+00,1.160985684863326206e+00,3.765607994367397016e-01,-3.543138490112693830e+02,-2.043259331180056759e-01
7.559999999999861053e+00,1.163655795351469013e+00,1.129380029617889525e+00,9.993674330140878510e+02,1.948165699533928319e-01
7.564999999999860947e+00,1.165850775441771958e+00,4.438715870647781947e-01,-3.292988913638801591e+02,-8.379203919496367448e-01
7.569999999999860840e+00,1.167627196175549109e+00,-4.606107424893136210e-02,-2.245625532743233634e+02,-3.712384766564841287e-01
7.574999999999860734e+00,1.170544206406177512e+00,6.078200593475306945e-01,-3.991960319578276994e+02,-3.606875760267027609e-01
7.579999999999860627e+00,1.172043289257771015e+00,6.390566926618047872e-02,-3.977591924264291379e+02,-8.865374900991547236e-01
7.584999999999860520e+00,1.174694744318681039e+00,8.307881722272245639e-01,8.356342398535404072e+02,-3.190905548476150044e-01
7.589999999999860414e+00,1.176820943738758229e+00,2.664827677700450925e-01,-2.114164755683692363e+02,-1.307742358802822524e+00
7.594999999999860307e+00,1.179562126694369661e+00,5.905239387478338209e-01,-2.032763434076786098e+02,-1.114248303683245123e+00
7.599999999999860201e+00,1.182203656752132570e+00,8.340422595342967815e-01,5.533524796764460234e+02,-1.286679547742889396e+00
7.604999999999860094e+00,1.184894886113370571e+00,3.730176322967233560e-01,-2.118269874226532465e+02,-2.115925381748282152e+00
7.609999999999859988e+00,1.188443099651662171e+00,6.879514265268830142e-01,-1.842098383254767668e+02,-1.783895056812728974e+00
7.614999999999859881e+00,1.191697275604990169e+00,8.700191475446759082e-01,4.416509806627224179e+02,-2.385724468975753521e+00
7.619999999999859774e+00,1.194828516844025135e+00,4.751759602579097574e-01,-1.893997438069093846e+02,-2.668689769948250134e+00
7.624999999999859668e+00,1.198256828143522412e+00,6.532423290884951106e-01,-1.439534365358108232e+02,-2.517662264583120812e+00
7.629999999999859561e+00,1.201286977190238803e+00,7.182538445666296623e-01,2.455460878960458899e+02,-2.394646168945489872e+00
7.634999999999859455e+00,1.204044473540195836e+00,4.867072043497279732e-01,-3.759698663296030219e+01,-2.651264367116067611e+00
7.639999999999859348e+00,1.206686304210346172e+00,5.149876949549527794e-01,3.313994918800288758e+01,-2.213492765321698030e+00
7.644999999999859241e+00,1.209124040414331969e+00,5.424220166645521424e-01,5.918067997121708856e+01,-2.336717814485002265e+00
7.649999999999859135e+00,1.211804020919992286e+00,5.013004640250838806e-01,-4.901726996720619667e+01,-2.334992136764327153e+00
7.654999999999859028e+00,1.214017440054744545e+00,4.489034816131797223e-01,5.187250598627931453e+01,-2.327330511220494724e+00
7.659999999999858922e+00,1.216559029674406878e+00,4.819037220836020485e-01,-2.619282955415626191e+01,-2.619089799018819775e+00
7.664999999999858815e+00,1.219318473149234139e+00,5.540552500229264377e-01,-5.991085507747571626e+01,-2.947423389817546813e+00
7.669999999999858709e+00,1.222055161878621288e+00,5.336442491079990136e-01,-8.277388260081413307e+01,-3.155320730334655543e+00
7.674999999999858602e+00,1.225030579999415448e+00,5.942363137666382134e-01,7.140717302678116774e+00,-3.294971918412944678e+00
7.679999999999858495e+00,1.228068061028231961e+00,6.438599303971539456e-01,3.554987137492752858e+00,-3.242011469596568496e+00
7.684999999999858389e+00,1.231246548387692430e+00,6.567826005335387629e-01,5.494772529244258408e+01,-3.368549552993080010e+00
7.689999999999858282e+00,1.234406000931470571e+00,6.193945795743790450e-01,-1.249216736262463812e+01,-3.633741062152057388e+00
7.694999999999858176e+00,1.237404425962078003e+00,5.027820529996572807e-01,-1.278675354079424267e+02,-3.789202798199920341e+00
7.699999999999858069e+00,1.240482794544174761e+00,6.497080721521564239e-01,4.164670755033683491e+01,-3.559306810781116326e+00
7.704999999999857963e+00,1.243507859546879812e+00,6.141613262339736812e-01,4.768207718234322101e+01,-3.634947174907962264e+00
7.709999999999857856e+00,1.247904587709647073e+00,1.481767091260420388e+00,3.530308464509271857e+02,-4.094118395585644166e+00
7.714999999999857749e+00,1.258410303816750231e+00,2.174792274669731462e+00,-5.029784327651654507e+01,-4.667547073739563679e+00
7.719999999999857643e+00,1.266930961774272335e+00,1.285822814016012838e+00,-1.878428514678462022e+02,-3.817983568163485941e+00
7.724999999999857536e+00,1.269646523572785624e+00,-4.587021656649635515e-02,-3.712022038242669169e+02,-3.280355639861215700e+00
7.729999999999857430e+00,1.265483502448937703e+00,-1.413307402724319983e+00,-2.710701477068625422e+02,-2.162502211004658559e+00
7.734999999999857323e+00,1.254524210664016204e+00,-2.695144659971724810e+00,-2.988050926159395999e+02,-1.555961394627129790e+00
7.739999999999857216e+00,1.237816590282077911e+00,-3.739173909282059061e+00,-1.712695213851040990e+02,-1.037506448962171479e+00
7.744999999999857110e+00,1.216226291505298818e+00,-4.683193650093736338e+00,-1.936662390687024811e+02,-1.560912910122032038e-01
7.749999999999857003e+00,1.190540722384005434e+00,-5.440412236561383175e+00,-1.378186067609046006e+02,8.971861872454089948e-02
7.754999999999856897e+00,1.161503601262547258e+00,-5.991003011743746498e+00,-9.269506370265514761e+01,8.628640104576197345e-01
7.759999999999856790e+00,1.130306106066418126e+00,-6.332976899404901161e+00,-1.111241162669906757e+01,1.445619426063590840e+00
7.764999999999856684e+00,1.098068976683023390e+00,-6.456287468961552811e+00,2.619620743071909175e+01,1.560888553949571378e+00
7.769999999999856577e+00,1.065697965500928879e+00,-6.432813406741504814e+00,1.929114849986969915e+01,2.006939781249260868e+00
7.774999999999856470e+00,1.033642382600880927e+00,-6.336292116242750794e+00,7.561805781725841769e+01,1.858348621272767343e+00
7.779999999999856364e+00,1.001758230324828025e+00,-6.350581600739511501e+00,2.489608730822748583e+01,2.381828422540601675e+00
7.784999999999856257e+00,9.703510805289076169e-01,-6.159358169059436783e+00,9.201657624586198381e+01,2.972306255365465333e+00
7.789999999999856151e+00,9.399533780831728080e-01,-5.877571964038687646e+00,1.573294901478650161e+02,3.734605898513688516e+00
7.794999999999856044e+00,9.125038387093500347e-01,-5.161999420513883940e+00,1.516985766625373060e+02,4.704869080532652958e+00
7.799999999999855937e+00,8.895653295296129803e-01,-4.161905549989351805e+00,1.903096531260041786e+02,4.965302890374855060e+00
7.804999999999855831e+00,8.822528796708247745e-01,1.422295552411804720e-01,6.511907198798910485e+02,2.609358472731033718e+00
7.809999999999855724e+00,8.935226785763047408e-01,2.909873209680041040e+00,7.565231238532852558e+02,3.685557908239900371e+00
7.814999999999855618e+00,9.056418846469451722e-01,2.808221063730384603e+00,9.830256055028788751e+02,4.207889965151578870e+00
7.819999999999855511e+00,9.164057147480136889e-01,2.552928989248442804e+00,1.297497131368621922e+03,4.060325775628350620e+00
7.824999999999855405e+00,9.267463104883566505e-01,2.560807936910002969e+00,1.483497093293809257e+03,3.900543738517077585e+00
7.829999999999855298e+00,9.353365148875606438e-01,2.172394755060407689e+00,1.380217429794870895e+03,3.766661530549614056e+00
7.834999999999855191e+00,9.435273434345284871e-01,2.132243554807883079e+00,1.422227247356771386e+03,3.832364808240066090e+00
7.839999999999855085e+00,9.507314763158977167e-01,1.943860514590050048e+00,1.355855228560543310e+03,3.844594847514903435e+00
7.844999999999854978e+00,9.576029232531672042e-01,1.880199055976267353e+00,1.315836674170345987e+03,3.865989024732976009e+00
7.849999999999854872e+00,9.635719078535807114e-01,1.825240027253012709e+00,1.324920569770619522e+03,3.850895430926738250e+00
7.854999999999854765e+00,9.692601979592799788e-01,1.868296951532349981e+00,1.272377886906194135e+03,3.723323994893177780e+00
7.859999999999854658e+00,9.741340485640630487e-01,4.645301726457501390e-01,-5.816520932036411295e+02,3.283533410225782490e+00
7.864999999999854552e+00,9.811160215822654074e-01,7.669085145420083682e-01,-7.437866267374627114e+02,3.405348900318009964e+00
7.869999999999854445e+00,9.883549186672546671e-01,1.325047063621054955e+00,-6.505817376837793518e+02,3.090393332703066598e+00
7.874999999999854339e+00,9.946959292824535392e-01,1.842967329351757888e+00,1.206083480734263503e+03,3.310562215486527737e+00
7.879999999999854232e+00,1.000008659698694569e+00,5.310914685791864320e-01,-6.619271621160070254e+02,2.978821591118038015e+00
7.884999999999854126e+00,1.007197597759826424e+00,1.411689458616316672e+00,-6.031439626784299435e+02,3.089096687288143794e+00
7.889999999999854019e+00,1.014170923083577369e+00,2.006803440876331557e+00,1.249233118106399843e+03,3.154887852052281616e+00
7.894999999999853912e+00,1.019625801601558690e+00,6.003505039007261956e-01,-5.061945937900714512e+02,2.116169020139172297e+00
7.899999999999853806e+00,1.026043457482430421e+00,1.225668228264829906e+00,-5.159137333294582959e+02,2.365100502832917506e+00
7.904999999999853699e+00,1.032233694106146293e+00,1.812408937830505495e+00,1.130597603721696942e+03,2.417083997853993971e+00
7.909999999999853593e+00,1.037864669970832487e+00,6.519824499290257647e-01,-5.944676416179855778e+02,1.640591181610844274e+00
7.914999999999853486e+00,1.044717718904991433e+00,1.291808852628857807e+00,-4.685138807715222242e+02,1.823340908399237348e+00
7.919999999999853380e+00,1.050997209787767117e+00,1.810849969419528582e+00,1.095205536128209815e+03,1.717923578829321229e+00
7.924999999999853273e+00,1.057181054553960386e+00,8.759393862947417730e-01,-4.260450362485315736e+02,7.725370694787041526e-01
7.929999999999853166e+00,1.064752873801593447e+00,1.413921913822016929e+00,-5.354836780046460945e+02,6.433328944564488117e-01
7.934999999999853060e+00,1.072049143977303887e+00,1.924269450232018119e+00,8.846700508581418489e+02,6.700136672859140496e-01
7.939999999999852953e+00,1.078876847444835141e+00,1.039014288513699258e+00,-3.729453053011782231e+02,-2.939640664227134437e-01
7.944999999999852847e+00,1.086658655996844081e+00,1.472678980636397128e+00,-4.291294254522476308e+02,-1.935458282978563815e-02
7.949999999999852740e+00,1.093504573954108272e+00,1.685813211008170720e+00,6.565824745894859689e+02,-2.382499060461962248e-02
7.954999999999852633e+00,1.100198404163047483e+00,1.100130762064478462e+00,-2.655183648944109223e+02,-4.479168757151819058e-01
7.959999999999852527e+00,1.106851508547482821e+00,1.266874667741070715e+00,-1.599744341889614816e+02,-6.772757763117721597e-01
7.964999999999852420e+00,1.113015023084243493e+00,1.417988557593829135e+00,2.477511704057971826e+02,-7.153519449631878802e-01
7.969999999999852314e+00,1.119207598730581177e+00,1.185139187780633874e+00,-5.241325427302702877e+01,-1.129740992487461515e+00
7.974999999999852207e+00,1.125334730409608408e+00,1.068795273283951630e+00,-7.836844743347317888e+01,-1.310479398748064517e+00
7.979999999999852101e+00,1.130937980859057834e+00,1.116016472049298880e+00,2.123712799928333794e+01,-1.656063705450686374e+00
7.984999999999851994e+00,1.136625876421453851e+00,1.173784775942499525e+00,1.750380000965299701e+02,-2.099087024179253191e+00
7.989999999999851887e+00,1.141912454905268381e+00,1.039428796558258927e+00,1.690279767303133553e+02,-2.193143135103389874e+00
7.994999999999851781e+00,1.147726380983081107e+00,1.060243631552112209e+00,3.448347045348491235e+01,-2.681744734182192502e+00
7.999999999999851674e+00,1.152479203316165934e+00,8.885882712046774268e-01,1.234834079098625779e+02,-2.939029657382073335e+00
8.004999999999851568e+00,1.157433365569379591e+00,8.646626221489372988e-01,5.890538120220362828e+01,-2.783229487168521921e+00
8.009999999999852349e+00,1.162309424874304886e+00,8.072683565457658972e-01,-8.062675546588150155e+01,-3.098159850547752558e+00
8.014999999999853131e+00,1.166397546713227040e+00,5.524592060381213754e-01,9.565641570474411992e+01,-3.167390657287608047e+00
8.019999999999853912e+00,1.170479216416386636e+00,9.567165447155711044e-01,-8.280212343456772928e+00,-3.285630489440784174e+00
8.024999999999854694e+00,1.173823428516837186e+00,6.643192780541768983e-01,6.401426419325350992e+01,-3.522212497960552025e+00
8.029999999999855476e+00,1.178153419928006818e+00,1.022148156251857731e+00,9.617046497440591679e+01,-3.535767601394661952e+00
8.034999999999856257e+00,1.182183132186457764e+00,9.178527542685285256e-01,8.758344408628022393e+01,-4.261186102424528777e+00
8.039999999999857039e+00,1.186652482628167693e+00,8.486648879518353672e-01,-3.190045536198518050e+01,-4.015613437459009560e+00
8.044999999999857820e+00,1.191095132887713293e+00,8.064497352787008966e-01,-6.097356103261905957e+01,-4.370501109713374355e+00
8.049999999999858602e+00,1.195303685343154676e+00,8.812049706954532269e-01,-6.215192802664176952e+00,-4.183334084644616091e+00
8.054999999999859384e+00,1.199555749503459445e+00,8.055307157867440671e-01,-1.481822395836150719e+01,-4.728853295938177048e+00
8.059999999999860165e+00,1.203683526393085179e+00,8.083291082850198039e-01,-3.901672750175527682e+01,-4.549368184055880171e+00
8.064999999999860947e+00,1.207577241194320861e+00,7.480165422734632585e-01,1.848684259502707405e+01,-5.129662193550546867e+00
8.069999999999861728e+00,1.211121816979016774e+00,6.758843186957541604e-01,-5.031116869485054544e+00,-4.922434709754067050e+00
8.074999999999862510e+00,1.214230132644291471e+00,5.619591352802879580e-01,-7.405245766441818489e+01,-4.545650132338673544e+00
8.079999999999863292e+00,1.216839151784522510e+00,5.920883765674358479e-01,1.527358443897371103e+02,-5.055380480131923981e+00
8.084999999999864073e+00,1.220349077174510910e+00,5.929975919638150739e-01,-1.297148863830029484e+02,-4.659451048226223691e+00
8.089999999999864855e+00,1.221493091866012959e+00,-1.137782677059932523e-01,-1.801137818971529896e+02,-4.249138187825342250e+00
8.094999999999865636e+00,1.217859635717640776e+00,-1.174080190606259233e+00,-2.423170784936371547e+02,-3.250086505641863077e+00
8.099999999999866418e+00,1.208948162442006424e+00,-2.195614708294938655e+00,-2.151658382331148402e+02,-2.043907679498245589e+00
8.104999999999867200e+00,1.195343808880143799e+00,-3.050455628277676912e+00,-1.469625886426142074e+02,-1.057051660851635155e+00
8.109999999999867981e+00,1.177442497596718818e+00,-3.887762707199443835e+00,-1.205737540459051900e+02,-1.082264564561566278e+00
8.114999999999868763e+00,1.154958171873244233e+00,-4.759784676168228756e+00,-9.902349898265872241e+01,-8.549420956497222335e-02
8.119999999999869544e+00,1.128557274398857224e+00,-5.482646987082027579e+00,-7.312946140574554477e+01,1.005327411672464422e+00
8.124999999999870326e+00,1.098950573407392994e+00,-6.090685111056295398e+00,-5.018434033103589087e+01,1.369970976058152878e+00
8.129999999999871108e+00,1.085611651060282012e+00,3.013015104037987668e-01,5.537113017005219717e+02,-7.415769340021507450e-01
8.134999999999871889e+00,1.094244027094755101e+00,1.696056932109331505e+00,4.227539810125830400e+01,-6.890935732428484783e-01
8.139999999999872671e+00,1.103002390649280073e+00,1.399082904291386598e+00,-3.021996415672475678e+02,1.230878411757795332e-01
8.144999999999873452e+00,1.113574970863963509e+00,1.439589481258988446e+00,-7.992707011502056957e+02,4.620056755878600985e-01
8.149999999999874234e+00,1.124094237069332314e+00,1.904582775336740808e+00,-7.499582152707964724e+02,4.985743748622091243e-01
8.154999999999875016e+00,1.132704052583873855e+00,2.394574881490328710e+00,1.462448952448207592e+03,7.014580248741029145e-01
8.159999999999875797e+00,1.139384581535966667e+00,7.275704096468976756e-01,-6.830212091059089516e+02,-2.130432578082335215e-01
8.164999999999876579e+00,1.146735332807881313e+00,1.380930521587806936e+00,-5.947919421238898394e+02,1.266069968763130493e-01
8.169999999999877360e+00,1.149827425054886554e+00,1.823619605446786529e-01,-5.869636675851991185e+02,2.401803663996504579e-01
8.174999999999878142e+00,1.155289952790959029e+00,1.114433964547777212e+00,-5.426488735832239172e+02,3.285420898050577243e-01
8.179999999999878924e+00,1.157680417539160400e+00,6.779689379805299565e-02,-4.918615289539375794e+02,2.585211511990712085e-01
8.184999999999879705e+00,1.162439751558580703e+00,1.010834480407921898e+00,-4.738031585352888442e+02,2.463531534381860899e-01
8.189999999999880487e+00,1.164822762746025475e+00,2.055766538551550560e-01,-4.198268936066962169e+02,-5.511461775978665489e-03
8.194999999999881268e+00,1.168328781370650438e+00,1.092439906782785464e+00,1.138429974891901111e+03,6.554191263523593269e-01
8.199999999999882050e+00,1.171376117650190674e+00,3.715354546656974288e-01,-3.637362003780954183e+02,-5.283929114327217125e-01
8.204999999999882832e+00,1.173916238100724874e+00,1.126236211006773402e+00,1.002381536532578480e+03,-1.117773144024057919e-01
8.209999999999883613e+00,1.176035097162934973e+00,4.333461607410575289e-01,-3.283931744236364807e+02,-1.228047793865517878e+00
8.214999999999884395e+00,1.177672427800395383e+00,-7.562126601714880270e-02,-2.527548319072654692e+02,-6.851656656527551625e-01
8.219999999999885176e+00,1.180674012769438397e+00,6.319248965102002291e-01,-3.949079591256518142e+02,-6.223296722229419986e-01
8.224999999999885958e+00,1.182303948028747387e+00,9.255066869570477417e-02,-3.948701124908639599e+02,-1.225293957740215101e+00
8.229999999999886739e+00,1.184955068569212067e+00,7.601276489943509240e-01,7.497389020060638813e+02,-7.168074439309909396e-01
8.234999999999887521e+00,1.186302649804396037e+00,1.966413177990176120e-01,-2.516998532458821956e+02,-1.844261435807357463e+00
8.239999999999888303e+00,1.188277160380173392e+00,3.737493820491286645e-01,8.527756230503334223e+01,-1.111481148783665995e+00
8.244999999999889084e+00,1.190711106301401756e+00,7.688572877645003523e-01,4.811900226105790921e+02,-1.295049867096795593e+00
8.249999999999889866e+00,1.192955534301189280e+00,2.906930806602014417e-01,-1.877412742028325852e+02,-2.244679416185852094e+00
8.254999999999890647e+00,1.196028467408427831e+00,6.427549200208624303e-01,-1.439667210842415273e+02,-1.915566066332207829e+00
8.259999999999891429e+00,1.198930364659992698e+00,7.926682841342083119e-01,4.161769959912966783e+02,-2.385724576497031180e+00
8.264999999999892211e+00,1.201761839946998478e+00,4.416581827943965033e-01,-1.534361872580708166e+02,-3.131371553209135961e+00
8.269999999999892992e+00,1.204965845382273137e+00,5.857569844428910377e-01,-1.397420505810679288e+02,-2.713557772146561131e+00
8.274999999999893774e+00,1.207813396773755210e+00,6.947946813944329003e-01,2.647820261892120470e+02,-2.942068467259632225e+00
8.279999999999894555e+00,1.210321331543819046e+00,3.868435407316141439e-01,-1.169877512074475447e+02,-3.129821316611135273e+00
8.284999999999895337e+00,1.212863686641794336e+00,5.005090061265892176e-01,-7.167755566329699946e+01,-2.811974692785792040e+00
8.289999999999896119e+00,1.215054957020442306e+00,4.214178706821914977e-01,-3.559669973501274853e+01,-2.597876849570426305e+00
8.294999999999896900e+00,1.217076356820830485e+00,3.832140423598999202e-01,-6.332010209534396949e+01,-2.651617118849873389e+00
8.299999999999897682e+00,1.219035865252499518e+00,3.843997284030959971e-01,-3.172832045780900501e+01,-2.424392246987764121e+00
8.304999999999898463e+00,1.221409751149241218e+00,3.984921408426130851e-01,1.734487366354358517e+00,-2.474620167024122797e+00
8.309999999999899245e+00,1.223383661245019516e+00,5.172794712887197610e-01,1.536006103656004029e+02,-2.547218087819528964e+00
8.314999999999900027e+00,1.225303144607009953e+00,3.906487150432944033e-01,9.185441222235232317e+01,-2.599247629789782632e+00
8.319999999999900808e+00,1.227442816028175399e+00,4.278674082849617255e-01,1.044913377243567396e+02,-2.814164869490713983e+00
8.324999999999901590e+00,1.229783825267539932e+00,4.950916577161169618e-01,1.143727696021285141e+02,-2.982141615734286599e+00
8.329999999999902371e+00,1.232222061570410254e+00,5.104343706959971749e-01,1.115788638280398004e+02,-3.207102015054966948e+00
8.334999999999903153e+00,1.234760207260599207e+00,5.069430515899708833e-01,1.057716769749947048e+02,-3.315726640475874731e+00
8.339999999999903935e+00,1.237382344618312757e+00,5.005073143001922409e-01,-1.223626995391860106e+01,-3.437616855929143789e+00
8.344999999999904716e+00,1.239839556995007808e+00,4.499503915545682298e-01,-1.113581483758877368e+02,-3.618387029044062064e+00
8.349999999999905498e+00,1.246734661257814514e+00,1.954851966877606984e+00,1.190619228736572381e+02,-4.305597188215013915e+00
8.354999999999906279e+00,1.257786800163938290e+00,2.118673037455777841e+00,-7.181764300855763850e+01,-4.242822558256897025e+00
8.359999999999907061e+00,1.265184984887533615e+00,9.950110013809162490e-01,-2.142806216776746453e+02,-3.546622573899030240e+00
8.364999999999907843e+00,1.266138717865798347e+00,-4.201320076700075790e-01,-3.543418486963356600e+02,-2.863379705481359228e+00
8.369999999999908624e+00,1.260254936485884159e+00,-1.741078124873044031e+00,-2.733748038680207060e+02,-2.145493226028115430e+00
8.374999999999909406e+00,1.247673986703773608e+00,-3.054288375691855073e+00,-3.248155744137279726e+02,-1.206348597793349242e+00
8.379999999999910187e+00,1.229344272687383555e+00,-4.043641022039148325e+00,-1.533274658817860825e+02,-6.229324146236228099e-01
8.384999999999910969e+00,1.206447647287733238e+00,-4.907016833339122641e+00,-1.866605680820137252e+02,1.183973554126538374e-01
8.389999999999911751e+00,1.179962391908217834e+00,-5.534572873946896010e+00,-7.014498762859045655e+01,5.055649766250107646e-01
8.394999999999912532e+00,1.150686402430626476e+00,-5.989416200175468497e+00,-2.125847033190111190e+01,9.848008909171199754e-01
8.399999999999913314e+00,1.119440591156600107e+00,-6.345202177412507361e+00,-2.350255410276836443e+01,1.447954720823038777e+00
8.404999999999914095e+00,1.086973152192685754e+00,-6.548896341105796104e+00,-1.216407454745383632e+01,1.377695451504491686e+00
8.409999999999914877e+00,1.053975195554253563e+00,-6.595361498701530323e+00,-2.481083638215161002e+01,1.907465164868136220e+00
8.414999999999915659e+00,1.021285190472196458e+00,-6.462694421707787740e+00,4.987885553932645877e+01,2.059573280360449399e+00
8.419999999999916440e+00,9.894439253340259199e-01,-6.246313724969641434e+00,6.546721390753918968e+01,2.407459931779727835e+00
8.424999999999917222e+00,9.585271964849800819e-01,-6.123652301696833611e+00,-1.728262121424534214e+01,2.161197578085718440e+00
8.429999999999918003e+00,9.284636222533746430e-01,-5.834045418651482073e+00,1.436969721803201878e+02,3.224432166102570996e+00
8.434999999999918785e+00,9.001988013749635531e-01,-5.386802215903220947e+00,2.021425548048993051e+02,3.812923655709394399e+00
8.439999999999919567e+00,8.757445425505843151e-01,-4.529739788472958217e+00,1.520455305894206788e+02,4.627392434772914953e+00
8.444999999999920348e+00,8.561203635469233353e-01,-3.529725999253967128e+00,1.852700766815276836e+02,4.562818194229588897e+00
8.449999999999921130e+00,8.415680360159442097e-01,-1.892153444525980222e+00,7.748129706188807404e+02,3.738167115004241037e+00
8.454999999999921911e+00,8.500231230268603388e-01,2.448316387124275906e+00,-8.406572459591803863e+02,4.194525201550487026e+00
8.459999999999922693e+00,8.635513486029848806e-01,2.068729594252479487e+00,-1.092785010195191035e+03,4.073067496090148509e+00
8.464999999999923475e+00,8.760403388467602470e-01,1.827380028467435968e+00,-1.003875898290559689e+03,3.831812731351498691e+00
8.469999999999924256e+00,8.872343485533492613e-01,1.629363550462085364e+00,-8.769331027603345774e+02,3.910578227930977313e+00
8.474999999999925038e+00,8.970378279232320562e-01,1.420920343017215703e+00,-1.074174435589100312e+03,3.865388732212989176e+00
8.479999999999925819e+00,9.071751755445808252e-01,1.530970193385016387e+00,-1.031802732451416205e+03,3.806513156319454971e+00
8.484999999999926601e+00,9.160074064075286460e-01,1.399180572180337423e+00,-9.614078065439367720e+02,3.828246250033276787e+00
8.489999999999927383e+00,9.239669154428298281e-01,1.313410236143387255e+00,-9.504644937915072660e+02,3.894606787710798823e+00
8.494999999999928164e+00,9.313517284200407698e-01,1.264318059599042643e+00,-9.277928781086958452e+02,3.944042500448550204e+00
8.499999999999928946e+00,9.381465033297887723e-01,1.217686691563790502e+00,-7.129916426570742942e+02,4.044384543060957071e+00
8.504999999999929727e+00,9.455071939729682295e-01,1.466396969318709331e+00,-7.309711130700753756e+02,3.852730530333529746e+00
8.509999999999930509e+00,9.523661713322992828e-01,2.015960618914997227e+00,1.398778036709022217e+03,4.326272086039755216e+00
8.514999999999931291e+00,9.580424964711535818e-01,5.709331735239127070e-01,-6.685056687172680085e+02,3.516462354294838999e+00
8.519999999999932072e+00,9.649227344491765335e-01,1.210903678552333051e+00,-7.376213115082931608e+02,3.587016840684606134e+00
8.524999999999932854e+00,9.714174580138357218e-01,2.061159576966128171e+00,1.454676301243649277e+03,4.350212156341838998e+00
8.529999999999933635e+00,9.775582517320651199e-01,6.758506010004983189e-01,-6.948633741140375832e+02,2.980167660376768168e+00
8.534999999999934417e+00,9.856524038103519070e-01,1.557725639226292147e+00,-6.364337506619601754e+02,3.278803615775604197e+00
8.539999999999935199e+00,9.934772638873887729e-01,2.266253469459033720e+00,1.354587160793751991e+03,3.392429554671719139e+00
8.544999999999935980e+00,9.989917787329888332e-01,8.909840696575478391e-01,-5.809466390131249227e+02,2.220631678388783392e+00
8.549999999999936762e+00,1.005940921884825867e+00,1.138013746700389461e+00,-8.964383236735045557e+00,2.780162146481263807e+00
8.554999999999937543e+00,1.011949162318113604e+00,1.877062713794596105e+00,1.263429309821953439e+03,2.879397472571210148e+00
8.559999999999938325e+00,1.018076313076817341e+00,8.038863715441987301e-01,-5.086727813928528121e+02,2.005111620621790713e+00
8.564999999999939106e+00,1.025623709385642179e+00,1.394049250281151675e+00,-5.313098048906449549e+02,1.963045089639976037e+00
8.569999999999939888e+00,1.032444984000775667e+00,1.934727734485070849e+00,1.106929159768933232e+03,1.965397497682540573e+00
8.574999999999940670e+00,1.039319562155007315e+00,1.022600955567759762e+00,-4.354206988677051982e+02,9.410369263728235456e-01
8.579999999999941451e+00,1.047599322318642834e+00,1.580413067184487819e+00,-4.906012063372426155e+02,8.839183592016752744e-01
8.584999999999942233e+00,1.055492647389065786e+00,2.021475016775893252e+00,8.680624157380339057e+02,7.306936300253220606e-01
8.589999999999943014e+00,1.063098331237942507e+00,1.230372255754762723e+00,-3.399821271374335083e+02,7.232129539675313801e-02
8.594999999999943796e+00,1.071541224207263054e+00,1.586462265995102650e+00,-4.138319724929834820e+02,1.207068942272582213e-02
8.599999999999944578e+00,1.079260531205044948e+00,1.824001864617342594e+00,5.504165882904146656e+02,2.372911179668278914e-01
8.604999999999945359e+00,1.086698995065270346e+00,1.418802314865772907e+00,1.502602540241828777e+01,-4.292759197425204398e-01
8.609999999999946141e+00,1.093681660891124396e+00,1.336588679003962721e+00,-2.172251268848317522e+02,-6.193017702648844214e-01
8.614999999999946922e+00,1.100710958046660082e+00,1.454562814757720757e+00,9.610240595686238407e+01,-7.627530027788870237e-01
8.619999999999947704e+00,1.107803315214672235e+00,1.260940517199416799e+00,-2.377337583028713084e+02,-1.147615910118717331e+00
8.624999999999948486e+00,1.114797515745458156e+00,1.439929493984279052e+00,4.467641901533625770e+01,-1.607456582533651090e+00
8.629999999999949267e+00,1.121886599919138972e+00,1.634443684499968130e+00,2.210910704779632283e+02,-2.236487296722926565e+00
8.634999999999950049e+00,1.127918543868679180e+00,1.470715201533173699e+00,1.601584916119557249e+02,-2.417366380623489519e+00
8.639999999999950830e+00,1.134121788518570817e+00,1.415111545971106777e+00,2.756398112191822491e+01,-2.828607870302342064e+00
8.644999999999951612e+00,1.139389343696138202e+00,1.315983642775291562e+00,1.343034733942527907e+02,-2.919601485442846922e+00
8.649999999999952394e+00,1.144489700824249168e+00,1.096594340277796453e+00,1.199640805075804053e+02,-2.868062985322186176e+00
8.654999999999953175e+00,1.149727430074958923e+00,9.800149253065020272e-01,9.370983288410050704e+01,-3.113347176022468688e+00
8.659999999999953957e+00,1.154730038322207220e+00,7.782292539634358963e-01,9.522944614013134412e+01,-2.845093853347982815e+00
8.664999999999954738e+00,1.160074241263695516e+00,1.208761394942298839e+00,1.008041098743212771e+01,-3.486640167789949896e+00
8.669999999999955520e+00,1.164697965958833459e+00,1.072345870289136638e+00,7.920085036282597457e+01,-3.203975734712804169e+00
8.674999999999956302e+00,1.169402584820849356e+00,8.715117678940009771e-01,9.316715322480411032e+01,-3.767171731616954844e+00
8.679999999999957083e+00,1.174461996287661458e+00,1.160031217278042703e+00,1.009529923191882546e+02,-3.847232052962949567e+00
8.684999999999957865e+00,1.179428129057306984e+00,9.615763428544795710e-01,-1.078273554860457928e+01,-4.330791137117565803e+00
8.689999999999958646e+00,1.184485880208405062e+00,8.126615071387723876e-01,-2.880652874473498173e+02,-4.612620545651711979e+00
8.694999999999959428e+00,1.188679189761540966e+00,8.776571179606862394e-01,4.320073387631660822e+00,-4.414488106321708294e+00
8.699999999999960210e+00,1.193267288210587918e+00,9.338100874596497736e-01,4.218727243004661176e+01,-4.872518846161210782e+00
8.704999999999960991e+00,1.198024647109381613e+00,9.647869865652752841e-01,-1.434993597191100179e+01,-4.818075492549175998e+00
8.709999999999961773e+00,1.202792102363331006e+00,9.058315647450836394e-01,-8.155976869527488304e+01,-4.623274255103010155e+00
8.714999999999962554e+00,1.207021310378712187e+00,8.311547690594121018e-01,2.969320501842791771e+01,-5.119064031463413045e+00
8.719999999999963336e+00,1.210664010378008637e+00,6.800984374991979609e-01,-1.979793144301310548e+01,-4.843912455704864506e+00
8.724999999999964118e+00,1.213418360412238828e+00,4.377552701135193902e-01,-6.779458538629820907e+01,-5.244678979703952137e+00
8.729999999999964899e+00,1.215801625207226788e+00,5.463788700801878173e-01,-2.160871865791890301e+01,-4.829632098307992116e+00
8.734999999999965681e+00,1.217647329342284479e+00,1.232166344242578704e-01,-1.689169085633675707e+02,-4.138859174675395103e+00
8.739999999999966462e+00,1.215985244038508828e+00,-6.814385081738898453e-01,-1.884535356303252911e+02,-3.171220834144662604e+00
8.744999999999967244e+00,1.209438941273959234e+00,-1.714633828091106205e+00,-1.879614949735633331e+02,-2.961178115538547040e+00
8.749999999999968026e+00,1.197586766809126457e+00,-2.755553896795417401e+00,-1.604723035739082491e+02,-1.969615990137791872e+00
8.754999999999968807e+00,1.180783991409101841e+00,-3.688539243783656385e+00,-1.261573914743268574e+02,-1.108830672453929411e+00
8.759999999999969589e+00,1.159919553912230228e+00,-4.422790787382561817e+00,-1.001959160991053324e+02,-1.285079827567430222e-01
8.764999999999970370e+00,1.135130019867942819e+00,-5.211671581449218493e+00,-6.232353464430297407e+01,-4.634011737398235908e-02
8.769999999999971152e+00,1.118432898046571422e+00,-1.465885609046822413e+00,3.908006204807397808e+02,-9.260785134584709200e-01
8.774999999999971934e+00,1.121451121174817933e+00,1.112526367481095679e+00,-4.648792827555685108e+02,-2.278540727789553078e+00
8.779999999999972715e+00,1.130130538726490386e+00,1.951533867801313882e+00,5.366183443630208103e+02,-1.062671659152871761e+00
8.784999999999973497e+00,1.138572308942420674e+00,2.254176722979899683e+00,1.331119041297481090e+03,-5.878118133889798091e-02
8.789999999999974278e+00,1.146802734336829444e+00,2.201252529381937606e+00,1.230315104209988704e+03,1.547449301368292174e-02
8.794999999999975060e+00,1.152719588675862328e+00,5.265583692507240787e-01,-7.568396501337859945e+02,-1.661914552709232717e-01
8.799999999999975842e+00,1.160204841029245149e+00,1.395011514965100785e+00,-7.062857909688557356e+02,1.709928489302743326e-01
8.804999999999976623e+00,1.166975337554498893e+00,2.053895733284299308e+00,1.417746290185116550e+03,2.057038382293958079e-01
8.809999999999977405e+00,1.171247174184331774e+00,7.488515437312198708e-01,-5.725936563062925870e+02,-9.376686554051752998e-01
8.814999999999978186e+00,1.175370604993618562e+00,1.516439785548158392e+00,1.289843364953209857e+03,1.063581487625354788e-01
8.819999999999978968e+00,1.178099193766159347e+00,5.176655539321219912e-01,-4.663554120974976058e+02,-8.367490369442683873e-01
8.824999999999979750e+00,1.181368010507504174e+00,1.318797755819452577e+00,1.178125300144795801e+03,3.065575733969816419e-04
8.829999999999980531e+00,1.183867693500929130e+00,5.024923520349011685e-01,-3.928127462077776499e+02,-1.016578401019701650e+00
8.834999999999981313e+00,1.185805110844503796e+00,-8.852944901208251172e-02,-2.983676771746987697e+02,-3.879193013336607043e-01
8.839999999999982094e+00,1.189059453692087098e+00,7.405343976949665397e-01,-3.366601672159166583e+02,-3.087489249093837707e-01
8.844999999999982876e+00,1.190885765799166496e+00,1.595463890447516020e-01,-3.129382881894936190e+02,-8.563082438675124752e-01
8.849999999999983658e+00,1.193850229845916378e+00,9.000676937999749772e-01,9.594655864457704411e+02,-3.545680809261689825e-01
8.854999999999984439e+00,1.195314734667339396e+00,3.205905728872362470e-01,-2.742659252623812449e+02,-1.610886792959132174e+00
8.859999999999985221e+00,1.196561191186076067e+00,-1.258865492799094710e-01,-2.282184429208273002e+02,-1.233938569232842175e+00
8.864999999999986002e+00,1.198119457580025804e+00,5.786561300421472209e-01,7.276263187406212865e+02,-6.317902378880912995e-01
8.869999999999986784e+00,1.199688645941066945e+00,1.057847066210980957e-01,-3.259808292612332252e+02,-1.912823164932162756e+00
8.874999999999987566e+00,1.201073088560904445e+00,5.675468965542995736e-01,5.017754773445426508e+02,-1.386098054070050933e+00
8.879999999999988347e+00,1.202115529961255369e+00,2.066441247452770469e-01,-2.552285459429497223e+02,-2.470059911498016625e+00
8.884999999999989129e+00,1.203266731951475599e+00,1.712410529450289765e-01,4.467277863378893699e+01,-2.017347242594770496e+00
8.889999999999989910e+00,1.204343446735128165e+00,8.768793791772148960e-02,-1.913678594477528350e+02,-2.339643803271771461e+00
8.894999999999990692e+00,1.206260504256027044e+00,5.065608496589436571e-01,3.472963832168506997e+02,-2.015455619613046867e+00
8.899999999999991473e+00,1.208039827186656145e+00,2.593348128667967156e-01,-1.430627138698107501e+02,-2.587134787185932705e+00
8.904999999999992255e+00,1.210477788665812016e+00,4.753356394158446130e-01,-1.172931170043824665e+02,-2.834032814090580388e+00
8.909999999999993037e+00,1.212824307132861712e+00,5.836253751958926372e-01,2.244076330390462886e+02,-3.065274486842370916e+00
8.914999999999993818e+00,1.214992044471759902e+00,3.500085487410797280e-01,-8.637776129207605891e+01,-3.624908309637916215e+00
8.919999999999994600e+00,1.217325737447526812e+00,4.380382165469439704e-01,-8.322917480193640927e+01,-3.112987481588588512e+00
8.924999999999995381e+00,1.219389130480691863e+00,4.639424651640213226e-01,1.274355490254559271e+02,-3.344898698433343753e+00
8.929999999999996163e+00,1.221201549187022506e+00,2.997359074361007902e-01,-6.576975611770323837e+01,-3.264126331794009239e+00
8.934999999999996945e+00,1.222991693817297554e+00,3.650196306589342798e-01,4.122151889623263799e+01,-2.839325160559957428e+00
8.939999999999997726e+00,1.224556744726782886e+00,2.627782134640048728e-01,-9.679303047600281218e+01,-2.923833652262854965e+00
8.944999999999998508e+00,1.226077790327464445e+00,3.251852044702613354e-01,6.329589937302272062e+01,-2.615876859214502748e+00
8.949999999999999289e+00,1.228263432445605430e+00,2.980878726299328041e-01,-1.385980567699570543e+02,-2.642024970928189109e+00
8.955000000000000071e+00,1.230028974428006183e+00,4.733639263736058589e-01,2.244586586241813109e+02,-2.393191459708856161e+00
8.960000000000000853e+00,1.231707125729798902e+00,3.048407941450873571e-01,5.654003101883689908e+01,-2.459937351831560370e+00
8.965000000000001634e+00,1.233361312542272659e+00,3.211672465516042796e-01,3.463996728411494530e+01,-2.696722892863981258e+00
8.970000000000002416e+00,1.234928177704287755e+00,2.692704504437122282e-01,-7.837899439414232461e+01,-2.912683422871135352e+00
8.975000000000003197e+00,1.236334239645864530e+00,2.012438412777023400e-01,-1.179077282985081752e+02,-3.044681756580924770e+00
8.980000000000003979e+00,1.237700228452265572e+00,2.880529856386961907e-01,8.295996192695337612e+00,-3.086574034566722080e+00
8.985000000000004761e+00,1.239007668208485180e+00,2.755177083980673292e-01,2.306764524166797514e+01,-3.093972333876615188e+00
8.990000000000005542e+00,1.240156509776744853e+00,2.417330193633597246e-01,4.185393822007197429e+01,-3.236271631592367193e+00
8.995000000000006324e+00,1.241121836128340705e+00,1.886876719345191855e-01,4.061791728289340853e+01,-3.274977732001797648e+00
9.000000000000007105e+00,1.241926191782578570e+00,1.130346297520760379e-01,-6.288276958506772019e+01,-3.362434728181979970e+00
9.005000000000007887e+00,1.242641644882538365e+00,1.548775392783552363e-01,3.323563866596751382e+01,-3.407360544937439784e+00
9.010000000000008669e+00,1.243272350423572314e+00,1.363804462496527869e-01,4.160573776741708940e+01,-3.230419259629127904e+00
9.015000000000009450e+00,1.243864242323338809e+00,6.551456848674670763e-02,-9.124162367788879635e+01,-3.469302934753312861e+00
9.020000000000010232e+00,1.247842982818655022e+00,1.281626825956569515e+00,1.350061013436504709e+02,-4.118107634090178770e+00
9.025000000000011013e+00,1.254054743847887066e+00,1.038249834650084802e+00,-1.334014558895302685e+02,-3.693379099055502657e+00
9.030000000000011795e+00,1.256605623468493915e+00,2.344848657882541917e-02,-3.257034875300672638e+02,-3.279809484978613021e+00
9.035000000000012577e+00,1.253302336554994900e+00,-1.121205031923762752e+00,-1.993099366983229856e+02,-2.563583617131328207e+00
9.040000000000013358e+00,1.243649682455128413e+00,-2.411662005306867140e+00,-2.353702515717817505e+02,-1.707219367261565424e+00
9.045000000000014140e+00,1.228160237918769271e+00,-3.529733249165825093e+00,-1.757515835521892029e+02,-1.180570884704106760e+00
9.050000000000014921e+00,1.207410159391564264e+00,-4.533876555491081817e+00,-2.430760064651337018e+02,-2.927155216087902190e-01
9.055000000000015703e+00,1.182385113778894103e+00,-5.271902715081591140e+00,-9.774427752878072795e+01,1.880825176134415244e-02
9.060000000000016485e+00,1.154181274571667304e+00,-5.840449971618806302e+00,-1.153149576419991149e+02,7.989398817247321816e-01
9.065000000000017266e+00,1.123862122032131206e+00,-6.176263405501657644e+00,-1.459349301679067246e+01,9.743121259951657009e-01
9.070000000000018048e+00,1.092358692032712408e+00,-6.293015286975617961e+00,3.213458307415173465e+01,1.559831790091484649e+00
9.075000000000018829e+00,1.060637351284249963e+00,-6.276221798835750931e+00,1.069004198193731838e+02,2.068017120555873500e+00
9.080000000000019611e+00,1.029362612407267452e+00,-6.191410480742042033e+00,4.962741672057202180e+00,1.959817433349568816e+00
9.085000000000020393e+00,9.982584972009957980e-01,-6.123135681751096016e+00,8.330965787576342052e+01,2.239870007260619467e+00
9.090000000000021174e+00,9.671893332815219013e-01,-6.099958739853072132e+00,1.098577523290066722e+02,3.446014129232652490e+00
9.095000000000021956e+00,9.378500064921899693e-01,-5.630518105369576531e+00,1.261023204157451119e+02,4.303283486164025007e+00
9.100000000000022737e+00,9.124064541384550031e-01,-4.716747348540815565e+00,1.667346824642887952e+02,4.797242274786205130e+00
9.105000000000023519e+00,8.932119125625275213e-01,-2.280455052999816434e+00,1.638832225807338773e+03,4.443524954705278418e+00
9.110000000000024301e+00,8.988857768063709397e-01,1.664932521090384476e+00,-1.059252737641761996e+03,3.924105060071838569e+00
9.115000000000025082e+00,9.117269430165908517e-01,1.525968045645819560e+00,-1.005380844922947745e+03,4.207566888067072242e+00
9.120000000000025864e+00,9.232806019208065207e-01,1.249746589742387615e+00,-1.013025779996495885e+03,3.959514632837175530e+00
9.125000000000026645e+00,9.339740329538724906e-01,1.107051309763906755e+00,-9.898985961672167377e+02,3.985522484169370827e+00
9.130000000000027427e+00,9.435500171700681449e-01,9.127939671699973889e-01,-9.822599813243384688e+02,3.524780785256292681e+00
9.135000000000028209e+00,9.520390855526510432e-01,7.296101892864045313e-01,-9.347939649472925794e+02,3.837439704418204034e+00
9.140000000000028990e+00,9.602024248489472447e-01,6.850347772008129610e-01,-9.544590089037130838e+02,3.576209454174963831e+00
9.145000000000029772e+00,9.673737118840785021e-01,9.768501861383659390e-01,-6.469976518781751338e+02,3.685166689037194576e+00
9.150000000000030553e+00,9.740280842039396036e-01,9.788677530890836920e-01,-8.839863529423408863e+02,3.360590303723635319e+00
9.155000000000031335e+00,9.814967745146475631e-01,1.243715497239972212e+00,-8.265289441161733066e+02,3.164714849609804759e+00
9.160000000000032117e+00,9.875599793292357820e-01,1.908089164643887781e+00,1.388051485595835402e+03,3.785540718058348464e+00
9.165000000000032898e+00,9.925248587429474911e-01,3.867459903676029875e-01,-7.421696057283701293e+02,3.026830003637368982e+00
9.170000000000033680e+00,9.987506342608587495e-01,1.097792626865636834e+00,-7.901636080155559512e+02,3.155706566770831500e+00
9.175000000000034461e+00,1.004636815838206854e+00,1.855215496608964010e+00,1.333751249573941323e+03,3.515093919378269316e+00
9.180000000000035243e+00,1.010059928959882392e+00,5.396664739518812759e-01,-7.053487178557678590e+02,2.731255620840484788e+00
9.185000000000036025e+00,1.017336094503267230e+00,1.348362690119313090e+00,-6.885341833407105696e+02,2.600672047197821968e+00
9.190000000000036806e+00,1.023309354627268686e+00,1.695074340956793213e+00,1.007716634622137121e+03,2.936648959335183218e+00
9.195000000000037588e+00,1.028591033706620639e+00,5.449199422762438516e-01,-6.616871990593657529e+02,2.039318762220415859e+00
9.200000000000038369e+00,1.035527802322254942e+00,1.294653324886293921e+00,-5.325937390599696073e+02,2.274785021689277542e+00
9.205000000000039151e+00,1.040264701572940709e+00,1.688611459720852581e+00,1.195990877625880103e+03,2.266114404827203277e+00
9.210000000000039933e+00,1.045679970891649990e+00,7.572779481785226752e-01,-4.660247136666449705e+02,1.551854538844650744e+00
9.215000000000040714e+00,1.051783983531073385e+00,1.056765660401627560e+00,-1.130954368536782511e+02,2.129897085626053510e+00
9.220000000000041496e+00,1.057793666712940173e+00,1.865221604465629346e+00,1.133703595623275760e+03,2.136439642611577039e+00
9.225000000000042277e+00,1.063784838625293938e+00,8.472840485472786787e-01,-4.010418061149313758e+02,1.013590377365793715e+00
9.230000000000043059e+00,1.071070764067586056e+00,1.492935444004675150e+00,-3.792693963042924565e+02,9.882355921031982238e-01
9.235000000000043840e+00,1.078310944387290027e+00,1.885440806689621773e+00,8.365222799672342262e+02,8.260970625960959435e-01
9.240000000000044622e+00,1.085173085688226680e+00,1.104537285137799474e+00,-3.202347386378372676e+02,-1.887332383167618088e-01
9.245000000000045404e+00,1.093297144768883289e+00,1.564886830052292455e+00,-3.994044969762299502e+02,-1.233284582110727445e-01
9.250000000000046185e+00,1.100512173386159809e+00,1.773554319583301897e+00,7.078189184432750380e+02,-1.672684929324228520e-01
9.255000000000046967e+00,1.107511989683100495e+00,1.163702500947149110e+00,-2.922873168911173138e+02,-5.954105685684728533e-01
9.260000000000047748e+00,1.114782284402032975e+00,1.387833201886348844e+00,-2.685243025206140146e+02,-6.360338867147375952e-01
9.265000000000048530e+00,1.121419881776630323e+00,1.464616653664073898e+00,2.876637653838608344e+02,-6.863584711852048770e-01
9.270000000000049312e+00,1.127755838515059450e+00,1.309447387144987873e+00,1.703954143077796743e+02,-1.277760804558674579e+00
9.275000000000050093e+00,1.133487520403147153e+00,1.045590459410820738e+00,-7.390018210549621358e+01,-1.328090756533483852e+00
9.280000000000050875e+00,1.139762729715751766e+00,1.355178866693335316e+00,7.855238706805469917e+01,-1.717552381285934571e+00
9.285000000000051656e+00,1.145032258940559045e+00,1.256045216089778371e+00,9.390052954920298589e+01,-1.990298560200878253e+00
9.290000000000052438e+00,1.149992430456074688e+00,1.038276173173386274e+00,4.425434361191816635e+01,-2.380374719871158007e+00
9.295000000000053220e+00,1.155154483664202703e+00,1.011633999616525781e+00,1.171743984418962015e+02,-2.498769167074172515e+00
9.300000000000054001e+00,1.160190912160212084e+00,7.841998841828889955e-01,1.319416381287729223e+02,-2.520718347129191628e+00
9.305000000000054783e+00,1.165005868710958348e+00,5.123819208986889473e-01,-7.618452760600255260e+02,-3.131187442327514781e+00
9.310000000000055564e+00,1.169433456350359002e+00,1.103951794965315036e+00,1.029061206812532987e+02,-3.170911653835156940e+00
9.315000000000056346e+00,1.174293798029418356e+00,1.070486732196233914e+00,2.950244577120517420e+01,-3.299829246001106053e+00
9.320000000000057128e+00,1.177888870321486259e+00,8.579267399497130242e-01,6.756715535394296523e+01,-3.542429531071186410e+00
9.325000000000057909e+00,1.181970471985501980e+00,5.920832433411973295e-01,6.896264281757288472e+01,-3.230728035096579909e+00
9.330000000000058691e+00,1.185987255548616837e+00,9.318719616427134644e-01,5.761655126319437414e+01,-3.789877275370986176e+00
9.335000000000059472e+00,1.189678069781796355e+00,7.355604894115438386e-01,6.149369718451350764e+01,-3.544878274005475838e+00
9.340000000000060254e+00,1.194129465586847072e+00,9.666222310452833311e-01,2.550269814933101031e+01,-4.242767034999396891e+00
9.345000000000061036e+00,1.197290960376485414e+00,6.501873533891329160e-01,-5.950788114267482598e+01,-3.887830388352363720e+00
9.350000000000061817e+00,1.201036161001522773e+00,8.172843956016399014e-01,5.828446377785498100e+01,-4.474744822450306359e+00
9.355000000000062599e+00,1.205245091765581256e+00,8.664924434679205367e-01,-6.240475732290622801e+00,-4.445520240075945928e+00
9.360000000000063380e+00,1.209001978080211037e+00,7.258397926469322137e-01,-2.106498596595924155e+01,-4.872926895502183164e+00
9.365000000000064162e+00,1.212634483827809584e+00,6.929928703949019830e-01,-4.999783537197109240e+01,-4.603489740429210109e+00
9.370000000000064944e+00,1.215836707578519915e+00,6.053819717153359203e-01,8.572249851456646752e+00,-5.269518612182431561e+00
9.375000000000065725e+00,1.218542204536932516e+00,5.040661638759142971e-01,6.435380127961221497e+00,-4.891536753105353519e+00
9.380000000000066507e+00,1.222904950201369578e+00,8.932761204215853290e-01,-1.001958755115648927e+02,-4.805953784049100896e+00
9.385000000000067288e+00,1.226130264086612964e+00,3.149621960687035149e-01,-2.053633811708755843e+02,-4.604995825956979871e+00
9.390000000000068070e+00,1.224695122143353965e+00,-7.447816773128566048e-01,-2.426030996486231004e+02,-3.324249980526283288e+00
9.395000000000068852e+00,1.217667704790272198e+00,-1.830757106354093056e+00,-2.056255820069931985e+02,-2.443038728524472791e+00
9.400000000000069633e+00,1.205438291996924649e+00,-2.807353221636854634e+00,-1.810498288063545260e+02,-1.313228579356578551e+00
9.405000000000070415e+00,1.188650581648549753e+00,-3.685401673507206155e+00,-1.289515473777824468e+02,-1.299733292855722588e+00
9.410000000000071196e+00,1.166895202922394903e+00,-4.643741151432928760e+00,-1.107302980169265396e+02,-2.827449297566992925e-01
9.415000000000071978e+00,1.140637792039568943e+00,-5.450745227632361356e+00,-2.401049798983207140e+01,9.646810631028204241e-01
9.420000000000072760e+00,1.110892363539070837e+00,-6.105974127892159764e+00,3.974201982434301339e+00,1.489738384130391058e+00
9.425000000000073541e+00,1.112457113921581087e+00,1.448675207479383609e+00,4.852791568336773480e+02,-1.165907567595793504e+00
9.430000000000074323e+00,1.120091567765277185e+00,1.506893657359628325e+00,-6.365095311740486750e+02,-1.412955715340342033e+00
9.435000000000075104e+00,1.128357892695611486e+00,1.599908680745040002e+00,-5.054558637024282461e+02,-4.161715313999641008e-01
9.440000000000075886e+00,1.136374168850595723e+00,2.184466461804720261e+00,1.234567863976505350e+03,4.782033136308900811e-01
9.445000000000076668e+00,1.143677439383854244e+00,1.755286702329798887e+00,5.154662108147838353e+02,2.670785318862001212e-03
9.450000000000077449e+00,1.149334354106473777e+00,3.955266977358800062e-01,-8.354114885143545735e+02,-1.254246085321343296e-01
9.455000000000078231e+00,1.156173138719885696e+00,1.221558224343408883e+00,-7.600458446741431544e+02,1.758752577418489782e-01
9.460000000000079012e+00,1.160905779093489798e+00,3.740567327886575866e-01,-2.713361884745140173e+02,1.382697304667899751e-01
9.465000000000079794e+00,1.165076209511262340e+00,3.516004447660512899e-01,-6.438042398002139635e+02,1.963957163270980133e-01
9.470000000000080576e+00,1.169450922953106042e+00,1.222488984543164126e+00,1.263303472742113627e+03,6.992150129491270238e-01
9.475000000000081357e+00,1.172776756957323308e+00,3.191593241915562928e-01,-4.292734656992186615e+02,-4.717419517019381114e-01
9.480000000000082139e+00,1.175321353628057786e+00,1.150229055266699163e+00,1.126202181957241010e+03,2.333591237027009824e-01
9.485000000000082920e+00,1.177489762392586847e+00,4.267225163669778332e-01,-3.753995113831144295e+02,-8.839455080926037489e-01
9.490000000000083702e+00,1.179223218614971147e+00,-1.141767000984723890e-01,-3.097758967663396561e+02,-3.515439878315839151e-01
9.495000000000084484e+00,1.182400030670253344e+00,6.976093904761327957e-01,-3.172499419676203729e+02,-2.711864377739549026e-01
9.500000000000085265e+00,1.184387199947240399e+00,1.976565798963993426e-01,-3.243541908061649224e+02,-9.154688634998191521e-01
9.505000000000086047e+00,1.186340371508807667e+00,8.857045152808999955e-01,8.536920551674186299e+02,-4.561686579480457304e-01
9.510000000000086828e+00,1.188182890899790234e+00,3.416581098021533314e-01,-3.724830340156854049e+02,-1.666824170103414104e+00
9.515000000000087610e+00,1.188750553235165652e+00,-9.860338696726907159e-02,-3.378774288241733075e+02,-1.425149322108805183e+00
9.520000000000088392e+00,1.190491214954684240e+00,6.334663542868997910e-01,7.399667664236957307e+02,-8.048497961975589199e-01
9.525000000000089173e+00,1.191505161436637428e+00,2.271584342321632810e-01,-1.995780318698558347e+02,-1.626725938306203378e+00
9.530000000000089955e+00,1.192778838917236017e+00,2.227873703716259646e-01,6.379106128888237492e+01,-1.194811322986605751e+00
9.535000000000090736e+00,1.194583224259614829e+00,2.983181986165902577e-01,-1.660731891919062093e+02,-1.464841010779823538e+00
9.540000000000091518e+00,1.196730637955284227e+00,7.801958061541418576e-01,5.306971405703482105e+02,-1.338913705543554933e+00
9.545000000000092300e+00,1.199065354622143031e+00,5.155354880743310275e-01,-1.353142306160140151e+02,-2.548774912121555936e+00
9.550000000000093081e+00,1.201679396435670233e+00,5.869609869048881823e-01,1.549343159027033607e+02,-2.317998869737469825e+00
9.555000000000093863e+00,1.204213639570067995e+00,4.994276678901302113e-01,-2.642438469116460453e+01,-2.862975235599963586e+00
9.560000000000094644e+00,1.207090941024380859e+00,6.298456534518158678e-01,-1.084812952684707597e+02,-2.880531740755348569e+00
9.565000000000095426e+00,1.210220493605810077e+00,7.039598998894817106e-01,1.831470571059165309e+02,-3.057294969862754286e+00
9.570000000000096207e+00,1.212964300434209441e+00,4.662513329794099604e-01,-8.565212634083529508e+01,-3.665049984995125243e+00
9.575000000000096989e+00,1.215861323636620916e+00,5.427005578262169561e-01,-9.364852176304569298e+01,-3.001421926281314434e+00
9.580000000000097771e+00,1.218397645808256380e+00,5.520590213131848500e-01,1.254807395780168662e+02,-3.231649832391896737e+00
9.585000000000098552e+00,1.220700231272149772e+00,4.280440563823630917e-01,-3.713920873679754209e+01,-3.085596653737760153e+00
9.590000000000099334e+00,1.222885342539349773e+00,4.288459569200940846e-01,1.657173519347276880e+01,-2.839888377296675426e+00
9.595000000000100115e+00,1.224907434398125439e+00,4.183541940639078915e-01,4.942183646381558937e+00,-2.717110339850455691e+00
9.600000000000100897e+00,1.227427728442249899e+00,4.333072159376190613e-01,2.571920695608460861e+01,-2.637123153246811125e+00
9.605000000000101679e+00,1.229474175873106923e+00,5.527294915371760986e-01,2.022775481961661512e+02,-2.593587347095327456e+00
9.610000000000102460e+00,1.231332500345630354e+00,3.828215671137010778e-01,5.154337453187969231e+01,-2.560876368263722558e+00
9.615000000000103242e+00,1.233201294327586739e+00,3.815138075528746175e-01,2.455648706932530345e+01,-2.736132757851420294e+00
9.620000000000104023e+00,1.234925990807378415e+00,3.367000045552788201e-01,4.765327990531347524e+01,-2.871937994541073014e+00
9.625000000000104805e+00,1.236551345241383437e+00,2.778832491819933082e-01,-8.697836195803110115e+01,-3.038741331157810865e+00
9.630000000000105587e+00,1.237975680501723907e+00,2.254698555382158298e-01,-8.630802811325825985e+01,-3.048288566514554265e+00
9.635000000000106368e+00,1.239260124617228120e+00,2.804774092542918207e-01,3.259768175981454874e+01,-3.130943152975104393e+00
9.640000000000107150e+00,1.240372759797189195e+00,2.435060113988305186e-01,4.497073130499654070e+01,-3.123269207459714814e+00
9.645000000000107931e+00,1.241202895559447628e+00,1.554989902034634164e-01,5.178665362677817541e+01,-3.231623592925930488e+00
9.650000000000108713e+00,1.241765664073091857e+00,5.475373075340074502e-02,-9.485877459098799136e+01,-3.313510650127120982e+00
9.655000000000109495e+00,1.242217370682523914e+00,1.173244487127360625e-01,4.072077445167170850e+01,-3.258019309644121897e+00
9.660000000000110276e+00,1.242530565327150116e+00,7.432951449523106380e-02,5.025604292535356166e+01,-3.149127704797936911e+00
9.665000000000111058e+00,1.242745559328834126e+00,-2.095957597970660689e-03,-6.675095227724119695e+01,-3.313975476460951253e+00
9.670000000000111839e+00,1.242919879570984376e+00,5.034111778572687018e-02,1.591228647455311851e+01,-3.420757301583040810e+00
9.675000000000112621e+00,1.243007808359192223e+00,2.242160717025168740e-02,3.474944371350662209e+01,-3.222002564124868851e+00
9.680000000000113403e+00,1.247459994946681805e+00,1.094344355745774156e+00,-6.491999900661703293e+01,-4.119225428311446002e+00
9.685000000000114184e+00,1.252681136817590524e+00,8.358999053841644766e-01,-1.406592199254716036e+02,-3.845950202217489178e+00
9.690000000000114966e+00,1.253350850100918290e+00,-3.369882983654213793e-01,-2.116005294494917734e+02,-2.956514600419718697e+00
9.695000000000115747e+00,1.247954903635661417e+00,-1.574294662981995829e+00,-2.208063325469794620e+02,-2.411319114488033044e+00
9.700000000000116529e+00,1.236196720422183981e+00,-2.833460708124720728e+00,-2.355447982967325800e+02,-1.450746068896878516e+00
9.705000000000117311e+00,1.218796908737106222e+00,-3.890698101233602824e+00,-1.996162828953707731e+02,-1.020237948771586023e+00
9.710000000000118092e+00,1.196548979407521474e+00,-4.779703382074796281e+00,-1.817524504297270198e+02,-1.438744485182632538e-01
9.715000000000118874e+00,1.170682722038016044e+00,-5.387002527869758417e+00,-7.698864986400076305e+01,2.665244019148556021e-01
9.720000000000119655e+00,1.142356936498267528e+00,-5.837336151692432473e+00,-1.075166452578963145e+02,1.031836010015089400e+00
9.725000000000120437e+00,1.112667361967357715e+00,-5.957041088830697717e+00,1.879601255775596869e+01,1.370813588361791791e+00
9.730000000000121219e+00,1.081885099698249419e+00,-6.219197975166199654e+00,-2.428435051830017954e+01,1.790098943604114368e+00
9.735000000000122000e+00,1.050172077617538058e+00,-6.329293433124702162e+00,4.191920946219315880e+01,2.233946517439340251e+00
9.740000000000122782e+00,1.018104440292511903e+00,-6.406493725428239472e+00,-5.853102835214593114e+01,2.872023381848900936e+00
9.745000000000123563e+00,9.874625600229069988e-01,-5.833948210035257098e+00,2.134052334863936551e+02,4.171191454987642544e+00
9.750000000000124345e+00,9.608146396156471702e-01,-4.887614326019536826e+00,2.642656281325553778e+02,4.855916125271598105e+00
9.755000000000125127e+00,9.647685863717208044e-01,2.219543816140939096e+00,4.649745902670010622e+01,8.758623241395471215e-01
9.760000000000125908e+00,9.753974680024354305e-01,2.531490501329116238e+00,8.556543946779402177e+02,2.133606349586853579e+00
9.765000000000126690e+00,9.858709378132798351e-01,2.645140157510208478e+00,1.504105900852329569e+03,3.053626928935238460e+00
9.770000000000127471e+00,9.956552689923625632e-01,2.444137909505159634e+00,1.318946911846743660e+03,2.613996163093356806e+00
9.775000000000128253e+00,1.003580125924047994e+00,2.333139944179949854e+00,1.351554570742327087e+03,2.421248317134331529e+00
9.780000000000129035e+00,1.011355883695935765e+00,2.360129407951556679e+00,1.218862573645137900e+03,2.152247456089704247e+00
9.785000000000129816e+00,1.017549325224702983e+00,4.401474964139290846e-01,-8.125919161690403598e+02,1.721170698645564823e+00
9.790000000000130598e+00,1.024002135599252572e+00,1.098687558944209997e+00,-7.502396046819031881e+02,2.297224575328490559e+00
9.795000000000131379e+00,1.029246428008432357e+00,1.613969092648834591e+00,1.233812161521227154e+03,2.771781556852824568e+00
9.800000000000132161e+00,1.034374625122887581e+00,1.884178738081864424e+00,1.341598076835022084e+03,2.329721375053649179e+00
9.805000000000132943e+00,1.039428237463547955e+00,4.347292231651149197e-01,-6.779901639582877806e+02,1.695708215922847817e+00
9.810000000000133724e+00,1.045886118407365117e+00,1.180115431836167739e+00,-6.013844128522948722e+02,1.959465159640833676e+00
9.815000000000134506e+00,1.051658867490794069e+00,1.654045007887109620e+00,1.039807667777742381e+03,2.178850600929360226e+00
9.820000000000135287e+00,1.056391459637176844e+00,4.177258796317543932e-01,-6.790402342922310481e+02,1.434883504982178870e+00
9.825000000000136069e+00,1.062496196142648452e+00,1.083510252516469263e+00,-5.547684372428579991e+02,1.752834455418382120e+00
9.830000000000136851e+00,1.066267610728086179e+00,1.523313030197807949e+00,1.219285586927800296e+03,1.839814871394355178e+00
9.835000000000137632e+00,1.070829579690543820e+00,5.809268379706939989e-01,-4.383385816180652910e+02,1.283436139950752786e+00
9.840000000000138414e+00,1.074981880619808816e+00,9.204472712296667414e-01,-4.082813485571901992e+02,1.445806175764077661e+00
9.845000000000139195e+00,1.080023359718199183e+00,1.405825666401186780e+00,7.734491325435458293e+02,1.577451907298383027e+00
9.850000000000139977e+00,1.084505143431850449e+00,5.106074022622134612e-01,-4.888805392790903852e+02,8.411739980718739851e-01
9.855000000000140759e+00,1.090339969090053263e+00,1.110251128730967984e+00,-4.431852594777840864e+02,8.795538759096458437e-01
9.860000000000141540e+00,1.095634583568357190e+00,1.491506453129164855e+00,8.349031663354369357e+02,6.543443870897862613e-01
9.865000000000142322e+00,1.101125664659172720e+00,8.260673570769792029e-01,-3.995663391784066221e+02,-1.014066285907527787e-01
9.870000000000143103e+00,1.107865476200865951e+00,1.258514622812174855e+00,-3.727816813096810051e+02,-2.381507066114149085e-01
9.875000000000143885e+00,1.114205821908882399e+00,1.658048893985677452e+00,7.440850459270086503e+02,-1.798040157892108470e-01
9.880000000000144667e+00,1.120351361682075053e+00,9.603532445836796549e-01,-3.085055948055061776e+02,-9.866436866183082577e-01
9.885000000000145448e+00,1.127209964116266061e+00,1.319699749868764815e+00,-3.173745811557073466e+02,-7.457338587443256284e-01
9.890000000000146230e+00,1.133227294460583678e+00,1.456355845392132142e+00,5.564100524911050343e+02,-7.981588011958727913e-01
9.895000000000147011e+00,1.138905682977126244e+00,9.346525903433338112e-01,-2.011088503900686248e+02,-1.088744002182528536e+00
9.900000000000147793e+00,1.144452723824074702e+00,1.115552204678847303e+00,8.399271581595894531e+01,-1.062531594858160844e+00
9.905000000000148574e+00,1.149678667581204738e+00,9.890039754351191981e-01,-1.607642224238351787e+02,-1.409006525424012501e+00
9.910000000000149356e+00,1.154683811797272419e+00,1.019436596153656893e+00,4.571035907081952132e+01,-1.536913874244378420e+00
9.915000000000150138e+00,1.160019082395242540e+00,1.013621607958406168e+00,-5.069919418284946033e+01,-1.802758539416553507e+00
9.920000000000150919e+00,1.164618153735563544e+00,9.079723876116013725e-01,-6.866085246374133533e+01,-2.127929639060551992e+00
9.925000000000151701e+00,1.169436334892492102e+00,1.003656966701054198e+00,1.512745274457181779e+02,-2.322977264646499229e+00
9.930000000000152482e+00,1.174372375684883174e+00,1.004007367197723211e+00,1.426734742148468911e+02,-2.444949406079221621e+00
9.935000000000153264e+00,1.178592859515393387e+00,7.073666275865470032e-01,1.427983985457050053e+01,-2.775276958252910209e+00
9.940000000000154046e+00,1.183267185648374964e+00,9.549375198040925827e-01,-7.122090389766358953e+01,-3.219325806229333065e+00
9.945000000000154827e+00,1.187306313639644895e+00,4.829110231450302049e-01,-4.390636945008233170e+02,-3.245855357178686340e+00
9.950000000000155609e+00,1.190587797457857588e+00,7.457530499357097886e-01,-2.401627107731960198e+00,-3.233649543054084585e+00
9.955000000000156390e+00,1.194037537442097952e+00,4.689208152151130293e-01,9.807769607349317198e+01,-3.510004764586490023e+00
9.960000000000157172e+00,1.197005744359728396e+00,6.618878078470238346e-01,4.279678160125719999e-01,-3.490471476722910360e+00
9.965000000000157954e+00,1.200944290597129704e+00,8.089494469355683615e-01,-1.086686272180813084e+01,-3.991961298241044176e+00
9.970000000000158735e+00,1.204480210132145235e+00,7.578089222901558397e-01,-1.131980994019798104e+01,-3.887475412820460274e+00
9.975000000000159517e+00,1.208064222358465001e+00,6.743832237586115941e-01,5.523166466353607085e+00,-4.272156235074588970e+00
9.980000000000160298e+00,1.211730140607213624e+00,7.379692810017488558e-01,-5.567246482280629039e+01,-4.074493332838857285e+00
9.985000000000161080e+00,1.215141386824631686e+00,6.877332748596486356e-01,3.722972495794520853e+01,-4.548785994716926240e+00
9.990000000000161862e+00,1.218509179254549268e+00,6.592796511868225240e-01,-2.501385520616535274e+01,-4.460139682048809284e+00
9.995000000000162643e+00,1.221687839597561664e+00,5.849724047083156853e-01,-2.355397640963387573e+01,-4.958066988545906106e+00
1.000000000000016342e+01,1.224524241472831676e+00,5.793439421447643678e-01,1.868446811788039597e+01,-4.623763040604162988e+00
