5.000000000000000104e-03,8.138536679462432533e-02,2.050399874316666171e+01,8.665083462189264765e+02,4.963626262383209919e+00
1.000000000000000021e-02,1.982565274599064065e-01,2.286325737067640773e+01,-6.647218628285525028e+02,-5.249867870517373802e+00
1.499999999999999944e-02,3.001105137143828538e-01,1.863516087929941634e+01,-8.654169003487476175e+02,-3.372770030620365844e+00
2.000000000000000042e-02,3.730166109265557473e-01,1.252225412854977016e+01,-8.917741970814862498e+02,-3.105110424514440304e+00
2.500000000000000139e-02,4.159280711391991625e-01,6.692562913823445925e+00,-7.776663310704245760e+02,-8.567057924387686541e-01
3.000000000000000236e-02,4.338963611303324197e-01,2.145161702916898783e+00,-5.764722148506817803e+02,1.386009281539192006e+00
3.500000000000000333e-02,4.416435842470635142e-01,1.328876516433589838e+00,-6.628583404649320698e+01,3.919320728278452570e+00
4.000000000000000083e-02,4.486388275081218402e-01,1.490095945343392847e+00,5.635517159924921060e+01,3.296237802422139040e+00
4.499999999999999833e-02,4.562099716658558624e-01,1.573305529199376496e+00,4.015814547448945859e+01,2.662719272745038612e+00
4.999999999999999584e-02,4.647740570878015065e-01,1.826832804461293591e+00,6.193163086765238745e+01,2.475506245535991301e+00
5.499999999999999334e-02,4.749886939060804503e-01,2.189327519285757973e+00,7.324921688739620151e+01,2.199989717114990029e+00
5.999999999999999084e-02,4.870397745491296670e-01,2.550590664142132979e+00,6.784849478250082200e+01,1.825211474305899140e+00
6.499999999999998834e-02,5.007037111114273076e-01,2.845092885324278509e+00,5.326511514792690605e+01,1.428763073379088810e+00
6.999999999999999278e-02,5.155651611725959871e-01,3.049498863494242595e+00,3.617867768533781714e+01,1.062730642202348585e+00
7.499999999999999722e-02,5.312052846694765851e-01,3.174911486436115204e+00,2.161746854841081245e+01,7.566332646713693766e-01
8.000000000000000167e-02,5.472923323154614828e-01,3.241562533012785963e+00,1.062252352644008901e+01,5.031670915876158556e-01
8.500000000000000611e-02,5.635824710862551434e-01,3.265251865352230887e+00,2.300992848027617832e+00,2.854014018507669004e-01
9.000000000000001055e-02,5.798981015529146577e-01,3.257601082363135614e+00,-4.135978741915097068e+00,9.065026744806203851e-02
9.500000000000001499e-02,5.961015894349097621e-01,3.224574519245364534e+00,-9.598115475567455590e+00,-8.954422526856009590e-02
1.000000000000000194e-01,6.120736774907764577e-01,3.168641327895154181e+00,-1.460389358733510257e+01,-2.581061365140526753e-01
1.050000000000000239e-01,6.277021300186697017e-01,3.090693765573101270e+00,-1.935786617956862798e+01,-4.154349025061796485e-01
1.100000000000000283e-01,6.428821573722885985e-01,2.992557154442668121e+00,-2.370850374198585442e+01,-5.592778816075225645e-01
1.150000000000000328e-01,6.575186978031414275e-01,2.876261956710409962e+00,-2.761296364862690922e+01,-6.888599052661406041e-01
1.200000000000000372e-01,6.715272954782275372e-01,2.743964895122844361e+00,-3.106040702472902382e+01,-8.054790921322678710e-01
1.250000000000000278e-01,6.848351959277459988e-01,2.598098127730695150e+00,-3.401320579317916071e+01,-9.088778598584674739e-01
1.300000000000000322e-01,6.973794518039764245e-01,2.440383602947512998e+00,-3.657289032020439379e+01,-1.000535425309116322e+00
1.350000000000000366e-01,7.091085540256761854e-01,2.273399338828675731e+00,-3.861710216917850147e+01,-1.078925373916677533e+00
1.400000000000000411e-01,7.199846540550995933e-01,2.099944850768241444e+00,-4.012140190012453189e+01,-1.143097596831660345e+00
1.450000000000000455e-01,7.299785424326931116e-01,1.921221595820664430e+00,-4.130159355914893382e+01,-1.194290953311995418e+00
1.500000000000000500e-01,7.390541959394604232e-01,1.734664015487825672e+00,-4.263201710206916317e+01,-1.236194434587198909e+00
1.550000000000000544e-01,7.474230469360113593e-01,1.553586484368624232e+00,-8.127390475235044676e+01,-1.296166413389788552e+00
1.600000000000000588e-01,7.535622337079266320e-01,1.072570338597535589e+00,-6.846608020391956018e+01,8.315313055495098249e-01
1.650000000000000633e-01,7.585120598516496004e-01,9.667855577202727480e-01,1.520651012483318176e+01,1.504180563814904836e+00
1.700000000000000677e-01,7.637012695591208766e-01,1.094158831703389234e+00,7.845663755390209992e+00,2.057459287495383649e+00
1.750000000000000722e-01,7.738763784596204287e-01,3.532253790807491800e+00,2.686331750255050679e+02,7.599562632345409074e-01
1.800000000000000766e-01,8.139270975734620439e-01,9.630647838832175012e+00,1.896812006990792270e+03,-7.565743160940950673e+00
1.850000000000000810e-01,8.550671458313304774e-01,7.267144536131728394e+00,-2.037678945112706742e+03,-1.243024965705467721e+01
1.900000000000000855e-01,8.926340133671268884e-01,5.701602463185207803e+00,-1.364679668143739036e+03,-1.021551441071050448e+01
1.950000000000000899e-01,9.262938663528598182e-01,7.651316831161579124e+00,2.018459552458895587e+03,-8.952602076836408074e+00
2.000000000000000944e-01,9.582229669307589237e-01,5.501943753496253642e+00,-2.023665865856096389e+03,-1.229125494677314556e+01
2.050000000000000988e-01,9.911075015590194992e-01,7.219508252259380754e+00,1.783900151958553124e+03,-9.637374628217417083e+00
2.100000000000001033e-01,1.020485177721846881e+00,4.921989652370289292e+00,-2.065606665146498926e+03,-1.332074685101812328e+01
2.150000000000001077e-01,1.050454866602098081e+00,6.639899530441583764e+00,1.758882341607767785e+03,-9.806134827787083452e+00
2.200000000000001121e-01,1.077057747256807696e+00,4.377211270718403213e+00,-2.090443993063995094e+03,-1.371177233232821457e+01
2.250000000000001166e-01,1.104572724983028609e+00,6.155216493932983646e+00,1.742680871539357440e+03,-9.910953056886832258e+00
2.300000000000001210e-01,1.128802309186457631e+00,3.899755881551174141e+00,-2.116392371314433603e+03,-1.407082390416455020e+01
2.350000000000001255e-01,1.154139588914036008e+00,5.676963651549833401e+00,1.647242389420227255e+03,-9.752390112421295498e+00
2.400000000000001299e-01,1.176532061240565863e+00,3.577985303909215986e+00,-2.054945319854734862e+03,-1.397761970585715829e+01
2.450000000000001343e-01,1.200153295761525740e+00,5.344005366752508479e+00,1.641061443214196970e+03,-9.703430275802528371e+00
2.500000000000001110e-01,1.221113593057093327e+00,3.336187609483514560e+00,-1.767071020344299086e+03,-1.299715089582666927e+01
2.550000000000001155e-01,1.239557006985068321e+00,2.640281334678240999e+00,-1.176452617246245609e+03,-1.041118344856583988e+01
2.600000000000001199e-01,1.258294258368302110e+00,3.196824224464865694e+00,-1.449586111528521926e+01,-9.658769039154908143e+00
2.650000000000001243e-01,1.275099107560032197e+00,4.353530531039929485e+00,1.611370405762071869e+03,-1.124119948702165672e+01
2.700000000000001288e-01,1.290476272683330983e+00,4.161065986712026543e+00,1.912921736421366859e+03,-9.633647412727899706e+00
2.750000000000001332e-01,1.305653359862619656e+00,2.497583523992326526e+00,-1.627512952052305309e+03,-1.116105899378072586e+01
2.800000000000001377e-01,1.316555558013802418e+00,1.879170990615853576e+00,-1.492009714663148316e+03,-9.534022168053477131e+00
2.850000000000001421e-01,1.327247280671248753e+00,1.250517640008371956e+00,-1.219021782658318898e+03,-8.787823987002228776e+00
2.900000000000001465e-01,1.336683623584746128e+00,3.907112468782443226e-01,-1.267522803633249168e+03,-7.601989088239485604e+00
2.950000000000001510e-01,1.345187618382468697e+00,2.067393823856761514e+00,8.296062644109991879e+02,-5.270739093233904882e+00
3.000000000000001554e-01,1.352396897717631941e+00,9.008262123174949343e-01,-1.210835457400338782e+03,-8.042391110563430701e+00
3.050000000000001599e-01,1.357985293678545702e+00,3.319158606988863447e-01,-4.970815076668784513e+02,-6.650918420685283827e+00
3.100000000000001643e-01,1.362075506167113037e+00,1.283399003673597161e+00,1.019131719781271158e+03,-7.116690704589190730e+00
3.150000000000001688e-01,1.364597040868900324e+00,4.817379846941323429e-02,-9.983351751784031194e+02,-7.564290520310226640e+00
3.200000000000001732e-01,1.366283835666944446e+00,5.450013805222223562e-01,6.887436974240658856e+02,-6.274654298468855806e+00
3.250000000000001776e-01,1.365754512605412252e+00,-5.306638848669138486e-01,-7.762059949625029276e+02,-6.626486020896725115e+00
3.300000000000001821e-01,1.364257945962782381e+00,-1.304284133899222542e-01,5.211737106534691293e+02,-5.013867277456589555e+00
3.350000000000001865e-01,1.361607871143553083e+00,-7.261742188407369625e-01,-4.161381719669470272e+02,-5.137703411800253583e+00
3.400000000000001910e-01,1.358917175260165200e+00,-4.909674751038189955e-01,2.721772555041262649e+02,-4.601144693228087945e+00
3.450000000000001954e-01,1.355429424060431209e+00,-6.732850263276404235e-01,-1.134179570122146075e+01,-4.238043941961207928e+00
3.500000000000001998e-01,1.351268449758053825e+00,-9.114790603776782296e-01,6.760223810287533830e+00,-4.124726225157292703e+00
3.550000000000002043e-01,1.344625303653048443e+00,-1.603282336453392576e+00,-1.800472660783448191e+02,-3.325639725558016124e+00
3.600000000000002087e-01,1.334495597240821008e+00,-2.324582680921421396e+00,-1.171781069747825086e+02,-3.246668194191930201e+00
3.650000000000002132e-01,1.320080602993149554e+00,-3.267131288828319047e+00,-2.411387841404417713e+02,-2.888815240481090729e+00
3.700000000000002176e-01,1.301360843126578182e+00,-4.082987823978290187e+00,-1.365352820500571340e+02,-2.947494855446629813e+00
3.750000000000002220e-01,1.278377697463659368e+00,-4.961522248399438340e+00,-2.311936015930682800e+02,-2.615072188554864230e+00
3.800000000000002265e-01,1.251229663640246015e+00,-5.767001653218916779e+00,-1.343515453452363886e+02,-2.260201957880601409e+00
3.850000000000002309e-01,1.221355533564960849e+00,-5.099927950443505331e+00,1.306109081275475546e+03,-1.617903724783536834e+00
3.900000000000002354e-01,1.193351795282600714e+00,-5.834935126092726243e+00,-6.098766178483349165e+01,-1.836407787164787031e+00
3.950000000000002398e-01,1.163359542987744799e+00,-5.622086577357393367e+00,5.478678321089015526e+02,-1.242187546294202249e+00
4.000000000000002442e-01,1.134588063793388502e+00,-5.783799720702392122e+00,3.242941223465803091e+01,-1.287088787228398701e+00
4.050000000000002487e-01,1.105983338341586686e+00,-5.561559794223680520e+00,3.522131735059200519e+00,-1.069701925489673577e+00
4.100000000000002531e-01,1.078764383112104985e+00,-5.320998571477731254e+00,1.039868647885533761e+02,-1.035914313177105139e+00
4.150000000000002576e-01,1.053035937533594701e+00,-4.988575350413756659e+00,6.701090725334844933e+01,-9.369302580194607266e-01
4.200000000000002620e-01,1.029529434568312141e+00,-4.488229807494351853e+00,1.370708014788287130e+02,-1.135872223466720676e+00
4.250000000000002665e-01,1.008688127903994536e+00,-3.922444415153350405e+00,9.782429632440883438e+01,-1.189071757132857066e+00
4.300000000000002709e-01,9.909447867070360072e-01,-3.288865244053318371e+00,1.587602387612437838e+02,-1.547207344134068796e+00
4.350000000000002753e-01,9.765215104064568497e-01,-2.617204950153188658e+00,1.039659005413851247e+02,-1.755329996634502399e+00
4.400000000000002798e-01,9.654026015162339158e-01,-1.952407707920680524e+00,1.678065208216553117e+02,-2.247641696779704823e+00
4.450000000000002842e-01,9.574831526831654172e-01,-1.342689790701936614e+00,9.558880818694555614e+01,-2.521308026811898806e+00
4.500000000000002887e-01,9.522960819984943592e-01,-8.388728496949887647e-01,1.231875570328782743e+02,-3.117111471846452098e+00
4.550000000000002931e-01,9.493738128167402701e-01,-4.231587281276446011e-01,5.308735197070235756e+01,-3.309408257698092104e+00
4.600000000000002975e-01,9.481753681767178810e-01,-1.353305770615347015e-01,5.458833203945914647e+01,-3.890715433128240086e+00
4.650000000000003020e-01,9.481932015927426738e-01,1.078003011769400193e-01,6.094251977058036829e+01,-4.069249800869320310e+00
4.700000000000003064e-01,9.491312789233958824e-01,2.636183953551757830e-01,6.247172936790720144e+01,-4.588839686132288875e+00
4.750000000000003109e-01,9.503610343102055769e-01,1.615211807165480018e-01,-1.680055229985425740e+02,-4.936000118235075007e+00
4.800000000000003153e-01,9.514768494383479824e-01,2.387510941933722874e-01,3.452436562883622884e+01,-5.174173054916628267e+00
4.850000000000003197e-01,9.525803525050007270e-01,1.900036386354786166e-01,-6.783462531449299604e+01,-5.347800034136132474e+00
4.900000000000003242e-01,9.536592395641643183e-01,2.066939137186078190e-01,6.844687164705496762e+00,-5.658735216107783295e+00
4.950000000000003286e-01,9.546749643446303946e-01,2.148995322449900880e-01,4.684089562902996384e+00,-5.828717259360254310e+00
5.000000000000003331e-01,9.557636017243259507e-01,2.420583108520802940e-01,4.827149753938464016e+01,-6.058962834281437893e+00
5.050000000000003375e-01,9.569187747565337521e-01,2.239086878535310465e-01,-2.569600387831879118e+01,-6.273901717557312629e+00
5.100000000000003419e-01,9.582362419879772997e-01,3.047497249652099671e-01,6.798229309416578303e+01,-6.408840441565947899e+00
5.150000000000003464e-01,9.597510312781494246e-01,3.038406867738610018e-01,-2.805007175888388105e+01,-6.537172596365239841e+00
5.200000000000003508e-01,9.615779956359997716e-01,3.830960898243988555e-01,2.290187101669630465e+01,-6.718026228057146554e+00
5.250000000000003553e-01,9.637575231577717449e-01,4.703443822587835554e-01,1.792211567039145947e+01,-6.839520602633506030e+00
5.300000000000003597e-01,9.664508793487340821e-01,5.984902688411632976e-01,5.070243339551758766e+01,-6.937015095006096921e+00
5.350000000000003642e-01,9.695948775373275375e-01,4.796433735530800657e-01,-3.543403759942116267e+02,-7.117562016272739989e+00
5.400000000000003686e-01,9.730575902143819844e-01,8.268451298823563667e-01,2.064045258277053279e+02,-7.080712160347305328e+00
5.450000000000003730e-01,9.764881518606260968e-01,6.561760458885335101e-01,-1.597889967846103048e+02,-7.024024005935944004e+00
5.500000000000003775e-01,9.803664973961179196e-01,8.797279298121390978e-01,1.950782471313077622e+02,-6.924700733096939231e+00
5.550000000000003819e-01,9.844277339251852332e-01,8.057991050746375894e-01,-3.905734190790234095e+01,-6.721182048361394656e+00
5.600000000000003864e-01,9.884931014006247407e-01,8.920051904189204572e-01,5.808337979375951932e+01,-6.674018002987192055e+00
5.650000000000003908e-01,9.916444106851693974e-01,8.231643136810640193e-01,1.397347774807921610e+02,-6.306164509541678953e+00
5.700000000000003952e-01,9.962086478914173870e-01,4.357625057022982418e-01,-8.808855914035212891e+02,-6.469476272968080366e+00
5.750000000000003997e-01,1.001268887616487691e+00,1.303907829147303632e+00,3.164396962008689798e+02,-6.452356135713939622e+00
5.800000000000004041e-01,1.005577472838590003e+00,1.051289224794475841e+00,-2.812592105045001745e+01,-6.296638615579221110e+00
5.850000000000004086e-01,1.016526820496748362e+00,2.756246689594402888e+00,2.057338130429189107e+02,-7.388511970134315376e+00
5.900000000000004130e-01,1.031795567232522526e+00,2.951802134817347323e+00,-1.475425363500507103e+02,-7.164962450526331850e+00
5.950000000000004174e-01,1.043991810731402348e+00,1.933787181749319961e+00,-2.518036896320587914e+02,-6.610409459372114327e+00
6.000000000000004219e-01,1.047861836548132253e+00,-4.678058229585448091e-02,-4.514443694772702997e+02,-5.912289348642051579e+00
6.050000000000004263e-01,1.040051177816941230e+00,-2.532179158791520557e+00,-4.498217193407829768e+02,-5.088993598426198695e+00
6.100000000000004308e-01,1.019432806507880152e+00,-5.086718242656964151e+00,-4.857965737345833759e+02,-3.890054015285964617e+00
6.150000000000004352e-01,9.873417323783937327e-01,-7.203357384357973459e+00,-3.559034656170933317e+02,-2.559061313236917545e+00
6.200000000000004396e-01,9.460846951423115270e-01,-8.831962851303018169e+00,-2.786828625750679862e+02,-1.362569588692752909e+00
6.250000000000004441e-01,8.984808985849537244e-01,-9.852084018564674750e+00,-1.256715406053834130e+02,-3.066869036873107746e-01
6.300000000000004485e-01,8.471840267935751845e-01,-1.040061141347373841e+01,-3.475956748092619364e+01,4.898948481540621458e-01
6.350000000000004530e-01,7.955257921327253401e-01,-1.021184649194245608e+01,7.742687204805299928e+01,2.139857701446534310e+00
6.400000000000004574e-01,7.470050366790895735e-01,-9.317762759684219631e+00,2.174804789770203683e+02,4.133234648765972352e+00
6.450000000000004619e-01,7.053546468470218711e-01,-7.608269042831310003e+00,3.464618834261817142e+02,7.547071941441132026e+00
6.500000000000004663e-01,6.737234768217132963e-01,-5.483800460684094880e+00,3.957981590528344782e+02,1.038380519384580403e+01
6.550000000000004707e-01,6.549600194540947662e-01,-2.656804169954798400e+00,5.609477957241919057e+02,1.296659607869853836e+01
6.600000000000004752e-01,6.488146746911741536e-01,-2.833362109661619055e-01,4.931377622022010883e+02,1.129491949609385060e+01
6.650000000000004796e-01,6.489010347242631926e-01,-7.607701968099905843e-01,-1.302692909823664422e+03,7.254627334262583993e+00
6.700000000000004841e-01,6.564999366633994526e-01,1.848048883783809382e+00,-8.077502213494236685e+02,5.292941241820510179e+00
6.750000000000004885e-01,6.685660727725227792e-01,2.822656547094089419e+00,9.870868155523758105e+02,5.530451701169573298e+00
6.800000000000004929e-01,6.793833740091406170e-01,1.815099735217946320e+00,-8.640951061165151259e+02,3.822413517474300804e+00
6.850000000000004974e-01,6.912580354900212942e-01,2.612210781493332412e+00,5.255281429887885452e+02,3.671798711196627707e+00
6.900000000000005018e-01,7.028640672206101225e-01,2.167710106725542207e+00,-4.111346207372858430e+02,1.647862101289033765e+00
6.950000000000005063e-01,7.163741585094821618e-01,2.985576272526415664e+00,9.731647145886096268e+02,3.595994627701033064e+00
7.000000000000005107e-01,7.263881088604152714e-01,2.771077251130558139e+00,7.934810394473383894e+02,6.816919298448471665e-01
7.050000000000005151e-01,7.367096151381721247e-01,2.603373987469019379e+00,5.093432416290862079e+02,1.396222856224019093e+00
7.100000000000005196e-01,7.476883543665505671e-01,2.678400962407414543e+00,4.693917462690185403e+02,2.357490131188422211e+00
7.150000000000005240e-01,7.585525618801887138e-01,2.693004751850285317e+00,5.932075310043970831e+02,-1.068677507639184121e-01
7.200000000000005285e-01,7.693152842588876217e-01,2.468156599055257860e+00,3.518254216718484599e+02,1.252521307637406434e-01
7.250000000000005329e-01,7.801342826569515054e-01,2.605174052701777043e+00,4.453762647394677288e+02,9.975360306852820713e-01
7.300000000000005373e-01,7.904814475788046746e-01,2.585576666210640528e+00,5.760687115631977804e+02,-4.463843255368051821e-01
7.350000000000005418e-01,8.013455886539292417e-01,2.439771627164589063e+00,3.805351415424088373e+02,-9.281472248029472016e-01
7.400000000000005462e-01,8.114796903098232539e-01,2.473481620344795129e+00,5.031111891869089732e+02,-4.833765006217628502e-01
7.450000000000005507e-01,8.213783862978542016e-01,2.285859047455925275e+00,3.707278991904219083e+02,-1.003410640538868970e+00
7.500000000000005551e-01,8.312917838555300420e-01,2.142469389844237959e+00,2.154614960605841532e+02,-5.640127949980370259e-01
7.550000000000005596e-01,8.406691191124925355e-01,2.152814500709582912e+00,2.875805905295588900e+02,4.098363067221322265e-01
7.600000000000005640e-01,8.496863375318178813e-01,2.022890006194820067e+00,1.620381855315154667e+02,6.059633579315970575e-01
7.650000000000005684e-01,8.583405564996954284e-01,1.622429757613774948e+00,-2.341240226545550058e+02,2.288571814609535737e-01
7.700000000000005729e-01,8.669801221147049874e-01,1.488527419391356910e+00,-3.575652224445398133e+02,-6.623788732047830585e-02
7.750000000000005773e-01,8.755988330552134657e-01,1.401545415191283395e+00,-4.822253442551578360e+02,5.162896900530918876e-01
7.800000000000005818e-01,8.843714904347944605e-01,1.522206263942085025e+00,-3.730688985763684968e+02,4.346798911602034465e-02
7.850000000000005862e-01,8.929626755846957753e-01,1.762743614008488446e+00,2.592393209005922072e-03,-2.980077779909966473e-01
7.900000000000005906e-01,9.019059791716004248e-01,1.594973577115092134e+00,-3.823678157288706529e+02,-1.067024907867540673e+00
7.950000000000005951e-01,9.103271223581799187e-01,1.759231712695656702e+00,2.473365091288887641e+02,-1.011476020670743381e+00
8.000000000000005995e-01,9.189882012971954950e-01,1.730616564649787525e+00,5.643494109280948834e+01,-1.561500209421039287e+00
8.050000000000006040e-01,9.273847584872609850e-01,1.726990861278709044e+00,4.103372659488769045e+02,-1.879036275779313758e+00
8.100000000000006084e-01,9.353924293731362694e-01,1.587818695870410579e+00,4.102766160131687911e+02,-3.244297039837332974e+00
8.150000000000006128e-01,9.431223659630545431e-01,1.584603664491136099e+00,7.529098619007313573e+02,-2.483675575297618288e+00
8.200000000000006173e-01,9.508768338364033124e-01,1.607686740521409918e+00,6.528938927467895610e+02,-2.333718152324343986e+00
8.250000000000006217e-01,9.587301477007573736e-01,1.641600854253172592e+00,4.607794640736314022e+02,-2.295112238618731926e+00
8.300000000000006262e-01,9.655207318886462886e-01,1.692075558051432616e+00,4.747480010285666481e+02,-3.465082409320712209e+00
8.350000000000006306e-01,9.727273881299204339e-01,1.699019846910981846e+00,4.487342419039210313e+02,-3.031867208244379164e+00
8.400000000000006350e-01,9.796687940443065123e-01,1.546712928925081609e+00,7.241735069441367045e+01,-2.842502587240735235e+00
8.450000000000006395e-01,9.873176758942611153e-01,1.717026699076275031e+00,3.084633401439457430e+02,-3.690069388438024234e+00
8.500000000000006439e-01,9.940817626191748024e-01,1.597934414785448620e+00,1.573366996147765065e+02,-3.510640154777568078e+00
8.550000000000006484e-01,1.001146133822041095e+00,1.757858215338520935e+00,3.380954197953952871e+02,-4.012455988954222619e+00
8.600000000000006528e-01,1.006672462704686799e+00,2.290023296819330145e-01,-1.271852747847705132e+03,-3.724955018309528576e+00
8.650000000000006573e-01,1.013539237268606952e+00,8.786161895192021731e-01,-9.063411647582114483e+02,-1.879146603985372810e+00
8.700000000000006617e-01,1.019626913355706099e+00,1.606990538793997780e+00,1.046891965802527920e+03,-1.708626160490499757e+00
8.750000000000006661e-01,1.025832454925161175e+00,9.570604590119543564e-01,-8.662497825939639142e+02,-1.799736752085528746e+00
8.800000000000006706e-01,1.033151593051153450e+00,1.468806501390368835e+00,2.681456474031887183e+02,-2.065989430750170275e-02
8.850000000000006750e-01,1.039063336955180272e+00,1.468299828582056765e+00,4.985933527020093834e+02,1.427716753210038214e-01
8.900000000000006795e-01,1.044844336990975009e+00,1.159090144703889269e+00,1.231579515288100026e+02,4.661198897702804045e-01
8.950000000000006839e-01,1.050076597374311138e+00,1.012840814656696287e+00,-5.821832777775897938e+01,9.313821642909020371e-01
9.000000000000006883e-01,1.055073029766400827e+00,9.339595707399285240e-01,-1.691445047519862399e+01,6.679768914421180259e-01
9.050000000000006928e-01,1.058960629928056729e+00,6.878058080458249179e-01,-8.349946439714864255e+01,3.448049062106627316e-01
9.100000000000006972e-01,1.061685152131532250e+00,4.486176121647087456e-01,-9.925752923317398668e+00,-4.350252615547042234e-01
9.150000000000007017e-01,1.063021356543497387e+00,1.602875600674014134e-01,-8.648756806842509093e+01,-8.102020689585390789e-01
9.200000000000007061e-01,1.063307490544663780e+00,2.292287545911806269e-03,1.505949136323530624e+01,-1.189212834725351664e+00
9.250000000000007105e-01,1.062600177096320708e+00,-2.235605996422601882e-01,-7.603231296817862983e+01,-1.303224022700327334e+00
9.300000000000007150e-01,1.061127543525065553e+00,-3.300572125950497204e-01,2.833068710292633696e+01,-1.423967598362823717e+00
9.350000000000007194e-01,1.058771251737519625e+00,-5.490923996216275915e-01,-7.244414734909764775e+01,-1.458311506427984572e+00
9.400000000000007239e-01,1.055650509531922854e+00,-6.594631997603785933e-01,3.046529203200854141e+01,-1.574872040510803650e+00
9.450000000000007283e-01,1.051624280350682117e+00,-8.875786099151574682e-01,-7.703635658676337528e+01,-1.608118410716618651e+00
9.500000000000007327e-01,1.046754155973020461e+00,-1.017761295984094261e+00,2.430289369217835116e+01,-1.737104673139927780e+00
9.550000000000007372e-01,1.041026786117937863e+00,-1.216099786866596588e+00,-7.251880919902515643e+01,-1.629055682021155693e+00
9.600000000000007416e-01,1.034596817600499596e+00,-1.322885409149044511e+00,2.560937854397587543e+01,-1.866304101494459911e+00
9.650000000000007461e-01,1.027520779613653401e+00,-1.461595018412252145e+00,-5.994508256096869303e+01,-1.666492669460319931e+00
9.700000000000007505e-01,1.020054994941208770e+00,-1.509589902518929438e+00,3.351344328069028222e+01,-1.897606368100157148e+00
9.750000000000007550e-01,1.012246285276082514e+00,-1.583430551614159798e+00,-4.797367040674132710e+01,-1.736917761194728627e+00
9.800000000000007594e-01,1.004375855620290414e+00,-1.566830287440995173e+00,4.326294819889755416e+01,-1.970969529637619289e+00
9.850000000000007638e-01,9.965149148815621860e-01,-1.564873973802763718e+00,-3.518450102652073497e+01,-1.803368842302643049e+00
9.900000000000007683e-01,9.889158381587589419e-01,-1.495328728527041351e+00,4.856172101491880255e+01,-2.094239040806062491e+00
9.950000000000007727e-01,9.815958011299569241e-01,-1.433947987891482034e+00,-2.524876801590007602e+01,-1.947437301205607429e+00
1.000000000000000666e+00,9.747759424359612179e-01,-1.327134918153359155e+00,4.854272009145225297e+01,-2.251727414891629309e+00
1.005000000000000560e+00,9.684060497730619943e-01,-1.230330306088107895e+00,-2.202262822849364809e+01,-2.145365252050615901e+00
1.010000000000000453e+00,9.626257090408107953e-01,-1.121096451563520446e+00,3.610151119951163423e+01,-2.453508563283440580e+00
1.015000000000000346e+00,9.573270983649591059e-01,-1.008482838839781515e+00,-7.717837310291611352e+00,-2.407136762565389443e+00
1.020000000000000240e+00,9.526596487226598464e-01,-8.671247821540363221e-01,6.723252391915424653e+01,-2.586148615339750378e+00
1.025000000000000133e+00,9.486957388795550505e-01,-7.399049359290608141e-01,9.932500231857387618e+00,-2.675487043105560847e+00
1.030000000000000027e+00,9.450960298817093763e-01,-6.647634638726630518e-01,7.773195671746660196e+01,-3.067181004650938014e+00
1.034999999999999920e+00,9.418632384411669278e-01,-6.103074769880769690e-01,1.421151781710288553e+01,-2.945642436426934907e+00
1.039999999999999813e+00,9.391732505883112481e-01,-5.024320411017515475e-01,-5.783962059625651797e+00,-3.070146524029170099e+00
1.044999999999999707e+00,9.367321278539182394e-01,-4.728262100227195175e-01,1.270545283210796583e+01,-3.303711636971275123e+00
1.049999999999999600e+00,9.343155537852619874e-01,-4.826558831850030207e-01,7.968520382583091255e+00,-3.494330249786200326e+00
1.054999999999999494e+00,9.317668652064506896e-01,-5.727147112339328050e-01,-8.082477817958005062e+01,-3.400608184791013677e+00
1.059999999999999387e+00,9.275349749753480921e-01,-1.070664640984972049e+00,-1.182025435210618696e+02,-3.454844670576969534e+00
1.064999999999999281e+00,9.198941781952505448e-01,-1.829930889281986772e+00,-1.445337485172320271e+02,-3.446832250252629404e+00
1.069999999999999174e+00,9.084843581414672187e-01,-2.575375447461385026e+00,-1.560502043628563911e+02,-2.857919845943198922e+00
1.074999999999999067e+00,8.931440308918702220e-01,-3.407035373338147988e+00,-1.878343320404241013e+02,-2.516794558138500726e+00
1.079999999999998961e+00,8.736439697715828734e-01,-4.224021849996039357e+00,-1.509593277597061274e+02,-2.186868637752715561e+00
1.084999999999998854e+00,8.506323812770308912e-01,-4.831686161648860001e+00,-1.207711979753827620e+02,-1.356048342717496524e+00
1.089999999999998748e+00,8.245968952928085516e-01,-5.385042209183989570e+00,-4.591291180007787887e+01,-1.096981968654819006e+00
1.094999999999998641e+00,7.962819129166992527e-01,-5.796378529156430481e+00,-6.898182234517283007e+01,-4.743869565522857989e-01
1.099999999999998535e+00,7.662372850839105354e-01,-6.107555972482249018e+00,-3.878264910284927591e+00,-1.890535134620563440e-01
1.104999999999998428e+00,7.348409741026078468e-01,-6.343513366154551747e+00,-1.594220258548845059e+01,8.984912580835047180e-02
1.109999999999998321e+00,7.021793434364218545e-01,-6.607345118878892976e+00,-1.933163271071360612e+01,5.875443432936622301e-02
1.114999999999998215e+00,6.689340005041076731e-01,-6.636506402667547988e+00,5.075086474330634090e+00,5.809252896185501669e-01
1.119999999999998108e+00,6.356147167319974312e-01,-6.628079697727135233e+00,4.936244063150356709e+01,6.247715196320822173e-01
1.124999999999998002e+00,6.023783128147360832e-01,-6.618036654807641916e+00,1.115172265389259287e+01,6.820987138304959174e-01
1.129999999999997895e+00,5.699143909122872387e-01,-6.384175481452112777e+00,7.091931644477868701e+01,1.079802530420949758e+00
1.134999999999997788e+00,5.385148912251583875e-01,-6.176197116283726807e+00,5.437690434164874631e+01,1.040347050861219813e+00
1.139999999999997682e+00,5.081401976566468637e-01,-5.983176549791238585e+00,5.798753081117425268e+01,1.011573269281850429e+00
1.144999999999997575e+00,4.793313206177517438e-01,-5.603641500349330506e+00,6.318081229818596967e+01,1.390375697081900341e+00
1.149999999999997469e+00,4.522472268599411760e-01,-5.259183031292592680e+00,1.082690898870186942e+02,1.276691127611212062e+00
1.154999999999997362e+00,4.266977263990516245e-01,-4.990050501835987085e+00,4.674848694496817103e+01,1.228700385086584301e+00
1.159999999999997256e+00,4.031093462665496507e-01,-4.530530816646661130e+00,1.050505269643777240e+02,1.673729707828701452e+00
1.164999999999997149e+00,3.815196071044387183e-01,-4.156392295013398019e+00,7.898091741667192878e+01,1.457695272586214452e+00
1.169999999999997042e+00,3.616665716995645097e-01,-3.836939502185462647e+00,7.478569437848902624e+01,1.489965135530945117e+00
1.174999999999996936e+00,3.439061837496010243e-01,-3.365466226490087642e+00,7.052940085608457821e+01,1.865064254872772942e+00
1.179999999999996829e+00,3.282790309118865379e-01,-2.941032045457749433e+00,1.241659786255043230e+02,1.695221692901871080e+00
1.184999999999996723e+00,3.145431011173588365e-01,-2.606894703335842944e+00,5.066728932490052273e+01,1.660648550235897858e+00
1.189999999999996616e+00,3.026640472701890294e-01,-2.196142395789264956e+00,1.009894044697435191e+02,2.271018573958693221e+00
1.194999999999996509e+00,2.931566348986685000e-01,-1.709355259192388621e+00,7.662790971234065296e+01,2.817083507771923401e+00
1.199999999999996403e+00,2.864337676330310778e-01,-1.105169787735625242e+00,8.441882395925435389e+01,4.462821952438548401e+00
1.204999999999996296e+00,2.849019280838166468e-01,2.200738976809230585e-01,2.534758222748313869e+02,6.754816646666467861e+00
1.209999999999996190e+00,2.903214010459838068e-01,1.656136337363774080e+00,2.710323128502131453e+02,7.170438993431682562e+00
1.214999999999996083e+00,3.025146605964507684e-01,2.957247545701759961e+00,2.461546934334715786e+02,7.015756133352621937e+00
1.219999999999995977e+00,3.207000721147938438e-01,4.076551915089113187e+00,1.722078121400066379e+02,6.429640318189372650e+00
1.224999999999995870e+00,3.439049420312013661e-01,5.030116497490696226e+00,2.251211697968777798e+02,5.533404766342840730e+00
1.229999999999995763e+00,3.709511517868523955e-01,5.651212143375000885e+00,1.059966434285047825e+02,4.399614759571107925e+00
1.234999999999995657e+00,3.910742974808301686e-01,3.710858757259071439e+00,-1.760393344068183978e+02,5.686655420595618793e+00
1.239999999999995550e+00,4.042270589776817968e-01,2.107480459722102850e+00,-4.924020043005515390e+01,6.951678708143804286e+00
1.244999999999995444e+00,4.155107571358244156e-01,2.142489160997524067e+00,-2.358746480895780451e+02,8.933276041097620634e+00
1.249999999999995337e+00,4.268948701744910146e-01,2.282456501505469859e+00,-6.152894408307259511e+01,9.005074569185456568e+00
1.254999999999995230e+00,4.382868084865363945e-01,2.287520116316676955e+00,-7.414421149755833440e+00,9.483592923397608843e+00
1.259999999999995124e+00,4.496334481743303746e-01,2.325813834059839547e+00,8.488861295118061889e+01,8.979126259792517217e+00
1.264999999999995017e+00,4.610175290438303652e-01,2.251690278014800040e+00,-7.971010569328207396e+01,8.460798369915945472e+00
1.269999999999994911e+00,4.724903932701450815e-01,2.351319203350154652e+00,1.081117010791176227e+02,8.061769933531303778e+00
1.274999999999994804e+00,4.839268175069541544e-01,2.240212620323680515e+00,-1.312287268650917156e+02,7.266584636206404824e+00
1.279999999999994698e+00,4.956243617323368711e-01,2.409746118306683726e+00,1.540396093117944929e+02,7.264254035224978701e+00
1.284999999999994591e+00,5.072062892936276546e-01,2.242957079104462625e+00,-2.005619838640075159e+02,6.256663418902476792e+00
1.289999999999994484e+00,5.192146965063096919e-01,2.499012090754459514e+00,2.262389458011938075e+02,6.612054294415292688e+00
1.294999999999994378e+00,5.309890157375672937e-01,2.259687611980917055e+00,-2.453310114173892202e+02,5.471484140217528491e+00
1.299999999999994271e+00,5.432243466105122209e-01,2.562523037254556435e+00,2.742719183895210904e+02,6.100841340445068539e+00
1.304999999999994165e+00,5.551472062183216982e-01,2.287501018978659317e+00,-2.585581602112050632e+02,4.940126221075613167e+00
1.309999999999994058e+00,5.675237236611563318e-01,2.607644983825606833e+00,3.194972662435080224e+02,5.723139169609488874e+00
1.314999999999993952e+00,5.795453734575058968e-01,2.339801986142894918e+00,-2.215858098052246703e+02,4.419084636850467263e+00
1.319999999999993845e+00,5.917773252264297845e-01,2.604388703441321784e+00,4.099293360842467564e+02,5.537414853661243974e+00
1.324999999999993738e+00,6.039510746314825651e-01,2.459775373318486835e+00,-7.667747755475129168e+01,3.990500339305489419e+00
1.329999999999993632e+00,6.159887622072192093e-01,2.576443868355617894e+00,2.207276691417743564e+02,4.951643732428858691e+00
1.334999999999993525e+00,6.289148911418547261e-01,3.140321088460249044e+00,7.313590666679103833e+02,3.617826292244627151e+00
1.339999999999993419e+00,6.418496369478342567e-01,2.420574255292360810e+00,-4.073925492569010771e+02,3.384047759356247020e+00
1.344999999999993312e+00,6.544652446106493660e-01,2.465073283784354086e+00,-2.388265988629641967e+01,3.102801713144852869e+00
1.349999999999993205e+00,6.664418902405726541e-01,2.509530849358423410e+00,3.836617105376444670e+02,4.182934790629509791e+00
1.354999999999993099e+00,6.789736594499968803e-01,2.827099740291854069e+00,5.872096526987113521e+02,2.819807424396497897e+00
1.359999999999992992e+00,6.902887546335575442e-01,2.057342088135500013e+00,-4.291256656780996082e+02,2.656404815918643969e+00
1.364999999999992886e+00,7.024516617132137153e-01,2.296609211866848188e+00,-1.941113351613775251e+02,3.046899110645370889e+00
1.369999999999992779e+00,7.146843151810261530e-01,2.530218456828698059e+00,3.438867874433800012e+02,3.316615430503551565e+00
1.374999999999992673e+00,7.257744951155954416e-01,2.237063751311761273e+00,-7.213023550508854953e+01,1.668945788335555402e+00
1.379999999999992566e+00,7.369461539309962728e-01,2.188555259460499780e+00,-5.050708028936230107e+02,2.976155291831579230e+00
1.384999999999992459e+00,7.481105000459667975e-01,2.264062204169927206e+00,2.441078883921049396e+02,2.206271593815830379e+00
1.389999999999992353e+00,7.590434439631402741e-01,2.646933698534455370e+00,5.292147867775044006e+02,2.370150283717997297e+00
1.394999999999992246e+00,7.690658890120806168e-01,1.668817855394837846e+00,-5.754498673808263902e+02,6.274637325388889852e-01
1.399999999999992140e+00,7.781815925040866944e-01,2.052504999961411336e+00,8.711217198492136049e+02,3.574823699333357307e+00
1.404999999999992033e+00,7.865669516852821230e-01,1.808514014450099738e+00,-1.965267447727905221e+02,1.774467026059922015e+00
1.409999999999991926e+00,7.961753828973120450e-01,2.039007958649011076e+00,2.231986841131091808e+02,1.747315215543252975e+00
1.414999999999991820e+00,8.051387032954024914e-01,1.620613600012386302e+00,-3.215166792088575676e+02,1.679566636872368512e+00
1.419999999999991713e+00,8.133745272871869547e-01,1.736241568019636583e+00,4.508690475986197725e+02,2.309180207862369549e+00
1.424999999999991607e+00,8.214417613283685471e-01,2.087636379651225838e+00,6.762453553647470699e+02,1.206746546304903189e+00
1.429999999999991500e+00,8.276174617392049182e-01,6.170636157312299197e-01,-9.805870013765418207e+02,3.450608764349635260e-01
1.434999999999991394e+00,8.355694014822595550e-01,1.361273100017813986e+00,-4.040721308534622835e+02,1.569958215255012224e+00
1.439999999999991287e+00,8.427681239372507571e-01,1.543628829383749235e+00,3.941858579966903449e+02,1.160598465066320584e+00
1.444999999999991180e+00,8.498977227336138585e-01,1.791767862429477942e+00,6.239871778927683863e+02,-1.705451438479645976e-01
1.449999999999991074e+00,8.563958331555783232e-01,1.736951102976310057e+00,3.110600393766522416e+02,-4.320682931477691779e-01
1.454999999999990967e+00,8.630123183581166479e-01,1.026182432598248040e+00,-5.043075951427507562e+02,-1.696480438999919294e+00
1.459999999999990861e+00,8.687902112501464380e-01,1.666084919459754010e+00,1.139860874646079537e+03,1.780854285789734481e+00
1.464999999999990754e+00,8.733565319757744527e-01,5.458274447180038180e-01,-9.951773102049525050e+02,-4.168343918465831077e-01
1.469999999999990647e+00,8.802454353545373644e-01,1.846223976768525565e+00,8.993298710546069969e+02,1.226350659621253225e+00
1.474999999999990541e+00,8.869852060866784127e-01,1.015256600499274686e+00,-8.715949482184437329e+02,-1.154154769998706254e+00
1.479999999999990434e+00,8.947263053956849843e-01,1.935290547456097077e+00,9.691563513710491407e+02,-1.177322593409944940e+00
1.484999999999990328e+00,9.011789339839391122e-01,8.117430649855849056e-01,-1.107594272386347484e+03,-1.848452474960917691e+00
1.489999999999990221e+00,9.091407233272558175e-01,2.113069475663926777e+00,1.162025807729455664e+03,1.260310024559461728e-01
1.494999999999990115e+00,9.144305383615420890e-01,3.505170267193338796e-01,-1.336948480110756691e+03,-2.567664799486839122e+00
1.499999999999990008e+00,9.197451251478401257e-01,1.549918367456621482e+00,1.084168373070238204e+03,-4.383313994942674707e-01
1.504999999999989901e+00,9.241820292887338306e-01,7.027678138853014067e-01,-6.637675936625188342e+02,-3.077407664190946246e+00
1.509999999999989795e+00,9.306918208343787358e-01,1.698322177172705949e+00,7.437372145084746080e+02,-7.757014961355231941e-01
1.514999999999989688e+00,9.372520436232997243e-01,7.149913162245875586e-01,-1.243480640879248767e+03,-2.553982870713181086e+00
1.519999999999989582e+00,9.432888523421399940e-01,1.556146542745710404e+00,1.129006078915849230e+03,-1.511670033909106037e+00
1.524999999999989475e+00,9.462429908054231786e-01,4.767778856379404351e-01,-6.204075790382437390e+02,-3.583771144121040919e+00
1.529999999999989369e+00,9.516153334206706171e-01,1.455394921835416966e+00,6.708863706551638870e+02,-1.027130227655870920e+00
1.534999999999989262e+00,9.575772662703241345e-01,6.509159595447430169e-01,-1.209321819713901959e+03,-2.801392506807102389e+00
1.539999999999989155e+00,9.628871548714377226e-01,1.355383899598744613e+00,1.019799010392268087e+03,-1.908430735247288235e+00
1.544999999999989049e+00,9.652249042687104374e-01,3.914576886049720983e-01,-5.775753022744294185e+02,-3.788023171740108275e+00
1.549999999999988942e+00,9.702657078904439736e-01,1.503093217533863601e+00,8.400656165530054977e+02,-1.414221027066888681e+00
1.554999999999988836e+00,9.752589043733697061e-01,3.972131151110656067e-01,-1.150135532823272115e+03,-3.276155277129676691e+00
1.559999999999988729e+00,9.796079999388218607e-01,1.251310788272134822e+00,1.075854908555407974e+03,-1.911782065785946561e+00
1.564999999999988622e+00,9.818118470640232465e-01,1.128668070350808406e-01,-9.349319217139204738e+02,-3.834957479840589656e+00
1.569999999999988516e+00,9.862878113855354512e-01,1.438680947588013792e+00,1.041594990447900727e+03,-2.384840860037928945e+00
1.574999999999988409e+00,9.906282088279491083e-01,3.738647402086350824e-01,-1.154063137741473838e+03,-3.293923652380123634e+00
1.579999999999988303e+00,9.952806263409011978e-01,1.335294239009536810e+00,1.057512513416740376e+03,-2.045108845694373567e+00
1.584999999999988196e+00,9.974689150186708542e-01,-4.406154173304056842e-02,-1.070053951750937131e+03,-4.363370036102423910e+00
1.589999999999988090e+00,1.001370480360036730e+00,1.313156328620082913e+00,1.023508290885396491e+03,-2.618853963450188171e+00
1.594999999999987983e+00,1.005280026638486035e+00,3.301167586836993850e-01,-1.113964996683660956e+03,-3.668705818426879262e+00
1.599999999999987876e+00,1.009718300756705212e+00,1.287205999107503995e+00,1.025213359302750405e+03,-2.558825000785769355e+00
1.604999999999987770e+00,1.011872612715999820e+00,-2.565307138622685557e-02,-1.055640967560528907e+03,-4.906582845368044232e+00
1.609999999999987663e+00,1.015700521880428919e+00,1.284489196713374914e+00,1.019259985120118586e+03,-3.063372481842192574e+00
1.614999999999987557e+00,1.019090812223487852e+00,2.266334860338042878e-01,-1.078706345746223406e+03,-4.310516849134534922e+00
1.619999999999987450e+00,1.023272232658525960e+00,1.255756124777893001e+00,1.002140200620205292e+03,-3.094596170994381890e+00
1.624999999999987343e+00,1.025573352398183147e+00,-5.358014394306306709e-03,-1.065844549453142690e+03,-5.391909890187251087e+00
1.629999999999987237e+00,1.029629533644731643e+00,1.326195521928176024e+00,9.737088486186281671e+02,-2.701538627489278532e+00
1.634999999999987130e+00,1.032654274841384945e+00,1.220684224698536796e-01,-1.060344037421985831e+03,-5.159663666954289241e+00
1.639999999999987024e+00,1.036478845782327962e+00,1.213963795566210369e+00,9.639624480910964621e+02,-3.592848436772163812e+00
1.644999999999986917e+00,1.039422847083967483e+00,1.871451658242456739e-01,-9.404186487281573363e+02,-5.353945958285336815e+00
1.649999999999986811e+00,1.042995352207938708e+00,6.990755727462210078e-01,2.641506339731629964e+02,-2.934107276378156381e+00
1.654999999999986704e+00,1.045368753745929524e+00,7.588404946291107400e-01,4.396491985199218675e+02,-4.361445534338316499e+00
1.659999999999986597e+00,1.047388150604747770e+00,6.584636514995414469e-01,4.820407623045600758e+02,-3.285445183143060000e+00
1.664999999999986491e+00,1.049097273271860198e+00,1.947365315185004830e-01,-2.519454259401454408e+02,-2.748381394652152032e+00
1.669999999999986384e+00,1.050576420589136362e+00,1.798587300516014398e-01,-2.809140172482655089e+02,-2.340413453602682825e+00
1.674999999999986278e+00,1.051398836200845288e+00,1.377449032271890472e-01,-4.166308873526179468e+01,-1.557015856454107228e+00
1.679999999999986171e+00,1.053670541792201654e+00,3.804600740543175874e-01,5.999910498133184689e+01,-8.971217688457533423e-01
1.684999999999986064e+00,1.055163393074590061e+00,1.163704405831589295e-01,-3.062486237122645889e+02,-2.940262223391337804e-01
1.689999999999985958e+00,1.057112585597610233e+00,3.127475952303431783e-01,-2.055107776408199243e+02,-5.025678502305198636e-01
1.694999999999985851e+00,1.059433592430916615e+00,5.610498489186497295e-01,7.413815902773670530e+01,-2.127157788213939749e-01
1.699999999999985745e+00,1.061599990184116882e+00,4.022170327057911221e-01,-1.813087304417554151e+02,-4.549154099411554797e-01
1.704999999999985638e+00,1.064268271810229205e+00,6.417938106412222066e-01,8.249015397584138043e+01,-3.374697226290032104e-01
1.709999999999985532e+00,1.066820222942075791e+00,4.155845670102226719e-01,-2.575829511205741369e+02,-6.322525560170864090e-01
1.714999999999985425e+00,1.069618715802231890e+00,5.090676633510435867e-01,5.839794979777483519e+01,-4.424572866699227891e-01
1.719999999999985318e+00,1.072952147737897599e+00,6.273099626940153994e-01,1.685411338503211880e+02,-7.028472666500240607e-01
1.724999999999985212e+00,1.076242601658647935e+00,6.737670812781104690e-01,5.963247630305738767e+01,-7.407395661401259268e-01
1.729999999999985105e+00,1.079892391595172585e+00,7.599467701958767529e-01,1.342347081263762050e+02,-1.065374353919248396e+00
1.734999999999984999e+00,1.083601326924615638e+00,7.292269268551531125e-01,4.351276605619597149e+01,-1.096835720226558841e+00
1.739999999999984892e+00,1.087348272870264143e+00,7.482064477338434827e-01,1.210586240888933531e+02,-1.438711746399372604e+00
1.744999999999984786e+00,1.091276877787266342e+00,6.685743676686511927e-01,-3.050293943978774180e+00,-1.501849747954269176e+00
1.749999999999984679e+00,1.095664166376567827e+00,1.049101556447138428e+00,1.519409292764464396e+02,-2.003862650414815594e+00
1.754999999999984572e+00,1.099536939107031319e+00,8.851503233519502079e-01,-1.480531664991344476e+00,-2.015490905591575732e+00
1.759999999999984466e+00,1.103416408980359531e+00,8.444495366175721607e-01,1.133001663302201507e+02,-2.372665648402211502e+00
1.764999999999984359e+00,1.107773836227757824e+00,6.662780862911421575e-01,-3.567804846796153129e+02,-2.612627222590314879e+00
1.769999999999984253e+00,1.111885837651918951e+00,8.882979037905558428e-01,8.000285229757247407e+01,-2.951150218063993247e+00
1.774999999999984146e+00,1.116386030857598577e+00,8.771897055340115434e-01,-9.042427344350890905e+01,-3.052334216925654431e+00
1.779999999999984039e+00,1.120738897016591240e+00,8.770281292449665367e-01,6.509744722122256633e+01,-3.345293874027051473e+00
1.784999999999983933e+00,1.124902676056473982e+00,7.977208129584986152e-01,-7.031489349574195558e+01,-3.432870181541616716e+00
1.789999999999983826e+00,1.128879268380293732e+00,7.836769311538739347e-01,4.574424678582702342e+01,-3.725620306796433301e+00
1.794999999999983720e+00,1.132272500297659912e+00,6.030268005999470660e-01,-8.885205697072372288e+01,-3.764963445952068000e+00
1.799999999999983613e+00,1.135362768036501935e+00,5.781549735837728798e-01,-9.444146860461181126e-01,-4.062165623034249329e+00
1.804999999999983507e+00,1.136452242320037387e+00,-9.076933520218469220e-02,-2.209123136032812909e+02,-4.017610014777901029e+00
1.809999999999983400e+00,1.133298388434484050e+00,-1.035252168285543783e+00,-1.684070359269814787e+02,-3.949590779986803302e+00
1.814999999999983293e+00,1.124608079309430630e+00,-2.204798096960366216e+00,-2.752903240848919495e+02,-3.405225568676580217e+00
1.819999999999983187e+00,1.110265148062424823e+00,-3.305942479975676029e+00,-1.694851893264084595e+02,-2.956724598637074486e+00
1.824999999999983080e+00,1.090306804761352000e+00,-4.416466706661212882e+00,-2.538820296007596653e+02,-2.289753796307998801e+00
1.829999999999982974e+00,1.065380507501092699e+00,-5.338538630313480304e+00,-1.215280232591976244e+02,-1.766535104946506340e+00
1.834999999999982867e+00,1.036169539219677693e+00,-6.133712789763069217e+00,-1.837671725254946580e+02,-1.028830389013317248e+00
1.839999999999982760e+00,1.003648742760458346e+00,-6.717270924964237722e+00,-5.280622172980961437e+01,-6.113751248027328167e-01
1.844999999999982654e+00,9.685814098777673076e-01,-7.166662822375342579e+00,-1.124053687836372433e+02,1.331138674394205523e-02
1.849999999999982547e+00,9.318696628291636141e-01,-7.423923250823332154e+00,1.108057111377940807e+01,3.331166584129614527e-01
1.854999999999982441e+00,8.941492281785441421e-01,-7.585057122184974965e+00,-5.442847238935311793e+01,7.898158879527223952e-01
1.859999999999982334e+00,8.560611962704753886e-01,-7.604424740884138778e+00,5.686168613756342438e+01,9.775067163020594307e-01
1.864999999999982228e+00,8.180719301881954619e-01,-7.558112305601375702e+00,5.925298457169736466e+00,1.285318931509851215e+00
1.869999999999982121e+00,7.805208610019618298e-01,-7.446670523509159700e+00,6.006702816215327800e+01,1.335124870077319947e+00
1.874999999999982014e+00,7.437513449315562575e-01,-7.278896034601150866e+00,6.952671471160372541e+00,1.507647320940208147e+00
1.879999999999981908e+00,7.079703624120209371e-01,-7.044296841650601770e+00,1.016784657538004097e+02,1.608890226319867889e+00
1.884999999999981801e+00,6.733891647960834614e-01,-6.804794253739893328e+00,2.650351218216660598e+01,1.693867244237514669e+00
1.889999999999981695e+00,6.402196971750696575e-01,-6.515858094836871395e+00,7.675839536906255489e+01,1.662220458730597539e+00
1.894999999999981588e+00,6.085411549991102120e-01,-6.191247515442659832e+00,6.470542421721539483e+01,1.800465178741906147e+00
1.899999999999981481e+00,5.784248290148911176e-01,-5.863604467094892136e+00,1.174708676137667283e+02,1.668658494499914102e+00
1.904999999999981375e+00,5.499165344976729708e-01,-5.572584711626299203e+00,3.908664089954868359e+01,1.628254552030568902e+00
1.909999999999981268e+00,5.229556896672944433e-01,-5.259158138269226512e+00,7.744594566285606163e+01,1.551795022668780000e+00
1.914999999999981162e+00,4.976188038218903875e-01,-4.921095496411377113e+00,7.063662394537919909e+01,1.649225098870333195e+00
1.919999999999981055e+00,4.738716321859757219e-01,-4.611232760597247626e+00,9.655738615569157446e+01,1.440405782968435355e+00
1.924999999999980949e+00,4.516651079639417143e-01,-4.313298222589682318e+00,3.351297565422710534e+01,1.403210864607164376e+00
1.929999999999980842e+00,4.310974694230278459e-01,-3.991072890130365813e+00,6.720297941985542423e+01,1.367828175678145852e+00
1.934999999999980735e+00,4.123225855319723188e-01,-3.587874039151127459e+00,9.297592467736983224e+01,1.517982485380095836e+00
1.939999999999980629e+00,3.954063724704882654e-01,-3.252868577610797729e+00,7.253074157081735507e+01,1.359038118102740667e+00
1.944999999999980522e+00,3.805352893462156105e-01,-2.777623001728330987e+00,1.068132317145957160e+02,1.888097437901534947e+00
1.949999999999980416e+00,3.686496993669308719e-01,-2.092903465070949487e+00,1.429050456957485551e+02,2.708499955101812517e+00
1.954999999999980309e+00,3.610815640520180225e-01,-1.105878692608230018e+00,2.180050835762014287e+02,4.401898897546748124e+00
1.959999999999980203e+00,3.589639229547566535e-01,4.390145261407211313e-02,1.813649934939751063e+02,6.781532584329585944e+00
1.964999999999980096e+00,3.647121452741723946e-01,1.884012984248321088e+00,4.170283123263321841e+02,1.010262967574768567e+01
1.969999999999979989e+00,3.800729383672664663e-01,3.842659987347015083e+00,3.200570730456661295e+02,1.127266307517837696e+01
1.974999999999979883e+00,4.038407443094694238e-01,5.355002966788331875e+00,3.512927870155942287e+02,9.243278068467731146e+00
1.979999999999979776e+00,4.331163363900076835e-01,6.182864460012565289e+00,1.098421861116997604e+02,6.637461452570416753e+00
1.984999999999979670e+00,4.665895688053898760e-01,7.024885879963627566e+00,2.094106086615343543e+02,5.370571486191970223e+00
1.989999999999979563e+00,4.860972566543256268e-01,3.366900208529415739e+00,-3.088710184565396730e+02,5.083975488201608606e+00
1.994999999999979456e+00,4.970838724395885144e-01,1.774819726833936295e+00,-5.849054908730961415e+02,6.658822796134264976e+00
1.999999999999979350e+00,5.077987808056511065e-01,2.006581727920901059e+00,-4.692110120042530639e+02,8.532877183850910541e+00
2.004999999999979465e+00,5.176860541384321612e-01,2.114800294014554272e+00,2.875492859109764368e+02,9.309810475961697307e+00
2.009999999999979359e+00,5.274924690831880314e-01,1.949780112734180948e+00,-6.931719751445115207e+01,7.992201780705434189e+00
2.014999999999979252e+00,5.377372285333029689e-01,2.129463159242269921e+00,1.819835699251834740e+02,8.903275302975737659e+00
2.019999999999979146e+00,5.477324571190091973e-01,1.936940906954216279e+00,-1.764510152883024432e+02,7.374982391334952148e+00
2.024999999999979039e+00,5.582471463260969546e-01,2.206959899947345427e+00,2.391937741868686658e+02,8.305831783362835452e+00
2.029999999999978932e+00,5.685010869065332262e-01,1.962614165053415016e+00,-2.307672049030060748e+02,6.760665765917059034e+00
2.034999999999978826e+00,5.790686522019049542e-01,2.283674093732146027e+00,3.862471178271690064e+02,7.350931413810483761e+00
2.039999999999978719e+00,5.893584774074824839e-01,1.912489118084850226e+00,-3.381255190718639483e+02,5.971866996489405111e+00
2.044999999999978613e+00,5.999465387113139814e-01,2.410728785083158687e+00,5.266716875524964507e+02,6.691115787932539583e+00
2.049999999999978506e+00,6.102368466859204865e-01,1.932199941905194063e+00,-3.040044353801877719e+02,5.084371507997762052e+00
2.054999999999978400e+00,6.214866584392716442e-01,2.656505690829693123e+00,5.943129871720063875e+02,6.466461715047712389e+00
2.059999999999978293e+00,6.319415695041944447e-01,2.405215652553112982e+00,5.305992102921218248e+02,4.753948763600236660e+00
2.064999999999978186e+00,6.433478566427163203e-01,2.281451019890524901e+00,-1.002981540266568175e+02,4.149022306234312119e+00
2.069999999999978080e+00,6.546204934875564652e-01,2.276620378635140440e+00,-2.368815773143975889e+01,4.282553696293739165e+00
2.074999999999977973e+00,6.655531046831311137e-01,2.204853394402560784e+00,-2.045666738483787697e+02,3.911803854576679562e+00
2.079999999999977867e+00,6.770186068920686084e-01,2.158044046393068349e+00,-2.261009236119944603e+02,3.162756593721455012e+00
2.084999999999977760e+00,6.883398523682527914e-01,2.232349239919787731e+00,-5.575109949781596441e+01,3.186997440790067859e+00
2.089999999999977653e+00,6.999898539585380774e-01,1.958433596247577402e+00,-3.611153082376445127e+02,2.704923859574106082e+00
2.094999999999977547e+00,7.116629373263000380e-01,2.099476049763246532e+00,-2.371834718859629731e+02,3.572162758838056895e+00
2.099999999999977440e+00,7.242459729111355715e-01,3.123710329870354130e+00,8.232814278909169161e+02,2.441175077396598336e+00
2.104999999999977334e+00,7.351454636064723713e-01,1.533079015702426551e+00,-9.979590417758987542e+02,2.103626738958024323e-01
2.109999999999977227e+00,7.470148577554571734e-01,2.670751037065409506e+00,4.456101935712028421e+02,2.195986559441909236e+00
2.114999999999977121e+00,7.589348382841580865e-01,2.605956388161474901e+00,3.376474063050985137e+02,2.140053306056393989e+00
2.119999999999977014e+00,7.707826324422731856e-01,2.528371333749137584e+00,2.474715723821523738e+02,5.336298104475092341e-01
2.124999999999976907e+00,7.827697560018240797e-01,2.755525186886405020e+00,5.124317742905426485e+02,9.525630690091630992e-01
2.129999999999976801e+00,7.946819300270957509e-01,2.936098463181910478e+00,7.903115676455061021e+02,-5.594149396044310052e-01
2.134999999999976694e+00,8.058438866179673532e-01,1.650265619795593164e+00,-1.033563727782578098e+03,-9.217630450240186235e-01
2.139999999999976588e+00,8.182509392084317268e-01,3.039464663267086308e+00,9.027503404346148272e+02,8.138584446223258162e-01
2.144999999999976481e+00,8.282069929162025890e-01,1.815248900386701614e+00,-4.784696768970110838e+02,-2.281030677997293310e+00
2.149999999999976374e+00,8.401932209839395593e-01,2.795078639759832395e+00,8.538654898615569664e+02,-8.447044211374128420e-01
2.154999999999976268e+00,8.496286542260359509e-01,1.750486633184987983e+00,-5.485519275528298522e+02,-1.721378484016511390e+00
2.159999999999976161e+00,8.607555420454015005e-01,2.334424400987350712e+00,6.960855707768788534e+02,-2.955719127253328971e-01
2.164999999999976055e+00,8.694788143908208644e-01,1.739639142709081820e+00,-2.211599319124227065e+02,-2.790408712558996029e+00
2.169999999999975948e+00,8.788379372795377398e-01,1.626761185423730049e+00,-5.812180784821259749e+02,-1.742041787407863973e+00
2.174999999999975842e+00,8.888814641580604636e-01,2.509092712219789689e+00,6.748748452585264204e+02,-7.805366501059292084e-01
2.179999999999975735e+00,8.966285353156511206e-01,1.679740097715499481e+00,-1.586819754214099305e+02,-2.346761723281199696e+00
2.184999999999975628e+00,9.059406487997879731e-01,1.686850511996573099e+00,-1.363865856542285826e+02,-1.250829054743525237e+00
2.189999999999975522e+00,9.151188257719423680e-01,1.429238483330213194e+00,-1.008141512547882144e+03,-1.739077649883430388e+00
2.194999999999975415e+00,9.233250563211110595e-01,1.653495553652656547e+00,-1.759458509299169009e+02,-1.871209705846705873e+00
2.199999999999975309e+00,9.323857034429904322e-01,1.340886058036236506e+00,-8.304621199216562673e+02,-1.807000147228822406e+00
2.204999999999975202e+00,9.394290441676689252e-01,1.544868463257778268e+00,6.470492305862887861e+02,-7.009173587757782098e-01
2.209999999999975095e+00,9.470928198234229711e-01,1.483857546024130114e+00,-3.279732224562603733e+02,-7.867464261081943411e-01
2.214999999999974989e+00,9.536505401981020258e-01,1.219787013770872397e+00,-2.135437063156422539e+02,-1.677466584108861625e+00
2.219999999999974882e+00,9.595681397992967820e-01,1.214625071000658751e+00,5.952276159333128902e+01,-3.996163547805935856e+00
2.224999999999974776e+00,9.621964476407885991e-01,8.350975045053066204e-02,-2.351071786691693433e+02,-5.085129980162097496e+00
2.229999999999974669e+00,9.623280952052962745e-01,-1.367447958650414297e-01,-1.027412061217171413e+02,-5.144064872003809796e+00
2.234999999999974563e+00,9.607572251889503478e-01,-4.331971309849352858e-01,-4.928310917245767797e+01,-4.768209592084840409e+00
2.239999999999974456e+00,9.577141898421860366e-01,-7.337150898919226893e-01,-6.375382532683067893e+01,-4.821467842047576724e+00
2.244999999999974349e+00,9.533390176249766368e-01,-9.779874191769716285e-01,-4.908022715944415637e+01,-4.683575080622485842e+00
2.249999999999974243e+00,9.475308954688831387e-01,-1.274999701780376693e+00,-4.550916633694307478e+01,-4.669963843674370452e+00
2.254999999999974136e+00,9.400213806218361556e-01,-1.637525672648231456e+00,-5.334840642579509051e+01,-4.584285691051491085e+00
2.259999999999974030e+00,9.305101007829396087e-01,-2.063733378603964663e+00,-6.698632125357532630e+01,-4.533476770196193328e+00
2.264999999999973923e+00,9.186470361354364123e-01,-2.548959083003973447e+00,-6.782574128689759618e+01,-4.317861888717930086e+00
2.269999999999973817e+00,9.040744261700197626e-01,-3.130966817282278214e+00,-9.238416432379226251e+01,-4.224182916669734666e+00
2.274999999999973710e+00,8.864613695008596306e-01,-3.747940273589339455e+00,-9.409298658551760752e+01,-3.941931448339220267e+00
2.279999999999973603e+00,8.655242137857633855e-01,-4.437070299009413965e+00,-1.051311538539796828e+02,-3.725848065912045204e+00
2.284999999999973497e+00,8.412603528493440841e-01,-5.090583407233166824e+00,-8.898471533422809898e+01,-3.300369271800377646e+00
2.289999999999973390e+00,8.139970576861462748e-01,-5.633979511864197320e+00,-5.959331351904124574e+01,-2.656869147303420053e+00
2.294999999999973284e+00,7.841258647904063572e-01,-6.155894099499221284e+00,-6.756103440701825491e+01,-2.470985958613348021e+00
2.299999999999973177e+00,7.518051009749585623e-01,-6.605642532668226430e+00,-4.281657779675173714e+01,-1.968330242049297407e+00
2.304999999999973070e+00,7.179942300522712539e-01,-6.847963274602710371e+00,-1.970798887452688319e+01,-1.446291329512648716e+00
2.309999999999972964e+00,6.825675630378202907e-01,-7.145961295881810393e+00,2.852323902628341656e+01,-1.333508083994106919e+00
2.314999999999972857e+00,6.459320003411416211e-01,-7.393073835385013837e+00,-4.576867886690504150e+00,-8.173493759629693045e-01
2.319999999999972751e+00,6.085437478282292867e-01,-7.411448666729687496e+00,1.133230174714058904e+02,-2.663111207869328645e-01
2.324999999999972644e+00,5.714001681277282030e-01,-7.375210740819960975e+00,5.156403575224954494e+01,1.979400127812280807e-01
2.329999999999972538e+00,5.341341013272633553e-01,-7.475417408634569050e+00,-1.378492283488361281e+01,1.976768240661215259e-01
2.334999999999972431e+00,4.975747697180795126e-01,-7.279332031447819595e+00,2.771378684422058214e+01,8.575181506422553390e-01
2.339999999999972324e+00,4.627893595832296980e-01,-6.728768159966050710e+00,1.226176920440759091e+02,1.446684764647171884e+00
2.344999999999972218e+00,4.313908384047960287e-01,-5.972262257465143165e+00,1.440972389379226968e+02,2.071981096550640444e+00
2.349999999999972111e+00,4.044774965171762937e-01,-4.987945885334493568e+00,1.996939282374827940e+02,1.928630107354378564e+00
2.354999999999972005e+00,3.839995318749995223e-01,-3.478433143835470975e+00,3.356906543306706112e+02,3.014717694707186979e+00
2.359999999999971898e+00,3.718465768008694106e-01,-1.726869998441949328e+00,3.494846255690747512e+02,3.719295153346460658e+00
2.364999999999971791e+00,3.689708183364265870e-01,1.936898288744997587e-01,4.023001369466057326e+02,3.929188216751921647e+00
2.369999999999971685e+00,3.749955631703263959e-01,1.826362772210602170e+00,2.809072187990776683e+02,3.333257052915145735e+00
2.374999999999971578e+00,3.863848948710109643e-01,2.271247995869990266e+00,4.970410062771138371e+01,3.381626931686209758e+00
2.379999999999971472e+00,3.981294437441674772e-01,2.401643406228863409e+00,3.945345549859077323e+02,3.824346932169250479e+00
2.384999999999971365e+00,4.095748810378982974e-01,1.958220767660859174e+00,-6.260152496846583290e+02,3.565052857764921868e+00
2.389999999999971259e+00,4.214636327903218405e-01,2.549873895121352430e+00,2.507410552424523758e+02,4.324821288424927523e+00
2.394999999999971152e+00,4.328662677954040472e-01,2.290548151789861375e+00,1.382370634118218788e+02,4.568547515567293438e+00
2.399999999999971045e+00,4.444285859796395233e-01,2.257073182734139483e+00,1.169103022907790148e+02,5.389346649462031458e+00
2.404999999999970939e+00,4.559739489834357951e-01,2.439103156823192897e+00,3.957133411263260996e+02,6.263396880081497642e+00
2.409999999999970832e+00,4.677385079651008581e-01,2.421192979394326095e+00,2.191854946486278095e+02,6.789160986136275611e+00
2.414999999999970726e+00,4.793521485295654250e-01,2.616415873631291689e+00,7.557553799747965968e+02,7.598719651135446007e+00
2.419999999999970619e+00,4.917747423879457735e-01,2.303487267451124865e+00,-7.287067833269832136e+02,6.947361994686628073e+00
2.424999999999970512e+00,5.033666959122838902e-01,2.360250030150428557e+00,7.828684482248756638e+01,7.940639078455121513e+00
2.429999999999970406e+00,5.129050759136541959e-01,1.580423446406589827e+00,-6.636730937419223437e+02,6.863005724157854814e+00
2.434999999999970299e+00,5.243408919706760152e-01,2.565239667467844598e+00,4.952477613946290376e+02,7.556170945374242720e+00
2.439999999999970193e+00,5.350038059716357708e-01,2.137882123020061087e+00,3.901402130648564537e+01,5.987030493043296708e+00
2.444999999999970086e+00,5.454789666992174713e-01,2.095988711423870665e+00,-3.138000451064405638e+01,6.234374381685610977e+00
2.449999999999969980e+00,5.548471465426865201e-01,1.895531741967516615e+00,-2.789642450647608598e+02,5.762588414131959880e+00
2.454999999999969873e+00,5.644931326175228747e-01,1.443595470959207372e+00,-5.723555216706374722e+02,5.856919392932565138e+00
2.459999999999969766e+00,5.744650244272894168e-01,2.054733512495460879e+00,1.053829077448492910e+02,5.920160852967443432e+00
2.464999999999969660e+00,5.841314165652444768e-01,2.039174748935341785e+00,2.991075743866071548e+02,5.886553065273803398e+00
2.469999999999969553e+00,5.938826072825561520e-01,1.934228634323064799e+00,-1.126240269791842081e+02,5.070314326685138262e+00
2.474999999999969447e+00,6.035435662903739784e-01,1.870830900242832273e+00,-6.361139621481078876e+01,4.552504545271373715e+00
2.479999999999969340e+00,6.133000338019828357e-01,1.693123692393918356e+00,-2.573529249228495246e+02,4.461328371539204696e+00
2.484999999999969233e+00,6.222221568213289755e-01,1.057397317554565896e+00,-8.744671514085508761e+02,5.027452588938847278e+00
2.489999999999969127e+00,6.322434229830173891e-01,2.283656925302800733e+00,4.067526587238490379e+02,6.263821148118091209e+00
2.494999999999969020e+00,6.421167805970744435e-01,2.071816341683703211e+00,1.319391667061499049e+02,5.308885175758014441e+00
2.499999999999968914e+00,6.521224922015631531e-01,2.063455812326032923e+00,1.077095627070306563e+02,5.377306244032048710e+00
2.504999999999968807e+00,6.621552113882280821e-01,2.126082274894602442e+00,1.874009632803320358e+02,4.489928006624881895e+00
2.509999999999968701e+00,6.722258471305139205e-01,2.239844990077177744e+00,3.362506212123912519e+02,3.922907777096298343e+00
2.514999999999968594e+00,6.821624874177323328e-01,2.151675705232367175e+00,2.428823092028411565e+02,3.468106394135602066e+00
2.519999999999968487e+00,6.917833456283816185e-01,1.509571434296683723e+00,-4.745431637303161096e+02,4.822165380038619276e+00
2.524999999999968381e+00,7.016188077483096475e-01,1.688410394114082891e+00,-3.595284626226640512e+02,5.078931386588402930e+00
2.529999999999968274e+00,7.117920886767757915e-01,2.180929523751052646e+00,2.135626897984537891e+02,4.066959119540533685e+00
2.534999999999968168e+00,7.219627576856874063e-01,2.236420799928435788e+00,2.903779769762498404e+02,3.041851487704226198e+00
2.539999999999968061e+00,7.317311273693480889e-01,1.676915942143403004e+00,-3.100561996229109241e+02,3.717911501192862289e+00
2.544999999999967955e+00,7.418594532293780741e-01,1.905967321830895678e+00,-7.081670061657844428e+01,2.695621443178830567e+00
2.549999999999967848e+00,7.520726332807913250e-01,1.780040022746602446e+00,-2.025338143519596201e+02,1.926135201751855153e+00
2.554999999999967741e+00,7.625594738609660084e-01,1.697105157028266698e+00,-3.198682632630772673e+02,2.681634058303519197e+00
2.559999999999967635e+00,7.732249839251024159e-01,2.167605323380326077e+00,3.539296102664421824e+02,2.086983948400507938e+00
2.564999999999967528e+00,7.823396341449966318e-01,1.685038059018217682e+00,-1.280346323003052476e+02,9.125368510137892297e-01
2.569999999999967422e+00,7.912693777142041363e-01,1.690729011273480076e+00,-2.018232392636166139e+01,1.751640095447903667e+00
2.574999999999967315e+00,8.002698775852762347e-01,1.621921913548993288e+00,-2.766059458667298827e+02,1.326387372427700218e+00
2.579999999999967208e+00,8.085356200742926935e-01,1.619551625492081870e+00,6.400858321107975257e+01,2.160876593797615985e+00
2.584999999999967102e+00,8.167648493682005961e-01,1.681218402204716744e+00,6.997866891979164450e+01,1.571073229846450259e+00
2.589999999999966995e+00,8.244968428936779725e-01,2.016226816160324731e+00,6.492139409252322366e+02,2.289769883769598557e+00
2.594999999999966889e+00,8.327257576839273145e-01,1.475790620303654377e+00,-2.072503422664682660e+02,8.659314537273301582e-01
2.599999999999966782e+00,8.408041973425153248e-01,1.972384232530195014e+00,5.307769233900256722e+02,1.912097278933011513e+00
2.604999999999966676e+00,8.485531526750093034e-01,1.767934421908397669e+00,3.662590327970689827e+02,4.886938708076166149e-01
2.609999999999966569e+00,8.560377971122238305e-01,1.605479108966569202e+00,1.395846439245615898e+02,7.618519113560814349e-01
2.614999999999966462e+00,8.636016783015070253e-01,1.469397120884159857e+00,-1.117419687711272616e+02,-4.249252118338586737e-02
2.619999999999966356e+00,8.706149215706747713e-01,1.325108321518580601e+00,-2.366618241589288516e+02,-5.752740426309193023e-01
2.624999999999966249e+00,8.780512677648588671e-01,1.595403252461810917e+00,2.338381607544237113e+02,-5.524410644353969779e-01
2.629999999999966143e+00,8.854718300934251163e-01,1.376915669699268596e+00,-2.253990615265273050e+02,-1.371223754517740590e+00
2.634999999999966036e+00,8.926207788081096384e-01,1.308463650163774750e+00,-2.369457922055381118e+02,-2.069152530867115036e+00
2.639999999999965929e+00,8.995505925165482308e-01,1.444231113493486651e+00,1.910987740400951509e+02,-2.295556325591700197e+00
2.644999999999965823e+00,9.058538510341077599e-01,1.219212828751190525e+00,-1.029494417715819026e+02,-2.915522788467838744e+00
2.649999999999965716e+00,9.096725239755716341e-01,4.656878740613641376e-01,-1.173221042367040496e+02,-3.310783616761082460e+00
2.654999999999965610e+00,9.127190727601185438e-01,5.287323467073350436e-01,-1.223942628110416138e+02,-3.323500956520986538e+00
2.659999999999965503e+00,9.146077449210806565e-01,2.828658876522925358e-01,-1.519757176670947274e+01,-3.048819143946249532e+00
2.664999999999965397e+00,9.155406713851793610e-01,1.175539338606029771e-01,-3.647649792613571407e+01,-3.050073884235628086e+00
2.669999999999965290e+00,9.153638281672106247e-01,-1.257199934127710694e-01,-4.649639361541525773e+01,-3.197893034216045649e+00
2.674999999999965183e+00,9.137857900375486730e-01,-4.356998499119292267e-01,-8.103921707780716588e+01,-3.277341074921648723e+00
2.679999999999965077e+00,9.108361034650536148e-01,-6.958118025278100527e-01,-4.482735078978782894e+01,-3.177532150455493198e+00
2.684999999999964970e+00,9.064893992584925897e-01,-9.694433064160076219e-01,-3.380525171351898450e+01,-3.206438976715287215e+00
2.689999999999964864e+00,9.006031765626562047e-01,-1.294417492883973120e+00,-3.493932628419545239e+01,-3.366164337168453091e+00
2.694999999999964757e+00,8.930366999979804099e-01,-1.649146534334645198e+00,-6.932699015049568914e+01,-3.422147452890794028e+00
2.699999999999964650e+00,8.836578270850274919e-01,-2.014067109959464030e+00,-6.298329885975896048e+01,-3.412505153717678485e+00
2.704999999999964544e+00,8.726132889409180526e-01,-2.309122888197378209e+00,-4.638369734819195855e+01,-3.073517888982460367e+00
2.709999999999964437e+00,8.600866556109322270e-01,-2.599182108250967627e+00,-4.590418352330132734e+01,-2.953621449681062661e+00
2.714999999999964331e+00,8.460539763564834947e-01,-2.915924509890876148e+00,-5.108303476103975527e+01,-2.872928136568472901e+00
2.719999999999964224e+00,8.303303648089674915e-01,-3.263885285449293683e+00,-5.015189486495442850e+01,-2.815530662636890114e+00
2.724999999999964118e+00,8.130234068528598979e-01,-3.552064787205643448e+00,-3.044586559157430372e+01,-2.417304552491746694e+00
2.729999999999964011e+00,7.942678590655907200e-01,-3.854345993041397467e+00,-4.765525985981614099e+01,-2.287816773193902975e+00
2.734999999999963904e+00,7.739051250835680129e-01,-4.178000079039900783e+00,-3.734319378369809783e+01,-2.214184136735815933e+00
2.739999999999963798e+00,7.520300449129233566e-01,-4.450950260037505046e+00,-1.626087489463522218e+01,-1.799563771409652624e+00
2.744999999999963691e+00,7.287875576095220742e-01,-4.758623548246339929e+00,-6.156508833255977464e+01,-1.657174353406752676e+00
2.749999999999963585e+00,7.040809004887984557e-01,-5.027142951052553599e+00,-2.365858081268953228e+01,-1.363988323465155972e+00
2.754999999999963478e+00,6.782728591368537563e-01,-5.195980787812866986e+00,1.350878338788807032e+00,-9.392922152420126736e-01
2.759999999999963372e+00,6.514676095831440916e-01,-5.422721612631367982e+00,-1.219558653462714304e+01,-8.607903881946676883e-01
2.764999999999963265e+00,6.240827383782671101e-01,-5.520795822483109738e+00,-3.872013320721734431e-01,-3.527792759275594214e-01
2.769999999999963158e+00,5.958537771537883998e-01,-5.700660884023976749e+00,-1.131666017908619537e+01,-2.509894391057292395e-01
2.774999999999963052e+00,5.673615202787537504e-01,-5.679218812339686728e+00,2.961360569422002698e+01,3.283372336336336517e-01
2.779999999999962945e+00,5.393450924460161389e-01,-5.545686267793313640e+00,1.803074802724804115e+01,2.445606623806373392e-01
2.784999999999962839e+00,5.129265392795917533e-01,-5.100007146637893563e+00,9.625680648394616412e+01,2.849493441808483851e-01
2.789999999999962732e+00,4.899686030532178771e-01,-4.239568817404144596e+00,1.757856497590583444e+02,1.148802832222712622e+00
2.794999999999962625e+00,4.720901322954613732e-01,-3.130190258186014152e+00,2.134841507302664070e+02,9.925965213064884551e-01
2.799999999999962519e+00,4.614975296871503541e-01,-1.459350789713711238e+00,3.362630078492721850e+02,2.144193107360761630e+00
2.804999999999962412e+00,4.593987773260893581e-01,2.467938752704618433e-01,3.200354107088173237e+02,1.853642136931640705e+00
2.809999999999962306e+00,4.658553239328955264e-01,1.918067422257022647e+00,3.082940182153668047e+02,2.344825870628607589e+00
2.814999999999962199e+00,4.759932712896145501e-01,2.440087715102421839e+00,3.707244777865336118e+02,2.058134073560622390e+00
2.819999999999962093e+00,4.856611919602332184e-01,1.937805342257534980e+00,-9.199839769252474753e+01,2.095312825254477040e+00
2.824999999999961986e+00,4.964373437979697212e-01,2.220668709141505825e+00,4.244491240098168419e+02,3.551725073724747883e+00
2.829999999999961879e+00,5.063423641728208580e-01,1.988507151125153305e+00,-1.980864550181966024e+02,2.665027999298565042e+00
2.834999999999961773e+00,5.163651814395098238e-01,2.104265839935916205e+00,4.992558082354672706e+02,3.525746488321772176e+00
2.839999999999961666e+00,5.267550784348112858e-01,1.886402317845599752e+00,-4.095197479038790789e+02,3.049674432101433741e+00
2.844999999999961560e+00,5.372970954001768940e-01,1.984245997275390083e+00,-1.318763514306901641e+02,3.454701448888215509e+00
2.849999999999961453e+00,5.478133601506244288e-01,2.175393118096862199e+00,1.057823629654856319e+02,4.179159514420961230e+00
2.854999999999961346e+00,5.585193336394934649e-01,1.969264192882721032e+00,-1.776338745383544619e+02,4.200963784795209932e+00
2.859999999999961240e+00,5.690312217107987847e-01,2.049447332241847164e+00,-1.641636997129804740e+02,5.058842255239710539e+00
2.864999999999961133e+00,5.797195125259980708e-01,2.088531208351199098e+00,-1.290050231118232489e+02,5.078394526994666869e+00
2.869999999999961027e+00,5.897188477764705450e-01,2.075992451092192770e+00,-6.576890801514506890e+00,5.178012732380433469e+00
2.874999999999960920e+00,6.000493058379052780e-01,2.027941261911112125e+00,-1.227609264745099438e+02,4.885416542249847005e+00
2.879999999999960814e+00,6.104421575988396853e-01,2.004747722528732456e+00,-2.591998368552552847e+02,5.486599970097064016e+00
2.884999999999960707e+00,6.209234285474066750e-01,1.993202803371979970e+00,-1.667107901668094314e+02,4.787244086301644330e+00
2.889999999999960600e+00,6.317099515373060248e-01,1.737199693774510223e+00,-3.986638607764414814e+02,4.105216098070603614e+00
2.894999999999960494e+00,6.421711336301784145e-01,1.912833537203471046e+00,-1.398088033281664764e+02,4.787762704833029126e+00
2.899999999999960387e+00,6.524463506864737194e-01,1.950272049550096254e+00,-6.862700798266955360e+01,3.990581026646602858e+00
2.904999999999960281e+00,6.625682246216478832e-01,1.926230463370618873e+00,-7.987088646571727679e+01,4.085075328970813047e+00
2.909999999999960174e+00,6.726864179163414281e-01,1.954122198322408632e+00,-1.886831874676764187e+01,3.993590000882938806e+00
2.914999999999960067e+00,6.828268738293753470e-01,1.852273218363750917e+00,-1.479393529521767903e+02,3.368976139200141162e+00
2.919999999999959961e+00,6.932809552622224425e-01,1.853581771250723653e+00,-2.418673288289738537e+02,4.345870645266515453e+00
2.924999999999959854e+00,7.033496922978019761e-01,1.925192012323972302e+00,-3.689664079958915011e+01,3.300925494639153079e+00
2.929999999999959748e+00,7.135677272158973405e-01,1.943717620855829997e+00,-2.154354463430451290e+02,3.739585629230028907e+00
2.934999999999959641e+00,7.238902645721139173e-01,1.996552273617642648e+00,-5.465168883722108149e+02,2.530560049298155700e+00
2.939999999999959535e+00,7.336686083984711448e-01,1.837345928071243639e+00,-3.214138468676976004e+02,3.177389003067784046e+00
2.944999999999959428e+00,7.433606659403916295e-01,2.012004830382597920e+00,3.330393975078906124e+02,2.335853507644595872e+00
2.949999999999959321e+00,7.527271402329712702e-01,2.412938899186131358e+00,7.426159907237910147e+02,2.171602648633173871e+00
2.954999999999959215e+00,7.603497843992337302e-01,1.740490178314803904e+00,1.593384645263969048e+02,1.691427087870148727e+00
2.959999999999959108e+00,7.683747975213069958e-01,1.550274407575139124e+00,1.126031272223077195e+01,2.467914795124133587e+00
2.964999999999959002e+00,7.754898180417276743e-01,1.506015476694930966e+00,8.248254738771084931e+02,2.317435390753074476e+00
2.969999999999958895e+00,7.833086103386850407e-01,1.578109242357588649e+00,-3.345712648409016055e+00,2.188354526599606498e+00
2.974999999999958789e+00,7.912174879272627637e-01,1.515948140160430224e+00,-6.901483990881918373e+01,2.653039708049055090e+00
2.979999999999958682e+00,7.993802779506455902e-01,1.590941503418589198e+00,-8.597023287752678300e+01,2.299840608246582985e+00
2.984999999999958575e+00,8.078528421920877500e-01,1.694325220915631203e+00,-1.761196879553587564e+02,2.124205572265260411e+00
2.989999999999958469e+00,8.161767022261642301e-01,1.794743757965918007e+00,3.036312597715865991e+02,2.000393741260347191e+00
2.994999999999958362e+00,8.246467050177893610e-01,1.822604324505983753e+00,3.512634948466891274e+02,1.454113864184497285e+00
2.999999999999958256e+00,8.324776657881266528e-01,1.859712714272770739e+00,4.464174402001572730e+02,1.256485133948220145e+00
3.004999999999958149e+00,8.402592112555833381e-01,1.659210370985530814e+00,2.363830317037426028e+02,1.113338274548992812e-01
3.009999999999958042e+00,8.481883013365897339e-01,1.657640761157071374e+00,4.224053960229753102e+01,-5.477043542959832978e-01
3.014999999999957936e+00,8.567033713645839654e-01,1.744193651645236764e+00,-4.340942127916270721e+01,-2.207228981605921625e+00
3.019999999999957829e+00,8.639798166995305007e-01,1.383778275612005171e+00,1.295701332494112235e+00,-3.852346279073105784e+00
3.024999999999957723e+00,8.694675902649033894e-01,8.488699080261535856e-01,-1.411029412564662380e+02,-3.917777065046101459e+00
3.029999999999957616e+00,8.724712021280591756e-01,4.381471975829380194e-01,-6.190379605063935031e+01,-3.353237522120858571e+00
3.034999999999957510e+00,8.733737460125620133e-01,2.276478019999844671e-02,-6.382354175180097400e+01,-3.430017030914041865e+00
3.039999999999957403e+00,8.721280683273503476e-01,-4.011306540906445783e-01,-4.765621458350216955e+01,-3.532922162759148055e+00
3.044999999999957296e+00,8.687903852296445795e-01,-8.313560048906911693e-01,-6.859084578524198150e+01,-3.537375801045175461e+00
3.049999999999957190e+00,8.632729831525387532e-01,-1.278150845355879195e+00,-8.189759482087833931e+01,-3.569798632842821284e+00
3.054999999999957083e+00,8.554599021845055162e-01,-1.738879707405158292e+00,-7.439939308154586683e+01,-3.559882011865732387e+00
3.059999999999956977e+00,8.454548835609854152e-01,-2.150621333158066140e+00,-5.372032997066358462e+01,-3.261160383431746190e+00
3.064999999999956870e+00,8.333145794633072256e-01,-2.580260441694606222e+00,-4.340661244097933746e+01,-3.175158095938868108e+00
3.069999999999956763e+00,8.188613181773324312e-01,-3.074956509791061166e+00,-9.513901171269955626e+01,-3.128657775382002626e+00
3.074999999999956657e+00,8.019229206325143577e-01,-3.573799467522581264e+00,-7.262965266538317621e+01,-2.997544282036319174e+00
3.079999999999956550e+00,7.826817776476477917e-01,-3.993380769376334349e+00,-4.399836309157939240e+01,-2.573906180063909144e+00
3.084999999999956444e+00,7.613988056637698287e-01,-4.401167803914999510e+00,-5.923582125398161224e+01,-2.422248451952747406e+00
3.089999999999956337e+00,7.380060057091208936e-01,-4.823858210487982134e+00,-5.632859683350748981e+01,-2.277200439712730784e+00
3.094999999999956231e+00,7.128147775442549294e-01,-5.138610538859604837e+00,-1.619386266729837587e+01,-1.820605071832086974e+00
3.099999999999956124e+00,6.861531805925923377e-01,-5.429734537358690716e+00,-4.552695234021966542e+01,-1.618854402669737791e+00
3.104999999999956017e+00,6.580244012936052878e-01,-5.721016440109241152e+00,-3.430481913343200517e+01,-1.438709329093089462e+00
3.109999999999955911e+00,6.287096659202642268e-01,-5.902317643815995218e+00,2.040526594826108209e+01,-9.238947265185455393e-01
3.114999999999955804e+00,5.988213036099993003e-01,-6.045064380585301045e+00,-5.303779834896529621e+01,-7.303688807580672737e-01
3.119999999999955698e+00,5.679617994313475027e-01,-6.255380226309608993e+00,-4.877214734946483077e+01,-4.554888625556721138e-01
3.124999999999955591e+00,5.367199791476834347e-01,-6.233869847239946971e+00,2.247181374868866399e+01,1.787152240708591577e-01
3.129999999999955484e+00,5.060164364597521391e-01,-6.073390988339489205e+00,2.282766032614308571e+01,3.198600622448997122e-01
3.134999999999955378e+00,4.767028574944952579e-01,-5.716979305702336589e+00,7.186339010071172595e+01,5.086087472369125173e-01
3.139999999999955271e+00,4.503558784062652864e-01,-4.958420723544223030e+00,1.749869790726353642e+02,1.269882234648577191e+00
3.144999999999955165e+00,4.283844966035246227e-01,-4.008748385759690613e+00,1.827248211645060110e+02,1.395970515684283653e+00
3.149999999999955058e+00,4.122215116382420552e-01,-2.717043170229224369e+00,2.592638862142905509e+02,1.502328557188833402e+00
3.154999999999954952e+00,4.036280233184105226e-01,-1.055654632693008077e+00,3.375458259032849924e+02,2.723011040216736234e+00
3.159999999999954845e+00,4.030090912447545359e-01,4.824255458055964896e-01,2.922375630514595173e+02,2.021432588869197744e+00
3.164999999999954738e+00,4.097260826258690702e-01,1.871478806288550345e+00,2.472498582624653523e+02,1.677845946833632418e+00
3.169999999999954632e+00,4.201481478758714028e-01,2.285000168390758368e+00,2.659760441836422729e+02,2.322705518275931524e+00
3.174999999999954525e+00,4.301166784761398798e-01,2.130265859956488317e+00,1.594061552115217637e+02,1.945681496827764478e+00
3.179999999999954419e+00,4.402966994542256707e-01,1.971422212742695246e+00,-2.422016088514801595e+02,2.103010415715248271e+00
3.184999999999954312e+00,4.504453918395637801e-01,1.950308973471226670e+00,-1.693166027409712342e+02,2.776518710757362562e+00
3.189999999999954206e+00,4.605075454495171083e-01,2.130648122887004003e+00,1.905026495381789005e+02,2.621889951623755266e+00
3.194999999999954099e+00,4.700480559302369077e-01,1.870210514737413954e+00,2.782234457616040046e+01,2.579935245407188660e+00
3.199999999999953992e+00,4.800025686138756353e-01,1.900775059499507202e+00,-2.859209781062946831e+02,3.608383108787716509e+00
3.204999999999953886e+00,4.905812714397060903e-01,2.017626219472927307e+00,-2.725951407730985565e+01,3.675043521899336696e+00
3.209999999999953779e+00,5.007777111166106243e-01,2.029400227098009601e+00,9.783418542172151788e+00,4.314562284194604302e+00
3.214999999999953673e+00,5.108996204348643655e-01,2.086537170556086007e+00,1.162680785785680087e+02,4.769755890519154384e+00
3.219999999999953566e+00,5.210610367186154779e-01,2.072716120322394939e+00,1.105785808917861317e+02,5.074331411708493889e+00
3.224999999999953459e+00,5.309331785010943383e-01,2.219819458073783558e+00,7.053118401419219481e+02,5.800110348741046806e+00
3.229999999999953353e+00,5.412727551656948410e-01,2.092743694106523389e+00,-1.898191476099364650e+02,5.330870388165385165e+00
3.234999999999953246e+00,5.512582959684648731e-01,2.059679962504969986e+00,-1.800358703624220880e+02,5.749270004402206702e+00
3.239999999999953140e+00,5.606786276067697861e-01,1.925765290538555607e+00,-2.111215862993555845e+02,5.839065447563950073e+00
3.244999999999953033e+00,5.706884958069223801e-01,1.690697538872822925e+00,-3.363798127802999716e+02,5.319975656508455941e+00
3.249999999999952927e+00,5.807955119616050599e-01,2.030182938097115919e+00,6.524529403653289705e+01,5.165121978003972991e+00
3.254999999999952820e+00,5.908991063662664134e-01,2.156842308407613373e+00,2.176169201388384238e+02,6.262759790382720126e+00
3.259999999999952713e+00,6.007080780144834486e-01,2.255902938914239986e+00,4.233887034728742265e+02,5.774434027968273320e+00
3.264999999999952607e+00,6.105777316115296172e-01,2.084717464503264228e+00,2.709937504215081958e+02,5.098152577235478766e+00
3.269999999999952500e+00,6.200969970361924766e-01,2.023034078449022832e+00,4.682492541046764813e+02,4.776598887215006251e+00
3.274999999999952394e+00,6.301867763719369853e-01,1.988440068801789806e+00,-3.057430002320896278e+02,4.266193687763327524e+00
3.279999999999952287e+00,6.399512879540772969e-01,1.963827362355045292e+00,-1.719073366823130584e+02,4.616895280399084811e+00
3.284999999999952180e+00,6.494557321097164104e-01,1.902258907192794668e+00,-2.302198343714208590e+02,4.146913354620106240e+00
3.289999999999952074e+00,6.590624963789222246e-01,1.896889055899418031e+00,-2.078518619623149277e+02,3.953606222111440083e+00
3.294999999999951967e+00,6.688436274362037359e-01,1.943948376429103453e+00,-1.347662107411583179e+02,4.501447535977259662e+00
3.299999999999951861e+00,6.784123849126469930e-01,1.900037361787125567e+00,-2.556520028030818139e+02,3.957297183630938520e+00
3.304999999999951754e+00,6.880997912633111113e-01,1.910994113554539631e+00,-2.975357666564752890e+02,3.362283288983101137e+00
3.309999999999951648e+00,6.978556468955314784e-01,1.958253711005868869e+00,-1.889453000967863545e+02,4.011130846884273460e+00
3.314999999999951541e+00,7.072567923156919401e-01,1.945527756257051877e+00,1.552650578786573590e+02,3.857611144397689706e+00
3.319999999999951434e+00,7.169027843026287705e-01,2.005684822267523870e+00,1.878221189043905781e+02,3.830300260099878340e+00
3.324999999999951328e+00,7.266619605296305018e-01,1.973733415011232228e+00,9.603197385505386308e+01,3.825837958317684695e+00
3.329999999999951221e+00,7.362258180590478540e-01,2.008792715590728584e+00,1.552080840624220173e+02,3.343172725170027615e+00
3.334999999999951115e+00,7.458588173028124491e-01,1.715841963112275881e+00,-2.309932291410761422e+02,2.962277709164408357e+00
3.339999999999951008e+00,7.554056564990949685e-01,1.793178025264309028e+00,-1.393498060202875308e+02,2.613783627291393685e+00
3.344999999999950901e+00,7.647290010630909407e-01,1.725474127502349964e+00,1.928236357190959041e+02,3.236853660484923623e+00
3.349999999999950795e+00,7.733584215695151753e-01,1.330217724025452908e+00,-8.348665275295986703e+02,1.206251907859491768e+00
3.354999999999950688e+00,7.807986215374522754e-01,1.542347823330249668e+00,-1.439850620721809094e+02,2.148274652731610335e+00
3.359999999999950582e+00,7.888201913729214754e-01,1.808601294360693723e+00,3.188448375746540933e+02,2.465681270968341998e+00
3.364999999999950475e+00,7.965806868868167134e-01,1.754064737387698081e+00,6.348624874471566955e+02,8.107812101546109096e-01
3.369999999999950369e+00,8.030398123033247737e-01,1.292124744908206502e+00,-4.445655142552227517e+02,1.095948237919422974e+00
3.374999999999950262e+00,8.108575316551102086e-01,1.469173314953140741e+00,2.811117291335804680e+02,2.365295227126342326e+00
3.379999999999950155e+00,8.182618998979057645e-01,1.582146835149057074e+00,-4.123729755047184540e+02,2.064205288015348749e+00
3.384999999999950049e+00,8.257048140922002011e-01,1.649405922425267734e+00,3.711359154189372020e+02,2.024296373497512569e+00
3.389999999999949942e+00,8.332430781058812741e-01,1.754509660524360193e+00,3.682874050256137934e+02,1.723879095235370640e+00
3.394999999999949836e+00,8.402353563139760562e-01,1.067181895695054950e+00,-3.570866769271989369e+02,1.284405853007505982e+00
3.399999999999949729e+00,8.474459698750973491e-01,1.316612965994754747e+00,-9.413314604280446929e+01,1.270134319051254845e+00
3.404999999999949623e+00,8.544633367339685703e-01,1.425083365928073498e+00,3.203499732423676249e+01,3.356922159844557552e-01
3.409999999999949516e+00,8.612461353008162845e-01,1.362965685032906826e+00,-4.403430212491286966e+01,-7.515159185668874864e-01
3.414999999999949409e+00,8.676713335498689172e-01,1.228683694478114319e+00,-3.801458895001973559e+01,-2.099980473772906642e+00
3.419999999999949303e+00,8.734998369561531861e-01,1.014214333323288253e+00,-6.513151490101229513e+01,-4.009311463384241492e+00
3.424999999999949196e+00,8.764551367415321925e-01,2.675583398725453477e-01,-1.957923370357419799e+02,-4.366280581236174463e+00
3.429999999999949090e+00,8.768167430795491546e-01,-9.334128509802366858e-02,-6.512452466855488353e+01,-3.456958449727289384e+00
3.434999999999948983e+00,8.750526343369002813e-01,-5.415042320242020590e-01,-1.337702106552118551e+02,-3.485993078447622739e+00
3.439999999999948876e+00,8.711289679474364389e-01,-9.470791972553964655e-01,-5.464272692506531826e+01,-3.394233246426264561e+00
3.444999999999948770e+00,8.652454165325162982e-01,-1.342327552916872113e+00,-1.194172584996305631e+02,-3.337240213603129835e+00
3.449999999999948663e+00,8.574763745447741004e-01,-1.701094022827665420e+00,-5.179356815427781413e+01,-3.273675680986245506e+00
3.454999999999948557e+00,8.478889629626443769e-01,-2.048995381707264585e+00,-4.705357735531396202e+01,-3.188313759292028315e+00
3.459999999999948450e+00,8.365095202472642155e-01,-2.417258448527576320e+00,-7.163223807264216703e+01,-3.176072582221418195e+00
3.464999999999948344e+00,8.231990103633657352e-01,-2.822451614711314338e+00,-9.600511808430282201e+01,-3.152386996322126045e+00
3.469999999999948237e+00,8.081390518978124327e-01,-3.133068586963893232e+00,-6.386064924728170666e+01,-2.790188079614961847e+00
3.474999999999948130e+00,7.914704366340511443e-01,-3.437967787219276428e+00,-3.068596347309065919e+01,-2.632652897955433335e+00
3.479999999999948024e+00,7.732310010728586924e-01,-3.747827957483722994e+00,-2.673446111001686276e+01,-2.577154356474855135e+00
3.484999999999947917e+00,7.533491351136774039e-01,-4.095212547746164944e+00,-3.992236093398885544e+01,-2.500970669026180371e+00
3.489999999999947811e+00,7.320044590462577716e-01,-4.351577459454734509e+00,-7.699783328823046169e+00,-2.108667729488899578e+00
3.494999999999947704e+00,7.094066291750894537e-01,-4.605758055056858424e+00,-3.554931969123021673e+01,-1.942754143976485715e+00
3.499999999999947597e+00,6.854349318147641146e-01,-4.891352517874812733e+00,-5.081432045678240428e+01,-1.828765255932018441e+00
3.504999999999947491e+00,6.602779061946373318e-01,-5.085887646176195709e+00,3.727365140270292088e+00,-1.412616884928172389e+00
3.509999999999947384e+00,6.342829002514048797e-01,-5.251561362920441844e+00,-3.339949410071115210e+01,-1.228392842549081099e+00
3.514999999999947278e+00,6.074057351594239762e-01,-5.420386953328863555e+00,1.357805843475315077e+00,-1.058877223117616673e+00
3.519999999999947171e+00,5.799145019630582709e-01,-5.510172680700906156e+00,1.535259257402702637e+01,-6.287715280701524634e-01
3.524999999999947065e+00,5.520683137778327199e-01,-5.588490973426893049e+00,-2.027133508960440622e+01,-4.158655597503759793e-01
3.529999999999946958e+00,5.236349484339910543e-01,-5.729078500230163407e+00,-1.202059527318073506e+01,-1.823543438003070172e-01
3.534999999999946851e+00,4.951590800536982417e-01,-5.704504841354489209e+00,-3.431121791098160401e+00,3.391091765127853819e-01
3.539999999999946745e+00,4.672027028561079320e-01,-5.527789631663678982e+00,8.334604906862535856e+00,5.504821124462071502e-01
3.544999999999946638e+00,4.408925708194648685e-01,-5.093505186396503959e+00,7.927007611141446830e+01,6.378039141740152740e-01
3.549999999999946532e+00,4.183216171985282283e-01,-4.123997681348205546e+00,2.069992025653789653e+02,1.502141883165920122e+00
3.554999999999946425e+00,4.013905028168601175e-01,-2.888860257120799968e+00,2.413866099314354017e+02,1.923254181903358395e+00
3.559999999999946318e+00,3.912711047182617641e-01,-1.448858735032256151e+00,2.876310498145176666e+02,2.001425061023835106e+00
3.564999999999946212e+00,3.889920736862310102e-01,1.972100793323965651e-01,3.335843310530414101e+02,2.732986336348503631e+00
3.569999999999946105e+00,3.942207813799371574e-01,1.577427183814976708e+00,2.522639339047410090e+02,1.792974329130638367e+00
3.574999999999945999e+00,4.039654272776699306e-01,1.915441501143023695e+00,2.677981539217395834e+02,1.911808032703269156e+00
3.579999999999945892e+00,4.133477428299190404e-01,1.614769560040783425e+00,-4.943014720489710498e+02,2.432342123574669834e+00
3.584999999999945786e+00,4.233576990392914352e-01,2.045700058961429590e+00,3.057345076815915945e+02,2.417653934217244061e+00
3.589999999999945679e+00,4.330306053949024014e-01,1.521648757610432945e+00,-6.682864600357804648e+02,1.908161183881522893e+00
3.594999999999945572e+00,4.429320466469914841e-01,2.182450705470913466e+00,2.341473752883990471e+02,3.196420790024234293e+00
3.599999999999945466e+00,4.521372660630437745e-01,1.834457089621602588e+00,1.970575653069624593e+02,2.550739482442201389e+00
3.604999999999945359e+00,4.616483463875444837e-01,1.749052386298335371e+00,-4.029787374269064344e+02,2.981432584729478030e+00
3.609999999999945253e+00,4.719198118184549928e-01,2.250694590507325010e+00,2.492246879112749411e+02,3.569622565138348413e+00
3.614999999999945146e+00,4.822752341982527446e-01,2.413482685193283572e+00,4.675866740868186184e+02,3.805082791862865577e+00
3.619999999999945040e+00,4.922296943257447044e-01,1.877899752717240078e+00,-1.389009743709457894e+02,4.071286282112597910e+00
3.624999999999944933e+00,5.022713922745888349e-01,2.053041648920004292e+00,8.923596939335941158e+01,5.344050965270032094e+00
3.629999999999944826e+00,5.121870734762516975e-01,2.037325062648954077e+00,6.882638813872065953e+01,5.250802377222171913e+00
3.634999999999944720e+00,5.219405064083055823e-01,2.245082589440340559e+00,5.703468789814817228e+02,6.069261409010115571e+00
3.639999999999944613e+00,5.314621526630646242e-01,1.740812212804328851e+00,-3.389100761079963036e+02,5.751221049851773515e+00
3.644999999999944507e+00,5.413313130389748595e-01,2.130725994332110851e+00,3.973932904685530048e+02,6.746706737053699499e+00
3.649999999999944400e+00,5.500266429084391673e-01,1.432333361167222430e+00,-6.619743192203561648e+02,5.686137018550045497e+00
3.654999999999944293e+00,5.600809957207988354e-01,2.436054179344811832e+00,7.702566843574717268e+02,6.590946007998558898e+00
3.659999999999944187e+00,5.705144172081872966e-01,1.823271258161770936e+00,-6.639824923068993030e+02,5.369108863234067996e+00
3.664999999999944080e+00,5.806266087251114039e-01,2.023139683887791307e+00,1.012214198284568027e+02,6.518799854115790993e+00
3.669999999999943974e+00,5.890239000029394711e-01,1.505345060242431865e+00,-6.177266313781632334e+02,5.387544002225260087e+00
3.674999999999943867e+00,5.986619152453442894e-01,1.357047782153943949e+00,-6.072078449562529840e+02,5.553220125799748885e+00
3.679999999999943761e+00,6.087451840011155468e-01,2.097760321252705396e+00,1.839601274998281610e+02,5.340820468363435936e+00
3.684999999999943654e+00,6.184511922772906178e-01,2.087248216676839352e+00,2.128314602836440770e+02,5.087607390393484863e+00
3.689999999999943547e+00,6.281883339308068637e-01,2.214436287079170285e+00,3.539548755062345435e+02,5.698828772628248274e+00
3.694999999999943441e+00,6.377271957965580107e-01,2.135708422480783408e+00,3.625580844563432947e+02,4.789663564540132867e+00
3.699999999999943334e+00,6.473343978811016974e-01,1.994356896067076557e+00,1.474519067663586043e+02,4.665124960318036251e+00
3.704999999999943228e+00,6.569259631357095008e-01,2.001038683057521084e+00,1.740437728161352595e+02,4.712200973089197831e+00
3.709999999999943121e+00,6.665525176047412126e-01,2.081120267078323760e+00,4.070888100962237672e+02,4.806995388382921064e+00
3.714999999999943014e+00,6.761528108929598657e-01,2.015171708304913434e+00,3.367959518432764980e+02,4.347971927164286932e+00
3.719999999999942908e+00,6.857927974128614768e-01,2.003910673150640420e+00,2.212977678200384446e+02,4.220592792902748691e+00
3.724999999999942801e+00,6.956098991722076130e-01,2.130969728619666714e+00,4.384142542992124731e+02,4.616467616984052391e+00
3.729999999999942695e+00,7.058316586838038198e-01,2.010146323554424352e+00,3.167920552674533496e+02,3.878016421170764616e+00
3.734999999999942588e+00,7.156419420721092939e-01,2.155087277234862597e+00,4.759703870258494476e+02,4.610257086359311529e+00
3.739999999999942482e+00,7.253039207712259628e-01,1.979772974933053487e+00,1.271567899167667122e+02,3.755109783831927839e+00
3.744999999999942375e+00,7.346007588138598887e-01,1.661245877598691578e+00,-2.096197795241048425e+02,4.585196348329502847e+00
3.749999999999942268e+00,7.442493382193617890e-01,1.699693045098841448e+00,-2.099127055956852246e+02,3.173269563776290436e+00
3.754999999999942162e+00,7.536717849113693246e-01,1.757475863020460993e+00,-2.116068404188901582e+02,3.704464392348351787e+00
3.759999999999942055e+00,7.630086909938298412e-01,1.646670761977611086e+00,-3.188694638431852013e+02,2.379608631312693845e+00
3.764999999999941949e+00,7.721012446431581022e-01,1.706852048881007278e+00,-6.800893583132057074e+02,2.058078934075534772e+00
3.769999999999941842e+00,7.798679164227932947e-01,1.496280335494863944e+00,-9.801377355631773014e+01,2.644515082918380777e+00
3.774999999999941735e+00,7.868886581467274821e-01,1.094922839825742678e+00,-3.261103353163502447e+02,2.201289409618560455e+00
3.779999999999941629e+00,7.934859368839146665e-01,1.371331234587074066e+00,6.126799177007811181e+01,2.927837038894273824e+00
3.784999999999941522e+00,8.004429540968815981e-01,1.360192088733539473e+00,-2.131762944853401223e+02,2.214810815175272118e+00
3.789999999999941416e+00,8.079839950929437187e-01,1.854517227996760553e+00,5.561945406702488981e+02,3.103815447023578145e+00
3.794999999999941309e+00,8.156675395524819461e-01,1.186839343321346441e+00,-3.948681580058083114e+02,2.760112290371392163e+00
3.799999999999941203e+00,8.232471902004365738e-01,1.365375578831009795e+00,-2.980908014702569062e+02,1.787997018838160423e+00
3.804999999999941096e+00,8.304012621675112005e-01,1.548870542504666936e+00,2.102585721291082166e+02,1.978591012959368900e+00
3.809999999999940989e+00,8.382387205294093979e-01,2.179666036375069282e+00,8.133180432582199728e+02,1.846366774352317552e+00
3.814999999999940883e+00,8.453981435712681902e-01,1.754854934358776486e+00,4.692559668946591955e+02,5.299350550431830564e-01
3.819999999999940776e+00,8.522510905119482505e-01,1.088913351025487364e+00,-3.070527194380115930e+02,1.021721987501244211e+00
3.824999999999940670e+00,8.591931935146569499e-01,1.405025328474698521e+00,6.530179891772333178e+01,-7.357736410422566209e-02
3.829999999999940563e+00,8.663818771619304915e-01,1.483962450962983404e+00,-1.077039016018476048e+02,-2.145303963984269036e+00
3.834999999999940457e+00,8.724671935873433704e-01,1.107785504933145537e+00,-5.466247398999187368e+01,-4.671909847533799010e+00
3.839999999999940350e+00,8.763047907945767934e-01,5.578876607063207871e-01,-1.018542508995220999e+02,-5.597983335744180167e+00
3.844999999999940243e+00,8.779742496782713124e-01,1.378217355022988699e-01,-1.203018194759345789e+02,-3.844005152094454036e+00
3.849999999999940137e+00,8.771735388783038490e-01,-3.527919548929489557e-01,-8.729521547314084273e+01,-3.327032786936787723e+00
3.854999999999940030e+00,8.738104847978458434e-01,-8.848227726618055344e-01,-1.040550632361498344e+02,-3.446331456305607777e+00
3.859999999999939924e+00,8.677423532796342265e-01,-1.408668948796669262e+00,-7.723692187583887403e+01,-3.382668878659865097e+00
3.864999999999939817e+00,8.591365529637728926e-01,-1.938856540819945184e+00,-1.407831465967866791e+02,-3.299104478947940677e+00
3.869999999999939710e+00,8.480277123014869911e-01,-2.404683811919876124e+00,-6.889844802297841397e+01,-3.141792457351102463e+00
3.874999999999939604e+00,8.344849439680224190e-01,-2.912780367519698821e+00,-1.329562542095907531e+02,-2.992513954875490434e+00
3.879999999999939497e+00,8.185801722345099618e-01,-3.355890816554070621e+00,-6.558076231760934149e+01,-2.791645157733070537e+00
3.884999999999939391e+00,8.003716820078466965e-01,-3.821824064607472149e+00,-1.157578956524401690e+02,-2.616735920849996955e+00
3.889999999999939284e+00,7.801107834594577239e-01,-4.200390970898325804e+00,-5.272305285170656219e+01,-2.346029038146510537e+00
3.894999999999939178e+00,7.579351978198700657e-01,-4.569356695389174661e+00,-8.651906458732834437e+01,-2.116545447059180685e+00
3.899999999999939071e+00,7.342047287737945016e-01,-4.860500897029920608e+00,-4.097041150050832670e+01,-1.872958088027242507e+00
3.904999999999938964e+00,7.090055077730059718e-01,-5.133345285956245618e+00,-6.930794789538288114e+01,-1.665625873136360902e+00
3.909999999999938858e+00,6.826769566493724462e-01,-5.350703893326751448e+00,-3.099238226225901016e+01,-1.421148808870817959e+00
3.914999999999938751e+00,6.553825164172196738e-01,-5.506555350249956682e+00,-2.149937700411268438e+01,-1.236060195229736092e+00
3.919999999999938645e+00,6.272199812974497135e-01,-5.681293875709986452e+00,-1.650933342668916382e+01,-1.153618509154259009e+00
3.924999999999938538e+00,5.985566818250955823e-01,-5.729272257774366217e+00,1.102740667733348268e+01,-8.229731057609330769e-01
3.929999999999938431e+00,5.697734739115151159e-01,-5.746451215642704113e+00,3.021722643302219957e+00,-6.525776081979346444e-01
3.934999999999938325e+00,5.410542414935531896e-01,-5.707824698081654269e+00,2.923554244685048431e+01,-3.135228356191057664e-01
3.939999999999938218e+00,5.132200506804487361e-01,-5.423405988101823283e+00,9.039549618563412992e+01,1.221287873779943745e-01
3.944999999999938112e+00,4.866916270405865497e-01,-5.188383434028654762e+00,8.822756505766959378e+01,1.409714235493075840e-01
3.949999999999938005e+00,4.608366615683912038e-01,-5.107399890944274823e+00,5.984101277288900889e+01,2.194212078334616400e-01
3.954999999999937899e+00,4.355573667542993466e-01,-4.996049621715988209e+00,5.225477407423261411e+01,7.534326330578582365e-01
3.959999999999937792e+00,4.112709656678992243e-01,-4.771706674639571766e+00,1.972212460015713020e+01,8.882926868559790634e-01
3.964999999999937685e+00,3.887977572694222284e-01,-4.316409033160034880e+00,8.163940749090886584e+01,9.731627450239435095e-01
3.969999999999937579e+00,3.698578628009515090e-01,-3.448069425910131880e+00,1.611316270395609251e+02,1.599171742610288494e+00
3.974999999999937472e+00,3.565050322970263474e-01,-2.169656993402431677e+00,2.395657717584488182e+02,2.097935130102760226e+00
3.979999999999937366e+00,3.504190471454670663e-01,-6.123328162840616651e-01,2.870281554220989619e+02,2.536576473112400532e+00
3.984999999999937259e+00,3.527723792520583990e-01,1.148601293140565804e+00,3.290287345464089412e+02,3.366413446349952210e+00
3.989999999999937152e+00,3.618897255906530774e-01,1.902290065405766173e+00,-2.517258784897114197e+02,2.065183222668754759e+00
3.994999999999937046e+00,3.721722758409031218e-01,2.128903620978833455e+00,3.223998500226472288e+02,2.568499798411294499e+00
3.999999999999936939e+00,3.824146619001151381e-01,1.755029931346581140e+00,-5.824901902195401817e+02,2.610424870711776979e+00
4.004999999999936833e+00,3.930712713981578954e-01,2.379751960731880445e+00,3.663618630480358433e+02,3.032612724250521197e+00
4.009999999999936726e+00,4.029107523890798070e-01,1.958048902953658077e+00,-1.042074011954634898e+02,2.570178334170132750e+00
4.014999999999936620e+00,4.137625344629117796e-01,2.292584085097721491e+00,4.199115745969081672e+02,3.773689223478432719e+00
4.019999999999936513e+00,4.236848812343327331e-01,1.918018924534740322e+00,-2.584898692251158536e+02,3.290126610317262390e+00
4.024999999999936406e+00,4.345146936862800402e-01,2.262614305096242617e+00,4.130121716495173132e+02,4.210660552155704117e+00
4.029999999999936300e+00,4.437545158390786559e-01,1.715797898203794469e+00,-3.757536710791130190e+02,4.667424617078890670e+00
4.034999999999936193e+00,4.540074136588669318e-01,1.816303002989201554e+00,-2.368730752595848514e+02,5.721580378683743362e+00
4.039999999999936087e+00,4.640704657975869285e-01,1.667325688367415459e+00,-4.391921857843248631e+02,5.935767826864680963e+00
4.044999999999935980e+00,4.747886615650439013e-01,1.811055204763816873e+00,-3.321711769845609865e+02,6.824423283648532568e+00
4.049999999999935874e+00,4.849415529169406880e-01,1.667760984945254821e+00,-4.349893269177351272e+02,7.028730845685990936e+00
4.054999999999935767e+00,4.959624053878818328e-01,1.741545228175713556e+00,-4.205452804768244164e+02,7.436906503765969845e+00
4.059999999999935660e+00,5.062898947689971063e-01,1.616420245784250476e+00,-4.597667945199207793e+02,6.728887705269851693e+00
4.064999999999935554e+00,5.165675463982400961e-01,2.322749204120306388e+00,5.728031811496296086e+02,7.270965988417318115e+00
4.069999999999935447e+00,5.263229830654960750e-01,1.827777272417618670e+00,-2.358323613821972344e+02,5.900128981928264515e+00
4.074999999999935341e+00,5.359431942972029406e-01,2.192179731062364301e+00,6.435748644948516812e+02,6.766073660449035465e+00
4.079999999999935234e+00,5.447485691345632652e-01,1.436470223361016041e+00,-6.906361891811354781e+02,5.427160756139867814e+00
4.084999999999935127e+00,5.547592084311860905e-01,2.423328892586729122e+00,8.047156403831536409e+02,6.109392671765473182e+00
4.089999999999935021e+00,5.649829185046207902e-01,1.843956361370872932e+00,-6.501305050638929970e+02,4.683450592947089319e+00
4.094999999999934914e+00,5.747696082724982336e-01,1.741563671656004120e+00,-3.317361432967356336e+02,5.228627547204131254e+00
4.099999999999934808e+00,5.848128540382467877e-01,1.887393965743429325e+00,-1.215396371265877207e+02,5.379003884474634845e+00
4.104999999999934701e+00,5.948257527151292745e-01,2.204829393590304942e+00,3.172221080542884692e+02,5.989747884641606568e+00
4.109999999999934595e+00,6.047479173518786055e-01,2.070726747305133841e+00,3.056690351533930539e+02,5.017921475335689330e+00
4.114999999999934488e+00,6.147091957801295026e-01,1.956762874303560773e+00,-1.485158675410964975e+02,4.424893961203724579e+00
4.119999999999934381e+00,6.245199919271422484e-01,1.926662241620280103e+00,-1.755911275884164695e+02,4.399910193855098406e+00
4.124999999999934275e+00,6.343511453897564545e-01,1.874886974468951806e+00,-2.000015470110363935e+02,4.769477622704481057e+00
4.129999999999934168e+00,6.444044029690045861e-01,1.624971195383149158e+00,-3.977524371490480348e+02,4.169105034820546507e+00
4.134999999999934062e+00,6.540189526958321009e-01,1.526289078302404345e+00,-4.191590869155174346e+02,4.312216591285718437e+00
4.139999999999933955e+00,6.640962195455905048e-01,2.188127347865088002e+00,2.861932440990728423e+02,4.817501846134082832e+00
4.144999999999933848e+00,6.738920565627504189e-01,2.133889006026432167e+00,2.823045809803490442e+02,4.253774724581753652e+00
4.149999999999933742e+00,6.833362641546780747e-01,2.057577305087796571e+00,2.666230005201822451e+02,4.312190024047486858e+00
4.154999999999933635e+00,6.923401899347244592e-01,1.898120437994062604e+00,2.073520926632704402e+02,4.000226493014994666e+00
4.159999999999933529e+00,7.009299565178366276e-01,1.692078658601201324e+00,6.130227101390596545e+01,3.427204403017632295e+00
4.164999999999933422e+00,7.089384892798533677e-01,1.721790294014520883e+00,2.205628203970478864e+02,3.877801643539650733e+00
4.169999999999933316e+00,7.166604360336891189e-01,1.761144420927506449e+00,3.292584811383767374e+02,3.386386831516975615e+00
4.174999999999933209e+00,7.239955852413617610e-01,1.400215905752118406e+00,-2.493303916750151217e+01,3.567583021840231794e+00
4.179999999999933102e+00,7.312999799258690370e-01,1.285379123905013410e+00,-1.914565996624764352e+02,3.466312279762075121e+00
4.184999999999932996e+00,7.385655181608212771e-01,1.374680658328104599e+00,-9.428467280019192742e+01,3.242582364844257992e+00
4.189999999999932889e+00,7.468165704359785995e-01,1.440089855156370113e+00,-4.585430945645285306e+02,3.128298712123533498e+00
4.194999999999932783e+00,7.540854624650680238e-01,1.581641181690114584e+00,2.125550891529359774e+02,3.576655607727510233e+00
4.199999999999932676e+00,7.626403319917736123e-01,1.930864218478506755e+00,7.685765788639489529e+02,3.847625166157665699e+00
4.204999999999932569e+00,7.702935002055292246e-01,1.720336177263299460e+00,2.759010628118045361e+02,2.622543542484207180e+00
4.209999999999932463e+00,7.777674060175024939e-01,1.445155926417881709e+00,-5.329719899610618938e+01,1.812018218630405908e+00
4.214999999999932356e+00,7.856474433591233986e-01,1.503094999057788428e+00,-2.292984334872695342e+02,2.311333749613854849e+00
4.219999999999932250e+00,7.942831262069558473e-01,1.604878209578852077e+00,-3.178456581527497065e+02,2.429519644587110783e+00
4.224999999999932143e+00,8.022644405767619391e-01,1.595871658720844355e+00,-3.036200715499935541e+02,1.421842252308995969e+00
4.229999999999932037e+00,8.101832007001045222e-01,1.562180386642994634e+00,-2.612186584648108010e+02,1.010922660577650456e+00
4.234999999999931930e+00,8.174771663774503816e-01,1.425213979095139250e+00,-3.097199472338454029e+02,5.146599460703974449e-01
4.239999999999931823e+00,8.251803811562126167e-01,1.640596219725908522e+00,1.919021149858007789e+02,-2.794793165052518180e-01
4.244999999999931717e+00,8.331249513045037025e-01,1.565945343772348508e+00,-7.660352134953174463e+00,-1.654154237180782250e+00
4.249999999999931610e+00,8.408357873452135811e-01,1.507488872578487404e+00,-6.344988442066644474e+00,-3.645826712180251228e+00
4.254999999999931504e+00,8.474345614032171570e-01,1.242572728508543944e+00,-2.272540766639238541e+01,-5.130855185337969360e+00
4.259999999999931397e+00,8.527809224417114420e-01,9.263404283692575625e-01,-6.420723244462502066e+01,-5.091996369819162815e+00
4.264999999999931291e+00,8.564820517145340650e-01,6.001542245744864168e-01,-6.339419161310932083e+01,-3.566486693726542256e+00
4.269999999999931184e+00,8.583095226422104984e-01,2.429732384677843748e-01,-2.245077625209577477e+01,-3.023105569882672317e+00
4.274999999999931077e+00,8.582813828676113532e-01,-1.564385885899022000e-01,-7.687309659829458042e+01,-3.116372302901138536e+00
4.279999999999930971e+00,8.562306761751566908e-01,-5.466902520542158417e-01,-2.239883648378065928e+01,-3.175385192437075510e+00
4.284999999999930864e+00,8.521764397712908723e-01,-9.698607305776768550e-01,-9.537286082479198512e+01,-3.212428017559219917e+00
4.289999999999930758e+00,8.460762649169294436e-01,-1.362604881846840588e+00,-2.881225843681456311e+01,-3.186657139344569067e+00
4.294999999999930651e+00,8.379076308236289572e-01,-1.790652988316029814e+00,-9.251854052064999223e+01,-3.166735443679296047e+00
4.299999999999930544e+00,8.277240432956790572e-01,-2.176472371370669290e+00,-2.805984025091006018e+01,-3.087187567823784562e+00
4.304999999999930438e+00,8.155186890913275199e-01,-2.581185283544018993e+00,-8.618694828749003989e+01,-3.009525638651074253e+00
4.309999999999930331e+00,8.014516642716946748e-01,-2.927606759761078870e+00,-1.827217381133056406e+01,-2.862793594299034794e+00
4.314999999999930225e+00,7.855381007422400641e-01,-3.299317591515118941e+00,-7.024820577238031660e+01,-2.771914933283818883e+00
4.319999999999930118e+00,7.679420262448505285e-01,-3.621074573119186457e+00,-1.314208050783776116e+01,-2.614359956291006259e+00
4.324999999999930012e+00,7.487157354509548224e-01,-3.935333992381241597e+00,-5.022204097156980396e+01,-2.449807296518006439e+00
4.329999999999929905e+00,7.281350933543323523e-01,-4.191935487418495754e+00,-4.713493203549100841e+00,-2.259710188465180014e+00
4.334999999999929798e+00,7.062896071426901790e-01,-4.426710923160796618e+00,-3.898473811919222243e+01,-2.087023989511532118e+00
4.339999999999929692e+00,6.834086876636028540e-01,-4.608991452594341176e+00,3.182460821304775678e+01,-1.881647683260737391e+00
4.344999999999929585e+00,6.597397857386796405e-01,-4.778110605147725565e+00,-3.011491335514675072e+01,-1.734617992492028637e+00
4.349999999999929479e+00,6.353987612929016260e-01,-4.861027217328514283e+00,4.238901602336308372e+01,-1.520590576684405448e+00
4.354999999999929372e+00,6.106373369716368016e-01,-4.947853341332293375e+00,1.566221910752016200e+01,-1.383685038069688567e+00
4.359999999999929265e+00,5.859005450178378371e-01,-4.902554501150200750e+00,3.517874085074910795e+01,-1.033159990427875208e+00
4.364999999999929159e+00,5.613652651288787432e-01,-4.846286945017108216e+00,4.645717680133669347e+01,-8.664666878224682733e-01
4.369999999999929052e+00,5.371007861352710133e-01,-4.815818409564477598e+00,4.142965242773771450e+01,-7.314716470127442527e-01
4.374999999999928946e+00,5.131755383481985122e-01,-4.730413062511624744e+00,2.583048041640753922e+01,-3.993264679678354412e-01
4.379999999999928839e+00,4.896656928405697107e-01,-4.632748468734974701e+00,7.311135010063760831e+01,-1.196270584728500452e-01
4.384999999999928733e+00,4.664047944033425375e-01,-4.629490129415532174e+00,6.840083405418160289e+00,-8.397873816783185674e-02
4.389999999999928626e+00,4.435113211360838248e-01,-4.537041799930532804e+00,3.210316907199587888e+01,5.126329889391167960e-01
4.394999999999928519e+00,4.210095357239440061e-01,-4.454133384222994430e+00,-1.685062365460634481e+00,5.729863529943408640e-01
4.399999999999928413e+00,3.994360986317953555e-01,-4.199170776949476824e+00,7.928213518886846600e+01,8.200412258997262782e-01
4.404999999999928306e+00,3.793118753930034281e-01,-3.884833224941830476e+00,6.882405504280065145e+01,8.130498200487623617e-01
4.409999999999928200e+00,3.620097715024102603e-01,-3.168618065123272931e+00,1.575975486340404075e+02,1.361160155512169734e+00
4.414999999999928093e+00,3.488378710785704495e-01,-2.260108089372614426e+00,1.883857820010006208e+02,1.450777223199098520e+00
4.419999999999927986e+00,3.414251397089243523e-01,-9.698929723926431601e-01,2.543237497858755489e+02,1.890599485032768090e+00
4.424999999999927880e+00,3.416605763410542895e-01,7.005389452749212209e-01,3.131437999244201933e+02,2.963737253301329755e+00
4.429999999999927773e+00,3.498314962217703994e-01,2.199903373921241467e+00,2.657223023259106753e+02,2.532984353884966566e+00
4.434999999999927667e+00,3.601424784733684992e-01,1.635403392004699086e+00,-6.867483555481314852e+02,2.443130398654641766e+00
4.439999999999927560e+00,3.708645928788468216e-01,2.395214926735300232e+00,1.943291951368216530e+02,3.932089950182616533e+00
4.444999999999927454e+00,3.815135156644284264e-01,2.150223407052294977e+00,2.718392383475789416e+02,3.596102763842377037e+00
4.449999999999927347e+00,3.922098847031439961e-01,2.198024588645674626e+00,4.270074779962698130e+02,4.547871752940552348e+00
4.454999999999927240e+00,4.035731602220498093e-01,2.225667654863493716e+00,-2.201540329695380365e+02,4.684428477883012754e+00
4.459999999999927134e+00,4.148215557985004409e-01,2.257027043776177244e+00,4.095247865813998800e+01,5.748719817742235172e+00
4.464999999999927027e+00,4.260689614787767643e-01,2.240928935554141077e+00,-9.620000919332797196e+01,6.071066332577587765e+00
4.469999999999926921e+00,4.369413527805739439e-01,2.142093762651668509e+00,-4.255148962395845729e+02,6.837244888924282726e+00
4.474999999999926814e+00,4.486481418906384522e-01,2.107575638710831090e+00,-4.723345032328601292e+02,7.243992943706230925e+00
4.479999999999926708e+00,4.605594996877337421e-01,2.296418554435178283e+00,-5.045339570535512053e+01,7.849188669747186431e+00
4.484999999999926601e+00,4.720935897932397873e-01,2.300896022585690037e+00,1.868934587308296713e+01,6.895793227685532045e+00
4.489999999999926494e+00,4.835004954572082458e-01,2.327609228741057468e+00,1.620354048102586546e+02,6.783967015834574177e+00
4.494999999999926388e+00,4.944986381961271604e-01,2.200599340580930097e+00,-4.183407362021804232e+01,5.944211010150846519e+00
4.499999999999926281e+00,5.052838236047403342e-01,2.236969086184842581e+00,2.532803751295041650e+02,6.117811073354839202e+00
4.504999999999926175e+00,5.166770609994857377e-01,2.384831586362306410e+00,2.382867386386748478e+02,5.513962298290104869e+00
4.509999999999926068e+00,5.275539265769744190e-01,2.137632426715961653e+00,-2.778630434580726316e+01,4.709840753830512483e+00
4.514999999999925961e+00,5.384219108283153643e-01,2.182960885345814006e+00,8.930974425446727594e+01,5.321227692663196507e+00
4.519999999999925855e+00,5.500079483512322343e-01,2.879444403001699904e+00,7.773463196684192553e+02,4.697984443807527555e+00
4.524999999999925748e+00,5.613082765034502764e-01,2.021649240894341837e+00,-5.127373341179012414e+02,3.716253747561015341e+00
4.529999999999925642e+00,5.726958965682316105e-01,2.413842268493923360e+00,3.332406376213979229e+02,4.557415115158132579e+00
4.534999999999925535e+00,5.831515100227266934e-01,2.040455378763922134e+00,3.003885413024394069e+01,4.436394436863161594e+00
4.539999999999925429e+00,5.934976382487218149e-01,2.033313759912731999e+00,2.937541425187259581e+00,4.353776759682967956e+00
4.544999999999925322e+00,6.038742747406359301e-01,2.064675152969919214e+00,-7.307942951621778427e+00,4.817099811376486684e+00
4.549999999999925215e+00,6.140996859571654642e-01,2.040354765208778343e+00,3.522851263931140409e+01,4.405683706339065253e+00
4.554999999999925109e+00,6.239241336158071194e-01,2.342444329326956787e+00,5.616026045598417795e+02,3.651891312558300129e+00
4.559999999999925002e+00,6.333589740618801311e-01,2.000216757065932160e+00,5.610862625843296314e+01,2.611445443421327450e+00
4.564999999999924896e+00,6.426488356353357023e-01,2.168902099399954597e+00,5.206676811483091569e+02,4.788830314723137249e+00
4.569999999999924789e+00,6.525834993429400210e-01,1.897316241233613532e+00,-3.729928064219535031e+02,3.485067641356340395e+00
4.574999999999924682e+00,6.621989771132287261e-01,1.869227726474626428e+00,-7.048962697393717747e+01,3.423414985622425188e+00
4.579999999999924576e+00,6.722581933162198320e-01,2.403310574906624364e+00,5.416503919573299299e+02,2.873954585414973728e+00
4.584999999999924469e+00,6.816402927580784699e-01,1.933898720726438647e+00,9.678676821988445056e+01,2.561840068504251722e+00
4.589999999999924363e+00,6.912343306586994363e-01,1.835601550540654214e+00,-1.595241758055299215e+02,2.574110154246957549e+00
4.594999999999924256e+00,7.005885344897356815e-01,1.897551382941284448e+00,1.443532315772253298e+02,3.474266292620758811e+00
4.599999999999924150e+00,7.100207258422333023e-01,1.879215887164432219e+00,-4.948339771304712542e+01,2.766958205245170888e+00
4.604999999999924043e+00,7.194002780314905365e-01,1.816174260961974207e+00,-2.523211864300526486e+01,2.138031285049623254e+00
4.609999999999923936e+00,7.290659447719212150e-01,1.946284442854210317e+00,2.464044433795461373e+02,2.232974758542045635e+00
4.614999999999923830e+00,7.378314480073600024e-01,1.915236438699529753e+00,1.052771201062024602e+02,2.920013288735322732e+00
4.619999999999923723e+00,7.469769382893195475e-01,1.909212124765914620e+00,1.135268494880246664e+02,2.292080733327620745e+00
4.624999999999923617e+00,7.563682473938492246e-01,2.413971550124704102e+00,7.065179701384276996e+02,1.445086280570856418e+00
4.629999999999923510e+00,7.647702276303355307e-01,2.098263066858049974e+00,4.072090171258887494e+02,5.486155633813711852e-01
4.634999999999923403e+00,7.734862007208197499e-01,2.164166278722170045e+00,4.854989696067672185e+02,1.813441943560269110e+00
4.639999999999923297e+00,7.819848634838511003e-01,2.249064551960789249e+00,6.857944379678050382e+02,9.023487120205789802e-01
4.644999999999923190e+00,7.897954649793110793e-01,1.996522469547122647e+00,4.751932407084998999e+02,3.152562916615894162e-01
4.649999999999923084e+00,7.971426523564077993e-01,1.800318702260387482e+00,3.794972135649038023e+02,3.044868392286038672e-01
4.654999999999922977e+00,8.043579223473824591e-01,1.637834350527581861e+00,1.881630061791106527e+02,1.406263573817469581e+00
4.659999999999922871e+00,8.117500584682693088e-01,1.489172189394546875e+00,5.462750513505475425e+01,7.676021897258851201e-01
4.664999999999922764e+00,8.193834250339913083e-01,1.350285221280824288e+00,-9.291471839317273407e+01,5.009965061689828358e-01
4.669999999999922657e+00,8.268515109903220583e-01,1.340362425351948605e+00,-1.167801973763000660e+02,1.459729897279958166e+00
4.674999999999922551e+00,8.344937064820560080e-01,1.261017180847938457e+00,-1.737888540000654700e+02,7.487152522372763075e-01
4.679999999999922444e+00,8.418784158034614551e-01,1.293977595301827543e+00,-1.105607046086829399e+02,6.783201763472643808e-01
4.684999999999922338e+00,8.492876810260515663e-01,1.257052979764058387e+00,-1.888894668890128230e+02,1.189185060546699368e+00
4.689999999999922231e+00,8.573585654388310440e-01,1.767877723403245449e+00,5.346441497743351192e+02,7.904619411658774242e-01
4.694999999999922125e+00,8.632755165397519859e-01,1.499899341515156026e+00,1.970849167405531830e+02,8.838212819557156319e-02
4.699999999999922018e+00,8.700449665073941574e-01,1.362907502353759348e+00,2.596147638686932169e+01,7.982559641836854958e-01
4.704999999999921911e+00,8.769767192515423027e-01,1.345236442532429022e+00,2.770200623650966776e+01,5.113619210174003005e-01
4.709999999999921805e+00,8.838619928636946010e-01,1.288491171394192003e+00,-1.503025072758200338e+02,8.001553988292631203e-02
4.714999999999921698e+00,8.912560267511313583e-01,1.211721904723380705e+00,-4.063868615590624245e+02,5.426364308006349502e-01
4.719999999999921592e+00,8.982140128277346092e-01,1.203448335623655607e+00,-1.971204548967260450e+02,-2.255465139427890175e-01
4.724999999999921485e+00,9.048093073513016060e-01,1.163026583200877484e+00,-2.793028274836847800e+02,3.579918766597849356e-01
4.729999999999921378e+00,9.112742355808223227e-01,1.086338133809887196e+00,-2.742951732178367479e+02,-1.006519001152078596e-01
4.734999999999921272e+00,9.174884501370218493e-01,1.056253521550430730e+00,-2.650337414835699406e+02,-7.797439403290584714e-03
4.739999999999921165e+00,9.240522231901900918e-01,1.269649738900498814e+00,1.970293920227448154e+02,-2.463342842904742147e-01
4.744999999999921059e+00,9.296760749352455111e-01,1.134391218688553638e+00,8.151189493646133144e+01,-1.398710052891967148e+00
4.749999999999920952e+00,9.350871355414286379e-01,1.077331562791510766e+00,6.703019014158597599e+01,-5.464331849518827555e-01
4.754999999999920846e+00,9.402564640629558212e-01,1.061287800987874341e+00,1.172775765166793747e+02,-7.044851264323752638e-01
4.759999999999920739e+00,9.449758816095290559e-01,9.078817889877393021e-01,2.203701188324918014e+00,-4.505296806981944346e-01
4.764999999999920632e+00,9.496671041850419659e-01,9.353233938958108729e-01,9.908773533439615733e+01,-9.756859320615192122e-01
4.769999999999920526e+00,9.537857084012306697e-01,8.740201175194278749e-01,1.317213184139575901e+02,-1.888886578013300177e+00
4.774999999999920419e+00,9.566326005951439893e-01,4.840294661328822245e-01,-1.819769351261668078e+01,-2.770096598068264360e+00
4.779999999999920313e+00,9.584978858321445694e-01,3.109394233303048316e-01,-1.679460200048828824e+02,-3.090806590109917984e+00
4.784999999999920206e+00,9.587595523692102883e-01,-1.209243785386843462e-01,-6.129980059573478712e+01,-2.759514468833388801e+00
4.789999999999920099e+00,9.575885427848751519e-01,-3.145172013106182773e-01,-2.000075041272720000e+01,-2.581869824318808959e+00
4.794999999999919993e+00,9.551892156167244297e-01,-5.709888035925437810e-01,-1.428969555765842969e+01,-2.704260173315459426e+00
4.799999999999919886e+00,9.514444228674313608e-01,-8.428085395033552141e-01,-3.379809117417656950e+01,-2.771719673320390154e+00
4.804999999999919780e+00,9.463435799809870597e-01,-1.133218158339987847e+00,-8.202320185978804545e+01,-2.856162485081587654e+00
4.809999999999919673e+00,9.399004235346942737e-01,-1.387914669979546822e+00,-3.927354070783380280e+01,-2.907272142203989329e+00
4.814999999999919567e+00,9.319867935541039650e-01,-1.700425034898918497e+00,-6.843903784170626636e+01,-2.855324205688475558e+00
4.819999999999919460e+00,9.224921385636799531e-01,-2.024359608179558734e+00,-5.831392434205035613e+01,-2.866656281341226631e+00
4.824999999999919353e+00,9.116252995530951253e-01,-2.255362625782155739e+00,-2.775554869769088739e+01,-2.438885027133442129e+00
4.829999999999919247e+00,8.995850346539688847e-01,-2.482302211323359042e+00,-2.899765584087482750e+01,-2.363176277442467388e+00
4.834999999999919140e+00,8.863336309372904509e-01,-2.743611536484241942e+00,-4.215924096324314974e+01,-2.375132582651256374e+00
4.839999999999919034e+00,8.717434617068317015e-01,-3.007460184229327371e+00,-3.708250080658680758e+01,-2.388198797921588401e+00
4.844999999999918927e+00,8.560075991716891153e-01,-3.202689087970773674e+00,-1.268336502931275156e+01,-2.004313607994830715e+00
4.849999999999918820e+00,8.392667117930810994e-01,-3.416887422937291863e+00,-3.507219266461787299e+01,-1.938994599591389312e+00
4.854999999999918714e+00,8.214331048406469105e-01,-3.632986088958696680e+00,-1.987052210715192402e+01,-1.921920098924233988e+00
4.859999999999918607e+00,8.026902187709133996e-01,-3.786685966923078350e+00,-5.254277647023879894e+00,-1.545016475799529720e+00
4.864999999999918501e+00,7.831862630899067979e-01,-3.952934820078121803e+00,-3.163970267858358909e+01,-1.497751380108897301e+00
4.869999999999918394e+00,7.627609613344749073e-01,-4.130825077351691021e+00,-4.821853487588128040e+00,-1.457865146397803180e+00
4.874999999999918288e+00,7.415909566550770160e-01,-4.257465442054148674e+00,6.583362828760588314e+00,-1.056635804358081465e+00
4.879999999999918181e+00,7.198175802489784614e-01,-4.394811364763054229e+00,-3.137028231094247488e+01,-1.020188179090067759e+00
4.884999999999918074e+00,6.972820319956563040e-01,-4.540454152690818646e+00,3.340183999926452429e+00,-9.041726035712467358e-01
4.889999999999917968e+00,6.742258659824531541e-01,-4.602872006425810625e+00,3.270752901191393391e+01,-4.957167808312474833e-01
4.894999999999917861e+00,6.508905873241503937e-01,-4.682375129917397238e+00,9.500831378974270436e+00,-4.972347815407704985e-01
4.899999999999917755e+00,6.272536375973029044e-01,-4.699906709824483997e+00,6.382747824518781954e+01,-2.631682908036259150e-02
4.904999999999917648e+00,6.034565979158144078e-01,-4.783357358716516572e+00,-9.887900512092469896e+00,7.488623395093307877e-02
4.909999999999917542e+00,5.793633287813798605e-01,-4.847163282295740672e+00,-1.856084845746151046e+01,-5.763091530428532394e-03
4.914999999999917435e+00,5.556054488909686340e-01,-4.700238498193860082e+00,9.805921832031881280e+00,4.088947687945427845e-01
4.919999999999917328e+00,5.335595568921285281e-01,-4.220674661399372418e+00,1.002979701574125926e+02,9.035392860294013673e-01
4.924999999999917222e+00,5.135240164604499835e-01,-3.843342820526336023e+00,8.827297855829679918e+01,6.671753699743201427e-01
4.929999999999917115e+00,4.960070102424455896e-01,-3.265361172176547200e+00,1.232502190763459282e+02,9.222903760255223293e-01
4.934999999999917009e+00,4.816439698685228699e-01,-2.610995108208700621e+00,1.415676469461274110e+02,4.015963426004958148e-01
4.939999999999916902e+00,4.719817314575263656e-01,-1.483628496572120703e+00,2.274087504319469701e+02,9.976590053431904082e-01
4.944999999999916795e+00,4.692488402223011779e-01,5.060822943771646487e-02,3.064378569361903146e+02,1.758303224817205468e+00
4.949999999999916689e+00,4.738607430518981811e-01,1.431295345273608799e+00,2.232366491830690620e+02,1.324506476609872418e+00
4.954999999999916582e+00,4.822613943539557635e-01,1.764458081457489058e+00,2.009351861973220821e+02,1.871202029399693600e+00
4.959999999999916476e+00,4.908310473770869375e-01,1.749316951647757135e+00,-1.741369365825285058e+02,3.269524722168295483e+00
4.964999999999916369e+00,4.994558049980798442e-01,1.506370179653911512e+00,-3.279004585471506630e+02,2.484931808747171900e+00
4.969999999999916263e+00,5.078205740665682200e-01,1.743827725976244691e+00,1.107176707803650970e+02,2.790600148209902986e+00
4.974999999999916156e+00,5.169556548598975843e-01,1.717680195552981903e+00,-1.222533759652993695e+02,3.001465943759407118e+00
4.979999999999916049e+00,5.256266043084066863e-01,1.679942924242838309e+00,-1.176269982660544287e+02,2.642204982133314672e+00
4.984999999999915943e+00,5.344178635076886064e-01,1.782614788714189658e+00,5.048321366993646109e+01,3.365381590044131510e+00
4.989999999999915836e+00,5.432305446319573017e-01,1.718401916329344248e+00,-7.154311760974574952e+01,3.037347133101441443e+00
4.994999999999915730e+00,5.520128450490173755e-01,1.728677857046732047e+00,-7.391892844136994256e+01,3.540923289408047125e+00
4.999999999999915623e+00,5.609737308919269250e-01,1.809831967437137257e+00,3.765621625957416541e+01,4.127755178450453144e+00
5.004999999999915516e+00,5.698874934233454370e-01,1.756701610516842704e+00,-5.897131001221569591e+01,4.286460341571808108e+00
5.009999999999915410e+00,5.788964435563752620e-01,1.788540917214809012e+00,1.999063881921540258e+02,5.305568504947322239e+00
5.014999999999915303e+00,5.879557726661567285e-01,1.933799546445280182e+00,2.580088982378725291e+02,5.251908565209825852e+00
5.019999999999915197e+00,5.968412123828105154e-01,1.884200447268698841e+00,1.075287210343172006e+02,5.321679713561841218e+00
5.024999999999915090e+00,6.055936080120233322e-01,1.475026617637114956e+00,-3.053115753520214071e+02,5.498027812001602399e+00
5.029999999999914984e+00,6.147186152761099365e-01,1.642416910852442902e+00,-2.017608468592433439e+02,5.437369208781796637e+00
5.034999999999914877e+00,6.233790263322516179e-01,1.637438604464775516e+00,-3.066394190317479911e+02,5.486137406034246489e+00
5.039999999999914770e+00,6.328948330135669709e-01,1.812539785476939835e+00,-3.012145321413971146e+02,6.417345064019269074e+00
5.044999999999914664e+00,6.412095766898583404e-01,1.757111879024573886e+00,-2.525241263545713650e+02,5.880750906886339280e+00
5.049999999999914557e+00,6.502607431667195570e-01,1.715066176013164023e+00,-1.991253061030674303e+02,5.006678078242765118e+00
5.054999999999914451e+00,6.593873297522239163e-01,1.733704554600325354e+00,-2.373473210219988232e+02,4.804147475680330182e+00
5.059999999999914344e+00,6.684576739429411996e-01,1.756059769781865398e+00,-1.503370090971217792e+02,4.912318285596110279e+00
5.064999999999914237e+00,6.767301328995245502e-01,1.702987026928113989e+00,-2.805232807990537935e+02,4.405032682671408573e+00
5.069999999999914131e+00,6.855549018719849785e-01,1.751367378758243554e+00,-2.416597352647581260e+02,4.136660351850797390e+00
5.074999999999914024e+00,6.942844073707020724e-01,1.724729110618385075e+00,-3.162274839135333764e+02,3.981532320342306086e+00
5.079999999999913918e+00,7.020604351707752100e-01,1.541894083999042486e+00,2.587550153367450179e+01,3.489285408692805124e+00
5.084999999999913811e+00,7.095909616309590273e-01,1.607152429329127274e+00,2.788206859510921731e+02,3.983731105134572292e+00
5.089999999999913705e+00,7.171135275327528147e-01,1.978673981944107707e+00,6.436857155357756710e+02,3.160829927506679127e+00
5.094999999999913598e+00,7.240739634671069513e-01,1.398779236076390209e+00,9.295311195851751052e+01,3.043174900733579324e+00
5.099999999999913491e+00,7.313735650853984138e-01,1.540901012948695081e+00,3.562606985773304586e+02,2.463517876633210868e+00
5.104999999999913385e+00,7.376423090356248879e-01,1.255473595818877630e+00,-1.421308601560816669e+02,2.652335383444075489e+00
5.109999999999913278e+00,7.453301079019213349e-01,1.394191285552797810e+00,-2.947953759673501963e+02,3.278833669178491839e+00
5.114999999999913172e+00,7.520842003921983654e-01,1.555319152548851447e+00,4.612135145233462481e+02,3.529257307304641600e+00
5.119999999999913065e+00,7.595939451023195899e-01,1.662742504037141744e+00,3.799857249859891795e+02,2.916830994566218749e+00
5.124999999999912959e+00,7.669535678764326514e-01,1.619370705653073506e+00,2.066625694803461784e+02,2.937843692569892973e+00
5.129999999999912852e+00,7.741080332175342971e-01,1.020296135300064577e+00,-4.987973030954144065e+02,3.000167647002184523e+00
5.134999999999912745e+00,7.817044655403476705e-01,1.315587779067024288e+00,-1.952955146439337000e+02,2.236069090344698473e+00
5.139999999999912639e+00,7.892609899386028305e-01,1.674644859890120241e+00,2.723139286906745156e+02,1.997419014149562022e+00
5.144999999999912532e+00,7.967332703270298966e-01,1.716999894678679084e+00,3.904438390051410011e+02,6.097809910112492737e-01
5.149999999999912426e+00,8.043552875314444739e-01,1.492324499762986978e+00,-6.257856136430628169e+01,-3.280233957601357275e-01
5.154999999999912319e+00,8.120794055572821968e-01,1.568883637396060626e+00,1.099887920373489969e+01,-1.424564512877472211e+00
5.159999999999912212e+00,8.192109281141277677e-01,1.314373299838532461e+00,-7.134510347291075050e+01,-3.025904417745841624e+00
5.164999999999912106e+00,8.238024965308232694e-01,6.587464789227619466e-01,-1.026564221089884512e+02,-2.947702428116547146e+00
5.169999999999911999e+00,8.258709183404493448e-01,2.642938787368860898e-01,-9.830688483840025071e+01,-2.772307936554411434e+00
5.174999999999911893e+00,8.267520580962957055e-01,1.326209769377506287e-01,8.512630923149929529e+00,-2.720574927182272784e+00
5.179999999999911786e+00,8.267985815236887914e-01,-5.839546193239815441e-02,-5.730385805858765025e+01,-2.780806126771305120e+00
5.184999999999911680e+00,8.259469984363246864e-01,-2.250270341738705993e-01,2.597812170827197065e+00,-2.945172480038042551e+00
5.189999999999911573e+00,8.240123565352471813e-01,-4.847846615464396214e-01,-7.171340887280932463e+01,-3.091332894726019020e+00
5.194999999999911466e+00,8.207262760723010864e-01,-7.450462360668725914e-01,-8.711031958338418590e+00,-3.165133520817135615e+00
5.199999999999911360e+00,8.160256513682030421e-01,-1.045194130575604285e+00,-5.907277510352423633e+01,-3.206242059931824429e+00
5.204999999999911253e+00,8.097045525424027002e-01,-1.375872500347377292e+00,-2.200637010510575919e+01,-3.189107012725842960e+00
5.209999999999911147e+00,8.016699723902176444e-01,-1.731460742003444908e+00,-4.095636696711080305e+01,-3.157105966407355968e+00
5.214999999999911040e+00,7.916660352174237358e-01,-2.155724026323626141e+00,-7.415290140489798887e+01,-3.146557675672257304e+00
5.219999999999910933e+00,7.794094734798644453e-01,-2.615915775748738348e+00,-7.076522388512879047e+01,-3.096479573670054997e+00
5.224999999999910827e+00,7.650313704068892884e-01,-3.008647247231184707e+00,-5.144001148412451130e+01,-2.728935033412267064e+00
5.229999999999910720e+00,7.486966130308712053e-01,-3.407657648113158189e+00,-6.535627357081833111e+01,-2.574430650498421791e+00
5.234999999999910614e+00,7.302863803136426801e-01,-3.826534527861551016e+00,-6.004433380435809653e+01,-2.423081862998753166e+00
5.239999999999910507e+00,7.099791235959236335e-01,-4.170101241515231649e+00,-3.757047560551855270e+01,-1.999631751248195144e+00
5.244999999999910401e+00,6.879556288848056589e-01,-4.526439092349233917e+00,-5.448303306984394112e+01,-1.808733104557934901e+00
5.249999999999910294e+00,6.639915669505571660e-01,-4.914231662053956562e+00,-4.197308068521924440e+01,-1.638598506719583625e+00
5.254999999999910187e+00,6.382829612973704991e-01,-5.228755496061355146e+00,-2.062037144025855184e+01,-1.178092587277588255e+00
5.259999999999910081e+00,6.109840940563981970e-01,-5.590099875458427903e+00,-6.332749314812037511e+01,-8.993701697425739994e-01
5.264999999999909974e+00,5.826864407989702510e-01,-5.704040105258786575e+00,-2.828522473765251632e+01,-7.058565687883748829e-01
5.269999999999909868e+00,5.547339033928209151e-01,-5.506578719513328224e+00,4.752236114022978342e+01,-9.992263508751042522e-02
5.274999999999909761e+00,5.288091361891255060e-01,-4.985486735581511120e+00,8.100056310817060989e+01,-9.459716970084741661e-03
5.279999999999909654e+00,5.069705958620716046e-01,-3.973045408744462215e+00,1.895488925369644448e+02,1.323824175529240144e-01
5.284999999999909548e+00,4.919187495212916095e-01,-2.383921257662607651e+00,3.100968681122483304e+02,1.435058881684511123e+00
5.289999999999909441e+00,4.852788935738306386e-01,-6.532804670599021701e-01,3.185440841693388734e+02,1.439883443876686098e+00
5.294999999999909335e+00,4.873353715115356644e-01,1.071603625228175094e+00,3.139966115828881925e+02,1.324975866954479331e+00
5.299999999999909228e+00,4.964835863710995723e-01,1.764166847012843764e+00,-4.669005516029993146e+02,1.441544224578082734e+00
5.304999999999909122e+00,5.062681054882319787e-01,2.144522498039307834e+00,2.484751170933422770e+02,1.420817071330474857e+00
5.309999999999909015e+00,5.152926848144543381e-01,1.786911949395553201e+00,6.812589986943318365e+01,1.556889538068806367e+00
5.314999999999908908e+00,5.254801601499009545e-01,1.886876523373620218e+00,-1.702267896302335828e+02,2.379388452193571979e+00
5.319999999999908802e+00,5.354315636642451581e-01,2.134727595815211654e+00,2.144447754472265615e+02,2.097689713676218481e+00
5.324999999999908695e+00,5.449544860056985129e-01,1.909060025276413164e+00,1.903941776561716495e+02,2.253844569745364623e+00
5.329999999999908589e+00,5.545564325887146762e-01,1.885827382114992901e+00,2.576151096784433321e+02,3.251028227598572240e+00
5.334999999999908482e+00,5.648095147398722871e-01,1.878957750547560313e+00,-5.167426314534200174e+02,3.214405619545646076e+00
5.339999999999908376e+00,5.749439484342310225e-01,1.941425169413275365e+00,-2.979592956577309337e+02,3.599536381884146596e+00
5.344999999999908269e+00,5.848851481784507200e-01,2.024724858473571754e+00,9.060521083609991422e+01,4.100946421248270468e+00
5.349999999999908162e+00,5.946849969962095805e-01,1.947292130063310811e+00,8.871887635900904456e+01,4.187068173257559422e+00
5.354999999999908056e+00,6.047164539655421889e-01,1.977596850463145595e+00,-1.004976882754521483e+02,4.106937581604487519e+00
5.359999999999907949e+00,6.145677816977326291e-01,1.974055086097038725e+00,-1.439146087313986584e+02,4.574388026328000123e+00
5.364999999999907843e+00,6.244636425086134146e-01,1.889255492818658233e+00,-1.754320443001533363e+02,4.357798378645547643e+00
5.369999999999907736e+00,6.352746979142692707e-01,2.221139481214983391e+00,3.748600317314051154e+02,3.918949140641336371e+00
5.374999999999907629e+00,6.453509696607732105e-01,2.520979193554720332e+00,6.466308278260796669e+02,3.574845255085467244e+00
5.379999999999907523e+00,6.550136696721493568e-01,2.204972532157420950e+00,3.355033252362255780e+02,3.050893659979932782e+00
5.384999999999907416e+00,6.648124745313281903e-01,2.193106844543558420e+00,3.365289092221495935e+02,3.884753381923012228e+00
5.389999999999907310e+00,6.745685561094628691e-01,2.162026520323716561e+00,3.127486277668504613e+02,3.845544851874393544e+00
5.394999999999907203e+00,6.845143010942268402e-01,2.432499862668294544e+00,6.037334096713469762e+02,3.258544101825237238e+00
5.399999999999907097e+00,6.942913793707282677e-01,2.389736956633845555e+00,6.188097436292450766e+02,3.167130750160485508e+00
5.404999999999906990e+00,7.041723027318868011e-01,2.521363779255146209e+00,7.489130339905303799e+02,2.720135224820084296e+00
5.409999999999906883e+00,7.139387404870528586e-01,2.397037760513037075e+00,5.947531054850041983e+02,2.821092566325402728e+00
5.414999999999906777e+00,7.236903966526117005e-01,2.251146464086379417e+00,4.544165626083771485e+02,2.533080161212188930e+00
5.419999999999906670e+00,7.328611423602078290e-01,1.751471377305059196e+00,-6.275319806638377429e+01,1.242431596584926634e+00
5.424999999999906564e+00,7.423234904806779166e-01,1.809956011665314390e+00,-1.110461644033600521e+02,2.807216296877486528e+00
5.429999999999906457e+00,7.525017669466047554e-01,1.955435485034775045e+00,-5.595678334423524802e+02,1.701997578259744959e+00
5.434999999999906350e+00,7.619925674885682509e-01,1.969795039432607808e+00,1.566064570337910880e+02,2.455170185539096384e+00
5.439999999999906244e+00,7.714288032239929871e-01,1.853597242938929357e+00,-2.101099131359760364e+01,3.178665431989796897e+00
5.444999999999906137e+00,7.807313443292336341e-01,1.809177052664706631e+00,1.729143006998767191e+02,1.576336770182502178e+00
5.449999999999906031e+00,7.903209648576481339e-01,1.912066252630041596e+00,-4.763755005765370498e+01,2.178772600266580373e+00
5.454999999999905924e+00,8.004159920652879068e-01,2.461446697671892281e+00,5.990956708947395555e+02,2.816738558446894913e+00
5.459999999999905818e+00,8.088988562323538023e-01,1.928266421176475509e+00,2.646531402328787976e+02,5.381442326337428916e-01
5.464999999999905711e+00,8.174905400443538417e-01,1.693210247923653267e+00,-2.638546307471472474e+01,1.201217356497574995e+00
5.469999999999905604e+00,8.264683313088725392e-01,1.790952337251767057e+00,-3.989576957219016151e+01,1.859527675610424868e+00
5.474999999999905498e+00,8.354993483336784488e-01,1.985860228032526376e+00,4.042584451808356789e+02,2.172336580243199311e+00
5.479999999999905391e+00,8.437249838968632343e-01,1.430597107064324636e+00,-2.145062881806489941e+02,1.994865832790586158e+00
5.484999999999905285e+00,8.520739077980197251e-01,1.347504804848028481e+00,-3.159355921260029163e+02,6.990145441008449589e-01
5.489999999999905178e+00,8.604202352142833465e-01,1.133963357730625399e+00,-4.735820793010855709e+02,1.098014323818211180e+00
5.494999999999905071e+00,8.681723407569514883e-01,1.274769292111820551e+00,-2.729634276500472083e+02,1.067061468190997120e+00
5.499999999999904965e+00,8.758237729609603672e-01,1.725566072586407929e+00,3.286447430739858078e+02,-3.166159986985475072e-01
5.504999999999904858e+00,8.831705951214350314e-01,1.476105569403336482e+00,8.048327074230087419e+01,-7.863704319678358479e-01
5.509999999999904752e+00,8.893938848544216125e-01,1.212530998765890322e+00,-9.496323184585914134e+01,-2.500979007993918479e+00
5.514999999999904645e+00,8.952470544827217935e-01,1.180613215106401270e+00,1.810274212581096975e+01,-4.319374619903751267e+00
5.519999999999904539e+00,8.984808786453410967e-01,3.412077695269072897e-01,-1.465935767654410711e+02,-5.402717570354762522e+00
5.524999999999904432e+00,8.984440315911116359e-01,-2.326898947516762850e-01,-2.040932784358888057e+02,-5.317868208628246940e+00
5.529999999999904325e+00,8.951643170504729463e-01,-9.217478153048462852e-01,-1.179848901766387002e+02,-4.935768667411221777e+00
5.534999999999904219e+00,8.889059542912755019e-01,-1.462144562399642078e+00,-8.673255771029063510e+01,-4.536010389473370097e+00
5.539999999999904112e+00,8.798657784629964063e-01,-2.036661033178013724e+00,-1.223986318850158739e+02,-4.402688590397288770e+00
5.544999999999904006e+00,8.679092935805129416e-01,-2.608878179921179985e+00,-1.014690379873320722e+02,-4.302262993757103970e+00
5.549999999999903899e+00,8.530375337942047720e-01,-3.186009726485599991e+00,-9.138432102924750211e+01,-3.951762136998528963e+00
5.554999999999903793e+00,8.351665529177714209e-01,-3.802469067760001042e+00,-9.834042508600684585e+01,-3.791703350891086011e+00
5.559999999999903686e+00,8.142061429157281260e-01,-4.398177486973751549e+00,-6.711868787630021416e+01,-3.377170220624935215e+00
5.564999999999903579e+00,7.901727233662231287e-01,-5.033240634704700511e+00,-8.806958943941091889e+01,-3.131662659595308540e+00
5.569999999999903473e+00,7.631408707529764301e-01,-5.601528014709943548e+00,-6.967389124957789193e+01,-2.614586725355460217e+00
5.574999999999903366e+00,7.335484122600852697e-01,-6.116763643854902455e+00,-7.471635638907767429e+01,-2.347844696459120417e+00
5.579999999999903260e+00,7.013946844678079495e-01,-6.547240495478074074e+00,-6.939033857677169514e+00,-1.781068435160526597e+00
5.584999999999903153e+00,6.670567537208388353e-01,-7.019968223842207422e+00,-5.035313106791061699e+01,-1.490400845489573634e+00
5.589999999999903046e+00,6.307380843974064177e-01,-7.390378801160703226e+00,-3.981236539053193724e+01,-8.988742866553058875e-01
5.594999999999902940e+00,5.933583633902506094e-01,-7.619948797957275310e+00,-6.576695345214740485e+01,-6.432464351541589132e-01
5.599999999999902833e+00,5.552575822626802937e-01,-7.615683913951242445e+00,-9.655982230896849927e+00,3.375069528492291582e-02
5.604999999999902727e+00,5.181332361979112955e-01,-7.302214673952442503e+00,5.668783244379827835e+01,7.417689031247673981e-01
5.609999999999902620e+00,4.830394116483982536e-01,-6.818608149499143067e+00,1.079478679032903017e+02,6.771303558591066363e-01
5.614999999999902514e+00,4.514808194237590611e-01,-5.952424188626403989e+00,1.953681695538244867e+02,1.562423959640820925e+00
5.619999999999902407e+00,4.248994861923441890e-01,-4.882341589673150573e+00,2.254799208501876535e+02,1.577865009467331658e+00
5.624999999999902300e+00,4.052896185127420337e-01,-3.288104202119023434e+00,3.206515586328793574e+02,2.671993801887318387e+00
5.629999999999902194e+00,3.939885176297751590e-01,-1.587127746662193362e+00,3.329876902217544057e+02,2.645582438290943195e+00
5.634999999999902087e+00,3.915719372292699174e-01,2.163850002155582042e-01,3.351571881872895915e+02,3.185534523997788803e+00
5.639999999999901981e+00,3.975985181686404468e-01,1.783531860473706709e+00,2.770699961400778761e+02,2.404607024761265421e+00
5.644999999999901874e+00,4.077093511149597616e-01,2.142652319358679502e+00,2.313556437127127765e+02,2.469639674437398291e+00
5.649999999999901767e+00,4.170926581993279481e-01,1.645776321386355656e+00,-6.383423461126587881e+02,2.069107433050071165e+00
5.654999999999901661e+00,4.269488739764074059e-01,2.132261741828667567e+00,2.446492125076455579e+02,2.962006107819351364e+00
5.659999999999901554e+00,4.368561620961364245e-01,1.913068230688095506e+00,-5.079111627548801948e+02,2.297566407102798358e+00
5.664999999999901448e+00,4.466333098160091830e-01,1.833291132620403552e+00,-2.903918744152542786e+02,2.595139471756298111e+00
5.669999999999901341e+00,4.566989440612834183e-01,2.168050371081166272e+00,2.158949990056995887e+02,3.538336327346736088e+00
5.674999999999901235e+00,4.661882464115689184e-01,1.901061472373688055e+00,2.086205509543470953e+02,3.280747452866503266e+00
5.679999999999901128e+00,4.757143669254216833e-01,1.905392081422438100e+00,3.599030958537587708e+02,4.427758954498924204e+00
5.684999999999901021e+00,4.857355869868293929e-01,1.975316576145045300e+00,1.294599143859910484e+01,4.786647045205305595e+00
5.689999999999900915e+00,4.957357276332012841e-01,2.045266074389641364e+00,1.091798885122129832e+02,5.302490095631463340e+00
5.694999999999900808e+00,5.056387992447572977e-01,2.138454487440818230e+00,4.483866916693741587e+02,5.786574061091517507e+00
5.699999999999900702e+00,5.154694536504965674e-01,2.061303772703909409e+00,3.747532350369471601e+02,5.822494034988261902e+00
5.704999999999900595e+00,5.252421013503495439e-01,2.115879947836204256e+00,5.306042542147746417e+02,6.711718485180423244e+00
5.709999999999900488e+00,5.342852651133904729e-01,1.577110060202709052e+00,-5.543365559474343627e+02,6.131939542416976252e+00
5.714999999999900382e+00,5.446760787451088159e-01,2.156877116012252849e+00,3.367822626319949109e+02,6.949924195271393046e+00
5.719999999999900275e+00,5.541264146346103203e-01,1.765003550622698869e+00,-1.732820420653034148e+02,5.977237536618016378e+00
5.724999999999900169e+00,5.636762907643716458e-01,1.617900319752368477e+00,-3.206327193225733367e+02,6.023842236275696038e+00
5.729999999999900062e+00,5.733689209516404928e-01,1.967846212884355239e+00,5.151593447191496722e+01,6.568742328569022959e+00
5.734999999999899956e+00,5.827311375372562496e-01,2.175440125869385177e+00,4.375656329485170204e+02,6.220137100739655978e+00
5.739999999999899849e+00,5.916090299322240842e-01,2.134899681038932240e+00,5.718833551241048099e+02,5.833528721351182611e+00
5.744999999999899742e+00,6.008764354021408627e-01,1.873603988419914268e+00,1.848944319274237387e+02,5.572557312337206525e+00
5.749999999999899636e+00,6.095059464719057019e-01,1.799806226226227990e+00,1.550353963018400520e+02,5.740965413810967810e+00
5.754999999999899529e+00,6.177650877549750730e-01,1.765825235354379519e+00,3.738361765220496409e+02,5.322806487437087952e+00
5.759999999999899423e+00,6.256688693759576703e-01,1.661672412848608449e+00,3.324328244086933637e+02,4.776308392936828184e+00
5.764999999999899316e+00,6.333459833856451837e-01,1.604891802205981266e+00,2.288087043419960480e+02,4.526851199930846725e+00
5.769999999999899210e+00,6.405665643535953802e-01,1.724301269041907281e+00,3.804376016872931814e+02,4.824821840475745027e+00
5.774999999999899103e+00,6.475445621794667650e-01,1.191082038506799723e+00,-2.257869172436145391e+02,4.396520588398022511e+00
5.779999999999898996e+00,6.546163630683540235e-01,1.336725934846116903e+00,-1.409836257820963397e+02,5.141501516641354463e+00
5.784999999999898890e+00,6.618669990836565376e-01,1.407009504758985452e+00,-1.884616883397814604e+02,4.127368836574317967e+00
5.789999999999898783e+00,6.698445881722328021e-01,1.527947532691237731e+00,-2.303998502928485550e+02,3.776243825254413267e+00
5.794999999999898677e+00,6.771861986342604389e-01,1.686953761139611707e+00,5.662515809056122862e+02,4.233425379989225412e+00
5.799999999999898570e+00,6.852918898559955396e-01,1.762432652803544553e+00,3.085512992498962035e+02,3.791997931119705623e+00
5.804999999999898463e+00,6.931979783238516601e-01,1.520419307570973988e+00,-7.422701485057700665e+01,3.820014848712026012e+00
5.809999999999898357e+00,7.011027716623469130e-01,1.226901674749847571e+00,-4.573177668878421400e+02,3.712158706612073367e+00
5.814999999999898250e+00,7.096902799152493557e-01,1.349731353883227403e+00,-3.953220578557133535e+02,3.448640271484162412e+00
5.819999999999898144e+00,7.183138836549475270e-01,1.305239509869451586e+00,-4.795309497188222281e+02,2.780227759852595515e+00
5.824999999999898037e+00,7.270014914987170673e-01,1.399553600091758554e+00,-3.757709590906761150e+02,2.581150992081691520e+00
5.829999999999897931e+00,7.357707942870905793e-01,1.992466714580484188e+00,4.505799503254801834e+02,1.553174630727950811e+00
5.834999999999897824e+00,7.439332097987387815e-01,1.618301578611067493e+00,-1.322945480824382116e+02,-1.098654173337056950e-01
5.839999999999897717e+00,7.522599212778335875e-01,1.699503369929773466e+00,1.132547130879386827e+02,-5.244483489842460822e-01
5.844999999999897611e+00,7.608647699055141045e-01,1.743038533582419225e+00,1.328007244083004146e+01,-1.510661296081100557e+00
5.849999999999897504e+00,7.695477548489123576e-01,1.851943366986953388e+00,-8.339659226537389713e+01,-2.828636020961741604e+00
5.854999999999897398e+00,7.774415364696605213e-01,1.400461053762199981e+00,-8.276284985038442699e+01,-4.277374709958539079e+00
5.859999999999897291e+00,7.836869228991114600e-01,1.161871903388816962e+00,-7.934785274709678049e+01,-3.391827508142071679e+00
5.864999999999897184e+00,7.888136282122997223e-01,9.479806469059364193e-01,-3.434595034751636433e+01,-3.181819690659285271e+00
5.869999999999897078e+00,7.932759486196447885e-01,8.612328247895586486e-01,-1.409014285130070832e+01,-2.985575125309202882e+00
5.874999999999896971e+00,7.971804703870092323e-01,7.350314195564127129e-01,-1.963420041680747019e+01,-3.161285981814998092e+00
5.879999999999896865e+00,8.002703274141218515e-01,5.590394843222702415e-01,-1.672653059296806433e+01,-3.361369135554857834e+00
5.884999999999896758e+00,8.022590105370162039e-01,3.149789796619238413e-01,-3.645230545555360635e+01,-3.575241819044014946e+00
5.889999999999896652e+00,8.029016134771208568e-01,2.583363409551141937e-02,-3.535386940497386377e+01,-3.673323727449992582e+00
5.894999999999896545e+00,8.019611793054679527e-01,-3.182205958370420973e-01,-7.372545368897050366e+01,-3.767154312556113105e+00
5.899999999999896438e+00,7.991819970468958534e-01,-6.861307521861612635e-01,-3.388318335337167753e+01,-3.733240207798703025e+00
5.904999999999896332e+00,7.944739838087760964e-01,-1.084968349414829447e+00,-5.510780207541912290e+01,-3.685900587749731727e+00
5.909999999999896225e+00,7.876385771031626515e-01,-1.544256169637984843e+00,-8.010939304005640338e+01,-3.649829763803890348e+00
5.914999999999896119e+00,7.784030402166460805e-01,-2.025326587844076265e+00,-8.245708841062271688e+01,-3.510852631091871956e+00
5.919999999999896012e+00,7.669177326512021109e-01,-2.450740479651173587e+00,-6.819130438811086492e+01,-3.143227539532126968e+00
5.924999999999895905e+00,7.532291844521812330e-01,-2.900860225056329345e+00,-7.104307903714294525e+01,-2.959764676850998644e+00
5.929999999999895799e+00,7.371495833982698587e-01,-3.389285367301803298e+00,-7.506777078192305908e+01,-2.790816683837628709e+00
5.934999999999895692e+00,7.187009162633466453e-01,-3.848279295362702968e+00,-6.180916794058336450e+01,-2.406475495499781569e+00
5.939999999999895586e+00,6.978804958363130639e-01,-4.339946596757614294e+00,-8.174946534695538958e+01,-2.161131933356686297e+00
5.944999999999895479e+00,6.744091917094549027e-01,-4.873025422143588692e+00,-6.464632448499509110e+01,-1.910069810517862621e+00
5.949999999999895373e+00,6.484262884642445490e-01,-5.372786381756699647e+00,-7.291458776432746447e+01,-1.509219381540747751e+00
5.954999999999895266e+00,6.206074088721033055e-01,-5.680505164489724201e+00,-5.672437782233448900e+01,-1.178584130497451810e+00
5.959999999999895159e+00,5.918807093946255593e-01,-5.766498138247001748e+00,-2.634863211386730519e+00,-9.466415692245941926e-01
5.964999999999895053e+00,5.636255028700978276e-01,-5.556602065495803267e+00,6.933752049668309780e+01,-4.244063835256750572e-01
5.969999999999894946e+00,5.374400050202599033e-01,-5.022747365551649246e+00,1.002723188262794451e+02,-3.501702064594969244e-01
5.974999999999894840e+00,5.157685620524840031e-01,-3.891620495038127459e+00,2.084174266231540855e+02,-2.982913493133958482e-01
5.979999999999894733e+00,5.019597561316815337e-01,-2.030547438977718500e+00,3.595394258212507452e+02,1.281051745851122359e+00
5.984999999999894627e+00,4.980315767727946930e-01,9.555425018103845883e-03,3.804348482985149644e+02,1.563830487500169397e+00
5.989999999999894520e+00,5.040391474757984769e-01,1.920889653245209994e+00,3.319174220046849086e+02,1.322970679583477471e+00
5.994999999999894413e+00,5.150235983512044813e-01,2.371368581008426624e+00,2.173223929575173941e+02,1.634885484363010288e+00
5.999999999999894307e+00,5.261639842334333572e-01,2.490128041590881747e+00,3.472821182806981710e+02,2.023983804625272054e+00
6.004999999999894200e+00,5.366539586551426488e-01,2.133166651562143024e+00,2.322714050476302532e+02,2.235689032770403983e+00
6.009999999999894094e+00,5.476710071293170445e-01,2.204105444858538654e+00,3.872661650585627058e+02,3.713705878590169984e+00
6.014999999999893987e+00,5.589472142506547447e-01,2.193946706057987139e+00,-9.138708662929948900e+01,3.577200956390484965e+00
6.019999999999893880e+00,5.702301613592832830e-01,2.226269819239861558e+00,-1.190199865078037931e+02,3.976410784148241895e+00
6.024999999999893774e+00,5.813930992483163918e-01,2.188693691129149688e+00,-1.589699983742128211e+02,4.030247906368327193e+00
6.029999999999893667e+00,5.927991087795158043e-01,2.186180166918452183e+00,-4.882485978801281590e+01,4.107938008982641165e+00
6.034999999999893561e+00,6.039061665963763037e-01,2.133863167296460972e+00,-1.352227028300608254e+02,4.439286349579653290e+00
6.039999999999893454e+00,6.151314462888912704e-01,1.978540978223309876e+00,-2.227171464984118927e+02,3.839585069635742975e+00
6.044999999999893348e+00,6.263642580789257064e-01,2.586818767007079245e+00,4.911797248043439481e+02,3.625470837821706205e+00
6.049999999999893241e+00,6.370772143496705731e-01,2.333644534379145430e+00,3.124705921759783109e+02,3.719845001312845678e+00
6.054999999999893134e+00,6.485460293611264859e-01,1.975604994303017614e+00,-5.031974715104641405e+02,3.132195667193994559e+00
6.059999999999893028e+00,6.589919590389574644e-01,2.179658065267553901e+00,1.795847306571393460e+02,3.981446692600677295e+00
6.064999999999892921e+00,6.699557834201823603e-01,1.909135937976379260e+00,-8.928220009688778873e+02,2.672339322894309532e+00
6.069999999999892815e+00,6.801017253105959837e-01,2.048990402915177977e+00,3.713310159653363485e+02,3.873714723597766252e+00
6.074999999999892708e+00,6.907579454533626651e-01,2.065964817761835270e+00,-2.957522279141969648e+02,2.561198342366042269e+00
6.079999999999892601e+00,7.017868187432368954e-01,2.149242115975658951e+00,-5.543398668810895060e+02,2.664318931827963421e+00
6.084999999999892495e+00,7.124884650784961693e-01,1.986599974155110804e+00,-7.771931199974010269e+02,1.900365140393207586e+00
6.089999999999892388e+00,7.227723906120193664e-01,1.989062894390120295e+00,-7.985677961532306135e+00,2.837996955817647660e+00
6.094999999999892282e+00,7.329900530995010488e-01,2.000200748812189122e+00,-8.802426486616994339e+01,1.870253024604952241e+00
6.099999999999892175e+00,7.438015138665198256e-01,2.642359473399505720e+00,6.296716717890127484e+02,2.645807554309227871e+00
6.104999999999892069e+00,7.532721689923940200e-01,2.185405440924577558e+00,2.786752385701964840e+02,1.708475930184858882e+00
6.109999999999891962e+00,7.629594125768018875e-01,1.943391031608589614e+00,9.549830507685494752e+01,1.503106758544788590e+00
6.114999999999891855e+00,7.732267956954959054e-01,2.023909699807734608e+00,-1.193318797537088756e+02,2.092458660972273510e+00
6.119999999999891749e+00,7.836655827379481742e-01,2.144698198229203712e+00,9.947692178329030810e+01,2.846130459607445040e+00
6.124999999999891642e+00,7.938406146998387980e-01,2.066889709245374185e+00,4.065861477431132585e+02,9.752730754065722651e-01
6.129999999999891536e+00,8.044178816382158148e-01,2.059343223751300300e+00,-6.800015490429617557e+02,1.181993314955995356e+00
6.134999999999891429e+00,8.147109045898371926e-01,2.063853807955269293e+00,-2.452931260758688481e+01,1.917971561639973066e+00
6.139999999999891322e+00,8.257571973687478639e-01,2.909289474586003621e+00,9.277700767372119799e+02,2.501804125174995619e+00
6.144999999999891216e+00,8.359375964048777474e-01,2.496699014083533008e+00,6.692199015715459609e+02,-1.694515685674113925e-01
6.149999999999891109e+00,8.442556644700709434e-01,1.441067219915141084e+00,-5.178292212758931328e+02,3.674551477665672916e-01
6.154999999999891003e+00,8.541009342098255797e-01,1.526112260037124191e+00,-4.139509043582825711e+02,1.473363127458939603e+00
6.159999999999890896e+00,8.634220504382882355e-01,1.709046454999608500e+00,-7.295223888330981765e+01,1.335710714874140947e+00
6.164999999999890790e+00,8.723181552080468970e-01,1.662005812463777987e+00,-2.519437955738291350e+02,9.073221923605491179e-01
6.169999999999890683e+00,8.809259722288441674e-01,1.663797994603798625e+00,-3.149594656403908743e+02,5.864423301486477724e-01
6.174999999999890576e+00,8.891741035989155773e-01,1.562740991483913877e+00,-4.602485534191048941e+02,-6.133197511877748198e-01
6.179999999999890470e+00,8.967006869012769110e-01,1.462883261943070945e+00,-2.607397400400975584e+02,-3.298126410760807703e-01
6.184999999999890363e+00,9.043471462916136128e-01,1.494873837046930554e+00,3.333564822786426873e+01,-8.581103847410159746e-01
6.189999999999890257e+00,9.108910932663001336e-01,1.125093445365676681e+00,-3.392424934887736754e+02,-2.312692049169926545e+00
6.194999999999890150e+00,9.168596807108689850e-01,1.186757055152425355e+00,1.020732503367891724e+02,-4.054320814142322149e+00
6.199999999999890044e+00,9.207454769174318043e-01,5.692447634311905702e-01,-1.092516900896951739e+02,-5.081629112403925674e+00
6.204999999999889937e+00,9.213821408018253445e-01,5.824072454230608958e-02,-2.181263874309257176e+02,-5.080228874462086708e+00
6.209999999999889830e+00,9.195996523877097983e-01,-6.120352201839369677e-01,-1.036293629822581579e+02,-4.639655786536472704e+00
6.214999999999889724e+00,9.150202178830467714e-01,-1.122887730409570795e+00,-1.265716587238173645e+02,-4.562847029133504151e+00
6.219999999999889617e+00,9.078260753555276175e-01,-1.649923462251240647e+00,-1.140153023299699271e+02,-4.539376134856204281e+00
6.224999999999889511e+00,8.980475548533231045e-01,-2.143848461776816094e+00,-8.888943534574221417e+01,-4.222942975228243689e+00
6.229999999999889404e+00,8.857313204779154736e-01,-2.672726210050160311e+00,-1.109266569820427151e+02,-4.140202966893932413e+00
6.234999999999889297e+00,8.706023899640165098e-01,-3.238733296002504147e+00,-8.485607645652095243e+01,-4.086171734616698359e+00
6.239999999999889191e+00,8.524558538887139214e-01,-3.844318528257599343e+00,-7.620901041910369145e+01,-3.781915034250521224e+00
6.244999999999889084e+00,8.312767918731561734e-01,-4.473949287908932426e+00,-1.123611553988260852e+02,-3.535361349925186136e+00
6.249999999999888978e+00,8.068276994790964940e-01,-5.136552319435834235e+00,-9.567470532663163851e+01,-3.322494409244101110e+00
6.254999999999888871e+00,7.792433751489893368e-01,-5.741606867974716089e+00,-9.953400151682150465e+01,-2.854227671689186785e+00
6.259999999999888765e+00,7.486121772660048190e-01,-6.325827667309630975e+00,-6.611914344313299807e+01,-2.532854546434735177e+00
6.264999999999888658e+00,7.154324359406942779e-01,-6.793568292198826519e+00,-5.855938675225164047e+01,-1.932088870720341411e+00
6.269999999999888551e+00,6.800806569072380681e-01,-7.177049324095683858e+00,-5.468706291722694601e+01,-1.657656531266952893e+00
6.274999999999888445e+00,6.430383664055066006e-01,-7.487676536269741945e+00,-1.227613537217874029e+00,-1.022317307390319563e+00
6.279999999999888338e+00,6.051213975048527205e-01,-7.549245757688074931e+00,-3.259010053990292644e+00,-4.988992659229971594e-01
6.284999999999888232e+00,5.666406010817649497e-01,-7.742564027146254801e+00,-2.073712707745520945e+01,-1.234869420835646991e-01
6.289999999999888125e+00,5.282396330627783243e-01,-7.624386581495452120e+00,3.756408504599747999e+01,6.025552011374246675e-01
6.294999999999888018e+00,4.904109981379838890e-01,-7.491089812301289896e+00,4.833038279521171887e+01,7.924797622456329904e-01
6.299999999999887912e+00,4.539967288983192684e-01,-7.119405778018677466e+00,9.357760801434096720e+01,1.397842214746869427e+00
6.304999999999887805e+00,4.200600824159629321e-01,-6.557896240847687963e+00,1.309113714218287612e+02,1.472629216826217613e+00
6.309999999999887699e+00,3.904414509152217549e-01,-5.504165964793499732e+00,2.085404492872222590e+02,2.249398473601403214e+00
6.314999999999887592e+00,3.674147282299795592e-01,-4.017264511301513963e+00,2.834100358527780941e+02,2.767268906501001879e+00
6.319999999999887486e+00,3.532912860813466338e-01,-2.058741931732405384e+00,3.695801941818208434e+02,4.238171623272728894e+00
6.324999999999887379e+00,3.490387395742757803e-01,-8.653848779118633594e-02,3.707973705952589967e+02,3.845990156652389302e+00
6.329999999999887272e+00,3.544398845624655570e-01,1.790740849447826299e+00,3.454563504529263014e+02,4.113160236354839405e+00
6.334999999999887166e+00,3.646551440394145138e-01,2.164481997501394694e+00,2.302664506805313067e+02,3.113243599350364654e+00
6.339999999999887059e+00,3.754607871100176797e-01,2.015695944765205194e+00,-1.079896680986116593e+02,3.283083109173396519e+00
6.344999999999886953e+00,3.858089162969976504e-01,1.966967940987306651e+00,-2.375162606701027244e+02,3.944433943744744653e+00
6.349999999999886846e+00,3.962310775084979531e-01,2.147296430733893313e+00,1.203020748576785905e+02,3.575359788465632072e+00
6.354999999999886739e+00,4.067911363682755188e-01,2.032642443627388662e+00,-1.108448932013747310e+02,3.548274711016249583e+00
6.359999999999886633e+00,4.173013361362282736e-01,2.033123229929637787e+00,-1.834262800641037359e+02,4.396995584211978780e+00
6.364999999999886526e+00,4.282666713903230948e-01,2.509608395713985640e+00,4.261210760857987907e+02,4.409084075060434316e+00
6.369999999999886420e+00,4.384341092627010994e-01,2.268243287445693923e+00,2.290537646458523682e+02,4.724821897343446153e+00
6.374999999999886313e+00,4.486831333343954120e-01,2.045719297878673792e+00,-1.395165381326220881e+02,5.658455167974489441e+00
6.379999999999886207e+00,4.595349929160197910e-01,2.129455115940160681e+00,-1.075414809607902100e+02,6.392778238319014150e+00
6.384999999999886100e+00,4.701248204239992234e-01,2.096564079498220323e+00,-1.782205102078982293e+02,6.433835013998709051e+00
6.389999999999885993e+00,4.810008720612242161e-01,2.109123886372023637e+00,-2.783296663533936908e+02,6.990858379719707472e+00
6.394999999999885887e+00,4.917931482088725992e-01,2.101987812033533576e+00,-2.985457720838949172e+02,7.250017904650354339e+00
6.399999999999885780e+00,5.026936838815394548e-01,2.117898894022877343e+00,-3.230951263485592335e+02,7.468672736305439486e+00
6.404999999999885674e+00,5.132298504301006092e-01,2.005872505099877579e+00,-3.418103809971244686e+02,6.849398936666936777e+00
6.409999999999885567e+00,5.231043336763511187e-01,1.563330699466262130e+00,-6.057392231646344953e+02,6.906888550743413013e+00
6.414999999999885461e+00,5.337682320568087890e-01,1.910080073901452069e+00,-1.629456929132321648e+02,6.960080495212856100e+00
6.419999999999885354e+00,5.443427558410813827e-01,2.298795111629239329e+00,3.176464045132959768e+02,6.936456317972670149e+00
6.424999999999885247e+00,5.540340770018925554e-01,2.135653607819822941e+00,2.611956396921432315e+02,6.388163861826830825e+00
6.429999999999885141e+00,5.640682605610201072e-01,1.984302255383768143e+00,8.212180929676399899e+01,5.969209298263572272e+00
6.434999999999885034e+00,5.742338432324600728e-01,1.986418019383967781e+00,-8.395775567342403178e+01,5.850882265317786768e+00
6.439999999999884928e+00,5.841206369921908559e-01,1.938341264332372305e+00,-1.653988399159387086e+02,5.556239239293079279e+00
6.444999999999884821e+00,5.944784522936545912e-01,1.846911891864733368e+00,-3.429550890700684818e+02,5.397745165420943181e+00
6.449999999999884714e+00,6.044544373317767283e-01,1.845494771376818610e+00,-2.996833863010164123e+02,5.326188372321977837e+00
6.454999999999884608e+00,6.141969308566802566e-01,1.856774086818098413e+00,-2.019315087249121348e+02,5.373119330620715672e+00
6.459999999999884501e+00,6.238196091375720620e-01,1.822888596233713576e+00,-1.812599068005759761e+02,5.066969183355304551e+00
6.464999999999884395e+00,6.334171329895215141e-01,1.820476014977429946e+00,-2.059868106417976321e+02,4.767337195195188393e+00
6.469999999999884288e+00,6.431778617261981745e-01,1.857987034028525830e+00,-2.023195010290182836e+02,5.176366176946581632e+00
6.474999999999884182e+00,6.520954600312294236e-01,1.826797086886418287e+00,-2.564697453450213516e+02,4.727755341298930603e+00
6.479999999999884075e+00,6.617481650626498846e-01,1.927146558180732550e+00,-4.062265928013325151e+02,4.301772637070675920e+00
6.484999999999883968e+00,6.707223870560157231e-01,1.955838889163485250e+00,4.199576690588917813e+02,4.953889492616212920e+00
6.489999999999883862e+00,6.800404191418681910e-01,1.961039478181963114e+00,3.337144463110427637e+02,4.486335363287599520e+00
6.494999999999883755e+00,6.882664772961430977e-01,1.206004885590128861e+00,-5.407776663904654697e+02,4.637527228766417764e+00
6.499999999999883649e+00,6.968493776925248628e-01,1.453041887508820018e+00,-3.587017363704239301e+02,5.234273762428825805e+00
6.504999999999883542e+00,7.063632683657239397e-01,1.472036845921416592e+00,-3.841508873489553366e+02,3.762309478654414896e+00
6.509999999999883435e+00,7.153910413490550679e-01,1.707292988705809478e+00,-1.627465719280427550e+02,4.194017720790267134e+00
6.514999999999883329e+00,7.249978779134594875e-01,1.737681853062206017e+00,-3.703046671023619183e+02,3.205165449716441017e+00
6.519999999999883222e+00,7.337143128118401858e-01,1.830826147871946974e+00,1.826305576456240374e+02,3.889408137433663093e+00
6.524999999999883116e+00,7.431883249074608955e-01,2.100068543356696793e+00,5.693466294137357409e+02,3.385737720228847003e+00
6.529999999999883009e+00,7.525129992959653791e-01,2.530300867517083940e+00,8.699957756142985090e+02,3.319451514977736828e+00
6.534999999999882903e+00,7.616349615954439711e-01,2.416432574818867973e+00,7.898521475302731005e+02,3.152489965769825986e+00
6.539999999999882796e+00,7.700363241293493033e-01,1.504495809714706978e+00,-1.214515454042429212e+02,2.609252626123323981e+00
6.544999999999882689e+00,7.785469569434905202e-01,1.445148838262283686e+00,-2.813024422475612596e+02,3.115886373373678797e+00
6.549999999999882583e+00,7.868061766039544658e-01,1.553157135200726291e+00,-3.231025630232504682e+02,3.533041565332425193e+00
6.554999999999882476e+00,7.942732752026085974e-01,1.486466857516622220e+00,-9.771438339455114885e+01,2.338019197383832015e+00
6.559999999999882370e+00,8.017338299674363622e-01,1.493230535411132820e+00,-2.532030526199397400e+02,2.092699044469203518e+00
6.564999999999882263e+00,8.086390173117917746e-01,1.512229742023478707e+00,3.692896406172126831e+02,2.397625040138255059e+00
6.569999999999882156e+00,8.153634938825469192e-01,1.432793130845754215e+00,2.801740775891444173e+02,1.666220773279490697e+00
6.574999999999882050e+00,8.215514248048815249e-01,1.348466823611672805e+00,2.125130617696861179e+02,1.093613154774208063e+00
6.579999999999881943e+00,8.275435137744948655e-01,1.378455140866279294e+00,3.134412760125829891e+02,4.618610395712513528e-01
6.584999999999881837e+00,8.330760357560967888e-01,1.345199926184716732e+00,3.856798259424479625e+02,-9.484813108734908571e-01
6.589999999999881730e+00,8.374450096223041706e-01,8.136003585624679291e-01,-1.517972404066055390e+02,-3.374866209853690791e+00
6.594999999999881624e+00,8.416875494638127453e-01,8.963264772049903684e-01,1.177843599811446893e+02,-4.411549811152041478e+00
6.599999999999881517e+00,8.451894820766888694e-01,6.192004444028794685e-01,-1.647944501580778365e+02,-5.704476040200417764e+00
6.604999999999881410e+00,8.479240917778476661e-01,5.096707943058974566e-01,-2.717713829332127418e+01,-6.242296850233448602e+00
6.609999999999881304e+00,8.486253362158064917e-01,-1.110398478511007148e-01,-1.146079462280582533e+02,-6.725511643177537024e+00
6.614999999999881197e+00,8.450963843533082498e-01,-1.082600948232387728e+00,-1.731243240609657335e+02,-6.093506125839428300e+00
6.619999999999881091e+00,8.376636921819059500e-01,-1.463217242461485323e+00,-2.264116062929562645e+02,-6.182396383644096716e+00
6.624999999999880984e+00,8.273720489772198317e-01,-2.426332223376266306e+00,-1.663913378354369286e+02,-5.493820580495507144e+00
6.629999999999880878e+00,8.128617017052673921e-01,-3.006845380586291583e+00,1.198940259540039648e+02,-4.930979918715649113e+00
6.634999999999880771e+00,7.951183490359491346e-01,-3.884077375110534192e+00,-1.446132809488300097e+02,-4.755737031210980348e+00
6.639999999999880664e+00,7.729323167877679701e-01,-4.772191292380716376e+00,-1.468907747163206921e+02,-4.213487337556696133e+00
6.644999999999880558e+00,7.473967703499403425e-01,-5.414828368076880061e+00,-1.394515272916621029e+02,-3.635890285462388238e+00
6.649999999999880451e+00,7.180241141463531429e-01,-6.173168528179399317e+00,-1.401705255164182518e+02,-3.292621783518479894e+00
6.654999999999880345e+00,6.854213777693934917e-01,-6.745325453388894665e+00,-1.053467517550772925e+02,-2.641118950590631620e+00
6.659999999999880238e+00,6.504308776060834241e-01,-7.156599304136102013e+00,-7.130271208423963003e+01,-1.955070537116402107e+00
6.664999999999880131e+00,6.137062214614352751e-01,-7.462745134404579872e+00,-5.986870377321848480e+01,-1.611414624318367128e+00
6.669999999999880025e+00,5.761982455110209456e-01,-7.516489534574587239e+00,6.065790864565387075e+00,-9.023825817654120840e-01
6.674999999999879918e+00,5.391709631901981936e-01,-7.325965219500721659e+00,4.415236065880493044e+01,-2.950648334665495476e-01
6.679999999999879812e+00,5.036392091891577216e-01,-6.956800121865994058e+00,7.539408595508088240e+01,-1.316468431700164032e-01
6.684999999999879705e+00,4.712655412553077294e-01,-6.150533538889738416e+00,1.712793599927224761e+02,6.535922501328386147e-01
6.689999999999879599e+00,4.442874186814640969e-01,-4.896622669363996927e+00,2.561516331138766418e+02,1.513068302728739045e+00
6.694999999999879492e+00,4.242082324057855902e-01,-3.436063355621077342e+00,2.854825395328281274e+02,1.628924768967941805e+00
6.699999999999879385e+00,4.123016504480099820e-01,-1.703226901126960957e+00,3.283002965853168007e+02,2.555409362931893025e+00
6.704999999999879279e+00,4.090414272211450042e-01,9.875600407754052748e-03,3.136364591924346996e+02,2.113122780598115202e+00
6.709999999999879172e+00,4.136238378264532889e-01,1.482934454458713081e+00,2.828993102642644999e+02,1.713155291328250396e+00
6.714999999999879066e+00,4.220558318073858728e-01,1.820238824358235918e+00,2.238086625177138558e+02,1.329195879719403006e+00
6.719999999999878959e+00,4.302917023074239733e-01,1.650306331368247115e+00,-2.119431900707707257e+02,1.919067675816832352e+00
6.724999999999878852e+00,4.385204976119383424e-01,1.313331583376507794e+00,-5.356525957359805261e+02,1.599906376668983388e+00
6.729999999999878746e+00,4.465817419386652887e-01,1.783852689447647188e+00,2.400479484555642102e+02,2.276264522155897474e+00
6.734999999999878639e+00,4.543585385674814847e-01,1.557768384663405836e+00,7.417131988844488433e+01,2.710308978152808912e+00
6.739999999999878533e+00,4.626937332595001395e-01,1.543930312976828700e+00,-3.176401323656037903e+02,3.014879095370023521e+00
6.744999999999878426e+00,4.716987057993895505e-01,1.530936107399274659e+00,-5.122721282199104280e+02,3.387011427909737193e+00
6.749999999999878320e+00,4.801534370211859581e-01,1.687626407731049882e+00,1.934152148302215437e+02,4.402313395296232557e+00
6.754999999999878213e+00,4.886827107197180275e-01,1.652273393147640324e+00,-1.456086502168466836e+02,4.654047192109727504e+00
6.759999999999878106e+00,4.971067654206827724e-01,1.660797175638091483e+00,-1.274624751398179257e+02,5.269369464981794593e+00
6.764999999999878000e+00,5.053553184386869734e-01,1.653306014813787694e+00,-1.010606431069575279e+02,5.335937486225589055e+00
6.769999999999877893e+00,5.135084079018609193e-01,1.574681105067863740e+00,-2.899119185521137751e+02,5.598543000457024021e+00
6.774999999999877787e+00,5.219824474727972063e-01,1.668015153713606535e+00,-1.875067081575835459e+02,6.021905047861787708e+00
6.779999999999877680e+00,5.296561990500234796e-01,1.576555576778957635e+00,-2.226768548788514295e+02,6.147168826917918771e+00
6.784999999999877573e+00,5.377943016276400812e-01,1.613118071738333548e+00,-1.221097768819452369e+02,6.368600310044351787e+00
6.789999999999877467e+00,5.454638738444654855e-01,1.531306465587801258e+00,-1.832611770822174719e+02,6.261785067797745796e+00
6.794999999999877360e+00,5.533523294690045891e-01,1.521055435614403706e+00,-1.907426380664808221e+02,6.130075893137969523e+00
6.799999999999877254e+00,5.606664255013129594e-01,1.476530281145319590e+00,-2.235994263793178902e+02,6.133959598551609993e+00
6.804999999999877147e+00,5.685561901728639622e-01,1.629316226298559434e+00,-1.297020236366969641e+02,6.493619241151970201e+00
6.809999999999877041e+00,5.761217015838667743e-01,1.793367505717033517e+00,6.388575271897643688e+02,6.442013811728993566e+00
6.814999999999876934e+00,5.841932262423252809e-01,1.758075635562310168e+00,2.896724953050552358e+02,5.962246198820767340e+00
6.819999999999876827e+00,5.920125983157317195e-01,1.354568684474423357e+00,-2.632013029655765877e+02,6.020874655447823187e+00
6.824999999999876721e+00,6.000882962330694737e-01,1.569778047738948024e+00,-2.175406126027754397e+02,5.745479728271130071e+00
6.829999999999876614e+00,6.074132951413041548e-01,1.687887757240806641e+00,6.365261440237968600e+02,5.997101002533261394e+00
6.834999999999876508e+00,6.156325898933925345e-01,1.938337103414727869e+00,6.315314645151006516e+02,5.975081737881254185e+00
6.839999999999876401e+00,6.233833626245601778e-01,1.167560826260310547e+00,-5.006078917214779267e+02,5.456183397097977839e+00
6.844999999999876295e+00,6.320158835528190133e-01,1.550204011795135894e+00,-2.003542596197086425e+02,5.259322784495424230e+00
6.849999999999876188e+00,6.402860230902172045e-01,1.608401370365066363e+00,-1.470324436886527053e+02,4.574653151958979258e+00
6.854999999999876081e+00,6.475150104469946655e-01,1.486127209325903697e+00,3.272646245295792369e+02,4.634685071163036518e+00
6.859999999999875975e+00,6.549763787271100091e-01,1.512749918646305591e+00,2.516272104205014841e+02,4.727132659215749655e+00
6.864999999999875868e+00,6.623019638876394000e-01,1.506117427429489952e+00,2.973891298469246181e+02,4.507279291404168831e+00
6.869999999999875762e+00,6.697768904162748616e-01,1.505331454830449944e+00,3.277587378911400151e+01,4.233603575146953624e+00
6.874999999999875655e+00,6.773505863032254215e-01,1.545028324197015523e+00,-3.792670384835896868e+01,3.637482741113540641e+00
6.879999999999875548e+00,6.846628811375125023e-01,1.494215048883726915e+00,-7.030846468024277840e+01,2.869199472686355001e+00
6.884999999999875442e+00,6.918860486558500167e-01,1.426868118063250090e+00,-5.762894337847180282e+01,2.332226011969161572e+00
6.889999999999875335e+00,6.988549475589587168e-01,1.387122545977109267e+00,-1.441904817096514932e+02,1.278344881117026377e+00
6.894999999999875229e+00,7.062330876189922835e-01,1.539770861695610948e+00,1.064421332532267854e+02,5.968681958166296431e-01
6.899999999999875122e+00,7.133955521325725524e-01,1.446387063604119172e+00,1.277760023911922360e+02,-8.152419188713695419e-01
6.904999999999875016e+00,7.204598250797576986e-01,1.245987225643987895e+00,-2.942832709517485341e+02,-1.800025914313052589e+00
6.909999999999874909e+00,7.270077569159820730e-01,1.358931653554777741e+00,4.610601493370182169e+01,-3.788163753474616424e+00
6.914999999999874802e+00,7.330356923678666980e-01,1.135029418949959679e+00,-1.193995258279342266e+02,-4.325317321001618254e+00
6.919999999999874696e+00,7.387727661615911545e-01,1.107826603655321485e+00,-4.059978564914214161e+00,-5.136431531953855156e+00
6.924999999999874589e+00,7.434276877030463471e-01,8.633444186277042798e-01,-2.716949367377705116e+01,-5.865817652957167283e+00
6.929999999999874483e+00,7.457581533804250595e-01,2.050196877812149876e-01,-1.361115058280294932e+02,-6.170624803046563578e+00
6.934999999999874376e+00,7.439634369890582022e-01,-7.236160805752642755e-01,-1.702061525712507546e+02,-5.442735067126386106e+00
6.939999999999874269e+00,7.406390444292261233e-01,-8.871597236553001586e-01,-2.002305764856069459e+02,-5.540346896255602616e+00
6.944999999999874163e+00,7.338916575684507615e-01,-1.648561503429861519e+00,-1.366683480291750641e+02,-5.179271891868912014e+00
6.949999999999874056e+00,7.241670873504721939e-01,-2.127074148984284818e+00,-1.233929927492270195e+02,-4.813673110202501881e+00
6.954999999999873950e+00,7.114332493405137736e-01,-2.821303628782320327e+00,-1.350607502317991475e+02,-4.428760141874378498e+00
6.959999999999873843e+00,6.953151376244842696e-01,-3.475626013556461835e+00,-1.306004739821874807e+02,-4.176073405817957607e+00
6.964999999999873737e+00,6.756541015822299379e-01,-4.192364542293966601e+00,-1.051943260873640469e+02,-3.576569963729892887e+00
6.969999999999873630e+00,6.526141644523818508e-01,-4.804037583686049828e+00,-1.069953884715421850e+02,-3.082667897508267529e+00
6.974999999999873523e+00,6.266430928820572177e-01,-5.426136758539140459e+00,-1.020098179902491466e+02,-2.545233621256782097e+00
6.979999999999873417e+00,5.981182105810894933e-01,-5.872730724190508234e+00,-7.442702175578166646e+01,-2.156429776615552463e+00
6.984999999999873310e+00,5.682526782586800884e-01,-6.023916726585428982e+00,-1.143486911826583352e+01,-1.473176927596432595e+00
6.989999999999873204e+00,5.384741698033379542e-01,-5.895953012896288925e+00,3.959002759455443510e+01,-8.875942954645226202e-01
6.994999999999873097e+00,5.103129022808526871e-01,-5.450518410275533299e+00,1.034274722502523360e+02,-8.037130236667824335e-01
6.999999999999872990e+00,4.859091570655075243e-01,-4.490115507322325783e+00,1.984020481401967970e+02,4.030918385160076056e-02
7.004999999999872884e+00,4.675205606373950551e-01,-3.137726728050150182e+00,2.770622040756325646e+02,4.301252861218636259e-01
7.009999999999872777e+00,4.570332964181876290e-01,-1.407267975737897858e+00,3.402786146572008761e+02,1.362082299955162057e+00
7.014999999999872671e+00,4.552267084480888237e-01,3.025032063052521814e-01,3.171393580245964472e+02,1.182500353825538086e+00
7.019999999999872564e+00,4.614917376711388242e-01,1.815899433431926058e+00,2.559943720931257758e+02,6.446963959147601342e-01
7.024999999999872458e+00,4.705215221632896849e-01,1.607811583343960571e+00,-3.905949148770167767e+02,1.439150500721978698e+00
7.029999999999872351e+00,4.792238661522600918e-01,1.967730633745125468e+00,2.876615039189954359e+02,1.651995895639641887e+00
7.034999999999872244e+00,4.873641085843819498e-01,1.647607756798970646e+00,2.285656015989420666e+02,2.231819534964218477e+00
7.039999999999872138e+00,4.963607959912794687e-01,1.626323435619368540e+00,-4.792513652863336233e+02,2.818131208764126150e+00
7.044999999999872031e+00,5.054638351708182764e-01,1.831306979085348896e+00,-2.448332366886034706e+01,3.494725716073909805e+00
7.049999999999871925e+00,5.148023042479924483e-01,1.909110529614891583e+00,4.543857628972187968e+02,3.875459793729022273e+00
7.054999999999871818e+00,5.239313138199649389e-01,1.867130515416324688e+00,1.229809197732882780e+02,4.090994664845073459e+00
7.059999999999871712e+00,5.329228152699073684e-01,1.796542174212550247e+00,1.101916370349131000e+02,4.532432664038958947e+00
7.064999999999871605e+00,5.421805974781074289e-01,1.837065428470978645e+00,-8.994893650948623076e+01,5.016962779745144374e+00
7.069999999999871498e+00,5.511175399410213060e-01,1.821547052893935925e+00,-1.533073996654682674e+02,5.238448937206186429e+00
7.074999999999871392e+00,5.603165658635559376e-01,1.912013257446748993e+00,-1.647731747306536363e+02,5.527176659930989722e+00
7.079999999999871285e+00,5.695247109486279991e-01,1.889443059384826817e+00,-7.737712422725114436e+01,5.582948118323067810e+00
7.084999999999871179e+00,5.786007070878420588e-01,1.813278324187094226e+00,-4.796691881094245247e+01,5.257563451480990580e+00
7.089999999999871072e+00,5.878356034885281467e-01,1.854285946797944007e+00,-6.944048375712455368e+01,5.194885139397694473e+00
7.094999999999870965e+00,5.968178307807898708e-01,2.012201094317452643e+00,5.870852432453505116e+02,5.676828072572842387e+00
7.099999999999870859e+00,6.061609672648501368e-01,1.981172261687069058e+00,3.189722598223784189e+02,5.229923457835770506e+00
7.104999999999870752e+00,6.151713897698000144e-01,1.989663876608736226e+00,2.476808516785872882e+02,4.677562608067846739e+00
7.109999999999870646e+00,6.239149802095502739e-01,1.602850738742656933e+00,-1.279919400548104989e+02,4.831828972259621935e+00
7.114999999999870539e+00,6.326484431939881636e-01,1.337165940290561128e+00,-3.849091550361380882e+02,3.571533766674758414e+00
7.119999999999870433e+00,6.411269882427933497e-01,1.440535228110452426e+00,-2.420850342442072076e+02,4.025526164111390415e+00
7.124999999999870326e+00,6.490679726817412121e-01,1.499409243803674352e+00,-1.593392852575907455e+02,3.515704549394802925e+00
7.129999999999870219e+00,6.569830921374076871e-01,1.551183339321009491e+00,-1.195395808618016105e+02,3.826660110007349402e+00
7.134999999999870113e+00,6.648307854482663481e-01,1.661010592015436327e+00,1.548816149541889615e+02,3.686500951186945763e+00
7.139999999999870006e+00,6.728558063774006115e-01,1.560261426827352915e+00,9.778411701337186912e+01,3.556263653139879910e+00
7.144999999999869900e+00,6.808726038280109583e-01,1.613036679422545472e+00,-8.375217242874880696e+01,3.377170081974600890e+00
7.149999999999869793e+00,6.891799030480060262e-01,1.830501936527757278e+00,3.191514298399176823e+02,3.770494632307567429e+00
7.154999999999869686e+00,6.971270165729527291e-01,1.238090487091139780e+00,-4.409437075152466150e+02,3.739745757239788304e+00
7.159999999999869580e+00,7.058473317372774281e-01,1.421484238778158327e+00,-3.828876442622894274e+02,3.260675620130393693e+00
7.164999999999869473e+00,7.145254273883498985e-01,1.395115930896019041e+00,-3.679025920658040718e+02,2.055872870154809462e+00
7.169999999999869367e+00,7.231066168300850361e-01,1.830481711673572764e+00,2.220674784410743996e+02,1.409298935019536181e+00
7.174999999999869260e+00,7.316848965265868587e-01,1.670662151978654197e+00,-1.635131124559721627e+02,-8.652491395676631392e-02
7.179999999999869154e+00,7.401632791944459111e-01,1.754648966748022287e+00,1.636150136250641651e+00,-1.638823693029930251e+00
7.184999999999869047e+00,7.481714798427610003e-01,1.443426850320639332e+00,-1.431039019106726755e+02,-2.679799960179463536e+00
7.189999999999868940e+00,7.542460081775927971e-01,1.128805447199149770e+00,-1.830612152339294951e+01,-4.436783137460713178e+00
7.194999999999868834e+00,7.575438189927602428e-01,3.589230951919576973e-01,-1.630995851898018145e+02,-4.375356117258224486e+00
7.199999999999868727e+00,7.591079652785776011e-01,1.359852490493982935e-01,-1.133846538985923900e+02,-4.132411676868946060e+00
7.204999999999868621e+00,7.588505539350907103e-01,-1.535405873676632393e-01,-4.318736609975962182e+01,-3.697281052063972062e+00
7.209999999999868514e+00,7.572745277021287746e-01,-4.104175203061645738e-01,-5.638676155981604410e+01,-3.602860816947310418e+00
7.214999999999868407e+00,7.544608317717405033e-01,-6.700857587208494115e-01,-4.840608476605085997e+01,-3.523929253644384474e+00
7.219999999999868301e+00,7.500855810645085109e-01,-9.897013338271999361e-01,-3.948689541298078609e+01,-3.528393902761162160e+00
7.224999999999868194e+00,7.438616957086150450e-01,-1.403142757307594746e+00,-6.920158860324491457e+01,-3.573737781422240189e+00
7.229999999999868088e+00,7.352788106298789872e-01,-1.910316435883328889e+00,-8.670347526393723570e+01,-3.567389550185302571e+00
7.234999999999867981e+00,7.241678551251580220e-01,-2.409446515626657348e+00,-7.892688741028548804e+01,-3.221475108269222787e+00
7.239999999999867875e+00,7.103907193616102456e-01,-2.964965322803457148e+00,-9.778295763627428983e+01,-3.048328119898597421e+00
7.244999999999867768e+00,6.934898780753638858e-01,-3.626858253137975829e+00,-1.036905744524546407e+02,-2.887149197663501088e+00
7.249999999999867661e+00,6.731823226914461777e-01,-4.305112375777273570e+00,-9.190895317302414469e+01,-2.421953224798192750e+00
7.254999999999867555e+00,6.499329149658162885e-01,-4.873535336154206199e+00,-1.156107409913282567e+02,-2.102363898685810195e+00
7.259999999999867448e+00,6.244805214495563472e-01,-5.213527345135737789e+00,-3.876934298136337986e+01,-1.850203927075589228e+00
7.264999999999867342e+00,5.980187978818654049e-01,-5.327438978114447998e+00,-1.212500850113227635e+01,-1.322580432058209965e+00
7.269999999999867235e+00,5.717812819622448695e-01,-5.198177216250623012e+00,4.497902238391272789e+00,-1.201215065768362233e+00
7.274999999999867129e+00,5.476926499721779251e-01,-4.568165447325275075e+00,1.260066960633524644e+02,-1.049994785900894012e+00
7.279999999999867022e+00,5.284861222819478010e-01,-3.355607540170094438e+00,2.541426145643968084e+02,-8.328905079135640044e-02
7.284999999999866915e+00,5.165837549162669573e-01,-1.753805261605283716e+00,3.056193401119176087e+02,2.740005151437379105e-01
7.289999999999866809e+00,5.131320632897017342e-01,-1.378752723512667068e-02,3.326388263219579926e+02,4.855620691761335928e-01
7.294999999999866702e+00,5.181365440922092169e-01,1.625781323890221230e+00,3.068550796025297132e+02,7.652921626188241566e-01
7.299999999999866596e+00,5.273528578522411747e-01,1.964921232531483986e+00,2.541024066930271772e+02,2.147550852724989801e-01
7.304999999999866489e+00,5.368672528116743559e-01,1.665740770060424314e+00,-4.401124122548473565e+02,3.864309399596277395e-01
7.309999999999866382e+00,5.464950272647086660e-01,1.985199287217154662e+00,1.229720158210758996e+02,1.379943102356131046e+00
7.314999999999866276e+00,5.561008417850568097e-01,1.798979924857551538e+00,-5.100341605150471480e+01,9.755249748872442117e-01
7.319999999999866169e+00,5.653803496618481361e-01,1.648653252995360585e+00,-4.380017361321524731e+02,1.608134523347505063e+00
7.324999999999866063e+00,5.754431599648134332e-01,2.408324843654249925e+00,5.019388511906819872e+02,2.275125338133196173e+00
7.329999999999865956e+00,5.843635422888130426e-01,1.699130879241419922e+00,-2.703780540806430395e+02,2.072564644672783452e+00
7.334999999999865850e+00,5.941573739756212946e-01,1.863145364451586738e+00,-2.900400050646474881e+01,3.207267088372436792e+00
7.339999999999865743e+00,6.038203193650584222e-01,1.755363185646495294e+00,-1.543426481529162118e+02,3.352276487049119513e+00
7.344999999999865636e+00,6.133480014089947030e-01,1.647309775215155536e+00,-2.612911525831437984e+02,3.696614446117879371e+00
7.349999999999865530e+00,6.227859490892665439e-01,1.647238558397513319e+00,-2.517877797754131279e+02,4.319880194566023235e+00
7.354999999999865423e+00,6.322367920366013250e-01,1.707673526624218896e+00,-1.615923205125941422e+02,4.437784789335596614e+00
7.359999999999865317e+00,6.415292255484491557e-01,1.563894425429029233e+00,-3.167969559194285694e+02,4.125781236003325247e+00
7.364999999999865210e+00,6.508404880576754703e-01,1.640711548926737207e+00,-2.266664044088734329e+02,4.162495047696258332e+00
7.369999999999865103e+00,6.600857725087162509e-01,1.697773879688420973e+00,-1.183363937701423936e+02,4.054383493076803013e+00
7.374999999999864997e+00,6.693120852256673192e-01,1.537793991608586541e+00,-3.177052543318555990e+02,3.514198819189917611e+00
7.379999999999864890e+00,6.786297598820357768e-01,1.746412462888646600e+00,-1.023287843141934843e+02,4.593742563243726984e+00
7.384999999999864784e+00,6.876907737911951424e-01,1.725023073519233785e+00,-1.583442531615149846e+02,3.529583108909416733e+00
7.389999999999864677e+00,6.972615974110151216e-01,1.738983032829385378e+00,-3.017728170710382756e+02,3.008982896024154030e+00
7.394999999999864571e+00,7.065614538935182098e-01,1.807721092284036990e+00,-2.261238787739507075e+02,3.202072257979820868e+00
7.399999999999864464e+00,7.156391972826203762e-01,1.896290013016036502e+00,1.801092127232551263e+02,3.047407239048500749e+00
7.404999999999864357e+00,7.246510214193629951e-01,1.842547457598468830e+00,8.230378532309987349e+01,3.370852886373559176e+00
7.409999999999864251e+00,7.337164123247948977e-01,1.835950264596964976e+00,3.556048661713892329e+02,2.285034077291453691e+00
7.414999999999864144e+00,7.419137739387097197e-01,1.740063410562672219e+00,3.003093264781621841e+01,2.827509742835149886e+00
7.419999999999864038e+00,7.508877586101290191e-01,1.776614831932201932e+00,-6.124018576019781079e+01,2.014702456304815481e+00
7.424999999999863931e+00,7.599343539589217267e-01,1.757154873325241340e+00,-5.072296777267107615e+01,2.939194934298755779e+00
7.429999999999863824e+00,7.692594030144134232e-01,1.824718731214481249e+00,-1.365157467741532287e+02,2.809285002668064468e+00
7.434999999999863718e+00,7.784779447962402177e-01,1.885420761165826020e+00,5.870845965751573203e+01,2.172717482473884854e+00
7.439999999999863611e+00,7.877566122261774328e-01,2.028539586477412726e+00,2.676133338032698248e+02,2.630207969180241356e+00
7.444999999999863505e+00,7.966707868565491291e-01,1.504275441588150297e+00,-2.641617636395620252e+02,9.264735446047310807e-01
7.449999999999863398e+00,8.052993212607748585e-01,1.592218366655889561e+00,-2.016841202844544227e+02,1.861544906395488308e+00
7.454999999999863292e+00,8.141669725340494601e-01,1.544394213723310871e+00,-3.461520237663032731e+02,1.946146333487832170e+00
7.459999999999863185e+00,8.230989652213900332e-01,1.559651112795964911e+00,-4.151484714155675420e+02,1.983353435944087639e+00
7.464999999999863078e+00,8.308027967848166107e-01,1.527230486106777807e+00,-3.157538555760098120e+02,8.629870266862712525e-01
7.469999999999862972e+00,8.385985157984258143e-01,1.541981653221711879e+00,-3.983475254160097734e+02,5.801733048385639968e-01
7.474999999999862865e+00,8.459746645894257178e-01,1.458048004448179391e+00,-2.570711868974015601e+02,4.075731663328518994e-01
7.479999999999862759e+00,8.527888468804166733e-01,1.304551501117993562e+00,-2.453403242887780777e+02,-7.097240670000459772e-01
7.484999999999862652e+00,8.598688255774218359e-01,1.415122565190739534e+00,1.654490616539830796e+02,-1.350180224685591401e+00
7.489999999999862546e+00,8.654477664261819303e-01,1.050571441824560859e+00,-1.737111248971538657e+02,-3.445808622407442456e+00
7.494999999999862439e+00,8.707264023317278223e-01,1.049058639208180432e+00,4.191231745534710740e+01,-5.102539582554494579e+00
7.499999999999862332e+00,8.742090320746065402e-01,5.270424175030247183e-01,-8.280853191289359927e+01,-6.227456915902221724e+00
7.504999999999862226e+00,8.733279111559486552e-01,-6.310301506800822802e-01,-2.292195112300835831e+02,-5.845632946709240052e+00
7.509999999999862119e+00,8.694224634335659951e-01,-1.007761640519966306e+00,-1.414672763354114409e+02,-5.511346702825216326e+00
7.514999999999862013e+00,8.626376303379592603e-01,-1.563908055581543888e+00,-9.045284822009688241e+01,-4.914135895458773717e+00
7.519999999999861906e+00,8.533063747891923567e-01,-2.084331200872050704e+00,-1.153292967470665786e+02,-4.777425959233903896e+00
7.524999999999861799e+00,8.412974633199967744e-01,-2.602563436825472643e+00,-9.731112753211746735e+01,-4.418869016081621304e+00
7.529999999999861693e+00,8.265286909600577658e-01,-3.161977147489007489e+00,-1.044177420026447294e+02,-4.202805831080645760e+00
7.534999999999861586e+00,8.087038685635682400e-01,-3.799490869763951562e+00,-1.021844836997955639e+02,-4.086551011664647071e+00
7.539999999999861480e+00,7.876188292408407010e-01,-4.452140748318193175e+00,-1.106396648104013281e+02,-3.667023042218639617e+00
7.544999999999861373e+00,7.632058512729128497e-01,-5.120921798922021040e+00,-9.977261125385089713e+01,-3.316549797489440454e+00
7.549999999999861267e+00,7.356248975324323203e-01,-5.717068578998132367e+00,-1.104799517989285107e+02,-2.778924000392193339e+00
7.554999999999861160e+00,7.048726405111185311e-01,-6.383940099386609113e+00,-9.180813370878860269e+01,-2.387979570862734047e+00
7.559999999999861053e+00,6.711490912667159581e-01,-6.962272864617710333e+00,-1.004667078427578986e+02,-1.790115949405052032e+00
7.564999999999860947e+00,6.353836084436780274e-01,-7.352004106450651832e+00,-6.665667624593005769e+01,-1.403280906835744357e+00
7.569999999999860840e+00,5.981069827203453482e-01,-7.499192489434190811e+00,-6.519076954074050079e-01,-7.271429016543962121e-01
7.574999999999860734e+00,5.608059834381616815e-01,-7.422929936935226181e+00,1.214949479076004124e+01,-9.279250489476842390e-02
7.579999999999860627e+00,5.247286722319753904e-01,-7.079672365860214533e+00,5.724770342823308056e+01,3.730555362904253158e-02
7.584999999999860520e+00,4.921655847560996722e-01,-6.134223489944746532e+00,1.958767894920899266e+02,8.315676437981389668e-01
7.589999999999860414e+00,4.653530224706853846e-01,-4.831953520017976622e+00,2.717579423037057040e+02,1.381195708962082325e+00
7.594999999999860307e+00,4.464459817341998038e-01,-3.071743008930960528e+00,3.597923070885462380e+02,2.477776415894389572e+00
7.599999999999860201e+00,4.366860922007812507e-01,-1.218102060873149428e+00,3.570628226235840543e+02,2.382150784149174694e+00
7.604999999999860094e+00,4.361601496163682312e-01,6.023678376353609476e-01,3.414294710595910374e+02,2.105397611536146574e+00
7.609999999999859988e+00,4.441540202586127251e-01,2.168356839440407136e+00,2.604783685470397359e+02,2.271949935109185859e+00
7.614999999999859881e+00,4.526103419717011911e-01,1.677001514505303881e+00,3.157249697208192742e+02,2.056573839814795246e+00
7.619999999999859774e+00,4.626995190258120227e-01,2.283878517566663380e+00,4.032284459281806903e+02,2.563398487685818239e+00
7.624999999999859668e+00,4.722731193737100264e-01,1.846051893455522563e+00,-2.774870160438946982e+02,2.733593773826894946e+00
7.629999999999859561e+00,4.829035575741483233e-01,2.286913406253860970e+00,4.746496805177313831e+02,3.423261909413591209e+00
7.634999999999859455e+00,4.927282783715803416e-01,1.845929059888627988e+00,-3.929257792192964303e+02,3.426352712598666361e+00
7.639999999999859348e+00,5.031458196674775118e-01,1.954869878585570930e+00,5.700263065476839586e+01,4.621397144474791219e+00
7.644999999999859241e+00,5.129532170861895723e-01,1.932062807297201035e+00,-9.180306697215640099e+01,4.863408565539393713e+00
7.649999999999859135e+00,5.230028356724171212e-01,1.951724527914779683e+00,-1.396565270604011744e+02,5.255323800222301500e+00
7.654999999999859028e+00,5.326589087968872649e-01,1.937713294074879578e+00,-8.996348716917027843e+01,5.513458870051316296e+00
7.659999999999858922e+00,5.424029162407058013e-01,1.891873595107404160e+00,-2.010075494171039452e+02,5.803218428338654533e+00
7.664999999999858815e+00,5.523055279056839906e-01,1.892230241112767608e+00,-2.227805125956072345e+02,5.934094626128460170e+00
7.669999999999858709e+00,5.622618196457538353e-01,1.875844934713416956e+00,-2.524052850161999118e+02,5.994656784726601018e+00
7.674999999999858602e+00,5.721833895495330724e-01,1.873013175338427372e+00,-3.126254987568730144e+02,5.884867075730170427e+00
7.679999999999858495e+00,5.822804756480289834e-01,1.913293132744606329e+00,-3.376941712847899453e+02,6.151122929522540694e+00
7.684999999999858389e+00,5.923950527754933137e-01,1.962239012144175954e+00,-2.008347637317514227e+02,5.950370124228369306e+00
7.689999999999858282e+00,6.020019875605405746e-01,1.915967903033338082e+00,-9.206653997508955456e+01,5.417272486639614471e+00
7.694999999999858176e+00,6.116991472367229177e-01,1.845982315874527435e+00,-2.014031699249895269e+02,5.082612040923718766e+00
7.699999999999858069e+00,6.223712297382194558e-01,1.929788527335748016e+00,-4.430916654180280148e+02,5.602065105870317474e+00
7.704999999999857963e+00,6.317346448339010712e-01,1.963309047247674632e+00,-2.488544408044846534e+02,5.225878501579162894e+00
7.709999999999857856e+00,6.412863061087817895e-01,1.913410875358608765e+00,-2.378251620010212832e+02,4.759598933350080330e+00
7.714999999999857749e+00,6.508294976129230802e-01,1.655162681858470153e+00,-7.904391582609662237e+02,3.895737051005511375e+00
7.719999999999857643e+00,6.592752395049830128e-01,1.630006263459866211e+00,3.855705030212651252e+01,4.333916414504426662e+00
7.724999999999857536e+00,6.673239957842926895e-01,1.612995284088210912e+00,4.998197377108566286e+01,3.846114018134088930e+00
7.729999999999857430e+00,6.748342748295267368e-01,1.591459976965736045e+00,3.760187717635026416e+01,4.548539273287349971e+00
7.734999999999857323e+00,6.823008448870829801e-01,1.362261386921753692e+00,-1.455002674973084993e+02,4.077388283919940903e+00
7.739999999999857216e+00,6.902629739390713226e-01,1.248304059353983586e+00,-3.340875195237020421e+02,3.316851720765141565e+00
7.744999999999857110e+00,6.980109835188383904e-01,1.462743630982237919e+00,-1.339385665033544512e+02,3.804280278023046691e+00
7.749999999999857003e+00,7.059040891710163246e-01,1.384012594662015649e+00,-5.408932030586338442e+02,3.125663128141337843e+00
7.754999999999856897e+00,7.135201015468317642e-01,1.683580169231317480e+00,1.814417827798916960e+02,3.927390816419097597e+00
7.759999999999856790e+00,7.210440854373463271e-01,1.175173133433400796e+00,-4.146391394422050212e+02,4.050609028512099918e+00
7.764999999999856684e+00,7.295443940502804869e-01,1.490620587196871183e+00,-2.503161634125504804e+02,3.529385036768220019e+00
7.769999999999856577e+00,7.379486822636108778e-01,1.598779322398728109e+00,-2.729333521643462745e+02,3.082914821895609059e+00
7.774999999999856470e+00,7.464579072041527263e-01,1.601295962543993978e+00,-2.404601883088660088e+02,2.201011425832967383e+00
7.779999999999856364e+00,7.545126004033482214e-01,1.490246774811272878e+00,-2.512191073636603562e+02,1.603866319118642636e+00
7.784999999999856257e+00,7.628531430542807579e-01,1.628601104799733079e+00,-7.960112678609571724e+00,1.276241349978799011e+00
7.789999999999856151e+00,7.709626572013644763e-01,1.725094569038230441e+00,2.476813156633848507e+02,1.085379403103199358e-01
7.794999999999856044e+00,7.791523468443845024e-01,1.675718321544427569e+00,3.665228710029550996e+01,-1.396794862190013031e+00
7.799999999999855937e+00,7.871287100123595115e-01,1.531348421592503950e+00,-4.027574587934038419e+01,-2.583218328479297554e+00
7.804999999999855831e+00,7.944222952621201594e-01,1.291381512200155068e+00,-1.009567094775730567e+02,-4.281523999227839994e+00
7.809999999999855724e+00,7.985773170600808379e-01,5.236018878681703015e-01,-1.449951192526846455e+02,-3.918998806307284699e+00
7.814999999999855618e+00,8.001395340578865145e-01,1.114209452853819476e-01,-1.393671825045884134e+02,-3.604133878469654828e+00
7.819999999999855511e+00,7.997308637412738896e-01,-2.178914848986328034e-01,-6.134178439623676837e+01,-3.290963587589649464e+00
7.824999999999855405e+00,7.975828798506351403e-01,-5.710614113915261081e-01,-7.901349039556828302e+01,-3.249351024051645886e+00
7.829999999999855298e+00,7.936088899938487096e-01,-9.541864172077999529e-01,-9.940018609410736872e+01,-3.325564850134054673e+00
7.834999999999855191e+00,7.876670310395755825e-01,-1.354757881670769493e+00,-9.941255312765136409e+01,-3.256436501792604687e+00
7.839999999999855085e+00,7.796177502247866320e-01,-1.785854861753074951e+00,-1.081315925013947634e+02,-3.180950690851256812e+00
7.844999999999854978e+00,7.693408878204640589e-01,-2.241297844706973574e+00,-1.130177177745665347e+02,-3.059479590920473946e+00
7.849999999999854872e+00,7.567009940118522016e-01,-2.710789184435900001e+00,-8.901768038875754030e+01,-2.896574393330223707e+00
7.854999999999854765e+00,7.416087156663384583e-01,-3.201260393216649902e+00,-8.516181826814521116e+01,-2.741707798052943623e+00
7.859999999999854658e+00,7.239665376528099383e-01,-3.730365358676558607e+00,-1.055233243531847194e+02,-2.560187504165978289e+00
7.864999999999854552e+00,7.039535943643635552e-01,-4.163734190887377729e+00,-7.396386100869703739e+01,-2.077688074683667452e+00
7.869999999999854445e+00,6.817737191890890225e-01,-4.574444763297351280e+00,-5.033771263639075499e+01,-1.803142406880519744e+00
7.874999999999854339e+00,6.575189847223821271e-01,-5.005712472546472114e+00,-9.225149890661978702e+01,-1.592588541386604994e+00
7.879999999999854232e+00,6.312660113068943035e-01,-5.396687120534727100e+00,-6.296519166410028845e+01,-1.297023858089709325e+00
7.884999999999854126e+00,6.033300072559191207e-01,-5.675786581164448563e+00,-2.484502836768984579e+01,-6.536048416302779884e-01
7.889999999999854019e+00,5.744815190771571656e-01,-5.868622643996207700e+00,-3.923102891101633105e+01,-4.624199020298540574e-01
7.894999999999853912e+00,5.449588719985898333e-01,-5.904231623893883452e+00,1.564315431732118711e+01,-2.775558388718399883e-01
7.899999999999853806e+00,5.160703791511743743e-01,-5.673901847481546135e+00,7.213039713784452545e+01,2.594632584160341260e-01
7.904999999999853699e+00,4.891443225623062219e-01,-5.195276248748883496e+00,8.365956477570972538e+01,3.338677789136337282e-01
7.909999999999853593e+00,4.660013797825976467e-01,-4.259365519119584498e+00,1.767101286519985592e+02,4.259936830019350751e-01
7.914999999999853486e+00,4.494936396688600233e-01,-2.669439745532402597e+00,3.292785066515203312e+02,1.754071800358562472e+00
7.919999999999853380e+00,4.417413865041838195e-01,-8.300277330170264811e-01,3.530703328139915129e+02,2.068008359140770747e+00
7.924999999999853273e+00,4.433205329265564321e-01,1.031700290502761685e+00,3.482868105157127729e+02,2.020805270345879201e+00
7.929999999999853166e+00,4.526933878403668343e-01,1.827319188599389133e+00,-4.953585967705072903e+02,2.155678154481627029e+00
7.934999999999853060e+00,4.629273355597922635e-01,2.223818378084636560e+00,2.579284893271426427e+02,2.214464551309925255e+00
7.939999999999852953e+00,4.733008626880433889e-01,1.977967811379849339e+00,-6.110308602955310562e+02,1.953648525805613767e+00
7.944999999999852847e+00,4.841128703164504499e-01,2.306165969742755895e+00,4.293588206062103723e+02,3.401039670837669782e+00
7.949999999999852740e+00,4.949910265906133922e-01,1.867205009241142966e+00,-6.595711345126538845e+02,2.829009719586707217e+00
7.954999999999852633e+00,5.056285371092436032e-01,2.319272409999826756e+00,4.450939973874931184e+02,3.770686790203358285e+00
7.959999999999852527e+00,5.165934455448150109e-01,2.098555869326602430e+00,-1.714105970437467477e+02,3.886922783730596187e+00
7.964999999999852420e+00,5.273185203298987878e-01,2.187179648414665056e+00,8.134781747339044955e+01,4.600410673413546370e+00
7.969999999999852314e+00,5.380635377881531900e-01,2.196570151380945912e+00,1.662736072803786556e+02,4.602453755591322526e+00
7.974999999999852207e+00,5.485100453061939607e-01,2.168753815710250166e+00,3.248753795790005370e+02,4.816243007663563169e+00
7.979999999999852101e+00,5.591473529172578116e-01,2.114779767568569557e+00,-2.603245170366231065e+01,5.036714613502082827e+00
7.984999999999851994e+00,5.698221448537812428e-01,2.110468617428475913e+00,-1.431278629683109500e+02,4.957260678251643071e+00
7.989999999999851887e+00,5.804640495462319860e-01,2.058199359825627184e+00,-1.566969314372734914e+02,5.176331022645733526e+00
7.994999999999851781e+00,5.918127377534608824e-01,2.043330513797912751e+00,-3.239124720009966296e+01,4.642495175636955906e+00
7.999999999999851674e+00,6.025927880275655513e-01,2.491337815509603093e+00,4.741838924946610518e+02,4.045465691391437524e+00
8.004999999999851568e+00,6.129228228748626606e-01,2.274114146748051013e+00,3.525751517194809708e+02,4.461172531202174163e+00
8.009999999999852349e+00,6.230222791792494608e-01,2.122707146970753467e+00,1.899517871643380715e+02,4.146570326563807640e+00
8.014999999999853131e+00,6.331998422078177757e-01,2.072484919637604506e+00,1.022297838051794230e+02,3.927067457530847960e+00
8.019999999999853912e+00,6.432847520378995876e-01,2.095796413663434610e+00,1.387198698739964584e+02,4.041776429872721010e+00
8.024999999999854694e+00,6.533963286555517502e-01,2.212615610977884728e+00,2.748675815876000570e+02,3.763930224738845531e+00
8.029999999999855476e+00,6.640543721655985943e-01,2.720381564682764708e+00,7.802668937694492115e+02,3.861546134117370244e+00
8.034999999999856257e+00,6.737982119943216608e-01,2.263982703590454726e+00,3.521151588621415272e+02,2.370404877865593285e+00
8.039999999999857039e+00,6.834445652227248980e-01,1.931967644473762791e+00,-9.484988411911887241e+00,3.124432163195932421e+00
8.044999999999857820e+00,6.932949622277484458e-01,1.921475296427847645e+00,-2.780827945604372431e+01,2.962894250589706679e+00
8.049999999999858602e+00,7.030667719664625004e-01,1.898009590971562188e+00,2.042453239574844019e+02,3.635359883489935662e+00
8.054999999999859384e+00,7.129351286931492337e-01,1.959509663505292876e+00,-6.444131725148413636e+01,2.901027894651239780e+00
8.059999999999860165e+00,7.229285703556322940e-01,1.993089369552507817e+00,1.323569402603168221e+01,3.502354445914544367e+00
8.064999999999860947e+00,7.330588370948241117e-01,2.066934863601340044e+00,3.864195364853123351e+02,2.259920500787809594e+00
8.069999999999861728e+00,7.423419066910394992e-01,1.951429164947275252e+00,-4.400160398061251499e+01,2.706206590028894077e+00
8.074999999999862510e+00,7.524722047819327742e-01,2.164319074837993462e+00,3.182174906640499330e+02,3.582002182669257184e+00
8.079999999999863292e+00,7.631197442246097085e-01,1.888705030073906999e+00,-2.762745706841826632e+02,2.233422818743814986e+00
8.084999999999864073e+00,7.729514490432281004e-01,2.406585560733295992e+00,5.967445417039097038e+02,2.986987642186980985e+00
8.089999999999864855e+00,7.832288020674301743e-01,2.646870127288299290e+00,8.192668342113216795e+02,1.783546110277913321e+00
8.094999999999865636e+00,7.928228118086746434e-01,2.116937684922725271e+00,3.012792791446614160e+02,1.635303517700746223e+00
8.099999999999866418e+00,8.021329585416978603e-01,1.587799561726346953e+00,-3.019917673150804944e+02,2.763046035582493509e+00
8.104999999999867200e+00,8.110676068987719978e-01,1.670433568280398795e+00,-3.091268418916005771e+02,2.651836835469812748e+00
8.109999999999867981e+00,8.199516938579762826e-01,1.629116830263938276e+00,-2.491621741783465040e+02,1.290280871415003361e+00
8.114999999999868763e+00,8.287419714806184556e-01,1.595816619895884303e+00,-2.845877327690620291e+02,1.255865739888609944e+00
8.119999999999869544e+00,8.373036015561812206e-01,1.556331463685977301e+00,-2.757379652958890688e+02,1.034246576755665892e+00
8.124999999999870326e+00,8.452433154446817865e-01,1.440945330208005526e+00,-2.315871643828824631e+02,-3.238630312949719592e-02
8.129999999999871108e+00,8.528023432022547867e-01,1.546970583861509541e+00,2.061634843578733296e+02,-5.723327636414321518e-01
8.134999999999871889e+00,8.595954781719089555e-01,1.290644724412018052e+00,-2.062558373103630345e+02,-1.902811750024222981e+00
8.139999999999872671e+00,8.660027354011102796e-01,1.311177973667638108e+00,6.634797587625962478e+01,-3.745097614714705259e+00
8.144999999999873452e+00,8.710148155002673809e-01,9.246364004097142875e-01,-3.678503695505968807e+01,-4.969607900290392344e+00
8.149999999999874234e+00,8.726023392453392535e-01,-5.483058613708407386e-02,-1.690186527965780954e+02,-4.869292714862359261e+00
8.154999999999875016e+00,8.713650118361618846e-01,-5.252097903952048785e-01,-1.974149938094075765e+02,-4.905882437916621264e+00
8.159999999999875797e+00,8.665392471862745083e-01,-1.233855701024167750e+00,-1.198034956240381490e+02,-4.671438226100606883e+00
8.164999999999876579e+00,8.586822767773906184e-01,-1.783556846182433597e+00,-9.244778558218908415e+01,-4.346050723610520805e+00
8.169999999999877360e+00,8.478822175518794246e-01,-2.385418050171374205e+00,-1.020498319128065958e+02,-4.243433149531758986e+00
8.174999999999878142e+00,8.340912212480835475e-01,-2.960573586139569002e+00,-8.503584856188486185e+01,-3.874400637901828759e+00
8.179999999999878924e+00,8.173275452098327509e-01,-3.581970894450153597e+00,-9.739274617609927986e+01,-3.783240630022724815e+00
8.184999999999879705e+00,7.974660772538290088e-01,-4.183341478788682899e+00,-8.743696743164446161e+01,-3.382863503195761012e+00
8.189999999999880487e+00,7.744486275541424547e-01,-4.834575161269880184e+00,-9.616056746846030023e+01,-3.203054042937526269e+00
8.194999999999881268e+00,7.483005472366902611e-01,-5.438571180709787178e+00,-9.992233124371630026e+01,-2.709161451150223776e+00
8.199999999999882050e+00,7.190615379550421293e-01,-6.062297117061702600e+00,-8.411843109785954198e+01,-2.411717481627710047e+00
8.204999999999882832e+00,6.870087481039024446e-01,-6.540553165374440425e+00,-7.261544022708410040e+00,-1.847222662526153858e+00
8.209999999999883613e+00,6.524616326543550837e-01,-7.098191550608684786e+00,-7.150142814055688234e+01,-1.476394495469784296e+00
8.214999999999884395e+00,6.161869990280393061e-01,-7.332474567741096294e+00,-2.291165638559649764e+01,-8.746561405390336219e-01
8.219999999999885176e+00,5.794169190748533760e-01,-7.357051638366206348e+00,-6.505331814909203203e+00,-2.237699012883149763e-01
8.224999999999885958e+00,5.431175920202706564e-01,-7.195921512136511211e+00,2.243452092391649089e+01,-1.128543055188075961e-01
8.229999999999886739e+00,5.090699879983253684e-01,-6.563346997762129931e+00,1.193196331803386130e+02,5.537494556154181069e-01
8.234999999999887521e+00,4.793431275186669227e-01,-5.530587987950261741e+00,2.041694874221379052e+02,7.217945640833320908e-01
8.239999999999888303e+00,4.564679070828026597e-01,-3.919137080434825560e+00,3.472691202799305756e+02,2.380220130290951364e+00
8.244999999999889084e+00,4.421218341402818330e-01,-2.183364163444644124e+00,3.342205842333000874e+02,2.401457468845955123e+00
8.249999999999889866e+00,4.366115136179730682e-01,-3.976556233307924071e-01,3.484000294417607506e+02,2.150622905410236374e+00
8.254999999999890647e+00,4.399824258551312539e-01,1.356658195145679535e+00,3.354155854044399234e+02,2.464615765315567142e+00
8.259999999999891429e+00,4.489071751950315936e-01,1.763411628071854809e+00,2.722757982300859680e+02,1.673065178054853330e+00
8.264999999999892211e+00,4.590969508894611195e-01,2.199169055020620878e+00,3.034504111827110933e+02,1.926304275018052570e+00
8.269999999999892992e+00,4.685617554948086072e-01,1.908688974599469068e+00,3.457096160921361871e+01,2.677999295673846980e+00
8.274999999999893774e+00,4.783930014623083427e-01,1.904384885664899052e+00,-1.737242711348050932e+02,2.455100262099143116e+00
8.279999999999894555e+00,4.883639448026858565e-01,2.068137257456754696e+00,1.322587228450647956e+02,2.816515946068808063e+00
8.284999999999895337e+00,4.982824267520150618e-01,1.953146943639108235e+00,2.261733008328423011e+01,3.476196105688458715e+00
8.289999999999896119e+00,5.086928298685746697e-01,2.051882949017518332e+00,-1.829066727293456438e+02,3.908804285416282553e+00
8.294999999999896900e+00,5.188911041578542216e-01,1.980411118122472836e+00,-1.935213250804841607e+02,4.370969882931119876e+00
8.299999999999897682e+00,5.289883958558483368e-01,2.078862871459403294e+00,1.041707147312570072e+02,5.149661336526723865e+00
8.304999999999898463e+00,5.390234162525113781e-01,2.134173615703223170e+00,3.433589151598799845e+02,5.248814916740689895e+00
8.309999999999899245e+00,5.489660199369004179e-01,2.141241997002226061e+00,4.769671018279342434e+02,5.501488565506817530e+00
8.314999999999900027e+00,5.586569039024193994e-01,2.182082613341364219e+00,7.814843158860807080e+02,5.908420339087913753e+00
8.319999999999900808e+00,5.685990530638934670e-01,2.020508276164752814e+00,6.538351008878035486e+01,5.861438046855949935e+00
8.324999999999901590e+00,5.785841625510566022e-01,2.035341468252312769e+00,5.245576505021212199e+01,6.060697255118141058e+00
8.329999999999902371e+00,5.884284383590669965e-01,2.022704249197114557e+00,-9.020825065489721339e+01,5.695529696777763995e+00
8.334999999999903153e+00,5.981212294364069981e-01,2.000909131431774401e+00,-1.061310528755919336e+02,5.605022805646178163e+00
8.339999999999903935e+00,6.077598733247192575e-01,1.967048239026442324e+00,-1.580649664858782160e+02,5.486039918689385786e+00
8.344999999999904716e+00,6.173027258843157838e-01,1.897998931515295418e+00,-1.850757998601431495e+02,5.072013243434801311e+00
8.349999999999905498e+00,6.268053383188683103e-01,1.838492014822650678e+00,-1.728269987021324141e+02,5.177160332021831124e+00
8.354999999999906279e+00,6.359497458232765688e-01,1.784715889782755305e+00,-3.011323721596595533e+02,4.343021030050838505e+00
8.359999999999907061e+00,6.443722620940730561e-01,1.652226552588932362e+00,-2.369723610559353233e+02,4.062691481910869484e+00
8.364999999999907843e+00,6.524244922075110864e-01,1.564882590913430294e+00,-2.996414091610999435e+02,3.862699996736083996e+00
8.369999999999908624e+00,6.599098741997256878e-01,1.539254018241353439e+00,1.310193050586057097e+02,3.879171992492496557e+00
8.374999999999909406e+00,6.674191216268369198e-01,1.590729156186934556e+00,2.231308452335077845e+02,4.100991175426113244e+00
8.379999999999910187e+00,6.745105557532194984e-01,1.361467763124154295e+00,-4.669519935506342989e+01,3.827923489165897308e+00
8.384999999999910969e+00,6.822120929970335590e-01,1.155223156345016378e+00,-4.092254404329630120e+02,3.613365236150491100e+00
8.389999999999911751e+00,6.897636761589052146e-01,1.437918863949646964e+00,-8.236414738034535787e+01,3.698768763439091778e+00
8.394999999999912532e+00,6.976303876877559818e-01,1.507837449378960581e+00,2.916869286574822340e+01,3.689592947667081013e+00
8.399999999999913314e+00,7.053269098242970214e-01,1.753610485110651318e+00,4.803775634652744770e+02,3.988951528411224690e+00
8.404999999999914095e+00,7.130051124517179373e-01,1.931671550012631577e+00,5.048390222622434180e+02,3.650888437575979584e+00
8.409999999999914877e+00,7.208486068078434617e-01,1.308047101857307215e+00,-3.156119400396442529e+02,3.363083998414045706e+00
8.414999999999915659e+00,7.291847831858225826e-01,1.587275394224131997e+00,-1.023660734707752056e+02,3.411691474775158106e+00
8.419999999999916440e+00,7.375266916886508151e-01,1.979211779890432732e+00,4.298906482441163348e+02,2.638326378778805381e+00
8.424999999999917222e+00,7.457057935609709975e-01,1.805408375039811109e+00,2.949378569866781277e+02,1.277253934630626642e+00
8.429999999999918003e+00,7.541757583098659401e-01,1.682627817669278381e+00,-8.047696143943156244e+01,6.835883438954875047e-01
8.434999999999918785e+00,7.624104062969078166e-01,1.706946566324593517e+00,1.565718046314981962e+02,-6.040079163779199511e-01
8.439999999999919567e+00,7.708756149247609768e-01,1.611632085579099538e+00,-1.980428066855573377e+02,-1.698760588576105457e+00
8.444999999999920348e+00,7.787427359191162468e-01,1.517464323149321670e+00,-3.455354556588266490e+01,-2.717203798231159873e+00
8.449999999999921130e+00,7.857629537289100297e-01,1.291752926215268493e+00,-1.463237812171768724e+02,-4.313210121073435488e+00
8.454999999999921911e+00,7.907137883702752834e-01,7.869845194909097508e-01,-1.200517054179193224e+02,-3.209690095713097602e+00
8.459999999999922693e+00,7.936625281528691955e-01,4.554013436250601843e-01,-8.668257225551398903e+01,-3.287802676319964590e+00
8.464999999999923475e+00,7.954130265434586899e-01,2.711040726519226562e-01,-5.748637938602099950e+01,-2.946775695865141209e+00
8.469999999999924256e+00,7.961662850225305066e-01,5.655103997578363878e-02,-6.602861866706865612e+01,-3.040943868128142213e+00
8.474999999999925038e+00,7.957310255282323830e-01,-1.988492582942827380e-01,-6.226660963956972950e+01,-3.098378790452202214e+00
8.479999999999925819e+00,7.938129913647421487e-01,-5.101494959117571781e-01,-7.229427055214439690e+01,-3.203654410489586990e+00
8.484999999999926601e+00,7.900959389443414915e-01,-8.922352714424809372e-01,-7.460998044027671483e+01,-3.318752674829787974e+00
8.489999999999927383e+00,7.843194224048403163e-01,-1.322735257144307175e+00,-8.791674779723362576e+01,-3.312521836425252886e+00
8.494999999999928164e+00,7.762966846977145119e-01,-1.783463253725766862e+00,-9.570466819301869066e+01,-3.221405023361057829e+00
8.499999999999928946e+00,7.658938634932230816e-01,-2.276309074391331233e+00,-1.189266800981632457e+02,-3.079289290601061602e+00
8.504999999999929727e+00,7.529891649942614951e-01,-2.784480467981888641e+00,-8.568276120417006325e+01,-2.842479709165513402e+00
8.509999999999930509e+00,7.374081621372740036e-01,-3.330164769866643670e+00,-1.130970630984911907e+02,-2.665344236085886998e+00
8.514999999999931291e+00,7.188687744143590352e-01,-3.933919208052874872e+00,-1.038332175274726126e+02,-2.488940062287845478e+00
8.519999999999932072e+00,6.975915439788141770e-01,-4.443645549803047601e+00,-9.713156461831604815e+01,-2.032677188724699935e+00
8.524999999999932854e+00,6.738671562214259003e-01,-4.914171913045938034e+00,-7.404740212735620730e+01,-1.690814874592797779e+00
8.529999999999933635e+00,6.477929838670520857e-01,-5.399971062053771753e+00,-9.151327816258167047e+01,-1.428491352050907270e+00
8.534999999999934417e+00,6.201183961150668056e-01,-5.644692383565778293e+00,-3.373656865730099241e+01,-9.093447624050088329e-01
8.539999999999935199e+00,5.911771482335509420e-01,-5.858635136994748471e+00,-2.196542883623780185e+01,-6.453486196758211335e-01
8.544999999999935980e+00,5.615478512669751510e-01,-5.947041338995378013e+00,-7.079091142653382462e+00,-5.041148892872078235e-01
8.549999999999936762e+00,5.323888366721823973e-01,-5.733980789721878857e+00,8.330268143854718232e+01,1.801620936976577880e-02
8.554999999999937543e+00,5.051142979101295172e-01,-5.258803524978736377e+00,1.034811926870405472e+02,2.347338908882132813e-01
8.559999999999938325e+00,4.814028324074384191e-01,-4.398149420297054135e+00,1.832447505421695269e+02,2.187132915364724539e-01
8.564999999999939106e+00,4.640544187262248266e-01,-2.863588878250256098e+00,2.985242979795714859e+02,1.325570076199084957e+00
8.569999999999939888e+00,4.554855933127151535e-01,-9.717074446422383494e-01,3.683014615547349422e+02,1.911422997342687946e+00
8.574999999999940670e+00,4.565789787780319409e-01,9.686723687245893943e-01,3.595558224539873322e+02,1.892746060153457588e+00
8.579999999999941451e+00,4.659069417161619264e-01,1.809853490559059974e+00,-5.388498179015449523e+02,2.061282790927004172e+00
8.584999999999942233e+00,4.764620572223526307e-01,2.257842190367120416e+00,2.320940283211237727e+02,1.955702303961870836e+00
8.589999999999943014e+00,4.878124359722912362e-01,2.186612519955180467e+00,3.846827021767952601e+02,2.363483281706670880e+00
8.594999999999943796e+00,4.990465228437209744e-01,1.966597126395841721e+00,-6.029546326963388765e+02,2.807584498968438425e+00
8.599999999999944578e+00,5.097942458556745660e-01,2.211748010238648643e+00,-1.156501813035034871e+02,3.403929753504542965e+00
8.604999999999945359e+00,5.215649200593321932e-01,2.141454695281465703e+00,-2.923924084491384292e+02,3.427486246158455430e+00
8.609999999999946141e+00,5.328134353067099926e-01,2.245962262629297435e+00,-1.722191300755313748e+01,4.173528735470773299e+00
8.614999999999946922e+00,5.441338626008058732e-01,2.316914360824892327e+00,1.954101054546406715e+02,4.426103402422890909e+00
8.619999999999947704e+00,5.553563025032368650e-01,2.268328790124922278e+00,9.392650990287663149e+01,4.557298620289682134e+00
8.624999999999948486e+00,5.665810290454035281e-01,2.209163121847530942e+00,-1.371554739994751912e+02,4.542947911143522255e+00
8.629999999999949267e+00,5.776884486836474375e-01,2.180375731343354939e+00,-1.702918032722429587e+02,4.478136616440011153e+00
8.634999999999950049e+00,5.887939799402575058e-01,2.115477164121498443e+00,-1.550491783107028141e+02,4.615855384697499453e+00
8.639999999999950830e+00,5.999555455780716251e-01,1.785208859148399441e+00,-4.347551835019576743e+02,4.167307007495477222e+00
8.644999999999951612e+00,6.111659009987856495e-01,2.523910179980763502e+00,4.217028150321817179e+02,4.326896741050772377e+00
8.649999999999952394e+00,6.219446984097867226e-01,2.371169311421999382e+00,3.533335894072296242e+02,4.011260667524161327e+00
8.654999999999953175e+00,6.325201424297605124e-01,2.197998313823538830e+00,1.553631463733705402e+02,3.551221863665573242e+00
8.659999999999953957e+00,6.431414477196254476e-01,2.221803056771966656e+00,1.941233999298149513e+02,4.013114024681340375e+00
8.664999999999954738e+00,6.536463870445363700e-01,2.159278937018981992e+00,1.111491730475898407e+02,3.305281346499969963e+00
8.669999999999955520e+00,6.645420754053306123e-01,2.563269372209905139e+00,5.139633210786271320e+02,4.394670866203662207e+00
8.674999999999956302e+00,6.755110830252664122e-01,2.641368787021249442e+00,6.479591562125591508e+02,2.910891533889193195e+00
8.679999999999957083e+00,6.853391363765123367e-01,2.261565006153774426e+00,2.813037565954023762e+02,2.612831820815025186e+00
8.684999999999957865e+00,6.959854019915280299e-01,1.868885519288755015e+00,-2.138503986967558887e+02,2.291641797642761880e+00
8.689999999999958646e+00,7.070439675455563178e-01,2.418392480554510726e+00,6.262568906975852769e+02,2.484956215125492918e+00
8.694999999999959428e+00,7.162861722691347133e-01,1.854406865153376271e+00,-3.538028275454308300e+02,2.133029285823916599e+00
8.699999999999960210e+00,7.268029704126817148e-01,1.960878862264147093e+00,-2.704850228480399110e+01,2.072005788377468960e+00
8.704999999999960991e+00,7.371129036436721016e-01,2.101806331733452105e+00,1.000840759920296534e+02,2.627156593055178124e+00
8.709999999999961773e+00,7.476171293743621993e-01,1.927286636243211948e+00,-1.742684508474894756e+02,3.382251050550779681e+00
8.714999999999962554e+00,7.578579614890716964e-01,2.036712932409503019e+00,-1.410858129975501996e+01,2.792405778149088746e+00
8.719999999999963336e+00,7.682826083265060779e-01,2.034570075722497595e+00,-1.181709573056824496e+02,2.458622497832344767e+00
8.724999999999964118e+00,7.786737030946935256e-01,1.851037004437387168e+00,-5.469756566906377202e+02,1.467927288623506632e+00
8.729999999999964899e+00,7.885229489441240025e-01,2.084942981996184663e+00,2.734584356444194952e+01,2.514844718361739062e+00
8.734999999999965681e+00,7.987972834328412874e-01,2.311180259453806674e+00,3.914093673450933011e+02,2.494845424689977609e+00
8.739999999999966462e+00,8.085321895844412854e-01,1.717465163520660587e+00,-2.234330313332053777e+02,2.511316962236231909e+00
8.744999999999967244e+00,8.183095208572128687e-01,1.685365529766823967e+00,-2.303892308106277653e+02,1.299024053008359658e+00
8.749999999999968026e+00,8.281809153770062215e-01,1.922291127084219786e+00,2.218877908608777716e+02,1.651777884945232255e+00
8.754999999999968807e+00,8.369954198191420502e-01,1.671241149809629789e+00,-9.014418001845926653e+01,1.214124282657159659e+00
8.759999999999969589e+00,8.456121310182035389e-01,1.605419141552315798e+00,-2.433603721030231384e+02,1.180995411280852281e+00
8.764999999999970370e+00,8.539503041478834211e-01,1.520546262858321951e+00,-1.883102584793154790e+02,1.150780999328027132e-02
8.769999999999971152e+00,8.621657384120742229e-01,1.497470665983995808e+00,-8.660930726685183600e+00,1.102664126383803289e-01
8.774999999999971934e+00,8.696204916025334075e-01,1.464263333447710647e+00,6.177588062805846647e+01,-6.480365524136220134e-01
8.779999999999972715e+00,8.764630617508054611e-01,1.486454777477770106e+00,2.527859423031169115e+02,-1.953235560187102093e+00
8.784999999999973497e+00,8.822359453776131843e-01,1.342534145866395079e+00,8.413548987189798822e+01,-4.536205157660422316e+00
8.789999999999974278e+00,8.860287435257082622e-01,6.465118333217882984e-01,-7.847866935187167314e+01,-5.537776960373061996e+00
8.794999999999975060e+00,8.862315993646294743e-01,-3.552512278892848152e-01,-1.884083657425896661e+02,-5.365910671866219062e+00
8.799999999999975842e+00,8.838167372653877862e-01,-7.224810161806032305e-01,-1.539450877481191640e+02,-4.901142422696410428e+00
8.804999999999976623e+00,8.780892114780104452e-01,-1.415529332322621237e+00,-1.351995301824800322e+02,-4.723909786437141989e+00
8.809999999999977405e+00,8.693802710051937721e-01,-1.979583123483825036e+00,-1.102740563794141764e+02,-4.711577193369759442e+00
8.814999999999978186e+00,8.575076040428450952e-01,-2.619863676845950895e+00,-1.194678704437763059e+02,-4.385408504137879859e+00
8.819999999999978968e+00,8.423001234458179498e-01,-3.296547955435591870e+00,-1.067781709391318827e+02,-4.242814279458046123e+00
8.824999999999979750e+00,8.236957499106311031e-01,-3.976459822279544642e+00,-1.165215246164707992e+02,-3.864393202834915719e+00
8.829999999999980531e+00,8.015289177508556628e-01,-4.702019248840092480e+00,-1.114325234143174583e+02,-3.646738468916837395e+00
8.834999999999981313e+00,7.758640886484193810e-01,-5.366550962063881158e+00,-9.732786913098675541e+01,-3.163376252419050072e+00
8.839999999999982094e+00,7.470152148671399539e-01,-5.975514870687279156e+00,-7.700380182380752103e+01,-2.580362249330480306e+00
8.844999999999982876e+00,7.153650657183601158e-01,-6.516402183790340530e+00,-8.753959627970692736e+01,-2.326858469431685617e+00
8.849999999999983658e+00,6.811112746299073928e-01,-7.044430550785492962e+00,-7.312448294679523997e+01,-1.683932663759524662e+00
8.854999999999984439e+00,6.445360770133232720e-01,-7.475603394780240940e+00,-6.413873384746973727e+01,-1.351702237628077174e+00
8.859999999999985221e+00,6.065554047234759105e-01,-7.656758153768001840e+00,-1.256329588676298670e+01,-6.977679770510540891e-01
8.864999999999986002e+00,5.684194242344063897e-01,-7.596791903139407331e+00,1.143032165605914940e+01,-3.296085021052430619e-02
8.869999999999986784e+00,5.311453274624441390e-01,-7.365278864052088537e+00,3.740752910193688763e+01,4.812549219847417348e-02
8.874999999999987566e+00,4.964609662567170956e-01,-6.667149642510142193e+00,1.222647187819267174e+02,7.961859810855207442e-01
8.879999999999988347e+00,4.665245193555416781e-01,-5.546935377565294978e+00,2.171157234897754620e+02,1.054085077237479462e+00
8.884999999999989129e+00,4.438280870100828612e-01,-3.896749203023273544e+00,2.996527429968259639e+02,2.427799842199269698e+00
8.889999999999989910e+00,4.303066570116971801e-01,-1.954580013792778015e+00,3.561342897425563478e+02,2.891445113780549914e+00
8.894999999999990692e+00,4.265077081864954711e-01,6.143226554036208299e-03,3.908503881920190111e+02,3.052492170098521473e+00
8.899999999999991473e+00,4.313375447192042134e-01,1.564755044364558589e+00,2.810183572809821158e+02,1.872703889721123893e+00
8.904999999999992255e+00,4.406538034637976775e-01,2.049863015987534620e+00,2.639524050898606333e+02,2.169073492361022204e+00
8.909999999999993037e+00,4.503683359600449410e-01,1.556517997787071339e+00,-6.273171787807848432e+02,1.935494327259967395e+00
8.914999999999993818e+00,4.598314335354844462e-01,2.065231641080961911e+00,2.449663023911572850e+02,2.378018979466582472e+00
8.919999999999994600e+00,4.703257598061220679e-01,1.964549237082852562e+00,-1.300034333364739325e+02,2.871377143052562531e+00
8.924999999999995381e+00,4.803162119060659374e-01,1.738115775482779624e+00,-5.264632596823861377e+02,2.799685728788102956e+00
8.929999999999996163e+00,4.909310930781984883e-01,2.414551230709256036e+00,4.048718794000075718e+02,3.557194281533993419e+00
8.934999999999996945e+00,5.013917079444483171e-01,2.362382716257401594e+00,3.947910259643767290e+02,3.862721256210591925e+00
8.939999999999997726e+00,5.115889535519730913e-01,2.164777502751570548e+00,1.719990098097869691e+02,4.496348673727060152e+00
8.944999999999998508e+00,5.219454837826477123e-01,2.261356701511794132e+00,2.963884783468866999e+02,5.176150460898987227e+00
8.949999999999999289e+00,5.319697413005100017e-01,2.037046748089089032e+00,4.936949139702849010e+01,4.948114652388860613e+00
8.955000000000000071e+00,5.421162233823468846e-01,2.241924714590911805e+00,3.429625683296112584e+02,5.787523762258611981e+00
8.960000000000000853e+00,5.519691590108490864e-01,2.341723689406941755e+00,5.945036774913115778e+02,5.746985206903124421e+00
8.965000000000001634e+00,5.617065200812407788e-01,2.071826291432237621e+00,1.975957951998726685e+02,5.731225737801074693e+00
8.970000000000002416e+00,5.713552899277279939e-01,2.080552019647468054e+00,4.782064470175882889e+02,5.947270763629874502e+00
8.975000000000003197e+00,5.807355952904321716e-01,2.038159817593914180e+00,6.027985815660209710e+02,5.931456069870373327e+00
8.980000000000003979e+00,5.901118043122740575e-01,2.024546805530301086e+00,4.889922677141905751e+02,5.893634304530385393e+00
8.985000000000004761e+00,5.993705534696446291e-01,2.082883796507636553e+00,7.248043097295527559e+02,6.000524660890746098e+00
8.990000000000005542e+00,6.084079471424385099e-01,2.038650842271604979e+00,8.462448566052097476e+02,5.640997900605344562e+00
8.995000000000006324e+00,6.180271261208305500e-01,1.934447521974118622e+00,-1.857759809301658152e+02,5.028900893951931295e+00
9.000000000000007105e+00,6.265860046837725683e-01,1.765367556207944055e+00,4.971050354915078060e+02,5.317445199155577562e+00
9.005000000000007887e+00,6.359246779963927398e-01,1.846878619774518171e+00,-1.021794224259980979e+02,4.861128984378054518e+00
9.010000000000008669e+00,6.445706345824129269e-01,2.008483578254779633e+00,8.797062778262990150e+02,5.635461157151798517e+00
9.015000000000009450e+00,6.534925961874487044e-01,1.922703977351262639e+00,4.413485129831659606e+02,4.899274790574430050e+00
9.020000000000010232e+00,6.626314115312198494e-01,1.914209338274491801e+00,2.650673688930472167e+02,4.705144534441313198e+00
9.025000000000011013e+00,6.713236392592158985e-01,1.951238996903518208e+00,3.483369773798588085e+02,4.385588828958906227e+00
9.030000000000011795e+00,6.794462378841680250e-01,1.586498753045087584e+00,1.881245918065208755e+01,3.658483513704854584e+00
9.035000000000012577e+00,6.873065235560851249e-01,1.386526874698719602e+00,-1.842560918939734904e+02,3.437259073201358817e+00
9.040000000000013358e+00,6.948697776518184543e-01,1.428877083922944324e+00,-1.666031077550474890e+02,3.516388260701543977e+00
9.045000000000014140e+00,7.023919320927773935e-01,1.402655460574943946e+00,1.079692645894513845e+02,3.306717448619848287e+00
9.050000000000014921e+00,7.097937446649618121e-01,1.584283875443233347e+00,1.967508951332827110e+02,3.754962910003602161e+00
9.055000000000015703e+00,7.170635145947245048e-01,1.367534370419712486e+00,-9.961996902156833755e+01,3.458020439854757377e+00
9.060000000000016485e+00,7.252692030962357705e-01,1.309399061571003831e+00,-3.884801412405122392e+02,3.310153232297673220e+00
9.065000000000017266e+00,7.333183646638713471e-01,1.535043274894638321e+00,-2.293186190190967011e+02,3.244348851544708090e+00
9.070000000000018048e+00,7.407005456298186852e-01,1.561993639094468422e+00,-1.742977527422754065e+02,3.039936328422506051e+00
9.075000000000018829e+00,7.488841246899848869e-01,1.620367418589965247e+00,-1.435490277482466865e+02,2.927376412500252822e+00
9.080000000000019611e+00,7.561885976164017809e-01,1.404232144839026919e+00,-4.512127544982378708e+02,2.174995721431534967e+00
9.085000000000020393e+00,7.640607428849580662e-01,1.235329097507500418e+00,-3.681764898960361734e+02,1.547771972003708862e+00
9.090000000000021174e+00,7.718307670615307536e-01,1.698752486596226685e+00,2.546509060340703172e+02,8.353969192018261269e-01
9.095000000000021956e+00,7.796776184391595033e-01,1.613158289373817444e+00,1.564402136236100738e+01,-9.343023045297865758e-01
9.100000000000022737e+00,7.877331184262841290e-01,1.622515413567696019e+00,-2.437338272883665624e+01,-2.136749760951971666e+00
9.105000000000023519e+00,7.944438283083345986e-01,1.087868270830410378e+00,-1.855153997719571635e+02,-3.470742909427902312e+00
9.110000000000024301e+00,7.985336766580359846e-01,6.401660379174143323e-01,-1.007229053326118162e+02,-2.875116022440788122e+00
9.115000000000025082e+00,8.019511751070673711e-01,5.301752956654112170e-01,-1.266967055074752295e+02,-3.648596176476954778e+00
9.120000000000025864e+00,8.034883206435740055e-01,1.798443485916955409e-01,-6.279332527337614067e+01,-3.399950790187055816e+00
9.125000000000026645e+00,8.040083157599486885e-01,4.079914234196142103e-02,-3.379125365350016352e+01,-3.252099947988406292e+00
9.130000000000027427e+00,8.034415806366597135e-01,-1.985208793982893016e-01,-4.640211145757757549e+01,-3.281585371882953073e+00
9.135000000000028209e+00,8.015116564401056909e-01,-4.952580278325842689e-01,-6.314934422011011605e+01,-3.342110761491953852e+00
9.140000000000028990e+00,7.980617902559428156e-01,-8.110446557596333594e-01,-6.535730266945060407e+01,-3.292668033539305483e+00
9.145000000000029772e+00,7.928761661078440603e-01,-1.184096172493840804e+00,-1.005260906575626905e+02,-3.329127150642463118e+00
9.150000000000030553e+00,7.857690803627543907e-01,-1.588778295503207705e+00,-7.856471213965070888e+01,-3.276527309376013442e+00
9.155000000000031335e+00,7.764315194016496724e-01,-2.036823338491127178e+00,-8.433451446910990512e+01,-3.207121239025372272e+00
9.160000000000032117e+00,7.647239369559505340e-01,-2.537026357927570697e+00,-1.030321365609701161e+02,-3.147139111107189358e+00
9.165000000000032898e+00,7.503043240771978262e-01,-3.107781026930514390e+00,-1.231479420548660073e+02,-3.039617105291238630e+00
9.170000000000033680e+00,7.331422417662610824e-01,-3.632493600044602644e+00,-9.997543688221223590e+01,-2.594491485411579035e+00
9.175000000000034461e+00,7.132314698632572503e-01,-4.204556938503407615e+00,-1.176252848972579983e+02,-2.372215493795047703e+00
9.180000000000035243e+00,6.903124704927495747e-01,-4.811529442266011536e+00,-1.088838557323876444e+02,-2.111203906602611813e+00
9.185000000000036025e+00,6.647252740748154087e-01,-5.316533580045843976e+00,-1.013439111983351211e+02,-1.634676718540402529e+00
9.190000000000036806e+00,6.369432809766384374e-01,-5.717499479197082124e+00,-1.031236134403038704e+02,-1.363419240177956127e+00
9.195000000000037588e+00,6.078356724845935810e-01,-5.898262355860959261e+00,-4.653701724952041019e+01,-1.087994002874075772e+00
9.200000000000038369e+00,5.785124146899097708e-01,-5.838262300459030385e+00,2.154997155432818445e+01,-5.608337470918844936e-01
9.205000000000039151e+00,5.501882090298545469e-01,-5.534318148200509491e+00,7.429522692289087615e+01,-5.079404828835749619e-01
9.210000000000039933e+00,5.240390559939790416e-01,-5.006371199438153674e+00,1.158370333518276283e+02,-2.573913888917900294e-01
9.215000000000040714e+00,5.017708864272167890e-01,-4.068358726245689283e+00,2.117173196716962025e+02,3.519652269527679955e-01
9.220000000000041496e+00,4.853728307773119144e-01,-2.757926554996709800e+00,2.617678536102307589e+02,6.146427292095972827e-01
9.225000000000042277e+00,4.763097668957723130e-01,-1.183400308941611190e+00,3.159562302433844820e+02,7.658312778854412528e-01
9.230000000000043059e+00,4.757166605943254911e-01,5.766202182479072125e-01,3.447522036149117639e+02,1.542733207158028641e+00
9.235000000000043840e+00,4.831660871950912983e-01,2.047857781594658366e+00,2.584175477823723668e+02,6.658218656768254418e-01
9.240000000000044622e+00,4.934206776268376116e-01,2.262235539116014493e+00,9.126926053535530059e+01,6.824734596665256170e-01
9.245000000000045404e+00,5.039438533350875105e-01,2.215068633219946737e+00,4.396162476066810996e+02,2.115902979613572654e+00
9.250000000000046185e+00,5.144519042715097745e-01,1.969582205554007315e+00,-4.398358518154268495e+02,1.745815432889084917e+00
9.255000000000046967e+00,5.253942973841491115e-01,2.336793424139577802e+00,4.503929916385439469e+02,2.432845315467754510e+00
9.260000000000047748e+00,5.362079304087401521e-01,1.906559496997505265e+00,-6.314832015191442451e+02,2.586765490312733728e+00
9.265000000000048530e+00,5.469802074471696862e-01,2.351501453610099546e+00,5.983495775123263911e+02,3.618611493036991256e+00
9.270000000000049312e+00,5.574145994720758335e-01,2.001023729396858464e+00,-3.958598853590046929e+02,3.164697353237498234e+00
9.275000000000050093e+00,5.683867282178928226e-01,2.104843853877494730e+00,1.939597114518188619e+02,4.051805142579565810e+00
9.280000000000050875e+00,5.786228936517895383e-01,2.013770558784526710e+00,-2.717218130775526674e+01,4.111747296129491858e+00
9.285000000000051656e+00,5.881208199872345332e-01,1.808283969815033698e+00,-2.642321242655553988e+02,4.881526810028428365e+00
9.290000000000052438e+00,5.978632823956950837e-01,1.302642441090289926e+00,-7.475570833707666907e+02,4.878131483626060749e+00
9.295000000000053220e+00,6.082065774642213540e-01,2.264642190632454088e+00,3.083840079115387312e+02,5.337623428686367077e+00
9.300000000000054001e+00,6.183256604985534199e-01,2.229812856848128799e+00,3.335959491992342691e+02,4.714576987293887633e+00
9.305000000000054783e+00,6.288688160703120866e-01,1.925674885228027211e+00,-1.976905310418372324e+02,4.007262508815523816e+00
9.310000000000055564e+00,6.387542538153145877e-01,2.021079209178680003e+00,6.740380608894301417e+01,4.004465433033391086e+00
9.315000000000056346e+00,6.487305296655608844e-01,2.099614485980689338e+00,2.829830175443098028e+02,4.276527076092444091e+00
9.320000000000057128e+00,6.589046436106427151e-01,2.114553628922248851e+00,3.447029377614648524e+02,3.708751815514232497e+00
9.325000000000057909e+00,6.692628727281357826e-01,2.141679488783192031e+00,5.443485771635797619e+02,4.032273816929064836e+00
9.330000000000058691e+00,6.792309728743178843e-01,2.026743715513518840e+00,2.008585660615410688e+02,3.121828435862399331e+00
9.335000000000059472e+00,6.897476354695167844e-01,2.222945563056666796e+00,6.316527811150282332e+02,4.049226183223074038e+00
9.340000000000060254e+00,7.000199343339105207e-01,1.845678789206424586e+00,-2.570143418369908659e+02,2.684767320180316830e+00
9.345000000000061036e+00,7.100845053201652046e-01,2.305638619165164549e+00,4.002846710470111589e+02,3.839605315161348731e+00
9.350000000000061817e+00,7.199244900743159148e-01,1.869260989088530334e+00,-6.027523829429487989e+01,2.571032213177231185e+00
9.355000000000062599e+00,7.296989549981860446e-01,1.883797173242663936e+00,-8.423892208357318623e+01,2.743930403774317739e+00
9.360000000000063380e+00,7.395765908752104378e-01,1.831814265213408621e+00,-3.401199281816036546e+02,2.320849889945106881e+00
9.365000000000064162e+00,7.498666081492366686e-01,2.475968445303772469e+00,5.485754849446547041e+02,3.198122456363114097e+00
9.370000000000064944e+00,7.588094304845954818e-01,2.032261013314328402e+00,2.778648869491374853e+02,1.411467638922331957e+00
9.375000000000065725e+00,7.682387944471531505e-01,1.896671281055307690e+00,-2.785068766846374899e+01,2.206253462106132712e+00
9.380000000000066507e+00,7.780718589872772650e-01,2.045023725072596665e+00,1.682452991446490103e+02,2.984908822273041107e+00
9.385000000000067288e+00,7.877311222961538295e-01,1.598739384734017444e+00,-4.343191250776300762e+02,1.605067586206237129e+00
9.390000000000068070e+00,7.972810745868946780e-01,2.198825661568488243e+00,4.171553176375678618e+02,2.448840573666692499e+00
9.395000000000068852e+00,8.062842933834674097e-01,1.563801737971848738e+00,-2.288321152811106742e+02,2.098253179260677115e+00
9.400000000000069633e+00,8.155563764078520572e-01,1.576256997021438844e+00,-2.930688040218858532e+02,2.306905555339236358e+00
9.405000000000070415e+00,8.241296896131526939e-01,1.570189166742659514e+00,-2.201546928579364248e+02,1.177711414796431821e+00
9.410000000000071196e+00,8.324763810639864703e-01,1.533698493708007371e+00,-2.484746508954298179e+02,1.016525661351793453e+00
9.415000000000071978e+00,8.406043341179200157e-01,1.515705729878026320e+00,-2.220194568965827955e+02,8.208180253246332159e-01
9.420000000000072760e+00,8.483623595093569003e-01,1.454430419818265596e+00,-8.854952182100227276e+01,-4.137825472066195553e-01
9.425000000000073541e+00,8.553338768851062035e-01,1.413412747363069988e+00,9.590755758877639892e+01,-1.072792779850016753e+00
9.430000000000074323e+00,8.616450308104681710e-01,1.128012049429616415e+00,-3.058911903460048620e+02,-3.256587395886665348e+00
9.435000000000075104e+00,8.676271337592599275e-01,1.233412512290244623e+00,9.829110786347827400e+01,-4.576973959476434928e+00
9.440000000000075886e+00,8.726575304312254033e-01,1.025656511005649474e+00,1.262030591243440192e+01,-5.939082390848365200e+00
9.445000000000076668e+00,8.757443731764021910e-01,3.205236664769781085e-01,-1.802956618721242421e+02,-6.175350995090574280e+00
9.450000000000077449e+00,8.741714316216040448e-01,-7.544487939000666943e-01,-2.184627919943119707e+02,-5.529851473094097969e+00
9.455000000000078231e+00,8.699953568232070555e-01,-1.073515887869150864e+00,-1.705934170745503593e+02,-5.137042363359378250e+00
9.460000000000079012e+00,8.624450931536755682e-01,-1.817912951558450008e+00,-1.824985304608203478e+02,-4.988350377819197767e+00
9.465000000000079794e+00,8.520385227504355674e-01,-2.318276149019519394e+00,-1.299877088749064740e+02,-4.629484230725681826e+00
9.470000000000080576e+00,8.384870271483610971e-01,-2.956739892178424256e+00,-1.221197412895979539e+02,-4.353634077178234030e+00
9.475000000000081357e+00,8.216811266852923623e-01,-3.627982369657108741e+00,-1.173368354201907664e+02,-4.297744903333763133e+00
9.480000000000082139e+00,8.013294701108663043e-01,-4.340083744476502581e+00,-1.249233883227173578e+02,-3.870504763875798560e+00
9.485000000000082920e+00,7.772805815073406954e-01,-5.092673169670527855e+00,-1.211015720003034772e+02,-3.571245405031116427e+00
9.490000000000083702e+00,7.496205166228040451e-01,-5.757535377853032266e+00,-1.102893360728621417e+02,-3.029856665227329771e+00
9.495000000000084484e+00,7.187470981780713641e-01,-6.397628828581028770e+00,-8.690395038998235577e+01,-2.372737722536574889e+00
9.500000000000085265e+00,6.849303201340672942e-01,-6.993184256898592466e+00,-1.049807957996983134e+02,-2.048901117622047074e+00
9.505000000000086047e+00,6.490863429021953568e-01,-7.353172128552423636e+00,-6.078477926051254343e+01,-1.406561360598184596e+00
9.510000000000086828e+00,6.114656892059123772e-01,-7.631161441309570748e+00,-6.132389655881821966e+01,-1.094271683607786816e+00
9.515000000000087610e+00,5.735079076802992448e-01,-7.566894319028950378e+00,7.056211205821010246e+00,-4.470640846553295411e-01
9.520000000000088392e+00,5.370712956418256523e-01,-7.095141620044177699e+00,1.002081071075418919e+02,1.850249439901587856e-01
9.525000000000089173e+00,5.034115911819174727e-01,-6.470731376513665367e+00,1.330724593506504050e+02,4.064592554887940246e-01
9.530000000000089955e+00,4.740520330381563507e-01,-5.477076042208699924e+00,1.863770593257311248e+02,1.093387642433235385e+00
9.535000000000090736e+00,4.510737904177008484e-01,-4.022208379978565063e+00,2.855875411191639728e+02,1.609547754100341121e+00
9.540000000000091518e+00,4.360631932331847094e-01,-2.323585057506598162e+00,3.405726816463597402e+02,2.262016959740593691e+00
9.545000000000092300e+00,4.294882843500985592e-01,-6.502152719503700995e-01,3.279097885843187328e+02,1.797569339460966198e+00
9.550000000000093081e+00,4.313708063815075433e-01,1.025496688885870311e+00,3.049871969130385878e+02,2.092887390257195612e+00
9.555000000000093863e+00,4.399903345553875522e-01,1.706717293711490280e+00,-3.876888013598394878e+02,1.280042488078289908e+00
9.560000000000094644e+00,4.499741059895508988e-01,2.147578342186478917e+00,3.817112422846107620e+02,1.978978230494258028e+00
9.565000000000095426e+00,4.597343012303614640e-01,1.830556478490933614e+00,-3.625041785466556803e+02,1.642785816916076280e+00
9.570000000000096207e+00,4.699248815918009581e-01,2.167496468016340216e+00,3.783133413819101065e+02,2.144660372661869818e+00
9.575000000000096989e+00,4.800023632446958621e-01,1.751681018816038105e+00,-5.619696285381976395e+02,2.626811942338161732e+00
9.580000000000097771e+00,4.900731703336578260e-01,2.199546968133121005e+00,3.784441235057620361e+02,2.983670165443760958e+00
9.585000000000098552e+00,5.001843210552985308e-01,1.677086201313630287e+00,-6.171901518985180246e+02,3.230865225217320891e+00
9.590000000000099334e+00,5.100730663030011991e-01,2.212899778906971981e+00,5.777306107728594498e+02,4.457286146525072823e+00
9.595000000000100115e+00,5.204306649946054408e-01,1.916581203538725964e+00,-5.767977816389590089e+02,4.258665148472815076e+00
9.600000000000100897e+00,5.303421907021901305e-01,1.959061063870392028e+00,-4.807543336663902522e+01,5.060192369187694439e+00
9.605000000000101679e+00,5.398212169696622320e-01,1.958515644511382270e+00,-1.377337226780281298e+02,5.223662309516630131e+00
9.610000000000102460e+00,5.486290783047382824e-01,1.729090323370138238e+00,-4.422435481105998747e+02,5.527745843088852418e+00
9.615000000000103242e+00,5.581559660280365209e-01,1.685473827830580085e+00,-4.848904909064477806e+02,5.923799937998364129e+00
9.620000000000104023e+00,5.675002583363699671e-01,1.629880020602566537e+00,-4.742068040842696632e+02,6.023630417251125024e+00
9.625000000000104805e+00,5.762752092181064878e-01,1.373809674217617793e+00,-6.177684115086711927e+02,6.002271942998687493e+00
9.630000000000105587e+00,5.858710557076896031e-01,1.430124429557591448e+00,-5.413914972453856080e+02,6.070442833009229489e+00
9.635000000000106368e+00,5.954242719092849301e-01,1.588763180001197206e+00,-3.447256945619781163e+02,5.743427704630633457e+00
9.640000000000107150e+00,6.047075531052875652e-01,1.750498109783566125e+00,-9.084837571459945593e+01,5.727888956737103854e+00
9.645000000000107931e+00,6.138241519964955373e-01,1.744093345795111327e+00,-4.979062695748630318e+01,5.197009016507128543e+00
9.650000000000108713e+00,6.232823935263057669e-01,1.494742006171037918e+00,-4.615759093973498466e+02,4.937546307136885915e+00
9.655000000000109495e+00,6.319043350715208840e-01,1.620208897949746873e+00,-3.301111670915085483e+02,5.119528208390629942e+00
9.660000000000110276e+00,6.410008907979928283e-01,1.747064957956125930e+00,-2.199389898875406004e+02,5.200351719374129544e+00
9.665000000000111058e+00,6.498714288715767839e-01,1.744810862512826910e+00,-1.204073200898682217e+02,4.879001928486382589e+00
9.670000000000111839e+00,6.593438975819952974e-01,1.740786175438747918e+00,-7.514483811334838492e+02,4.354913845206182188e+00
9.675000000000112621e+00,6.679163169302259062e-01,1.964151831872118503e+00,6.881824902506999706e+02,5.315906104556217926e+00
9.680000000000113403e+00,6.770337638038690375e-01,1.943287560407605419e+00,3.779952716166837945e+02,4.692944080379202632e+00
9.685000000000114184e+00,6.852141457959493032e-01,1.639384690074382034e+00,4.833881637154552635e+01,3.695661462488466498e+00
9.690000000000114966e+00,6.932885267574797616e-01,1.393036757013257798e+00,-2.065448059469476050e+02,3.324684788091135879e+00
9.695000000000115747e+00,7.009691988232553683e-01,1.441452650371255695e+00,-1.542570875900572389e+02,3.167655030943796302e+00
9.700000000000116529e+00,7.086102247708881974e-01,1.493751470567914019e+00,-1.019055814817780288e+02,3.514517426438519276e+00
9.705000000000117311e+00,7.163066697454018028e-01,1.686566461342478895e+00,2.974888652821393293e+02,3.384990098413340753e+00
9.710000000000118092e+00,7.238332453153359936e-01,1.345148253821285556e+00,-2.060702452222119234e+02,3.700518485540298386e+00
9.715000000000118874e+00,7.315769636019904265e-01,1.499553925730050974e+00,-2.030693348051150622e+02,3.175895874642644667e+00
9.720000000000119655e+00,7.391678552105643840e-01,1.545728175893860579e+00,-6.148368606169834294e+01,3.359356640092455493e+00
9.725000000000120437e+00,7.469099710062236941e-01,1.771231095876582895e+00,5.251444346699020116e+02,3.510223271299929060e+00
9.730000000000121219e+00,7.547793155796723719e-01,1.720252335062124605e+00,4.871077789494985950e+02,2.214651168148322302e+00
9.735000000000122000e+00,7.619132803455970215e-01,1.537881267298783161e+00,3.160864403015502830e+02,1.636304598898229878e+00
9.740000000000122782e+00,7.691290812509047337e-01,1.415212199250896585e+00,-1.989981655754843359e+02,2.910478717478064414e-01
9.745000000000123563e+00,7.766161077528396239e-01,1.471283486297126242e+00,-7.652346156429149460e+01,-1.029030607732617675e+00
9.750000000000124345e+00,7.839634158758488347e-01,1.481709275235230994e+00,1.385142234858601817e+01,-2.296508335730265138e+00
9.755000000000125127e+00,7.903894094817677241e-01,1.318939448098099598e+00,-1.313125824089386242e+02,-3.862585439952931132e+00
9.760000000000125908e+00,7.936185017149004484e-01,3.133929508114623452e-01,-1.310518205933030345e+02,-5.154770388504962497e+00
9.765000000000126690e+00,7.922226146045463491e-01,-6.561954080535445932e-01,-1.771979378974538690e+02,-4.474399036467962887e+00
9.770000000000127471e+00,7.879446342514677681e-01,-1.079672518875232079e+00,-1.235638595446033037e+02,-3.998139109095493637e+00
9.775000000000128253e+00,7.813124296900479937e-01,-1.489322224230646530e+00,-7.145452581164950345e+01,-3.582737692661865481e+00
9.780000000000129035e+00,7.725831716995207321e-01,-1.916882872373682600e+00,-9.163931993402016474e+01,-3.449476897901234906e+00
9.785000000000129816e+00,7.617244910889683362e-01,-2.339356876891163228e+00,-7.149357417379680157e+01,-3.275083559304254432e+00
9.790000000000130598e+00,7.489094951003121281e-01,-2.694542482830533103e+00,-5.300538771686857586e+01,-2.878654060736390186e+00
9.795000000000131379e+00,7.342861806913540956e-01,-3.053195243617019994e+00,-4.151903412397268767e+01,-2.750192931832830645e+00
9.800000000000132161e+00,7.176728295481197284e-01,-3.473097514762840010e+00,-6.180430255501434544e+01,-2.658091088897915455e+00
9.805000000000132943e+00,6.987702651634822848e-01,-3.964714965783813660e+00,-8.958275859051795464e+01,-2.522921164474527522e+00
9.810000000000133724e+00,6.775988888306049285e-01,-4.382457918240733719e+00,-4.980248629277701156e+01,-2.036026363077105383e+00
9.815000000000134506e+00,6.542477917757074657e-01,-4.840902554050566131e+00,-1.079763991530076339e+02,-1.817322239984743959e+00
9.820000000000135287e+00,6.285288488047809929e-01,-5.335115844745224933e+00,-1.017066037984684641e+02,-1.533922300236639114e+00
9.825000000000136069e+00,6.009765312042879559e-01,-5.623309110146907486e+00,-5.035185491781393097e+01,-1.042561495770682356e+00
9.830000000000136851e+00,5.725787116160996337e-01,-5.701082189204055517e+00,-1.745589148428759729e-01,-8.818081784061901907e-01
9.835000000000137632e+00,5.440600567304244572e-01,-5.680729144003113795e+00,2.767263908397446315e+01,-5.198277457616651276e-01
9.840000000000138414e+00,5.164289065877547547e-01,-5.399066447748793962e+00,7.868006081266064200e+01,-6.458094812851378208e-02
9.845000000000139195e+00,4.912230776594639359e-01,-4.817783819929321254e+00,8.719367093155993587e+01,5.505624068749970235e-02
9.850000000000139977e+00,4.705785359455812444e-01,-3.683740869484334546e+00,2.130876953099184732e+02,3.202346851948112416e-01
9.855000000000140759e+00,4.573890298934710774e-01,-1.961527830765227298e+00,3.291738185412476696e+02,1.780160139365411842e+00
9.860000000000141540e+00,4.531942303672396033e-01,-1.299098530665089013e-01,3.315074173537647653e+02,1.728574559362689778e+00
9.865000000000142322e+00,4.578955419806410854e-01,1.584217080305815317e+00,2.900256032774991013e+02,1.620549066872005728e+00
9.870000000000143103e+00,4.674837171365809896e-01,2.097686013760915902e+00,2.674302320831769748e+02,1.919623685739344721e+00
9.875000000000143885e+00,4.762677682928173062e-01,1.794156275099358266e+00,2.165590707518527154e+02,2.113150943541004079e+00
9.880000000000144667e+00,4.864641990844936759e-01,1.900355623998384758e+00,-1.762955359262808486e+02,1.951594262977256911e+00
9.885000000000145448e+00,4.969724207993970744e-01,2.203769792138183803e+00,2.268859353098980023e+02,2.713850924497295480e+00
9.890000000000146230e+00,5.067357791436347680e-01,1.991657246929552150e+00,2.847015523038555784e+02,2.834492560363535141e+00
9.895000000000147011e+00,5.167644179511584612e-01,1.907668068835382202e+00,9.117192094297696059e+00,3.318413657648624948e+00
9.900000000000147793e+00,5.268212594463411724e-01,1.932214090393404193e+00,-2.228945068518485471e+02,3.725305847890814981e+00
9.905000000000148574e+00,5.368818463697870857e-01,2.041554111662374993e+00,6.936639549111323788e+01,4.194497350159286597e+00
9.910000000000149356e+00,5.471254783569790003e-01,2.135983549754933541e+00,2.983048821031647435e+02,4.317827493281561679e+00
9.915000000000150138e+00,5.571900061276251481e-01,2.069582065048439556e+00,2.651634073351125380e+02,4.375515813711749580e+00
9.920000000000150919e+00,5.668632274153998507e-01,2.043344435831491168e+00,4.338401588456133595e+02,4.843152515142858050e+00
9.925000000000151701e+00,5.766789227108534144e-01,1.979976826864019657e+00,1.104738507967967962e+02,5.286537721290695657e+00
9.930000000000152482e+00,5.866620273091457394e-01,2.004308093831761450e+00,-5.870444596974426332e+01,5.245197978385787607e+00
9.935000000000153264e+00,5.963917010096827509e-01,1.940379708087087485e+00,-1.993694686188105720e+02,5.011271141236312232e+00
9.940000000000154046e+00,6.059936630163390570e-01,1.911888566361286346e+00,-2.349186960873357748e+02,4.593928276296107782e+00
9.945000000000154827e+00,6.152896662834022035e-01,1.911629689924135400e+00,1.572872551258419271e+01,4.826104252216648405e+00
9.950000000000155609e+00,6.247767595452798917e-01,1.833417898199395157e+00,-1.300248069484838425e+02,4.378926076207044993e+00
9.955000000000156390e+00,6.344389150169907898e-01,1.826193242828665131e+00,-2.068822441181953309e+02,4.023828563716939755e+00
9.960000000000157172e+00,6.443515901109914124e-01,1.809380913227214949e+00,-2.738027595799342748e+02,3.959300511891297170e+00
9.965000000000157954e+00,6.542901633315946208e-01,1.843112295357499875e+00,1.222335470827453889e+02,3.813847328248917368e+00
9.970000000000158735e+00,6.636931134534878041e-01,1.851273141180128423e+00,-1.313364202773920226e+02,4.044917487456067384e+00
9.975000000000159517e+00,6.731403578849084468e-01,1.820554632663186068e+00,-2.185838769264847201e+02,3.494449625946739246e+00
9.980000000000160298e+00,6.822375062261070156e-01,1.860862306555177481e+00,-4.982758397828476404e+01,4.124362879931897652e+00
9.985000000000161080e+00,6.916367335398939664e-01,1.854390991923625664e+00,-1.509019913689962422e+01,3.601400110062721982e+00
9.990000000000161862e+00,7.011329956229934712e-01,1.842141083377147659e+00,-6.831128429572176231e+01,3.298442869193368487e+00
9.995000000000162643e+00,7.106781276951346094e-01,1.803987275366261578e+00,-2.488042967915028782e+02,2.706416801085891777e+00
1.000000000000016342e+01,7.203050037108111869e-01,1.973327711499915260e+00,8.016858358490928538e+01,3.631196953900273527e+00
