5.000000000000000104e-03,-2.163512999993180697e-01,-5.389221029457399226e+01,-1.888608103352898979e+03,-7.490170946282077580e-01
1.000000000000000021e-02,-4.127154496403571682e-01,-3.315968934724953243e+01,2.354456697290161173e+03,3.048682546847389929e+00
1.499999999999999944e-02,-5.527550846822822939e-01,-2.525228247970047946e+01,1.232020367390706724e+03,1.734743322707403834e+00
2.000000000000000042e-02,-6.634653639494306754e-01,-2.027543728349075636e+01,8.831409813480571529e+02,1.536757362390167359e+00
2.500000000000000139e-02,-7.502258116305258184e-01,-1.567742140533299988e+01,7.731489558394839605e+02,1.830598812509617979e+00
3.000000000000000236e-02,-8.082989933590212228e-01,-9.594836840883560924e+00,8.528148224490113307e+02,2.649513736595446201e+00
3.500000000000000333e-02,-8.458111679083646361e-01,-6.366261933840261733e+00,5.061012960158433884e+02,2.078597053717221588e+00
4.000000000000000083e-02,-8.726127922478620347e-01,-4.734366127998079321e+00,3.002619721554922307e+02,1.243454116220661820e+00
4.499999999999999833e-02,-8.916320104047794626e-01,-3.248079138303782809e+00,2.604381785878340452e+02,9.344399428536400709e-01
4.999999999999999584e-02,-9.040642205201826487e-01,-2.037756805240721114e+00,2.083994085457787264e+02,6.922652960315320847e-01
5.499999999999999334e-02,-9.119252093286618344e-01,-1.280649142521063766e+00,1.397908897342952343e+02,3.885143603268252921e-01
5.999999999999999084e-02,-9.170121957942495294e-01,-8.342994956737761481e-01,9.219477751499724150e+01,1.284618165101408804e-01
6.499999999999998834e-02,-9.203952853679586710e-01,-5.533390816522253397e-01,6.500386850703351627e+01,-5.821694823418321896e-02
6.999999999999999278e-02,-9.226307246228003800e-01,-3.559215459322792596e-01,4.956815494672127898e+01,-1.826375960883827587e-01
7.499999999999999722e-02,-9.240181434503070834e-01,-2.058776586111508433e-01,3.960379959123326898e+01,-2.634746484587227600e-01
8.000000000000000167e-02,-9.247959254667224016e-01,-1.022873477809049803e-01,3.059050033190995421e+01,-3.202045100105896935e-01
8.500000000000000611e-02,-9.252228242274262993e-01,-5.146183405750780204e-02,2.167966488218030463e+01,-3.610317728841813123e-01
9.000000000000001055e-02,-9.255524664547967184e-01,-4.909224472942257111e-02,1.411957422921381600e+01,-3.862476143117807847e-01
9.500000000000001499e-02,-9.260206193963982368e-01,-9.200694224615595107e-02,7.730692477141209551e+00,-3.994114492096080826e-01
1.000000000000000194e-01,-9.268386739000233909e-01,-1.746345802423903137e-01,2.751009197475785317e+00,-4.017379666006420935e-01
1.050000000000000239e-01,-9.281852533846022268e-01,-2.900980154447563297e-01,-7.398178516292712725e-01,-3.942713177939387026e-01
1.100000000000000283e-01,-9.301931598436560256e-01,-4.284262398787085924e-01,-2.511878105593478683e+00,-3.774089350862797621e-01
1.150000000000000328e-01,-9.329381485677490371e-01,-5.778666231222406857e-01,-2.539400744139438171e+00,-3.520084981467806462e-01
1.200000000000000372e-01,-9.364260814136409206e-01,-7.238133143524108082e-01,-7.128213950985109459e-01,-3.190222540607031143e-01
1.250000000000000278e-01,-9.405979779129423068e-01,-8.543462876393262961e-01,2.457710391546014783e+00,-2.803839477385143275e-01
1.300000000000000322e-01,-9.453727973741038459e-01,-9.685269113310969180e-01,5.611832998744987755e+00,-2.393910932339512465e-01
1.350000000000000366e-01,-9.506632610238785475e-01,-1.065031822824691332e+00,8.757264276928962587e+00,-1.972976648698212543e-01
1.400000000000000411e-01,-9.563720056573336015e-01,-1.141591898840377040e+00,1.196906950717857221e+01,-1.548042125341392294e-01
1.450000000000000455e-01,-9.623900020523601384e-01,-1.195898877440475294e+00,1.521747762527981251e+01,-1.126523580730351970e-01
1.500000000000000500e-01,-9.686028757519555832e-01,-1.227467994410207375e+00,1.826754782933713628e+01,-7.245334938620429099e-02
1.550000000000000544e-01,-1.033438829884756105e+00,-1.441806497881042759e+01,7.936118386061447154e+02,7.849072916118615240e+00
1.600000000000000588e-01,-1.098081817410863747e+00,-1.213392583454908369e+01,9.248747244000293222e+02,1.166821113159518575e+01
1.650000000000000633e-01,-1.157291363561737896e+00,-1.155719153676316679e+01,-3.295102507859607499e+01,1.262869666819539560e+01
1.700000000000000677e-01,-1.212676062277282751e+00,-1.078297956912310518e+01,9.053486828538093789e+01,1.341189946497070196e+01
1.750000000000000722e-01,-1.264134048711644143e+00,-1.011041051200951202e+01,-1.892338079638668091e+02,1.395474510798861623e+01
1.800000000000000766e-01,-1.313246949543412478e+00,-9.591576215974749076e+00,2.008954961804903974e+02,1.742779651862329970e+01
1.850000000000000810e-01,-1.359800220958480521e+00,-9.063516687188323928e+00,9.526412582012076768e+01,1.504359097296298842e+01
1.900000000000000855e-01,-1.403196851017528779e+00,-8.607410466501692170e+00,-7.792501974247862506e+01,1.629135206344193421e+01
1.950000000000000899e-01,-1.443533519783237518e+00,-7.784548018343500964e+00,2.416380060882108296e+02,1.751191978716615694e+01
2.000000000000000944e-01,-1.480816522173079353e+00,-7.030084099531221042e+00,5.140675279002314255e+02,1.562190623894633390e+01
2.050000000000000988e-01,-1.516015142880025923e+00,-6.715966412845329359e+00,4.346385339409619633e+02,1.774245230718116773e+01
2.100000000000001033e-01,-1.548726412258516039e+00,-6.301175304259328591e+00,1.039085773471827707e+02,1.521534374669328926e+01
2.150000000000001077e-01,-1.578986568495940990e+00,-5.946776331264626236e+00,-1.186712623506242466e+02,1.788041828343800432e+01
2.200000000000001121e-01,-1.607885424181042522e+00,-5.691969055987383896e+00,-1.867670770420881752e+02,1.547446971233578950e+01
2.250000000000001166e-01,-1.634244933618916651e+00,-5.262187827976702259e+00,-1.994267822528710496e+02,1.829953847892374341e+01
2.300000000000001210e-01,-1.659375713568342015e+00,-5.121222126784012119e+00,-2.084653405363210084e+02,1.570674123017931301e+01
2.350000000000001255e-01,-1.682273812445256977e+00,-4.576244146691179182e+00,-7.749998977627559782e+01,1.910218482811978902e+01
2.400000000000001299e-01,-1.703895235742016290e+00,-4.627119786290529113e+00,-3.903880272692612721e+02,1.598747173965328194e+01
2.450000000000001343e-01,-1.723119777389683582e+00,-4.248434445002253312e+00,-5.789821502499441976e+02,1.910647837195432075e+01
2.500000000000001110e-01,-1.741082790373109201e+00,-3.633652271690924085e+00,-4.151302717793398642e+02,1.674788189223500723e+01
2.550000000000001155e-01,-1.756609242331560461e+00,-3.055980554026254570e+00,-4.537446081014095398e+02,1.837197514463479919e+01
2.600000000000001199e-01,-1.771232199935387497e+00,-2.302020972455202319e+00,1.127279657893606327e+03,1.905070869053091798e+01
2.650000000000001243e-01,-1.785091306634702946e+00,-3.109619985643697682e+00,-4.961049844883793867e+02,1.732682170508929431e+01
2.700000000000001288e-01,-1.796737283854601186e+00,-2.402829861021123392e+00,-5.557851036091357173e+02,1.825958905015378164e+01
2.750000000000001332e-01,-1.808160160783758297e+00,-2.008537360907021174e+00,3.973134175351312933e+02,1.813641778479290778e+01
2.800000000000001377e-01,-1.817648277689941416e+00,-1.166153781898661146e+00,1.358802605049095973e+03,1.934224901086738413e+01
2.850000000000001421e-01,-1.825206580969329861e+00,-1.009978897076899695e+00,6.367775939697280592e+02,1.898514344177042545e+01
2.900000000000001465e-01,-1.830783974692423044e+00,-1.298283607430847475e+00,-2.964239764669054011e+02,1.866353422998032485e+01
2.950000000000001510e-01,-1.833822404602892142e+00,-6.657282307706552382e-01,-3.603467810683985135e+02,2.000099637016629117e+01
3.000000000000001554e-01,-1.834991697241150632e+00,-9.953603233120278393e-02,-3.861303014026085521e+02,1.679025503569947020e+01
3.050000000000001599e-01,-1.834229751618378756e+00,1.003161969219604543e+00,1.340826658283076313e+03,1.677422029003880866e+01
3.100000000000001643e-01,-1.831250868802063669e+00,3.158229034494163256e-01,-5.006912380467135222e+02,1.445980446072836578e+01
3.150000000000001688e-01,-1.827183799858909996e+00,9.736856781604886768e-01,-3.886768352017907091e+02,1.351869193518949430e+01
3.200000000000001732e-01,-1.821314220288884123e+00,1.782872028291260680e+00,1.075971313466257016e+03,1.345469240904988162e+01
3.250000000000001776e-01,-1.815184990623091910e+00,8.551697751199720532e-01,-4.676508239619950587e+02,1.236029012263840876e+01
3.300000000000001821e-01,-1.806089779363417414e+00,1.914743898213083328e+00,-4.649974459736097288e+02,1.174440442040556221e+01
3.350000000000001865e-01,-1.797821778614306254e+00,1.992944331208310160e+00,5.471059850078790987e+02,1.123148155391594294e+01
3.400000000000001910e-01,-1.788293612598232718e+00,1.669176422237910185e+00,-4.290255697742878738e+02,9.385257531052403124e+00
3.450000000000001954e-01,-1.776521538303266645e+00,2.375840833498590765e+00,-2.878683742411060962e+02,8.100782560698798207e+00
3.500000000000001998e-01,-1.765413789678232259e+00,2.320124097608150304e+00,1.671425004056970636e+02,6.252276467467743792e+00
3.550000000000002043e-01,-1.753469124872392149e+00,2.470769195688162778e+00,1.192178509531755140e+02,4.463423188748796733e+00
3.600000000000002087e-01,-1.741315818320624320e+00,2.396922538863850871e+00,-2.919992927129725331e+02,1.880173355792466472e+00
3.650000000000002132e-01,-1.728677308936394708e+00,2.505061842473924383e+00,-7.209983235721543338e+01,-9.392903155699383611e-02
3.700000000000002176e-01,-1.717630255419628993e+00,1.996913795712525141e+00,-1.448926831546010305e+02,-1.797113887555343847e+00
3.750000000000002220e-01,-1.709620993825023527e+00,1.343733016886942577e+00,-8.774370753220567565e+01,-2.024927527335375288e+00
3.800000000000002265e-01,-1.705202138290485392e+00,1.156697625383843242e+00,1.607827553872438102e+02,-2.442789456373676948e+00
3.850000000000002309e-01,-1.700972446913679326e+00,5.505320028564555379e-01,-1.266928498031988113e+02,-2.102604281039228251e+00
3.900000000000002354e-01,-1.700295464030584736e+00,5.646266189883847320e-02,2.942396447953713619e+02,-1.802460557870411151e+00
3.950000000000002398e-01,-1.700380210347408383e+00,-1.374415816560440873e-01,-2.794008560109477912e+01,-1.363353165267277678e+00
4.000000000000002442e-01,-1.702132397106228989e+00,-3.944469648685057228e-01,1.482870941970599290e+02,-1.410078435174798583e+00
4.050000000000002487e-01,-1.704076351539727030e+00,-4.152543499380377257e-01,1.751547487715144413e+01,-9.801588165146086773e-01
4.100000000000002531e-01,-1.706402360537207619e+00,-4.023943114131258159e-01,2.715251713435153746e+01,-1.286243129416251074e+00
4.150000000000002576e-01,-1.708079228368086122e+00,-2.913012092230484740e-01,5.502817559158145855e+01,-7.584164875083490021e-01
4.200000000000002620e-01,-1.709400364079167511e+00,-1.443106593414906769e-01,2.321452963035374140e+01,-1.111870742548677793e+00
4.250000000000002665e-01,-1.709505936039859009e+00,5.535391359063819572e-02,7.236608954376538350e+01,-4.745501779418289656e-01
4.300000000000002709e-01,-1.708991965461929219e+00,2.254244586688266827e-01,6.200557409959472466e+01,-6.121391879776865164e-01
4.350000000000002753e-01,-1.706902742631683179e+00,5.243658836768249065e-01,8.040002888068040932e+01,8.357077614223690221e-03
4.400000000000002798e-01,-1.703636826274256499e+00,7.171254606137413834e-01,-9.651039519240375952e+00,-4.103914426706034568e-02
4.450000000000002842e-01,-1.699117012753583955e+00,1.013698026197823676e+00,7.683431426787612395e+01,7.197934710140621029e-01
4.500000000000002887e-01,-1.693573147085602137e+00,1.161565953226862957e+00,-4.613663599279414385e+00,7.138425182368687283e-01
4.550000000000002931e-01,-1.687107831718487327e+00,1.363190151229360936e+00,5.842407842487118330e+01,1.684951482178300930e+00
4.600000000000002975e-01,-1.680240285579028603e+00,1.396153637905992229e+00,1.331020137578031104e+01,1.952224388156713841e+00
4.650000000000003020e-01,-1.673303031676985464e+00,1.354656035422553195e+00,-4.269989861091529093e+01,2.542821900907684896e+00
4.700000000000003064e-01,-1.666731313555841032e+00,1.263376459058956458e+00,-3.710579683132662865e+01,2.637616473669261996e+00
4.750000000000003109e-01,-1.660964830851695107e+00,1.072367423597586855e+00,-3.105105945770278808e+01,3.567971846158563665e+00
4.800000000000003153e-01,-1.656521003476628451e+00,7.677968750359543959e-01,-6.216569220819769725e+01,3.824463658303900893e+00
4.850000000000003197e-01,-1.653355762881850710e+00,6.770622865586328754e-01,-8.617406949133385297e+01,4.871517938329644082e+00
4.900000000000003242e-01,-1.650510242271534089e+00,5.222184550542116055e-01,-9.059540868622798371e+01,5.163792850314256277e+00
4.950000000000003286e-01,-1.647723019320086690e+00,6.092016939294793154e-01,8.198238827717472077e+01,6.124689444761191481e+00
5.000000000000003331e-01,-1.644806039744630244e+00,6.531993991025428770e-01,1.119297938694857919e+02,6.380748913785174281e+00
5.050000000000003375e-01,-1.641775183164632113e+00,5.257029245310705923e-01,-1.342398496278982805e+02,6.772216061544058974e+00
5.100000000000003419e-01,-1.638280466415528824e+00,7.862692516390399344e-01,2.991113975492375516e+02,7.195577438078309740e+00
5.150000000000003464e-01,-1.634600436387676936e+00,6.827824096353108940e-01,-1.189327668940220519e+02,7.055058533161467693e+00
5.200000000000003508e-01,-1.631228193261395454e+00,5.228640454522512915e-01,-1.245626591467888602e+02,6.828851043918933605e+00
5.250000000000003553e-01,-1.627466838257643600e+00,9.080467143093728932e-01,3.773478306119778836e+02,6.609876064018612496e+00
5.300000000000003597e-01,-1.623613558800063306e+00,8.234545733971547765e-01,-1.194319154612510516e+02,5.645498500901145356e+00
5.350000000000003642e-01,-1.619980612799966302e+00,7.942760371340690240e-01,-5.479522955452177513e+01,4.431929697086574471e+00
5.400000000000003686e-01,-1.616611227039780774e+00,5.943617942657335451e-01,-4.743195292679374830e+01,2.735509448394778609e+00
5.450000000000003730e-01,-1.613466573696142881e+00,6.412884301743492221e-01,1.446472049833501750e+01,1.436597488108606768e+00
5.500000000000003775e-01,-1.610976997186838400e+00,4.428757395497436855e-01,3.830097469024645420e+02,-8.381633078441524942e-01
5.550000000000003819e-01,-1.608371847211170991e+00,4.925002483438469247e-01,-1.802270038135815255e+01,-2.788422320037889257e+00
5.600000000000003864e-01,-1.606855527075752743e+00,3.302752467897401289e-01,9.822829636474473602e+00,-4.409396809622481150e+00
5.650000000000003908e-01,-1.605831636776275717e+00,1.359965643800855328e-01,1.543717708114826905e+02,-5.093230015337266714e+00
5.700000000000003952e-01,-1.605062856409466665e+00,4.386080193299185526e-02,-7.566887694544568888e+01,-5.799022063840700625e+00
5.750000000000003997e-01,-1.604928780826761159e+00,-2.883366646487365431e-02,-1.983349598482059406e+01,-6.276736238693390924e+00
5.800000000000004041e-01,-1.605316965396023754e+00,-1.426896583694313159e-01,8.189217612562709192e+00,-6.474382001403109932e+00
5.850000000000004086e-01,-1.606162557372919686e+00,-2.420352710811320418e-01,-2.562219568628681898e+01,-6.848469124914094763e+00
5.900000000000004130e-01,-1.607982258842629575e+00,-4.246884304074733385e-01,5.224823097010101236e+01,-6.816439215744829028e+00
5.950000000000004174e-01,-1.610432619818602085e+00,-5.571292982804258997e-01,-8.930840304531677987e+00,-6.559028668102296677e+00
6.000000000000004219e-01,-1.613731181657514169e+00,-6.847240017887673558e-01,6.786577396482940117e+01,-6.568005193425800137e+00
6.050000000000004263e-01,-1.617474591070917622e+00,-7.532107076231306930e-01,8.291957211811218542e+01,-6.209244340506555382e+00
6.100000000000004308e-01,-1.621146100482880215e+00,-9.157979740198894936e-01,-2.776865831678313725e+02,-6.351727053543483770e+00
6.150000000000004352e-01,-1.625556643619246788e+00,-8.605470366675689320e-01,2.307792566727686534e+01,-5.009445430067667182e+00
6.200000000000004396e-01,-1.631043791930902875e+00,-1.241459875667945578e+00,-6.899067830749011421e+01,-3.955393900960102016e+00
6.250000000000004441e-01,-1.638192112101412468e+00,-1.543617553059417613e+00,-4.508126098458888720e+01,-1.141756576833937054e+00
6.300000000000004485e-01,-1.643310035976916827e+00,-6.998733308593813041e-01,1.432561568672123542e+02,2.006313452367059824e+00
6.350000000000004530e-01,-1.644121594276745313e+00,-2.517541710145370093e-01,-4.574941192460027395e+01,8.452606330326714712e+00
6.400000000000004574e-01,-1.643249929737305770e+00,1.699307843436502763e-01,-2.393528485978252434e+02,1.606308219321996944e+01
6.450000000000004619e-01,-1.639050601887636294e+00,1.097168146226001006e+00,-7.670128370483373601e+02,2.251415633626636037e+01
6.500000000000004663e-01,-1.633509102374355759e+00,2.237162384110653879e-01,-5.867197612980685335e+02,2.619471831086226032e+01
6.550000000000004707e-01,-1.626307338242814593e+00,1.540046352157497855e+00,-7.001679268112014825e+02,2.726798658816821330e+01
6.600000000000004752e-01,-1.617288903905736541e+00,3.085708747565377941e+00,2.175152418140311056e+03,2.100900129365140145e+01
6.650000000000004796e-01,-1.607732212946368033e+00,2.019332767321766475e+00,-5.403966699256524180e+02,1.476487871176389710e+01
6.700000000000004841e-01,-1.598961392684546068e+00,9.340928477105651107e-01,-5.179845844684064105e+02,1.785009313819401910e+01
6.750000000000004885e-01,-1.590840379796550241e+00,9.603443455372544513e-01,-8.496347252891447397e+02,1.911988154517145588e+01
6.800000000000004929e-01,-1.580090908329094157e+00,2.152701869428398140e+00,-5.982682339669030398e+02,1.732238793735055538e+01
6.850000000000004974e-01,-1.572312703110644971e+00,2.798776187328396503e+00,1.779686758791761577e+03,1.758153264779664582e+01
6.900000000000005018e-01,-1.563446547580265467e+00,9.691109484105588923e-01,-1.063592951593667522e+03,1.549210717515153135e+01
6.950000000000005063e-01,-1.552194624176552740e+00,3.133045323176833818e+00,2.682412790962378949e+03,1.821439289970912512e+01
7.000000000000005107e-01,-1.544147415401317280e+00,1.707548072001397133e+00,-9.584348145096454346e+02,1.476276493354828467e+01
7.050000000000005151e-01,-1.536042585678903505e+00,2.749629364949754406e-01,-1.110695844934436991e+03,1.624937136478948574e+01
7.100000000000005196e-01,-1.525693180188706366e+00,3.158601790032322221e+00,2.850858503571075744e+03,1.792491035593770476e+01
7.150000000000005240e-01,-1.516513716473712581e+00,2.102481726841770815e+00,-9.396094004262106409e+02,1.405346827478062188e+01
7.200000000000005285e-01,-1.509787417868927895e+00,7.800880961411597037e-01,-9.205631822427081943e+02,1.508044349007878893e+01
7.250000000000005329e-01,-1.497825245205077316e+00,2.930456200285799895e+00,1.993053859503768081e+03,1.626443799394519374e+01
7.300000000000005373e-01,-1.486839611056220090e+00,2.716521929496083398e+00,-8.689029835257091463e+02,1.365182500470803184e+01
7.350000000000005418e-01,-1.476571083951267349e+00,1.729081236482158390e+00,-8.553246482746279753e+02,1.340085041617757788e+01
7.400000000000005462e-01,-1.468221226529529799e+00,2.991084436186465023e+00,2.148840492879455269e+03,1.477391832084769341e+01
7.450000000000005507e-01,-1.456474258402654653e+00,3.011891168944947239e+00,-8.670293552617441719e+02,1.221159808892433141e+01
7.500000000000005551e-01,-1.446925933749681370e+00,2.562702310856304067e+00,-8.911577368865073367e+02,1.138086635043811690e+01
7.550000000000005596e-01,-1.435706081780796284e+00,2.111106338726388643e+00,-8.837221693248820884e+02,1.137619549424677778e+01
7.600000000000005640e-01,-1.426275602490318262e+00,1.693676982125672081e+00,-8.755730192649695027e+02,1.164059247047046597e+01
7.650000000000005684e-01,-1.413656200438040189e+00,1.645039930411729578e+00,-9.138703027969912682e+02,1.134882833731969320e+01
7.700000000000005729e-01,-1.401045612014064634e+00,1.730335205573012569e+00,-8.300105472973272072e+02,1.092884274184105386e+01
7.750000000000005773e-01,-1.388776531611234377e+00,1.615775912870123898e+00,-8.401876789446829434e+02,1.113755209043131700e+01
7.800000000000005818e-01,-1.377500940302294197e+00,1.329634592770853274e+00,-8.687100576943436181e+02,1.066303429443536466e+01
7.850000000000005862e-01,-1.362042514155651807e+00,1.355093866040860018e+00,-8.801865621198273857e+02,1.003978646047993628e+01
7.900000000000005906e-01,-1.346972743832979935e+00,1.239042507422339012e+00,-8.948582604654359329e+02,9.216431686026730574e+00
7.950000000000005951e-01,-1.332461224968885860e+00,1.132545344454500835e+00,-8.978131287584246820e+02,8.758490649870337208e+00
8.000000000000005995e-01,-1.318440062016175807e+00,1.232472878536976735e+00,-6.739521487083297870e+02,8.192436817266898430e+00
8.050000000000006040e-01,-1.303766228040282193e+00,4.388151280341117122e+00,3.091481510803530455e+03,7.694956790184990680e+00
8.100000000000006084e-01,-1.288971190217466312e+00,3.162308357752655841e+00,-8.336810985116402435e+02,4.021174907437860213e+00
8.150000000000006128e-01,-1.275811375056341346e+00,2.307814486696302403e+00,-9.490316310925120433e+02,4.850915815824705213e+00
8.200000000000006173e-01,-1.262891923737420985e+00,1.538563537354260324e+00,-9.427591852203905773e+02,5.293813937043745810e+00
8.250000000000006217e-01,-1.246038991011009456e+00,4.628943062968517097e+00,2.912241303726956630e+03,5.737667022378393433e+00
8.300000000000006262e-01,-1.231394642429016084e+00,2.944535365644168845e+00,-9.617475456509299647e+02,2.414807037131754264e+00
8.350000000000006306e-01,-1.217051951274365607e+00,1.593459279714024124e+00,-1.029922845878955059e+03,3.668026831672726473e+00
8.400000000000006350e-01,-1.200701108162987696e+00,4.397333070504202190e+00,2.873588216499352711e+03,4.552734847778418192e+00
8.450000000000006395e-01,-1.187996242788373680e+00,2.292479305029520020e+00,-1.109643541052719684e+03,1.717304101675042327e+00
8.500000000000006439e-01,-1.173853810210047754e+00,4.307986839670196133e+00,2.581307070092764206e+03,3.331050744673721642e+00
8.550000000000006484e-01,-1.159700777838119645e+00,1.868241485509311461e+00,-1.107413962156939533e+03,1.289212594089523378e+00
8.600000000000006528e-01,-1.144308620185104042e+00,3.932225606149250652e+00,2.633285382730965921e+03,3.078509156550944592e+00
8.650000000000006573e-01,-1.128753735465554575e+00,2.564167054900848175e+00,-1.054085910610536303e+03,1.978406287270442876e+00
8.700000000000006617e-01,-1.113077504448914068e+00,3.641935006894370552e+00,1.174130995038174433e+03,2.552093471601443397e+00
8.750000000000006661e-01,-1.096987949102353088e+00,2.630681046233848797e+00,-9.549995678055503276e+02,1.828132599382701340e+00
8.800000000000006706e-01,-1.079532983964293535e+00,3.564017210994921747e+00,-7.270637635143665420e+02,9.637290396799791381e-01
8.850000000000006750e-01,-1.063379661850020863e+00,2.944043570342940619e+00,-9.724888606399360924e+02,-1.527075342886398790e+00
8.900000000000006795e-01,-1.049666879495468219e+00,2.567361929543044319e+00,-1.134216576818667193e+02,-3.591393213793605099e+00
8.950000000000006839e-01,-1.052973472278042388e+00,-1.957631194230768035e+00,-3.970326201956798968e+02,-4.703354489860269716e+00
9.000000000000006883e-01,-1.075912453595445850e+00,-5.158920081932328650e+00,-7.488390104972867221e+02,-6.215405641243396673e+00
9.050000000000006928e-01,-1.119512160125891498e+00,-1.074652107306393489e+01,-8.376655999384053075e+02,-5.587033814103953056e+00
9.100000000000006972e-01,-1.182873322519114812e+00,-1.319368711898798985e+01,-3.365278957113175693e+02,-5.737396286010478796e+00
9.150000000000007017e-01,-1.252679283092632989e+00,-1.476878496190021828e+01,-7.759165667958149015e+02,-5.395421105593592337e+00
9.200000000000007061e-01,-1.318711665833992353e+00,-1.280544018587116284e+01,1.428454698852533227e+02,-5.922044918175810579e+00
9.250000000000007105e-01,-1.380533219386271382e+00,-1.140911793910352046e+01,5.758058585945401546e+02,-5.341746676576636155e+00
9.300000000000007150e-01,-1.432991343742877621e+00,-9.938727237658401492e+00,2.383847820591202264e+02,-5.450130534293421647e+00
9.350000000000007194e-01,-1.479109904025622590e+00,-8.288170287989247598e+00,3.302973428863699610e+02,-5.144080054514018840e+00
9.400000000000007239e-01,-1.518478071622342052e+00,-7.416916089524245415e+00,1.067857082599054138e+03,-4.610127026838713782e+00
9.450000000000007283e-01,-1.550792120374652860e+00,-6.006845834201583578e+00,2.499505518429740789e+02,-4.728724354793678586e+00
9.500000000000007327e-01,-1.579386111040316454e+00,-5.101290050830900036e+00,2.207442107907742184e+02,-4.846371868406902372e+00
9.550000000000007372e-01,-1.603021307810925000e+00,-4.944646225663259287e+00,-4.757910443079891820e+02,-4.413199156096311526e+00
9.600000000000007416e-01,-1.622428374010589813e+00,-3.507051224928240618e+00,1.187846255562851212e+02,-4.828188553106522285e+00
9.650000000000007461e-01,-1.638852044595004775e+00,-2.969563329196649892e+00,2.618051339394665433e+02,-4.240367099596186407e+00
9.700000000000007505e-01,-1.652186532081816095e+00,-2.690206039222402534e+00,-2.378636301208944985e+02,-4.703654443026530352e+00
9.750000000000007550e-01,-1.662976557195156468e+00,-1.949423582041981629e+00,1.361900041172843316e+02,-4.221504080670351655e+00
9.800000000000007594e-01,-1.671949474189593943e+00,-1.588720576196972045e+00,5.493710181026856532e+01,-4.655294639860069417e+00
9.850000000000007638e-01,-1.679094907410241921e+00,-1.314527238938506759e+00,1.918528121707287823e+02,-4.107473050376817092e+00
9.900000000000007683e-01,-1.684824162026893113e+00,-1.091822698003173553e+00,-6.075576173970406302e+01,-4.648620803978473326e+00
9.950000000000007727e-01,-1.689224941149884751e+00,-7.804924829875923287e-01,9.362922178558167730e+01,-4.190017460032416707e+00
1.000000000000000666e+00,-1.692730967537039666e+00,-5.994288113651065064e-01,1.017054253543207309e+01,-4.651402313251742804e+00
1.005000000000000560e+00,-1.695291820612685907e+00,-4.454575803627842667e-01,7.882057256174594784e+01,-4.202492497799653393e+00
1.010000000000000453e+00,-1.697237181443591370e+00,-3.202907846994227925e-01,-2.700926557182132814e+00,-4.599070442842709383e+00
1.015000000000000346e+00,-1.698531485550549780e+00,-2.277044196428151812e-01,6.582193180690320844e+01,-4.251693160616447642e+00
1.020000000000000240e+00,-1.699503935056092097e+00,-1.674364173969218605e-01,-2.701505113034488659e+01,-4.424158934172152335e+00
1.025000000000000133e+00,-1.700263281023247863e+00,-1.417615201667316860e-01,1.903920565276665400e+01,-4.254304549783961775e+00
1.030000000000000027e+00,-1.700738516173590620e+00,-1.150565995121775598e-01,-6.648645900843432344e+01,-4.608322485678932878e+00
1.034999999999999920e+00,-1.701125129129771540e+00,-7.751934593269214913e-02,1.081494406454038248e+01,-4.175868907712188438e+00
1.039999999999999813e+00,-1.701605314195677732e+00,-9.392933874229324187e-02,1.493803190474902642e+01,-4.111959552411240892e+00
1.044999999999999707e+00,-1.701972104559133392e+00,-7.307819206002753865e-02,-1.924819734430252893e+01,-4.260416609476700422e+00
1.049999999999999600e+00,-1.702243288459812431e+00,-4.233041867823161830e-02,1.350074769330504409e+01,-4.648034047659619361e+00
1.054999999999999494e+00,-1.706006287603986094e+00,-1.781801440562102989e+00,-4.872795293739400790e+02,-3.689236352609967184e+00
1.059999999999999387e+00,-1.721780566154783143e+00,-3.873128202018225608e+00,-3.133579736278285282e+02,-2.669682226462517960e+00
1.064999999999999281e+00,-1.745679530340594754e+00,-5.238721005450285517e+00,-1.858700830031898192e+02,-1.926218273482812382e+00
1.069999999999999174e+00,-1.772704167502411776e+00,-5.444950325567464944e+00,7.234689085562138189e+00,-8.590055479797080729e-01
1.074999999999999067e+00,-1.800402837616251750e+00,-5.508347541447999873e+00,5.985043768635769368e+01,-7.453011032211303011e-01
1.079999999999998961e+00,-1.828527966880070466e+00,-5.598128331540354274e+00,3.754420417140831034e+01,-5.231737029130498762e-01
1.084999999999998854e+00,-1.854426006132376736e+00,-4.896893326852451267e+00,1.436657343710246550e+02,1.394094618134253949e-01
1.089999999999998748e+00,-1.876964871243000710e+00,-4.295431840964774040e+00,7.239680125804051158e+01,1.201126989269565293e-01
1.094999999999998641e+00,-1.894258821166496132e+00,-3.000468884593802343e+00,2.143450384621048670e+02,6.412658090550964474e-01
1.099999999999998535e+00,-1.906090856151106072e+00,-2.013699009718545430e+00,1.201460055428131426e+02,4.852812160668047436e-01
1.104999999999998428e+00,-1.913607311075286255e+00,-1.222464563117449998e+00,1.174926236344459767e+02,2.958877094458163270e-01
1.109999999999998321e+00,-1.918705812957903323e+00,-9.119834089642653296e-01,4.853858155467406021e+01,-9.614518979852099134e-02
1.114999999999998215e+00,-1.921290508917666839e+00,-3.118967743321195973e-01,8.750387709006257353e+01,2.086924865120707850e-01
1.119999999999998108e+00,-1.921656281691068502e+00,3.679990605069261012e-02,3.941620402736324280e+01,-2.094184004145158845e-03
1.124999999999998002e+00,-1.920275658488180159e+00,3.895422806240248503e-01,4.949181131804182598e+01,-5.143716870048667400e-02
1.129999999999997895e+00,-1.916816615547310754e+00,8.399411914359686815e-01,5.409977203904415433e+01,1.477674948075429207e-01
1.134999999999997788e+00,-1.910448091327684894e+00,1.484755806366485631e+00,8.849537912018506347e+01,2.031445586274693849e-01
1.139999999999997682e+00,-1.901958570071397459e+00,1.791158296790472670e+00,3.562443551880368631e+01,-5.257628121616786387e-02
1.144999999999997575e+00,-1.890338088268207484e+00,2.581868935895144990e+00,1.092840345942487517e+02,3.892173383555947996e-01
1.149999999999997469e+00,-1.875248361105632311e+00,3.197614612654986921e+00,5.593985944383825171e+01,1.876011350027622093e-01
1.154999999999997362e+00,-1.857035435647812260e+00,3.830278627365490962e+00,7.128940266920511704e+01,1.278909281423548094e-01
1.159999999999997256e+00,-1.835669687369960723e+00,4.455316575647414012e+00,5.807009231857306020e+01,2.432187170885122818e-01
1.164999999999997149e+00,-1.810921897446445827e+00,5.142334607324822393e+00,6.017889201490611839e+01,1.737257677942918299e-01
1.169999999999997042e+00,-1.784125988860683520e+00,5.406905486199372390e+00,3.496918589300994640e+00,-1.476732731838565904e-01
1.174999999999996936e+00,-1.754709185856313081e+00,6.064553206482790060e+00,6.014706352436132164e+01,2.504338865852182572e-01
1.179999999999996829e+00,-1.723230261178718470e+00,6.316616556696975415e+00,-3.096423515271577287e+01,-1.105456220454397176e-01
1.184999999999996723e+00,-1.690458773896830857e+00,6.590363042910651892e+00,-5.643415516589695535e+00,-1.459445384303421633e-01
1.189999999999996616e+00,-1.693269982275063423e+00,-5.944429468574453646e-01,-1.284818020806568839e+01,4.155218221402336098e+00
1.194999999999996509e+00,-1.697863738237408882e+00,-1.118660033771681439e+00,-8.493273210264520401e+01,7.567877080303907711e+00
1.199999999999996403e+00,-1.702692592825103102e+00,-8.498980157658904133e-01,-2.013715472224859298e+02,1.156234054098032793e+01
1.204999999999996296e+00,-1.706295929334005423e+00,-6.594242604147885212e-01,-3.587830661336610092e+02,1.588406339999327876e+01
1.209999999999996190e+00,-1.708566059248977975e+00,-3.856823287298424829e-01,-4.286093974600236720e+02,1.894728211353416114e+01
1.214999999999996083e+00,-1.709599710354401836e+00,-1.946626746854597245e-01,-4.151357885451403718e+02,2.062943289466426577e+01
1.219999999999995977e+00,-1.708972994447946148e+00,2.225803878559907134e-01,-3.765053878430948089e+02,2.077674932303295563e+01
1.224999999999995870e+00,-1.707635338932707914e+00,4.631473673408313396e-01,3.089061324412220984e+02,2.031860206599829510e+01
1.229999999999995763e+00,-1.705708740796518574e+00,3.846445356973249297e-01,-4.846542082594606882e+01,1.897440870180932038e+01
1.234999999999995657e+00,-1.702122825567054631e+00,4.849837055423353305e-01,-2.288849517437796806e+02,1.956210094226927865e+01
1.239999999999995550e+00,-1.698116396097881120e+00,8.304135124396672119e-01,1.999183616451946364e+02,2.059155911890311685e+01
1.244999999999995444e+00,-1.694854240821289437e+00,5.776018191544094460e-01,-3.704021182105601042e+02,1.991867245092880978e+01
1.249999999999995337e+00,-1.690819292080605551e+00,9.196164259589791889e-01,3.944937632667580374e+02,2.058467706393654950e+01
1.254999999999995230e+00,-1.687885376721941055e+00,3.918712245925908277e-01,-4.281588190743682389e+02,1.960667067599560909e+01
1.259999999999995124e+00,-1.684596311291650661e+00,8.193883060628180948e-01,4.250799052488710004e+02,2.072191869004909037e+01
1.264999999999995017e+00,-1.682140873635829870e+00,2.849020575509675912e-01,-4.175477001062337763e+02,1.948149300353547986e+01
1.269999999999994911e+00,-1.679596274239144371e+00,6.587773425102135816e-01,4.066633241453585015e+02,2.061170772645196791e+01
1.274999999999994804e+00,-1.677852201087425943e+00,1.522214334941752456e-01,-3.969420922042252755e+02,1.923403826534304528e+01
1.279999999999994698e+00,-1.676121061171252702e+00,4.762260849211343294e-01,3.800056300838932657e+02,2.046541934061362511e+01
1.284999999999994591e+00,-1.675280185742318961e+00,-2.763170350712571693e-02,-3.835084392894488587e+02,1.913190531725678412e+01
1.289999999999994484e+00,-1.674543471404007056e+00,2.641317358056546882e-01,3.628063632995323360e+02,2.052914031630319514e+01
1.294999999999994378e+00,-1.674730965725116594e+00,-2.307892557059842975e-01,-3.737206499676129283e+02,1.918708964042393461e+01
1.299999999999994271e+00,-1.675028952335599230e+00,5.068034941965344348e-02,3.524868736083762428e+02,2.076633178836836535e+01
1.304999999999994165e+00,-1.676325322744735002e+00,-4.574535984004690081e-01,-3.715999863048043608e+02,1.951030832736772425e+01
1.309999999999994058e+00,-1.677701205094018544e+00,-1.618039164329264368e-01,3.511713571962649780e+02,2.118286301432094376e+01
1.314999999999993952e+00,-1.680039547650205689e+00,-6.468079287283766687e-01,-3.386488384830422547e+02,1.986063846525960841e+01
1.319999999999993845e+00,-1.682314627666414486e+00,-3.369343152363268312e-01,3.424328184191522837e+02,2.170464810576201131e+01
1.324999999999993738e+00,-1.685396561538637261e+00,-8.062964530170850797e-01,-3.707154332591200045e+02,2.021625009212279878e+01
1.329999999999993632e+00,-1.688284403363259356e+00,-4.373702061530462259e-01,3.671557887573546282e+02,2.198728342283129322e+01
1.334999999999993525e+00,-1.691982971880336750e+00,-9.338463445526064000e-01,-3.932851332907748088e+02,2.048188128477011460e+01
1.339999999999993419e+00,-1.695361458896724738e+00,-5.206301587498161076e-01,3.843892247660413659e+02,2.176287369518347603e+01
1.344999999999993312e+00,-1.699307678549071943e+00,-9.728972688353423326e-01,-3.929514559709851937e+02,2.067615084674446635e+01
1.349999999999993205e+00,-1.702786644142214589e+00,-5.485794892507668274e-01,3.799691443174325514e+02,2.253499343177098169e+01
1.354999999999993099e+00,-1.707001098702921382e+00,-1.066402161196922327e+00,-4.651134322639470611e+02,2.095111457003425670e+01
1.359999999999992992e+00,-1.710527572200285951e+00,-4.893604474253955838e-01,4.848858774429248228e+02,2.202990106708599072e+01
1.364999999999992886e+00,-1.714656664408103603e+00,-1.033722385442287450e+00,-4.309778264063821211e+02,2.169014776555010471e+01
1.369999999999992779e+00,-1.718076998810121880e+00,-4.816009883841568806e-01,4.493529618394785530e+02,2.285623896633282826e+01
1.374999999999992673e+00,-1.721929902957607172e+00,-9.767055328484619547e-01,-4.458929468380059689e+02,2.099645437543993154e+01
1.379999999999992566e+00,-1.724883459284634046e+00,-4.079588644535480646e-01,4.725853861511953937e+02,2.320088565849957263e+01
1.384999999999992459e+00,-1.728549107665077411e+00,-9.690275926953579866e-01,-5.502746600128707541e+02,2.161594142098348570e+01
1.389999999999992353e+00,-1.730792538454257512e+00,-3.683220749143154005e-01,3.106875153457434635e+02,2.264334150063469764e+01
1.394999999999992246e+00,-1.733822157080451731e+00,-7.907156762502371983e-01,-4.886044050452317720e+02,2.086343587226567564e+01
1.399999999999992140e+00,-1.735134161516650897e+00,-2.177930928554816514e-01,2.402748726072798604e+02,2.326630418507071241e+01
1.404999999999992033e+00,-1.737254038205665374e+00,-5.447288389515350104e-01,-5.801624942820166098e+02,2.159240752952236519e+01
1.409999999999991926e+00,-1.737564872586605302e+00,6.764712186587681702e-04,2.049759076357039191e+02,2.195374607934981270e+01
1.414999999999991820e+00,-1.737769639273251343e+00,-2.192159404770326753e-02,-4.949865534607138216e+02,2.117076508287875214e+01
1.419999999999991713e+00,-1.736557115865465795e+00,4.562858054678896602e-01,4.666080900615258997e+02,2.154647293629966498e+01
1.424999999999991607e+00,-1.734661157431944378e+00,3.306156436133466103e-01,-4.653167063498823381e+02,1.990692429605015690e+01
1.429999999999991500e+00,-1.731876440859938304e+00,9.031793571630851725e-01,7.562765120473220577e+02,1.986545848487313748e+01
1.434999999999991394e+00,-1.728194962599202356e+00,7.215007745612568302e-01,-2.130512936832934372e+02,1.945490521230084369e+01
1.439999999999991287e+00,-1.724030742607688182e+00,1.280016334280576595e+00,8.652806269731061093e+02,1.950933252607496726e+01
1.444999999999991180e+00,-1.719160036533176728e+00,9.539936473669148320e-01,-6.348350309091771493e+01,1.751947609742902401e+01
1.449999999999991074e+00,-1.713937757799842476e+00,1.590406207501968927e+00,8.761464741027709806e+02,1.766842342385012543e+01
1.454999999999990967e+00,-1.708873915785136255e+00,6.580988522599083845e-01,-4.628454012305074912e+02,1.580065572020351183e+01
1.459999999999990861e+00,-1.702624398710648412e+00,1.138148784309699790e+00,-6.714312437733584105e+00,1.794118566254506320e+01
1.464999999999990754e+00,-1.697221295917202388e+00,6.788801042863324975e-01,-6.209332368233684747e+02,1.626000371271889833e+01
1.469999999999990647e+00,-1.690330621544360090e+00,1.304406220998478361e+00,-4.261007555667547990e+02,1.698080267080578309e+01
1.474999999999990541e+00,-1.684189003828715281e+00,1.742950629449545374e+00,1.083547047861179180e+03,1.587348995871058399e+01
1.479999999999990434e+00,-1.678230959751605411e+00,1.170762315267163567e+00,-2.280097458347349004e+01,1.476373750706601307e+01
1.484999999999990328e+00,-1.672180289353419447e+00,6.777515949443913001e-01,-6.626803233907040749e+02,1.486752958018123394e+01
1.489999999999990221e+00,-1.665000178677041642e+00,1.348156870985361744e+00,-5.430104672128551329e+02,1.533094241170934069e+01
1.494999999999990115e+00,-1.657106331790845877e+00,1.751769429311716531e+00,-6.068287896946576438e+02,1.327245638146201046e+01
1.499999999999990008e+00,-1.648765418108640413e+00,2.218306216562101252e+00,1.158043038065733981e+03,1.418415034019233900e+01
1.504999999999989901e+00,-1.641425510405209121e+00,9.387209450299477398e-01,-6.271158994575372390e+02,1.238719202288494436e+01
1.509999999999989795e+00,-1.633007490398163064e+00,1.594684721436312458e+00,-6.004585747953826740e+02,1.343767371125025178e+01
1.514999999999989688e+00,-1.625561093443622651e+00,2.060970391305568583e+00,1.230481598794639240e+03,1.300647201953115406e+01
1.519999999999989582e+00,-1.615729536410395628e+00,2.521114783425666861e+00,1.209328593454258225e+03,1.229218170482189976e+01
1.524999999999989475e+00,-1.607319692860487370e+00,1.099151265149969747e+00,-6.697660372718157760e+02,1.062846974025112523e+01
1.529999999999989369e+00,-1.597713177945321084e+00,1.835065505540601771e+00,-6.221529773439026485e+02,1.202332027665917735e+01
1.534999999999989262e+00,-1.589128999938226761e+00,2.343897192133853391e+00,1.344071324637694033e+03,1.159459598525191382e+01
1.539999999999989155e+00,-1.580007174973092399e+00,2.727409626168449730e+00,1.245233797015964910e+03,1.088010781561726503e+01
1.544999999999989049e+00,-1.570964568753876245e+00,1.174121504475568178e+00,-7.161575223630158007e+02,9.288351395941509381e+00
1.549999999999988942e+00,-1.560609520829574492e+00,1.975244019519505789e+00,-6.649907849146055696e+02,1.080085662669544000e+01
1.554999999999988836e+00,-1.551474046858597911e+00,2.460013266882287830e+00,1.380415710064209406e+03,1.021863133704488824e+01
1.559999999999988729e+00,-1.542174423709052888e+00,2.571773580118474456e+00,1.370472215628088179e+03,1.011686586933738496e+01
1.564999999999988622e+00,-1.532205579654129846e+00,2.750713113008945054e+00,9.994482731070737600e+02,8.785094643786617752e+00
1.569999999999988516e+00,-1.522428766454515303e+00,1.298321316796518188e+00,-7.811692449864589207e+02,9.162260188285300089e+00
1.574999999999988409e+00,-1.511596294604474311e+00,2.021213550956028726e+00,-7.333768479044354081e+02,9.057793428084762510e+00
1.579999999999988303e+00,-1.501627787800298153e+00,2.619089986394015135e+00,1.244443603042029736e+03,9.610173882001605605e+00
1.584999999999988196e+00,-1.489489075304767818e+00,2.968571610304939323e+00,1.309760993855375091e+03,7.835956332844185468e+00
1.589999999999988090e+00,-1.479362790851320053e+00,1.359065481042869283e+00,-8.261683458884339188e+02,8.214887277013893652e+00
1.594999999999987983e+00,-1.467582796419959701e+00,2.215347519288590306e+00,-7.721279961689502898e+02,8.158561969411803005e+00
1.599999999999987876e+00,-1.456541863037308815e+00,2.992249676995384355e+00,1.541750007654035016e+03,8.651452418057937521e+00
1.604999999999987770e+00,-1.444765639828461623e+00,3.204509490078420786e+00,1.115121328216780739e+03,6.679197579853216382e+00
1.609999999999987663e+00,-1.433155475082812380e+00,1.620307381131408153e+00,-8.576510899157036647e+02,7.325649376779525213e+00
1.614999999999987557e+00,-1.420207946303036817e+00,2.463156403597210442e+00,-7.580941877722240179e+02,6.920205253077793550e+00
1.619999999999987450e+00,-1.407968698256293116e+00,3.296933959582315055e+00,1.678873049468598538e+03,7.669904640423264475e+00
1.624999999999987343e+00,-1.396461505766227962e+00,1.756365302674440576e+00,-6.135578491179314824e+02,5.681707024567469233e+00
1.629999999999987237e+00,-1.383731880689760052e+00,2.097586662563908355e+00,-8.808732610474113471e+02,7.484052984397841612e+00
1.634999999999987130e+00,-1.368717262310490179e+00,2.837862617572274537e+00,-7.472129553158313229e+02,5.454917986558527332e+00
1.639999999999987024e+00,-1.354683676581179386e+00,3.639213209068152821e+00,1.653077745792090127e+03,6.551672076076847873e+00
1.644999999999986917e+00,-1.341645436366496247e+00,1.894147101803694166e+00,-8.280414181486929692e+02,4.816225972634859964e+00
1.649999999999986811e+00,-1.326023058817823452e+00,3.085810877051634371e+00,-7.729340980654388886e+02,5.566399783140594693e+00
1.654999999999986704e+00,-1.310995542104704370e+00,3.651887503506239252e+00,1.372620655586849352e+03,4.547274183580721996e+00
1.659999999999986597e+00,-1.297339844026132782e+00,2.091178375952214896e+00,-7.481372668892321371e+02,3.360464142408469357e+00
1.664999999999986491e+00,-1.282509618503996585e+00,2.421534159141190301e+00,-5.635679864822729996e+02,2.451611629628421163e+00
1.669999999999986384e+00,-1.268787981823648492e+00,2.937863598459708125e+00,4.352180016602536625e+02,5.392259930912182142e-01
1.674999999999986278e+00,-1.257872021040681298e+00,1.800163101133712251e+00,-1.355700384134022443e+02,-1.867412331734597419e+00
1.679999999999986171e+00,-1.249010513077704942e+00,2.286772198452485139e+00,1.634992155322385443e+01,-4.884456740498556826e+00
1.684999999999986064e+00,-1.239443430298172721e+00,1.018611524848764827e+00,-9.560048354146275642e+02,-5.840204386961617367e+00
1.689999999999985958e+00,-1.230649242740916804e+00,1.855698820437811314e+00,-3.171105895666218544e+01,-7.088243316141822348e+00
1.694999999999985851e+00,-1.222496108645469981e+00,1.649906433272323225e+00,3.022486656658969650e+01,-7.106017571044760395e+00
1.699999999999985745e+00,-1.214906588087325545e+00,1.421811452030961931e+00,-8.253423350793248403e+01,-7.582223451586469487e+00
1.704999999999985638e+00,-1.209037223873747013e+00,1.052698227901454509e+00,-7.566111655904250277e+00,-7.433613666002937492e+00
1.709999999999985532e+00,-1.204362228626370435e+00,8.458641499454072621e-01,-9.035154838577746261e+01,-7.854670097229591086e+00
1.714999999999985425e+00,-1.201293490317066670e+00,4.426120102100413178e-01,-5.252080809881076107e+01,-7.709958082274404489e+00
1.719999999999985318e+00,-1.200152935948827659e+00,7.049292599228186573e-02,-1.244206998147632532e+02,-8.032988301800763509e+00
1.724999999999985212e+00,-1.201432635700935725e+00,-5.046308011925130232e-01,-9.469576653784379516e+01,-7.728841569749825169e+00
1.729999999999985105e+00,-1.205415370729265856e+00,-1.015313641506829123e+00,-1.593936533449512183e+02,-7.926024379079192883e+00
1.734999999999984999e+00,-1.212430129867773099e+00,-1.685263612071989048e+00,-1.055198857792487246e+02,-7.524846937889450693e+00
1.739999999999984892e+00,-1.222387960089209358e+00,-2.211696892003454540e+00,-1.587792973356974358e+02,-7.679642273758215509e+00
1.744999999999984786e+00,-1.235219888610949113e+00,-2.820236295128592641e+00,-8.843492672821648171e+01,-7.267059922196753341e+00
1.749999999999984679e+00,-1.250410204796938540e+00,-3.193831281585663096e+00,-1.298257198153205252e+02,-7.449521487023954336e+00
1.754999999999984572e+00,-1.267729883354933529e+00,-3.641926782409317553e+00,-2.838156568582746075e+01,-6.927279757444104291e+00
1.759999999999984466e+00,-1.286548707874593855e+00,-3.844196870986174464e+00,-8.748084232045287933e+01,-7.088438272385601202e+00
1.764999999999984359e+00,-1.306515289017196491e+00,-4.070736099400827257e+00,1.113115787872366447e+01,-6.681637165633851794e+00
1.769999999999984253e+00,-1.327049109916326630e+00,-4.146724395933052421e+00,-1.176022548782178916e+02,-6.891153734995240754e+00
1.774999999999984146e+00,-1.347804446500791897e+00,-4.236852813874107504e+00,-4.266002111132176111e+01,-6.437654898491161681e+00
1.779999999999984039e+00,-1.368458483709706464e+00,-4.154504456118400135e+00,-1.205273308005351538e+02,-6.587885349546221292e+00
1.784999999999983933e+00,-1.388865167535921152e+00,-4.134365235407180705e+00,-3.489720850806065044e+01,-6.148000630593850602e+00
1.789999999999983826e+00,-1.408759982407975508e+00,-3.978178582956759524e+00,-1.101328558754247666e+02,-6.335781008920299051e+00
1.794999999999983720e+00,-1.428074870917430017e+00,-3.889893477461072724e+00,-2.143885935605524651e+01,-5.891792442307811406e+00
1.799999999999983613e+00,-1.446665316284208247e+00,-3.701701807336750694e+00,-9.903846034907141416e+01,-6.114706388866700593e+00
1.804999999999983507e+00,-1.464453907299967605e+00,-3.563534248732199483e+00,-7.833903756600453683e+00,-5.744014077493586612e+00
1.809999999999983400e+00,-1.481270466710595146e+00,-3.317866915093314439e+00,-8.013126130591979290e+01,-6.207131997169110349e+00
1.814999999999983293e+00,-1.497080702384414153e+00,-3.150438405887410198e+00,1.215730531366479106e+01,-5.851618171399785240e+00
1.819999999999983187e+00,-1.512089517502948288e+00,-2.965913599302297143e+00,-6.843909951783017220e+01,-6.345335445840469824e+00
1.824999999999983080e+00,-1.526423776293726053e+00,-2.876482346374648280e+00,8.103012778019300200e+00,-5.847792653021125275e+00
1.829999999999982974e+00,-1.540151045458361345e+00,-2.705340957557163417e+00,-5.492030340568665281e+01,-6.372336391469677785e+00
1.834999999999982867e+00,-1.553188915050794483e+00,-2.604058025552128175e+00,2.293801783008234807e+01,-6.067938686405657478e+00
1.839999999999982760e+00,-1.565637684350788650e+00,-2.450983858125700632e+00,-4.835216167269338428e+01,-6.527570847901481343e+00
1.844999999999982654e+00,-1.577492106150349294e+00,-2.367896323221459376e+00,2.810508996977081964e+01,-6.194596479943074385e+00
1.849999999999982547e+00,-1.588931646641020379e+00,-2.244359089355983272e+00,-5.255402110351171885e+00,-6.575493327328354454e+00
1.854999999999982441e+00,-1.600075283021051398e+00,-2.222978436046052497e+00,5.239691944883959707e+01,-6.137581245176883193e+00
1.859999999999982334e+00,-1.611160557069585719e+00,-2.203910424269223345e+00,-3.893156517572658970e+01,-6.420733921126565491e+00
1.864999999999982228e+00,-1.622448496809374197e+00,-2.300808552860302836e+00,1.524393681620046870e+01,-5.810929029731594753e+00
1.869999999999982121e+00,-1.634375149487356405e+00,-2.448822387767390474e+00,-6.764233641791720686e+01,-5.841740751563805567e+00
1.874999999999982014e+00,-1.646945587616873263e+00,-2.561129572615952199e+00,2.518760971056447673e+01,-5.170731219265709555e+00
1.879999999999981908e+00,-1.660340784838657990e+00,-2.739775471233166559e+00,-6.595095217973704393e+01,-5.047158585973740230e+00
1.884999999999981801e+00,-1.674725502388979770e+00,-2.942767472453373667e+00,1.715530952359015870e+01,-4.093157518759793057e+00
1.889999999999981695e+00,-1.689861591078051894e+00,-3.058153507749314937e+00,-4.816580205216223476e+01,-4.052742740751677175e+00
1.894999999999981588e+00,-1.705467461717559363e+00,-3.144077208996025163e+00,1.001926847972361543e+02,-3.157685452220111877e+00
1.899999999999981481e+00,-1.721288293729915653e+00,-3.173559458681119771e+00,-4.802123879772261006e+01,-2.905368234009817918e+00
1.904999999999981375e+00,-1.737381386990454857e+00,-3.166526864678569364e+00,5.381002131261309529e+01,-1.779669726181016376e+00
1.909999999999981268e+00,-1.753047270419980208e+00,-3.073626260489262130e+00,1.048079445065971385e+02,-1.389381925246281346e+00
1.914999999999981162e+00,-1.767125469368437285e+00,-2.657926617328455698e+00,1.217688313019736910e+02,-5.185462178912727538e-01
1.919999999999981055e+00,-1.779294774878076302e+00,-2.270111545347856641e+00,5.188678121825595468e+01,-1.060851705851770799e-01
1.924999999999980949e+00,-1.788834714764061751e+00,-1.688737480244971723e+00,1.431575925364369652e+02,1.064537304379349347e+00
1.929999999999980842e+00,-1.795776923542813153e+00,-1.213991163875754120e+00,4.292184525414332086e+01,1.665458111925320228e+00
1.934999999999980735e+00,-1.800375340815437708e+00,-7.528938433674082775e-01,9.233001532248138687e+01,3.019415302937696666e+00
1.939999999999980629e+00,-1.803113356012073565e+00,-4.132998269163601357e-01,7.687162118691921364e+01,4.652761273463797309e+00
1.944999999999980522e+00,-1.804248260931442971e+00,-1.403060212894633729e-01,2.035428270448853993e+01,8.284164280332745989e+00
1.949999999999980416e+00,-1.804250799216222001e+00,7.704604810111280455e-02,-1.011845497629712121e+01,1.427796666931303626e+01
1.954999999999980309e+00,-1.803244763532760864e+00,3.499029775803261799e-01,4.929109500355990292e+01,2.199136678468374129e+01
1.959999999999980203e+00,-1.800905572949231148e+00,5.434142757788327227e-01,-4.222167189519634434e+01,2.741414675505588505e+01
1.964999999999980096e+00,-1.797380878412732530e+00,7.977399215601587157e-01,4.717003106254450273e+01,2.992680454254289302e+01
1.969999999999979989e+00,-1.793033531139565762e+00,9.345220519875738763e-01,3.682542222307779411e+01,2.662116527513162367e+01
1.974999999999979883e+00,-1.787880685348726351e+00,1.118782332553081682e+00,7.076657396801434174e+01,2.357685419116741699e+01
1.979999999999979776e+00,-1.781953328277817494e+00,1.207746686845699635e+00,-2.826392014056198576e+01,1.993622129816976241e+01
1.984999999999979670e+00,-1.775220541265737806e+00,1.453518261071635953e+00,1.193304488971082549e+02,1.971476493062303703e+01
1.989999999999979563e+00,-1.767407883033640381e+00,1.534093616633318558e+00,-9.010778051591901772e+01,1.755089970746213979e+01
1.994999999999979456e+00,-1.759386711419722138e+00,1.580117149595608561e+00,3.730508414738254430e+01,2.173826516606628800e+01
1.999999999999979350e+00,-1.752173630054482789e+00,1.362714392976268618e+00,-1.397340239820422312e+02,2.232809432064684430e+01
2.004999999999979465e+00,-1.745188982989341886e+00,1.376378279587026965e+00,2.824037322249528614e+01,2.321695473626393635e+01
2.009999999999979359e+00,-1.738854758363667097e+00,1.202310744256258834e+00,-1.447492063385458039e+02,2.205368765354263516e+01
2.014999999999979252e+00,-1.732484628222361378e+00,1.268858588438533719e+00,2.013072832873378815e+01,2.308324005498520393e+01
2.019999999999979146e+00,-1.726623653476838438e+00,1.115796862954428592e+00,-1.993174623292339902e+02,2.183823206891834090e+01
2.024999999999979039e+00,-1.720389613763001924e+00,1.219214293967174623e+00,-8.684903952625903401e+01,2.270093251724819439e+01
2.029999999999978932e+00,-1.714307048168285164e+00,1.235481988681590648e+00,-3.373103586717813869e+02,2.143813087064013345e+01
2.034999999999978826e+00,-1.708278290201398208e+00,1.279337780972923833e+00,2.481856340946816886e+02,2.198319069117736646e+01
2.039999999999978719e+00,-1.701928992070504743e+00,1.517464060276420224e+00,3.293679877991540934e+02,2.108675059820982867e+01
2.044999999999978613e+00,-1.694905086994498600e+00,1.896817803408512138e+00,9.965884522831289587e+02,2.158282094239016757e+01
2.049999999999978506e+00,-1.688231510531957413e+00,8.755978081905900767e-01,-5.996808402475636512e+02,2.047869431489770164e+01
2.054999999999978400e+00,-1.679607490309179330e+00,1.730669114446066192e+00,-5.265690657182409495e+02,2.074366090786025651e+01
2.059999999999978293e+00,-1.670955869612103406e+00,2.350099837059555608e+00,1.237530778559643295e+03,2.006910114905575782e+01
2.064999999999978186e+00,-1.662582137368619595e+00,1.165153183636832068e+00,-6.714925128304637383e+02,1.931605012734354432e+01
2.069999999999978080e+00,-1.653101139740162706e+00,1.738466812096710168e+00,-2.999952800243329989e+02,1.920778325542855924e+01
2.074999999999977973e+00,-1.643998858747420133e+00,2.600551077021013402e+00,1.407644666949846624e+03,1.934112980685221217e+01
2.079999999999977867e+00,-1.634642774938902088e+00,1.364569116809912996e+00,-7.111489581017757473e+02,1.812714918419863608e+01
2.084999999999977760e+00,-1.624699084550761174e+00,1.960583059122317673e+00,-4.751823187105607644e+02,1.783007906460074921e+01
2.089999999999977653e+00,-1.615786369995413363e+00,1.206471482751909186e+00,-2.606438189782345489e+02,1.791024226230499750e+01
2.094999999999977547e+00,-1.605531031825386368e+00,1.481039824017392537e+00,-9.730526505105840442e+02,1.830911897034525992e+01
2.099999999999977440e+00,-1.595906949861632063e+00,3.241292525910960620e+00,2.185513709933117298e+03,1.781176648538591323e+01
2.104999999999977334e+00,-1.586427686452445363e+00,1.952002011361207545e+00,-8.101889266885806364e+02,1.482108458367606652e+01
2.109999999999977227e+00,-1.577471357527310936e+00,5.976902387459058774e-01,-9.653121332782883428e+02,1.653838680648959070e+01
2.114999999999977121e+00,-1.564237431628761943e+00,2.964186021972404550e+00,-7.893149519382163817e+02,1.590933697752485898e+01
2.119999999999977014e+00,-1.554020150908642872e+00,1.516034076729293911e+00,-9.671009833787520620e+02,1.447248433399394330e+01
2.124999999999976907e+00,-1.539968553894668357e+00,3.750076090602052936e+00,2.669762685228243299e+03,1.555237117785379830e+01
2.129999999999976801e+00,-1.528515283629751975e+00,2.476596946036295321e+00,-8.800020714346968589e+02,1.252868455627084288e+01
2.134999999999976694e+00,-1.516340543761269810e+00,1.213130720318015054e+00,-9.981718838777775318e+02,1.313312864841136296e+01
2.139999999999976588e+00,-1.501122670324679831e+00,4.232261131086321626e+00,2.954622888067746771e+03,1.479293635255661066e+01
2.144999999999976481e+00,-1.486682170616342891e+00,3.152672783766534259e+00,-8.814328035208012579e+02,1.034760232512228306e+01
2.149999999999976374e+00,-1.473900044110427077e+00,2.203261639175536413e+00,-9.659597460211723501e+02,1.146290154749734747e+01
2.154999999999976268e+00,-1.461572522048381284e+00,1.355354632208434884e+00,-9.621478209878221151e+02,1.155579272007538805e+01
2.159999999999976161e+00,-1.444086807542895423e+00,4.936975315867743852e+00,3.176427270768699600e+03,1.249001670416886611e+01
2.164999999999976055e+00,-1.429118628570948735e+00,3.981222634417189710e+00,2.586203115435383097e+03,9.636840883631874632e+00
2.169999999999975948e+00,-1.415551607659863320e+00,2.807709343183875106e+00,-7.168078007609543647e+02,9.125375428699127767e+00
2.174999999999975842e+00,-1.399848440993001875e+00,2.161939878654347780e+00,-8.967864835172074436e+02,9.729598493811081994e+00
2.179999999999975735e+00,-1.382567621694120730e+00,1.862245176707936434e+00,-7.987617677014844730e+02,9.076642147748206213e+00
2.184999999999975628e+00,-1.365378425632422843e+00,2.145633744127541487e+00,-4.499880308262542030e+02,9.342696910267902055e+00
2.189999999999975522e+00,-1.347382863946727571e+00,5.118612697127248090e+00,3.061512495301386934e+03,8.824895564624029021e+00
2.194999999999975415e+00,-1.327908543946733744e+00,4.138690320235297371e+00,-5.589419177475066363e+02,5.719269866800276603e+00
2.199999999999975309e+00,-1.308713265979323248e+00,3.666648620376828482e+00,-8.010036983616938642e+02,5.756606903836557265e+00
2.204999999999975202e+00,-1.291487487713626203e+00,2.487414928559525062e+00,-8.399883257159885943e+02,5.644205997998859914e+00
2.209999999999975095e+00,-1.271538886766795828e+00,4.871451107854492868e+00,1.839693864069411802e+03,3.980556224038995339e+00
2.214999999999974989e+00,-1.251898559610415296e+00,3.236806029711215782e+00,-3.289194521401855695e+02,-1.388481399813996209e+00
2.219999999999974882e+00,-1.242528825362338329e+00,1.506022015177253426e+00,-1.210262895927755551e+02,-6.261835316109627847e+00
2.224999999999974776e+00,-1.244517344425876582e+00,-1.760839178842426689e+00,-6.327590817474322193e+02,-8.840611649062415367e+00
2.229999999999974669e+00,-1.266233513306012970e+00,-5.117405538072244298e+00,-5.598558802175980418e+02,-9.137333907862910110e+00
2.234999999999974563e+00,-1.299258143509428587e+00,-7.408289236403662770e+00,2.350096652220831857e+02,-8.291413814051999509e+00
2.239999999999974456e+00,-1.338356245800404576e+00,-8.101339919007100931e+00,-9.636342484647114759e+01,-8.403612022574124651e+00
2.244999999999974349e+00,-1.379752758669412049e+00,-7.993784993019589891e+00,8.889043845699299595e+01,-8.065526504769799487e+00
2.249999999999974243e+00,-1.419853451383880305e+00,-7.732595572449278976e+00,2.409861408635006796e+02,-7.682649130908480117e+00
2.254999999999974136e+00,-1.456013437898756369e+00,-7.393974831230963218e+00,-5.068455752659571658e+02,-7.706636932912651616e+00
2.259999999999974030e+00,-1.487546735159497757e+00,-5.903196896103405145e+00,1.811784740583542259e+02,-7.616691497476412387e+00
2.264999999999973923e+00,-1.515217618551549128e+00,-5.015134377146162059e+00,2.434599813495310627e+02,-7.435582347991104513e+00
2.269999999999973817e+00,-1.539059415081429627e+00,-4.551425960713014973e+00,4.491020944462196098e+02,-7.058101979078616139e+00
2.274999999999973710e+00,-1.558942923497669275e+00,-3.661829170519428800e+00,1.651229562488267391e+02,-7.254743766365961299e+00
2.279999999999973603e+00,-1.576632572543400279e+00,-3.249070498799783380e+00,1.045660014112770426e+02,-7.095636611355717882e+00
2.284999999999973497e+00,-1.591901641485599317e+00,-2.821705841198520748e+00,1.443727167348583293e+02,-6.948994012938147335e+00
2.289999999999973390e+00,-1.604480245300426100e+00,-2.325984101804910775e+00,2.124682861221256758e+02,-6.897296237596245660e+00
2.294999999999973284e+00,-1.615345280617312307e+00,-2.178255658276054163e+00,-8.758959386684911408e+01,-6.844581648745238667e+00
2.299999999999973177e+00,-1.624873813059313221e+00,-1.795951122465083039e+00,4.784815172117666293e+01,-6.656282524803497580e+00
2.304999999999973070e+00,-1.633144899645644799e+00,-1.515526655158083491e+00,8.065591026489964577e+01,-6.553971718556792503e+00
2.309999999999972964e+00,-1.640797826147190941e+00,-1.484509562051339993e+00,2.131887833714304392e+01,-6.267140003993423747e+00
2.314999999999972857e+00,-1.648069769866629342e+00,-1.400179108985223575e+00,2.640479203187084778e+01,-5.947625461261429436e+00
2.319999999999972751e+00,-1.654839030025615276e+00,-1.307473368488118570e+00,2.031264372380731942e+01,-5.814757368911054769e+00
2.324999999999972644e+00,-1.661010045893229536e+00,-1.170030695038585478e+00,5.319610346470137330e+01,-5.630720822656314795e+00
2.329999999999972538e+00,-1.667125713096804462e+00,-1.233111373349593753e+00,-1.863080330995725120e+01,-5.246820296105278558e+00
2.334999999999972431e+00,-1.673263811880463692e+00,-1.212874107850064886e+00,-2.374955757373074849e+00,-4.796648094370441484e+00
2.339999999999972324e+00,-1.679198369350754172e+00,-1.156926084503797414e+00,1.513809597675369290e+01,-4.548283614259249319e+00
2.344999999999972218e+00,-1.684855122141397432e+00,-1.052952917430521884e+00,7.831657098097957714e+01,-4.202850368158955519e+00
2.349999999999972111e+00,-1.690357771446527657e+00,-1.087733297943145327e+00,1.375964701689059844e+01,-3.883094763806635985e+00
2.354999999999972005e+00,-1.695894302321006020e+00,-1.138407736023423267e+00,-2.844789857601430683e+01,-2.906316874225798763e+00
2.359999999999971898e+00,-1.701640712074917516e+00,-1.214157546499286422e+00,-6.131219555582308089e+01,-1.855225484701359173e+00
2.364999999999971791e+00,-1.707432353021588245e+00,-1.178411081387373827e+00,-3.760209003902824776e+01,-1.088367749312191712e+00
2.369999999999971685e+00,-1.713082431633133007e+00,-1.089787627673246551e+00,4.917091815448004155e+01,-3.158399595204441912e-01
2.374999999999971578e+00,-1.718070949952055226e+00,-9.394963068810053830e-01,-1.152864560099698465e+01,3.721894614642178856e-01
2.379999999999971472e+00,-1.721936320447408741e+00,-6.668210360020239147e-01,7.921998508943138972e+01,1.095860564784455038e+00
2.384999999999971365e+00,-1.724715736680963341e+00,-4.723223445905661011e-01,2.555907071817820508e+01,1.762190820828252846e+00
2.389999999999971259e+00,-1.726430907997305253e+00,-2.522892471868295461e-01,5.608489042078933551e+01,2.866359986775813606e+00
2.394999999999971152e+00,-1.726847054726509123e+00,3.186611032608122063e-02,4.169555012032303409e+01,4.425389083253921108e+00
2.399999999999971045e+00,-1.726022972843268555e+00,2.436981413351259340e-01,9.002503947640032322e+01,7.059876490747613254e+00
2.404999999999970939e+00,-1.724868745360812916e+00,2.472225565464688801e-01,-4.446627943211328216e+01,1.017759804371231169e+01
2.409999999999970832e+00,-1.723303282976408557e+00,3.385085089109838852e-01,5.620790252496242800e+01,1.319557329945986091e+01
2.414999999999970726e+00,-1.721480036325535590e+00,3.567638826801581842e-01,-7.935248322345897520e+01,1.665808251793392003e+01
2.419999999999970619e+00,-1.719443217015735659e+00,4.357136625181353695e-01,2.497031255686521334e+01,1.870981573427400591e+01
2.424999999999970512e+00,-1.716850101886065794e+00,5.440933733670753059e-01,-3.525002979316214180e+01,2.013789666987302951e+01
2.429999999999970406e+00,-1.714123444523153683e+00,4.935115867618529717e-01,-1.629951541812169751e+02,1.902598157140129231e+01
2.434999999999970299e+00,-1.710584677624452432e+00,6.716020296498630415e-01,-5.635562698428297779e+01,1.947180922574239403e+01
2.439999999999970193e+00,-1.706589102305319905e+00,5.671245501806627676e-01,-2.602869653197695925e+02,1.801557906142796384e+01
2.444999999999970086e+00,-1.701909634170977403e+00,6.657578997064090842e-01,-3.270015919657017776e+02,1.791943835388120831e+01
2.449999999999969980e+00,-1.697377711780596599e+00,5.796036878066758158e-01,-3.841420703155681053e+02,1.762606768311639271e+01
2.454999999999969873e+00,-1.692134784898558397e+00,7.276802370685895305e-01,-3.406250999389807248e+02,1.757998737703701408e+01
2.459999999999969766e+00,-1.686920436298248616e+00,9.008913011386179281e-01,-3.644113786241397861e+02,1.741759838456722420e+01
2.464999999999969660e+00,-1.680406922120692093e+00,1.207131312905888487e+00,-3.663756997543027865e+02,1.738271887656632941e+01
2.469999999999969553e+00,-1.674838115702130592e+00,1.490800694071078958e+00,8.033077881243536922e+02,1.739040955957444723e+01
2.474999999999969447e+00,-1.668678621408490104e+00,1.551303523724989919e+00,7.074764351020185131e+02,1.682077820438367155e+01
2.479999999999969340e+00,-1.662901538603632545e+00,1.301377634975356301e+00,2.116807395513389167e+02,1.667754000006413051e+01
2.484999999999969233e+00,-1.657219703647921705e+00,1.016716364369008474e+00,-1.229563524162690982e+02,1.723251109801811154e+01
2.489999999999969127e+00,-1.651542136632226709e+00,6.391417200880105121e-01,-5.457239401117976740e+02,1.790069279974612471e+01
2.494999999999969020e+00,-1.645499074786509475e+00,8.366111604222186138e-01,-4.832080228505525952e+02,1.715630424948492916e+01
2.499999999999968914e+00,-1.638479961874402369e+00,1.305836269874054212e+00,-5.603646573357322040e+02,1.664667967677000249e+01
2.504999999999968807e+00,-1.632219781336510911e+00,1.828666016540510197e+00,1.163210174858616483e+03,1.624105731214753945e+01
2.509999999999968701e+00,-1.625918945149454453e+00,1.913729344470398663e+00,1.116596171620092036e+03,1.538970407118464934e+01
2.514999999999968594e+00,-1.619911610025433157e+00,9.952382434170294889e-01,-1.982531846850554871e+02,1.460855434315776868e+01
2.519999999999968487e+00,-1.613331140686071752e+00,7.564588158046713362e-01,-6.448331227249959738e+02,1.574779492272310577e+01
2.524999999999968381e+00,-1.605391131942489169e+00,1.497216047855063126e+00,-6.821288524715035919e+02,1.550893819194324053e+01
2.529999999999968274e+00,-1.598061107889628074e+00,2.252746759922676034e+00,1.569232070333227739e+03,1.517960353084831127e+01
2.534999999999968168e+00,-1.591533945615797307e+00,6.636143927968638501e-01,-7.942300419011331769e+02,1.372482069161594431e+01
2.539999999999968061e+00,-1.583092468163928901e+00,1.581059109736594692e+00,-7.832455981066121922e+02,1.412654721302765637e+01
2.544999999999967955e+00,-1.574951031544526536e+00,2.467001715858141431e+00,1.666731265180241508e+03,1.417178905313493154e+01
2.549999999999967848e+00,-1.567375724793516500e+00,7.925256655323236199e-01,-9.163418990114735152e+02,1.285647198621063225e+01
2.554999999999967741e+00,-1.557218580283730835e+00,1.971685824536687726e+00,-8.048486027038105703e+02,1.318660127609777888e+01
2.559999999999967635e+00,-1.547213561260022185e+00,2.872116310403015849e+00,1.720484546499223825e+03,1.313442681823451430e+01
2.564999999999967528e+00,-1.537891036679911672e+00,1.192867135072069651e+00,-8.059484184516094274e+02,1.157035229186305436e+01
2.569999999999967422e+00,-1.525687193710706158e+00,2.466112031251580738e+00,-7.050220603986234664e+02,1.143319844797749596e+01
2.574999999999967315e+00,-1.517372341620446763e+00,1.044286212571652106e+00,-9.060447105319298089e+02,1.116578056043128342e+01
2.579999999999967208e+00,-1.503714221874693058e+00,2.899402986738978782e+00,-7.564473644225248563e+02,1.074163245456658800e+01
2.584999999999967102e+00,-1.493497996493085678e+00,1.505769631235406081e+00,-8.415529681011375942e+02,9.864959251825066389e+00
2.589999999999966995e+00,-1.477815505170065880e+00,3.292765993260530877e+00,-7.150726682302901054e+02,9.411294426748810338e+00
2.594999999999966889e+00,-1.465936523931680835e+00,1.818437691402714051e+00,-8.543574970822915020e+02,8.335673138896689593e+00
2.599999999999966782e+00,-1.449333734650945837e+00,3.308554345129214536e+00,-7.078406669456185227e+02,8.402426517003100059e+00
2.604999999999966676e+00,-1.437450144649421668e+00,1.774952949188516538e+00,-8.970679699773271523e+02,7.492436790383623091e+00
2.609999999999966569e+00,-1.420924911103439658e+00,3.323198256017922070e+00,-7.820591950113797566e+02,7.099893551975547723e+00
2.614999999999966462e+00,-1.407785390386476987e+00,3.588058585613955298e+00,1.459115917733316337e+03,6.694855462208583852e+00
2.619999999999966356e+00,-1.393509147399119241e+00,2.237347502049219283e+00,-8.836398171876074912e+02,4.999431892939950828e+00
2.624999999999966249e+00,-1.379148307213541313e+00,2.749724004549348955e+00,-7.732251364501805710e+02,4.389769746452435228e+00
2.629999999999966143e+00,-1.366088321781492088e+00,3.299159353515049631e+00,1.442170420709414657e+03,3.891343998437066354e+00
2.634999999999966036e+00,-1.354392671209986077e+00,2.324429384126480702e+00,2.322748847267746157e+02,1.930914692742240035e+00
2.639999999999965929e+00,-1.343880103169208917e+00,2.119157123190741121e+00,1.044400021474009606e+02,-6.417385235859214276e-01
2.644999999999965823e+00,-1.336881618422947948e+00,9.287563943315638726e-01,2.694045333932424313e+01,-4.519898173310335387e+00
2.649999999999965716e+00,-1.334003146673696349e+00,-2.944640142783866432e-01,-1.016134069536119796e+03,-7.893931525534965132e+00
2.654999999999965610e+00,-1.333323133564662699e+00,2.496619495384804280e-02,-4.366843094980410456e+01,-9.332955331687539768e+00
2.659999999999965503e+00,-1.336351555563845883e+00,-8.350463080260136506e-01,-1.753814339289502300e+02,-9.303883965661894351e+00
2.664999999999965397e+00,-1.342794512785809857e+00,-1.577456093272586513e+00,-1.222521796615406515e+02,-9.158898556636076549e+00
2.669999999999965290e+00,-1.351982870418698246e+00,-2.027879333465377076e+00,-1.085338677896384070e+02,-9.006077854316773212e+00
2.674999999999965183e+00,-1.362441451775308066e+00,-2.141642138981530330e+00,-2.633295917696564015e+00,-8.865917806740251095e+00
2.679999999999965077e+00,-1.373440441069938789e+00,-2.197803361385866516e+00,1.114916286405995827e+01,-8.843355404323951063e+00
2.684999999999964970e+00,-1.384615076502689224e+00,-2.269162236424034251e+00,-4.181447223429352533e+01,-8.772152177655431871e+00
2.689999999999964864e+00,-1.395719576736573986e+00,-2.194961342779057301e+00,2.038137884690666368e+01,-8.738217813692845226e+00
2.694999999999964757e+00,-1.406612924213136218e+00,-2.125014407578608377e+00,7.227746023344174375e+01,-8.652882459831284123e+00
2.699999999999964650e+00,-1.417375454183363415e+00,-2.125232055623508476e+00,2.410986164573730051e+01,-8.570909414801302972e+00
2.704999999999964544e+00,-1.427428149630451282e+00,-1.925833942345157146e+00,2.194418047784049008e+01,-8.531186975833124464e+00
2.709999999999964437e+00,-1.436462538793937593e+00,-1.732199559644052256e+00,6.731614195241157006e+01,-8.583063563527096207e+00
2.714999999999964331e+00,-1.444828072647855954e+00,-1.585971723064186767e+00,7.357593633816127010e+01,-8.521672206829176588e+00
2.719999999999964224e+00,-1.452782241192105417e+00,-1.550385260579424607e+00,2.035973137504606356e+01,-8.434686013913356817e+00
2.724999999999964118e+00,-1.459908317119757104e+00,-1.333573466355092219e+00,2.235101267578717099e+01,-8.412237769818354138e+00
2.729999999999964011e+00,-1.466229543044325956e+00,-1.182973312274935518e+00,8.327676335595812418e+01,-8.435475181104246545e+00
2.734999999999963904e+00,-1.472309044340947004e+00,-1.220280522419513680e+00,-1.770968184855336247e+01,-8.325804792557315537e+00
2.739999999999963798e+00,-1.477862651231398150e+00,-1.038309575139831908e+00,2.047780856062033195e+01,-8.285693405751127116e+00
2.744999999999963691e+00,-1.483010367988795153e+00,-9.630875777385377035e-01,1.027724881255847293e+02,-8.236690201633189545e+00
2.749999999999963585e+00,-1.488320996701078869e+00,-1.086429643779003751e+00,-2.734555156367912687e+01,-8.071074899626818677e+00
2.754999999999963478e+00,-1.493583176384589040e+00,-1.026990717379170137e+00,1.186270780937712432e+00,-7.960397944004252935e+00
2.759999999999963372e+00,-1.499093876622842325e+00,-1.144756819895242028e+00,-1.070925861790077072e+01,-7.807343040500731135e+00
2.764999999999963265e+00,-1.504629130041585050e+00,-1.096291752040876588e+00,-7.899473186221723786e+00,-7.617840757717829980e+00
2.769999999999963158e+00,-1.510470682678993537e+00,-1.242706207467215940e+00,-2.720929008508558056e+01,-7.425582261607577728e+00
2.774999999999963052e+00,-1.516674066286547884e+00,-1.244603512611283103e+00,1.827553327339825451e+00,-7.127632474355046099e+00
2.779999999999962945e+00,-1.523433196531942757e+00,-1.427425897194525950e+00,-4.507806650610614696e+01,-6.864432948913138155e+00
2.784999999999962839e+00,-1.531222287127075088e+00,-1.638390623128836987e+00,-3.862802907044728329e+01,-6.363257730101576470e+00
2.789999999999962732e+00,-1.539825050627340985e+00,-1.729453636985888387e+00,2.431600833001634854e+01,-5.661668263213778474e+00
2.794999999999962625e+00,-1.549046839134785136e+00,-1.907120001262873954e+00,-3.770413216199481354e+01,-5.128293965671998578e+00
2.799999999999962519e+00,-1.558712578716155539e+00,-1.977642971503551061e+00,-7.214116805161756929e+01,-3.864963238211752028e+00
2.804999999999962412e+00,-1.569185892431942841e+00,-2.163757531195056760e+00,-2.120038600604594592e+01,-2.933293956069230379e+00
2.809999999999962306e+00,-1.581075268107231757e+00,-2.469407931601330652e+00,-8.415150871066383331e+01,-1.566795384797319057e+00
2.814999999999962199e+00,-1.593724592695926701e+00,-2.539376887221380663e+00,1.085147144958609999e+01,-6.661993087459185947e-01
2.819999999999962093e+00,-1.605630767499784950e+00,-2.280745826781466867e+00,4.139552778325045068e+01,1.254129629349165498e-02
2.824999999999961986e+00,-1.614845324267751847e+00,-1.583594588397240654e+00,9.998546124013830649e+01,1.244153010766692713e+00
2.829999999999961879e+00,-1.620991052330285731e+00,-1.028053344272052527e+00,5.775740713973395657e+01,1.148394577187129340e+00
2.834999999999961773e+00,-1.623812313167216415e+00,-2.948765113836988583e-01,1.338340934723151179e+02,1.802569600232889924e+00
2.839999999999961666e+00,-1.622730251631326892e+00,5.618650513745554465e-01,2.144209250632418389e+02,2.055127432366083529e+00
2.844999999999961560e+00,-1.619243018477811935e+00,8.300147415568692733e-01,2.513592016650715379e+02,3.031162603493473107e+00
2.849999999999961453e+00,-1.615455417290862616e+00,6.986220434076320096e-01,-2.834998967608854628e+02,4.583532319373869512e+00
2.854999999999961346e+00,-1.611345519161853979e+00,7.201721138119655530e-01,-3.359938161828897591e+02,6.210754140146055313e+00
2.859999999999961240e+00,-1.606724738527771645e+00,8.582755251517117934e-01,-3.726875277669042816e+02,8.340566300263873245e+00
2.864999999999961133e+00,-1.602317173768454506e+00,1.050184809819754150e+00,3.499115271793065176e+02,1.084858247881559556e+01
2.869999999999961027e+00,-1.596936178418273622e+00,1.642048032273235814e+00,1.133738433840544076e+03,1.316255533409401224e+01
2.874999999999960920e+00,-1.592514305556549603e+00,3.135490567473768198e-01,-7.572295502460244734e+02,1.415522437688252211e+01
2.879999999999960814e+00,-1.585453968010623882e+00,1.361258776301092155e+00,-7.290058208475230686e+02,1.501021419770157728e+01
2.884999999999960707e+00,-1.578455767694903589e+00,2.229693069430010777e+00,1.627427624447201651e+03,1.518691415132223277e+01
2.889999999999960600e+00,-1.571818801066736881e+00,6.301953294702624664e-01,-9.058976614633000963e+02,1.404189624769580824e+01
2.894999999999960494e+00,-1.562564053873235714e+00,1.758866275204371554e+00,-8.322459449183010065e+02,1.418321166330036220e+01
2.899999999999960387e+00,-1.554448687466395640e+00,2.216456999244786896e+00,1.366451775245559475e+03,1.437176721038459881e+01
2.904999999999960281e+00,-1.547524714881502783e+00,6.398568096885479672e-01,-9.816366862627497767e+02,1.408980690873654140e+01
2.909999999999960174e+00,-1.539958330994213531e+00,1.671244654796110618e+00,1.200801632105377394e+03,1.475314172509681931e+01
2.914999999999960067e+00,-1.533362650302789065e+00,-2.502133084778606839e-02,-1.006263499105899541e+03,1.372170186140798620e+01
2.919999999999959961e+00,-1.523896543838322071e+00,2.046182550970141900e+00,-9.280411788182907458e+02,1.398119313611102221e+01
2.924999999999959854e+00,-1.518740495409908853e+00,3.572374216792791324e-01,-1.094795272796840663e+03,1.340429435410341164e+01
2.929999999999959748e+00,-1.510296271344141905e+00,2.579484745034854143e+00,2.658043141529395143e+03,1.493181362408484247e+01
2.934999999999959641e+00,-1.502044293659480445e+00,9.965484130204577129e-01,-1.117110115613251082e+03,1.247589133576829390e+01
2.939999999999959535e+00,-1.493725552849852090e+00,3.438535100234586306e+00,2.844047168065155802e+03,1.392979378545633828e+01
2.944999999999959428e+00,-1.483894328939711071e+00,2.245794101440210078e+00,-8.520409366878660649e+02,1.113961769358053644e+01
2.949999999999959321e+00,-1.475816076574637314e+00,1.255161875030810448e+00,-9.485092549565812305e+02,1.150343596149467196e+01
2.954999999999959215e+00,-1.467817146414639229e+00,6.238573330841337139e-01,-8.197432157458491702e+02,1.162779906451457634e+01
2.959999999999959108e+00,-1.455230587239928708e+00,3.784798876294060310e+00,2.780824029968855484e+03,1.215455613339925200e+01
2.964999999999959002e+00,-1.441439914942707290e+00,3.218030428393744202e+00,-7.226135854213350740e+02,8.959657415603793140e+00
2.969999999999958895e+00,-1.427222135763075217e+00,2.657108209381784825e+00,-7.816195514407183964e+02,8.925609460824858843e+00
2.974999999999958789e+00,-1.412263764240494712e+00,2.062050705076324597e+00,-8.566337252228584020e+02,8.966825783326900279e+00
2.979999999999958682e+00,-1.400080775449327408e+00,1.783988977514754160e+00,-4.009921316173208083e+02,9.195750065175843702e+00
2.984999999999958575e+00,-1.383780120721944229e+00,3.548803007911017104e+00,-5.964054621907746423e+02,7.722982509769076742e+00
2.989999999999958469e+00,-1.368081172812941393e+00,2.856244287510855795e+00,-8.253134965253068458e+02,6.935823997630246929e+00
2.994999999999958362e+00,-1.353400714214101574e+00,1.871809410977109955e+00,-8.915204707063604701e+02,6.849646915225999777e+00
2.999999999999958256e+00,-1.336491183728652832e+00,4.367451591093498564e+00,2.520518423940162393e+03,6.716047560061277899e+00
3.004999999999958149e+00,-1.321774502609951218e+00,2.722361811307587143e+00,-8.291487873811151985e+02,2.216573314056017985e+00
3.009999999999958042e+00,-1.310605760080330917e+00,1.811030975457097458e+00,-6.103061645622076412e+02,1.204938384245275218e+00
3.014999999999957936e+00,-1.302902556405549861e+00,1.378057159337438220e+00,-6.996000009280952270e+01,-1.872702659306397344e+00
3.019999999999957829e+00,-1.302025728490659340e+00,-3.302162407098467312e-01,-5.266940982535443254e+02,-5.997028373254016387e+00
3.024999999999957723e+00,-1.309771177265019126e+00,-2.834899439237531737e+00,-1.050256210977506726e+03,-8.701937370748851208e+00
3.029999999999957616e+00,-1.327490992869924114e+00,-4.342497398371509831e+00,-4.166632414163876774e+02,-8.538355465353694385e+00
3.034999999999957510e+00,-1.354714062957329546e+00,-5.957236573128822599e+00,-2.321246266370662852e+02,-7.786528322071038843e+00
3.039999999999957403e+00,-1.387265543656762246e+00,-6.751928616294116559e+00,-7.633528622649819795e+01,-7.287159018192763682e+00
3.044999999999957296e+00,-1.421854393152390816e+00,-6.954955904653629339e+00,2.424447716452711745e+02,-6.779460637723858873e+00
3.049999999999957190e+00,-1.455914574475571044e+00,-6.961719112459446634e+00,-2.674539043432190510e+02,-6.691637626300066977e+00
3.054999999999957083e+00,-1.487633290336226599e+00,-6.085880151330088417e+00,1.347774641046711679e+02,-6.500704322191953821e+00
3.059999999999956977e+00,-1.516596882420574666e+00,-5.390187866779577064e+00,1.871747106367212155e+02,-6.266667044580190193e+00
3.064999999999956870e+00,-1.542014461394339397e+00,-4.842034108681103177e+00,4.149588757828645953e+02,-6.071995958030372620e+00
3.069999999999956763e+00,-1.563635470109246306e+00,-4.018246449977587176e+00,2.089001112472384705e+02,-6.198662675547268464e+00
3.074999999999956657e+00,-1.582823913054957066e+00,-3.512362635628127894e+00,1.299200736061620773e+02,-6.078451669335278140e+00
3.079999999999956550e+00,-1.598975817894113138e+00,-2.954757064427919300e+00,1.734566247172857913e+02,-5.963137107798872627e+00
3.084999999999956444e+00,-1.612367453162916631e+00,-2.644756631274586489e+00,-8.942819050543607773e+01,-6.087603766347151613e+00
3.089999999999956337e+00,-1.623565670739136380e+00,-2.070197321133924628e+00,7.870180119284508180e+01,-6.057797152132988749e+00
3.094999999999956231e+00,-1.632921748733902056e+00,-1.672271128072611468e+00,7.174110441783172121e+01,-5.966619739853453730e+00
3.099999999999956124e+00,-1.640549499517657939e+00,-1.351332620059270573e+00,1.242991861956332968e+02,-5.976688200600118961e+00
3.104999999999956017e+00,-1.646913513088270831e+00,-1.189923004893391090e+00,4.103161526101133916e+01,-5.874147487708741622e+00
3.109999999999955911e+00,-1.652067821536932879e+00,-9.443206837111044472e-01,6.444542970624605971e+01,-5.719944486588143029e+00
3.114999999999955804e+00,-1.656248549847530338e+00,-7.513573301452507458e-01,9.523100198981572362e+01,-5.686608708853719385e+00
3.119999999999955698e+00,-1.659775460119307766e+00,-6.812790431349386999e-01,4.887283162771676182e+00,-5.527443340466062338e+00
3.124999999999955591e+00,-1.662586875471573356e+00,-5.167455592104924778e-01,9.880862783543298278e-01,-5.276938906844963029e+00
3.129999999999955484e+00,-1.664972318827015130e+00,-4.218184333720136348e-01,8.858260305641012167e+01,-5.198222399724700793e+00
3.134999999999955378e+00,-1.667194410288182604e+00,-4.483374539247457768e-01,-1.756553974614589819e+01,-4.996939041924592928e+00
3.139999999999955271e+00,-1.669038875745040951e+00,-3.298280130400370602e-01,-8.778504675208406383e+00,-4.412329125580023437e+00
3.144999999999955165e+00,-1.670709671191638268e+00,-2.965088259293378048e-01,5.674200611993064314e+01,-4.170476706107236531e+00
3.149999999999955058e+00,-1.672425181516264736e+00,-3.587966641724625316e-01,-8.047480663912327969e+00,-3.608026765907649480e+00
3.154999999999954952e+00,-1.674416868979923478e+00,-4.299422218499969195e-01,-2.672293997844495195e+01,-2.331320426662811585e+00
3.159999999999954845e+00,-1.676972763046110426e+00,-5.392872883416789387e-01,2.396758541921371943e+01,-1.857255990404555135e+00
3.164999999999954738e+00,-1.680224043194634920e+00,-7.066960880800982059e-01,-3.164923260747340805e+01,-1.254674812711869203e+00
3.169999999999954632e+00,-1.683568540635095756e+00,-6.408054885786540478e-01,3.469750763027598328e+00,-1.979175221955134512e-01
3.174999999999954525e+00,-1.686545779276454216e+00,-5.569934180246398636e-01,2.635423742450353757e+01,5.171988284251372026e-02
3.179999999999954419e+00,-1.688829502775906821e+00,-4.006781588480116674e-01,1.962157250254710661e+01,5.778736875072056911e-01
3.184999999999954312e+00,-1.690087785219154259e+00,-1.554943419414418770e-01,4.999949277416108373e+01,1.295706552311421955e+00
3.189999999999954206e+00,-1.690220816144822225e+00,6.112581710159697979e-02,4.765454120034782193e+01,1.590732310165520191e+00
3.194999999999954099e+00,-1.688985968404637550e+00,3.635160175805293714e-01,5.030756119797942461e+01,2.095789965420812528e+00
3.199999999999953992e+00,-1.686046132251393992e+00,6.944294624833678986e-01,1.176022880371903341e+02,3.636906006215392395e+00
3.204999999999953886e+00,-1.682676531865419989e+00,6.595350834801252393e-01,-1.051062366580746357e+02,4.940098469775783485e+00
3.209999999999953779e+00,-1.678771423728999013e+00,8.313956182578331466e-01,1.106498407606289192e+02,6.876924754694167419e+00
3.214999999999953673e+00,-1.674641849558258455e+00,8.109937429339275639e-01,-1.153195906276983607e+02,9.002139873149427984e+00
3.219999999999953566e+00,-1.670432780329194955e+00,8.806277301173360827e-01,1.889555265650583138e+01,1.118185207058925457e+01
3.224999999999953459e+00,-1.665586318521600662e+00,9.639386605984840983e-01,-2.376917975482248835e+02,1.370137248083508830e+01
3.229999999999953353e+00,-1.660676470447653097e+00,9.760799833055715524e-01,-1.860152925990784070e+02,1.550047118785724187e+01
3.234999999999953246e+00,-1.655475380674422681e+00,1.064486908595147385e+00,-2.907827706550064590e+02,1.636460645874889508e+01
3.239999999999953140e+00,-1.650539462561340098e+00,1.222317629509443782e+00,5.620898744701607939e+02,1.698068567030991005e+01
3.244999999999953033e+00,-1.644771092343331187e+00,1.514174304415802252e+00,8.568995542130974172e+02,1.654602586584980628e+01
3.249999999999952927e+00,-1.640059636020034572e+00,8.117916709532049246e-01,-9.702289053728054569e+01,1.630805468633096567e+01
3.254999999999952820e+00,-1.635600695655052839e+00,5.128955011782323492e-01,-3.788785077674138506e+02,1.743948337009950222e+01
3.259999999999952713e+00,-1.629946709049160392e+00,6.269879300585546877e-01,-6.103766671959930363e+02,1.705140319373087721e+01
3.264999999999952607e+00,-1.623950708384078068e+00,1.071877716356625987e+00,-5.281098703162273296e+02,1.619401870273095057e+01
3.269999999999952500e+00,-1.619143983391367003e+00,1.529019920949332256e+00,1.231768500786524328e+03,1.646178693191735221e+01
3.274999999999952394e+00,-1.615582612631309978e+00,1.397443901928938081e-01,-7.099113321817218321e+02,1.613478840204170339e+01
3.279999999999952287e+00,-1.610774498728319681e+00,8.571191550516947810e-01,-6.707388191531413213e+02,1.626545028518059866e+01
3.284999999999952180e+00,-1.606578417347594989e+00,1.537256490032678613e+00,1.391101622999874962e+03,1.655864860652332382e+01
3.289999999999952074e+00,-1.603171168661487567e+00,5.866554794767932235e-02,-8.022350119267599666e+02,1.601876295149518015e+01
3.294999999999951967e+00,-1.597754698048965416e+00,1.024148220018326505e+00,-7.232304809335550999e+02,1.627254278346501337e+01
3.299999999999951861e+00,-1.592530983264407896e+00,1.913275406778894849e+00,1.628381748718094059e+03,1.656992275139803539e+01
3.304999999999951754e+00,-1.587478029267587409e+00,3.561782529606841163e-01,-8.847141056387931712e+02,1.552719762437991413e+01
3.309999999999951648e+00,-1.580247116441863886e+00,1.302474342936348339e+00,-6.773951902099202016e+02,1.588523093524380236e+01
3.314999999999951541e+00,-1.574436494917769158e+00,2.016630371485077955e+00,1.684850124245683446e+03,1.644437051858561460e+01
3.319999999999951434e+00,-1.568855000071642802e+00,4.434846470563515441e-01,-9.202022431263685576e+02,1.577081185381756967e+01
3.324999999999951328e+00,-1.562643868420148463e+00,1.951358834762258798e+00,2.283117376758183582e+03,1.691045727542727661e+01
3.329999999999951221e+00,-1.557865346214242441e+00,2.445923692725344156e-01,-1.057920033064810013e+03,1.528987363584437453e+01
3.334999999999951115e+00,-1.551020583330125380e+00,2.123904680312372673e+00,2.400475296646354309e+03,1.648911797634612597e+01
3.339999999999951008e+00,-1.544876709235082579e+00,5.775301264822796377e-01,-1.066186592615464406e+03,1.465661618474769057e+01
3.344999999999950901e+00,-1.538750229905316846e+00,2.896095112677307348e+00,2.615308045307421708e+03,1.595980852598418842e+01
3.349999999999950795e+00,-1.530946338734020973e+00,1.824428190479672196e+00,-7.756360478323709913e+02,1.282329339417472980e+01
3.354999999999950688e+00,-1.524752472774760115e+00,9.178668726537547728e-01,-8.417147049766660984e+02,1.352440208629738549e+01
3.359999999999950582e+00,-1.512404547118167075e+00,3.541792916825951210e+00,2.615195628026982376e+03,1.395306834377742788e+01
3.364999999999950475e+00,-1.499863522417723471e+00,2.803392757262053170e+00,-7.181876066771857268e+02,1.039300490867427129e+01
3.369999999999950369e+00,-1.488091395557679553e+00,2.092528300434146615e+00,-8.122044168292372888e+02,1.052065283479089786e+01
3.374999999999950262e+00,-1.475963649668459610e+00,1.550324518802915774e+00,-8.097332211715892072e+02,1.112305287397946962e+01
3.379999999999950155e+00,-1.462306308408633626e+00,1.665223207532833483e+00,-2.012363063695409835e+02,1.111418540703112967e+01
3.384999999999950049e+00,-1.448291161947018679e+00,3.296902742081217141e+00,-6.251324715741426417e+02,9.199060812378252905e+00
3.389999999999949942e+00,-1.434543371934703826e+00,2.445137620819474833e+00,-8.148966595920646796e+02,8.415900541768541743e+00
3.394999999999949836e+00,-1.422230400891909108e+00,1.369841662842633312e+00,-9.159606717324020337e+02,8.542247710869641963e+00
3.399999999999949729e+00,-1.407395302065897136e+00,3.965209400768821002e+00,2.480436548151230454e+03,8.857314910939614094e+00
3.404999999999949623e+00,-1.393444620550802204e+00,2.882264267917127309e+00,-7.112121903370898508e+02,4.650521837654030932e+00
3.409999999999949516e+00,-1.382292972587344959e+00,1.838447782334373226e+00,-4.753117250854366489e+02,2.779282011897969085e+00
3.414999999999949409e+00,-1.373603094567001470e+00,1.850620329161463795e+00,3.400400226295589050e+02,1.692351931287571221e-01
3.419999999999949303e+00,-1.370931370145810124e+00,5.117591412690636332e-01,-1.469111382401579533e+02,-4.483331140113133273e+00
3.424999999999949196e+00,-1.370083516246686006e+00,-9.364521022477534373e-02,-1.006339887066038585e+02,-8.619782116390885207e+00
3.429999999999949090e+00,-1.376892405181995294e+00,-1.889087719914950725e+00,-4.108724572015236731e+02,-8.741226103367912614e+00
3.434999999999948983e+00,-1.390736338044651577e+00,-3.263380085277776121e+00,-1.557048035973822095e+02,-8.252354859468885806e+00
3.439999999999948876e+00,-1.409548760840029002e+00,-4.094691294847315532e+00,-1.227561364514402271e+02,-7.988969246682159131e+00
3.444999999999948770e+00,-1.431120137438002926e+00,-4.584531776968218786e+00,-1.812327352362275406e+02,-7.809522768259267167e+00
3.449999999999948663e+00,-1.453577569449575835e+00,-4.484923673896579643e+00,-5.885351389884473861e+01,-7.668985452942525427e+00
3.454999999999948557e+00,-1.475913305086282712e+00,-4.391148424489867530e+00,-3.218737161554946624e+01,-7.500975274762730294e+00
3.459999999999948450e+00,-1.497374368274180911e+00,-4.143871708736767800e+00,4.373460510275875635e+01,-7.315502166106814030e+00
3.464999999999948344e+00,-1.517521664647103696e+00,-3.879139811524473291e+00,9.434673954037442911e+01,-7.180008088613087480e+00
3.469999999999948237e+00,-1.535734178451272358e+00,-3.481203572566936799e+00,1.831570165320634942e+02,-6.944347156127224530e+00
3.474999999999948130e+00,-1.551847858858224738e+00,-3.200679866435701904e+00,-1.151192897059275566e+02,-7.056278986645943441e+00
3.479999999999948024e+00,-1.566178850069818163e+00,-2.725198504882262895e+00,8.251652713497767877e+01,-6.936177404025920978e+00
3.484999999999947917e+00,-1.579330507688963880e+00,-2.485311716321332742e+00,7.556411720975410162e+01,-6.779461336890217460e+00
3.489999999999947811e+00,-1.590837927270674745e+00,-2.127941968311939380e+00,7.771048391353843954e+01,-6.647195476406824177e+00
3.494999999999947704e+00,-1.600824137256498414e+00,-1.847034073290032774e+00,1.377834342983482543e+02,-6.602972690982841009e+00
3.499999999999947597e+00,-1.609721076687228747e+00,-1.735810973166072468e+00,4.929271329316414096e+01,-6.446546450811023732e+00
3.504999999999947491e+00,-1.617461141530513125e+00,-1.455590944464046244e+00,4.503771209781780271e+01,-6.296051190935027186e+00
3.509999999999947384e+00,-1.624260173003667207e+00,-1.270100495976984156e+00,1.156852349567232920e+02,-6.266503718762992392e+00
3.514999999999947278e+00,-1.630445746303745169e+00,-1.207627625486303868e+00,4.221964980534629319e+01,-6.074581411430359346e+00
3.519999999999947171e+00,-1.635877694976461072e+00,-1.034494120513562931e+00,2.091522253541733889e+01,-5.918037568805799786e+00
3.524999999999947065e+00,-1.640778367306924945e+00,-9.155477278815604691e-01,8.870791243131299098e+01,-5.785267258166586934e+00
3.529999999999946958e+00,-1.645318724972202107e+00,-9.034158182262983505e-01,2.769092879442208055e+00,-5.600180225659359579e+00
3.534999999999946851e+00,-1.649408880926106047e+00,-8.053819071086575354e-01,-1.453273655118677610e+01,-5.353697317100124309e+00
3.539999999999946745e+00,-1.653175019340276108e+00,-7.027296530723891044e-01,6.874154613450696161e+01,-5.148175940656870786e+00
3.544999999999946638e+00,-1.656647866197975105e+00,-7.124792699090941595e-01,-2.019163700908431025e+01,-4.981090846217703039e+00
3.549999999999946532e+00,-1.659772569551711152e+00,-5.998861376087814001e-01,4.675198480846441740e+00,-4.192195060721489952e+00
3.554999999999946425e+00,-1.662791893789281383e+00,-5.842317763069736491e-01,6.520509694807130074e+01,-3.587457470173567309e+00
3.559999999999946318e+00,-1.666027073363747890e+00,-6.686894849102553717e-01,3.016848831877371850e+00,-2.968889009580612637e+00
3.564999999999946212e+00,-1.669668171009810909e+00,-7.899174001332244233e-01,-6.744131600690181472e+01,-1.843539027116802842e+00
3.569999999999946105e+00,-1.673929389898129116e+00,-8.714987380079277646e-01,1.636308860186147029e+01,-1.439521475462265165e+00
3.574999999999945999e+00,-1.678639374620809699e+00,-9.539355056832837798e-01,-7.621020068344816600e+00,-7.652997239488230630e-01
3.579999999999945892e+00,-1.682993306632625474e+00,-7.935325339666433608e-01,3.160452584179131108e+01,1.001960596893476385e-01
3.584999999999945786e+00,-1.686537919199474711e+00,-6.358642354428055699e-01,4.629433640289765606e+01,3.348648486193483431e-01
3.589999999999945679e+00,-1.689249684354661607e+00,-4.654960730574041472e-01,5.650555557621805036e+01,4.945093095352049439e-01
3.594999999999945572e+00,-1.690850754972959225e+00,-2.414387520391753361e-01,1.039357340837611332e+01,1.473729385911376255e+00
3.599999999999945466e+00,-1.691252698652970565e+00,1.039488213968806085e-02,4.146825268971491596e+01,1.595884978982164970e+00
3.604999999999945359e+00,-1.690332609922589491e+00,3.155465572932938390e-01,8.474942638430054842e+01,2.582955319073623635e+00
3.609999999999945253e+00,-1.687724892305841218e+00,6.211197679372078007e-01,9.684244677007944802e+01,3.834388106384698069e+00
3.614999999999945146e+00,-1.684635137864228138e+00,6.184038107217857405e-01,-8.843285710093917373e+01,5.387074797989530595e+00
3.619999999999945040e+00,-1.680907229794478264e+00,8.301259156001413730e-01,1.517544435889023760e+02,7.310380033583819603e+00
3.624999999999944933e+00,-1.676989340637351500e+00,7.753504359280026792e-01,-9.371747807925829932e+01,9.938672897136148876e+00
3.629999999999944826e+00,-1.672903354036804346e+00,8.774711595794593144e-01,8.819386958353473460e+01,1.220759811345184787e+01
3.634999999999944720e+00,-1.668291080443404129e+00,8.925181066906127114e-01,-2.129927854917841330e+02,1.475761280680483445e+01
3.639999999999944613e+00,-1.663272445716815318e+00,1.083159882979825905e+00,-2.486086487472314843e+02,1.606853995851294670e+01
3.644999999999944507e+00,-1.658433102401929204e+00,1.226600030305672773e+00,5.787283728514084942e+02,1.726752429590569804e+01
3.649999999999944400e+00,-1.652903971207685396e+00,1.369352597987354647e+00,6.943973727985769528e+02,1.686460030183883063e+01
3.654999999999944293e+00,-1.648005942038847538e+00,1.375357258561518581e+00,5.550872771350399262e+02,1.723770136218790938e+01
3.659999999999944187e+00,-1.643654084502534030e+00,6.224485134106334527e-01,-2.133261670835883024e+02,1.715518735139580286e+01
3.664999999999944080e+00,-1.639135395126289918e+00,4.272022896844582251e-01,-5.884277007662934693e+02,1.764097656526866942e+01
3.669999999999943974e+00,-1.634500955036873204e+00,7.457703091561427300e-01,-5.380631589160956310e+02,1.668979251502544514e+01
3.674999999999943867e+00,-1.629986966199439280e+00,9.827483513697170547e-01,-5.530200134234250982e+02,1.646972206555043172e+01
3.679999999999943761e+00,-1.625606372727699034e+00,1.395822935646833240e+00,1.143325988909403350e+03,1.697330161078199140e+01
3.684999999999943654e+00,-1.622616312642359837e+00,7.935731935583946461e-02,-5.928763077226607265e+02,1.674059096645582656e+01
3.689999999999943547e+00,-1.619061819524946877e+00,4.787893430525013150e-01,-6.041136595285855719e+02,1.731866138194055793e+01
3.694999999999943441e+00,-1.613213016054655613e+00,1.048947445847543625e+00,-5.859359308458133455e+02,1.636480191585446775e+01
3.699999999999943334e+00,-1.608562856418461973e+00,1.582588351642314484e+00,1.400805883708562078e+03,1.698570705725405716e+01
3.704999999999943228e+00,-1.605054164475839151e+00,7.288870359140013633e-02,-7.732582514649909626e+02,1.675005968134967205e+01
3.709999999999943121e+00,-1.599708697239810240e+00,9.987113350870640005e-01,-6.860328867626342344e+02,1.658355471015835647e+01
3.714999999999943014e+00,-1.594729495388449658e+00,1.839814939872415955e+00,1.674825848942731909e+03,1.696307268327095130e+01
3.719999999999942908e+00,-1.590253161109357549e+00,2.388076777689106256e-01,-8.287977317645346602e+02,1.635746966404697389e+01
3.724999999999942801e+00,-1.585520949818191916e+00,1.406009682505693359e+00,1.814747154530980652e+03,1.768976248353818903e+01
3.729999999999942695e+00,-1.583434523860699938e+00,-2.350357786725429388e-01,-8.950706828603686063e+02,1.647117261994803883e+01
3.734999999999942588e+00,-1.576947954378020045e+00,1.362308703841180746e+00,-8.038049877906114489e+02,1.664998075402608535e+01
3.739999999999942482e+00,-1.575299135789526739e+00,-3.164735779053662323e-01,-9.744345244108438919e+02,1.660641605986599956e+01
3.744999999999942375e+00,-1.567948605303025378e+00,1.596363388555429141e+00,-9.113626323142227648e+02,1.662135164256081410e+01
3.749999999999942268e+00,-1.564770368895192609e+00,-2.970987316471501022e-02,-1.069224731868024264e+03,1.613878827167989627e+01
3.754999999999942162e+00,-1.558303393264945491e+00,2.223312772078551269e+00,2.658526409203314415e+03,1.761262117076755018e+01
3.759999999999942055e+00,-1.554248595313368009e+00,1.060410499538854578e+00,-9.067665739446892985e+02,1.491517447881709835e+01
3.764999999999941949e+00,-1.548218559853148601e+00,1.716188818321908172e-01,-8.943411827211464242e+02,1.534346502753986918e+01
3.769999999999941842e+00,-1.538623448309706765e+00,3.112335466979661902e+00,2.769986689234026016e+03,1.581027358371916769e+01
3.774999999999941735e+00,-1.528236327430939401e+00,2.579311946997044913e+00,-6.768295308971777331e+02,1.278567398106566522e+01
3.779999999999941629e+00,-1.517096109221826694e+00,2.047335042805542127e+00,-8.170767204458728656e+02,1.284267563889867603e+01
3.784999999999941522e+00,-1.505875826081983337e+00,1.366674905011635133e+00,-7.857339735307995170e+02,1.275355596273852754e+01
3.789999999999941416e+00,-1.492793022114424328e+00,1.194166440940030993e+00,-6.484628518969454944e+02,1.298312172347534954e+01
3.794999999999941309e+00,-1.477480838193759194e+00,4.345731528932825327e+00,2.664410720500354728e+03,1.232630878649514372e+01
3.799999999999941203e+00,-1.462922917613218132e+00,3.982395166484773874e+00,2.409146824579378062e+03,1.045694469005174199e+01
3.804999999999941096e+00,-1.447235412584345848e+00,3.636725321123154497e+00,-5.849971247486352013e+02,8.354658229840300265e+00
3.809999999999940989e+00,-1.434390909862538477e+00,2.938434377461081937e+00,-7.046190078524294904e+02,8.092344292153935470e+00
3.814999999999940883e+00,-1.422029079733515111e+00,2.193905313673999657e+00,-7.821059259402709358e+02,7.598806637123036722e+00
3.819999999999940776e+00,-1.408583081549888538e+00,3.982238234514612341e+00,2.077805083198980810e+03,6.826565597567546106e+00
3.824999999999940670e+00,-1.396377643798085710e+00,1.783675571815917849e+00,-4.733497463894706812e+02,2.924963714058713027e+00
3.829999999999940563e+00,-1.387549118950311300e+00,1.646386771476203492e+00,-7.594246569791864943e+01,-1.824071163002916052e-01
3.834999999999940457e+00,-1.386116750565585143e+00,-9.454555124300902114e-02,-4.077253511753621069e+02,-5.625099205194443286e+00
3.839999999999940350e+00,-1.392702542375748642e+00,-2.644095382332741107e+00,-1.128832341542639142e+03,-8.126456428866090320e+00
3.844999999999940243e+00,-1.405526932747702906e+00,-2.843148045501225241e+00,-1.471409754192171135e+02,-8.012947826028133491e+00
3.849999999999940137e+00,-1.424747904674060539e+00,-4.385414186213705712e+00,-3.202431333318699558e+02,-7.405921645004957199e+00
3.854999999999940030e+00,-1.449397730517758776e+00,-5.271727607136719840e+00,-3.182288981926491900e+01,-6.652532552061251714e+00
3.859999999999939924e+00,-1.476435299782343780e+00,-5.698899157380651559e+00,-3.313529259973228136e+02,-6.581339433777439574e+00
3.864999999999939817e+00,-1.503721694379888341e+00,-5.378405427569072472e+00,7.710666087871017282e+01,-6.403793546170870599e+00
3.869999999999939710e+00,-1.530167472059090761e+00,-5.123061923352337566e+00,-5.972675096734546329e+00,-6.228921074865123586e+00
3.874999999999939604e+00,-1.554809461938045700e+00,-4.675112435853987058e+00,1.563572371924892650e+02,-6.039113908304427625e+00
3.879999999999939497e+00,-1.577117510660084765e+00,-4.246945902905783221e+00,7.934329747801801602e+01,-5.932445004958017520e+00
3.884999999999939391e+00,-1.596844926600565984e+00,-3.955678789470589152e+00,-1.379244183688354610e+02,-5.898784128583164588e+00
3.889999999999939284e+00,-1.614003602391441028e+00,-3.222086645342339128e+00,3.983427075450690324e+01,-5.846667018036787233e+00
3.894999999999939178e+00,-1.628947372779652403e+00,-2.766848340867301470e+00,1.221921468689011618e+02,-5.808218332398905837e+00
3.899999999999939071e+00,-1.641822126457090247e+00,-2.429321630594587056e+00,1.595946877213853554e+02,-5.660591832265131629e+00
3.904999999999938964e+00,-1.652651192607701436e+00,-2.148017920838633188e+00,-5.306303054947934328e+01,-5.741517497390205449e+00
3.909999999999938858e+00,-1.661847341026402747e+00,-1.695404146467323958e+00,2.037606262618448838e+01,-5.663890816458677868e+00
3.914999999999938751e+00,-1.669757851181939978e+00,-1.448495936219408087e+00,6.701347009152158307e+01,-5.597165674325832896e+00
3.919999999999938645e+00,-1.676741465784403973e+00,-1.317972616101029670e+00,3.388129447195856869e+01,-5.467705174084678710e+00
3.924999999999938538e+00,-1.682876026211303389e+00,-1.149153168905046041e+00,4.244420793274323955e+01,-5.238665142216516024e+00
3.929999999999938431e+00,-1.688246562924520022e+00,-1.008846944396244449e+00,8.560143234455644290e+01,-5.162104930241969925e+00
3.934999999999938325e+00,-1.692798408447110825e+00,-8.360667145911676590e-01,7.163826892792022250e+01,-4.943970755347349311e+00
3.939999999999938218e+00,-1.696517251667514437e+00,-6.727243280258227154e-01,5.459282188733165242e+01,-4.921907349380438390e+00
3.944999999999938112e+00,-1.699605024037399881e+00,-5.593582167405716232e-01,7.631922909057180959e+01,-4.823667311993982132e+00
3.949999999999938005e+00,-1.702203025149974458e+00,-5.046958882168316451e-01,1.684773370160239381e+01,-4.614825616434669264e+00
3.954999999999937899e+00,-1.704273567219858565e+00,-3.806574436899080038e-01,2.052944911569083786e+01,-4.276932035195537551e+00
3.959999999999937792e+00,-1.705879583793735055e+00,-2.729103494037657951e-01,5.180187910462282730e+01,-4.187438779662329580e+00
3.964999999999937685e+00,-1.707055531996400699e+00,-2.137175009248341584e-01,1.434591971370813113e+01,-4.000846704529322118e+00
3.969999999999937579e+00,-1.707841432626387768e+00,-1.457362899900914444e-01,-2.772155262454302438e+00,-3.428355378692935940e+00
3.974999999999937472e+00,-1.708386890944944003e+00,-8.520569865083409133e-02,4.773379720629630185e+01,-2.656856498108749243e+00
3.979999999999937366e+00,-1.708915472553498738e+00,-1.258000805428197977e-01,-1.975110328208300103e+01,-1.952360154768634226e+00
3.984999999999937259e+00,-1.709617894936257043e+00,-1.638556841269899478e-01,-3.147212983493223959e+01,-6.664450808380162350e-01
3.989999999999937152e+00,-1.710393390789979984e+00,-1.326921038397324837e-01,3.652632137635403353e+01,-4.963344178700140330e-01
3.994999999999937046e+00,-1.710943635793189754e+00,-6.985201310640237748e-02,3.186342193640380671e+01,6.697126492650874729e-02
3.999999999999936939e+00,-1.710880018574059802e+00,6.160027520715515015e-02,1.431018635186417143e+00,6.418922951189536263e-01
4.004999999999936833e+00,-1.710171687751371072e+00,1.889523676413943643e-01,1.974355984443504397e+01,1.124671183712721012e+00
4.009999999999936726e+00,-1.708822591611796282e+00,3.176432255597612109e-01,1.725887562619914206e+01,1.309014020950367563e+00
4.014999999999936620e+00,-1.706725089311659893e+00,4.792611530150062693e-01,1.905748466035568356e+01,2.624262237409136667e+00
4.019999999999936513e+00,-1.703548257957191892e+00,7.330334555293611665e-01,4.219016406564969657e+01,3.341871095436788508e+00
4.024999999999936406e+00,-1.699773127428463981e+00,7.602469077317255408e-01,-3.523377784327984585e+01,4.910792025428167840e+00
4.029999999999936300e+00,-1.695633102815795379e+00,8.399107409076456143e-01,2.039687022537142269e+01,6.916750852543917638e+00
4.034999999999936193e+00,-1.691215616120641529e+00,8.663113132278366102e-01,-8.216836392169605574e+01,9.510985314017560199e+00
4.039999999999936087e+00,-1.686611168626391599e+00,9.577775445419650646e-01,2.682855537617483321e+01,1.199692774969877540e+01
4.044999999999935980e+00,-1.681582297993750696e+00,1.005060540152713511e+00,-8.457654117715486564e+01,1.477597310213311133e+01
4.049999999999935874e+00,-1.676220744152705944e+00,1.099855753668212754e+00,-1.415076605935545331e+02,1.639059716551571455e+01
4.054999999999935767e+00,-1.671053093237397036e+00,1.091614451149959253e+00,1.829442171186639712e+02,1.739187596798948832e+01
4.059999999999935660e+00,-1.665974219535267808e+00,1.021995792381546808e+00,1.099720250586253201e+02,1.695895560323651807e+01
4.064999999999935554e+00,-1.660867945889368924e+00,9.948644406458925227e-01,-2.281437553392549376e+02,1.710244955252756682e+01
4.069999999999935447e+00,-1.656114405353911634e+00,9.372956197375774678e-01,-6.618938257016166915e+01,1.672660373286733204e+01
4.074999999999935341e+00,-1.651419744828098723e+00,9.458919733228673410e-01,-3.091985170776799237e+02,1.683669100739452773e+01
4.079999999999935234e+00,-1.647390832544804784e+00,9.619570776105387244e-01,4.554379771833376935e+02,1.675048026810386048e+01
4.084999999999935127e+00,-1.643124414182571602e+00,1.140479307785553065e+00,7.093550701474716789e+02,1.692164619397040681e+01
4.089999999999935021e+00,-1.639158328711794343e+00,1.290367391372569283e+00,7.003064640349838328e+02,1.659523675456773617e+01
4.094999999999934914e+00,-1.635802936427205756e+00,2.036581064300728161e-01,-5.295875734253384053e+02,1.679115942873102441e+01
4.099999999999934808e+00,-1.632541724755522949e+00,3.717030164186349572e-01,-4.328511412366059972e+02,1.684089397671507271e+01
4.104999999999934701e+00,-1.628467010203006993e+00,7.050631423458149083e-01,-4.712337043353325043e+02,1.718323597780608480e+01
4.109999999999934595e+00,-1.625565934088336828e+00,1.043596904527399838e+00,1.039101581776364128e+03,1.719161745850945167e+01
4.114999999999934488e+00,-1.622432508990210742e+00,1.360089772482255155e+00,1.013428525337005567e+03,1.681487666215702248e+01
4.119999999999934381e+00,-1.619419132379906534e+00,5.836619563243436448e-02,-6.622784112613678644e+02,1.671861467250913691e+01
4.124999999999934275e+00,-1.615594742463528632e+00,6.533686706115910958e-01,-5.894718670896809272e+02,1.688583914031976363e+01
4.129999999999934168e+00,-1.612405860889960296e+00,1.234191515419359009e+00,1.247023854085596440e+03,1.715862152690765186e+01
4.134999999999934062e+00,-1.610153127595847833e+00,-1.352821994620269641e-01,-7.294386514538869051e+02,1.698112586182756445e+01
4.139999999999933955e+00,-1.605927996651563827e+00,8.215997493730990975e-01,-6.018913956386570590e+02,1.713950101782656432e+01
4.144999999999933848e+00,-1.601939796661505655e+00,1.558947773007484772e+00,1.499547044226089383e+03,1.739813246365748256e+01
4.149999999999933742e+00,-1.598307504219154795e+00,2.014290122133817751e-01,-7.281463210632139180e+02,1.699467471594786971e+01
4.154999999999933635e+00,-1.593540788663882601e+00,1.562951502441288776e+00,1.823075074580958017e+03,1.749742477388235073e+01
4.159999999999933529e+00,-1.588615668206262210e+00,6.314206294798754282e-01,-6.638163450162044228e+02,1.594923594136389866e+01
4.164999999999933422e+00,-1.580500791886578105e+00,2.326019799234572805e+00,1.879798278022250088e+03,1.649888563788980278e+01
4.169999999999933316e+00,-1.571173907172114692e+00,1.585426130681559798e+00,-6.332090680487881400e+02,1.469153745312636516e+01
4.174999999999933209e+00,-1.562919602592292900e+00,8.592323330684579208e-01,-6.745114274440702502e+02,1.492055455634984895e+01
4.179999999999933102e+00,-1.552326657578404268e+00,2.870972837280204359e+00,1.824883938862167952e+03,1.509486912268605430e+01
4.184999999999932996e+00,-1.541929116655370802e+00,2.371854769278754826e+00,-6.039776606409249098e+02,1.330047988894928679e+01
4.189999999999932889e+00,-1.531676896520147713e+00,1.822381679141948263e+00,-6.284250730588033775e+02,1.328497960314883031e+01
4.194999999999932783e+00,-1.521299078752286649e+00,1.386801791902884107e+00,-5.782921720707744271e+02,1.344100191199866501e+01
4.199999999999932676e+00,-1.507595229241430967e+00,3.658092835514845209e+00,2.083961055690329431e+03,1.346103017323489404e+01
4.204999999999932569e+00,-1.493475499094808479e+00,3.114009160923867814e+00,-6.134176276083171615e+02,1.061560052516298214e+01
4.209999999999932463e+00,-1.479484269240911365e+00,2.559084570050721208e+00,-6.649842627854446846e+02,1.029140455481567429e+01
4.214999999999932356e+00,-1.467495354250340389e+00,1.593065987157226138e+00,-6.470744406800153001e+02,1.087533673033013315e+01
4.219999999999932250e+00,-1.452295335521249342e+00,4.005093073294989203e+00,2.153003175878514412e+03,1.112447376469296323e+01
4.224999999999932143e+00,-1.439353590924735471e+00,3.363858615774347083e+00,2.011952947031044914e+03,9.555892822424542743e+00
4.229999999999932037e+00,-1.427345270406061628e+00,2.563554782626550121e+00,-6.600797446123394820e+02,7.944571807685974818e+00
4.234999999999931930e+00,-1.415039420490253441e+00,1.635124714901404541e+00,-6.271360613512488271e+02,6.776206348665494872e+00
4.239999999999931823e+00,-1.402451235820297626e+00,2.473365007086449463e+00,-5.677871903083006373e+02,3.980087990206901072e+00
4.244999999999931717e+00,-1.393088043225307882e+00,1.943953656975048849e+00,3.442166277635238316e+02,1.296466336808621778e+00
4.249999999999931610e+00,-1.390154718875282525e+00,4.716304406041026964e-01,-6.685764170369142789e+01,-3.934239913065064709e+00
4.254999999999931504e+00,-1.392000180968856249e+00,-1.025831989642070230e+00,-3.358461310834215396e+02,-7.178046509320810564e+00
4.259999999999931397e+00,-1.403454011442184735e+00,-2.758965383543206862e+00,-2.809330073829724483e+02,-7.190988585169450609e+00
4.264999999999931291e+00,-1.419692267495383131e+00,-3.469964513409877327e+00,-4.820386952211296006e+01,-6.735961456664544933e+00
4.269999999999931184e+00,-1.439761476630964321e+00,-4.498405587882918333e+00,-3.705834386419218731e+02,-6.517099516468803699e+00
4.274999999999931077e+00,-1.463224954541139544e+00,-4.860723024773868417e+00,-3.826152172287804376e+01,-6.053554186276759452e+00
4.279999999999930971e+00,-1.488364593675851832e+00,-5.050803742846254885e+00,-6.740661137602904773e+01,-5.890741226865248592e+00
4.284999999999930864e+00,-1.513685535870987531e+00,-4.959461177420686262e+00,1.170914040802905589e+02,-5.570957993879540382e+00
4.289999999999930758e+00,-1.538159554694318309e+00,-4.754049559453014773e+00,6.225667969915712519e+01,-5.485877228288880580e+00
4.294999999999930651e+00,-1.561038227175612469e+00,-4.425591916850692975e+00,2.982752793607052695e+02,-5.200755683797815720e+00
4.299999999999930544e+00,-1.582022303213033831e+00,-4.204633214839202715e+00,-1.776659082873051148e+02,-5.306112305317819633e+00
4.304999999999930438e+00,-1.600677924418799192e+00,-3.505930642707889344e+00,1.598265687984093688e+02,-5.176291999830869628e+00
4.309999999999930331e+00,-1.617572714905660902e+00,-3.157130311395847322e+00,5.747461117265706321e+01,-5.167305448054667849e+00
4.314999999999930225e+00,-1.632437529506395091e+00,-2.817229506682356277e+00,2.632385354354370861e+02,-4.939687587848359485e+00
4.319999999999930118e+00,-1.645413356225781110e+00,-2.440667884678083155e+00,3.530369884670568581e+01,-5.038276396419171022e+00
4.324999999999930012e+00,-1.656884074015239516e+00,-2.105764051097613887e+00,1.171264668435375285e+02,-4.923652410667735957e+00
4.329999999999929905e+00,-1.666949190203808717e+00,-1.847884116194030035e+00,4.640631179405588114e+01,-4.912098325475762195e+00
4.334999999999929798e+00,-1.675582856834070267e+00,-1.592014222969343029e+00,1.307664864944643739e+02,-4.807371433277339179e+00
4.339999999999929692e+00,-1.683009929261290116e+00,-1.404482101068231348e+00,4.969929942350046304e+01,-4.781649465993274006e+00
4.344999999999929585e+00,-1.689401769241728690e+00,-1.218853653934534043e+00,3.441927633307266632e+01,-4.699861773778136964e+00
4.349999999999929479e+00,-1.694787096095850210e+00,-1.018533963238569262e+00,-3.552047510180990297e+00,-4.684086685637478098e+00
4.354999999999929372e+00,-1.699483075316628344e+00,-8.494559424121812530e-01,5.301542044815821697e+01,-4.533458867901332567e+00
4.359999999999929265e+00,-1.703411543781550241e+00,-7.013921304525553291e-01,4.884824603579616564e+01,-4.402063338589744745e+00
4.364999999999929159e+00,-1.706604852637348957e+00,-5.638408914719760245e-01,5.665109911974650458e+01,-4.374978818034808370e+00
4.369999999999929052e+00,-1.709174928998333565e+00,-4.545118973545959618e-01,4.355129560870806671e+01,-4.258727585139312488e+00
4.374999999999928946e+00,-1.711162136870154615e+00,-3.477075427675537234e-01,3.565095901395046241e+01,-4.077153882967293974e+00
4.379999999999928839e+00,-1.712549199653833121e+00,-2.360527667687288556e-01,1.969423621780684197e+00,-3.983295833398828645e+00
4.384999999999928733e+00,-1.713460003570079104e+00,-1.207152817648803195e-01,5.184828210014361360e+01,-3.937075461331520199e+00
4.389999999999928626e+00,-1.713876225801288067e+00,-3.510810267340819940e-02,2.972699875316640217e+01,-3.640639263654848357e+00
4.394999999999928519e+00,-1.713880570429160199e+00,3.193633225696585615e-02,5.909662433698983364e+01,-3.605632562793991358e+00
4.399999999999928413e+00,-1.713461847023561191e+00,1.221840293039419822e-01,2.201357384883531410e+01,-3.395592109074636156e+00
4.404999999999928306e+00,-1.712681965187845545e+00,1.861363325520118128e-01,1.691273862207289014e+01,-3.339778667570119541e+00
4.409999999999928200e+00,-1.711575725413018167e+00,2.443042262314312485e-01,1.037489683147498098e+01,-2.880404812392340475e+00
4.414999999999928093e+00,-1.710289563621842035e+00,2.841514917540826080e-01,2.433364734651961925e+01,-2.538536552472146823e+00
4.419999999999927986e+00,-1.708892981904720942e+00,2.882076440522248206e-01,9.443531540317009032e+00,-1.872964078040828095e+00
4.424999999999927880e+00,-1.707478695327954821e+00,2.635066047983804505e-01,-2.447834246172855899e+01,-7.783053543882798575e-01
4.429999999999927773e+00,-1.705975312546660350e+00,3.126569907911040391e-01,8.549238264119130903e+00,-1.150825298735258795e-01
4.434999999999927667e+00,-1.704174724292561560e+00,4.076929800034549412e-01,4.842471234386526646e+01,4.591314255472347394e-01
4.439999999999927560e+00,-1.702101818985662263e+00,4.184056287861869228e-01,-2.102617882759177093e+01,1.830866896363966490e+00
4.444999999999927454e+00,-1.699717927281804153e+00,4.838761395328469717e-01,-2.089982891234605233e+01,2.502344238205157279e+00
4.449999999999927347e+00,-1.697092565755860871e+00,5.643549303442443321e-01,3.036196199934269657e+01,3.994250242029282028e+00
4.454999999999927240e+00,-1.693980068512947135e+00,6.373043736757716404e-01,-2.142493090108472487e+01,5.801866760850712623e+00
4.459999999999927134e+00,-1.690456832521093355e+00,7.238578630632179767e-01,-1.054616925630201862e+01,8.293309600795263137e+00
4.464999999999927027e+00,-1.686752590149363407e+00,7.644270078346941943e-01,-4.083235927522128605e+01,1.095141320371013727e+01
4.469999999999926921e+00,-1.682594589827345999e+00,8.595096815086223918e-01,4.324635635694392022e+01,1.397141023151109529e+01
4.474999999999926814e+00,-1.678288611536727037e+00,8.737826945521887101e-01,-7.290664512594462110e+01,1.581494557125329870e+01
4.479999999999926708e+00,-1.673943045745962310e+00,8.576806276568902376e-01,-1.739907306065628845e+01,1.720480500196986284e+01
4.484999999999926601e+00,-1.669724033108342720e+00,8.822377901601112793e-01,7.144272226468729947e+00,1.703743389009976994e+01
4.489999999999926494e+00,-1.665882185327444809e+00,7.738372211383538479e-01,5.547926565219729866e+01,1.724519359667159435e+01
4.494999999999926388e+00,-1.662240457597174759e+00,7.434005575727935522e-01,-1.053998911654093149e+02,1.685089070463675398e+01
4.499999999999926281e+00,-1.658975645451755687e+00,6.462161308913502156e-01,-2.062354755528981443e+01,1.707674217178401221e+01
4.504999999999926175e+00,-1.656027663458754962e+00,5.987707711612171302e-01,-6.727094378230327720e+01,1.696749610018002485e+01
4.509999999999926068e+00,-1.653232233103908655e+00,5.836270049525141834e-01,-5.682787572441874602e+01,1.664953308874903115e+01
4.514999999999925961e+00,-1.650773238152763112e+00,4.773822253343472655e-01,-5.180951142704379464e+01,1.712598467346016307e+01
4.519999999999925855e+00,-1.648530987448581175e+00,4.189584188007829946e-01,-1.222925797261083289e+02,1.693007382686919016e+01
4.524999999999925748e+00,-1.646901417440320481e+00,3.942165292634511875e-01,2.848818985103861792e+02,1.699044274016270251e+01
4.529999999999925642e+00,-1.645391487258806462e+00,5.187294049255795070e-01,5.895381907748286494e+02,1.738195727085116005e+01
4.534999999999925535e+00,-1.643638796248604317e+00,5.648431793054897732e-01,5.304612218868569471e+02,1.772132488204758971e+01
4.539999999999925429e+00,-1.642965885873802323e+00,-2.177407742355486064e-01,-4.394926755132334506e+02,1.782600517781899185e+01
4.544999999999925322e+00,-1.641352122409168501e+00,-1.188714704388463793e-02,-3.886453893815433389e+02,1.828747004266481824e+01
4.549999999999925215e+00,-1.639528508605182955e+00,2.602873270852182341e-01,-3.792307394142221142e+02,1.778227144888013100e+01
4.554999999999925109e+00,-1.638536097565188587e+00,5.683885251029067165e-01,8.021615513766665799e+02,1.745680277052318274e+01
4.559999999999925002e+00,-1.637983989185213041e+00,-3.493177977475946799e-02,-1.603810393177703304e+02,1.649238452798790888e+01
4.564999999999924896e+00,-1.637314443461176827e+00,-2.150670036623295589e-01,-3.497199735028078180e+02,1.825189977961744603e+01
4.569999999999924789e+00,-1.635571755935617988e+00,-1.079068062577327389e-02,-4.381764941071281783e+02,1.706537356301697628e+01
4.574999999999924682e+00,-1.633498909119258213e+00,3.170261832813184300e-01,-4.811626614201948655e+02,1.663785829987025267e+01
4.579999999999924576e+00,-1.632096800873397147e+00,7.795452317509868889e-01,1.066485088960769417e+03,1.677989657870553231e+01
4.584999999999924469e+00,-1.630343749924644481e+00,1.064488978482929449e+00,9.853120874971936018e+02,1.620963598724853583e+01
4.589999999999924363e+00,-1.628520719960258933e+00,-1.643692896423991634e-01,-6.075459841242030734e+02,1.594790984562071579e+01
4.594999999999924256e+00,-1.625931533264316275e+00,3.965389500192667560e-01,-6.109571768018049625e+02,1.628973218810251922e+01
4.599999999999924150e+00,-1.624347185506274771e+00,8.433411727146756798e-01,1.100616714884545218e+03,1.636672224818237353e+01
4.604999999999924043e+00,-1.621426136760645287e+00,1.040820547156326104e+00,1.036617032569580488e+03,1.551529826439846005e+01
4.609999999999923936e+00,-1.620129386337812560e+00,-3.480240198120334583e-01,-7.363960681996068161e+02,1.541879265088842033e+01
4.614999999999923830e+00,-1.617815779949435484e+00,1.341510258358560859e-01,-7.104004797866934950e+02,1.611450894021065849e+01
4.619999999999923723e+00,-1.613067381434379666e+00,7.835651715696113628e-01,-7.414882652630534494e+02,1.518259407620721113e+01
4.624999999999923617e+00,-1.609391266598867221e+00,1.414440085005070014e+00,1.447307060360550622e+03,1.500634990407330349e+01
4.629999999999923510e+00,-1.606868548118614237e+00,-1.540754124616408316e-01,-7.969086968000677871e+02,1.383550515889151988e+01
4.634999999999923403e+00,-1.602569772234909484e+00,6.819203935465689703e-01,-8.019474470583971879e+02,1.470248884474358775e+01
4.639999999999923297e+00,-1.599179334767419913e+00,1.241911286746387066e+00,1.167628928990631039e+03,1.442408877932420808e+01
4.644999999999923190e+00,-1.592952798281972226e+00,1.949439806434413169e+00,1.505608989926334289e+03,1.339212203425658387e+01
4.649999999999923084e+00,-1.587878908213308016e+00,3.011200552821602372e-01,-8.847370572589447875e+02,1.269811009659069434e+01
4.654999999999922977e+00,-1.580464669987107440e+00,1.395968020816350075e+00,-8.101731613831783534e+02,1.324340200818765645e+01
4.659999999999922871e+00,-1.573197010671278484e+00,2.313064961383517915e+00,1.704807346813182448e+03,1.316280139091334433e+01
4.664999999999922764e+00,-1.566378346916994957e+00,6.491940492285589448e-01,-9.224916800334156051e+02,1.201488218414196041e+01
4.669999999999922657e+00,-1.556535192579574289e+00,1.929406667247646423e+00,-8.171039134896204814e+02,1.239637384741987169e+01
4.674999999999922551e+00,-1.546685807972367765e+00,2.768239587729175888e+00,1.627918534633492754e+03,1.212053405145700680e+01
4.679999999999922444e+00,-1.537621207161266268e+00,1.086579486693077801e+00,-9.229000666796127916e+02,1.119285580893768106e+01
4.684999999999922338e+00,-1.525727966776792677e+00,2.343859664584368563e+00,-8.001249420689680392e+02,1.124302784383176324e+01
4.689999999999922231e+00,-1.514932848063396342e+00,3.024939185462653057e+00,1.689464449701466947e+03,1.123942247397157423e+01
4.694999999999922125e+00,-1.504576940903250115e+00,1.331085054659920441e+00,-9.575269444280033895e+02,9.947166076348437969e+00
4.699999999999922018e+00,-1.491241942757209227e+00,2.551726371062390086e+00,-7.524835140691902780e+02,1.021284333708570990e+01
4.704999999999921911e+00,-1.480521453742054350e+00,3.201153426046309924e+00,1.896420003545332065e+03,1.052860949519013367e+01
4.709999999999921805e+00,-1.469093931767484484e+00,1.603776519245181165e+00,-1.006502433224891547e+03,9.251268749679324443e+00
4.714999999999921698e+00,-1.456098326902190987e+00,3.233176115929162542e+00,2.021845683546294367e+03,1.052274700581458688e+01
4.719999999999921592e+00,-1.444008002946487679e+00,1.825777592242118885e+00,-9.822502548727675276e+02,8.224498442409203136e+00
4.724999999999921485e+00,-1.430158870790052106e+00,2.619010177606842849e+00,-7.145807290066720725e+02,8.599456075944470257e+00
4.729999999999921378e+00,-1.417098853682809745e+00,2.881433382026879819e+00,9.562769121119387137e+02,8.600076022018741995e+00
4.734999999999921272e+00,-1.405341975795937337e+00,1.685841961903463915e+00,-1.037863932542843713e+03,8.020729437537758244e+00
4.739999999999921165e+00,-1.391101757059137078e+00,3.540664933076133725e+00,2.077833453353119694e+03,8.410899720174741745e+00
4.744999999999921059e+00,-1.377917862973993657e+00,1.985588754793291555e+00,-8.890333871157512249e+02,5.707018742270969724e+00
4.749999999999920952e+00,-1.363756293381241713e+00,2.968353977396612997e+00,-7.400356705197776819e+02,5.615269214567025102e+00
4.754999999999920846e+00,-1.351281895358147134e+00,2.181326382123534469e+00,-6.746103445472306248e+02,4.416740039996333245e+00
4.759999999999920739e+00,-1.337390976254875241e+00,2.745026912920383477e+00,-3.278641002935224265e+02,2.626182166532534001e+00
4.764999999999920632e+00,-1.325793044315344504e+00,2.407957201769018507e+00,1.853565236210772582e+02,-1.253738550729792678e-01
4.769999999999920526e+00,-1.317309045895659558e+00,1.466278024750932607e+00,-1.863623322858246567e+01,-3.089937830017844611e+00
4.774999999999920419e+00,-1.311730896756195364e+00,3.019230021432663946e-01,-9.474682737849171872e+02,-6.652892440951363007e+00
4.779999999999920313e+00,-1.307912414670193035e+00,6.822187699712325415e-01,-5.732734629514360591e+01,-9.256872302844810108e+00
4.784999999999920206e+00,-1.307140488498920172e+00,-3.057391576290307417e-02,-1.491015594517355112e+02,-9.752627284347951786e+00
4.789999999999920099e+00,-1.309536510164551526e+00,-7.486128166515679805e-01,-1.449838649913244240e+02,-9.814286712299168158e+00
4.794999999999919993e+00,-1.315197573971004230e+00,-1.383549718273448859e+00,-1.524623879561798674e+02,-9.651299517923527915e+00
4.799999999999919886e+00,-1.323557663321350608e+00,-1.832695493495318129e+00,-7.996191467199122371e+01,-9.538541894431970647e+00
4.804999999999919780e+00,-1.333837965539642845e+00,-2.163117684888021586e+00,-1.025841744035639991e+00,-9.413452458927185518e+00
4.809999999999919673e+00,-1.345089387153557192e+00,-2.326231605063933117e+00,-7.884623475910416346e+01,-9.325812560044756339e+00
4.814999999999919567e+00,-1.356638797867261603e+00,-2.306489729781184828e+00,6.060355813502514621e+00,-9.250889227031805717e+00
4.819999999999919460e+00,-1.368130312779511693e+00,-2.282065577859885952e+00,1.833413162922213679e+00,-9.198896955145293930e+00
4.824999999999919353e+00,-1.378550423537398206e+00,-1.969826350841775264e+00,8.133467627718185611e+01,-9.176917687753599395e+00
4.829999999999919247e+00,-1.387725645013044629e+00,-1.746809628451791996e+00,5.391044685694562588e+01,-9.310480159553362611e+00
4.834999999999919140e+00,-1.396068381899798538e+00,-1.581292733997602840e+00,7.109247143430236804e+01,-9.293043855957572319e+00
4.839999999999919034e+00,-1.404036881668557113e+00,-1.565896988181478600e+00,1.964079534557112083e+01,-9.257934701421261181e+00
4.844999999999918927e+00,-1.411135843093408671e+00,-1.326241687430843363e+00,2.527265853866959233e+01,-9.231540585364438556e+00
4.849999999999918820e+00,-1.417455890401215113e+00,-1.184212429782961262e+00,7.414216345107246298e+01,-9.296507734286727498e+00
4.854999999999918714e+00,-1.423704251474633198e+00,-1.266157996494271076e+00,-1.135239176288443552e+01,-9.219602564796977262e+00
4.859999999999918607e+00,-1.429562806194208724e+00,-1.110438853554569283e+00,1.212562835744591894e+01,-9.173846685990531213e+00
4.864999999999918501e+00,-1.435135580606901939e+00,-1.065610908847402172e+00,7.186174708705995329e+01,-9.177667742941020279e+00
4.869999999999918394e+00,-1.441041507914266440e+00,-1.240725109214846578e+00,-4.804543788029075557e+01,-9.037848836069322545e+00
4.874999999999918288e+00,-1.446953954314319946e+00,-1.153314060429516452e+00,-7.401147177749705541e+00,-8.937911518040387193e+00
4.879999999999918181e+00,-1.452998664845203569e+00,-1.208545049260895787e+00,6.071834838607906448e+01,-8.850939115487209463e+00
4.884999999999918074e+00,-1.459876371464563727e+00,-1.462997160561756216e+00,-5.557679494679397436e+01,-8.639362863777821033e+00
4.889999999999917968e+00,-1.467276292477993405e+00,-1.521073632253207908e+00,-3.081531511886244346e+01,-8.433454484697927356e+00
4.894999999999917861e+00,-1.475453073642218893e+00,-1.717712052080609952e+00,-4.777891608591088612e+01,-8.269656542058477555e+00
4.899999999999917755e+00,-1.483849769004978780e+00,-1.672755612242777357e+00,-3.303546796899923521e+01,-8.090671933254228065e+00
4.904999999999917648e+00,-1.492668227373081580e+00,-1.772742793707435816e+00,5.996288979115134055e+01,-7.845969008028402136e+00
4.909999999999917542e+00,-1.502612279180161270e+00,-2.119807628275735212e+00,-1.073279094442535637e+02,-7.483122807748408434e+00
4.914999999999917435e+00,-1.513471947400583995e+00,-2.215975874147550151e+00,8.644689391645929533e+00,-6.986015381800672053e+00
4.919999999999917328e+00,-1.524532938174421925e+00,-2.193053551592565320e+00,4.076173751251848998e+00,-6.728214833438581621e+00
4.924999999999917222e+00,-1.536070202050261679e+00,-2.349818287661438632e+00,-2.808328523901123930e+01,-6.438407094937195652e+00
4.929999999999917115e+00,-1.547860454168779931e+00,-2.342756568837727649e+00,4.270049630484854930e+01,-6.018398094599447745e+00
4.934999999999917009e+00,-1.560263362318351055e+00,-2.527675979204535128e+00,-2.735025585995673936e+01,-5.670491336147745365e+00
4.939999999999916902e+00,-1.573234504979148740e+00,-2.629341985775174084e+00,-9.114268022396727176e+00,-4.639320612600465132e+00
4.944999999999916795e+00,-1.586542939921611106e+00,-2.670816308702014918e+00,-3.300057595295034218e+01,-3.414366775774824170e+00
4.949999999999916689e+00,-1.600661928280130875e+00,-2.959474497365605750e+00,-8.795694532422204759e+01,-2.340204963318829101e+00
4.954999999999916582e+00,-1.615882433775235327e+00,-3.115654169891914904e+00,-4.462678039669145136e+01,-9.474376282114764791e-01
4.959999999999916476e+00,-1.629600388906010000e+00,-2.543989936857744549e+00,6.150131772941131914e+01,5.196086704759359520e-01
4.964999999999916369e+00,-1.641019177444502652e+00,-2.117831670533306898e+00,8.202921486160809650e+01,4.967745283482152274e-01
4.969999999999916263e+00,-1.650184422077780599e+00,-1.676783342710872926e+00,5.301711783732935146e+01,8.321806788939546395e-01
4.974999999999916156e+00,-1.656620085703380152e+00,-1.077350117265500007e+00,5.651678155584750129e+01,1.296863986298308014e+00
4.979999999999916049e+00,-1.660323070499042375e+00,-5.438307474604053837e-01,9.885112440041089599e+01,1.261733942951902998e+00
4.984999999999915943e+00,-1.660840607380783984e+00,1.582497759630864809e-01,8.652687354868203329e+01,1.827966971743820723e+00
4.989999999999915836e+00,-1.658768529646082346e+00,3.660565596431520907e-01,-1.516385461112440396e+02,2.131655519887551975e+00
4.994999999999915730e+00,-1.656203958761560235e+00,6.501001881216830203e-01,2.883221108485298600e+02,3.284642341132081089e+00
4.999999999999915623e+00,-1.653388745624481793e+00,5.085684554969831517e-01,-3.031805854520421235e+02,4.663818175789582021e+00
5.004999999999915516e+00,-1.649784800938009832e+00,6.710283120774486187e-01,-8.799404289403811674e+01,6.299728023245678266e+00
5.009999999999915410e+00,-1.645718518091120464e+00,8.107294263479416507e-01,-3.691906696884191206e+02,8.089316448304034068e+00
5.014999999999915303e+00,-1.641559668933040061e+00,9.347427328025023074e-01,2.015551337714587419e+02,9.949944415952566956e+00
5.019999999999915197e+00,-1.636748624762367932e+00,1.464555528637757398e+00,8.754832128387804460e+02,1.140840473103933661e+01
5.024999999999915090e+00,-1.631708478788164607e+00,1.181346149216499830e+00,3.928815902442327115e+02,1.307030231427988731e+01
5.029999999999914984e+00,-1.626109845350264482e+00,1.793209914192221310e+00,1.414902223598504406e+03,1.484887174394203946e+01
5.034999999999914877e+00,-1.620774642079422234e+00,8.997010821743179898e-01,-1.558828910256260087e+02,1.535209476622669733e+01
5.039999999999914770e+00,-1.614198434765326429e+00,6.620846906406980814e-01,-8.317807793099538003e+02,1.682316082642393695e+01
5.044999999999914664e+00,-1.604802583897861679e+00,1.836410769796521514e+00,-8.346086824259473360e+02,1.591989002760037764e+01
5.049999999999914557e+00,-1.595700811137299224e+00,2.657415497480566824e+00,1.707325563714010741e+03,1.566636495893990499e+01
5.054999999999914451e+00,-1.587804245865649388e+00,7.824108861999998776e-01,-9.964720385147501247e+02,1.490827781533460872e+01
5.059999999999914344e+00,-1.577643837383139180e+00,1.936160635085288018e+00,-8.609577765967809455e+02,1.471363574738029456e+01
5.064999999999914237e+00,-1.568536926405653675e+00,2.820124678004653607e+00,1.934628797874732754e+03,1.505828333935327379e+01
5.069999999999914131e+00,-1.559645357866670246e+00,1.019306782683010226e+00,-1.066774429107103742e+03,1.397534762071183145e+01
5.074999999999914024e+00,-1.550560920948558463e+00,1.948398521235269021e+00,-8.349751639961212959e+02,1.378355337823064986e+01
5.079999999999913918e+00,-1.541853664203868934e+00,5.630654880978296362e-01,-9.119774211762050982e+02,1.351586430963026508e+01
5.084999999999913811e+00,-1.528487734490162619e+00,3.020017765768717943e+00,-7.205185306337839393e+02,1.256097634122727946e+01
5.089999999999913705e+00,-1.516858669565695816e+00,1.931957818235136459e+00,-8.599868155280535120e+02,1.148785104594147377e+01
5.094999999999913598e+00,-1.503663181120584280e+00,4.147819617772546152e+00,2.315006773025619168e+03,1.170440242058226765e+01
5.099999999999913491e+00,-1.488356612603392026e+00,3.297285767529766431e+00,-7.326720951821146173e+02,9.134922930587041634e+00
5.104999999999913385e+00,-1.474570701455555577e+00,2.413215308378002799e+00,-8.168549948294901242e+02,9.412152139723820810e+00
5.109999999999913278e+00,-1.461443224186262047e+00,1.814322084572083327e+00,-6.282774834597076961e+02,1.011552713630103284e+01
5.114999999999913172e+00,-1.443213124724933571e+00,4.069218391709136462e+00,-6.420780275921795237e+02,8.626995671713482139e+00
5.119999999999913065e+00,-1.426517027325292508e+00,2.914228576600206289e+00,-8.142343366155178046e+02,7.577032104543661717e+00
5.124999999999912959e+00,-1.412055494480202844e+00,1.848641614337289241e+00,-8.590674992362841067e+02,8.079775041156786131e+00
5.129999999999912852e+00,-1.395690511424126923e+00,4.206517107363781705e+00,2.461007916275763364e+03,8.711328744832531612e+00
5.134999999999912745e+00,-1.381378513371919192e+00,2.636581071587262848e+00,-7.367763941676795412e+02,6.283429272530356435e+00
5.139999999999912639e+00,-1.365694258076916245e+00,4.348525533311541125e+00,2.029460588198395271e+03,6.342041915843012134e+00
5.144999999999912532e+00,-1.350394633754150808e+00,2.892730417489278061e+00,-7.318147932647212883e+02,3.082063155737037263e+00
5.149999999999912426e+00,-1.337982961242446756e+00,2.626425230031757430e+00,4.420137813347892006e+02,2.063744818321270103e+00
5.154999999999912319e+00,-1.327714826743089382e+00,2.189665374151237742e+00,3.650694232785060080e+02,-2.060843647661382283e-01
5.159999999999912212e+00,-1.324691152407151851e+00,-2.381478321043835611e-01,-4.208375072215525279e+02,-3.380143026291709152e+00
5.164999999999912106e+00,-1.329877847345700248e+00,-9.155990535577072098e-01,-1.026502994623641740e+02,-6.732861848784478909e+00
5.169999999999911999e+00,-1.339175425343718917e+00,-2.990055689550988660e+00,-9.578735969728418240e+02,-8.209488973278832091e+00
5.174999999999911893e+00,-1.354411602227048483e+00,-3.388289125932343104e+00,-2.372188713070451058e+02,-8.322242971491370156e+00
5.179999999999911786e+00,-1.374605942758778010e+00,-4.242565868941726492e+00,-4.526325704636008140e+01,-7.828609124916782847e+00
5.184999999999911680e+00,-1.397422329764484994e+00,-4.654836366280346915e+00,-4.538151491994211995e+01,-7.512430463578755990e+00
5.189999999999911573e+00,-1.421367130153823544e+00,-4.802042891357537258e+00,2.036825216540676706e+02,-7.109816238246089881e+00
5.194999999999911466e+00,-1.444887981683817157e+00,-4.769305688761851236e+00,-2.113331889625461031e+02,-7.063815195710626327e+00
5.199999999999911360e+00,-1.466839299091240889e+00,-4.210321221784147916e+00,1.097859811724650001e+02,-6.878368151398527530e+00
5.204999999999911253e+00,-1.487089899747849442e+00,-3.795632131096527306e+00,6.313233958528811485e+01,-6.763258632868832443e+00
5.209999999999911147e+00,-1.505295097831869988e+00,-3.401881284207469491e+00,9.974593365677742440e+01,-6.604461890268686020e+00
5.214999999999911040e+00,-1.521477102207672294e+00,-3.012438195237823635e+00,1.652975003586748528e+02,-6.478115779131623952e+00
5.219999999999910933e+00,-1.535735265589631693e+00,-2.709411236604144513e+00,1.792262598042105992e+02,-6.354815625439043103e+00
5.224999999999910827e+00,-1.547849959020853650e+00,-2.341166731053858641e+00,-4.986175265600500950e+01,-6.377218000991049962e+00
5.229999999999910720e+00,-1.557906691611887107e+00,-1.822153197155858440e+00,1.117803568749727816e+02,-6.461137604164642667e+00
5.234999999999910614e+00,-1.566511026701746134e+00,-1.574437314954296285e+00,6.250248156135710786e+01,-6.411402819755883442e+00
5.239999999999910507e+00,-1.573568407248856049e+00,-1.261201655770707974e+00,6.297984894791075305e+01,-6.350298422181825941e+00
5.244999999999910401e+00,-1.579282093303016943e+00,-1.010468986642903300e+00,9.265599447674935618e+01,-6.394948839594646550e+00
5.249999999999910294e+00,-1.584198468991883990e+00,-9.221964729321806553e-01,2.383235735055281879e+01,-6.329713746015887210e+00
5.254999999999910187e+00,-1.588305934878748493e+00,-7.490096699145454284e-01,2.411738647075699049e+01,-6.161806061057296446e+00
5.259999999999910081e+00,-1.591739388908615327e+00,-6.107766281431624700e-01,7.167122773570113736e+01,-6.124377500783412032e+00
5.264999999999909974e+00,-1.594695198106265588e+00,-5.904927533314655586e-01,-2.018276179675214621e+01,-5.992457489098240941e+00
5.269999999999909868e+00,-1.597203622576295334e+00,-4.734894597210216882e-01,-2.887251313109493367e+01,-5.678958653180722571e+00
5.274999999999909761e+00,-1.599468715303112409e+00,-4.270818619061085841e-01,3.819919620087215151e+01,-5.492291572402895561e+00
5.279999999999909654e+00,-1.601768074579650758e+00,-4.917675148291129061e-01,-3.313638426039242546e+01,-4.939965819689259519e+00
5.284999999999909548e+00,-1.604299970116217500e+00,-5.402541765883163150e-01,-4.148154621987612245e+01,-3.664732483508503336e+00
5.289999999999909441e+00,-1.607435890515564791e+00,-6.761772233649488983e-01,-7.366430065453388742e+00,-2.857172058691078487e+00
5.294999999999909335e+00,-1.611669061276296500e+00,-9.433473979545369259e-01,-4.302621822792990258e+01,-1.931215157097596613e+00
5.299999999999909228e+00,-1.616940071018827529e+00,-1.103306754420603220e+00,-1.559359557579496780e+01,-6.623692622396133434e-01
5.304999999999909122e+00,-1.622356876206100473e+00,-1.061667939925928117e+00,2.094495410153363224e+01,-1.141110993551358588e-01
5.309999999999909015e+00,-1.627020395046244516e+00,-8.547445802546205229e-01,2.952512563994971728e+01,3.876423467847022186e-01
5.314999999999908908e+00,-1.629770207867868637e+00,-3.397286969417264157e-01,9.987741724701049861e+01,1.497322650067135497e+00
5.319999999999908802e+00,-1.629965665723889456e+00,1.590824859064795260e-01,1.018355303397950138e+02,1.651663653679656063e+00
5.324999999999908695e+00,-1.627237295997249644e+00,5.954675130944335759e-01,-1.559100739138006873e+02,2.232843951076875388e+00
5.329999999999908589e+00,-1.623203806764072610e+00,9.131276636704430683e-01,1.779917264044333081e+02,3.812239473480983243e+00
5.334999999999908482e+00,-1.619169199340289467e+00,8.500009610978492836e-01,1.348728718676174196e+02,5.541099983851755617e+00
5.339999999999908376e+00,-1.615002266699204547e+00,1.106793857145563553e+00,5.845111395903991252e+02,7.496101304180445624e+00
5.344999999999908269e+00,-1.609917840737968397e+00,1.352966212935535983e+00,7.228008277354201709e+02,9.488777920452681869e+00
5.349999999999908162e+00,-1.604507218675188085e+00,1.730729053873045320e+00,8.843960026807619670e+02,1.156431577537314581e+01
5.354999999999908056e+00,-1.598966384801742802e+00,6.582435064264315905e-01,-5.991330725370764867e+02,1.291741837164262030e+01
5.359999999999907949e+00,-1.591475238364841838e+00,1.447325186651261308e+00,-5.949862197656110538e+02,1.418696335124135466e+01
5.364999999999907843e+00,-1.584163717735503907e+00,2.168208327322886930e+00,1.382162517590344578e+03,1.482407311772403347e+01
5.369999999999907736e+00,-1.577388962183932986e+00,7.479628983199413383e-01,-7.768768836201427348e+02,1.403674942085819133e+01
5.374999999999907629e+00,-1.568843062151207057e+00,1.604749519798741142e+00,-7.138981511158451667e+02,1.354701856641456459e+01
5.379999999999907523e+00,-1.560417269662774942e+00,2.406244008609651264e+00,1.468165182471841035e+03,1.374886961184042455e+01
5.384999999999907416e+00,-1.552639177690287031e+00,9.437062085146866730e-01,-8.011453787351327946e+02,1.366015883242284445e+01
5.389999999999907310e+00,-1.544635365355204293e+00,2.158380722791080064e+00,1.932096111634759154e+03,1.465008394528707925e+01
5.394999999999907203e+00,-1.538342870236155679e+00,6.450310082455458227e-01,-8.754537507328411721e+02,1.331434231500353960e+01
5.399999999999907097e+00,-1.527956682334479011e+00,2.158891115523992710e+00,-7.539649071262731468e+02,1.280677329182170254e+01
5.404999999999906990e+00,-1.521913528625065348e+00,6.160128804137952052e-01,-9.099561073500487964e+02,1.278023855027121947e+01
5.409999999999906883e+00,-1.512205548364989660e+00,1.728624014623016070e+00,-5.843349830150181106e+02,1.279626866321399881e+01
5.414999999999906777e+00,-1.503841713131206070e+00,1.732346311795223581e+00,7.007596400827163734e+02,1.277476791868439499e+01
5.419999999999906670e+00,-1.496027032108870003e+00,9.717390309780826740e-01,-9.397490074814677428e+02,1.123807370586695953e+01
5.424999999999906564e+00,-1.484990801807115401e+00,3.055463657848815906e+00,2.451335079307508295e+03,1.329738582928898794e+01
5.429999999999906457e+00,-1.476952731412995101e+00,1.743090716623116876e+00,-9.246311411643237079e+02,1.107678713976260099e+01
5.434999999999906350e+00,-1.468620752517170391e+00,4.509121857546228851e-01,-9.686487917135669932e+02,1.214846679305829902e+01
5.439999999999906244e+00,-1.458317581505663041e+00,3.125864143193015199e+00,2.836374948306505303e+03,1.341765616629264102e+01
5.444999999999906137e+00,-1.449599224108280460e+00,2.000237868671893349e+00,-9.232951682867393401e+02,1.028016811045846524e+01
5.449999999999906031e+00,-1.439546222234349582e+00,8.258011664524792517e-01,-9.699571304932461544e+02,1.112722027889006604e+01
5.454999999999905924e+00,-1.426404428756245180e+00,3.801137407913494304e+00,2.939269233786251789e+03,1.198814627035678093e+01
5.459999999999905818e+00,-1.414233541883290535e+00,2.544525887527565366e+00,-7.806538602250361691e+02,8.219337580303388791e+00
5.464999999999905711e+00,-1.403743661505975737e+00,1.820752659650919592e+00,-9.090511949345529956e+02,8.705688738850080099e+00
5.469999999999905604e+00,-1.392700123594386108e+00,1.277043235093765272e+00,-8.388901447410977426e+02,9.309160967903398642e+00
5.474999999999905498e+00,-1.380052623400757739e+00,8.327999086167187093e-01,-8.521625359684940122e+02,9.410524995986627061e+00
5.479999999999905391e+00,-1.365565434957899837e+00,4.192257856639086455e+00,2.906346838663126164e+03,9.315813170491210826e+00
5.484999999999905285e+00,-1.353204174883030353e+00,2.642437095408612713e+00,9.018201460129671432e+02,6.924003110053998711e+00
5.489999999999905178e+00,-1.341796818692676085e+00,1.106551814174953074e+00,-9.303868076060797421e+02,6.767632870535548406e+00
5.494999999999905071e+00,-1.327535648437152549e+00,3.883373699102691035e+00,2.483614220813962220e+03,6.957294747519863876e+00
5.499999999999904965e+00,-1.313948198249754507e+00,2.724637293043126185e+00,-7.301622912152339495e+02,2.719450700191578640e+00
5.504999999999904858e+00,-1.304637893458916675e+00,1.511296323147761855e+00,-5.799091769273120462e+02,1.774926094031296087e+00
5.509999999999904752e+00,-1.299786666693379722e+00,6.807909175700077586e-01,-1.512760029376648845e+02,-1.503210944921738790e+00
5.514999999999904645e+00,-1.300686385052987948e+00,-2.181270079357849889e-01,-1.459938879314798328e+02,-6.180262935465511198e+00
5.519999999999904539e+00,-1.307604602134807337e+00,-2.681098957798514260e+00,-1.071515461888785467e+03,-8.537407213674107709e+00
5.524999999999904432e+00,-1.323898179714231738e+00,-3.911579350884250239e+00,-3.025629565010742681e+02,-8.964741734173685472e+00
5.529999999999904325e+00,-1.348970996838767311e+00,-5.538891253109132329e+00,-2.596156910451842919e+02,-8.525937269286810505e+00
5.534999999999904219e+00,-1.378706595565554416e+00,-6.101436927653084652e+00,-3.858030950628084099e+01,-8.184869522405712416e+00
5.539999999999904112e+00,-1.410031764012011246e+00,-6.268722872909195054e+00,2.673385417670653510e+02,-7.833560899864165705e+00
5.544999999999904006e+00,-1.441137925196842140e+00,-6.399654561706637601e+00,-2.723130004503367445e+02,-7.660909331303734859e+00
5.549999999999903899e+00,-1.469758120450643579e+00,-5.427156046442692450e+00,1.666737577941574955e+02,-7.519930162434636856e+00
5.554999999999903793e+00,-1.496182771806459977e+00,-4.981193864732093246e+00,1.199187053406029264e+02,-7.319599587274430164e+00
5.559999999999903686e+00,-1.519552273938570952e+00,-4.333306861737844073e+00,1.448974313161336909e+02,-7.152925663039262361e+00
5.564999999999903579e+00,-1.540286300173916878e+00,-3.908509667229379758e+00,1.574959709789235376e+02,-6.954333154533537176e+00
5.569999999999903473e+00,-1.558139421667694480e+00,-3.348554666061678731e+00,2.712564739119081878e+02,-6.768175208491610917e+00
5.574999999999903366e+00,-1.573776388474807941e+00,-3.132034730919570187e+00,-1.234852937313762169e+02,-6.715878553835445075e+00
5.579999999999903260e+00,-1.587224554615304983e+00,-2.493574462785714818e+00,1.266946980535827834e+02,-6.510793515090109729e+00
5.584999999999903153e+00,-1.599397044401533297e+00,-2.297194216369330633e+00,5.352925931869444298e+01,-6.279404066765152947e+00
5.589999999999903046e+00,-1.610289984353838522e+00,-2.019320730449678969e+00,1.098855579249430292e+02,-5.986177705757927292e+00
5.594999999999902940e+00,-1.620225269806937485e+00,-1.918053405731650951e+00,2.116812299612264425e+01,-5.725526568168273656e+00
5.599999999999902833e+00,-1.629218176023335962e+00,-1.738393473962285052e+00,7.841227371370607102e+01,-5.357504572147613331e+00
5.604999999999902727e+00,-1.637031223670907476e+00,-1.543988467119562724e+00,-5.955701664397784612e+01,-5.202002161573812344e+00
5.609999999999902620e+00,-1.644073405203381188e+00,-1.354946334342305825e+00,2.254680839135239268e+01,-4.984501679680438890e+00
5.614999999999902514e+00,-1.650575005592820999e+00,-1.227051234371549837e+00,3.958633078630830227e+01,-4.396785243490798578e+00
5.619999999999902407e+00,-1.656677740521179443e+00,-1.185577986839335018e+00,1.260501779441669434e+01,-3.993620869209475899e+00
5.624999999999902300e+00,-1.662501074442342519e+00,-1.122195780110064378e+00,4.852689346837124873e+01,-3.010581706337600139e+00
5.629999999999902194e+00,-1.668361490321231155e+00,-1.193554492362906005e+00,3.227082384871379617e+01,-2.261458625023165858e+00
5.634999999999902087e+00,-1.674473797767290106e+00,-1.217479616688871502e+00,3.883141125663225068e+01,-1.277702182069080816e+00
5.639999999999901981e+00,-1.680984011962664892e+00,-1.295629892444604803e+00,-1.482633084720635352e+01,-8.804050057663488360e-01
5.644999999999901874e+00,-1.687144055033575452e+00,-1.184284309891848741e+00,5.324629394342965583e+01,-2.259001728049219171e-01
5.649999999999901767e+00,-1.692552576344986681e+00,-1.007051362428888153e+00,6.093263488439884412e+01,1.943488252140405104e-01
5.654999999999901661e+00,-1.696900790032044748e+00,-8.003054686617728786e-01,4.573372351404051628e+00,7.057176288052287028e-01
5.659999999999901554e+00,-1.700252656540586882e+00,-5.907004521153128573e-01,4.597803864725720047e+01,9.022141593127679382e-01
5.664999999999901448e+00,-1.702579444267710240e+00,-3.718655188110095988e-01,6.652395697837719979e+01,1.421976215240684516e+00
5.669999999999901341e+00,-1.703748035442604003e+00,-1.532667953378382131e-01,1.811333091016096120e+01,2.383951480983292015e+00
5.674999999999901235e+00,-1.703427506519746615e+00,1.875646001829993914e-01,4.395749768554753700e+01,3.087616973051916958e+00
5.679999999999901128e+00,-1.701958746116326138e+00,3.668314451611271454e-01,1.089498662503084319e+02,5.077684572486417913e+00
5.684999999999901021e+00,-1.700202981346306208e+00,3.414368351988414929e-01,-1.355935150238906033e+02,7.406768776081134931e+00
5.689999999999900915e+00,-1.698138417066974881e+00,3.548959915310154201e-01,-1.045508730901660357e+02,9.947043897498788922e+00
5.694999999999900808e+00,-1.695546641487703843e+00,4.545318812216069260e-01,-1.898584658885650356e+02,1.243151320293271667e+01
5.699999999999900702e+00,-1.692871893796157767e+00,6.081271539341392973e-01,1.301690546324281854e+02,1.470336780849199698e+01
5.704999999999900595e+00,-1.689699752177683312e+00,5.877155530673274786e-01,-2.249614255111701766e+02,1.719841899317522760e+01
5.709999999999900488e+00,-1.686232428437545616e+00,7.678718252283962542e-01,-3.264172213657255384e+02,1.760288636109240912e+01
5.714999999999900382e+00,-1.682899278613460226e+00,6.616439731586818418e-01,-1.521499070836458856e+01,1.827304126285083541e+01
5.719999999999900275e+00,-1.678928819146833673e+00,8.241729154290844406e-01,-4.400265229455782219e+02,1.750581395315294841e+01
5.724999999999900169e+00,-1.675322688027534257e+00,1.092961047527560847e+00,8.506186813263243494e+02,1.798905812360637668e+01
5.729999999999900062e+00,-1.671494063479629810e+00,1.107329767505781160e+00,8.287846186459323690e+02,1.831348959888326178e+01
5.734999999999899956e+00,-1.668219462303241141e+00,1.038829748624605420e+00,8.782463298852576372e+02,1.834098977260778796e+01
5.739999999999899849e+00,-1.664136344792069844e+00,1.218578130317014008e+00,9.703201608187573584e+02,1.805844700028907823e+01
5.744999999999899742e+00,-1.660721718737588448e+00,9.212320439266643568e-01,3.330906641492072140e+02,1.780734433869120892e+01
5.749999999999899636e+00,-1.657120715786456699e+00,3.487025759093764776e-01,-4.703663026542210446e+02,1.792311792765581657e+01
5.754999999999899529e+00,-1.651628739233671705e+00,1.093759454643089990e+00,-4.651227898851557256e+02,1.688348972011047522e+01
5.759999999999899423e+00,-1.645455679249557379e+00,1.908938167075209691e+00,1.202072465680432515e+03,1.638782981345191914e+01
5.764999999999899316e+00,-1.638409581582138008e+00,1.069092283005182331e+00,-5.028945117544346886e+02,1.542059857154243474e+01
5.769999999999899210e+00,-1.628598322937975462e+00,2.035325522081824268e+00,-4.416156953787809698e+02,1.492749144744452749e+01
5.774999999999899103e+00,-1.617881533496710489e+00,2.656808113584387510e+00,9.812380586455811908e+02,1.461927333264154250e+01
5.779999999999898996e+00,-1.607128133069333220e+00,1.763292805778331918e+00,-5.370030628006236384e+02,1.442730520381780224e+01
5.784999999999898890e+00,-1.595869867422111010e+00,2.667998034899520032e+00,1.238484187978608588e+03,1.410177640890630890e+01
5.789999999999898783e+00,-1.584953878176718733e+00,1.821495466378491246e+00,-5.921003871524668511e+02,1.286610553190062056e+01
5.794999999999898677e+00,-1.572633311519289423e+00,2.918676057711172778e+00,1.416703051799506738e+03,1.320561863490772936e+01
5.799999999999898570e+00,-1.560714837807066324e+00,2.007345735975579526e+00,-5.838163971277193696e+02,1.175807996475728245e+01
5.804999999999898463e+00,-1.547512566073712348e+00,3.101411056252727505e+00,1.473233198754712703e+03,1.206483992744628964e+01
5.809999999999898357e+00,-1.535092249536308628e+00,2.061421499171290250e+00,-6.377577288523182233e+02,1.068207535854758738e+01
5.814999999999898250e+00,-1.522413591141682510e+00,2.550293890482761228e+00,-5.601323601187940540e+02,1.057430041984577684e+01
5.819999999999898144e+00,-1.510112022797205578e+00,2.474409784188897010e+00,4.722424370676031344e+02,1.044260637095989175e+01
5.824999999999898037e+00,-1.499339236245420759e+00,1.688060334329415380e+00,-6.911812494346847870e+02,9.910287748617864878e+00
5.829999999999897931e+00,-1.486268697598994271e+00,2.496897382677772281e+00,-6.223354120420112849e+02,8.233511320339804485e+00
5.834999999999897824e+00,-1.475640582905574316e+00,2.615027503520524377e+00,1.140853907815438561e+03,6.649756976122629837e+00
5.839999999999897717e+00,-1.465653010361485320e+00,1.560427858245772459e+00,-4.920436122427263967e+02,4.770412249737577604e+00
5.844999999999897611e+00,-1.457045984398268379e+00,1.772663784347950466e+00,4.577630802642013350e+02,2.902009767155973474e+00
5.849999999999897504e+00,-1.450551742727641313e+00,1.227773260416656909e+00,-2.026244378718473982e+01,-1.545138252457898265e-01
5.854999999999897398e+00,-1.449533321537005648e+00,5.148309045902207948e-02,-4.688043814013211374e+01,-3.404792881623057710e+00
5.859999999999897291e+00,-1.449717029343938313e+00,-1.554999566697748692e-01,-4.395108686480968174e+01,-5.570333155615126763e+00
5.864999999999897184e+00,-1.451978556711475798e+00,-4.080174894209559477e-01,-2.910254517378640315e+01,-7.294656126977569599e+00
5.869999999999897078e+00,-1.455071543564233627e+00,-7.043711000280546974e-01,8.921222756739011217e+00,-7.412885800729261732e+00
5.874999999999896971e+00,-1.459152875624292411e+00,-9.007284467319736088e-01,3.312164759134203962e+01,-7.440680999590494338e+00
5.879999999999896865e+00,-1.463866315530517825e+00,-9.988923933551657752e-01,-9.789920701130677694e-01,-7.476143877914525504e+00
5.884999999999896758e+00,-1.468943350994216912e+00,-1.049207561212639250e+00,1.127976165999100111e+00,-7.476959494866166622e+00
5.889999999999896652e+00,-1.474223182860390446e+00,-1.074249989470634103e+00,-1.662298306235760137e+01,-7.452379729938046538e+00
5.894999999999896545e+00,-1.479647018269573788e+00,-1.083078805602436301e+00,4.627122953478962586e+01,-7.403759558962386578e+00
5.899999999999896438e+00,-1.485134851036905568e+00,-1.067175551112999443e+00,-2.189495385587469656e+01,-7.406670545599374655e+00
5.904999999999896332e+00,-1.490596695635741487e+00,-1.075874306727374607e+00,-9.471368260725097077e-01,-7.337937711087340276e+00
5.909999999999896225e+00,-1.496151161563224807e+00,-1.078919064495641900e+00,3.450629047532681426e+01,-7.261075491745099697e+00
5.914999999999896119e+00,-1.501686258748877290e+00,-1.087778222504956149e+00,2.142453292973472401e+01,-7.212893718889099581e+00
5.919999999999896012e+00,-1.506874488382846433e+00,-9.904365566855786174e-01,1.828213070118566463e+01,-7.183483476688932612e+00
5.924999999999895905e+00,-1.511660500698941867e+00,-9.116122270911988235e-01,3.984888782610867963e+01,-7.207388695331274242e+00
5.929999999999895799e+00,-1.516453473614540970e+00,-9.619565300819185039e-01,3.430096072575146149e+00,-7.115477275097689791e+00
5.934999999999895692e+00,-1.521079553934460815e+00,-8.976982796739206849e-01,3.268495765847603263e+00,-7.018179630325064089e+00
5.939999999999895586e+00,-1.525625481297909536e+00,-8.798975672630239275e-01,4.602146979919069025e+01,-6.980661617638864058e+00
5.944999999999895479e+00,-1.530478261689330655e+00,-1.014451987653204545e+00,-2.436120347911191786e+01,-6.815787687384930571e+00
5.949999999999895373e+00,-1.535771276404862995e+00,-1.096425499495132572e+00,-4.465650738278002052e+01,-6.582880767664389232e+00
5.954999999999895266e+00,-1.541368334228202519e+00,-1.100259722143988039e+00,5.829903290876939081e+01,-6.355603975059465505e+00
5.959999999999895159e+00,-1.547451203882064918e+00,-1.285929039450840694e+00,-6.094568389181456780e+01,-6.161088868722127465e+00
5.964999999999895053e+00,-1.553817775880238505e+00,-1.289810817505959051e+00,-5.305063795791729042e+00,-5.666985759453153193e+00
5.969999999999894946e+00,-1.560418880562993271e+00,-1.302415523403779307e+00,5.272810744757653367e+01,-5.408160512564595734e+00
5.974999999999894840e+00,-1.567330967440751399e+00,-1.433153366416152652e+00,-5.090287427713276003e+01,-4.771137547369463050e+00
5.979999999999894733e+00,-1.574727904809299694e+00,-1.522875838338267895e+00,-4.604330864571348059e+01,-3.187512100641515911e+00
5.984999999999894627e+00,-1.583094337706708155e+00,-1.747117556095351576e+00,-1.601496483937889082e+01,-1.943017311464667607e+00
5.989999999999894520e+00,-1.592509738999653424e+00,-1.951034103941361675e+00,-2.604413178527751072e+01,-6.958767494919344543e-01
5.994999999999894413e+00,-1.600886926313674241e+00,-1.496794318118794598e+00,8.364021387421263398e+01,6.969237430884325235e-01
5.999999999999894307e+00,-1.606117457737639587e+00,-7.670544696439217658e-01,1.384894502547979300e+02,1.767009647536488259e+00
6.004999999999894200e+00,-1.606968241921839402e+00,1.996130614776809864e-01,1.695795524156619365e+02,2.558762174094182384e+00
6.009999999999894094e+00,-1.603406292797495913e+00,6.926904976440946271e-01,-2.408136587408993421e+02,4.394809086884848170e+00
6.014999999999893987e+00,-1.598916606660875095e+00,8.324059744746269418e-01,-2.679372625007728175e+02,6.374780289766228236e+00
6.019999999999893880e+00,-1.594611580508530801e+00,1.062194241024128516e+00,3.792090498549003428e+02,9.180811413792925535e+00
6.024999999999893774e+00,-1.588923833945375064e+00,1.647904647675346723e+00,9.585362333591500601e+02,1.168405240708296233e+01
6.029999999999893667e+00,-1.583828896395117258e+00,5.797362554428799886e-01,-6.312150176297039934e+02,1.328426960777816390e+01
6.034999999999893561e+00,-1.576450539128724015e+00,1.426247285056765346e+00,-6.197396040299853439e+02,1.407083101927232960e+01
6.039999999999893454e+00,-1.569154377477528284e+00,2.101253160963326039e+00,1.318307112718514645e+03,1.440125067234311906e+01
6.044999999999893348e+00,-1.562443902255716388e+00,7.617187317319805695e-01,-7.431150999644985404e+02,1.383436232077474592e+01
6.049999999999893241e+00,-1.553375954262537828e+00,1.813258721085100333e+00,-6.753688169018287226e+02,1.344344294071187917e+01
6.054999999999893134e+00,-1.548922005056269535e+00,2.927194487223689356e-01,-8.117541811213366145e+02,1.368719360945654273e+01
6.059999999999893028e+00,-1.540679389614708628e+00,1.707334444270130147e+00,-7.014080994416855219e+02,1.369274302162509294e+01
6.064999999999892921e+00,-1.533942270031878774e+00,2.048661811899072649e-01,-8.397974122766905793e+02,1.351398483498094194e+01
6.069999999999892815e+00,-1.525135758425487431e+00,1.881572047297155770e+00,-7.965098004626671582e+02,1.334408476986831360e+01
6.074999999999892708e+00,-1.520081071411049534e+00,4.536907958323380674e-01,-9.264788487267310302e+02,1.305503956826531820e+01
6.079999999999892601e+00,-1.509676503586876439e+00,2.171936196980500888e+00,-7.481843447128854905e+02,1.263338021706877257e+01
6.084999999999892495e+00,-1.502847483886116109e+00,8.099199905208166461e-01,-9.410256904685144264e+02,1.236311928165168084e+01
6.089999999999892388e+00,-1.492548497046207956e+00,2.928248240368931388e+00,2.411286697862353321e+03,1.353042958365974435e+01
6.094999999999892282e+00,-1.484974064974103669e+00,1.633250641371351897e+00,-8.318684679265106752e+02,1.128037941881763651e+01
6.099999999999892175e+00,-1.477071543170332735e+00,3.770728944363552770e-01,-9.924853700040624744e+02,1.244280946752694028e+01
6.104999999999892069e+00,-1.467536318774472548e+00,2.811252123242323986e+00,2.459550044961036292e+03,1.280651598276472392e+01
6.109999999999891962e+00,-1.456946476513910183e+00,1.619458139477152336e+00,-9.684386857994053344e+02,1.060047041310013327e+01
6.114999999999891855e+00,-1.448500690663562906e+00,5.141962779381609172e-01,-9.596995560677355570e+02,1.163169500437955861e+01
6.119999999999891749e+00,-1.436845020194629452e+00,3.516802512906886058e+00,2.964193978070314643e+03,1.255706619037382410e+01
6.124999999999891642e+00,-1.425670796527905404e+00,2.551448729020220352e+00,-8.694496578524224333e+02,8.904514642763725618e+00
6.129999999999891536e+00,-1.416057326856957843e+00,1.558175652083910512e+00,-9.860273924809408754e+02,9.540937362506383579e+00
6.134999999999891429e+00,-1.406812211685729563e+00,7.622611711496288800e-01,-9.438196791526274865e+02,1.026279540840324600e+01
6.139999999999891322e+00,-1.392388072118403874e+00,4.255321234017872989e+00,3.106712486301277295e+03,1.080938630209163698e+01
6.144999999999891216e+00,-1.380164482361874834e+00,3.358775308724571307e+00,2.475349213471754865e+03,7.831511216294866351e+00
6.149999999999891109e+00,-1.368777870262331220e+00,2.711622754203780516e+00,-7.698018015064886868e+02,6.648994852442305259e+00
6.154999999999891003e+00,-1.356755224729512044e+00,2.241771649899196639e+00,-8.510754747267643552e+02,7.387909915649325754e+00
6.159999999999890896e+00,-1.342995641276159668e+00,1.878390338029434004e+00,-8.644602074981114583e+02,7.383839135149655952e+00
6.164999999999890790e+00,-1.331104470780744453e+00,1.448470251582186785e+00,-8.960019793078786279e+02,7.243558868760299418e+00
6.169999999999890683e+00,-1.314139128122836508e+00,4.602274996615391522e+00,2.799895275996739656e+03,7.090596577872256390e+00
6.174999999999890576e+00,-1.298767696521086812e+00,2.959920681613102733e+00,-8.183513501520765203e+02,3.436779063918026900e+00
6.179999999999890470e+00,-1.287534193600826438e+00,1.749142680960716234e+00,-7.635204993033934215e+02,3.390135399960800822e+00
6.184999999999890363e+00,-1.274179603768087699e+00,2.544192321678739432e+00,-6.452557273346191096e+02,1.460711253310051250e+00
6.189999999999890257e+00,-1.264785756694492225e+00,1.675245701361295581e+00,-5.134159252464546341e+01,-1.399623662397471824e+00
6.194999999999890150e+00,-1.260887503943057375e+00,7.863878934338426330e-01,-2.069114392367150117e+02,-6.671620049658424811e+00
6.199999999999890044e+00,-1.265488286128584550e+00,-2.739908567195261657e+00,-1.446376174651618385e+03,-8.786619756165530148e+00
6.204999999999889937e+00,-1.283768549060292807e+00,-4.664518878289174886e+00,-5.570826823297434203e+02,-8.992983893954944463e+00
6.209999999999889830e+00,-1.314111619572063017e+00,-6.777375433029257934e+00,-4.111291934184131378e+02,-8.494402803426767790e+00
6.214999999999889724e+00,-1.351661425504816494e+00,-7.805293054251704277e+00,-8.815790908277804760e+01,-7.959432574411644978e+00
6.219999999999889617e+00,-1.391770438653835207e+00,-8.073479086089248469e+00,2.666396657754624471e+02,-7.425076302539546091e+00
6.224999999999889511e+00,-1.430073115117490801e+00,-7.781653257580348537e+00,-4.055286687054024810e+02,-7.480957016571708529e+00
6.229999999999889404e+00,-1.464382144205922609e+00,-6.442600882708702237e+00,2.490202012547526351e+02,-7.396025353111298273e+00
6.234999999999889297e+00,-1.495527381353966678e+00,-5.796261637582921011e+00,1.956585185437311623e+02,-7.059847675410715340e+00
6.239999999999889191e+00,-1.522318142178339162e+00,-5.041980095561010344e+00,5.171336616471019170e+02,-6.704974825887154211e+00
6.244999999999889084e+00,-1.544518505537361142e+00,-4.079130637408429294e+00,2.242219167859302331e+02,-6.904209670063549353e+00
6.249999999999888978e+00,-1.564135469707155890e+00,-3.570153458454647044e+00,1.294911117945127330e+02,-6.711942073856943303e+00
6.254999999999888871e+00,-1.580644786933031343e+00,-2.985603830406899029e+00,2.396922377175841632e+02,-6.521761193619687091e+00
6.259999999999888765e+00,-1.594529652793205798e+00,-2.801483699268550787e+00,-1.792148839315875932e+02,-6.501034945640892460e+00
6.264999999999888658e+00,-1.606077962946642623e+00,-2.081053924097460595e+00,1.428341756066365065e+02,-6.355627874581537995e+00
6.269999999999888551e+00,-1.616066043147576403e+00,-1.834546548339034855e+00,4.628216332220124229e+01,-6.252830918343282640e+00
6.274999999999888445e+00,-1.624629883068525515e+00,-1.606125488237933219e+00,3.575661014543047855e+01,-6.022952275047858350e+00
6.279999999999888338e+00,-1.631760456391273095e+00,-1.317253373492227153e+00,3.538767108762279179e+01,-5.946292195125819191e+00
6.284999999999888232e+00,-1.637835115939503039e+00,-1.167056265530736603e+00,5.736347085031971460e+01,-5.768951867978147519e+00
6.289999999999888125e+00,-1.642909367721946179e+00,-9.753271282285675969e-01,-2.032569613460564995e+01,-5.562798149832958394e+00
6.294999999999888018e+00,-1.647567414670986441e+00,-9.316054810424876376e-01,-2.866432157753114751e+01,-5.375774363217098006e+00
6.299999999999887912e+00,-1.651790647091378128e+00,-8.215582696989957023e-01,2.116912637162497646e+01,-5.033556817092986968e+00
6.304999999999887805e+00,-1.655755394121037671e+00,-7.904099615629494036e-01,-1.879288639552353146e+01,-4.839753305236262015e+00
6.309999999999887699e+00,-1.659409080556489835e+00,-7.060909892119510145e-01,1.923592382228755326e+01,-4.271222955163276325e+00
6.314999999999887592e+00,-1.662921457117536361e+00,-7.256887285492586992e-01,-3.834537543106841184e+01,-3.582014865597257014e+00
6.319999999999887486e+00,-1.666551337280624212e+00,-7.117728195569315019e-01,4.149296219238760131e+01,-2.286728897402859229e+00
6.324999999999887379e+00,-1.670641230518911780e+00,-8.488669616089759007e-01,-1.372454406062653476e+01,-1.684285068768219151e+00
6.329999999999887272e+00,-1.675234524403609537e+00,-9.701809108366626910e-01,-5.455080021279348301e+01,-7.045917069250691167e-01
6.334999999999887166e+00,-1.680188176848913306e+00,-9.735716602976174361e-01,4.610373532561816923e+00,-5.073244120193027840e-01
6.339999999999887059e+00,-1.684595708852064222e+00,-8.293436612407676378e-01,1.133522268812587086e+01,1.903680627776956902e-01
6.344999999999886953e+00,-1.688051716320385864e+00,-5.995285927924488556e-01,4.740456647866925266e+01,8.125082234336842291e-01
6.349999999999886846e+00,-1.690567777393213733e+00,-4.561017159784265806e-01,3.474405601443353753e+00,8.855591555963392425e-01
6.354999999999886739e+00,-1.692132162015173691e+00,-2.377698096010287809e-01,2.878435369901550445e+01,1.412802451137274318e+00
6.359999999999886633e+00,-1.692413525846948597e+00,6.156174557746402209e-02,6.716092856081606044e+01,2.469459279542992824e+00
6.364999999999886526e+00,-1.690992487812798872e+00,4.347775889819893158e-01,7.364991547854273790e+01,3.320566000876382429e+00
6.369999999999886420e+00,-1.688845764060353138e+00,4.047328277288501086e-01,-1.064574984063369811e+02,5.123140438437934208e+00
6.374999999999886313e+00,-1.686236702209074068e+00,5.669045709861666449e-01,1.014904511995499377e+02,7.732023741290318775e+00
6.379999999999886207e+00,-1.683577911069508160e+00,4.836368441763438941e-01,-1.165457400828566534e+02,1.067935409007121805e+01
6.384999999999886100e+00,-1.680993419898913821e+00,4.255204250939749744e-01,-1.705888033774641031e+02,1.332341958907355028e+01
6.389999999999885993e+00,-1.678045532961043973e+00,4.238705619075008313e-01,-2.354841737677968752e+02,1.612596072049582219e+01
6.394999999999885887e+00,-1.674849978017854957e+00,4.096753255537085026e-01,-2.786189194114251677e+02,1.758296075631920985e+01
6.399999999999885780e+00,-1.671010975896314976e+00,3.722489317032393052e-01,-4.213678002977997608e+02,1.808585916814941186e+01
6.404999999999885674e+00,-1.667583975225936044e+00,4.565425687180926784e-01,-4.491617630335326794e+02,1.744661582947371059e+01
6.409999999999885567e+00,-1.663280431685808525e+00,6.961914711361586461e-01,-4.627503303610951093e+02,1.737285589365697192e+01
6.414999999999885461e+00,-1.660102166745569763e+00,6.475218200999312002e-01,-2.816662101013461950e+01,1.766764875725662165e+01
6.419999999999885354e+00,-1.656556378819055375e+00,7.780192125926231883e-01,-3.921539275187039948e+02,1.750900027460522779e+01
6.424999999999885247e+00,-1.653478773801352997e+00,1.070864693505418463e+00,1.079860738458494779e+03,1.795648084095341090e+01
6.429999999999885141e+00,-1.650195786368144679e+00,1.061551388752168368e+00,8.839734776425466407e+02,1.762708001737903274e+01
6.434999999999885034e+00,-1.647271299556592572e+00,1.066671381955869746e+00,1.010719977196373407e+03,1.779144580167783474e+01
6.439999999999884928e+00,-1.644193011556760675e+00,1.106511902246610557e+00,1.006709481845314258e+03,1.765268125131741428e+01
6.444999999999884821e+00,-1.640769936156233788e+00,1.540944761629019055e+00,1.142861193756146349e+03,1.749289268302650768e+01
6.449999999999884714e+00,-1.637219612686953818e+00,7.360826590315340534e-02,-7.618921021962327131e+02,1.723330223364758140e+01
6.454999999999884608e+00,-1.632637350513619356e+00,8.026066640332919500e-01,-6.941005483601319384e+02,1.699149782764042627e+01
6.459999999999884501e+00,-1.628609524253373353e+00,1.559525305188208311e+00,1.497032141228452929e+03,1.740567055572124389e+01
6.464999999999884395e+00,-1.625216327180530440e+00,3.186382034629027526e-02,-8.376790950408772005e+02,1.667114873576341338e+01
6.469999999999884288e+00,-1.619536511558357095e+00,1.077826473507296878e+00,-7.552283095359805429e+02,1.675456508015108881e+01
6.474999999999884182e+00,-1.613782545619532716e+00,2.063735340461343881e+00,1.714892570108681184e+03,1.701729509085169312e+01
6.479999999999884075e+00,-1.608048506791702525e+00,4.844949680661072011e-01,-9.134830585965984255e+02,1.600490341606263556e+01
6.484999999999883968e+00,-1.602234288793425776e+00,1.248101065329881409e+00,9.732491264277311984e+02,1.702168720112231526e+01
6.489999999999883862e+00,-1.595082675264207550e+00,2.294112892818238603e+00,1.715639155897338696e+03,1.628208604022036710e+01
6.494999999999883755e+00,-1.588942852533080430e+00,5.561175889490949098e-01,-8.151796566297389290e+02,1.573517888284059829e+01
6.499999999999883649e+00,-1.582110996605033293e+00,2.103167788001958805e+00,2.295935515115544604e+03,1.709361658529207162e+01
6.504999999999883542e+00,-1.575870889830135901e+00,6.197341959598153815e-01,-1.000176524105408248e+03,1.497031435197639482e+01
6.509999999999883435e+00,-1.566933731449722700e+00,2.599827717332705568e+00,2.432390483060855331e+03,1.615374954749876224e+01
6.514999999999883329e+00,-1.558144179094753889e+00,1.153642109076550071e+00,-1.010732579872648557e+03,1.371910663252141482e+01
6.519999999999883222e+00,-1.549559996162356290e+00,3.264988164415898453e+00,2.516494606223484880e+03,1.477750197563480938e+01
6.524999999999883116e+00,-1.540633271045301456e+00,1.924346436783647585e+00,-8.711894262027689138e+02,1.228377525764173051e+01
6.529999999999883009e+00,-1.531902634660394780e+00,5.120904071222868170e-01,-9.913084562876185828e+02,1.284711554218787555e+01
6.534999999999882903e+00,-1.521860824978432003e+00,3.019019177083054561e+00,2.683617263717736478e+03,1.373066991302128415e+01
6.539999999999882796e+00,-1.510747230881225756e+00,1.669387649596250078e+00,-9.727966097004494941e+02,1.077114922061260849e+01
6.544999999999882689e+00,-1.501832170700875935e+00,6.359784834587488556e-01,-9.675939322052493026e+02,1.197561697827508809e+01
6.549999999999882583e+00,-1.489780536679783163e+00,3.553542296441944526e+00,2.806430461906762957e+03,1.283621546067177555e+01
6.554999999999882476e+00,-1.478649801328137059e+00,2.455842783507148575e+00,-8.691874483412443624e+02,9.064040812196875407e+00
6.559999999999882370e+00,-1.468079909542614692e+00,8.506256000086611646e-01,-1.005515954470212023e+03,9.485295625113682405e+00
6.564999999999882263e+00,-1.454447294740107477e+00,2.579109534574564933e+00,-7.095667802596121874e+02,8.906261636772656587e+00
6.569999999999882156e+00,-1.441864668288943774e+00,3.679309458980486447e+00,2.148081976756192944e+03,8.064513367801417587e+00
6.574999999999882050e+00,-1.429502171368910446e+00,2.557551881297234875e+00,-7.238303126184921439e+02,4.967827600805945210e+00
6.579999999999881943e+00,-1.419024566298492607e+00,1.701826693737746421e+00,-4.803361405292451991e+02,3.755798505796449582e+00
6.584999999999881837e+00,-1.408050927350710246e+00,2.102507932382861711e+00,-2.241233082792415132e+02,1.729856740090205403e-01
6.589999999999881730e+00,-1.400069491814396994e+00,1.344098316133999216e+00,-9.010719901332436166e+01,-3.605273826531757209e+00
6.594999999999881624e+00,-1.396456569271420811e+00,-2.059947035873820054e-01,-8.314783213342833506e+02,-5.900193891171666039e+00
6.599999999999881517e+00,-1.397855162466967505e+00,-6.255834902897637884e-01,-2.251539054802575208e+02,-7.163897998607608564e+00
6.604999999999881410e+00,-1.405083567608256034e+00,-1.831402035152157159e+00,-1.636411982085784302e+02,-7.543224911262408128e+00
6.609999999999881304e+00,-1.418000885649986387e+00,-2.994892852826375851e+00,-1.834668559673563095e+02,-7.780081250376023050e+00
6.614999999999881197e+00,-1.435383932993345546e+00,-3.770601260223904294e+00,-5.573069186136780928e+01,-7.488448760092058620e+00
6.619999999999881091e+00,-1.455955015875809000e+00,-4.297665577540164428e+00,-9.125225380055205449e+00,-7.421906926902481771e+00
6.624999999999880984e+00,-1.477660780346670588e+00,-4.350689686076175455e+00,1.145378201423087745e+02,-7.235858595379225378e+00
6.629999999999880878e+00,-1.498547431370881755e+00,-4.189367306194089480e+00,-6.870028018438677009e+01,-7.309204230389127588e+00
6.634999999999880771e+00,-1.518236953850039095e+00,-3.810609354705506657e+00,6.531268840717672219e+01,-7.097817113039221582e+00
6.639999999999880664e+00,-1.536611532725181917e+00,-3.463834557902586209e+00,9.670100194615875466e+01,-6.894093786581589001e+00
6.644999999999880558e+00,-1.552890710817359299e+00,-3.013757715746093080e+00,1.546573340896220827e+02,-6.753399344596091147e+00
6.649999999999880451e+00,-1.567605833862651066e+00,-2.802312682123326404e+00,9.547875330769410596e+01,-6.469659203852568652e+00
6.654999999999880345e+00,-1.580884143752532500e+00,-2.540284972097635041e+00,1.664752846683706196e+02,-6.111641655409208340e+00
6.659999999999880238e+00,-1.592539065402786225e+00,-2.299459557140894450e+00,-5.528027268754030388e+01,-6.005866068275726555e+00
6.664999999999880131e+00,-1.602920720464470428e+00,-1.983199590864713979e+00,3.204166681495247104e+01,-5.747747369951397900e+00
6.669999999999880025e+00,-1.612395209281137332e+00,-1.765112293001566801e+00,5.792569002900648201e+01,-5.426368009408653492e+00
6.674999999999879918e+00,-1.620719071824110680e+00,-1.531234965385358082e+00,8.008066015621804468e+01,-5.234497968411070623e+00
6.679999999999879812e+00,-1.628162538479516863e+00,-1.416397555248398277e+00,3.981951247647892700e+01,-4.969068650292353340e+00
6.684999999999879705e+00,-1.634901587008972035e+00,-1.298394158026540568e+00,8.834811154969909808e+01,-4.428477882908697261e+00
6.689999999999879599e+00,-1.640980214729659936e+00,-1.225190653311579059e+00,-3.708205752445840631e+01,-3.815561408804121868e+00
6.694999999999879492e+00,-1.646896395278965031e+00,-1.185026988051393282e+00,-3.585612228769944121e+00,-3.090501376750512730e+00
6.699999999999879385e+00,-1.653157673566990615e+00,-1.248169014306018898e+00,1.937971507314254893e+01,-1.980248633001840286e+00
6.704999999999879279e+00,-1.659893632697221788e+00,-1.361894729066825738e+00,1.906578202809154376e+01,-1.462225873588796521e+00
6.709999999999879172e+00,-1.666948424368542847e+00,-1.456062115213821784e+00,-4.747182654670339019e+01,-7.920709735556016318e-01
6.714999999999879066e+00,-1.673975412559895570e+00,-1.394447647000848667e+00,-1.654839209274842204e+01,-3.177225640764376191e-01
6.719999999999878959e+00,-1.680156005067847014e+00,-1.171709446498961027e+00,1.609538296135953317e+01,4.573722854131357929e-01
6.724999999999878852e+00,-1.685337781421923697e+00,-9.452647015686647114e-01,6.931584808710243806e+01,6.955135356907723443e-01
6.729999999999878746e+00,-1.689429062731741649e+00,-7.398930214271864925e-01,3.306676771055268205e+01,1.413600217038512463e+00
6.734999999999878639e+00,-1.692257626495458744e+00,-4.750265370930097375e-01,2.464928822084105775e+01,2.148496318387811410e+00
6.739999999999878533e+00,-1.693703657257462192e+00,-1.605391974363698515e-01,7.729123575207786701e+01,3.277220740872527127e+00
6.744999999999878426e+00,-1.693610964458879486e+00,1.241141622616815376e-01,1.436741756601545887e+02,5.006424576411006022e+00
6.749999999999878320e+00,-1.693288398677656126e+00,2.239967753949081292e-02,-1.805062976566408963e+02,7.434043981627813658e+00
6.754999999999878213e+00,-1.692115793549159308e+00,3.314171952311186775e-01,1.999827952321245448e+02,1.001091101461520516e+01
6.759999999999878106e+00,-1.691032204798237126e+00,3.308897342048278678e-01,3.325234479146782292e+02,1.284068012336242681e+01
6.764999999999878000e+00,-1.689462869578012949e+00,2.631515514971772829e-01,-2.661632568130549998e+02,1.477339114256117014e+01
6.769999999999877893e+00,-1.687798234812452058e+00,3.711086013137183115e-01,-3.451700719092459622e+02,1.628127058253176784e+01
6.774999999999877787e+00,-1.685295642635271429e+00,5.455936627093480595e-01,-3.750423195402663055e+02,1.712720612948709231e+01
6.779999999999877680e+00,-1.682577265715663017e+00,5.132901024513364385e-01,-2.746591378860497343e+02,1.753117433991568319e+01
6.784999999999877573e+00,-1.679276014559140995e+00,7.140931145796182156e-01,-4.228751465325838126e+02,1.760396104147816843e+01
6.789999999999877467e+00,-1.676201245094916636e+00,9.542191831972056670e-01,7.406330489624963320e+02,1.798153634544241086e+01
6.794999999999877360e+00,-1.671995142381171862e+00,1.194377071348547314e+00,8.353765948575289713e+02,1.778548743576217817e+01
6.799999999999877254e+00,-1.668025388362124772e+00,1.280609291900956626e+00,6.498600626063907839e+02,1.763542368253657600e+01
6.804999999999877147e+00,-1.664553250072108526e+00,2.019569887701544164e-01,-5.628311466524778552e+02,1.795837909260675502e+01
6.809999999999877041e+00,-1.660666121573056486e+00,2.788932722984776569e-01,-4.995409259210721302e+02,1.768782639615730901e+01
6.814999999999876934e+00,-1.656391235096275061e+00,7.426780826860605034e-01,-4.951070307825420969e+02,1.703216181097587878e+01
6.819999999999876827e+00,-1.651653804976946027e+00,1.039110097943471533e+00,-5.456148037531211230e+02,1.678959750804873963e+01
6.824999999999876721e+00,-1.646522458756774610e+00,1.587767223289664464e+00,1.139467714121811014e+03,1.735443205863415272e+01
6.829999999999876614e+00,-1.642171967823994105e+00,3.518835256639007425e-01,-6.539647435846719645e+02,1.678635364975119870e+01
6.834999999999876508e+00,-1.636461799071580403e+00,1.069940331087936292e+00,-5.804347841361634437e+02,1.674687644921249330e+01
6.839999999999876401e+00,-1.631105413797672599e+00,1.746693634714702625e+00,1.325137425341393737e+03,1.677486058043349715e+01
6.844999999999876295e+00,-1.625771591889678236e+00,5.827106102554403533e-01,-6.655541753114443964e+02,1.602970622054800387e+01
6.849999999999876188e+00,-1.617857565902519834e+00,1.596288530653591664e+00,-5.852113230852119159e+02,1.531811079204707760e+01
6.854999999999876081e+00,-1.609646380415670430e+00,2.299997350422926523e+00,1.237385968209785460e+03,1.502356378244172141e+01
6.859999999999875975e+00,-1.601399372048843750e+00,1.173233401796245134e+00,-6.725948440904081735e+02,1.410423424603404818e+01
6.864999999999875868e+00,-1.591445152502803717e+00,1.902612383371792060e+00,-5.454074358819666486e+02,1.338172261740521307e+01
6.869999999999875762e+00,-1.581648199894460927e+00,2.676045822099951899e+00,1.325500115611725505e+03,1.320532906444104171e+01
6.874999999999875655e+00,-1.572218375919380184e+00,1.325620695215914857e+00,-6.876825259010810214e+02,1.171516405368611480e+01
6.879999999999875548e+00,-1.561454156574537455e+00,2.102524344279621982e+00,-6.082847853277031618e+02,1.048902437738491500e+01
6.884999999999875442e+00,-1.551684839885385747e+00,2.549382961399669689e+00,1.251685118420831941e+03,9.722491869877917026e+00
6.889999999999875335e+00,-1.542801174056292579e+00,1.233695597456346160e+00,-6.009350960451600940e+02,7.561724922175553587e+00
6.894999999999875229e+00,-1.533558935459239825e+00,1.764029779053280178e+00,-5.010891642071212573e+02,6.087540702796118808e+00
6.899999999999875122e+00,-1.526614805333766922e+00,1.161037365148358314e+00,-5.232839463956539703e+02,4.110600641850684411e+00
6.904999999999875016e+00,-1.519921646431749318e+00,1.512326244185331792e+00,3.773320650325957786e+02,3.149904397292044855e+00
6.909999999999874909e+00,-1.514533587713546847e+00,8.313289321729895320e-01,-8.937085814451393162e+01,-1.159299576321813241e+00
6.914999999999874802e+00,-1.512035835808371642e+00,6.277511786260667748e-01,3.588560494522770039e+00,-3.610786252163947552e+00
6.919999999999874696e+00,-1.510553040236355615e+00,-2.260418372468969428e-01,-5.267656544658492521e+02,-5.316169773205783322e+00
6.924999999999874589e+00,-1.510646501305982214e+00,-6.755767952206609417e-02,-1.998576698093554072e+01,-6.247505749810943421e+00
6.929999999999874483e+00,-1.512212178920207206e+00,-3.927860142851218872e-01,-6.707459276199963938e+01,-6.982808375099557097e+00
6.934999999999874376e+00,-1.514495918357190662e+00,-4.861460436282614150e-01,-1.072468404824128996e+01,-7.051914753715520234e+00
6.939999999999874269e+00,-1.517530809871452835e+00,-6.450577234374468283e-01,1.128794649907661451e+01,-7.474285076771677083e+00
6.944999999999874163e+00,-1.521052132559255199e+00,-7.375757519409271712e-01,-2.791503129169260333e+01,-7.474874269541179395e+00
6.949999999999874056e+00,-1.524637012176142781e+00,-7.204771148374077283e-01,-3.333552187191472882e+01,-7.551728541936284067e+00
6.954999999999873950e+00,-1.528243251986781459e+00,-6.859757591991469949e-01,7.070700356338988968e+01,-7.467615439957295820e+00
6.959999999999873843e+00,-1.532090822422115695e+00,-7.880470684424454308e-01,-6.448412811047608884e+00,-7.431834136808404878e+00
6.964999999999873737e+00,-1.536124200298015552e+00,-8.350017173567034767e-01,-2.009947922929742248e+01,-7.255295168782359916e+00
6.969999999999873630e+00,-1.540132661335142483e+00,-8.095908989910524101e-01,-1.268505809141177920e+01,-7.183518173226754122e+00
6.974999999999873523e+00,-1.544259357079001971e+00,-8.150730721072876328e-01,4.446989849384102911e+01,-7.006849519312621233e+00
6.979999999999873417e+00,-1.548907442047426919e+00,-9.713092219714473119e-01,-1.821463045110480650e+01,-6.743030879740605776e+00
6.984999999999873310e+00,-1.553970963227546020e+00,-1.055404093505749819e+00,-2.229021868626402636e+01,-6.352211055452841926e+00
6.989999999999873204e+00,-1.559206667423854498e+00,-1.052690190172127949e+00,-6.900287554820952352e+00,-6.057503299130791774e+00
6.994999999999873097e+00,-1.564848965136170333e+00,-1.165618623955761324e+00,-1.004988487636743599e+01,-5.735359268201953853e+00
6.999999999999872990e+00,-1.570957745893747592e+00,-1.264701343645093790e+00,-1.702901962988386941e+01,-5.021301533860717647e+00
7.004999999999872884e+00,-1.577682968259319862e+00,-1.423595082823447822e+00,-5.312864871504334019e+01,-4.270792875332819705e+00
7.009999999999872777e+00,-1.585510477072260338e+00,-1.696407551376568845e+00,-8.950282414354980176e+01,-3.028417271055431126e+00
7.014999999999872671e+00,-1.594757329727241713e+00,-1.931646972328456169e+00,-1.070384264311561928e+01,-2.030755830625269098e+00
7.019999999999872564e+00,-1.605604006359905522e+00,-2.267331248780326103e+00,-4.744292255282422843e+01,-1.172882881211528172e+00
7.024999999999872458e+00,-1.616029045627729088e+00,-1.959792954788743158e+00,6.856299758469990024e+01,2.286228978436379844e-01
7.029999999999872351e+00,-1.624664763920008914e+00,-1.581413510758853613e+00,7.036220889386541444e+01,7.816136115370211357e-01
7.034999999999872244e+00,-1.630699060353362428e+00,-9.900768807120293724e-01,9.177191381218241872e+01,1.647307801144084927e+00
7.039999999999872138e+00,-1.633067263422270932e+00,-1.420121951824846740e-01,1.760788765842647479e+02,2.827723884309832236e+00
7.044999999999872031e+00,-1.631264040266636961e+00,5.796403279029522793e-01,2.687940132427206663e+02,4.316923035285112675e+00
7.049999999999871925e+00,-1.628877071817782962e+00,4.019173755317666519e-01,-2.559066144665015941e+02,6.202776600182986932e+00
7.054999999999871818e+00,-1.625731471141280249e+00,5.026423472771412992e-01,-3.440187632886365350e+02,8.550006833189192079e+00
7.059999999999871712e+00,-1.622541446793910991e+00,6.638770489221699211e-01,-4.390335169551479453e+02,1.095985185814487117e+01
7.064999999999871605e+00,-1.619583269307467654e+00,1.057482844804530364e+00,9.855860231394345874e+02,1.381833463105190063e+01
7.069999999999871498e+00,-1.615228464711846668e+00,1.387883744594228252e+00,1.074469765898793412e+03,1.503306421826174777e+01
7.074999999999871392e+00,-1.612234530137815591e+00,1.797357827194017918e-02,-7.299527610382112925e+02,1.565843393967765529e+01
7.079999999999871285e+00,-1.607768261024948631e+00,7.980099662538624461e-01,-6.898951363049091015e+02,1.575449484070069417e+01
7.084999999999871179e+00,-1.603861521534673207e+00,1.506339261752548619e+00,1.443585282901679420e+03,1.606622032233700281e+01
7.089999999999871072e+00,-1.600913608633286023e+00,-5.592824867161779595e-02,-8.018874746748934967e+02,1.560165176797345765e+01
7.094999999999870965e+00,-1.595998265540004457e+00,9.094027884109023852e-01,-7.266659549756665228e+02,1.572495450226953828e+01
7.099999999999870859e+00,-1.591270575362808692e+00,1.844709642370307989e+00,1.728610268707486057e+03,1.610139922748056307e+01
7.104999999999870752e+00,-1.586800383247065405e+00,2.545683845122015954e-01,-8.309843161032772514e+02,1.494856225569581198e+01
7.109999999999870646e+00,-1.579218635343699217e+00,1.543888536475038986e+00,-7.465074734877595120e+02,1.471154636316999031e+01
7.114999999999870539e+00,-1.575217786084834648e+00,3.001351949386331097e-01,-7.919882220958952530e+02,1.434213477168532691e+01
7.119999999999870433e+00,-1.566143048532516735e+00,1.958832756369824901e+00,-6.865816037444268431e+02,1.373969043596543216e+01
7.124999999999870326e+00,-1.559520547382864830e+00,9.051095310690638884e-01,-7.632961237862560893e+02,1.322679777081641994e+01
7.129999999999870219e+00,-1.549944978586669908e+00,2.619029354993852809e+00,1.971758348281013468e+03,1.372916049358973467e+01
7.134999999999870113e+00,-1.539791304859095433e+00,1.613490747053951901e+00,-7.630817948471363934e+02,1.182838362965319234e+01
7.139999999999870006e+00,-1.529099222865799135e+00,3.327475786669935598e+00,1.861473201798394939e+03,1.223416759070840953e+01
7.144999999999869900e+00,-1.517703962569479037e+00,2.402867347692802191e+00,-6.808956735127243292e+02,1.033150506787037592e+01
7.149999999999869793e+00,-1.506219877007445973e+00,1.381759864166764995e+00,-7.197167882494250080e+02,1.064338451088657500e+01
7.154999999999869686e+00,-1.494122596456811003e+00,2.561733318123879499e+00,8.349496552583509583e+02,1.084387146141124880e+01
7.159999999999869580e+00,-1.482860062262025824e+00,3.471374707310332042e+00,1.792486233787625906e+03,9.925304278989099060e+00
7.164999999999869473e+00,-1.470981046501109502e+00,2.360856014209962161e+00,-6.887867283594690662e+02,7.477095652371242629e+00
7.169999999999869367e+00,-1.459809468044348302e+00,2.846878929528134261e+00,1.373423139245713855e+03,6.413721211112327403e+00
7.174999999999869260e+00,-1.450142622351354715e+00,2.192416858715926953e+00,7.256974401682853113e+02,4.243612221444406529e+00
7.179999999999869154e+00,-1.442470564080381212e+00,1.561486629817600891e+00,2.666018969854107468e+02,1.632742408701276737e+00
7.184999999999869047e+00,-1.437755564417022791e+00,1.040500919434373284e+00,2.289646075837190722e+02,-1.009445970795865399e+00
7.189999999999868940e+00,-1.435788944410441026e+00,4.824825921558054675e-01,-2.347704681037397734e+01,-5.588143931671242903e+00
7.194999999999868834e+00,-1.435374786052140417e+00,-5.007053722337025947e-01,-5.025295800855075754e+02,-7.287493638835743859e+00
7.199999999999868727e+00,-1.437844001339275257e+00,-6.607136007265557165e-01,-1.108813527173943498e+02,-8.004530893972694017e+00
7.204999999999868621e+00,-1.442681303421204042e+00,-1.134942029793739149e+00,-9.644653492528411221e+01,-8.182104508404707488e+00
7.209999999999868514e+00,-1.449273253205860756e+00,-1.421980075043990821e+00,-2.448758414857241106e-01,-8.236181107770802257e+00
7.214999999999868407e+00,-1.457138775835458810e+00,-1.638313467908248278e+00,-1.648202549319388055e+01,-8.203083183795671474e+00
7.219999999999868301e+00,-1.465721503449249896e+00,-1.775057408218672084e+00,-3.577462088410692331e+01,-8.110435198282308633e+00
7.224999999999868194e+00,-1.475108605092735559e+00,-1.917099834094355915e+00,-6.695973601355064808e+00,-7.909949323637166074e+00
7.229999999999868088e+00,-1.485156418730479544e+00,-2.057754342476818543e+00,1.990868139627690381e+00,-7.676684340756171565e+00
7.234999999999867981e+00,-1.495244941857171384e+00,-1.985587943583252191e+00,1.923908570871448731e+01,-7.487835690474892836e+00
7.239999999999867875e+00,-1.505240083712861221e+00,-1.961210685062817483e+00,5.657193559835968699e+01,-7.372067246759907100e+00
7.244999999999867768e+00,-1.515415127365307812e+00,-2.079861468974971039e+00,-4.568959362676557134e+01,-7.124731312828387786e+00
7.249999999999867661e+00,-1.525345430374135836e+00,-1.956116810761796110e+00,2.445119058270057266e+01,-6.879193751037110616e+00
7.254999999999867555e+00,-1.535102741853306973e+00,-1.904844118380056628e+00,1.080160531582785239e+02,-6.680284641767627818e+00
7.259999999999867448e+00,-1.544898048392562284e+00,-1.997319111726048702e+00,1.130201103050602995e+01,-6.377215882133096869e+00
7.264999999999867342e+00,-1.554641205690737493e+00,-1.940066739360207126e+00,1.655334249456711149e+01,-5.964350273193923080e+00
7.269999999999867235e+00,-1.564213286236112666e+00,-1.874279061729842821e+00,9.507774647985303318e+01,-5.714086152987542633e+00
7.274999999999867129e+00,-1.573603607834308526e+00,-1.879205316922694990e+00,2.041838432630549249e+01,-5.300915568760482977e+00
7.279999999999867022e+00,-1.582694037775085105e+00,-1.806712473761457050e+00,1.720885598315480536e+01,-4.275212068025338041e+00
7.284999999999866915e+00,-1.591776724174864377e+00,-1.852812115959421746e+00,-2.991273416243416960e+01,-3.389777752095540997e+00
7.289999999999866809e+00,-1.601241546036326513e+00,-1.941821287310636412e+00,-2.713015272154485302e+01,-2.385329469358733689e+00
7.294999999999866702e+00,-1.611653614287108072e+00,-2.149046702191037106e+00,-4.253875963276156114e+01,-1.019698071781272253e+00
7.299999999999866596e+00,-1.622316949270524500e+00,-2.105882495840979196e+00,2.931428122070298059e+01,-3.632146291394795501e-01
7.304999999999866489e+00,-1.631839963676280147e+00,-1.758807159450490154e+00,9.530412449804742892e+01,4.545716223325735328e-01
7.309999999999866382e+00,-1.638920535065726769e+00,-1.222475365442538431e+00,6.715382622812261104e+01,1.428539503679953304e+00
7.314999999999866276e+00,-1.643076209125915899e+00,-5.976247577680073864e-01,1.071058305230838243e+02,1.809112338599565106e+00
7.319999999999866169e+00,-1.643625569950583509e+00,2.176433940885953988e-01,1.830792079194740722e+02,2.738272416304070145e+00
7.324999999999866063e+00,-1.640890242955206801e+00,5.002580202252608910e-01,-2.156329283441275493e+02,3.989141619008436557e+00
7.329999999999865956e+00,-1.637685123309096102e+00,5.261428284137107392e-01,-2.649688396100922319e+02,5.613899182930933485e+00
7.334999999999865850e+00,-1.633636707897346163e+00,7.304881901589722615e-01,-2.890567507136766494e+02,7.785443439752733674e+00
7.339999999999865743e+00,-1.629744653496258522e+00,1.057005953358653993e+00,5.439350759964106601e+02,1.034206410105861629e+01
7.344999999999865636e+00,-1.624129044349500450e+00,1.574987523674176604e+00,9.302541588827166379e+02,1.265417204137899176e+01
7.349999999999865530e+00,-1.619320674013241312e+00,4.863940668775342813e-01,-6.216520363583804283e+02,1.445116733249341223e+01
7.354999999999865423e+00,-1.612488717196148613e+00,1.305954040375544523e+00,-6.060496760657845243e+02,1.506519829299181801e+01
7.359999999999865317e+00,-1.605738274983871339e+00,2.023035133540773245e+00,1.352849377901425214e+03,1.549952560324696726e+01
7.364999999999865210e+00,-1.599375989096705419e+00,6.733821922106333346e-01,-7.608889724910227415e+02,1.505954019473445626e+01
7.369999999999865103e+00,-1.590711484776189177e+00,1.656703359804452047e+00,-7.209495063188352333e+02,1.465834633208682547e+01
7.374999999999864997e+00,-1.584317586350418416e+00,3.263469428887427748e-01,-6.467634226380500877e+02,1.476860222460073757e+01
7.379999999999864890e+00,-1.577139646510852034e+00,1.442162040113834198e+00,-7.775206659143686920e+02,1.525882311042506068e+01
7.384999999999864784e+00,-1.568870711375412785e+00,2.668087582417112191e+00,1.822890946266602896e+03,1.492253146440393152e+01
7.389999999999864677e+00,-1.562462209520555811e+00,1.233962509560529996e+00,-8.200699118976078807e+02,1.354125949389018579e+01
7.394999999999864571e+00,-1.554807607926257607e+00,2.676079422255160267e+00,1.960458614659172326e+03,1.458990226888968422e+01
7.399999999999864464e+00,-1.545795760012747877e+00,1.197280854780123693e+00,-8.769601965513488722e+02,1.317168903948661374e+01
7.404999999999864357e+00,-1.538081694344135109e+00,2.773530238903294975e+00,2.093050642373947085e+03,1.430538662416789464e+01
7.409999999999864251e+00,-1.531000004766003508e+00,1.467324053591109401e+00,-8.742485340465273111e+02,1.243504360815854426e+01
7.414999999999864144e+00,-1.521470770175567866e+00,3.185947591982161597e+00,2.145406136214963681e+03,1.354892772259784550e+01
7.419999999999864038e+00,-1.512657377778825474e+00,1.843974287031750592e+00,-8.259318674987940767e+02,1.138305839588433344e+01
7.424999999999863931e+00,-1.504657733345142967e+00,3.371240162820462460e-01,-1.006963315142203896e+03,1.251027902603827791e+01
7.429999999999863824e+00,-1.495550877263804423e+00,2.374462494331874396e+00,1.757974724909627184e+03,1.360374004540687842e+01
7.434999999999863718e+00,-1.487260077199996200e+00,1.173494710826123333e+00,-9.131505515923709027e+02,1.130976921374008626e+01
7.439999999999863611e+00,-1.477945585669821149e+00,3.475843731886056887e+00,2.506121819115559447e+03,1.208061982728596639e+01
7.444999999999863505e+00,-1.466246953545043752e+00,2.591369927952181573e+00,-7.576498888531150442e+02,9.052249255676519724e+00
7.449999999999863398e+00,-1.455942403494285387e+00,1.742452045143086936e+00,-8.642748009937243978e+02,9.664874276319174840e+00
7.454999999999863292e+00,-1.446080712314933070e+00,1.005935437092662532e+00,-8.672624887314011630e+02,1.010256299396954205e+01
7.459999999999863185e+00,-1.432405066150943096e+00,3.845283483248704393e+00,2.609406807263545033e+03,1.045830855035685403e+01
7.464999999999863078e+00,-1.418998082117351789e+00,2.927433155938794496e+00,-7.588635099504429036e+02,6.970901011119615021e+00
7.469999999999862972e+00,-1.408081638362646659e+00,1.713333595036133028e+00,-8.855981866043658783e+02,6.847819989397041063e+00
7.474999999999862865e+00,-1.394305723803353381e+00,3.405514520260873201e+00,1.910743097137910809e+03,6.631573161405804662e+00
7.479999999999862759e+00,-1.382798215349930082e+00,2.118124714301171441e+00,-6.231636912275340592e+02,3.470331242099577107e+00
7.484999999999862652e+00,-1.371834974788738171e+00,2.758136749092381823e+00,1.251365388952291823e+03,2.821955476750917846e+00
7.489999999999862546e+00,-1.362780513191340637e+00,1.293403068730945682e+00,-2.692440636425175171e+02,-1.760300379604565091e+00
7.494999999999862439e+00,-1.360410318407962116e+00,2.676368256228373599e-01,-1.480390494745817023e+02,-5.894733833909218568e+00
7.499999999999862332e+00,-1.363127870192624824e+00,-8.953238503266541803e-01,-8.773036130005489497e+01,-7.890750250156616019e+00
7.504999999999862226e+00,-1.371302343680236069e+00,-2.332663184959238301e+00,-4.939025512031142284e+02,-8.601832225807433119e+00
7.509999999999862119e+00,-1.385321672226270229e+00,-3.205740276338036487e+00,-2.092831519652556267e+02,-8.733548236746944582e+00
7.514999999999862013e+00,-1.403441012327417470e+00,-3.784526493537129888e+00,-9.680289134938183793e+01,-8.574549467250358603e+00
7.519999999999861906e+00,-1.423900103774605963e+00,-4.153760611243303202e+00,-1.070655868325373961e+00,-8.345292240082070379e+00
7.524999999999861799e+00,-1.444851369554651876e+00,-4.089023463951377835e+00,4.468574469727538911e+01,-8.145253190481232863e+00
7.529999999999861693e+00,-1.465232852158479204e+00,-3.931972996856432534e+00,9.650505378679547164e+01,-7.930304224842339877e+00
7.534999999999861586e+00,-1.484916790966415823e+00,-3.816794088451128886e+00,4.215414208982914346e+01,-7.635489980846205782e+00
7.539999999999861480e+00,-1.503221836221229735e+00,-3.460416441622479855e+00,9.739268959907512624e+01,-7.406770472589706777e+00
7.544999999999861373e+00,-1.520162728878293068e+00,-3.248693874659112080e+00,9.142696784367076646e+01,-7.154859732810482598e+00
7.549999999999861267e+00,-1.535509266110063553e+00,-2.911755781296463397e+00,2.341305133174389823e+02,-6.906948304044079556e+00
7.554999999999861160e+00,-1.549576038799889144e+00,-2.841768825576855395e+00,-9.923652317579498572e+01,-6.708488031332660917e+00
7.559999999999861053e+00,-1.562513925530593539e+00,-2.450404092118448229e+00,9.376907742941129698e+01,-6.400515741795677727e+00
7.564999999999860947e+00,-1.574699631088500418e+00,-2.329967537531976607e+00,4.382041530102034699e+01,-6.046418775661127398e+00
7.569999999999860840e+00,-1.585964737703782879e+00,-2.160631827401820804e+00,4.437197960608246916e+01,-5.700510483553270724e+00
7.574999999999860734e+00,-1.596039877080835501e+00,-1.911048191811400399e+00,3.545052915599817567e+01,-5.446137867384312159e+00
7.579999999999860627e+00,-1.605254660800162991e+00,-1.797303727011215990e+00,6.907906236478473261e+01,-5.167178980687916479e+00
7.584999999999860520e+00,-1.613533746735460683e+00,-1.638387142238330263e+00,-2.809072436845745813e+01,-4.596252566087876801e+00
7.589999999999860414e+00,-1.621183134215217647e+00,-1.490598183171873981e+00,6.036145972345645205e+00,-3.916741036352431315e+00
7.594999999999860307e+00,-1.628595574116882716e+00,-1.445052771600426444e+00,-3.654965326664278091e+00,-2.789328292204186877e+00
7.599999999999860201e+00,-1.636152481172072237e+00,-1.503086127719161169e+00,4.302371690173132635e+01,-1.959720290851369562e+00
7.604999999999860094e+00,-1.644094323669624158e+00,-1.630560810508395519e+00,-2.129705698340300657e+01,-1.177569072387906424e+00
7.609999999999859988e+00,-1.652068043991050894e+00,-1.553401118237796252e+00,-7.545801994067348417e+00,-8.796287630552501735e-02
7.614999999999859881e+00,-1.659084049134776251e+00,-1.313066767436186444e+00,4.526266393585117243e+01,2.668148443228541833e-01
7.619999999999859774e+00,-1.664646521979779692e+00,-9.843111523734304757e-01,5.722830094917078725e+01,1.184308025595274261e+00
7.624999999999859668e+00,-1.668146180844785942e+00,-5.425798090648156213e-01,5.382888057921201863e+01,1.957649891597063263e+00
7.629999999999859561e+00,-1.669169562718420430e+00,7.557360367875634415e-03,1.072973575044120196e+02,2.936087933668812600e+00
7.634999999999859455e+00,-1.667474805950817984e+00,4.946427719170767845e-01,1.950293369607612419e+02,4.368899749269782973e+00
7.639999999999859348e+00,-1.665192673160006409e+00,4.386818121018422056e-01,-2.032543312093312977e+02,6.707739206479034877e+00
7.644999999999859241e+00,-1.662818205154483309e+00,3.760168216637360672e-01,-2.650946922446538565e+02,9.257623003331723055e+00
7.649999999999859135e+00,-1.659593896344514485e+00,5.340170863377742272e-01,-3.405629073818941492e+02,1.179246800438234644e+01
7.654999999999859028e+00,-1.656138353416818143e+00,7.542438557567593405e-01,-4.163630543538434381e+02,1.411342962559269054e+01
7.659999999999858922e+00,-1.652695154359569596e+00,1.092321861616476930e+00,8.718413604798272445e+02,1.625530419097330181e+01
7.664999999999858815e+00,-1.649417713138294106e+00,1.077455514037379825e+00,9.405101356829652559e+02,1.695453392715233321e+01
7.669999999999858709e+00,-1.644881230975516306e+00,1.332009032699482898e+00,9.837545639996912996e+02,1.715593166955558857e+01
7.674999999999858602e+00,-1.641975633223591968e+00,8.394816005139681125e-02,-5.775467486050688422e+02,1.706732655400267262e+01
7.679999999999858495e+00,-1.638694659556111377e+00,1.714996482070389738e-01,-5.676988974295494472e+02,1.754719400913178617e+01
7.684999999999858389e+00,-1.634543883011855270e+00,6.706813041594361646e-01,-6.721387622707258060e+02,1.710406945269286894e+01
7.689999999999858282e+00,-1.631401721216005019e+00,1.213728385402768284e+00,1.213503858643382728e+03,1.725128158328919525e+01
7.694999999999858176e+00,-1.628096974162427157e+00,1.204818172293353529e+00,7.434002424739016988e+02,1.677716279396901555e+01
7.699999999999858069e+00,-1.625564147766659362e+00,-1.917141058753973337e-01,-8.236173446463301389e+02,1.753685823208889261e+01
7.704999999999857963e+00,-1.621707603603024461e+00,6.631707075380183225e-01,-7.570450846945536796e+02,1.700406816708597901e+01
7.709999999999857856e+00,-1.618316525419946750e+00,1.513464845807843240e+00,1.610528472466650328e+03,1.723515519247132488e+01
7.714999999999857749e+00,-1.614874443951135774e+00,1.441080887673861777e-01,-7.493646832809868101e+02,1.604432631654783137e+01
7.719999999999857643e+00,-1.607884196672533017e+00,1.464581426570772615e+00,-6.852424306642071770e+02,1.552468007169984077e+01
7.724999999999857536e+00,-1.601384627131517302e+00,6.637409349712710682e-01,-3.223536774571371666e+02,1.523697420564876026e+01
7.729999999999857430e+00,-1.594309872069515244e+00,1.145046816541262169e+00,-6.432046676604853701e+02,1.542221267753894409e+01
7.734999999999857323e+00,-1.584474827750081527e+00,2.566247012365200142e+00,1.780345405261545238e+03,1.495244603847515741e+01
7.739999999999857216e+00,-1.574228780324876675e+00,1.650278567925732354e+00,-7.200494805974419705e+02,1.313409998820772806e+01
7.744999999999857110e+00,-1.563564490961492082e+00,3.282418590225259614e+00,1.811517558708028673e+03,1.366825263647543309e+01
7.749999999999857003e+00,-1.552402516049728343e+00,2.357694519607050676e+00,-6.164696208983523320e+02,1.172718636182736063e+01
7.754999999999856897e+00,-1.541033125347774924e+00,1.385732458176038850e+00,-6.949519439282266831e+02,1.213492386446665172e+01
7.759999999999856790e+00,-1.526298831277022039e+00,3.164059289310691803e+00,-6.209776355487749697e+02,1.122328473496782841e+01
7.764999999999856684e+00,-1.513548896756925721e+00,2.142350599197360150e+00,-7.553895570906793182e+02,1.053984650359737252e+01
7.769999999999856577e+00,-1.500549308653011948e+00,3.761680258187487524e+00,1.873698814073200083e+03,1.083107770426846272e+01
7.774999999999856470e+00,-1.487562663958171827e+00,2.631725055729555507e+00,-7.213848949671152013e+02,8.529598558951667187e+00
7.779999999999856364e+00,-1.474368488577716851e+00,2.961273413835970203e+00,9.486582724485413110e+02,8.393021028974706255e+00
7.784999999999856257e+00,-1.463252834908783218e+00,1.650993465301071383e+00,-6.945397345807630245e+02,6.855869308483725888e+00
7.789999999999856151e+00,-1.451215837783209173e+00,2.317189221018312040e+00,-6.272352597649348809e+02,4.523585317892973023e+00
7.794999999999856044e+00,-1.442472033090937966e+00,1.501378571059069911e+00,-5.654363962770412400e+02,2.578373888670130842e+00
7.799999999999855937e+00,-1.435526316148829418e+00,1.311969594973364739e+00,1.993695912419527758e+02,1.854133700127795770e-01
7.804999999999855831e+00,-1.433839933780815201e+00,1.099967689603687515e-01,3.218819093159403906e+02,-3.054651263338108880e+00
7.809999999999855724e+00,-1.432843375620631132e+00,8.325138825844304036e-02,-1.178811507450138691e+02,-6.667806588071536922e+00
7.814999999999855618e+00,-1.435142957772917782e+00,-6.107700647201058652e-01,-5.633715920510623221e+01,-7.762696276439111642e+00
7.819999999999855511e+00,-1.440013114784001180e+00,-1.228354240054034152e+00,-1.792851973660043896e+01,-7.894744806442984597e+00
7.824999999999855405e+00,-1.447268505340869371e+00,-1.697793670428546120e+00,-1.739259455353781902e+02,-7.934088067365594910e+00
7.829999999999855298e+00,-1.456209120816624347e+00,-1.925164994482022163e+00,-7.524193992592637414e+01,-7.861189796998630186e+00
7.834999999999855191e+00,-1.466012505567435120e+00,-2.025190225925694421e+00,-3.569030286791353745e+01,-7.765652919093866124e+00
7.839999999999855085e+00,-1.476089550948808338e+00,-2.021474631391576793e+00,4.474525380978333544e+01,-7.660360372642733395e+00
7.844999999999854978e+00,-1.486055991443962387e+00,-1.963583036919079872e+00,4.977048465881310335e+01,-7.561601885477985618e+00
7.849999999999854872e+00,-1.495663580534314585e+00,-1.890497603719368147e+00,3.793927476770982743e+00,-7.483478620425918493e+00
7.854999999999854765e+00,-1.504976048089427199e+00,-1.863742520295542882e+00,-3.127491700088967974e+01,-7.358574321138773300e+00
7.859999999999854658e+00,-1.514072034007461376e+00,-1.785736189621194736e+00,5.296780581715273684e+01,-7.193147846999131012e+00
7.864999999999854552e+00,-1.522579450480826990e+00,-1.646593852172925754e+00,1.023660145188931914e+01,-7.094945751200524953e+00
7.869999999999854445e+00,-1.530389455727155568e+00,-1.512040812927413880e+00,8.061692467386231797e+00,-7.046408838677280073e+00
7.874999999999854339e+00,-1.538058064467879404e+00,-1.525844225742502447e+00,4.604687403016749947e+00,-6.887166768798381966e+00
7.879999999999854232e+00,-1.545328908820252201e+00,-1.408062588743600241e+00,4.056145207334564162e+01,-6.613499530437659146e+00
7.884999999999854126e+00,-1.552032955121589231e+00,-1.281623955286207206e+00,2.242830192652859012e+01,-6.572192649336253467e+00
7.889999999999854019e+00,-1.558430099877171626e+00,-1.222968381296269724e+00,8.021329789096239438e+01,-6.435949289868030831e+00
7.894999999999853912e+00,-1.564913682710598497e+00,-1.341168083814927359e+00,-4.984705626959554792e+01,-6.192148786611616273e+00
7.899999999999853806e+00,-1.571382693346564219e+00,-1.289158752118652274e+00,1.311137003388669164e+01,-5.699472356580884025e+00
7.904999999999853699e+00,-1.577823211177607376e+00,-1.255635795488968087e+00,4.965625608282085324e+01,-5.478098481954679855e+00
7.909999999999853593e+00,-1.584302138025696749e+00,-1.315710976092396622e+00,-2.591428940198990816e+01,-4.953030165163800014e+00
7.914999999999853486e+00,-1.590871271950047516e+00,-1.321013503291712965e+00,-1.124100666154309636e+01,-3.604778724373045584e+00
7.919999999999853380e+00,-1.597911931576712963e+00,-1.448490141258350850e+00,2.929775320266841732e+01,-2.559238470970645718e+00
7.924999999999853273e+00,-1.605903491015170603e+00,-1.684295647039394384e+00,-2.970632734073866388e+01,-1.511515356942207289e+00
7.929999999999853166e+00,-1.614160755589051366e+00,-1.604776921171249926e+00,1.884034358640107598e+01,-1.588077428796261792e-01
7.934999999999853060e+00,-1.621333030565387689e+00,-1.326228087657167043e+00,5.346292632199329375e+01,4.405455700021401189e-01
7.939999999999852953e+00,-1.626636679757808235e+00,-9.022282222700492849e-01,8.385970874149364818e+01,9.962860533400810237e-01
7.944999999999852847e+00,-1.628830434679269912e+00,-1.498819995006036299e-01,1.323862557063945076e+02,2.227374692382632304e+00
7.949999999999852740e+00,-1.626916637346390582e+00,7.245468404807753338e-01,1.775624540575999504e+02,2.667486465637281867e+00
7.954999999999852633e+00,-1.623283383252146272e+00,6.786951687180688975e-01,-1.835657643124274330e+02,3.901829827625971525e+00
7.959999999999852527e+00,-1.619028825052233556e+00,7.763217993815317852e-01,-1.936163046443846838e+02,5.654174417784592954e+00
7.964999999999852420e+00,-1.614124442548592997e+00,9.172905797238275483e-01,-2.548203818032073968e+02,7.581607120556493662e+00
7.969999999999852314e+00,-1.609327632281083220e+00,1.350939533495891576e+00,7.228820782132161185e+02,9.910845650501670434e+00
7.974999999999852207e+00,-1.604203194691188328e+00,1.471241125616140177e+00,9.170912012341644868e+02,1.195132077318617903e+01
7.979999999999852101e+00,-1.598927772611757225e+00,1.657814799992220145e+00,1.136460800201220536e+03,1.394025612250287693e+01
7.984999999999851994e+00,-1.594245935175260698e+00,4.157825508898435607e-01,-7.071257444007103459e+02,1.454030412838666209e+01
7.989999999999851887e+00,-1.587521861607572360e+00,1.279945018700795689e+00,-6.632075141164935985e+02,1.466060142141695799e+01
7.994999999999851781e+00,-1.580999360722221692e+00,2.043164468986292448e+00,1.448856868349402248e+03,1.480438673411035033e+01
7.999999999999851674e+00,-1.574928995777611584e+00,6.203849305299869998e-01,-7.527747530762798078e+02,1.382697857452922641e+01
8.004999999999851568e+00,-1.566655178549166694e+00,1.624974646085216579e+00,-6.962689233829336217e+02,1.372744531418922520e+01
8.009999999999852349e+00,-1.558507070856939736e+00,2.515036424658911862e+00,1.683005978322981264e+03,1.403709430961468740e+01
8.014999999999853131e+00,-1.550693807916273315e+00,9.301303693152935814e-01,-8.281863022881508414e+02,1.320143157876414719e+01
8.019999999999853912e+00,-1.542482022920089735e+00,2.180320897372907130e+00,1.954206303815499950e+03,1.425339752745431277e+01
8.024999999999854694e+00,-1.536167319768371842e+00,6.555096359224311664e-01,-8.857259596633822412e+02,1.311172418411738505e+01
8.029999999999855476e+00,-1.525540500074785921e+00,2.177725044683244349e+00,-8.204835589841641195e+02,1.265982960889472864e+01
8.034999999999856257e+00,-1.519251328532220002e+00,6.100328580933348510e-01,-9.535186308937826425e+02,1.207356126149441522e+01
8.039999999999857039e+00,-1.510738633939818110e+00,2.314376137092472696e+00,2.000746584409671641e+03,1.349611568092777247e+01
8.044999999999857820e+00,-1.503328363458790395e+00,8.593788722847508499e-01,-1.024845703768609383e+03,1.210042660005037973e+01
8.049999999999858602e+00,-1.493065067899501885e+00,2.887814838286571373e+00,2.448956152267699053e+03,1.340301627990286981e+01
8.054999999999859384e+00,-1.482970352841267658e+00,1.426254548645706999e+00,-9.812909622048574647e+02,1.125570023379775009e+01
8.059999999999860165e+00,-1.473149008711695185e+00,3.493212305727997791e+00,2.498351046383142602e+03,1.245735334401587124e+01
8.064999999999860947e+00,-1.462934567140206088e+00,2.175970214619281418e+00,-9.295259633787110261e+02,9.981956972182477017e+00
8.069999999999861728e+00,-1.453006150304089195e+00,6.988240171149208146e-01,-1.061020786269575865e+03,1.094643702363019777e+01
8.074999999999862510e+00,-1.441028245344080805e+00,3.546080219459330607e+00,2.969571306818578250e+03,1.231979741668757988e+01
8.079999999999863292e+00,-1.430647444293594583e+00,2.339079839712702835e+00,-8.533252502462783013e+02,8.903165660000087911e+00
8.084999999999864073e+00,-1.421288833916803940e+00,3.707859254472999577e+00,2.798548001889676470e+03,1.041749540404138230e+01
8.089999999999864855e+00,-1.409319074021027518e+00,2.670398486468434474e+00,-8.119048405520194365e+02,7.493335560032678089e+00
8.094999999999865636e+00,-1.398975195449516429e+00,1.740433719456375261e+00,-8.649757902965557150e+02,7.827989689385638883e+00
8.099999999999866418e+00,-1.389204985200887643e+00,1.013457072768333411e+00,-7.414940566488704690e+02,8.823807464430899472e+00
8.104999999999867200e+00,-1.375819634242819500e+00,3.948404825753688563e+00,2.900165293867882156e+03,9.625314345721996290e+00
8.109999999999867981e+00,-1.362196041955778592e+00,2.986209076663957962e+00,-8.093858663033830680e+02,5.701895468683689572e+00
8.114999999999868763e+00,-1.350961888093446417e+00,1.751120800701121416e+00,-9.427743746787125474e+02,5.766212704684259727e+00
8.119999999999869544e+00,-1.336236593745725454e+00,3.742141402047319598e+00,2.276992291291647234e+03,5.929165592826551645e+00
8.124999999999870326e+00,-1.323624506306667836e+00,2.474221147367928975e+00,-7.864185379036599670e+02,2.715055175999987025e+00
8.129999999999871108e+00,-1.312601983756428670e+00,2.816938458801880429e+00,1.362160505407566689e+03,2.241806128846733692e+00
8.134999999999871889e+00,-1.302415637991507058e+00,1.625368691769506047e+00,-1.955948805549679435e+02,-1.516210875220798560e+00
8.139999999999872671e+00,-1.298727657678319547e+00,7.651415226704170180e-01,-9.056861703861486035e+01,-6.194242792090980387e+00
8.144999999999873452e+00,-1.300695549482489222e+00,-1.687320388434391916e+00,-1.108364824585003134e+03,-8.324357014353060080e+00
8.149999999999874234e+00,-1.311741931203025180e+00,-2.891732022101468846e+00,-3.874066595796828096e+02,-8.909801571339441395e+00
8.154999999999875016e+00,-1.332452988750509215e+00,-4.727274909481266718e+00,-2.419571663765482299e+02,-8.728950292155296609e+00
8.159999999999875797e+00,-1.360394422832984285e+00,-6.004865551298005144e+00,-1.755999536793104312e+02,-8.206995147290113479e+00
8.164999999999876579e+00,-1.391494907412814674e+00,-6.293498095955731841e+00,1.420320524625109897e+02,-7.818908246132782125e+00
8.169999999999877360e+00,-1.423133157539792304e+00,-6.525928436819541822e+00,-2.935823004841790862e+02,-7.671037835562587226e+00
8.174999999999878142e+00,-1.452651760371441725e+00,-5.612546033738156304e+00,1.307901061591997234e+02,-7.506578753298262185e+00
8.179999999999878924e+00,-1.480239582264756937e+00,-5.209426474252152772e+00,1.123141435890544813e+02,-7.242837650663246585e+00
8.184999999999879705e+00,-1.504735396571256656e+00,-4.514505726194975921e+00,1.691143860719756731e+02,-7.049242666605062269e+00
8.189999999999880487e+00,-1.526425374529295276e+00,-4.156933191842171915e+00,3.239271653531322954e+02,-6.708202880010776248e+00
8.194999999999881268e+00,-1.544920715130197353e+00,-3.421590118298356131e+00,1.769608002731540921e+02,-6.698148876702655130e+00
8.199999999999882050e+00,-1.561525301651624842e+00,-3.075922482929026813e+00,8.779942471105277946e+01,-6.488476945398446993e+00
8.204999999999882832e+00,-1.576149410944739371e+00,-2.686517354062001761e+00,1.860605333047527381e+02,-6.217695056221598904e+00
8.209999999999883613e+00,-1.589154026017479460e+00,-2.499892072198603543e+00,1.770489696877121446e+02,-5.878451354851923938e+00
8.214999999999884395e+00,-1.600630114017261629e+00,-2.297016113673190141e+00,-9.638444516701869702e+01,-5.695777578536533881e+00
8.219999999999885176e+00,-1.610308138796808564e+00,-1.798813238090321454e+00,3.037084946350213244e+01,-5.545432786502042077e+00
8.224999999999885958e+00,-1.618978720805323679e+00,-1.633251249809137606e+00,1.440226364566250794e+01,-5.328395042770806889e+00
8.229999999999886739e+00,-1.626618201737605629e+00,-1.420051027210496031e+00,5.923127749953886223e+01,-4.872312067323881557e+00
8.234999999999887521e+00,-1.633488271584965457e+00,-1.315040110070912593e+00,4.935331022926558120e+01,-4.385567945041761284e+00
8.239999999999888303e+00,-1.639771452451464384e+00,-1.241814141730039234e+00,2.093186949191012758e+01,-3.185167585072087082e+00
8.244999999999889084e+00,-1.645945447387662686e+00,-1.244569239490850299e+00,-9.134901822952883776e+00,-2.481719676345171877e+00
8.249999999999889866e+00,-1.652343830652283962e+00,-1.306376440942899730e+00,-1.870422882048866953e+01,-1.804977777865505395e+00
8.254999999999890647e+00,-1.659272691592739157e+00,-1.405401017012693377e+00,-1.620181898006205046e+01,-7.783055074374932714e-01
8.259999999999891429e+00,-1.666313382988184433e+00,-1.385036762563402579e+00,1.915662441074650957e+01,-4.290415226627253276e-01
8.264999999999892211e+00,-1.672719332370854906e+00,-1.208207386762160551e+00,3.526156641351533239e+01,3.384207167913190206e-01
8.269999999999892992e+00,-1.677661559440213335e+00,-8.717767352491239130e-01,1.894348263335411886e+01,1.232795132227610946e+00
8.274999999999893774e+00,-1.681060152063011293e+00,-5.392251661543133734e-01,1.004130598324599362e+02,1.614203812813944650e+00
8.279999999999894555e+00,-1.682755177157608584e+00,-2.096764928829384367e-01,5.244372555314679119e+01,2.436469177165539346e+00
8.284999999999895337e+00,-1.682046558607102504e+00,3.365481558105405946e-01,7.013312926994359486e+01,3.737783686647826453e+00
8.289999999999896119e+00,-1.680369206942126326e+00,3.034515783448316628e-01,-1.770004301273409055e+02,5.609104667014637613e+00
8.294999999999896900e+00,-1.678328687806816877e+00,3.376698537614288287e-01,-9.334197770926648730e+01,8.151083717316637944e+00
8.299999999999897682e+00,-1.675926059204780882e+00,3.907574174243300114e-01,-1.904642751563056891e+02,1.076471240794689166e+01
8.304999999999898463e+00,-1.672800504741381866e+00,5.160825021910696586e-01,-2.966283686360949901e+02,1.298871059911052050e+01
8.309999999999899245e+00,-1.669753458280688996e+00,6.419905916447238292e-01,-3.644634058753833870e+02,1.495773295916314538e+01
8.314999999999900027e+00,-1.666261733702540493e+00,6.851676405147044679e-01,-3.142994391878124816e+02,1.624592106844627537e+01
8.319999999999900808e+00,-1.662545794022592061e+00,7.329906270728615558e-01,-3.543065626384335474e+02,1.693438761067886134e+01
8.324999999999901590e+00,-1.659089908021041060e+00,6.716993773112935884e-01,-1.006591568330564712e+02,1.742816727541514865e+01
8.329999999999902371e+00,-1.655670635336166319e+00,6.578892964000143673e-01,-2.441743095903036078e+02,1.725082817757603237e+01
8.334999999999903153e+00,-1.652025176336546330e+00,7.243200293675082779e-01,-4.138011329023714211e+02,1.715833744075690248e+01
8.339999999999903935e+00,-1.648797900195026811e+00,1.145746442067036019e+00,1.082600076720973902e+03,1.774807028979313017e+01
8.344999999999904716e+00,-1.645163622597795250e+00,1.198474523587698126e+00,1.013868844446651565e+03,1.735078963366460414e+01
8.349999999999905498e+00,-1.641150280485697444e+00,1.740506439675183259e+00,1.208607930382873747e+03,1.734128722275242751e+01
8.354999999999906279e+00,-1.635816950361256072e+00,5.855208962329889744e-01,-6.683614691490984114e+02,1.631974967163472101e+01
8.359999999999907061e+00,-1.628206022601247360e+00,1.543693705131422123e+00,-5.633860813023306946e+02,1.539439756599549014e+01
8.364999999999907843e+00,-1.619558532078881896e+00,2.533420236860339791e+00,1.377291187658110175e+03,1.531289248332513253e+01
8.369999999999908624e+00,-1.611598099348999114e+00,1.642176801708272738e+00,-5.367557297799501157e+02,1.423914784170356818e+01
8.374999999999909406e+00,-1.601943188854094702e+00,2.831536581078088144e+00,1.507100233795960548e+03,1.454450874144204420e+01
8.379999999999910187e+00,-1.590469174134387487e+00,1.906302090959934636e+00,-6.440350435384960974e+02,1.316311749237343243e+01
8.384999999999910969e+00,-1.579053270185500457e+00,3.206824314417357158e+00,1.500692023154077788e+03,1.342609585536370886e+01
8.389999999999911751e+00,-1.567615341657665473e+00,2.368306951415600548e+00,-5.954930984112253327e+02,1.214783292725150687e+01
8.394999999999912532e+00,-1.556158945062993126e+00,1.535646177987493033e+00,-6.102730846338190531e+02,1.229246209694541037e+01
8.399999999999913314e+00,-1.542256663732347821e+00,2.942805062635425184e+00,-5.256967370103155872e+02,1.153055791670387364e+01
8.404999999999914095e+00,-1.530602683560248423e+00,1.945924953255087964e+00,-6.534853201305343191e+02,1.089433224083754403e+01
8.409999999999914877e+00,-1.516977018759379181e+00,3.278892513856178414e+00,1.676540946454106233e+03,1.115329479753985886e+01
8.414999999999915659e+00,-1.503899522877461647e+00,2.176015872454571731e+00,-6.886471335156287523e+02,9.644635709688772707e+00
8.419999999999916440e+00,-1.491696240530430373e+00,3.357290876403326685e+00,1.610186386424453531e+03,9.774743651217487894e+00
8.424999999999917222e+00,-1.480528309859121538e+00,1.685028888507613010e+00,-4.404256336810073549e+02,7.501961086026842196e+00
8.429999999999918003e+00,-1.468519672128256071e+00,2.358766650452480462e+00,-5.746001886755014993e+02,6.261651523094797334e+00
8.434999999999918785e+00,-1.458553539339141336e+00,1.793336652645200591e+00,-5.445068457739065479e+02,4.120889100829154827e+00
8.439999999999919567e+00,-1.450083550588401327e+00,1.962798244705428408e+00,5.949236625267284353e+02,2.703756156717850523e+00
8.444999999999920348e+00,-1.443572405580730633e+00,1.231499249401480922e+00,4.005254621944187221e+01,-8.553478593225616322e-02
8.449999999999921130e+00,-1.443430919197106199e+00,-7.258248339461511600e-01,-4.314026566434690153e+02,-2.825190289143200584e+00
8.454999999999921911e+00,-1.444568887449415584e+00,-3.654944206522635630e-01,-9.464001180197954000e+01,-4.866818363773462330e+00
8.459999999999922693e+00,-1.447908779330734141e+00,-7.138715044408661115e-01,4.158941628846923777e+01,-7.029975836803618705e+00
8.464999999999923475e+00,-1.452429021165581702e+00,-1.212212161302017810e+00,-2.724821562604255973e+02,-7.494531621943242072e+00
8.469999999999924256e+00,-1.458247062239691916e+00,-1.226182752792919439e+00,-2.849175031149277970e+01,-7.511351060030953875e+00
8.474999999999925038e+00,-1.464902661360292235e+00,-1.362441713804840360e+00,-4.026446306110447892e+01,-7.503013924955784120e+00
8.479999999999925819e+00,-1.471852167241611165e+00,-1.436830279326289261e+00,-5.634736785612067678e+01,-7.468454558711539626e+00
8.484999999999926601e+00,-1.478696491624837517e+00,-1.390536767408339092e+00,-2.945306056316388421e+01,-7.471235988409501871e+00
8.489999999999927383e+00,-1.485283742838287901e+00,-1.324034544404479652e+00,-2.494266958651233423e+01,-7.451392172902439270e+00
8.494999999999928164e+00,-1.491498852285181975e+00,-1.240202739994028303e+00,-1.191661641841448116e+01,-7.420950158918804718e+00
8.499999999999928946e+00,-1.497328350309566680e+00,-1.158356221560862487e+00,8.843519152110573600e+00,-7.383944712762125384e+00
8.504999999999929727e+00,-1.502831591466494254e+00,-1.059079877764430577e+00,-2.481641690107856135e+01,-7.373519709679993817e+00
8.509999999999930509e+00,-1.508059606161155974e+00,-1.022435275256428300e+00,3.381458140334200380e+01,-7.302244368424744891e+00
8.514999999999931291e+00,-1.513370995995932722e+00,-1.073208118381001830e+00,-7.588309521953158221e-01,-7.186188120406845847e+00
8.519999999999932072e+00,-1.518848349482429194e+00,-1.109595837302881138e+00,-2.242725117996143425e+01,-7.068697845716794603e+00
8.524999999999932854e+00,-1.524140869861619452e+00,-1.009948440121730240e+00,4.773876667115261796e+01,-6.989733405929190901e+00
8.529999999999933635e+00,-1.529679896733510791e+00,-1.175212337112211181e+00,-5.715888925540540555e+01,-6.954871575813920792e+00
8.534999999999934417e+00,-1.535234959454647052e+00,-1.079826209977572615e+00,1.029534181766462630e+01,-6.606998234464017905e+00
8.539999999999935199e+00,-1.540953442858312927e+00,-1.148960122939260087e+00,2.985718929954354195e+01,-6.595773418014612588e+00
8.544999999999935980e+00,-1.547373348126761305e+00,-1.351224041553101163e+00,-2.611594372700746192e+01,-6.242215929995358792e+00
8.549999999999936762e+00,-1.554233557559677958e+00,-1.411694672214248492e+00,-5.891503117654109900e+01,-5.802547072797216821e+00
8.554999999999937543e+00,-1.561472404363905442e+00,-1.453387006899399481e+00,3.504005483683899058e+01,-5.487294692234693017e+00
8.559999999999938325e+00,-1.569074271652705299e+00,-1.550956313106738316e+00,-2.217644537490946810e+00,-4.986375179583230732e+00
8.564999999999939106e+00,-1.576914494535424316e+00,-1.592195657649694507e+00,-4.016865560484046682e+01,-3.771915687612869661e+00
8.569999999999939888e+00,-1.585367899560365501e+00,-1.740571456666163863e+00,2.580550312869386076e+01,-2.557804639733533669e+00
8.574999999999940670e+00,-1.594899216788744800e+00,-2.004923915009272584e+00,-4.396334916038688334e+01,-1.433546424152288168e+00
8.579999999999941451e+00,-1.604468306974356606e+00,-1.824856262142422691e+00,4.774050298290246275e+01,3.085298550571091702e-02
8.584999999999942233e+00,-1.612576696462982850e+00,-1.493634360841941788e+00,6.416983468135124724e+01,5.198633373800265467e-01
8.589999999999943014e+00,-1.618260226742272989e+00,-9.144248839206006174e-01,1.021254980174306581e+02,1.373305327699826606e+00
8.594999999999943796e+00,-1.620072704175143041e+00,-1.133111168910692218e-02,1.747649535712996851e+02,2.508454248360505456e+00
8.599999999999944578e+00,-1.617177647344911762e+00,7.759340254692084216e-01,5.871319859212251657e+01,3.477788547638327454e+00
8.604999999999945359e+00,-1.613409480976342181e+00,7.767995471981885558e-01,-1.757720186892414063e+02,4.830549233916977769e+00
8.609999999999946141e+00,-1.608978950523943574e+00,8.080565362476377356e-01,-2.582688054396680855e+02,6.961718843220825015e+00
8.614999999999946922e+00,-1.604389896783820824e+00,9.105449207440599046e-01,-3.102824041253035716e+02,9.140672846382777550e+00
8.619999999999947704e+00,-1.599594688494914374e+00,1.450456851997204755e+00,9.383914959387079762e+02,1.184681826786411207e+01
8.624999999999948486e+00,-1.593874221306699868e+00,2.012201936167570260e+00,1.130465956713939704e+03,1.346980967730280909e+01
8.629999999999949267e+00,-1.587420433621043347e+00,7.628245471559211843e-01,-7.144772129138732453e+02,1.405383378493957025e+01
8.634999999999950049e+00,-1.579172297023238025e+00,1.560359769889879455e+00,-6.490247525310807077e+02,1.415203830487685721e+01
8.639999999999950830e+00,-1.571235901984546990e+00,2.171579319602485292e+00,1.283494572357424659e+03,1.442450914293213771e+01
8.644999999999951612e+00,-1.564159794424071714e+00,8.245857366361891705e-01,-7.680718034258934495e+02,1.407226554828432619e+01
8.649999999999952394e+00,-1.554655132947650786e+00,1.913977587969342808e+00,-6.961594954025489415e+02,1.331683318460168408e+01
8.654999999999953175e+00,-1.549941317416718256e+00,3.447952726177461735e-01,-8.426136122360466061e+02,1.344365420716061621e+01
8.659999999999953957e+00,-1.541494133117129683e+00,1.751742296965222767e+00,-7.430129739168344258e+02,1.333080074899873324e+01
8.664999999999954738e+00,-1.534727474379038448e+00,2.955720526579621588e-01,-7.115605073612430260e+02,1.324241064628939846e+01
8.669999999999955520e+00,-1.526462807077603179e+00,1.787746940085040759e+00,-8.091817824325853508e+02,1.366212579055211762e+01
8.674999999999956302e+00,-1.519352051120376856e+00,1.609164716393186867e-01,-9.794979338570805112e+02,1.284488407185473946e+01
8.679999999999957083e+00,-1.509926670171486851e+00,1.989287815764102740e+00,-8.525462048425121111e+02,1.213255166739347501e+01
8.684999999999957865e+00,-1.502255659861410964e+00,2.895565135645172816e+00,2.140993679400842211e+03,1.246900079608356116e+01
8.689999999999958646e+00,-1.494973813728107226e+00,1.380775121706750319e+00,-9.684171218678474133e+02,1.135311539771322487e+01
8.694999999999959428e+00,-1.485452171970484958e+00,3.352327789269479830e+00,2.373470816277120321e+03,1.221472417318808290e+01
8.699999999999960210e+00,-1.476107328364336446e+00,1.972388778012101440e+00,-9.281211850599266882e+02,1.031289886655524057e+01
8.704999999999960991e+00,-1.466985681690720300e+00,5.581318400868706675e-01,-9.981655875135633096e+02,1.151140577476806648e+01
8.709999999999961773e+00,-1.456250435775759300e+00,3.245349530893796075e+00,2.911932961416569924e+03,1.283221601518419241e+01
8.714999999999962554e+00,-1.445962980989853763e+00,1.354641234130695260e+00,-9.445493978303104541e+02,1.013620362637209382e+01
8.719999999999963336e+00,-1.434995682694020669e+00,3.924607453259151058e+00,2.668284911022158667e+03,1.115423992760849714e+01
8.724999999999964118e+00,-1.422124125652884929e+00,2.831792335071467548e+00,-7.997280097739539997e+02,7.996522384582410936e+00
8.729999999999964899e+00,-1.411569892680912597e+00,1.725704075015591199e+00,-9.427518934725711688e+02,9.002554319604932687e+00
8.734999999999965681e+00,-1.401838885790944289e+00,8.746497667834302048e-01,-9.340090874979331375e+02,9.564602912935917800e+00
8.739999999999966462e+00,-1.387665288192667656e+00,4.099810284792617665e+00,2.971623272467623337e+03,9.972858122928059288e+00
8.744999999999967244e+00,-1.372592250648672740e+00,3.359981358601477286e+00,-7.428516096155452715e+02,6.219478738898764014e+00
8.749999999999968026e+00,-1.358643907986813559e+00,2.441121336669099140e+00,-9.103565003200785668e+02,6.303173104791520487e+00
8.754999999999968807e+00,-1.345862624340359526e+00,1.474396670713254975e+00,-9.437093745567937049e+02,6.448322576707855802e+00
8.759999999999969589e+00,-1.330204854530166347e+00,4.157176592684416860e+00,2.603250586091759487e+03,6.878814943417740579e+00
8.764999999999970370e+00,-1.316135538755591528e+00,2.863355396816565257e+00,-8.306136463088154187e+02,3.333244828754470035e+00
8.769999999999971152e+00,-1.305017896044333492e+00,2.520834878486644115e+00,3.876361331018189844e+02,3.420378221718844980e+00
8.774999999999971934e+00,-1.292640026841275658e+00,2.186758050335870784e+00,-4.428383237593258741e+02,8.267307011479227974e-01
8.779999999999972715e+00,-1.283868032612405230e+00,1.627542745472819297e+00,-5.342888911699719756e+02,-3.469990465714153594e+00
8.784999999999973497e+00,-1.279019630955195996e+00,4.071035767741954525e-01,-2.687151643850603477e+02,-7.359493069646865671e+00
8.789999999999974278e+00,-1.285219892595722557e+00,-1.925696798150516642e+00,-3.694321955724663553e+02,-8.730921005681619107e+00
8.794999999999975060e+00,-1.302732772559968222e+00,-4.381632892024343917e+00,-3.762851701708589758e+02,-8.685338186376929670e+00
8.799999999999975842e+00,-1.329526962615455332e+00,-5.947133081549208278e+00,-1.318694002296882672e+02,-8.357265841969315545e+00
8.804999999999976623e+00,-1.362195279167750961e+00,-7.020029305416585430e+00,-3.369975453438112822e+02,-8.136321494908409946e+00
8.809999999999977405e+00,-1.397227666896810216e+00,-7.031615898109219387e+00,-2.315841438096797766e+00,-7.750342087429967997e+00
8.814999999999978186e+00,-1.431747278347846208e+00,-6.568179066689159740e+00,1.780771792137041700e+02,-7.444478524043610435e+00
8.819999999999978968e+00,-1.463964070981952581e+00,-6.100865958005634582e+00,1.603213869673522538e+02,-7.197384341345165026e+00
8.824999999999979750e+00,-1.492727816899522608e+00,-5.437548803766494743e+00,5.332466211709931940e+02,-6.801152956780743608e+00
8.829999999999980531e+00,-1.517501672876413243e+00,-4.664165785863271907e+00,1.420121453692580076e+02,-6.881200208740478885e+00
8.834999999999981313e+00,-1.539483475221079978e+00,-4.011915611460707076e+00,1.406396338273437721e+02,-6.673161946613755724e+00
8.839999999999982094e+00,-1.557844688173734005e+00,-3.332835280657725274e+00,2.138224708508574565e+02,-6.583636665461441773e+00
8.844999999999982876e+00,-1.573428222412138533e+00,-3.166239332155359687e+00,-1.966962426181673607e+02,-6.462462938394970102e+00
8.849999999999983658e+00,-1.586662968762367676e+00,-2.423992939747879216e+00,1.297999766131792967e+02,-6.212015255318522833e+00
8.854999999999984439e+00,-1.598502971934685490e+00,-2.200468792065343848e+00,7.601877530832999241e+01,-5.960621820127647297e+00
8.859999999999985221e+00,-1.608865013236776109e+00,-1.946547669200807906e+00,8.992789259346169217e+01,-5.629289183103359129e+00
8.864999999999986002e+00,-1.617655717526569781e+00,-1.655622700738595299e+00,1.246945096904041748e+02,-5.422268125300883312e+00
8.869999999999986784e+00,-1.625382138280916156e+00,-1.567450427032452520e+00,-8.645519860877936935e+01,-5.266086820592098761e+00
8.874999999999987566e+00,-1.632145379886975167e+00,-1.238988315508332549e+00,7.984719907332922162e+01,-4.786140283250331251e+00
8.879999999999988347e+00,-1.638301014123471067e+00,-1.173983548396989596e+00,8.515753949582475002e+00,-4.362835885377222667e+00
8.884999999999989129e+00,-1.644099163573205624e+00,-1.100465778934446970e+00,5.508285407100261466e+01,-3.186747663997864244e+00
8.889999999999989910e+00,-1.649888331673368125e+00,-1.152226250057094781e+00,1.953357827604053654e+01,-2.306957836005176787e+00
8.894999999999990692e+00,-1.656011364584270673e+00,-1.319829053855967826e+00,-1.098069236329430822e+02,-1.416819814660744470e+00
8.899999999999991473e+00,-1.662641352080880486e+00,-1.370547522960414044e+00,-3.495685597184648685e+01,-9.228438640441216645e-01
8.904999999999992255e+00,-1.669249261687176134e+00,-1.303165710047856862e+00,-1.344165966305672733e+01,-2.247984359894608097e-01
8.909999999999993037e+00,-1.675190672317381724e+00,-1.098276763751989682e+00,7.242610256007657199e+01,3.279472576087352209e-01
8.914999999999993818e+00,-1.680061245998996977e+00,-8.956589035148460054e-01,3.239099316885642565e+01,9.056855426465503234e-01
8.919999999999994600e+00,-1.683492222663686810e+00,-5.737228564656594587e-01,2.408509953566933603e+01,1.774833219216369384e+00
8.924999999999995381e+00,-1.685252363128969533e+00,-1.960866765964174030e-01,1.029106466464325393e+02,2.465574371487500915e+00
8.929999999999996163e+00,-1.684766366174455410e+00,3.079383492403978129e-01,1.104689116935473123e+02,3.814717408318534897e+00
8.934999999999996945e+00,-1.683411424805744350e+00,2.591040205694259413e-01,-1.235289519188007858e+02,5.776646406584754700e+00
8.939999999999997726e+00,-1.681279121545266264e+00,5.441035080228319165e-01,2.337819929768864995e+02,8.341442618884311599e+00
8.944999999999998508e+00,-1.679240935043288863e+00,4.131643284863504295e-01,5.968574983717709159e+01,1.119538779360124536e+01
8.949999999999999289e+00,-1.677019789499172520e+00,5.796903022262783756e-01,1.705130997307542202e+02,1.324194367779493220e+01
8.955000000000000071e+00,-1.674027444327879532e+00,5.973853186356288258e-01,-2.918093094884808352e+02,1.551321175724388368e+01
8.960000000000000853e+00,-1.670657741630408255e+00,7.410625197272192599e-01,-3.771285983906424804e+02,1.648476530032922582e+01
8.965000000000001634e+00,-1.667421316134603648e+00,8.722491998698066462e-01,4.798247017409835280e+02,1.731472340927550491e+01
8.970000000000002416e+00,-1.663418828579043884e+00,1.217822712423914933e+00,9.461515398223637021e+02,1.743032515451561792e+01
8.975000000000003197e+00,-1.659365666832732567e+00,1.469771439277564928e+00,9.353539631505456100e+02,1.732164603960184479e+01
8.980000000000003979e+00,-1.655766293390084964e+00,1.844897582137028091e-01,-5.919188908879781366e+02,1.733806079236685704e+01
8.985000000000004761e+00,-1.651751492743665617e+00,6.462828597429705058e-01,-5.648454940809625668e+02,1.728797951531678478e+01
8.990000000000005542e+00,-1.648156356649929322e+00,6.608614950400586441e-01,-5.901249151462129703e+02,1.684714896955349772e+01
8.995000000000006324e+00,-1.643763942216227791e+00,9.946448020913130073e-01,-6.272515194540101220e+02,1.657829815418226360e+01
9.000000000000007105e+00,-1.639119421898398210e+00,1.541162471642174348e+00,1.263004113341740776e+03,1.711761465383425573e+01
9.005000000000007887e+00,-1.635554770227944266e+00,1.208734119026021320e-01,-7.529751234290260982e+02,1.671911107129685092e+01
9.010000000000008669e+00,-1.630449280808194956e+00,9.373085034089301271e-01,-6.718854443465664872e+02,1.689059532999349145e+01
9.015000000000009450e+00,-1.625703117199761349e+00,1.729666018484965484e+00,1.537461906753462017e+03,1.710250028687315549e+01
9.020000000000010232e+00,-1.621239661796644693e+00,3.428299674671855812e-01,-7.290416828079214611e+02,1.634610071025146638e+01
9.025000000000011013e+00,-1.613761419733546143e+00,1.569981335937956191e+00,-6.108235109345321234e+02,1.577281824934919108e+01
9.030000000000011795e+00,-1.605415991322844071e+00,2.256104251988117149e+00,1.185703551119856911e+03,1.529874927967766851e+01
9.035000000000012577e+00,-1.596968500176322969e+00,1.237062958707018323e+00,-6.282831504436414889e+02,1.463501807471399907e+01
9.040000000000013358e+00,-1.587443007075768353e+00,2.457516663847585381e+00,1.564263221440235156e+03,1.473730424487133739e+01
9.045000000000014140e+00,-1.577894434532902679e+00,1.522516554902991315e+00,-7.169188132939937077e+02,1.312012190409741841e+01
9.050000000000014921e+00,-1.565719812177411185e+00,3.072264851900468940e+00,1.818026057207095846e+03,1.368467162273670645e+01
9.055000000000015703e+00,-1.553225694560777193e+00,2.087796064992812450e+00,-7.244776822997664567e+02,1.176604650101450034e+01
9.060000000000016485e+00,-1.540437961077772089e+00,3.656164608163460006e+00,1.753704782466979850e+03,1.221709375523400176e+01
9.065000000000017266e+00,-1.527310626364571045e+00,2.722861223187036384e+00,-6.527347330375689580e+02,1.034486492377322442e+01
9.070000000000018048e+00,-1.514540572276165564e+00,1.622580000451129711e+00,-7.482889052808712904e+02,1.048415437273613904e+01
9.075000000000018829e+00,-1.500304320855401885e+00,2.674851914754693638e+00,-5.399066546937609701e+02,1.007632093788900640e+01
9.080000000000019611e+00,-1.486926740141686798e+00,3.476718341817036872e+00,1.559478983923960186e+03,9.527940925560928420e+00
9.085000000000020393e+00,-1.475335801845262917e+00,1.516654468082816676e+00,-7.842150519130897237e+02,7.389402385027101339e+00
9.090000000000021174e+00,-1.463556467201949429e+00,2.248524262883233593e+00,-4.989102550586299003e+02,5.531677417967928001e+00
9.095000000000021956e+00,-1.453674655498518486e+00,1.719002482801060605e+00,-5.660839414958556972e+02,3.515452192274837184e+00
9.100000000000022737e+00,-1.445809387449187300e+00,1.732977020702910265e+00,3.745686062759532433e+02,1.416577259238869013e+00
9.105000000000023519e+00,-1.441066724434008961e+00,7.865282048350169530e-01,8.629674958330552670e+01,-1.571482342401920418e+00
9.110000000000024301e+00,-1.439376617837734074e+00,3.876162678997652211e-01,-8.540969066313331837e+01,-4.117004786154773832e+00
9.115000000000025082e+00,-1.438725174792680139e+00,-4.579599390516203572e-01,-6.101175566899255500e+02,-7.132415534628517406e+00
9.120000000000025864e+00,-1.439973156427540868e+00,-3.868829398350288606e-01,-1.099931435992813960e+02,-8.009588885614840947e+00
9.125000000000026645e+00,-1.443211744107853578e+00,-7.649672902168405120e-01,-7.452965630898566474e+01,-8.087482834457894398e+00
9.130000000000027427e+00,-1.448071708884849373e+00,-1.127486220105187176e+00,-9.213120714868628625e+01,-8.123508523087362931e+00
9.135000000000028209e+00,-1.453854500852433951e+00,-1.205175476585937933e+00,-1.868854235021656507e+01,-8.057341330546037739e+00
9.140000000000028990e+00,-1.459986504673780550e+00,-1.277094119819839779e+00,-6.518429880519468611e+01,-8.121892577175348293e+00
9.145000000000029772e+00,-1.466295255347451310e+00,-1.266505779314053282e+00,1.028600199179382102e+01,-8.022011420670404291e+00
9.150000000000030553e+00,-1.472733300135302903e+00,-1.290939959810438520e+00,-5.451224848434844006e+01,-8.004813564034654050e+00
9.155000000000031335e+00,-1.478945480062701323e+00,-1.253881417594873149e+00,-4.683807344491881253e+01,-7.956874587892713180e+00
9.160000000000032117e+00,-1.485153267016645184e+00,-1.230728081116990280e+00,-4.177217103752690619e+00,-7.859106427189342270e+00
9.165000000000032898e+00,-1.491469711986922908e+00,-1.286941854757620574e+00,-3.074638011579233421e+01,-7.751554494589949940e+00
9.170000000000033680e+00,-1.497602299387479130e+00,-1.195073806719096021e+00,-9.606849037100866795e+00,-7.629651859867332853e+00
9.175000000000034461e+00,-1.503623199306435287e+00,-1.206584421471937674e+00,1.289407030862341408e+01,-7.555140931031218088e+00
9.180000000000035243e+00,-1.509816995452586852e+00,-1.268784875525166722e+00,-3.657905272673059471e+01,-7.393017096958233836e+00
9.185000000000036025e+00,-1.516086832522414163e+00,-1.271606293273495059e+00,-3.997186853754205060e+01,-7.246504807379595015e+00
9.190000000000036806e+00,-1.522533085464521374e+00,-1.281312321520140740e+00,4.417147161020375989e+01,-7.044751887572303417e+00
9.195000000000037588e+00,-1.529445038830171466e+00,-1.454417730271477804e+00,-6.373941259256445591e+01,-6.805928390690169749e+00
9.200000000000038369e+00,-1.536691543937024340e+00,-1.462393621114486342e+00,-3.382225785670372886e+01,-6.362737026765659998e+00
9.205000000000039151e+00,-1.544440447654292781e+00,-1.595176586771227534e+00,-2.388000130332281401e+01,-6.124603838022179225e+00
9.210000000000039933e+00,-1.552869472790975092e+00,-1.734550934130325350e+00,-1.096249078293030976e+01,-5.613194678875624177e+00
9.215000000000040714e+00,-1.561502296863407580e+00,-1.744102381392984347e+00,-1.495209247059751334e+01,-4.882096841040161728e+00
9.220000000000041496e+00,-1.570421130765201179e+00,-1.785787990135752512e+00,5.094915828263068391e+01,-4.143288871701931164e+00
9.225000000000042277e+00,-1.579855423405444714e+00,-1.985411136430113466e+00,-8.929457197338760466e+01,-3.352609899191297593e+00
9.230000000000043059e+00,-1.590336955316626444e+00,-2.186859562723345363e+00,-5.284227356709040890e+01,-1.854907344335447350e+00
9.235000000000043840e+00,-1.602133451836375455e+00,-2.406787248494731912e+00,1.320846631702795904e+01,-1.073806795066987840e+00
9.240000000000044622e+00,-1.613788827081549471e+00,-2.273344050283913731e+00,3.194675638438963716e+01,-1.812930025286110247e-01
9.245000000000045404e+00,-1.622924856513122682e+00,-1.576870646183779812e+00,9.932311749441095117e+01,1.357297900218029429e+00
9.250000000000046185e+00,-1.628569047385031165e+00,-8.569210412995870163e-01,1.313601765342263832e+02,1.861933615986819168e+00
9.255000000000046967e+00,-1.630135670662490988e+00,3.520503218709352539e-02,1.777229272092609733e+02,2.693785711603975841e+00
9.260000000000047748e+00,-1.627191009997348337e+00,8.272085370350679145e-01,2.682689469685177528e+02,3.958219342419036391e+00
9.265000000000048530e+00,-1.623557314085264602e+00,7.928308219780628718e-01,1.722774604785768418e+02,5.856342649501605990e+00
9.270000000000049312e+00,-1.619474203256058731e+00,1.027379068926163930e+00,4.249520522210416402e+02,7.782934736557773014e+00
9.275000000000050093e+00,-1.614268405420789421e+00,1.396903079271293535e+00,7.334851576741684767e+02,1.005564237257807214e+01
9.280000000000050875e+00,-1.610116301933953276e+00,4.028150156048902475e-01,-5.528229936584424422e+02,1.231785587289146378e+01
9.285000000000051656e+00,-1.603918194437768507e+00,1.187694716718645349e+00,-5.699858664389664682e+02,1.432091060591995024e+01
9.290000000000052438e+00,-1.597595875734222570e+00,1.995152471359677993e+00,1.397103453698698786e+03,1.539053108967107342e+01
9.295000000000053220e+00,-1.591644053243272738e+00,6.308881552200582554e-01,-7.399698816119321236e+02,1.519395475451235455e+01
9.300000000000054001e+00,-1.583731418081615328e+00,1.536755862425877472e+00,-6.564751891257336638e+02,1.464145158925291845e+01
9.305000000000054783e+00,-1.576140868204793488e+00,2.327304017671708802e+00,1.601762083369322227e+03,1.475217230985299821e+01
9.310000000000055564e+00,-1.568899960748531441e+00,8.088680926270079841e-01,-8.293027496481307708e+02,1.397720979463230151e+01
9.315000000000056346e+00,-1.561322276816709875e+00,2.009864687103680048e+00,1.869232423829162144e+03,1.514181681942674551e+01
9.320000000000057128e+00,-1.555705911231924476e+00,5.019157790562599475e-01,-8.650818726673873016e+02,1.385807684416963426e+01
9.325000000000057909e+00,-1.546182859304924717e+00,1.962491721325691385e+00,-7.495888256714889621e+02,1.356546509806296008e+01
9.330000000000058691e+00,-1.541140974754266146e+00,3.966104695511706302e-01,-8.936502843817886514e+02,1.337501096858949090e+01
9.335000000000059472e+00,-1.531059222078898774e+00,2.164176063066504785e+00,-7.814993143250835601e+02,1.334663783675398108e+01
9.340000000000060254e+00,-1.525041248518973491e+00,6.097693876216722098e-01,-9.170689447203731106e+02,1.288366461760375437e+01
9.345000000000061036e+00,-1.516304384078985157e+00,2.578468804161495598e+00,2.448651119484571609e+03,1.452588107190035416e+01
9.350000000000061817e+00,-1.507887818504365818e+00,1.043553761105077138e+00,-1.024113505735518402e+03,1.203939438915632643e+01
9.355000000000062599e+00,-1.500941165084466622e+00,2.747140835930935054e+00,2.479588726683379718e+03,1.359577419014105892e+01
9.360000000000063380e+00,-1.491428696645983987e+00,1.342598127274349240e+00,-9.717135339664232561e+02,1.155299514689691343e+01
9.365000000000064162e+00,-1.481747069911345749e+00,3.514327483865344437e+00,2.540335779500226181e+03,1.272474586388496576e+01
9.370000000000064944e+00,-1.471256069683425149e+00,2.217388335340319649e+00,-9.132212357302176997e+02,9.807525412043547774e+00
9.375000000000065725e+00,-1.464057822073386195e+00,9.193520271858477422e-01,-1.033219624356564282e+03,1.090582673557847038e+01
9.380000000000066507e+00,-1.451100421904591764e+00,3.744350830781225881e+00,2.890595497327350586e+03,1.207891826101299415e+01
9.385000000000067288e+00,-1.438842589893664092e+00,2.779543898743454200e+00,-7.552935806711973328e+02,8.527836313512473509e+00
9.390000000000068070e+00,-1.428043256319736498e+00,1.843012124449297628e+00,-8.818093869152627349e+02,9.002289503207567378e+00
9.395000000000068852e+00,-1.418073779154479741e+00,9.258250893006145787e-01,-9.264609682422146761e+02,9.184615333982195651e+00
9.400000000000069633e+00,-1.403904421527634172e+00,4.026011626173639613e+00,2.787745250151871005e+03,9.955316090032557241e+00
9.405000000000070415e+00,-1.389763178532007704e+00,3.081296757614981008e+00,-7.890575390829401385e+02,6.212262339466080974e+00
9.410000000000071196e+00,-1.378112476702512135e+00,1.854273823529793086e+00,-9.273485581964781659e+02,6.045030653426834100e+00
9.415000000000071978e+00,-1.364666946903743350e+00,2.968075356402390952e+00,1.207642849020851827e+03,5.874506499656981795e+00
9.420000000000072760e+00,-1.352951180466279713e+00,1.753285327174920916e+00,-7.821050044131634422e+02,3.019492207257190586e+00
9.425000000000073541e+00,-1.340941260354170828e+00,2.296996109894157811e+00,-5.900723373636948281e+02,1.732909741903216894e+00
9.430000000000074323e+00,-1.332445324249535101e+00,1.596422798128606324e+00,-5.619022441244163701e+02,-2.739849825095926228e+00
9.435000000000075104e+00,-1.326454103969610498e+00,8.246180357586472276e-01,-1.875969867704413332e+02,-6.558279920232491733e+00
9.440000000000075886e+00,-1.328006746205281585e+00,-7.277146947616738304e-01,-3.096996117293573434e+02,-8.221560431787564127e+00
9.445000000000076668e+00,-1.337413646573466730e+00,-2.508538733483043792e+00,-2.191608269596947878e+02,-8.585443431403330550e+00
9.450000000000077449e+00,-1.354793381893360182e+00,-4.087205892326933210e+00,-2.151296954326197692e+02,-8.417163096755126972e+00
9.455000000000078231e+00,-1.377825260348153558e+00,-4.959084539108299161e+00,-1.027949147028119796e+02,-8.228528570169904910e+00
9.460000000000079012e+00,-1.404029310454083301e+00,-5.379762056208020837e+00,7.623226777697580303e+01,-7.998328777138572043e+00
9.465000000000079794e+00,-1.430724289801861504e+00,-5.265591081745045088e+00,1.799695125695759259e+02,-7.811641435170393777e+00
9.470000000000080576e+00,-1.456125046988124616e+00,-5.125862021807508384e+00,-1.368203007039099077e+02,-7.767473987515790768e+00
9.475000000000081357e+00,-1.479832085584104062e+00,-4.570857960977059875e+00,9.460295069680654478e+01,-7.514061402565976877e+00
9.480000000000082139e+00,-1.501547106124934583e+00,-4.021638397832619560e+00,1.748334173657588622e+02,-7.305180888830795638e+00
9.485000000000082920e+00,-1.521118900995366952e+00,-3.689954056892016609e+00,9.764286418884015006e+01,-7.079402781030270653e+00
9.490000000000083702e+00,-1.538537122643134802e+00,-3.279845625830844380e+00,1.314634693606142548e+02,-6.836765157254784953e+00
9.495000000000084484e+00,-1.553526564266128229e+00,-2.815621236535714278e+00,2.139884377161961595e+02,-6.677822045922757965e+00
9.500000000000085265e+00,-1.566890660516460754e+00,-2.700351633296150577e+00,-1.200581420112868045e+02,-6.525053716334241471e+00
9.505000000000086047e+00,-1.578842400499343324e+00,-2.249356651683887431e+00,8.943715195375079929e+01,-6.201878465888122527e+00
9.510000000000086828e+00,-1.589948727185273913e+00,-2.129435305396647493e+00,4.399030991711130767e+00,-5.887064669476822942e+00
9.515000000000087610e+00,-1.600125274285058241e+00,-1.938293378500261843e+00,3.043583875616073797e+01,-5.525411276175637099e+00
9.520000000000088392e+00,-1.609199666462851175e+00,-1.695422097771520864e+00,1.006942834819523682e+02,-5.205235772576846998e+00
9.525000000000089173e+00,-1.617506425937517589e+00,-1.617511700856796963e+00,8.574542438731870675e+01,-4.834142705070466839e+00
9.530000000000089955e+00,-1.625179643374659477e+00,-1.505106007779508204e+00,8.983692318421432343e-01,-4.321765339485692081e+00
9.535000000000090736e+00,-1.632300678449886133e+00,-1.378364219341079222e+00,2.082131924121012645e+01,-3.705824688988164528e+00
9.540000000000091518e+00,-1.639463450712395298e+00,-1.410283605641996951e+00,1.965720842091367970e+01,-2.654256237858975354e+00
9.545000000000092300e+00,-1.647109725182092976e+00,-1.554374475432041880e+00,-2.390246100315808420e+00,-2.014275848017952342e+00
9.550000000000093081e+00,-1.655232413904139888e+00,-1.634510043733607088e+00,2.878843362287469532e+01,-1.006568477628529301e+00
9.555000000000093863e+00,-1.663693573746975352e+00,-1.619724430428323814e+00,8.058754843696461023e+01,-5.206101952808284139e-01
9.560000000000094644e+00,-1.671438941150962920e+00,-1.461870834633607119e+00,3.974160955163254982e+01,1.902746472895554541e-01
9.565000000000095426e+00,-1.677950891419043522e+00,-1.189348244502235641e+00,6.997867560166746159e+01,6.362826832536769839e-01
9.570000000000096207e+00,-1.683036416625439458e+00,-8.909592783850888154e-01,7.733485167652777648e+01,1.259295566820392676e+00
9.575000000000096989e+00,-1.686420528441984423e+00,-5.398504881071994888e-01,5.194641858700620674e+01,2.243568778688475263e+00
9.580000000000097771e+00,-1.687828034549248457e+00,-1.076049143260053437e-01,9.928193784431057622e+01,3.127726115394213746e+00
9.585000000000098552e+00,-1.687098918280154125e+00,2.814776763532859660e-01,1.765253415795818626e+02,4.848679515271905771e+00
9.590000000000099334e+00,-1.685920034819363700e+00,2.135097081118942641e-01,-1.733883712723805104e+02,7.369599172857160596e+00
9.595000000000100115e+00,-1.684294400242146494e+00,2.317382699679892410e-01,-2.077526797197668031e+02,9.855831874082797484e+00
9.600000000000100897e+00,-1.682224839859663534e+00,3.111142313617423771e-01,-2.900593844588314028e+02,1.247819021740254897e+01
9.605000000000101679e+00,-1.679919116680135716e+00,3.386863893694717076e-01,-3.538160606671506230e+02,1.486610353143518992e+01
9.610000000000102460e+00,-1.676869685657238707e+00,4.798457671434000482e-01,-3.906354086373182781e+02,1.649309172767987519e+01
9.615000000000103242e+00,-1.674033407884516711e+00,5.625725441604796373e-01,-4.295181875711747921e+02,1.729800993932555997e+01
9.620000000000104023e+00,-1.670375103719921261e+00,8.132036521009172736e-01,-4.537731675891670875e+02,1.741485310249620966e+01
9.625000000000104805e+00,-1.666923331726279045e+00,1.097676044302286158e+00,9.442227771902777249e+02,1.805803986515327964e+01
9.630000000000105587e+00,-1.663381490177945343e+00,1.377498139542203459e+00,9.875390230001490863e+02,1.806433007492140419e+01
9.635000000000106368e+00,-1.660163932662748199e+00,9.601253886389421455e-02,-6.273373155095619040e+02,1.775416226481588566e+01
9.640000000000107150e+00,-1.656415544856036259e+00,5.862366217792963630e-01,-5.921319654608106475e+02,1.766259333743798621e+01
9.645000000000107931e+00,-1.652054954300634204e+00,1.010601615804875619e+00,-5.905433798388136211e+02,1.699361560853122910e+01
9.650000000000108713e+00,-1.647310370900106680e+00,1.513388463818029717e+00,1.212835095054071189e+03,1.750259173397591184e+01
9.655000000000109495e+00,-1.643713264510755057e+00,1.304959549989128109e-01,-7.283972652648549229e+02,1.729149801495145056e+01
9.660000000000110276e+00,-1.638629218123677012e+00,9.279624483610598995e-01,-6.692389272278616090e+02,1.724246517903541687e+01
9.665000000000111058e+00,-1.633839842356058059e+00,1.700816332642388851e+00,1.452946577923884433e+03,1.751643273805334289e+01
9.670000000000111839e+00,-1.629581686515521710e+00,2.539553283605162637e-01,-7.639034572875096956e+02,1.677058058501337356e+01
9.675000000000112621e+00,-1.622943254415434522e+00,1.295673164894577178e+00,-6.864746460603665810e+02,1.682279732326258781e+01
9.680000000000113403e+00,-1.615962585794866957e+00,2.299164678363394998e+00,1.669911723071095139e+03,1.686581368245416712e+01
9.685000000000114184e+00,-1.610795179116554454e+00,5.483860546193765062e-01,-7.415675860873025158e+02,1.552606489282482372e+01
9.690000000000114966e+00,-1.601033013772408031e+00,2.075886116387726243e+00,-6.462238724631946525e+02,1.477302132693564118e+01
9.695000000000115747e+00,-1.593778378617510594e+00,1.039382731997475551e+00,-7.402303695810418276e+02,1.430673852922348388e+01
9.700000000000116529e+00,-1.583804808189847479e+00,2.603894405167826775e+00,1.734857467658794349e+03,1.472318639768534254e+01
9.705000000000117311e+00,-1.573630305987884448e+00,1.647533021619661753e+00,-6.936702664106343263e+02,1.288394527856910443e+01
9.710000000000118092e+00,-1.560781878854470506e+00,3.194339182183491666e+00,1.825886903953838555e+03,1.318832666918315333e+01
9.715000000000118874e+00,-1.549900083276879892e+00,2.199846671336545434e+00,-6.683291057531373554e+02,1.135036061305266841e+01
9.720000000000119655e+00,-1.537341825384838545e+00,3.170671602240204834e+00,1.208066909496870949e+03,1.157185122566490953e+01
9.725000000000120437e+00,-1.525129422704763149e+00,1.875950056954182266e+00,-7.231388459384824046e+02,1.051049233852272025e+01
9.730000000000121219e+00,-1.511406905378614329e+00,2.556214586605445760e+00,-6.474020030201779718e+02,9.071725661413688968e+00
9.735000000000122000e+00,-1.499174733063296072e+00,3.171309657574165275e+00,1.471509814374920552e+03,8.081074134760161343e+00
9.740000000000122782e+00,-1.488375815719342965e+00,2.327204169834041991e+00,5.493568026103120019e+02,5.524403233683795378e+00
9.745000000000123563e+00,-1.479332052258993890e+00,1.569002506068592595e+00,-5.454447216488855474e+02,3.607739704041800888e+00
9.750000000000124345e+00,-1.472112692358585440e+00,1.544613827148264784e+00,3.943533670718218787e+02,1.578355706487153398e+00
9.755000000000125127e+00,-1.467171294577434226e+00,7.695305579188690404e-01,-1.129195043495493422e+02,-1.520559934308569838e+00
9.760000000000125908e+00,-1.466007009006009776e+00,4.424526752839937349e-01,4.673446694445819105e+01,-6.092563719192315652e+00
9.765000000000126690e+00,-1.465376352864414811e+00,-4.439519336035705477e-01,-5.694933514798150327e+02,-7.670679773471372087e+00
9.770000000000127471e+00,-1.466595858235692607e+00,-3.196410888994604127e-01,3.084202582257611347e+00,-8.242121208456683945e+00
9.775000000000128253e+00,-1.469706854684137198e+00,-7.120125981285374550e-01,-4.397148082504462963e+01,-8.332843156453980882e+00
9.780000000000129035e+00,-1.474196956602749742e+00,-9.442423769322316751e-01,4.660752975406119702e+01,-8.308768762321257384e+00
9.785000000000129816e+00,-1.479588113895637713e+00,-1.133063414179628525e+00,-1.320868619238866870e+01,-8.317798555266413985e+00
9.790000000000130598e+00,-1.485159466331286149e+00,-1.098578246274929393e+00,1.206410700764656063e+01,-8.260415492827963391e+00
9.795000000000131379e+00,-1.490697898841137015e+00,-1.102079639365077801e+00,8.893041464322324785e+00,-8.282327011128781891e+00
9.800000000000132161e+00,-1.496425701178571321e+00,-1.170299208816416581e+00,9.251134830165191891e-01,-8.141830025145283756e+00
9.805000000000132943e+00,-1.502627168797470603e+00,-1.282089074755058400e+00,-2.300942098484379983e+01,-7.929250017052615895e+00
9.810000000000133724e+00,-1.508897106762570273e+00,-1.226618607840248121e+00,1.851527229757846982e+01,-7.757925450689302060e+00
9.815000000000134506e+00,-1.515196313987047905e+00,-1.265804147748170960e+00,8.186371434453558749e+00,-7.636535713780556733e+00
9.820000000000135287e+00,-1.521907417749364111e+00,-1.397632658306783071e+00,-5.989439009610708808e+01,-7.347544191403583724e+00
9.825000000000136069e+00,-1.528832073497982114e+00,-1.415026410837637583e+00,-6.132207855170881317e+01,-7.020813844592697528e+00
9.830000000000136851e+00,-1.536233921789776469e+00,-1.513452638150745155e+00,1.556871169018837442e+01,-6.711121971816750964e+00
9.835000000000137632e+00,-1.544352380744419717e+00,-1.672192597579421625e+00,-1.395326440096198084e+01,-6.290334784705294169e+00
9.840000000000138414e+00,-1.552839922836707576e+00,-1.709272935489313472e+00,-8.318179269131848130e+00,-5.880648972846235445e+00
9.845000000000139195e+00,-1.561554931263602120e+00,-1.723600917858047143e+00,3.038840079696391072e+01,-5.501242164002539070e+00
9.850000000000139977e+00,-1.570432310918596697e+00,-1.797179203767435451e+00,-3.867686522079133482e+01,-4.846229822889046801e+00
9.855000000000140759e+00,-1.579612031200334776e+00,-1.868327989850260051e+00,-5.079235181831197110e+01,-3.356875645323732726e+00
9.860000000000141540e+00,-1.589564115895819585e+00,-2.043419017506879598e+00,-6.447793371363093939e+00,-2.364340662208447519e+00
9.865000000000142322e+00,-1.600605248164714833e+00,-2.307350248171972318e+00,-5.507429776534996790e+01,-1.239275843471514982e+00
9.870000000000143103e+00,-1.611647285273960950e+00,-2.138164337261815984e+00,-4.674905982578601460e+00,-9.477792441996535366e-02
9.875000000000143885e+00,-1.620980176261020977e+00,-1.700421704651725374e+00,7.401703579620203755e+01,6.008026294608662665e-01
9.880000000000144667e+00,-1.628131345107741046e+00,-1.261758234867654593e+00,7.370585923129119976e+01,9.876879671078828693e-01
9.885000000000145448e+00,-1.632019566330011662e+00,-5.138943108356356371e-01,1.033934683571633286e+02,2.009146606196299256e+00
9.890000000000146230e+00,-1.631777786616994907e+00,3.879921827861584349e-01,1.593149962147621466e+02,2.532414976991488764e+00
9.895000000000147011e+00,-1.628559761716120935e+00,7.763136661390180882e-01,2.633216427190712920e+02,3.887322926551036950e+00
9.900000000000147793e+00,-1.624831849271386464e+00,7.321215616015568362e-01,-2.129033306761384665e+02,5.567586041338016045e+00
9.905000000000148574e+00,-1.620712977237340535e+00,8.463027913640188693e-01,-2.888216475997433577e+02,7.416048741686492640e+00
9.910000000000149356e+00,-1.616410567362281281e+00,9.943599559937821297e-01,2.818232142111023677e+02,9.450595658250998454e+00
9.915000000000150138e+00,-1.611260929032733102e+00,1.469382274583520109e+00,8.818653240168405318e+02,1.133011139602230877e+01
9.920000000000150919e+00,-1.605717121213521281e+00,1.924924650095061862e+00,1.134825987654268374e+03,1.306152388070426085e+01
9.925000000000151701e+00,-1.599776588868870419e+00,6.386367536616376350e-01,-7.334118944789051966e+02,1.418411966108192601e+01
9.930000000000152482e+00,-1.591822545796155008e+00,1.528431186937460939e+00,-6.895888336907753455e+02,1.464064295820215378e+01
9.935000000000153264e+00,-1.584071289441009611e+00,2.372505059975241970e+00,1.568670847976660070e+03,1.514980271921207056e+01
9.940000000000154046e+00,-1.576693292282527858e+00,8.408151316263021702e-01,-8.444089576299479631e+02,1.422898914936474490e+01
9.945000000000154827e+00,-1.568050024333016657e+00,1.405900622500146246e+00,-6.555364488842054698e+02,1.430230809046036100e+01
9.950000000000155609e+00,-1.560075627363377349e+00,2.583047130329250152e+00,1.841191844206747191e+03,1.463767218023219385e+01
9.955000000000156390e+00,-1.551965595532552866e+00,9.367324287373839375e-01,-9.301825560275863154e+02,1.341745241070800176e+01
9.960000000000157172e+00,-1.545966430992274265e+00,2.361395313106890992e+00,2.051797507382058484e+03,1.444661217086898120e+01
9.965000000000157954e+00,-1.538796727650737051e+00,7.845970609182029154e-01,-9.737981230986782748e+02,1.309724211762451773e+01
9.970000000000158735e+00,-1.529954713779380748e+00,2.457035224516574967e+00,2.273536270468180192e+03,1.444630845990711521e+01
9.975000000000159517e+00,-1.522280963193276770e+00,9.060623839311141570e-01,-9.614121865393143480e+02,1.273049128656314899e+01
9.980000000000160298e+00,-1.512306889250243813e+00,2.820815995148769684e+00,2.524468733580835760e+03,1.410095300959014430e+01
9.985000000000161080e+00,-1.502875993293171009e+00,1.229872573641759281e+00,-1.066428586092718660e+03,1.196317965731062039e+01
9.990000000000161862e+00,-1.493729916668699698e+00,3.391046822576601283e+00,2.520624074920870044e+03,1.309019089435046190e+01
9.995000000000162643e+00,-1.484540414497268257e+00,1.969676808847844462e+00,-8.975544779690541191e+02,1.071359621512623939e+01
1.000000000000016342e+01,-1.475644831493462039e+00,4.412915128106342788e-01,-1.085863754922616863e+03,1.184991519288247730e+01
