5.000000000000000104e-03,-2.076649014818817141e-01,-5.176606555056076786e+01,-1.839861870473838053e+03,-1.918917839266867986e+00
1.000000000000000021e-02,-4.430887700096312609e-01,-4.371417157438252588e+01,1.682901014155704615e+03,-5.355288968757534462e-01
1.499999999999999944e-02,-6.188251616077661277e-01,-3.107522728449222171e+01,1.702807570715398015e+03,1.322210409028649281e+00
2.000000000000000042e-02,-7.352670862129270235e-01,-1.966788546992948028e+01,1.476591329010443587e+03,2.647682300252922616e+00
2.500000000000000139e-02,-8.164168392367594507e-01,-1.436609977229873536e+01,8.324051955929143105e+02,2.534412865869157372e+00
3.000000000000000236e-02,-8.832325643147829197e-01,-1.254522746174047221e+01,4.396807708077285497e+02,2.553998277564655695e+00
3.500000000000000333e-02,-9.380191123434191702e-01,-9.933298229571622784e+00,5.004570947369425653e+02,2.668444248534526775e+00
4.000000000000000083e-02,-9.774584564807812237e-01,-6.734071097954711149e+00,5.239198908572095661e+02,2.277600444168559779e+00
4.499999999999999833e-02,-1.006715681928956885e+00,-5.269977046662098985e+00,2.869466299808482290e+02,1.415532443401590790e+00
4.999999999999999584e-02,-1.031280347370227224e+00,-4.596652894669421840e+00,1.756002908102499589e+02,9.293047649385868247e-01
5.499999999999999334e-02,-1.052110827897961620e+00,-3.835362536917298115e+00,1.745388580826989084e+02,7.679838919954109500e-01
5.999999999999999084e-02,-1.068642793069398245e+00,-2.951383168692731207e+00,1.766256801930556435e+02,6.406019870696588736e-01
6.499999999999998834e-02,-1.080929820370080341e+00,-2.140507162898025229e+00,1.541024268909436614e+02,4.587519262628343419e-01
6.999999999999999278e-02,-1.089794116849338357e+00,-1.534345090370262676e+00,1.166037770196602850e+02,2.408025821966404134e-01
7.499999999999999722e-02,-1.096351093401289889e+00,-1.155779848382521457e+00,7.877650300775906089e+01,2.512109653145977450e-02
8.000000000000000167e-02,-1.101610751674240163e+00,-9.628979131840148531e-01,4.888218813015821951e+01,-1.620407970681151388e-01
8.500000000000000611e-02,-1.106349477370472956e+00,-9.073584961191897280e-01,2.732264759297952139e+01,-3.138267392976094028e-01
9.000000000000001055e-02,-1.111106676610369215e+00,-9.430384165602561097e-01,1.330277840667119094e+01,-4.274584645302240138e-01
9.500000000000001499e-02,-1.116220162225722845e+00,-1.033237780607812129e+00,5.086467263688212448e+00,-5.073562070736239438e-01
1.000000000000000194e-01,-1.121892385945941095e+00,-1.156104073930993570e+00,3.784692960259465888e-01,-5.609170325571520843e-01
1.050000000000000239e-01,-1.128250309424499553e+00,-1.300121614888603006e+00,-2.371613526669790417e+00,-5.936568106809387846e-01
1.100000000000000283e-01,-1.135365876334678337e+00,-1.454777607823026786e+00,-3.443495964939902620e+00,-6.079899050857938692e-01
1.150000000000000328e-01,-1.143246050726620666e+00,-1.606141372045211346e+00,-2.550280801915380202e+00,-6.039354603546588374e-01
1.200000000000000372e-01,-1.151835228302286795e+00,-1.742603460722798703e+00,-1.309201843784582320e-01,-5.828138072413279192e-01
1.250000000000000278e-01,-1.161026362182359328e+00,-1.854701020738923845e+00,3.417571559127849046e+00,-5.470409788313006505e-01
1.300000000000000322e-01,-1.170673746027519169e+00,-1.935670408177655233e+00,7.658283981642893146e+00,-4.998275239650096236e-01
1.350000000000000366e-01,-1.180610249618728291e+00,-1.982464125528110133e+00,1.207705755952234306e+01,-4.437396855185126165e-01
1.400000000000000411e-01,-1.190656008040021918e+00,-1.992797082550847199e+00,1.655968435937151639e+01,-3.803291353289997012e-01
1.450000000000000455e-01,-1.200623279614114969e+00,-1.965455006635514534e+00,2.095321102777717570e+01,-3.113016033164309748e-01
1.500000000000000500e-01,-1.210314269607206006e+00,-1.898088232918866858e+00,2.537755827410808962e+01,-2.379806101191925816e-01
1.550000000000000544e-01,-1.219473661531972564e+00,-1.731529940693572911e+00,5.267575552259944516e+01,-1.776922210155960080e-01
1.600000000000000588e-01,-1.236819090634826646e+00,-4.290305063939827690e+00,-3.096980900975744930e+02,-9.180028733040723754e-01
1.650000000000000633e-01,-1.260740528861550080e+00,-4.969654596461258400e+00,-7.141247758740340146e+01,-6.467851407936655583e-01
1.700000000000000677e-01,-1.289236238549946512e+00,-5.972728670837332388e+00,-6.610603546591624990e+01,-7.136927746586341215e-01
1.750000000000000722e-01,-1.320429616361559200e+00,-6.251953990405202610e+00,1.082136692826945961e+02,-3.710795191033580132e-01
1.800000000000000766e-01,-1.353475556765046051e+00,-6.709967767956539930e+00,4.581182018662901356e+01,-8.969476778452389887e-01
1.850000000000000810e-01,-1.383933790692758237e+00,-5.719033989800495377e+00,1.042584602291258307e+02,-4.406601626501571722e-01
1.900000000000000855e-01,-1.413049516313565679e+00,-5.809113545815935531e+00,8.604468503512808297e+01,-7.825645928439457499e-01
1.950000000000000899e-01,-1.441928702043275834e+00,-5.647168277703693562e+00,9.541072025661496525e+01,-6.776500130645772835e-01
2.000000000000000944e-01,-1.467455864692280398e+00,-4.778620186268056180e+00,1.181620334631074911e+02,-2.902442458618401666e-01
2.050000000000000988e-01,-1.489928025196563866e+00,-4.286808886502311289e+00,1.536228269281924383e+02,-4.152420396166602856e-01
2.100000000000001033e-01,-1.509346396729195350e+00,-3.630200077889299770e+00,7.315202730899787298e+01,-2.287596487661778255e-01
2.150000000000001077e-01,-1.526011522681829602e+00,-3.134732827319409942e+00,1.465669042575871117e+02,-2.906489066662549803e-01
2.200000000000001121e-01,-1.540644649293603452e+00,-2.787586820642962593e+00,1.974259028556658535e+01,-2.635932500744120333e-01
2.250000000000001166e-01,-1.552885109312298839e+00,-2.234044546747079973e+00,1.522988256586185116e+02,-1.489812402854606699e-01
2.300000000000001210e-01,-1.570611585767421214e+00,-5.412938870831744076e+00,5.462659050157084550e+01,1.337505646610081644e+00
2.350000000000001255e-01,-1.596089830707118296e+00,-4.886765682128164201e+00,1.486388370949019873e+02,2.188306820868388680e+00
2.400000000000001299e-01,-1.619762631509521267e+00,-4.635024102714809580e+00,2.998235810629838460e-01,2.019224074283215487e+00
2.450000000000001343e-01,-1.641740808413358454e+00,-4.233726276421363011e+00,1.312943754799197222e+02,3.146001485189495739e+00
2.500000000000001110e-01,-1.662513876476760633e+00,-4.104328821671567873e+00,-3.783859428542692882e+01,3.282482075902827923e+00
2.550000000000001155e-01,-1.682201807863183074e+00,-3.860893837415408925e+00,6.651490191773562799e+01,4.505606968484240582e+00
2.600000000000001199e-01,-1.701054435323563041e+00,-3.665089429517330633e+00,9.632808592548904869e+01,5.337966456912004887e+00
2.650000000000001243e-01,-1.719369752484946723e+00,-3.636354933164215542e+00,-1.588984774590995208e+01,5.481842955532572503e+00
2.700000000000001288e-01,-1.737312958823392872e+00,-3.575549444208814709e+00,9.135724517910368547e+00,8.276254128376717034e+00
2.750000000000001332e-01,-1.755302031258652251e+00,-3.611754410908111002e+00,-2.626681846244702712e+01,9.950064290583014781e+00
2.800000000000001377e-01,-1.771949462968617217e+00,-3.262284392274577893e+00,4.441305614612383046e+00,1.098723345790597250e+01
2.850000000000001421e-01,-1.786211808880786567e+00,-2.608021546989150785e+00,3.724089634891711853e+02,1.198669866462062927e+01
2.900000000000001465e-01,-1.798634341952850546e+00,-2.273189453541663685e+00,-4.250620221325922188e+01,1.144989910138636446e+01
2.950000000000001510e-01,-1.809218039851145710e+00,-1.989473760182156381e+00,-7.484941301767626953e+01,1.313772650317677915e+01
3.000000000000001554e-01,-1.817678562213248528e+00,-1.295830714588842580e+00,4.866115113664409364e+02,1.233185761361324317e+01
3.050000000000001599e-01,-1.824075538267825980e+00,-1.326902297868592484e+00,-1.701136053885136903e+02,1.293549054258538611e+01
3.100000000000001643e-01,-1.829465845017572478e+00,-9.201434458294429630e-01,2.513932577629979548e+01,1.270453278727938695e+01
3.150000000000001688e-01,-1.833607831449545422e+00,-5.647808954371025258e-01,3.972884420851762570e+02,1.265173475317072338e+01
3.200000000000001732e-01,-1.836158026477981098e+00,-2.705011048025589004e-01,4.382118745720545121e+02,1.276101273112388412e+01
3.250000000000001776e-01,-1.837772487624158790e+00,-3.350504856012544996e-01,-1.273141413013017882e+02,1.235954726766783018e+01
3.300000000000001821e-01,-1.838554875218304963e+00,-2.179848500705982572e-01,-2.958555983093071973e+02,1.180526224534797741e+01
3.350000000000001865e-01,-1.838658603025438154e+00,1.510074847530849251e-01,2.732564698089872763e+02,1.162596101932240700e+01
3.400000000000001910e-01,-1.838310122766722676e+00,6.882495488176754161e-02,-1.258635913479647712e+02,1.100009011991062913e+01
3.450000000000001954e-01,-1.837163623295478221e+00,3.402506574293368558e-01,1.936534932936853011e+02,1.083073387794134312e+01
3.500000000000001998e-01,-1.835694418845107423e+00,2.689923857288979425e-01,-1.428138005622858202e+02,1.109886012011346068e+01
3.550000000000002043e-01,-1.833737764769389988e+00,4.730757304908899674e-01,1.731273768677518206e+02,1.146743297560787234e+01
3.600000000000002087e-01,-1.831743741943223869e+00,3.426927038815738014e-01,-1.669345505171959303e+02,1.199182589994450332e+01
3.650000000000002132e-01,-1.829390076541822507e+00,5.526889851576067825e-01,1.957983636111646035e+02,1.264846833616499389e+01
3.700000000000002176e-01,-1.827067405575596881e+00,3.930954306917550656e-01,-1.946538099509103859e+02,1.283675625735345882e+01
3.750000000000002220e-01,-1.824330068006131178e+00,6.456000729064315102e-01,2.173879783878686283e+02,1.292720533338013489e+01
3.800000000000002265e-01,-1.821604986107705049e+00,4.955150506788514875e-01,-1.625706425272868216e+02,1.255802210608051084e+01
3.850000000000002309e-01,-1.818455583172823076e+00,7.269647807593210276e-01,1.830317865179480634e+02,1.235521377865682702e+01
3.900000000000002354e-01,-1.814887673149955916e+00,7.301906216793657700e-01,-5.538707013047925187e+01,1.209387518401018902e+01
3.950000000000002398e-01,-1.810811667807632253e+00,8.750727679857723817e-01,8.179964949113009709e+01,1.163356411611780494e+01
4.000000000000002442e-01,-1.806345741703530683e+00,9.119767746443057099e-01,-3.143120752995807621e+01,1.143711924007287450e+01
4.050000000000002487e-01,-1.801401914496826517e+00,1.025118403361032327e+00,2.679291600099352522e+01,1.102664658864499003e+01
4.100000000000002531e-01,-1.796130174070343255e+00,1.061088805701572602e+00,-2.673757499024245377e+01,1.087339687058846316e+01
4.150000000000002576e-01,-1.790504705323880730e+00,1.143589390283786589e+00,6.671030556381476462e-01,1.052977330095563246e+01
4.200000000000002620e-01,-1.784610915628008998e+00,1.184471565540384130e+00,-1.055490818384814133e+01,1.046271841033323113e+01
4.250000000000002665e-01,-1.778511381913421063e+00,1.231499235315812069e+00,-8.453167921500707394e+00,1.019584295010939456e+01
4.300000000000002709e-01,-1.772296272630180081e+00,1.232269388090801998e+00,-2.689642101926942530e+01,1.019865371273176358e+01
4.350000000000002753e-01,-1.765985634955327122e+00,1.271270485956252916e+00,8.147487019281307141e+00,1.007815671191817586e+01
4.400000000000002798e-01,-1.759698230327081170e+00,1.246710184764419971e+00,-1.279889462079128037e+01,1.013889673820368742e+01
4.450000000000002842e-01,-1.753479116990928066e+00,1.244370718412721066e+00,2.629839698457683639e+01,1.006944939617268631e+01
4.500000000000002887e-01,-1.747503118435073777e+00,1.161243923813863876e+00,-5.700557561413028651e+01,1.018179968274728431e+01
4.550000000000002931e-01,-1.741698355469301740e+00,1.146429552654120609e+00,4.630285533252983754e+00,1.009011038411283678e+01
4.600000000000002975e-01,-1.736314140612550627e+00,1.003622506681591808e+00,-1.189863442094618762e+02,1.013521541325436637e+01
4.650000000000003020e-01,-1.731206929081358314e+00,1.039090978531236331e+00,9.435734736446629256e+01,1.035499527265324282e+01
4.700000000000003064e-01,-1.726648339538118915e+00,8.200149336933789668e-01,-1.373146233826064133e+02,1.049266868192282942e+01
4.750000000000003109e-01,-1.722415495820971421e+00,8.503502843260741795e-01,6.421370667084174499e+01,1.082260815188353931e+01
4.800000000000003153e-01,-1.718644151556862898e+00,6.742783729292823880e-01,-1.248476197277392572e+02,1.086202004203835081e+01
4.850000000000003197e-01,-1.715140100330714068e+00,7.057991638609795171e-01,9.583053469325176366e+01,1.110234962240859247e+01
4.900000000000003242e-01,-1.712126825595267299e+00,5.370059822350620182e-01,-1.143803401916395899e+02,1.119553533373511378e+01
4.950000000000003286e-01,-1.709273627930698591e+00,6.087288230711814796e-01,1.324452343563882835e+02,1.144580341866262962e+01
5.000000000000003331e-01,-1.706801597261625503e+00,4.273605879462782364e-01,-1.217696938851078841e+02,1.155757544244399249e+01
5.050000000000003375e-01,-1.704408087697082852e+00,5.124484333953405191e-01,1.191960868901242918e+02,1.191156638325531247e+01
5.100000000000003419e-01,-1.702277484964218601e+00,3.872989666759075744e-01,-9.844953925598015587e+01,1.185700071555922719e+01
5.150000000000003464e-01,-1.700200048130076302e+00,4.425530572187542089e-01,1.185169848854895918e+02,1.235522708647830470e+01
5.200000000000003508e-01,-1.698438129676953956e+00,2.990951957152644392e-01,-1.161577602077868221e+02,1.244924495985027058e+01
5.250000000000003553e-01,-1.696744694160990052e+00,3.626996716805283572e-01,1.115611068468440124e+02,1.267479201754177609e+01
5.300000000000003597e-01,-1.695448254988665582e+00,2.048347197413900866e-01,-1.035476180926539627e+02,1.279139659577107579e+01
5.350000000000003642e-01,-1.694307584552352308e+00,2.451829333791931964e-01,9.888877994415345540e+01,1.336986254146456687e+01
5.400000000000003686e-01,-1.693713119950323254e+00,6.201779430308044377e-02,-1.021862977242897585e+02,1.363589898077749041e+01
5.450000000000003730e-01,-1.693356075332340449e+00,8.327981881871698855e-02,8.543171525726231152e+01,1.417196323286114890e+01
5.500000000000003775e-01,-1.693643823458593323e+00,-1.657000491494248495e-01,-1.652223505822911989e+02,1.474870160559278887e+01
5.550000000000003819e-01,-1.694124028119828207e+00,-1.128955623066606739e-01,4.535555761964305077e+01,1.563964368123349225e+01
5.600000000000003864e-01,-1.694892698381011531e+00,-1.449252239037481793e-01,7.433186463028000901e+01,1.613640612928431040e+01
5.650000000000003908e-01,-1.696205583212287982e+00,-3.396049954348028255e-01,-1.190191509203263109e+02,1.637002857515611254e+01
5.700000000000003952e-01,-1.697976696651264383e+00,-3.715928857266987406e-01,3.772949022774434269e+01,1.700388165102615901e+01
5.750000000000003997e-01,-1.700148746959931456e+00,-4.739422952949619017e-01,-4.113577855723941212e+01,1.742806509699649808e+01
5.800000000000004041e-01,-1.702688277876987843e+00,-5.430934609570784444e-01,-1.750425823594521191e+01,1.791422667847895411e+01
5.850000000000004086e-01,-1.705337048739881123e+00,-4.892269029074574060e-01,6.977513938400329607e+01,1.836639968879902796e+01
5.900000000000004130e-01,-1.707770758735208894e+00,-4.891807379276801315e-01,-5.978789513654842125e+01,1.846275237615811093e+01
5.950000000000004174e-01,-1.709506667692539450e+00,-2.070253708651102476e-01,1.845613410909493552e+02,1.838338707609327116e+01
6.000000000000004219e-01,-1.710499390193098934e+00,-2.031225298750580499e-01,-9.844014787079007078e+01,1.772787437713897063e+01
6.050000000000004263e-01,-1.710350702314373139e+00,1.947945991006171385e-01,2.340507054864836221e+02,1.711850940539958188e+01
6.100000000000004308e-01,-1.709530618668801960e+00,1.197037626760436846e-01,-1.948707806344524442e+02,1.579248143416903183e+01
6.150000000000004352e-01,-1.707730480910395032e+00,5.158922626746625939e-01,2.450734030561870895e+02,1.502695521668530354e+01
6.200000000000004396e-01,-1.705140502125117141e+00,4.786180455222917018e-01,-2.261947005891037179e+02,1.393135367025821481e+01
6.250000000000004441e-01,-1.701589437980428388e+00,8.776308281626082897e-01,2.766274537454683013e+02,1.267419166464537561e+01
6.300000000000004485e-01,-1.697399502216323519e+00,8.172765958638136263e-01,-2.065313181435394938e+02,1.181091967575369495e+01
6.350000000000004530e-01,-1.692214851314500779e+00,1.202722415731765304e+00,2.498654620946093985e+02,1.100634701995746312e+01
6.400000000000004574e-01,-1.686582724972628400e+00,1.152403656505019081e+00,-8.131215639536263495e+01,9.955161622518929221e+00
6.450000000000004619e-01,-1.679757890888016414e+00,1.413300964519285996e+00,5.160533645468316166e+01,6.361853652782388124e+00
6.500000000000004663e-01,-1.672412629061156508e+00,1.513575191745490045e+00,2.041509768859613416e+01,2.293132256396686053e+00
6.550000000000004707e-01,-1.664620347185256533e+00,1.595869182033330613e+00,4.841865679072459017e-01,-7.490588343940737248e-01
6.600000000000004752e-01,-1.658596174213879726e+00,1.331818833127617285e+00,6.433059006628831789e+00,-2.821425116964056734e+00
6.650000000000004796e-01,-1.653772725832473256e+00,5.478613022969064383e-01,-3.604216579641390581e+02,-4.578056188457193088e+00
6.700000000000004841e-01,-1.653038540010326019e+00,1.287082752002861596e-01,-2.559406388043930392e+01,-5.750268823812501928e+00
6.750000000000004885e-01,-1.653329300718103800e+00,-8.567479661994645279e-02,4.577927692933803527e+00,-6.666545683446152282e+00
6.800000000000004929e-01,-1.653830833153265178e+00,-1.103228902841136561e-01,4.927400686138626185e+01,-7.257521153551445003e+00
6.850000000000004974e-01,-1.654266632526709246e+00,-9.532846920465329332e-02,-1.534845500272885133e+01,-8.049603318399910279e+00
6.900000000000005018e-01,-1.654889952945028941e+00,-1.623469738156173847e-01,3.738883221890996822e+01,-8.816368887951702149e+00
6.950000000000005063e-01,-1.655934524551649467e+00,-1.535175808660178276e-01,1.013293750240754747e+02,-9.417393000570729811e+00
7.000000000000005107e-01,-1.657857704658212139e+00,-3.267308397885622107e-01,1.017965489427483590e+02,-9.948128928883223310e+00
7.050000000000005151e-01,-1.660044089701996795e+00,-4.035498840307399360e-01,1.347787121046016239e+02,-1.034731480361618594e+01
7.100000000000005196e-01,-1.662504620848549219e+00,-3.738223289405053773e-01,1.766004455020400599e+02,-1.061002313570588385e+01
7.150000000000005240e-01,-1.666657135173683857e+00,-7.834258271816533226e-01,1.273869029677365461e+02,-1.076520722204563363e+01
7.200000000000005285e-01,-1.670012030562117999e+00,-7.823713279577525492e-01,-1.664524877297519083e+02,-1.130299366534384831e+01
7.250000000000005329e-01,-1.673635609458559603e+00,-8.250558150744216057e-01,-3.617589436971841366e+01,-1.138432947709242526e+01
7.300000000000005373e-01,-1.677601161225447335e+00,-9.509213729934821169e-01,-1.375900994455257091e+02,-1.187363724306257851e+01
7.350000000000005418e-01,-1.681899022616680561e+00,-1.025493758815102296e+00,-2.488136635855562133e+02,-1.238882828452539719e+01
7.400000000000005462e-01,-1.698777071149678353e+00,-6.721973726671252258e+00,-1.638533830438903351e+03,-1.063249603449808234e+01
7.450000000000005507e-01,-1.752457009283197698e+00,-1.267410565957975876e+01,-7.683038418825614144e+02,-6.825270954420384228e+00
7.500000000000005551e-01,-1.821957100556768072e+00,-1.433417230501504669e+01,-1.199339485042988684e+02,-3.565247327692878443e+00
7.550000000000005596e-01,-1.889384284829949801e+00,-1.283638953515163550e+01,3.451181666500414735e+02,-8.715867559539285381e-01
7.600000000000005640e-01,-1.943464428139560773e+00,-9.565194482933007336e+00,5.971937415433834531e+02,8.361562518993777005e-01
7.650000000000005684e-01,-1.979161734079785351e+00,-5.710235623317572617e+00,6.627134950760157608e+02,1.591546151505320417e+00
7.700000000000005729e-01,-1.996079589975328750e+00,-2.108605826200297795e+00,5.278835602816735673e+02,1.631890862956041799e+00
7.750000000000005773e-01,-1.996477339368800452e+00,9.503746086447564245e-01,4.092047562152206410e+02,1.206683169778103526e+00
7.800000000000005818e-01,-1.983329067225155562e+00,3.435786713804704018e+00,2.995961519658381462e+02,8.393091587215881777e-01
7.850000000000005862e-01,-1.959810419099245582e+00,5.261203342230339253e+00,1.817014529180706290e+02,3.889890115656116087e-01
7.900000000000005906e-01,-1.929183600874957216e+00,6.463636511802556939e+00,6.802962595341659835e+01,-4.599257271589918261e-02
7.950000000000005951e-01,-1.894508301160608976e+00,7.048916764963337300e+00,-2.989959608252822321e+01,-4.618541752916565102e-01
8.000000000000005995e-01,-1.858331000524442000e+00,7.212697212331673491e+00,-1.595870869169622708e+01,-6.801311155470703973e-01
8.050000000000006040e-01,-1.822708493427807941e+00,6.947592282950890485e+00,-8.200539369677692036e+01,-9.229997409883967663e-01
8.100000000000006084e-01,-1.789161822287802517e+00,6.456708923224334207e+00,-1.105326268569372417e+02,-1.082136618863021038e+00
8.150000000000006128e-01,-1.758229570805031727e+00,5.925943226053303370e+00,-1.143224033255030605e+02,-1.005818724127745423e+00
8.200000000000006173e-01,-1.729239031979901586e+00,5.622690694785205778e+00,-7.288838426729959963e+01,-7.323871590074002569e-01
8.250000000000006217e-01,-1.701083919977287140e+00,5.531945941143903589e+00,-3.941437792655696626e+01,-4.750059524230896280e-01
8.300000000000006262e-01,-1.673084459671215551e+00,5.539017995906922565e+00,-2.238933196605535159e+01,-3.753937441188681667e-01
8.350000000000006306e-01,-1.645205280583514895e+00,5.527183615284836371e+00,-2.208658951367834433e+01,-2.675672753747084798e-01
8.400000000000006350e-01,-1.617015891999056043e+00,5.627257491031978809e+00,-1.107048399619266377e+01,-1.161546747325017392e-01
8.450000000000006395e-01,-1.588924939208018028e+00,5.570529295137010450e+00,-2.752304864003833274e+01,-1.452260670006215726e-01
8.500000000000006439e-01,-1.561307272415037639e+00,5.462435484497230931e+00,-3.849552819433545636e+01,-6.328335861946587926e-02
8.550000000000006484e-01,-1.534468302496101444e+00,5.283945175454167753e+00,-4.391753789787624385e+01,-3.944599404499804507e-02
8.600000000000006528e-01,-1.508341939814360932e+00,5.112975142736100764e+00,-1.075344848751627183e+02,1.153366267400977030e-01
8.650000000000006573e-01,-1.480361541223905064e+00,5.724176283847515201e+00,-3.834174715938615474e+00,6.066145834688856375e-01
8.700000000000006617e-01,-1.470344543423764305e+00,8.498390016798611502e-01,-8.806365527769399648e+01,4.139231496776210939e+00
8.750000000000006661e-01,-1.468400066327741227e+00,7.744787227327093460e-02,-1.581586821748906289e+02,6.753878453315856234e+00
8.800000000000006706e-01,-1.472025231303545345e+00,-1.234057793634543598e+00,-2.318381448115937360e+02,8.945768632736658788e+00
8.850000000000006750e-01,-1.479410616830479475e+00,-1.446783704579880592e+00,7.265432812656199246e+01,9.991534996329463070e+00
8.900000000000006795e-01,-1.486710804876549608e+00,-1.482264404508643718e+00,-1.950101112389119180e+02,1.048886134802110703e+01
8.950000000000006839e-01,-1.492863468143719174e+00,-1.041992605348630807e+00,3.832631137410370457e+02,1.167580461246851975e+01
9.000000000000006883e-01,-1.499017113778125410e+00,-1.329930819911334439e+00,-3.205950153693739253e+02,1.177470742509926005e+01
9.050000000000006928e-01,-1.504464429100268896e+00,-9.570915768410256375e-01,2.882837882528275486e+02,1.154029217224437431e+01
9.100000000000006972e-01,-1.509862646008482301e+00,-1.143989557125861589e+00,-2.149213870488927682e+02,1.152191664978944630e+01
9.150000000000007017e-01,-1.515086025888043419e+00,-1.216750242722496766e+00,-1.057950740543252266e+02,1.131206423984933274e+01
9.200000000000007061e-01,-1.520546033586551271e+00,-1.054335266288963346e+00,2.395762212007917356e+02,1.210891633984574689e+01
9.250000000000007105e-01,-1.525740617721572656e+00,-9.880884973580584818e-01,9.519057537459383411e+01,1.137452574036650965e+01
9.300000000000007150e-01,-1.530973677827091928e+00,-1.044066541022994343e+00,-4.440054762274485967e+01,1.180966837763560839e+01
9.350000000000007194e-01,-1.536445377132767298e+00,-1.252268154010652834e+00,-1.948547806989886055e+02,1.132987108559618505e+01
9.400000000000007239e-01,-1.541675338264516304e+00,-1.032973814080756281e+00,-1.219163079844864939e+00,1.196548342891438566e+01
9.450000000000007283e-01,-1.546824223201284321e+00,-9.841121121217065726e-01,8.293470270750202644e+01,1.138520639774825405e+01
9.500000000000007327e-01,-1.551909163986457951e+00,-1.029591261171836303e+00,-4.388832518348666412e+01,1.188618823005390013e+01
9.550000000000007372e-01,-1.556988602470447125e+00,-9.859727981023936882e-01,6.017510769034431206e+01,1.146558102687826164e+01
9.600000000000007416e-01,-1.561986323062470650e+00,-1.012609051476128341e+00,-4.676275912250245881e+01,1.192680654519393002e+01
9.650000000000007461e-01,-1.566956297237133588e+00,-9.551778149537517582e-01,7.253564191575048881e+01,1.163404145305354476e+01
9.700000000000007505e-01,-1.571818341125548635e+00,-9.960658243428607284e-01,-6.998456828112807671e+01,1.206188948049856791e+01
9.750000000000007550e-01,-1.576646530420340975e+00,-9.170332155173199773e-01,8.943432974763081234e+01,1.178378251981331637e+01
9.800000000000007594e-01,-1.581365783630371835e+00,-9.728357264002024385e-01,-7.577747670254497336e+01,1.224700018450090333e+01
9.850000000000007638e-01,-1.586058774486489131e+00,-8.865371243353317166e-01,8.957112923348500999e+01,1.203375161967034046e+01
9.900000000000007683e-01,-1.590648493892430348e+00,-9.453519542543560306e-01,-4.703645325580156111e+01,1.247368555132978329e+01
9.950000000000007727e-01,-1.595218452635390749e+00,-8.556058136755592125e-01,8.477951172562953275e+01,1.232121237228293609e+01
1.000000000000000666e+00,-1.599862527127725809e+00,-9.062402096018110642e-01,1.819407418293395722e+02,1.285816694199108667e+01
1.005000000000000560e+00,-1.604336744220696609e+00,-7.721492136442127396e-01,1.396504232358536797e+02,1.264542588707833559e+01
1.010000000000000453e+00,-1.608991172670569680e+00,-7.834257268354146708e-01,5.360956192949677188e+02,1.323110835299385890e+01
1.015000000000000346e+00,-1.613724261976749341e+00,-1.054857348787638927e+00,-4.760933283881419129e+02,1.280443214802366469e+01
1.020000000000000240e+00,-1.617711819815763175e+00,-1.256949172284016036e+00,-4.001258941306435304e+02,1.335412784437317768e+01
1.025000000000000133e+00,-1.621586940924324649e+00,-5.797982241780678114e-01,3.593262351625839415e+02,1.361155071847464981e+01
1.030000000000000027e+00,-1.625671467262853609e+00,-8.048430265311777854e-01,-2.880828546743638441e+01,1.358122815743048406e+01
1.034999999999999920e+00,-1.630444911426751631e+00,-1.124226063327275149e+00,-4.307338822911608531e+02,1.360076765124900611e+01
1.039999999999999813e+00,-1.633839167893659239e+00,-4.132139918460941419e-01,4.991622312148036258e+02,1.398637458901093211e+01
1.044999999999999707e+00,-1.637852493231505502e+00,-7.277487881816633308e-01,3.053077773062550477e+02,1.381516552860564850e+01
1.049999999999999600e+00,-1.641906419984458187e+00,-8.726852808194500710e-01,-3.326169955098886248e+02,1.409004155510479706e+01
1.054999999999999494e+00,-1.645375015411697062e+00,-7.498612835875826388e-01,1.183414556631191950e+01,1.424498041907237322e+01
1.059999999999999387e+00,-1.649462704440028071e+00,-5.140927813499736043e-01,5.115047050326355702e+02,1.444270586655305699e+01
1.064999999999999281e+00,-1.652697340454953201e+00,-6.941711158730006215e-01,-2.959187265543427543e+02,1.405603549909849903e+01
1.069999999999999174e+00,-1.655748068149763608e+00,-8.955808063022080434e-01,-2.655056413600386804e+02,1.399259487359680953e+01
1.074999999999999067e+00,-1.658734536446928587e+00,-2.973103304434099869e-01,5.180668822432713796e+02,1.411715335662107051e+01
1.079999999999998961e+00,-1.661010886375770879e+00,-5.556635525956252764e-01,-3.689669746883484436e+02,1.329973955893261994e+01
1.084999999999998854e+00,-1.662426815126534230e+00,-1.003407457826371307e-01,3.751523762794240042e+02,1.311165165366557872e+01
1.089999999999998748e+00,-1.663772585522220959e+00,-3.412820377457092547e-01,-3.095775427523701637e+02,1.243981136101561269e+01
1.094999999999998641e+00,-1.664721526142113550e+00,7.577817078543765822e-03,3.707403570185024932e+02,1.237159153052950344e+01
1.099999999999998535e+00,-1.665753291608733200e+00,-3.541386214042581693e-01,-3.356687175813252111e+02,1.179559964655116389e+01
1.104999999999998428e+00,-1.666294965906901959e+00,2.556479948291346879e-02,3.197568822776354409e+02,1.199690886963313297e+01
1.109999999999998321e+00,-1.667065544760964579e+00,-2.336762044249645898e-01,-2.124043034126314922e+02,1.159732148402077456e+01
1.114999999999998215e+00,-1.667511119262119479e+00,4.804835701489243438e-02,2.811937783099353396e+02,1.174724415039163361e+01
1.119999999999998108e+00,-1.668041407213192606e+00,-2.029256747180555043e-01,-2.587439348236983392e+02,1.133643934035256251e+01
1.124999999999998002e+00,-1.668138173965241666e+00,6.686095759404901695e-02,2.222433742302135613e+02,1.162155427092572246e+01
1.129999999999997895e+00,-1.668434849212936610e+00,-1.625087409986767373e-01,-2.621927425703336212e+02,1.135602579718883831e+01
1.134999999999997788e+00,-1.668251512311483831e+00,1.569281463778358088e-01,2.750984568473664922e+02,1.156624675143324055e+01
1.139999999999997682e+00,-1.668213355222545768e+00,-8.753481525635607718e-02,-2.411281897384756121e+02,1.131606513244480716e+01
1.144999999999997575e+00,-1.667838411957001554e+00,2.080048054803666779e-01,2.799309604011232864e+02,1.166126614644206327e+01
1.149999999999997469e+00,-1.667532677683446041e+00,-3.018220645363690544e-02,-2.597184275208322788e+02,1.125750665875240486e+01
1.154999999999997362e+00,-1.666768041669711709e+00,2.186075544798176395e-01,1.891622413139231469e+02,1.165608981078986872e+01
1.159999999999997256e+00,-1.666212069623258296e+00,1.918778495934323619e-02,-2.346872306712821796e+02,1.139606328921673395e+01
1.164999999999997149e+00,-1.665181954760065253e+00,3.204576793966663617e-01,2.555026035463017422e+02,1.164080809169324304e+01
1.169999999999997042e+00,-1.664340456917978495e+00,7.839887087706784441e-02,-2.064943218924763642e+02,1.138431280503832355e+01
1.174999999999996936e+00,-1.663212350024082520e+00,3.598552929215655949e-01,2.700372400235479518e+02,1.166541313859437423e+01
1.179999999999996829e+00,-1.662078151451310326e+00,1.462451172267176802e-01,-2.393846076753232524e+02,1.124281508320342304e+01
1.184999999999996723e+00,-1.660584543933490531e+00,3.345366772387808885e-01,1.364381586111028639e+02,1.164898351533809340e+01
1.189999999999996616e+00,-1.659326359090576908e+00,1.395643853324757544e-01,-2.464707765034125373e+02,1.127855215637466380e+01
1.194999999999996509e+00,-1.657491456571671629e+00,4.783294954199418525e-01,2.100660235610724271e+02,1.083461685967754562e+01
1.199999999999996403e+00,-1.655618324048299783e+00,5.492902416192182447e-01,2.554941653017904173e+02,9.084540356743351808e+00
1.204999999999996296e+00,-1.653562053047701319e+00,4.259638570856430495e-01,7.497926563656099574e+01,7.212751613796187122e+00
1.209999999999996190e+00,-1.651549146185849803e+00,3.644620541059436780e-01,-5.952219285818127048e+01,6.272386903504373556e+00
1.214999999999996083e+00,-1.649489655207843741e+00,3.329894312097073095e-01,-8.687334553133491966e+01,5.531074536430888422e+00
1.219999999999995977e+00,-1.647449391081387882e+00,3.460995392171131724e-01,-5.501588255129784244e+01,5.024059811391241581e+00
1.224999999999995870e+00,-1.645374708873418967e+00,4.518047481691968015e-01,9.805660350781722912e+01,4.813695177854192764e+00
1.229999999999995763e+00,-1.643603671357789953e+00,3.315469739298348983e-01,-5.590035212998932934e+01,4.659267713493715490e+00
1.234999999999995657e+00,-1.642236735683803461e+00,2.924702892789033948e-01,-6.285867697076507454e+01,5.044226054066099252e+00
1.239999999999995550e+00,-1.641098011014786584e+00,2.280598814283645026e-01,1.738100835800265287e+01,2.601226435374311308e+00
1.244999999999995444e+00,-1.639870748192291172e+00,2.656739727654810479e-01,1.346135879409102110e+01,4.823462782447567321e-01
1.249999999999995337e+00,-1.639321863653160793e+00,2.196500917065016545e-01,4.725165490277192504e+01,-7.800019155651645164e-01
1.254999999999995230e+00,-1.638503716823904721e+00,-9.061573757830377078e-04,-2.327611433703517605e+02,-2.374648408054752302e+00
1.259999999999995124e+00,-1.637610320036983813e+00,1.794281184223044667e-01,-5.799526662718089653e+01,-3.408568173673373281e+00
1.264999999999995017e+00,-1.636879321690897671e+00,1.502593248027908335e-01,-2.681434827402906507e+01,-4.336771018120481713e+00
1.269999999999994911e+00,-1.636236219568078409e+00,4.279088719925705497e-02,-1.275352195623222542e+02,-5.051643328739014116e+00
1.274999999999994804e+00,-1.635783576493084368e+00,1.120922158116350459e-01,5.037276144973890979e+01,-5.544805562096986051e+00
1.279999999999994698e+00,-1.635362374916548678e+00,2.400992740493416988e-02,-8.735109117546839741e+01,-6.038109752947084630e+00
1.284999999999994591e+00,-1.635017611607518351e+00,8.838615394596255337e-02,6.592698349141407732e+01,-6.316577854182171770e+00
1.289999999999994484e+00,-1.635102269721568025e+00,-1.096696285567428375e-01,-2.330257938514002660e+02,-6.745387703670211010e+00
1.294999999999994378e+00,-1.635429409471393258e+00,-6.421085510051541267e-02,4.921294524950366878e+01,-6.877385888533975589e+00
1.299999999999994271e+00,-1.635884458390013840e+00,6.341212394259957731e-03,9.768724153856737757e+01,-7.207247491502242198e+00
1.304999999999994165e+00,-1.636812340986009362e+00,-3.243841576044350639e-01,-2.963936688732142670e+02,-7.372221951057621681e+00
1.309999999999994058e+00,-1.637867641905749627e+00,-2.660669393076008915e-01,8.781965646341133436e+01,-7.514469422596836701e+00
1.314999999999993952e+00,-1.639132755856653079e+00,-2.615126004141937743e-01,5.424096290558389910e+01,-7.590735546636172337e+00
1.319999999999993845e+00,-1.640560314926349461e+00,-1.779406079223039838e-01,1.313978047740859267e+02,-7.810769830498603739e+00
1.324999999999993738e+00,-1.642743196963234453e+00,-5.596275958835604802e-01,-2.944601139399141516e+02,-7.877736363526151031e+00
1.329999999999993632e+00,-1.645125026258326129e+00,-5.433157599618102518e-01,4.438189495964609677e+01,-7.877715952798766352e+00
1.334999999999993525e+00,-1.647539824699690403e+00,-4.560762593985639990e-01,8.710992730814110985e+01,-7.903908897443481685e+00
1.339999999999993419e+00,-1.650304630895049085e+00,-4.527138882500316153e-01,1.145751248005173721e+02,-7.956227915018959429e+00
1.344999999999993312e+00,-1.653015112558894550e+00,-6.255526097210613035e-01,-1.011934327092995858e+02,-8.066047689323680103e+00
1.349999999999993205e+00,-1.656183186379111438e+00,-6.949186206885668016e-01,3.676301277990729233e+01,-8.146398254559070295e+00
1.354999999999993099e+00,-1.659723133139198392e+00,-7.147084771459709662e-01,1.165317724572091436e+02,-8.141214613007493384e+00
1.359999999999992992e+00,-1.663361502731157904e+00,-7.532924552867680257e-01,2.287050709346412347e+01,-8.192282342277186657e+00
1.364999999999992886e+00,-1.667269861251833740e+00,-7.273723551234627660e-01,6.300753436868783552e+01,-8.392137606199497668e+00
1.369999999999992779e+00,-1.671443070968466449e+00,-7.783000138799018863e-01,1.023467485603865299e+02,-8.476584146669935649e+00
1.374999999999992673e+00,-1.676120855040346580e+00,-9.004400810319492798e-01,4.388243985780778900e+01,-8.410439001962375372e+00
1.379999999999992566e+00,-1.680408712377090330e+00,-8.222762815027280237e-01,2.060620353045619524e+01,-8.716789421439100849e+00
1.384999999999992459e+00,-1.685260349735524743e+00,-9.088402634201165897e-01,3.419751636011552876e+01,-8.698353864721305229e+00
1.389999999999992353e+00,-1.690184841957760309e+00,-9.017963678860755339e-01,3.858541009924785925e+01,-8.831649589337377648e+00
1.394999999999992246e+00,-1.695021223044745451e+00,-9.105780658762887558e-01,8.053995181998306663e+00,-8.603402933637715577e+00
1.399999999999992140e+00,-1.700381459621828739e+00,-1.027320570182753245e+00,-7.703869426837433032e+00,-8.875115148336849558e+00
1.404999999999992033e+00,-1.724043266488710646e+00,-6.677232621863539386e+00,-7.840002322947813127e+02,-6.264426093060452949e+00
1.409999999999991926e+00,-1.766622851249849413e+00,-9.413933359542067336e+00,-4.133057859182158040e+02,-3.902049916466509671e+00
1.414999999999991820e+00,-1.815073861120468202e+00,-9.785050893678706174e+00,-2.428505037600965366e+01,-2.099948447617632219e+00
1.419999999999991713e+00,-1.860834758909518438e+00,-8.726081497988230851e+00,2.267828512892637320e+02,-8.035340716785581705e-01
1.424999999999991607e+00,-1.898147810694651216e+00,-6.688356446505773434e+00,4.016202800967654980e+02,1.448806000179958531e-01
1.429999999999991500e+00,-1.924328151727789260e+00,-4.415117726779248741e+00,3.269452574631919788e+02,5.442969242581567890e-01
1.434999999999991394e+00,-1.939185211202235637e+00,-2.209639666876828556e+00,3.223362809484599438e+02,5.845225556906892272e-01
1.439999999999991287e+00,-1.943103964712884268e+00,-2.496192200253656915e-02,3.445987410432687739e+02,6.592537851647759517e-01
1.444999999999991180e+00,-1.937161852016446639e+00,1.836972495179103992e+00,3.048198816762393903e+02,5.027300808663035525e-01
1.449999999999991074e+00,-1.923505473285215706e+00,3.203994771019035515e+00,1.960073367703151064e+02,1.330900217517529960e-01
1.454999999999990967e+00,-1.904567377563358477e+00,4.027726500145952571e+00,5.552977309603866019e+01,-1.807190537706868660e-01
1.459999999999990861e+00,-1.882686345722102361e+00,4.480484402313066994e+00,2.404351885894054419e+01,-4.782904760093469321e-01
1.464999999999990754e+00,-1.859036819506164173e+00,4.783735823219677386e+00,5.738638582034756297e+00,-4.891085804488120026e-01
1.469999999999990647e+00,-1.835575337267047580e+00,4.551337847267313386e+00,-1.054449284455499765e+02,-8.059511699466654910e-01
1.474999999999990541e+00,-1.812691273379767765e+00,4.501237106190887793e+00,-5.452514529598099102e+01,-6.880806311689222632e-01
1.479999999999990434e+00,-1.791498651379300311e+00,4.017725734454689501e+00,-1.279464034180478933e+02,-9.447303570591243371e-01
1.484999999999990328e+00,-1.772000893100947216e+00,3.767770446897542147e+00,-7.351904077105554336e+01,-7.385976724242608871e-01
1.489999999999990221e+00,-1.754674042659673416e+00,3.239634762054254935e+00,-1.141968677427043701e+02,-7.304552254638712050e-01
1.494999999999990115e+00,-1.738982670154069821e+00,3.016065544799225506e+00,-8.301112807487074008e+01,-5.410698803518747546e-01
1.499999999999990008e+00,-1.725331566256581350e+00,2.504528220671609517e+00,-1.284984841450212514e+02,-7.100847134972090302e-01
1.504999999999989901e+00,-1.713116846708864216e+00,2.368277984312917361e+00,-2.580790055506954417e+01,-4.826211518234826414e-01
1.509999999999989795e+00,-1.702380723582614497e+00,1.982545894664567987e+00,-1.048878007374466961e+02,-4.524570215118945971e-01
1.514999999999989688e+00,-1.691399216121761029e+00,2.243893411980443009e+00,-1.840955222521151669e+01,-7.968235446262217359e-02
1.519999999999989582e+00,-1.680190068460813313e+00,2.195296838771882975e+00,-2.236861570504004959e+01,-2.464625040572252512e-01
1.524999999999989475e+00,-1.669115512201446938e+00,2.210966459771075865e+00,3.948261950288479927e+00,-2.384059371826430240e-01
1.529999999999989369e+00,-1.658990413644896300e+00,1.885976691799283511e+00,-9.360560699266714835e+01,-3.135815698828593456e-01
1.534999999999989262e+00,-1.647782482146570526e+00,2.370736211649311809e+00,1.616991573270844995e+01,1.521443655835283959e-01
1.539999999999989155e+00,-1.635444805643107014e+00,2.473609560957825249e+00,8.219110500650661066e+00,-7.030382318982675294e-02
1.544999999999989049e+00,-1.623215671520399583e+00,2.418173380721387655e+00,-6.668491404064201156e+00,-1.983152328829984601e-01
1.549999999999988942e+00,-1.612053973354748537e+00,2.099456793282441947e+00,-8.425171911940891789e+01,-2.635640816570219425e-01
1.554999999999988836e+00,-1.599394678270622094e+00,2.695840480924702298e+00,2.893584049839453698e+01,2.566779480204710584e-01
1.559999999999988729e+00,-1.585267104999344756e+00,2.844261236410862814e+00,5.221932283257003427e+00,-7.167775175555002320e-03
1.564999999999988622e+00,-1.570693805649673092e+00,2.915649478891534585e+00,-1.038598424168946721e+01,-6.964610723093267453e-02
1.569999999999988516e+00,-1.556525276964771942e+00,2.750109585126557121e+00,-5.291095162211437497e+01,-2.330957936362592076e-01
1.574999999999988409e+00,-1.541825661803673864e+00,2.990551339342331527e+00,-5.479119187386777945e+00,9.174843387194808741e-02
1.579999999999988303e+00,-1.526850576345112342e+00,2.950308100001020506e+00,-2.370682201548581247e+01,-8.972551753104807126e-02
1.584999999999988196e+00,-1.512570433068947118e+00,2.770996848140691693e+00,-5.884915357822526261e+01,-1.944515503303245740e-01
1.589999999999988090e+00,-1.499818401214977115e+00,2.396334428835857011e+00,-7.775567787462426850e+01,-3.351452626811615154e-01
1.594999999999987983e+00,-1.486604162398250439e+00,2.732850439357910055e+00,1.478049015419000156e+01,1.332389123712425238e-01
1.599999999999987876e+00,-1.472988842248115438e+00,2.677771023914818915e+00,-2.243426623588868551e+01,-1.003543265192017309e-01
1.604999999999987770e+00,-1.459924148686278178e+00,2.546528808073009298e+00,-4.652242081550158304e+01,-1.693495399010369606e-01
1.609999999999987663e+00,-1.447430883732973017e+00,2.444424428427072638e+00,-2.815819359020916579e+01,-1.678486481290846211e-01
1.614999999999987557e+00,-1.434781344534894698e+00,2.540687517242698146e+00,-1.743853853822826139e+01,3.158860325024548388e-03
1.619999999999987450e+00,-1.422266531836413384e+00,2.450037663079442485e+00,-2.500891495203632076e+01,-1.330645111861883390e-01
1.624999999999987343e+00,-1.409900283933620102e+00,2.460370491735828224e+00,-2.063448643915667802e+01,-9.656141110765670277e-02
1.629999999999987237e+00,-1.397021092435976497e+00,2.615794108665531414e+00,2.220772815911855247e+01,2.775077125121505617e-02
1.634999999999987130e+00,-1.383725233179520897e+00,2.649916169829343193e+00,-2.833412052237903112e+01,-6.681513153444362807e-02
1.639999999999987024e+00,-1.388513148112662021e+00,-1.043748143833818753e+00,-3.836449086502334183e+01,1.842995031055020938e+00
1.644999999999986917e+00,-1.394098976081321828e+00,-1.161952463032890792e+00,-8.951009453013696771e+01,3.071632687288555097e+00
1.649999999999986811e+00,-1.399694297469647575e+00,-1.078279933924740197e+00,5.973454758862922986e+00,3.862271145395685057e+00
1.654999999999986704e+00,-1.405305737585731629e+00,-1.144096849097690605e+00,-1.872168194242471202e+02,4.560362962765879047e+00
1.659999999999986597e+00,-1.410505794666145896e+00,-1.052056697782024930e+00,-4.954272860981144078e+01,6.361058522026469042e+00
1.664999999999986491e+00,-1.415652713825151343e+00,-8.864867985498550151e-01,2.498340112187870830e+02,6.935963729424279300e+00
1.669999999999986384e+00,-1.421251131027871706e+00,-1.070652040767727131e+00,-1.238685700694517244e+01,7.461656624843106655e+00
1.674999999999986278e+00,-1.426649411172974391e+00,-1.005821000962489720e+00,1.682315615150507142e+02,8.238761198284660026e+00
1.679999999999986171e+00,-1.432222064223128699e+00,-1.143449599788746385e+00,-9.271137155529750373e+01,8.928549991209457914e+00
1.684999999999986064e+00,-1.437723908793605343e+00,-1.073212022391434539e+00,9.622577733062725258e+01,9.107872055134523137e+00
1.689999999999985958e+00,-1.443405047001375507e+00,-1.190699613557890224e+00,-1.120846983187406352e+02,9.338957689362620940e+00
1.694999999999985851e+00,-1.449186635024593883e+00,-1.133718510079410713e+00,9.447796592268568361e+01,9.469353571147911097e+00
1.699999999999985745e+00,-1.455247196021441480e+00,-1.283915750708478853e+00,-1.411791528350743761e+02,9.990144369199628116e+00
1.704999999999985638e+00,-1.461480455715762572e+00,-1.216925088962899748e+00,1.192660589608337318e+02,9.847190221211203465e+00
1.709999999999985532e+00,-1.468103188146140381e+00,-1.417890521615357224e+00,-1.833782430850742458e+02,1.041296131583323437e+01
1.714999999999985425e+00,-1.474858269592748128e+00,-1.302094867505586562e+00,1.651136553661960136e+02,1.028737556353618920e+01
1.719999999999985318e+00,-1.482080912781682080e+00,-1.553905883859908910e+00,-2.315762727060855752e+02,1.079192242705239657e+01
1.724999999999985212e+00,-1.489341284340179428e+00,-1.377418100479468999e+00,2.221513662938287723e+02,1.078225046746151072e+01
1.729999999999985105e+00,-1.497029850180695565e+00,-1.647412111328943274e+00,-2.543157208150615247e+02,1.116063976937805435e+01
1.734999999999984999e+00,-1.504649770909237239e+00,-1.436398567304684626e+00,2.434698239388041827e+02,1.116615334170744944e+01
1.739999999999984892e+00,-1.512642305701079826e+00,-1.704105724174210801e+00,-2.546626255441317426e+02,1.150773299313393494e+01
1.744999999999984786e+00,-1.520500561143037777e+00,-1.482919229982906817e+00,2.366257455136241958e+02,1.151114886249766478e+01
1.749999999999984679e+00,-1.528687317439407778e+00,-1.732975890426084131e+00,-2.363341421639877353e+02,1.187347044086104475e+01
1.754999999999984572e+00,-1.536750749922809467e+00,-1.535422684633447776e+00,2.131970705029974056e+02,1.195296820338487365e+01
1.759999999999984466e+00,-1.545137661496049031e+00,-1.764169342521880068e+00,-2.171312169520259374e+02,1.228506006706173714e+01
1.764999999999984359e+00,-1.553392871367963446e+00,-1.598956421325592236e+00,1.691013202397128907e+02,1.226165284466568650e+01
1.769999999999984253e+00,-1.561905355951937358e+00,-1.779448382028993914e+00,-1.968051910187877525e+02,1.269591814364523152e+01
1.774999999999984146e+00,-1.570299880529642422e+00,-1.640189617660664734e+00,1.382071114970869701e+02,1.266928455506540629e+01
1.779999999999984039e+00,-1.578840058176021355e+00,-1.773216003298360155e+00,-1.716109810798383535e+02,1.317088595512024085e+01
1.784999999999983933e+00,-1.587388482289372460e+00,-1.702116324596509411e+00,7.431500225725889663e+01,1.308519606147179815e+01
1.789999999999983826e+00,-1.595944875394942342e+00,-1.757728723623379619e+00,-1.254037366588165696e+02,1.365354640184836299e+01
1.794999999999983720e+00,-1.604702520316681369e+00,-1.740985789556281249e+00,2.515308511690004778e+01,1.350195681086003496e+01
1.799999999999983613e+00,-1.613195084517843103e+00,-1.735506732254234352e+00,-1.123936972722404732e+02,1.407155560580148546e+01
1.804999999999983507e+00,-1.621784442367370183e+00,-1.624614810625552686e+00,1.082861511717891290e+02,1.379333710874790597e+01
1.809999999999983400e+00,-1.629982560111912671e+00,-1.581570399563420937e+00,4.076229015237602198e+02,1.433060923401045450e+01
1.814999999999983293e+00,-1.638665657311712653e+00,-1.820456255980799742e+00,-3.172532060629881698e+02,1.355898449771434855e+01
1.819999999999983187e+00,-1.646631054504305469e+00,-1.639377183192046061e+00,-8.259254978203845354e+00,1.399688047094971566e+01
1.824999999999983080e+00,-1.654585750016768220e+00,-1.431339464395285699e+00,2.999671106935249441e+02,1.351759820378838306e+01
1.829999999999982974e+00,-1.662286807696229163e+00,-1.628169884681676560e+00,-2.833731888317221888e+02,1.342596700769119877e+01
1.834999999999982867e+00,-1.669255953554682481e+00,-1.253867376297712610e+00,2.804123928276962943e+02,1.333951577913794395e+01
1.839999999999982760e+00,-1.676086404701180754e+00,-1.451367521215827017e+00,-2.578419028272371065e+02,1.322778553573426485e+01
1.844999999999982654e+00,-1.682374459845400017e+00,-1.148646240003279084e+00,2.300237340898460161e+02,1.328860131927946320e+01
1.849999999999982547e+00,-1.688557508143008423e+00,-1.310738038542173856e+00,-2.191442827379619018e+02,1.327449463410884611e+01
1.854999999999982441e+00,-1.694281847308050093e+00,-1.007888910572464436e+00,2.444277750836589007e+02,1.339083987501062900e+01
1.859999999999982334e+00,-1.699790515549157277e+00,-1.165027005710766339e+00,-2.523202187084517618e+02,1.333357304950886757e+01
1.864999999999982228e+00,-1.706184208879156339e+00,-1.360221825190046196e+00,-3.902813267099410268e+02,1.346000311315002307e+01
1.869999999999982121e+00,-1.710989159693472095e+00,-7.488553070122956346e-01,4.069677559161140721e+02,1.388701955550125078e+01
1.874999999999982014e+00,-1.716659829401607773e+00,-9.300616932810473747e-01,3.738789741836762346e+02,1.371004262400348672e+01
1.879999999999981908e+00,-1.721704421074725211e+00,-1.060875181945239332e+00,-2.814094128509424309e+02,1.365361478510815552e+01
1.884999999999981801e+00,-1.725526337256999776e+00,-6.117483206826259678e-01,2.811767718081747489e+02,1.382290431593245827e+01
1.889999999999981695e+00,-1.729876697559279641e+00,-6.661925364681394734e-01,4.385862120841179603e+02,1.380032777485463136e+01
1.894999999999981588e+00,-1.733728531282409335e+00,-8.388349807206723074e-01,-3.489993561131232127e+02,1.347909304077729331e+01
1.899999999999981481e+00,-1.736844949873279198e+00,-8.995078120206868588e-01,-2.280870555492896870e+02,1.379486585948748356e+01
1.904999999999981375e+00,-1.739578662766014583e+00,-3.079189999893964247e-01,3.679444211006220939e+02,1.394657685445385376e+01
1.909999999999981268e+00,-1.742075008397402147e+00,-3.826650035249433146e-01,4.187809832570441699e+02,1.351397695362371820e+01
1.914999999999981162e+00,-1.744356284890753228e+00,-5.033540022918566725e-01,-3.147334908679350747e+02,1.321810543700244800e+01
1.919999999999981055e+00,-1.746150736691697736e+00,-5.000028016543521803e-01,-2.569161986017062986e+02,1.341423917035313096e+01
1.924999999999980949e+00,-1.746912034057714891e+00,-2.579915292434529356e-02,2.109840973774004738e+02,1.357023451875608799e+01
1.929999999999980842e+00,-1.747785149681213790e+00,2.823711391106739632e-02,3.543028723578406129e+02,1.322950436546678255e+01
1.934999999999980735e+00,-1.747856503902502467e+00,-5.715462142598644324e-02,-2.752644320117249777e+02,1.302200472167959866e+01
1.939999999999980629e+00,-1.747990362399155506e+00,-3.005277334265544012e-02,-2.514981253181937291e+02,1.334874239350867953e+01
1.944999999999980522e+00,-1.746859790603895402e+00,3.236950972600716736e-01,2.164364609766620902e+02,1.324637078124650635e+01
1.949999999999980416e+00,-1.745649731502809443e+00,2.193732520235017192e-01,-1.656448763263666990e+02,1.240527473712346840e+01
1.954999999999980309e+00,-1.743134726537819867e+00,6.413432561599814452e-01,2.337419553548598117e+02,1.140624451005825613e+01
1.959999999999980203e+00,-1.739912393954431646e+00,7.168954660673552137e-01,4.186344120502378274e+01,7.500134215410993122e+00
1.964999999999980096e+00,-1.735854333622975254e+00,8.717978730315507629e-01,1.620168374938222655e+01,3.616977171674492730e+00
1.969999999999979989e+00,-1.730923212536110034e+00,1.071818445153613242e+00,5.310593902854113679e+01,1.026438996639963186e+00
1.974999999999979883e+00,-1.724787559621498767e+00,1.323862473558581554e+00,3.784005993852711924e+01,1.219897898445360340e+00
1.979999999999979776e+00,-1.717633134811998197e+00,1.485050772492371163e+00,2.643744004926184843e+01,1.109585020215312356e+00
1.984999999999979670e+00,-1.710078087603536412e+00,1.502921629923748226e+00,-1.940310296149432645e+01,1.839115599288774217e+00
1.989999999999979563e+00,-1.703629308652520713e+00,1.217667180618229095e+00,-3.151643861828577187e+01,2.456142539977031802e+00
1.994999999999979456e+00,-1.697767196606918327e+00,1.157890455065539337e+00,-2.975030780226245852e+01,9.843943941221824367e-01
1.999999999999979350e+00,-1.692400682896556097e+00,1.008007443088531740e+00,2.732683577375041750e+02,-6.858217670493149676e-01
2.004999999999979465e+00,-1.686752585941826643e+00,1.142267827709529060e+00,2.881700321363106276e+00,-1.421984930858014362e+00
2.009999999999979359e+00,-1.681747542536371043e+00,9.717258772138892553e-01,5.271529435113878392e+00,-1.812992352024709097e+00
2.014999999999979252e+00,-1.677175750946867439e+00,8.629030938755398727e-01,-2.152417786629445118e+01,-1.909915280036019514e+00
2.019999999999979146e+00,-1.673555927299665180e+00,6.701094609037977490e-01,-4.636344749038656943e+01,-2.007487805868325204e+00
2.024999999999979039e+00,-1.670630078246596151e+00,5.429347066160894464e-01,-7.134320005524964259e+00,-2.010494631547905531e+00
2.029999999999978932e+00,-1.668406823647874182e+00,3.641947128388207111e-01,-6.675443478527799357e+01,-2.036027168272554366e+00
2.034999999999978826e+00,-1.666726364002611094e+00,3.052219454362238849e-01,-7.602664560573357377e+00,-2.071155516254589379e+00
2.039999999999978719e+00,-1.665578100073969781e+00,1.910914540834121045e-01,-3.009635681773976756e+01,-2.052838051174050271e+00
2.044999999999978613e+00,-1.664692629174092886e+00,1.762095147780935456e-01,3.259828594476027774e+01,-2.002070908113268377e+00
2.049999999999978506e+00,-1.664066181864038096e+00,9.143766463562373603e-02,-4.449602419432180511e+01,-1.813331709578741124e+00
2.054999999999978400e+00,-1.665962565377470339e+00,-8.212109826818223546e-01,-2.050439431904465835e+02,-1.634455445058088152e+00
2.059999999999978293e+00,-1.671460692158169836e+00,-1.256673857394296823e+00,-7.950990015966321778e+01,-1.169838882380177525e+00
2.064999999999978186e+00,-1.677393170694261970e+00,-1.158136312955834635e+00,-7.963637151864563002e+00,-7.655754564234128479e-01
2.069999999999978080e+00,-1.683508011273670224e+00,-1.254966583894151944e+00,-1.011000659620671627e+01,-6.667905351645233569e-01
2.074999999999977973e+00,-1.689134881565533375e+00,-1.038627259512141077e+00,7.529960187880307387e+01,-4.585475205443080293e-01
2.079999999999977867e+00,-1.692686659086183765e+00,-5.294867568120980028e-01,8.938502459594704419e+01,-2.546308485496603380e-01
2.084999999999977760e+00,-1.694893563811906256e+00,-3.934372794677518659e-01,2.466880574334572529e+01,-3.739152826959368792e-01
2.089999999999977653e+00,-1.695926324700534282e+00,-7.968298220971213597e-02,7.784266875541140962e+01,-2.460378491931654032e-01
2.094999999999977547e+00,-1.695519569183048914e+00,1.923930898460032290e-01,5.533252673283393364e+01,-1.910561712061520645e-01
2.099999999999977440e+00,-1.693723694452385464e+00,4.516510314176283569e-01,3.358244178524586943e+01,-1.675236836460005929e-01
2.104999999999977334e+00,-1.689426103359340958e+00,1.055158977621552197e+00,6.225635721951689305e+01,-1.077943800348102332e-01
2.109999999999977227e+00,-1.684097120786684165e+00,1.024532249439220610e+00,-4.163410627643515483e+01,-3.294954514296311032e-01
2.114999999999977121e+00,-1.678218534278132168e+00,1.193098882557259710e+00,-3.568857033835168835e+01,-1.276580014065958890e-01
2.119999999999977014e+00,-1.670593502199188896e+00,1.633287030186445943e+00,1.180208441855020318e+01,-7.066999805088636233e-02
2.124999999999976907e+00,-1.661850723060040558e+00,1.748444839650469262e+00,-2.650498396708139026e+01,-1.661700696644885511e-01
2.129999999999976801e+00,-1.651857241439156354e+00,2.078617004418652492e+00,1.073558402716082760e+01,-1.742332063256608610e-01
2.134999999999976694e+00,-1.641835776854291717e+00,1.914629347916285695e+00,-5.727984367413694144e+01,-3.835477806803543332e-01
2.139999999999976588e+00,-1.633876218870015107e+00,1.395976147557671299e+00,-8.578443069829218359e+01,-5.128987810195362318e-01
2.144999999999976481e+00,-1.626604035381803648e+00,1.472714628970963835e+00,8.750917340533856503e+00,-3.306527883658400002e-01
2.149999999999976374e+00,-1.620720539320880560e+00,1.010173026852928091e+00,-7.418468929457415584e+01,-5.607750381919750504e-01
2.154999999999976268e+00,-1.615837906168237303e+00,9.494321685242340658e-01,-7.258976668149308864e+00,-2.947223289938638580e-01
2.159999999999976161e+00,-1.611251515801479073e+00,8.897577810196634074e-01,6.327772619688191158e-01,-2.141663418859757195e-01
2.164999999999976055e+00,-1.605540030053147937e+00,1.262084038563714428e+00,6.729397843948885338e+01,-1.066270108926843374e-01
2.169999999999975948e+00,-1.597937723213439520e+00,1.599700902697032356e+00,-2.192026473765172767e+01,-6.669576338125415838e-02
2.174999999999975842e+00,-1.595229349128232332e+00,2.090081092475750968e-01,1.204105679148696950e+01,1.590297167273000412e+00
2.179999999999975735e+00,-1.594450719439022945e+00,1.438656336404075531e-01,7.784886651706146132e+00,1.975626205655914402e+00
2.184999999999975628e+00,-1.594029038372317908e+00,5.242586074114054251e-02,-1.202172756258865549e+00,2.667705795955642945e+00
2.189999999999975522e+00,-1.594009637849716610e+00,-5.283293742569907664e-02,-5.536247653391223622e+01,3.923264318640691695e+00
2.194999999999975415e+00,-1.594753394982166173e+00,-2.427249033271414169e-01,-8.003430523584091816e+01,6.000937602827150386e+00
2.199999999999975309e+00,-1.597159151210504113e+00,-6.726571174713334988e-01,-1.176638115312462816e+02,8.967647356857659346e+00
2.204999999999975202e+00,-1.601998322820348930e+00,-6.118147492976010460e-01,6.793835330688661998e+02,1.187552592604446922e+01
2.209999999999975095e+00,-1.605655533093771847e+00,-8.411473347940229273e-01,-2.447786522660856008e+02,1.286024540911250114e+01
2.214999999999974989e+00,-1.608733588784933222e+00,-5.920560304341888624e-01,-2.860901835903087544e+02,1.358009127801097726e+01
2.219999999999974882e+00,-1.611682539342794929e+00,-5.809367606331050649e-01,-3.782959024842800773e+02,1.417471208959885409e+01
2.224999999999974776e+00,-1.613572442733884227e+00,-5.972927963745958690e-01,-4.562699369745780018e+02,1.506464453864029451e+01
2.229999999999974669e+00,-1.615311139585611899e+00,-5.353937761880417368e-01,-4.257093931795255912e+02,1.512051158480359980e+01
2.234999999999974563e+00,-1.617069786689591115e+00,-5.497562226151075926e-01,-4.121190179024264353e+02,1.502904528212315505e+01
2.239999999999974456e+00,-1.618566930252396396e+00,-4.751757743277890689e-01,-4.405369300260097702e+02,1.514596516734938270e+01
2.244999999999974349e+00,-1.619941502373974496e+00,-4.733930564965231347e-01,-4.171654105049746590e+02,1.519538028169645116e+01
2.249999999999974243e+00,-1.621015614697437268e+00,-3.800140769790067985e-01,-4.284830282239544204e+02,1.507787367973594250e+01
2.254999999999974136e+00,-1.621893078035316682e+00,-3.719785384365842384e-01,-4.190717808508950384e+02,1.509692001014846419e+01
2.259999999999974030e+00,-1.622456240249513737e+00,-2.778939683629987889e-01,-4.208098104669830377e+02,1.489421994354059819e+01
2.264999999999973923e+00,-1.622849062760826078e+00,-2.684434971451067908e-01,-4.168753695242830304e+02,1.485447727106446791e+01
2.269999999999973817e+00,-1.622978041078906752e+00,-1.883785254491233963e-01,-4.093724180241110844e+02,1.459017769561762634e+01
2.274999999999973710e+00,-1.622997835748486883e+00,-1.851379458544838152e-01,-3.958962491307030973e+02,1.446480717526992343e+01
2.279999999999973603e+00,-1.622804584450991072e+00,-1.213377629573381550e-01,-3.933176705836360725e+02,1.422395668722344375e+01
2.284999999999973497e+00,-1.622638938942755571e+00,-1.153233159994459384e-01,-3.421220670670482491e+02,1.413226231651787046e+01
2.289999999999973390e+00,-1.622580819803947527e+00,-1.598743120527228168e-01,-3.592627992236813270e+02,1.405453449752351247e+01
2.294999999999973284e+00,-1.622266803881025732e+00,-9.319320790093947593e-02,-3.853804497070777302e+02,1.370595317078496223e+01
2.299999999999973177e+00,-1.621666524218807748e+00,-3.753051028493179647e-02,-3.662885159752675008e+02,1.365023707431151578e+01
2.304999999999973070e+00,-1.621029833426575362e+00,-2.352562268001057513e-02,-3.510212634754773262e+02,1.359260836741224487e+01
2.309999999999972964e+00,-1.620626055513735508e+00,-1.576365545823170747e-02,-3.339189968922843832e+02,1.328026281250609841e+01
2.314999999999972857e+00,-1.620707400672361187e+00,-7.169144840527771900e-02,-4.030087743659541957e+02,1.318463538265148038e+01
2.319999999999972751e+00,-1.620153120989720197e+00,-2.254557596500606637e-02,-3.947347183485210280e+02,1.320458669542810348e+01
2.324999999999972644e+00,-1.618883330190917125e+00,9.726505426412034028e-02,-4.062529439228401316e+02,1.301654738348288554e+01
2.329999999999972538e+00,-1.618738649869161605e+00,3.457548506921613307e-01,7.012859474004013691e+02,1.297517825923721624e+01
2.334999999999972431e+00,-1.618701578691604581e+00,3.132328793340065642e-01,4.423403930773982893e+02,1.216263396065438940e+01
2.339999999999972324e+00,-1.618973263910547189e+00,-3.833490844549343191e-01,-3.738677026778943286e+02,1.168160366559800956e+01
2.344999999999972218e+00,-1.618330480326162446e+00,-2.289630650812088386e-01,-4.027883411473249566e+02,1.150017387601996255e+01
2.349999999999972111e+00,-1.617929724265362079e+00,-2.638773809786593150e-02,-3.317303004103098374e+02,1.007293674374871451e+01
2.354999999999972005e+00,-1.617919602572306603e+00,1.272869884082271710e-02,-2.802851968996945971e+02,8.781787449196242434e+00
2.359999999999971898e+00,-1.617765408691385076e+00,1.579267634708411347e-02,-2.576493917030138050e+02,7.825213344732926402e+00
2.364999999999971791e+00,-1.617562146866172501e+00,4.103493470301827761e-02,-1.041050884466804121e+02,7.022061157162200473e+00
2.369999999999971685e+00,-1.617098328707919253e+00,3.386205715772030306e-02,-2.722582614256119200e+02,6.577422486709258997e+00
2.374999999999971578e+00,-1.616130915117172107e+00,1.930791312696804596e-01,3.773118525835794657e+01,5.917154695519795560e+00
2.379999999999971472e+00,-1.615180118988659208e+00,6.844456277251445564e-02,-2.288268045439545801e+02,5.617603532407032141e+00
2.384999999999971365e+00,-1.613652987212001122e+00,3.986831148009729042e-01,1.867829671493886394e+02,5.208015600670727885e+00
2.389999999999971259e+00,-1.612026514360875185e+00,2.764767838511842935e-01,-1.282017432613465360e+02,5.051602191730645508e+00
2.394999999999971152e+00,-1.610002456554692207e+00,5.275348191603634884e-01,2.239186552177179124e+02,4.532525153754905389e+00
2.399999999999971045e+00,-1.607737346334741080e+00,4.086965617811925133e-01,-1.359186350092625730e+02,4.505891014041011999e+00
2.404999999999970939e+00,-1.604825826797986910e+00,6.992703379100050354e-01,1.759392865106884472e+02,3.982801880866725597e+00
2.409999999999970832e+00,-1.601470212431198359e+00,6.533851782279780362e-01,-1.258349221060079799e+02,2.974618726393121193e+00
2.414999999999970726e+00,-1.597412924411981239e+00,9.183686803085403527e-01,1.572374903145005760e+02,2.267741863498369259e+00
2.419999999999970619e+00,-1.592986566235262025e+00,8.966932466851451622e-01,1.275638861423714943e+01,-3.306184668285050421e-02
2.424999999999970512e+00,-1.589507752877622027e+00,7.389969045334445763e-01,-1.056598348735479531e+00,-1.593250905169200760e+00
2.429999999999970406e+00,-1.586631316729426810e+00,3.573492225018011781e-01,-2.119846553871178969e+02,-2.898512242327115906e+00
2.434999999999970299e+00,-1.584503216610540610e+00,3.795549079702309481e-01,-5.286055684156887935e+01,-3.757397652350270789e+00
2.439999999999970193e+00,-1.583093307601438626e+00,2.159652872802173551e-01,-5.686782218106117170e+01,-4.222279592490803424e+00
2.444999999999970086e+00,-1.582437669137765512e+00,6.996209605907277584e-02,-1.451848551791777986e+01,-4.541901796907968247e+00
2.449999999999969980e+00,-1.582443219086267394e+00,-5.854233163697015324e-02,-1.651894766735360420e+01,-4.748762365562708254e+00
2.454999999999969873e+00,-1.583123424087764741e+00,-1.803445045582865447e-01,-2.375109038286067786e+01,-4.881422511705133083e+00
2.459999999999969766e+00,-1.584375909120218973e+00,-3.109419603351678552e-01,-4.509880394032282425e+01,-4.971181361528497433e+00
2.464999999999969660e+00,-1.588300871221060229e+00,-1.780711732214961929e+00,-6.935899441932562013e+02,-4.523583137558857103e+00
2.469999999999969553e+00,-1.604374002811777888e+00,-3.945046050453456132e+00,-2.820619065958628084e+02,-2.994222830679924119e+00
2.474999999999969447e+00,-1.627300472157674260e+00,-4.852667819263468019e+00,-5.911295449816433489e+01,-2.012518783910536069e+00
2.479999999999969340e+00,-1.651884900884197815e+00,-4.846309703672979197e+00,7.532122139188994936e+01,-1.254068911502421280e+00
2.484999999999969233e+00,-1.674438042733469301e+00,-4.251065592352668787e+00,1.315985850544186917e+02,-6.246104234020131152e-01
2.489999999999969127e+00,-1.692617403605180870e+00,-3.281006998927877394e+00,1.487385381353729485e+02,-1.734335739758405825e-01
2.494999999999969020e+00,-1.704837736593707520e+00,-2.010655157942504712e+00,1.787024211088416905e+02,1.470696115522893699e-01
2.499999999999968914e+00,-1.710536532135482179e+00,-7.074747452367519118e-01,1.663845189011798027e+02,2.549845820574794253e-01
2.504999999999968807e+00,-1.709841954180525203e+00,5.373708885210510822e-01,1.421566196709231065e+02,1.940661584885443602e-01
2.509999999999968701e+00,-1.703071061348320869e+00,1.726015522953764592e+00,1.322826356256137785e+02,1.959714035736027649e-01
2.514999999999968594e+00,-1.691054364451429759e+00,2.694446236823103025e+00,9.650606215781294850e+01,1.264625625853903479e-01
2.519999999999968487e+00,-1.674690692608485909e+00,3.495259373390556146e+00,5.727770804191652587e+01,1.823330710984591985e-01
2.524999999999968381e+00,-1.656035444037940119e+00,3.752435839146620378e+00,-3.719030641971596651e+01,-7.577269546667397826e-02
2.529999999999968274e+00,-1.636623924079397385e+00,3.843368580253768485e+00,-6.149391602275137103e+01,-2.006817002311678255e-01
2.534999999999968168e+00,-1.616304339715996852e+00,4.074730144146133881e+00,-3.750176954936921447e+01,-1.098412162112549773e-01
2.539999999999968061e+00,-1.596423177367488400e+00,3.848779715455838524e+00,-7.264398056564934336e+01,-2.129960954120302397e-01
2.544999999999967955e+00,-1.579447028669094033e+00,3.120141790746743027e+00,-1.237543994235066691e+02,-5.398124186844992511e-01
2.549999999999967848e+00,-1.565606877260892649e+00,2.557963712546186930e+00,-9.652785942960227317e+01,-4.612472999620658154e-01
2.554999999999967741e+00,-1.555286275758250181e+00,1.783551559715114809e+00,-1.270956771728477150e+02,-3.915295720945896063e-01
2.559999999999967635e+00,-1.547354745596125625e+00,1.471143832230700443e+00,-4.239840757254563641e+01,-1.829877244723896457e-01
2.564999999999967528e+00,-1.540128782841133193e+00,1.430543165139942285e+00,-5.528408310653791347e+00,-9.624286931915970733e-02
2.569999999999967422e+00,-1.533640388356267037e+00,1.208639104441078027e+00,-3.176776978577906974e+01,-1.251658979356427004e-01
2.574999999999967315e+00,-1.530129502536755393e+00,2.297997470657039132e-01,-9.307982288610806565e-01,8.990039344377637187e-01
2.579999999999967208e+00,-1.529326792719721606e+00,1.064208833472102822e-01,-8.337290229779629414e+00,1.616733449156348978e+00
2.584999999999967102e+00,-1.528842647488094064e+00,6.500290453727286533e-02,-4.155501050327387702e+01,2.796821910219075225e+00
2.589999999999966995e+00,-1.528850112264415806e+00,-7.085629138603785626e-02,-4.903334942141593444e+01,3.888705968455556050e+00
2.594999999999966889e+00,-1.529551657338281689e+00,-2.207592699307888706e-01,-6.180326082599083293e+01,5.143885378185782287e+00
2.599999999999966782e+00,-1.531474640294085754e+00,-5.198085999411828917e-01,-8.037300237445153073e+01,6.218097882520465802e+00
2.604999999999966676e+00,-1.534972296370758160e+00,-8.351397257339142621e-01,-7.852994863280022741e+01,7.771422383992073968e+00
2.609999999999966569e+00,-1.539920986458369390e+00,-7.063781656767452732e-01,4.585590047999499461e+02,8.837232611470103194e+00
2.614999999999966462e+00,-1.544088774044789503e+00,-5.825900556991089330e-01,4.529706538314380282e+02,9.615054476559418362e+00
2.619999999999966356e+00,-1.547515870163872265e+00,-6.095516396332743003e-01,-5.634766687319488199e+01,9.619135859400788746e+00
2.624999999999966249e+00,-1.549991365908077512e+00,-1.825263720165392900e-01,4.898598811281909775e+02,1.003217327269138970e+01
2.629999999999966143e+00,-1.552025655023388184e+00,-5.860709482405074278e-01,-2.511584969491582058e+02,9.570681428653758260e+00
2.634999999999966036e+00,-1.553299783573309556e+00,-3.340316647335595523e-01,-3.097361002189580859e+02,9.826686571583810093e+00
2.639999999999965929e+00,-1.555218228681266135e+00,-3.694848221591104931e-01,-2.428864697859029604e+02,9.889510180143719964e+00
2.644999999999965823e+00,-1.556283661487793291e+00,-3.311394066848758477e-01,-2.328550618914403287e+02,1.077025531715582929e+01
2.649999999999965716e+00,-1.557539968921629159e+00,-3.869809766014262742e-01,-2.417581759206097445e+02,1.129587755615633782e+01
2.654999999999965610e+00,-1.558480316602641302e+00,-4.581311291745631120e-01,-2.718366121656096084e+02,1.186292568163809591e+01
2.659999999999965503e+00,-1.560000722674349749e+00,-6.990350501014328533e-01,-4.046544395923872344e+02,1.198911119972999550e+01
2.664999999999965397e+00,-1.561476206638347852e+00,-5.739592011969395502e-01,-2.602167588797726694e+02,1.226249012746821698e+01
2.669999999999965290e+00,-1.562916513291092491e+00,7.417909222944385483e-02,6.053050840134524151e+02,1.240260466896690872e+01
2.674999999999965183e+00,-1.564534353284467105e+00,-2.460032044941548868e-01,2.655795117028428081e+02,1.204876410111140572e+01
2.679999999999965077e+00,-1.565943070165087381e+00,-3.111986403846716542e-01,-2.225515714750357006e+02,1.213410778194427841e+01
2.684999999999964970e+00,-1.567684432650797710e+00,-3.712720901544336316e-01,-2.755508693238650721e+02,1.234893181845258425e+01
2.689999999999964864e+00,-1.569313635536879303e+00,-4.680780893823320299e-01,-3.065238358557579090e+02,1.266938394726952488e+01
2.694999999999964757e+00,-1.570966413564622188e+00,-5.405781573762881154e-01,-4.679327402381989032e+02,1.287330764440513953e+01
2.699999999999964650e+00,-1.572367979213621814e+00,-5.247864720843086195e-01,-4.469514845317170852e+02,1.311292901388078391e+01
2.704999999999964544e+00,-1.573142234917546123e+00,-6.340718096298103568e-01,-4.540454092423408383e+02,1.302747447960457983e+01
2.709999999999964437e+00,-1.573954711396098105e+00,-5.935901129632265016e-01,-4.528361237567085595e+02,1.315137133950948112e+01
2.714999999999964331e+00,-1.574494655325923809e+00,-5.367109506281069198e-01,-4.566457078504296305e+02,1.316813255026081642e+01
2.719999999999964224e+00,-1.574734538890389945e+00,-4.378184452360452394e-01,-4.130621479332567674e+02,1.317776640748664896e+01
2.724999999999964118e+00,-1.574879561418609519e+00,-4.052902592142686444e-01,-3.851517410119253668e+02,1.299013333380208479e+01
2.729999999999964011e+00,-1.574982577629729708e+00,-3.752272947639107570e-01,-3.836301636094484024e+02,1.301491405131144496e+01
2.734999999999963904e+00,-1.575035112424541639e+00,-3.469743349248494146e-01,-3.620879976817780062e+02,1.301507818175931241e+01
2.739999999999963798e+00,-1.574868743932297477e+00,-3.164498810011364682e-01,-3.697733908303462158e+02,1.290465407294974653e+01
2.744999999999963691e+00,-1.575211426237059564e+00,-3.832016669031386158e-01,-4.860897153857790727e+02,1.289333928937894136e+01
2.749999999999963585e+00,-1.574702707658973466e+00,-3.528538498067327889e-01,-4.501030901676822396e+02,1.282863648955201086e+01
2.754999999999963478e+00,-1.573844261308280146e+00,-1.783321378557865267e-01,-3.706733793059131585e+02,1.272769384439034646e+01
2.759999999999963372e+00,-1.573228550365688871e+00,8.366553408146005372e-03,-4.220793097791410560e+02,1.245803413113843305e+01
2.764999999999963265e+00,-1.572783365642892672e+00,2.986581888831869522e-02,-2.929600571203071695e+02,1.233765162441086005e+01
2.769999999999963158e+00,-1.572445107093971339e+00,6.787045637706780321e-02,-4.353928366695109844e+02,1.211491696442148047e+01
2.774999999999963052e+00,-1.571614783873731103e+00,2.481460940000838056e-01,-4.404651221348396462e+02,1.184895913536297840e+01
2.779999999999962945e+00,-1.570775259827583037e+00,5.262259232884974880e-01,7.853917053832100237e+02,1.195914090472459179e+01
2.784999999999962839e+00,-1.570619415572070965e+00,-2.706892893695049263e-01,-3.485879361859958294e+02,1.097881879220428836e+01
2.789999999999962732e+00,-1.569683709209314992e+00,-2.026781146010846191e-01,-4.394314414153014923e+02,1.056463804497164105e+01
2.794999999999962625e+00,-1.568556063589110261e+00,-3.647787226777648995e-02,-2.885769973308508156e+02,9.281997498723299600e+00
2.799999999999962519e+00,-1.567196066762971185e+00,5.972021660460212662e-03,-2.934466187899514011e+02,8.067982000877918836e+00
2.804999999999962412e+00,-1.565540879240096661e+00,3.134631924980714468e-02,-3.331637021539841044e+02,7.175937658835439770e+00
2.809999999999962306e+00,-1.563088562834189288e+00,2.064486792138250093e-01,-3.117850525720313044e+02,7.002805584211223788e+00
2.814999999999962199e+00,-1.560203262642160249e+00,5.233959771636751412e-01,-3.623621364122668354e+01,6.327275634800400894e+00
2.819999999999962093e+00,-1.557230346354165240e+00,4.935664679485073369e-01,-2.164526225841382541e+02,5.623079478077245952e+00
2.824999999999961986e+00,-1.553693642624826898e+00,5.696797726108979720e-01,-1.222938044299417157e+02,5.380938912878967528e+00
2.829999999999961879e+00,-1.550047074957419557e+00,6.172943861835139545e-01,-2.621503631418022451e+02,5.298768515843753413e+00
2.834999999999961773e+00,-1.545678855371937388e+00,8.605540093455603667e-01,-3.685950645833337802e+01,5.066620341042121112e+00
2.839999999999961666e+00,-1.541084566122506772e+00,8.896382781503916481e-01,-2.857628627011546314e+02,4.961153614249320221e+00
2.844999999999961560e+00,-1.536000680702229948e+00,1.184735298458158281e+00,3.090555908209281029e+02,4.911423944160078214e+00
2.849999999999961453e+00,-1.530597745325686709e+00,1.023016281951825812e+00,-1.897638490614945965e+02,4.640030233654441005e+00
2.854999999999961346e+00,-1.524629097115988818e+00,1.293413066227330877e+00,1.891451289729470489e+02,3.321220851894387316e+00
2.859999999999961240e+00,-1.518424715152626003e+00,1.212873083589494527e+00,-1.882964927356652254e+02,2.511314058191183030e+00
2.864999999999961133e+00,-1.511804307544159620e+00,1.436954072065704358e+00,2.185978520009059025e+02,1.525099077191502506e+00
2.869999999999961027e+00,-1.505112765544541098e+00,1.356424397598710252e+00,1.825308019873900278e+01,-2.984246896506221880e-01
2.874999999999960920e+00,-1.500575699996216539e+00,7.230596789658345624e-01,2.200693727872596526e+02,-1.949684449476092096e+00
2.879999999999960814e+00,-1.497987835851542604e+00,3.234139422948585918e-01,-9.711327136872326093e+01,-3.364711323111394314e+00
2.884999999999960707e+00,-1.498379150424116180e+00,-1.990026844100887815e-01,-4.090046268655228801e+01,-3.741082147622965426e+00
2.889999999999960600e+00,-1.501092515876192746e+00,-7.294923589810307085e-01,-1.622947900324841441e+01,-3.815871749346285924e+00
2.894999999999960494e+00,-1.505649401159133260e+00,-1.050974392130937352e+00,-9.080599031781285646e+01,-3.923541459735659487e+00
2.899999999999960387e+00,-1.511660360436617889e+00,-1.280325339016895825e+00,-1.853920200732439483e+01,-3.812766087015147853e+00
2.904999999999960281e+00,-1.518912397097906153e+00,-1.510202169964878216e+00,-2.683823909495331961e+01,-3.549906141428370798e+00
2.909999999999960174e+00,-1.526968275769478467e+00,-1.631152357718848922e+00,-2.654477265792649199e+00,-3.343948525589904186e+00
2.914999999999960067e+00,-1.535608300373532131e+00,-1.741331783952070333e+00,1.259018181846845508e+01,-3.174592815504744703e+00
2.919999999999959961e+00,-1.544420044456835006e+00,-1.746332860073386062e+00,5.018784422571806658e+01,-2.916204411147823805e+00
2.924999999999959854e+00,-1.553254403761285207e+00,-1.807743086044891090e+00,-4.206305371057714382e+01,-2.683586417178527306e+00
2.929999999999959748e+00,-1.561955761554514099e+00,-1.707839967084482602e+00,3.098862994607951649e+01,-2.398430260991780028e+00
2.934999999999959641e+00,-1.570511692488451017e+00,-1.682505651982949768e+00,1.698704592542608793e+01,-2.155943088722483747e+00
2.939999999999959535e+00,-1.578756732333445489e+00,-1.621443364927454445e+00,-5.575458725737804100e-01,-1.877092210150565155e+00
2.944999999999959428e+00,-1.586820595285062918e+00,-1.675420373120215523e+00,-1.006217768280077962e+02,-1.911697397505862650e+00
2.949999999999959321e+00,-1.594655529646511916e+00,-1.533547351473629528e+00,1.956333186757029097e+01,-1.793305882891592873e+00
2.954999999999959215e+00,-1.602240668485590991e+00,-1.446773464993180935e+00,4.189348628179811840e+01,-1.572597499942822274e+00
2.959999999999959108e+00,-1.609179552287930415e+00,-1.391325942498181423e+00,-3.322777232730742725e+01,-1.207899569762506342e+00
2.964999999999959002e+00,-1.615061417796476384e+00,-1.076811497755629565e+00,5.014014437530725132e+01,-5.745310979828310849e-01
2.969999999999958895e+00,-1.619417686406700474e+00,-7.623942093757277716e-01,2.656789769313030547e+01,5.039122657793015936e-01
2.974999999999958789e+00,-1.621981858393028109e+00,-3.682210671820692061e-01,7.613288254037480840e+01,2.094657215077366796e+00
2.979999999999958682e+00,-1.622976416904788000e+00,-9.533494328814563767e-02,5.778703189447395516e+01,3.088269790315278485e+00
2.984999999999958575e+00,-1.622885739884700307e+00,6.594546454182055595e-02,3.058394229320823854e+01,4.281868080390526465e+00
2.989999999999958469e+00,-1.622479835288089811e+00,5.524906733774078565e-02,-3.701311641708855404e+01,6.508471967954650772e+00
2.994999999999958362e+00,-1.623146342501703199e+00,-2.941034098744641501e-01,-1.015672110326638773e+02,8.935885547221531056e+00
2.999999999999958256e+00,-1.626802500089515879e+00,-1.048102185644679052e+00,-1.579701887730464591e+02,1.170571941290030793e+01
3.004999999999958149e+00,-1.629161414834975785e+00,-3.903564637629038103e-02,8.867191943881783800e+02,1.367657164875182296e+01
3.009999999999958042e+00,-1.631292887826219618e+00,-6.746294578949996179e-01,-3.190860078132021158e+02,1.249076186261253874e+01
3.014999999999957936e+00,-1.632648517184648984e+00,-3.247728333728761019e-01,-2.766979625266306471e+02,1.303322446779172772e+01
3.019999999999957829e+00,-1.633983926003661269e+00,-3.467903598777264396e-01,-2.682665349482357442e+02,1.262210174811206898e+01
3.024999999999957723e+00,-1.635490031416394485e+00,-3.270006019044776613e-01,-3.602836115557043399e+02,1.433978016013543311e+01
3.029999999999957616e+00,-1.636987870577951254e+00,-2.757884491725763887e-01,-3.857858358480844458e+02,1.362698541085569026e+01
3.034999999999957510e+00,-1.638298755571854892e+00,-2.426033555410029019e-01,-3.732940445688851696e+02,1.349770574130004874e+01
3.039999999999957403e+00,-1.639504153881244264e+00,-2.074135636948591377e-01,-3.114525607621020526e+02,1.358133480620771394e+01
3.044999999999957296e+00,-1.640623975950159741e+00,-2.062754906821064049e-01,-2.860648807128037561e+02,1.365900396577065656e+01
3.049999999999957190e+00,-1.641559874783353301e+00,-1.665327222906695381e-01,-3.501710249916962994e+02,1.372596997120100148e+01
3.054999999999957083e+00,-1.642184395560233545e+00,-8.080041907366738996e-02,-3.500015033307882959e+02,1.370848725474348129e+01
3.059999999999956977e+00,-1.642572148627211792e+00,-5.645742236219279675e-02,-4.024505696699459918e+02,1.341950951073001086e+01
3.064999999999956870e+00,-1.642752438597374853e+00,-3.652640181856579675e-03,-3.809424905322335349e+02,1.341195389612739142e+01
3.069999999999956763e+00,-1.642628107450784247e+00,5.107845025470854339e-02,-4.321587199387409441e+02,1.335854905177736640e+01
3.074999999999956657e+00,-1.642074477858513903e+00,1.571016944193743547e-01,-4.009832642568144934e+02,1.322573794165961480e+01
3.079999999999956550e+00,-1.641253158403484180e+00,1.921629049175660464e-01,-4.020293942126903630e+02,1.301985426927835476e+01
3.084999999999956444e+00,-1.640208945396457896e+00,2.383144875306793531e-01,-3.675468145379224438e+02,1.301378409546958892e+01
3.089999999999956337e+00,-1.639035350407098468e+00,2.773294644319312940e-01,-2.319398603559691310e+02,1.304797156034916661e+01
3.094999999999956231e+00,-1.637546836786966997e+00,3.415109633283754387e-01,-3.674396091004093705e+02,1.282214776394924094e+01
3.099999999999956124e+00,-1.635881710168818781e+00,3.650161436251337377e-01,-2.614768156259044076e+02,1.282341781423401983e+01
3.104999999999956017e+00,-1.634265077872055771e+00,3.891384180312225105e-01,-2.167082272730147707e+01,1.287219401235361715e+01
3.109999999999955911e+00,-1.631938462447081184e+00,5.369322032083049256e-01,-4.526381942968028511e+02,1.248409665147220338e+01
3.114999999999955804e+00,-1.629963861101801470e+00,7.360741045765804014e-01,8.120635255291535941e+02,1.288344065647606307e+01
3.119999999999955698e+00,-1.626860957684714837e+00,9.725878503747241721e-01,8.306595311028146398e+02,1.241757144794253520e+01
3.124999999999955591e+00,-1.624346611965828746e+00,7.725163227208126093e-01,4.093403770168162623e+02,1.199985929631825954e+01
3.129999999999955484e+00,-1.621770442595239059e+00,4.188054277964943228e-01,-8.339013852455907738e+01,1.188604034531243592e+01
3.134999999999955378e+00,-1.618924262507447587e+00,6.471911125018088295e-01,1.629162359426003661e+02,1.148810915264242283e+01
3.139999999999955271e+00,-1.616355134733809207e+00,1.416511068843518129e-01,-4.148784237603908309e+02,1.020097533491443720e+01
3.144999999999955165e+00,-1.612697167194064862e+00,3.207747332948627239e-01,-4.779741044736111348e+02,9.765838235295897007e+00
3.149999999999955058e+00,-1.608773043530546731e+00,4.119607455043499677e-01,-3.950798800153925185e+02,8.331388261508244852e+00
3.154999999999954952e+00,-1.604626953724020977e+00,4.634981184698711565e-01,-3.884515221800202767e+02,7.882124934841802322e+00
3.159999999999954845e+00,-1.599837242589495778e+00,6.611540913340756553e-01,-3.084270997667370011e+02,7.284130429356602043e+00
3.164999999999954738e+00,-1.594105554314269035e+00,8.516350521646153249e-01,-3.339977954346209685e+02,6.700352205904611225e+00
3.169999999999954632e+00,-1.588025943145940033e+00,1.195673782314345512e+00,-1.890901243350319394e+00,6.437005137710273495e+00
3.174999999999954525e+00,-1.581958561774876371e+00,1.125514541506619670e+00,-3.781716717800229048e+02,5.777613836602346176e+00
3.179999999999954419e+00,-1.574898772117307111e+00,1.526851334959337114e+00,2.791592784922844430e+02,5.275291403820579816e+00
3.184999999999954312e+00,-1.567835929336701684e+00,1.313975933857278289e+00,-3.248592632106389715e+02,5.119506795947923905e+00
3.189999999999954206e+00,-1.559967520810831010e+00,1.744989913642801982e+00,3.582007638205537319e+02,5.174263169929769646e+00
3.194999999999954099e+00,-1.552187464820192542e+00,1.422132184874383087e+00,-3.536034475241206678e+02,4.450998623061212633e+00
3.199999999999953992e+00,-1.543504693803281258e+00,1.892502142390299680e+00,3.347620906332328445e+02,4.495593284445742022e+00
3.204999999999953886e+00,-1.534791139532893256e+00,1.632509750702150209e+00,-3.894109008966366900e+02,4.269817380664921558e+00
3.209999999999953779e+00,-1.525314145020135292e+00,2.086383754947434888e+00,3.916463340547920779e+02,3.530478636810169046e+00
3.214999999999953673e+00,-1.515694988642475316e+00,1.822211543086997398e+00,-3.600087271412132282e+02,2.665825263089975028e+00
3.219999999999953566e+00,-1.505362480632960631e+00,2.172134128485482929e+00,2.520098295356434903e+02,1.632413036853859856e+00
3.224999999999953459e+00,-1.494828291080050553e+00,2.076716244425624414e+00,-1.329039746102494917e+02,4.135450486515745983e-01
3.229999999999953353e+00,-1.485729842380415056e+00,1.639809241970539899e+00,-9.424113514374101896e+01,-1.734525620530785961e+00
3.234999999999953246e+00,-1.480121263320119729e+00,1.106520157734053766e+00,-6.926587267985892993e+01,-3.473617955929172219e+00
3.239999999999953140e+00,-1.476491860254690369e+00,4.819491319818503539e-01,-1.219490098113897432e+02,-4.273234166278331969e+00
3.244999999999953033e+00,-1.476513557688878375e+00,-1.009771484082047505e-01,-7.059270266164296004e+01,-4.621652446164571160e+00
3.249999999999952927e+00,-1.478797160999239191e+00,-6.149264575049216974e-01,-5.610835660688566406e+01,-4.771127679249274500e+00
3.254999999999952820e+00,-1.482637296701531993e+00,-9.428084067763204956e-01,-1.465380287499290262e+02,-4.741234019341456829e+00
3.259999999999952713e+00,-1.487472068516582979e+00,-1.036842894594939724e+00,-5.181722456969161783e+01,-4.722765936128364928e+00
3.264999999999952607e+00,-1.493212816195883530e+00,-1.211774638083251920e+00,-6.149846785395713056e+01,-4.587749424023199296e+00
3.269999999999952500e+00,-1.499788286696430051e+00,-1.360286197125265995e+00,-2.871093666785458254e+01,-4.526291186638592201e+00
3.274999999999952394e+00,-1.507100610788510320e+00,-1.509281879500897761e+00,-1.546448400466233153e+01,-4.312024345062501318e+00
3.279999999999952287e+00,-1.514692901796895974e+00,-1.510684589890807006e+00,7.753478747991062292e+00,-4.285666386092229274e+00
3.284999999999952180e+00,-1.522399876630251336e+00,-1.536706217687329401e+00,1.938938225215316535e+01,-4.181446785775149166e+00
3.289999999999952074e+00,-1.530321710848289163e+00,-1.590956952944763803e+00,5.485206202719615121e+00,-3.951345770398638990e+00
3.294999999999951967e+00,-1.538121471523874906e+00,-1.531897001337637176e+00,1.609177582612595003e+01,-3.858846171578267814e+00
3.299999999999951861e+00,-1.545789046555196222e+00,-1.523659550489455672e+00,2.668828383996515186e+01,-3.692484616676315667e+00
3.304999999999951754e+00,-1.553580368648416643e+00,-1.563944762641079178e+00,4.437042096557892279e+00,-3.466656005038329269e+00
3.309999999999951648e+00,-1.561288179874721571e+00,-1.525328218898697852e+00,9.204322164844825904e-01,-3.294594631197179879e+00
3.314999999999951541e+00,-1.568896896725997303e+00,-1.512244456689477934e+00,1.650120820164120206e+00,-3.085839041231053681e+00
3.319999999999951434e+00,-1.576479941287744602e+00,-1.534152847271510467e+00,-8.381234769141867602e+00,-2.630058591562400849e+00
3.324999999999951328e+00,-1.583915086101191694e+00,-1.517705375744762053e+00,-4.552841729168601148e+01,-2.455403007766805423e+00
3.329999999999951221e+00,-1.591185624041570268e+00,-1.423839296575598601e+00,2.356590680037300700e+01,-2.072402461669173857e+00
3.334999999999951115e+00,-1.598332073342534576e+00,-1.381330585308699899e+00,4.009887038259712000e+01,-1.971039190981113798e+00
3.339999999999951008e+00,-1.605264982269212437e+00,-1.357789451902028377e+00,2.461641422907649712e+01,-1.738595211040289801e+00
3.344999999999950901e+00,-1.611994473560188101e+00,-1.343433671789638240e+00,5.517720195042606690e+01,-1.464149411157225078e+00
3.349999999999950795e+00,-1.618643193694697002e+00,-1.343368500595652826e+00,-3.767834981302150510e+01,-1.582960212927888133e+00
3.354999999999950688e+00,-1.625236340966907500e+00,-1.301381052180921705e+00,-2.693537774080999725e+01,-1.331280582477822438e+00
3.359999999999950582e+00,-1.631144296823438200e+00,-1.099571795814331621e+00,5.717387191635951638e+01,-6.698336922151230111e-01
3.364999999999950475e+00,-1.636205771697021749e+00,-8.964948764994141728e-01,5.863616574877814003e+01,-2.329087552420236462e-01
3.369999999999950369e+00,-1.639982794878536598e+00,-6.605796310233134072e-01,5.270643356136175584e+01,4.939517610166000994e-01
3.374999999999950262e+00,-1.642485455112875137e+00,-4.094583461497371957e-01,5.895843432833867581e+01,1.611657069340519888e+00
3.379999999999950155e+00,-1.643888494955970447e+00,-2.136178237250976053e-01,3.672194920871287138e+01,2.870176525745261387e+00
3.384999999999950049e+00,-1.644551234502984682e+00,-1.106745943589835524e-01,-1.391664188674214842e+01,4.151136529651694218e+00
3.389999999999949942e+00,-1.645147870098852438e+00,-1.674355815830417260e-01,-4.298623330830048417e+01,6.496796514944858991e+00
3.394999999999949836e+00,-1.646931879245435493e+00,-5.070384177204919629e-01,-7.554318024558575928e+01,9.261795779694596220e+00
3.399999999999949729e+00,-1.650768029971067641e+00,-3.590157763414957848e-01,7.455020223963754233e+02,1.177537550437931024e+01
3.404999999999949623e+00,-1.653133220862319508e+00,-5.642515397764820140e-01,-2.676999461914569451e+02,1.327577270305987511e+01
3.409999999999949516e+00,-1.655360417253157301e+00,-2.098679759707735848e-01,3.169502812716967810e+02,1.390439614370787780e+01
3.414999999999949409e+00,-1.656337719843402168e+00,9.501407523408750277e-02,5.647287267038626624e+02,1.351765678788372504e+01
3.419999999999949303e+00,-1.657396050392576425e+00,1.142705594445470318e-01,5.370765442933318354e+02,1.322720813961322861e+01
3.424999999999949196e+00,-1.658476487484641826e+00,7.874977568482972867e-02,4.529455405426235757e+02,1.449538655956462918e+01
3.429999999999949090e+00,-1.659695930543851894e+00,1.275850841758064402e-01,5.761096588523015498e+02,1.412458839832640223e+01
3.434999999999948983e+00,-1.660866874488663436e+00,1.398543635445250732e-01,5.441947652701992411e+02,1.377455636870670475e+01
3.439999999999948876e+00,-1.662148444752546972e+00,9.609553976691359578e-02,5.577685982444213550e+02,1.371048267111330965e+01
3.444999999999948770e+00,-1.663435308768728138e+00,1.398744760131759857e-01,5.744646612977442146e+02,1.386032053447702772e+01
3.449999999999948663e+00,-1.664752566770825615e+00,1.063621278829902511e-01,5.808394699676920254e+02,1.387929335534277797e+01
3.454999999999948557e+00,-1.666081097416242773e+00,1.333646212643259388e-01,6.560669416456347562e+02,1.406031872326723331e+01
3.459999999999948450e+00,-1.666730847156338013e+00,8.947201683901014058e-02,6.495132595116753009e+02,1.411180362657295362e+01
3.464999999999948344e+00,-1.667233193683767212e+00,1.522822751130792629e-01,6.914215848229621315e+02,1.428547708548961914e+01
3.469999999999948237e+00,-1.667525479377496289e+00,1.222486326087422887e-01,5.459788361153139249e+02,1.396569071788330163e+01
3.474999999999948130e+00,-1.667426521841205211e+00,6.486584462039902965e-02,3.834949840335078619e+01,1.382537535122478545e+01
3.479999999999948024e+00,-1.666894764382112593e+00,1.441322723478132839e-01,-4.427345716696627846e+02,1.363629203278404312e+01
3.484999999999947917e+00,-1.665866938217548832e+00,2.507779879216536223e-01,-4.355817313419731249e+02,1.363611775545949101e+01
3.489999999999947811e+00,-1.664469093514361786e+00,3.053085100220424564e-01,-4.404768079521476807e+02,1.339703520481717192e+01
3.494999999999947704e+00,-1.662720706971817286e+00,3.846009331325060399e-01,-4.234206017578665069e+02,1.332017199793522089e+01
3.499999999999947597e+00,-1.661497507979137200e+00,5.107146085860569951e-01,6.542732565400433487e+02,1.375386097404534347e+01
3.504999999999947491e+00,-1.659931191012784746e+00,4.261358628588307051e-01,3.269680741100200407e+02,1.345675172958364385e+01
3.509999999999947384e+00,-1.658036241583414894e+00,4.203697493475174740e-01,-7.270340603998414863e+00,1.337426367127590687e+01
3.514999999999947278e+00,-1.655862037995732283e+00,4.790213391341750504e-01,-2.116118056996468511e+02,1.309151191151805094e+01
3.519999999999947171e+00,-1.653419420810732676e+00,5.504695675790568510e-01,-1.897015433067576851e+02,1.305071092099238506e+01
3.524999999999947065e+00,-1.650987435504574385e+00,5.775049748073591838e-01,1.155145756388542395e+02,1.303352701218709875e+01
3.529999999999946958e+00,-1.648529986965511451e+00,7.405412510732000131e-01,5.649475635665569371e+02,1.291174596382414919e+01
3.534999999999946851e+00,-1.645573990335130299e+00,9.608654845755303375e-01,8.190456814729415100e+02,1.277024193237325456e+01
3.539999999999946745e+00,-1.642354332287543350e+00,1.033467784727670757e+00,7.747803950708024558e+02,1.209819637061729125e+01
3.544999999999946638e+00,-1.638867201440122656e+00,1.149586192780644112e+00,6.174695666608830606e+02,1.123219942848937158e+01
3.549999999999946532e+00,-1.635532398968720713e+00,3.029177774061830863e-01,-3.711926596049198110e+02,9.799389883180429806e+00
3.554999999999946425e+00,-1.631745328465052491e+00,3.838336263171161500e-01,-4.353306413245359749e+02,9.203919282780956834e+00
3.559999999999946318e+00,-1.627318144304549463e+00,5.164194503122719881e-01,-3.989909001319964545e+02,8.181842751255683055e+00
3.564999999999946212e+00,-1.622527214620790526e+00,7.333805025604478445e-01,-2.109730634208123661e+02,8.052564897908998987e+00
3.569999999999946105e+00,-1.617508306007137353e+00,7.807889378594075058e-01,-3.677159766464344557e+02,7.353067182320675244e+00
3.574999999999945999e+00,-1.611219827258061565e+00,1.242861490798027102e+00,8.628966397908126851e+01,6.687528399095380216e+00
3.579999999999945892e+00,-1.605103757947172305e+00,1.081014741738032026e+00,-3.547100574162875546e+02,6.294029026992800979e+00
3.584999999999945786e+00,-1.597951397117922889e+00,1.585956768569679154e+00,3.194306276260272739e+02,5.959696859526729895e+00
3.589999999999945679e+00,-1.590855808792027259e+00,1.279236552664199777e+00,-3.611918415573243806e+02,5.135483742210667835e+00
3.594999999999945572e+00,-1.582904303489786280e+00,1.768505157538800221e+00,3.629454833781612137e+02,5.324839957373557198e+00
3.599999999999945466e+00,-1.575101674981876920e+00,1.407379247796321176e+00,-3.807963278794556459e+02,4.716069366097427107e+00
3.604999999999945359e+00,-1.566412436532218955e+00,1.913074644323216056e+00,3.804821043429130896e+02,4.754347688394041427e+00
3.609999999999945253e+00,-1.557723184286198714e+00,1.600156815534984345e+00,-3.788692438014393815e+02,4.537738321550149223e+00
3.614999999999945146e+00,-1.548142206961312217e+00,2.129998712894736190e+00,4.401794739881948431e+02,4.365687414718474990e+00
3.619999999999945040e+00,-1.538582102472343616e+00,1.763045372753933249e+00,-3.976572846213820753e+02,3.252976979878717589e+00
3.624999999999944933e+00,-1.528019475110710790e+00,2.276042446680970333e+00,3.383294577451428609e+02,2.761045267865882114e+00
3.629999999999944826e+00,-1.517357248082473742e+00,2.053898907593433965e+00,-2.934424768413055062e+02,1.383555710329412047e+00
3.634999999999944720e+00,-1.506278466453499387e+00,2.249073777758978654e+00,2.447208707647493497e+01,1.221594492261939280e-01
3.639999999999944613e+00,-1.497392514479558789e+00,1.451842240823612018e+00,-1.884158331818198064e+02,-2.265442132913729090e+00
3.644999999999944507e+00,-1.492477289398641549e+00,9.638090335354946303e-01,-7.483494610433557170e+01,-3.710623942500245853e+00
3.649999999999944400e+00,-1.490105149917660965e+00,2.067758667392680660e-01,1.257191067626287406e+02,-4.177640181267346264e+00
3.654999999999944293e+00,-1.489990168960243277e+00,-1.237715591415225885e-01,-5.473128406457544770e+01,-4.721427017865514664e+00
3.659999999999944187e+00,-1.492226599804344467e+00,-5.525165771713081986e-01,-7.165882761856791205e+01,-4.612244719747431887e+00
3.664999999999944080e+00,-1.495657048577289761e+00,-7.359519086810991650e-01,-7.150659070830452713e+00,-4.766955790854081165e+00
3.669999999999943974e+00,-1.499828125890981800e+00,-8.760680780392080536e-01,-1.907937055400796567e+01,-4.877159926910232812e+00
3.674999999999943867e+00,-1.504587429778622143e+00,-9.839723060963954104e-01,-1.361877623624004485e+01,-4.900181350833280547e+00
3.679999999999943761e+00,-1.509806032290249345e+00,-1.074674991067577690e+00,-1.238697976537017276e+01,-4.897220173660542741e+00
3.684999999999943654e+00,-1.515495196490005858e+00,-1.178593146520143131e+00,-3.146595836750274700e+01,-4.712661521242392126e+00
3.689999999999943547e+00,-1.521149343095183459e+00,-1.119415603666339409e+00,-1.644509719511605894e+01,-4.699072841652030874e+00
3.694999999999943441e+00,-1.526728579347979897e+00,-1.135590644562972207e+00,-3.016633783394444990e+01,-4.726321872802387247e+00
3.699999999999943334e+00,-1.532546553862545569e+00,-1.177639412518401985e+00,-1.062614017507780062e+01,-4.590139280223412221e+00
3.704999999999943228e+00,-1.538696330607837393e+00,-1.266343053962083465e+00,-3.908692567110065852e+01,-4.370098466350656352e+00
3.709999999999943121e+00,-1.544922040889742165e+00,-1.247074812747768213e+00,-2.605366179554625816e+01,-4.386780362605191996e+00
3.714999999999943014e+00,-1.551267299884090622e+00,-1.283474705356313361e+00,-1.197028817247412746e+01,-4.317456224729061987e+00
3.719999999999942908e+00,-1.557936468002969921e+00,-1.384418262636895713e+00,-6.223113995190084324e+01,-4.074695595555227534e+00
3.724999999999942801e+00,-1.564787538032060610e+00,-1.378394995236989606e+00,-2.177398952538520049e+01,-3.955961280618802700e+00
3.729999999999942695e+00,-1.571840458144798891e+00,-1.462071752692021054e+00,-6.724415148221163463e+01,-3.769613911087402958e+00
3.734999999999942588e+00,-1.578975653228579024e+00,-1.433580492624407787e+00,-2.392117980828751200e+01,-3.669841000192903380e+00
3.739999999999942482e+00,-1.586248304162149125e+00,-1.497383222938038605e+00,-4.318859672207774025e+01,-3.447978386504110926e+00
3.744999999999942375e+00,-1.593528512178729262e+00,-1.432237942195521807e+00,1.484273093258059717e+01,-3.296841534655501782e+00
3.749999999999942268e+00,-1.601012963370657571e+00,-1.502819952443991802e+00,3.353381687320881266e+00,-3.117613544818851334e+00
3.754999999999942162e+00,-1.608630377723873295e+00,-1.523215461868829612e+00,2.010816269486926799e+01,-2.992595445347862260e+00
3.759999999999942055e+00,-1.616763217899376937e+00,-1.674429096271740081e+00,-1.977085377768597851e+01,-3.078244262876060233e+00
3.764999999999941949e+00,-1.625510561336848570e+00,-1.802978345339562694e+00,-2.051977048102616408e+01,-3.155650783081612065e+00
3.769999999999941842e+00,-1.634725148164985598e+00,-1.878026449189820202e+00,-3.810795076923244551e+01,-2.945610651341700859e+00
3.774999999999941735e+00,-1.644244207158036541e+00,-1.938497791054379027e+00,-4.588958870567743276e+01,-2.478512414137792774e+00
3.779999999999941629e+00,-1.653674726042059673e+00,-1.836187324269249466e+00,3.363596732112718257e+01,-1.716693953854799615e+00
3.784999999999941522e+00,-1.662499819424808178e+00,-1.693574534200210202e+00,7.496335312852902177e+01,-1.208613276399851388e+00
3.789999999999941416e+00,-1.670087509538719095e+00,-1.424685500632658197e+00,2.670234514961120098e+01,-4.927505607663926757e-01
3.794999999999941309e+00,-1.676095906355325793e+00,-1.066391781917363391e+00,7.556172888490685580e+01,6.601882743992047997e-01
3.799999999999941203e+00,-1.680433153891694564e+00,-7.387834782129213407e-01,7.448979297183910830e+01,2.320786599763901226e+00
3.804999999999941096e+00,-1.683302418859493610e+00,-4.986073180913094260e-01,1.000859242809958616e+01,4.493188976724122874e+00
3.809999999999940989e+00,-1.685494060736027588e+00,-4.305281300515388931e-01,-1.504558072553552783e+00,7.410114346036928978e+00
3.814999999999940883e+00,-1.688553662213601703e+00,-7.844830065300197885e-01,-1.106234228981563916e+02,1.055253180940457902e+01
3.819999999999940776e+00,-1.692237380957319681e+00,-7.635054336821278653e-01,-2.371050508490297659e+02,1.481495727993980438e+01
3.824999999999940670e+00,-1.693507483405402025e+00,-1.514632799349136527e-01,-3.203049018693562289e+02,1.576956916403273645e+01
3.829999999999940563e+00,-1.694470699457834906e+00,8.070220604972926093e-02,5.117725937228818793e+02,1.520549406958182637e+01
3.834999999999940457e+00,-1.694844658096781309e+00,2.249067570241722880e-01,5.479358569609412370e+02,1.474842483988842545e+01
3.839999999999940350e+00,-1.695368129539451818e+00,3.030688384652624467e-01,6.009015143113143722e+02,1.373343953034220810e+01
3.844999999999940243e+00,-1.695759187463911966e+00,2.481911551632943747e-01,4.486265258940646845e+02,1.454874017989355650e+01
3.849999999999940137e+00,-1.695861699278411683e+00,4.364576157630310482e-01,6.724777123531905545e+02,1.419936850238389248e+01
3.854999999999940030e+00,-1.696119438518375766e+00,5.996749452366625238e-02,2.379023779355563306e+02,1.357630201815749516e+01
3.859999999999939924e+00,-1.696459283396353879e+00,3.585132701285875245e-01,6.284891216833389080e+02,1.377596235214815223e+01
3.864999999999939817e+00,-1.696565150289381485e+00,4.258615571657712873e-01,6.426760305495506600e+02,1.387458965842136394e+01
3.869999999999939710e+00,-1.696453524687763670e+00,4.823569061780113576e-01,6.836048868364269993e+02,1.369421646416383354e+01
3.874999999999939604e+00,-1.696162045050050304e+00,5.164234519057375739e-01,6.583333677119053391e+02,1.373328985319741413e+01
3.879999999999939497e+00,-1.695607908843599576e+00,5.705936687373264204e-01,6.828202270152885376e+02,1.351872487098741082e+01
3.884999999999939391e+00,-1.694829520230109132e+00,6.322011599186795339e-01,6.801943088727128952e+02,1.360613503401971869e+01
3.889999999999939284e+00,-1.693682348166153373e+00,6.862375987611838424e-01,6.775883215143780944e+02,1.326831338241969327e+01
3.894999999999939178e+00,-1.692317224223083727e+00,7.609502357655895111e-01,6.918967132037481633e+02,1.338761935170832373e+01
3.899999999999939071e+00,-1.690552080195363294e+00,8.190595576415722334e-01,6.920080717366987528e+02,1.308794221191292984e+01
3.904999999999938964e+00,-1.688454837270116249e+00,9.452018983434782307e-01,7.329849378654273551e+02,1.314623483151234851e+01
3.909999999999938858e+00,-1.685908393595714205e+00,9.625600587314244727e-01,6.781888779333648927e+02,1.289318846551016229e+01
3.914999999999938751e+00,-1.683186853957298057e+00,8.647523622692702139e-01,4.860686365330874992e+02,1.302693136045977340e+01
3.919999999999938645e+00,-1.680215808861689641e+00,9.358400098933651323e-01,4.970150531221175925e+02,1.319040273159986931e+01
3.924999999999938538e+00,-1.677067794340483253e+00,8.569875008217785473e-01,3.647992254375411676e+02,1.304633112162725084e+01
3.929999999999938431e+00,-1.673945203700707651e+00,6.113967528582985311e-01,3.739665109055047765e+01,1.308363512973666154e+01
3.934999999999938325e+00,-1.670987890338118786e+00,1.256721303665246370e-01,-5.215361279585329157e+02,1.255444568255804860e+01
3.939999999999938218e+00,-1.666735549037448916e+00,3.518714069889495311e-01,-5.542184261293313057e+02,1.284018529887529070e+01
3.944999999999938112e+00,-1.662331841669494992e+00,7.177454073673951163e-01,-4.314595361958690205e+02,1.265291290206156383e+01
3.949999999999938005e+00,-1.657659745447083166e+00,9.139992161808148108e-01,-5.377499636064297874e+02,1.222873465999935583e+01
3.954999999999937899e+00,-1.653164925666292140e+00,1.046917195103895803e+00,1.293640687631005335e+02,1.208984572109122269e+01
3.959999999999937792e+00,-1.648434646330988240e+00,1.178781342752479366e+00,5.260417873595107494e+02,1.184950096513912854e+01
3.964999999999937685e+00,-1.643418589167285004e+00,1.424240204771857199e+00,8.098327815674635985e+02,1.091886306485605829e+01
3.969999999999937579e+00,-1.638412172434229319e+00,1.158592623085288764e+00,2.476133392318446056e+02,9.824519529627423253e+00
3.974999999999937472e+00,-1.632857626726001321e+00,1.449933614567569418e+00,5.021066255812993973e+02,8.194715306287427836e+00
3.979999999999937366e+00,-1.627126601680230822e+00,1.054772481527250783e+00,-1.996448395211291427e+02,7.230798924408835759e+00
3.984999999999937259e+00,-1.620402417692033081e+00,1.647405248862237270e+00,5.055180799329753540e+02,7.026960846920742298e+00
3.989999999999937152e+00,-1.613331654891026368e+00,1.250502309814019997e+00,-4.402017604203966243e+02,6.285911650629004477e+00
3.994999999999937046e+00,-1.605241873999524449e+00,1.885634085118314429e+00,5.216161619591008503e+02,6.094065537531739629e+00
3.999999999999936939e+00,-1.596882765694548789e+00,1.527013125247740133e+00,-4.279455469459583128e+02,5.385195001719901065e+00
4.004999999999936833e+00,-1.587514237653222082e+00,2.098536865431053666e+00,4.822984825502009016e+02,5.285898812848829564e+00
4.009999999999936726e+00,-1.578330379015381757e+00,1.655970941273015251e+00,-4.929491651170543491e+02,4.605314535756861005e+00
4.014999999999936620e+00,-1.567937723147949880e+00,2.305934528919823201e+00,4.703619418731118458e+02,4.586925534401112614e+00
4.019999999999936513e+00,-1.557671693275957336e+00,1.892039614382838186e+00,-4.940687403472547317e+02,4.134265440358633192e+00
4.024999999999936406e+00,-1.546347597251006567e+00,2.496233392867283296e+00,5.038109412415503243e+02,3.771303758785717886e+00
4.029999999999936300e+00,-1.535232862151531652e+00,2.100863875865423225e+00,-3.861846930474357578e+02,2.388026958474547268e+00
4.034999999999936193e+00,-1.523133059676194501e+00,2.571342525204013185e+00,3.441747434003858075e+02,1.585557913812849051e+00
4.039999999999936087e+00,-1.510932506080738591e+00,2.464013979720869774e+00,-3.314303362152607946e+01,8.825627842459149441e-02
4.044999999999935980e+00,-1.498798245603511159e+00,2.365388771044084404e+00,-4.068596994193219984e+01,-1.247237243718124500e+00
4.049999999999935874e+00,-1.489913109584039441e+00,1.701577338612185297e+00,-5.829020139214221574e-01,-3.149452210378838490e+00
4.054999999999935767e+00,-1.483385488400166485e+00,1.015928917047906221e+00,-1.563929046628705350e+02,-4.498381856594700245e+00
4.059999999999935660e+00,-1.480920840850369347e+00,3.465363374430426302e-01,-1.338097956982875303e+02,-5.273317144343502072e+00
4.064999999999935554e+00,-1.480843315551843453e+00,-1.312907334607597842e-01,-5.141794951919978018e+01,-5.610882576539681033e+00
4.069999999999935447e+00,-1.482817943195408050e+00,-5.664864817158369314e-01,-6.263764108480774695e+01,-5.736250363661680396e+00
4.074999999999935341e+00,-1.486308459452219122e+00,-7.935965017960338042e-01,-1.877371117964564817e+01,-5.866250901578680121e+00
4.079999999999935234e+00,-1.490952720090727102e+00,-1.009286316714069320e+00,-2.652416321423271484e+01,-5.832193714960401287e+00
4.084999999999935127e+00,-1.496356772465028406e+00,-1.119311659348894317e+00,1.805381934597195936e+01,-5.877855139711336108e+00
4.089999999999935021e+00,-1.502414441849135640e+00,-1.248401925099028587e+00,2.409681566150382537e+01,-5.696454242304994864e+00
4.094999999999934914e+00,-1.508957601974469043e+00,-1.339928506310562817e+00,1.598098020332429492e+01,-5.609167442062922504e+00
4.099999999999934808e+00,-1.515516810066612541e+00,-1.308149736706797350e+00,1.021941978603432766e+01,-5.571334186369861996e+00
4.104999999999934701e+00,-1.521644825259884204e+00,-1.208323749035363770e+00,8.710393263948914111e+00,-5.646117984515719002e+00
4.109999999999934595e+00,-1.527545373326682610e+00,-1.172174814034499413e+00,9.268506423374997638e+00,-5.569932107980892333e+00
4.114999999999934488e+00,-1.533508451106155412e+00,-1.196485696887869876e+00,4.072806211222865613e+01,-5.502583882973027585e+00
4.119999999999934381e+00,-1.539640130358298720e+00,-1.247527172047325328e+00,1.862661097399215704e+00,-5.363026535428907948e+00
4.124999999999934275e+00,-1.545703245459981723e+00,-1.178445197674489631e+00,1.742045204634592892e+01,-5.307201399814267084e+00
4.129999999999934168e+00,-1.551731086392575731e+00,-1.191497123281406889e+00,1.686715230720794523e+01,-5.347811590679707905e+00
4.134999999999934062e+00,-1.557818560771767613e+00,-1.226054365649100086e+00,2.985174839809861425e+00,-5.244947174975289172e+00
4.139999999999933955e+00,-1.563828785290201084e+00,-1.199507780309870375e+00,-2.741778824086106425e+01,-5.176740608466658955e+00
4.144999999999933848e+00,-1.569828153396339410e+00,-1.219639511131976439e+00,-1.551325004061717472e+01,-5.201529101871782856e+00
4.149999999999933742e+00,-1.576185993029303845e+00,-1.351270377858105887e+00,-7.260531565982205393e+01,-4.973951078926837965e+00
4.154999999999933635e+00,-1.583141099238792426e+00,-1.457803952449977070e+00,-3.652580743880046299e+01,-4.991829795384547630e+00
4.159999999999933529e+00,-1.590952892565106414e+00,-1.667935840561295180e+00,-7.746921742945048095e+01,-4.958535238542909340e+00
4.164999999999933422e+00,-1.599611537517737325e+00,-1.802014445257872577e+00,-4.209278882037238390e+01,-4.676711269988161668e+00
4.169999999999933316e+00,-1.609104460780260926e+00,-1.993348448529623340e+00,-7.447045026996788408e+01,-4.364483209322846946e+00
4.174999999999933209e+00,-1.619225290878382406e+00,-2.046367189531172581e+00,8.152274344109205373e+00,-3.921928250653983206e+00
4.179999999999933102e+00,-1.629602868473176924e+00,-2.053642012752624257e+00,3.668829949028749837e+01,-3.679908414426994678e+00
4.184999999999932996e+00,-1.640053742699876249e+00,-2.079201508310493995e+00,1.860464885767586551e+01,-3.314136962488536842e+00
4.189999999999932889e+00,-1.650338885128779465e+00,-2.018733940066217425e+00,2.946697005199872521e+01,-2.841972127033128181e+00
4.194999999999932783e+00,-1.660017757064048416e+00,-1.892878626800198472e+00,2.722342470877486420e+01,-2.304019388376266519e+00
4.199999999999932676e+00,-1.668638589742206468e+00,-1.630646172372444802e+00,4.438939890138868094e+01,-1.583710636998681753e+00
4.204999999999932569e+00,-1.675716376495660409e+00,-1.233029382491006576e+00,9.233032896885804064e+01,-1.131116729623432571e-01
4.209999999999932463e+00,-1.680667053017683488e+00,-8.082826181069201477e-01,9.758931345994719209e+01,1.114105917536762691e+00
4.214999999999932356e+00,-1.683426791877450146e+00,-3.877537077147533151e-01,8.583688335545565451e+01,2.658147647922931789e+00
4.219999999999932250e+00,-1.684354394805649635e+00,-6.577098503012977770e-02,6.554334185097793863e+01,4.099408746507739565e+00
4.224999999999932143e+00,-1.684187461714783840e+00,7.184512766483291957e-02,2.463878594634270414e+01,6.683469302519559285e+00
4.229999999999932037e+00,-1.684369544346995262e+00,-1.537280534670848464e-01,-6.207419071350174278e+01,9.569138240927598460e+00
4.234999999999931930e+00,-1.685834583766752992e+00,-1.437334276841465697e-01,-2.486448991778255504e+02,1.260644727279714239e+01
4.239999999999931823e+00,-1.685877048684223611e+00,4.348328787164366105e-01,7.102581660805306001e+02,1.371197991593602694e+01
4.244999999999931717e+00,-1.685618724169758220e+00,-2.050547454974175898e-01,-3.036512107115747767e+02,1.288729287479100627e+01
4.249999999999931610e+00,-1.684827199104324214e+00,4.901283300690001399e-02,-3.895368844561003812e+02,1.411847595519133058e+01
4.254999999999931504e+00,-1.683299101792574248e+00,1.613119897489833643e-01,-3.850007269422954437e+02,1.294356681645337126e+01
4.259999999999931397e+00,-1.682299534826663390e+00,1.679013286664220450e-01,-3.573148922926103523e+02,1.274125567779119272e+01
4.264999999999931291e+00,-1.681896870586064185e+00,-6.436027870956173569e-02,-4.696592498386832517e+02,1.364195056031589104e+01
4.269999999999931184e+00,-1.681217492104335243e+00,-6.815099162685021861e-02,-4.054965927375610590e+02,1.298809362367073916e+01
4.274999999999931077e+00,-1.680493085575032186e+00,-6.859155620444551404e-02,-4.213682878241140202e+02,1.270224501169499476e+01
4.279999999999930971e+00,-1.679925154008953259e+00,-7.659366292086164374e-02,-4.102752086797216293e+02,1.276219600594765424e+01
4.284999999999930864e+00,-1.679232036414087137e+00,-8.991883615641728389e-02,-4.770848167078480060e+02,1.275953866317730068e+01
4.289999999999930758e+00,-1.678503128743836115e+00,-6.619541274223242344e-02,-4.303168521156339921e+02,1.283206386836295287e+01
4.294999999999930651e+00,-1.677671304890216097e+00,-6.283609008744381330e-02,-4.799496241599184714e+02,1.284535591320890902e+01
4.299999999999930544e+00,-1.676788557621464504e+00,-4.514746013085477183e-02,-4.579658908065091509e+02,1.288961381497724012e+01
4.304999999999930438e+00,-1.675239780455843208e+00,-1.870431214325219416e-01,-5.249238026545808680e+02,1.291804566742091787e+01
4.309999999999930331e+00,-1.673424187889147374e+00,-1.019528694962572313e-01,-4.444898075694179056e+02,1.303464428514018358e+01
4.314999999999930225e+00,-1.671388412499791976e+00,-8.017913162630915802e-02,-5.175000647777894756e+02,1.299989640615711828e+01
4.319999999999930118e+00,-1.668954751464859720e+00,2.036159258328539608e-03,-4.727184454461989276e+02,1.294197316593102265e+01
4.324999999999930012e+00,-1.666203661175439610e+00,4.930396944561964839e-02,-5.314699516494617910e+02,1.285256102806232903e+01
4.329999999999929905e+00,-1.662977924425343312e+00,1.336182370091861527e-01,-5.057182099214143136e+02,1.276577997538156772e+01
4.334999999999929798e+00,-1.659312051318313719e+00,2.030953519537549157e-01,-5.684896692131142117e+02,1.263490894546134946e+01
4.339999999999929692e+00,-1.655215334294995566e+00,2.622077188556281580e-01,-5.652071183551067861e+02,1.254612844698094776e+01
4.344999999999929585e+00,-1.651084277624732533e+00,2.196962777328705096e-01,-6.323513101576409099e+02,1.251329035643821008e+01
4.349999999999929479e+00,-1.646724319651153401e+00,3.162790196623166961e-01,-5.721384840242283190e+02,1.245567386178507263e+01
4.354999999999929372e+00,-1.641904125999950281e+00,3.368716623841793711e-01,-6.581688382773344301e+02,1.244556866519343785e+01
4.359999999999929265e+00,-1.637113491392766962e+00,3.551897016850657507e-01,-6.222153034224522798e+02,1.218956988858510471e+01
4.364999999999929159e+00,-1.631674670475719902e+00,4.457247387340084743e-01,-6.869080043146237813e+02,1.209265803579384979e+01
4.369999999999929052e+00,-1.626248465754014383e+00,9.449456755015777087e-01,-8.503550661652994336e+01,1.208672871184083952e+01
4.374999999999928946e+00,-1.621208856959482691e+00,8.135323837238397360e-01,-4.741127907959942718e+02,1.170949744359742262e+01
4.379999999999928839e+00,-1.615443476229911912e+00,1.076158041530005161e+00,3.734028556367776019e+01,1.150619664595480174e+01
4.384999999999928733e+00,-1.610008825829826407e+00,8.219908767984361875e-01,-5.569270655929138911e+02,1.160017772502316902e+01
4.389999999999928626e+00,-1.603837237044442920e+00,1.047944126258583353e+00,-1.017917974693196470e+02,1.104799167376894964e+01
4.394999999999928519e+00,-1.597911838049831390e+00,8.973124629864789314e-01,-5.786570837043817619e+02,1.112694962705231738e+01
4.399999999999928413e+00,-1.591183146933544457e+00,1.113239767110425493e+00,-1.330420100062848121e+02,1.060946458123139990e+01
4.404999999999928306e+00,-1.584854685593011903e+00,9.516064909108759018e-01,-6.745518782752255902e+02,1.042730373118264886e+01
4.409999999999928200e+00,-1.577750771796856633e+00,1.050496247524481452e+00,-3.151611518665538370e+02,9.319402758932938013e+00
4.414999999999928093e+00,-1.570827678854428200e+00,8.792354662051395930e-01,-7.293058998011708809e+02,8.635639213200901665e+00
4.419999999999927986e+00,-1.562480680876908279e+00,1.762195136680313912e+00,2.913486730996499432e+02,7.161677925232071473e+00
4.424999999999927880e+00,-1.554150069333511075e+00,1.492849610296733243e+00,-5.191747936096541025e+02,6.406484791022804437e+00
4.429999999999927773e+00,-1.544612793581985777e+00,2.248749473930806264e+00,6.814361356577323932e+02,5.534504988888631516e+00
4.434999999999927667e+00,-1.535146271552682684e+00,1.631563760287055409e+00,-6.815444361161485176e+02,4.389280936655672427e+00
4.439999999999927560e+00,-1.524383531807451009e+00,2.501704099409034932e+00,7.078886039094772968e+02,4.370873650301564162e+00
4.444999999999927454e+00,-1.513885965729080629e+00,1.856458863898703848e+00,-6.395420478354658371e+02,3.341938690121007305e+00
4.449999999999927347e+00,-1.502094455153154984e+00,2.653281120058085918e+00,6.642028071428867406e+02,3.233501645816152958e+00
4.454999999999927240e+00,-1.490606340950441755e+00,2.104743555909223129e+00,-5.470111146073259079e+02,1.932570631265786432e+00
4.459999999999927134e+00,-1.478029020505263524e+00,2.656450604603073362e+00,3.726836812281908351e+02,8.828432826238119535e-01
4.464999999999927027e+00,-1.465398339194312394e+00,2.576156790749239978e+00,-6.088216044034491681e+00,-8.075319567978638258e-01
4.469999999999926921e+00,-1.453992399954356030e+00,2.084834615931673074e+00,-1.140855036019908795e+02,-2.111522881017962483e+00
4.474999999999926814e+00,-1.446441051648119869e+00,1.453212847664666851e+00,-1.345444497166658948e+02,-3.903127786156753043e+00
4.479999999999926708e+00,-1.442230496206789780e+00,9.871683755678986594e-02,-6.764733653291925748e+02,-5.332324013130948615e+00
4.484999999999926601e+00,-1.441806418506887066e+00,-1.491678777241634002e-01,-1.680058223282211998e+02,-6.314997810814777068e+00
4.489999999999926494e+00,-1.444477932880116278e+00,-6.945504542119552704e-01,-1.021138006713647286e+02,-7.025061051267654122e+00
4.494999999999926388e+00,-1.449202078140329197e+00,-1.077319313807885814e+00,-6.655385738812773866e+01,-7.427079904056766324e+00
4.499999999999926281e+00,-1.455167846818330224e+00,-1.255990995374267616e+00,-3.377729384537237678e+01,-7.818189731301904644e+00
4.504999999999926175e+00,-1.461660970740823018e+00,-1.315376072933250207e+00,-2.049689909886909689e+01,-8.025229563978207636e+00
4.509999999999926068e+00,-1.468425927979994050e+00,-1.373752259115066598e+00,-3.625498760652902064e+01,-8.131026504845490166e+00
4.514999999999925961e+00,-1.475055396615039927e+00,-1.307765566374248012e+00,-7.917455850528781980e+00,-8.337182440491753610e+00
4.519999999999925855e+00,-1.481204794880732978e+00,-1.174836350917260130e+00,2.103956608788431026e+01,-8.456254871245214133e+00
4.524999999999925748e+00,-1.486798515265501885e+00,-1.066651960993623138e+00,3.058846025304292837e+01,-8.590959805165516272e+00
4.529999999999925642e+00,-1.491721880017105928e+00,-9.149938676092891354e-01,1.999537799005838679e+01,-8.742289303440053061e+00
4.534999999999925535e+00,-1.495544374334258242e+00,-6.752678746744906757e-01,3.836680727856148110e+01,-9.077656207152184464e+00
4.539999999999925429e+00,-1.498270958405082620e+00,-4.496590489847692163e-01,7.428074054473813703e+01,-9.348502407405900883e+00
4.544999999999925322e+00,-1.504930507398635875e+00,-3.637682089003326791e+00,-1.599435734728209809e+03,-8.663412593600986256e+00
4.549999999999925215e+00,-1.540560584235532771e+00,-8.856166402993924436e+00,-6.919642549029975953e+02,-5.370930139173822226e+00
4.554999999999925109e+00,-1.591801161233835860e+00,-1.081259144859486909e+01,-1.660919457897749680e+02,-3.120965175399429192e+00
4.559999999999925002e+00,-1.645665204116155911e+00,-1.060675542709503105e+01,1.039972253978197898e+02,-1.555455910529270902e+00
4.564999999999924896e+00,-1.694710733516167078e+00,-9.297487851154480509e+00,2.287909678704923522e+02,-5.065271704559233257e-01
4.569999999999924789e+00,-1.734866985810997964e+00,-7.299344445914425883e+00,3.499049188497626233e+02,2.705783310425315946e-01
4.574999999999924682e+00,-1.764323877595806556e+00,-5.074992477668711643e+00,3.853955244448255826e+02,5.806631726295763407e-01
4.579999999999924576e+00,-1.782713632987884100e+00,-2.890878081712468184e+00,3.389421923495981446e+02,7.229423653069424471e-01
4.584999999999924469e+00,-1.790142285355253549e+00,-7.421008696499969970e-01,3.193142286938622192e+02,7.025997392418439347e-01
4.589999999999924363e+00,-1.787956803063112110e+00,1.036326151054488776e+00,2.220415272037194541e+02,5.696728395341624784e-01
4.594999999999924256e+00,-1.778873430694986491e+00,2.185628910345042364e+00,1.629364472777494655e+02,3.305951839992296026e-01
4.599999999999924150e+00,-1.764732356792138690e+00,3.107975704671262385e+00,1.174614949275766236e+02,1.578067033563901322e-01
4.604999999999924043e+00,-1.747118927045639980e+00,3.690955492240012958e+00,7.821847267347006039e+01,-3.355838123823318142e-02
4.609999999999923936e+00,-1.727281060883905539e+00,4.062292780581440610e+00,3.821969353523098079e+01,-1.295539355716055496e-01
4.614999999999923830e+00,-1.707063374249972565e+00,3.993134908101217295e+00,-2.853128769006219656e+01,-2.230939595699386047e-01
4.619999999999923723e+00,-1.687537603778665130e+00,3.819981587493225916e+00,-4.866355858678377189e+01,-2.927685559866610721e-01
4.624999999999923617e+00,-1.669282178892198543e+00,3.522171381011690361e+00,-6.911362729415199624e+01,-3.789691023160277616e-01
4.629999999999923510e+00,-1.652144499748962714e+00,3.345812571203846009e+00,-4.032053591180734742e+01,-3.419407461921926128e-01
4.634999999999923403e+00,-1.636679170592107102e+00,2.937051039709159816e+00,-7.141358324351541853e+01,-2.865339200174927825e-01
4.639999999999923297e+00,-1.622668555569267035e+00,2.705064053179123018e+00,-5.719612798794963737e+01,-2.348514263468037822e-01
4.644999999999923190e+00,-1.609570872850434098e+00,2.558792732287089589e+00,-2.871420563770872647e+01,-2.137488374200082752e-01
4.649999999999923084e+00,-1.596892257677765103e+00,2.515639643184028884e+00,-8.438198762543377640e+00,-1.611987363958184982e-01
4.654999999999922977e+00,-1.584842936618365616e+00,2.349578601900609076e+00,-2.546361439152560635e+01,-7.394950693179813683e-02
4.659999999999922871e+00,-1.572848013619668306e+00,2.421729431192115367e+00,1.040652295331308075e+01,-1.182973085519423151e-02
4.664999999999922764e+00,-1.559947103395064261e+00,2.656067798230372201e+00,3.329335142410778303e+01,4.454788516126462206e-02
4.669999999999922657e+00,-1.546794786105559316e+00,2.608498564105503625e+00,-1.045388112617610332e+01,1.410864325914729100e-02
4.674999999999922551e+00,-1.532900014738036276e+00,2.856872114920862682e+00,3.289629310900514270e+01,8.341739772578993239e-02
4.679999999999922444e+00,-1.517061711724762452e+00,3.316558565247577750e+00,6.202723509052719209e+01,1.872123985505644850e-01
4.684999999999922338e+00,-1.500704014456476498e+00,3.229055612296346744e+00,-2.301129919754682263e+01,-1.410470643289740700e-02
4.689999999999922231e+00,-1.483611794486026092e+00,3.486956931267376714e+00,3.094349724462414031e+01,8.330790919798403138e-02
4.694999999999922125e+00,-1.464581205193977054e+00,3.954567011171497448e+00,6.040039158985182866e+01,1.789544240770970518e-01
4.699999999999922018e+00,-1.445935693127030186e+00,3.591975110641345559e+00,-6.460410005885368889e+01,-1.687477160444532664e-01
4.704999999999921911e+00,-1.446388474543985225e+00,-1.033780107864324505e+00,8.081277397706971399e+00,2.683406171230755977e+00
4.709999999999921805e+00,-1.452031773714308027e+00,-1.184725673647465616e+00,-1.348683786807751694e+01,4.041091787749496511e+00
4.714999999999921698e+00,-1.458870312788301815e+00,-1.481274543326446036e+00,-4.931516218224412995e+01,4.967000474198526305e+00
4.719999999999921592e+00,-1.466925980193349854e+00,-1.638206246929890586e+00,3.988999012420183732e+01,5.880558609400366343e+00
4.724999999999921485e+00,-1.474021892592147109e+00,-1.250553168645749169e+00,2.895953835200950834e+02,6.446938544779799329e+00
4.729999999999921378e+00,-1.480347481258788678e+00,-1.084012735264122451e+00,2.654950553932477533e+02,7.132162253222098514e+00
4.734999999999921272e+00,-1.485720279046140346e+00,-9.393058921903262304e-01,-1.773455840340607104e+00,7.846978552821036956e+00
4.739999999999921165e+00,-1.490473719587958268e+00,-9.406543852262938543e-01,-9.154825677941784079e+01,7.482637047271570196e+00
4.744999999999921059e+00,-1.494707512178296671e+00,-8.778496390199068689e-01,-1.306951094555167714e+01,7.392566212809550841e+00
4.749999999999920952e+00,-1.498161593439284234e+00,-6.060156815227109028e-01,2.462561547444458654e+01,7.672385614434962697e+00
4.754999999999920846e+00,-1.501111011493338143e+00,-2.733254447617103344e-01,4.991377255166302120e+02,8.298519380467162421e+00
4.759999999999920739e+00,-1.504147593620908330e+00,-8.159558397150836750e-01,-2.572356514975059554e+02,8.433682734596397168e+00
4.764999999999920632e+00,-1.506470563914663385e+00,-6.939106842476758796e-01,-2.264245579155056873e+02,9.327218604938847690e+00
4.769999999999920526e+00,-1.508499204843564367e+00,-3.315439994884947228e-01,1.679648380943782797e+02,9.705409768268378201e+00
4.774999999999920419e+00,-1.511379283318897038e+00,-5.659558066352643468e-01,-3.129454170791715839e+01,1.001827803828266106e+01
4.779999999999920313e+00,-1.513411269479418397e+00,-1.159248438954881971e-01,4.275121477741922718e+02,1.096037373278127269e+01
4.784999999999920206e+00,-1.516177966773679220e+00,-6.932288075860042476e-01,-1.428844795577946343e+02,1.088500492296512334e+01
4.789999999999920099e+00,-1.519528515469452001e+00,-6.921525849863296997e-01,3.012386134730179066e+01,1.137699774246793538e+01
4.794999999999919993e+00,-1.523229088073012161e+00,-8.500074425104569009e-01,-2.137150176391517391e+02,1.137361534284077003e+01
4.799999999999919886e+00,-1.526803652312967774e+00,-1.044879203197955908e+00,-3.283081590888909318e+02,1.173133875258878511e+01
4.804999999999919780e+00,-1.530255388090091317e+00,-6.714603600596463773e-01,8.641814947977744055e+01,1.205678377114003297e+01
4.809999999999919673e+00,-1.534126824540345435e+00,-5.905297553709870639e-01,3.189349096196010009e+02,1.208422163377725411e+01
4.814999999999919567e+00,-1.538070764127171364e+00,-6.249413678079487333e-01,5.193239095536193872e+02,1.240514912899042166e+01
4.819999999999919460e+00,-1.541620169386039407e+00,-7.270284791621854925e-01,-1.936342434847607024e+02,1.223940708525069176e+01
4.824999999999919353e+00,-1.545635175414077356e+00,-8.299200532732380342e-01,-2.711624891310931389e+02,1.216383380416503535e+01
4.829999999999919247e+00,-1.549298349383932960e+00,-8.963267193329566007e-01,-3.041709447984448502e+02,1.242794433332699100e+01
4.834999999999919140e+00,-1.553346397010142432e+00,-1.046291584226252347e+00,-4.441202164617199060e+02,1.262860315973093961e+01
4.839999999999919034e+00,-1.556502281045025304e+00,-1.012168794821193929e+00,-3.833594404810668834e+02,1.290053649963915383e+01
4.844999999999918927e+00,-1.559937024919300086e+00,-1.044244497599921218e+00,-3.403756212164134922e+02,1.286063662222545645e+01
4.849999999999918820e+00,-1.563529682375612628e+00,-1.113723826284238383e+00,-4.252689157328280203e+02,1.301151151472356915e+01
4.854999999999918714e+00,-1.566888202643823558e+00,-1.040613849617179731e+00,-3.884668353404652521e+02,1.314720334777499744e+01
4.859999999999918607e+00,-1.570216596602101333e+00,-1.024466162491239007e+00,-3.504728480092383052e+02,1.311855628731585810e+01
4.864999999999918501e+00,-1.573474085390631272e+00,-1.012056170985967896e+00,-3.908538661841161570e+02,1.318455011696495305e+01
4.869999999999918394e+00,-1.576482992198739108e+00,-9.119303804578441364e-01,-3.249912312816935582e+02,1.319588202941638322e+01
4.874999999999918288e+00,-1.579347002229058550e+00,-8.913507273874609060e-01,-3.169877439080718773e+02,1.323076094594794583e+01
4.879999999999918181e+00,-1.582886663445655762e+00,-9.597190411997256199e-01,-4.650058843257476724e+02,1.324776027427821923e+01
4.884999999999918074e+00,-1.585274717782483966e+00,-8.881356089745325866e-01,-4.048364695215971665e+02,1.327786239386462519e+01
4.889999999999917968e+00,-1.588134603594267613e+00,-7.422428092430424229e-01,-2.374188098178021278e+02,1.336458331023343327e+01
4.894999999999917861e+00,-1.590905768867106218e+00,-6.540170243927008187e-01,-3.402247379062186496e+02,1.319023151841783736e+01
4.899999999999917755e+00,-1.593197652329355396e+00,-5.741810446595337902e-01,-2.720754840511854695e+02,1.310589224174326972e+01
4.904999999999917648e+00,-1.595668650069509642e+00,-4.583452185450535565e-01,-2.965594025846591535e+02,1.295994252233162847e+01
4.909999999999917542e+00,-1.598232971888115639e+00,-2.382262686369733262e-01,6.339071749994359379e+02,1.311984235961001666e+01
4.914999999999917435e+00,-1.600863758842567375e+00,-2.836235219975956623e-01,3.480554901978999283e+02,1.275773426896269314e+01
4.919999999999917328e+00,-1.603654226757107448e+00,-7.855042479529634747e-01,-2.498496934733335308e+02,1.239620278403339881e+01
4.924999999999917222e+00,-1.605708011194203255e+00,-6.334937046148583217e-01,-2.562876717283953099e+02,1.245787448606870740e+01
4.929999999999917115e+00,-1.607808183529666035e+00,-4.969446464529287399e-01,-2.839066273272986223e+02,1.203567321733387274e+01
4.934999999999917009e+00,-1.610077966863571852e+00,-4.295570081348265568e-01,-3.174164935274242225e+02,1.128127599054674057e+01
4.939999999999916902e+00,-1.611799849673176244e+00,-2.711316140228417493e-01,-2.965004118852440342e+02,1.011035555040343503e+01
4.944999999999916795e+00,-1.613359832587628606e+00,-2.769273074243916444e-01,1.801934785269504147e+01,9.148595259540835301e+00
4.949999999999916689e+00,-1.614423618830211682e+00,-1.725128930526286242e-01,-1.797456163076084579e+01,7.982382254393839638e+00
4.954999999999916582e+00,-1.615239495115452950e+00,-7.104029338540217287e-02,1.265644571702042072e+02,7.130882132582177846e+00
4.959999999999916476e+00,-1.615577776458515524e+00,-4.981300868612918015e-02,-1.715760388144872479e+02,7.049501509077273020e+00
4.964999999999916369e+00,-1.615760750574195104e+00,1.223366276003896684e-02,3.226916335412059311e+01,6.657159164284729869e+00
4.969999999999916263e+00,-1.615769097862251202e+00,2.209257392934718123e-01,4.523872200628452447e+02,6.849531743587943033e+00
4.974999999999916156e+00,-1.615228479215319757e+00,2.840298523667909580e-01,4.202100591683950483e+02,6.412303978216796985e+00
4.979999999999916049e+00,-1.614683614306978043e+00,3.235313071494789194e-01,4.149251091964449643e+02,6.434077107947290486e+00
4.984999999999915943e+00,-1.613319694936416804e+00,4.632998812003686906e-01,4.343484076324734815e+02,6.564274730108584421e+00
4.989999999999915836e+00,-1.612314244219290593e+00,2.491978238893009096e-02,-2.096211221820745720e+02,5.975924532069839756e+00
4.994999999999915730e+00,-1.610659984102222220e+00,3.026511053759023961e-01,-2.357981349631197929e+02,6.105754503051477045e+00
4.999999999999915623e+00,-1.608804363709050333e+00,6.379543057261247707e-01,4.813933096988714055e+02,6.271282385316689911e+00
5.004999999999915516e+00,-1.606565024696114508e+00,3.339999863354566334e-01,-1.571063984957972934e+02,5.264188145056599488e+00
5.009999999999915410e+00,-1.603357580791272996e+00,6.323081971687268821e-01,-1.210132603512318283e+01,5.418886984790817429e+00
5.014999999999915303e+00,-1.599805291616301695e+00,5.913218569511182743e-01,-9.364050500568031055e+01,4.956340348856117295e+00
5.019999999999915197e+00,-1.595780584134220970e+00,8.798012411968336721e-01,1.462514600433548821e+02,4.589117846497710040e+00
5.024999999999915090e+00,-1.591065803303326920e+00,1.064555401978002580e+00,1.607642287974929047e+02,4.239379660141691986e+00
5.029999999999914984e+00,-1.586073715289528563e+00,1.001490789421276117e+00,-8.119608486490693622e+01,2.007164656460455276e+00
5.034999999999914877e+00,-1.580610990709064856e+00,1.137508792690092640e+00,3.260856655435660656e+01,2.697771542447712223e-01
5.039999999999914770e+00,-1.575340631282267756e+00,1.016029080455134181e+00,-9.897350467635368076e+00,-8.236033352882181635e-01
5.044999999999914664e+00,-1.571527491850394309e+00,7.578399937634566763e-01,-1.599769006410948791e+01,-1.738095790768997340e+00
5.049999999999914557e+00,-1.568640356130742042e+00,4.717544010194463233e-01,-3.352124735414166423e+01,-2.156113592796297773e+00
5.054999999999914451e+00,-1.567433450634820202e+00,1.826882930954891182e-01,-3.816125572396899202e+01,-2.115729401814716137e+00
5.059999999999914344e+00,-1.567388321250357652e+00,-8.641225219930487311e-02,7.300446630550999849e+00,-2.292429650050567869e+00
5.064999999999914237e+00,-1.568318701799011006e+00,-2.526725426823528409e-01,-1.190329456891540616e+01,-2.212171012291621164e+00
5.069999999999914131e+00,-1.570125734906201664e+00,-4.131803637757827663e-01,-2.023805318248570373e+01,-1.906902066863967127e+00
5.074999999999914024e+00,-1.572717520943220926e+00,-5.837173615272422955e-01,-2.686527542206407304e+01,-1.987231715368483087e+00
5.079999999999913918e+00,-1.576061520123108739e+00,-7.309869915885319758e-01,-4.773704746399823762e+01,-2.085837641152749722e+00
5.084999999999913811e+00,-1.579916235261710877e+00,-8.119516766668676278e-01,-2.008572902922387726e+01,-1.806125077267831891e+00
5.089999999999913705e+00,-1.583852344519868449e+00,-7.920079918829480148e-01,-1.247433825651115491e+01,-1.389017732774760816e+00
5.094999999999913598e+00,-1.587418020913792915e+00,-6.339667532980544085e-01,4.747875605483145023e+01,-7.145954214625216405e-01
5.099999999999913491e+00,-1.589989812460201435e+00,-4.158316462712653427e-01,5.553342850709340439e+01,-3.561175679700862018e-01
5.104999999999913385e+00,-1.591266298208308339e+00,-1.453264683272625923e-01,6.230399057993180634e+01,2.275690662697487654e-01
5.109999999999913278e+00,-1.591029659849253486e+00,1.632811818594345765e-01,6.151133577214869064e+01,1.005981325168372909e+00
5.114999999999913172e+00,-1.589253513783225547e+00,4.521825653929600897e-01,2.834327296074901170e+01,1.814323377117590619e+00
5.119999999999913065e+00,-1.586122895069533634e+00,7.093519166276214261e-01,2.113716444735840128e+01,3.361543600975107182e+00
5.124999999999912959e+00,-1.582202015439564402e+00,7.895575058872383867e-01,-1.644243772243479640e+01,4.797750216835260595e+00
5.129999999999912852e+00,-1.578472187810067373e+00,6.791954903549726197e-01,-4.512777534771936416e+01,6.463070580707791279e+00
5.134999999999912745e+00,-1.576220302469286683e+00,2.584620401619859287e-01,-1.127668303511072168e+02,8.139066761417970142e+00
5.139999999999912639e+00,-1.576400278197725990e+00,3.523741544224364697e-01,7.501747133827561811e+02,1.031340063321867717e+01
5.144999999999912532e+00,-1.576554740441484137e+00,4.018425451228780504e-02,-2.251089592169132914e+02,1.057249254851263665e+01
5.149999999999912426e+00,-1.576234209223375204e+00,4.084698679673809396e-01,6.572242054058821168e+02,1.091206779924151249e+01
5.154999999999912319e+00,-1.575552658917913629e+00,4.411409484733414543e-01,3.939464581516174349e+02,1.037298153495433972e+01
5.159999999999912212e+00,-1.575419839418811474e+00,-2.529903161656558153e-01,-2.261178287938481901e+02,1.076154899908086371e+01
5.164999999999912106e+00,-1.574803045112898481e+00,-6.757418605883448726e-02,-1.539241680156740131e+02,1.184078494011109584e+01
5.169999999999911999e+00,-1.574465385587305200e+00,-3.613786483577359210e-01,-4.517458660788534530e+02,1.188944240375714223e+01
5.174999999999911893e+00,-1.574259048003224359e+00,-3.409802720763215889e-01,-3.810502559295048854e+02,1.188137747877615702e+01
5.179999999999911786e+00,-1.574067056118541919e+00,-3.953307019060274263e-01,-4.597491048777427523e+02,1.204510976255564536e+01
5.184999999999911680e+00,-1.574288390582540220e+00,-4.300267416165370893e-01,-3.931311043227794926e+02,1.201591953815403890e+01
5.189999999999911573e+00,-1.574365253266509113e+00,-4.688892078468055447e-01,-4.934891370546349094e+02,1.220532930135136418e+01
5.194999999999911466e+00,-1.574416683776102888e+00,-4.431334605551454642e-01,-4.307254296777084051e+02,1.227532331620735739e+01
5.199999999999911360e+00,-1.574253742946795986e+00,-4.161346742137588817e-01,-4.798105720051569278e+02,1.232602822026321654e+01
5.204999999999911253e+00,-1.573982266999717217e+00,-3.922613657934145848e-01,-4.479254210912338294e+02,1.238904740984022546e+01
5.209999999999911147e+00,-1.573535029119948137e+00,-3.514770392301733715e-01,-4.613434168249214622e+02,1.237609143234080555e+01
5.214999999999911040e+00,-1.572873528495430717e+00,-3.263193595887124432e-01,-4.946317208530248877e+02,1.243024215014226286e+01
5.219999999999910933e+00,-1.571984175935661865e+00,-2.600004855530922421e-01,-4.672173993706529700e+02,1.242226828153420115e+01
5.224999999999910827e+00,-1.570846431149684364e+00,-2.057061339778719633e-01,-4.613413732574558139e+02,1.223168553039037221e+01
5.229999999999910720e+00,-1.569602938334287767e+00,-1.845390369548559895e-01,-4.713699179685924037e+02,1.224131093808927595e+01
5.234999999999910614e+00,-1.568136105788223045e+00,-1.476562430820068939e-01,-4.786523581885815020e+02,1.219831117232085660e+01
5.239999999999910507e+00,-1.566303408086258342e+00,-5.176498310600756436e-02,-4.510977189722369189e+02,1.200745443893716846e+01
5.244999999999910401e+00,-1.564849911020544049e+00,-8.180410278739250196e-02,-4.747868337620629973e+02,1.198940469464655223e+01
5.249999999999910294e+00,-1.562394405306826384e+00,2.290589767007461877e-02,-5.024322333236079317e+02,1.200844279294257966e+01
5.254999999999910187e+00,-1.560234939416651700e+00,2.664310276617224971e-01,-5.010417244928600553e+02,1.168599144912134769e+01
5.259999999999910081e+00,-1.556929282647502522e+00,5.088407259541757321e-01,-4.770424190189489764e+02,1.127932233160779241e+01
5.264999999999909974e+00,-1.554801508376403296e+00,7.443684227168319012e-01,7.084770691053348628e+02,1.136430531200094585e+01
5.269999999999909868e+00,-1.552193006836912303e+00,8.459037089693440814e-01,8.179718709333511697e+02,1.077265476663800747e+01
5.274999999999909761e+00,-1.549630619935570053e+00,8.448276314326507164e-01,7.042590441909886749e+02,9.997681055189769239e+00
5.279999999999909654e+00,-1.547013255974464929e+00,8.582293579944366702e-01,7.029245337442299615e+02,8.633492787464984275e+00
5.284999999999909548e+00,-1.543772643408276579e+00,8.629068457452763186e-01,5.474748742933829817e+02,7.533977603299322645e+00
5.289999999999909441e+00,-1.540238054797565370e+00,7.680578543465677033e-01,1.797570642060096873e+02,6.695755879300442359e+00
5.294999999999909335e+00,-1.536229689478458171e+00,9.599144617147359337e-01,1.889724739244170166e+02,6.224641162745401246e+00
5.299999999999909228e+00,-1.531394517091725360e+00,9.650355722975607620e-01,-3.056653315973257463e+02,6.072283466291146681e+00
5.304999999999909122e+00,-1.525793123109378646e+00,1.291342770225337055e+00,2.655218511238327892e+02,5.864352474184865827e+00
5.309999999999909015e+00,-1.519834450325110442e+00,1.110054317239489441e+00,-2.804857120195551374e+02,5.064992525971311110e+00
5.314999999999908908e+00,-1.513007397033711454e+00,1.453795521244137134e+00,2.135156214802316583e+02,5.063637993257279035e+00
5.319999999999908802e+00,-1.506012701938060472e+00,1.309620801466626183e+00,-3.124106236663344589e+02,5.063019834027407740e+00
5.324999999999908695e+00,-1.498304276115814293e+00,1.695854746805721902e+00,3.214961426054497338e+02,4.343638857960680610e+00
5.329999999999908589e+00,-1.490481832109567195e+00,1.458320170335552834e+00,-3.147374836041628896e+02,3.904991014801428406e+00
5.334999999999908482e+00,-1.481945086278578350e+00,1.885182760801791257e+00,3.840656629055582130e+02,3.569789791452314009e+00
5.339999999999908376e+00,-1.473418611304830872e+00,1.587638031730803867e+00,-3.502023781455146718e+02,2.468556462515655525e+00
5.344999999999908269e+00,-1.464196763942187118e+00,1.974458065903625270e+00,2.765520160683915378e+02,1.683504361018639539e+00
5.349999999999908162e+00,-1.454877010258520231e+00,1.873223428355628606e+00,-3.677138954758369493e+01,4.479091317179322296e-01
5.354999999999908056e+00,-1.446663683464943562e+00,1.489667543211179890e+00,-6.856346084823270814e+01,-1.648888483708376818e+00
5.359999999999907949e+00,-1.442388590858964426e+00,7.681639229903348687e-01,-8.798953778058837827e+01,-3.827479117402551090e+00
5.364999999999907843e+00,-1.441318372938690029e+00,-3.876765600372590881e-01,-5.002402005312055167e+02,-4.579631192136089268e+00
5.369999999999907736e+00,-1.443990708621735841e+00,-7.773113855158992891e-01,-1.265704912771725930e+02,-4.808393120933411424e+00
5.374999999999907629e+00,-1.449808042265503971e+00,-1.308748524694004489e+00,-7.050757795050868992e+01,-4.845636195822089931e+00
5.379999999999907523e+00,-1.458020518988299541e+00,-1.824491899903892822e+00,-2.485924840461786545e+01,-4.645458958938592176e+00
5.384999999999907416e+00,-1.468097699282540747e+00,-2.204873575573796263e+00,-1.534288805334451240e+02,-4.342983139266342718e+00
5.389999999999907310e+00,-1.479164411244016097e+00,-2.271678782898910676e+00,-3.205670645891343895e+01,-3.988760673554143210e+00
5.394999999999907203e+00,-1.491010640734459658e+00,-2.400628321637406692e+00,-3.546914629410658648e+01,-3.670408058303473275e+00
5.399999999999907097e+00,-1.503099027607019966e+00,-2.402332129030117613e+00,-9.030987429678486222e+00,-3.380883745787744310e+00
5.404999999999906990e+00,-1.515246285137402227e+00,-2.439889034065124473e+00,6.442695544445869871e+01,-2.955370754959744328e+00
5.409999999999906883e+00,-1.526940660378007575e+00,-2.304289938534652027e+00,9.862609225607398500e+00,-2.677325066414658394e+00
5.414999999999906777e+00,-1.538258058448049193e+00,-2.169037532838556270e+00,4.230439432869388838e+01,-2.270631061310578680e+00
5.419999999999906670e+00,-1.548971980625641898e+00,-2.048267368544451017e+00,7.584735488452284358e+01,-2.070759771368037683e+00
5.424999999999906564e+00,-1.558744305094735161e+00,-1.975193485056470299e+00,-7.486959789620598826e+01,-1.844136321360074993e+00
5.429999999999906457e+00,-1.567422046644738165e+00,-1.634927824785915806e+00,5.938769872366336955e+01,-1.279083499002612978e+00
5.434999999999906350e+00,-1.574937313707658770e+00,-1.536936506368703936e+00,-1.343610463136488136e+02,-6.203325123000337227e-01
5.439999999999906244e+00,-1.580758058581657632e+00,-1.000406554423868943e+00,8.782632123131531898e+01,1.821633339695903908e-01
5.444999999999906137e+00,-1.584799528248556744e+00,-6.755066797034119386e-01,7.548671893948508682e+01,6.309825103736963481e-01
5.449999999999906031e+00,-1.587184982371775854e+00,-3.842783192720179986e-01,1.539804095135457374e+01,1.420017016234298435e+00
5.454999999999905924e+00,-1.588199882387240969e+00,-1.031792598449943060e-01,5.729610858141236207e+01,2.455436788306828877e+00
5.459999999999905818e+00,-1.588369717236650214e+00,2.319345436428919133e-02,3.563300412707916109e+01,2.875304795611492992e+00
5.464999999999905711e+00,-1.588256316659790945e+00,2.350553832229021478e-02,1.113103524955677059e+01,2.706574680996166826e+00
5.469999999999905604e+00,-1.588145910984828824e+00,-1.010511912536160052e-02,-4.526681615459656172e+01,3.350278812299749998e+00
5.474999999999905498e+00,-1.588458383451740064e+00,-1.236144646551796122e-01,-5.320451510562040198e+01,4.532887435266726328e+00
5.479999999999905391e+00,-1.589647717974892016e+00,-3.252063845308307277e-01,-3.790795897536597892e+01,6.071375350001565252e+00
5.484999999999905285e+00,-1.592386815118934207e+00,-6.792535509779492608e-01,-5.623879679979183521e+01,7.231775405542367530e+00
5.489999999999905178e+00,-1.596126109525362491e+00,-5.473558433215622854e-01,-7.798819910556699142e+01,9.199624606321929576e+00
5.494999999999905071e+00,-1.598683328930637026e+00,-5.148537089242261056e-01,-1.838797585471034211e+02,1.071983128919266370e+01
5.499999999999904965e+00,-1.600549090541488306e+00,-3.819930164053394472e-01,7.355153609747682708e+01,1.190689598018774120e+01
5.504999999999904858e+00,-1.601494482787563012e+00,-4.406203702206543116e-01,-3.742442173773185345e+02,1.237425524655048825e+01
5.509999999999904752e+00,-1.602170954915514756e+00,-2.342188048202359929e-01,-2.937698679978193468e+02,1.269491924232536917e+01
5.514999999999904645e+00,-1.602146003417991071e+00,-9.630030835219779983e-02,-2.709297247812629053e+02,1.272476318196776646e+01
5.519999999999904539e+00,-1.601872310156624790e+00,-1.089843554945564286e-01,-3.014055296401456872e+02,1.313512683487390298e+01
5.524999999999904432e+00,-1.601659900888562360e+00,-1.606155075097437657e-01,-3.945395762154795989e+02,1.341897674388266104e+01
5.529999999999904325e+00,-1.601596196954672813e+00,-1.620414482215584429e-01,-3.735311037477092668e+02,1.348095958803477856e+01
5.534999999999904219e+00,-1.601968158202514925e+00,-2.410737154069449162e-01,-3.482916935639584040e+02,1.354405258746175811e+01
5.539999999999904112e+00,-1.602288311658389919e+00,-2.603301402254366570e-01,-4.551501179887816875e+02,1.354451902056820956e+01
5.544999999999904006e+00,-1.602293538932425321e+00,-1.744495535414241905e-01,-4.314234647008837555e+02,1.352422755892287931e+01
5.549999999999903899e+00,-1.602161177219922239e+00,-1.503027362037469838e-01,-4.119525447670530980e+02,1.358463119428467714e+01
5.554999999999903793e+00,-1.601750427108794339e+00,-7.915091980819818906e-02,-4.155187646043475524e+02,1.348866946925148547e+01
5.559999999999903686e+00,-1.601264780039568292e+00,-5.303794990312554053e-02,-3.750005376012210263e+02,1.339809103224596498e+01
5.564999999999903579e+00,-1.600384984567359004e+00,2.503408056258554781e-02,-3.988821860263876147e+02,1.321306014205623036e+01
5.569999999999903473e+00,-1.599724785425354456e+00,5.874450238670910970e-03,-3.664738205949938674e+02,1.311548905132888443e+01
5.574999999999903366e+00,-1.598551082060007955e+00,9.994177162640695278e-02,-3.989079840025147519e+02,1.281483385468613534e+01
5.579999999999903260e+00,-1.597816241367877366e+00,6.500346173274336448e-02,-4.278541776293034218e+02,1.276122010706174414e+01
5.584999999999903153e+00,-1.596150760183647543e+00,2.060674459267208269e-01,-3.950771328503463451e+02,1.248524902408065707e+01
5.589999999999903046e+00,-1.594777407205468789e+00,3.045871891058246628e-01,-4.459577804611921010e+02,1.227211325291195898e+01
5.594999999999902940e+00,-1.593675141968114328e+00,5.495900597952109168e-01,7.498481262818806954e+02,1.239211206113085595e+01
5.599999999999902833e+00,-1.592074346662048612e+00,6.479697424981710752e-01,7.650117517637761466e+02,1.183796326528062615e+01
5.604999999999902727e+00,-1.590678975685334118e+00,7.442076952989256089e-01,6.278809073111609678e+02,1.142125544644791368e+01
5.609999999999902620e+00,-1.589330681303505743e+00,-1.037500955180941237e-01,-4.199438864028114722e+02,1.057351614025600917e+01
5.614999999999902514e+00,-1.588061345120747037e+00,6.167281029563954214e-02,-3.869460514821200832e+02,1.020970644427251628e+01
5.619999999999902407e+00,-1.586378528125672371e+00,2.254792690858228588e-01,-3.670801619041079107e+02,9.024449210213806083e+00
5.624999999999902300e+00,-1.584467711984380855e+00,2.731388412133704535e-01,-3.392255016262096774e+02,7.948626663103347312e+00
5.629999999999902194e+00,-1.582455396275872506e+00,3.283133337816457886e-01,-2.294348658854784446e+02,6.936339874764872349e+00
5.634999999999902087e+00,-1.579976878409943719e+00,4.212271187359006852e-01,-3.478503960255840184e+02,6.966540660684721331e+00
5.639999999999901981e+00,-1.577312791462142982e+00,5.847555207999940441e-01,-6.107000679562838208e+00,6.254580326236466981e+00
5.644999999999901874e+00,-1.574422206840545790e+00,5.097277031891463972e-01,-3.196651865422226138e+02,5.926256958414303000e+00
5.649999999999901767e+00,-1.570699270596429775e+00,8.430414752513539778e-01,2.165996159162545496e+02,5.372638752038708887e+00
5.654999999999901661e+00,-1.567025259666022796e+00,6.565989019381484049e-01,-2.370126836592063739e+02,5.413796053605685721e+00
5.659999999999901554e+00,-1.562763094729672231e+00,9.786167200435652580e-01,2.710880177158325068e+02,5.015055410925962853e+00
5.664999999999901448e+00,-1.558590397707121822e+00,7.179337494938127229e-01,-3.077223518026560214e+02,4.643651643166728071e+00
5.669999999999901341e+00,-1.553668044121806258e+00,1.143494851851928784e+00,3.221062207248356231e+02,5.065488395192210724e+00
5.674999999999901235e+00,-1.548855278325991236e+00,8.363785353223635033e-01,-3.188153268596176986e+02,4.476111214713701436e+00
5.679999999999901128e+00,-1.543213663984686734e+00,1.248985849784078450e+00,3.013935556367756590e+02,4.601839117283649472e+00
5.684999999999901021e+00,-1.537509750586108837e+00,1.057987751628045592e+00,-3.061775613979904733e+02,3.985050756777445358e+00
5.689999999999900915e+00,-1.531071292409554419e+00,1.463665327093990998e+00,3.353072046941550752e+02,3.321466782686356645e+00
5.694999999999900808e+00,-1.524375974650725274e+00,1.258591976804783963e+00,-2.729602802725013930e+02,2.482091282536298404e+00
5.699999999999900702e+00,-1.517213437849782132e+00,1.508706017495744511e+00,2.151795230558803951e+02,1.458565110890378103e+00
5.704999999999900595e+00,-1.509811702963610225e+00,1.504883352617281567e+00,1.150950117188884825e+01,1.436429066570560353e-01
5.709999999999900488e+00,-1.504581491611508337e+00,9.325694476395387511e-01,3.969142443550053372e+02,-1.605865340869686131e+00
5.714999999999900382e+00,-1.500214646750615222e+00,6.944514902576270909e-01,-1.036193364732192777e+02,-3.038638869653373487e+00
5.719999999999900275e+00,-1.498869747702299637e+00,1.478392760514684323e-01,-3.124301852187409523e+00,-3.580337613797554219e+00
5.724999999999900169e+00,-1.499263849448919883e+00,-2.434951862392489286e-01,-8.725919205678104618e+01,-3.974198808086740975e+00
5.729999999999900062e+00,-1.501756325211247134e+00,-5.950737689503270422e-01,-6.004752191180666898e+01,-3.893221744610677160e+00
5.734999999999899956e+00,-1.505721014743379271e+00,-8.994798136458269644e-01,-3.204625375221423411e+01,-3.698236880127276471e+00
5.739999999999899849e+00,-1.510977177195645949e+00,-1.149215713119106086e+00,-1.124652568684934373e+01,-3.543235190511537791e+00
5.744999999999899742e+00,-1.517427906404326565e+00,-1.405670058366437436e+00,-8.260474700574452811e+01,-3.353649884804689840e+00
5.749999999999899636e+00,-1.524874289054399146e+00,-1.582235911125390970e+00,-8.371338902105978264e+01,-3.501455824941951622e+00
5.754999999999899529e+00,-1.533018147750178972e+00,-1.710661572479297510e+00,-8.214135943465636558e+01,-3.501568298615844288e+00
5.759999999999899423e+00,-1.541802573472146332e+00,-1.804421786514896597e+00,-3.010183043228204269e+01,-3.276117277841109399e+00
5.764999999999899316e+00,-1.551245321480116290e+00,-1.927826000207682133e+00,-4.084859972801997685e+01,-2.878005241591562680e+00
5.769999999999899210e+00,-1.560908938478090979e+00,-1.935695835785003371e+00,-2.072029598740585499e+01,-2.479577029700011259e+00
5.774999999999899103e+00,-1.570539821704077577e+00,-1.919664177390966175e+00,4.319417039195103314e+01,-1.928990054747879768e+00
5.779999999999898996e+00,-1.579633582119890134e+00,-1.750643153197352753e+00,3.809563532005444131e+01,-1.216964208129392322e+00
5.784999999999898890e+00,-1.587837372022897098e+00,-1.539902223187845864e+00,1.315562310831592470e+02,-8.646776076160861413e-01
5.789999999999898783e+00,-1.594404315142966988e+00,-1.173318936340249641e+00,7.335313508503008961e+01,-3.196564336387580640e-01
5.794999999999898677e+00,-1.599004956861196813e+00,-7.699620952000810759e-01,6.867887795976672294e+01,2.218165977391234334e-01
5.799999999999898570e+00,-1.601368870829645186e+00,-3.057996475127123248e-01,6.154084486273009702e+01,1.484812200693984341e+00
5.804999999999898463e+00,-1.601571469898910083e+00,9.135048569474291114e-02,5.056690351831518626e+01,2.462193036194387563e+00
5.809999999999898357e+00,-1.599957591461337314e+00,4.319824145222228573e-01,4.020430126358559164e+01,4.252295315620976623e+00
5.814999999999898250e+00,-1.597378594749817138e+00,5.432356936825442073e-01,5.374176955414793788e+00,4.962396770715087335e+00
5.819999999999898144e+00,-1.594821343678198833e+00,4.694420600465461502e-01,-2.534468892642777504e+01,6.328279278658896168e+00
5.824999999999898037e+00,-1.593593935486574686e+00,5.534810245978732252e-02,-1.125347487220075493e+02,8.232516152701872869e+00
5.829999999999897931e+00,-1.593242935520202019e+00,5.166182784930847816e-02,-1.724528543532705385e+02,9.800237535973321812e+00
5.834999999999897824e+00,-1.591883821423690115e+00,7.548041001491884172e-01,7.340053967028928810e+02,1.062477901200242947e+01
5.839999999999897717e+00,-1.589851651740681771e+00,1.670899694175795869e-01,-3.031076169213557137e+02,9.922557706726836457e+00
5.844999999999897611e+00,-1.587001102330943381e+00,5.077783593854318100e-01,-3.425293793897478167e+02,1.064853486524961745e+01
5.849999999999897504e+00,-1.584253284810037687e+00,5.674514635226042270e-01,-3.691530737888940621e+02,1.043279337193294865e+01
5.854999999999897398e+00,-1.581300228416070430e+00,6.041604072930816249e-01,-2.645663428586590840e+02,1.054063702273762537e+01
5.859999999999897291e+00,-1.578743522815917899e+00,4.586384074145834489e-01,-4.131852766370911922e+02,1.071672964754463742e+01
5.864999999999897184e+00,-1.576712097212467745e+00,2.815917081193751170e-01,-3.164997334538135192e+02,1.096510650458046143e+01
5.869999999999897078e+00,-1.575196925019432426e+00,9.189174357420491768e-02,-4.558593128711041231e+02,1.093448316161432032e+01
5.874999999999896971e+00,-1.573975983342957630e+00,-7.724702121359674871e-03,-4.864046219693894955e+02,1.105738704076680357e+01
5.879999999999896865e+00,-1.573054123000698246e+00,-7.514820791461560012e-02,-4.965635305842877756e+02,1.129175141286739148e+01
5.884999999999896758e+00,-1.572302158954384854e+00,-1.147832941804169948e-01,-5.217721142384777977e+02,1.156305159087439982e+01
5.889999999999896652e+00,-1.571617141960482078e+00,-1.405437655694867227e-01,-5.258017244417508209e+02,1.177375486449853703e+01
5.894999999999896545e+00,-1.570855750064599654e+00,-1.506003226727800903e-01,-5.404423507634294310e+02,1.200294133275963837e+01
5.899999999999896438e+00,-1.569330257112280913e+00,-2.406788222070114780e-01,-5.298451998312681326e+02,1.219716024717793346e+01
5.904999999999896332e+00,-1.567340700030320333e+00,-1.611715781239173861e-01,-5.900098123284681151e+02,1.231703002955487491e+01
5.909999999999896225e+00,-1.565626991743296781e+00,-2.394470096771530720e-01,-6.105127006827025298e+02,1.244541135430431922e+01
5.914999999999896119e+00,-1.563506196823677419e+00,-1.482511259316394436e-01,-6.212788915334971307e+02,1.245778406985355780e+01
5.919999999999896012e+00,-1.560917695562522134e+00,-2.620467563364390490e-02,-5.874723346587918513e+02,1.227923867148366277e+01
5.924999999999895905e+00,-1.558480430517254822e+00,-1.048021094756030475e-01,-6.507504170095357949e+02,1.227623367790647890e+01
5.929999999999895799e+00,-1.555357797757721317e+00,2.708545978607589458e-02,-6.465619122707385031e+02,1.229956622143723877e+01
5.934999999999895692e+00,-1.552226235456367176e+00,3.332715960063312166e-02,-6.465751049039057534e+02,1.209634338462001146e+01
5.939999999999895586e+00,-1.548821503790501541e+00,5.622443065308995597e-02,-6.867621698521808185e+02,1.203055862340152160e+01
5.944999999999895479e+00,-1.544944581156812102e+00,4.672823235035198364e-01,-3.045420168433620347e+02,1.197099214488706664e+01
5.949999999999895373e+00,-1.541028737194614529e+00,4.371498070915247336e-01,-5.133981691667426048e+02,1.172976301796082055e+01
5.954999999999895266e+00,-1.536642802613004566e+00,6.500569968410527810e-01,-3.156989862056310585e+02,1.119296542551045093e+01
5.959999999999895159e+00,-1.532050422751447982e+00,7.222223485080713212e-01,-4.827886394618100780e+02,1.084782768732152292e+01
5.964999999999895053e+00,-1.527055125246535416e+00,8.355745803149898787e-01,-6.102139011424894761e+02,1.000624485481025694e+01
5.969999999999894946e+00,-1.519940361400140549e+00,1.245180016703663295e+00,-5.846361799579128729e+02,9.012271856371530276e+00
5.974999999999894840e+00,-1.514400951007722096e+00,1.523170067856763898e+00,9.198737256774323896e+02,7.979258855125148209e+00
5.979999999999894733e+00,-1.508292153965992810e+00,1.544334249784455437e+00,8.535927152658489376e+02,6.797178751004525843e+00
5.984999999999894627e+00,-1.501563221683789751e+00,1.272972643253181602e+00,-2.490748139139251975e+02,5.787425473201941450e+00
5.989999999999894520e+00,-1.493800830506456290e+00,1.857362673782065432e+00,5.235875917731175377e+02,5.484910791624627358e+00
5.994999999999894413e+00,-1.485490432787886617e+00,1.527121690051350678e+00,-4.146246346205072086e+02,4.759422742453618405e+00
5.999999999999894307e+00,-1.475920019706365549e+00,2.181929191731960316e+00,5.260541803486356685e+02,4.549945880584320257e+00
6.004999999999894200e+00,-1.466433904938706290e+00,1.701864753497208671e+00,-4.953194757520682288e+02,3.328784706818328942e+00
6.009999999999894094e+00,-1.456072086472026461e+00,2.309822661691017576e+00,5.054563669316016785e+02,2.680304182568300053e+00
6.014999999999893987e+00,-1.445704211633210390e+00,1.945435897121167823e+00,-4.364936514117241586e+02,1.410580994171156899e+00
6.019999999999893880e+00,-1.434625244464382332e+00,2.416314550051772869e+00,3.472496485523885781e+02,8.956645096835336162e-02
6.024999999999893774e+00,-1.424935976266957338e+00,1.756848038480371965e+00,-7.185862296783969327e+01,-1.960560780664294400e+00
6.029999999999893667e+00,-1.420156484731111224e+00,7.812555901993094576e-01,-1.729789294928330037e+02,-4.283813931052343982e+00
6.034999999999893561e+00,-1.420033409960246296e+00,-8.131109982535118519e-01,-7.151601889756520904e+02,-5.571921995419027773e+00
6.039999999999893454e+00,-1.425037675791744896e+00,-1.314190378544755289e+00,-1.487712005869431380e+02,-5.934080078701968297e+00
6.044999999999893348e+00,-1.434685449067305996e+00,-2.206905341911771679e+00,-1.573009805695557191e+02,-5.905710635638685702e+00
6.049999999999893241e+00,-1.447404941455082472e+00,-2.761698482601731897e+00,-2.575003557003193322e+01,-5.573677082775982505e+00
6.054999999999893134e+00,-1.462366919165650758e+00,-3.237408228304813562e+00,-2.132084478429540297e+02,-5.316944298343946329e+00
6.059999999999893028e+00,-1.478247860756340959e+00,-3.196557241247229175e+00,-3.611229078274951121e+01,-4.952441543997791129e+00
6.064999999999892921e+00,-1.494769589390287923e+00,-3.305691720715257187e+00,-3.119475035752024183e+01,-4.569385523474597477e+00
6.069999999999892815e+00,-1.511150794024448407e+00,-3.193880126436305922e+00,4.859293306234910403e+01,-4.100872519138110128e+00
6.074999999999892708e+00,-1.527150750032913562e+00,-3.178374898216125732e+00,1.470656884051705049e+02,-3.645757721481921010e+00
6.079999999999892601e+00,-1.542123537592430260e+00,-2.904085185133674862e+00,3.988963846205164288e+01,-3.309827266470307450e+00
6.084999999999892495e+00,-1.556427030000157252e+00,-2.727580173421232157e+00,4.666066547032109213e+01,-2.946570068194886538e+00
6.089999999999892388e+00,-1.569512898037407789e+00,-2.480618755043807244e+00,1.214391195469320479e+02,-2.365404734862408098e+00
6.094999999999892282e+00,-1.581053220470221454e+00,-2.205913166590016239e+00,2.349937813679373377e+01,-1.981541126937189645e+00
6.099999999999892175e+00,-1.591231550636652115e+00,-1.827243591089177333e+00,8.966971663527556302e+01,-1.299567242979420723e+00
6.104999999999892069e+00,-1.599576975816481061e+00,-1.669082560155444872e+00,-1.047457998847265088e+02,-9.314096773373892191e-01
6.109999999999891962e+00,-1.605941313638150625e+00,-1.099326642510195073e+00,9.009785172477766935e+01,-4.904796338029990821e-01
6.114999999999891855e+00,-1.610068032744707223e+00,-6.788531044676537896e-01,4.182943873967187898e+01,2.000334682834878919e-01
6.119999999999891749e+00,-1.612004932283634506e+00,-2.141601590934504584e-01,9.570168497743773628e+01,1.174034416588586538e+00
6.124999999999891642e+00,-1.612107333140682330e+00,1.102431179960790403e-01,7.307988808929754043e+01,1.607891471233940051e+00
6.129999999999891536e+00,-1.610792612018943082e+00,3.412895164466993037e-01,3.812007609970937949e+01,2.343553289599124678e+00
6.134999999999891429e+00,-1.608626090031661571e+00,4.561009124353318511e-01,-2.076710487108509184e+01,3.089404728561078173e+00
6.139999999999891322e+00,-1.606155706972843378e+00,4.873896972135262629e-01,-6.912396194584425224e+00,4.116989259701755444e+00
6.144999999999891216e+00,-1.603873203159384531e+00,4.369719682454129561e-01,-3.421596929618105243e+00,4.348072808190255323e+00
6.149999999999891109e+00,-1.602170630596774448e+00,2.908931778054790751e-01,-2.137227554487132863e+01,4.268700420234915249e+00
6.154999999999891003e+00,-1.601289535861544211e+00,1.117625937809593184e-01,-2.694067237817179361e+01,4.673239116397066795e+00
6.159999999999890896e+00,-1.601422666788454574e+00,-1.119943309626279526e-01,-2.891041934963028126e+01,5.537768553698953156e+00
6.164999999999890790e+00,-1.602959989084585146e+00,-4.252621189345114905e-01,-4.836955048822044745e+01,6.823767981876112110e+00
6.169999999999890683e+00,-1.605964657343344149e+00,-4.488687164236730420e-01,3.257088709921305849e+02,8.736148561609953234e+00
6.174999999999890576e+00,-1.607592850489169223e+00,-1.059990696350410211e-01,-1.757071797301095728e+02,1.008216431312547456e+01
6.179999999999890470e+00,-1.608538205265094945e+00,-2.468804378981188374e-01,-2.058556129397635459e+02,1.155645371261972443e+01
6.184999999999890363e+00,-1.609051487059953711e+00,2.859796718433005869e-01,6.618181159529816568e+02,1.248656558093525248e+01
6.189999999999890257e+00,-1.609258816603452047e+00,3.026658824378686274e-01,4.723133287515130974e+02,1.163916106664498784e+01
6.194999999999890150e+00,-1.609047131101919437e+00,2.044356228183076274e-01,2.481202496722520152e+02,1.195533251148530418e+01
6.199999999999890044e+00,-1.609148721261150605e+00,3.177778616902099396e-01,5.607539586039109736e+02,1.297206243237946843e+01
6.204999999999889937e+00,-1.608808950915418423e+00,1.857323370046903288e-01,4.505944179608408149e+02,1.333717770245958611e+01
6.209999999999889830e+00,-1.608940987733949557e+00,1.728448438871127146e-01,6.292777281743033200e+02,1.362952491513920883e+01
6.214999999999889724e+00,-1.609217362672550777e+00,1.580007720353956702e-01,6.517138237721569567e+02,1.368413135206743902e+01
6.219999999999889617e+00,-1.609499682899694362e+00,1.829735211253601390e-01,6.863307888255636726e+02,1.377243873628172288e+01
6.224999999999889511e+00,-1.609778575865910444e+00,7.923466418160207692e-02,4.526761367753652507e+02,1.371133438246177327e+01
6.229999999999889404e+00,-1.609572038146716677e+00,3.391085194718553714e-02,-2.417260484404150986e+02,1.349269888800155215e+01
6.234999999999889297e+00,-1.609270447078391397e+00,9.662995513988562046e-02,-3.358222772654968935e+02,1.341729814589587377e+01
6.239999999999889191e+00,-1.608764363732508418e+00,1.276960851336960689e-01,-4.006149077864632773e+02,1.337147582709144622e+01
6.244999999999889084e+00,-1.607993205543796211e+00,1.716525146895720721e-01,-4.201164530436379323e+02,1.320675883153348984e+01
6.249999999999888978e+00,-1.606905239453841450e+00,2.536297543899312945e-01,-3.528783151651817889e+02,1.302933877701144993e+01
6.254999999999888871e+00,-1.605609304173915231e+00,2.837226757192948257e-01,-3.423433043661565875e+02,1.295834547523543989e+01
6.259999999999888765e+00,-1.604631524452309055e+00,2.400936291767206965e-01,7.193467518182643516e+01,1.302418805043867778e+01
6.264999999999888658e+00,-1.603213158753335144e+00,3.061891248642104602e-01,-4.665914426292281405e+02,1.265022845461054324e+01
6.269999999999888551e+00,-1.601998054223271017e+00,2.951535556485649359e-01,4.531983157784255667e+01,1.272362515254845938e+01
6.274999999999888445e+00,-1.600120289226963921e+00,4.642752400058970386e-01,-3.750176518355520443e+02,1.233283870635911228e+01
6.279999999999888338e+00,-1.598635446000121085e+00,6.250234813074317941e-01,7.882641527345840586e+02,1.283845599505738377e+01
6.284999999999888232e+00,-1.596195482229883833e+00,7.897094196893565954e-01,7.266422597411625475e+02,1.216591502907555977e+01
6.289999999999888125e+00,-1.594991205683536473e+00,-5.427468023541053704e-02,-3.115728031814363135e+02,1.179896562178969077e+01
6.294999999999888018e+00,-1.593099848030167465e+00,-9.449666443447336805e-03,-4.382803693339102438e+02,1.201260577015124476e+01
6.299999999999887912e+00,-1.591060625116529792e+00,2.843860669304491551e-01,-4.436459595387760260e+02,1.142570756927586473e+01
6.304999999999887805e+00,-1.589316096069898876e+00,3.408444514513583878e-01,-3.323972995518545304e+02,1.048393698226817783e+01
6.309999999999887699e+00,-1.587379505183896589e+00,4.351765054143632017e-01,-1.971349760533628341e+02,9.480952235598303801e+00
6.314999999999887592e+00,-1.585539619779254172e+00,4.281645278465425197e-01,1.135929512722018160e+02,7.993482570596976977e+00
6.319999999999887486e+00,-1.583474839223785624e+00,4.831062598096582672e-01,5.089711787434721657e+01,7.196012623906064221e+00
6.324999999999887379e+00,-1.581150516537415118e+00,4.488899620781576227e-01,-2.066661501514708164e+02,6.112476207217451218e+00
6.329999999999887272e+00,-1.578310759389018658e+00,6.554577040805373844e-01,1.551900468556168846e+02,6.408984422266665426e+00
6.334999999999887166e+00,-1.575237934538937123e+00,5.251426202256158637e-01,-2.624560678380399281e+02,5.526958306142105926e+00
6.339999999999887059e+00,-1.571559791470030110e+00,8.481133281089575648e-01,2.542766395823609855e+02,5.030147877945682744e+00
6.344999999999886953e+00,-1.567847125739529224e+00,6.635120322205211307e-01,-2.357000161497511215e+02,4.924167254521179871e+00
6.349999999999886846e+00,-1.563669430474552202e+00,9.842428850214728353e-01,3.149678595626495508e+02,4.920320899200206988e+00
6.354999999999886739e+00,-1.559538749117235223e+00,7.239988686998486411e-01,-2.827399234114506044e+02,4.232492776711858085e+00
6.359999999999886633e+00,-1.554720634059012285e+00,1.082478022099615300e+00,2.592562603536351276e+02,4.392684226785189772e+00
6.364999999999886526e+00,-1.549868941919727128e+00,8.828628265598092995e-01,-3.062979269907630737e+02,4.364466441386657181e+00
6.369999999999886420e+00,-1.544288531793027275e+00,1.272604149495206727e+00,3.180498605346366503e+02,3.861861109453190277e+00
6.374999999999886313e+00,-1.538676003754329225e+00,1.064780072010689915e+00,-2.191219340842432359e+02,2.687101572185318421e+00
6.379999999999886207e+00,-1.532281928731059839e+00,1.410075216812943566e+00,2.914907412878707191e+02,2.493722030751263752e+00
6.384999999999886100e+00,-1.525714823124837860e+00,1.286734110347785620e+00,-1.647974792132256425e+02,1.215375026895741284e+00
6.389999999999885993e+00,-1.519063414647956245e+00,1.348216659894830860e+00,1.249593604319022511e+01,-3.289193642181417188e-01
6.394999999999885887e+00,-1.514413720098094940e+00,1.068944742765810085e+00,1.705104831199057571e+02,-1.946047109074426906e+00
6.399999999999885780e+00,-1.509928681341631052e+00,7.281370309534730412e-01,-9.036741071363840661e+01,-3.157355671072318959e+00
6.404999999999885674e+00,-1.508342977278327668e+00,2.876969098834620264e-01,-2.984059230217707892e+01,-3.805997616308624210e+00
6.409999999999885567e+00,-1.508107445103651578e+00,-2.618380401882661190e-01,-2.942776142139946387e+02,-4.192665459741851564e+00
6.414999999999885461e+00,-1.509387345106042000e+00,-3.678247255238714097e-01,-9.232938310937289828e+01,-4.354577558683188521e+00
6.419999999999885354e+00,-1.512049153894609921e+00,-6.230081775520982523e-01,-7.648916354568578413e+01,-4.306490824601409528e+00
6.424999999999885247e+00,-1.515953875446030441e+00,-8.700866897462311567e-01,-4.457859532897360566e+01,-4.144857781057756263e+00
6.429999999999885141e+00,-1.521079638826617231e+00,-1.109166230192869751e+00,-3.983952125201227101e+00,-3.977126885389417499e+00
6.434999999999885034e+00,-1.527234882639765479e+00,-1.293107918595332473e+00,5.439732783087197987e+00,-3.828266422920265200e+00
6.439999999999884928e+00,-1.534181135325108691e+00,-1.433603257222719973e+00,1.460570747693932603e+01,-3.668792736247806108e+00
6.444999999999884821e+00,-1.541737838437718278e+00,-1.525582462290515862e+00,1.926493616864790326e+01,-3.506395799588740481e+00
6.449999999999884714e+00,-1.549745856684358047e+00,-1.625703895417850875e+00,-1.861020928949486342e+00,-3.261480787057959407e+00
6.454999999999884608e+00,-1.557875496580185981e+00,-1.610930862621524184e+00,1.505360250000077471e+01,-3.181154164101450021e+00
6.459999999999884501e+00,-1.566025406220723504e+00,-1.619360678692400635e+00,5.429548605461795319e+01,-3.046378139220241366e+00
6.464999999999884395e+00,-1.574228210489877711e+00,-1.673102350061890231e+00,-3.377983529517339178e+01,-2.777356198538726506e+00
6.469999999999884288e+00,-1.582237599148733853e+00,-1.571498935947665432e+00,1.664923656557557052e+01,-2.657915912986132501e+00
6.474999999999884182e+00,-1.590070140041420776e+00,-1.531791632959617289e+00,3.639963908384113722e+01,-2.415170236262745629e+00
6.479999999999884075e+00,-1.597727282998374854e+00,-1.508750607264768062e+00,1.795855431541796321e+01,-1.963170116820386557e+00
6.484999999999883968e+00,-1.605028250523699684e+00,-1.445547388533219291e+00,1.814177668034528779e+01,-1.726165656800348280e+00
6.489999999999883862e+00,-1.611857419058992713e+00,-1.325810873464779993e+00,1.132382447755482779e+01,-1.387136301159326290e+00
6.494999999999883755e+00,-1.618050825903715406e+00,-1.180848413237926220e+00,2.722034871699662073e+00,-6.533737894307412031e-01
6.499999999999883649e+00,-1.623223900832275746e+00,-9.469249085884208217e-01,5.453579505618569101e+01,-3.797527109802856238e-01
6.504999999999883542e+00,-1.627329829838542130e+00,-7.245547863828141200e-01,5.098152536077600416e+01,-6.283811632993752117e-02
6.509999999999883435e+00,-1.630346036817501121e+00,-5.194665068896998639e-01,5.906879538871204005e+01,1.521202493373064457e-01
6.514999999999883329e+00,-1.632273318576219046e+00,-2.990442513128505619e-01,4.712111406733032481e+01,9.280362053077316764e-01
6.519999999999883222e+00,-1.633132538220391172e+00,-1.129577980923154312e-01,8.741821301911759434e+00,1.609033058790702464e+00
6.524999999999883116e+00,-1.633141994565869837e+00,4.616990937579371762e-02,1.844249081527006950e+00,2.935274922295868727e+00
6.529999999999883009e+00,-1.632645791177760985e+00,1.090569258308746736e-01,3.458964387288400721e-01,3.769321483621122404e+00
6.534999999999882903e+00,-1.632173554345899946e+00,6.794118436963486607e-02,-2.048826513569278163e+01,4.158094076634975877e+00
6.539999999999882796e+00,-1.632076633749810046e+00,-1.909691089673967029e-02,-1.500590946767516698e+01,5.382825983369055045e+00
6.544999999999882689e+00,-1.632822315233045662e+00,-2.201849648197007070e-01,-2.944307132583175246e+01,5.515798968157611171e+00
6.549999999999882583e+00,-1.634687927887284342e+00,-4.696158739493084266e-01,-4.111294577752362756e+01,6.331854785367891481e+00
6.554999999999882476e+00,-1.636329708384199222e+00,-2.595529452793621239e-01,-8.341227840511710667e+01,7.627872395769552227e+00
6.559999999999882370e+00,-1.636916685597957333e+00,-7.669398889817892473e-02,-1.174352276871635041e+02,8.439254739758696999e+00
6.564999999999882263e+00,-1.636829444511457954e+00,4.021149938893547188e-02,-1.560273539099430877e+02,9.106263208981077995e+00
6.569999999999882156e+00,-1.635533710810462615e+00,1.187155057918440199e-01,-1.542693685441894047e+02,1.030771720017038717e+01
6.574999999999882050e+00,-1.632581507148314293e+00,9.655301554801697383e-01,7.576195330434317157e+02,1.146254472131207258e+01
6.579999999999881943e+00,-1.630046967494006571e+00,4.876234124304838491e-01,-2.373730231784431908e+02,1.063200649336255665e+01
6.584999999999881837e+00,-1.626376677366168533e+00,7.943406248522651980e-01,-3.317291502020171379e+02,1.167118041322714284e+01
6.589999999999881730e+00,-1.622099589621083471e+00,8.957420232908888114e-01,-2.544597343200227328e+02,1.057430226741115220e+01
6.594999999999881624e+00,-1.617263891330503522e+00,9.891830487983022113e-01,-3.749110232080602714e+02,1.101007800873169806e+01
6.599999999999881517e+00,-1.612487690388686445e+00,8.994035127195009194e-01,-3.554216179012419161e+02,1.045579904256507220e+01
6.604999999999881410e+00,-1.607878971812870539e+00,8.969583453249831972e-01,-1.881580675295538470e+02,1.080182845682955772e+01
6.609999999999881304e+00,-1.603421803357253816e+00,8.592722203046256890e-01,-2.695039171091984258e+02,1.101321351681961502e+01
6.614999999999881197e+00,-1.599210125103401658e+00,8.288527095843031267e-01,-3.303219659519839979e+02,1.185751967537615847e+01
6.619999999999881091e+00,-1.595345653301773581e+00,7.436370239985558017e-01,-2.977496713089096829e+02,1.223096673577822457e+01
6.624999999999880984e+00,-1.591742710730950083e+00,7.242453510576902787e-01,-4.167111160496229445e+02,1.220368774856199678e+01
6.629999999999880878e+00,-1.588243541678609372e+00,6.976919024070249442e-01,-4.313131914921454495e+02,1.235343245123253730e+01
6.634999999999880771e+00,-1.584712442846256453e+00,7.134415003449741111e-01,-4.201520188014326322e+02,1.195272198632856231e+01
6.639999999999880664e+00,-1.581085813680113805e+00,7.477890617791965733e-01,-4.388876998578002713e+02,1.191418017502934390e+01
6.644999999999880558e+00,-1.577307130359060672e+00,7.801526482675009699e-01,-4.425711321559259090e+02,1.187977275143866507e+01
6.649999999999880451e+00,-1.573540220658990574e+00,7.661868095654895683e-01,-2.807283335370804593e+02,1.148620438089272966e+01
6.654999999999880345e+00,-1.569909483657071947e+00,7.505844871993225809e-01,-2.152900150749531463e+02,1.136350522425365206e+01
6.659999999999880238e+00,-1.566135701080611398e+00,7.912398487906245892e-01,-3.290971763335125502e+02,1.117047585324170811e+01
6.664999999999880131e+00,-1.562729767450174556e+00,6.960000066708242894e-01,-2.729979916113205007e+01,1.087482197229957492e+01
6.669999999999880025e+00,-1.559347902205966419e+00,6.852148924730863122e-01,-2.570574079704969108e+02,1.040335763132049074e+01
6.674999999999879918e+00,-1.555904475424868316e+00,7.140765292905024708e-01,-2.908375814792211145e+02,1.005603804371104459e+01
6.679999999999879812e+00,-1.552732691189202541e+00,6.272471401792257817e-01,-1.441003121044683439e+02,9.245088840981003031e+00
6.684999999999879705e+00,-1.549388347316622117e+00,6.882730585457668138e-01,-4.087649179766648331e+02,8.373564663668195962e+00
6.689999999999879599e+00,-1.545929321200321338e+00,7.069055738658993615e-01,-3.215189698955730364e+02,7.671515343003808773e+00
6.694999999999879492e+00,-1.542820235296889386e+00,5.882465174894395687e-01,-2.736918242239620440e+02,6.744616409585520778e+00
6.699999999999879385e+00,-1.539593959851781824e+00,7.290763371304700424e-01,1.155423615758155904e+02,6.852671478184006126e+00
6.704999999999879279e+00,-1.536200150446191515e+00,5.971257300361989540e-01,-3.062465940496115309e+02,6.236732041071653576e+00
6.709999999999879172e+00,-1.531935236564511360e+00,1.011694980205977812e+00,3.219845579448845001e+02,6.144981693472201911e+00
6.714999999999879066e+00,-1.527684147106690427e+00,7.235912384136491404e-01,-3.192181205039739780e+02,5.494795816286474732e+00
6.719999999999878959e+00,-1.522807669885892112e+00,1.155317542414894039e+00,3.658179962739956181e+02,5.206375232482905346e+00
6.724999999999878852e+00,-1.518097137529411000e+00,7.857066949761573049e-01,-3.830982207467521334e+02,4.781192828902916858e+00
6.729999999999878746e+00,-1.512874485956480664e+00,1.237400872142111030e+00,4.222095981253376067e+02,4.828434177710441588e+00
6.734999999999878639e+00,-1.507889962630810432e+00,8.384940683182795507e-01,-3.671539281159782604e+02,4.128792024662809368e+00
6.739999999999878533e+00,-1.502247509151576121e+00,1.283350637711114572e+00,3.752228641971441903e+02,4.385592445335911194e+00
6.744999999999878426e+00,-1.496792757273309959e+00,9.458909402093141905e-01,-4.306750840204605311e+02,4.387043920078871118e+00
6.749999999999878320e+00,-1.490647423071281619e+00,1.411480688767444258e+00,4.149382420411047292e+02,4.132633564205843157e+00
6.754999999999878213e+00,-1.484693717681758951e+00,1.082551670648508102e+00,-3.298127642415632863e+02,3.043671627802988944e+00
6.759999999999878106e+00,-1.478099047802952759e+00,1.457396418292094653e+00,3.724343380439712519e+02,2.899241388629867799e+00
6.764999999999878000e+00,-1.471772674599573838e+00,1.182516211251192217e+00,-3.017699493173677183e+02,1.585419956040193368e+00
6.769999999999877893e+00,-1.465631995588308811e+00,1.225796028624488221e+00,-1.491083205002593282e+01,-2.641203098071081001e-01
6.774999999999877787e+00,-1.461470681793401338e+00,5.816879609624299174e-01,-1.339447259635902867e+02,-1.737975714160227003e+00
6.779999999999877680e+00,-1.460847300030980289e+00,1.001457098745362068e-01,-8.511557300236670187e+01,-2.650000276815270173e+00
6.784999999999877573e+00,-1.461985412443417509e+00,-4.451544143363307393e-01,-1.191495655030933847e+02,-3.140422168391150404e+00
6.789999999999877467e+00,-1.466300730513435902e+00,-9.505601309444381419e-01,-6.333519380031711421e+01,-3.191090284000295263e+00
6.794999999999877360e+00,-1.472587966135160853e+00,-1.421900020693628974e+00,4.575552493498367568e+01,-2.996759097306747499e+00
6.799999999999877254e+00,-1.480593943608418783e+00,-1.700401740283025598e+00,-2.513777803403043265e+01,-2.804330461097269911e+00
6.804999999999877147e+00,-1.490040980604333098e+00,-1.946886432230669151e+00,-3.130605801241399533e+01,-2.506181259913537573e+00
6.809999999999877041e+00,-1.500078547854374555e+00,-2.044682725674101587e+00,-1.833195433159103871e+01,-2.467466609381267162e+00
6.814999999999876934e+00,-1.510495239736508566e+00,-2.176233500335164717e+00,-1.102905292239397426e+02,-2.177735310610521946e+00
6.819999999999876827e+00,-1.521070557340415963e+00,-2.109695934711099063e+00,-3.319455068923989671e+00,-1.654654795611350648e+00
6.824999999999876721e+00,-1.531686296303947481e+00,-2.076307890151149138e+00,5.741671144832628215e+01,-1.224848896641625551e+00
6.829999999999876614e+00,-1.541712083109602283e+00,-1.951095807438177898e+00,3.463320759686165218e+01,-5.616976455603277518e-01
6.834999999999876508e+00,-1.550881349734501757e+00,-1.769509463922987802e+00,1.564410774970891005e+01,-3.336838680277643965e-01
6.839999999999876401e+00,-1.558653165766124449e+00,-1.423843833364014877e+00,7.010669002169375119e+01,4.422986175228481587e-01
6.844999999999876295e+00,-1.564689640415943384e+00,-1.075742300127117801e+00,6.266248933870681981e+01,1.221994993726515766e+00
6.849999999999876188e+00,-1.569242001837620082e+00,-8.160494517690010108e-01,4.285109083931477869e+01,1.367585675705020432e+00
6.854999999999876081e+00,-1.572509295517519723e+00,-5.591735572068590177e-01,6.394393277942696585e+01,2.156323450427314103e+00
6.859999999999875975e+00,-1.574669308549692781e+00,-3.727388878041721365e-01,3.205851222622816010e+01,3.321058748645689729e+00
6.864999999999875868e+00,-1.576277418690833931e+00,-3.149435042028664311e-01,3.389784435668377061e+00,3.904056021351951067e+00
6.869999999999875762e+00,-1.578029341993448353e+00,-4.011274681155324040e-01,-1.642381450062421777e+01,5.237223804181435405e+00
6.874999999999875655e+00,-1.581023675103968129e+00,-6.715397995520654417e-01,4.810113738723013910e+01,7.451677822999810630e+00
6.879999999999875548e+00,-1.583408318630514344e+00,-4.443634927611908592e-01,-2.477928795341649391e+02,7.942392692176177604e+00
6.884999999999875442e+00,-1.584068057902068283e+00,1.084471316026679316e-01,4.207503159712729826e+02,9.923242163910574121e+00
6.889999999999875335e+00,-1.583498468809852122e+00,1.472741803707726116e-01,-8.702771383618814127e+01,1.070995969787445290e+01
6.894999999999875229e+00,-1.581558635822593262e+00,6.447277568095882705e-01,3.544151028434467321e+02,1.053102687656776659e+01
6.899999999999875122e+00,-1.578583912027223590e+00,6.745476611653848931e-01,3.063059629085987723e+01,1.107438791385482446e+01
6.904999999999875016e+00,-1.575177876028230228e+00,7.389589838766414953e-01,8.705530595140078276e+01,1.034133543719670278e+01
6.909999999999874909e+00,-1.571370771505802733e+00,9.280952410350739035e-01,2.614156601703335809e+02,1.076675893472964063e+01
6.914999999999874802e+00,-1.567225174890134465e+00,7.760462927621445406e-01,-1.639174193147234178e+02,9.624325996394809124e+00
6.919999999999874696e+00,-1.562647920561248238e+00,1.061923361773716046e+00,3.121178165199287378e+02,1.030830688871500911e+01
6.924999999999874589e+00,-1.558494680504040941e+00,6.546902576433145660e-01,-3.514486423726933140e+02,9.601314659339081459e+00
6.929999999999874483e+00,-1.553950997662381539e+00,1.012202923376340546e+00,3.005099787029923277e+02,1.054776168900878019e+01
6.934999999999874376e+00,-1.550139418822664039e+00,7.172332322384897818e-01,-2.919057153219057810e+01,1.076418065230563492e+01
6.939999999999874269e+00,-1.546580492264820084e+00,8.621690135205561933e-01,3.319380946063254783e+02,1.157583926812267627e+01
6.944999999999874163e+00,-1.543162821009895769e+00,7.609181519589418574e-01,1.221016243658966971e+02,1.111807821616451264e+01
6.949999999999874056e+00,-1.539725097124379882e+00,6.445791534190996597e-01,-1.601233628060531373e+02,1.167330750821255059e+01
6.954999999999873950e+00,-1.536813087409134804e+00,3.691726590848096734e-01,-5.966906128683468751e+02,1.144611761560001106e+01
6.959999999999873843e+00,-1.533365466245957709e+00,4.251098044182927138e-01,-6.238567146101925118e+02,1.144456427625369344e+01
6.964999999999873737e+00,-1.529264457670191923e+00,5.855609976160399688e-01,-6.129841225835110663e+02,1.137806885779801114e+01
6.969999999999873630e+00,-1.524509967455550008e+00,7.214244257685359374e-01,-5.960046663900146768e+02,1.136053284568829547e+01
6.974999999999873523e+00,-1.520891011880992627e+00,6.070004392319818809e-01,-4.663437679822864652e+02,1.104743552475752999e+01
6.979999999999873417e+00,-1.516737763787983084e+00,6.489491119210134551e-01,-5.984726401239347524e+02,1.065036297274725996e+01
6.984999999999873310e+00,-1.512367450065641883e+00,7.097085612946127942e-01,-6.213522236001165311e+02,1.010480752416946082e+01
6.989999999999873204e+00,-1.507599018907855637e+00,7.695137211919321762e-01,-5.585724372633671919e+02,9.797400144197290217e+00
6.994999999999873097e+00,-1.503469415588706726e+00,6.744062037675728760e-01,-4.244739410897409471e+02,8.800621085591698645e+00
6.999999999999872990e+00,-1.499079169324425420e+00,6.957365486654966125e-01,-5.555619798424274904e+02,8.191357700763845173e+00
7.004999999999872884e+00,-1.494232973429757916e+00,8.318278019488483110e-01,-2.198298117390934010e+02,7.205326464722715762e+00
7.009999999999872777e+00,-1.489392109191856273e+00,7.517269719808531425e-01,-5.423855661208638139e+02,6.987334312918915380e+00
7.014999999999872671e+00,-1.482948280414780218e+00,1.407312303522248564e+00,3.115611276063499417e+02,6.478306088932241913e+00
7.019999999999872564e+00,-1.476479941329467582e+00,1.151446981887786380e+00,-4.207399617818780939e+02,5.574104709016764581e+00
7.024999999999872458e+00,-1.469037307873149789e+00,1.743071688952777087e+00,5.100022204918391253e+02,4.907530848106288701e+00
7.029999999999872351e+00,-1.461562233108304243e+00,1.313163313058005377e+00,-5.204894161557846246e+02,4.528187257824380474e+00
7.034999999999872244e+00,-1.453454526983272155e+00,1.866578963638031663e+00,5.487644485508858452e+02,3.835631644995883605e+00
7.039999999999872138e+00,-1.445476536263566869e+00,1.405088198363360519e+00,-5.396406579136785240e+02,3.242341426122218540e+00
7.044999999999872031e+00,-1.436607723361678302e+00,2.012166987456632139e+00,5.730992557644151475e+02,3.370194235168602059e+00
7.049999999999871925e+00,-1.428043169123074607e+00,1.513470427489038483e+00,-5.784390046127849700e+02,2.695310233600230809e+00
7.054999999999871818e+00,-1.418742801766703865e+00,2.042059119166648173e+00,4.225705590577778707e+02,1.809355863727328373e+00
7.059999999999871712e+00,-1.409783081890145562e+00,1.604117433830394512e+00,-4.504854880998159956e+02,3.824507730585346987e-01
7.064999999999871605e+00,-1.401759540180186780e+00,1.563989088395748128e+00,-2.209286483775235066e+00,-1.291743856016932313e+00
7.069999999999871498e+00,-1.397872731317220785e+00,3.189387422586957288e-01,-1.822342191839222778e+02,-2.624570755702982261e+00
7.074999999999871392e+00,-1.399627144882424012e+00,-4.886493898343305942e-01,-1.481206677796065208e+02,-3.375808177864481507e+00
7.079999999999871285e+00,-1.404262897886579875e+00,-1.233027457470684540e+00,-1.479369034040930160e+02,-4.027215024794426057e+00
7.084999999999871179e+00,-1.413306614146803364e+00,-1.953283875391931712e+00,-8.986728063227138819e+01,-3.923996245437844088e+00
7.089999999999871072e+00,-1.425126812187951897e+00,-2.602770296282620244e+00,3.277912395572673887e+01,-3.478802497746019462e+00
7.094999999999870965e+00,-1.438422251814011732e+00,-2.737069993365444098e+00,-5.746632643781446603e+01,-3.519296519948380553e+00
7.099999999999870859e+00,-1.453016004285374807e+00,-2.947352604037516866e+00,-2.742064420038305173e+01,-3.037374234686185837e+00
7.104999999999870752e+00,-1.468508783097894899e+00,-3.144191220978832302e+00,-1.541829674535485672e+01,-2.467802305122915207e+00
7.109999999999870646e+00,-1.484179391766480727e+00,-3.254158470172484385e+00,-1.626591659516217874e+02,-2.253806592536819586e+00
7.114999999999870539e+00,-1.499835452008906334e+00,-3.103634304334722316e+00,1.107012364197541565e+01,-2.023683331325630164e+00
7.119999999999870433e+00,-1.515299616976388819e+00,-2.995567009230939881e+00,7.561384957477740443e+01,-1.606446562141631507e+00
7.124999999999870326e+00,-1.529735195106320056e+00,-2.802915835694542057e+00,5.044149737070137007e+01,-1.044290087325500549e+00
7.129999999999870219e+00,-1.542607780272897910e+00,-2.435341684791192396e+00,5.962754378624158136e+01,-3.689408551756960808e-01
7.134999999999870113e+00,-1.553096936162562391e+00,-1.889980757724248228e+00,1.049621692243716495e+02,5.222249121944428918e-01
7.139999999999870006e+00,-1.560942778793745989e+00,-1.363833964891453032e+00,1.111567848160299832e+02,1.081732301746531455e+00
7.144999999999869900e+00,-1.566108071215490893e+00,-8.336200790218279977e-01,9.496317324154080097e+01,2.396161094946632986e+00
7.149999999999869793e+00,-1.568833851327538387e+00,-4.020320466874549026e-01,4.990500773156568926e+01,3.853044005340763523e+00
7.154999999999869686e+00,-1.569856393115846016e+00,-1.257292951190883690e-01,2.144221515279093992e+01,5.449195664145040752e+00
7.159999999999869580e+00,-1.570341973372103794e+00,-1.363199612610182243e-01,-3.462291855773435145e+01,7.512710398470423101e+00
7.164999999999869473e+00,-1.572831987952742372e+00,-8.173886729546763208e-01,-1.684464821502629945e+02,1.023596357110236532e+01
7.169999999999869367e+00,-1.573045554490273501e+00,1.003744493639603386e-01,-2.441559607115891026e+02,1.244111121259944319e+01
7.174999999999869260e+00,-1.573459380053799261e+00,2.426953511749718739e-01,3.834025574552969715e+02,1.199807825637329195e+01
7.179999999999869154e+00,-1.573271132937352768e+00,-2.620332063981474779e-01,-3.811411437381610767e+02,1.228243581926155592e+01
7.184999999999869047e+00,-1.571329756368649022e+00,-5.408341360432873668e-02,-5.336242484293853749e+02,1.240792197048132373e+01
7.189999999999868940e+00,-1.569980175343596018e+00,1.393117707553729878e-01,-2.119029808048046277e+02,1.137606100534301845e+01
7.194999999999868834e+00,-1.568630310518317472e+00,8.235140821646419473e-02,-3.649725253685076609e+02,1.187542785874999041e+01
7.199999999999868727e+00,-1.567590421007556412e+00,2.294525876782594134e-02,-3.805536491483993586e+02,1.180949132629731579e+01
7.204999999999868621e+00,-1.566794160962170723e+00,-5.042087852379197738e-02,-4.232707006799048486e+02,1.201304864133259720e+01
7.209999999999868514e+00,-1.566300642384501618e+00,-1.298413497922851767e-01,-4.899683775850980396e+02,1.206630897333300112e+01
7.214999999999868407e+00,-1.565941771465415799e+00,-1.582002940103319766e-01,-4.994436833311240775e+02,1.204501429971838000e+01
7.219999999999868301e+00,-1.565532375072449689e+00,-1.494798118348457383e-01,-5.074976124100584798e+02,1.222566295520551805e+01
7.224999999999868194e+00,-1.564803615029501493e+00,-8.731238089248714862e-02,-5.424182259320099320e+02,1.234187979671551005e+01
7.229999999999868088e+00,-1.563697024286681003e+00,1.792510433295933445e-02,-5.163205204342078787e+02,1.239251328032556643e+01
7.234999999999867981e+00,-1.562955734464061441e+00,-8.346019650376765991e-03,-4.619906407305861080e+02,1.242809842026903411e+01
7.239999999999867875e+00,-1.561578111826023019e+00,9.103761529590774504e-02,-5.447910593328873574e+02,1.236609310080264024e+01
7.244999999999867768e+00,-1.560129114148910645e+00,1.651824124707062524e-01,-5.049035308665538651e+02,1.227310180926753702e+01
7.249999999999867661e+00,-1.558515339100837727e+00,2.034202685826909107e-01,-4.945595873775580458e+02,1.223006167263109312e+01
7.254999999999867555e+00,-1.556011636837819179e+00,3.649417495997229199e-01,-5.325919565945617933e+02,1.193792231220439959e+01
7.259999999999867448e+00,-1.553728821502320168e+00,5.192241353182524000e-01,-3.713337631243609280e+02,1.152328974876895096e+01
7.264999999999867342e+00,-1.551239699594444632e+00,5.655427528590769581e-01,-6.483195818811358890e+01,1.148106381390235597e+01
7.269999999999867235e+00,-1.548540123423137738e+00,6.172867877298624517e-01,1.466826703188582326e-01,1.075934662129590969e+01
7.274999999999867129e+00,-1.545379467887856295e+00,6.956468667030478725e-01,-1.326374317646242957e+02,9.389930339264422443e+00
7.279999999999867022e+00,-1.541735019454257394e+00,7.872865206550119233e-01,-3.139138522907257993e+02,8.400522371868097693e+00
7.284999999999866915e+00,-1.537647572868122925e+00,8.526259483595898248e-01,-3.856621811738881433e+02,7.283902622353706668e+00
7.289999999999866809e+00,-1.532969409099542935e+00,9.839087502201669944e-01,-4.076407997895501580e+02,6.621575208661489853e+00
7.294999999999866702e+00,-1.527440572541385322e+00,1.172271040083192162e+00,-3.422922741822002308e+02,6.605968320956416839e+00
7.299999999999866596e+00,-1.520862029465184007e+00,1.360656769652304421e+00,-4.530721559599621742e+02,5.760266360113472039e+00
7.304999999999866489e+00,-1.513844296056551242e+00,1.368289205570225819e+00,-3.326429336884157806e+02,5.184240475308675933e+00
7.309999999999866382e+00,-1.506308925890638806e+00,1.760007535627236663e+00,4.437292296762691990e+02,5.459572127473632186e+00
7.314999999999866276e+00,-1.498396423390043530e+00,1.459682749759361409e+00,-4.055818010818227890e+02,4.570602375492874181e+00
7.319999999999866169e+00,-1.489568327649867241e+00,1.962798552717130551e+00,4.333539018228415216e+02,4.535312911791514523e+00
7.324999999999866063e+00,-1.480768415382964553e+00,1.610358898521342841e+00,-4.382546559153162207e+02,4.223847453226063031e+00
7.329999999999865956e+00,-1.471304337683137176e+00,2.130455259652582090e+00,4.955701801489283298e+02,3.320957671616732831e+00
7.334999999999865850e+00,-1.461958632862534246e+00,1.742011377612979528e+00,-3.809517354051595817e+02,1.917594172614629944e+00
7.339999999999865743e+00,-1.452085726250393671e+00,2.075906259117476171e+00,2.918745600950263679e+02,8.704693627691620916e-01
7.344999999999865636e+00,-1.442673064510862746e+00,1.857653007337547013e+00,2.913956418396221881e-01,-9.864045526803626451e-01
7.349999999999865530e+00,-1.436573502109774747e+00,8.410177063132658892e-01,-1.784514018939823359e+02,-2.469232642368825559e+00
7.354999999999865423e+00,-1.435454129759746955e+00,2.956561890557671268e-01,-6.976157760573843802e+01,-4.074667740870423494e+00
7.359999999999865317e+00,-1.436585164985287877e+00,-5.530244522400747931e-01,-1.369815815543364579e+02,-4.409872942239701388e+00
7.364999999999865210e+00,-1.442699805701999072e+00,-1.344993208465022905e+00,-1.285522385469705569e+02,-4.238243700556147964e+00
7.369999999999865103e+00,-1.451305966894887334e+00,-1.912337602591076990e+00,1.004676848065883519e+02,-4.090387590243075522e+00
7.374999999999864997e+00,-1.461854645450698653e+00,-2.246362202538416231e+00,-5.520740855129675850e+01,-4.004372292223584928e+00
7.379999999999864890e+00,-1.473856525247094984e+00,-2.391942455339931772e+00,-1.006819179271769116e+01,-3.735763359339837386e+00
7.384999999999864784e+00,-1.486545196232776034e+00,-2.551661887668517537e+00,3.311478937011717960e+01,-3.297222697553008341e+00
7.389999999999864677e+00,-1.499765140442371303e+00,-2.778209584342165694e+00,-1.455814871414093545e+02,-2.815095734621805512e+00
7.394999999999864571e+00,-1.512878554800945130e+00,-2.573639270598629736e+00,4.289129357653374086e+01,-2.491148123960019056e+00
7.399999999999864464e+00,-1.525774473587812707e+00,-2.510465572930997258e+00,9.581352240114844321e+00,-1.894759294614629885e+00
7.404999999999864357e+00,-1.537777423355276563e+00,-2.425569841585878628e+00,-8.713210060309850746e+01,-1.374410795375164751e+00
7.409999999999864251e+00,-1.548606661195468526e+00,-2.044820042417506478e+00,6.310856253982547059e+01,-9.713932245760525941e-01
7.414999999999864144e+00,-1.558190387288597156e+00,-1.946905336662478225e+00,-1.148625172014730111e+02,-4.666111427628896191e-01
7.419999999999864038e+00,-1.565716821847906282e+00,-1.334126180352906976e+00,4.713362097429315156e+01,3.216470536038450456e-01
7.424999999999863931e+00,-1.570746620090684553e+00,-8.189549011719697846e-01,9.563356605649394737e+01,1.482674913396010874e+00
7.429999999999863824e+00,-1.573697640486441118e+00,-4.537280677721270417e-01,6.971866424161318321e+01,1.877882997337457560e+00
7.434999999999863718e+00,-1.574890960196951850e+00,-1.396572459078117834e-01,1.929214883053441554e+01,2.805088717456986735e+00
7.439999999999863611e+00,-1.574869544741074323e+00,7.269433817639024686e-02,3.948127356523205833e+01,3.721036389097514885e+00
7.444999999999863505e+00,-1.574439474934324457e+00,1.027102282023118762e-01,8.668153393361549774e+00,3.626244339411874851e+00
7.449999999999863398e+00,-1.574119866617043728e+00,3.351764963704532280e-02,-8.784690008383154947e+00,3.748331609864024472e+00
7.454999999999863292e+00,-1.574302800058462015e+00,-9.741579006175818400e-02,-2.496865614236709163e+01,4.465759154618836213e+00
7.459999999999863185e+00,-1.575452958922073377e+00,-3.283464721988334500e-01,-4.464904170915710324e+01,5.413722020535930213e+00
7.464999999999863078e+00,-1.578221335147974580e+00,-7.184693872006463478e-01,-7.820357676361031452e+01,7.375465955692188658e+00
7.469999999999862972e+00,-1.579933540172225426e+00,-6.877907333920523225e-01,-1.872680990456874213e+02,9.557849762304387653e+00
7.474999999999862865e+00,-1.580674980508721905e+00,-8.939276631927934799e-03,1.412334533889503803e+02,1.105159593442792598e+01
7.479999999999862759e+00,-1.580145918704824792e+00,5.112790929100828885e-01,6.515936262275837407e+02,1.179016043801405367e+01
7.484999999999862652e+00,-1.579318847609962662e+00,-1.762538978536326850e-01,-4.137841247731290650e+02,1.117836114621730559e+01
7.489999999999862546e+00,-1.577305418648460744e+00,6.386526116843647960e-02,-3.714089256705041180e+02,1.206576459070176455e+01
7.494999999999862439e+00,-1.575120087041596673e+00,3.024481558569671602e-01,-1.962398197153522972e+02,1.223926455566862259e+01
7.499999999999862332e+00,-1.572810676208182823e+00,3.131366886512856884e-01,-1.215748851539833737e+02,1.215255588030121814e+01
7.504999999999862226e+00,-1.570903424619878752e+00,1.581892679337564556e-01,-2.479488464136778418e+02,1.252040191181510131e+01
7.509999999999862119e+00,-1.569357249315044278e+00,-1.370146563803588957e-01,-4.647666659189145548e+02,1.260224419132162943e+01
7.514999999999862013e+00,-1.567886435084415275e+00,-2.068622373242398338e-01,-5.029137470593844910e+02,1.288413141276281415e+01
7.519999999999861906e+00,-1.566334867016598853e+00,-1.966672251259405091e-01,-5.333860442659644150e+02,1.287011711049287754e+01
7.524999999999861799e+00,-1.564669138522504888e+00,-1.551753725368082426e-01,-5.001845306928408945e+02,1.280003470122414022e+01
7.529999999999861693e+00,-1.562890329265051559e+00,-1.350253640298186286e-01,-5.248788306664645233e+02,1.282529816679210910e+01
7.534999999999861586e+00,-1.561071475117065566e+00,-1.045315953951395926e-01,-4.923255754350517464e+02,1.276346681828262319e+01
7.539999999999861480e+00,-1.558948508293267254e+00,-3.271892618705382616e-02,-4.943757314693347098e+02,1.278792383529937560e+01
7.544999999999861373e+00,-1.557028228969929096e+00,-9.745740514231573948e-02,-5.258113187411455556e+02,1.264619849320446932e+01
7.549999999999861267e+00,-1.554357571275777339e+00,7.036758236372502029e-02,-5.256562918927347710e+02,1.257270783492490018e+01
7.554999999999861160e+00,-1.552072084891266801e+00,2.413595391136272861e-01,-3.904701727116345182e+02,1.212172313619887021e+01
7.559999999999861053e+00,-1.549600698778591079e+00,3.219461671411993908e-01,-4.251442415291250541e+02,1.199478692918838973e+01
7.564999999999860947e+00,-1.546788624871805462e+00,4.444471614404721937e-01,-4.948563209400184064e+02,1.132984875094326860e+01
7.569999999999860840e+00,-1.544066340149731431e+00,6.006694525144923302e-01,-4.263662280979995671e+02,1.097792150332716332e+01
7.574999999999860734e+00,-1.541621107123372303e+00,8.226068892699360813e-01,7.588107550506008465e+02,1.117089070459322819e+01
7.579999999999860627e+00,-1.538182278082791177e+00,1.040834150194112961e+00,8.240015495263716048e+02,9.996963014806643955e+00
7.584999999999860520e+00,-1.535795228566477544e+00,1.992919099739658972e-01,-2.927564573892629483e+02,8.742131947452380203e+00
7.589999999999860414e+00,-1.533105159249635197e+00,1.783235365138875761e-01,-3.955339213093413946e+02,8.061894076584989577e+00
7.594999999999860307e+00,-1.529710754416315099e+00,3.120510268411275656e-01,-4.000620035392283285e+02,7.182561439992958263e+00
7.599999999999860201e+00,-1.526025560844604501e+00,6.666344058202463563e-01,-4.072357031819528572e+00,6.406128298314285985e+00
7.604999999999860094e+00,-1.522492581524227173e+00,5.753035258357169779e-01,-2.921143214491265780e+02,5.783092332064637908e+00
7.609999999999859988e+00,-1.517945820136028967e+00,1.081517073393663875e+00,3.138562573906784223e+02,5.622202677257501335e+00
7.614999999999859881e+00,-1.513439791901788345e+00,7.670450928249588074e-01,-2.997056136902179446e+02,4.585356095960334777e+00
7.619999999999859774e+00,-1.508244761601182704e+00,1.224221258251495525e+00,3.714556071081046298e+02,4.488932246202524290e+00
7.624999999999859668e+00,-1.503079420065431382e+00,9.152816675589240392e-01,-2.983321623535981075e+02,4.004046234452969699e+00
7.629999999999859561e+00,-1.497288212954257292e+00,1.302328093015322485e+00,3.267341370989066718e+02,3.886191137167218201e+00
7.634999999999859455e+00,-1.491623389490917218e+00,1.012445810379398958e+00,-3.555100703698735174e+02,3.589994339296399772e+00
7.639999999999859348e+00,-1.485247681386308694e+00,1.426988492430531164e+00,3.303594004611328501e+02,3.106899787872688279e+00
7.644999999999859241e+00,-1.478898506063315743e+00,1.197569509925923814e+00,-2.744611978975609077e+02,2.107902903402581352e+00
7.649999999999859135e+00,-1.472112648448888894e+00,1.455389204101805278e+00,2.276637211588202945e+02,1.309158606053717255e+00
7.654999999999859028e+00,-1.465406979980137248e+00,1.365089397152938977e+00,3.785141781804519656e+00,-2.229721381178636497e-01
7.659999999999858922e+00,-1.460537528343982094e+00,7.456276555610104051e-01,-9.367937057417555025e+01,-1.788870980840869818e+00
7.664999999999858815e+00,-1.459208564776923955e+00,2.920146822549377630e-01,-3.260959825550166613e+01,-2.762883685074709383e+00
7.669999999999858709e+00,-1.459627748267251501e+00,-3.200101540594902927e-01,-9.265577985666911331e+01,-3.227607637374032556e+00
7.674999999999858602e+00,-1.463648131152695209e+00,-8.944927784834167950e-01,-7.825939010834071041e+01,-3.285952920832696300e+00
7.679999999999858495e+00,-1.469286863689570177e+00,-1.257749387847695743e+00,6.771709893928981217e+01,-3.475016737805611378e+00
7.684999999999858389e+00,-1.476039774069955124e+00,-1.429511125623654344e+00,-3.698514238996070702e+01,-3.571025240093248510e+00
7.689999999999858282e+00,-1.484051553073725049e+00,-1.646903375796806346e+00,-1.626749508066525607e+01,-3.393640906371366839e+00
7.694999999999858176e+00,-1.493026773402192031e+00,-1.830323177005678925e+00,4.607214023412942616e+00,-3.132227596685303261e+00
7.699999999999858069e+00,-1.502621709028631791e+00,-1.940850528292043409e+00,3.236196069817111609e-01,-2.825113634051295008e+00
7.704999999999857963e+00,-1.512345740520824933e+00,-1.949409539942025704e+00,4.204036832694292514e+01,-2.773617794100736944e+00
7.709999999999857856e+00,-1.522172998468393157e+00,-2.023395736557660474e+00,-4.598755784799848811e+01,-2.621097611243952574e+00
7.714999999999857749e+00,-1.532296444620050435e+00,-2.063892318129400660e+00,-3.829831852213352761e+01,-2.504710789092765566e+00
7.719999999999857643e+00,-1.542790777508431743e+00,-2.101455120984950131e+00,-3.678412688871887104e-01,-2.483027066047696074e+00
7.724999999999857536e+00,-1.553487219214002568e+00,-2.146370329314948311e+00,-5.489519036158458931e+00,-2.203956319655508089e+00
7.729999999999857430e+00,-1.564108095968923307e+00,-2.167234900757833760e+00,-9.293394325225281705e+01,-1.720425566007856455e+00
7.734999999999857323e+00,-1.574173783761946499e+00,-1.940503535895586662e+00,5.314829114072219340e+01,-1.142556895337645040e+00
7.739999999999857216e+00,-1.583342961054530207e+00,-1.741503179115905908e+00,4.947723492327636308e+01,-6.587325538700632421e-01
7.744999999999857110e+00,-1.591126336011212450e+00,-1.428498657638821223e+00,7.868503984238196836e+01,-1.404753502762350337e-01
7.749999999999857003e+00,-1.597033355571811475e+00,-1.038300441121264850e+00,4.614061683429233796e+01,7.684342065502305363e-01
7.754999999999856897e+00,-1.600886235769692911e+00,-6.290863196018356973e-01,4.778299180887568554e+01,1.926368979942878701e+00
7.759999999999856790e+00,-1.602785292622238122e+00,-2.478841668780456531e-01,5.785466351464533830e+01,3.090901882682883350e+00
7.764999999999856684e+00,-1.603192913716120493e+00,1.181537310656216762e-02,4.302473677535219565e+01,4.533663025576874617e+00
7.769999999999856577e+00,-1.602933512708378361e+00,6.172800571640903872e-02,6.566764194729493909e+00,5.748330462651359163e+00
7.774999999999856470e+00,-1.603256826390090817e+00,-1.813096549572893457e-01,-6.413448975842470645e+01,8.324495601829447367e+00
7.779999999999856364e+00,-1.604608075056011218e+00,-7.009674608848653898e-02,-1.576826572965015316e+02,1.020694023007582807e+01
7.784999999999856257e+00,-1.605257000837639225e+00,-2.007703899927557600e-01,-2.468085380776104785e+02,1.190501841428302399e+01
7.789999999999856151e+00,-1.603839700872764062e+00,2.623280803325792609e-01,5.496883027035592839e+00,1.218814183846384935e+01
7.794999999999856044e+00,-1.602642704545860886e+00,5.415875954441640161e-01,5.968688699977092256e+02,1.170971370494262587e+01
7.799999999999855937e+00,-1.600252463426400595e+00,7.320852105530887277e-01,5.467672600388631281e+02,1.142743062026838174e+01
7.804999999999855831e+00,-1.599315917358848704e+00,-1.816063221165997721e-01,-3.917155197235399555e+02,1.139441197312725684e+01
7.809999999999855724e+00,-1.596978338994197388e+00,8.810704479985750348e-01,6.446126222187751864e+02,1.235981085137252222e+01
7.814999999999855618e+00,-1.595122603147924423e+00,7.454183111805545714e-01,5.849007204826257293e+02,1.184243264634945092e+01
7.819999999999855511e+00,-1.593799757620609547e+00,5.700948295949688216e-01,5.038745292339066850e+02,1.161591361262288835e+01
7.824999999999855405e+00,-1.592872587364669412e+00,5.253299601585931233e-01,5.369169065252385735e+02,1.186230057922950643e+01
7.829999999999855298e+00,-1.592215585524341170e+00,5.290558006938457236e-01,5.925929811489943404e+02,1.195076384228150701e+01
7.834999999999855191e+00,-1.591701593883772636e+00,5.292554992423930127e-01,6.344232592576403249e+02,1.202647740544388100e+01
7.839999999999855085e+00,-1.591202243249979276e+00,5.720709326564996644e-01,6.836963658960594330e+02,1.214770986675901554e+01
7.844999999999854978e+00,-1.590569337417433227e+00,6.119131121752527935e-01,6.944622477875404911e+02,1.219547769163726159e+01
7.849999999999854872e+00,-1.589741345662998739e+00,6.292478144268349727e-01,6.733327008688670503e+02,1.224501314084941050e+01
7.854999999999854765e+00,-1.588666859237646944e+00,6.181711368507265547e-01,5.888071575814558400e+02,1.237757455440662291e+01
7.859999999999854658e+00,-1.587347198548644700e+00,5.970992662829351927e-01,4.936756123068487341e+02,1.246084147254553365e+01
7.864999999999854552e+00,-1.585761958586029641e+00,7.144402421037719941e-01,5.799476611439639555e+02,1.228772274343409165e+01
7.869999999999854445e+00,-1.584159932773868684e+00,3.875646605244767451e-01,1.573386647180645070e+02,1.226031165390947386e+01
7.874999999999854339e+00,-1.581952726748267812e+00,8.260749916667240456e-01,5.531842161635668162e+02,1.243387229959970242e+01
7.879999999999854232e+00,-1.580101629430965327e+00,-1.230775781204166280e-01,-5.437576858874782602e+02,1.151020337139764749e+01
7.884999999999854126e+00,-1.577214590315321185e+00,8.337486210369755846e-02,-5.476933763593754065e+02,1.208685213575286888e+01
7.889999999999854019e+00,-1.574217702323607915e+00,3.932560213757834711e-01,-4.662143248721552027e+02,1.176642436590094221e+01
7.894999999999853912e+00,-1.570699182672752103e+00,6.454895822522358495e-01,-4.906773558613920159e+02,1.123661391117326147e+01
7.899999999999853806e+00,-1.567363857583461861e+00,7.310435471997677181e-01,-2.072496037856118107e+02,1.083140626631030834e+01
7.904999999999853699e+00,-1.563609069913388216e+00,7.803145940702487238e-01,-1.808832558185661981e+02,1.013329377813270149e+01
7.909999999999853593e+00,-1.559924937972529291e+00,8.425003404052265887e-01,1.843400015799708171e+02,8.876552492619433465e+00
7.914999999999853486e+00,-1.555537162158924902e+00,9.136784164057544233e-01,-2.852182566264292518e+02,7.441857040459137096e+00
7.919999999999853380e+00,-1.550712872280796129e+00,1.004860479824555952e+00,-3.865017655358654451e+02,6.483652419497750508e+00
7.924999999999853273e+00,-1.545005578592491879e+00,1.227250699371454257e+00,-2.491649177976281351e+02,5.869813495884603327e+00
7.929999999999853166e+00,-1.538827381721416199e+00,1.309838901888962903e+00,1.309750482482991742e+02,5.859941718164962232e+00
7.934999999999853060e+00,-1.531934128655862981e+00,1.711494895012314554e+00,6.138306314492996307e+02,5.454003868084146944e+00
7.939999999999852953e+00,-1.524474090706817053e+00,1.372560908661824008e+00,-3.574392499268649317e+02,4.402423082438262192e+00
7.944999999999852847e+00,-1.516085871660394879e+00,1.864609889172016866e+00,3.806522383816858905e+02,4.277978050535061527e+00
7.949999999999852740e+00,-1.507565270535163648e+00,1.581857783038487675e+00,-4.241152172365209481e+02,4.054333259608848827e+00
7.954999999999852633e+00,-1.498181678327348276e+00,2.103734027036943566e+00,4.675785774322071688e+02,3.720129732347314366e+00
7.959999999999852527e+00,-1.488860451389543593e+00,1.710948035289488578e+00,-4.324799652413549893e+02,2.666932868026487213e+00
7.964999999999852420e+00,-1.478703348614784030e+00,2.215948241153540721e+00,3.821885244456711916e+02,2.085559680750812106e+00
7.969999999999852314e+00,-1.468503626714920296e+00,1.911546789233054433e+00,-3.624058522823775093e+02,8.763314267308273120e-01
7.974999999999852207e+00,-1.457946898937750424e+00,2.130146017854810392e+00,1.028152976904063998e+01,-5.411264007857752301e-01
7.979999999999852101e+00,-1.449985987015723232e+00,1.270022882249371987e+00,-1.276455528407940676e+02,-2.398206140543508003e+00
7.984999999999851994e+00,-1.447170326489817471e+00,4.386994946206753121e-01,-1.286439749626792661e+02,-3.940214857000402748e+00
7.989999999999851887e+00,-1.447452646897641637e+00,-3.818701830895505078e-01,-1.553101211964509503e+02,-4.772227793225832571e+00
7.994999999999851781e+00,-1.452489036546680934e+00,-1.162033067471332615e+00,-9.692931471244131103e+01,-4.838052201797538920e+00
7.999999999999851674e+00,-1.460698445239622778e+00,-1.924585157697558113e+00,-8.542341445528174759e+00,-4.575861490549834265e+00
8.004999999999851568e+00,-1.471095880574041947e+00,-2.224759145408544914e+00,-8.225483427586790697e+01,-4.404763948061338752e+00
8.009999999999852349e+00,-1.483260226502148393e+00,-2.498723843511207576e+00,-3.774601064178065002e+01,-4.043942179582667329e+00
8.014999999999853131e+00,-1.496438638873448301e+00,-2.685112354564476611e+00,-2.157440329726517447e+01,-3.563490584363009361e+00
8.019999999999853912e+00,-1.509774124109067417e+00,-2.779852183784738084e+00,-1.522369607881773845e+02,-3.237796641701199185e+00
8.024999999999854694e+00,-1.522745550892166122e+00,-2.559487027013694682e+00,-1.870145438382175840e+00,-2.799857397817461901e+00
8.029999999999855476e+00,-1.535110433556519771e+00,-2.334646279172182926e+00,6.409248864191698658e+01,-2.406559488297898675e+00
8.034999999999856257e+00,-1.546518675121935749e+00,-2.345063730951199243e+00,-1.439095291530738905e+02,-1.990813850834026066e+00
8.039999999999857039e+00,-1.556609364315761690e+00,-1.871782402266265688e+00,8.625424552812728507e+01,-1.736343744652518506e+00
8.044999999999857820e+00,-1.565495196307848724e+00,-1.612392050681397571e+00,1.303513532451818264e+02,-1.313889089094561369e+00
8.049999999999858602e+00,-1.572508172155156148e+00,-1.277879237970004578e+00,8.393653239385899667e+01,-9.108501670466176980e-01
8.054999999999859384e+00,-1.577776728451168120e+00,-9.271442391167311614e-01,3.817733467141635373e+01,-2.643351667541157801e-01
8.059999999999860165e+00,-1.581017488156508666e+00,-4.768242630259784676e-01,9.597713591763560714e+01,5.398280147637737336e-01
8.064999999999860947e+00,-1.582334855935834783e+00,-1.185092406150886762e-01,7.756112913631322670e+01,9.891477846884709768e-01
8.069999999999861728e+00,-1.582062895487583942e+00,1.607828747750657816e-01,6.124009164669282512e+01,1.608899997697120776e+00
8.074999999999862510e+00,-1.580587916652509861e+00,3.495015952650751823e-01,2.435733133640148651e+00,2.259321894931902275e+00
8.079999999999863292e+00,-1.578286940385483117e+00,4.873047167900512178e-01,-1.703359424468361283e+01,3.274874315076017339e+00
8.084999999999864073e+00,-1.575775829119553162e+00,4.674112018903009980e-01,-3.452510959563961990e+01,3.893580336289595767e+00
8.089999999999864855e+00,-1.573600262699436758e+00,3.919913429036585573e-01,-2.567264200686569708e+01,4.391144510133653256e+00
8.094999999999865636e+00,-1.572145169230101613e+00,1.981711000975422965e-01,-6.662891865146760040e+01,4.429596222161910291e+00
8.099999999999866418e+00,-1.571800816295189973e+00,-2.740388779614326420e-02,-4.256404479944450969e+01,5.734566939848384060e+00
8.104999999999867200e+00,-1.572980043075841827e+00,-3.674644042281639544e-01,-5.913287266250152641e+01,6.404238391274426512e+00
8.109999999999867981e+00,-1.576004294843734943e+00,-7.619524098845661397e-01,-8.381478100500380890e+01,7.662649847437470463e+00
8.114999999999868763e+00,-1.577867230625579875e+00,-6.304015918981115130e-01,-1.296079601551978442e+02,9.130595992645361036e+00
8.119999999999869544e+00,-1.578641749507223579e+00,-7.818754132529250403e-03,1.011830393296108355e+02,1.027330053790417352e+01
8.124999999999870326e+00,-1.579145480269904755e+00,4.933634156724191894e-02,1.292205784916948232e+02,1.065657904472156758e+01
8.129999999999871108e+00,-1.578912327203193300e+00,1.110046021148010896e-02,-2.594999548050016358e+01,1.115029967490150575e+01
8.134999999999871889e+00,-1.578667612451122526e+00,-1.561001948312609189e-01,-2.600531155739236624e+02,1.113676974871449765e+01
8.139999999999872671e+00,-1.577504914181009132e+00,-1.017966935547510859e-01,-3.644303996574590769e+02,1.223354249364690638e+01
8.144999999999873452e+00,-1.576082639519817308e+00,5.785625331432926732e-02,-1.873244771062989287e+02,1.169668350657041600e+01
8.149999999999874234e+00,-1.574858029129604153e+00,-7.532424388216391042e-02,-3.019387928489188653e+02,1.234893983915517168e+01
8.154999999999875016e+00,-1.573863328827861618e+00,-1.353040271632149072e-01,-3.421762863678046074e+02,1.271421727705029525e+01
8.159999999999875797e+00,-1.573264616474583155e+00,-2.414118801715151585e-01,-3.668753910232824751e+02,1.270360929991833032e+01
8.164999999999876579e+00,-1.572745780927721881e+00,-3.040073488416062952e-01,-4.119236294406330217e+02,1.295754660228793931e+01
8.169999999999877360e+00,-1.572021988694131123e+00,-2.655606208725916906e-01,-4.260110778919599852e+02,1.298464451832524169e+01
8.174999999999878142e+00,-1.571203512345537234e+00,-2.415450952194677647e-01,-4.172814247668890744e+02,1.299862753003467475e+01
8.179999999999878924e+00,-1.570249421134527479e+00,-2.033676324505341582e-01,-4.086818038473430761e+02,1.290767760346141557e+01
8.184999999999879705e+00,-1.569236251031518536e+00,-1.788775691891551500e-01,-4.016646216845172148e+02,1.283893681205631232e+01
8.189999999999880487e+00,-1.568252948464810892e+00,-1.935958289914443686e-01,-4.192609585895016835e+02,1.265832381302392662e+01
8.194999999999881268e+00,-1.566917906248374681e+00,-1.213785173313393223e-01,-4.382937535526489796e+02,1.259579406701694992e+01
8.199999999999882050e+00,-1.565962887438045792e+00,-1.683178689959520247e-01,-4.285818516725570362e+02,1.234691628882789871e+01
8.204999999999882832e+00,-1.564213167707874774e+00,-1.069485306942525860e-01,-4.877467331863001050e+02,1.238248412871350723e+01
8.209999999999883613e+00,-1.562677844159733986e+00,1.552206377456784026e-01,-4.512521597743759685e+02,1.184872360473053732e+01
8.214999999999884395e+00,-1.560160861249326070e+00,3.739319456047126566e-01,-3.949715669626578460e+02,1.140546529923989105e+01
8.219999999999885176e+00,-1.558967957243016622e+00,5.253597722091991606e-01,6.854164786850509472e+02,1.166318285482035932e+01
8.224999999999885958e+00,-1.556978470813209281e+00,7.192076067375654524e-01,7.672599481604765970e+02,1.079062109167329986e+01
8.229999999999886739e+00,-1.555218406499099482e+00,7.514184542942606848e-01,5.453377900363923345e+02,9.798092015940380151e+00
8.234999999999887521e+00,-1.553726222505133592e+00,-6.300992645931373370e-02,-3.932436115094399725e+02,8.440503193126664527e+00
8.239999999999888303e+00,-1.551724244232847383e+00,7.503924643015447149e-02,-3.535683551992104867e+02,7.956097969786027235e+00
8.244999999999889084e+00,-1.549661477935452503e+00,7.015025119632925521e-02,-3.651512232641962896e+02,7.123662943316722007e+00
8.249999999999889866e+00,-1.547203348842987269e+00,2.358428882682614136e-01,-2.533983130514524191e+02,6.343322911664207808e+00
8.254999999999890647e+00,-1.543976031338492039e+00,3.591494871442089676e-01,-3.158750670002401080e+02,6.480606894702554577e+00
8.259999999999891429e+00,-1.540445606941566181e+00,7.103773777700290726e-01,7.701516524506081396e+01,5.683516809879920473e+00
8.264999999999892211e+00,-1.537044523720458633e+00,5.711276963630935732e-01,-2.626947493265322464e+02,5.016471647518706334e+00
8.269999999999892992e+00,-1.533040209239036944e+00,8.932951780323477031e-01,2.205581013415329039e+02,4.782282511965627592e+00
8.274999999999893774e+00,-1.529045233972812889e+00,6.877439924787798198e-01,-2.936162764127109881e+02,4.540074171723158081e+00
8.279999999999894555e+00,-1.524467476072641992e+00,1.078829006653623246e+00,3.370552335420474037e+02,4.702474332560046655e+00
8.284999999999895337e+00,-1.519953822407147825e+00,7.952025999681280322e-01,-2.650982725027930087e+02,4.019952354328566457e+00
8.289999999999896119e+00,-1.514758875952962214e+00,1.158565185522537844e+00,2.958972618701435522e+02,4.122051200187371478e+00
8.294999999999896900e+00,-1.509481180721433669e+00,9.713834767262438108e-01,-2.861080906693883890e+02,3.265942005620543043e+00
8.299999999999897682e+00,-1.503556712332000167e+00,1.338656892653782959e+00,2.891444994804695625e+02,2.865261110325926897e+00
8.304999999999898463e+00,-1.497466839568046826e+00,1.130953035385899863e+00,-2.573947570068955315e+02,1.915792922009138533e+00
8.309999999999899245e+00,-1.490992682548245130e+00,1.312679566690236665e+00,-1.286284275520254639e+01,4.805023646918170632e-01
8.314999999999900027e+00,-1.485426537855890183e+00,9.927333323301459345e-01,-7.500195922863962039e+01,-1.243893467596534297e+00
8.319999999999900808e+00,-1.482559565581781147e+00,7.107505376422427190e-01,-2.525115201229050754e+01,-2.530335191997131083e+00
8.324999999999901590e+00,-1.480483020098451341e+00,1.993079260381242501e-01,-1.090203678874780024e+02,-3.205932402305526008e+00
8.329999999999902371e+00,-1.481646392674809576e+00,-2.696898680849264540e-01,-7.807861574786657854e+01,-3.545145374978794894e+00
8.334999999999903153e+00,-1.484445764878095098e+00,-7.308173261819272959e-01,6.238761545660829455e+01,-3.572584979407487094e+00
8.339999999999903935e+00,-1.488733419453933893e+00,-9.649931453333604470e-01,-3.821206531910736004e+01,-3.650132960354570244e+00
8.344999999999904716e+00,-1.494618248190317633e+00,-1.254779156268383655e+00,-1.807141372220040765e+01,-3.475353067965960108e+00
8.349999999999905498e+00,-1.501738902864597325e+00,-1.506085338570747556e+00,-7.695355897978513937e+00,-3.265372920326392592e+00
8.354999999999906279e+00,-1.510104692078144684e+00,-1.783640327488469124e+00,-1.827123548400985342e+01,-3.340447068052242230e+00
8.359999999999907061e+00,-1.519510658993467933e+00,-1.989618736227078521e+00,-7.604948383184390082e+01,-3.323302512214043158e+00
8.364999999999907843e+00,-1.529749772859395840e+00,-2.097153431374805699e+00,-2.619518022972446403e+00,-3.066864496208980384e+00
8.369999999999908624e+00,-1.540688164431401219e+00,-2.219053900312780936e+00,-4.310531703930708147e+01,-2.593824896015942016e+00
8.374999999999909406e+00,-1.551850660815237593e+00,-2.214025740793979846e+00,1.299765667073354170e+00,-2.053604358695733101e+00
8.379999999999910187e+00,-1.562749292391592215e+00,-2.195439363341220140e+00,-4.634601938932944876e+01,-1.377081298404032372e+00
8.384999999999910969e+00,-1.572838827313172372e+00,-1.909507475613666516e+00,6.400214196152545298e+01,-9.823433121339764096e-01
8.389999999999911751e+00,-1.581400445778036623e+00,-1.572912684430933794e+00,7.390480417671244595e+01,-3.442606814397756176e-01
8.394999999999912532e+00,-1.587917878332891330e+00,-1.143365768813218830e+00,8.981713096182296852e+01,3.618969619923172454e-01
8.399999999999913314e+00,-1.592154393621213249e+00,-6.845467551448800592e-01,5.907044586489191573e+01,1.060310651491707556e+00
8.404999999999914095e+00,-1.593952321192066535e+00,-1.861479125497734755e-01,6.717702734399213682e+01,2.746157086517092338e+00
8.409999999999914877e+00,-1.593700307976125830e+00,1.585291021394618083e-01,3.630213119512159636e+01,3.999193028650063653e+00
8.414999999999915659e+00,-1.592138127123511993e+00,3.488823966655053566e-01,-6.448579345654088968e+00,6.337852303717252056e+00
8.419999999999916440e+00,-1.590874820248429078e+00,1.283703665382291137e-01,-8.249274623834962483e+01,7.949635708500648157e+00
8.424999999999917222e+00,-1.591519480418255750e+00,2.603350188728412173e-01,7.398324497960974213e+02,1.089570714450946731e+01
8.429999999999918003e+00,-1.590996911411716175e+00,-1.384568985189627878e-02,-2.475245909852756085e+02,1.103049815796112476e+01
8.434999999999918785e+00,-1.588286940284665993e+00,5.544055320311992441e-01,-3.364874160123445677e+02,1.112175325577800855e+01
8.439999999999919567e+00,-1.586215808668252736e+00,7.426397749365641898e-01,6.724138793961762985e+02,1.084133362095395192e+01
8.444999999999920348e+00,-1.583943845312001386e+00,8.542329812447803095e-01,5.180524426211928812e+02,1.069589532993548886e+01
8.449999999999921130e+00,-1.582059486616555377e+00,-1.595449045171228042e-02,-4.060513948613573803e+02,1.073313418421011178e+01
8.454999999999921911e+00,-1.579574629498473604e+00,4.410401597448796451e-01,3.259649275275141633e+01,1.145769534129786038e+01
8.459999999999922693e+00,-1.577524118191812263e+00,5.193185744723718411e-01,2.307283423924216663e+02,1.083750018148540661e+01
8.464999999999923475e+00,-1.575974083874682963e+00,7.046903165236126920e-01,6.107419777004472508e+02,1.118334002272467487e+01
8.469999999999924256e+00,-1.574798016359938435e+00,6.118802201888340342e-01,5.928937404912319380e+02,1.095652415316826556e+01
8.474999999999925038e+00,-1.574078202765391454e+00,5.465067616690443275e-01,6.336514295539545856e+02,1.114298582835504803e+01
8.479999999999925819e+00,-1.573672998313929705e+00,5.565192113241321792e-01,7.311624667834554430e+02,1.141658230936817731e+01
8.484999999999926601e+00,-1.573441134804035579e+00,5.591019696464449851e-01,7.846383129801068890e+02,1.163508629214438805e+01
8.489999999999927383e+00,-1.573234647490607374e+00,5.778248228773484874e-01,8.209097589249563498e+02,1.185117012272609216e+01
8.494999999999928164e+00,-1.572965620639797057e+00,6.177631905427053427e-01,8.500603631285760002e+02,1.197745069058042411e+01
8.499999999999928946e+00,-1.572461088222974590e+00,6.787752872155398132e-01,8.576862916613254129e+02,1.205628281342111841e+01
8.504999999999929727e+00,-1.571612416314911442e+00,7.452787754007725862e-01,8.339282217154257069e+02,1.201357123141572103e+01
8.509999999999930509e+00,-1.570108553981075739e+00,8.307140127254625250e-01,7.424012064615828876e+02,1.205071965813733570e+01
8.514999999999931291e+00,-1.568736503922402825e+00,1.607787766454983891e-01,-6.752264928258686894e+01,1.202010397299491196e+01
8.519999999999932072e+00,-1.567006663387352949e+00,5.417716768823770401e-01,3.342579239428434903e+02,1.242513308118502380e+01
8.524999999999932854e+00,-1.564850198901577505e+00,5.629983495317341102e-01,2.285693090563856344e+02,1.179339125823441314e+01
8.529999999999933635e+00,-1.562408211201787411e+00,6.998587383586187816e-01,3.377795857678662514e+02,1.212281421468291676e+01
8.534999999999934417e+00,-1.560000537770143136e+00,-2.657570885325541768e-02,-5.862803326463300664e+02,1.129214641638272099e+01
8.539999999999935199e+00,-1.556836987271760453e+00,4.043173907146440094e-01,-3.970870929067729662e+02,1.176177182298973811e+01
8.544999999999935980e+00,-1.553292949345341345e+00,5.934850965429712133e-01,-5.366568858573682519e+02,1.127083822026695259e+01
8.549999999999936762e+00,-1.549851568319981610e+00,5.679212802445845476e-01,-4.373876527636335254e+02,1.061550439801817802e+01
8.554999999999937543e+00,-1.545401802669575275e+00,8.140964397960503973e-01,-5.601256113012819924e+02,9.956602441931472924e+00
8.559999999999938325e+00,-1.540836551539601418e+00,9.848351415074675375e-01,-3.345216220511924803e+02,8.658404293705126875e+00
8.564999999999939106e+00,-1.536323612303520214e+00,9.647594110526194200e-01,1.371010376289818851e+02,7.592670819314136565e+00
8.569999999999939888e+00,-1.531209694547361666e+00,1.199749171886546062e+00,1.618056960631841150e+02,6.547137642554557324e+00
8.574999999999940670e+00,-1.525369460488730233e+00,1.123952153350918026e+00,-4.306028160564463292e+02,5.817215459289740487e+00
8.579999999999941451e+00,-1.518077676703494916e+00,1.639529623615247900e+00,3.499394519028837749e+02,5.760038433282602455e+00
8.584999999999942233e+00,-1.510496896624075713e+00,1.384210207680244498e+00,-4.339617002942763406e+02,5.176598141308913270e+00
8.589999999999943014e+00,-1.501883107539103479e+00,1.965915018311125806e+00,4.832895682678645244e+02,4.390954508546300872e+00
8.594999999999943796e+00,-1.493055060451696114e+00,1.621979548599969290e+00,-4.289321451776625622e+02,3.788376784230900185e+00
8.599999999999944578e+00,-1.483301362244136445e+00,2.177431233758298834e+00,4.910326576631539410e+02,3.696431703025661264e+00
8.604999999999945359e+00,-1.473593963671043339e+00,1.767179571155939266e+00,-5.184315606675097570e+02,2.963280368202807047e+00
8.609999999999946141e+00,-1.463051758952692127e+00,2.306880025668740064e+00,3.997741505132401016e+02,1.914885197401962724e+00
8.614999999999946922e+00,-1.452496658070924207e+00,1.943973312582829127e+00,-4.071468227922410392e+02,5.897108854703305703e-01
8.619999999999947704e+00,-1.441843295730842245e+00,2.144102762107132687e+00,-7.297265107349763191e+00,-9.935381220769208266e-01
8.624999999999948486e+00,-1.435048121848831570e+00,8.858208066553330262e-01,-2.018680923975636290e+02,-2.916543358391197494e+00
8.629999999999949267e+00,-1.434459965102275358e+00,-1.869222158512678228e-02,-1.490121351617522407e+02,-4.314524006152870683e+00
8.634999999999950049e+00,-1.437302213540245344e+00,-9.294485362711129017e-01,-1.707557119241997157e+02,-4.995051593108340349e+00
8.639999999999950830e+00,-1.445356012238154575e+00,-1.758194593866502009e+00,-1.026332275246137300e+02,-4.973829401842217557e+00
8.644999999999951612e+00,-1.456465021384866665e+00,-2.481875419733587940e+00,3.172240591159684797e+01,-4.649182106313428875e+00
8.649999999999952394e+00,-1.469519396025862346e+00,-2.746667677593371160e+00,-8.305892888881065517e+01,-4.360372491784035631e+00
8.654999999999953175e+00,-1.484300247690067076e+00,-3.005207385137544929e+00,-5.288605642036458221e+01,-3.944006470472605219e+00
8.659999999999953957e+00,-1.499467971597629345e+00,-3.006795807670907816e+00,2.220961378889990456e+01,-3.524276008362838830e+00
8.664999999999954738e+00,-1.514442641047106353e+00,-3.133514050182789834e+00,-1.930997231954547715e+02,-3.190612157468708965e+00
8.669999999999955520e+00,-1.528501498517972568e+00,-2.706163958753782239e+00,2.949932578351815948e+01,-2.715182464870525614e+00
8.674999999999956302e+00,-1.541740317323471388e+00,-2.512786714505593988e+00,1.092787170369854550e+02,-2.171334918469370212e+00
8.679999999999957083e+00,-1.553358077003192950e+00,-2.184825588983239975e+00,7.653110182455141342e+01,-1.899140118061187099e+00
8.684999999999957865e+00,-1.563803325455431326e+00,-1.878171257208149925e+00,9.279516606048619565e+01,-1.573667449469910773e+00
8.689999999999958646e+00,-1.572475424404462530e+00,-1.763853475619427957e+00,-1.374008185869723491e+02,-1.156275450345904066e+00
8.694999999999959428e+00,-1.579141520259758735e+00,-1.154497171664963240e+00,9.162336656000307755e+01,-7.415216353259540538e-01
8.699999999999960210e+00,-1.583720784517500535e+00,-7.551034690467157695e-01,8.887229369651996080e+01,-2.276628346669630210e-01
8.704999999999960991e+00,-1.586138142348199720e+00,-3.393276413220528420e-01,4.349418686767450026e+01,4.582887461510107285e-01
8.709999999999961773e+00,-1.586526147266068998e+00,4.107997669206275154e-02,3.565068271981759551e+01,1.360926459317433279e+00
8.714999999999962554e+00,-1.585110534132072146e+00,4.126492680208809216e-01,6.489748682872682650e+01,2.675234368533711660e+00
8.719999999999963336e+00,-1.582601852573089163e+00,5.532277704929191575e-01,3.303270915296437238e+01,2.899533649146534220e+00
8.724999999999964118e+00,-1.579516962974441441e+00,6.241148729702177267e-01,-2.634055012214991720e+01,3.471314148186055881e+00
8.729999999999964899e+00,-1.576483304095803506e+00,5.578406344450758114e-01,-5.420876443384359078e+01,4.307539143567005624e+00
8.734999999999965681e+00,-1.574096096698995195e+00,3.784990059203886537e-01,-6.929852249032073530e+01,4.991658228174624234e+00
8.739999999999966462e+00,-1.572915187772778500e+00,1.298904452648741992e-01,-4.797174237789877793e+01,5.936255725448623899e+00
8.744999999999967244e+00,-1.573235522650586971e+00,-1.720739642313151851e-01,-4.538341948633781442e+01,5.943361678012444749e+00
8.749999999999968026e+00,-1.575163560390449025e+00,-5.138699358590580468e-01,-5.241616441392531556e+01,6.708900597908413310e+00
8.754999999999968807e+00,-1.577298446044158364e+00,-3.784780501485311421e-01,-9.589512444504337907e+01,7.740148053389276583e+00
8.759999999999969589e+00,-1.579088994294645998e+00,-2.852969380155871426e-01,4.192635439860728752e+01,8.816897928218034863e+00
8.764999999999970370e+00,-1.579527184209433610e+00,6.760215934407658861e-03,-5.699454518935704073e+01,9.769284105055652034e+00
8.769999999999971152e+00,-1.579309378731751590e+00,3.273514251304394107e-01,4.590550082342981000e+02,1.051799430841957772e+01
8.774999999999971934e+00,-1.579026362891239321e+00,-1.439010171937949445e-01,-2.586600864390707102e+02,1.048601467119346253e+01
8.779999999999972715e+00,-1.578013278325437030e+00,8.884290527554486450e-02,-2.515483262389954291e+02,1.159825649447681961e+01
8.784999999999973497e+00,-1.576787584451136093e+00,1.605736991411501891e-01,-2.912613490721018934e+02,1.127247870990710332e+01
8.789999999999974278e+00,-1.575267608658103669e+00,1.481356655858996618e-01,-3.259035365707760548e+02,1.175561162989712116e+01
8.794999999999975060e+00,-1.573840889829927425e+00,1.141930901327050801e-01,-2.955567625328026793e+02,1.239695889224643821e+01
8.799999999999975842e+00,-1.572724946296347737e+00,3.248070672023634087e-02,-3.312711171994373558e+02,1.274654924078376084e+01
8.804999999999976623e+00,-1.571764178440118620e+00,-1.527778959541496728e-02,-4.221513275215285717e+02,1.270829400092975625e+01
8.809999999999977405e+00,-1.570831604942942716e+00,8.727860936860934796e-03,-3.991026437883311360e+02,1.274107224128763072e+01
8.814999999999978186e+00,-1.570175671464735023e+00,-3.440968431442969350e-02,-3.950077172191747081e+02,1.290727653754158943e+01
8.819999999999978968e+00,-1.569389660322388025e+00,-6.322504927495238222e-03,-4.149600734870979863e+02,1.283073690714700277e+01
8.824999999999979750e+00,-1.568434128781672321e+00,1.863180601669849404e-02,-4.191276036484204610e+02,1.280370372001663526e+01
8.829999999999980531e+00,-1.567313747659110579e+00,7.200137609279864959e-02,-4.021145406435531982e+02,1.260080890201972714e+01
8.834999999999981313e+00,-1.566428068912579352e+00,7.514365628037031342e-02,-3.789642330936808889e+02,1.253394616498679781e+01
8.839999999999982094e+00,-1.565090205664017242e+00,1.150288636198191078e-01,-3.906127048368748547e+02,1.251328808700585249e+01
8.844999999999982876e+00,-1.563516972935162341e+00,1.885570970377866973e-01,-3.715973649789502247e+02,1.209202124838112979e+01
8.849999999999983658e+00,-1.562631587957151735e+00,9.962298973506483746e-02,-4.622553252860848829e+02,1.194905546377074579e+01
8.854999999999984439e+00,-1.560656766025107611e+00,2.435344931093663956e-01,-4.441553450466221875e+02,1.164963775438195803e+01
8.859999999999985221e+00,-1.558878131673689493e+00,4.418874712229381441e-01,-4.267989278316550212e+02,1.120277429017616200e+01
8.864999999999986002e+00,-1.557421255837468488e+00,6.039479146989631397e-01,7.528480915482251703e+02,1.144511898337675504e+01
8.869999999999986784e+00,-1.556296191457683387e+00,5.619451170865349399e-01,5.758874146790914210e+02,1.057986386706222781e+01
8.874999999999987566e+00,-1.555081398985329377e+00,4.958633489952524176e-01,3.848118818431961472e+02,9.597183896329484654e+00
8.879999999999988347e+00,-1.553772225984646704e+00,4.290901997242844157e-01,2.734037218368687263e+02,8.387569827418962731e+00
8.884999999999989129e+00,-1.552378282547689281e+00,5.365739713518238307e-01,3.798161889668408548e+02,7.610279298908045220e+00
8.889999999999989910e+00,-1.550845167196062580e+00,5.579166120035965459e-01,3.821677381235056714e+02,6.475641970034286210e+00
8.894999999999990692e+00,-1.549174405830249679e+00,3.687381489685688796e-01,3.659157726343450179e+01,6.488384778287848320e+00
8.899999999999991473e+00,-1.546919716638857745e+00,6.656458655663221036e-01,3.767034090575032792e+02,6.320999429210530707e+00
8.904999999999992255e+00,-1.544215857400679459e+00,5.026963172449298023e-01,-1.452759682533236401e+02,5.726212916612499981e+00
8.909999999999993037e+00,-1.541033375710166187e+00,7.482087022428447476e-01,2.272528061625347107e+02,5.211338884877720012e+00
8.914999999999993818e+00,-1.537842071433677793e+00,5.578906333019255648e-01,-2.387903280480041701e+02,4.867308420597027840e+00
8.919999999999994600e+00,-1.534117364491989655e+00,8.567330473260849066e-01,2.486097507097429684e+02,4.715743750893212294e+00
8.924999999999995381e+00,-1.530363671780064827e+00,6.463290439766824491e-01,-2.987017599020159651e+02,4.500139743798753145e+00
8.929999999999996163e+00,-1.525940256547038798e+00,1.018537589288769363e+00,2.967836077960706689e+02,4.691138179727328605e+00
8.934999999999996945e+00,-1.521516343322739884e+00,7.691503999502316002e-01,-3.137396701479075318e+02,4.415170572630612078e+00
8.939999999999997726e+00,-1.516328489081795627e+00,1.178162572417492449e+00,2.762198228413983543e+02,3.756192493917895003e+00
8.944999999999998508e+00,-1.510906524464679546e+00,1.009918771643598667e+00,-3.124874367163083662e+02,3.555003836998822830e+00
8.949999999999999289e+00,-1.504801332875024711e+00,1.313644069097293032e+00,1.837814885191173460e+02,2.324439941698403178e+00
8.955000000000000071e+00,-1.498657482678608321e+00,1.117114562881971196e+00,-2.502078130571408678e+02,1.152972926494053141e+00
8.960000000000000853e+00,-1.493080349502765802e+00,1.080283093693351404e+00,-4.232882661201858099e+01,-7.051133047689344124e-01
8.965000000000001634e+00,-1.490069690068631214e+00,7.121927385846081870e-01,1.283218349211751104e+02,-2.062625350749022868e+00
8.970000000000002416e+00,-1.487589107226870988e+00,2.838825812764403933e-01,-1.118790715441419934e+02,-3.030190397018805104e+00
8.975000000000003197e+00,-1.488331545468233541e+00,-2.017010976109321063e-01,-5.027391152408048924e+01,-3.268660301073797125e+00
8.980000000000003979e+00,-1.490904909343494289e+00,-8.771081973247296659e-01,-3.260481134541016672e+02,-3.283107693727719045e+00
8.985000000000004761e+00,-1.495122110908262414e+00,-9.338369663552334998e-01,-6.504791424178051784e+01,-3.540475295885525675e+00
8.990000000000005542e+00,-1.500692941957021631e+00,-1.191528297726633268e+00,-5.000868156749667293e+01,-3.492186877708011394e+00
8.995000000000006324e+00,-1.507294296558411295e+00,-1.403181037245748497e+00,4.590770222052066529e+00,-3.337398668858091888e+00
9.000000000000007105e+00,-1.514755606694684120e+00,-1.577623877805212071e+00,-4.382494947043510791e+01,-3.152089003068200501e+00
9.005000000000007887e+00,-1.522893407024987322e+00,-1.675857745490848538e+00,-1.238852350129715951e+01,-2.844074562404783180e+00
9.010000000000008669e+00,-1.531342839658632826e+00,-1.687501106612270485e+00,-1.089801157880934745e+01,-2.774170944924037929e+00
9.015000000000009450e+00,-1.539926125000892654e+00,-1.713763583964919457e+00,-4.725677965530200808e+00,-2.513902291511657339e+00
9.020000000000010232e+00,-1.548697660930434816e+00,-1.777224884910428404e+00,-2.522154454152339298e+01,-2.034389830583375414e+00
9.025000000000011013e+00,-1.557564931158556432e+00,-1.799845346021847980e+00,1.923746399680611008e+00,-2.009313162431125122e+00
9.030000000000011795e+00,-1.566423550497897166e+00,-1.747301159203278997e+00,3.348908706845572425e+01,-1.752422745452382191e+00
9.035000000000012577e+00,-1.575247427147856927e+00,-1.715399455496911862e+00,2.256400592670098959e+01,-1.444926710346321252e+00
9.040000000000013358e+00,-1.583549437247927738e+00,-1.604517620489614327e+00,9.597284499583474826e+01,-9.353003940704178731e-01
9.045000000000014140e+00,-1.590708777879064950e+00,-1.334522300463088396e+00,5.998096530739617549e+01,-3.068824780384860063e-01
9.050000000000014921e+00,-1.596333956196066328e+00,-1.007282054805221261e+00,4.515268260790369936e+01,3.450814991683708310e-01
9.055000000000015703e+00,-1.600051915879694198e+00,-5.871404907192202538e-01,7.860907787416925885e+01,1.606533090096159411e+00
9.060000000000016485e+00,-1.602013257772498367e+00,-2.632081037635759513e-01,6.692841915000306585e+01,2.194554645601083820e+00
9.065000000000017266e+00,-1.602408041556242946e+00,2.599331081104500757e-02,4.982480878950028114e+01,3.900501234938491990e+00
9.070000000000018048e+00,-1.601909336760216629e+00,1.290379880940944746e-01,1.587495154361367788e+01,5.220711013780417353e+00
9.075000000000018829e+00,-1.601528328831974157e+00,2.133955053747598959e-02,-3.082178040343345060e+01,6.649320921602551060e+00
9.080000000000019611e+00,-1.602709696273192819e+00,-4.417738316709672874e-01,-1.092864552089981203e+02,9.253116057655320859e+00
9.085000000000020393e+00,-1.603931315925978929e+00,-4.408544235030499858e-01,-2.200019355037144635e+02,1.209777365036371677e+01
9.090000000000021174e+00,-1.602485288285176779e+00,3.790765643224460191e-01,-3.041798147345187999e+02,1.217338222622708699e+01
9.095000000000021956e+00,-1.601366988262287849e+00,5.761598533510132736e-01,5.567129769469638632e+02,1.153949451963160477e+01
9.100000000000022737e+00,-1.599327984035366912e+00,9.019302906420304522e-01,6.267813380801637777e+02,1.140059119735163939e+01
9.105000000000023519e+00,-1.597250292737047772e+00,5.553459595325247605e-02,-4.015553912766833946e+02,1.086147240230976152e+01
9.110000000000024301e+00,-1.594961276668020567e+00,6.067552978191823598e-01,3.269200175790215326e+02,1.099151860133737202e+01
9.115000000000025082e+00,-1.593315218598251759e+00,2.483690577517489451e-01,-1.807735274473044171e+02,1.103718647018550136e+01
9.120000000000025864e+00,-1.592036161394724258e+00,2.720247396381338945e-01,9.585872533080306823e+01,1.169651388508122380e+01
9.125000000000026645e+00,-1.591380210309270682e+00,4.752474854497468898e-02,-1.110748443313399889e+02,1.156442328493673344e+01
9.130000000000027427e+00,-1.590715297483950019e+00,3.875354440163978342e-01,4.645238679068015699e+02,1.197876834546239344e+01
9.135000000000028209e+00,-1.590383248001363325e+00,2.692642334175990304e-01,3.752669790563501806e+02,1.165579504648338194e+01
9.140000000000028990e+00,-1.590294788426309447e+00,2.982621941070267013e-01,7.438382311286110280e+02,1.212431590409451765e+01
9.145000000000029772e+00,-1.590177514533462233e+00,2.721609400106154153e-01,7.364443331821998981e+02,1.227010648295737205e+01
9.150000000000030553e+00,-1.590011634497887405e+00,2.923422623723974101e-01,7.848565060825225146e+02,1.235365724590275249e+01
9.155000000000031335e+00,-1.589737459916924500e+00,3.507777727854550776e-01,7.950972775735666573e+02,1.256189223372969721e+01
9.160000000000032117e+00,-1.589122101564603762e+00,4.346905458173282444e-01,8.484964611416010030e+02,1.264764126645463271e+01
9.165000000000032898e+00,-1.587948416851538758e+00,5.811786495945269193e-01,8.810523085416615459e+02,1.269869127831225519e+01
9.170000000000033680e+00,-1.586079853485902857e+00,6.914583549663584350e-01,8.308403749127977562e+02,1.249774470805233229e+01
9.175000000000034461e+00,-1.584923521891026921e+00,6.547343186364652512e-01,6.888278930191593190e+02,1.254296515150430835e+01
9.180000000000035243e+00,-1.583232723494397920e+00,7.170006750731612311e-01,7.189786721190474736e+02,1.231645261085572329e+01
9.185000000000036025e+00,-1.581539141414194827e+00,7.066860818234399488e-01,7.149037397279523702e+02,1.249182671707818848e+01
9.190000000000036806e+00,-1.579180637564814971e+00,8.568015685777206070e-01,8.607788259874862433e+02,1.219635080291508800e+01
9.195000000000037588e+00,-1.576680205802203139e+00,9.782559479114594225e-01,9.433319362357943874e+02,1.194322895124149397e+01
9.200000000000038369e+00,-1.574037841091685541e+00,1.030655677614537691e+00,6.985088436894067172e+02,1.141023738782146602e+01
9.205000000000039151e+00,-1.571199553565492346e+00,3.030904402750030924e-01,-3.065403139659191538e+02,1.092099860729488903e+01
9.210000000000039933e+00,-1.567847357792069074e+00,2.512500742296671641e-01,-5.164133732720814578e+02,1.060010631068072406e+01
9.215000000000040714e+00,-1.563734144699247874e+00,3.865626294951889919e-01,-4.900736531370724265e+02,9.502934267916636202e+00
9.220000000000041496e+00,-1.559413524747058188e+00,3.958290667965215781e-01,-5.162241381770401176e+02,8.437177661737617740e+00
9.225000000000042277e+00,-1.554273324074612495e+00,5.982636651721878751e-01,-4.541526195131052646e+02,7.526847233837843376e+00
9.230000000000043059e+00,-1.548320108327533973e+00,7.409533565729216065e-01,-4.756918290713745705e+02,7.386658250102409617e+00
9.235000000000043840e+00,-1.541353972135903305e+00,1.286579798301397348e+00,-3.145480368752062716e+01,6.660928682693659120e+00
9.240000000000044622e+00,-1.534420146564886567e+00,1.205905460058767087e+00,-4.388106888483588364e+02,5.568444723006227726e+00
9.245000000000045404e+00,-1.526260868488644062e+00,1.790536581008533634e+00,3.208243206030444412e+02,4.821708723211998837e+00
9.250000000000046185e+00,-1.517973203209052047e+00,1.524639564535658742e+00,-4.177108311604615096e+02,4.576252312817666201e+00
9.255000000000046967e+00,-1.508816139395764644e+00,2.042107652391005779e+00,4.413338192750472331e+02,4.155998081689192603e+00
9.260000000000047748e+00,-1.499678542813791982e+00,1.679186382608566896e+00,-4.335422176148358631e+02,3.697784286806644616e+00
9.265000000000048530e+00,-1.489644569373723249e+00,2.218455342080701165e+00,4.670080310071974736e+02,3.293998103914656639e+00
9.270000000000049312e+00,-1.479703827611750011e+00,1.873546600833728482e+00,-4.028147407360144712e+02,1.986318175813722053e+00
9.275000000000050093e+00,-1.469068320511783377e+00,2.220289571064659295e+00,2.999676340754314197e+02,9.250561664347114466e-01
9.280000000000050875e+00,-1.458788197069895931e+00,2.036793741753836873e+00,-1.145981335548126623e+01,-9.887760581645512747e-01
9.285000000000051656e+00,-1.452222573995449295e+00,1.184059479419270922e+00,-5.544225667275571645e+00,-3.383749647704146657e+00
9.290000000000052438e+00,-1.449018540128715893e+00,2.511360548281037497e-01,-1.878590453660343371e+02,-4.505552645369395037e+00
9.295000000000053220e+00,-1.451231323515871585e+00,-7.156889777519404028e-01,-1.619387043839273304e+02,-4.621794415556881752e+00
9.300000000000054001e+00,-1.456822686171461934e+00,-1.530193914080614670e+00,-3.337487998879978477e+02,-4.658918266121878204e+00
9.305000000000054783e+00,-1.465376643755742725e+00,-1.906213804834868464e+00,-9.871694295480357084e+01,-4.442530847926801307e+00
9.310000000000055564e+00,-1.476438543581906071e+00,-2.345395991519827028e+00,-8.595705775680531247e+01,-4.100495458094858492e+00
9.315000000000056346e+00,-1.488785006210183059e+00,-2.504960510209549351e+00,-6.823363342879144255e+00,-3.733068855716458412e+00
9.320000000000057128e+00,-1.501822629432135514e+00,-2.758527132684640115e+00,-1.715091238317959039e+02,-3.319104662105942793e+00
9.325000000000057909e+00,-1.514702346068780070e+00,-2.534608015382716850e+00,-6.603219029947834606e+00,-3.007691062163219797e+00
9.330000000000058691e+00,-1.527443549867541828e+00,-2.477796048047905320e+00,1.038823629761903433e+01,-2.604285505892621089e+00
9.335000000000059472e+00,-1.539317810123580488e+00,-2.316818726757513325e+00,1.355317000027092149e+02,-2.152591972229319417e+00
9.340000000000060254e+00,-1.550060418010873242e+00,-2.075309252360557188e+00,1.001254166398639001e+01,-1.752175459937952207e+00
9.345000000000061036e+00,-1.559766272433106504e+00,-1.796604074543918017e+00,5.789034380586222284e+01,-1.283431447139937287e+00
9.350000000000061817e+00,-1.567720014502011150e+00,-1.452334997231729430e+00,7.627525507436605778e+01,-5.800112994739151651e-01
9.355000000000062599e+00,-1.574334759231878156e+00,-1.195612775733452260e+00,2.481624625548408005e+02,-2.353323977804300249e-01
9.360000000000063380e+00,-1.578678840915375359e+00,-7.269970579060118787e-01,3.936028675906408836e+01,3.198798009598470826e-01
9.365000000000064162e+00,-1.580920977013322570e+00,-2.844619136832854944e-01,8.968782378140993217e+01,1.254584837631074867e+00
9.370000000000064944e+00,-1.581377439799569906e+00,4.690163459712663740e-02,7.122174256070164233e+01,1.877527662677313192e+00
9.375000000000065725e+00,-1.580523162070817333e+00,2.474163948779372901e-01,4.481948991688616957e+01,2.382683918819521462e+00
9.380000000000066507e+00,-1.578900039382518994e+00,3.360938138069724523e-01,-2.034440591779127772e+01,3.104024747909114090e+00
9.385000000000067288e+00,-1.577003125540785033e+00,3.594903512255257505e-01,-3.748885182602163013e+01,3.924551162503970403e+00
9.390000000000068070e+00,-1.575388996768772865e+00,2.536566091705663717e-01,-5.330974814363747072e+01,4.669370730378746615e+00
9.395000000000068852e+00,-1.574648540150153764e+00,6.294551711151097351e-02,-3.830213461242766471e+01,5.867829773376825209e+00
9.400000000000069633e+00,-1.575389081369676703e+00,-2.780625946988745101e-01,-6.000385381710796651e+01,6.380760977196638706e+00
9.405000000000070415e+00,-1.578129684032896440e+00,-7.305145494388887162e-01,-9.322043225501565189e+01,8.121277240051455237e+00
9.410000000000071196e+00,-1.579646590878591050e+00,-5.361092254595242190e-01,-6.049508127814649328e+01,9.923244350379796686e+00
9.415000000000071978e+00,-1.580429769359898762e+00,-1.830805088330647590e-01,-8.666096604230283162e+01,1.095160164813572301e+01
9.420000000000072760e+00,-1.579771226342121748e+00,2.573951179087877184e-01,-2.329993865839030320e+02,1.125599277096355522e+01
9.425000000000073541e+00,-1.578972708871294373e+00,4.909342243020358154e-01,6.618297687071247992e+02,1.139403999325440076e+01
9.430000000000074323e+00,-1.578046231584834258e+00,5.688364935588930971e-01,5.254132220572905680e+02,1.119114987379047754e+01
9.435000000000075104e+00,-1.576460156386041866e+00,7.040083783630454173e-01,5.082760844918534531e+02,1.155006381283875072e+01
9.440000000000075886e+00,-1.574632493932150101e+00,6.904148205195548282e-01,4.785883931759638585e+02,1.135826379160523381e+01
9.445000000000076668e+00,-1.573122366658642246e+00,5.464985327078546451e-01,3.904543554468536968e+02,1.180911753325154478e+01
9.450000000000077449e+00,-1.571993330326003635e+00,4.967471177646352043e-01,4.560202245664796123e+02,1.216282318615644620e+01
9.455000000000078231e+00,-1.571463334232182207e+00,4.773480393445259096e-01,5.848138632907659940e+02,1.276646472084840411e+01
9.460000000000079012e+00,-1.571339945126199122e+00,3.297370711140952260e-01,6.423710703952681342e+02,1.281073326789034716e+01
9.465000000000079794e+00,-1.570791325082046885e+00,1.501194378713932298e-01,1.807933326346264380e+02,1.258266032028337555e+01
9.470000000000080576e+00,-1.570203378327222010e+00,1.065632672340022097e-01,-2.495290381046052346e+02,1.274890915946002856e+01
9.475000000000081357e+00,-1.569482620479909718e+00,1.845831307569862634e-01,-4.122013990091204505e+02,1.257317201809434870e+01
9.480000000000082139e+00,-1.568447755463383997e+00,2.339852396867710405e-01,-4.503292480814704959e+02,1.261117825425442263e+01
9.485000000000082920e+00,-1.567387709230747328e+00,2.362776370246480739e-01,-2.194527664556688080e+02,1.251224999050051778e+01
9.490000000000083702e+00,-1.566153906459850642e+00,3.026638637418700428e-01,-2.790681099099642211e+02,1.243633406268857655e+01
9.495000000000084484e+00,-1.564783213573949894e+00,3.155665139108189687e-01,-2.134627692319426444e+02,1.245593465928936183e+01
9.500000000000085265e+00,-1.563432245601723114e+00,3.129016726150105621e-01,-5.470860882061479913e+01,1.213066001567820962e+01
9.505000000000086047e+00,-1.561344880481849051e+00,4.899114061158816869e-01,-4.742017638414948237e+02,1.166690135136180295e+01
9.510000000000086828e+00,-1.559482741159490704e+00,7.329433598153800578e-01,8.328110723362810859e+02,1.174689427156598143e+01
9.515000000000087610e+00,-1.557705594935999471e+00,8.708278396411505140e-01,7.025128101887391949e+02,1.094513275382196227e+01
9.520000000000088392e+00,-1.556143433872572590e+00,-9.839558294327133137e-02,-4.648199730053590883e+02,1.029143832049314078e+01
9.525000000000089173e+00,-1.554491944986923668e+00,-7.557238999115843681e-02,-4.458899908586452625e+02,9.903489083882707433e+00
9.530000000000089955e+00,-1.552411971832729831e+00,3.386876778733054899e-02,-4.247983977072243533e+02,9.243758012596863693e+00
9.535000000000090736e+00,-1.550388512999551827e+00,4.235438536082895833e-02,-3.925168126141999778e+02,7.890366736746604381e+00
9.540000000000091518e+00,-1.547954504370604223e+00,1.377277515547264686e-01,-3.708682230630586787e+02,7.514964522775180455e+00
9.545000000000092300e+00,-1.545045703369785750e+00,2.705093323376805414e-01,-3.135634800903471842e+02,6.781041615191319316e+00
9.550000000000093081e+00,-1.541788178497016881e+00,3.844076267361352661e-01,-2.657216844673281457e+02,6.753314243329724853e+00
9.555000000000093863e+00,-1.538113465144494318e+00,5.113284349168235599e-01,-2.581329736253234159e+02,5.849393603465449232e+00
9.560000000000094644e+00,-1.533889957211758581e+00,6.437942998417394147e-01,-2.255482916015815533e+02,5.555056925898100850e+00
9.565000000000095426e+00,-1.529498400071444664e+00,8.758539796953358492e-01,-1.236898144943956224e+00,5.146268410134051230e+00
9.570000000000096207e+00,-1.525378028478641124e+00,6.771947650451530798e-01,-3.561268587552361282e+02,4.365479475037894019e+00
9.575000000000096989e+00,-1.520347470033227566e+00,1.131848083738009381e+00,2.907222192300657753e+02,4.479872443874173271e+00
9.580000000000097771e+00,-1.515507348229375495e+00,8.312217806578031665e-01,-3.464392547087133494e+02,4.150498955762746967e+00
9.585000000000098552e+00,-1.509908200313105686e+00,1.268964266677726549e+00,3.487021044735733426e+02,4.355520904112408331e+00
9.590000000000099334e+00,-1.504376163405488631e+00,9.922322564203448492e-01,-3.429241320676649707e+02,3.729788719775442907e+00
9.595000000000100115e+00,-1.498163482895630505e+00,1.396661752507811105e+00,3.118906703644407230e+02,2.907763068444058074e+00
9.600000000000100897e+00,-1.491868728875284100e+00,1.166302444267761862e+00,-2.613342613827495029e+02,1.897824972080407235e+00
9.605000000000101679e+00,-1.485300013423441534e+00,1.293676586159741460e+00,-3.811583657140126036e+01,5.175581055154711008e-01
9.610000000000102460e+00,-1.479882553648813825e+00,9.354416442267440290e-01,-8.266932767946001093e+01,-1.365250746553420491e+00
9.615000000000103242e+00,-1.477319618425761316e+00,5.896454119467463562e-01,-4.405167719092223422e+01,-2.715633959746719395e+00
9.620000000000104023e+00,-1.475884174418421235e+00,7.275178743823140781e-02,-1.175182402949973266e+02,-3.429084872954577978e+00
9.625000000000104805e+00,-1.477810130332841254e+00,-4.412592192358088528e-01,-6.503835489622343857e+01,-3.639098226839231565e+00
9.630000000000105587e+00,-1.481583548186292232e+00,-9.231216607405144936e-01,5.944880009347497918e+01,-3.561325295675169755e+00
9.635000000000106368e+00,-1.487138749021235329e+00,-1.245153176522312499e+00,-6.533778438915085474e+01,-3.506400104519782790e+00
9.640000000000107150e+00,-1.494134403521028220e+00,-1.441480836843284319e+00,-2.927540670998641303e+01,-3.594506104154649773e+00
9.645000000000107931e+00,-1.502071267044788883e+00,-1.638147102977243419e+00,-2.955039225464683383e+01,-3.477245266892701192e+00
9.650000000000108713e+00,-1.510905630168695613e+00,-1.806100039349074038e+00,5.711618068660421876e+00,-3.204169163346755944e+00
9.655000000000109495e+00,-1.520438765661549230e+00,-1.952990487849051160e+00,1.175349948781597220e+01,-2.847760135266650394e+00
9.660000000000110276e+00,-1.530202990513213512e+00,-1.990143400433182830e+00,-4.827732050144392417e+01,-2.761012091923911171e+00
9.665000000000111058e+00,-1.540053906491012148e+00,-1.958035897199895681e+00,2.589480844662692149e+01,-2.458775071064136064e+00
9.670000000000111839e+00,-1.549978080827383309e+00,-1.974011394433059952e+00,-1.086429517421860425e+01,-1.946582039977912792e+00
9.675000000000112621e+00,-1.559649537619386628e+00,-1.899311406372250044e+00,8.612731136916586649e+00,-1.765938042564929367e+00
9.680000000000113403e+00,-1.568978271041854500e+00,-1.850609013917683843e+00,3.735737913911608032e+00,-1.256782834786567715e+00
9.685000000000114184e+00,-1.578089592234494853e+00,-1.762160497842131024e+00,3.239529664005566900e+01,-7.929691625910081365e-01
9.690000000000114966e+00,-1.586677396452506716e+00,-1.729031263024082721e+00,-5.930997250135578014e+01,-7.350980460508174108e-01
9.695000000000115747e+00,-1.594289788261528562e+00,-1.423009373009292089e+00,5.286450266230189499e+01,-2.751297556156505619e-01
9.700000000000116529e+00,-1.600453711324408390e+00,-1.120875393001197429e+00,7.045112503378980762e+01,3.797090238058625777e-01
9.705000000000117311e+00,-1.604932493236512103e+00,-7.751089752357541718e-01,3.865339199293449468e+01,1.445314428265129347e+00
9.710000000000118092e+00,-1.607694362252167775e+00,-4.256809403006655557e-01,6.805947775816915168e+01,2.662217140086360345e+00
9.715000000000118874e+00,-1.609025168820107821e+00,-1.753724796583251977e-01,4.434830986028187993e+01,3.998327434109322898e+00
9.720000000000119655e+00,-1.609551130443804823e+00,-8.180211018246656696e-02,2.152935871057399098e+01,5.292495419193536499e+00
9.725000000000120437e+00,-1.610298398571561096e+00,-2.482264678049403706e-01,-7.181265920193635566e+01,8.133569758552418705e+00
9.730000000000121219e+00,-1.612561529851112230e+00,-5.198630218408724357e-02,7.102605276219546795e+02,1.040250116252757273e+01
9.735000000000122000e+00,-1.613179737488243282e+00,-1.569260526058328664e-01,-2.025863705988830077e+02,1.197859858853943038e+01
9.740000000000122782e+00,-1.612765295527898823e+00,6.443700493996205036e-01,8.640718201861690204e+02,1.314590106596238606e+01
9.745000000000123563e+00,-1.611617741325379161e+00,-4.882127225570692675e-02,-3.439580083124102430e+02,1.189572158549630920e+01
9.750000000000124345e+00,-1.609441777075778512e+00,3.876906231366133992e-01,-3.606658237606350781e+02,1.246791631422899904e+01
9.755000000000125127e+00,-1.606419502799112831e+00,4.829529036967329381e-01,-3.485806872017798810e+02,1.177134050870803250e+01
9.760000000000125908e+00,-1.603905615848744581e+00,5.012637807409360269e-01,-4.153428446964365435e+02,1.216089973793768841e+01
9.765000000000126690e+00,-1.601660875411204055e+00,4.340444155629373246e-01,-3.361931404753726156e+02,1.223115977028779611e+01
9.770000000000127471e+00,-1.599757893288094479e+00,3.602931873828316700e-01,-3.654291173016871994e+02,1.203399233180709516e+01
9.775000000000128253e+00,-1.598151427668732305e+00,3.119123488883211448e-01,-3.810956303996582051e+02,1.191602838070769543e+01
9.780000000000129035e+00,-1.596876553019078049e+00,2.315679992544670551e-01,-3.861260394315493159e+02,1.205027848863359985e+01
9.785000000000129816e+00,-1.595748089135446079e+00,2.418957873523611135e-01,-3.852718007671047644e+02,1.192980354606028648e+01
9.790000000000130598e+00,-1.594652564744615475e+00,2.387681372677487590e-01,-4.175390438748853512e+02,1.206841610791592956e+01
9.795000000000131379e+00,-1.593486189810673581e+00,2.640138241347624870e-01,-3.818571132630288503e+02,1.217143952080442304e+01
9.800000000000132161e+00,-1.592108181892607277e+00,3.196915538313518934e-01,-3.797901151354528224e+02,1.222785412475380262e+01
9.805000000000132943e+00,-1.590851106547119143e+00,2.939669752359845289e-01,-9.950524177968975437e+01,1.242149038820820728e+01
9.810000000000133724e+00,-1.588986022860932490e+00,4.558643938957975816e-01,-4.559877010466458387e+02,1.215756811103048385e+01
9.815000000000134506e+00,-1.587512684413067587e+00,6.305860826776966688e-01,7.982542596222069733e+02,1.262704592531227554e+01
9.820000000000135287e+00,-1.585093847409609014e+00,8.795626091626812526e-01,9.295940543872598028e+02,1.218616151441918483e+01
9.825000000000136069e+00,-1.582863821838308205e+00,1.083758645149894617e+00,8.661534329107588519e+02,1.201589869967932955e+01
9.830000000000136851e+00,-1.580566855643149582e+00,-2.410975804853459584e-03,-5.416009718045592081e+02,1.152563263259758664e+01
9.835000000000137632e+00,-1.577702627940725355e+00,4.134000804389001416e-01,-4.919650383375809497e+02,1.165262079005821150e+01
9.840000000000138414e+00,-1.574061074649872882e+00,6.403972970646887308e-01,-5.118356474342157298e+02,1.095475926922530796e+01
9.845000000000139195e+00,-1.571203639225968951e+00,8.143514369559101684e-01,5.344572546293680944e+02,1.039305832739035829e+01
9.850000000000139977e+00,-1.567793892047270266e+00,1.020495296280412800e+00,8.026622626346506877e+02,8.726966404375769315e+00
9.855000000000140759e+00,-1.563831640449974580e+00,1.143642669240415355e+00,8.012532028025578938e+02,8.060164174777131763e+00
9.860000000000141540e+00,-1.559316937042202422e+00,1.050351815118886645e+00,3.481928751440677843e+02,7.024884430779803068e+00
9.865000000000142322e+00,-1.554204897220346382e+00,1.391541859828379746e+00,7.382921250172610144e+02,6.632941490175660704e+00
9.870000000000143103e+00,-1.548274044240347758e+00,1.173498135876396953e+00,-1.210204631076204507e+01,6.059893717177904371e+00
9.875000000000143885e+00,-1.541698775567307722e+00,1.548778442017843426e+00,4.361756517134001001e+02,5.545365890727527614e+00
9.880000000000144667e+00,-1.534706034969192556e+00,1.296022821552582194e+00,-3.236480673333978757e+02,5.043472124713680671e+00
9.885000000000145448e+00,-1.526941497064993047e+00,1.729338463178041740e+00,3.503086375550562366e+02,4.506799855338995187e+00
9.890000000000146230e+00,-1.519207846418495045e+00,1.414276754234078171e+00,-3.899141531504564568e+02,4.229761697305586488e+00
9.895000000000147011e+00,-1.510646331080638838e+00,1.878952500353669786e+00,4.166772800271604638e+02,4.180866069734386237e+00
9.900000000000147793e+00,-1.502105916837327193e+00,1.578565158493678844e+00,-4.339266505521065938e+02,3.525883053630357367e+00
9.905000000000148574e+00,-1.492837913423262997e+00,2.077627244523864380e+00,4.415875240765926719e+02,3.057611066070212935e+00
9.910000000000149356e+00,-1.483467172224409936e+00,1.753842369094987141e+00,-3.970486097563621684e+02,2.039049489530981418e+00
9.915000000000150138e+00,-1.473585961286872914e+00,2.075078211624295843e+00,3.103595243646823860e+02,1.064092261626264246e+00
9.920000000000150919e+00,-1.463788346637416637e+00,1.953322481093881846e+00,-5.051067433387122385e+00,-7.431398300573213156e-01
9.925000000000151701e+00,-1.456349291020448744e+00,1.204990197630805504e+00,-1.263983978465002593e+02,-2.110192631659701057e+00
9.930000000000152482e+00,-1.453544623748774134e+00,4.532658059909899784e-01,-1.071547244510124415e+02,-3.726921977337081859e+00
9.935000000000153264e+00,-1.453861455452073237e+00,-4.033502483424447060e-01,-1.417240672080255877e+02,-4.051064777902703362e+00
9.940000000000154046e+00,-1.458906254083345511e+00,-1.213720414377527090e+00,-1.423669831311973439e+02,-3.932348757096469249e+00
9.945000000000154827e+00,-1.466618089435046679e+00,-1.731631902439616066e+00,3.959380253730653720e+01,-3.835422152263002094e+00
9.950000000000155609e+00,-1.476194855268571748e+00,-2.028031119196288312e+00,-3.135097968396318180e+01,-3.693323104967119352e+00
9.955000000000156390e+00,-1.487524576995388204e+00,-2.331281055540780134e+00,-3.686976927328824871e+01,-3.194733650069052189e+00
9.960000000000157172e+00,-1.499621500206278268e+00,-2.403768986980780120e+00,4.750827953244542101e+01,-2.915105482232382528e+00
9.965000000000157954e+00,-1.511873828533142339e+00,-2.578955629126398197e+00,-1.466222732535900661e+02,-2.485795625272750886e+00
9.970000000000158735e+00,-1.523750298293590877e+00,-2.302985745096091996e+00,5.219352403005900243e+01,-2.147284896029183265e+00
9.975000000000159517e+00,-1.535130465051250281e+00,-2.194395134544089299e+00,4.307258361883887687e+01,-1.568708007844568542e+00
9.980000000000160298e+00,-1.545279512636589248e+00,-1.938346745747495659e+00,3.050196856461741390e+01,-1.139076001574355068e+00
9.985000000000161080e+00,-1.554132332379098314e+00,-1.586124587993670509e+00,7.880533901610897374e+01,-3.339889420430502964e-01
9.990000000000161862e+00,-1.561082510206666552e+00,-1.253775351174933661e+00,8.226670333296065962e+01,-8.488347367133142196e-02
9.995000000000162643e+00,-1.566044538810108300e+00,-8.481724108688235564e-01,4.164320569067083255e+01,6.432287196711883315e-01
1.000000000000016342e+01,-1.568840498076028434e+00,-3.962947636521005901e-01,8.416086119349267847e+01,1.678186537981511517e+00
