5.000000000000000104e-03,8.138536679462435308e-02,2.050399874316665461e+01,8.665083462189223837e+02,4.963626262383208143e+00
1.000000000000000021e-02,1.713538762909553315e-01,1.622218918336498916e+01,-8.841657062808718592e+02,-6.927557525457482157e+00
1.499999999999999944e-02,2.343947704102464502e-01,1.081616364630386329e+01,-7.697762235289055752e+02,-3.999129757781380246e+00
2.000000000000000042e-02,2.737556549922672278e-01,6.499081474465531194e+00,-5.611621417273839825e+02,-9.930397538751987163e-01
2.500000000000000139e-02,3.011176803210368069e-01,4.959585634346916905e+00,-2.167172380690643081e+02,2.288106514599053121e+00
3.000000000000000236e-02,3.266114629986465179e-01,5.154160832618513766e+00,2.004688058867443701e+01,4.997845689482961262e+00
3.500000000000000333e-02,3.522953284768818305e-01,5.140595026237726017e+00,6.045316048570227530e+00,4.449923457766921331e+00
4.000000000000000083e-02,3.763956709063076556e-01,4.670737234033158103e+00,-5.912929108804780043e+01,2.648680270818468685e+00
4.499999999999999833e-02,3.997212391351990801e-01,4.651707079847443360e+00,-9.068949886217883005e+00,2.007125721053374168e+00
4.999999999999999584e-02,4.235241144296367222e-01,4.793344005200006919e+00,6.523643686549905674e+00,1.499698480621304952e+00
5.499999999999999334e-02,4.475949540428130202e-01,4.799646594054906679e+00,-1.436246423933368455e+01,9.640853258941262105e-01
5.999999999999999084e-02,4.712343033287331173e-01,4.665818162960674975e+00,-3.463186998814570927e+01,4.986104110031983616e-01
6.499999999999998834e-02,4.939986875095538355e-01,4.468860825094869149e+00,-4.426989858644567732e+01,1.191220657109277603e-01
6.999999999999999278e-02,5.157530404202144148e-01,4.262178517473762973e+00,-4.695652496214688654e+01,-2.074266364216308389e-01
7.499999999999999722e-02,5.364931636531050652e-01,4.058200257193703031e+00,-4.846046675596775799e+01,-5.178281515216975883e-01
8.000000000000000167e-02,5.562010590331357696e-01,3.846851689351525216e+00,-5.172501656714033658e+01,-8.215299241346538661e-01
8.500000000000000611e-02,5.748083072585185027e-01,3.618505594603364184e+00,-5.640465690591456394e+01,-1.103270515668152818e+00
9.000000000000001055e-02,5.922083079431900154e-01,3.367025863812891373e+00,-6.170931546137903467e+01,-1.345541003989208617e+00
9.500000000000001499e-02,6.082748643784685605e-01,3.089841171258787433e+00,-6.700168683318932494e+01,-1.543345476038040509e+00
1.000000000000000194e-01,6.228847786333645553e-01,2.789228322404841975e+00,-7.155822507451829040e+01,-1.695089359752959934e+00
1.050000000000000239e-01,6.359372320113588772e-01,2.470785601069017456e+00,-7.490800217881856327e+01,-1.800569035799129969e+00
1.100000000000000283e-01,6.473578302539907403e-01,2.139637040342675434e+00,-7.712080775710214198e+01,-1.863367159730396905e+00
1.150000000000000328e-01,6.570922416493827356e-01,1.799304228358145963e+00,-7.837998224892449173e+01,-1.885486848313935759e+00
1.200000000000000372e-01,6.651067536413002301e-01,1.454298245285134739e+00,-7.849775167442787449e+01,-1.865473786339330697e+00
1.250000000000000278e-01,6.713913367445991653e-01,1.109467529362087923e+00,-7.742930965811670774e+01,-1.806178472013962644e+00
1.300000000000000322e-01,6.759604367523478485e-01,7.696515731016202455e-01,-7.522454644995531226e+01,-1.713765117596729892e+00
1.350000000000000366e-01,6.788551323222939970e-01,4.403668390571462976e-01,-7.182318610222522182e+01,-1.591148533539914256e+00
1.400000000000000411e-01,6.801427526078560604e-01,1.266600434436564726e-01,-6.733342508278255423e+01,-1.442381895480499665e+00
1.450000000000000455e-01,6.799148450338898808e-01,-1.668100472813565660e-01,-6.186023774470593395e+01,-1.271738625954975888e+00
1.500000000000000500e-01,6.782815844284266760e-01,-4.368906993039767817e-01,-5.567683777194645245e+01,-1.085545734141728058e+00
1.550000000000000544e-01,6.754526318671228990e-01,-7.932414025494139986e-01,-1.354029658143587938e+02,-8.798141688648744019e-01
1.600000000000000588e-01,6.739894541354005675e-01,-5.594652630085154843e-02,7.395856937825951150e+01,1.451456391959815573e+00
1.650000000000000633e-01,6.732181239181047605e-01,-2.614141386149477775e-01,-2.948135891088074700e+01,-7.645225549077127036e-01
1.700000000000000677e-01,6.719225510825926895e-01,-3.305424646091807972e-01,-9.230032137347700427e+01,-4.984609160455545362e-01
1.750000000000000722e-01,6.694493506055378962e-01,-6.426120346096252378e-01,-1.407107014376581056e+01,-7.308772020043432516e-01
1.800000000000000766e-01,6.666950839692684649e-01,-5.775376857378959894e-01,-5.532067849782192326e+01,-4.819597260069544697e-01
1.850000000000000810e-01,6.610515324141786886e-01,-1.482519334827094637e+00,-1.620835605581407606e+02,-2.182757594636732357e+00
1.900000000000000855e-01,6.525997749796473846e-01,-1.873868832672164420e+00,-1.289329151259875346e+02,-1.132998921596309883e+00
1.950000000000000899e-01,6.420342791713639086e-01,-2.269488203550038108e+00,-1.531387952272320518e+01,-1.296310597740390369e+00
2.000000000000000944e-01,6.282794823059748568e-01,-3.049229348506185211e+00,-1.974624553257755508e+02,-1.331844787841412803e+00
2.050000000000000988e-01,6.119994660863126157e-01,-3.364275073555182072e+00,2.840419377645866916e+01,-5.917209487000352208e-01
2.100000000000001033e-01,5.935083509934790946e-01,-3.898746252769899723e+00,-1.655885603858683623e+02,-5.981766078960173427e-01
2.150000000000001077e-01,5.735734514328221234e-01,-4.030082850232269642e+00,5.518417686606461103e+01,1.147244295155149807e-01
2.200000000000001121e-01,5.525832766997791357e-01,-4.290559828342455084e+00,-1.160197996409323906e+02,9.414334433262272483e-02
2.250000000000001166e-01,5.311769336062281965e-01,-4.265159897166843628e+00,8.469679265393622813e+01,6.469430800282238714e-01
2.300000000000001210e-01,5.123819740751923701e-01,-2.985305750184523266e+00,-8.454919507623291963e+01,5.968502235752048968e-02
2.350000000000001255e-01,4.985080831487486708e-01,-2.628959396865275355e+00,1.556828536116406667e+02,3.789503171405212978e-01
2.400000000000001299e-01,4.857859851639443893e-01,-2.461923167538932145e+00,-2.013523462808500142e+01,4.753699492821426009e-01
2.450000000000001343e-01,4.750309062490510881e-01,-1.977761503854664760e+00,1.392935552529302470e+02,2.732411107896277613e-01
2.500000000000001110e-01,4.663229779060464320e-01,-1.577815916047335953e+00,9.713138142226073413e+00,3.579581295211380354e-01
2.550000000000001155e-01,4.600150442946148721e-01,-1.084787687010555723e+00,1.283524726277223635e+02,-2.095603811232807923e-01
2.600000000000001199e-01,4.562046076966009278e-01,-4.960854589724793540e-01,1.938369791620964975e+02,-4.156049285983933195e-01
2.650000000000001243e-01,4.548304792280320474e-01,-1.050328378655619871e-01,4.683839067218762864e+01,-6.674455782842564355e-01
2.700000000000001288e-01,4.565807547935662458e-01,6.142320324598378178e-01,1.122830101668090066e+02,-1.037440360813610241e+00
2.750000000000001332e-01,4.621565083225206982e-01,1.431097630458491921e+00,1.797518137306812207e+02,-9.772494999621896827e-01
2.800000000000001377e-01,4.686149694115595565e-01,1.355098976458014359e+00,-4.908221416718281205e+01,-4.984269020741844969e-01
2.850000000000001421e-01,4.738396523735809440e-01,6.917472701418081460e-01,-6.458031283493497767e+02,-4.590262366740205380e-01
2.900000000000001465e-01,4.789530903787533322e-01,8.388862941419586994e-01,-3.149970950639596978e+00,1.227867706845860774e+00
2.950000000000001510e-01,4.840075966489128523e-01,1.139458349200583420e+00,3.997048877449348083e+02,1.689753315552712465e+00
3.000000000000001554e-01,4.886943646159441768e-01,6.061996708848753634e-01,-6.767263463020447034e+02,2.120951666682252323e+00
3.050000000000001599e-01,4.926967898930605938e-01,1.133860894494777449e+00,4.684436869052441921e+02,3.106899672543129043e+00
3.100000000000001643e-01,4.975541936932775244e-01,9.292563966020992439e-01,-1.081012147299965278e+02,3.677022257051298482e+00
3.150000000000001688e-01,5.024208735804995829e-01,7.775070515371473867e-01,-4.822360087897209269e+02,4.528839984154805265e+00
3.200000000000001732e-01,5.069586127107094109e-01,7.472380919416312661e-01,-4.908802281543520962e+02,5.523767397238124488e+00
3.250000000000001776e-01,5.114927230749010123e-01,1.174066322394729411e+00,4.688107981729071980e+02,6.704166002239754008e+00
3.300000000000001821e-01,5.165978475388953717e-01,1.310245253296210999e+00,7.516984161950915677e+02,7.571879709606483821e+00
3.350000000000001865e-01,5.220207823080040832e-01,9.963434333841612034e-01,-2.392705768312305850e+02,7.962615903504528525e+00
3.400000000000001910e-01,5.279839113597271094e-01,1.265012654713858264e+00,1.940229425523188524e+02,8.978614337689673874e+00
3.450000000000001954e-01,5.339089424172775988e-01,1.112989534688191728e+00,-2.035667050935834084e+02,9.300560343364942639e+00
3.500000000000001998e-01,5.401245394430934654e-01,1.347441234480586836e+00,2.311297166764981341e+02,9.720140989506450779e+00
3.550000000000002043e-01,5.461119590172796023e-01,1.104184431743131301e+00,-2.153089064681494733e+02,9.660495773378672268e+00
3.600000000000002087e-01,5.522424536003220918e-01,1.297215917261777651e+00,1.896669076410423145e+02,9.788838612734272360e+00
3.650000000000002132e-01,5.579520602716119271e-01,1.048034555204324203e+00,-2.442800416977427460e+02,9.168377918588980435e+00
3.700000000000002176e-01,5.637627729661647269e-01,1.260312248585489625e+00,2.351719393305864116e+02,8.882333811684025804e+00
3.750000000000002220e-01,5.692580537229007254e-01,1.002835111482659247e+00,-2.604892212693258671e+02,7.824233559515764824e+00
3.800000000000002265e-01,5.749695530902227958e-01,1.196158441003184469e+00,1.739184349854189691e+02,7.595325931633100325e+00
3.850000000000002309e-01,5.804837565456896220e-01,1.075328527322962024e+00,-1.084815418206906514e+02,7.007689135615211562e+00
3.900000000000002354e-01,5.861086970893630843e-01,1.075966674627187869e+00,-4.999815301313513061e+01,6.959702370785411318e+00
3.950000000000002398e-01,5.917385138822505164e-01,1.167791827248082281e+00,6.362745030983627004e+01,6.697923320520466461e+00
4.000000000000002442e-01,5.974507035495132401e-01,1.095058619651170684e+00,-8.902461868263821998e+01,6.377711135491578531e+00
4.050000000000002487e-01,6.032856615969280911e-01,1.258520094691602198e+00,1.769477870384676521e+02,6.213300566725644458e+00
4.100000000000002531e-01,6.092147774615132017e-01,1.165404652791469209e+00,-8.732156652761415216e+01,5.763204921621275290e+00
4.150000000000002576e-01,6.153610793687936953e-01,1.336065377268075505e+00,2.144822808003887360e+02,5.736076397262202420e+00
4.200000000000002620e-01,6.215706209859667153e-01,1.198435457940460802e+00,-1.464940916435679412e+02,5.302222140514674109e+00
4.250000000000002665e-01,6.281559990292161499e-01,1.428642518038096831e+00,2.161528885405252538e+02,5.446637537629798409e+00
4.300000000000002709e-01,6.348521898270547137e-01,1.310065535294641759e+00,-1.154062567344305279e+02,5.053052311765442894e+00
4.350000000000002753e-01,6.418700253265861022e-01,1.489486032047448782e+00,1.726271589525327954e+02,5.176788188175144079e+00
4.400000000000002798e-01,6.489229019797388975e-01,1.387459408224164692e+00,-1.191837779505850534e+02,4.908730759854705639e+00
4.450000000000002842e-01,6.563983121837702051e-01,1.554558669065914556e+00,1.145098804493154319e+02,5.102412245838893412e+00
4.500000000000002887e-01,6.640318446277204689e-01,1.500881002967465072e+00,-6.090043295480259644e+01,5.013467105057189954e+00
4.550000000000002931e-01,6.718949304265828815e-01,1.657924668236015586e+00,1.538620061075213528e+02,5.458169403300554556e+00
4.600000000000002975e-01,6.801463330274751806e-01,1.636546393993003168e+00,-4.783779037015349900e+00,5.627435103843510866e+00
4.650000000000003020e-01,6.884596415278482207e-01,1.693674656371712883e+00,5.300905167942510587e+01,5.652732808494776329e+00
4.700000000000003064e-01,6.969325174565315084e-01,1.756810938160562552e+00,1.019792527297928331e+02,5.538678212170224491e+00
4.750000000000003109e-01,7.054567952602790459e-01,1.705117364936715507e+00,7.696157025755239189e+00,6.071045402574290151e+00
4.800000000000003153e-01,7.140234148945172610e-01,1.719498889891138749e+00,2.577894946388618536e+01,6.152090393399487489e+00
4.850000000000003197e-01,7.226063102843377495e-01,1.665147669627802918e+00,-1.347458324211339686e+02,6.648376371097441506e+00
4.900000000000003242e-01,7.313627079003238718e-01,1.715220852348489089e+00,-2.231782818803370461e+01,6.608199757406443275e+00
4.950000000000003286e-01,7.401773155178423824e-01,1.719999622211798140e+00,-1.468548427128145875e+02,6.853676520029036823e+00
5.000000000000003331e-01,7.491645716928942988e-01,1.866694956467008337e+00,1.392532224750070213e+02,6.708984737491350714e+00
5.050000000000003375e-01,7.581594149866938137e-01,1.739147272972532576e+00,-1.569444491635796624e+02,6.552962372047754336e+00
5.100000000000003419e-01,7.674178703581658878e-01,1.909200870681887485e+00,1.282969171717437291e+02,6.844804558336218037e+00
5.150000000000003464e-01,7.766917492526358435e-01,1.748797009747238951e+00,-3.017479840712691157e+02,6.211020691017168360e+00
5.200000000000003508e-01,7.861191563328212562e-01,1.872087781513414484e+00,3.558521824170725978e+01,6.313376800300620317e+00
5.250000000000003553e-01,7.955868652996327395e-01,1.826839419753325311e+00,-1.911124610881511217e+02,6.033814215271163128e+00
5.300000000000003597e-01,8.051613377310374853e-01,1.916722762959321535e+00,2.639215560878193756e+01,5.892206714422423275e+00
5.350000000000003642e-01,8.147717808829997299e-01,1.820847777905053366e+00,-3.397442795357424643e+02,4.914041274878320209e+00
5.400000000000003686e-01,8.242752849205904342e-01,1.756725541916480005e+00,-1.272015541356861377e+02,4.557950353711479607e+00
5.450000000000003730e-01,8.337276167970496532e-01,1.899120644530486679e+00,4.327307763187983269e+00,4.224385862674283842e+00
5.500000000000003775e-01,8.440405782549057490e-01,2.447841945233897754e+00,6.014359943889087390e+02,2.832273904996553071e+00
5.550000000000003819e-01,8.541196888461318748e-01,2.075806974299695629e+00,8.842577786802903574e+02,1.769799923581065526e+00
5.600000000000003864e-01,8.618235491903429857e-01,1.260063604836435758e+00,-9.996720098215760117e+02,2.076764084869449078e-01
5.650000000000003908e-01,8.725326084773434854e-01,2.740579079226726833e+00,1.151936613433445245e+03,9.023404828848567982e-01
5.700000000000003952e-01,8.826576888767465601e-01,1.538407967241596896e+00,-1.195166666756366112e+03,-1.754954882405707739e+00
5.750000000000003997e-01,8.949194558598821958e-01,3.075540819037732021e+00,1.301794624657454051e+03,-3.381186077663121958e-01
5.800000000000004041e-01,9.058855314742269016e-01,1.602634956161526958e+00,-1.377846236228488124e+03,-3.045347883980259684e+00
5.850000000000004086e-01,9.188429605008588963e-01,3.267850903497024895e+00,1.451607317455199791e+03,-1.192842208258892533e+00
5.900000000000004130e-01,9.304885559534616934e-01,1.703019886503850389e+00,-1.491172257123199415e+03,-3.824953935947339012e+00
5.950000000000004174e-01,9.441832245721134553e-01,3.462476446542809505e+00,1.523372069419822765e+03,-1.702492283143559604e+00
6.000000000000004219e-01,9.563043426478247122e-01,1.750395008941339814e+00,-1.448822919721631479e+03,-4.946405999432737843e+00
6.050000000000004263e-01,9.696535670593420253e-01,3.286027080066334705e+00,1.455171099267410909e+03,-3.298589025583282819e+00
6.100000000000004308e-01,9.805931729580821266e-01,1.455943328962467032e+00,-1.482349772472583481e+03,-6.266557354936855617e+00
6.150000000000004352e-01,9.920097447770456212e-01,2.814820282564899578e+00,1.280933586298269802e+03,-3.730223047600849995e+00
6.200000000000004396e-01,1.002181012917727543e+00,1.498746731825479017e+00,-1.256035790677813566e+03,-5.005638748185273990e+00
6.250000000000004441e-01,1.013036542136244611e+00,2.621730016315666045e+00,1.111969347396493276e+03,-3.553147705303048021e+00
6.300000000000004485e-01,1.022538015474644180e+00,1.441261250929316118e+00,-1.075628530392495122e+03,-4.348673754851942519e+00
6.350000000000004530e-01,1.032073599041548606e+00,2.203212876113513463e+00,8.100929522421128013e+02,-1.705915950129489156e+00
6.400000000000004574e-01,1.039224956845010928e+00,1.100469683433204837e+00,-5.440589566727187503e+02,-6.527043826263314585e-01
6.450000000000004619e-01,1.046537003984125747e+00,1.475409524117886173e+00,1.014038570856977799e+02,1.084854742982656717e+00
6.500000000000004663e-01,1.053011958241392820e+00,1.190633888243112004e+00,-1.146348835027052644e+02,9.657204663285857693e-01
6.550000000000004707e-01,1.058846978033332942e+00,1.076823153657642917e+00,-1.724891862930930131e+01,6.328990572577528617e-01
6.600000000000004752e-01,1.064125960228716528e+00,9.548979277475017069e-01,-2.300155913700896804e+01,-1.282503096054772973e+00
6.650000000000004796e-01,1.067169708200861322e+00,4.090850605827336950e-01,-1.428564932759871908e+02,-3.735622872814890805e+00
6.700000000000004841e-01,1.068884492563543898e+00,2.702710904416104620e-01,-7.273964355378213043e+01,-4.645308010483387484e+00
6.750000000000004885e-01,1.071523854861701430e+00,6.250924744419610324e-01,6.642665846881071445e+01,-4.727628604154984870e+00
6.800000000000004929e-01,1.075938751081519262e+00,1.057231804506836736e+00,1.098476988627844122e+02,-5.015131406185624918e+00
6.850000000000004974e-01,1.082627821755015596e+00,1.553739425085740589e+00,1.410750231853236016e+02,-5.783303766208099717e+00
6.900000000000005018e-01,1.090312718439507611e+00,1.539224797720390114e+00,8.163802430230386165e+01,-6.174929529180981369e+00
6.950000000000005063e-01,1.098081211554777337e+00,1.640053159367196756e+00,1.261670797633678660e+02,-5.895798266197065374e+00
7.000000000000005107e-01,1.105106965191697377e+00,1.531043742118108897e+00,1.190635127751475153e+02,-6.512251023441203657e+00
7.050000000000005151e-01,1.112624177504767609e+00,1.525410871286387859e+00,1.511920197665803016e+02,-6.431973266942124567e+00
7.100000000000005196e-01,1.120276248408042852e+00,1.635792806016762135e+00,1.516186519521298521e+02,-6.172632452008431692e+00
7.150000000000005240e-01,1.126017345527324132e+00,1.196234522294514990e+00,1.316138869912830955e+02,-6.975339732818408578e+00
7.200000000000005285e-01,1.133229083249776892e+00,1.162171027680207525e+00,-4.955452265047096603e+02,-7.266954024683008662e+00
7.250000000000005329e-01,1.140334369768445377e+00,1.154420884544258508e+00,-3.748936912863649127e+02,-7.237317811242879984e+00
7.300000000000005373e-01,1.147409330854861631e+00,1.114999139875736400e+00,-4.339460257811683732e+02,-7.897270239618793930e+00
7.350000000000005418e-01,1.154241734475961900e+00,1.016667801611323974e+00,-5.915266758610255238e+02,-8.238612271027772493e+00
7.400000000000005462e-01,1.161876407365565189e+00,1.684550796270646522e+00,-6.881456372838282931e+00,-8.249984681500563966e+00
7.450000000000005507e-01,1.168444799938172851e+00,8.685910486596504221e-01,-2.604292766292611532e+02,-8.399761894497350667e+00
7.500000000000005551e-01,1.166426501016539774e+00,-1.299377039175029225e+00,-4.628685108682548730e+02,-7.314981311539093589e+00
7.550000000000005596e-01,1.151301521399221928e+00,-4.088321824691602657e+00,-5.030672424497638531e+02,-5.408426240832115539e+00
7.600000000000005640e-01,1.122281082440436784e+00,-6.781715701656327866e+00,-4.361096291952368915e+02,-3.316506153950167235e+00
7.650000000000005684e-01,1.081408460739714306e+00,-8.904408760650566634e+00,-3.103686446294649954e+02,-1.488111046860635334e+00
7.700000000000005729e-01,1.031904117446628133e+00,-1.040050301046245274e+01,-2.262478050258115445e+02,-2.826067822854199107e-01
7.750000000000005773e-01,9.769535799310932189e-01,-1.126537838608667741e+01,-1.180980336050079273e+02,4.151420158367757907e-01
7.800000000000005818e-01,9.191934710935038000e-01,-1.165084735954135908e+01,-3.683620329781580693e+01,9.898200739760376621e-01
7.850000000000005862e-01,8.607755628376801971e-01,-1.164548060775268468e+01,2.619637239192377010e+01,1.384998654279716135e+00
7.900000000000005906e-01,8.030962666831289454e-01,-1.141041943143635251e+01,5.702430096835970375e+01,1.527934514758347184e+00
7.950000000000005951e-01,7.472235788063817941e-01,-1.098098607531733073e+01,8.953541185007242120e+01,1.661648419195482784e+00
8.000000000000005995e-01,6.937441834584594513e-01,-1.044921247099200023e+01,1.726997189125382022e+02,1.691087574226584067e+00
8.050000000000006040e-01,6.430306107997704190e-01,-9.867424484644326199e+00,1.889842930684656039e+02,1.668831859121368222e+00
8.100000000000006084e-01,5.948098574952649376e-01,-9.440580591035097058e+00,1.419729526130094541e+02,1.172408726700684412e+00
8.150000000000006128e-01,5.490495712687599728e-01,-8.918902925508852775e+00,1.504761909096411046e+02,1.436934688705411745e+00
8.200000000000006173e-01,5.058135191640278361e-01,-8.422288636079535706e+00,1.493644799274284196e+02,1.598525355886933230e+00
8.250000000000006217e-01,4.650634057038061098e-01,-7.915442385172164919e+00,1.659797869818549998e+02,1.796453933725201679e+00
8.300000000000006262e-01,4.265073704104352381e-01,-7.518950702062857872e+00,1.339585546141467205e+02,1.648964393492908798e+00
8.350000000000006306e-01,3.902603336012708812e-01,-7.008576660705928774e+00,1.529385125860158894e+02,2.024650690180711976e+00
8.400000000000006350e-01,3.565759070762090643e-01,-6.482393362091522171e+00,1.712674382011633156e+02,2.149893223390043850e+00
8.450000000000006395e-01,3.255086214066803540e-01,-5.942939659751258930e+00,1.509834829140218631e+02,2.212255234064486764e+00
8.500000000000006439e-01,2.974236477610751050e-01,-5.312598540375105927e+00,1.787371625024899231e+02,2.511479593056669124e+00
8.550000000000006484e-01,2.725021861917518717e-01,-4.683045876543665109e+00,1.746697311794417260e+02,2.536002673202446100e+00
8.600000000000006528e-01,2.507912575658967080e-01,-4.077525802422348633e+00,1.164943915108206483e+02,2.762110348447201602e+00
8.650000000000006573e-01,2.316912810632851816e-01,-3.636408173939935651e+00,7.995041965273330220e+01,2.781949526240354409e+00
8.700000000000006617e-01,2.214235705239878949e-01,-1.430303963845057424e+00,1.563260961312329300e+02,2.516547194721008740e+00
8.750000000000006661e-01,2.182518867589341716e-01,-1.298520392539752599e-01,2.452262496059657053e+02,3.553057498004148052e+00
8.800000000000006706e-01,2.233007496118369350e-01,1.725414009570695129e+00,3.546855387009468359e+02,5.333058233172418561e+00
8.850000000000006750e-01,2.332342772433697309e-01,2.074777146360665903e+00,1.271943089342036046e+02,7.505722759484624973e+00
8.900000000000006795e-01,2.437306998570380190e-01,2.153345177048248793e+00,1.478522923426567672e+02,9.460524139898227602e+00
8.950000000000006839e-01,2.536495377405423302e-01,1.824147169624513953e+00,-3.846611911923592970e+02,1.048301280751207720e+01
9.000000000000006883e-01,2.637773745687492788e-01,2.112507090512158126e+00,2.695626624910528335e+02,1.035799751022852888e+01
9.050000000000006928e-01,2.731941842340158688e-01,1.760400703104787690e+00,-2.562843451937813484e+02,9.193267396727858198e+00
9.100000000000006972e-01,2.823993767365162166e-01,1.849454940756227073e+00,1.112626455609998004e+02,8.666709268668732591e+00
9.150000000000007017e-01,2.913386064058669511e-01,2.044568509920329902e+00,2.622991657102975864e+02,8.271248827565875317e+00
9.200000000000007061e-01,3.003212210864500964e-01,1.678067817437188580e+00,-4.358598653329598278e+02,7.445918051468583876e+00
9.250000000000007105e-01,3.089682416737562498e-01,1.721864044434330276e+00,3.424100789520716859e+01,7.512620284383689118e+00
9.300000000000007150e-01,3.175269467947244295e-01,1.649136426768800012e+00,-1.044259973079145567e+02,7.208086673096717689e+00
9.350000000000007194e-01,3.264232034663423487e-01,2.015471640987371416e+00,3.741220226281023429e+02,6.972746201604285154e+00
9.400000000000007239e-01,3.347083291726915544e-01,1.566083497618838249e+00,-1.741008472048011413e+02,6.472417539896982319e+00
9.450000000000007283e-01,3.430380343523870001e-01,1.684299692993806996e+00,7.091304215793671517e+01,6.665257464145305732e+00
9.500000000000007327e-01,3.512618873340717651e-01,1.596827489968644320e+00,-1.260967553100533394e+02,6.479673316097701807e+00
9.550000000000007372e-01,3.597075653604213663e-01,1.726980943223646037e+00,1.053944022732213170e+02,6.433997969164132691e+00
9.600000000000007416e-01,3.680353012969748150e-01,1.613191930110944972e+00,-1.369157652506869454e+02,6.267902528964584441e+00
9.650000000000007461e-01,3.765731180643110410e-01,1.739468637610877000e+00,1.025425265459752353e+02,6.273942349278901709e+00
9.700000000000007505e-01,3.849785067765666979e-01,1.633824859088309545e+00,-1.237197593044720492e+02,6.174533121684381953e+00
9.750000000000007550e-01,3.936272663276165207e-01,1.758497515924448029e+00,9.301540922958965041e+01,6.199677195770191496e+00
9.800000000000007594e-01,4.021772622785951823e-01,1.661722200815365369e+00,-1.337388547954694502e+02,6.108860115741872043e+00
9.850000000000007638e-01,4.110005860984548010e-01,1.797316243897835619e+00,1.081829169449014501e+02,6.112642843810100146e+00
9.900000000000007683e-01,4.197442995174015534e-01,1.684777935873074117e+00,-1.985601614042902838e+02,6.013948687094273104e+00
9.950000000000007727e-01,4.287837582983315965e-01,1.847290625087024241e+00,1.347148081312454337e+02,6.038079600204815378e+00
1.000000000000000666e+00,4.379120829183998365e-01,1.662476851567725289e+00,-5.274834434815719533e+02,5.775196712996345738e+00
1.005000000000000560e+00,4.470310817658096902e-01,1.790301013605653635e+00,7.588102089150939378e+01,5.973895035805458775e+00
1.010000000000000453e+00,4.562268142896895862e-01,1.549477333240305565e+00,-8.085824089729367188e+02,5.662540335417691750e+00
1.015000000000000346e+00,4.650741371134434199e-01,1.901970511163129984e+00,5.570542474102763890e+02,6.157190409413654919e+00
1.020000000000000240e+00,4.731589557087237385e-01,2.191357845503985047e+00,5.868769120947160900e+02,5.764770008682325475e+00
1.025000000000000133e+00,4.812747638422240071e-01,1.549391556273341575e+00,-1.901552100907016438e+02,5.304210186198043964e+00
1.030000000000000027e+00,4.902250077281730123e-01,1.715420960262966865e+00,-2.324691547711295243e+02,5.548131156977650136e+00
1.034999999999999920e+00,5.001003761187755581e-01,2.147917079390718964e+00,6.771423319676686106e+02,5.557954636463732001e+00
1.039999999999999813e+00,5.077541510996353979e-01,1.282514867769157130e+00,-5.488282486204037696e+02,5.695196362960409431e+00
1.044999999999999707e+00,5.162878619621910081e-01,1.648319319776481828e+00,-1.269081836555026221e+01,5.850180445156341058e+00
1.049999999999999600e+00,5.245643631909435722e-01,1.676561559138378676e+00,1.853756884786523642e+02,4.982920408251496625e+00
1.054999999999999494e+00,5.332584869469596534e-01,2.099445013908388447e+00,4.248288400839732617e+02,5.515433653870490893e+00
1.059999999999999387e+00,5.419278103541307345e-01,1.419260677110982360e+00,-4.888696054137687383e+02,4.980218958275522745e+00
1.064999999999999281e+00,5.497864357308626104e-01,1.603531368091531073e+00,1.443754304337933831e+02,5.122535911703060663e+00
1.069999999999999174e+00,5.584325599973504195e-01,2.410408340108284087e+00,7.920985258756812755e+02,5.730922066253409497e+00
1.074999999999999067e+00,5.667095107978632473e-01,1.193680652012585997e+00,-8.049813222994511079e+02,4.278680285899934432e+00
1.079999999999998961e+00,5.745446706691912375e-01,1.678557273971194252e+00,3.396295877809848776e+02,5.060589783714505074e+00
1.084999999999998854e+00,5.821931798605675112e-01,1.420614041711788955e+00,-2.736193037393785517e+02,4.893013524860390540e+00
1.089999999999998748e+00,5.901307986751115342e-01,1.695821468992414260e+00,3.457322114864726927e+02,4.606250198125747097e+00
1.094999999999998641e+00,5.979786608127551917e-01,1.420309478757484589e+00,-3.256826771359183681e+02,4.485833039347842721e+00
1.099999999999998535e+00,6.061507326010108221e-01,1.847039747270684318e+00,4.362192465286844367e+02,4.842677432349219657e+00
1.104999999999998428e+00,6.144708578328756943e-01,1.651043543088455801e+00,-1.597709643770976413e+02,3.631782475824654188e+00
1.109999999999998321e+00,6.234903368163999815e-01,1.796949848794721305e+00,-4.722187633259054707e+01,2.898622624219714616e+00
1.114999999999998215e+00,6.326884967597069531e-01,1.784660475577197092e+00,-8.573241322516494733e+01,3.208416010832674470e+00
1.119999999999998108e+00,6.419596115340776565e-01,1.908886119523069524e+00,1.025171235657474540e+02,2.655313508286246904e+00
1.124999999999998002e+00,6.512584307169181352e-01,1.918417485538174372e+00,5.032439203941903116e+01,1.740280747556897101e+00
1.129999999999997895e+00,6.608640523605768813e-01,1.977572392252513023e+00,1.022338554868440639e+02,2.320681704979208781e+00
1.134999999999997788e+00,6.703601716834325375e-01,1.883705167377077494e+00,-8.539257920072897434e+01,1.569504101770397675e+00
1.139999999999997682e+00,6.800838787619352122e-01,1.942007962755182504e+00,-1.151876158248028226e+01,1.017909728538631597e+00
1.144999999999997575e+00,6.899964262793376601e-01,1.935018437912076950e+00,-9.314574856911661982e+01,1.530341394930846644e+00
1.149999999999997469e+00,6.999674026899215251e-01,2.045180940473138698e+00,1.098866791562931695e+02,1.027507294790694914e+00
1.154999999999997362e+00,7.100481735262386129e-01,2.132850430879444925e+00,1.602743870497255614e+02,2.573315456617657482e-01
1.159999999999997256e+00,7.202754420174077854e-01,2.046488876488981035e+00,-2.311232104089653561e+01,6.985482021259679097e-01
1.164999999999997149e+00,7.304763883868632401e-01,2.077952032087504008e+00,2.776116875707892362e+01,2.186688434607526599e-01
1.169999999999997042e+00,7.407759335323803596e-01,1.969766767866514501e+00,-1.967434157967982742e+02,-5.692103057866988447e-01
1.174999999999996936e+00,7.512269885603987118e-01,2.058446333447219612e+00,-2.057619383120565715e+01,8.395705485042892491e-02
1.179999999999996829e+00,7.616037058650160230e-01,2.083885608250009014e+00,1.141916681504569020e+01,-6.177482728343317575e-01
1.184999999999996723e+00,7.722951118377791024e-01,2.309843108342482854e+00,3.432403752035847333e+02,-1.281844571795445642e+00
1.189999999999996616e+00,7.822787671713115065e-01,1.963484562276480938e+00,-6.757024237993704219e+01,-1.069437939514581659e+00
1.194999999999996509e+00,7.922706875863280152e-01,2.125394188936295947e+00,1.588467050995591023e+02,6.655608897581113403e-01
1.199999999999996403e+00,8.018915523100920151e-01,1.790447256523104214e+00,-1.378132252074252335e+02,2.224521485794607845e+00
1.204999999999996296e+00,8.111506240956817271e-01,1.669824294946677501e+00,-3.576427527312992538e+02,3.957271952851134866e+00
1.209999999999996190e+00,8.209930058427775679e-01,2.155150772536983173e+00,5.199421612056398772e+02,4.885485267055797109e+00
1.214999999999996083e+00,8.304378122585650557e-01,2.116881211837438048e+00,4.158904264607367622e+02,5.318981868257231405e+00
1.219999999999995977e+00,8.395128633084087966e-01,1.797734014314318340e+00,6.155251205080129751e+01,4.815059750413265505e+00
1.224999999999995870e+00,8.478568628676018681e-01,1.597120862367526151e+00,-9.592251399439068393e+01,3.933293386617885190e+00
1.229999999999995763e+00,8.561805198696645913e-01,1.572164269617206456e+00,-3.265698976220090088e+01,2.798638486416449744e+00
1.234999999999995657e+00,8.635574437286421823e-01,1.536108588610331616e+00,7.202329764361833497e+01,2.242817853545033380e+00
1.239999999999995550e+00,8.715033895563650823e-01,1.540536056488971406e+00,-2.761694614884879329e+01,2.459073322041032128e+00
1.244999999999995444e+00,8.795023135765309696e-01,1.630926660077742563e+00,-2.547403789599670176e+01,1.378554466775747223e+00
1.249999999999995337e+00,8.876767090786460424e-01,1.573812828932925845e+00,-9.807191591338369818e+00,2.177225449333836105e-01
1.254999999999995230e+00,8.954213625939451138e-01,1.570167491648777558e+00,9.922362808159794767e+00,-3.824744736692490266e-01
1.259999999999995124e+00,9.033119654720626057e-01,1.584561982801950597e+00,1.093132994372558073e+02,-8.683879497715980555e-01
1.264999999999995017e+00,9.112819361200663604e-01,1.400228998110832679e+00,-4.318214243435778030e+02,-1.428801548397943932e+00
1.269999999999994911e+00,9.190079072124667237e-01,1.454764972092005282e+00,-1.878821012123692640e+02,-1.782985315673859983e+00
1.274999999999994804e+00,9.265585368968817237e-01,1.610473820366971731e+00,1.120148897885454318e+02,-2.036859645791580853e+00
1.279999999999994698e+00,9.342678751031218143e-01,1.232559090102044452e+00,-5.056036380218853310e+02,-2.585324491252930290e+00
1.284999999999994591e+00,9.420004163594846158e-01,1.630468092330825680e+00,4.529382293014284500e+01,-2.690073322165277503e+00
1.289999999999994484e+00,9.498933307973455031e-01,1.406665578933172789e+00,-3.418345136611496855e+02,-3.088704206828772669e+00
1.294999999999994378e+00,9.571385661926182786e-01,1.544697491526018762e+00,1.583769504862549979e+02,-2.992363918074316231e+00
1.299999999999994271e+00,9.649343582020215582e-01,1.826349212390753873e+00,2.649903546938070917e+02,-3.245446138903675504e+00
1.304999999999994165e+00,9.719498649192008788e-01,1.124014331852733362e+00,-6.917259746324948537e+02,-3.506804467439174289e+00
1.309999999999994058e+00,9.795168792714707973e-01,1.472109005329305997e+00,3.241934893665051618e+02,-3.074813030790631618e+00
1.314999999999993952e+00,9.873241171213239520e-01,1.607956325370643480e+00,1.149830578289024459e+02,-3.307925950134506188e+00
1.319999999999993845e+00,9.953951348935807797e-01,1.930722298575279217e+00,2.912794456444889306e+02,-3.441226861252096203e+00
1.324999999999993738e+00,1.002424915697211372e+00,1.014895706432616507e+00,-8.503819430796056622e+02,-3.797548369098352694e+00
1.329999999999993632e+00,1.009803804204046251e+00,1.421870732789755731e+00,3.846011079036437650e+02,-3.234102725542510548e+00
1.334999999999993525e+00,1.018308605403049016e+00,1.702727492909382523e+00,1.238864875288311680e+02,-3.760489745251816451e+00
1.339999999999993419e+00,1.026373570160032944e+00,1.847156068167465692e+00,2.698769861776125936e+02,-3.908979747181831499e+00
1.344999999999993312e+00,1.034481325118538741e+00,1.297123263099945412e+00,-6.249651550164571745e+02,-4.406137447355113146e+00
1.349999999999993205e+00,1.042738524062652772e+00,1.598404503783846575e+00,3.342155943939948770e+02,-4.042248786256972259e+00
1.354999999999993099e+00,1.050361355631382665e+00,1.518792833839008649e+00,1.490911734979005985e+02,-4.328921881060027843e+00
1.359999999999992992e+00,1.058312696308809198e+00,1.647694247040267790e+00,2.011362926820648340e+02,-4.505963913764370332e+00
1.364999999999992886e+00,1.065625517425961899e+00,1.576753930719849484e+00,3.309804035002832023e+01,-4.875833137323569488e+00
1.369999999999992779e+00,1.072787663627480903e+00,1.633055219222028676e+00,2.435539437334650472e+02,-4.766159598908384254e+00
1.374999999999992673e+00,1.079959617505779068e+00,1.444807320240974136e+00,2.619522994671095972e+01,-5.211696742479676736e+00
1.379999999999992566e+00,1.087457882834048428e+00,1.607749103825906190e+00,1.360716998066395149e+02,-5.263026509838263145e+00
1.384999999999992459e+00,1.094578677684172385e+00,1.554472449336269824e+00,9.291357725263259226e+01,-5.576886627803233409e+00
1.389999999999992353e+00,1.101252641315072944e+00,1.269900913111317697e+00,-2.321467400580918081e+02,-5.673614337951094377e+00
1.394999999999992246e+00,1.107943726157178732e+00,1.286949588113443621e+00,-2.017986812007502522e+02,-6.179884939697729784e+00
1.399999999999992140e+00,1.114419498596043834e+00,1.433061665194758971e+00,1.762590887428572728e+02,-6.055114514282054827e+00
1.404999999999992033e+00,1.120892353258393648e+00,1.070848820611285834e+00,-1.949045589459045686e+02,-6.340318775203046542e+00
1.409999999999991926e+00,1.123217640916206461e+00,-4.872944639145308787e-02,-2.474322900936099074e+02,-5.542053645403824724e+00
1.414999999999991820e+00,1.117766381544901044e+00,-1.829162756261917488e+00,-4.525777994748366382e+02,-4.808380024575296119e+00
1.419999999999991713e+00,1.102883355374971730e+00,-3.693348165437759345e+00,-2.659815170238096584e+02,-3.531866195101261319e+00
1.424999999999991607e+00,1.078517522209467394e+00,-5.569726437692549048e+00,-3.711549481827645423e+02,-2.468163792130086520e+00
1.429999999999991500e+00,1.045687279900563649e+00,-7.104187788864801512e+00,-1.912992611849996649e+02,-1.436454269897267988e+00
1.434999999999991394e+00,1.006626559097276719e+00,-8.213160030002446987e+00,-2.376325955031531407e+02,-4.460468798914023481e-01
1.439999999999991287e+00,9.629667892069816437e-01,-8.941243442911977368e+00,1.723357136641859189e+00,1.611779361268448341e-01
1.444999999999991180e+00,9.164568019341000626e-01,-9.433091009817982098e+00,-6.006215292073906653e+01,5.758465558586305377e-01
1.449999999999991074e+00,8.684922675441744122e-01,-9.557331125064704835e+00,9.652331584812107224e+01,7.731896648533558292e-01
1.454999999999990967e+00,8.201750670349767791e-01,-9.661267731308980089e+00,-2.997880210156870717e+01,9.165492922960249977e-01
1.459999999999990861e+00,7.728485270274529917e-01,-9.306475467760060738e+00,1.308298799376601380e+02,1.361804059888570784e+00
1.464999999999990754e+00,7.270062880980873166e-01,-9.004801576768759475e+00,7.084485348728647125e+01,1.506727787073935954e+00
1.469999999999990647e+00,6.836390249524295637e-01,-8.442669905346386727e+00,1.139748167384150435e+02,1.739626559416455720e+00
1.474999999999990541e+00,6.422863853621845198e-01,-8.091509762839372399e+00,1.361054666500461394e+02,1.260128793940313408e+00
1.479999999999990434e+00,6.028500109262426854e-01,-7.729753681283123790e+00,6.086456949935986671e+01,1.179021117275388608e+00
1.484999999999990328e+00,5.652381003672559689e-01,-7.391070527040391802e+00,6.152611385396743060e+01,1.094163271646871216e+00
1.489999999999990221e+00,5.302211768770613842e-01,-6.742854860021831875e+00,1.276014302156820150e+02,1.846109389534283718e+00
1.494999999999990115e+00,4.974561462300217674e-01,-6.401904187483512310e+00,4.138306803401771816e+01,1.232244427997803982e+00
1.499999999999990008e+00,4.668275523274345584e-01,-5.916469557961010040e+00,1.293161087653782317e+02,1.374685277495159008e+00
1.504999999999989901e+00,4.377956555595571286e-01,-5.699762658522107728e+00,6.508154769925641858e+01,9.215320324498037508e-01
1.509999999999989795e+00,4.108022581454435773e-01,-5.196045794355965697e+00,7.517027191774825212e+01,1.633293535800882212e+00
1.514999999999989688e+00,3.853984103070063894e-01,-4.965213127295918127e+00,9.159886623002634565e+01,1.195779969824887878e+00
1.519999999999989582e+00,3.615381884555265435e-01,-4.603450180382088419e+00,1.298863404536224664e+02,1.338085022039241068e+00
1.524999999999989475e+00,3.390563338948983096e-01,-4.377798081133820851e+00,6.709512161615721482e+01,1.062377858800978903e+00
1.529999999999989369e+00,3.186424020449301620e-01,-3.889384703795569553e+00,6.902848004873014531e+01,1.605652396354788847e+00
1.534999999999989262e+00,2.996585977497467912e-01,-3.703127163775927766e+00,6.595578158746111797e+01,1.192679814012311601e+00
1.539999999999989155e+00,2.819737143000461965e-01,-3.365189221218495952e+00,1.355637074903614518e+02,1.326113270156121349e+00
1.544999999999989049e+00,2.658417490661973415e-01,-3.088136435487205400e+00,7.440314821921691646e+01,1.184826241234468780e+00
1.549999999999988942e+00,2.518169195160556151e-01,-2.620559633274316624e+00,6.811119600734559754e+01,1.509538256077879170e+00
1.554999999999988836e+00,2.390142272325455897e-01,-2.495645527168353084e+00,4.528938225516482419e+01,1.113153392696334176e+00
1.559999999999988729e+00,2.272904441394379138e-01,-2.195664540735501991e+00,1.146425003650337828e+02,1.302691271735180845e+00
1.564999999999988622e+00,2.169318041269727160e-01,-1.945713351574548611e+00,7.238314873762776358e+01,1.176597178466863403e+00
1.569999999999988516e+00,2.080919670041407044e-01,-1.644980251735161714e+00,5.431469269022250046e+01,1.154009597419037192e+00
1.574999999999988409e+00,2.006571999488837854e-01,-1.384246606684646164e+00,2.564932022529489686e+01,1.313440361407886225e+00
1.579999999999988303e+00,1.947377258401780387e-01,-1.015805775696860369e+00,1.391300373089754316e+02,1.350231443900747008e+00
1.584999999999988196e+00,1.904444625288272408e-01,-7.235078289445188160e-01,8.279558556935919000e+01,1.140452705124849642e+00
1.589999999999988090e+00,1.878292743929951270e-01,-3.951370787155390474e-01,5.287521293188939353e+01,1.077532169024751463e+00
1.594999999999987983e+00,1.863897111519942362e-01,-2.220036873492775564e-01,7.472563499766437189e+00,1.078776510225294194e+00
1.599999999999987876e+00,1.861602976907045515e-01,9.863133987273003944e-02,1.199931980148964925e+02,1.172967020074129341e+00
1.604999999999987770e+00,1.872034493206877481e-01,3.109944690064028183e-01,4.759491487524703501e+01,9.519136816760326303e-01
1.609999999999987663e+00,1.894889662621238036e-01,5.517440295305613418e-01,4.692326927726007568e+01,9.675826150701394290e-01
1.614999999999987557e+00,1.929036973996778315e-01,7.648659639659004528e-01,1.821506725932311355e+01,1.071301804472051256e+00
1.619999999999987450e+00,1.975515883202842160e-01,1.054080281850845457e+00,9.597196621948798168e+01,1.043379230381054734e+00
1.624999999999987343e+00,2.031750611946548379e-01,1.171490097412610565e+00,-9.991560053618244730e-01,8.619637606497088100e-01
1.629999999999987237e+00,2.097892356200504183e-01,1.408640104968490903e+00,3.708156445274411794e+01,1.111524345048910956e+00
1.634999999999987130e+00,2.174004369769297063e-01,1.588738550627147417e+00,1.148739972089268946e+01,9.364983294837806449e-01
1.639999999999987024e+00,2.243074612150435243e-01,1.576475406445583705e+00,1.221330711955821329e+02,1.241613925982398392e+00
1.644999999999986917e+00,2.328838878199275264e-01,1.769147686304531231e+00,7.631192722448369636e+01,1.411847235047991589e+00
1.649999999999986811e+00,2.419284898971379438e-01,1.800782770103671826e+00,1.456921529025702888e+01,2.473392866979091220e+00
1.654999999999986704e+00,2.510721505762822936e-01,1.867313808745174164e+00,2.322545654887702824e+02,3.109675724378691886e+00
1.659999999999986597e+00,2.598602130653356879e-01,1.761165391632971478e+00,-4.040104978471919139e+01,3.897387137042148009e+00
1.664999999999986491e+00,2.688902025170897270e-01,1.591926925016004857e+00,-3.696543462587845283e+02,5.714564631227965208e+00
1.669999999999986384e+00,2.785475516222795656e-01,1.843079238220338256e+00,-7.426420126897609464e+01,7.185509408016309330e+00
1.674999999999986278e+00,2.882944126370861615e-01,1.869834820971465250e+00,-1.738082026664510806e+02,8.314707207899989072e+00
1.679999999999986171e+00,2.983249003377106967e-01,2.024984980130700052e+00,4.351717561165316539e+01,8.333542919803516469e+00
1.684999999999986064e+00,3.084069419447474925e-01,2.004770191333893781e+00,-5.039907559757664046e+01,7.922650673645759589e+00
1.689999999999985958e+00,3.186170957893300071e-01,2.080352331034929225e+00,5.650588957172629989e+01,7.312029533660457048e+00
1.694999999999985851e+00,3.289968371328593766e-01,2.075590424510321164e+00,-2.792704276846878031e+01,7.139003793901350647e+00
1.699999999999985745e+00,3.395394096252845051e-01,2.159679152484491382e+00,8.696216856078605417e+01,6.865432068762058471e+00
1.704999999999985638e+00,3.501988328474171519e-01,2.117789183692177168e+00,-6.135935627461812913e+01,6.650884135739521419e+00
1.709999999999985532e+00,3.610774585156038552e-01,2.250672332663277597e+00,1.398301093564071493e+02,6.510540291339300900e+00
1.714999999999985425e+00,3.720014080312232796e-01,2.136707641643057709e+00,-1.315794521907101000e+02,6.217725823461615065e+00
1.719999999999985318e+00,3.831962404848261450e-01,2.333900136622927501e+00,2.140888272456163577e+02,6.188677378785757632e+00
1.724999999999985212e+00,3.942441638503302870e-01,2.114826038664821439e+00,-2.269013029804277153e+02,5.817271176511464859e+00
1.729999999999985105e+00,4.054919168444443556e-01,2.343562057023318435e+00,2.496022761270451724e+02,5.938107357350784099e+00
1.734999999999984999e+00,4.163722813216941265e-01,2.055792030326102804e+00,-2.667047519111915790e+02,5.505217308831008793e+00
1.739999999999984892e+00,4.273485072920460426e-01,2.279710596316057547e+00,2.502945245117460900e+02,5.728774190623511231e+00
1.744999999999984786e+00,4.378464341458660480e-01,1.980006681984413541e+00,-2.560139117198519898e+02,5.257024479444377008e+00
1.749999999999984679e+00,4.483738996593901738e-01,2.176312173262492156e+00,2.225474893615344740e+02,5.543114329375778304e+00
1.754999999999984572e+00,4.584140867820656329e-01,1.916589898838513939e+00,-2.006246301247136330e+02,5.106920853589240750e+00
1.759999999999984466e+00,4.684550889995759970e-01,2.062803277883501263e+00,1.747737548682668773e+02,5.416216663258763830e+00
1.764999999999984359e+00,4.781138229982266896e-01,1.866495035514379675e+00,-1.395962384640700407e+02,4.925047143521243953e+00
1.769999999999984253e+00,4.877305957927147717e-01,1.956780933237553199e+00,1.240174127077408031e+02,5.257188071727231460e+00
1.774999999999984146e+00,4.970906998706279278e-01,1.864966556359239247e+00,-3.611295748448674203e+01,4.823429939167155567e+00
1.779999999999984039e+00,5.063241707807915049e-01,1.856548946726475080e+00,6.252024395742621721e+01,5.172506006097069786e+00
1.784999999999983933e+00,5.156120588710904062e-01,1.923020878806120937e+00,1.132299864827287905e+02,4.747365319287131236e+00
1.789999999999983826e+00,5.245710764483625388e-01,1.768727627946032666e+00,-4.697982602544538366e+01,4.998148834798186613e+00
1.794999999999983720e+00,5.339732994028303370e-01,1.947078646120955048e+00,2.290655446653161107e+02,4.677601102819872736e+00
1.799999999999983613e+00,5.425944720346511652e-01,1.687119478037116815e+00,-8.864227845811137740e+01,4.872806086327637232e+00
1.804999999999983507e+00,5.516946965173588069e-01,1.790481258260834707e+00,1.241027432733626199e+02,4.704188490767641895e+00
1.809999999999983400e+00,5.595549839335897113e-01,1.435017392124073643e+00,-8.746661437291736547e+02,4.720067053990069539e+00
1.814999999999983293e+00,5.683377164969640738e-01,1.971050618908191776e+00,7.252416729275500984e+02,4.967899253853463648e+00
1.819999999999983187e+00,5.756979688160003272e-01,1.408479910786675893e+00,-3.156779293449296802e+02,4.486165948416754645e+00
1.824999999999983080e+00,5.836345371967774920e-01,1.441102580107568976e+00,-3.084792071489784462e+02,4.442491767303491379e+00
1.829999999999982974e+00,5.917357374694667271e-01,1.737451496146341423e+00,3.388504988743674176e+02,4.731200212765491742e+00
1.834999999999982867e+00,5.992153015681019879e-01,1.388592973274173081e+00,-2.840403287666815686e+02,3.954130304719496891e+00
1.839999999999982760e+00,6.069695490237088098e-01,1.649179836017544698e+00,2.711653384097780872e+02,4.340728690481157059e+00
1.844999999999982654e+00,6.144994741630882551e-01,1.469360838774850908e+00,-1.552804554395065111e+02,3.740172873076579751e+00
1.849999999999982547e+00,6.222284245353787435e-01,1.613139053690260116e+00,1.627807799308406231e+02,3.904641689368837376e+00
1.854999999999982441e+00,6.299585546750012810e-01,1.432393071252855643e+00,-1.830052043581385135e+02,3.508838011512484645e+00
1.859999999999982334e+00,6.375580527923523366e-01,1.571403653995092409e+00,2.752536471209407409e+02,3.751338500868598214e+00
1.864999999999982228e+00,6.464338919810239670e-01,1.891312454089758566e+00,5.721068509705402221e+02,3.516382872871294474e+00
1.869999999999982121e+00,6.533078636208405898e-01,1.247505309159969045e+00,-3.462887628547816234e+02,2.935387886228564724e+00
1.874999999999982014e+00,6.616764713662003361e-01,1.404990429270943197e+00,-6.318448905977451204e+02,3.345255855342891493e+00
1.879999999999981908e+00,6.697231842782718214e-01,1.734705007750684036e+00,4.708442031311741403e+02,3.375762827044297421e+00
1.884999999999981801e+00,6.767109639410077149e-01,1.328700870551329460e+00,-2.557190367179570671e+02,3.000825652446699188e+00
1.889999999999981695e+00,6.844369161191197204e-01,1.351490588600730236e+00,-6.166474920541505753e+02,2.945117036208023897e+00
1.894999999999981588e+00,6.922022847045063987e-01,1.691379329309051993e+00,5.244606241832992737e+02,3.288995048775309904e+00
1.899999999999981481e+00,6.995577918084553426e-01,1.867685681196166625e+00,3.620420779756802290e+02,2.494689274608896223e+00
1.904999999999981375e+00,7.068394264245752012e-01,1.130594712501706400e+00,-5.886552981067453629e+02,2.231093374875012358e+00
1.909999999999981268e+00,7.145972796110948710e-01,1.413013272969376954e+00,-6.013497053502968583e+02,2.425698403808908665e+00
1.914999999999981162e+00,7.224908479431397801e-01,1.692990666194992055e+00,5.289266976924465098e+02,2.689685394610588975e+00
1.919999999999981055e+00,7.307424367486596850e-01,1.968715403201302561e+00,6.342014125427513136e+02,2.067618069161710981e+00
1.924999999999980949e+00,7.378906664381015279e-01,1.551910006600093483e+00,-4.083931827067812037e+01,1.912946871103805568e+00
1.929999999999980842e+00,7.455290800004985563e-01,1.327635823488055866e+00,-3.997153837628850397e+02,2.192158679559032208e+00
1.934999999999980735e+00,7.524547416586552240e-01,1.554246541793779857e+00,7.308484840842635322e+02,3.164703770461580135e+00
1.939999999999980629e+00,7.606684410703276056e-01,1.703014138570616343e+00,4.580377653083228324e+02,2.921552599768035385e+00
1.944999999999980522e+00,7.668434626780686880e-01,9.252933663491630378e-01,-8.075075994912707529e+02,3.989899035786952819e+00
1.949999999999980416e+00,7.751243639155585008e-01,1.777816058127573262e+00,4.035717619916058538e+02,6.006495723054653624e+00
1.954999999999980309e+00,7.826686212373766827e-01,1.359223683678917993e+00,-5.278308549559408220e+02,6.901895285002002112e+00
1.959999999999980203e+00,7.913815513881099495e-01,1.718218983510065634e+00,-4.490336411191581334e+01,8.702603018135773638e+00
1.964999999999980096e+00,8.025641806120152877e-01,2.573290925376377825e+00,2.110792586329556855e+02,7.716627826570148230e+00
1.969999999999979989e+00,8.182790670634719765e-01,3.488234898085846414e+00,1.073495988219774375e+02,5.580362198586581890e+00
1.974999999999979883e+00,8.352278064938590818e-01,3.336017222083319300e+00,3.019495886062437151e+01,1.849746095408689950e+00
1.979999999999979776e+00,8.493223753587689773e-01,2.497251770526619730e+00,-2.067021166218690951e+02,-5.135110502620943151e-01
1.984999999999979670e+00,8.583828251979340740e-01,1.424944828477368919e+00,-1.221136473936598748e+02,-1.904660314067516014e+00
1.989999999999979563e+00,8.628272685654486684e-01,6.472259282516844570e-01,-1.503274573262095544e+02,-1.893491002778028953e+00
1.994999999999979456e+00,8.652378864776051337e-01,3.989607707336423337e-01,1.065290153015878083e+01,-1.378586050332708535e+00
1.999999999999979350e+00,8.660892284033469002e-01,7.685748788573165680e-02,-1.709297993277625665e+02,-1.484734161672599528e+00
2.004999999999979465e+00,8.656596687227557929e-01,-1.700907401622372694e-01,2.816108114266331341e+01,-1.382008690839879206e+00
2.009999999999979359e+00,8.643729454953010816e-01,-3.041249387989927166e-01,-8.137544810879440149e+01,-1.286313480661207764e+00
2.014999999999979252e+00,8.630700179862021981e-01,-2.264482994328282373e-01,8.464063754476217127e+01,-1.192126289135384098e+00
2.019999999999979146e+00,8.620063993697599791e-01,-1.989362335563880924e-01,-5.500793727920932952e+01,-1.261358519984820958e+00
2.024999999999979039e+00,8.615178254964700466e-01,-3.636767113198218632e-02,9.604303268947754191e+01,-1.241340281556080338e+00
2.029999999999978932e+00,8.615319252110682502e-01,2.331101515926636142e-02,-4.887594358759951518e+01,-1.412997862362483703e+00
2.034999999999978826e+00,8.619190326784558209e-01,1.244505944310488749e-01,9.447673459114643890e+01,-1.519326926325724747e+00
2.039999999999978719e+00,8.625023663657109818e-01,8.663116306677207112e-02,-9.202784584521842248e+01,-1.711130260536354308e+00
2.044999999999978613e+00,8.628057739680488059e-01,2.344641673719586109e-02,-3.919794516810085128e+01,-1.844956187166499451e+00
2.049999999999978506e+00,8.622928479426751336e-01,-1.897734338680461819e-01,-5.362534346611410996e+01,-1.966520046281903467e+00
2.054999999999978400e+00,8.613330089706479065e-01,-2.340079202162530791e-01,-9.939352019223820278e+00,-1.283138702159684730e+00
2.059999999999978293e+00,8.588367671948182736e-01,-7.052649219628789323e-01,-1.470285527043532738e+02,-1.714683756180555463e+00
2.064999999999978186e+00,8.537713657659875555e-01,-1.212475333698868729e+00,-8.984603864414299323e+01,-1.621546258661525464e+00
2.069999999999978080e+00,8.467379675160816577e-01,-1.493369052804282227e+00,7.062629236925292986e+00,-6.959003062902524572e-01
2.074999999999977973e+00,8.381211909536935289e-01,-1.883857131391866169e+00,-1.042587518151950405e+02,-7.894589663054613071e-01
2.079999999999977867e+00,8.272794787680973760e-01,-2.323313751982022612e+00,-4.835705963263293228e+01,-8.302232560399804839e-01
2.084999999999977760e+00,8.150161086480820494e-01,-2.483235971694312205e+00,2.737910067232717992e+01,-9.549649279781968758e-02
2.089999999999977653e+00,8.017251981080278922e-01,-2.770184492457270942e+00,-8.777382733814329185e+01,-2.129836501456312536e-01
2.094999999999977547e+00,7.878764111587643892e-01,-2.779129667302848716e+00,3.342037214642972653e+00,3.083706603889060371e-01
2.099999999999977440e+00,7.736174270488621607e-01,-2.880441690595911375e+00,-2.914660297466560124e+01,3.013121805885390359e-01
2.104999999999977334e+00,7.579312165389053835e-01,-3.277676288028227081e+00,-5.765566917681834980e+01,-5.142507188816440866e-01
2.109999999999977227e+00,7.416986159944343182e-01,-3.222596005265769392e+00,5.478893364208190508e-01,4.696357832027735490e-01
2.114999999999977121e+00,7.259023145655488785e-01,-3.120650929824257958e+00,1.139960594732829868e+01,8.166515402950258462e-01
2.119999999999977014e+00,7.096928278381617883e-01,-3.301038593711815849e+00,-2.589926285498362191e+01,1.127402925955807156e-01
2.124999999999976907e+00,6.934543395156570478e-01,-3.215876597871403675e+00,1.185430972535944427e+01,7.251610395255700947e-01
2.129999999999976801e+00,6.767851314276708274e-01,-3.389370339409746968e+00,-1.643165829870903849e+01,-4.991472060372981190e-03
2.134999999999976694e+00,6.600935119007342866e-01,-3.290566654071647612e+00,2.622484423901536132e+01,5.087869926138999244e-01
2.139999999999976588e+00,6.446147958604487860e-01,-2.963228328426292357e+00,6.241684267584243884e+01,9.707729193262564227e-01
2.144999999999976481e+00,6.291865673253234092e-01,-3.135913785776350604e+00,-1.446917808545640050e+01,-1.761936221729800689e-01
2.149999999999976374e+00,6.139189477789421812e-01,-2.983373151833246695e+00,4.530490774621893024e+01,4.303793098447865617e-01
2.154999999999976268e+00,5.989505365702155748e-01,-2.970804064053381488e+00,2.275358037152615154e+01,3.347431684981911904e-01
2.159999999999976161e+00,5.843729428359892841e-01,-2.849336493068654441e+00,4.868630087314095789e+01,6.887376815997598989e-01
2.164999999999976055e+00,5.691421717256043289e-01,-3.140516983686002739e+00,-3.946338789550524950e+01,-2.383761556695422890e-01
2.169999999999975948e+00,5.530308416506579672e-01,-3.269208977884967560e+00,-2.189426672151878250e+01,2.706266882250598638e-01
2.174999999999975842e+00,5.397284086798088687e-01,-2.387762674416997299e+00,7.916157709392248876e+01,8.759562137218290800e-03
2.179999999999975735e+00,5.288090848516279197e-01,-2.012621679339812175e+00,9.587311891514291062e+01,2.229089892725966138e-02
2.184999999999975628e+00,5.201229124857186248e-01,-1.525300865221109525e+00,1.267476481826471257e+02,-1.157997148928053832e-01
2.189999999999975522e+00,5.142066336980561925e-01,-9.514212721692191232e-01,9.427341971876724358e+01,-6.247625154089462285e-01
2.194999999999975415e+00,5.118281871145536899e-01,-1.808083065352600327e-01,1.385299604271944816e+02,-1.304759757702808942e+00
2.199999999999975309e+00,5.150372155756491876e-01,1.138610076386180836e+00,2.269930901799696414e+02,-1.186796206328041725e+00
2.204999999999975202e+00,5.245685831305421098e-01,1.417724740875277778e+00,-1.131608716639954309e+03,-8.639478034535725826e-01
2.209999999999975095e+00,5.344402539564546695e-01,2.276665901257330482e+00,4.545950994068959403e+02,1.501453671935295775e+00
2.214999999999974989e+00,5.456428756748439302e-01,2.114502974041453598e+00,1.521758208754361021e+02,3.291756403893551397e+00
2.219999999999974882e+00,5.576800963725923044e-01,2.436498422789836749e+00,5.497393792911144601e+02,6.021807311742502833e+00
2.224999999999974776e+00,5.685967913831587728e-01,2.337140844407688878e+00,3.516703851240808945e+02,5.550964870446047250e+00
2.229999999999974669e+00,5.791558378426572284e-01,2.235712622474616662e+00,3.969437496946743522e+02,4.798747141022007945e+00
2.234999999999974563e+00,5.894695413333166378e-01,2.181846187069687470e+00,3.439404305998441487e+02,4.810287855704798332e+00
2.239999999999974456e+00,5.992954376230912317e-01,2.063105396441187178e+00,4.219680051912696968e+02,3.912151151528469928e+00
2.244999999999974349e+00,6.089550731738820888e-01,2.056042697405969122e+00,3.324678031917276257e+02,4.426638077673958449e+00
2.249999999999974243e+00,6.182760463886054492e-01,1.984280638877261360e+00,4.863413960697268976e+02,3.404413069536063041e+00
2.254999999999974136e+00,6.273332086356325776e-01,1.952853037389338686e+00,3.612823470358395070e+02,3.904053639291278799e+00
2.259999999999974030e+00,6.362016675488870732e-01,1.894580966521224541e+00,4.391096929227821875e+02,3.154028772288233196e+00
2.264999999999973923e+00,6.449642982430726645e-01,1.871976786348497290e+00,3.112197581246908840e+02,3.583901250671012839e+00
2.269999999999973817e+00,6.535204076605515278e-01,1.798919291018974409e+00,3.528145226770024010e+02,2.914940730012780978e+00
2.274999999999973710e+00,6.621534567253581915e-01,1.784121955529040626e+00,1.919030917182170981e+02,3.398404162075153057e+00
2.279999999999973603e+00,6.705190749595218991e-01,1.713557380058476465e+00,2.479806411583572867e+02,2.682471181522984693e+00
2.284999999999973497e+00,6.791816705605049354e-01,1.691471952044024007e+00,4.360698556713218466e+01,3.108477510656052711e+00
2.289999999999973390e+00,6.877151567567699741e-01,1.701680019302310942e+00,8.061584889433704859e+01,3.376513869952370239e+00
2.294999999999973284e+00,6.959484823945553122e-01,1.680246528311648113e+00,2.083772706088954862e+02,2.711805250036126491e+00
2.299999999999973177e+00,7.040352349438480095e-01,1.643523188573634330e+00,1.009398315571798150e+02,2.968433090896580140e+00
2.304999999999973070e+00,7.123519360629797514e-01,1.607964587030329628e+00,-4.872953911629872437e+01,3.031655499088394379e+00
2.309999999999972964e+00,7.208834711183393917e-01,1.543015150756699816e+00,-5.360877172489986009e+01,2.139393255329064214e+00
2.314999999999972857e+00,7.296248526229889286e-01,1.683599000897009867e+00,4.969534708796444420e+02,2.577237030461575706e+00
2.319999999999972751e+00,7.365749235519383209e-01,1.588672837608586352e+00,2.312176733530527031e+02,2.448885332971632245e+00
2.324999999999972644e+00,7.437131811583920227e-01,1.524955600914992493e+00,1.791759238469755644e+02,2.524539012630417023e+00
2.329999999999972538e+00,7.514298122139110303e-01,1.235423037953278014e+00,-6.823456202985305481e+02,1.287106012656523246e+00
2.334999999999972431e+00,7.592442508044956462e-01,1.878253796130942455e+00,4.118566476587001262e+02,1.912981450580740539e+00
2.339999999999972324e+00,7.672364542320787573e-01,1.856680074904707878e+00,3.584769848477165510e+02,1.730615237245535232e+00
2.344999999999972218e+00,7.743756360506854897e-01,1.644618091174698815e+00,2.121691135909922252e+02,1.636505290598037510e+00
2.349999999999972111e+00,7.819255188728374550e-01,1.546888650959568290e+00,8.213307033822975711e+01,1.306313355356654382e+00
2.354999999999972005e+00,7.901668692315132470e-01,1.638721232331128208e+00,3.693270950653426326e+02,1.104457839786577189e+00
2.359999999999971898e+00,7.976429116802593589e-01,1.552967564947849821e+00,-1.110095992510413367e+02,-2.798600462533884503e-03
2.364999999999971791e+00,8.062016256904165346e-01,1.807633289981864566e+00,5.083981385214599982e+02,-1.437861040649469624e-01
2.369999999999971685e+00,8.138970128757940792e-01,1.588705538241605320e+00,-4.983171089705728463e+01,-9.704128594693408605e-01
2.374999999999971578e+00,8.227081740494760487e-01,1.917445942009949444e+00,4.559469287002721103e+02,-7.325619418421984719e-01
2.379999999999971472e+00,8.304154360748732255e-01,1.499435544972303580e+00,-2.164761275957508246e+02,-1.146754408808813519e+00
2.384999999999971365e+00,8.388188204970800088e-01,1.844847462183987874e+00,3.144630562016055251e+02,-1.121593664944295465e+00
2.389999999999971259e+00,8.468726642191818366e-01,1.423158790432886844e+00,-3.875785493500012535e+02,-1.391612637123057272e+00
2.394999999999971152e+00,8.550910865426299967e-01,1.764733877050150834e+00,2.505940343724702757e+02,-1.151999102593052271e+00
2.399999999999971045e+00,8.629154030273352705e-01,1.412036958935602771e+00,-3.256211764127687616e+02,-1.642843172432265630e+00
2.404999999999970939e+00,8.707175185144777618e-01,1.638017019096668081e+00,2.414229957493666063e+02,-1.485340084395851523e+00
2.409999999999970832e+00,8.780705778143534923e-01,1.378434105730929948e+00,-1.898801330682052821e+02,-1.645362561880062913e+00
2.414999999999970726e+00,8.852314172832620454e-01,1.436893291767151304e+00,1.254172563652747527e+02,-1.998505114833136087e+00
2.419999999999970619e+00,8.914456668972791098e-01,1.149118461472530717e+00,-8.427490969175107693e+01,-1.886438370460368663e+00
2.424999999999970512e+00,8.968482830262410888e-01,9.775223942805244537e-01,-2.524496784362396795e+01,-2.244188051123218841e+00
2.429999999999970406e+00,9.013968958780520513e-01,8.531334311560369033e-01,-6.094717219186750157e+01,-2.822040812866195125e+00
2.434999999999970299e+00,9.056057972041389181e-01,8.196609829347347720e-01,1.080811622233404634e+01,-3.300594002811731542e+00
2.439999999999970193e+00,9.091373442467197696e-01,6.586794001074715021e-01,-2.257766285033858011e+01,-4.007553720965440824e+00
2.444999999999970086e+00,9.120803874205606343e-01,5.738330340513043692e-01,1.197952778157276477e+01,-4.195537328592267023e+00
2.449999999999969980e+00,9.144498959082398848e-01,4.413323884511773376e-01,-9.701345084692562182e+00,-4.517934762247090674e+00
2.454999999999969873e+00,9.162654873988707038e-01,3.500185818250048930e-01,4.204296539217400763e+00,-4.609305496741338715e+00
2.459999999999969766e+00,9.175410370738377175e-01,2.100173960077715563e-01,-3.744264045011914988e+01,-4.770985763743151864e+00
2.464999999999969660e+00,9.179852061148037201e-01,-1.718956810219019696e-03,-5.288507482839162321e+01,-4.966952273082823943e+00
2.469999999999969553e+00,9.163792394649014073e-01,-5.864568590340049070e-01,-1.344196136883716122e+02,-4.708961619328092318e+00
2.474999999999969447e+00,9.108449061321787221e-01,-1.476875545103366605e+00,-2.170679442020436909e+02,-4.174503956528341497e+00
2.479999999999969340e+00,9.004731794411580115e-01,-2.498909282479426786e+00,-2.382463671778729406e+02,-3.390448812902703501e+00
2.484999999999969233e+00,8.852013418195023853e-01,-3.451137866752768790e+00,-2.200022254059456941e+02,-2.338153949056578806e+00
2.489999999999969127e+00,8.656778956340777098e-01,-4.209952889826948486e+00,-1.531560076555835224e+02,-1.260230714713576727e+00
2.494999999999969020e+00,8.424600668004479376e-01,-4.893644375312599770e+00,-1.341742256832599764e+02,-6.195779581556735138e-01
2.499999999999968914e+00,8.162338390440261326e-01,-5.439674692681889745e+00,-8.331256328598455241e+01,-1.676796014775434607e-01
2.504999999999968807e+00,7.873727363188874895e-01,-5.930756298438240037e+00,-5.423134397241634730e+01,-1.009806812988984781e-01
2.509999999999968701e+00,7.562951350662605599e-01,-6.327137736571766702e+00,-2.653149329984264071e+01,8.603498229716155521e-02
2.514999999999968594e+00,7.237132779504062974e-01,-6.599688609410289786e+00,-5.419407313443689844e+01,4.800643796410053454e-01
2.519999999999968487e+00,6.909138989846260737e-01,-6.528868835754477296e+00,1.475721023399088594e+01,1.323640278412560711e+00
2.524999999999968381e+00,6.592432940217241022e-01,-6.184429938861479847e+00,7.681274294015273085e+01,1.816445642601196564e+00
2.529999999999968274e+00,6.291120963533791688e-01,-5.896985391581494262e+00,6.446273186152512835e+01,1.577515805819056371e+00
2.534999999999968168e+00,6.000995808558297062e-01,-5.713712219138874282e+00,4.749574486609563451e+01,1.333312257129540601e+00
2.539999999999968061e+00,5.731505858457590641e-01,-5.150906371640354919e+00,1.301267092589759500e+02,2.182618182388193162e+00
2.544999999999967955e+00,5.490220955469666819e-01,-4.589756386408308408e+00,1.205548049490574698e+02,1.864824492453101445e+00
2.549999999999967848e+00,5.272208984575105228e-01,-4.183587185333093927e+00,9.602828431375117191e+01,1.439867752450691540e+00
2.554999999999967741e+00,5.081909997974790594e-01,-3.543445694212080443e+00,1.402576626150932100e+02,2.127802406865946683e+00
2.559999999999967635e+00,4.914553379218591367e-01,-3.212313025051933391e+00,6.183870164352774879e+01,1.548797424034123349e+00
2.564999999999967528e+00,4.755724916333170516e-01,-3.111923506606671719e+00,5.018649825789182728e+01,9.435277259028373997e-01
2.569999999999967422e+00,4.606636309024825238e-01,-2.866404758859465218e+00,8.013877984043907077e+01,1.299375989834291145e+00
2.574999999999967315e+00,4.477194437976838581e-01,-2.325678161853533155e+00,5.220866424101481584e+01,4.309456096017487692e-01
2.579999999999967208e+00,4.373734825685643979e-01,-1.892668257869538406e+00,1.065788933393543800e+02,7.355993459713642268e-01
2.584999999999967102e+00,4.291694948095476914e-01,-1.479469989037309086e+00,6.468649434670726350e+01,-1.619339240839406946e-01
2.589999999999966995e+00,4.238763457382406230e-01,-7.918171128749624810e-01,1.297115134822251434e+02,2.664822489071821954e-02
2.594999999999966889e+00,4.218782486834550260e-01,-1.616311612181491053e-01,1.033201583209871472e+02,-9.011191990278568653e-01
2.599999999999966782e+00,4.237777293047068627e-01,7.089889760307575006e-01,1.642828432336463607e+02,-5.609452402085948197e-01
2.604999999999966676e+00,4.297123397777293796e-01,1.472992807868098497e+00,1.276590532446041379e+02,-1.550142061026763773e+00
2.609999999999966569e+00,4.390774188417321255e-01,1.436370072947337206e+00,-8.547718253882788986e+02,-1.131284798197818242e+00
2.614999999999966462e+00,4.489125315343996392e-01,1.580803164134672478e+00,-8.361898463199690923e+02,-1.049583410265312544e+00
2.619999999999966356e+00,4.594721825785964553e-01,2.165335187277185103e+00,3.572177208473397059e+02,4.352054682355297466e-01
2.624999999999966249e+00,4.697343809658750535e-01,1.594958424406215380e+00,-8.273993021228728821e+02,1.415189874922690105e+00
2.629999999999966143e+00,4.807415740951734295e-01,2.467932528166291384e+00,3.275603661494398580e+02,3.009895842299322055e+00
2.634999999999966036e+00,4.917388039189792281e-01,2.195174045025813925e+00,1.221017016302210578e+02,3.703297625470074017e+00
2.639999999999965929e+00,5.037223014209133432e-01,2.374364105020829729e+00,7.621374901664131585e+01,5.899949345680744806e+00
2.644999999999965823e+00,5.150173450241253281e-01,2.268060714575127257e+00,-9.405022123105170806e+01,5.457922634980484133e+00
2.649999999999965716e+00,5.265437975122089220e-01,2.276165472916277910e+00,2.421624852972084696e+01,5.351906650529624443e+00
2.654999999999965610e+00,5.377206084005144993e-01,2.092432092251242715e+00,-1.649079531799767437e+02,4.700272422102091952e+00
2.659999999999965503e+00,5.492811700537618691e-01,2.618321448246097027e+00,4.851265979560428150e+02,4.930269057560494161e+00
2.664999999999965397e+00,5.602802909571240608e-01,2.775944640309360611e+00,7.071238601495095963e+02,3.832293549611310191e+00
2.669999999999965290e+00,5.704328577498890551e-01,1.642756440645858573e+00,-6.397400320886799818e+02,4.008075063798145266e+00
2.674999999999965183e+00,5.799004460375337677e-01,2.095314019025189101e+00,2.695951114379555520e+02,4.928908864817371338e+00
2.679999999999965077e+00,5.901416512292120276e-01,1.994599407227759080e+00,-2.443382239082515639e+02,4.403623758402890331e+00
2.684999999999964970e+00,5.997096552703385930e-01,1.887445650310267675e+00,-1.324683859785901632e+02,4.030168421278495394e+00
2.689999999999964864e+00,6.094245743489501432e-01,1.823136609111080109e+00,-6.563261858549920191e+01,3.814939498276521235e+00
2.694999999999964757e+00,6.191802584469374704e-01,1.991119127293133229e+00,3.555402137063149439e+02,3.753608431426690650e+00
2.699999999999964650e+00,6.285579150992732789e-01,2.088718741444342886e+00,5.562995351327900835e+02,3.431527340078272204e+00
2.704999999999964544e+00,6.367336830198550013e-01,2.040233193885392371e+00,3.416683466916601901e+02,3.857443474322195698e+00
2.709999999999964437e+00,6.453318404665486785e-01,1.962563661712881435e+00,2.913292213938466944e+02,3.331093912071303897e+00
2.714999999999964331e+00,6.537412408989772272e-01,1.827788485694700871e+00,1.945551502271427182e+02,3.201386281582402127e+00
2.719999999999964224e+00,6.620200880032074409e-01,1.669612492634069856e+00,5.362963018113923397e+01,3.025614122293581065e+00
2.724999999999964118e+00,6.702960372171855585e-01,1.593318042341922869e+00,-3.614818261584933623e+01,3.634870477535499411e+00
2.729999999999964011e+00,6.786427785354591791e-01,1.465979427996288775e+00,-1.626635980744641756e+02,3.119652470340582351e+00
2.734999999999963904e+00,6.869144248259579921e-01,1.440826023812266321e+00,-1.430348507157945619e+02,2.884074404225587251e+00
2.739999999999963798e+00,6.949684532802983261e-01,1.444425934090220132e+00,-1.183875978149810209e+02,3.325811723318914837e+00
2.744999999999963691e+00,7.035711605719167094e-01,1.865480389865377342e+00,5.129939739117647832e+02,2.966920511973399233e+00
2.749999999999963585e+00,7.101898611577028841e-01,1.648024870883132653e+00,2.395375721160001490e+02,2.957875929819667071e+00
2.754999999999963478e+00,7.177747248183298234e-01,1.345141769251154917e+00,-1.797338730855305755e+02,2.868184955596436936e+00
2.759999999999963372e+00,7.252003407132787682e-01,1.413132738919667064e+00,2.517873940620568973e+01,2.665248539447524934e+00
2.764999999999963265e+00,7.332318080397243198e-01,1.371900910843889099e+00,-3.250199345629417849e+02,2.980283494090150143e+00
2.769999999999963158e+00,7.411019967202285841e-01,1.395150990519062439e+00,9.573122713823964602e+01,2.512421912469100960e+00
2.774999999999963052e+00,7.482831921715429324e-01,1.367351474293369229e+00,1.458664449037628685e+02,2.955028427929000223e+00
2.779999999999962945e+00,7.552917215647374505e-01,1.393256575381380591e+00,-4.224311899597632447e+01,2.258552353491576792e+00
2.784999999999962839e+00,7.627365555672183106e-01,1.915786572264046139e+00,5.671077787790183038e+02,1.983568344007589079e+00
2.789999999999962732e+00,7.693127919061452102e-01,1.444749680325235319e+00,1.125455576884107245e+02,1.868717763257719655e+00
2.794999999999962625e+00,7.765631567379593925e-01,1.120912329230519422e+00,-3.185076499374264358e+02,1.382206012460489131e+00
2.799999999999962519e+00,7.838426305195251853e-01,1.271712930436739608e+00,-1.476522892664908113e+02,1.601975843081985262e+00
2.804999999999962412e+00,7.912508706337284536e-01,1.542612280425658344e+00,1.899438382457645673e+02,1.837857936128413083e-01
2.809999999999962306e+00,7.982587008137221884e-01,1.411784828990885199e+00,7.936164189807475111e+01,-1.338036399884034999e-01
2.814999999999962199e+00,8.056703599907907298e-01,1.713784607483284539e+00,4.692870847481271426e+02,-5.124846037361396878e-01
2.819999999999962093e+00,8.120109577071117357e-01,1.164807981518186875e+00,-2.895615800853569226e+02,-1.225174463544306702e+00
2.824999999999961986e+00,8.193517056018648770e-01,1.661749260262052941e+00,3.684695772132709521e+02,-3.958831348183855514e-01
2.829999999999961879e+00,8.255547295706892053e-01,1.308533653099183791e+00,-2.521025110891535093e+01,-1.299858353792412213e+00
2.834999999999961773e+00,8.325619279067969503e-01,1.512974373966693431e+00,3.837667724784690222e+02,-8.499286441895750333e-01
2.839999999999961666e+00,8.388514987401317624e-01,1.211542188817128496e+00,-2.385701960364335150e+02,-1.567177462357938200e+00
2.844999999999961560e+00,8.455367397196071888e-01,1.415980495800115202e+00,2.845101260795497637e+02,-1.802410410212896608e+00
2.849999999999961453e+00,8.517567128654118802e-01,1.069384034792135729e+00,-3.678224619312587720e+02,-2.365589358546790422e+00
2.854999999999961346e+00,8.580212955984796164e-01,1.376063855174140649e+00,2.489501989616795754e+02,-2.460161268383012079e+00
2.859999999999961240e+00,8.637950703663556107e-01,1.085066804530293139e+00,-1.999855831535806203e+02,-3.318612735190403562e+00
2.864999999999961133e+00,8.695318194691380453e-01,1.140205672482605515e+00,4.981561998927172397e+01,-4.039710100718563623e+00
2.869999999999961027e+00,8.738514260423492219e-01,7.220070658094613902e-01,-6.010034709406362907e+01,-4.654873021343543193e+00
2.874999999999960920e+00,8.753609132761405176e-01,1.207522672210851883e-01,-1.693596980843758786e+02,-4.867258087088269569e+00
2.879999999999960814e+00,8.755278912967752181e-01,-3.569495403909955095e-02,-2.979015482999070485e+01,-4.127679772228489696e+00
2.884999999999960707e+00,8.744567314003337533e-01,-3.384604108249212873e-01,-5.779407449803676400e+01,-4.789249744064844272e+00
2.889999999999960600e+00,8.717215136023900302e-01,-6.766940427351421095e-01,-6.250964632642189400e+01,-4.903742627898364681e+00
2.894999999999960494e+00,8.681825585939891843e-01,-7.131880861368666835e-01,1.565003955111301970e+01,-3.981822206743654391e+00
2.899999999999960387e+00,8.638234579952460690e-01,-9.727769768707174025e-01,-7.641825817002533938e+01,-4.293595344752112020e+00
2.904999999999960281e+00,8.582583977726609969e-01,-1.207319428588943477e+00,-3.704176083215457993e+01,-4.108669151104160200e+00
2.909999999999960174e+00,8.519090422809921792e-01,-1.278961322136766610e+00,2.514689508199705159e+01,-3.279414402188598476e+00
2.914999999999960067e+00,8.447881490454715037e-01,-1.513933968141613962e+00,-4.534268505347716172e+01,-3.513465252405029382e+00
2.919999999999959961e+00,8.372462962270970088e-01,-1.498574154640681222e+00,1.270387667181876168e+01,-2.514294508516970339e+00
2.924999999999959854e+00,8.288747627324939415e-01,-1.778141060182823141e+00,-4.133451457030771792e+01,-3.078640471298995873e+00
2.929999999999959748e+00,8.197318286307069268e-01,-1.848445414577895463e+00,-4.262946072417831189e+00,-2.136603080928941356e+00
2.934999999999959641e+00,8.093937158531763210e-01,-2.202829573614796033e+00,-5.903283588917964408e+01,-2.693585147902274102e+00
2.939999999999959535e+00,7.978743911540100431e-01,-2.382909203112092200e+00,-6.006406912150371369e+01,-1.797777017411494649e+00
2.944999999999959428e+00,7.847841716242062171e-01,-2.779371086133717750e+00,-8.259581059550706073e+01,-2.399827380363180218e+00
2.949999999999959321e+00,7.700445348051785377e-01,-3.046189386991456249e+00,-3.738075591282326826e+01,-2.007771972091433987e+00
2.954999999999959215e+00,7.538254283483946105e-01,-3.333073175028244517e+00,-2.892746360567066333e+01,-1.810128098092984805e+00
2.959999999999959108e+00,7.361324831845371675e-01,-3.644836236712357014e+00,-5.370954299945995558e+01,-1.388238850627183441e+00
2.964999999999959002e+00,7.159381091646955797e-01,-4.266943496300770633e+00,-9.633622037933433546e+01,-1.634164273699792336e+00
2.969999999999958895e+00,6.940231914481276299e-01,-4.455737483923313924e+00,-4.329518055621799277e+01,-1.237550894017285241e+00
2.974999999999958789e+00,6.725768062735968389e-01,-4.168536428213617917e+00,6.816878255112010265e+01,-1.232047953809104701e+00
2.979999999999958682e+00,6.534937783199979977e-01,-3.560289221975806662e+00,1.464379081015510735e+02,-1.121220519854434938e+00
2.984999999999958575e+00,6.381311703362153587e-01,-2.733414681532818413e+00,1.882597628908186209e+02,-1.433094541055471405e+00
2.989999999999958469e+00,6.283578828737726996e-01,-1.460912581506642161e+00,2.352949072343398882e+02,-2.118637894845639469e+00
2.994999999999958362e+00,6.265949381656298334e-01,3.452178954176072234e-01,3.288276964213112024e+02,-2.038966864527659517e+00
2.999999999999958256e+00,6.347557433148165451e-01,2.412265208775904224e+00,3.941535890724570095e+02,-2.229520752470626643e+00
3.004999999999958149e+00,6.432893559491688062e-01,1.400899317671567834e+00,-9.614424211241882858e+02,-2.102213369956649203e+00
3.009999999999958042e+00,6.535582553873144906e-01,2.372857645422594697e+00,3.331138941536384550e+02,2.705486123379578167e+00
3.014999999999957936e+00,6.644352239376323244e-01,2.256201964711209929e+00,3.392473041277629164e+01,3.710589248661392503e+00
3.019999999999957829e+00,6.760717298170209055e-01,2.244649223606807631e+00,-3.435720391126690743e+01,4.306862269954613964e+00
3.024999999999957723e+00,6.871387584543533489e-01,2.144953485042348618e+00,-2.176571951410595602e+02,3.839341667566981364e+00
3.029999999999957616e+00,6.977803367667457790e-01,2.068893260903259090e+00,1.136057087408142081e+02,3.048572291209244334e+00
3.034999999999957510e+00,7.079932033328065755e-01,1.971341393979515022e+00,-1.427290583057454931e+01,2.578285573820332743e+00
3.039999999999957403e+00,7.179052303431565640e-01,1.920835203318963957e+00,-1.616910917541183323e+02,2.187408545454201381e+00
3.044999999999957296e+00,7.275933000340787382e-01,1.845485487363859978e+00,-3.355939580657175156e+02,1.916409851471635672e+00
3.049999999999957190e+00,7.367293464348412257e-01,1.733826907180432864e+00,-2.434941655963619098e+02,1.686728964905156447e+00
3.054999999999957083e+00,7.455373564680189968e-01,1.676130647245014149e+00,-2.024070364653329648e+02,1.513800246141904449e+00
3.059999999999956977e+00,7.539972072157512528e-01,1.657454457224492028e+00,1.078151501495526610e+01,2.136555600600106075e+00
3.064999999999956870e+00,7.622642114920280543e-01,1.605711152459012636e+00,-8.192581202918925953e+01,1.621038622155523079e+00
3.069999999999956763e+00,7.702379937342126448e-01,1.511188331165004506e+00,-1.256176463506033798e+02,1.289727806914172437e+00
3.074999999999956657e+00,7.780781407144304884e-01,1.510103904021795618e+00,-9.201243011432808316e+01,1.413514547285793732e+00
3.079999999999956550e+00,7.858019827954175751e-01,1.512432568221818929e+00,-8.475750077072019906e+01,1.652295197607404731e+00
3.084999999999956444e+00,7.935584126331356458e-01,1.479264365801111536e+00,-3.345647534127015774e+02,1.101215932811058007e+00
3.089999999999956337e+00,8.014382500255845532e-01,1.459636905147190467e+00,-6.204800826078662794e+02,6.118173788400496083e-01
3.094999999999956231e+00,8.089422904341661003e-01,1.456479499129686994e+00,-2.802525698293594587e+02,1.239859828054171054e+00
3.099999999999956124e+00,8.166154232039650740e-01,1.416681437955324752e+00,-6.616346614157469048e+02,6.168670041966684003e-01
3.104999999999956017e+00,8.242223136700381758e-01,1.318845752073870115e+00,-9.110627501553177581e+02,2.868237997998521749e-01
3.109999999999955911e+00,8.309696669696401417e-01,1.311612819041080735e+00,5.148605640816042239e+01,1.135749844419832177e+00
3.114999999999955804e+00,8.377274822522032816e-01,1.227670238386692869e+00,-3.137639535046467358e+02,7.457462781435654220e-01
3.119999999999955698e+00,8.442483941501214284e-01,1.314294740149877017e+00,4.041315326042455247e+00,7.409191596097165489e-01
3.124999999999955591e+00,8.514881252005120915e-01,2.099920026848162813e+00,8.708572372345264512e+02,1.061333633331448034e+00
3.129999999999955484e+00,8.585358536002820617e-01,2.026189688161922131e+00,8.730145715996211493e+02,1.896329484019504408e-01
3.134999999999955378e+00,8.638933067203774518e-01,4.348565555291758478e-01,-9.591480254105921404e+02,-2.647280905067730394e-01
3.139999999999955271e+00,8.704623629635431792e-01,1.523267685703026286e+00,3.331387175945554304e+02,1.236091646146888046e+00
3.144999999999955165e+00,8.765235431682668610e-01,1.242437925472976712e+00,4.995833777501770356e+01,-1.032809736834869874e-01
3.149999999999955058e+00,8.829817590646557024e-01,1.068716607781025729e+00,-1.834132433201535264e+02,-4.582618955330475252e-01
3.154999999999954952e+00,8.895556496014402903e-01,1.322070376312296736e+00,1.486386472715796856e+02,-8.115012176805688204e-01
3.159999999999954845e+00,8.959688491997707116e-01,1.461014598948034093e+00,3.323785902352983044e+02,-1.924185050067927616e+00
3.164999999999954738e+00,9.015571594940529065e-01,1.271324830448034016e+00,2.201557638435758975e+02,-2.545508357035224822e+00
3.169999999999954632e+00,9.074383688899363420e-01,1.372452380094029811e+00,5.230878884610683599e+02,-2.185084697872754944e+00
3.174999999999954525e+00,9.123784952721110120e-01,9.417235568811379576e-01,-2.516573103546212451e+02,-2.962231420756947564e+00
3.179999999999954419e+00,9.180860787548059676e-01,1.297318195777385386e+00,4.173489287684828923e+02,-2.760225483021617521e+00
3.184999999999954312e+00,9.231322001022624901e-01,8.551638517012247753e-01,-3.882543414647806230e+02,-2.908940864515193070e+00
3.189999999999954206e+00,9.284759827333314286e-01,1.205264090016660683e+00,3.947451433073158000e+02,-2.965562884325762205e+00
3.194999999999954099e+00,9.330783146937843275e-01,7.712386779283999516e-01,-3.320235820443617740e+02,-3.447236935856531126e+00
3.199999999999953992e+00,9.379379877984208580e-01,1.106409654754137772e+00,3.502128352193186629e+02,-3.037768245690566360e+00
3.204999999999953886e+00,9.419730282522627007e-01,6.793079713816059240e-01,-3.013909333873036758e+02,-4.115437279065350396e+00
3.209999999999953779e+00,9.460055718432179850e-01,8.657451549068564400e-01,1.953473098749053634e+02,-3.992631773055205890e+00
3.214999999999953673e+00,9.495130331597926299e-01,6.132700477328743016e-01,-1.801077248829772941e+02,-4.894174398168401829e+00
3.219999999999953566e+00,9.529183635918955231e-01,6.498948851044682451e-01,6.451523208912684026e+01,-5.028052123686702402e+00
3.224999999999953459e+00,9.560532654498191674e-01,6.168087360504971306e-01,-8.338742766825482988e+00,-5.488925779318118536e+00
3.229999999999953353e+00,9.567888834742488413e-01,-1.427027713482832694e-01,-1.072707000452802504e+02,-5.009892739516268456e+00
3.234999999999953246e+00,9.559014306942559269e-01,-3.084251264928855041e-01,-5.045163154986131815e+01,-4.838055808604140751e+00
3.239999999999953140e+00,9.537533645668095916e-01,-5.186265921933865819e-01,-3.256394627472482028e+01,-4.966724936469656626e+00
3.244999999999953033e+00,9.505831874537832293e-01,-7.295326008335073498e-01,-5.408256267702867603e+01,-5.056174572141799217e+00
3.249999999999952927e+00,9.464039890173865377e-01,-9.477246341365959115e-01,-8.569863978468207222e+01,-5.158651224893631593e+00
3.254999999999952820e+00,9.417740538353357449e-01,-9.642135906923732236e-01,-3.892622949059271775e+01,-4.441799773529417905e+00
3.259999999999952713e+00,9.370499205179761981e-01,-9.419921674091413788e-01,1.267316201592086466e+00,-4.235016113103651669e+00
3.264999999999952607e+00,9.322125516498439568e-01,-9.853120784424177492e-01,-4.048640452034800497e+00,-4.204712094889438312e+00
3.269999999999952500e+00,9.269412227115910730e-01,-1.114159916857645927e+00,-4.896766671641528035e+01,-4.421601646933959628e+00
3.274999999999952394e+00,9.210076643597238100e-01,-1.245267823308127353e+00,-2.535688699525509548e+01,-4.275134268229025203e+00
3.279999999999952287e+00,9.150250305648709448e-01,-1.160187858639637026e+00,3.288085266165703757e+01,-3.554194742849856148e+00
3.284999999999952180e+00,9.090781450757680071e-01,-1.211760558886710637e+00,-1.301017158264586371e+01,-3.840196894995768329e+00
3.289999999999952074e+00,9.027160855401895612e-01,-1.307160386786570871e+00,-9.780037606391790206e+00,-3.805434835131418225e+00
3.294999999999951967e+00,8.965724955404353880e-01,-1.173710479614104463e+00,4.233826913358773680e+01,-2.977595128908379074e+00
3.299999999999951861e+00,8.905872954407978437e-01,-1.229393063193084279e+00,-2.328779003501301759e+01,-3.361908989897770539e+00
3.304999999999951754e+00,8.839453618148702674e-01,-1.389496943924825700e+00,-1.817000364747603314e+01,-3.569122094469089568e+00
3.309999999999951648e+00,8.772280362031147360e-01,-1.304642036476355349e+00,3.848975173954706008e+01,-2.585868700449890145e+00
3.314999999999951541e+00,8.704483647228248300e-01,-1.412712345862817243e+00,-6.973394377995255411e+01,-2.941984368789318793e+00
3.319999999999951434e+00,8.629041198739885177e-01,-1.585233958300266588e+00,-3.484275172457467562e+01,-2.791391782386838827e+00
3.324999999999951328e+00,8.549901469076074401e-01,-1.590872195206975759e+00,-3.510180747705111060e+01,-2.016991526238486543e+00
3.329999999999951221e+00,8.461996459788125868e-01,-1.861098679643521603e+00,-3.948137580194483576e+01,-2.458687240121174344e+00
3.334999999999951115e+00,8.368199399460727328e-01,-1.868112418640472727e+00,-1.096004616309402735e+01,-1.505439490105042299e+00
3.339999999999951008e+00,8.265352326128566629e-01,-2.165175755978963501e+00,-3.830321054537948555e+01,-2.089392532221606924e+00
3.344999999999950901e+00,8.152477468353519496e-01,-2.316947021709423904e+00,-2.577178922218624280e+01,-1.228125920120140435e+00
3.349999999999950795e+00,8.021519465301826246e-01,-2.818055827962910875e+00,-9.864227424197788707e+01,-2.298024553452827412e+00
3.354999999999950688e+00,7.867945510485881977e-01,-3.227586912376070316e+00,-8.170191084472904208e+01,-1.809835571360359108e+00
3.359999999999950582e+00,7.690119575825372644e-01,-3.760073866726475256e+00,-9.433225672814668883e+01,-1.421620505566723702e+00
3.364999999999950475e+00,7.487445045567977520e-01,-4.243995018953348186e+00,-8.297697578851905575e+01,-1.767344678094815436e+00
3.369999999999950369e+00,7.269572387372503774e-01,-4.410461092052342380e+00,-1.657846380884659609e+01,-1.317796538086281721e+00
3.374999999999950262e+00,7.055683787448109312e-01,-4.174639063881499190e+00,6.726634972424049863e+01,-1.129405137045810026e+00
3.379999999999950155e+00,6.863914570880836896e-01,-3.581008792631368287e+00,1.421745180871189120e+02,-1.288284733017490913e+00
3.384999999999950049e+00,6.709029777839388142e-01,-2.767382140906549548e+00,1.597467606500876798e+02,-1.699131690660269811e+00
3.389999999999949942e+00,6.610026640367415718e-01,-1.483763993112598101e+00,2.392090664812365333e+02,-2.419948447984407558e+00
3.394999999999949836e+00,6.594544857204678312e-01,4.286770870965729285e-01,3.546649965934070110e+02,-2.384819107025250240e+00
3.399999999999949729e+00,6.667401102663220724e-01,1.184163113040246795e+00,-8.986085434146955322e+02,-2.504572553759493836e+00
3.404999999999949623e+00,6.748706305490342894e-01,1.737546028173274415e+00,2.671046990410352464e+02,-1.873618326980079241e+00
3.409999999999949516e+00,6.842086243971132742e-01,2.003821245494731951e+00,5.344149292535737459e+02,1.135088176095246482e+00
3.414999999999949409e+00,6.945938180765152126e-01,2.124123786171105532e+00,2.211350658371197397e+01,3.756491280991372417e+00
3.419999999999949303e+00,7.050322780161940583e-01,2.067628168022565660e+00,-2.090617011699136540e+01,4.627732322071035576e+00
3.424999999999949196e+00,7.155234216259354074e-01,2.161292846471577711e+00,8.746672081027421086e+01,4.191376728253009887e+00
3.429999999999949090e+00,7.258012118123640111e-01,2.070176887205274596e+00,5.741051021922427822e+01,3.112242852970049878e+00
3.434999999999948983e+00,7.356858469107513399e-01,1.816118352799030999e+00,-2.342468952717006232e+02,2.628518677542117210e+00
3.439999999999948876e+00,7.454669838799036219e-01,2.016063270715094280e+00,1.271860925126161987e+02,2.767205972204673348e+00
3.444999999999948770e+00,7.547898732996107807e-01,1.716862401445922837e+00,-2.221591842366830463e+02,2.107828373424377233e+00
3.449999999999948663e+00,7.639532813045889492e-01,1.897047610595032907e+00,1.358791201560496233e+02,2.299512854095369541e+00
3.454999999999948557e+00,7.732962087016717057e-01,1.379685346022453185e+00,-7.051758516899241158e+02,1.613143018362241277e+00
3.459999999999948450e+00,7.813692236820977133e-01,1.663182192378436008e+00,-1.228391168675179301e+02,1.701993468843086443e+00
3.464999999999948344e+00,7.897844014314330252e-01,1.511718926932246632e+00,-3.860558025986821917e+02,1.103603132714908730e+00
3.469999999999948237e+00,7.977004689150134498e-01,1.722965494619188576e+00,3.474323682298166887e+02,2.072211550452077056e+00
3.474999999999948130e+00,8.065533054402873603e-01,1.539746062696973450e+00,-9.452782555052414182e+02,7.263360814715247304e-01
3.479999999999948024e+00,8.142091149023349406e-01,1.509781047296414824e+00,2.109209508483254467e+02,9.807029958932064195e-01
3.484999999999947917e+00,8.217209031205967573e-01,1.453886032914554871e+00,1.618249663527507209e+01,6.479328334576798243e-01
3.489999999999947811e+00,8.289448865485334883e-01,1.445575041788917492e+00,1.988336791623968054e+02,1.344337502603181189e+00
3.494999999999947704e+00,8.364092527731024074e-01,1.430534700598342646e+00,-2.491372466873590099e+02,6.421174011693918660e-01
3.499999999999947597e+00,8.437710704961415287e-01,1.147479139905890122e+00,-8.581054026303412456e+02,2.073010115631637174e-01
3.504999999999947491e+00,8.500407110743921635e-01,1.631352600482621096e+00,9.811894512401620432e+02,1.457137729998614128e+00
3.509999999999947384e+00,8.573996112354981269e-01,1.173430763120930420e+00,-1.051187080095599867e+03,-5.034091794273498621e-02
3.514999999999947278e+00,8.634677716112957313e-01,1.362313847720872051e+00,9.062944075439775133e+02,7.818234980725700112e-01
3.519999999999947171e+00,8.706892117977987899e-01,1.327383578844248957e+00,-7.693126745094951957e+02,3.890343349383673655e-02
3.524999999999947065e+00,8.777774699681866188e-01,1.124796827985440117e+00,-1.102953867167117096e+03,-2.627286533553903070e-01
3.529999999999946958e+00,8.835764460697940192e-01,1.427129155408019656e+00,8.329870751855530671e+02,3.017712373229420320e-01
3.534999999999946851e+00,8.899744584178402862e-01,1.009188684046066653e+00,-4.751383822421120726e+02,-8.437226393483554521e-02
3.539999999999946745e+00,8.952303309167323198e-01,1.383792187681589514e+00,3.094313248111687926e+02,2.831479405335083355e-01
3.544999999999946638e+00,9.006006211045876064e-01,5.501429192802079760e-01,-6.724495687534609942e+02,-3.222945049045090604e-01
3.549999999999946532e+00,9.061215806404775419e-01,9.798871347552345901e-01,-2.309067315730181917e+02,6.431836338596300662e-01
3.554999999999946425e+00,9.126651615277503460e-01,1.223162853067513156e+00,5.763413797772639668e+01,-5.827599321135726873e-01
3.559999999999946318e+00,9.188773381730203083e-01,1.187574422658414397e+00,3.619744221668049278e+01,-1.507570622901276636e+00
3.564999999999946212e+00,9.255377727391101983e-01,1.532178187370254463e+00,4.785915022129085514e+02,-1.733505406933006920e+00
3.569999999999946105e+00,9.304408961398853428e-01,1.221627422589488310e+00,1.155115646092949504e+02,-2.725569010902615386e+00
3.574999999999945999e+00,9.365782708633544340e-01,1.494861820901038252e+00,5.522199058986581122e+02,-3.022323868802494928e+00
3.579999999999945892e+00,9.414595057435014569e-01,8.311197589451143619e-01,-4.068155641467291730e+02,-3.057095204238835962e+00
3.584999999999945786e+00,9.470528881693983658e-01,1.321408465535590437e+00,4.846605410466830790e+02,-3.054055999651462461e+00
3.589999999999945679e+00,9.518439939399333527e-01,7.581706951912634551e-01,-4.396916489737763527e+02,-3.736779912929905745e+00
3.594999999999945572e+00,9.571288218387689062e-01,1.268604439071306045e+00,4.551301011745265441e+02,-2.969652678217723718e+00
3.599999999999945466e+00,9.615890657291408239e-01,7.455318568218373132e-01,-3.361544874431686480e+02,-3.795053544509822796e+00
3.604999999999945359e+00,9.663062107373298071e-01,1.074300787705808613e+00,3.616293528938808208e+02,-3.644693293859972094e+00
3.609999999999945253e+00,9.703972337403226067e-01,6.375986317777357915e-01,-4.106585452731906116e+02,-3.986694577382680293e+00
3.614999999999945146e+00,9.744941944571385850e-01,9.363561756216339793e-01,3.302101828405358788e+02,-4.295635483003241717e+00
3.619999999999945040e+00,9.778548532743188693e-01,5.653205189452019663e-01,-2.413171432065806528e+02,-4.921081001756351547e+00
3.624999999999944933e+00,9.811994473826394225e-01,7.312464095610673454e-01,2.051357711412380809e+02,-5.102602961165954909e+00
3.629999999999944826e+00,9.840683154212632733e-01,4.787608992679414643e-01,-1.908549481605714959e+02,-5.500411582031378366e+00
3.634999999999944720e+00,9.865774826864469604e-01,5.146434000456150404e-01,3.432253472671201422e+01,-5.605462103259167606e+00
3.639999999999944613e+00,9.862322143199052649e-01,-4.406282880319972728e-01,-1.642515135422615060e+02,-4.784752818221156723e+00
3.644999999999944507e+00,9.839952689174051859e-01,-6.077146263579645824e-01,-5.429105749360283539e+01,-4.815209221729028322e+00
3.649999999999944400e+00,9.802627831764378907e-01,-8.587483185451693091e-01,-9.364645494386618907e+01,-4.992482495349978677e+00
3.654999999999944293e+00,9.756042605900925313e-01,-1.015664161544157063e+00,-6.750351654458924600e+01,-4.888623918511447286e+00
3.659999999999944187e+00,9.701745359997014928e-01,-1.177765967275758108e+00,-7.144700176287869908e+01,-4.773572039155045132e+00
3.664999999999944080e+00,9.647206089122700723e-01,-1.065992121159112349e+00,2.419919646983462158e+01,-4.049049460729490235e+00
3.669999999999943974e+00,9.595449125362018883e-01,-1.009300223917138695e+00,1.672793052661506508e+01,-4.229712389178835963e+00
3.674999999999943867e+00,9.545707951331084962e-01,-9.747518031891994061e-01,1.640134280822168833e+01,-4.228882879645285975e+00
3.679999999999943761e+00,9.497367537639281876e-01,-9.748087186706446694e-01,-2.317027638770808196e+01,-4.295911732792587756e+00
3.684999999999943654e+00,9.447448498035301290e-01,-1.025680061893636807e+00,-2.708067683511395174e+01,-4.322536386708072165e+00
3.689999999999943547e+00,9.403476823759152614e-01,-7.946938077645007148e-01,2.631565261484549012e+01,-3.493747049058624654e+00
3.694999999999943441e+00,9.365096156650210002e-01,-7.410283443069791698e-01,2.497519735964418430e+01,-3.944134943656223413e+00
3.699999999999943334e+00,9.328891217443073813e-01,-7.354015843936281271e-01,-3.961398063228203625e+01,-4.078244807908370184e+00
3.704999999999943228e+00,9.292181161314090332e-01,-7.416071086606667029e-01,-6.025151476154333885e+00,-3.995532512504877065e+00
3.709999999999943121e+00,9.259772404051833661e-01,-5.870952277750078885e-01,3.502624428909417986e+01,-3.485518984650572971e+00
3.714999999999943014e+00,9.230416368718888931e-01,-6.102440739427905658e-01,-4.399074317575107074e+01,-3.934630363705065470e+00
3.719999999999942908e+00,9.198250395110878497e-01,-6.848862067573529000e-01,-3.633382577076289977e+01,-3.974485621671976610e+00
3.724999999999942801e+00,9.168096169410174801e-01,-5.523384827966629773e-01,2.419443833731267191e+01,-3.246561489148811042e+00
3.729999999999942695e+00,9.137718298859083266e-01,-6.588159109880320496e-01,-4.114188929208644652e+01,-3.722185044713979263e+00
3.734999999999942588e+00,9.108933785448143361e-01,-5.281983210837586373e-01,2.924497018603037546e+01,-2.925711789370780913e+00
3.739999999999942482e+00,9.078450246048677119e-01,-6.765545026335961776e-01,-3.842302788783216982e+01,-3.530915936347690742e+00
3.744999999999942375e+00,9.047667698259744817e-01,-5.726398449418040881e-01,3.397051415250046347e+01,-2.660968227390304808e+00
3.749999999999942268e+00,9.012816891280446274e-01,-7.656016140228606437e-01,-2.544526477960934585e+01,-3.338052141747757329e+00
3.754999999999942162e+00,8.973639803581886509e-01,-7.982659951404807996e-01,-2.126493821020593344e+01,-2.664352740108194784e+00
3.759999999999942055e+00,8.922828813666187076e-01,-1.162900998420270282e+00,-5.806119851923126873e+01,-3.624312159269324152e+00
3.764999999999941949e+00,8.856773956395883607e-01,-1.413960379612699825e+00,-3.990526645035720321e+01,-3.464864163832028776e+00
3.769999999999941842e+00,8.776579478965033099e-01,-1.731672609301240229e+00,-9.304455952535725771e+01,-3.314155480381239638e+00
3.774999999999941735e+00,8.671574959946781735e-01,-2.352562713007305462e+00,-1.250291474192266321e+02,-3.635767353947974456e+00
3.779999999999941629e+00,8.533583870570786711e-01,-3.006742723256345506e+00,-1.069531294044945469e+02,-2.921651338910093543e+00
3.784999999999941522e+00,8.361968939292969694e-01,-3.687455982352231487e+00,-1.066627708279076927e+02,-2.365230965377195904e+00
3.789999999999941416e+00,8.161094912952451264e-01,-4.211370007295688112e+00,-9.390750098655564670e+01,-1.784144849463830340e+00
3.794999999999941309e+00,7.946364072266308698e-01,-4.331471696268876848e+00,-2.308496967059737059e+01,-1.743667168216616492e+00
3.799999999999941203e+00,7.738097363159784914e-01,-4.055957454904415727e+00,4.956299314252358101e+01,-2.571537681195881220e+00
3.804999999999941096e+00,7.564514985022586790e-01,-3.100687463700249946e+00,1.742962226095416156e+02,-2.760803426335203703e+00
3.809999999999940989e+00,7.463877662833866555e-01,-1.321066753002968275e+00,3.449873747500174090e+02,-3.042361276651062152e+00
3.814999999999940883e+00,7.472122342300301368e-01,1.081360141383279849e+00,4.284959039070399740e+02,-3.519778192327843946e+00
3.819999999999940776e+00,7.551563648596750777e-01,1.783101946701515894e+00,4.375484355443308573e+02,-3.961553658476997697e+00
3.824999999999940670e+00,7.640212096138656594e-01,1.550802684466786596e+00,2.308474907024012523e+01,-1.584533528560693405e+00
3.829999999999940563e+00,7.732599965595067237e-01,2.199186368262367353e+00,5.824206555130988363e+02,3.118297491579561154e+00
3.834999999999940457e+00,7.844811010688997888e-01,2.312112524624740484e+00,4.125037891723688972e+02,3.092351220926655486e+00
3.839999999999940350e+00,7.942731262532509717e-01,1.466748966822228661e+00,-6.574139243268022028e+02,2.011191187710898109e+00
3.844999999999940243e+00,8.049929220786335993e-01,2.452536908635627899e+00,4.761944880909579183e+02,3.961701901205479714e+00
3.849999999999940137e+00,8.146251010225237232e-01,1.498257685398492578e+00,-5.661494885300173792e+02,9.065006572782263738e-01
3.854999999999940030e+00,8.232835891784664462e-01,9.225890002811821811e-01,-1.039362944869219064e+03,1.236018593259275988e+00
3.859999999999939924e+00,8.328126408737462905e-01,2.041236587579028594e+00,2.249120592781191590e+02,1.133819548997455628e+00
3.864999999999939817e+00,8.416301119340080517e-01,1.536757420478851222e+00,-3.192557806182895206e+02,2.450437863960754914e-01
3.869999999999939710e+00,8.503645094654064263e-01,1.781098484005249727e+00,7.928816082361610995e+01,6.916732481950561562e-01
3.874999999999939604e+00,8.585395007542123702e-01,1.432419578162460461e+00,-2.914083913942175741e+02,3.426275573872428204e-03
3.879999999999939497e+00,8.667871310965813425e-01,1.776693651489631431e+00,2.158222085289974359e+02,5.331371926292448604e-01
3.884999999999939391e+00,8.744106650334804165e-01,1.227060988877513248e+00,-4.317098603994558061e+02,-4.104020753696446810e-01
3.889999999999939284e+00,8.823166104948498845e-01,1.780187467080786234e+00,3.176994357145187564e+02,4.350043366557401203e-01
3.894999999999939178e+00,8.895623865695619914e-01,1.137882386458688444e+00,-4.602218020705666390e+02,-6.527181430010482455e-01
3.899999999999939071e+00,8.971829899347724124e-01,1.753318297253415814e+00,3.556005012640551399e+02,8.830478241886174917e-02
3.904999999999938964e+00,9.041489940534448433e-01,1.221442056394676401e+00,-2.547968252338647233e+02,-8.407038007824951809e-01
3.909999999999938858e+00,9.116711867668796376e-01,1.909761197600011062e+00,5.597882847541507090e+02,-3.331182584033626215e-01
3.914999999999938751e+00,9.192369338762265141e-01,2.167126466121188422e+00,8.768594397511905072e+02,-1.159651933201287344e+00
3.919999999999938645e+00,9.266180032802558975e-01,2.206064869939634132e+00,9.319967342529477037e+02,-1.820422113730226332e+00
3.924999999999938538e+00,9.338919714408234762e-01,2.226057472638371060e+00,1.045722403656990082e+03,-1.500247373394923978e+00
3.929999999999938431e+00,9.388578805601522914e-01,8.325668432056812507e-02,-1.202703326409973897e+03,-2.157188073931243011e+00
3.934999999999938325e+00,9.447782160318937139e-01,1.094157386946632560e+00,-1.171950934509073790e+02,-9.271161545904845758e-01
3.939999999999938218e+00,9.511994623506615509e-01,1.145244238879809195e+00,-1.490278087219543046e+01,-1.578383172545570368e+00
3.944999999999938112e+00,9.571582942050160803e-01,1.264328962647810251e+00,4.749955634290471380e+02,-1.894712400182252843e+00
3.949999999999938005e+00,9.616126772236616160e-01,1.005045705762595221e+00,-1.847061914870460555e+02,-2.449743640878948803e+00
3.954999999999937899e+00,9.662831251996283344e-01,1.144471184931934005e+00,1.042825719278619999e+03,-1.155552711890810880e+00
3.959999999999937792e+00,9.717420673098712269e-01,6.719632022119266246e-01,-9.421129496745938923e+02,-2.173230413909304382e+00
3.964999999999937685e+00,9.765289128863088308e-01,1.415460498159615721e+00,7.200458049743918991e+02,-1.545850237054529064e+00
3.969999999999937579e+00,9.814808083022933394e-01,4.488600190632564546e-01,-8.600303084565734935e+02,-1.835134650763531550e+00
3.974999999999937472e+00,9.867329940633172702e-01,1.474499957842126285e+00,6.857165746595629798e+02,-1.702235162804233592e+00
3.979999999999937366e+00,9.913288364871312153e-01,4.658756058567392055e-01,-7.818125843029475845e+02,-3.652884186115884724e+00
3.984999999999937259e+00,9.963529202128361684e-01,1.339143577390951245e+00,6.184277302603552471e+02,-3.103055027089082429e+00
3.989999999999937152e+00,1.000593352262485025e+00,5.590543011592215006e-01,-5.994130920919300252e+02,-4.685675972097769204e+00
3.994999999999937046e+00,1.005018264301849040e+00,1.076301071925182651e+00,4.894093838218721544e+02,-4.425691858238584686e+00
3.999999999999936939e+00,1.008878491213414996e+00,5.504906072870242584e-01,-5.016534580716279947e+02,-4.652929172267573854e+00
4.004999999999936833e+00,1.012939192970874647e+00,9.853742441431011523e-01,4.660658909354564798e+02,-4.395712050042683394e+00
4.009999999999936726e+00,1.016096642836994635e+00,4.611467310397222019e-01,-3.949888084419887946e+02,-5.241897550979236264e+00
4.014999999999936620e+00,1.019627889455181791e+00,8.792631191683470959e-01,4.172985021390661018e+02,-4.360173666653839319e+00
4.019999999999936513e+00,1.022230315227628195e+00,3.770555307786567778e-01,-3.403708013185955110e+02,-5.306269260107624675e+00
4.024999999999936406e+00,1.024908998819191508e+00,6.421605614796922490e-01,3.217689127854398521e+02,-5.140035145733507171e+00
4.029999999999936300e+00,1.026929858676265184e+00,3.497501570600000109e-01,-1.591255506536664655e+02,-5.525182681732583312e+00
4.034999999999936193e+00,1.028874963100770756e+00,4.184190427039016225e-01,1.540015446461899842e+02,-5.589086210276617450e+00
4.039999999999936087e+00,1.030517891209708381e+00,3.644908978758619744e-01,-1.512222531677057269e+01,-5.732080216779565696e+00
4.044999999999935980e+00,1.030995104413574337e+00,-7.405907679541422206e-02,-5.576319802259105529e+01,-5.636641047552116035e+00
4.049999999999935874e+00,1.029383330704402022e+00,-4.842327640521465471e-01,-1.304984885677024806e+02,-5.255374487060154642e+00
4.054999999999935767e+00,1.026088931685189776e+00,-7.748716507456836489e-01,-3.625796500084462792e+01,-5.207814927864518495e+00
4.059999999999935660e+00,1.021778976282710083e+00,-9.183182533184442997e-01,9.845400958947900794e-01,-5.351315568290624824e+00
4.064999999999935554e+00,1.017035814659996706e+00,-9.658664159912587754e-01,2.371829778955278556e+01,-5.262124673479951831e+00
4.069999999999935447e+00,1.011997267152474178e+00,-1.037236115709838202e+00,7.808805401666301549e+00,-5.314897243880136735e+00
4.074999999999935341e+00,1.006784054412510843e+00,-1.057234167038752615e+00,2.757874146252133940e+01,-5.193411490648807138e+00
4.079999999999935234e+00,1.001421797148171144e+00,-1.078707803289965295e+00,1.106809643571011037e+01,-5.198185653360742897e+00
4.084999999999935127e+00,9.960339266390975110e-01,-1.079675223501010084e+00,-1.187446531779412773e+01,-5.050634102273791726e+00
4.089999999999935021e+00,9.905360790895916256e-01,-1.131274788566526857e+00,-3.521785972913221485e+01,-5.048683358746016481e+00
4.094999999999934914e+00,9.849366779322485943e-01,-1.125238251941730772e+00,2.159545549083673244e+00,-4.927355763972706804e+00
4.099999999999934808e+00,9.797360875907115130e-01,-9.756951626368743913e-01,1.320251060472141269e+01,-4.348468131231361333e+00
4.104999999999934701e+00,9.753584166654315490e-01,-8.195584208402471038e-01,2.985528306586024172e+01,-4.357556879373243319e+00
4.109999999999934595e+00,9.714621452847063132e-01,-7.639404566311338574e-01,-1.029453421873106400e+01,-4.664901376882714779e+00
4.114999999999934488e+00,9.677112687080171582e-01,-7.512136350077839309e-01,-8.794938454744926304e+00,-4.843929010912330746e+00
4.119999999999934381e+00,9.640998966937638359e-01,-7.079903336103846589e-01,1.709391783800318265e+01,-4.740987810668451985e+00
4.124999999999934275e+00,9.611389390599583971e-01,-5.075807751722428707e-01,5.799497322705626345e+01,-4.120180162228391119e+00
4.129999999999934168e+00,9.587098442919377295e-01,-4.741697334855727863e-01,-1.127906167720486508e+01,-4.670863033507669293e+00
4.134999999999934062e+00,9.565123248957637658e-01,-4.224582549682762145e-01,1.126962944176969295e+01,-4.677619738438901109e+00
4.139999999999933955e+00,9.549805631185769306e-01,-2.290966093870798193e-01,3.965261215920806137e+01,-4.039812279467511758e+00
4.144999999999933848e+00,9.537959266402766811e-01,-2.676499461510624123e-01,-4.759432219980472212e+01,-4.762090041526264805e+00
4.149999999999933742e+00,9.524200624465313236e-01,-3.059758595585368446e-01,-1.545306558462527846e+01,-4.665505189759694638e+00
4.154999999999933635e+00,9.508284508299271742e-01,-3.452435212895605399e-01,-4.583140357034831425e+01,-4.593717998534536662e+00
4.159999999999933529e+00,9.483586600779685405e-01,-6.070914692168440929e-01,-5.799537756433461055e+01,-5.277609539303981911e+00
4.164999999999933422e+00,9.446448975277050852e-01,-8.508666614130698802e-01,-8.350704344677849633e+01,-4.891370137458903145e+00
4.169999999999933316e+00,9.390975275898328922e-01,-1.286621792265941755e+00,-8.609501560847145640e+01,-5.161536353916637232e+00
4.174999999999933209e+00,9.314854470209558146e-01,-1.660588367670381205e+00,-5.960125918071943829e+01,-4.604257174812930842e+00
4.179999999999933102e+00,9.221125565500869481e-01,-1.998971296085051419e+00,-8.182048854902160429e+01,-4.136188395007582841e+00
4.184999999999932996e+00,9.103713817445696632e-01,-2.571359898717113346e+00,-8.976509798154877728e+01,-4.402503014349869126e+00
4.189999999999932889e+00,8.958645689675400758e-01,-3.097792039243194129e+00,-8.018003883976443547e+01,-3.763472352648793873e+00
4.194999999999932783e+00,8.786293889783520772e-01,-3.650174894138934700e+00,-9.796361954723820986e+01,-3.230718785052370201e+00
4.199999999999932676e+00,8.582291044284870996e-01,-4.337183666974206986e+00,-1.376888126470691986e+02,-2.706173669644444946e+00
4.204999999999932569e+00,8.349654878347921860e-01,-4.874705307690692102e+00,-9.742477897948661791e+01,-3.038488986814877446e+00
4.209999999999932463e+00,8.104669986720686170e-01,-4.897312985945079689e+00,6.075326213781328200e+00,-2.659600303127233278e+00
4.214999999999932356e+00,7.875687638443729099e-01,-4.371098892416173776e+00,1.152140144494266565e+02,-2.728489941247673745e+00
4.219999999999932250e+00,7.686937410712640917e-01,-3.378381171365348212e+00,1.927013222093598301e+02,-2.753981768074119874e+00
4.224999999999932143e+00,7.566352181680190414e-01,-1.798315254100679716e+00,2.974628367200170374e+02,-3.819296010424440446e+00
4.229999999999932037e+00,7.550085754619096923e-01,5.976440604421918712e-01,4.432756167105127361e+02,-3.603165116397318624e+00
4.234999999999931930e+00,7.627651767536925975e-01,1.505702555701871059e+00,3.175848619237571597e+02,-3.420187610892039931e+00
4.239999999999931823e+00,7.705399671571555587e-01,1.085910754599017869e+00,-1.011578859523334472e+03,-1.703293299819006013e+00
4.244999999999931717e+00,7.800058067200700274e-01,1.996238540891397850e+00,-1.758862525107684505e+01,1.547816748022036837e+00
4.249999999999931610e+00,7.908248389609426887e-01,2.256686816060684553e+00,3.368494254787227646e+02,1.826049707454890036e+00
4.254999999999931504e+00,8.011973017552431742e-01,2.235140428652099942e+00,1.717608933672316311e+02,1.003240453229356177e+00
4.259999999999931397e+00,8.117138320084752445e-01,2.162228986899254579e+00,-2.259530335114514514e+02,4.892791912091065676e-02
4.264999999999931291e+00,8.242949748435683954e-01,2.435898635488384478e+00,3.375830252642905975e+02,1.645869309855531260e+00
4.269999999999931184e+00,8.348322218073842560e-01,2.169266375704506533e+00,6.047050384644326471e+01,-3.415780682787834532e-01
4.274999999999931077e+00,8.456539545836361249e-01,2.254415928184187123e+00,4.420339223485867706e+02,-5.313007745298247153e-01
4.279999999999930971e+00,8.551979562195545226e-01,2.039187354190339363e+00,1.865702839289913584e+02,-8.293460761094677558e-01
4.284999999999930864e+00,8.648896311802404258e-01,2.007144792252240961e+00,2.725668412652818233e+02,-9.695298880938310049e-01
4.289999999999930758e+00,8.739979215495279341e-01,1.925794211105975373e+00,2.449066987141175389e+02,-1.000379100404523491e+00
4.294999999999930651e+00,8.830160612476065651e-01,1.918032393469440766e+00,3.363495129909733237e+02,-1.306408486905091371e+00
4.299999999999930544e+00,8.912474672841376178e-01,1.706980547120195091e+00,2.977377693729203401e+01,-1.351309351562104855e+00
4.304999999999930438e+00,9.005426667605298530e-01,1.831215975914732619e+00,2.062532919928510466e+02,-1.661572496042850400e+00
4.309999999999930331e+00,9.086873104904866771e-01,1.922076754065638271e+00,3.916490911664506029e+02,-1.731968202845641791e+00
4.314999999999930225e+00,9.162387554156325997e-01,1.792606443224570079e+00,2.745628790058536310e+02,-2.225007196785600883e+00
4.319999999999930118e+00,9.237660911785634532e-01,1.776166449878223030e+00,3.348460398107158653e+02,-2.034805822720718638e+00
4.324999999999930012e+00,9.309118299638261540e-01,1.680819688476806739e+00,2.617474276663014052e+02,-2.412830019824433236e+00
4.329999999999929905e+00,9.379988252549237293e-01,1.628895840221614266e+00,2.847008860549755696e+02,-2.302204213757224949e+00
4.334999999999929798e+00,9.447314292824705584e-01,1.516218235868378006e+00,1.899280310132364491e+02,-2.590060011500486148e+00
4.339999999999929692e+00,9.518315819888493179e-01,1.339189966604693138e+00,3.786398038063999394e+01,-2.608518460234772185e+00
4.344999999999929585e+00,9.592134987601511620e-01,1.306415705689474960e+00,1.716266465019873166e+01,-2.849934109093793744e+00
4.349999999999929479e+00,9.663694220251781708e-01,1.370011900757343914e+00,1.694611814062487554e+02,-2.914595674128298342e+00
4.354999999999929372e+00,9.731317671165726768e-01,1.153122319265584395e+00,-5.174529349684866020e+01,-3.412570714159546270e+00
4.359999999999929265e+00,9.801328414819736601e-01,1.269370343310024740e+00,1.150105121610326364e+02,-2.758458300070262492e+00
4.364999999999929159e+00,9.865051830412461253e-01,1.043101698672386890e+00,-1.045488684507792811e+02,-3.320121461051389389e+00
4.369999999999929052e+00,9.932175015077304714e-01,1.680992117020831955e+00,9.188522727389893134e+02,-3.304326308684237379e+00
4.374999999999928946e+00,9.978242975321808261e-01,5.946836781105655501e-01,-9.523978552020907955e+02,-3.642174876987297694e+00
4.379999999999928839e+00,1.004636652505464189e+00,1.754858914999153585e+00,9.773617592377894425e+02,-2.773455879809229696e+00
4.384999999999928733e+00,1.008874631595312543e+00,4.495691296226095313e-01,-9.826038423565202038e+02,-4.480198692896061985e+00
4.389999999999928626e+00,1.015328418227479101e+00,1.655346490267688431e+00,8.464017783141447353e+02,-2.535355194930389189e+00
4.394999999999928519e+00,1.019169427850201926e+00,3.861468792250459803e-01,-9.383905577271859784e+02,-4.173617979985909443e+00
4.399999999999928413e+00,1.025147510134090334e+00,1.525842611271282623e+00,7.868784253514056672e+02,-3.149294692732812706e+00
4.404999999999928306e+00,1.028584275162820472e+00,4.089626655176175074e-01,-7.878102327931143236e+02,-4.669217236976048291e+00
4.409999999999928200e+00,1.034177904299735218e+00,1.298888652295507429e+00,5.586728347297034816e+02,-2.925070965390173860e+00
4.414999999999928093e+00,1.037209440955333406e+00,4.479647740430050540e-01,-4.558845570022582478e+02,-4.150206000395018968e+00
4.419999999999927986e+00,1.041929180649690423e+00,1.343204828232975379e+00,7.227519108489857445e+02,-4.162072543659181001e+00
4.424999999999927880e+00,1.045585744993190680e+00,4.157930933281267505e-01,-7.015039096198252082e+02,-5.411915101598233413e+00
4.429999999999927773e+00,1.049312222753931767e+00,9.508766103788107715e-01,5.538022287737990155e+02,-5.408850715724089930e+00
4.434999999999927667e+00,1.051966688713501297e+00,2.899245076809230937e-01,-5.115953607644117369e+02,-6.480337452683960997e+00
4.439999999999927560e+00,1.054831971333883622e+00,7.490004665727246769e-01,4.267227696977610094e+02,-5.576137022529845666e+00
4.444999999999927454e+00,1.056836346230941581e+00,2.693122256096854850e-01,-2.962354673722835514e+02,-6.364767850380042447e+00
4.449999999999927347e+00,1.058821321111207414e+00,4.838809666892442962e-01,2.853348618114414990e+02,-6.173730035727888144e+00
4.454999999999927240e+00,1.060162260555373326e+00,1.976293383748219112e-01,-1.678410123772366660e+02,-6.470017372129571953e+00
4.459999999999927134e+00,1.061403839033426166e+00,2.522989016550724051e-01,1.327758345761628505e+02,-6.323181640454167862e+00
4.464999999999927027e+00,1.062126453774953294e+00,1.462875600100871920e-01,-1.575424906329021013e+01,-6.381873965469347709e+00
4.469999999999926921e+00,1.061184771333911758e+00,-4.100167159937155859e-01,-8.561452275941573475e+01,-5.991444476322834056e+00
4.474999999999926814e+00,1.058947221946145545e+00,-6.513557379684565829e-01,-1.665170173559400268e+02,-5.619757295444352430e+00
4.479999999999926708e+00,1.055247211603938862e+00,-7.930419985527054072e-01,2.855315216442205539e+01,-5.540997333105862843e+00
4.484999999999926601e+00,1.051104273826733770e+00,-8.468612333547419491e-01,-3.564056164996793452e+00,-5.608247418743742330e+00
4.489999999999926494e+00,1.047119874308905629e+00,-8.008210500355943395e-01,2.446430458708480060e+01,-5.897326477564273972e+00
4.494999999999926388e+00,1.043392158813376103e+00,-7.287543374579482647e-01,2.532867581726180362e+01,-5.949788830399094230e+00
4.499999999999926281e+00,1.039989065341903496e+00,-6.550257834517864142e-01,4.066469772983965214e+01,-5.981869461406465582e+00
4.504999999999926175e+00,1.037105127679735395e+00,-5.488366754689731897e-01,3.033110713824308036e+01,-5.930005270809027174e+00
4.509999999999926068e+00,1.034590326642564895e+00,-4.845208092986781345e-01,4.114876558317789801e+01,-6.050156776559264316e+00
4.514999999999925961e+00,1.032542289585983708e+00,-3.647244334997793436e-01,7.268607450209869114e+01,-6.060336482186859719e+00
4.519999999999925855e+00,1.031127184208999292e+00,-2.212440526214688730e-01,5.916830121258232111e+01,-6.109266073095372285e+00
4.524999999999925748e+00,1.030385101516156032e+00,-7.938823245284619412e-02,7.607496635409783892e+01,-6.264737014076492194e+00
4.529999999999925642e+00,1.030518687673598111e+00,9.933030990007564454e-02,1.966382329302935617e+01,-6.149924621163961547e+00
4.534999999999925535e+00,1.031563649021802531e+00,2.622751007534092627e-01,-1.183590091620737539e+01,-6.432583844141469775e+00
4.539999999999925429e+00,1.033569411372639468e+00,4.647728375230008036e-01,2.947042750994529925e+01,-6.646377771528524825e+00
4.544999999999925322e+00,1.037293622161022721e+00,1.039210792164230179e+00,1.459106319464831927e+02,-6.626583888870918315e+00
4.549999999999925215e+00,1.042837598517222020e+00,9.746537076309705894e-01,-9.410782045505466442e+01,-6.727591886467624960e+00
4.554999999999925109e+00,1.044864997956568287e+00,-7.184733582001356922e-02,-2.640939906932852068e+02,-5.898174444687724005e+00
4.559999999999925002e+00,1.039492292250991490e+00,-1.793572555859673123e+00,-4.006535869346804475e+02,-5.108424338630098482e+00
4.564999999999924896e+00,1.025739903562771671e+00,-3.380445722098389449e+00,-2.932015477099343457e+02,-3.374553849249942505e+00
4.569999999999924789e+00,1.003985774265116149e+00,-4.893121777621251667e+00,-2.425640228646571188e+02,-2.013172672662618901e+00
4.574999999999924682e+00,9.753490048200658125e-01,-6.172985883479231717e+00,-1.774172618258609759e+02,-1.138822276822061941e+00
4.579999999999924576e+00,9.410513945519749512e-01,-7.215936479385943514e+00,-1.582789072939677055e+02,-4.230771390893512951e-01
4.584999999999924469e+00,9.022386695198648665e-01,-8.041991410158930265e+00,-1.239475199565487316e+02,-4.928870902912763086e-02
4.589999999999924363e+00,8.603168669342277086e-01,-8.529225774647635205e+00,-6.074416916124913257e+01,5.990258201163238816e-01
4.594999999999924256e+00,8.176350780594585643e-01,-8.466688440489921419e+00,6.857162999011563898e+01,1.725510234515516661e+00
4.599999999999924150e+00,7.753665995685031787e-01,-8.361037185116446224e+00,9.923774386763335542e+01,1.652196152153931230e+00
4.604999999999924043e+00,7.339054481495238536e-01,-8.176116236837698281e+00,6.140212881105271947e+01,1.695085066125475937e+00
4.609999999999923936e+00,6.937892596772101683e-01,-7.883426891687420834e+00,7.999402939650116195e+01,1.825444321217061461e+00
4.614999999999923830e+00,6.562109704042276004e-01,-7.231923038715358132e+00,1.353251253876216254e+02,2.650170057406987745e+00
4.619999999999923723e+00,6.216594693927560700e-01,-6.658585094947487626e+00,1.358060741438038974e+02,2.373398408426105277e+00
4.624999999999923617e+00,5.896582638324916470e-01,-6.180884761443875774e+00,1.239886241911397917e+02,2.031763424821527053e+00
4.629999999999923510e+00,5.596005029718835733e-01,-5.860985618408281361e+00,7.705396954898202466e+01,1.597569496857210503e+00
4.634999999999923403e+00,5.320931736870395667e-01,-5.233821257012456485e+00,1.346919991003994994e+02,2.363502638051185212e+00
4.639999999999923297e+00,5.069629341764989583e-01,-4.821769763586848612e+00,1.482823920507257753e+02,1.844557580696294607e+00
4.644999999999923190e+00,4.835810210817676480e-01,-4.534007982631617750e+00,8.398152254922932514e+01,1.516778511202189650e+00
4.649999999999923084e+00,4.614443659675960263e-01,-4.310083613329666719e+00,6.908160267256394604e+01,1.326520045499174572e+00
4.654999999999922977e+00,4.411579618173588901e-01,-3.848428816107578587e+00,1.146539187337053960e+02,1.996565105806133111e+00
4.659999999999922871e+00,4.225296256248017301e-01,-3.596187895295007930e+00,7.848150937498306234e+01,1.494668601411685449e+00
4.664999999999922764e+00,4.048734227490470294e-01,-3.439948244349557704e+00,5.817110170572359351e+01,1.255164301222523537e+00
4.669999999999922657e+00,3.887940351980157527e-01,-3.028035459218163084e+00,1.066677862297653832e+02,1.862260657730415714e+00
4.674999999999922551e+00,3.740620705036036830e-01,-2.853408589752430835e+00,5.092214127589896577e+01,1.322974345661627638e+00
4.679999999999922444e+00,3.599655681466328305e-01,-2.742761987451449279e+00,5.713325212495765015e+01,1.192368013835025442e+00
4.684999999999922338e+00,3.472995518664234171e-01,-2.350385295697018151e+00,1.082475052346002684e+02,1.750060813741793675e+00
4.689999999999922231e+00,3.359224129423983851e-01,-2.184780567113107974e+00,4.805309323170667568e+01,1.244906166004702275e+00
4.694999999999922125e+00,3.251003769025385681e-01,-2.091462359106362356e+00,5.589765019943165925e+01,1.124520282821673822e+00
4.699999999999922018e+00,3.158360146688063974e-01,-1.652241027115864735e+00,1.227478371348344268e+02,1.683643841151176490e+00
4.704999999999921911e+00,3.148611290129675888e-01,2.836771637277598623e-01,7.497523419487720275e+01,2.268316827543616077e-01
4.709999999999921805e+00,3.177789928933013042e-01,7.829908932180069669e-01,1.069036015952498815e+02,9.613220118571746964e-02
4.714999999999921698e+00,3.235806791024061213e-01,1.411224072267883933e+00,1.513281451075731638e+02,3.865496010097621005e-01
4.719999999999921592e+00,3.317584462169815285e-01,1.663407183657984900e+00,-1.028354735312373975e+02,-3.626807624644968753e-01
4.724999999999921485e+00,3.400433644870341499e-01,1.684297532022000610e+00,-4.602495694636877488e+01,1.259249091910064067e-01
4.729999999999921378e+00,3.482414510371110161e-01,1.603799668981766180e+00,-4.039622994746569873e+01,-1.767099481925216153e-02
4.734999999999921272e+00,3.564196701652377341e-01,1.550506639717303958e+00,-8.287047356868835379e+01,1.225839516810300900e-01
4.739999999999921165e+00,3.650683048802093600e-01,1.841392559639128290e+00,2.559870063724046929e+02,9.122340024340860332e-01
4.744999999999921059e+00,3.736267832358817209e-01,1.729164106512011578e+00,-7.876745286862652051e+01,5.038426184030433408e-01
4.749999999999920952e+00,3.820579123113266307e-01,1.708861777280049621e+00,2.515111037115740373e+02,1.641950179466600712e+00
4.754999999999920846e+00,3.906071576366215714e-01,1.468470091178621040e+00,-3.901189549513496218e+02,2.147082527416191322e+00
4.759999999999920739e+00,3.994775888048712198e-01,2.021389064109158529e+00,2.929362198942031910e+02,4.172233100948441908e+00
4.764999999999920632e+00,4.081752461527536902e-01,1.969655059867476243e+00,2.308947266675648109e+02,5.306342939032584027e+00
4.769999999999920526e+00,4.169943765021491000e-01,1.504002303582457012e+00,-4.400320068869095849e+02,7.042154258045559168e+00
4.774999999999920419e+00,4.270531302021471909e-01,1.761786911561044722e+00,-1.615620399279016510e+02,7.514046685218161770e+00
4.779999999999920313e+00,4.360747600388026335e-01,1.351584630325970204e+00,-5.788807212245660594e+02,6.581963874627103195e+00
4.784999999999920206e+00,4.451815754082778520e-01,2.161579895472885315e+00,6.032418385978645574e+02,7.028227426335113215e+00
4.789999999999920099e+00,4.547104557371408062e-01,1.798284969852896875e+00,-3.761944820775472635e+02,5.580905550530242287e+00
4.794999999999919993e+00,4.640288237896950663e-01,1.792748307351418546e+00,9.038629025788203819e+00,5.721130881223144726e+00
4.799999999999919886e+00,4.730478925074261820e-01,1.879305539207427822e+00,1.455446956160672869e+02,5.412738041846798964e+00
4.804999999999919780e+00,4.818603179799292313e-01,2.013658992509003820e+00,3.197094026447571764e+02,5.137282485571240009e+00
4.809999999999919673e+00,4.901942131131074021e-01,1.724957948335636981e+00,1.059207037740318214e+02,5.374234070538033592e+00
4.814999999999919567e+00,4.987381976262568739e-01,1.558175636459981250e+00,-3.594518389937320535e+02,5.052187542068969250e+00
4.819999999999919460e+00,5.069889827842403163e-01,1.602617838529523109e+00,-1.779605905428975063e+02,5.177767345001227817e+00
4.824999999999919353e+00,5.151884375786127679e-01,1.631645142986620112e+00,1.077955707644120409e+00,5.951241632268550852e+00
4.829999999999919247e+00,5.231626224544660975e-01,1.614069557662830778e+00,4.788032625279911514e+01,5.337742434447903861e+00
4.834999999999919140e+00,5.318152181113862120e-01,1.859914446255947373e+00,4.443490835516101924e+02,5.163233564951365651e+00
4.839999999999919034e+00,5.391834628461098511e-01,1.726811672383748997e+00,2.654809881079359002e+02,4.718856972070936351e+00
4.844999999999918927e+00,5.468351154590930241e-01,1.659574389524475890e+00,1.329662422769157786e+02,5.429612723690136811e+00
4.849999999999918820e+00,5.547214144343678432e-01,1.802075174661938783e+00,2.887467327280095333e+02,4.949929491381199753e+00
4.854999999999918714e+00,5.622659125489704035e-01,1.738314031966020856e+00,2.831058001333287848e+02,4.571503164395252838e+00
4.859999999999918607e+00,5.697086408448512884e-01,1.619020767775637193e+00,1.430789088682124373e+02,5.206726564197709628e+00
4.864999999999918501e+00,5.771757682629855557e-01,1.570073059939142590e+00,1.044795353410375611e+02,4.772401350477472270e+00
4.869999999999918394e+00,5.844469666389741080e-01,1.497736947223130999e+00,7.144429238909911817e+01,4.591068437249891332e+00
4.874999999999918288e+00,5.916659361630586256e-01,1.466888579729221931e+00,4.598608419338914644e+01,5.137905339233322266e+00
4.879999999999918181e+00,5.996907321339675079e-01,1.704323916973566666e+00,3.996728065749553025e+02,4.812958862160152229e+00
4.884999999999918074e+00,6.058723691218432794e-01,1.646145536918079300e+00,3.956792424816993048e+02,4.530857265871373940e+00
4.889999999999917968e+00,6.121439125545420357e-01,1.324111342530415403e+00,-1.545624005073179887e+02,4.809945265770800837e+00
4.894999999999917861e+00,6.193264572450862815e-01,1.402419125091655783e+00,7.439813803059290365e+01,4.511528668125119879e+00
4.899999999999917755e+00,6.264818915789709397e-01,1.413016567325137363e+00,-3.703283276883871622e+01,5.022521757628088501e+00
4.904999999999917648e+00,6.335335932572447870e-01,1.397985421221514368e+00,-1.670708169515220050e+02,4.636799182366934780e+00
4.909999999999917542e+00,6.404452919353776918e-01,1.311711392368237750e+00,-1.344674161341197589e+02,4.106788924065592816e+00
4.914999999999917435e+00,6.473125967398851710e-01,1.688673177344836018e+00,4.060659598998668116e+02,4.785923059284234782e+00
4.919999999999917328e+00,6.542890692822755927e-01,1.250789806226001666e+00,-1.520142741066257486e+02,5.061765961702118233e+00
4.924999999999917222e+00,6.616243543585307307e-01,1.289346439637379049e+00,-1.711856969333792335e+02,3.969980888503150673e+00
4.929999999999917115e+00,6.688701980419053950e-01,1.393786857799564016e+00,-1.323496451537820917e+02,4.364358151819019760e+00
4.934999999999917009e+00,6.766558731191059106e-01,1.405791473758625010e+00,6.596585780111271902e+01,3.539720610857195027e+00
4.939999999999916902e+00,6.838635189243821300e-01,1.446100889052556404e+00,5.995129288599073902e+01,3.694945788697434175e+00
4.944999999999916795e+00,6.908682655741921197e-01,1.628204961562893072e+00,6.789699427875918900e+02,3.699005306194971254e+00
4.949999999999916689e+00,6.985471507406733060e-01,1.442754039410038214e+00,-4.584985443908874458e+02,1.780638387083507190e+00
4.954999999999916582e+00,7.061725673007389625e-01,1.391688203889487330e+00,-5.065025353823638739e+02,1.126807906794341951e+00
4.959999999999916476e+00,7.133305934605789211e-01,1.497246955344289976e+00,4.339399354828066180e+02,1.930680108254138716e+00
4.964999999999916369e+00,7.211394391382285329e-01,1.462370964519866812e+00,-4.406599560741105392e+02,8.066300018541187056e-01
4.969999999999916263e+00,7.288438508057721865e-01,1.401038961582279807e+00,-3.522217861333685391e+02,6.524906635342818673e-01
4.974999999999916156e+00,7.362090161645802322e-01,1.499649082910069042e+00,-1.197045593571534852e+02,1.253998260096401474e+00
4.979999999999916049e+00,7.442739115599822375e-01,1.409967821820616862e+00,-3.054005312131993719e+02,5.169205615263253728e-01
4.984999999999915943e+00,7.519791830609380279e-01,1.558910469207182237e+00,-1.451541636878936670e+00,9.376139580060843803e-01
4.989999999999915836e+00,7.598238706097307782e-01,1.733819128641787000e+00,2.293502258396971740e+02,6.172579068182131312e-01
4.994999999999915730e+00,7.671390473421236811e-01,1.461425641299965772e+00,1.257083757424732227e+02,7.464611433546231023e-02
4.999999999999915623e+00,7.747027295059362162e-01,1.367364613273638341e+00,-3.021491356975120652e+02,2.162530289743735956e-02
5.004999999999915516e+00,7.820772284349718495e-01,1.584551574124209550e+00,1.469133266294116140e+02,-7.958342387868599932e-02
5.009999999999915410e+00,7.894045955926800584e-01,1.379409093566569933e+00,-4.343172619768972140e+02,-1.080077622068523535e+00
5.014999999999915303e+00,7.964362929103320221e-01,1.641741191718583792e+00,2.500168114089773610e+02,-1.418060526890466466e+00
5.019999999999915197e+00,8.028694201330812685e-01,1.038365421012268808e+00,-6.157961560819624083e+02,-2.383280388669100081e+00
5.024999999999915090e+00,8.093682611307382313e-01,1.308191600806411170e+00,2.255417158751785962e+02,-3.264978680257400345e+00
5.029999999999914984e+00,8.156614785545162061e-01,1.159583638117257287e+00,-1.870698964477971913e+02,-3.219930716879260579e+00
5.034999999999914877e+00,8.204351565902726628e-01,8.087424422492461851e-01,-9.201810243606404072e+01,-3.770175878621460530e+00
5.039999999999914770e+00,8.229200574847955751e-01,2.651194345375603723e-01,-1.178474005039571040e+02,-3.166601089493290555e+00
5.044999999999914664e+00,8.234234297539111402e-01,-4.448990638179076140e-02,-7.157082348444970421e+01,-2.997233530507024124e+00
5.049999999999914557e+00,8.217390948652305571e-01,-5.329655881655642746e-01,-1.120740798947959718e+02,-3.484107571699235795e+00
5.054999999999914451e+00,8.175336102519248360e-01,-1.027765043564863756e+00,-7.843839004602804721e+01,-3.522604100584657338e+00
5.059999999999914344e+00,8.120956215128375399e-01,-1.111944416847179706e+00,8.599231614318901151e+00,-2.455702769053116796e+00
5.064999999999914237e+00,8.056243580550522809e-01,-1.420185510575749932e+00,-8.068510520826676213e+01,-2.889557156830918849e+00
5.069999999999914131e+00,7.973526036826266150e-01,-1.805917214158588413e+00,-6.351941198170095504e+01,-2.802963498378754359e+00
5.074999999999914024e+00,7.878091045759908484e-01,-1.956437258488317621e+00,-4.130120705261016489e+00,-2.016539229764312324e+00
5.079999999999913918e+00,7.771261891633749475e-01,-2.246567002079676190e+00,-6.184532859215424594e+01,-2.552295835664871948e+00
5.084999999999913811e+00,7.650305668127281855e-01,-2.522154785623466733e+00,-4.745889708449688982e+01,-2.159124119029727673e+00
5.089999999999913705e+00,7.506417622155331371e-01,-3.098064588581123324e+00,-1.026732783269696512e+02,-2.527684109036165250e+00
5.094999999999913598e+00,7.333626851119491308e-01,-3.690822018502258661e+00,-1.123397377456924886e+02,-1.973022181101629746e+00
5.099999999999913491e+00,7.132904478021798722e-01,-4.207775582072750709e+00,-8.464781319503974544e+01,-1.995638570830129854e+00
5.104999999999913385e+00,6.914130975083166986e-01,-4.466791807212119991e+00,-3.248414768181151402e+01,-1.541008241274641755e+00
5.109999999999913278e+00,6.691739239231810910e-01,-4.413525959790430164e+00,3.194244711813432502e+01,-1.215907837579193629e+00
5.114999999999913172e+00,6.479051961353003986e-01,-4.132463281598422356e+00,5.452286959949153555e+01,-1.145142162803335584e+00
5.119999999999913065e+00,6.289707480631054892e-01,-3.562667366175093164e+00,1.034404046901440637e+02,-1.756401754301981644e+00
5.124999999999912959e+00,6.143314592087931736e-01,-2.520516173129305759e+00,1.944838177432433497e+02,-1.382368234936050433e+00
5.129999999999912852e+00,6.061312316902561781e-01,-1.078475006719473717e+00,2.758355220158173893e+02,-1.480276242577309942e+00
5.134999999999912745e+00,6.056383107305998159e-01,5.119470127265545178e-01,2.801387580842531406e+02,-2.084357922406295138e+00
5.139999999999912639e+00,6.126512378085809951e-01,1.161877095311104391e+00,-7.969669631300046149e+02,-1.781258560680177183e+00
5.144999999999912532e+00,6.212114973181744881e-01,1.731176620432978153e+00,4.444815986301535986e+02,-1.346661524973246093e-01
5.149999999999912426e+00,6.306076986051876165e-01,1.748948817286406276e+00,-3.825074117776683806e+02,1.758064387077368007e+00
5.154999999999912319e+00,6.410239904425417690e-01,2.289518695810373483e+00,2.506177119423415149e+02,3.747145674916851465e+00
5.159999999999912212e+00,6.513806825987690230e-01,1.930284129595979392e+00,-1.425510753225729843e+02,4.135241722656548546e+00
5.164999999999912106e+00,6.617913328722562216e-01,1.777038137251862437e+00,-3.256564880682173566e+02,4.905227996693389159e+00
5.169999999999911999e+00,6.720836817547737319e-01,2.043744729427884099e+00,3.915485125633441044e+01,3.008709182615664890e+00
5.174999999999911893e+00,6.820766723134268350e-01,2.013759118393322556e+00,1.060531396884816644e+02,2.970810702504543599e+00
5.179999999999911786e+00,6.916096654691262779e-01,1.866739457852164774e+00,-3.436791185922493330e+00,2.086800475246632480e+00
5.184999999999911680e+00,7.011854076411336845e-01,1.822656761913971968e+00,3.578656204181152134e+01,2.340141906778064662e+00
5.189999999999911573e+00,7.102007792591592539e-01,1.856557226777891367e+00,1.234963710098882643e+02,1.782416723779161050e+00
5.194999999999911466e+00,7.189028274476474412e-01,1.763816731794137338e+00,1.369897478004583888e+02,1.868312564078654425e+00
5.199999999999911360e+00,7.272488399960511662e-01,1.695041934549839757e+00,8.505971277181947698e+01,1.692286351071077055e+00
5.204999999999911253e+00,7.354219758217516167e-01,1.619592220267535465e+00,9.416641967796149970e+01,1.676983739581418220e+00
5.209999999999911147e+00,7.434564595965525990e-01,1.526364966502538278e+00,1.227843400635214977e+01,1.631344075264275606e+00
5.214999999999911040e+00,7.512817131552474992e-01,1.454616500206363350e+00,-2.308215265256182747e+01,1.342040394187573815e+00
5.219999999999910933e+00,7.589159363367039557e-01,1.363246960253557072e+00,-8.334172587196077586e+01,1.242999567639532010e+00
5.224999999999910827e+00,7.663715090757752257e-01,1.327042925981669841e+00,-1.062579779033486886e+02,1.736538124054447074e+00
5.229999999999910720e+00,7.738923789785405738e-01,1.218113255854926580e+00,-2.042875250563246254e+02,1.360107433763785512e+00
5.234999999999910614e+00,7.812334874637332227e-01,1.231350816839108742e+00,-1.443033475130591796e+02,1.149455891830774679e+00
5.239999999999910507e+00,7.884530367263277162e-01,1.171386762456983144e+00,-2.246858652342131961e+02,1.548436167035937006e+00
5.244999999999910401e+00,7.962888120108053691e-01,1.729133570546985244e+00,5.347354980560388640e+02,1.246833542549840024e+00
5.249999999999910294e+00,8.017963861457988450e-01,1.469804005537443059e+00,3.391271980346881492e+02,5.782757181997394413e-01
5.254999999999910187e+00,8.079666919366377265e-01,1.221274646954404686e+00,-4.264987336214932867e+00,1.100311595283731458e+00
5.259999999999910081e+00,8.145895940926013434e-01,1.168966648308418232e+00,-2.723495933064478436e+02,8.715682767236011541e-01
5.264999999999909974e+00,8.210005645231447380e-01,9.915899009801804054e-01,-7.548119227916802174e+02,5.497610635239654764e-01
5.269999999999909868e+00,8.267790182918133279e-01,1.399629873600675589e+00,3.766185774296645263e+02,1.458711036772001091e+00
5.274999999999909761e+00,8.334287500983194041e-01,1.369758471900392349e+00,4.074732256709647231e+02,1.080536524115116581e+00
5.279999999999909654e+00,8.400512644591950906e-01,1.331273407930498420e+00,2.743328933466992225e+02,7.442121748011865101e-01
5.284999999999909548e+00,8.464310134242677419e-01,1.384440179880803257e+00,4.325675940347622941e+02,4.424175214571131054e-01
5.289999999999909441e+00,8.528526740174804388e-01,1.031052739509307647e+00,-6.430058454867080400e+02,-1.097564115101861582e+00
5.294999999999909335e+00,8.585681707534390528e-01,1.265180932608719111e+00,5.244021197837463433e+02,-1.251092714702892739e+00
5.299999999999909228e+00,8.643280915317383961e-01,1.046529680354554515e+00,-3.851919233370309144e+02,-1.766016308355816467e+00
5.304999999999909122e+00,8.705263874282270775e-01,1.366119856772205488e+00,4.748538134397705903e+02,-1.884233548690561699e+00
5.309999999999909015e+00,8.759646980227623336e-01,9.268861474916846310e-01,-3.964049517683778845e+02,-2.435647161997246180e+00
5.314999999999908908e+00,8.819711403329616450e-01,1.389947842436013437e+00,4.354468595800947242e+02,-1.886189735598001738e+00
5.319999999999908802e+00,8.871208637642230554e-01,8.618086349613058861e-01,-4.073155980996906464e+02,-2.801008117198014791e+00
5.324999999999908695e+00,8.925358900531097373e-01,1.226992197129154860e+00,3.455021450021773717e+02,-2.419392655580912432e+00
5.329999999999908589e+00,8.973284127413174716e-01,8.360555277438764810e-01,-2.894913587407388036e+02,-3.069714923854648170e+00
5.334999999999908482e+00,9.020553433744318284e-01,1.008098157703368525e+00,2.399449224062315125e+02,-3.572356833960207645e+00
5.339999999999908376e+00,9.063007368450326506e-01,7.599541669894189777e-01,-1.870897200128301563e+02,-4.361520187309146479e+00
5.344999999999908269e+00,9.103760179705749911e-01,8.048099842299218931e-01,5.589956589760664940e+01,-5.123150878905958550e+00
5.349999999999908162e+00,9.140147126445692383e-01,7.507979401244272433e-01,9.654011221271803223e+00,-6.075790246103522918e+00
5.354999999999908056e+00,9.156295625339794242e-01,4.447868558909482545e-02,-1.290521994504512406e+02,-6.114281237189733709e+00
5.359999999999907949e+00,9.156083334924296491e-01,-1.323799306704770418e-01,-6.641091528890503071e+01,-5.418870852446755038e+00
5.364999999999907843e+00,9.139814699065066383e-01,-4.692421415505425020e-01,-7.708609783720429220e+01,-5.962048684998857873e+00
5.369999999999907736e+00,9.105813487590467270e-01,-8.133205784206472000e-01,-5.717950241635968212e+01,-6.011059968018772182e+00
5.374999999999907629e+00,9.060827655552761151e-01,-9.494780646955166548e-01,-1.160643215895629865e+01,-5.317215624112114014e+00
5.379999999999907523e+00,9.004580253316811778e-01,-1.253969044679567046e+00,-9.487568418262902981e+01,-5.429064616395455012e+00
5.384999999999907416e+00,8.931962269715379987e-01,-1.582192027571295734e+00,-6.230708831472990994e+01,-5.181196008756115745e+00
5.389999999999907310e+00,8.847741353812160758e-01,-1.764137083467165024e+00,-6.315982538179458317e+01,-4.201252113308382441e+00
5.394999999999907203e+00,8.749330207863780240e-01,-2.113859812080168155e+00,-7.586190616648228513e+01,-4.422044351549089924e+00
5.399999999999907097e+00,8.638133966186891666e-01,-2.293573335742004726e+00,-3.226467584783222975e+01,-3.526135562855817973e+00
5.404999999999906990e+00,8.512764674625016292e-01,-2.647344960088870547e+00,-6.664517543907993513e+01,-3.643034543590949248e+00
5.409999999999906883e+00,8.375109264194945391e-01,-2.819036927199459974e+00,-5.676386150448665546e+01,-2.757450866540418044e+00
5.414999999999906777e+00,8.224084727430479580e-01,-3.114445227984605769e+00,-1.633021101090747607e+01,-2.696020472367910426e+00
5.419999999999906670e+00,8.056693046492985344e-01,-3.452643141826670536e+00,-4.226348206630814985e+01,-2.431257717817083996e+00
5.424999999999906564e+00,7.880414762694640807e-01,-3.563426674225080859e+00,-1.404517131378527317e+01,-1.546800054498496113e+00
5.429999999999906457e+00,7.689639119833795444e-01,-3.961081771220989811e+00,-4.568052824386056443e+01,-1.694840544199939902e+00
5.434999999999906350e+00,7.481245279450545738e-01,-4.239323301241967989e+00,-2.699240329398049365e-01,-7.555498611194488845e-01
5.439999999999906244e+00,7.263671375712009715e-01,-4.376259225266676545e+00,-8.723269343462710879e+00,-1.875753137345137489e-02
5.444999999999906137e+00,7.043513960625026327e-01,-4.405731136807774284e+00,1.411675179517622247e+01,-4.823350419066012584e-01
5.449999999999906031e+00,6.832613208805585758e-01,-4.088969408710561915e+00,5.361849532256064776e+01,-3.572268980740478383e-03
5.454999999999905924e+00,6.648296587925641710e-01,-3.418882964259880364e+00,1.340391777027265618e+02,1.358634260596902621e-01
5.459999999999905818e+00,6.493399717952544892e-01,-2.868465130192203727e+00,1.090228993455736486e+02,-8.957895967916051916e-01
5.464999999999905711e+00,6.365298619822737924e-01,-2.342796431912857802e+00,1.183127567171479058e+02,-8.276956892959554946e-01
5.469999999999905604e+00,6.267194517855098068e-01,-1.718612151282956857e+00,1.073225885050190129e+02,-1.294307056524385047e+00
5.474999999999905498e+00,6.206795140402364686e-01,-8.851850504479897852e-01,1.504142968978105728e+02,-1.729576892176774461e+00
5.479999999999905391e+00,6.195545849370669433e-01,1.959438569390753171e-01,2.066259081891218727e+02,-2.202604204140734101e+00
5.484999999999905285e+00,6.237668096517403615e-01,1.245831891048711171e+00,1.743318654470350850e+02,-3.021381022769555003e+00
5.489999999999905178e+00,6.316690147902513930e-01,1.390624123726529104e+00,3.378662944137062141e+02,-2.424602918323792711e+00
5.494999999999905071e+00,6.402888294669604186e-01,1.827925842561057168e+00,3.101711108003717641e+02,-1.782637797614745612e+00
5.499999999999904965e+00,6.486037455596000978e-01,1.255765397511956261e+00,-7.810323051094148923e+02,-1.655849058416300812e+00
5.504999999999904858e+00,6.582192798273470702e-01,2.175483062419168778e+00,3.309937166955721182e+02,1.098602478505495084e+00
5.509999999999904752e+00,6.678723155070316331e-01,2.032741572777791550e+00,3.950291364480623457e+01,3.691813578740072099e+00
5.514999999999904645e+00,6.779998033242754518e-01,2.016819991530748535e+00,-9.146510502276920818e+01,4.317287895733629810e+00
5.519999999999904539e+00,6.881417342903010104e-01,1.971119509457164298e+00,-1.536288657954064831e+02,4.414044964623906608e+00
5.524999999999904432e+00,6.978767740039180101e-01,1.889650815910740134e+00,-6.187399737608637196e+01,3.648276148717037870e+00
5.529999999999904325e+00,7.072574680597625285e-01,1.791980252285184205e+00,-5.442363278520333836e+01,2.754019738713436638e+00
5.534999999999904219e+00,7.165408039132631357e-01,1.712481593805032842e+00,-1.375027003154214640e+02,2.954404546130692033e+00
5.539999999999904112e+00,7.253009618682446646e-01,1.677763933013619591e+00,4.484559401531043932e+01,2.423578144675929025e+00
5.544999999999904006e+00,7.335196692792144146e-01,1.609200567564837092e+00,7.493796807283730743e+01,1.995346064045843804e+00
5.549999999999903899e+00,7.416496070367782911e-01,1.545943988966061999e+00,-6.678092189290394742e+01,2.357638032603233569e+00
5.554999999999903793e+00,7.495510968384897499e-01,1.496136780502679953e+00,-1.556920101949430979e+01,1.799079073257172645e+00
5.559999999999903686e+00,7.574689692462783785e-01,1.456749040984865795e+00,-1.264626410869980759e+02,2.156996218742557758e+00
5.564999999999903579e+00,7.651214342712985284e-01,1.414557686943154646e+00,-1.006704765748067700e+02,1.622221485168873212e+00
5.569999999999903473e+00,7.729810774858978384e-01,1.365699149682673141e+00,-2.134265851793075797e+02,1.958617911906900932e+00
5.574999999999903366e+00,7.804455461031331032e-01,1.350138213264258091e+00,-1.229408823726915472e+02,1.407633891324186592e+00
5.579999999999903260e+00,7.882227373838125439e-01,1.332972004385881259e+00,-1.132480744462341562e+02,1.695904452776831661e+00
5.584999999999903153e+00,7.954141885713238436e-01,1.286605643583302649e+00,-1.697673699812177119e+02,9.951780548846020924e-01
5.589999999999903046e+00,8.019475320483885339e-01,1.279483630360873869e+00,4.489420727628025247e+02,1.646511300586555704e+00
5.594999999999902940e+00,8.086238747113047021e-01,1.046095484508721585e+00,-6.627218891263753449e+02,5.165969566268964197e-01
5.599999999999902833e+00,8.144644496865379724e-01,1.220636531068565400e+00,-1.966581817050463883e+02,1.226428877666313255e+00
5.604999999999902727e+00,8.213580224553501674e-01,1.668084970616115159e+00,4.070897610069695247e+02,1.618498386875209860e+00
5.609999999999902620e+00,8.280348064159407384e-01,1.404371649611930284e+00,1.547216044210328221e+02,6.058137653327548833e-01
5.614999999999902514e+00,8.350614213793899898e-01,1.493640160377495585e+00,3.628401798204540682e+02,8.805982952269346686e-01
5.619999999999902407e+00,8.412679807501092233e-01,1.264831244168012292e+00,-4.912100586496872978e+01,7.892867177898399422e-02
5.624999999999902300e+00,8.483015979282525487e-01,1.263065217439945931e+00,-1.560777026985391842e+02,-2.234595048768706071e-02
5.629999999999902194e+00,8.554468882306665023e-01,1.444789228200805464e+00,3.837528192678824439e+02,-1.060699968841744001e+00
5.634999999999902087e+00,8.614566244352209745e-01,1.295871474925384570e+00,1.147953350228738145e+02,-1.395243426148351285e+00
5.639999999999901981e+00,8.686278730917338375e-01,1.506962859785689446e+00,5.055525844054898812e+02,-1.440177847247272602e+00
5.644999999999901874e+00,8.746944677940803325e-01,1.178814474436588267e+00,-2.549238581854730228e+02,-2.084279356779111581e+00
5.649999999999901767e+00,8.815710426554544954e-01,1.521090977060676863e+00,3.817138252262554943e+02,-2.121527890832335395e+00
5.654999999999901661e+00,8.879000091367498237e-01,1.114109576953193681e+00,-3.788576435888006131e+02,-2.317870179485963966e+00
5.659999999999901554e+00,8.945257398545786165e-01,1.462142752882100050e+00,3.528434962806107364e+02,-2.281386534518796694e+00
5.664999999999901448e+00,9.005687526369283713e-01,1.058730760016856953e+00,-3.453101662131373928e+02,-2.910172208696327978e+00
5.669999999999901341e+00,9.070366998655925439e-01,1.463986994318122292e+00,3.793959809568971195e+02,-2.468232482893005120e+00
5.674999999999901235e+00,9.127622678619767838e-01,1.040882473544983533e+00,-2.439601156532908703e+02,-3.200407812921741257e+00
5.679999999999901128e+00,9.186280892652948227e-01,1.269494519341989092e+00,3.339548606082370839e+02,-3.311077461631031227e+00
5.684999999999901021e+00,9.238860375071502595e-01,9.358074845427719612e-01,-2.749210518589101184e+02,-3.779498014097695258e+00
5.689999999999900915e+00,9.291211040799752796e-01,1.107719644462326292e+00,1.682384702424885745e+02,-3.874391309389483062e+00
5.694999999999900808e+00,9.339492910160747119e-01,8.886028091135595997e-01,-1.596228654843173729e+02,-4.332687170120805398e+00
5.699999999999900702e+00,9.385045195229957393e-01,8.328244613435187294e-01,2.300503958050328279e+01,-4.448011472541004707e+00
5.704999999999900595e+00,9.425243021298521651e-01,7.881684438371596713e-01,2.159997631523022221e+01,-4.495015928533216076e+00
5.709999999999900488e+00,9.451702034504930738e-01,5.048216900781988814e-01,-1.503424032798716610e+02,-4.081315872072779349e+00
5.714999999999900382e+00,9.465057453101739515e-01,1.164198312689975062e-01,-3.971809455003569411e+01,-4.150699528734349997e+00
5.719999999999900275e+00,9.463181461369483127e-01,-1.436666058324542194e-01,-4.304858856400818468e+01,-4.259512435419972931e+00
5.724999999999900169e+00,9.450011095153572072e-01,-3.565932156764436978e-01,-6.432892125533992100e+01,-4.322328359040982448e+00
5.729999999999900062e+00,9.425081741919755229e-01,-6.196241395105065441e-01,-9.849395608462117480e+01,-4.359810226881477568e+00
5.734999999999899956e+00,9.388296278990516663e-01,-8.418791544923822645e-01,-9.314244511150388917e+01,-4.085272320561440296e+00
5.739999999999899849e+00,9.340749306429242393e-01,-1.046996128978061824e+00,-8.220139771213742108e+01,-3.826209487296361011e+00
5.744999999999899742e+00,9.281553901608013968e-01,-1.327582359738129103e+00,-1.074837289937723739e+02,-3.639097116690266365e+00
5.749999999999899636e+00,9.212101643785594041e-01,-1.465573858741808344e+00,-4.903138066072530421e+01,-3.457562847310348353e+00
5.754999999999899529e+00,9.134531868471321703e-01,-1.605646253583709937e+00,-2.484580176336585211e+01,-3.404404716726552316e+00
5.759999999999899423e+00,9.044631236455937806e-01,-1.928849913963591067e+00,-8.083498707157951912e+01,-3.673936116191243606e+00
5.764999999999899316e+00,8.935063749850485904e-01,-2.360445516710623082e+00,-8.327778253936421038e+01,-3.652803262376754123e+00
5.769999999999899210e+00,8.805135297222141944e-01,-2.741602626820697886e+00,-6.145274352585914102e+01,-3.013252570143492903e+00
5.774999999999899103e+00,8.649727478603526087e-01,-3.360844218816182227e+00,-1.509197245622130481e+02,-3.034274584216269499e+00
5.779999999999898996e+00,8.461204413409038061e-01,-4.018031075910940331e+00,-1.034533967974615649e+02,-2.494654235208961346e+00
5.784999999999898890e+00,8.241617516994154125e-01,-4.576739169451260025e+00,-9.684623450344544437e+01,-1.874351731361043161e+00
5.789999999999898783e+00,7.997981312138525700e-01,-5.042074166497714671e+00,-7.170930085080225069e+01,-1.918844892745026343e+00
5.794999999999898677e+00,7.740341387906820581e-01,-5.216182408417756378e+00,-4.311906407698380406e+01,-1.419607288068956752e+00
5.799999999999898570e+00,7.485419318522286147e-01,-5.019306230120668566e+00,3.810348572980864645e+01,-1.872278687783163864e+00
5.804999999999898463e+00,7.252495894139893151e-01,-4.427742587462119239e+00,9.993525743951131801e+01,-1.555593246196057322e+00
5.809999999999898357e+00,7.063227840684429548e-01,-3.373077337477425885e+00,2.033305228569251426e+02,-2.285964482904603745e+00
5.814999999999898250e+00,6.935379796248124507e-01,-2.019464229781711140e+00,2.717078759346177321e+02,-1.882139202507555842e+00
5.819999999999898144e+00,6.880667682230101612e-01,-5.162143642312653213e-01,2.623137094078983296e+02,-2.866327734078864431e+00
5.824999999999898037e+00,6.910594161843738314e-01,1.264947926265168610e+00,3.107752427190903290e+02,-3.466689383344136566e+00
5.829999999999897931e+00,6.989650854479341202e-01,1.754362634222146999e+00,3.700503890299330010e+02,-3.103541777638064048e+00
5.834999999999897824e+00,7.071413829636010728e-01,1.170163654324276603e+00,-8.352425744191044714e+02,-2.453380978203256735e+00
5.839999999999897717e+00,7.159486275095043872e-01,2.089957922860842920e+00,3.479554574020141899e+02,2.848649713187225707e-01
5.844999999999897611e+00,7.251609308271764753e-01,1.923750785398523844e+00,1.806752277970821865e+02,9.784957504992698452e-01
5.849999999999897504e+00,7.355929373684003680e-01,2.089787647052286257e+00,3.274535082897339748e+02,2.463622928438575777e+00
5.854999999999897398e+00,7.462813333761592061e-01,2.125874356032860568e+00,-3.376440952104091480e+02,1.888970818302095900e+00
5.859999999999897291e+00,7.571928680161228442e-01,2.178208553218096366e+00,-6.884068631960495566e+01,3.321303370369797392e+00
5.864999999999897184e+00,7.668296263122594825e-01,1.919035609007494703e+00,-4.082365950132544867e+02,1.332386824798657665e+00
5.869999999999897078e+00,7.774244947173494236e-01,1.964870450774178545e+00,-6.125298946704197789e+01,1.136917597112644174e+00
5.874999999999896971e+00,7.875420454076235144e-01,1.961694224834517719e+00,6.427113001756602273e+01,8.903298652193235574e-01
5.879999999999896865e+00,7.972876991631629995e-01,1.928956994942321312e+00,1.274337691352462798e+02,6.462478246968177409e-01
5.884999999999896758e+00,8.067381217667534132e-01,1.893502416432301327e+00,1.732901549768267557e+02,4.557486155204671929e-01
5.889999999999896652e+00,8.159542881015373617e-01,1.865668036190998080e+00,2.272986418617434197e+02,4.081278297178508874e-01
5.894999999999896545e+00,8.250798359610354016e-01,1.924881643435457201e+00,3.783575553345768299e+02,2.079240104280750678e-01
5.899999999999896438e+00,8.323843729011481951e-01,1.835982600477272353e+00,2.962458022880541648e+02,7.510400425279550873e-02
5.904999999999896332e+00,8.404959354290765239e-01,1.543875277679336300e+00,-2.768396997333051957e+01,-1.146252897598555309e-01
5.909999999999896225e+00,8.490703886177174420e-01,1.378416744994350740e+00,-1.729223618185099838e+02,-2.727343054921942400e-01
5.914999999999896119e+00,8.570720250864632961e-01,1.357443735286189002e+00,-1.332037969645153623e+02,-3.771427505209452580e-01
5.919999999999896012e+00,8.649389413047007258e-01,1.190328230784431840e+00,-3.222804969460107714e+02,-5.366699435265265272e-02
5.924999999999895905e+00,8.729513083233585435e-01,1.294901909054832601e+00,-9.907937234401101989e+01,-3.230904927267315152e-01
5.929999999999895799e+00,8.804069252315145366e-01,1.133065195436572692e+00,-2.478146206504945610e+02,-8.258586532752195675e-01
5.934999999999895692e+00,8.879198214295915825e-01,1.111596068998299325e+00,-2.194224182167002652e+02,-3.996119129107128520e-01
5.939999999999895586e+00,8.953167961620945858e-01,1.298457474064329098e+00,6.224287803179728229e+01,-8.237573715967688726e-01
5.944999999999895479e+00,9.026686156163689079e-01,1.797437923033861518e+00,7.770105342316126098e+02,-1.271668205788193173e+00
5.949999999999895373e+00,9.074636228774048963e-01,7.432253688526408997e-01,-6.550046780888018247e+02,-1.517266274930309411e+00
5.954999999999895266e+00,9.144228068213864358e-01,1.599254699249061273e+00,7.164922054930735840e+02,-8.043507812933040624e-01
5.959999999999895159e+00,9.191020466126437194e-01,7.705127934910579457e-01,-6.802633036977484835e+02,-1.947347180139197498e+00
5.964999999999895053e+00,9.251306471297079392e-01,1.047283244635657251e+00,1.079143853200270229e+02,-8.711542037287346441e-01
5.969999999999894946e+00,9.309344310860193650e-01,1.008681248640097117e+00,-4.000864565121365786e+02,-1.496768463803864524e+00
5.974999999999894840e+00,9.362044638036380872e-01,9.468196101917085716e-01,-2.677609522542765603e+02,-1.556633460560012505e+00
5.979999999999894733e+00,9.416216033932709450e-01,1.170935905939546995e+00,4.003585194889277545e+02,-1.793893174422777737e+00
5.984999999999894627e+00,9.468878947462535667e-01,8.239512780839253203e-01,-6.315215081322246533e+02,-3.375869711579324139e+00
5.989999999999894520e+00,9.522868460348294928e-01,1.245000262894461862e+00,5.054372485466010403e+02,-3.611220999513740093e+00
5.994999999999894413e+00,9.568407298663158533e-01,6.816236191376011666e-01,-5.002006280150741873e+02,-4.087800900928484360e+00
5.999999999999894307e+00,9.614511803180916250e-01,1.072927492465566068e+00,4.137312690122213326e+02,-4.040129622542631971e+00
6.004999999999894200e+00,9.652014651475039342e-01,5.973855753077564890e-01,-3.061020662057485993e+02,-4.653203733405328890e+00
6.009999999999894094e+00,9.688881487167306794e-01,8.183813695656905196e-01,2.124363471652996225e+02,-4.660977590876006715e+00
6.014999999999893987e+00,9.720469200278265554e-01,5.633886491458307555e-01,-1.393510506534320825e+02,-5.816819022620229873e+00
6.019999999999893880e+00,9.752462933695187353e-01,5.798929153961775995e-01,-1.154202108006952869e+02,-6.501626057583520968e+00
6.024999999999893774e+00,9.761581527632364752e-01,-4.993928678490016509e-02,-1.151441491915717421e+02,-6.908600242643892386e+00
6.029999999999893667e+00,9.755484204602267173e-01,-3.524078945367093429e-01,-1.357590954781591392e+02,-6.955458996184879616e+00
6.034999999999893561e+00,9.733873482190693593e-01,-4.852738612631149473e-01,4.261137155816328459e+00,-6.437808821581130658e+00
6.039999999999893454e+00,9.700167084101728454e-01,-7.993437951650584905e-01,-8.235428503530617661e+01,-6.750063066934704814e+00
6.044999999999893348e+00,9.651958796478712355e-01,-1.096224237183708983e+00,-6.540417434943041997e+01,-6.735305556668692795e+00
6.049999999999893241e+00,9.590337360219338692e-01,-1.329343533895252616e+00,-5.883109564247695999e+01,-5.969665971868026944e+00
6.054999999999893134e+00,9.513480143475067097e-01,-1.675401656628424885e+00,-7.307015122229574899e+01,-5.950872107018904344e+00
6.059999999999893028e+00,9.423797768182989865e-01,-1.863700824334738160e+00,-3.429305439351297480e+01,-4.836016233049775792e+00
6.064999999999892921e+00,9.318687921269470653e-01,-2.256296376241184731e+00,-8.729561073567299445e+01,-5.137827583420275346e+00
6.069999999999892815e+00,9.199488699021795002e-01,-2.464557579235670648e+00,-1.768580571901895482e+01,-4.042992921566034958e+00
6.074999999999892708e+00,9.063631614733389519e-01,-2.878792699615970729e+00,-7.187792171170936228e+01,-4.304043585100414404e+00
6.079999999999892601e+00,8.911165275296227817e-01,-3.143251768506154065e+00,-3.161657596317643382e+01,-3.353722200988295210e+00
6.084999999999892495e+00,8.740769487717693353e-01,-3.567975756616549976e+00,-6.987151916978083932e+01,-3.482579132601727245e+00
6.089999999999892388e+00,8.554233574632897907e-01,-3.829066961299326444e+00,-4.318348598567432362e+01,-2.371098686247705700e+00
6.094999999999892282e+00,8.347195630291428525e-01,-4.336127416553007485e+00,-9.052359207538800945e+01,-2.635544664426753947e+00
6.099999999999892175e+00,8.120284063709065636e-01,-4.653371918696112886e+00,-4.372409029002663772e+01,-1.483855261365222500e+00
6.104999999999892069e+00,7.876918617586622373e-01,-4.925618147589764462e+00,3.396867982254178298e+00,-9.230885769428232024e-01
6.109999999999891962e+00,7.613796159183906509e-01,-5.434450590162628991e+00,-6.154850218567494835e+01,-9.055506119320400060e-01
6.114999999999891855e+00,7.338705926416811964e-01,-5.539273533046494613e+00,-2.796588216555079498e+01,-1.099571516668031990e-01
6.119999999999891749e+00,7.070831885704895736e-01,-5.230741087655008670e+00,6.265383232743849362e+01,3.936085732205985011e-01
6.124999999999891642e+00,6.817739310120918272e-01,-4.936999551448330692e+00,7.671188259017294797e+01,-2.305250016540476565e-01
6.129999999999891536e+00,6.588385471962148188e-01,-4.353579492924566807e+00,1.187294248677078912e+02,6.604769051037306937e-02
6.134999999999891429e+00,6.394975451951904200e-01,-3.556061933177201428e+00,1.402198573163913409e+02,8.025859699114512580e-02
6.139999999999891322e+00,6.248441229169764410e-01,-2.532837887179023362e+00,1.954196196783055655e+02,-1.509075544529314694e-01
6.144999999999891216e+00,6.143707373092192059e-01,-1.805061038232605775e+00,1.415244417515596922e+02,-1.583795655084894172e+00
6.149999999999891109e+00,6.074980723157887841e-01,-1.084325516983831728e+00,1.444715035003483763e+02,-1.501622615668256833e+00
6.154999999999891003e+00,6.042943114057578446e-01,-3.474134083605505685e-01,1.474172824338257897e+02,-1.807373434965883430e+00
6.159999999999890896e+00,6.049056139944393173e-01,4.259501390166435808e-01,1.561594770475424809e+02,-2.372208014281177224e+00
6.164999999999890790e+00,6.097118917722811338e-01,1.306231579352427730e+00,1.721846477077752979e+02,-2.861106338642798619e+00
6.169999999999890683e+00,6.185032863121039393e-01,1.298755234767190236e+00,-9.012024346852937242e+02,-3.334455345407460136e+00
6.174999999999890576e+00,6.271268173743757002e-01,1.476485086882876496e+00,1.649908004768521153e+02,-2.749091821418883974e+00
6.179999999999890470e+00,6.361754724992807475e-01,2.016972380561178113e+00,3.830799276289272370e+02,-9.642890819200964359e-01
6.184999999999890363e+00,6.462926045547020548e-01,1.704529341847370372e+00,-5.691303699512520780e+02,4.079502469148428290e-01
6.189999999999890257e+00,6.566432945243823038e-01,1.982393817229180399e+00,-1.235313090304389192e+02,3.950280574684144064e+00
6.194999999999890150e+00,6.669725323334461109e-01,2.410132182084625985e+00,5.169276988661833911e+02,4.586816447216033765e+00
6.199999999999890044e+00,6.777776622259585881e-01,1.952410075635695019e+00,-1.892854874829499181e+02,4.411153169489661963e+00
6.204999999999889937e+00,6.874508652406648990e-01,2.038823484439225453e+00,2.160466400726668041e+02,4.557714550001876752e+00
6.209999999999889830e+00,6.970781852411098711e-01,1.824163947099112670e+00,-1.654858361052065447e+02,3.433931431608816531e+00
6.214999999999889724e+00,7.063439495385779310e-01,1.606853883195402677e+00,-6.237988623060674627e+02,2.654874197188238583e+00
6.219999999999889617e+00,7.150276150540665343e-01,1.536000895989122039e+00,-5.376245215958376775e+02,2.303181249206892822e+00
6.224999999999889511e+00,7.229708194584186787e-01,1.700539106434556524e+00,3.791782746962847455e+02,3.135837064278068187e+00
6.229999999999889404e+00,7.313283636331915361e-01,1.548657484864768952e+00,-5.241991931056636531e+02,1.932160989522097250e+00
6.234999999999889297e+00,7.390736288680288535e-01,1.481696656956792868e+00,-1.947767186256658647e+02,1.859322684380900537e+00
6.239999999999889191e+00,7.465035014475922548e-01,1.456735026557283597e+00,4.407968541418996722e+01,2.396131580745802570e+00
6.244999999999889084e+00,7.538128993778110409e-01,1.408480002332945569e+00,-7.495462815401057810e+01,2.117656377342036045e+00
6.249999999999888978e+00,7.610761576662347094e-01,1.395027868628970324e+00,-1.904366979232898132e+02,1.628571150142852808e+00
6.254999999999888871e+00,7.684388069197317650e-01,1.419188195723004586e+00,-3.226448978813115218e+02,1.889852705496176233e+00
6.259999999999888765e+00,7.759942572112632497e-01,1.279801877108347918e+00,-9.278123571094590716e+02,1.039849123483528537e+00
6.264999999999888658e+00,7.825847983165172828e-01,1.290335766230003678e+00,2.743305275233201996e+02,2.018162623637210551e+00
6.269999999999888551e+00,7.900470305410014493e-01,1.283892406930364549e+00,-9.139931420946921889e+02,7.601825747559218804e-01
6.274999999999888445e+00,7.968100581525838777e-01,1.327161497224545794e+00,-1.251086800778998480e+02,1.451746513115209636e+00
6.279999999999888338e+00,8.034638899549622071e-01,1.219858562054919382e+00,-2.602419290865017274e+02,1.341053508787954041e+00
6.284999999999888232e+00,8.100101204050842441e-01,1.356593268209574488e+00,7.785162343752504910e+01,1.303180053932364579e+00
6.289999999999888125e+00,8.171584657777407612e-01,1.970682763827806605e+00,7.071528293065880462e+02,1.622458226886256405e+00
6.294999999999888018e+00,8.228838435328795775e-01,1.410481915267616460e+00,2.253789403790057975e+02,1.457712124689348743e-01
6.299999999999887912e+00,8.291023419822768359e-01,1.241318817720141743e+00,5.161686394142262202e+01,8.101196130591367117e-01
6.304999999999887805e+00,8.358775770752282508e-01,1.312441779922226326e+00,5.007362276601232338e+02,5.579905896153081191e-01
6.309999999999887699e+00,8.426607017223219920e-01,1.293151175726675151e+00,-5.565212326096582274e+02,4.066549429110611902e-01
6.314999999999887592e+00,8.493763923513908409e-01,1.126153826995659912e+00,-7.006612292385382261e+02,-4.392294446126500107e-01
6.319999999999887486e+00,8.555304891381980692e-01,1.367695352115961827e+00,5.697993023150089584e+02,-3.609557128066371856e-01
6.324999999999887379e+00,8.619625995767086213e-01,1.163090370565633247e+00,-4.172859796193039870e+02,-1.643474391690832981e+00
6.329999999999887272e+00,8.690077369647023486e-01,1.578588214854351968e+00,5.335421126074445510e+02,-1.431113880425029627e+00
6.334999999999887166e+00,8.751635167773489377e-01,1.118894043383682035e+00,-3.245647386742560911e+02,-2.256419592176750477e+00
6.339999999999887059e+00,8.818007462683262743e-01,1.483123397910048435e+00,3.534513477094142786e+02,-2.210210272282624899e+00
6.344999999999886953e+00,8.880941561255564221e-01,1.103964734441558182e+00,-3.759902804478724079e+02,-2.237229564240879043e+00
6.349999999999886846e+00,8.945227666686759171e-01,1.407584719881804336e+00,3.451379597084354600e+02,-2.525338925205967033e+00
6.354999999999886739e+00,9.005261169272125166e-01,1.092339450555734670e+00,-2.637626547431664221e+02,-2.833260563235833196e+00
6.359999999999886633e+00,9.068178256024920225e-01,1.377113844554781030e+00,3.193395616322256387e+02,-2.568782713634521819e+00
6.364999999999886526e+00,9.124557202539431700e-01,1.012143040425058205e+00,-2.901843368745927592e+02,-3.421183192620274927e+00
6.369999999999886420e+00,9.181987082160979474e-01,1.242944741843521106e+00,2.480373847334145978e+02,-3.494724429059421489e+00
6.374999999999886313e+00,9.234654016920099684e-01,1.011912636390329689e+00,-1.099075130130930233e+02,-3.557997842552706125e+00
6.379999999999886207e+00,9.286855697516990249e-01,1.077416267243339387e+00,1.483768186235792541e+02,-3.979390587698784731e+00
6.384999999999886100e+00,9.336150940892931072e-01,9.185054279688306123e-01,-1.379083259857642645e+02,-4.145481807109275607e+00
6.389999999999885993e+00,9.374818577174152123e-01,6.674108199209479730e-01,-6.378084321032785198e+01,-3.955616183528352092e+00
6.394999999999885887e+00,9.407495435777935011e-01,6.250716751430703821e-01,-1.455129178690603737e+02,-3.890275885348478901e+00
6.399999999999885780e+00,9.430701284808351570e-01,3.627568443156981015e-01,-3.719076024168767702e+01,-3.917267779943975015e+00
6.404999999999885674e+00,9.442634650406288577e-01,1.602665860541603871e-01,-3.746746126725594905e+01,-4.152849868274506306e+00
6.409999999999885567e+00,9.445657255430224275e-01,1.009375244947360341e-02,-1.181535549355301384e+01,-4.308456427904575392e+00
6.414999999999885461e+00,9.440744353961165736e-01,-1.558976058305038548e-01,-1.897321056602078615e+00,-4.342375799409270876e+00
6.419999999999885354e+00,9.428343820604562220e-01,-3.186233129211110127e-01,-1.120250265790598831e+01,-4.302699596768333024e+00
6.424999999999885247e+00,9.407664722965890514e-01,-5.002592717980325343e-01,-6.287546761813227647e+01,-4.274158650821723526e+00
6.429999999999885141e+00,9.376555373818821204e-01,-7.170116954308738411e-01,-7.696042949235490482e+01,-4.233314848941567732e+00
6.434999999999885034e+00,9.335855971171191925e-01,-8.962974021322127616e-01,-6.969456892698254080e+01,-3.969531152892181058e+00
6.439999999999884928e+00,9.286176341876263285e-01,-1.074480728861781698e+00,-7.150000775434368450e+01,-3.766402732120682106e+00
6.444999999999884821e+00,9.227825655962198503e-01,-1.256081878129753138e+00,-6.522943762900654008e+01,-3.539370295908398134e+00
6.449999999999884714e+00,9.159373206346191898e-01,-1.442218894003346907e+00,-2.345163100995672067e+01,-3.435848067720965737e+00
6.454999999999884608e+00,9.087665715392608812e-01,-1.412058584617160273e+00,2.788328096699868652e+01,-2.577106644417018533e+00
6.459999999999884501e+00,9.012986426707676468e-01,-1.552168923611429774e+00,-4.013550915415250842e+01,-2.922383493319040682e+00
6.464999999999884395e+00,8.928278690559002806e-01,-1.778583515701818607e+00,-3.044571564986520329e+01,-2.959439983886192227e+00
6.469999999999884288e+00,8.839608266340670539e-01,-1.750682587458229023e+00,2.930349916289371848e+01,-2.024933896450761051e+00
6.474999999999884182e+00,8.745672274590550188e-01,-1.966282480667464361e+00,-5.609104608234195410e+01,-2.430361908647861835e+00
6.479999999999884075e+00,8.636405245516093343e-01,-2.317944482654844318e+00,-5.063647364463336231e+01,-2.424017269087447968e+00
6.484999999999883968e+00,8.515979436810553471e-01,-2.435419651988432577e+00,9.758135389074423571e+00,-1.467571270601648825e+00
6.489999999999883862e+00,8.383211283344778053e-01,-2.811417673522326854e+00,-1.076933738998577752e+02,-1.655385482078873149e+00
6.494999999999883755e+00,8.228391546328794881e-01,-3.301191347015090649e+00,-8.970237025444123447e+01,-1.475679598660968761e+00
6.499999999999883649e+00,8.055310820702681340e-01,-3.547327496908800892e+00,-4.523694728819126709e+01,-3.602288606582910724e-01
6.504999999999883542e+00,7.870658451215502005e-01,-3.772728156619688189e+00,-2.983678174746018641e+01,-8.181799206124684698e-01
6.509999999999883435e+00,7.680629258060577280e-01,-3.802901089277619828e+00,-5.062438311610778285e+00,-1.026495252474912689e-01
6.514999999999883329e+00,7.492558454094314646e-01,-3.721805307433820431e+00,3.109632275227228959e+01,-8.912701111262077980e-01
6.519999999999883222e+00,7.318372800345115392e-01,-3.338583830792675400e+00,5.067917706121837540e+01,-4.325248750524468555e-01
6.524999999999883116e+00,7.169540317530589402e-01,-2.752074620916875602e+00,1.117159104567386123e+02,-1.514746744806389378e+00
6.529999999999883009e+00,7.057767728149180186e-01,-1.894750884584170958e+00,1.683300745520352848e+02,-1.439592641855853561e+00
6.534999999999882903e+00,6.989930085072713073e-01,-1.010520068278929484e+00,1.594247250551797208e+02,-1.651737490513551343e+00
6.539999999999882796e+00,6.965153470626163079e-01,-1.621940867784630591e-01,1.700578926657859711e+02,-3.225039219333134977e+00
6.544999999999882689e+00,6.983440766214773499e-01,7.077451712195156341e-01,1.655235349387151871e+02,-2.915374843609133126e+00
6.549999999999882583e+00,7.044726199558030144e-01,1.549147705319728674e+00,1.570742247743261260e+02,-3.565956206776792925e+00
6.554999999999882476e+00,7.120390304770921608e-01,1.386524965383196806e+00,1.167852155162297265e+02,-4.890694074190539808e+00
6.559999999999882370e+00,7.191843199736400738e-01,1.362019224290897723e+00,1.725705736364600966e+02,-4.142902752846084447e+00
6.564999999999882263e+00,7.266018360332617831e-01,1.506945112595583947e+00,2.672553743547055660e+02,-3.642648670115951948e+00
6.569999999999882156e+00,7.332058074764430389e-01,1.663403048550089469e+00,3.019393074887419175e+02,-4.083462048214449247e+00
6.574999999999882050e+00,7.383955417958932843e-01,7.425684034848855086e-01,-9.532040079835254573e+02,-3.531237790322354630e+00
6.579999999999881943e+00,7.457000428232253286e-01,1.564292310329519875e+00,5.055351472852429993e+02,-4.727198763335199727e-01
6.584999999999881837e+00,7.519100665706913711e-01,1.338321916872603268e+00,6.771217342212530355e+01,2.403430460882026720e-01
6.589999999999881730e+00,7.588449300318242940e-01,1.485980283607616137e+00,6.306991977993833416e+02,2.549229169214529467e+00
6.594999999999881624e+00,7.659644943784132964e-01,1.485163521859614422e+00,4.757491826480770669e+02,3.271460624444096243e+00
6.599999999999881517e+00,7.735724916523638583e-01,1.622681722896673451e+00,4.440789327778754796e+02,3.965247212291838075e+00
6.604999999999881410e+00,7.814798771670434796e-01,1.587695449446682394e+00,-4.456535388937977018e+02,3.311851052711692667e+00
6.609999999999881304e+00,7.891511405534173962e-01,1.527825702350707138e+00,-3.139409025229558097e+02,2.766490714284514763e+00
6.614999999999881197e+00,7.965093617973708628e-01,1.472887838873089938e+00,-2.752977356893557612e+02,2.768749204901020278e+00
6.619999999999881091e+00,8.034166762642317439e-01,1.322052837285942584e+00,-4.491521036791021970e+02,1.480556789843923582e+00
6.624999999999880984e+00,8.100263745976842289e-01,1.288468150894846564e+00,-1.355489645558333791e+02,1.820716128187225280e+00
6.629999999999880878e+00,8.164079323312141145e-01,1.225457364915534253e+00,-2.532495865305288589e+02,1.623593437341352974e+00
6.634999999999880771e+00,8.225530899760227221e-01,1.173299996401077072e+00,-1.790637906869731637e+02,9.285990690042095208e-01
6.639999999999880664e+00,8.285733677789051121e-01,1.154465739937327484e+00,-1.279764919348820911e+02,1.017367949101467994e+00
6.644999999999880558e+00,8.345372513696963646e-01,1.141045155987966631e+00,-2.253569952975133788e+02,1.006742974157504467e+00
6.649999999999880451e+00,8.406870334563534275e-01,1.124678973697431195e+00,-6.043857148888433812e+02,2.614583299366401992e-02
6.654999999999880345e+00,8.468047937274613135e-01,1.104344911933182960e+00,-6.986717679097432665e+02,7.703049883575974199e-02
6.659999999999880238e+00,8.527169504435315739e-01,1.111441185743475168e+00,-5.346861005241913745e+02,2.101833326715529804e-01
6.664999999999880131e+00,8.585408253412054602e-01,9.244179740351144980e-01,-9.015891727118442986e+02,-6.790538498318006155e-01
6.669999999999880025e+00,8.634686209051863903e-01,1.087797756767129753e+00,6.826891811827279071e+02,2.760956238322870848e-01
6.674999999999879918e+00,8.691985708884394368e-01,1.061759430898735479e+00,-5.919711843965569642e+02,-3.050109702243027909e-01
6.679999999999879812e+00,8.749467710689454725e-01,9.811270481179156233e-01,-7.312778667806239810e+02,-9.728027679276382012e-01
6.684999999999879705e+00,8.801021960094503882e-01,9.968005298495122846e-01,1.093981122315422851e+02,-4.724463164668211146e-01
6.689999999999879599e+00,8.858991790603104599e-01,1.104508312361365041e+00,-3.894104755371723172e+02,-8.505443471480725881e-01
6.694999999999879492e+00,8.914024519847579819e-01,9.711108218418461613e-01,-4.837043057835615514e+02,-1.918490720215730860e+00
6.699999999999879385e+00,8.973696931901560259e-01,1.350523696305530708e+00,5.917257854464317006e+02,-1.762946926042789686e+00
6.704999999999879279e+00,9.025821619158577169e-01,8.897329886768133855e-01,-4.717596597444878626e+02,-2.455799652190780336e+00
6.709999999999879172e+00,9.086419861785183238e-01,1.448609433588502915e+00,5.338297004707427504e+02,-2.442621799967980234e+00
6.714999999999879066e+00,9.139271787213826270e-01,8.746125233873085492e-01,-4.211899658238324378e+02,-3.192454672636307222e+00
6.719999999999878959e+00,9.196593864716339217e-01,1.336540404834599682e+00,3.972358422375551186e+02,-2.630089104331295502e+00
6.724999999999878852e+00,9.248108389399495310e-01,8.648725564262343957e-01,-3.762428181097724860e+02,-3.576719248224776937e+00
6.729999999999878746e+00,9.302140967597275489e-01,1.209088364185195053e+00,3.105500223164748945e+02,-3.474566939959606859e+00
6.734999999999878639e+00,9.352535667954293697e-01,8.842731115173613210e-01,-2.865031871562083552e+02,-3.656656308499431685e+00
6.739999999999878533e+00,9.404341791448598276e-01,1.147154504143966580e+00,3.144110977284466344e+02,-3.933393015990895414e+00
6.744999999999878426e+00,9.450478968046966965e-01,7.758976495668767903e-01,-3.472265577782711716e+02,-4.760366356093476803e+00
6.749999999999878320e+00,9.497959936694309047e-01,1.062999026874567710e+00,3.120173631501488103e+02,-4.635356582201325182e+00
6.754999999999878213e+00,9.539967568077821758e-01,7.690898798568639450e-01,-1.772509018729786874e+02,-4.854716729215483362e+00
6.759999999999878106e+00,9.581890909437288384e-01,8.882299930375689989e-01,1.947706046831769697e+02,-5.174055435557693983e+00
6.764999999999878000e+00,9.619903511692332598e-01,6.898987556720757031e-01,-9.637560160328776249e+01,-5.290158630918003091e+00
6.769999999999877893e+00,9.651788373466637649e-01,6.045166028163845295e-01,9.651959567213302948e-01,-4.674632001409254833e+00
6.774999999999877787e+00,9.659044097661072525e-01,-1.355190742424111916e-01,-1.147334043590569905e+02,-4.276359568636673103e+00
6.779999999999877680e+00,9.648502610799079005e-01,-3.701401109449654059e-01,-7.391042638301759382e+01,-4.241022376045066267e+00
6.784999999999877573e+00,9.620621473424546544e-01,-6.907580270172007930e-01,-3.972169161919286040e+01,-4.052807109406576735e+00
6.789999999999877467e+00,9.576472316114614802e-01,-1.024883348078907019e+00,-7.556628446229611029e+01,-4.053026070441799078e+00
6.794999999999877360e+00,9.515243835212640056e-01,-1.376706842990314206e+00,-1.059356224677973586e+02,-3.933672064155296688e+00
6.799999999999877254e+00,9.435792262157928212e-01,-1.768074523785926555e+00,-1.145739782114156498e+02,-3.664092285888578715e+00
6.804999999999877147e+00,9.339217947447701063e-01,-2.051584809647547303e+00,-5.172761309646508465e+01,-3.139393993001805327e+00
6.809999999999877041e+00,9.233771754427084755e-01,-2.114880032586082592e+00,4.068577274567458879e+00,-2.338053596686535229e+00
6.814999999999876934e+00,9.120564673568444247e-01,-2.341111030878983534e+00,-3.232738487522477300e+01,-2.367122710950186004e+00
6.819999999999876827e+00,8.991962231336693145e-01,-2.707316291793034679e+00,-5.302627388244663109e+01,-2.184101783736131619e+00
6.824999999999876721e+00,8.844650852364751570e-01,-3.103112780873689136e+00,-8.990500978639069274e+01,-1.728624385008583397e+00
6.829999999999876614e+00,8.675622471301367433e-01,-3.549421967938136913e+00,-7.045767303915096136e+01,-1.536506549452535619e+00
6.834999999999876508e+00,8.489901287772405603e-01,-3.802213659992808914e+00,-3.099638994233252731e+01,-4.517937291138633960e-01
6.839999999999876401e+00,8.299281025036955306e-01,-3.827331596838283723e+00,-2.393274672232027100e+01,-7.919786932765120469e-01
6.844999999999876295e+00,8.115637110243636432e-01,-3.564464717514870706e+00,6.152535233941447501e+01,-1.034401615652401851e+00
6.849999999999876188e+00,7.946876590319401634e-01,-3.231169051601660236e+00,8.792306639094137211e+01,-9.734800677331556518e-01
6.854999999999876081e+00,7.800221713892034892e-01,-2.742335675732999523e+00,7.981789137925865418e+01,-1.848671370490752697e+00
6.859999999999875975e+00,7.689519672496828440e-01,-1.866599734616342321e+00,1.860216821096478270e+02,-2.431911752509162916e+00
6.864999999999875868e+00,7.627021169891771146e-01,-8.329703459096861051e-01,2.263747005535703920e+02,-2.595657608410815165e+00
6.869999999999875762e+00,7.622842421076030384e-01,3.793303775114416077e-01,2.098608404316175609e+02,-3.833186578559311997e+00
6.874999999999875655e+00,7.675679570672537810e-01,7.104037836698297026e-01,-8.513475171305398135e+02,-5.251968853367719348e+00
6.879999999999875548e+00,7.741384274273781507e-01,1.300011810457471384e+00,-2.308592974962884981e+01,-4.332957809634462976e+00
6.884999999999875442e+00,7.810187210877970188e-01,1.444005065157672130e+00,4.470302970962694644e+02,-4.545236749076840610e+00
6.889999999999875335e+00,7.876922389356267873e-01,9.137143703154931851e-01,-9.047595263975796342e+02,-4.173071964933206424e+00
6.894999999999875229e+00,7.951922156773691963e-01,1.864082177837964593e+00,6.506890976666300048e+02,-1.370766657599560290e+00
6.899999999999875122e+00,8.026213190672728537e-01,1.041234587531962852e+00,-9.318675300635244412e+02,-1.517645397381612860e+00
6.904999999999875016e+00,8.109791513402357932e-01,2.094618417797962096e+00,8.236496166238292744e+02,8.977896190179627256e-01
6.909999999999874909e+00,8.188973106398707014e-01,1.174739951521082348e+00,-8.927184433942098849e+02,2.090607628233251969e-01
6.914999999999874802e+00,8.274598015067931023e-01,2.076839594509725551e+00,7.651749626178244625e+02,1.882805493909296857e+00
6.919999999999874696e+00,8.353126062010036712e-01,1.231405515403126261e+00,-7.635419816550140695e+02,9.386800305422031698e-01
6.924999999999874589e+00,8.436687376741640598e-01,1.926909801889560736e+00,6.275846098061535940e+02,1.902450337480945386e+00
6.929999999999874483e+00,8.504690936275821622e-01,9.636939164080605691e-01,-7.813616871616274011e+02,6.794917438636196572e-01
6.934999999999874376e+00,8.587528011760338087e-01,2.201599809800012242e+00,9.665007454452739921e+02,1.811627591904862555e+00
6.939999999999874269e+00,8.659745002040755146e-01,9.410012943171438549e-01,-9.619522111038925232e+02,-5.739670798551522735e-01
6.944999999999874163e+00,8.728734134534633649e-01,1.803301129892725729e+00,9.929833557243742916e+02,3.354366602569001099e-01
6.949999999999874056e+00,8.797538168404949177e-01,1.108383105522080747e+00,-8.990146569497802602e+02,-8.347331160420037310e-01
6.954999999999873950e+00,8.870772140101911285e-01,1.364239429125384095e+00,3.270856193512455548e+02,-1.489683823652122596e-01
6.959999999999873843e+00,8.926073153191235177e-01,1.041912506080222567e+00,-1.842734200100349824e+02,-1.122508045392257570e+00
6.964999999999873737e+00,8.986754723088127284e-01,1.052876227969394174e+00,-1.609803872422032214e+02,-7.920438691615423465e-01
6.969999999999873630e+00,9.047209592360417885e-01,9.818433879802402897e-01,-3.929395223696736821e+02,-1.189223683470003845e+00
6.974999999999873523e+00,9.110939857111263196e-01,1.276951631781387153e+00,5.474717536933916335e+02,-8.691167126028719325e-01
6.979999999999873417e+00,9.153092383691214806e-01,8.172739205763406289e-01,-4.505060009489184836e+02,-2.059449777152332128e+00
6.984999999999873310e+00,9.209941967520821615e-01,9.008065960865914157e-01,-1.380444485448718410e+02,-1.419922449932110808e+00
6.989999999999873204e+00,9.266160261346495508e-01,8.468622512388018775e-01,-4.272730336840161840e+02,-1.336070712491831181e+00
6.994999999999873097e+00,9.323788688284466719e-01,1.120669919985505247e+00,4.128353850423125095e+02,-1.520023683794640812e+00
6.999999999999872990e+00,9.364079797549123008e-01,7.709426641504427691e-01,-3.691288776907271085e+02,-1.897086333981151007e+00
7.004999999999872884e+00,9.419271868064920117e-01,1.213677159605689004e+00,5.202344874574147298e+02,-2.309499607227601725e+00
7.009999999999872777e+00,9.456853153158224501e-01,6.949711880044110446e-01,-3.925862898699958805e+02,-3.127493626473625277e+00
7.014999999999872671e+00,9.512039606756207410e-01,1.409386527869780581e+00,6.289562315805369508e+02,-3.299845373260118730e+00
7.019999999999872564e+00,9.557841330355780762e-01,6.336100736683952794e-01,-6.030764647702525281e+02,-4.480550997451164363e+00
7.024999999999872458e+00,9.604507293619737318e-01,1.115372381799094592e+00,4.469641212190154533e+02,-3.678251823956606881e+00
7.029999999999872351e+00,9.643550734132252389e-01,5.893957188092295851e-01,-4.470822530018206749e+02,-4.950695433282666258e+00
7.034999999999872244e+00,9.683336112647734639e-01,9.126593555416164794e-01,3.115168009713264610e+02,-4.621319479264904828e+00
7.039999999999872138e+00,9.717993820251632497e-01,5.706445583316109849e-01,-2.922880591972549951e+02,-5.249040715285692826e+00
7.044999999999872031e+00,9.753467038923920862e-01,7.977823882902109753e-01,2.647315423990721683e+02,-5.705687414079582354e+00
7.049999999999871925e+00,9.783426089538048709e-01,4.934894494607212079e-01,-2.339125900037844588e+02,-6.739911350880976926e+00
7.054999999999871818e+00,9.814092888198490128e-01,6.387290823682677532e-01,1.476791106155510818e+02,-6.701086558120376679e+00
7.059999999999871712e+00,9.840965312215892435e-01,4.462559967398930794e-01,-1.592611334200149145e+02,-7.174073973531015724e+00
7.064999999999871605e+00,9.854686557600654817e-01,1.677537926202573859e-01,-5.115432963141169154e+01,-6.725219231236985173e+00
7.069999999999871498e+00,9.836133141004350655e-01,-7.061996015538756222e-01,-1.840265585608713934e+02,-6.060417699666540869e+00
7.074999999999871392e+00,9.798066977596973093e-01,-9.553384770535459092e-01,-1.182234330984933166e+02,-5.645990404949069230e+00
7.079999999999871285e+00,9.746008589425843027e-01,-1.106438634852449754e+00,-2.046436529031954166e+01,-4.689287465925206178e+00
7.084999999999871179e+00,9.680531111712885606e-01,-1.475817130412428568e+00,-9.324216419307720116e+01,-5.078537681175988361e+00
7.089999999999871072e+00,9.595763373346727354e-01,-1.864113534732237953e+00,-1.016479452202783875e+02,-4.791491358891047270e+00
7.094999999999870965e+00,9.498845409704347320e-01,-1.983353721112740109e+00,-1.561160293172126146e+01,-3.571024021748504751e+00
7.099999999999870859e+00,9.389713247558402198e-01,-2.336545353132659208e+00,-9.866272459281215390e+01,-3.684124934130903029e+00
7.104999999999870752e+00,9.257583665327528966e-01,-2.858477448532616538e+00,-1.078491952155048779e+02,-3.643058195488764639e+00
7.109999999999870646e+00,9.104985585801061987e-01,-3.165574732642719269e+00,-4.260963037296665590e+01,-2.517352481081965188e+00
7.114999999999870539e+00,8.930349343683787744e-01,-3.691321641413612298e+00,-8.832699653304472065e+01,-2.914666943955364964e+00
7.119999999999870433e+00,8.730521517205643844e-01,-4.170973276802874885e+00,-7.151608410659251547e+01,-2.257657093920379054e+00
7.124999999999870326e+00,8.500342739838256945e-01,-4.862079855756903157e+00,-1.115324965716691565e+02,-2.205648377653893544e+00
7.129999999999870219e+00,8.241333050720540676e-01,-5.377553047415674747e+00,-1.126329643229336170e+02,-1.393125712650884473e+00
7.134999999999870113e+00,7.967040048301062827e-01,-5.543358892168910756e+00,-1.737437025844238647e+01,-1.414273981588927143e+00
7.139999999999870006e+00,7.693361697267327992e-01,-5.414953051286124364e+00,2.917575906532537644e+01,-8.426674253780812585e-01
7.144999999999869900e+00,7.438186258652836891e-01,-4.890667137055892510e+00,1.167123207053966780e+02,-1.386564194732988753e+00
7.149999999999869793e+00,7.226491383523619971e-01,-3.796010354171658552e+00,2.132939371030650193e+02,-1.215162107592522744e+00
7.154999999999869686e+00,7.085312109548478343e-01,-2.178832093955009430e+00,3.344913355898760301e+02,-1.423848047867538158e+00
7.159999999999869580e+00,7.038807524262856719e-01,-1.227586514041616728e-01,3.926307896203724113e+02,-2.442802081031473893e+00
7.164999999999869473e+00,7.102665981889204616e-01,2.092215806541032119e+00,3.844593090600587288e+02,-3.606830385510615855e+00
7.169999999999869367e+00,7.160507404230966877e-01,1.124766323707749205e+00,5.179469504469550429e+02,-2.703516498329379125e+00
7.174999999999869260e+00,7.250518102474874382e-01,2.249766319446582230e+00,6.045938588263645670e+02,5.374738596886741160e-02
7.179999999999869154e+00,7.343871686008969224e-01,2.187319181818799585e+00,3.591889469022529511e+02,1.167480287964726582e+00
7.184999999999869047e+00,7.434951059789138839e-01,1.879396443596402122e+00,1.346626307862144323e+01,2.357071861416578873e+00
7.189999999999868940e+00,7.529867223099694362e-01,1.827219935141078500e+00,-3.535369261609055798e+02,3.593318516893160286e+00
7.194999999999868834e+00,7.626363412107326489e-01,1.753667703543027256e+00,-3.631337859283780176e+02,2.560959025594990557e+00
7.199999999999868727e+00,7.724248496391432628e-01,1.786740816099706919e+00,-2.391395595083760099e+02,2.562668528677253033e+00
7.204999999999868621e+00,7.816724076652533659e-01,1.713653153486119241e+00,-2.268580953856042868e+02,1.639258973307853751e+00
7.209999999999868514e+00,7.906999150376835539e-01,1.647719541461590609e+00,-1.927155733440411325e+02,1.266605191160248278e+00
7.214999999999868407e+00,7.995750667371434028e-01,1.637362495924987060e+00,-1.003939282826809745e+02,1.209872852689959366e+00
7.219999999999868301e+00,8.079564698220728092e-01,1.578126300042962393e+00,-6.182603203076213561e+01,7.834237696312640331e-01
7.224999999999868194e+00,8.160760904301899155e-01,1.505580610544754006e+00,-8.132523757572714374e+01,6.465018374661228862e-01
7.229999999999868088e+00,8.240222857297615500e-01,1.411478857551332844e+00,-2.151238006254887409e+02,2.935769342852841968e-01
7.234999999999867981e+00,8.320703165134554213e-01,1.322519193754643663e+00,-3.731316378808500076e+02,7.888021948159646968e-01
7.239999999999867875e+00,8.396793994502649294e-01,1.295604098860007936e+00,-2.550987219012669129e+02,3.615653951078827699e-01
7.244999999999867768e+00,8.472238390904072158e-01,1.220086006832785674e+00,-3.255815988593295742e+02,-4.197684390857325809e-02
7.249999999999867661e+00,8.545050494781158967e-01,1.188131065708447842e+00,-3.193247739879943765e+02,3.685616186642625136e-01
7.254999999999867555e+00,8.616303900735921006e-01,1.138974926019683087e+00,-3.876003276650515659e+02,8.846104383639952218e-02
7.259999999999867448e+00,8.676681482636464660e-01,1.254998198604959425e+00,6.572868812701162824e+02,2.610875324364567152e-01
7.264999999999867342e+00,8.744082559566422885e-01,1.172666270186715209e+00,-8.862857505310922761e+02,-3.146664311828100136e-01
7.269999999999867235e+00,8.810641806173903356e-01,1.106127264281698608e+00,-9.284261861658652606e+02,-5.374968993959414743e-01
7.274999999999867129e+00,8.877046942322741607e-01,1.208927385078996330e+00,-7.135213563554822258e+02,-5.040711779844254670e-01
7.279999999999867022e+00,8.938212900895593505e-01,1.186732015903282145e+00,-4.763340098750195466e+02,-5.889133955059138170e-01
7.284999999999866915e+00,8.996337925378611322e-01,1.091244716724293795e+00,-4.213854830008727390e+02,-1.351595644577414213e+00
7.289999999999866809e+00,9.054699260590333143e-01,1.049866707036018809e+00,-3.579487771853276854e+02,-2.258571850515468160e+00
7.294999999999866702e+00,9.107739484606705016e-01,1.039409063734429317e+00,3.194531028377729172e+02,-2.089363728534507469e+00
7.299999999999866596e+00,9.163029438187236808e-01,9.790159023467114308e-01,-2.699725773873021808e+02,-2.891587093843789091e+00
7.304999999999866489e+00,9.217309550198690138e-01,9.145864148605991062e-01,-5.098500163596417565e+02,-3.294823303712092422e+00
7.309999999999866382e+00,9.271557458177510647e-01,1.225375489060666734e+00,4.759178958422743904e+02,-2.882107682245945490e+00
7.314999999999866276e+00,9.318835600211339276e-01,7.911959743331363759e-01,-3.717908738773356276e+02,-3.536040510376398327e+00
7.319999999999866169e+00,9.367853269508219505e-01,1.089150301761492523e+00,3.561943236828922181e+02,-3.599682952465669050e+00
7.324999999999866063e+00,9.409507026081186387e-01,6.699167510955017502e-01,-3.751939057761738354e+02,-4.369400791007389095e+00
7.329999999999865956e+00,9.449851413621926932e-01,8.914663557002965311e-01,2.238168755236058303e+02,-4.726330074493066746e+00
7.334999999999865850e+00,9.485237332500058294e-01,6.462281974281438579e-01,-1.417443955601711707e+02,-5.316337717163607479e+00
7.339999999999865743e+00,9.518860977915726274e-01,6.381621613483940969e-01,3.094235195442055897e+01,-5.964676798630886623e+00
7.344999999999865636e+00,9.539312305583311780e-01,2.681741012288638704e-01,-8.249622536093831116e+01,-6.441141241999914335e+00
7.349999999999865530e+00,9.524767769463554634e-01,-6.358365200332131151e-01,-1.586196937289408027e+02,-6.163285896122164154e+00
7.354999999999865423e+00,9.502092513963853460e-01,-5.128650729308397160e-01,-5.603023945099619141e+01,-5.399306875508538717e+00
7.359999999999865317e+00,9.464997087497067918e-01,-9.059314190296122726e-01,-9.644636984262493229e+01,-5.930144048799552259e+00
7.364999999999865210e+00,9.408003194992593521e-01,-1.313895516153243737e+00,-8.437523173019776834e+01,-5.662087608747898848e+00
7.369999999999865103e+00,9.336251714925263290e-01,-1.506573087710436187e+00,-3.333468552212248426e+01,-4.754588538213069704e+00
7.374999999999864997e+00,9.249527677462442421e-01,-1.875272601085177460e+00,-8.100478967164769983e+01,-4.919828421035274069e+00
7.379999999999864890e+00,9.152991902360499976e-01,-1.968815974111240763e+00,-7.742491298771937203e+00,-3.721867631071718030e+00
7.384999999999864784e+00,9.043678771143576212e-01,-2.332874169596141911e+00,-8.182875792167594398e+01,-3.990649553810504457e+00
7.389999999999864677e+00,8.912394404237222734e-01,-2.821241447811706049e+00,-8.610680495694040815e+01,-3.869278807971405332e+00
7.394999999999864571e+00,8.762536595710056497e-01,-3.108362346724395042e+00,-6.032734758467321257e+01,-2.767357355867582136e+00
7.399999999999864464e+00,8.591691148686722013e-01,-3.618429382244862769e+00,-1.013921021246703162e+02,-2.786237084976793899e+00
7.404999999999864357e+00,8.400652766023144480e-01,-3.935350133389940108e+00,-4.786765451338056465e+01,-1.632270402815728438e+00
7.409999999999864251e+00,8.187543711355036447e-01,-4.448034015252065210e+00,-7.125217044327627036e+01,-1.617120910141606416e+00
7.414999999999864144e+00,7.954301551106330859e-01,-4.703026768995682616e+00,5.905668252430628229e+01,-6.350169378721339797e-01
7.419999999999864038e+00,7.708033830308456125e-01,-5.011634529858636000e+00,-3.892163309116556746e+01,-8.515952408336264767e-01
7.424999999999863931e+00,7.467446853138883789e-01,-4.665503938917387572e+00,7.771814556559985476e+01,-1.316105403973222288e-01
7.429999999999863824e+00,7.250754237537860858e-01,-4.090638117020318987e+00,1.478757320654061118e+02,3.395929531942805113e-01
7.434999999999863718e+00,7.066649689012712843e-01,-3.415342026386232188e+00,1.213643220943460364e+02,-7.300681617924562605e-01
7.439999999999863611e+00,6.925571850916767414e-01,-2.439146828778634646e+00,1.864366138670972362e+02,-7.565903095031683012e-01
7.444999999999863505e+00,6.825749223952959355e-01,-1.699074998868959741e+00,1.528759792599819320e+02,-1.911082196671181066e+00
7.449999999999863398e+00,6.763510738729139327e-01,-9.443664272895229139e-01,1.554020233453521485e+02,-2.066535295858297427e+00
7.454999999999863292e+00,6.741558127660198796e-01,-1.101904785811179538e-01,1.655555351525550520e+02,-2.625043501682251978e+00
7.459999999999863185e+00,6.764879691445615517e-01,8.336975380399075375e-01,1.766526052045187498e+02,-3.093248956716936782e+00
7.464999999999863078e+00,6.838063796749430656e-01,1.851112506468559404e+00,1.895435313359554073e+02,-4.547666166968818757e+00
7.469999999999862972e+00,6.912489719772711982e-01,1.623028341607392511e+00,-1.745270552003687499e+02,-4.040050408132476178e+00
7.474999999999862865e+00,6.992013850995316693e-01,1.659399867165314513e+00,5.564195048127464815e+02,-2.580778666614476524e+00
7.479999999999862759e+00,7.070461603747613122e-01,9.143624827910797892e-01,-1.123512828045778861e+03,-1.893001371333391303e+00
7.484999999999862652e+00,7.157958318572110734e-01,1.963074285499115224e+00,1.793158246444951374e+02,1.440701469972327731e+00
7.489999999999862546e+00,7.244587779151095974e-01,1.839886773864890301e+00,1.112635323591049428e+02,2.672950679418795161e+00
7.494999999999862439e+00,7.327311756281433830e-01,1.567992479400457384e+00,-4.190349684936492736e+02,3.415721160955008440e+00
7.499999999999862332e+00,7.412198022278508880e-01,1.459252631679144097e+00,-5.370625013206781659e+02,3.937309009946281968e+00
7.504999999999862226e+00,7.508674112900524111e-01,1.322180523345651837e+00,-5.290901142947604967e+02,3.446309010812251827e+00
7.509999999999862119e+00,7.598337768157205074e-01,1.639113919432063193e+00,-2.173608609550020887e+01,2.275060716266504190e+00
7.514999999999862013e+00,7.681303008004969346e-01,1.693880729243192551e+00,1.214691739168086713e+02,1.992854232327553987e+00
7.519999999999861906e+00,7.760077971371694971e-01,1.604408636799522059e+00,1.065784116523234246e+02,1.252364477213625760e+00
7.524999999999861799e+00,7.835455604187719914e-01,1.445431348429095486e+00,-3.208131198016259589e+01,1.720310936677184266e+00
7.529999999999861693e+00,7.909990233285789651e-01,1.352945902225118902e+00,-7.151913156566621410e+01,1.173185362117524777e+00
7.534999999999861586e+00,7.983651247995595668e-01,1.251087132849825423e+00,-1.210936814917061213e+02,7.727625735798692164e-01
7.539999999999861480e+00,8.054539094645555286e-01,1.179249874372853668e+00,-1.725615199002422173e+02,1.124508976702512708e+00
7.544999999999861373e+00,8.127783411883511278e-01,1.299611758401709061e+00,4.867854006819695911e+01,7.458718053367061618e-01
7.549999999999861267e+00,8.193806523946188802e-01,1.073733102592762556e+00,-2.154208938881075142e+02,8.287402151821885443e-01
7.554999999999861160e+00,8.261871520465564611e-01,1.515378982797619178e+00,6.406630357620349514e+02,5.880261345690196428e-01
7.559999999999861053e+00,8.310896305456895172e-01,9.575229444627209041e-01,-4.437896410046690789e+02,2.608003694481866308e-01
7.564999999999860947e+00,8.373169491153302779e-01,1.092738217028084602e+00,1.104988081538622424e+02,1.941772590743549021e-01
7.569999999999860840e+00,8.429068449528501761e-01,1.084758048892703108e+00,4.521438926293544114e+02,5.519716329484896100e-01
7.574999999999860734e+00,8.487327936390860472e-01,9.139332587044896039e-01,-6.323331284143483799e+02,2.919262425209885325e-01
7.579999999999860627e+00,8.538363648918619875e-01,9.927197772469747994e-01,-2.102345314964813099e+02,1.649833163704624850e-01
7.584999999999860520e+00,8.598920055878519486e-01,1.613695372853297449e+00,5.344335710429787696e+02,5.004777760169780709e-01
7.589999999999860414e+00,8.652025947028534336e-01,1.272652931145738187e+00,2.029525470842763184e+02,-8.951903653706915209e-01
7.594999999999860307e+00,8.709086420463918454e-01,1.160574865350261664e+00,8.062859767398524014e+01,-8.595186332318193179e-01
7.599999999999860201e+00,8.772484033624332600e-01,1.558726406428284639e+00,5.263079492314124082e+02,-1.598470880020808949e+00
7.604999999999860094e+00,8.825479617973632784e-01,8.763618321691430957e-01,-4.296989428385595602e+02,-2.486221182426419762e+00
7.609999999999859988e+00,8.886385338190728733e-01,1.471803721067985293e+00,4.727853431156959232e+02,-1.950481620453037745e+00
7.614999999999859881e+00,8.941288992786081691e-01,9.083687450605105740e-01,-3.700650888687254678e+02,-2.747714290698449080e+00
7.619999999999859774e+00,8.997787640649331786e-01,1.271731926881464192e+00,3.033141106614174873e+02,-2.671102846032599398e+00
7.624999999999859668e+00,9.051110315082633306e-01,9.264972363986631043e-01,-3.094407177742789941e+02,-2.855645654550684753e+00
7.629999999999859561e+00,9.105128174757205484e-01,1.182783181655112648e+00,2.827250121598311807e+02,-3.047037350413570600e+00
7.634999999999859455e+00,9.153535867286929362e-01,8.622810090760675283e-01,-2.583457802669123566e+02,-3.968724154123369985e+00
7.639999999999859348e+00,9.202726176713105222e-01,1.054488533544585938e+00,2.127733591211925273e+02,-3.987665254080049237e+00
7.644999999999859241e+00,9.247702532778100393e-01,8.468369105683840603e-01,-1.300187359291513474e+02,-4.547946082504028098e+00
7.649999999999859135e+00,9.292326242407938919e-01,8.878080889481630988e-01,7.155431515655608621e+01,-4.752457346319375553e+00
7.654999999999859028e+00,9.329397561337241518e-01,6.925377837671149450e-01,-1.147135767806049422e+01,-4.998516795887456787e+00
7.659999999999858922e+00,9.341282124912264617e-01,-5.310546674109049847e-02,-1.471447717785404734e+02,-4.607078669717702191e+00
7.664999999999858815e+00,9.338050081114239731e-01,-2.227702344536723889e-01,-1.282961325377032153e+02,-4.609898897267517448e+00
7.669999999999858709e+00,9.317023792838390328e-01,-5.675922212215283036e-01,-1.017962894335533264e+02,-4.374706381869303051e+00
7.674999999999858602e+00,9.279574267360208850e-01,-8.951151549523581608e-01,-7.224694021173104375e+01,-4.298110867482107800e+00
7.679999999999858495e+00,9.235646629725073886e-01,-8.781268393637103875e-01,-1.955280303483002768e+01,-3.400106652197574686e+00
7.684999999999858389e+00,9.190230768219902480e-01,-9.274084878618279459e-01,3.034807261263701150e+00,-3.472537527960466441e+00
7.689999999999858282e+00,9.138588355594804424e-01,-1.104417703915691273e+00,-3.361561418538044421e+01,-3.593571085865785442e+00
7.694999999999858176e+00,9.075619354650856785e-01,-1.391583332352546165e+00,-9.115084372971541882e+01,-3.555650987166596000e+00
7.699999999999858069e+00,9.002331624924627684e-01,-1.533978677123026824e+00,-2.726034741029824815e+01,-2.975549942190570452e+00
7.704999999999857963e+00,8.926529150910449406e-01,-1.495317111067745453e+00,2.270332942619536709e+01,-2.211597707486457232e+00
7.709999999999857856e+00,8.846554437839335705e-01,-1.680732377813067835e+00,-5.109829289705108835e+01,-2.623711692018334318e+00
7.714999999999857749e+00,8.752555682097961087e-01,-2.013635136242018842e+00,-6.858022815901317415e+01,-2.909508033203797694e+00
7.719999999999857643e+00,8.645037100060511959e-01,-2.225621672070965396e+00,-1.668608933506089542e+01,-2.496061265809673912e+00
7.724999999999857536e+00,8.520921935254064383e-01,-2.657893552517193392e+00,-1.094738946041952232e+02,-2.812070424656297529e+00
7.729999999999857430e+00,8.377620437510171492e-01,-3.018486980846978085e+00,-6.634081490138959225e+01,-2.160104787773194701e+00
7.734999999999857323e+00,8.209170679762616274e-01,-3.578628155122703269e+00,-1.172263629779459535e+02,-2.013808203005464037e+00
7.739999999999857216e+00,8.011291507750023522e-01,-4.186544995217735377e+00,-1.022495672653170828e+02,-1.897782482340383492e+00
7.744999999999857110e+00,7.791272675344544929e-01,-4.531459703030993325e+00,-6.642111252917908359e+01,-1.282048907437790763e+00
7.749999999999857003e+00,7.562015410376656810e-01,-4.622114168830841585e+00,-1.638207918595069756e+01,-1.644078134429665994e+00
7.754999999999856897e+00,7.342072745619633301e-01,-4.243911260379496397e+00,7.210657082999826173e+01,-1.376061354036392181e+00
7.759999999999856790e+00,7.152594638931372151e-01,-3.485366278011017283e+00,1.562533415939013821e+02,-1.458716507891792080e+00
7.764999999999856684e+00,7.010227415942229534e-01,-2.425504590003690009e+00,2.120938480640492401e+02,-2.315654555766495371e+00
7.769999999999856577e+00,6.931227937445083587e-01,-1.034665514371526651e+00,2.635495523984738497e+02,-2.432440007823455375e+00
7.774999999999856470e+00,6.932932608220176984e-01,6.989494840970486011e-01,3.224029084290359606e+02,-3.818632911429095333e+00
7.779999999999856364e+00,6.998096719790537490e-01,1.168118381701183095e+00,3.522626866242298433e+02,-3.187980587195360815e+00
7.784999999999856257e+00,7.079774986963826011e-01,1.830937393569685767e+00,3.951170409039863785e+02,-2.623577242334361959e+00
7.789999999999856151e+00,7.164234106517273215e-01,1.645686378498250280e+00,-7.937568483257850858e+02,-1.223307762812509969e+00
7.794999999999856044e+00,7.256425950147844528e-01,1.961063347845843463e+00,1.799732593892391037e+02,1.626437005361752730e+00
7.799999999999855937e+00,7.359886500439055679e-01,2.207354819062980145e+00,2.611446540899976299e+02,2.659123993118966744e+00
7.804999999999855831e+00,7.464130693606509936e-01,2.372289841680294664e+00,4.016711518397341933e+02,2.647818989673258905e+00
7.809999999999855724e+00,7.562782198712000303e-01,1.742297614962702079e+00,-2.953411897371268537e+02,3.337982780772074776e+00
7.814999999999855618e+00,7.661677525907382158e-01,1.923658705343373798e+00,-6.536762697904640618e+01,2.023833201798806769e+00
7.819999999999855511e+00,7.761035273303895643e-01,2.269112183196543953e+00,4.206674306214225112e+02,1.741932334798275805e+00
7.824999999999855405e+00,7.856008722033541725e-01,2.144134529549440504e+00,3.736169331161293030e+02,9.477281126547386636e-01
7.829999999999855298e+00,7.946934989585265896e-01,1.995368689233489645e+00,2.807723434315628879e+02,8.145822981153351128e-01
7.834999999999855191e+00,8.034586241131614903e-01,1.907592157504722774e+00,2.563788398755487492e+02,8.277855785356049712e-01
7.839999999999855085e+00,8.118882400096611995e-01,1.801397370564361555e+00,1.979275740360563987e+02,6.878289970706128464e-01
7.844999999999854978e+00,8.200665287019119898e-01,1.794854928433169405e+00,2.564703371502694722e+02,6.708607772755854626e-01
7.849999999999854872e+00,8.281335227666890564e-01,1.945844092056278285e+00,4.998527899835850121e+02,5.806158739062944329e-01
7.854999999999854765e+00,8.361167616272447978e-01,2.093516229153582486e+00,7.118091251713794918e+02,2.552446297910705431e-01
7.859999999999854658e+00,8.439580453725739062e-01,2.153297005132775332e+00,8.206993713002191271e+02,-4.430316718569837775e-02
7.864999999999854552e+00,8.515802968291357189e-01,2.100851387206910115e+00,8.205281638376277442e+02,4.180875103137831061e-01
7.869999999999854445e+00,8.591897785535201892e-01,2.246581365564860544e+00,1.016617273158484295e+03,-7.904131358093091642e-03
7.874999999999854339e+00,8.649013236508312774e-01,4.095231248355243325e-01,-9.917631213827485226e+02,-6.607820895057842092e-01
7.879999999999854232e+00,8.712246622397999962e-01,1.265638733853218678e+00,-4.822340644191842607e+00,5.216664533861825603e-01
7.884999999999854126e+00,8.782149966467721613e-01,1.010147327877138013e+00,-3.078170839290945651e+02,-1.458139164308925873e-01
7.889999999999854019e+00,8.849298504245558528e-01,1.399801626825427636e+00,5.037061575183037689e+02,-2.467085943624021671e-01
7.894999999999853912e+00,8.901083702283340005e-01,1.067676654115414348e+00,-4.001541179642970292e+02,-9.888526331485424370e-01
7.899999999999853806e+00,8.959291951888673777e-01,1.302133007731487879e+00,7.713429190061041254e+02,4.770517654929573581e-02
7.904999999999853699e+00,9.021086448484151310e-01,1.081398621025167373e+00,-8.214692660192251878e+02,-1.005049402865317409e+00
7.909999999999853593e+00,9.083520369528428340e-01,1.011110452116101177e+00,-7.856881180572336234e+02,-1.004282017562540652e+00
7.914999999999853486e+00,9.137195610519145417e-01,1.136621749085747979e+00,4.498731094925137199e+02,-6.330876282624275930e-01
7.919999999999853380e+00,9.193377078964002358e-01,1.025951591047464584e+00,-4.106251577184608550e+02,-2.164996563483508218e+00
7.924999999999853273e+00,9.243245390107071024e-01,9.724762386169174544e-01,3.466362848661306089e+02,-2.565269894008419982e+00
7.929999999999853166e+00,9.297494510562022141e-01,8.171754742622255874e-01,-6.839886783679049813e+02,-3.068882736373283571e+00
7.934999999999853060e+00,9.347668425259912928e-01,1.151720871991851247e+00,3.338173416986381881e+02,-3.131596118288844544e+00
7.939999999999852953e+00,9.396266427277779609e-01,7.695826744797662489e-01,-4.347036412510010450e+02,-3.696994799916593966e+00
7.944999999999852847e+00,9.446640899458100815e-01,1.162938479282971116e+00,3.721687525571547326e+02,-3.128772392054715468e+00
7.949999999999852740e+00,9.489646747535831484e-01,7.174445757825030912e-01,-3.438070549285463926e+02,-4.143625287487967768e+00
7.954999999999852633e+00,9.533473733721752330e-01,9.650112414377904901e-01,2.712756698560892232e+02,-4.206340824335841333e+00
7.959999999999852527e+00,9.570968211144803561e-01,6.552550503155774031e-01,-2.156985151783369190e+02,-4.922092150779725728e+00
7.964999999999852420e+00,9.607519084803342047e-01,7.598699558602504123e-01,1.225343496747555037e+02,-5.418481525788592101e+00
7.969999999999852314e+00,9.640143779934058355e-01,5.713324369868131303e-01,-1.618555087409046109e+02,-6.291743995361345654e+00
7.974999999999852207e+00,9.663423529391432787e-01,4.024762193464189730e-01,-5.570694918354998748e+01,-6.783807183130266871e+00
7.979999999999852101e+00,9.656492139352179649e-01,-4.858991129689421706e-01,-1.774733294925996461e+02,-6.410911462721686327e+00
7.984999999999851994e+00,9.629027901037513493e-01,-7.397764506515608351e-01,-1.153280137660343314e+02,-6.139002832038015001e+00
7.989999999999851887e+00,9.587916396027529320e-01,-8.918395282636276677e-01,-2.718077760008619848e+01,-5.504282494300425377e+00
7.994999999999851781e+00,9.533713387612859913e-01,-1.238421090485722242e+00,-7.686578260480641234e+01,-5.902777163785683179e+00
7.999999999999851674e+00,9.460815882411574007e-01,-1.623837581380427553e+00,-9.870363509587012629e+01,-5.816024255102925089e+00
8.004999999999851568e+00,9.371270216236152750e-01,-1.905209487959693471e+00,-4.660453421859537571e+01,-4.945436205383454187e+00
8.009999999999852349e+00,9.263933797854201346e-01,-2.332962127841954558e+00,-1.040769063061453039e+02,-4.933158606910859056e+00
8.014999999999853131e+00,9.133538502931338732e-01,-2.805445724727913426e+00,-9.776667040538706033e+01,-4.611127840989423632e+00
8.019999999999853912e+00,8.985092185883405413e-01,-3.081388938977955849e+00,-7.751128437152614481e+01,-3.523990371503547880e+00
8.024999999999854694e+00,8.818272798275130775e-01,-3.499199548297656115e+00,-7.755229622735785711e+01,-3.434561671079375600e+00
8.029999999999855476e+00,8.635466639246578424e-01,-3.737900599205834506e+00,-2.740194564351298467e+01,-2.479896243976552839e+00
8.034999999999856257e+00,8.433905306397100343e-01,-4.187566396663051194e+00,-6.876000664937261320e+01,-2.589031637586383550e+00
8.039999999999857039e+00,8.218382175064682382e-01,-4.367264315852342982e+00,-4.391165681693953360e+01,-1.475198459534502682e+00
8.044999999999857820e+00,7.989245690106280273e-01,-4.690755616069884226e+00,-2.976598457449636115e+01,-1.574364969627871425e+00
8.049999999999858602e+00,7.747733317854039736e-01,-4.889226281909541783e+00,-2.381686106663116576e+01,-5.598360754626185987e-01
8.054999999999859384e+00,7.492635024446899772e-01,-5.242433450894217195e+00,-7.464946387943980710e+01,-7.408115098612033655e-01
8.059999999999860165e+00,7.232105260319161566e-01,-5.186581099226762248e+00,9.143024128325938804e+00,1.230933438280352732e-01
8.064999999999860947e+00,6.976543836721611491e-01,-5.051087287353455579e+00,4.477591564849916494e+01,-1.901078049921705038e-01
8.069999999999861728e+00,6.736955946940067497e-01,-4.617886370677555696e+00,9.429635520443261498e+01,3.136051590280501955e-01
8.074999999999862510e+00,6.527245976171340835e-01,-3.920516859779938024e+00,1.257535921491911779e+02,6.069468807838394042e-01
8.079999999999863292e+00,6.353581019614473746e-01,-3.195041972661994301e+00,1.266237098155335730e+02,-5.514649620264937546e-01
8.084999999999864073e+00,6.221929286478140586e-01,-2.267524959595791589e+00,1.726181050671910100e+02,-3.912299869372009020e-01
8.089999999999864855e+00,6.133405432913874300e-01,-1.449187394281878705e+00,1.601317643620641036e+02,-1.500487325847503328e+00
8.094999999999865636e+00,6.084327857161735409e-01,-6.827873849121373073e-01,1.390792203891736278e+02,-1.648600793652573726e+00
8.099999999999866418e+00,6.079448484835107136e-01,2.623432259104503950e-01,1.678551630914982411e+02,-2.148048668302338982e+00
8.104999999999867200e+00,6.123506619989347310e-01,1.264513669616452507e+00,1.944787329144222099e+02,-2.310122856411692904e+00
8.109999999999867981e+00,6.211902298475499018e-01,2.061882595458554235e+00,1.118399371697343838e+02,-3.759158519222955963e+00
8.114999999999868763e+00,6.297861155328540184e-01,1.884317242641624590e+00,-8.637717068324300840e+01,-3.127712403535128249e+00
8.119999999999869544e+00,6.380797140963708758e-01,1.599039876393627990e+00,4.489152880983726845e+02,-1.763111324414217140e+00
8.124999999999870326e+00,6.477961342067810602e-01,2.287713306776678390e+00,4.751170755266348351e+02,-1.152541862696919051e+00
8.129999999999871108e+00,6.569133266288110784e-01,1.518810992292671802e+00,-5.989685766015898025e+02,2.769416477452493197e-01
8.134999999999871889e+00,6.675219443892440596e-01,2.535771722637351289e+00,6.940958846654334593e+02,3.228160680154433138e+00
8.139999999999872671e+00,6.766450454854713303e-01,1.986283891691184467e+00,7.967186913865022291e+01,3.249945716291737341e+00
8.144999999999873452e+00,6.861332009410827659e-01,1.662744384447327528e+00,-3.100972196027697123e+02,4.764055603582751708e+00
8.149999999999874234e+00,6.956998068240124455e-01,1.741189207443722964e+00,-1.537846000003623885e+02,4.530402039602198450e+00
8.154999999999875016e+00,7.050502069124595650e-01,1.549965230683527206e+00,-2.999591558871994152e+02,3.361623177456998235e+00
8.159999999999875797e+00,7.139979786539912832e-01,1.588217708512461357e+00,-1.193074897184633585e+02,2.731120003341840352e+00
8.164999999999876579e+00,7.223966684594540499e-01,1.611885002621466390e+00,3.918707128923954564e+00,2.858210780764252057e+00
8.169999999999877360e+00,7.304480568186570988e-01,1.541553905655663526e+00,-1.273255639206937317e+01,2.236672777212327379e+00
8.174999999999878142e+00,7.382928374760542312e-01,1.463584880616359607e+00,-5.995786597006262753e+01,2.544041029308492519e+00
8.179999999999878924e+00,7.460641687137800071e-01,1.364554660854535140e+00,-1.266361513120435518e+02,1.861594836705223077e+00
8.184999999999879705e+00,7.537006875582968890e-01,1.312701475365766868e+00,-1.582505460174471921e+02,2.290779623228445860e+00
8.189999999999880487e+00,7.613430239582807957e-01,1.292654860303876774e+00,-1.170422971470401023e+02,1.648340130528220371e+00
8.194999999999881268e+00,7.686132618330490107e-01,1.226601612626488924e+00,-1.908514220694888763e+02,1.924858504363996747e+00
8.199999999999882050e+00,7.764983108657341759e-01,1.742057166262055201e+00,5.190840294114904054e+02,1.422002145685364649e+00
8.204999999999882832e+00,7.822392690889055089e-01,1.493793136971591773e+00,2.960164344092671058e+02,1.326378039124979757e+00
8.209999999999883613e+00,7.885212254173815660e-01,1.281358292489767292e+00,1.948649063178711742e+02,9.271232276372807224e-01
8.214999999999884395e+00,7.950650856566784386e-01,1.235894201221475086e+00,-1.517432248942099591e+02,1.192046143689299509e+00
8.219999999999885176e+00,8.017659052267732678e-01,1.090039178049429847e+00,-6.889256881751117589e+02,1.229475601862344059e+00
8.224999999999885958e+00,8.078406717854282881e-01,1.183952371329024533e+00,-1.829860937075421816e+02,1.016032854312600264e+00
8.229999999999886739e+00,8.146162057666475054e-01,1.659994455338795305e+00,4.180066165206222308e+02,1.426239405798369386e+00
8.234999999999887521e+00,8.212507305431098192e-01,1.353930229116018236e+00,1.050764222707931026e+02,4.515421720980464793e-01
8.239999999999888303e+00,8.277998206195078534e-01,1.289240194281871643e+00,2.866979650601563989e+01,2.916776109702083897e-01
8.244999999999889084e+00,8.348193984383974753e-01,1.430619008403686943e+00,1.513791543503987782e+02,-4.372747552783019520e-01
8.249999999999889866e+00,8.415835092401495743e-01,1.562727086906782858e+00,3.176216750055443754e+02,-1.275024618170245150e+00
8.254999999999890647e+00,8.479428144659710842e-01,1.411762637076024340e+00,1.876165911370220840e+02,-1.338800641111659973e+00
8.259999999999891429e+00,8.548696464738487766e-01,1.601047778352425954e+00,4.564250901433060790e+02,-1.771767335360128648e+00
8.264999999999892211e+00,8.610218149871557980e-01,1.103930494069163659e+00,-3.247622743870552995e+02,-2.145959475648938852e+00
8.269999999999892992e+00,8.677607927404734633e-01,1.547244131929659927e+00,3.862243125953334015e+02,-1.613620335898553471e+00
8.274999999999893774e+00,8.739460799000061675e-01,1.100723492081433275e+00,-3.201876142162890915e+02,-2.388405096223757518e+00
8.279999999999894555e+00,8.803850852465062715e-01,1.410581876610653262e+00,3.045634718470761868e+02,-2.520034175445797331e+00
8.284999999999895337e+00,8.864001025206439399e-01,1.081754811529990645e+00,-2.698637565419547855e+02,-2.570526688458664388e+00
8.289999999999896119e+00,8.923860042899416367e-01,1.285416142255932703e+00,2.955762719686016453e+02,-3.167802107900083541e+00
8.294999999999896900e+00,8.978925084455353645e-01,9.995461532575755648e-01,-2.422541210747116622e+02,-3.665452904083364771e+00
8.299999999999897682e+00,9.033810889755465867e-01,1.139054504946862556e+00,1.407144886270592679e+02,-3.942730050204984238e+00
8.304999999999898463e+00,9.084186813339111266e-01,9.350752485082699517e-01,-1.498945615421753814e+02,-4.549669987435541962e+00
8.309999999999899245e+00,9.131921502992987882e-01,9.800540613958985681e-01,1.097445532691776826e+01,-4.648537439939798510e+00
8.314999999999900027e+00,9.162504491687423203e-01,3.802796039464960143e-01,-8.718495693203870189e+01,-4.362191574693127905e+00
8.319999999999900808e+00,9.186206115526502902e-01,3.394180761036126315e-01,-8.059015390546457525e+01,-4.350987853715283293e+00
8.324999999999901590e+00,9.193069911669042860e-01,3.805944485722762699e-04,-3.219379690267697214e+01,-4.304776509172264731e+00
8.329999999999902371e+00,9.186249066165634858e-01,-2.377453822237336201e-01,-1.152306851393881892e+01,-4.212559055563654731e+00
8.334999999999903153e+00,9.168885629694522033e-01,-4.291184800015423462e-01,-1.469868262398303393e+01,-4.090694877940443952e+00
8.339999999999903935e+00,9.142548357828809147e-01,-6.039216753548246608e-01,-3.590077207830746886e+01,-3.947401837401687263e+00
8.344999999999904716e+00,9.104837896873301251e-01,-8.677482688101102459e-01,-8.586792472499163864e+01,-3.996225679207927595e+00
8.349999999999905498e+00,9.054606563077017833e-01,-1.135588464032027511e+00,-8.413341904711457175e+01,-3.637108312945429578e+00
8.354999999999906279e+00,8.989165413726335485e-01,-1.427467455609846780e+00,-4.748667540019695821e+01,-3.871783904901041851e+00
8.359999999999907061e+00,8.910716477920552769e-01,-1.647909602835035070e+00,-2.107302761906698407e+01,-3.509009819392713503e+00
8.364999999999907843e+00,8.817078520068107883e-01,-2.028211948447919077e+00,-9.130115470604496863e+01,-3.697086771405389882e+00
8.369999999999908624e+00,8.700913979151997379e-01,-2.527738347773205163e+00,-9.495574910405487401e+01,-3.592424746432078209e+00
8.374999999999909406e+00,8.559459306346479668e-01,-3.030405612000827364e+00,-1.180368939540537241e+02,-2.932714270621081809e+00
8.379999999999910187e+00,8.385984775083509257e-01,-3.737511171152445133e+00,-1.179333523110841355e+02,-2.816058758145668861e+00
8.384999999999910969e+00,8.179922685968444851e-01,-4.350411698047688347e+00,-1.176976462202288047e+02,-1.982440088592367200e+00
8.389999999999911751e+00,7.947568337744613798e-01,-4.835321245335259199e+00,-7.737783966770713562e+01,-1.951265129586147840e+00
8.394999999999912532e+00,7.700555068862782182e-01,-4.987255781837069968e+00,-8.032765238954079123e+00,-1.490984184353491226e+00
8.399999999999913314e+00,7.454502641479253677e-01,-4.862473454421047947e+00,3.325063497297851711e+01,-1.267813842207707431e+00
8.404999999999914095e+00,7.228979256938544706e-01,-4.279617502906020832e+00,1.142436137352384833e+02,-1.940669614544241917e+00
8.409999999999914877e+00,7.046986545380933276e-01,-3.227511260982679708e+00,1.920868401021654392e+02,-1.704762510761587579e+00
8.414999999999915659e+00,6.935107139797060949e-01,-1.607358157432104528e+00,3.057202846315926763e+02,-2.600987451213701007e+00
8.419999999999916440e+00,6.917110107575484834e-01,4.230282531668126400e-01,3.745193542612724968e+02,-2.568181646366069160e+00
8.424999999999917222e+00,6.987476888473103109e-01,9.869667527066448010e-01,-1.111682148023232230e+03,-3.987975839599501526e+00
8.429999999999918003e+00,7.064191385949317725e-01,1.843111365270648117e+00,4.154139751200698925e+02,-1.446821564740997879e+00
8.434999999999918785e+00,7.139202955536317896e-01,1.574674464934358475e+00,1.224102737376124566e+02,-3.056909437815622521e-01
8.439999999999919567e+00,7.227696993068551956e-01,1.834500110872802736e+00,-2.193445046873962383e+02,1.647133184998094579e+00
8.444999999999920348e+00,7.331270176680054762e-01,2.310134085780832791e+00,3.069037725776900629e+02,2.356665660822880426e+00
8.449999999999921130e+00,7.437564021423306304e-01,2.269831387578852055e+00,2.157359961728238886e+02,2.190326966830894673e+00
8.454999999999921911e+00,7.538159913472550766e-01,1.482970257219211163e+00,-6.937550775172320527e+02,3.711757195180891422e+00
8.459999999999922693e+00,7.649230142295235790e-01,2.653586172620396422e+00,7.066436728231562938e+02,2.190177719628231046e+00
8.464999999999923475e+00,7.749972748742919304e-01,2.085330360463664601e+00,1.281780624894280720e+02,1.012691187314353147e+00
8.469999999999924256e+00,7.848070908216270292e-01,2.061203740507397963e+00,1.681917107740958102e+02,1.184439830940951843e+00
8.474999999999925038e+00,7.943399096169752038e-01,2.032379256259171374e+00,2.239642970373649007e+02,1.027240746953581585e+00
8.479999999999925819e+00,8.035555674427944384e-01,1.799819930200357243e+00,-1.641552408040261923e+01,7.387280518959543629e-01
8.484999999999926601e+00,8.125233583768796120e-01,1.723059554816184002e+00,-4.313260869774848061e+01,6.795671966207738057e-01
8.489999999999927383e+00,8.212636851262304916e-01,1.595650767076832288e+00,-1.657487036740794224e+02,5.815810499477569451e-01
8.494999999999928164e+00,8.298102558529631967e-01,1.575053906929191339e+00,-1.265943600423928501e+02,5.720374426440159032e-01
8.499999999999928946e+00,8.381030944867448040e-01,1.478740833694361045e+00,-2.094363153906333537e+02,4.588548277724707747e-01
8.504999999999929727e+00,8.462336759343946913e-01,1.866503044050703553e+00,4.247782372978675767e+02,5.689836365042911792e-01
8.509999999999930509e+00,8.542606704463249212e-01,2.021835172946604420e+00,6.005717079908476990e+02,7.471632725863341928e-02
8.514999999999931291e+00,8.623413755110058698e-01,2.282308690171348964e+00,9.412255975328059776e+02,-2.977702105107756791e-01
8.519999999999932072e+00,8.687793071931803057e-01,6.329737724799038290e-01,-1.051248292602719857e+03,-6.039151796912597403e-01
8.524999999999932854e+00,8.765902403544220123e-01,2.241380147254362853e+00,1.009996481789063978e+03,3.619760766906612304e-01
8.529999999999933635e+00,8.823213796630019479e-01,3.495164812544890864e-01,-1.076082698164025715e+03,-1.349757248531915810e+00
8.534999999999934417e+00,8.890274890075344771e-01,1.411473393953009747e+00,1.464168358216888919e+02,3.581633468948928201e-01
8.539999999999935199e+00,8.960117696512184260e-01,1.594479742875523298e+00,6.450412661997609121e+02,-9.012453993861972990e-01
8.544999999999935980e+00,9.013020609523917370e-01,1.020171229901277288e+00,-5.276590899240671888e+02,-1.725710540371785617e+00
8.549999999999936762e+00,9.082898901491308630e-01,1.365833721287778690e+00,4.964616950628237646e+02,-5.636440165362175403e-01
8.554999999999937543e+00,9.135396767111810812e-01,1.067459259746037059e+00,-3.565271659407218863e+02,-1.209296958551678181e+00
8.559999999999938325e+00,9.189560887117975696e-01,1.107900513061699233e+00,5.002382757114760352e+02,-8.834760083692398958e-01
8.564999999999939106e+00,9.251228577206660475e-01,1.007074698714272909e+00,-6.989968238686112727e+02,-1.559234262338425658e+00
8.569999999999939888e+00,9.307654189863928673e-01,1.277412471795397853e+00,6.101776672446924294e+02,-2.057792734786191513e+00
8.574999999999940670e+00,9.359692868111855191e-01,9.152303025719340512e-01,-4.492764766401126053e+02,-3.480237212346021014e+00
8.579999999999941451e+00,9.420684575940379002e-01,1.413883143456796221e+00,5.381687386201219852e+02,-3.173220467861511018e+00
8.584999999999942233e+00,9.469896451762472855e-01,7.739846982334539494e-01,-4.793563503454955708e+02,-4.193426253864805275e+00
8.589999999999943014e+00,9.520359615107163442e-01,1.150728220155412762e+00,3.650965282717141918e+02,-3.712910187276128759e+00
8.594999999999943796e+00,9.565028350700550686e-01,7.305912233033687864e-01,-3.626854280324910746e+02,-4.078911395297469156e+00
8.599999999999944578e+00,9.609505624043812588e-01,9.752598518466147892e-01,2.782383559516714513e+02,-4.310011923648823462e+00
8.604999999999945359e+00,9.646690675340233723e-01,6.092437092607099203e-01,-2.804247893831811780e+02,-5.437011639680682684e+00
8.609999999999946141e+00,9.683539054353338393e-01,7.592822815020082716e-01,1.277336359544018194e+02,-5.538746983480704600e+00
8.614999999999946922e+00,9.715850890088202352e-01,5.769301381365957715e-01,-1.599034283404225221e+02,-6.483588248985824087e+00
8.619999999999947704e+00,9.736016042594362041e-01,3.068236650099370189e-01,-5.301107192280562685e+01,-6.821643602161596043e+00
8.624999999999948486e+00,9.719800815381026693e-01,-7.213186960842461470e-01,-1.966104146435506550e+02,-6.596687889292469187e+00
8.629999999999949267e+00,9.682011437592192848e-01,-9.358751857124117945e-01,-1.103137276068696906e+02,-6.481568247722846898e+00
8.634999999999950049e+00,9.630881325406288607e-01,-1.090351027602915579e+00,-1.946871070234620049e+01,-5.763723856324826755e+00
8.639999999999950830e+00,9.566521598485526745e-01,-1.447000291205656097e+00,-1.013834308609377928e+02,-6.032764532415320957e+00
8.644999999999951612e+00,9.484509266076438516e-01,-1.785550561505465206e+00,-8.549268602454618815e+01,-5.732256383867490257e+00
8.649999999999952394e+00,9.385295031334458526e-01,-2.118129919303021858e+00,-6.476753330037698220e+01,-5.009816986125302130e+00
8.654999999999953175e+00,9.265552557529733724e-01,-2.591883490534657941e+00,-9.667354714328101295e+01,-4.970462507023519549e+00
8.659999999999953957e+00,9.127399189825229353e-01,-2.886860983817886694e+00,-5.750606780543451180e+01,-3.855065392426337390e+00
8.664999999999954738e+00,8.969007843498910670e-01,-3.358244517643977911e+00,-1.082973103751837556e+02,-3.988759082817867174e+00
8.669999999999955520e+00,8.794835362648451005e-01,-3.558448261851454131e+00,-3.187887878050297630e+01,-2.601105710577109598e+00
8.674999999999956302e+00,8.601357116702182948e-01,-4.052425726110163495e+00,-7.770827104749824343e+01,-2.928588835588668893e+00
8.679999999999957083e+00,8.389539973885684621e-01,-4.318350237459273266e+00,-2.416911454868909459e+01,-1.909573820615833917e+00
8.684999999999957865e+00,8.161772368075104200e-01,-4.718894540212961175e+00,-8.001878199435077477e+01,-1.931453362425394449e+00
8.689999999999958646e+00,7.912690288583837939e-01,-5.069509473527617160e+00,1.810724542963295747e+01,-1.495001131818546547e+00
8.694999999999959428e+00,7.648637439706661434e-01,-5.376782827113548713e+00,-3.847693755121772341e+01,-5.824677332672849595e-01
8.699999999999960210e+00,7.368840355993195868e-01,-5.727293003169335428e+00,-4.927230398686720036e+01,-6.193136734616229155e-01
8.704999999999960991e+00,7.083216346823301146e-01,-5.694743550811187660e+00,7.585182876553663300e-01,2.627316245162609754e-01
8.709999999999961773e+00,6.811108917018747766e-01,-5.284184682376812603e+00,6.449001390111085641e+01,8.202183900972683794e-01
8.714999999999962554e+00,6.566178890835191462e-01,-4.627938463308565176e+00,1.490120794691015931e+02,5.626002835202426056e-02
8.719999999999963336e+00,6.360132069305498570e-01,-3.769703171658199459e+00,1.857819134096714890e+02,6.474776927315772923e-01
8.724999999999964118e+00,6.194487224521643132e-01,-3.018513168971670435e+00,1.352122718792039109e+02,-5.035600512669580198e-01
8.729999999999964899e+00,6.074198864788946661e-01,-2.019518563494077323e+00,1.763922148403826498e+02,-4.145199664840377718e-01
8.734999999999965681e+00,6.005463410013097691e-01,-9.733372324349558458e-01,1.871410979170677535e+02,-8.939272219187321955e-01
8.739999999999966462e+00,5.991194624806884805e-01,1.493389705265736056e-01,2.160403424004356339e+02,-1.510909257717378607e+00
8.744999999999967244e+00,6.023048317277434061e-01,9.579253744032305562e-01,1.591158330550828737e+02,-2.516213632307997550e+00
8.749999999999968026e+00,6.096178311988190712e-01,1.787194550193843767e+00,1.615012856355376414e+02,-2.856773214971471297e+00
8.754999999999968807e+00,6.189000246824341023e-01,1.796469187690639568e+00,1.412308104733349978e+02,-2.927209072965387904e+00
8.759999999999969589e+00,6.285826490248624943e-01,2.203628551225628840e+00,3.453732742744945199e+02,-2.628096203961373334e+00
8.764999999999970370e+00,6.376129680158076907e-01,1.686739643001130773e+00,-4.184385794397702512e+02,-2.877225212980960567e+00
8.769999999999971152e+00,6.469371487206919680e-01,1.994992553297115556e+00,9.549679785147809241e+01,-9.634927008455255182e-01
8.774999999999971934e+00,6.565780309590019126e-01,2.260928570644561653e+00,4.519942743178182241e+02,9.785253490019563127e-01
8.779999999999972715e+00,6.652676633274150486e-01,1.788531961797088288e+00,-1.785330501245348671e+02,2.449366334431146264e+00
8.784999999999973497e+00,6.751401184005366707e-01,1.909916926047620978e+00,-5.180949988315545340e+01,4.083924013201174041e+00
8.789999999999974278e+00,6.846982768138992759e-01,1.844129490059686294e+00,-1.523818966108068764e+02,4.347966776630207697e+00
8.794999999999975060e+00,6.940777325066412873e-01,1.783295413134044827e+00,-1.971564209464418695e+02,4.244365667331981840e+00
8.799999999999975842e+00,7.031105490705181760e-01,1.722394463022829836e+00,-1.530715118530537779e+02,3.966593713639439134e+00
8.804999999999976623e+00,7.116460664156361027e-01,1.635480439280395215e+00,-3.359269223706957064e+01,2.887150075195750176e+00
8.809999999999977405e+00,7.198114620397535468e-01,1.549976908956453236e+00,-1.063380391411197579e+01,2.211678437897946381e+00
8.814999999999978186e+00,7.280115288835715681e-01,1.466988945680561152e+00,-1.635272088318705244e+02,2.525768609567790701e+00
8.819999999999978968e+00,7.357445366562760380e-01,1.437814306081688365e+00,-7.245536115260748034e+00,1.916351892006829427e+00
8.824999999999979750e+00,7.432812492783108516e-01,1.385651326304359054e+00,-1.073976243996488762e+02,2.220099191612940004e+00
8.829999999999980531e+00,7.506400067412980492e-01,1.333618784944866409e+00,-9.063163190877895659e+01,1.595541180222638689e+00
8.834999999999981313e+00,7.581820038004011275e-01,1.313548484156747520e+00,-1.549782653572989659e+02,1.940471739674313856e+00
8.839999999999982094e+00,7.653419458620023264e-01,1.302153940139088917e+00,-1.582506070433636580e+02,2.034064895274817708e+00
8.844999999999982876e+00,7.725330620799403247e-01,1.256800175878393322e+00,-2.208715218424723901e+02,1.402433040129833941e+00
8.849999999999983658e+00,7.800685304734655823e-01,1.423604759094437844e+00,3.811876507599478714e+02,1.886389806344781039e+00
8.854999999999984439e+00,7.857190634197867007e-01,1.251853098300654166e+00,1.965235845655426772e+02,1.034041462338878059e+00
8.859999999999985221e+00,7.921419120471473452e-01,1.227713588797182398e+00,6.628486126041295279e+01,1.399699478432364863e+00
8.864999999999986002e+00,7.986425635956830860e-01,1.302592601585442544e+00,-4.265914292971865507e+01,1.568776814990425539e+00
8.869999999999986784e+00,8.054177557181888547e-01,8.845615010624934271e-01,-7.104551302286254213e+02,7.356239201026543162e-01
8.874999999999987566e+00,8.120392281691733993e-01,1.722090563159636378e+00,5.681139871954859473e+02,1.533388322541731075e+00
8.879999999999988347e+00,8.189992123011426983e-01,1.821063125164704255e+00,5.981086348753252651e+02,4.447308691779230383e-01
8.884999999999989129e+00,8.257836783928398372e-01,1.627009200130790978e+00,3.960004356079362537e+02,2.463686672627918295e-02
8.889999999999989910e+00,8.325790728473210223e-01,1.552522505241806350e+00,2.976885981632922835e+02,-4.426271272739886742e-01
8.894999999999990692e+00,8.395249846094109403e-01,1.076209459215464070e+00,-5.865013267767842535e+02,-1.203369760006097966e+00
8.899999999999991473e+00,8.463939985918360609e-01,1.544228740425910074e+00,3.733009590033680070e+02,-1.548569029797442820e+00
8.904999999999992255e+00,8.533348207224118465e-01,1.190846061126769717e+00,-4.706641933704868279e+02,-1.732502540397044211e+00
8.909999999999993037e+00,8.602974350264177561e-01,1.506247123794814957e+00,3.591856304247480125e+02,-1.712057310133390686e+00
8.914999999999993818e+00,8.668221589765539026e-01,1.158841582156410643e+00,-3.620187775772398027e+02,-2.301070146277440553e+00
8.919999999999994600e+00,8.737559859313883681e-01,1.551407149349712578e+00,3.635295317885482405e+02,-1.783117806501357983e+00
8.924999999999995381e+00,8.800902736591871278e-01,1.140986859517177265e+00,-3.043097829284846512e+02,-2.588344096200977162e+00
8.929999999999996163e+00,8.866721307050742240e-01,1.434705622020508997e+00,3.119587136336686513e+02,-2.704299349210353753e+00
8.934999999999996945e+00,8.925820003036417649e-01,1.034692360260833111e+00,-3.196578007619779100e+02,-3.375932454146648887e+00
8.939999999999997726e+00,8.985216795237688236e-01,1.277764351055713732e+00,2.206712215272801245e+02,-3.477028603712973620e+00
8.944999999999998508e+00,9.038380014846718602e-01,9.663720165818909802e-01,-2.253697153888113291e+02,-4.431353893557991697e+00
8.949999999999999289e+00,9.092023979467692696e-01,1.084412869603045060e+00,1.109904393340736277e+02,-4.412733996788911206e+00
8.955000000000000071e+00,9.140996208311221727e-01,8.509341594506388828e-01,-2.035319477364157592e+02,-4.726460724203482400e+00
8.960000000000000853e+00,9.171357862878988243e-01,4.447617704166182406e-01,-6.062311134357941711e+01,-4.193327562670088327e+00
8.965000000000001634e+00,9.192070783143970747e-01,3.751976767672032809e-01,-1.305451791145574987e+02,-4.312887023867500780e+00
8.970000000000002416e+00,9.198332384738698853e-01,-5.654014437288926165e-02,-1.085327623950303177e+02,-4.363152738849490397e+00
8.975000000000003197e+00,9.186538390545285759e-01,-4.190304753899561918e-01,-1.202915569767881010e+02,-4.507580827095420517e+00
8.980000000000003979e+00,9.155821457329306190e-01,-7.581350416875527465e-01,-7.308539522820593959e+01,-4.328167590007046428e+00
8.985000000000004761e+00,9.117202292103258054e-01,-7.754318997816237458e-01,7.582353660420740882e-01,-3.407453266306784911e+00
8.990000000000005542e+00,9.073191374398922315e-01,-9.420752220374801755e-01,-1.881609623255551966e+01,-3.747944183678904473e+00
8.995000000000006324e+00,9.021288259258117836e-01,-1.095270534972490273e+00,-1.697947755120220492e+01,-3.518591528328730789e+00
9.000000000000007105e+00,8.960172838136503115e-01,-1.313900512811966736e+00,-5.478429693703796488e+01,-3.444073450559498983e+00
9.005000000000007887e+00,8.886424485157220499e-01,-1.581016242729707866e+00,-4.301919960528284292e+01,-3.315754295149506703e+00
9.010000000000008669e+00,8.807284310225331758e-01,-1.575995044844091142e+00,1.600359072377821334e+01,-2.338557142673367117e+00
9.015000000000009450e+00,8.722153224133831761e-01,-1.796466917192607982e+00,-6.627047015720795287e+01,-2.666170793496007718e+00
9.020000000000010232e+00,8.621377762722463034e-01,-2.167322642580769010e+00,-7.691426106199521939e+01,-2.576476422714086834e+00
9.025000000000011013e+00,8.505479378728614259e-01,-2.411873864763791619e+00,-3.952500464480419851e+01,-2.111186185506436885e+00
9.030000000000011795e+00,8.369551573310217707e-01,-2.926376995266867898e+00,-1.236431217801386850e+02,-2.540585614503409140e+00
9.035000000000012577e+00,8.208189855675369628e-01,-3.396237442120204175e+00,-6.489498676672361910e+01,-2.202623057990144240e+00
9.040000000000013358e+00,8.021819276074160232e-01,-3.898667208559980057e+00,-7.691984598426627429e+01,-1.676595080376729108e+00
9.045000000000014140e+00,7.811666887351927935e-01,-4.380003989767568662e+00,-7.090759134010603759e+01,-1.713464633386946989e+00
9.050000000000014921e+00,7.587848111847985688e-01,-4.531685680017321971e+00,-4.494573984502108033e+01,-1.167618685173047677e+00
9.055000000000015703e+00,7.367104626476389528e-01,-4.329078825467632896e+00,5.191833171969451399e+01,-1.670656244746212771e+00
9.060000000000016485e+00,7.164736162625706672e-01,-3.857408151268518992e+00,8.672800011321619706e+01,-1.299264979057014546e+00
9.065000000000017266e+00,6.997487860833105922e-01,-3.011116673710723113e+00,1.734085255962226881e+02,-2.227990197310091958e+00
9.070000000000018048e+00,6.885395117908555962e-01,-1.732892908579581670e+00,2.540690773227163390e+02,-2.161813557987966927e+00
9.075000000000018829e+00,6.846231209056963252e-01,-1.671196370199444503e-01,3.192562899030911581e+02,-2.521122549844361238e+00
9.080000000000019611e+00,6.892580141335589161e-01,1.574602653585670975e+00,2.860574168532617136e+02,-3.897959209164721273e+00
9.085000000000020393e+00,6.967876740757008580e-01,1.961066512925939254e+00,3.278916082197201831e+02,-3.943556959980531573e+00
9.090000000000021174e+00,7.035669109035450619e-01,1.354845909471802612e+00,3.528851388031845318e+02,-1.186103016745544192e+00
9.095000000000021956e+00,7.120840600379568786e-01,1.950365894849195092e+00,2.127731506893005076e+02,1.338768389575467843e+00
9.100000000000022737e+00,7.217581935953110150e-01,1.919711386330120950e+00,-4.390879221078027683e+01,2.270000024793624060e+00
9.105000000000023519e+00,7.318729609120860902e-01,1.878466427932794724e+00,-2.180492864855973494e+02,3.088081097104744543e+00
9.110000000000024301e+00,7.419809376364965292e-01,1.708554007200515867e+00,-5.471995509532360984e+02,4.961415132886603629e+00
9.115000000000025082e+00,7.521335309520371659e-01,2.385954785643503051e+00,8.460913848749167983e+02,2.967308094092538262e+00
9.120000000000025864e+00,7.616492767854046164e-01,1.613050046240677382e+00,-8.281051302139180734e+02,1.648865169129131614e+00
9.125000000000026645e+00,7.726680902325490097e-01,2.621679638793045442e+00,8.862752279988575310e+02,2.023578487227792877e+00
9.130000000000027427e+00,7.816541062413919772e-01,1.282695399576502471e+00,-8.864369170867345247e+02,8.088339659530676684e-01
9.135000000000028209e+00,7.906379636870320970e-01,2.180394341990198992e+00,6.607679334967082241e+02,1.858347034827088295e+00
9.140000000000028990e+00,8.001095474303633326e-01,1.705145308051897235e+00,-2.637152222367311083e+02,1.005538493158594893e+00
9.145000000000029772e+00,8.088717861854697322e-01,1.631813692453123243e+00,-3.477942764268720452e+02,9.753319484283670127e-01
9.150000000000030553e+00,8.172896817030116390e-01,1.702916354369048202e+00,3.614959787191441620e+01,1.134617240289752971e+00
9.155000000000031335e+00,8.256753650079176055e-01,1.469045109587662212e+00,-4.931812911448455452e+02,5.601811125561754201e-01
9.160000000000032117e+00,8.334908489815737731e-01,1.564613357606211119e+00,-5.243378375850478790e+01,7.246124194584643297e-01
9.165000000000032898e+00,8.412315509149180803e-01,1.522576666426605385e+00,1.222325743892681871e+01,3.517458384066081134e-01
9.170000000000033680e+00,8.490459577438282945e-01,1.695087900319149243e+00,3.674639714147116365e+02,9.744374514659611686e-01
9.175000000000034461e+00,8.565123967178600584e-01,9.777838273347612130e-01,-7.972956682878304946e+02,1.021699261362447597e-01
9.180000000000035243e+00,8.629347113867315011e-01,1.761864612234827820e+00,7.173202059894605327e+02,5.469957959014944970e-01
9.185000000000036025e+00,8.704040421046300713e-01,1.004037481995473158e+00,-8.098135306754198837e+02,-9.332446982355158127e-02
9.190000000000036806e+00,8.764839517982987438e-01,1.554069233981512310e+00,5.200171543133296836e+02,3.099505076683883864e-01
9.195000000000037588e+00,8.836246131300026230e-01,1.077581094022961317e+00,-4.720243583030348873e+02,-4.788520418177618643e-01
9.200000000000038369e+00,8.900672809113098216e-01,1.880121480976260084e+00,8.333638877795683584e+02,3.122986356817224474e-01
9.205000000000039151e+00,8.967590595560744893e-01,1.790583437455816496e+00,6.639244823038263803e+02,-6.241636984475820160e-01
9.210000000000039933e+00,9.018215722686495628e-01,8.957541540053846063e-01,-3.752936474366817947e+02,-1.162274061858983298e+00
9.215000000000040714e+00,9.084543185018295608e-01,1.002239222940007224e+00,-2.364077234053884808e+02,-3.151616322508593582e-01
9.220000000000041496e+00,9.151729167307951496e-01,1.217302575955865329e+00,5.265999905604501663e+01,-8.865752936922735028e-01
9.225000000000042277e+00,9.213626035692886740e-01,1.282800310312735226e+00,1.700298489362487260e+02,-2.085282040695124461e+00
9.230000000000043059e+00,9.275185193217989621e-01,1.212122152722859836e+00,1.075513546182636588e+02,-2.400950291174623441e+00
9.235000000000043840e+00,9.337545982485113694e-01,1.543750455471866179e+00,5.385648078873781515e+02,-3.088999001938856459e+00
9.240000000000044622e+00,9.385808408047255913e-01,8.039908592564637413e-01,-3.936408852328608532e+02,-3.727528988785769659e+00
9.245000000000045404e+00,9.441006922092612941e-01,1.340246272613095924e+00,4.510505082083474804e+02,-2.847233294434830864e+00
9.250000000000046185e+00,9.488181933335304574e-01,7.825083196885912473e-01,-3.801181289159168273e+02,-3.941075043332311623e+00
9.255000000000046967e+00,9.537276284507056889e-01,1.101109612571967711e+00,3.284811036178916765e+02,-3.670106879170345504e+00
9.260000000000047748e+00,9.579592311109336178e-01,7.101202699782985794e-01,-3.137559431993914245e+02,-4.494341519055216949e+00
9.265000000000048530e+00,9.621200222781300937e-01,9.171999629338816185e-01,2.595649000374103821e+02,-4.938055916008951662e+00
9.270000000000049312e+00,9.657202588840892998e-01,6.406271134932367550e-01,-1.631454556038926569e+02,-5.921754954700813478e+00
9.275000000000050093e+00,9.691194859456673250e-01,6.287809031729459930e-01,3.968102151634774089e+01,-6.368491850647091113e+00
9.280000000000050875e+00,9.712361544047674045e-01,2.976434378849342477e-01,-5.703515023264625228e+01,-6.922643323613514532e+00
9.285000000000051656e+00,9.717201224361172729e-01,-5.790725253845990794e-02,-1.421285618893150797e+02,-5.931161506086111146e+00
9.290000000000052438e+00,9.699603122365817454e-01,-5.697805658883268176e-01,-1.312411467250073258e+02,-6.252315320873354842e+00
9.295000000000053220e+00,9.657416808688911170e-01,-1.055921142538393864e+00,-1.016340127055082974e+02,-6.262322801803241745e+00
9.300000000000054001e+00,9.596556303189850423e-01,-1.334054782712335685e+00,-5.451218276005540986e+01,-5.499201162656119024e+00
9.305000000000054783e+00,9.517116971936616654e-01,-1.776306513278411936e+00,-1.203671073554976658e+02,-5.578189517892802485e+00
9.310000000000055564e+00,9.415101557364418117e-01,-2.224427763966339011e+00,-9.266807729616101597e+01,-5.265146000809436622e+00
9.315000000000056346e+00,9.296618509192834390e-01,-2.464681027714155093e+00,-5.872753609541902620e+01,-4.082708734142936891e+00
9.320000000000057128e+00,9.159987477072421003e-01,-2.899707562091252910e+00,-8.309475221539544521e+01,-4.181856839974687823e+00
9.325000000000057909e+00,9.007594762352787443e-01,-3.134600875813351450e+00,-4.104503807163239770e+01,-3.122198035467632415e+00
9.330000000000058691e+00,8.837116399321129911e-01,-3.581854106860967057e+00,-8.376141275863803060e+01,-3.320506546369450973e+00
9.335000000000059472e+00,8.652698043274469342e-01,-3.756242239986325337e+00,-2.704361020903597534e+01,-2.045788592117840476e+00
9.340000000000060254e+00,8.450531285919730129e-01,-4.221322269490809909e+00,-9.056363938912187450e+01,-2.358889068020155744e+00
9.345000000000061036e+00,8.233423833601438702e-01,-4.426678764339088801e+00,-5.669135023971506371e+01,-1.084763013004388821e+00
9.350000000000061817e+00,7.995254199501105052e-01,-4.972426272281786019e+00,-9.320912869117901778e+01,-1.447793992002836205e+00
9.355000000000062599e+00,7.740136093679939044e-01,-5.113317762624836504e+00,-3.960781534940739590e+01,-2.384199878837076625e-01
9.360000000000063380e+00,7.479035754103894318e-01,-5.273859072760300748e+00,-2.987856728525007100e+01,-4.479631585647276815e-01
9.365000000000064162e+00,7.225036323340495725e-01,-4.952495999280586148e+00,5.939308700030574784e+01,2.352029292750890122e-01
9.370000000000064944e+00,6.988968190712471218e-01,-4.554199372349745367e+00,9.246411996945283818e+01,-4.142625850926227038e-01
9.375000000000065725e+00,6.780705991541550182e-01,-3.900075676911619826e+00,1.422981657204939552e+02,4.187489085016382617e-02
9.380000000000066507e+00,6.611528413009621907e-01,-3.050852615846626037e+00,1.483991124992564039e+02,4.702414363636675532e-02
9.385000000000067288e+00,6.482863192391710161e-01,-2.277384970860770519e+00,1.377952886975206752e+02,-1.467041374660028374e+00
9.390000000000068070e+00,6.399169284710068961e-01,-1.293374228850973751e+00,1.819965855679170375e+02,-1.497199723264039939e+00
9.395000000000068852e+00,6.369224033552466357e-01,-1.551775651459369465e-01,2.163014977098519012e+02,-2.137052451106928874e+00
9.400000000000069633e+00,6.397101324984564297e-01,1.011599635327752988e+00,2.208504279919726514e+02,-2.216030987097433069e+00
9.405000000000070415e+00,6.479782529440707428e-01,2.039145350432344461e+00,1.709208192467191907e+02,-3.903494032681449788e+00
9.410000000000071196e+00,6.557641965402559725e-01,1.500691280037203423e+00,-4.536872580488785047e+02,-3.279864817402262656e+00
9.415000000000071978e+00,6.650959211458404852e-01,2.122264009342951674e+00,5.380860494853116052e+02,-1.806222973364407292e+00
9.420000000000072760e+00,6.733577567404451791e-01,1.654055228190831617e+00,-7.782640826605870643e+01,-1.113464727239208418e+00
9.425000000000073541e+00,6.819943148928718779e-01,1.554148459158245510e+00,-5.072127870198121968e+02,1.302456423733993951e+00
9.430000000000074323e+00,6.914697758117268611e-01,1.929169497455604398e+00,6.761884690800887654e+01,2.924139803866171672e+00
9.435000000000075104e+00,7.009257918078629634e-01,1.927046137105068224e+00,3.360349886056080493e+01,3.624982234755750543e+00
9.440000000000075886e+00,7.104813143646612206e-01,1.949685267345612427e+00,9.143294403534274295e+01,4.389749946473084918e+00
9.445000000000076668e+00,7.198111874845666280e-01,2.003703959752806352e+00,2.362818260227648466e+02,4.091489432073229793e+00
9.450000000000077449e+00,7.286932703155212243e-01,1.970511397794523889e+00,3.040359598470950573e+02,3.862907569116668327e+00
9.455000000000078231e+00,7.372895632344126371e-01,1.760585096569146524e+00,1.139062925443455896e+02,3.128203369467443817e+00
9.460000000000079012e+00,7.463177123507850341e-01,1.380937597484802382e+00,-6.385780341839385983e+02,2.088579510909866599e+00
9.465000000000079794e+00,7.535665794105930182e-01,1.705130307207110452e+00,8.194727638400887599e+02,3.125695418448980245e+00
9.470000000000080576e+00,7.614829858473223245e-01,1.465914625727481324e+00,-5.819692556782562178e+02,1.635537938287021209e+00
9.475000000000081357e+00,7.689337855280806711e-01,1.410543823240530292e+00,-1.560205922934401599e+02,1.399080777052070346e+00
9.480000000000082139e+00,7.762046314725525864e-01,1.394055783007683846e+00,-1.192902409750990387e+02,1.779229926971931830e+00
9.485000000000082920e+00,7.837771003378505297e-01,1.398676449982957370e+00,-6.314638087695931290e+02,8.327109739357618778e-01
9.490000000000083702e+00,7.910668323417244796e-01,1.386998843664168701e+00,-5.177011699656421797e+02,1.131522309760232492e+00
9.495000000000084484e+00,7.984424095610840322e-01,1.389425229399672501e+00,-6.365208469656092802e+02,1.187878223052417193e+00
9.500000000000085265e+00,8.055064939831074744e-01,1.225538346502164533e+00,-8.533061190704751198e+02,4.422176455632247372e-01
9.505000000000086047e+00,8.117741595254166498e-01,1.203349646473862222e+00,1.432668297214403026e+02,1.200633509435173885e+00
9.510000000000086828e+00,8.180493040214341649e-01,1.129479799308140686e+00,-2.736173665564035105e+02,3.174969586300068203e-01
9.515000000000087610e+00,8.246642237392338703e-01,1.525586921510119875e+00,2.886874033157506005e+02,8.154603347295400484e-01
9.520000000000088392e+00,8.311248649637819064e-01,1.272996963922694347e+00,3.230646120283537215e+01,9.759183435498024473e-01
9.525000000000089173e+00,8.380513013286348123e-01,1.267286945591637792e+00,2.972115942694244950e+01,1.494707187406696391e-01
9.530000000000089955e+00,8.447799517188738783e-01,1.100038930332285947e+00,-2.112816782558548425e+02,2.425004667410960435e-01
9.535000000000090736e+00,8.516463552923652092e-01,1.241511401302355599e+00,-4.209416005878836131e+01,7.066970822100671068e-02
9.540000000000091518e+00,8.584741699658021696e-01,1.461402274040229043e+00,2.176160152339764693e+02,-8.625961425536016192e-01
9.545000000000092300e+00,8.651391568487019068e-01,1.493225641815654425e+00,2.707820805192229159e+02,-1.888859665333918247e+00
9.550000000000093081e+00,8.721235837564446092e-01,1.596442495646955395e+00,3.583001778179187795e+02,-1.976511969496066889e+00
9.555000000000093863e+00,8.782527872464080954e-01,1.530977767970220560e+00,3.071060774739672183e+02,-2.252360777136879655e+00
9.560000000000094644e+00,8.840853108877200217e-01,1.477537988044583361e+00,3.135222392762869390e+02,-2.327445556117207826e+00
9.565000000000095426e+00,8.905826603491008298e-01,1.480243999754547124e+00,4.195999937390351988e+02,-2.514719527048379533e+00
9.570000000000096207e+00,8.962883473025076153e-01,1.112361787845904004e+00,-1.756088307615080737e+02,-2.755716920580507434e+00
9.575000000000096989e+00,9.026121672812070784e-01,1.424308003619598528e+00,3.468659643915429456e+02,-2.528474738965615476e+00
9.580000000000097771e+00,9.082928428180996328e-01,1.018080829121806419e+00,-2.788134269372000063e+02,-3.240270060186416501e+00
9.585000000000098552e+00,9.141213801954241047e-01,1.264076208553316372e+00,2.819698140162137747e+02,-3.583807317709916784e+00
9.590000000000099334e+00,9.193536649307854081e-01,9.396752146227383973e-01,-2.382690092064736120e+02,-4.064077741307674962e+00
9.595000000000100115e+00,9.245819448281031860e-01,1.108659903032768845e+00,1.751932718760425587e+02,-4.149683808065875112e+00
9.600000000000100897e+00,9.293893044524180747e-01,8.936904422299509765e-01,-1.460997549773988453e+02,-4.599840754090224415e+00
9.605000000000101679e+00,9.341024088108798029e-01,9.929457169253819160e-01,3.179278502783198945e+01,-4.718079301531216352e+00
9.610000000000102460e+00,9.370952268041358169e-01,3.653414409543627173e-01,-1.026735831273986719e+02,-4.279663981733818900e+00
9.615000000000103242e+00,9.390904196629138445e-01,2.740474501406078289e-01,-9.618375894121332692e+01,-4.278489691247437499e+00
9.620000000000104023e+00,9.395253332084481102e-01,-3.793562044103511444e-02,-4.707864480502183113e+01,-4.337618076048258331e+00
9.625000000000104805e+00,9.384733890184618899e-01,-3.472920184492103712e-01,-8.675533788236339205e+01,-4.422345558354672690e+00
9.630000000000105587e+00,9.359694672499649926e-01,-6.337920606291251868e-01,-9.517428393054537139e+01,-4.342085680107930834e+00
9.635000000000106368e+00,9.319896129898750381e-01,-9.061503615648204280e-01,-5.120146566948970701e+01,-4.190287662204370100e+00
9.640000000000107150e+00,9.273999018241592118e-01,-9.144322578786540090e-01,1.079408210025563264e+01,-3.331930487769904747e+00
9.645000000000107931e+00,9.222490033460597481e-01,-1.094369965558622315e+00,-1.374243696891403133e+01,-3.631557164027618079e+00
9.650000000000108713e+00,9.160451026350713288e-01,-1.348727826224514814e+00,-7.591189372476603126e+01,-3.549576353210694535e+00
9.655000000000109495e+00,9.084811489768391812e-01,-1.620941785222190568e+00,-4.673412327730179072e+01,-3.332815700839032225e+00
9.660000000000110276e+00,9.002343274237040172e-01,-1.653293553694105800e+00,1.343700023686533385e+01,-2.379053282779755030e+00
9.665000000000111058e+00,8.912366455477527261e-01,-1.898187737592777147e+00,-6.045371780174524190e+01,-2.649383614199861459e+00
9.670000000000111839e+00,8.805799465432577744e-01,-2.281836955381578491e+00,-7.288948079373226108e+01,-2.555828866076338635e+00
9.675000000000112621e+00,8.687996272648448315e-01,-2.391978904387129123e+00,-4.696622435783563532e+00,-1.477194421772836996e+00
9.680000000000113403e+00,8.555022397808684786e-01,-2.846674550251997005e+00,-1.202216860393145907e+02,-1.733373980582975982e+00
9.685000000000114184e+00,8.394115484046683617e-01,-3.481374385796954574e+00,-1.242324741092790816e+02,-2.042194486038679813e+00
9.690000000000114966e+00,8.204528733040061805e-01,-3.932637718614940603e+00,-2.827767496478281473e+01,-1.247663735453137468e+00
9.695000000000115747e+00,7.991704307842141253e-01,-4.424616538985606695e+00,-6.672041829162412796e+01,-1.487725272030365087e+00
9.700000000000116529e+00,7.765710926450177798e-01,-4.561062925545289026e+00,-1.251924361853342837e+01,-9.916607766281395620e-01
9.705000000000117311e+00,7.542590717704219516e-01,-4.391445849426518500e+00,3.519138154132298268e+01,-1.454068817383366685e+00
9.710000000000118092e+00,7.341774218390233475e-01,-3.766404409903243877e+00,1.172009479737027391e+02,-1.311965756402759142e+00
9.715000000000118874e+00,7.181382798587109262e-01,-2.837470287153880388e+00,1.874751679237542419e+02,-2.080370716217709859e+00
9.720000000000119655e+00,7.078960746656999259e-01,-1.551293633440743891e+00,2.320247790331671069e+02,-2.213117506536869783e+00
9.725000000000120437e+00,7.058510065873817574e-01,3.016248271826753036e-01,3.436001480988134062e+02,-3.411198434013784642e+00
9.730000000000121219e+00,7.120636369546007316e-01,8.930857865108128291e-01,-9.865980134064413960e+02,-3.876456709028894387e+00
9.735000000000122000e+00,7.183339367876755421e-01,1.508273840307791103e+00,4.377952139987397686e+02,-3.028092696313699150e+00
9.740000000000122782e+00,7.258006084928014801e-01,1.052058475032896068e+00,-8.796817710514052351e+02,-1.850707260862924031e+00
9.745000000000123563e+00,7.343684650792638990e-01,1.971254974172863550e+00,2.404786322943342611e+02,1.688564360267818198e+00
9.750000000000124345e+00,7.436415678454704192e-01,1.910338106005951886e+00,1.596015522738053392e+02,2.113758086838114281e+00
9.755000000000125127e+00,7.533388453125837714e-01,1.928344092629148632e+00,2.632695302673074167e+01,3.105897772231683174e+00
9.760000000000125908e+00,7.629124363064108127e-01,1.927487690477415860e+00,5.250150935015219034e+01,2.921203291742634711e+00
9.765000000000126690e+00,7.726873148663182533e-01,1.909039249832325202e+00,-3.633919030365266281e+02,2.241438216869369171e+00
9.770000000000127471e+00,7.821024154420290753e-01,1.808319490818327768e+00,-4.207607637157371983e+02,1.558098028888843078e+00
9.775000000000128253e+00,7.911527696366790208e-01,1.752127626211581912e+00,-2.964660129813403842e+02,1.197021533954520267e+00
9.780000000000129035e+00,7.999447994328389155e-01,1.641989369923186892e+00,-4.672434772640831397e+02,6.504713404262643106e-01
9.785000000000129816e+00,8.084542257591422754e-01,1.612210337915412905e+00,-3.657803415376564544e+02,7.041785358600985978e-01
9.790000000000130598e+00,8.166912918949947864e-01,1.586219435024460056e+00,-2.924511796014995184e+02,1.017397082275137699e+00
9.795000000000131379e+00,8.247467359063449521e-01,1.536064033263347506e+00,-4.255842996811266516e+02,5.354842515967218608e-01
9.800000000000132161e+00,8.326273308676571672e-01,1.485106098615975867e+00,-5.104479489966654455e+02,1.544621677393384074e-01
9.805000000000132943e+00,8.405853099271829443e-01,1.387078463525226679e+00,-9.181006043620234323e+02,-2.308931903482593917e-01
9.810000000000133724e+00,8.479559320006653245e-01,1.410806902103562521e+00,-2.851970876706810714e+02,5.917749852210550943e-01
9.815000000000134506e+00,8.549278706099247005e-01,1.122835166449689392e+00,-6.497692066748008983e+02,7.507690615750850505e-02
9.820000000000135287e+00,8.611152010351845743e-01,1.229236447176565772e+00,-1.615907709868548068e+02,2.809928584002905350e-01
9.825000000000136069e+00,8.679275619301239919e-01,1.659940553704738919e+00,4.522685779364218774e+02,6.174925972955276343e-01
9.830000000000136851e+00,8.743380507011779823e-01,1.294287704059363886e+00,1.170458125666168741e+02,5.098601036160588240e-02
9.835000000000137632e+00,8.804173875338269228e-01,1.243463470170649288e+00,3.157382210147151227e+02,-3.388333573431385193e-01
9.840000000000138414e+00,8.854839809744661228e-01,1.130660177326977989e+00,-1.410933946164360009e+01,2.400648659663373596e-02
9.845000000000139195e+00,8.917745246072459331e-01,9.694905526412674890e-01,-7.875966092221340205e+02,-3.786891288791861543e-01
9.850000000000139977e+00,8.974382822389269654e-01,1.278893075815825231e+00,2.034478865894753028e+02,-2.293004769640913931e-01
9.855000000000140759e+00,9.036641104427742821e-01,1.239332134569029353e+00,1.138412425930595475e+02,-9.688766809875969388e-01
9.860000000000141540e+00,9.098085116805223471e-01,8.862305630446637439e-01,-6.668598919535295408e+02,-2.186796591107819765e+00
9.865000000000142322e+00,9.151666179899690112e-01,1.181071589311696757e+00,7.775345693525974866e+01,-2.534355177090489519e+00
9.870000000000143103e+00,9.209820415832727925e-01,8.321354428168169504e-01,-6.703180646132473157e+02,-2.881237824040662865e+00
9.875000000000143885e+00,9.264971713902782069e-01,1.278969358527675348e+00,4.314323014281165456e+02,-2.740249002861562477e+00
9.880000000000144667e+00,9.316115912158188239e-01,8.178300994670478774e-01,-4.766067214222319421e+02,-3.565975617473744030e+00
9.885000000000145448e+00,9.370596037506345732e-01,1.276595259233406443e+00,3.964892097193929317e+02,-2.727473877107255973e+00
9.890000000000146230e+00,9.417156307289674677e-01,8.107872434553756724e-01,-2.957505518212170159e+02,-3.767291780440355620e+00
9.895000000000147011e+00,9.465296683583430681e-01,1.057662338222907783e+00,3.251554383908368209e+02,-4.009375279758712551e+00
9.900000000000147793e+00,9.506771626990324631e-01,6.840504532851944264e-01,-3.256276248361037915e+02,-4.766129656190108754e+00
9.905000000000148574e+00,9.548042079631607892e-01,8.908914180991447385e-01,1.835277722395593685e+02,-5.177596334670544032e+00
9.910000000000149356e+00,9.584314219060756646e-01,6.435380844972911074e-01,-1.650153809579632025e+02,-6.045342826832309946e+00
9.915000000000150138e+00,9.618629951831236813e-01,6.075421263147036122e-01,1.364503019347733037e+01,-6.506246186697312694e+00
9.920000000000150919e+00,9.641082231448251383e-01,3.310439583582114875e-01,-7.924701431270314345e+01,-6.753387962998525396e+00
9.925000000000151701e+00,9.633800877882831015e-01,-4.472909807477506994e-01,-1.322746545058663798e+02,-6.365185604410497966e+00
9.930000000000152482e+00,9.609104250153982507e-01,-6.248068826065759085e-01,-6.942060687063707292e+01,-5.340044961680360025e+00
9.935000000000153264e+00,9.564258633475420934e-01,-1.103316868234933024e+00,-1.194097490589522863e+02,-5.713844652844056071e+00
9.940000000000154046e+00,9.493990621223226123e-01,-1.629649069923316596e+00,-1.115774629495718955e+02,-5.639111539135540418e+00
9.945000000000154827e+00,9.406184032386468719e-01,-1.841366177943964511e+00,-2.283202147821053529e+01,-4.553313638219337989e+00
9.950000000000155609e+00,9.304005929086944793e-01,-2.186554057631250103e+00,-8.638744122417800497e+01,-4.518980752825004110e+00
9.955000000000156390e+00,9.180487799039324104e-01,-2.655695070795254242e+00,-7.655030785085791933e+01,-4.350086988693902867e+00
9.960000000000157172e+00,9.039774190825117239e-01,-2.924553344040060843e+00,-6.293229569520540423e+01,-3.320181947805740386e+00
9.965000000000157954e+00,8.879995590981384357e-01,-3.374210606578036398e+00,-8.360555588374801061e+01,-3.336047323876687010e+00
9.970000000000158735e+00,8.704873273624639252e-01,-3.576327581413527135e+00,-4.212673708430970976e+01,-2.163267277960581048e+00
9.975000000000159517e+00,8.511751799571748434e-01,-4.045769431264695903e+00,-9.321206889019366315e+01,-2.301669665826385547e+00
9.980000000000160298e+00,8.300654268114112666e-01,-4.331026719596589913e+00,-6.481516137739363614e+01,-1.165776514581881251e+00
9.985000000000161080e+00,8.073392827284139317e-01,-4.738178059278364884e+00,-7.549874442777239381e+01,-1.331069727774713218e+00
9.990000000000161862e+00,7.829701681511290756e-01,-4.947759825019145907e+00,-3.252060321016904965e+01,-2.566055519312220312e-01
9.995000000000162643e+00,7.580994871773898414e-01,-4.992224347328200196e+00,-1.097074333037839722e+01,-7.234270893422580784e-01
1.000000000000016342e+01,7.344529640150775363e-01,-4.543213423584600008e+00,9.856596133371087376e+01,-5.159721051741117392e-02
