5.000000000000000104e-03,-2.076649014818817696e-01,-5.176606555056082470e+01,-1.839861870473842373e+03,-1.918917839266839565e+00
1.000000000000000021e-02,-5.151180042230527611e-01,-6.152532404181722825e+01,1.067518831056999261e+03,-2.425994450208833086e+00
1.499999999999999944e-02,-7.975750421337695073e-01,-5.291933539722462854e+01,1.783712309678265910e+03,1.247604383077494106e-01
2.000000000000000042e-02,-1.013250712290500344e+00,-3.829048790422919524e+01,2.065092943364592884e+03,3.020802871185875205e+00
2.500000000000000139e-02,-1.150508636744130175e+00,-2.213794725709715294e+01,2.222825128192747343e+03,6.177479075952735599e+00
3.000000000000000236e-02,-1.211754274596952063e+00,-7.307677788148781772e+00,2.070053330165073021e+03,7.331538520595760389e+00
3.500000000000000333e-02,-1.231028119200308524e+00,-2.050657166037846313e+00,7.743151402879254874e+02,3.853373094731747273e+00
4.000000000000000083e-02,-1.235100580082135302e+00,-1.567592947206860321e-01,2.853982582567504096e+02,2.007619796531521672e+00
4.499999999999999833e-02,-1.230372397531185324e+00,1.506533202979976283e+00,2.348705555815363653e+02,1.666494518331810726e+00
4.999999999999999584e-02,-1.219824655760201715e+00,2.400061420110432664e+00,1.160756247619601993e+02,1.202770374351518567e+00
5.499999999999999334e-02,-1.206806059045762325e+00,2.683587790584071264e+00,2.546703534936094471e+01,7.912184578122214429e-01
5.999999999999999084e-02,-1.193350498806072579e+00,2.669573231257313939e+00,-1.747399375680763001e+01,5.093447547714409218e-01
6.499999999999998834e-02,-1.180233476175871266e+00,2.574980899771079912e+00,-2.858678216892712598e+01,3.329049691326089189e-01
6.999999999999999278e-02,-1.167500251241215814e+00,2.507258316788016028e+00,-2.483616750691332697e+01,2.208812021270587511e-01
7.499999999999999722e-02,-1.154988922163534548e+00,2.473958171622890223e+00,-2.047591984489315919e+01,1.325708166476231575e-01
8.000000000000000167e-02,-1.142619861431014128e+00,2.446994304043118795e+00,-2.017745340505529228e+01,4.919324815037673382e-02
8.500000000000000611e-02,-1.130440135877513796e+00,2.402967690553587499e+00,-2.295415064675745498e+01,-3.139588632797019052e-02
9.000000000000001055e-02,-1.118591750779663219e+00,2.325550331144366378e+00,-2.756189491441190498e+01,-1.094483626617754890e-01
9.500000000000001499e-02,-1.107255637951563232e+00,2.211359636909608906e+00,-3.214208002110251527e+01,-1.817609156142439009e-01
1.000000000000000194e-01,-1.096600109149136193e+00,2.065793060586026186e+00,-3.553686221797281064e+01,-2.456750268200875720e-01
1.050000000000000239e-01,-1.086752302253690017e+00,1.898302996725437009e+00,-3.731083498165697421e+01,-3.000920702954869013e-01
1.100000000000000283e-01,-1.077800594348732544e+00,1.715657514036890374e+00,-3.791570971186381200e+01,-3.458893494719261774e-01
1.150000000000000328e-01,-1.069803105221371897e+00,1.523418512739757924e+00,-3.759696323524988770e+01,-3.838576966265920820e-01
1.200000000000000372e-01,-1.062795619818656778e+00,1.325418949602243490e+00,-3.664570087425493483e+01,-4.155242845726656586e-01
1.250000000000000278e-01,-1.056798026713464456e+00,1.124444387235106424e+00,-3.524647923215344747e+01,-4.416679712200565211e-01
1.300000000000000322e-01,-1.051813559500108575e+00,9.239744322165216461e-01,-3.337648143609055040e+01,-4.628672260850614784e-01
1.350000000000000366e-01,-1.047837176616758681e+00,7.247697459921724761e-01,-3.139994034628687558e+01,-4.797105088860523781e-01
1.400000000000000411e-01,-1.044863066846372979e+00,5.267031195946491051e-01,-2.942584914795112283e+01,-4.922574097003059590e-01
1.450000000000000455e-01,-1.042873986420203014e+00,3.331412920101431974e-01,-2.704667148884742289e+01,-4.997187563390902976e-01
1.500000000000000500e-01,-1.041805729694164295e+00,1.560565103658729247e-01,-2.333059762564452200e+01,-5.004173009641637027e-01
1.550000000000000544e-01,-1.041577671491650481e+00,-1.586930011906906857e-01,-1.106542605728448336e+02,-4.674028672289631814e-01
1.600000000000000588e-01,-1.038444057118745434e+00,1.030617197429437137e+00,1.385969512368493497e+02,1.000728281979776924e+00
1.650000000000000633e-01,-1.030716372441057294e+00,1.788046828173708303e+00,1.411905945487160636e+02,9.682298588462490141e-01
1.700000000000000677e-01,-1.020755984155274687e+00,2.060505810732865317e+00,-3.166003212673114930e+01,9.451366540892618406e-01
1.750000000000000722e-01,-1.060519791045754223e+00,-2.166520394061622312e+01,3.457737462123369824e+03,1.525412108312761816e+01
1.800000000000000766e-01,-1.138762044948583796e+00,-1.333818813728914954e+01,2.104755192326153974e+03,1.842130724725767266e+01
1.850000000000000810e-01,-1.205792812833449856e+00,-1.335369212726416421e+01,-1.096260358463149259e+03,1.728145954187307964e+01
1.900000000000000855e-01,-1.267595084844598929e+00,-1.360297416654606550e+01,-1.440052536869528694e+03,1.828054155037480655e+01
1.950000000000000899e-01,-1.324393493158308788e+00,-1.009653445113855419e+01,1.920959220384524542e+03,1.919535522818962647e+01
2.000000000000000944e-01,-1.376771276107051190e+00,-1.066333380592409341e+01,-1.185107253204424978e+03,1.806265893029888758e+01
2.050000000000000988e-01,-1.423854437776854498e+00,-8.716261834060325953e+00,1.213223563608080212e+03,1.924659670884654972e+01
2.100000000000001033e-01,-1.468471939511220237e+00,-9.170169046330629570e+00,-1.106878504905096634e+03,1.894895586209255356e+01
2.150000000000001077e-01,-1.508867386537501964e+00,-7.447311250352081302e+00,1.147050684232892309e+03,1.943499639014110869e+01
2.200000000000001121e-01,-1.547365668650101611e+00,-7.986328209619468765e+00,-1.164588589367579743e+03,1.941264355382085682e+01
2.250000000000001166e-01,-1.581892723359667574e+00,-6.313934896054136381e+00,1.121378491375317253e+03,1.958744804567982101e+01
2.300000000000001210e-01,-1.615042809324113149e+00,-6.973217243673799359e+00,-1.237240880022854299e+03,1.963924975645720039e+01
2.350000000000001255e-01,-1.644341430648583291e+00,-5.333698610808605522e+00,1.039033577805385448e+03,1.937664413749493875e+01
2.400000000000001299e-01,-1.672202061297145326e+00,-5.909349600371659683e+00,-1.227854341057146939e+03,1.930441759082885156e+01
2.450000000000001343e-01,-1.696344372328323358e+00,-4.279098473367594302e+00,1.060945563754419936e+03,1.926705540785589932e+01
2.500000000000001110e-01,-1.719159370694266054e+00,-4.865132732822092798e+00,-8.840483053540027640e+02,1.929071136242843920e+01
2.550000000000001155e-01,-1.741154275646171312e+00,-5.135473035110972084e+00,-1.329698511079466243e+03,1.886232412258531710e+01
2.600000000000001199e-01,-1.759062766731078309e+00,-4.317704966687743173e+00,-5.474946484842521386e+02,1.908781874973634629e+01
2.650000000000001243e-01,-1.774251249919504891e+00,-1.529448004338507694e+00,2.189062837938612120e+03,1.979540636348152560e+01
2.700000000000001288e-01,-1.787775241670595427e+00,-1.287567744491860955e+00,2.149219252131445955e+03,1.792452411336198992e+01
2.750000000000001332e-01,-1.798492144513415214e+00,-2.215983110975031423e+00,-1.111192412342080388e+03,1.667227980888087657e+01
2.800000000000001377e-01,-1.809126883358572080e+00,-2.034921289256970578e+00,-1.213315298257480208e+03,1.569998112506135968e+01
2.850000000000001421e-01,-1.816309509690729573e+00,-1.981287204924458756e+00,-1.224434513817011975e+03,1.477534714114353598e+01
2.900000000000001465e-01,-1.821057612613283583e+00,-2.271111879057083005e+00,-1.287678150176925101e+03,1.435763598632530780e+01
2.950000000000001510e-01,-1.823204260544883271e+00,-9.776355060043034895e-02,5.584693096659478897e+02,1.318667627763410621e+01
3.000000000000001554e-01,-1.823419458444027086e+00,-2.412422232834334768e-01,-8.121261218945037399e+02,1.234703620731650986e+01
3.050000000000001599e-01,-1.822560765681563444e+00,-6.191142544139345283e-01,-7.697900038849372777e+02,1.060871675003881442e+01
3.100000000000001643e-01,-1.819301230592273111e+00,1.346079719376368500e+00,1.187767724156964732e+03,9.596012014099649434e+00
3.150000000000001688e-01,-1.814922239887408972e+00,6.414812055430895166e-01,-9.163260233315759251e+02,7.385882080316957143e+00
3.200000000000001732e-01,-1.808745212609885300e+00,1.689619517613248023e+00,9.079566365606766567e+02,6.371747321897537120e+00
3.250000000000001776e-01,-1.802451444108038370e+00,9.467260289079648672e-01,-8.264558399803361226e+02,4.700608430529086057e+00
3.300000000000001821e-01,-1.795172420469528074e+00,1.845025120836004673e+00,7.680125536182260930e+02,3.803317562313454303e+00
3.350000000000001865e-01,-1.787509057024704084e+00,1.405580532787886749e+00,-5.292354696006484573e+02,2.165072669854186227e+00
3.400000000000001910e-01,-1.777971161816999102e+00,2.091666919946344905e+00,3.950136787975764037e+02,1.379178248768134329e+00
3.450000000000001954e-01,-1.768121803238090761e+00,2.107912552007142448e+00,7.315671542553687345e+01,-2.596857708811093346e-01
3.500000000000001998e-01,-1.757869924191088229e+00,2.047710524335405680e+00,1.675848665219296763e+01,-1.183806661247763570e+00
3.550000000000002043e-01,-1.749101295220033103e+00,1.565746650602692247e+00,-1.092074425525621280e+02,-1.897526555491248601e+00
3.600000000000002087e-01,-1.742818514663914353e+00,1.055670901697750574e+00,-8.885230093225041514e+01,-2.110061449343354489e+00
3.650000000000002132e-01,-1.739095124153962502e+00,5.523885579622215269e-01,-9.904565362021423880e+01,-2.111393597116420828e+00
3.700000000000002176e-01,-1.736845709952333339e+00,3.861604971981396073e-01,-2.178338886205115443e+01,-1.837138784196711061e+00
3.750000000000002220e-01,-1.734774067029022815e+00,4.323505344093225844e-01,2.050176187871810107e+00,-1.556574012181720423e+00
3.800000000000002265e-01,-1.731913740120219591e+00,6.576811125209615083e-01,5.092769655100366322e+01,-1.378014670660892005e+00
3.850000000000002309e-01,-1.728871480026687779e+00,-2.760790537669037814e-01,-1.220492086363931321e+03,-1.325864268787452893e+00
3.900000000000002354e-01,-1.720988771275843154e+00,1.850780435623672338e+00,6.627056807190813004e+01,-1.857422908135237138e+00
3.950000000000002398e-01,-1.711818920595895133e+00,1.281098964770998494e+00,-7.717166523085587642e+02,-1.867381833362857568e+00
4.000000000000002442e-01,-1.700401996425473516e+00,2.444448042902246154e+00,4.198918197365485838e+01,-2.263179023728771888e+00
4.050000000000002487e-01,-1.688506886515416472e+00,2.407646282573428831e+00,3.983260988911870299e+02,-2.081382924996257877e+00
4.100000000000002531e-01,-1.675433599363989501e+00,2.644288920845381696e+00,8.536374179043262345e+00,-2.671492448908847184e+00
4.150000000000002576e-01,-1.662850272216586767e+00,2.568424798231908390e+00,7.185592324523753405e+01,-2.775228246474695570e+00
4.200000000000002620e-01,-1.650029789164872751e+00,2.536702168076168551e+00,-1.069453037206623058e+01,-3.137032477648380446e+00
4.250000000000002665e-01,-1.638087313946344770e+00,2.410260733508765352e+00,-2.161635385943006327e+01,-3.357847514239537201e+00
4.300000000000002709e-01,-1.626636221341970501e+00,2.271480526006629308e+00,2.014926859296567230e+01,-3.668872355086193249e+00
4.350000000000002753e-01,-1.615728507927000290e+00,2.056675846237054905e+00,-1.239202609030391358e+02,-4.008742764861431773e+00
4.400000000000002798e-01,-1.605287880691034008e+00,2.070729468146373708e+00,-4.436765551672035457e+00,-4.365846315610077966e+00
4.450000000000002842e-01,-1.595197173598349227e+00,2.025428746187324158e+00,-6.443640313299057176e+00,-4.706197368205780052e+00
4.500000000000002887e-01,-1.585067965582512395e+00,2.052020848789973595e+00,2.291998141088103225e+01,-4.990937447723023723e+00
4.550000000000002931e-01,-1.574685579117020229e+00,2.112257026639044799e+00,1.266844350547598985e+01,-5.267948409606567850e+00
4.600000000000002975e-01,-1.563902084849882579e+00,2.192987366657523030e+00,2.392359128123773004e+01,-5.445261026674241833e+00
4.650000000000003020e-01,-1.552694576476595145e+00,2.273864656399011697e+00,1.048990599809057755e+01,-5.646492050927334638e+00
4.700000000000003064e-01,-1.541122577255432669e+00,2.341161916597554793e+00,1.979702775230303757e+01,-5.960083664679969750e+00
4.750000000000003109e-01,-1.529715915760482936e+00,2.238902852032052859e+00,4.231027429235358284e+01,-6.012836592617041731e+00
4.800000000000003153e-01,-1.519021648456545304e+00,2.101456086652603084e+00,-2.998937850035995822e+01,-6.089005712826142336e+00
4.850000000000003197e-01,-1.508763158242233837e+00,2.035642319025868119e+00,8.020063240581052355e+00,-6.173923823822340395e+00
4.900000000000003242e-01,-1.498945887667229471e+00,1.930852169194077206e+00,-1.343185809308944734e+01,-6.349716930897177036e+00
4.950000000000003286e-01,-1.489670851225097570e+00,1.814007153661155947e+00,-2.733963174933268903e+01,-6.505509894792620429e+00
5.000000000000003331e-01,-1.480919790123269575e+00,1.713377719838850011e+00,-1.190391829957033565e+01,-6.807750094792102580e+00
5.050000000000003375e-01,-1.472763442997005789e+00,1.569775483616403289e+00,-4.551578689717304371e+01,-7.008497032770147683e+00
5.100000000000003419e-01,-1.465211612909396832e+00,1.462465510171483185e+00,4.669021979024066127e+00,-7.144630388452267944e+00
5.150000000000003464e-01,-1.458223150990456629e+00,1.359702091671394442e+00,-3.701577572420143980e+01,-7.524997176033314084e+00
5.200000000000003508e-01,-1.451606648947515898e+00,1.285116025460211420e+00,-1.338397339779415596e+01,-7.766193651319643010e+00
5.250000000000003553e-01,-1.445268901598332434e+00,1.252656658661275513e+00,-3.672622263127537590e+00,-8.004863347674721297e+00
5.300000000000003597e-01,-1.438973856525196826e+00,1.273762509590662395e+00,2.163043659676839781e+01,-8.370042885468429006e+00
5.350000000000003642e-01,-1.432750134482701831e+00,1.171195086808131780e+00,7.836313900319406001e-01,-8.776154869984688744e+00
5.400000000000003686e-01,-1.427237582682908235e+00,1.048894629339627738e+00,-1.211222011717803611e+02,-9.216985578706793802e+00
5.450000000000003730e-01,-1.422331533534939352e+00,1.005699648112837519e+00,9.017355658590724943e+01,-9.472126113339680131e+00
5.500000000000003775e-01,-1.418049352134120866e+00,8.353643111451128922e-01,-5.059469979591534106e+00,-9.843053726177657836e+00
5.550000000000003819e-01,-1.414567789741512094e+00,7.173387107876474378e-01,1.288334535858972174e+02,-1.015188777508757134e+01
5.600000000000003864e-01,-1.411637501341588496e+00,5.778610015441625336e-01,8.412141304498780414e+01,-1.063921359330017680e+01
5.650000000000003908e-01,-1.411397308154135333e+00,-1.247214320258001330e-02,1.590195479405731760e+02,-1.057205309261557602e+01
5.700000000000003952e-01,-1.410065099344397499e+00,-2.387679371492880953e-01,-7.733239853057613118e+02,-1.154164335774927963e+01
5.750000000000003997e-01,-1.409511257044167687e+00,3.929463169955939583e-01,6.077870690157422473e+01,-1.183285932589023304e+01
5.800000000000004041e-01,-1.410592814979440224e+00,1.449380117857634598e-01,1.968401469781377102e+02,-1.221154053728270128e+01
5.850000000000004086e-01,-1.432310539891331613e+00,-8.232571956499301180e+00,-1.581292990461213549e+03,-9.126170092697350356e+00
5.900000000000004130e-01,-1.494895414397284572e+00,-1.450950404807314165e+01,-8.134849384293328285e+02,-5.965232418538354509e+00
5.950000000000004174e-01,-1.576398957824236335e+00,-1.698585205797633790e+01,-1.830002228092793928e+02,-3.739221819897425192e+00
6.000000000000004219e-01,-1.661968223519046939e+00,-1.695292984242494327e+01,1.011629158606105960e+02,-1.924585658981259328e+00
6.050000000000004263e-01,-1.740094805139596801e+00,-1.472797286470281186e+01,4.814189651533828282e+02,-2.277611383483373331e-01
6.100000000000004308e-01,-1.803818905370573322e+00,-1.154892288508633236e+01,5.257919632863342940e+02,9.158874342486820197e-01
6.150000000000004352e-01,-1.850359332832730130e+00,-8.001046505283238020e+00,6.315687092256669075e+02,1.473827046241106942e+00
6.200000000000004396e-01,-1.879190162400534714e+00,-4.496576946842453459e+00,5.494402133855766124e+02,1.749800331910289497e+00
6.250000000000004441e-01,-1.892018532525615360e+00,-1.496502292449952920e+00,4.977296280595582516e+02,1.549742637856284411e+00
6.300000000000004485e-01,-1.890744537430108618e+00,1.187624490987627457e+00,3.784073756903454182e+02,1.539163563153967296e+00
6.350000000000004530e-01,-1.878044887015313469e+00,3.220263072701659901e+00,2.951838173318663507e+02,1.420710127027265290e+00
6.400000000000004574e-01,-1.855741644107213428e+00,5.059421756726390385e+00,2.414590706627752752e+02,1.788872506299508114e+00
6.450000000000004619e-01,-1.822344655961591453e+00,7.498974306177527360e+00,3.169344390950326442e+02,3.042958325407692399e+00
6.500000000000004663e-01,-1.775488586598626961e+00,1.025825999949250900e+01,3.253859324821498262e+02,4.089343120518432073e+00
6.550000000000004707e-01,-1.715817029372273872e+00,1.269128039396012220e+01,3.213167785957202796e+02,4.445550731069315198e+00
6.600000000000004752e-01,-1.649119519066730932e+00,1.356717309239287061e+01,8.002800851388651893e+01,2.851051875699345040e+00
6.650000000000004796e-01,-1.593550733719795609e+00,-9.762648634966446526e-01,-1.531227487482672404e+04,1.635219743652585933e+00
6.700000000000004841e-01,-1.600753737004514177e+00,-1.444136430437855001e+00,9.656716131372337486e+01,1.501021216265243119e+01
6.750000000000004885e-01,-1.607289066680042788e+00,-1.331655573431662187e+00,-1.729777221828879874e+02,1.588976752816249416e+01
6.800000000000004929e-01,-1.612978569418221042e+00,-1.073052770914648457e+00,1.531208459024352919e+02,1.589735335415361384e+01
6.850000000000004974e-01,-1.618295705076727042e+00,-9.033167189962636456e-01,2.383472652851839371e+02,1.598621022774626965e+01
6.900000000000005018e-01,-1.623312480568261940e+00,-1.068912623629517222e+00,-1.981031850690687577e+02,1.616734828780745303e+01
6.950000000000005063e-01,-1.628977604892141828e+00,-1.367134546644731774e+00,-4.409368064432010783e+02,1.694613096961891685e+01
7.000000000000005107e-01,-1.633664613745733130e+00,-1.354275678793519289e+00,-4.193309714136236153e+02,1.718813946842420748e+01
7.050000000000005151e-01,-1.638352780679022125e+00,-1.411302553178283903e+00,-4.639086975632489498e+02,1.789755422345372438e+01
7.100000000000005196e-01,-1.643469166162947470e+00,-1.532917334726114023e+00,-4.933507224308512491e+02,1.828227894045016200e+01
7.150000000000005240e-01,-1.648735436533026455e+00,-1.526896721658978828e+00,-4.710218546027657567e+02,1.836667734265826368e+01
7.200000000000005285e-01,-1.654072291181590382e+00,-1.573163457996357373e+00,-5.100446897455297517e+02,1.917034544684211994e+01
7.250000000000005329e-01,-1.659832326204104591e+00,-1.708252093818170003e+00,-5.783249594166928773e+02,1.943104241244261488e+01
7.300000000000005373e-01,-1.665529273327615689e+00,-1.661146894751593717e+00,-5.386338012039947216e+02,1.993857059132086462e+01
7.350000000000005418e-01,-1.671485613760347544e+00,-1.739171933265793335e+00,-5.574268355440555069e+02,2.055034496162843638e+01
7.400000000000005462e-01,-1.677242218493037340e+00,-1.730822629009422187e+00,-5.880193015812506019e+02,2.130391872410299570e+01
7.450000000000005507e-01,-1.682633801248655692e+00,-1.586169675588202876e+00,-5.327257915541932789e+02,2.102850653597331743e+01
7.500000000000005551e-01,-1.687727395465333569e+00,-1.508140654771739975e+00,-5.090243075561422756e+02,1.985279754315143563e+01
7.550000000000005596e-01,-1.692632936651318420e+00,-1.452607602995010794e+00,-4.822917269724870266e+02,1.872100456746221298e+01
7.600000000000005640e-01,-1.697344481229834834e+00,-1.401072044959938090e+00,-4.592738197238734870e+02,1.788461919275646750e+01
7.650000000000005684e-01,-1.701778924619592237e+00,-1.290391263850079406e+00,-4.030182134554730169e+02,1.733935226131610463e+01
7.700000000000005729e-01,-1.704936948403532160e+00,-1.565739678703001458e-01,6.907817502603007824e+02,1.690444658328501149e+01
7.750000000000005773e-01,-1.707906352363974145e+00,-1.697951896896443824e-01,6.409360100605749722e+02,1.597389765398575356e+01
7.800000000000005818e-01,-1.710888007079508499e+00,-1.696723336557845185e-01,6.413799177655805579e+02,1.566151988174010157e+01
7.850000000000005862e-01,-1.713886481527467032e+00,-2.069074935795179870e-01,6.203267973264680677e+02,1.553858832387798472e+01
7.900000000000005906e-01,-1.716069391238965958e+00,-2.204399417543926598e-01,6.587462670533213895e+02,1.552107087785460493e+01
7.950000000000005951e-01,-1.718279434438685360e+00,-2.498347362123257975e-01,6.032691719048593768e+02,1.553133537133949105e+01
8.000000000000005995e-01,-1.719582047566057925e+00,-2.704020976230486761e-01,-4.417327023618843214e+02,1.513162443762710296e+01
8.050000000000006040e-01,-1.720975041308327125e+00,-2.703717258308951377e-01,-4.377637276210388109e+02,1.521874620531123945e+01
8.100000000000006084e-01,-1.722158999095217524e+00,-2.116543928556506027e-01,-4.284638425075036139e+02,1.500073202446014697e+01
8.150000000000006128e-01,-1.723104272459510256e+00,-1.680678297993425663e-01,-3.516559854707130057e+02,1.513714838553627828e+01
8.200000000000006173e-01,-1.723896426793046333e+00,-1.412171204390657575e-01,-3.864503769182928750e+02,1.507927799101144117e+01
8.250000000000006217e-01,-1.724625120447439208e+00,-1.374101255459311277e-01,-4.358728542097247214e+02,1.499688799223075719e+01
8.300000000000006262e-01,-1.725579805806365608e+00,-2.232444228071017722e-01,-4.104281209972523357e+02,1.457867641859950147e+01
8.350000000000006306e-01,-1.725635086184079459e+00,-2.047143018277296223e-01,-4.267689627992072019e+02,1.462734049671212588e+01
8.400000000000006350e-01,-1.725792389419597450e+00,-2.693248812148069105e-01,-4.826284356085870400e+02,1.454867976156407927e+01
8.450000000000006395e-01,-1.724947479468919687e+00,-3.002660911048293801e-01,-4.503436481380983878e+02,1.402665579296076181e+01
8.500000000000006439e-01,-1.724301868510337732e+00,-3.355480104332635993e-01,-4.802420442245995105e+02,1.409895207711088361e+01
8.550000000000006484e-01,-1.723543216219231899e+00,-2.655958975109979914e-01,-4.236450018410523057e+02,1.364917304212172056e+01
8.600000000000006528e-01,-1.722051063181130104e+00,3.655384072373583648e-01,1.657557468780865690e+02,1.367676785409486939e+01
8.650000000000006573e-01,-1.720695056003357148e+00,4.290384149297197247e-01,2.806963142489323104e+02,1.206560075600969917e+01
8.700000000000006617e-01,-1.719185169780597988e+00,3.830598105921023122e-01,1.758698094229696096e+02,1.189967373462735267e+01
8.750000000000006661e-01,-1.717316536665895788e+00,3.833809504764886800e-01,-1.585602144066880044e+02,1.026417248366302282e+01
8.800000000000006706e-01,-1.714856411373046896e+00,3.372784730884373361e-01,-2.332903926073293235e+02,7.876077904189888734e+00
8.850000000000006750e-01,-1.711490265962623436e+00,8.503612400940051552e-01,2.218775851283760119e+02,5.743462341142970828e+00
8.900000000000006795e-01,-1.707490354687037248e+00,7.742872243217254757e-01,-5.412722830556850084e+01,3.308001352924631711e+00
8.950000000000006839e-01,-1.702790372315701850e+00,1.012141236576578729e+00,3.411476096175724848e+01,5.806621902662537638e-01
9.000000000000006883e-01,-1.698151669094630334e+00,1.054639855881244648e+00,5.934110911005402755e+01,-8.447686474756319619e-01
9.050000000000006928e-01,-1.692882743201427065e+00,1.042552575687444527e+00,-9.834004523247983798e+00,-1.408091079706741411e+00
9.100000000000006972e-01,-1.688045368012933700e+00,9.948832189139797944e-01,2.555592809705464208e-01,-1.712541636752457297e+00
9.150000000000007017e-01,-1.683386231337404615e+00,9.066126830023567562e-01,4.293962522613642818e+01,-1.930851933898751538e+00
9.200000000000007061e-01,-1.678985064156196305e+00,8.590103439104578298e-01,-1.407827463372816545e+01,-2.316087653381731393e+00
9.250000000000007105e-01,-1.674851740411058110e+00,8.263674559350941973e-01,-5.665987109485517870e+00,-2.373643740989740625e+00
9.300000000000007150e-01,-1.670827208242297024e+00,8.022390553167190186e-01,-3.082215108752902610e-01,-2.500572869888598060e+00
9.350000000000007194e-01,-1.666801725618664909e+00,8.153689348528813108e-01,8.125177329367801349e+00,-2.429969961826063063e+00
9.400000000000007239e-01,-1.662776598235994330e+00,8.047818554379159162e-01,1.261811531002078990e+00,-2.573758109309983499e+00
9.450000000000007283e-01,-1.658732754661840447e+00,8.096412886361451511e-01,-3.617954160918920969e+00,-2.461136168535633661e+00
9.500000000000007327e-01,-1.654688943755823427e+00,8.095242734788683503e-01,4.356398386019832536e+00,-2.569528550320985705e+00
9.550000000000007372e-01,-1.650584748700168136e+00,8.268621455549682864e-01,1.497916673775147034e+00,-2.480346999082315484e+00
9.600000000000007416e-01,-1.646493222177803029e+00,8.178855288702533421e-01,1.507124592095213877e+00,-2.630918006918469665e+00
9.650000000000007461e-01,-1.642368536609628560e+00,8.264583796176339092e-01,-5.158629998134933281e+00,-2.558446461886761725e+00
9.700000000000007505e-01,-1.638259979030392000e+00,8.196125373646979684e-01,5.944955229692648224e+00,-2.710367336377253800e+00
9.750000000000007550e-01,-1.634147926506392290e+00,8.240682852553324889e-01,-1.531115292498709257e-01,-2.665106688681302849e+00
9.800000000000007594e-01,-1.630094657598394781e+00,8.096670255164390984e-01,2.556824762567778020e+00,-2.842813402104126919e+00
9.850000000000007638e-01,-1.626086920467660457e+00,7.927644706826245669e-01,-1.256966665604259248e+01,-2.815706736594402404e+00
9.900000000000007683e-01,-1.622176062141035935e+00,7.769709315360364688e-01,6.283879065646210904e+00,-2.996287595312627339e+00
9.950000000000007727e-01,-1.618341888310180998e+00,7.597931590510615951e-01,-4.927345320944090723e+00,-2.990635131395877000e+00
1.000000000000000666e+00,-1.614618462404772359e+00,7.420105833411068108e-01,-2.277315155070285257e+00,-3.176524104466811771e+00
1.005000000000000560e+00,-1.610986097615875634e+00,7.120862268184636745e-01,-1.445569336989835030e+01,-3.172339600225280165e+00
1.010000000000000453e+00,-1.607433201517584731e+00,7.046634110510872073e-01,-1.455372765587680206e+01,-3.344022413096646495e+00
1.015000000000000346e+00,-1.603903483772955552e+00,7.085748636591387983e-01,2.210769378720541667e+01,-3.344798292931137063e+00
1.020000000000000240e+00,-1.600450092219674492e+00,7.019322876455945659e-01,4.629286669016354772e+00,-3.527930708610578225e+00
1.025000000000000133e+00,-1.597051139794646302e+00,6.670995697873369767e-01,-1.725394482015731512e+01,-3.641184224692022298e+00
1.030000000000000027e+00,-1.593757597330327291e+00,6.455261532894676080e-01,-1.464930732817678605e+00,-3.684654450847595797e+00
1.034999999999999920e+00,-1.590528131084739227e+00,6.524082075074434384e-01,1.019906909763661496e+01,-3.714800436005721629e+00
1.039999999999999813e+00,-1.587285985011290146e+00,6.421713816103179484e-01,-1.641251276944436199e+01,-3.880591950520077660e+00
1.044999999999999707e+00,-1.584004145699180244e+00,6.538789668284636925e-01,-2.061122788313076271e+01,-3.873126220630727090e+00
1.049999999999999600e+00,-1.580772827439770101e+00,6.416033101897562485e-01,1.467028507021245254e+01,-3.983244069320127423e+00
1.054999999999999494e+00,-1.580952050256434704e+00,-9.607518604029606779e-01,-4.750479967118001241e+02,-3.443071508165516104e+00
1.059999999999999387e+00,-1.591191617938154446e+00,-2.647617155754672602e+00,-2.794756369191243834e+02,-2.585014641365745547e+00
1.064999999999999281e+00,-1.607242381061037895e+00,-3.488860006293529548e+00,-8.786330657967205582e+01,-1.969233663582096838e+00
1.069999999999999174e+00,-1.626063338217720089e+00,-3.870209505856033960e+00,-4.136403861642688895e+01,-1.521998138922896926e+00
1.074999999999999067e+00,-1.645717897351428372e+00,-3.938647717638177337e+00,-3.365587078928715670e+00,-1.236113245928593063e+00
1.079999999999998961e+00,-1.664177328587093330e+00,-3.519548378884677753e+00,1.075494078049307376e+02,-8.113807282520593134e-01
1.084999999999998854e+00,-1.680674864707354166e+00,-3.161081080543041821e+00,4.382717147703109362e+01,-6.508920252802115058e-01
1.089999999999998748e+00,-1.694656482227030692e+00,-2.590211598074133370e+00,1.098532584145997930e+02,-4.618745205398124831e-01
1.094999999999998641e+00,-1.706038742779076856e+00,-2.113294708198163452e+00,5.402521003627946783e+01,-3.655840826835909940e-01
1.099999999999998535e+00,-1.714545642732689723e+00,-1.481428312727942398e+00,1.069165530362504057e+02,-2.196181981739983025e-01
1.104999999999998428e+00,-1.720017486192899403e+00,-8.941571981873591701e-01,6.287800771083892926e+01,-1.599296334587137491e-01
1.109999999999998321e+00,-1.721986662049277861e+00,-1.379247118847305165e-01,1.276758695709953741e+02,-5.663015140704477646e-02
1.114999999999998215e+00,-1.721034397199515897e+00,3.414688887991230160e-01,3.604802985236265300e+01,-1.039601535089976492e-01
1.119999999999998108e+00,-1.717620304849681645e+00,8.391668550392713533e-01,8.014354576518778117e+01,-1.063081410315039887e-01
1.124999999999998002e+00,-1.712087748849153490e+00,1.215973884798625893e+00,1.603384380580710911e+01,-1.397951941110571195e-01
1.129999999999997895e+00,-1.705189174338232139e+00,1.434520194840875895e+00,3.424949893954067193e+01,-1.712057055056350752e-01
1.134999999999997788e+00,-1.697664527172943139e+00,1.502918284837456264e+00,-3.665058287038224449e+01,-2.522621091748378230e-01
1.139999999999997682e+00,-1.689475169655616948e+00,1.676615603568438084e+00,2.836292465183011302e+01,-1.875074860876546623e-01
1.144999999999997575e+00,-1.681370724480068857e+00,1.553399386971815010e+00,-6.270374550679610337e+01,-2.609057371132121883e-01
1.149999999999997469e+00,-1.673709012943174423e+00,1.486749492505588188e+00,-9.907611438224625644e+00,-2.559600730762698895e-01
1.154999999999997362e+00,-1.666399556416797934e+00,1.418062830269207986e+00,-4.980225968766823286e+01,-2.173752058017927036e-01
1.159999999999997256e+00,-1.659403197000417940e+00,1.366003041073780677e+00,2.131040609954798715e+00,-9.752600871172234509e-02
1.164999999999997149e+00,-1.653018474971689189e+00,1.199720393629710280e+00,-6.923393702067619415e+01,-1.928319385749007742e-01
1.169999999999997042e+00,-1.646540423453302537e+00,1.327080937882423095e+00,3.060001520767280070e+01,9.346181828502109212e-03
1.174999999999996936e+00,-1.639913637767165699e+00,1.301939737487969539e+00,-3.901028106845799215e+01,3.719494677211598876e-02
1.179999999999996829e+00,-1.633186076862815250e+00,1.347073955170394077e+00,1.423942891287510371e+01,2.667490344236056465e-02
1.184999999999996723e+00,-1.626112429096398637e+00,1.434613128795152681e+00,-1.611340467816726374e+01,8.077525333962476406e-02
1.189999999999996616e+00,-1.618328753053697611e+00,1.622632042824096565e+00,4.916318251093512970e+01,3.445422961933258810e-01
1.194999999999996509e+00,-1.609316320294650104e+00,1.872597590427218961e+00,-2.416345790901101687e+00,6.059614338185027593e-01
1.199999999999996403e+00,-1.594643270484174646e+00,3.451077447829383527e+00,1.792131156759328690e+02,1.888998586769124799e+00
1.204999999999996296e+00,-1.574254958364294188e+00,4.373833676622532529e+00,8.925996590592015423e+01,2.002568269784100075e+00
1.209999999999996190e+00,-1.550976105832048813e+00,4.774904266002739206e+00,1.995941466511353823e+01,1.746367724779427366e+00
1.214999999999996083e+00,-1.525339179448690352e+00,5.295105840807691422e+00,5.460462281031374943e+01,1.734527093467172154e+00
1.219999999999995977e+00,-1.496918293301611413e+00,5.862024434843785770e+00,3.539333670977122637e+01,1.496965110868627935e+00
1.224999999999995870e+00,-1.466691343009888016e+00,6.129082921613655977e+00,5.317637973557519615e+01,1.005167817232623495e+00
1.229999999999995763e+00,-1.435403137735982826e+00,6.270691064463283837e+00,-1.757283894044288886e+01,5.696596882284028496e-01
1.234999999999995657e+00,-1.452210444155959124e+00,-3.031884275143541974e+00,1.679180612089411682e+02,5.764208328071296350e+00
1.239999999999995550e+00,-1.462290449710776707e+00,-1.674761289539714149e+00,-6.329254724536496468e+01,8.497257087350002180e+00
1.244999999999995444e+00,-1.470243874610710044e+00,-1.470320434060663262e+00,1.725183525828960001e+02,8.723993038168320169e+00
1.249999999999995337e+00,-1.477808148578439340e+00,-1.485712830315112587e+00,-2.681247593254815342e+01,9.616999095902226458e+00
1.254999999999995230e+00,-1.484793764034356478e+00,-1.343056374713283985e+00,1.109345913401050296e+02,1.020877722174159352e+01
1.259999999999995124e+00,-1.491404911123155319e+00,-1.361726819290529411e+00,-1.325832966528153634e+02,1.112950743696062261e+01
1.264999999999995017e+00,-1.497623171504768758e+00,-1.168659988371436809e+00,1.674650297408175561e+02,1.133347881784415812e+01
1.269999999999994911e+00,-1.503789614998668256e+00,-1.286233992024925055e+00,-1.674332710441887855e+02,1.197217321638844112e+01
1.274999999999994804e+00,-1.509608437808090287e+00,-1.074116746853505111e+00,2.127427143506812968e+02,1.200855044202430655e+01
1.279999999999994698e+00,-1.515586073581789650e+00,-1.282649387997698121e+00,-2.311553215206560026e+02,1.252344635203469281e+01
1.284999999999994591e+00,-1.521245376732556664e+00,-1.026503924869108797e+00,2.551323030719613882e+02,1.254898395626402063e+01
1.289999999999994484e+00,-1.527118187637115376e+00,-1.274440217825940191e+00,-2.561477046497215611e+02,1.299788712271164570e+01
1.294999999999994378e+00,-1.532612739089550979e+00,-9.731321398998156180e-01,2.968454315162101125e+02,1.299325452894660060e+01
1.299999999999994271e+00,-1.538364604528150048e+00,-1.271381381428014601e+00,-3.087385629292635372e+02,1.333287442920401666e+01
1.304999999999994165e+00,-1.543668296536993667e+00,-9.244410983974586937e-01,3.266945922046469946e+02,1.344847019045542424e+01
1.309999999999994058e+00,-1.549212156324041301e+00,-1.232805872664428426e+00,-3.315018793458590380e+02,1.359859617246642927e+01
1.314999999999993952e+00,-1.554281606568462371e+00,-8.911413956529066205e-01,3.084890844843382069e+02,1.367586394986270903e+01
1.319999999999993845e+00,-1.559563545663340989e+00,-1.199824369469809193e+00,-3.769753975231249115e+02,1.392736636529970617e+01
1.324999999999993738e+00,-1.564559552008289778e+00,-9.142958242180606598e-01,2.708824514145245530e+02,1.397840427017358245e+01
1.329999999999993632e+00,-1.569746479709461795e+00,-1.183264699339799941e+00,-3.212756818258824296e+02,1.418359202030080013e+01
1.334999999999993525e+00,-1.575853594187521800e+00,-1.369525636486606412e+00,-1.943234864437669955e+02,1.422180171691328709e+01
1.339999999999993419e+00,-1.581953676679711096e+00,-1.264697797729873008e+00,-1.025222472988998135e+02,1.486277971444279977e+01
1.344999999999993312e+00,-1.587676158331171594e+00,-1.001701104557652933e+00,2.979944428664681482e+02,1.476427235988506581e+01
1.349999999999993205e+00,-1.593240065212673917e+00,-1.251064389272968924e+00,-4.080299077486936881e+02,1.497818555396631979e+01
1.354999999999993099e+00,-1.599764378372285023e+00,-1.662303081336239163e+00,-5.468752077077441527e+02,1.499302050082668814e+01
1.359999999999992992e+00,-1.605491033479101048e+00,-8.200108006680859596e-01,6.338332095933286610e+02,1.581611187605608571e+01
1.364999999999992886e+00,-1.612227063304033425e+00,-1.296887426588940073e+00,4.517199704671123186e+02,1.572887759234869698e+01
1.369999999999992779e+00,-1.619539818751220883e+00,-1.573244871938662026e+00,-4.494705712839038938e+02,1.606778493511025374e+01
1.374999999999992673e+00,-1.625342520429538418e+00,-9.461418968655707085e-01,4.547608658941977637e+02,1.608714300672622954e+01
1.379999999999992566e+00,-1.631877633227833080e+00,-1.197810043729647056e+00,6.898403972052740301e+02,1.679111466059141122e+01
1.384999999999992459e+00,-1.639027235606528299e+00,-1.581193095698667506e+00,-5.617833521135997898e+02,1.625908313291253648e+01
1.389999999999992353e+00,-1.645445747435830608e+00,-1.891480772766329421e+00,-5.325275720859689272e+02,1.705999082508721898e+01
1.394999999999992246e+00,-1.651975589110210585e+00,-9.360990567936885443e-01,6.381550460397974120e+02,1.702535593494036803e+01
1.399999999999992140e+00,-1.657707708274401170e+00,-1.315939393218681586e+00,-5.180912229903577781e+02,1.707769077893258824e+01
1.404999999999992033e+00,-1.664916310204505701e+00,-1.657727078081655980e+00,-5.054914709612048114e+02,1.715141812351217609e+01
1.409999999999991926e+00,-1.670387278470225612e+00,-7.437316688754419536e-01,6.357140765689678119e+02,1.762904693297920389e+01
1.414999999999991820e+00,-1.676782024518988390e+00,-8.927464462806530276e-01,6.365559979048221066e+02,1.691487625721736521e+01
1.419999999999991713e+00,-1.681866089634837635e+00,-1.106216163020590448e+00,-4.908516297866599416e+02,1.625286111934343580e+01
1.424999999999991607e+00,-1.687242023290670412e+00,-1.378749998136434396e+00,-5.473470005991190419e+02,1.591438780518258156e+01
1.429999999999991500e+00,-1.690974798140690405e+00,-3.550157886886862735e-01,6.725354079887306398e+02,1.615386096806087579e+01
1.434999999999991394e+00,-1.695514858815785786e+00,-5.561117763026616201e-01,6.024850656113591185e+02,1.539644940660065942e+01
1.439999999999991287e+00,-1.698824310041780139e+00,-7.234002998789589300e-01,-4.587722588867076183e+02,1.498985625585699211e+01
1.444999999999991180e+00,-1.701871426863322379e+00,-8.994559553227002846e-01,-5.030345573566377766e+02,1.475985096863325907e+01
1.449999999999991074e+00,-1.704436793003616835e+00,-1.009332743538875476e+00,-4.603579060364329507e+02,1.507474581886252274e+01
1.454999999999990967e+00,-1.706231287582571365e+00,5.751658785255939904e-02,6.600991979267670331e+02,1.492064286784590621e+01
1.459999999999990861e+00,-1.707608359048206514e+00,-3.444535249447726599e-01,-1.942743151409943323e+02,1.432338243034958580e+01
1.464999999999990754e+00,-1.708996083548502298e+00,-3.892828900496307920e-01,-1.424699787363496455e+02,1.438725376516391918e+01
1.469999999999990647e+00,-1.709946889008655102e+00,-9.060468432549399417e-03,3.034048803162517061e+02,1.455944391700308493e+01
1.474999999999990541e+00,-1.710464437383116820e+00,-1.525939753626248674e-01,-2.027017677178488100e+02,1.432000099472900523e+01
1.479999999999990434e+00,-1.710239336580080538e+00,1.200322404746511640e-01,1.785916851911678123e+02,1.459146878847898599e+01
1.484999999999990328e+00,-1.709791806046518037e+00,4.458157633769330164e-02,-1.709042496795086379e+02,1.469776521632525146e+01
1.489999999999990221e+00,-1.708896464012533922e+00,1.918465901002898155e-01,-4.241815138453058687e+00,1.450222051540914947e+01
1.494999999999990115e+00,-1.707457037317730908e+00,4.269316723866168894e-01,1.873371551161736477e+02,1.465232374529818671e+01
1.499999999999990008e+00,-1.705933941393383391e+00,4.340787699636798336e-01,2.637577534720999211e+02,1.434661988595476600e+01
1.504999999999989901e+00,-1.704466116749492555e+00,9.932858915513217979e-02,-4.790766506230417576e+02,1.460919960703287757e+01
1.509999999999989795e+00,-1.701550504682573628e+00,8.986363223807700695e-01,5.345912495288490618e+02,1.460971997252200616e+01
1.514999999999989688e+00,-1.698719936394794461e+00,6.552534072948447141e-01,2.151495578059297031e+02,1.426939330879442025e+01
1.519999999999989582e+00,-1.695617116715139705e+00,6.099000310163280592e-01,-1.123358023934858494e+02,1.401175420978644048e+01
1.524999999999989475e+00,-1.692531944970669500e+00,2.502522078006779171e-01,-5.346020816527579882e+02,1.437475884688389982e+01
1.529999999999989369e+00,-1.688326972338659138e+00,1.229416645961877164e+00,6.355953073201468442e+02,1.420739500616814333e+01
1.534999999999989262e+00,-1.683913145484817075e+00,9.467564447415524054e-01,2.077065607885709824e+02,1.369860471816065406e+01
1.539999999999989155e+00,-1.679416319405207414e+00,8.874134225264127540e-01,-1.825004149897164325e+02,1.331725504934493287e+01
1.544999999999989049e+00,-1.674919664785697870e+00,5.218698563889736519e-01,-5.668806530779457944e+02,1.357511678972562308e+01
1.549999999999988942e+00,-1.669160977767858212e+00,1.519726830371827431e+00,6.057101441579662833e+02,1.337085681928675918e+01
1.554999999999988836e+00,-1.663642471821269453e+00,1.214304821053608041e+00,2.260030136210703233e+02,1.289794435761872471e+01
1.559999999999988729e+00,-1.657864110351755071e+00,1.194934484363902483e+00,1.263070342908777510e+00,1.231595258381820557e+01
1.564999999999988622e+00,-1.652183959224834853e+00,9.117838207617937618e-01,-4.468189384780356477e+02,1.256170633363151623e+01
1.569999999999988516e+00,-1.645623776309500075e+00,1.520480448916935901e+00,4.148026333494864843e+02,1.219336758498835138e+01
1.574999999999988409e+00,-1.639103670029308901e+00,1.308284251536655285e+00,-1.270498682780068656e+01,1.211872415350537935e+01
1.579999999999988303e+00,-1.632564399805187749e+00,1.346782075081461860e+00,6.737152345934929087e+01,1.154253134217755772e+01
1.584999999999988196e+00,-1.626039123398749675e+00,1.094145125161666288e+00,-3.649439477464147785e+02,1.183009623404216626e+01
1.589999999999988090e+00,-1.619007073545111419e+00,1.627396856710737527e+00,4.379265116535642619e+02,1.129280631591945649e+01
1.594999999999987983e+00,-1.611950187475200025e+00,1.374245506936019767e+00,-1.133874107356243570e+02,1.138984920763948416e+01
1.599999999999987876e+00,-1.604868037265753999e+00,1.480670056154743897e+00,1.375201400727687258e+02,1.082050235362053847e+01
1.604999999999987770e+00,-1.597963405277694982e+00,1.162607274313280259e+00,-4.512770807339229577e+02,1.108392043404396077e+01
1.609999999999987663e+00,-1.590409224250545206e+00,1.709915587963871664e+00,4.262552203951253773e+02,1.048834861875819158e+01
1.614999999999987557e+00,-1.583052098212428760e+00,1.385730427494442640e+00,-2.259923528540807354e+02,1.062655467409271992e+01
1.619999999999987450e+00,-1.575459734941472734e+00,1.628471005347864820e+00,2.598211902766935282e+02,1.011031399945367681e+01
1.624999999999987343e+00,-1.568185619637065376e+00,1.227399937491412851e+00,-5.032841724609228322e+02,1.029997788618671173e+01
1.629999999999987237e+00,-1.560192003828317242e+00,1.774961358541980116e+00,3.729766881969954397e+02,9.630174783514179992e+00
1.634999999999987130e+00,-1.552538564053481895e+00,1.397785724219405168e+00,-3.152613784884546817e+02,9.916841685759155922e+00
1.639999999999987024e+00,-1.544640739602903601e+00,1.754035909634080292e+00,3.978176415622172613e+02,9.297907305263708011e+00
1.644999999999986917e+00,-1.536993815300855992e+00,1.379093062601471908e+00,-4.008185663345131502e+02,8.521663573529163926e+00
1.649999999999986811e+00,-1.529230750765832259e+00,1.128920209752809045e+00,-4.084824868598796570e+02,7.354408606355352873e+00
1.654999999999986704e+00,-1.520463135722411208e+00,2.325320323031381253e+00,8.974622781673974714e+02,7.079341110843667018e+00
1.659999999999986597e+00,-1.511740479047191998e+00,2.091926474766161004e+00,6.129189256739418852e+02,5.134840639402782791e+00
1.664999999999986491e+00,-1.503176842366180654e+00,1.862826001055572167e+00,2.489146666039864044e+02,3.626616147657850231e+00
1.669999999999986384e+00,-1.494079843781968453e+00,1.723961511457050566e+00,-1.339953364280916901e+02,1.815359532559252642e+00
1.674999999999986278e+00,-1.485523851525071937e+00,1.696085302550267127e+00,-9.880860713260465999e+00,-4.506825815002711844e-01
1.679999999999986171e+00,-1.477794882694532630e+00,1.710481130151497497e+00,8.633918077621505915e+01,-2.127713499808877806e+00
1.684999999999986064e+00,-1.469660782600490379e+00,1.441040161325427560e+00,-2.743080762996545445e+02,-2.922976206607896810e+00
1.689999999999985958e+00,-1.462493764001849383e+00,1.363762827746274775e+00,-4.257662481195299051e+02,-3.357595181265216944e+00
1.694999999999985851e+00,-1.455135802733650507e+00,1.624505469928572587e+00,2.021961437696695043e+02,-3.428997301028173794e+00
1.699999999999985745e+00,-1.448619570292292158e+00,1.042817747225504244e+00,-5.504659749036010226e+02,-3.778816010965674987e+00
1.704999999999985638e+00,-1.441644822320813368e+00,1.478058176549052138e+00,1.629194369908330202e+02,-3.854056462949031037e+00
1.709999999999985532e+00,-1.436171104724415226e+00,8.192633040957029156e-01,-6.016364054643921691e+02,-4.098545007346105606e+00
1.714999999999985425e+00,-1.431214379768417588e+00,8.498338406191613403e-01,1.624051659378004899e+02,-3.917691525831038746e+00
1.719999999999985318e+00,-1.426128641239357897e+00,8.385732794493290232e-01,1.216216190476583279e+02,-4.172716308967345356e+00
1.724999999999985212e+00,-1.421921493131438341e+00,8.236413668058986115e-01,1.699017899074672755e+02,-4.236852907357121722e+00
1.729999999999985105e+00,-1.418090461510136402e+00,7.161175550744145468e-01,1.575201976835652147e+02,-4.381981225546550895e+00
1.734999999999984999e+00,-1.414836660003429003e+00,5.894294416103429413e-01,1.498163753370500899e+02,-4.414946855850635288e+00
1.739999999999984892e+00,-1.412621328417857702e+00,3.304578537465959753e-01,1.229738979822002847e+02,-4.477014260312389915e+00
1.744999999999984786e+00,-1.410787172105485432e+00,6.246513440622183944e-02,1.189808135666174991e+02,-4.450054762777175377e+00
1.749999999999984679e+00,-1.408859344851925988e+00,5.431448974665390450e-01,3.678203848375910923e+01,-4.936931107516259409e+00
1.754999999999984572e+00,-1.408046596529838101e+00,3.305906328391547411e-01,9.656430004790762212e+01,-4.827451089027859688e+00
1.759999999999984466e+00,-1.407653006875078550e+00,1.723506949239475214e-02,3.932868266343255215e+01,-4.840788317600950741e+00
1.764999999999984359e+00,-1.406990599713234369e+00,2.067751168862566602e-02,-2.010689254171989262e+02,-5.043364879112566257e+00
1.769999999999984253e+00,-1.407542412847128555e+00,-8.892682253938453962e-02,1.380046502252588780e+01,-4.979665166879486016e+00
1.774999999999984146e+00,-1.407586639240366422e+00,5.437841698614798158e-02,5.618654333294654180e+01,-5.120108381574511647e+00
1.779999999999984039e+00,-1.408625067882185444e+00,-2.311975027513836767e-01,-1.480906490193815728e+01,-5.138716613227691354e+00
1.784999999999983933e+00,-1.409871434964075521e+00,-2.694202767132893861e-01,-1.027933255797847956e+01,-5.175710831903516329e+00
1.789999999999983826e+00,-1.411768238201111858e+00,-4.600644119527317888e-01,-4.365683026588311577e+01,-5.233364002552077565e+00
1.794999999999983720e+00,-1.414658097318445718e+00,-6.660928821443018455e-01,-4.552512716795918379e+01,-5.141136307099219316e+00
1.799999999999983613e+00,-1.425855746773387445e+00,-3.521388930394274475e+00,-5.356988666139075121e+02,-3.964712408979045311e+00
1.804999999999983507e+00,-1.449633960767132912e+00,-5.346211032331128266e+00,-2.338901274683199745e+02,-2.769599600702636444e+00
1.809999999999983400e+00,-1.478750782828799348e+00,-6.012613788028441597e+00,-8.563027735015620578e+01,-2.108482908491486008e+00
1.814999999999983293e+00,-1.508964269721095874e+00,-5.997945603895197486e+00,6.100635434850105554e+01,-1.547841707650758458e+00
1.819999999999983187e+00,-1.538044746531495699e+00,-5.649511785390457952e+00,8.724008822185838596e+01,-1.244386455978145012e+00
1.824999999999983080e+00,-1.564626169701745395e+00,-5.101151894266610753e+00,1.031490229909271648e+02,-9.368487884230081164e-01
1.829999999999982974e+00,-1.587990822008753744e+00,-4.405540316735177875e+00,1.320063452227030041e+02,-7.540012771635393740e-01
1.834999999999982867e+00,-1.608148221286771040e+00,-3.810243253993582879e+00,9.926347374473446905e+01,-6.189551097058376694e-01
1.839999999999982760e+00,-1.625188316409342804e+00,-3.173364346192485641e+00,1.136567396855400034e+02,-5.257192243893691330e-01
1.844999999999982654e+00,-1.639489873465415082e+00,-2.686448106148743076e+00,7.213000962882297529e+01,-4.520799680336218263e-01
1.849999999999982547e+00,-1.651369048780130910e+00,-2.204724963795702486e+00,8.363763026456047101e+01,-4.014142614083962002e-01
1.854999999999982441e+00,-1.661268695473623103e+00,-1.864209456232629902e+00,4.060085085256362447e+01,-3.506897656699852206e-01
1.859999999999982334e+00,-1.669392396439020043e+00,-1.501641352456834166e+00,6.193827315874420236e+01,-3.000442973662965640e-01
1.864999999999982228e+00,-1.675979302381678249e+00,-1.224515833491593764e+00,7.247894724394053867e+01,-2.678711767975106017e-01
1.869999999999982121e+00,-1.681451197088178473e+00,-1.042164824005351376e+00,-1.973259807375033148e+01,-2.598697239385312496e-01
1.874999999999982014e+00,-1.685890133993627193e+00,-8.538251401074828939e-01,-8.646332258925268910e-01,-2.423282654424934179e-01
1.879999999999981908e+00,-1.689339775917684916e+00,-6.141189753395089879e-01,4.315150661584602432e+01,-1.444355193165912654e-01
1.884999999999981801e+00,-1.692140023254751879e+00,-5.479405299455180067e-01,-1.650224838242004566e+01,-1.802690645623056809e-01
1.889999999999981695e+00,-1.694159999158392882e+00,-3.784802506417700996e-01,-2.630945334151003223e+01,-1.420549868072948085e-01
1.894999999999981588e+00,-1.695606565516730058e+00,-2.527179060394081356e-01,4.370507144779030995e+01,-9.416751997570987909e-02
1.899999999999981481e+00,-1.696435925710212178e+00,-9.457893722509561063e-02,3.316791619500548904e+01,-8.990989684480728272e-02
1.904999999999981375e+00,-1.696819874565954178e+00,-8.312865295239291186e-02,-2.806981064210904364e+01,-1.308819813425646794e-01
1.909999999999981268e+00,-1.696531278788852237e+00,1.009765089651846609e-01,-2.208458736767828867e+01,-6.226747995265471958e-02
1.914999999999981162e+00,-1.695617580826389803e+00,2.139748787976783473e-01,3.741998685043342476e+01,-5.819818992769833221e-02
1.919999999999981055e+00,-1.694002798604759441e+00,3.893858961586318945e-01,3.622490285124097653e+01,-5.006169097559642900e-02
1.924999999999980949e+00,-1.692176143038981673e+00,3.328747284250698768e-01,-4.057264714199305189e+01,-1.551196725296080936e-01
1.929999999999980842e+00,-1.690161966229120516e+00,3.857599020233997700e-01,-4.311764362007326667e+01,-1.082848711173348966e-01
1.934999999999980735e+00,-1.688515243222985518e+00,2.851306302897791967e-01,-5.849959014645817135e+00,-1.358955757785197116e-01
1.939999999999980629e+00,-1.687297110665693101e+00,2.141054898963546393e-01,1.054188984005368646e+01,-8.916451077194395558e-02
1.944999999999980522e+00,-1.686736275799384455e+00,5.742818494810792568e-02,-3.372525630395876561e+01,1.029512551088581362e-01
1.949999999999980416e+00,-1.686197867648124848e+00,1.438259241191048865e-01,1.132376490344609898e+01,5.519668385346111483e-01
1.954999999999980309e+00,-1.683278890810921968e+00,8.522108285776471837e-01,1.280550129599597255e+02,1.569976333055308926e+00
1.959999999999980203e+00,-1.671838256898466213e+00,3.062859763856234263e+00,2.937884329116741355e+02,3.243152449802927606e+00
1.964999999999980096e+00,-1.647544313219680090e+00,5.824869339465519325e+00,4.630623828276245035e+02,4.317535694285732362e+00
1.969999999999979989e+00,-1.611389437611260300e+00,7.962041953426787444e+00,2.670653781393568806e+02,4.140048683268394925e+00
1.974999999999979883e+00,-1.565510777334195414e+00,9.787214495862084362e+00,2.962495897611424880e+02,3.163886986940624091e+00
1.979999999999979776e+00,-1.513549910635914708e+00,1.062811426694316985e+01,3.173376751652853400e+01,1.706942280596539518e+00
1.984999999999979670e+00,-1.459950573605873769e+00,1.067495872318654371e+01,-4.906871005099159966e+00,5.549355842242773562e-01
1.989999999999979563e+00,-1.477210612674612955e+00,-2.783906362653981503e+00,3.038242996958742310e+02,7.745938227222753270e+00
1.994999999999979456e+00,-1.484081114057168138e+00,-8.939815460274554981e-01,5.585861895293916177e+02,1.178259257652896430e+01
1.999999999999979350e+00,-1.489591480020032721e+00,-9.123346116519017723e-01,3.614103247866846687e+02,1.119842050021973812e+01
2.004999999999979465e+00,-1.493501642657641515e+00,-9.117055201159048883e-01,-3.872879998310738756e+02,1.119215539981016505e+01
2.009999999999979359e+00,-1.496581422519061455e+00,-4.287336341856471389e-01,3.508836887468337977e+02,1.131537332666007067e+01
2.014999999999979252e+00,-1.499420399883718558e+00,-6.758119118502404765e-01,-3.298264737542754688e+02,1.104840099731994840e+01
2.019999999999979146e+00,-1.501301438602820060e+00,-1.738062946072805037e-01,4.022225105773206337e+02,1.116473746518052579e+01
2.024999999999979039e+00,-1.503315169101109516e+00,-5.573559594400324668e-01,-3.768643970209109284e+02,1.089210639024129001e+01
2.029999999999978932e+00,-1.504445603267788201e+00,-1.552166940448271130e-03,4.471165978450208627e+02,1.110434317409291616e+01
2.034999999999978826e+00,-1.505879611715465582e+00,-4.917382079576089748e-01,-4.456894174992308990e+02,1.082262489983955689e+01
2.039999999999978719e+00,-1.506490490815879824e+00,1.126039416727512427e-01,4.720779508443621353e+02,1.117569678706023062e+01
2.044999999999978613e+00,-1.507835766002784128e+00,-5.590204538575315185e-01,-5.687901199167127970e+02,1.090639571642464212e+01
2.049999999999978506e+00,-1.508421812376534277e+00,1.927293856324920063e-01,5.959793673731305717e+02,1.141582420177186208e+01
2.054999999999978400e+00,-1.509792107102655656e+00,-1.565297562330725534e-01,2.008585578189210139e+02,1.127911775050492871e+01
2.059999999999978293e+00,-1.511087885066534131e+00,-2.149946640092458283e-01,1.369617546812303033e+02,1.131426703356364882e+01
2.064999999999978186e+00,-1.512801062346698089e+00,-1.497120542128641818e-01,6.537070884667216433e+02,1.166818253925067062e+01
2.069999999999978080e+00,-1.514012720922286226e+00,-2.888187633415099098e-01,-3.768526491436864490e+02,1.127782675632243681e+01
2.074999999999977973e+00,-1.515373628444185661e+00,-3.486114497025614711e-01,-4.017770800922206718e+02,1.131501039194137626e+01
2.079999999999977867e+00,-1.516436206867051828e+00,-3.818316462645685028e-01,-3.209071095864783274e+02,1.134319344422511477e+01
2.084999999999977760e+00,-1.517892676759194037e+00,-5.150601009736468505e-01,-4.099182897687306877e+02,1.156532610254990523e+01
2.089999999999977653e+00,-1.518696570874700891e+00,-5.408143617794445301e-01,-3.946420971173013754e+02,1.160888570534171294e+01
2.094999999999977547e+00,-1.519550904117143331e+00,-5.470114286314811114e-01,-3.850318417103899833e+02,1.175846646805058882e+01
2.099999999999977440e+00,-1.520093310225032690e+00,-3.258418147820724142e-01,-1.758203373202178170e+02,1.169881899937120195e+01
2.104999999999977334e+00,-1.520512200574074546e+00,1.097931855970916692e-01,3.410304386715050668e+02,1.170712304284397831e+01
2.109999999999977227e+00,-1.520725361135212950e+00,3.358681159615696243e-01,5.754306607682165122e+02,1.171108204244303153e+01
2.114999999999977121e+00,-1.520974167886536943e+00,4.256432122177386534e-01,6.986003814639476559e+02,1.187379818050593983e+01
2.119999999999977014e+00,-1.520829610801388787e+00,5.480107089535176668e-01,7.610653579194520262e+02,1.150809838840208954e+01
2.124999999999976907e+00,-1.520538232857528094e+00,4.782302484255863684e-01,6.224251633408267708e+02,1.178791820937147783e+01
2.129999999999976801e+00,-1.520361315734141794e+00,1.801614456912828122e-01,2.756736800465794204e+02,1.163916056479877170e+01
2.134999999999976694e+00,-1.520398168015585583e+00,3.409080328663657150e-02,7.129308954996704983e+01,1.218147539141478042e+01
2.139999999999976588e+00,-1.520194083544159858e+00,-1.577935087049834040e-01,-1.700130952839833753e+02,1.205962765068057507e+01
2.144999999999976481e+00,-1.520062291458559756e+00,-3.256598710834424093e-01,-5.408947557108228921e+02,1.207384069520396608e+01
2.149999999999976374e+00,-1.519415477481607546e+00,-1.603106304796823867e-01,-2.310975776127802703e+02,1.232929336018334787e+01
2.154999999999976268e+00,-1.518978489361382467e+00,-1.764542930615631000e-01,-5.287306036072217239e+02,1.239313649222424374e+01
2.159999999999976161e+00,-1.518297800442871548e+00,-8.165581641174946004e-02,-4.621850547591180316e+02,1.214076119102854356e+01
2.164999999999976055e+00,-1.516717597113105720e+00,2.644171925783474486e-01,-6.846768346422887817e+02,1.158870810401645457e+01
2.169999999999975948e+00,-1.515668543207712382e+00,8.084546693403109607e-01,1.253430132674889819e+03,1.212787689004599123e+01
2.174999999999975842e+00,-1.515610199934882107e+00,-3.793586176965391688e-01,-4.228813677722283728e+02,1.151069205539206841e+01
2.179999999999975735e+00,-1.514958730528235265e+00,-2.078296930278830390e-01,-7.208801957994500071e+02,1.219040638589129166e+01
2.184999999999975628e+00,-1.512704195599442247e+00,3.289879717990027985e-01,-6.917182477766098145e+02,1.125048668271994856e+01
2.189999999999975522e+00,-1.511448864951095761e+00,5.781584750068123890e-01,7.150209567127960781e+02,1.138246687709580485e+01
2.194999999999975415e+00,-1.509310172219883395e+00,1.030850432230742353e+00,1.316740346219632102e+03,1.048668806545776278e+01
2.199999999999975309e+00,-1.507094129885360401e+00,8.371483799390525560e-01,7.176733978767680355e+02,9.811884549153720769e+00
2.204999999999975202e+00,-1.502866441970511113e+00,9.144657427413347417e-01,-2.606640285900328990e+02,8.216845907767696744e+00
2.209999999999975095e+00,-1.497534730075013032e+00,1.190664324657840556e+00,-3.795935298975515479e+02,6.225654802858399783e+00
2.214999999999974989e+00,-1.491624741292115086e+00,1.177618118037915496e+00,-3.072018624164282983e+02,3.429838392853984175e+00
2.219999999999974882e+00,-1.484617965815949070e+00,1.581509831546858091e+00,2.750539035000207377e+02,1.042716840232623898e+00
2.224999999999974776e+00,-1.478402708981328084e+00,1.029675052520902856e+00,-8.457385953149210422e+01,-2.240408908040388170e+00
2.229999999999974669e+00,-1.475727722704017975e+00,5.874042022774895733e-01,-2.864501945477505274e+01,-3.679540163068222292e+00
2.234999999999974563e+00,-1.474278987942227559e+00,9.835321107620220715e-02,-8.394330595582091803e+01,-4.062475665478407549e+00
2.239999999999974456e+00,-1.475926819764864950e+00,-3.783159595152454924e-01,-5.402054942607711041e+01,-4.281225995355153024e+00
2.244999999999974349e+00,-1.479159657517043813e+00,-7.864523883441214558e-01,6.369108058924830829e+01,-4.134015235420211098e+00
2.249999999999974243e+00,-1.483896401831304557e+00,-1.058802518384686309e+00,-4.288193918241307045e+01,-4.123903774163079738e+00
2.254999999999974136e+00,-1.490095376980594244e+00,-1.294952183159009618e+00,-2.455841680190887288e+01,-3.881718831302437334e+00
2.259999999999974030e+00,-1.497378751721549994e+00,-1.509013712237499361e+00,-1.298157356475879531e+01,-3.627620608725667495e+00
2.264999999999973923e+00,-1.505399111834626380e+00,-1.618651886241822879e+00,2.279657506044672388e+01,-3.294526079284560538e+00
2.269999999999973817e+00,-1.513872847104275055e+00,-1.708477520742566425e+00,5.633295766784645053e+01,-2.959525973071020388e+00
2.274999999999973710e+00,-1.522243390981973032e+00,-1.627644333990332148e+00,4.504401837543802145e+01,-2.650330783974935933e+00
2.279999999999973603e+00,-1.530300564721856826e+00,-1.516450390948983040e+00,5.268795203814569561e+01,-2.362861855116985321e+00
2.284999999999973497e+00,-1.537453636056031803e+00,-1.329001706386173209e+00,1.701302874275519628e+02,-2.011160275756132432e+00
2.289999999999973390e+00,-1.542923323617098497e+00,-9.452711124277943799e-01,8.457163762343854785e+01,-1.868273841456761453e+00
2.294999999999973284e+00,-1.546931478229133905e+00,-6.015425101115249307e-01,1.037061085376263918e+02,-1.644787655201074283e+00
2.299999999999973177e+00,-1.548752650748388859e+00,-1.980053954177156128e-01,9.622283533097341035e+01,-1.471688672427245326e+00
2.304999999999973070e+00,-1.548861190426119805e+00,2.123891312624138772e-01,1.028600135791713512e+02,-1.335561045212831699e+00
2.309999999999972964e+00,-1.546901755559560998e+00,3.373768527805695028e-01,-1.728543006148390759e+02,-1.197940562735399617e+00
2.314999999999972857e+00,-1.542837510981122984e+00,9.877409871546133369e-01,8.755079241785779232e+01,-9.713190935636437651e-01
2.319999999999972751e+00,-1.537115774846590233e+00,1.040772444429061805e+00,-2.187519001166857038e+02,-8.406595214325118803e-01
2.324999999999972644e+00,-1.529816199547483491e+00,1.593741351692176123e+00,6.409513325896374170e+01,-7.187473511912070290e-01
2.329999999999972538e+00,-1.520904182174838581e+00,1.868219156721980800e+00,8.166641047428512934e+00,-4.449431655602970048e-01
2.334999999999972431e+00,-1.511208486901355785e+00,2.103014180011125056e+00,1.924953988652924153e+01,4.240744116394381535e-01
2.339999999999972324e+00,-1.500116205465634511e+00,2.272686653345370011e+00,3.215045482310259928e+01,1.481325321634301861e+00
2.344999999999972218e+00,-1.488967813291875553e+00,2.216544690220493052e+00,-1.009762894531713862e+00,2.001967671294672790e+00
2.349999999999972111e+00,-1.478350275943040248e+00,2.056738890258190455e+00,-2.295513864527018200e+01,3.508993801558278669e+00
2.354999999999972005e+00,-1.469428536090304993e+00,1.581370025393525669e+00,-9.393548212718366131e+01,5.291558332226831141e+00
2.359999999999971898e+00,-1.463871915748036434e+00,7.887849789693109903e-01,-1.483766086175719465e+02,6.123808447643055430e+00
2.364999999999971791e+00,-1.462953849410566498e+00,-2.261685156710956102e-01,-2.032196868239447554e+02,7.096774206824671083e+00
2.369999999999971685e+00,-1.467355547000902094e+00,-1.309261346811032345e+00,-2.007200026606840026e+02,7.590981889750019640e+00
2.374999999999971578e+00,-1.475224928587785422e+00,-1.638476668568911609e+00,-1.508061226678615014e+02,8.511725057077201839e+00
2.379999999999971472e+00,-1.483226458700879435e+00,-1.558042793367603318e+00,-1.359464660033983421e+02,8.356077075659179343e+00
2.384999999999971365e+00,-1.490668533594221135e+00,-1.207195086900363368e+00,5.027715162941781841e+02,8.883312440614494321e+00
2.389999999999971259e+00,-1.498165695519531715e+00,-1.674059402387829909e+00,-2.521148660945011670e+02,8.782484849286781525e+00
2.394999999999971152e+00,-1.504731198801020575e+00,-1.335009502381852009e+00,-2.457664532236643424e+02,9.279232335912363183e+00
2.399999999999971045e+00,-1.511029247181014723e+00,-1.198256806434822908e+00,-2.586702328512462827e+02,9.294483451815365171e+00
2.404999999999970939e+00,-1.517208694560100435e+00,-1.150389142504684159e+00,1.135866076181131206e+02,1.026186408371584058e+01
2.409999999999970832e+00,-1.522934896506171532e+00,-1.019813019133411158e+00,2.183940020281925740e+02,1.077429742387212386e+01
2.414999999999970726e+00,-1.527943598253484137e+00,-1.075200922759296240e+00,-2.051811534803451877e+02,1.115372020450304724e+01
2.419999999999970619e+00,-1.533261596948968464e+00,-9.248876130680537822e-01,4.360684858979002456e+02,1.222561279349320351e+01
2.424999999999970512e+00,-1.537873759890503900e+00,-9.457348182426943417e-01,-2.824254787951895196e+02,1.262194463192946614e+01
2.429999999999970406e+00,-1.540940357298888452e+00,-6.809883662117246494e-01,1.267867487346469630e+02,1.306479644307614052e+01
2.434999999999970299e+00,-1.544705271078221642e+00,-6.165053650834494414e-01,2.079661342000586899e+02,1.333546182227967947e+01
2.439999999999970193e+00,-1.548840883799998069e+00,-5.385396864652246540e-01,4.639419227141387410e+02,1.345689550943429325e+01
2.444999999999970086e+00,-1.552113142857875383e+00,-6.935630453855405886e-01,-3.146071722823754726e+02,1.322348953861042276e+01
2.449999999999969980e+00,-1.555668157714559241e+00,-7.906564603682862957e-01,-2.024438838491854824e+02,1.346794718217615205e+01
2.454999999999969873e+00,-1.558608907304561697e+00,-6.463696611578885198e-01,3.718360348275747640e+01,1.359781987596234032e+01
2.459999999999969766e+00,-1.561748535546955363e+00,-3.622820426654932424e-01,4.366299902349670106e+02,1.372837601242190431e+01
2.464999999999969660e+00,-1.564713644529739378e+00,-5.256615955614780678e-01,3.748389039333502524e+02,1.373819346589104207e+01
2.469999999999969553e+00,-1.567514794906479603e+00,-6.039031336783114989e-01,-3.302524749750830892e+02,1.356158720594917888e+01
2.474999999999969447e+00,-1.569966018231852223e+00,-6.919409441365093061e-01,-4.068999166433482628e+02,1.351022843902113912e+01
2.479999999999969340e+00,-1.571922867382923084e+00,-7.200959299250722090e-01,-3.335511657489144000e+02,1.343161334797086148e+01
2.484999999999969233e+00,-1.573303771387282612e+00,-6.831340933298704621e-02,3.318644420064888436e+02,1.328885181947970651e+01
2.489999999999969127e+00,-1.574861232395216026e+00,-7.488443306786878029e-02,3.307378793455055188e+02,1.282481442491140022e+01
2.494999999999969020e+00,-1.576115882302303595e+00,7.847865811054619001e-02,4.709724509973037812e+02,1.268488661619727509e+01
2.499999999999968914e+00,-1.577097248473677160e+00,1.554235821716631882e-01,5.024140455602682778e+02,1.237925310971892046e+01
2.504999999999968807e+00,-1.577992421622994579e+00,1.452019124551370555e-01,4.844961377340972604e+02,1.214497464569039842e+01
2.509999999999968701e+00,-1.578847713370684636e+00,1.213574926720172309e-01,4.318908108187392827e+02,1.204730666958725571e+01
2.514999999999968594e+00,-1.579612746125534040e+00,1.306203413368295096e-01,4.247338889400618882e+02,1.194575296224034133e+01
2.519999999999968487e+00,-1.580042614551928404e+00,3.133214524947608992e-01,5.475483738460478662e+02,1.173903682753682709e+01
2.524999999999968381e+00,-1.580653749476249148e+00,2.634096409731493393e-01,5.603056576100962047e+02,1.158689488638676934e+01
2.529999999999968274e+00,-1.581495632548934882e+00,1.763401523488168920e-01,4.955177965499400443e+02,1.163447997525227073e+01
2.534999999999968168e+00,-1.582180365215918982e+00,2.049135438987008118e-01,5.014127657863475065e+02,1.169806295765960868e+01
2.539999999999968061e+00,-1.583463514256304050e+00,-5.264262540700450632e-01,-2.668942595979443126e+02,1.179613716186971928e+01
2.544999999999967955e+00,-1.584449870474104793e+00,-5.826121554375546241e-01,-4.277345754357154988e+02,1.210726914173831403e+01
2.549999999999967848e+00,-1.585228872212069762e+00,-5.152556659853861909e-01,-3.825384932816993455e+02,1.221384079765060271e+01
2.554999999999967741e+00,-1.586195899677626864e+00,-4.895280905403974203e-01,-3.273930463295893674e+02,1.238519272531773829e+01
2.559999999999967635e+00,-1.587458069780942393e+00,-6.368641321392050081e-01,-4.996365173896007832e+02,1.227827377051601587e+01
2.564999999999967528e+00,-1.587604097839015571e+00,-4.272775039859603163e-01,-4.367354532038506250e+02,1.223282145650103558e+01
2.569999999999967422e+00,-1.588292575913304416e+00,-2.858621003585353204e-01,-4.454509599173731544e+02,1.196206834968215560e+01
2.574999999999967315e+00,-1.588327359607528244e+00,-1.307509751622933092e-01,-3.794241799790907521e+02,1.148585610690481040e+01
2.579999999999967208e+00,-1.588517490039736968e+00,3.799333894041848070e-02,-4.516634992289606316e+02,1.116102870864421526e+01
2.584999999999967102e+00,-1.589031689851075679e+00,2.158288562125423860e-01,7.646533946211517332e+02,1.098759730198842632e+01
2.589999999999966995e+00,-1.589610609426744814e+00,1.787123205961043682e-01,5.033677572531386772e+02,1.066955236059129852e+01
2.594999999999966889e+00,-1.589843306460772654e+00,4.722365676079960939e-01,7.634438912353122078e+02,1.027840688845934380e+01
2.599999999999966782e+00,-1.589425699932212499e+00,5.001925958287997132e-01,5.717487829782002109e+02,9.764989577845987867e+00
2.604999999999966676e+00,-1.588191012794929691e+00,6.991273548264027582e-01,6.233100632253717777e+02,9.213284255196823480e+00
2.609999999999966569e+00,-1.585391345798154328e+00,7.874933035419722227e-01,6.695529996498772789e+02,8.587199743798048956e+00
2.614999999999966462e+00,-1.581331502078829221e+00,8.317115577194057474e-01,-3.533412623597768061e+02,6.778369901660496133e+00
2.619999999999966356e+00,-1.577365766774068812e+00,7.922324812920336079e-01,-2.909033719684013022e+02,5.597910319804890733e+00
2.624999999999966249e+00,-1.571991400231820046e+00,1.269904672796432710e+00,3.138084102718155464e+02,4.331124893214520100e+00
2.629999999999966143e+00,-1.566229300073247455e+00,1.107897033256911801e+00,-1.604753048926257861e+02,2.802389599049935676e+00
2.634999999999966036e+00,-1.560333177819361650e+00,1.152225178176949250e+00,-1.373255036079307274e+02,1.433655165098498774e+00
2.639999999999965929e+00,-1.553250248903358832e+00,1.511317433327191706e+00,1.943439283958762189e+02,2.671041371585855639e+00
2.644999999999965823e+00,-1.545874249910662357e+00,1.471901466062187414e+00,-7.047661311816864327e+01,8.349136719583594157e-01
2.649999999999965716e+00,-1.538498130562302224e+00,1.466115545931608199e+00,-1.225274347420872800e+01,-1.127776898709580422e+00
2.654999999999965610e+00,-1.532814947548035933e+00,1.388196172644127646e+00,7.401773642757980554e+01,-2.294875219420131618e+00
2.659999999999965503e+00,-1.526431611616893447e+00,1.209823167397318544e+00,-3.709727188761613803e+01,-2.725303195050751803e+00
2.664999999999965397e+00,-1.521498609902392163e+00,1.057533243059039618e+00,-2.136132189639527823e+01,-2.897190921239946704e+00
2.669999999999965290e+00,-1.517046118080741079e+00,7.775060327061421583e-01,7.293127275189719683e+01,-2.881805041430981706e+00
2.674999999999965183e+00,-1.513284908807997597e+00,6.766431086352732160e-01,-4.967229843028739111e+01,-2.867814053018857390e+00
2.679999999999965077e+00,-1.510578636037898326e+00,4.935264168928116257e-01,-1.533264893559078246e+01,-2.822750690539507890e+00
2.684999999999964970e+00,-1.508684699030190757e+00,3.011481562108965782e-01,-1.918784737812586405e+00,-2.792978275319216941e+00
2.689999999999964864e+00,-1.507746399215991850e+00,1.033488088545146538e-01,-4.969160758186491478e+01,-2.818580729458016965e+00
2.694999999999964757e+00,-1.507799278738393589e+00,-7.858442066812262872e-02,-2.074448811737583398e+01,-2.758489152785783993e+00
2.699999999999964650e+00,-1.508788255696738023e+00,-2.655317859251595247e-01,-3.007106341039403929e+01,-2.687560360566150663e+00
2.704999999999964544e+00,-1.510458165359409577e+00,-3.693497035692769326e-01,-1.947959704649788293e+01,-2.551195145469808079e+00
2.709999999999964437e+00,-1.512577277465351866e+00,-4.531788031743390621e-01,-1.941055566721094294e+01,-2.480172857456993452e+00
2.714999999999964331e+00,-1.515008053455334958e+00,-4.800393750851848496e-01,1.891575902434473377e+01,-2.364601394692281033e+00
2.719999999999964224e+00,-1.517696581652507648e+00,-5.194556855759020486e-01,1.600539514128467289e+01,-2.213450659938199117e+00
2.724999999999964118e+00,-1.520332357719039074e+00,-4.810380648362227451e-01,2.723667357631991592e+01,-2.028818422328898752e+00
2.729999999999964011e+00,-1.522740167800727296e+00,-4.413131039643635178e-01,8.121038877906546816e+01,-1.890393567316487777e+00
2.734999999999963904e+00,-1.524746509018883422e+00,-3.556863727963805455e-01,3.004156221671608051e+01,-1.754805895487619338e+00
2.739999999999963798e+00,-1.526336813014773863e+00,-2.312346462608716458e-01,3.802981726863757928e+01,-1.576134408423033983e+00
2.744999999999963691e+00,-1.527278858114082594e+00,-1.265558801216553619e-01,1.190610737703446631e+02,-1.388004711298950422e+00
2.749999999999963585e+00,-1.527372446503466819e+00,6.461017586676984226e-02,4.767224896530852618e+01,-1.137233799959038505e+00
2.754999999999963478e+00,-1.526769360945365417e+00,2.305384505098491132e-01,5.250959175676492663e+01,-1.066829648713807810e+00
2.759999999999963372e+00,-1.525096461001825610e+00,4.060741269158322231e-01,4.752459755263848251e+01,-8.799994426510717727e-01
2.764999999999963265e+00,-1.522664733864922848e+00,6.037518894353647303e-01,4.794674959503982592e+01,-5.814923873653805586e-01
2.769999999999963158e+00,-1.519002524301131807e+00,8.070171037759250598e-01,5.221670408813410802e+01,-3.604665924433662627e-01
2.774999999999963052e+00,-1.514395816635052405e+00,9.803483173233848991e-01,4.337147668892716013e+01,-7.564247982888794297e-03
2.779999999999962945e+00,-1.508959611867818129e+00,1.126261170002276435e+00,-9.538508561435927291e+00,5.250739318814939827e-01
2.784999999999962839e+00,-1.502779688222657839e+00,1.288696790783997015e+00,2.997934285729129655e+01,1.845392947569924669e+00
2.789999999999962732e+00,-1.496436088733395620e+00,1.261523038236848748e+00,7.170641570441138590e-01,2.957010239781912020e+00
2.794999999999962625e+00,-1.490639209577262481e+00,1.091483872269060518e+00,-3.227897254751914602e+01,4.410597943431392665e+00
2.799999999999962519e+00,-1.486695415293130651e+00,5.852997204350063321e-01,-1.005065575877742674e+02,5.937537864714403923e+00
2.804999999999962412e+00,-1.486025337433940496e+00,-1.621044973095400188e-01,-1.437194351594654620e+02,6.898893904530881471e+00
2.809999999999962306e+00,-1.489903115369264563e+00,-1.173188072777686886e+00,-1.942906831774201066e+02,7.540315266837279928e+00
2.814999999999962199e+00,-1.495831109477617993e+00,-1.413078709704276292e+00,-1.596510897857275779e+02,8.153598080500621847e+00
2.819999999999962093e+00,-1.501110417450895129e+00,-1.047755203661154599e+00,-1.330313682215750362e+02,8.443622963543480964e+00
2.824999999999961986e+00,-1.506243568859309656e+00,-1.021713492230051701e+00,-2.248956991055055994e+02,8.235466272437310664e+00
2.829999999999961879e+00,-1.510382007717381958e+00,-7.962593009396599086e-01,-6.848612385246185852e+01,8.344088057299842376e+00
2.834999999999961773e+00,-1.514151062344059273e+00,-6.937039432465982314e-01,-1.005954944400706808e+02,8.358903801132861133e+00
2.839999999999961666e+00,-1.517493496202603875e+00,-3.778845942865520779e-01,5.592940249695054717e+02,8.791384122481371577e+00
2.844999999999961560e+00,-1.520358195425868697e+00,-1.881977304315462507e-01,4.768554951695584805e+02,9.085195015986831990e+00
2.849999999999961453e+00,-1.522950888073727249e+00,-7.364063263271083404e-01,-2.609177411080888191e+02,9.305512396612796167e+00
2.854999999999961346e+00,-1.524561759081458412e+00,-4.454249682448774283e-01,-1.568071616404359645e+02,1.011008744672858839e+01
2.859999999999961240e+00,-1.525913374479804130e+00,-3.125162796739251458e-01,-1.635367695160113612e+02,1.028840502338855600e+01
2.864999999999961133e+00,-1.526466064144198054e+00,-1.793828942546809024e-01,-2.095372511066599372e+02,1.091222605040587723e+01
2.869999999999961027e+00,-1.526759849143923597e+00,-2.493374012558355890e-01,-3.400440324220250545e+02,1.125525410038556018e+01
2.874999999999960920e+00,-1.527157326776905411e+00,-2.480425162070247769e-01,-3.152299053702015499e+02,1.187437586535634360e+01
2.879999999999960814e+00,-1.527618865365680589e+00,-2.574649859672010765e-01,-2.462453488282605747e+02,1.250917551670616135e+01
2.884999999999960707e+00,-1.528324673675875323e+00,-3.278863463110329723e-01,-3.662762294719084366e+02,1.258929283896469009e+01
2.889999999999960600e+00,-1.528631493152332377e+00,-3.073779520020839540e-01,-2.238406236859773060e+02,1.273166525062175047e+01
2.894999999999960494e+00,-1.529197015203534127e+00,-4.753844311293464742e-01,-3.611654695505438326e+02,1.299239625434392487e+01
2.899999999999960387e+00,-1.529877398518346476e+00,-5.753075470778097333e-01,-4.759890974595279545e+02,1.284784876456704161e+01
2.904999999999960281e+00,-1.530429551764296514e+00,-5.026293298254530528e-01,-3.999380918463218677e+02,1.285862120888156568e+01
2.909999999999960174e+00,-1.530905927551555967e+00,-5.098172737493102957e-01,-4.235244328600182939e+02,1.299180978766440120e+01
2.914999999999960067e+00,-1.531292665561718502e+00,-4.811481757505800538e-01,-4.202269852283377531e+02,1.276614509007562326e+01
2.919999999999959961e+00,-1.531564930529355939e+00,-4.024738920128374531e-01,-3.576027669395647877e+02,1.302384564932355460e+01
2.924999999999959854e+00,-1.532451558866208208e+00,-3.366346528823785933e-01,-4.401758443854596976e+02,1.252532803504145242e+01
2.929999999999959748e+00,-1.532838082387977918e+00,-2.336618164777066464e-01,-3.983519617873322431e+02,1.282504242501475566e+01
2.934999999999959641e+00,-1.533982520178531317e+00,-1.803383042264619651e-01,-2.055883324099178822e+02,1.245598301382580786e+01
2.939999999999959535e+00,-1.535585298073405047e+00,3.434556777018648449e-02,8.598742573343454296e+02,1.321937965423085615e+01
2.944999999999959428e+00,-1.536547860016602485e+00,7.484911631879115346e-02,6.896872885605311012e+02,1.253916148482660908e+01
2.949999999999959321e+00,-1.538841685182202212e+00,-7.857662219666197156e-01,-3.506085562263390898e+02,1.259501068051504724e+01
2.954999999999959215e+00,-1.540652023374551094e+00,-8.269587117598817816e-01,-5.050700903919934035e+02,1.276599358581458432e+01
2.959999999999959108e+00,-1.542379789770464527e+00,-4.756085214564196861e-01,-5.001705406501072275e+02,1.221435480238819338e+01
2.964999999999959002e+00,-1.544463552615511936e+00,-3.406109917629724371e-01,-1.261940666563942557e+02,1.140105261671370585e+01
2.969999999999958895e+00,-1.546345267560720327e+00,3.232461616986561509e-02,8.586440411058040354e+02,1.132323097228923281e+01
2.974999999999958789e+00,-1.548846741567709628e+00,-8.416917747702292729e-01,-4.122825204558765790e+02,1.044810103272091162e+01
2.979999999999958682e+00,-1.550810470692209453e+00,-4.692542058238019509e-01,-4.019734895097086564e+02,1.049507503916160545e+01
2.984999999999958575e+00,-1.552479237532100376e+00,-2.036690230554810410e-01,-3.751062847320376932e+02,9.981892689412873665e+00
2.989999999999958469e+00,-1.553882350001619450e+00,3.485970551535656770e-02,7.041881809808567141e+02,9.483835056769654770e+00
2.994999999999958362e+00,-1.554041290075891979e+00,2.575883333632862371e-01,6.462254585170269365e+02,8.760123581342591947e+00
2.999999999999958256e+00,-1.553541577334084156e+00,4.408815870227899003e-01,4.505916525610218173e+02,7.177982415147638129e+00
3.004999999999958149e+00,-1.552084674614506277e+00,4.625622193181156971e-01,2.220054328043368059e+02,3.937770735512310605e+00
3.009999999999958042e+00,-1.549740027493184291e+00,6.247335630762334002e-01,1.461664977053829091e+02,1.404753800437303690e+00
3.014999999999957936e+00,-1.548115914902341794e+00,5.047822850650867110e-01,1.769116737768736414e+02,-1.519390300708691299e+00
3.019999999999957829e+00,-1.544956948609344627e+00,5.879528493969219394e-01,-4.016271458592932220e+01,-3.558869499047883078e+00
3.024999999999957723e+00,-1.542892127437875294e+00,4.628382756630633477e-01,3.003404441860095986e+01,-2.590984854881895227e+00
3.029999999999957616e+00,-1.541192265087097280e+00,1.457771317752186713e-01,-1.766349268340292156e+02,-2.640278524935183668e+00
3.034999999999957510e+00,-1.540247960348868794e+00,1.400216763926560304e-01,-1.126830280235775383e+01,-2.743174694099564714e+00
3.039999999999957403e+00,-1.540131015845340512e+00,-3.394216390781486237e-02,-4.672744644017264193e+00,-2.751295864136485303e+00
3.044999999999957296e+00,-1.540732906954703552e+00,-2.005882352132282442e-01,-3.969566766757618126e+01,-2.738179325729166003e+00
3.049999999999957190e+00,-1.542029512873962060e+00,-3.054545670342088681e-01,-2.080171141745124519e+00,-2.705733796024059057e+00
3.054999999999957083e+00,-1.543976366970239544e+00,-4.320670535185922034e-01,-4.196550458617025470e+00,-2.602961037018793888e+00
3.059999999999956977e+00,-1.546304050505119765e+00,-4.823233162416420972e-01,6.423621374608636359e+00,-2.466148926083304715e+00
3.064999999999956870e+00,-1.548791137551960295e+00,-4.986607536533921303e-01,1.465683911473385237e+01,-2.357577897543418732e+00
3.069999999999956763e+00,-1.551288820919608957e+00,-4.836988939981312075e-01,3.394708778997691212e+01,-2.218893803453054758e+00
3.074999999999956657e+00,-1.553654898136582307e+00,-4.443735168150805825e-01,3.224892340477193642e+01,-1.997520438267666121e+00
3.079999999999956550e+00,-1.555572008282422036e+00,-3.418055125471430866e-01,7.318472867802518067e+01,-1.856047432381494833e+00
3.084999999999956444e+00,-1.556759548387981917e+00,-1.774810544011976854e-01,4.878619629868629914e+01,-1.784676396642848939e+00
3.089999999999956337e+00,-1.557250004780433184e+00,-1.215121227645985826e-02,4.465916238114305514e+01,-1.620238028316218326e+00
3.094999999999956231e+00,-1.556808244507463357e+00,1.555498142289144514e-01,1.139041716842910574e+02,-1.465823134784450366e+00
3.099999999999956124e+00,-1.555215826468628215e+00,4.014406248960218360e-01,5.215715508815763002e+01,-1.401855002785368898e+00
3.104999999999956017e+00,-1.552668710754927073e+00,6.233212555795314413e-01,4.856596796151210071e+01,-1.156439690076873861e+00
3.109999999999955911e+00,-1.548810927402337168e+00,8.483976178657890443e-01,5.080614000001056496e+01,-1.072877549342906356e+00
3.114999999999955804e+00,-1.544043225957314469e+00,1.067170109677248790e+00,9.777164845985838681e+00,-8.686136437009728262e-01
3.119999999999955698e+00,-1.537843233239220897e+00,1.325361692517804224e+00,1.195750689247266152e+01,-3.794166176241864363e-01
3.124999999999955591e+00,-1.530363962257108357e+00,1.570480458231036325e+00,2.166873245650739221e+01,3.923922079321551237e-02
3.129999999999955484e+00,-1.521843911938048688e+00,1.778787076311392212e+00,3.837309945174659731e+01,5.591255560503585187e-01
3.134999999999955378e+00,-1.512532017028541897e+00,1.900279416130017607e+00,5.815511363539859424e+00,1.364202447385470363e+00
3.139999999999955271e+00,-1.502874818300248050e+00,1.939882966791949492e+00,8.753825559566626779e+00,2.471083409023699495e+00
3.144999999999955165e+00,-1.493611207097052196e+00,1.806981551367192518e+00,-1.730794504714100057e+01,3.561601014072270033e+00
3.149999999999955058e+00,-1.485533096135922548e+00,1.492218703196902974e+00,-5.849047930676855600e+01,5.425598932020545995e+00
3.154999999999954952e+00,-1.480163897119472383e+00,8.093611434894242285e-01,-1.245550740712081108e+02,5.999812298045452685e+00
3.159999999999954845e+00,-1.478522405439828269e+00,2.421706833870207118e-02,-1.471883095207365670e+02,6.801776197373654576e+00
3.164999999999954738e+00,-1.481190075402503137e+00,-8.818235403687689766e-01,-1.641534778657589868e+02,7.740917134608049643e+00
3.169999999999954632e+00,-1.486103707794851569e+00,-8.552499690069150784e-01,1.417816380254872968e+02,7.899879884661695328e+00
3.174999999999954525e+00,-1.490136674040143605e+00,-9.031447642316717817e-01,-1.872838884926978835e+02,8.056166701810587583e+00
3.179999999999954419e+00,-1.493006518097971247e+00,-5.534235032262507792e-01,-4.524260673157030510e+01,8.120375227116287675e+00
3.184999999999954312e+00,-1.495570402234076779e+00,-2.455583896013963652e-01,4.769875723806952124e+02,8.082773256936862438e+00
3.189999999999954206e+00,-1.497821461042621483e+00,-6.097558986531366187e-01,-2.419794363678906848e+02,7.920275712482346187e+00
3.194999999999954099e+00,-1.498895341800726477e+00,-2.046431768126207029e-01,-2.021177699105277554e+02,8.358827591436355675e+00
3.199999999999953992e+00,-1.500249154132658580e+00,-5.247706604838275890e-02,4.873917323280414280e+02,8.386277056704729560e+00
3.204999999999953886e+00,-1.501615456808053084e+00,-2.370300970973933039e-02,4.450301601656314006e+02,8.801262544703657653e+00
3.209999999999953779e+00,-1.502106635358866571e+00,7.615300395268750910e-02,3.693496598081393927e+02,8.993593100301021437e+00
3.214999999999953673e+00,-1.502006471457866255e+00,1.677130901262815499e-01,3.922372441475304186e+02,9.318276667441212524e+00
3.219999999999953566e+00,-1.501601017658272808e+00,2.095241030204973709e-01,3.257902515961132508e+02,9.507619628455499239e+00
3.224999999999953459e+00,-1.500868145345879423e+00,3.978869176520800910e-02,-2.419514284718691783e+02,9.528239045562944654e+00
3.229999999999953353e+00,-1.500240157607017233e+00,7.079719110093705969e-02,-1.546704015526016178e+02,1.015905855796476942e+01
3.234999999999953246e+00,-1.499683519114194619e+00,1.341839348796930800e-02,-1.915970474323409007e+02,1.084290712128298750e+01
3.239999999999953140e+00,-1.498982378492630829e+00,-7.961746206716827090e-02,-2.259418969427068475e+02,1.146097238165756949e+01
3.244999999999953033e+00,-1.498221230780079294e+00,-1.210356023259241826e-01,-2.382788028354392225e+02,1.179343842677122289e+01
3.249999999999952927e+00,-1.497305998395620508e+00,4.659517433011545195e-01,4.559151149012247970e+02,1.195059163490142495e+01
3.254999999999952820e+00,-1.496750789734221820e+00,3.652869948859122640e-01,4.008691361022943056e+02,1.186002258119771646e+01
3.259999999999952713e+00,-1.496391058287811715e+00,2.561335043383027865e-01,3.399794858765746994e+02,1.186189027959212794e+01
3.264999999999952607e+00,-1.495871335658614631e+00,1.999925894494576084e-01,4.676423311871066630e+02,1.203161391280232806e+01
3.269999999999952500e+00,-1.495831480233984268e+00,6.984810284039727479e-02,2.846856062463235162e+02,1.189047227528450890e+01
3.274999999999952394e+00,-1.495699662294797117e+00,-4.510436798967964317e-03,-2.809016617445132056e+02,1.179210870841329495e+01
3.279999999999952287e+00,-1.495959905095271880e+00,-9.003843069499797847e-02,-3.470885138129641518e+02,1.184979943832002292e+01
3.284999999999952180e+00,-1.496557499130038771e+00,-1.712600814019007156e-01,-3.687864565134744907e+02,1.186918685589142797e+01
3.289999999999952074e+00,-1.497539228186258953e+00,-1.960229289100469396e-01,-3.603937582506770809e+02,1.198464662257808833e+01
3.294999999999951967e+00,-1.498746737712685073e+00,-2.386852631486911236e-01,-3.912939764308251256e+02,1.215525690934584624e+01
3.299999999999951861e+00,-1.499930557632994210e+00,-2.566342192494327490e-01,-3.954066901154759535e+02,1.211743348107767027e+01
3.304999999999951754e+00,-1.501236845059123137e+00,-2.415829073540096961e-01,-3.382059927688673611e+02,1.209836490556656230e+01
3.309999999999951648e+00,-1.502485267203991004e+00,-2.261266007306012848e-01,-3.847334149611333487e+02,1.234314865903937530e+01
3.314999999999951541e+00,-1.504520756107739832e+00,-1.581905273419956515e-01,6.883370432422614158e+02,1.269193315269149203e+01
3.319999999999951434e+00,-1.505997264733212049e+00,1.046562133566857414e-02,7.705988959591309140e+02,1.264835850293031072e+01
3.324999999999951328e+00,-1.508057873948461358e+00,1.567749331131768065e-01,7.704151538508531303e+02,1.274226722630083941e+01
3.329999999999951221e+00,-1.510599748524945829e+00,-9.965826915013994425e-01,-5.364345401473678976e+02,1.236483160383882129e+01
3.334999999999951115e+00,-1.511932735186154453e+00,-7.032707689030451848e-01,-5.080625208049821708e+02,1.304982832532835069e+01
3.339999999999951008e+00,-1.513627963720948655e+00,-4.718060737649644731e-01,-4.772440108894251125e+02,1.242622239746812873e+01
3.344999999999950901e+00,-1.515617382057926177e+00,-3.561400002581159852e-01,-5.873542817107322662e+02,1.255067328227474022e+01
3.349999999999950795e+00,-1.517962888016201273e+00,-8.963313081588224207e-02,8.696151020135750969e+02,1.265762989503276081e+01
3.354999999999950688e+00,-1.519741751700519838e+00,6.855521547807018334e-02,1.015245569336694302e+03,1.253650761090624499e+01
3.359999999999950582e+00,-1.522885924635301036e+00,-1.104157802565383095e+00,-5.684965796088728212e+02,1.197250607623960050e+01
3.364999999999950475e+00,-1.525340781742528184e+00,-7.136494284853414083e-01,-3.787573959756393833e+02,1.185870126946848657e+01
3.369999999999950369e+00,-1.527654852295788457e+00,-5.630000459443504912e-01,-3.587748510493416347e+02,1.137688890738061964e+01
3.374999999999950262e+00,-1.530422704085073971e+00,-5.830624390780516642e-01,-5.091530666063730450e+02,1.080859536605408699e+01
3.379999999999950155e+00,-1.532413947730897119e+00,-2.973385465278026718e-01,-2.841860000404045650e+02,1.051498158931213034e+01
3.384999999999950049e+00,-1.534366841674430271e+00,1.704145262422069457e-02,8.788109190767552263e+02,1.056124009801730601e+01
3.389999999999949942e+00,-1.535727171188008944e+00,3.508091934187850813e-01,7.919025807550725631e+02,9.483547398672188322e+00
3.394999999999949836e+00,-1.536457236770023105e+00,-4.285093882683792543e-01,-3.387769152304694558e+02,8.773455941223900822e+00
3.399999999999949729e+00,-1.534820588487737281e+00,8.986690399474654978e-01,7.085659063609000441e+02,7.718065532513914917e+00
3.404999999999949623e+00,-1.532237303275018503e+00,7.796828999560216911e-01,4.477957607806559395e+02,4.472548403893494395e+00
3.409999999999949516e+00,-1.529341055076939959e+00,5.287870255976364620e-01,-2.415474645064261665e+02,1.656388147237333630e+00
3.414999999999949409e+00,-1.527959397138331177e+00,1.128319189710383919e-01,-9.820332564984946089e+01,-9.823831963916411780e-01
3.419999999999949303e+00,-1.527823600941945914e+00,3.319493380749779510e-01,3.449465054127917796e+01,-3.609790555868595874e+00
3.424999999999949196e+00,-1.526426354871434077e+00,1.974725532672368944e-01,-5.102138150152541840e+01,-2.663707981376581380e+00
3.429999999999949090e+00,-1.526432435273621158e+00,2.747653106305303697e-02,-4.081400266861744797e+01,-2.639736498082987826e+00
3.434999999999948983e+00,-1.526668873854305941e+00,-1.308381545097439258e-01,-4.875667521409174299e+01,-2.753501146061814175e+00
3.439999999999948876e+00,-1.528011966757575779e+00,-2.924784427462933656e-01,-6.213977270372889450e+01,-2.717698948703927808e+00
3.444999999999948770e+00,-1.529855740557671817e+00,-4.386711281994243872e-01,1.239389796466057803e+01,-2.656725742541853563e+00
3.449999999999948663e+00,-1.532155722397308351e+00,-5.141783375661844735e-01,-5.591074046360517258e+01,-2.673785225121999343e+00
3.454999999999948557e+00,-1.534920485444655869e+00,-5.837560012476030735e-01,-4.470160890271474585e+01,-2.607359249120494660e+00
3.459999999999948450e+00,-1.537987465187830027e+00,-6.297118175878534396e-01,-3.336551382045389857e+01,-2.544073011447796073e+00
3.464999999999948344e+00,-1.541215933027949347e+00,-6.536751460639695921e-01,-2.270449328647672615e+01,-2.449052273661588064e+00
3.469999999999948237e+00,-1.544369009442968732e+00,-6.244483622229034525e-01,7.820513655594542257e+00,-2.278284126983265434e+00
3.474999999999948130e+00,-1.547231463027278542e+00,-5.827100045317514798e-01,-3.731960114750509661e+01,-2.202599599699803790e+00
3.479999999999948024e+00,-1.549671708604632103e+00,-4.500777794251079600e-01,3.964986329994661673e+01,-2.120026812311388564e+00
3.484999999999947917e+00,-1.551706812360345911e+00,-3.479108681612092524e-01,4.813924665544395509e+01,-1.996947693475343844e+00
3.489999999999947811e+00,-1.553090307092982014e+00,-2.281593455694738981e-01,9.682274248267646044e+01,-1.828550034367602439e+00
3.494999999999947704e+00,-1.553615931039549203e+00,-4.091586314295309751e-02,5.332175529414150361e+01,-1.744768941943161566e+00
3.499999999999947597e+00,-1.553388133725454923e+00,1.259473646008449632e-01,1.115230319002505022e+00,-1.565173987032131064e+00
3.504999999999947491e+00,-1.552228290091369756e+00,2.923242970095922821e-01,8.714285687729389451e+01,-1.394512244833647108e+00
3.509999999999947384e+00,-1.549977890954819193e+00,5.236056017710420951e-01,3.250546050963751554e+01,-1.342265436274736379e+00
3.514999999999947278e+00,-1.546914987498886562e+00,7.133871978952294191e-01,5.506674572571312609e+01,-1.118278679413949872e+00
3.519999999999947171e+00,-1.542835548791246403e+00,7.805986145588820202e-01,-9.037232591212102761e+01,-1.045353731452370205e+00
3.524999999999947065e+00,-1.537767659012770682e+00,1.084981825474703676e+00,1.809372920392816653e+01,-8.517316570147599464e-01
3.529999999999946958e+00,-1.531632108914537715e+00,1.295117960216903397e+00,1.369272932915994723e+01,-4.751154006991605838e-01
3.534999999999946851e+00,-1.524803863842483231e+00,1.461947855710521882e+00,-7.559689911717662802e+00,-1.676215546597561445e-01
3.539999999999946745e+00,-1.516895110860040363e+00,1.620209172364545758e+00,-1.016517664784006314e+01,4.824576000121265640e-01
3.544999999999946638e+00,-1.508274808116861321e+00,1.739888212170796589e+00,-1.823190472958985353e+01,1.841675782157223829e+00
3.549999999999946532e+00,-1.499497519477836383e+00,1.740111919741678115e+00,-6.801126723031626575e+00,3.601879555221585871e+00
3.554999999999946425e+00,-1.491612782449381447e+00,1.473897288714441700e+00,-4.609741533586174711e+01,4.723412661887680386e+00
3.559999999999946318e+00,-1.485768501624173954e+00,9.793481452368459905e-01,-8.770569219999688926e+01,5.983008084247903646e+00
3.564999999999946212e+00,-1.483264322429811211e+00,2.003548715409030623e-01,-1.421564281326437253e+02,6.391262601076377337e+00
3.569999999999946105e+00,-1.484792149490937296e+00,-6.223188839957950469e-01,-1.494968306688759299e+02,7.257072654975895709e+00
3.574999999999945999e+00,-1.489141600578163915e+00,-7.759211012143465425e-01,-1.688225208842899576e+02,7.732472538946557172e+00
3.579999999999945892e+00,-1.492405025946489383e+00,-3.101712752140769469e-01,5.519105043071348291e+02,7.847961160852001683e+00
3.584999999999945786e+00,-1.495627948182400191e+00,-6.291340979413685419e-01,-1.953229278106717004e+02,7.591113595332750208e+00
3.589999999999945679e+00,-1.498084219564148611e+00,-1.590802466141408578e-01,5.232756199316621633e+02,8.227181923887169290e+00
3.594999999999945572e+00,-1.500216916372067999e+00,-6.065987610262770779e-01,-2.316190398539640967e+02,7.584133296226047705e+00
3.599999999999945466e+00,-1.501194491814596965e+00,-1.820189274282164871e-01,-2.226026401373123349e+02,7.921128789464314757e+00
3.604999999999945359e+00,-1.502228970472322622e+00,3.769174725073309862e-02,4.954094697298909296e+02,8.068925155220558310e+00
3.609999999999945253e+00,-1.503280583737158560e+00,-7.912010549271096538e-02,1.690629794823760221e+02,8.208459828660849666e+00
3.614999999999945146e+00,-1.504044748084883754e+00,-1.940619014195272829e-01,-5.220467483371763961e+01,8.475528988467344149e+00
3.619999999999945040e+00,-1.504188925351126027e+00,3.064993249616439486e-01,4.385937729433249501e+02,9.058033394355737400e+00
3.624999999999944933e+00,-1.503863044820238359e+00,3.146945386433557257e-01,3.402454433400853873e+02,8.882212235999157102e+00
3.629999999999944826e+00,-1.503281606181146923e+00,3.382728890867583993e-01,3.097873748414733086e+02,9.223890068925484798e+00
3.634999999999944720e+00,-1.502453679525602714e+00,-4.473805458358203618e-02,-3.858116323359236617e+02,9.217785226479046301e+00
3.639999999999944613e+00,-1.501276252256495969e+00,4.562805940794665283e-01,4.990474134704251128e+02,1.036047313484805166e+01
3.644999999999944507e+00,-1.500443673588201632e+00,-3.171002174093449227e-02,-4.736439460259871339e+02,1.053583749240875811e+01
3.649999999999944400e+00,-1.498870895241132706e+00,4.850596095778746952e-01,4.375604130777130081e+02,1.155391706009570996e+01
3.654999999999944293e+00,-1.498445270454288991e+00,-1.549918479259104753e-01,-4.137035319280743124e+02,1.141745816172549155e+01
3.659999999999944187e+00,-1.498280024899834695e+00,2.417646940778600539e-01,5.549413293242338341e+02,1.218602484242111927e+01
3.664999999999944080e+00,-1.497878795688061482e+00,2.774744555744627830e-03,-4.170524986707517883e+02,1.164802472319563797e+01
3.669999999999943974e+00,-1.496876067695580348e+00,9.342515926075009580e-02,1.035899899867693676e+02,1.190351243754524546e+01
3.674999999999943867e+00,-1.496612348069365162e+00,6.017790357486869912e-02,8.125675196700565550e+01,1.192509455628563586e+01
3.679999999999943761e+00,-1.496351752621622122e+00,3.300969244130376179e-01,4.218238489737497048e+02,1.196703642126904477e+01
3.684999999999943654e+00,-1.496516437408010436e+00,2.387983498008855177e-01,4.532568270530123300e+02,1.200900950273001122e+01
3.689999999999943547e+00,-1.497052009035069409e+00,1.431540531704473818e-01,4.162400710985742762e+02,1.222489625351499676e+01
3.694999999999943441e+00,-1.498098348674303137e+00,5.218374174580386188e-02,4.479605082935950122e+02,1.220182767893103915e+01
3.699999999999943334e+00,-1.498676735240369817e+00,7.335999205356298104e-03,5.174999873252752423e+02,1.238594855900633007e+01
3.704999999999943228e+00,-1.499627415562973187e+00,-1.425266114693238793e-02,5.973714639988866111e+02,1.255489798663391987e+01
3.709999999999943121e+00,-1.500942029758427498e+00,-1.259762673350554585e-01,5.108164562931270893e+02,1.269545125391946527e+01
3.714999999999943014e+00,-1.502507825688337073e+00,-1.618308802949852410e-01,5.042248978091698177e+02,1.271953032050458354e+01
3.719999999999942908e+00,-1.504164869568118901e+00,-1.045318994555629738e-01,6.537299534907803036e+02,1.283769172090256738e+01
3.724999999999942801e+00,-1.505803153803255690e+00,-1.308337645358006174e-01,5.753071115700990958e+02,1.306089854854641175e+01
3.729999999999942695e+00,-1.508413748006480981e+00,-1.960576943833980401e-01,6.621565475450885288e+02,1.302946357272510625e+01
3.734999999999942588e+00,-1.510372700713801919e+00,-1.652571361902363256e-01,6.407113618964799571e+02,1.334244767087266403e+01
3.739999999999942482e+00,-1.512880943094998321e+00,6.451769699962978111e-02,7.942280964125209266e+02,1.309800595777822174e+01
3.744999999999942375e+00,-1.516000859125972378e+00,-1.035145971422953615e+00,-4.342536547961291262e+02,1.331250492152826048e+01
3.749999999999942268e+00,-1.518231622573663397e+00,-8.828199731805123074e-01,-4.769334734217455321e+02,1.340010852640711292e+01
3.754999999999942162e+00,-1.520834470301477559e+00,-6.780115160573194633e-01,-5.102503618974258188e+02,1.353346037835857096e+01
3.759999999999942055e+00,-1.522602366777597194e+00,-5.163154049208713570e-01,-4.479735747859994035e+02,1.304510128693191895e+01
3.764999999999941949e+00,-1.525089191518566256e+00,-4.120845396164206642e-01,-2.332972566102754683e+02,1.319250106821640500e+01
3.769999999999941842e+00,-1.527922723586216280e+00,-1.245308633659397562e-01,1.008936746342792731e+03,1.342179227471280356e+01
3.774999999999941735e+00,-1.530373885107280785e+00,2.451694675856992967e-01,1.000442513468848801e+03,1.250549607308953348e+01
3.779999999999941629e+00,-1.532577914765641536e+00,-8.991196212373969709e-01,-5.288955211905254146e+02,1.195431143836867882e+01
3.784999999999941522e+00,-1.533903951868784032e+00,-3.448937402761087512e-01,-4.528173656463269481e+02,1.206694732607808263e+01
3.789999999999941416e+00,-1.535825875602528257e+00,2.163437749988207995e-02,8.401567324636152989e+02,1.194919814216156517e+01
3.794999999999941309e+00,-1.538483161151952272e+00,-8.200995266870867439e-01,-3.669696586070029412e+02,1.129654026502596587e+01
3.799999999999941203e+00,-1.540700560377744610e+00,-4.798333356087870483e-01,-4.177970505261345124e+02,1.059911219839772478e+01
3.804999999999941096e+00,-1.543150055882156035e+00,-4.662002198547204011e-03,9.759100564391072794e+02,1.057609751827813938e+01
3.809999999999940989e+00,-1.545386076337091241e+00,-4.567821023861210472e-01,-1.843427532822317261e+01,9.599398252779153040e+00
3.814999999999940883e+00,-1.545887947023187214e+00,5.242885235848784298e-01,7.817043689945219285e+02,9.185042613045387938e+00
3.819999999999940776e+00,-1.544524333518648040e+00,4.929043338786338602e-01,3.526355198435593366e+02,5.557993534096614674e+00
3.824999999999940670e+00,-1.543033328892561507e+00,2.333677660158667289e-01,-1.982371599915702234e+02,1.769552809229582691e+00
3.829999999999940563e+00,-1.543506935577898753e+00,-8.241321902245442310e-02,4.539796267856848999e+02,-1.083462165428755064e+00
3.834999999999940457e+00,-1.542484131728204311e+00,1.914782995202763127e-01,-4.611806685620822321e+01,-4.191514507947777801e+00
3.839999999999940350e+00,-1.542533044630072903e+00,-6.390247665109666242e-02,4.080914547567140005e+00,-4.449751051345793407e+00
3.844999999999940243e+00,-1.543418104899946464e+00,-2.971289947521396635e-01,-6.908273619002743260e+01,-2.844229380698742204e+00
3.849999999999940137e+00,-1.545643180862298571e+00,-4.905346883442411876e-01,-6.327953252849599863e+01,-2.603705509195363810e+00
3.854999999999940030e+00,-1.548594391047376506e+00,-6.645188647076190058e-01,4.795535553427979103e+00,-2.504550630510754772e+00
3.859999999999939924e+00,-1.552098562014542216e+00,-7.597736715950780262e-01,-5.574007812070450996e+01,-2.482250859862004333e+00
3.864999999999939817e+00,-1.556068435970716202e+00,-8.204755567370565217e-01,-2.729716066984544653e+01,-2.456698263652515202e+00
3.869999999999939710e+00,-1.560288924062062321e+00,-8.729027290195416899e-01,-4.290241601970680563e+01,-2.302931767456783518e+00
3.874999999999939604e+00,-1.564532690518045221e+00,-8.466442872702980571e-01,-5.064576668691316286e+00,-2.206961272336451785e+00
3.879999999999939497e+00,-1.568559709178606099e+00,-8.433872344835730006e-01,-7.749529542840801355e+01,-2.030470670267300992e+00
3.884999999999939391e+00,-1.572077843641297212e+00,-6.692198074215507386e-01,-3.537495358331176898e-01,-1.974419722242308328e+00
3.889999999999939284e+00,-1.574997463922838348e+00,-5.238431206594333922e-01,9.776138888970494767e-01,-1.791148405952558864e+00
3.894999999999939178e+00,-1.577028121310223963e+00,-3.586366302131660522e-01,6.614360541974198782e+01,-1.726352845906780731e+00
3.899999999999939071e+00,-1.577967994392392104e+00,-1.244391405635633524e-01,4.369112434549623281e+00,-1.627645200308492690e+00
3.904999999999938964e+00,-1.577976984873930899e+00,8.863310435734157722e-02,1.795194451901219068e+01,-1.566941853483623470e+00
3.909999999999938858e+00,-1.576847672850935078e+00,1.921180071992782679e-01,-1.170945337030894819e+02,-1.451740208415992495e+00
3.914999999999938751e+00,-1.574551200330864154e+00,5.454739665921501945e-01,2.572143187942086939e+01,-1.404098200142755992e+00
3.919999999999938645e+00,-1.571333259048248276e+00,7.354496782536666943e-01,5.177709847878497129e+01,-1.292806691856990042e+00
3.924999999999938538e+00,-1.566935707650926268e+00,9.457546471253123199e-01,2.308363942742449737e+01,-1.261187149823751019e+00
3.929999999999938431e+00,-1.561867072649065991e+00,1.104284550205565374e+00,1.494833738521516153e+01,-1.213706574297178209e+00
3.934999999999938325e+00,-1.555887708258211433e+00,1.155101114002635487e+00,-9.882402277659615208e+01,-1.006049003137518660e+00
3.939999999999938218e+00,-1.549373277646111768e+00,1.351285899632203247e+00,2.659457423100315765e+01,-1.175073608085333454e+00
3.944999999999938112e+00,-1.542816540400480552e+00,1.307015147717570436e+00,1.079512749053438796e+02,-1.035542204775992126e+00
3.949999999999938005e+00,-1.535867295607957095e+00,1.415244856847319266e+00,2.468627462768647618e+01,-6.561586100330295546e-01
3.954999999999937899e+00,-1.528496116293835971e+00,1.496249273411347058e+00,1.728714034637585328e+01,-2.078148730850037929e-01
3.959999999999937792e+00,-1.520742001186189407e+00,1.554696766117708462e+00,-3.051369030772877977e+01,3.878100313322868642e-01
3.964999999999937685e+00,-1.512685754217821144e+00,1.615391010102384062e+00,-1.797457169345965866e+01,1.783108692786021798e+00
3.969999999999937579e+00,-1.504733072722789666e+00,1.532769765911871973e+00,-5.005889412833035834e+01,3.626555071803315045e+00
3.974999999999937472e+00,-1.497882979660441816e+00,1.226022984697318963e+00,-8.396298664222099717e+01,5.615245818886354989e+00
3.979999999999937366e+00,-1.493607431700836319e+00,5.900415355993153810e-01,-1.385734234103385916e+02,6.979592411337590008e+00
3.984999999999937259e+00,-1.493505512237306210e+00,-3.623442120592515470e-01,-1.946343542445065680e+02,7.215788438748471201e+00
3.989999999999937152e+00,-1.497305487140726754e+00,-5.859829057598142654e-01,4.781313455395365963e+02,8.046222077404761919e+00
3.994999999999937046e+00,-1.501392531694101917e+00,-7.899218783260725241e-01,-1.174488295591732054e+02,7.916362002257502084e+00
3.999999999999936939e+00,-1.504837610693860572e+00,-4.667323357581391607e-01,3.742455931962811633e+02,8.197129837077566705e+00
4.004999999999936833e+00,-1.507870442688845181e+00,-7.060111805574207366e-01,-1.711625690201693430e+02,7.869647732190264477e+00
4.009999999999936726e+00,-1.509918183225265276e+00,-3.947452393481650779e-01,-7.902338595497428742e+01,8.234112413713550183e+00
4.014999999999936620e+00,-1.511957689905258029e+00,-4.304482157566528189e-01,-1.798623468685675562e+02,7.997765967949686861e+00
4.019999999999936513e+00,-1.513126732672279040e+00,-2.082928123279132182e-01,1.198636124979313067e+01,8.392871908371347445e+00
4.024999999999936406e+00,-1.514268711395949651e+00,-3.037387344778449405e-01,-2.711991968404200293e+02,8.597037118470467476e+00
4.029999999999936300e+00,-1.514192280286864811e+00,1.075161536341522235e-03,7.710219735794954943e+01,8.956948570588085801e+00
4.034999999999936193e+00,-1.514175295076443994e+00,9.300009213277503003e-03,1.167533482496045671e+01,8.936908602159123305e+00
4.039999999999936087e+00,-1.513617182978685527e+00,1.866785377282086655e-01,1.150416525296049173e+02,9.275955768870717932e+00
4.044999999999935980e+00,-1.513324378640914736e+00,1.378988026691778668e-01,1.150621637087065068e+02,9.474460071740088196e+00
4.049999999999935874e+00,-1.512611162235539819e+00,2.419181248053692002e-01,2.443570764453079676e+02,1.009176001074342821e+01
4.054999999999935767e+00,-1.512641125670073361e+00,1.391195047027759257e-01,1.266246993712368152e+02,1.094455985119026309e+01
4.059999999999935660e+00,-1.511833831644624260e+00,4.817949486018319738e-01,4.788225993393529052e+02,1.155160097362037952e+01
4.064999999999935554e+00,-1.511449076066452291e+00,-1.742499594004775498e-01,-4.826429891763746696e+02,1.163497420672127092e+01
4.069999999999935447e+00,-1.510333294629176537e+00,4.792983352630278415e-01,5.382901863095992212e+02,1.215016387376050844e+01
4.074999999999935341e+00,-1.509496171237569184e+00,-8.201750358217153869e-02,-4.892085763776511271e+02,1.160759207210530519e+01
4.079999999999935234e+00,-1.508329379394601988e+00,4.044975281220074548e-01,4.688155052834361527e+02,1.214019782123596336e+01
4.084999999999935127e+00,-1.508244710237882868e+00,-1.631230219180921648e-01,-3.279850103747899084e+02,1.178118396138473045e+01
4.089999999999935021e+00,-1.508412810845542351e+00,-5.869784667355933822e-02,1.426176066238096141e+01,1.230203656728535755e+01
4.094999999999934914e+00,-1.508938383122198745e+00,-2.319112074274238822e-01,-1.820668653982476428e+02,1.221053432655613413e+01
4.099999999999934808e+00,-1.508953921756354788e+00,3.086320577421443057e-01,5.012313284987092743e+02,1.233993516901510468e+01
4.104999999999934701e+00,-1.509800313194902266e+00,1.768329592517187132e-02,3.434204553031582350e+02,1.226897090358703046e+01
4.109999999999934595e+00,-1.510680471954989335e+00,-1.277447310388321877e-01,3.408615683359547575e+02,1.248036997488793887e+01
4.114999999999934488e+00,-1.511678513634567622e+00,-2.818424133408965471e-01,-3.798465033437157672e+02,1.232547106232289735e+01
4.119999999999934381e+00,-1.513465495981700881e+00,-3.911330491535771059e-01,-3.321468876265701624e+02,1.265619397402140756e+01
4.124999999999934275e+00,-1.515104888276618933e+00,-5.460077167544402643e-01,-3.226265748804140685e+02,1.284141818506619614e+01
4.129999999999934168e+00,-1.516675211112966215e+00,-6.417616230951460610e-01,-3.034732811436996371e+02,1.287197240658309383e+01
4.134999999999934062e+00,-1.518760771989175362e+00,-7.001418431317525393e-01,-2.445388986512693634e+02,1.315752367641133880e+01
4.139999999999933955e+00,-1.520553441889642032e+00,-2.242037546439413359e-02,5.405021711583054866e+02,1.338074490224039614e+01
4.144999999999933848e+00,-1.522776920669930867e+00,-1.486040702041559747e-01,4.770979681980028317e+02,1.307417722987593933e+01
4.149999999999933742e+00,-1.525362835513570881e+00,-1.390269053823755541e-01,5.935183530182775939e+02,1.343285349551885588e+01
4.154999999999933635e+00,-1.528328213159775739e+00,-2.114038548369479853e-01,5.747465734463679610e+02,1.340524241181540432e+01
4.159999999999933529e+00,-1.531563889729784078e+00,-1.918263145071782694e-01,6.922304117860347787e+02,1.317831088297883113e+01
4.164999999999933422e+00,-1.534943186100649726e+00,-2.685856222492311596e-01,5.965573227410725394e+02,1.303913686367647706e+01
4.169999999999933316e+00,-1.538252601936944464e+00,-2.462977050875877205e-01,6.171330204193498048e+02,1.274710462543369260e+01
4.174999999999933209e+00,-1.542332855254965107e+00,-1.237361909292924000e+00,-4.589379450412934034e+02,1.263484201414966535e+01
4.179999999999933102e+00,-1.545681855377740499e+00,-1.076696462071468741e+00,-4.639464350596938402e+02,1.286153126084062670e+01
4.184999999999932996e+00,-1.549367626870613357e+00,-8.696172575760950929e-01,-4.189044319263272200e+02,1.233065162103939905e+01
4.189999999999932889e+00,-1.552675758169763665e+00,-7.325831092333660033e-01,-2.358173868353350997e+02,1.228613087722976971e+01
4.194999999999932783e+00,-1.556730555592899412e+00,-4.359467773805244528e-01,8.101560878135348958e+02,1.252190655352095838e+01
4.199999999999932676e+00,-1.560402653242095372e+00,-4.730907998722452268e-01,4.158703388338579998e+02,1.203956572774311695e+01
4.204999999999932569e+00,-1.564444783738382805e+00,-1.187760403053954361e+00,-4.622700900945762328e+02,1.127191955769997911e+01
4.209999999999932463e+00,-1.566709002462550515e+00,-8.512827843636288083e-01,-4.720876124468006196e+02,1.143150233045060382e+01
4.214999999999932356e+00,-1.568944556128607282e+00,-5.529495445406674703e-01,-3.715971710796060279e+02,1.068449433922542191e+01
4.219999999999932250e+00,-1.570072910282338974e+00,-3.070229344300161589e-01,-3.368983445493866498e+02,1.019136274174700851e+01
4.224999999999932143e+00,-1.570921711068518745e+00,-8.749403748446799023e-02,-3.353203130646008958e+02,8.967727497396468905e+00
4.229999999999932037e+00,-1.570792897050315107e+00,1.178483466599453827e-01,-2.962916665037573694e+02,7.759468505881934597e+00
4.234999999999931930e+00,-1.569275994202977254e+00,3.045028449180897656e-01,-1.192713277592184653e+02,5.275556143723813207e+00
4.239999999999931823e+00,-1.566659169650368666e+00,6.244317560992753702e-01,6.351612281477497390e+01,2.177160299560889634e+00
4.244999999999931717e+00,-1.564453119207647402e+00,3.390256254559246285e-01,-4.069071021801185140e+01,-6.996974593998425140e-01
4.249999999999931610e+00,-1.563551028192655457e+00,4.434234872065783151e-01,9.590364831568457760e+01,-3.885216294738601306e+00
4.254999999999931504e+00,-1.561430576217723187e+00,3.800362265924935867e-01,-1.525453186756824842e+01,-4.474548063498883010e+00
4.259999999999931397e+00,-1.560977504300800955e+00,8.605397228315160574e-02,-2.869920928600401311e+01,-4.203622899933946222e+00
4.264999999999931291e+00,-1.561339322691466469e+00,-1.611401380912047543e-01,8.642923128769820096e+01,-2.961426118158736909e+00
4.269999999999931184e+00,-1.562218522764032391e+00,-1.982848586691055848e-01,-4.674968756877696308e+00,-2.777673230420586670e+00
4.274999999999931077e+00,-1.563644782725759796e+00,-2.864597531550650000e-01,1.332714681649506971e+01,-2.724363774813693073e+00
4.279999999999930971e+00,-1.565436865971262970e+00,-3.806252843793921370e-01,3.616097745937295049e-01,-2.691416619145913902e+00
4.284999999999930864e+00,-1.567613485859881584e+00,-4.499749806205614600e-01,3.274252847747365536e+01,-2.623964376983714430e+00
4.289999999999930758e+00,-1.570113331438501625e+00,-5.137956216867471948e-01,1.137532321795775481e+01,-2.565926171499491204e+00
4.294999999999930651e+00,-1.572819339391372528e+00,-5.368982404571753797e-01,3.992304509988338879e+01,-2.511133520945705300e+00
4.299999999999930544e+00,-1.575620687533724862e+00,-5.521006933421725993e-01,2.652259668240060364e+01,-2.428967824437104461e+00
4.304999999999930438e+00,-1.578361696987311769e+00,-5.309921378583911666e-01,1.394636734796508648e+01,-2.393490866854265153e+00
4.309999999999930331e+00,-1.580889353264855801e+00,-4.569616115272157053e-01,2.959669216767833078e+01,-2.301169674551844402e+00
4.314999999999930225e+00,-1.583101427452853427e+00,-3.700322951629233525e-01,5.269364415865429407e+01,-2.249883876674379835e+00
4.319999999999930118e+00,-1.584858873154409764e+00,-2.712851367222489651e-01,4.506756903999836084e+01,-2.134456408075202649e+00
4.324999999999930012e+00,-1.586012375740818436e+00,-1.561279083493616604e-01,1.004707032720975519e+02,-2.054026024047000742e+00
4.329999999999929905e+00,-1.586394518479332216e+00,9.111607428207458073e-03,4.997471963230069036e+01,-1.991358281139456565e+00
4.334999999999929798e+00,-1.586104754839006148e+00,1.687434407051067176e-01,6.526564862227050412e+01,-1.924258021648111328e+00
4.339999999999929692e+00,-1.585005153516384713e+00,3.185778224572232697e-01,6.754102475965399321e+01,-1.826040524459306313e+00
4.344999999999929585e+00,-1.583032116482653073e+00,4.128058572273585747e-01,-2.820303748226935880e+01,-1.800352452658160463e+00
4.349999999999929479e+00,-1.580187620058629117e+00,6.568140573923453296e-01,4.968243999740938222e+01,-1.687499283195664113e+00
4.354999999999929372e+00,-1.576693532293907296e+00,7.936538544535011175e-01,7.458187869518157243e+01,-1.664516324323879193e+00
4.359999999999929265e+00,-1.572385570253975962e+00,9.258112122547058620e-01,4.434535307370441615e+01,-1.567801059150241816e+00
4.364999999999929159e+00,-1.567692911773869824e+00,1.026037348664823989e+00,4.229656793200602749e+01,-1.505294235635949773e+00
4.369999999999929052e+00,-1.562461171757809852e+00,1.083092412768436041e+00,9.895032627544969728e+01,-1.295356122895180206e+00
4.374999999999928946e+00,-1.556690411169600496e+00,1.181593408755344798e+00,8.517357813462975713e+00,-1.141360876629925913e+00
4.379999999999928839e+00,-1.550625373130083640e+00,1.263782472580640803e+00,4.494657402548509850e+01,-8.946961664400933101e-01
4.384999999999928733e+00,-1.544034709980284248e+00,1.345946289413116892e+00,9.845925538725637693e+00,-7.828144580668828789e-01
4.389999999999928626e+00,-1.536985789528967361e+00,1.456954804761239952e+00,3.581050742633511419e+01,-2.003469843765373071e-01
4.394999999999928519e+00,-1.529565733086811985e+00,1.510484027069200597e+00,1.265726086174700526e+01,-1.274395043065704725e-01
4.399999999999928413e+00,-1.521911764551846957e+00,1.546550692664673488e+00,1.767515472070529725e+01,4.403114911550065624e-01
4.404999999999928306e+00,-1.514302111155606978e+00,1.514777993883091645e+00,-3.055619415058232313e+00,1.187984474853798877e+00
4.409999999999928200e+00,-1.507099934924983398e+00,1.395737131041139500e+00,-9.079930431139848324e+00,2.735250795597438334e+00
4.414999999999928093e+00,-1.500980507874498215e+00,1.126832621752848596e+00,-4.677529921163067428e+01,4.263365818587975475e+00
4.419999999999927986e+00,-1.496868709796023600e+00,6.251632784726945946e-01,-9.381832767579302867e+01,6.289431357510930631e+00
4.424999999999927880e+00,-1.496366746229876421e+00,-2.416559753996895821e-01,-1.701712613892487411e+02,7.296591597340322366e+00
4.429999999999927773e+00,-1.500375159866528696e+00,-1.169388247834132422e+00,-1.847393072802778988e+02,8.149291022463824419e+00
4.434999999999927667e+00,-1.505175732093376517e+00,-5.710768580230556335e-01,5.820671998608195281e+02,8.872307505996310795e+00
4.439999999999927560e+00,-1.509718461343797724e+00,-1.084637935564414679e+00,-2.059103300634942855e+02,8.318239035616610266e+00
4.444999999999927454e+00,-1.513288251122752115e+00,-7.035837411337881875e-01,-2.251796920507381969e+02,8.739219778055904442e+00
4.449999999999927347e+00,-1.516617941848504847e+00,-6.257964540777146700e-01,-1.401631873523305387e+02,8.691130924970360994e+00
4.454999999999927240e+00,-1.519561743225233519e+00,-5.187922378079588004e-01,-1.137970119007124126e+01,9.388635102272191446e+00
4.459999999999927134e+00,-1.522028091580286402e+00,-4.693813387308439222e-01,-1.776158912441312623e+02,9.277339508539281354e+00
4.464999999999927027e+00,-1.524302078059374566e+00,-4.481769565138494782e-01,-1.522605497982769407e+02,9.682291025952867614e+00
4.469999999999926921e+00,-1.526048165356698183e+00,-3.511604457139175794e-01,2.176180599639372133e+02,1.011902000169007643e+01
4.474999999999926814e+00,-1.528000360527931756e+00,-2.325454046469836444e-01,3.380413525540588466e+02,1.043950565561282495e+01
4.479999999999926708e+00,-1.530411462037556847e+00,-5.076007473241328505e-01,-1.643591206991978595e+02,1.132526342648095863e+01
4.484999999999926601e+00,-1.531857504355696786e+00,-1.297359698636374181e-01,3.324216940449122717e+02,1.232158613332107677e+01
4.489999999999926494e+00,-1.533175636050292834e+00,-3.800916086927791926e-01,-3.260936306489970207e+02,1.241319814649934905e+01
4.494999999999926388e+00,-1.533703069301897814e+00,5.151545772928617373e-02,3.848178470986304092e+02,1.281847015877471918e+01
4.499999999999926281e+00,-1.534354145791131385e+00,-2.879280522249732521e-01,-3.864083694951204961e+02,1.256859261176700748e+01
4.504999999999926175e+00,-1.536026107008365837e+00,-6.329962017966769272e-01,-3.988888703338818686e+02,1.301461889330276378e+01
4.509999999999926068e+00,-1.537522851987694894e+00,-1.172919137688620550e-01,4.203467114913892146e+02,1.330863258124684201e+01
4.514999999999925961e+00,-1.539180602575399792e+00,-4.673724800549841074e-01,-3.389323553081006821e+02,1.305065264626035670e+01
4.519999999999925855e+00,-1.540907235329145752e+00,-5.964965576450141915e-01,-1.298717453454115400e+02,1.345021202696452001e+01
4.524999999999925748e+00,-1.543213603096645459e+00,-4.993156452823248048e-01,-4.868119590998001911e+01,1.359828547079087535e+01
4.529999999999925642e+00,-1.545307291826805152e+00,-3.280066769506418956e-01,2.156749953023015394e+02,1.383845435546389702e+01
4.534999999999925535e+00,-1.548122717262393477e+00,-5.403382978361570554e-01,3.713043209506703306e+02,1.418919865397584346e+01
4.539999999999925429e+00,-1.551814934322799600e+00,-8.890398017004605968e-01,-4.472300361333400929e+02,1.428693676190211548e+01
4.544999999999925322e+00,-1.554684968786639310e+00,-3.460551818399371093e-01,4.752461968812357895e+02,1.470940547036182089e+01
4.549999999999925215e+00,-1.557464466995870822e+00,-6.802568613984044665e-01,-4.112655680562045859e+02,1.424436342893467078e+01
4.554999999999925109e+00,-1.560654447223559060e+00,-9.734327286733542861e-01,-5.365588500662063325e+02,1.433537898515563569e+01
4.559999999999925002e+00,-1.562755029016386743e+00,-2.022837669665117077e-01,4.319561562710077851e+02,1.406718443181229006e+01
4.564999999999924896e+00,-1.565339118579343269e+00,-3.548344901722927935e-01,2.926593969416963432e+02,1.377703673301469145e+01
4.569999999999924789e+00,-1.567506184246380441e+00,-4.562557682110081614e-01,-2.077505899341457791e+02,1.314754935437052730e+01
4.574999999999924682e+00,-1.569549005357426807e+00,-6.176983926817722903e-01,-3.449140577536644514e+02,1.306508479472185336e+01
4.579999999999924576e+00,-1.570629345601273652e+00,-1.127367149156418419e-01,2.387249982092614573e+02,1.302276748363026648e+01
4.584999999999924469e+00,-1.572159973429671176e+00,-2.244550719634266778e-02,4.669366834057262849e+02,1.271867121509659171e+01
4.589999999999924363e+00,-1.573396097059820420e+00,-7.311605531104033162e-02,5.786151881273997333e+02,1.259905508587513978e+01
4.594999999999924256e+00,-1.574157545005544945e+00,-2.031335405886461332e-01,-4.076717157356304142e+02,1.204701375943383468e+01
4.599999999999924150e+00,-1.575493033904150630e+00,-2.969081853036722451e-01,-3.446895568831840251e+02,1.201134524642613322e+01
4.604999999999924043e+00,-1.576495430671848386e+00,-4.203712033760604316e-01,-4.249535766344707213e+02,1.206219520315750238e+01
4.609999999999923936e+00,-1.577884731505473370e+00,-5.144642672444534881e-01,-4.618095010296825080e+02,1.217082106651225715e+01
4.614999999999923830e+00,-1.578640099592150348e+00,-6.188141992885587417e-01,-4.501686557380239151e+02,1.229990963396402393e+01
4.619999999999923723e+00,-1.579825597491967049e+00,-6.899342306496395461e-01,-4.437784963720054634e+02,1.231177369814936817e+01
4.624999999999923617e+00,-1.581153633217897037e+00,-6.599522972327359627e-01,-3.770784266576608843e+02,1.241917227081773234e+01
4.629999999999923510e+00,-1.582670928022434031e+00,-7.636796327123664962e-01,-4.628393778985897598e+02,1.256343385188700168e+01
4.634999999999923403e+00,-1.584238620459881730e+00,-7.781480180425706106e-01,-4.615800695904642339e+02,1.262462213570914926e+01
4.639999999999923297e+00,-1.585764808953809002e+00,-7.049027109184607953e-01,-3.676617228112004341e+02,1.257726736679346757e+01
4.644999999999923190e+00,-1.587216907673359767e+00,-7.443020912934864564e-01,-4.562620568721680456e+02,1.252312105650127272e+01
4.649999999999923084e+00,-1.588412133964998807e+00,-6.957644717392134082e-01,-4.657446959551832606e+02,1.247886034954537848e+01
4.654999999999922977e+00,-1.589559706743371770e+00,-7.116589211061270515e-01,-4.781100571862535844e+02,1.243612574907039914e+01
4.659999999999922871e+00,-1.590650778584111968e+00,-6.923902114168238864e-01,-4.910634676173010575e+02,1.230082616432700604e+01
4.664999999999922764e+00,-1.591955801164623985e+00,-7.126791206455824756e-01,-4.633043949704345437e+02,1.221732845049502103e+01
4.669999999999922657e+00,-1.593224856711711102e+00,-6.890619386942877789e-01,-4.497550147581857232e+02,1.226782396180428769e+01
4.674999999999922551e+00,-1.594676687831342310e+00,-7.429553314087129490e-01,-4.831496520335649052e+02,1.213900676751536523e+01
4.679999999999922444e+00,-1.596049909297154512e+00,-7.179374557773188226e-01,-4.651165317987113212e+02,1.204026683879627413e+01
4.684999999999922338e+00,-1.597198605980068686e+00,-6.609758461735302237e-01,-4.505232417324016865e+02,1.210677015405842916e+01
4.689999999999922231e+00,-1.599004220191801995e+00,-6.898325373913105629e-01,-4.591852219479895894e+02,1.195148971081968448e+01
4.694999999999922125e+00,-1.600262395913271130e+00,-7.266145492281833596e-01,-4.963863556839069702e+02,1.200323345076632187e+01
4.699999999999922018e+00,-1.600880585209810025e+00,-6.075242817815481589e-01,-5.046852535965462607e+02,1.195890977151561252e+01
4.704999999999921911e+00,-1.602074861058671695e+00,-4.375720809809128808e-01,-5.285284725800131582e+02,1.165246352466531299e+01
4.709999999999921805e+00,-1.602499602120800004e+00,-2.693403443261998542e-01,-4.770162063437125539e+02,1.106697036135688705e+01
4.714999999999921698e+00,-1.602973780828665928e+00,-2.005214596370553104e-01,-3.620429377034429876e+02,1.088539141679361499e+01
4.719999999999921592e+00,-1.602691682469260970e+00,-9.703945254221038597e-02,-4.635181252902553979e+02,1.029134534398029466e+01
4.724999999999921485e+00,-1.601626365184880552e+00,5.830413709031427583e-02,-4.266487491520388176e+02,1.010779580581707826e+01
4.729999999999921378e+00,-1.599802384742551986e+00,1.832455778606289776e-01,-4.834033479290834521e+02,9.528181181674392874e+00
4.734999999999921272e+00,-1.597308079549131454e+00,3.531840499090805330e-01,-4.061889827789847800e+02,8.917417495421336326e+00
4.739999999999921165e+00,-1.594064903706455594e+00,4.174867530326001330e-01,-4.378164433188839553e+02,8.754223919414235056e+00
4.744999999999921059e+00,-1.589409355861429951e+00,5.099117458417311566e-01,-4.441718811653088324e+02,8.041004247932526994e+00
4.749999999999920952e+00,-1.584334940954874371e+00,6.357341876595086205e-01,-4.163779138612456450e+02,7.333352001039494361e+00
4.754999999999920846e+00,-1.578777093458072045e+00,7.880060918664351099e-01,-3.627814564047540102e+02,6.240758346991311711e+00
4.759999999999920739e+00,-1.572572705546322780e+00,9.924667229101907795e-01,-2.848875528812703237e+02,5.293025434550021835e+00
4.764999999999920632e+00,-1.565986061061866108e+00,1.127663677816921783e+00,-2.077671017766450063e+02,3.923202956420068332e+00
4.769999999999920526e+00,-1.558858491923887479e+00,1.471872199668747605e+00,8.332724943466863010e+01,1.975914937872317534e+00
4.774999999999920419e+00,-1.551487532242110889e+00,1.520220000236652602e+00,1.084441974404905729e+01,-7.402361188732231589e-02
4.779999999999920313e+00,-1.545304214698823841e+00,1.367207804034575203e+00,1.643974544374788138e+02,-1.514142403929857883e+00
4.784999999999920206e+00,-1.538613648723461624e+00,1.264599471945943465e+00,-5.734367423665186436e+01,-2.204150179904455609e+00
4.789999999999920099e+00,-1.533349393458812937e+00,1.084211156297254508e+00,-8.624335042033294485e+00,-2.449903994506501981e+00
4.794999999999919993e+00,-1.528723804166129518e+00,7.063155778392985473e-01,-2.098658501770475766e+02,-2.527197464149495865e+00
4.799999999999919886e+00,-1.525136826728514139e+00,6.701324637523837779e-01,-2.092236408072129805e+01,-2.554357634338619842e+00
4.804999999999919780e+00,-1.522672357420876477e+00,4.141506116411808325e-01,-2.635994837228594889e+01,-2.584185839528662321e+00
4.809999999999919673e+00,-1.521249450131216818e+00,1.566192372171491543e-01,-1.005283535888316493e+02,-2.597686381390504007e+00
4.814999999999919567e+00,-1.520871366787121204e+00,-5.913973820052882040e-04,-5.308268831901359874e+01,-2.460180447334266329e+00
4.819999999999919460e+00,-1.521491024193599939e+00,-1.877924658690385828e-01,-1.737720605498372350e+01,-2.387237230078969041e+00
4.824999999999919353e+00,-1.522719992041120962e+00,-2.762185756181591012e-01,-3.387927253722427423e+00,-2.225998026219812242e+00
4.829999999999919247e+00,-1.524387263706573181e+00,-3.493386224845900223e-01,5.794910798043494182e+00,-2.186644940096447609e+00
4.834999999999919140e+00,-1.526420352336160358e+00,-4.183472674316326412e-01,3.250361817143875243e+01,-2.118840408460072489e+00
4.839999999999919034e+00,-1.528810506624835863e+00,-5.154034296105153290e-01,-3.308893140811406397e+01,-2.089440299779029342e+00
4.844999999999918927e+00,-1.531258798908322394e+00,-4.655476416307011145e-01,1.555163161436742492e+01,-1.930407638624302535e+00
4.849999999999918820e+00,-1.533687635668484539e+00,-4.402662283201242976e-01,3.303405207764727436e+01,-1.864320234310975932e+00
4.854999999999918714e+00,-1.536056729287497147e+00,-4.404664615533734895e-01,3.380312391556699936e+01,-1.786331144150526073e+00
4.859999999999918607e+00,-1.538165251305357417e+00,-4.367376679314137755e-01,-4.641099916655081614e+01,-1.651289105000544710e+00
4.864999999999918501e+00,-1.539919995977785616e+00,-2.965068992206550957e-01,4.003540188223421836e+01,-1.591405974892021957e+00
4.869999999999918394e+00,-1.541459766626828376e+00,-2.494119755635265667e-01,3.245432565797462843e+01,-1.458060360096471220e+00
4.874999999999918288e+00,-1.542551873935270601e+00,-2.396048832971452991e-01,-6.207299209230006909e+01,-1.304313718482221551e+00
4.879999999999918181e+00,-1.543109282916249603e+00,-5.357874777413667439e-02,4.141720553574989339e+01,-1.221204948597836903e+00
4.884999999999918074e+00,-1.543333195170801586e+00,2.205035658120762035e-02,5.308472492875609561e+01,-1.045588163642994006e+00
4.889999999999917968e+00,-1.542858957932539132e+00,1.436230807728688663e-01,3.167680273713517991e+01,-9.222532298563063113e-01
4.894999999999917861e+00,-1.542011215420207471e+00,2.434006093079968680e-01,3.630952517611455477e+01,-8.344715558022217650e-01
4.899999999999917755e+00,-1.540581097111700881e+00,2.397400239293196733e-01,-8.525029552355861995e+01,-6.364903680146259957e-01
4.904999999999917648e+00,-1.538514417152639036e+00,4.635816358122671343e-01,3.695662131557624974e+01,-4.228820781163663556e-01
4.909999999999917542e+00,-1.535778884141471012e+00,5.787806891904767603e-01,-1.312908789704797030e+01,-9.254284202316198638e-02
4.914999999999917435e+00,-1.532424918699226701e+00,6.941960429301567981e-01,-5.995686220983579950e+00,4.406533736992734318e-01
4.919999999999917328e+00,-1.528629151559558919e+00,7.908704366994756541e-01,2.059958402776708297e+01,1.213606654826559161e+00
4.924999999999917222e+00,-1.524708366653878988e+00,7.968405797170639016e-01,1.280679672936586400e+01,1.107941585318323874e+00
4.929999999999917115e+00,-1.520913683567627794e+00,7.360772825376999950e-01,-2.988332569246859194e+00,1.780402804785887971e+00
4.934999999999917009e+00,-1.517446254223004498e+00,6.538434992252889488e-01,-7.670341983719931811e+00,2.855234402758720424e+00
4.939999999999916902e+00,-1.514967154679668138e+00,3.724873550355904395e-01,-5.006392013314776790e+01,4.645926488669998911e+00
4.944999999999916795e+00,-1.514869163976225730e+00,-2.362790561327615391e-01,-1.359640097922724635e+02,6.164481944250828072e+00
4.949999999999916689e+00,-1.518532924492823843e+00,-1.076110527476403567e+00,-1.709469959614109200e+02,7.409148031981985127e+00
4.954999999999916582e+00,-1.524554016054523453e+00,-1.285097939372964460e+00,-1.977184879379910285e+02,8.056075211739043951e+00
4.959999999999916476e+00,-1.529388729602241259e+00,-9.620884158021089094e-01,-3.858817683359082196e+01,7.761864636398039252e+00
4.964999999999916369e+00,-1.534105358865422541e+00,-5.944918732877386702e-01,5.543550171291041124e+02,8.190970872456617258e+00
4.969999999999916263e+00,-1.538072702007148740e+00,-9.228165789214821668e-01,-2.207849141284441998e+02,7.742146361138455113e+00
4.974999999999916156e+00,-1.541843680148565543e+00,-7.027155484532514595e-01,-1.238768893898183450e+02,7.983762482753690826e+00
4.979999999999916049e+00,-1.545067184543532202e+00,-3.935399534455750192e-01,4.410418662930051710e+02,8.060961230634273278e+00
4.984999999999915943e+00,-1.548163928137088474e+00,-7.696129110054361622e-01,-2.219528130194616438e+02,8.039290873476591770e+00
4.989999999999915836e+00,-1.550460233629905371e+00,-4.499750329937195481e-01,-1.572660574699563938e+02,8.459916060680264138e+00
4.994999999999915730e+00,-1.552746312374175153e+00,-2.217264775873774851e-01,4.612551935388746642e+02,8.610827458607698048e+00
4.999999999999915623e+00,-1.555146770535974721e+00,-6.564604350287667200e-01,-2.413646648684245122e+02,8.921255479849550696e+00
5.004999999999915516e+00,-1.556778208755681403e+00,-3.329003888230194774e-01,-2.056285987393714834e+02,9.396272647075800677e+00
5.009999999999915410e+00,-1.557910180734499495e+00,-1.474104933346785662e-01,-2.961480835052865928e+02,9.371897465701197305e+00
5.014999999999915303e+00,-1.558661140928543354e+00,7.945891355979028958e-02,4.338204648865562376e+02,1.026880471917718474e+01
5.019999999999915197e+00,-1.558771473309872535e+00,3.252823878914350431e-01,4.375262365186922580e+02,1.056456270475383086e+01
5.024999999999915090e+00,-1.558632773102735847e+00,-3.659967275979811308e-02,-6.255740317878579759e+01,1.071564816903215345e+01
5.029999999999914984e+00,-1.557629943276636952e+00,-3.816418273242069142e-02,-2.677854374411053300e+02,1.165549584698474206e+01
5.034999999999914877e+00,-1.556714891902742259e+00,4.033243989763816983e-02,-2.448894668305215987e+02,1.193429221153155062e+01
5.039999999999914770e+00,-1.555504199492359074e+00,1.460578034201398256e-01,-2.134486676716651914e+02,1.239667468163088415e+01
5.044999999999914664e+00,-1.554048070099223633e+00,1.084284072892269524e-01,-2.527593077200873211e+02,1.263193268726667462e+01
5.049999999999914557e+00,-1.552507412598304271e+00,1.295389569980199829e-01,-3.775915853817665493e+02,1.260201398820203877e+01
5.054999999999914451e+00,-1.550732595783258727e+00,2.212207542540520488e-01,-2.899321386653567174e+02,1.256150260244701400e+01
5.059999999999914344e+00,-1.548660567760723694e+00,2.465227119523138999e-01,-3.462804240912604996e+02,1.268714328288139725e+01
5.064999999999914237e+00,-1.547036382759334971e+00,2.716529765927250262e-01,-3.565690912914149635e+02,1.236177289365074294e+01
5.069999999999914131e+00,-1.545443022517757781e+00,3.688988729712662784e-01,-3.132516155894999201e+02,1.217050890735256630e+01
5.074999999999914024e+00,-1.543634813987542875e+00,3.859423817612822050e-01,-2.869342407111168427e+02,1.225602484747799714e+01
5.079999999999913918e+00,-1.542504943008748741e+00,4.968039692825866882e-01,7.167682146419716673e+02,1.226107037520256604e+01
5.084999999999913811e+00,-1.541054818055333175e+00,5.037937224120317969e-01,6.152117178399438444e+02,1.199129451954254399e+01
5.089999999999913705e+00,-1.540372693874233034e+00,3.266134211379633223e-01,3.043820110700718260e+02,1.125500385662799729e+01
5.094999999999913598e+00,-1.540379966853355764e+00,-4.202871868990522564e-01,-4.711145810097287381e+02,1.114517166768637679e+01
5.099999999999913491e+00,-1.540650752749575192e+00,-3.914314612113746761e-01,-4.354792701168643134e+02,1.080880920711170567e+01
5.104999999999913385e+00,-1.540858643048463650e+00,-1.604577941875004465e-01,-3.512467778590232115e+02,1.048785870262708286e+01
5.109999999999913278e+00,-1.541133704784063196e+00,-8.981473498157166446e-02,-2.358817664913643455e+02,1.007716328002709183e+01
5.114999999999913172e+00,-1.542060737344168375e+00,5.222531357187992079e-02,5.307892760349128594e+02,1.019648859233553395e+01
5.119999999999913065e+00,-1.542173339485930272e+00,1.968297428777456559e-01,5.210232831000350870e+02,9.288981130156640731e+00
5.124999999999912959e+00,-1.542276587119040254e+00,4.194969432726557423e-01,5.838801703985502627e+02,8.876198261566887737e+00
5.129999999999912852e+00,-1.542029882770669102e+00,1.303676967804183462e-01,1.399735493536039712e+02,8.380399484280586009e+00
5.134999999999912745e+00,-1.540856215469623258e+00,6.356163167039794448e-01,5.038539295612865772e+02,7.375076129661931823e+00
5.139999999999912639e+00,-1.539145705211299786e+00,6.202318037178568000e-01,3.387775859183399234e+02,6.115755144208820049e+00
5.144999999999912532e+00,-1.536383576145201602e+00,5.538526625289119654e-01,-7.530434466393178639e+01,4.009484822975494467e+00
5.149999999999912426e+00,-1.532913372145197961e+00,8.464777443370592458e-01,1.230742945736631242e+02,1.885844341040403993e+00
5.154999999999912319e+00,-1.529120538600188928e+00,7.560086565824535310e-01,-9.520542047883107983e+00,3.141291992010153411e-02
5.159999999999912212e+00,-1.526137804748717963e+00,7.152988474853225753e-01,1.075256684009164729e+02,-1.776187697581510294e+00
5.164999999999912106e+00,-1.522567894716016168e+00,6.899192058858851784e-01,-1.912584163592461550e+01,-1.357161617332352410e+00
5.169999999999911999e+00,-1.519834721516149845e+00,5.783261662256125035e-01,7.334926725207080267e+01,-2.124598685897000738e+00
5.174999999999911893e+00,-1.517370687987926958e+00,4.486006872381517741e-01,-2.280538644755122846e+01,-2.616457920282972971e+00
5.179999999999911786e+00,-1.515761110039054671e+00,3.296596238160722780e-01,1.079265312047657588e+01,-2.685244303943005839e+00
5.184999999999911680e+00,-1.514701664172670270e+00,1.778261321230494851e-01,-7.709350693710718794e+00,-2.720020771128169645e+00
5.189999999999911573e+00,-1.514264774461894891e+00,5.938237257895526838e-02,2.109545252937355642e+01,-2.651883632266899049e+00
5.194999999999911466e+00,-1.514413523260155880e+00,-7.116751719610939220e-02,-2.754413583888779016e+01,-2.666824134746943020e+00
5.199999999999911360e+00,-1.515144590110937273e+00,-1.746863996423594079e-01,-4.827831481825326065e+00,-2.577570490030212547e+00
5.204999999999911253e+00,-1.516371731479769336e+00,-2.664594643361143933e-01,-7.116827328697832300e+00,-2.504434805423625399e+00
5.209999999999911147e+00,-1.518036354204727267e+00,-3.426479134212517819e-01,4.498267348866164639e+00,-2.371438983761426478e+00
5.214999999999911040e+00,-1.520024059997203691e+00,-3.939428490957312401e-01,1.888333018389374018e+01,-2.234467781398971731e+00
5.219999999999910933e+00,-1.522217307338045833e+00,-4.291569556449791323e-01,1.702156889288160002e+01,-2.060535732622833738e+00
5.224999999999910827e+00,-1.524375185743702010e+00,-4.043395550521552972e-01,3.762913245565951570e+01,-1.916690859007069259e+00
5.229999999999910720e+00,-1.526299436070459592e+00,-3.689638746499261379e-01,-5.415343683115714235e-01,-1.812731423779101458e+00
5.234999999999910614e+00,-1.527831932258117531e+00,-2.530265612940830189e-01,3.494453383182403883e+01,-1.621419078959425608e+00
5.239999999999910507e+00,-1.528857306459260545e+00,-1.266437091297768491e-01,4.177807817956484371e+01,-1.466536813226155145e+00
5.244999999999910401e+00,-1.529143338046343503e+00,-4.228774984509837964e-02,-2.472368943921759055e+01,-1.318584075022336988e+00
5.249999999999910294e+00,-1.528596089433534644e+00,2.004278729862326025e-01,5.080530833197259000e+01,-1.086228925847376958e+00
5.254999999999910187e+00,-1.527137118871331412e+00,3.668352051955798832e-01,1.175906873924173368e+02,-8.013402915283387440e-01
5.259999999999910081e+00,-1.524428779123643718e+00,6.458572169454307454e-01,6.334779230243574943e+01,-4.977769756956204050e-01
5.264999999999909974e+00,-1.520343042565088121e+00,9.039791790071712851e-01,1.773212792376223135e+01,2.030669396448507302e-01
5.269999999999909868e+00,-1.515020971032616792e+00,1.136163898851991094e+00,7.228814442342606839e+00,9.681225255698445720e-01
5.274999999999909761e+00,-1.508653743842146788e+00,1.325091499315311117e+00,5.595188425380408503e+00,2.311020145757362698e+00
5.279999999999909654e+00,-1.501727940754630453e+00,1.379155843566167938e+00,-2.596717449206053985e+01,4.372416814373676353e+00
5.284999999999909548e+00,-1.495697269923316197e+00,1.056328086722650772e+00,-9.282639632433341603e+01,5.750906461475899789e+00
5.289999999999909441e+00,-1.492156602479396632e+00,4.521200326955781557e-01,-1.414283813136371464e+02,6.643710916288362966e+00
5.294999999999909335e+00,-1.492350460909962262e+00,-3.855071445235146999e-01,-1.770585969757612474e+02,7.383408490068076091e+00
5.299999999999909228e+00,-1.496544461716745822e+00,-6.308009585164923161e-01,5.770654659893818916e+02,7.813206320920763837e+00
5.304999999999909122e+00,-1.500627592291455592e+00,-9.403425034400164639e-01,-2.133739026444952458e+02,7.849554648040943050e+00
5.309999999999909015e+00,-1.502962478539893842e+00,-4.266875295385534339e-01,-2.149614377704581614e+02,8.083579389806615723e+00
5.314999999999908908e+00,-1.505769671293660128e+00,-1.583916209884238535e-01,4.887353422262050344e+02,7.985527966112842435e+00
5.319999999999908802e+00,-1.507885909861062634e+00,-6.104018453776048903e-01,-2.527640446884001904e+02,8.001698205994262736e+00
5.324999999999908695e+00,-1.508994307373357824e+00,-2.465946777445422178e-01,-2.764086911846214889e+02,8.456317616954018845e+00
5.329999999999908589e+00,-1.509765871410544191e+00,-1.000785491582688036e-01,-3.115691183388768195e+02,8.444151304452255147e+00
5.334999999999908482e+00,-1.510635999518066264e+00,6.556303672273465499e-02,5.477074475478224258e+02,9.245100560611236418e+00
5.339999999999908376e+00,-1.510913357597205575e+00,1.743104300319115452e-01,5.706211869819589992e+02,9.587994792649247700e+00
5.344999999999908269e+00,-1.510692611998135204e+00,2.090779190892136652e-01,4.241420212771763545e+02,9.856629883913873513e+00
5.349999999999908162e+00,-1.509462797920120503e+00,2.361887592427870386e-01,-3.750880464640706577e+02,9.926228421779450528e+00
5.354999999999908056e+00,-1.508596564718972521e+00,1.592894891986487149e-01,-3.236285097077885666e+02,1.060771627413642371e+01
5.359999999999907949e+00,-1.508122572185877530e+00,6.022268439608355339e-02,-3.202189075755022145e+02,1.138264028815183870e+01
5.364999999999907843e+00,-1.507234888990967914e+00,-4.623408319613345197e-02,-3.848759735079802908e+02,1.173864710241689657e+01
5.369999999999907736e+00,-1.507020688616250936e+00,-2.941828561398773245e-01,-5.129054208453210322e+02,1.201705709164494174e+01
5.374999999999907629e+00,-1.506423146862210238e+00,-3.892820207511284436e-01,-4.868923436395823501e+02,1.231389010815139073e+01
5.379999999999907523e+00,-1.505275208852538515e+00,4.907553255468605213e-01,4.495043098916454483e+02,1.224018680317831809e+01
5.384999999999907416e+00,-1.504487258264990190e+00,4.745158820791784415e-01,5.052529046137352680e+02,1.171017861696880935e+01
5.389999999999907310e+00,-1.503980949221644048e+00,4.370765974219499306e-01,4.972161501216385204e+02,1.193219606729619109e+01
5.394999999999907203e+00,-1.503784614826664257e+00,2.255032707407012282e-01,3.374807234112330434e+02,1.167317077426259608e+01
5.399999999999907097e+00,-1.503949638001600642e+00,2.020866964898513640e-01,3.903404050596714683e+02,1.203187433167353682e+01
5.404999999999906990e+00,-1.504357252870460071e+00,3.739265374489044585e-02,2.389536962445931181e+02,1.176405520238228419e+01
5.409999999999906883e+00,-1.504880250728489299e+00,1.961984135535605467e-01,4.326802869305006993e+02,1.207632589461693051e+01
5.414999999999906777e+00,-1.506171884055538923e+00,-6.951822849937400184e-01,-4.760214378559037982e+02,1.176030104069312543e+01
5.419999999999906670e+00,-1.506625747104170188e+00,-5.450199151417104426e-01,-4.987404355214083580e+02,1.207554900006961773e+01
5.424999999999906564e+00,-1.507519944675843160e+00,-3.182464380686943484e-01,-4.646050002409785975e+02,1.189441110082083597e+01
5.429999999999906457e+00,-1.508819184627959276e+00,-1.944728274342464591e-01,-2.064473909055417948e+02,1.150948423818105759e+01
5.434999999999906350e+00,-1.510276167011124882e+00,1.087193092806677391e-01,8.686295021111980077e+02,1.200644024113263519e+01
5.439999999999906244e+00,-1.512550172391841974e+00,-8.524540587988205242e-01,-4.958497500153050055e+02,1.159779410476395967e+01
5.444999999999906137e+00,-1.514006923595181409e+00,-4.078222361538606511e-01,-4.925644003075044566e+02,1.135092927917408545e+01
5.449999999999906031e+00,-1.516370691498920120e+00,-1.650657730019940150e-02,9.603114959311889152e+02,1.165284521548863417e+01
5.454999999999905924e+00,-1.519314118948083658e+00,-9.204328084606316907e-01,-4.233779365525474532e+02,1.124240014436514024e+01
5.459999999999905818e+00,-1.520598654164411645e+00,-6.864014173753851811e-01,-5.146058375654258725e+02,1.128828699161016580e+01
5.464999999999905711e+00,-1.521409647066144233e+00,-2.974033533640670357e-01,-5.300616442418647694e+02,1.109144532248970627e+01
5.469999999999905604e+00,-1.523417916163259500e+00,6.557234803782685528e-02,1.018955762717412313e+03,1.140402517671141958e+01
5.474999999999905498e+00,-1.523529919761831275e+00,3.804926116948717518e-01,8.733213622942124630e+02,1.082565022954699074e+01
5.479999999999905391e+00,-1.524461111182465523e+00,-5.840185361392565833e-01,-4.904513743177980700e+02,1.027122980780005257e+01
5.484999999999905285e+00,-1.523678921280146703e+00,-2.283028606991763798e-01,-4.765955441988069197e+02,9.631818043645255401e+00
5.489999999999905178e+00,-1.522412424475974912e+00,5.010848426541262418e-02,-2.698209033871601719e+02,8.885017221012773803e+00
5.494999999999905071e+00,-1.519737194752275311e+00,2.580642900381683313e-01,-3.398814101378229680e+02,7.735755651630557672e+00
5.499999999999904965e+00,-1.515743923294764706e+00,1.144785459970458996e+00,4.857671557981842625e+02,5.478123638460981049e+00
5.504999999999904858e+00,-1.511244926111839026e+00,1.086096795576650509e+00,3.173822023152268343e+02,2.800536105800083053e+00
5.509999999999904752e+00,-1.505823247089818961e+00,1.069202587394202819e+00,-2.433818524321382313e+02,2.898691055631836377e+00
5.514999999999904645e+00,-1.499317664828486718e+00,1.436471667913828076e+00,2.078092293351967896e+02,1.096122168500991201e+00
5.519999999999904539e+00,-1.492732603703347483e+00,1.310699799230786278e+00,7.950931667123093405e-01,-1.060708371671208905e+00
5.524999999999904432e+00,-1.488296182148062918e+00,9.342478337555235601e-01,1.274022306688709136e+02,-2.407368415563118536e+00
5.529999999999904325e+00,-1.484837302953214921e+00,5.026842584696801230e-01,-8.520870433521017162e+01,-3.010364039648507628e+00
5.534999999999904219e+00,-1.484058771799914522e+00,1.014902826167264072e-01,-3.755323973912252455e+01,-2.973577719790088114e+00
5.539999999999904112e+00,-1.484811132602764427e+00,-4.014042270920006872e-01,-1.961070990332554800e+02,-2.921831009314406202e+00
5.544999999999904006e+00,-1.487165877834841554e+00,-5.628425560107733761e-01,-3.493509103761092405e+01,-2.769152320567110692e+00
5.549999999999903899e+00,-1.490724068404044367e+00,-7.485300272761493678e-01,1.659087857629821272e+01,-2.497369750413037437e+00
5.554999999999903793e+00,-1.494914450606297462e+00,-9.291020704969104038e-01,-7.881302398106824114e+01,-2.304146318376621760e+00
5.559999999999903686e+00,-1.499180004401132527e+00,-8.224843569433484269e-01,2.692690619350076631e+01,-2.037860539541464178e+00
5.564999999999903579e+00,-1.503215880603755439e+00,-7.299547417257451487e-01,6.940853169089983510e+01,-1.777937185373265505e+00
5.569999999999903473e+00,-1.506184489227682777e+00,-4.991232890889395479e-01,5.749421520110579564e+01,-1.573749861376023684e+00
5.574999999999903366e+00,-1.508111435570589798e+00,-2.280503279947381223e-01,7.399787245480568743e+01,-1.331966559552507867e+00
5.579999999999903260e+00,-1.508429422032572242e+00,-8.601715076390777093e-02,-1.129817493995306705e+02,-1.119290194595818910e+00
5.584999999999903153e+00,-1.506923771946399260e+00,4.631506544197512842e-01,8.325339552951031408e+01,-9.239441023308858636e-01
5.589999999999903046e+00,-1.503369678402038945e+00,8.608567287316943872e-01,9.157723066258405709e+01,-6.161006362469875208e-01
5.594999999999902940e+00,-1.498227785008381385e+00,1.250545993133895806e+00,4.495913672755136758e+01,-2.978373124389958049e-01
5.599999999999902833e+00,-1.490677358438043276e+00,1.637164438148590362e+00,3.095183326663209300e+01,2.713186199385356767e-01
5.604999999999902727e+00,-1.481415319451983459e+00,1.938152793215469405e+00,1.852519053332838439e+01,8.999697065140133123e-01
5.609999999999902620e+00,-1.470847426753272735e+00,2.206601734222234601e+00,5.068148657956351855e+01,1.795481495131433514e+00
5.614999999999902514e+00,-1.459598381275427847e+00,2.267615905887697902e+00,1.254459594038755199e+01,2.824709560996561564e+00
5.619999999999902407e+00,-1.448511155645338055e+00,2.170681719804365528e+00,-1.723891857944540007e+01,4.060618980018118940e+00
5.624999999999902300e+00,-1.438875024548340598e+00,1.746812989627131829e+00,-8.782137210722014231e+01,5.650246406306242086e+00
5.629999999999902194e+00,-1.432166591553375445e+00,1.060689092799830036e+00,-1.336127563812308949e+02,6.485968901796670849e+00
5.634999999999902087e+00,-1.429760126172974655e+00,9.731136263964763888e-02,-1.827079563527544508e+02,6.798546852547206143e+00
5.639999999999901981e+00,-1.432402053754405769e+00,-9.504950344253114691e-01,-2.052641418958112638e+02,7.829275712285624245e+00
5.644999999999901874e+00,-1.437942331611905100e+00,-1.204964666992769162e+00,-2.068538420402558700e+02,7.760502325244315713e+00
5.649999999999901767e+00,-1.442286257253296400e+00,-6.465793986190737641e-01,5.934179577528216214e+02,8.134702275406283434e+00
5.654999999999901661e+00,-1.446716552761518448e+00,-1.037376821664580451e+00,-2.314026513058395267e+02,7.773582803157625953e+00
5.659999999999901554e+00,-1.450491362986627397e+00,-7.684595644687024496e-01,1.769438204913101913e+02,8.109761735602763366e+00
5.664999999999901448e+00,-1.454129678867778663e+00,-4.170071950333169575e-01,5.658771537436089147e+02,8.269304133708258675e+00
5.669999999999901341e+00,-1.457732330203713733e+00,-9.272684890702401761e-01,-2.742815143449570883e+02,7.946114302320745892e+00
5.674999999999901235e+00,-1.460373016561700599e+00,-5.550736677040014611e-01,-2.751458202938422346e+02,8.434137342807995097e+00
5.679999999999901128e+00,-1.462907343979658270e+00,-4.920560650938349823e-01,-3.313052703982894514e+02,8.340243026697894635e+00
5.684999999999901021e+00,-1.465025852115405591e+00,-3.467394679611695563e-01,-2.255603393218814006e+02,8.953328197118928244e+00
5.689999999999900915e+00,-1.467197813623643432e+00,-2.595344539983586163e-01,3.797574828198921750e+02,9.410179664907131425e+00
5.694999999999900808e+00,-1.468752475697668647e+00,-2.304103799679742270e-01,1.522282868972997392e+02,9.431388592959969230e+00
5.699999999999900702e+00,-1.470102638386337590e+00,-1.931576427817854325e-01,1.304472024045001035e+02,9.566088401118001627e+00
5.704999999999900595e+00,-1.471150453928927959e+00,-3.712716625477316956e-01,-4.454599476926977673e+02,9.641469961764661534e+00
5.709999999999900488e+00,-1.471702723578780070e+00,1.644619698550424391e-02,4.382697088223992523e+02,1.071624518291152661e+01
5.714999999999900382e+00,-1.473430889906296004e+00,-5.501828158531749668e-01,-4.650111610574673477e+02,1.099994462706791154e+01
5.719999999999900275e+00,-1.474276893659150156e+00,-5.158153981814023181e-01,-2.784465349439838064e+02,1.169748267573976541e+01
5.724999999999900169e+00,-1.474626808147360357e+00,3.527462136482906185e-01,6.102565306695531717e+02,1.185815603591656497e+01
5.729999999999900062e+00,-1.475578429350506093e+00,1.335547661445485867e-01,4.640885126425417297e+02,1.161645488204085908e+01
5.734999999999899956e+00,-1.476498190053144643e+00,-8.652945921072550256e-03,2.563534817695746142e+02,1.176742392941707926e+01
5.739999999999899849e+00,-1.477381964216226029e+00,-1.011315173547072815e-01,1.551261761591018740e+02,1.180156814984607649e+01
5.744999999999899742e+00,-1.478120469211698929e+00,-2.559301437424421274e-02,4.549153803224299963e+02,1.189582093333499024e+01
5.749999999999899636e+00,-1.479065202774836552e+00,-6.336203828233166746e-02,5.254082165350546347e+02,1.165794554277612782e+01
5.754999999999899529e+00,-1.480388274246140057e+00,-1.542868773499156965e-01,4.171800824092608764e+02,1.135353563576557079e+01
5.759999999999899423e+00,-1.482007374008366796e+00,-2.104743916507496593e-01,4.014959851492289999e+02,1.108131966558592119e+01
5.764999999999899316e+00,-1.483789104530796932e+00,-1.822794439092401408e-01,5.253935035130019742e+02,1.091552589959241359e+01
5.769999999999899210e+00,-1.486351419646563254e+00,-2.358444784926584381e-01,4.461446509188714913e+02,1.072438486986693107e+01
5.774999999999899103e+00,-1.488631727020414797e+00,-9.177188949545276794e-03,6.131915092747884728e+02,1.043816515791234600e+01
5.779999999999898996e+00,-1.491509007472315629e+00,-8.643758255184860184e-01,-2.691233109553954819e+02,9.959020587578699235e+00
5.784999999999898890e+00,-1.494617419180155782e+00,-7.347610053165777311e-01,-3.074050475759349865e+02,1.024082914402556455e+01
5.789999999999898783e+00,-1.497175563453945868e+00,-6.025895147897106785e-01,-2.497097367417385954e+02,9.811421120004526486e+00
5.794999999999898677e+00,-1.500527700596690384e+00,-5.051200462606879604e-01,3.135927610304751170e+02,9.922776163816019235e+00
5.799999999999898570e+00,-1.503243313836015282e+00,-3.152280495176334463e-01,5.316177051582968716e+02,9.380226253887975929e+00
5.804999999999898463e+00,-1.505901211556792019e+00,-7.698622560432705209e-02,5.910962637617487871e+02,9.007368725415481947e+00
5.809999999999898357e+00,-1.508397848844798661e+00,-3.790694048508147507e-01,2.165346284310697058e+02,8.201316914490123011e+00
5.814999999999898250e+00,-1.510674577159272669e+00,-4.696590889235071620e-01,-3.239442944867699481e+01,8.298344865605477239e+00
5.819999999999898144e+00,-1.511756860156693749e+00,-2.266680955057825408e-01,-2.294918958013946408e+00,7.842647383218928070e+00
5.824999999999898037e+00,-1.511605958199294886e+00,2.915169275891267286e-01,3.306664288015619491e+02,7.022327188505873785e+00
5.829999999999897931e+00,-1.510776924930720133e+00,8.905440659341432030e-02,-2.396290855231797821e+02,5.700200834709081121e+00
5.834999999999897824e+00,-1.508171426885897226e+00,4.506327079090880483e-01,-2.739446262501845126e+02,3.963571064264791222e+00
5.839999999999897717e+00,-1.505352191027298225e+00,6.385360738643173217e-01,1.700295278759036819e+02,2.349188130371267835e+00
5.844999999999897611e+00,-1.501865824370948399e+00,7.433351809185086978e-01,2.597244082653232766e+01,3.388532296295242441e-01
5.849999999999897504e+00,-1.499941421032446431e+00,3.863704365590484580e-01,6.463299307140805467e+02,-8.746143049920812595e-01
5.854999999999897398e+00,-1.496768048889114855e+00,5.803843009456352009e-01,-3.600349163824049725e+01,-2.842399715747955913e+00
5.859999999999897291e+00,-1.494830311574588677e+00,3.114858554516344302e-01,2.895449700713999164e+02,-2.364258514153888768e+00
5.864999999999897184e+00,-1.492778202029955370e+00,3.894828727423672032e-01,-1.020812883692215500e+01,-2.994842282715680426e+00
5.869999999999897078e+00,-1.491533991532101977e+00,2.631608479262631528e-01,1.127814775394000435e+01,-3.108601827412965424e+00
5.874999999999896971e+00,-1.490668319997448643e+00,1.270265426603266745e-01,5.251117719046296628e+01,-3.084691132408364123e+00
5.879999999999896865e+00,-1.490292880571139955e+00,3.282294427979744883e-02,-1.270784520623914027e+01,-3.106208754023233265e+00
5.884999999999896758e+00,-1.490661502362866875e+00,-1.141283759599744790e-01,-1.174108564180977332e+01,-3.052351955369071224e+00
5.889999999999896652e+00,-1.491767079872747592e+00,-2.713884182413864865e-01,-1.540144267642823905e+01,-2.977921835893041269e+00
5.894999999999896545e+00,-1.493663199245188755e+00,-4.275694183878427368e-01,-4.566724249131721258e+00,-2.883919590508301489e+00
5.899999999999896438e+00,-1.496362557724374875e+00,-5.785596837920085056e-01,-1.745660618390450125e+01,-2.784072238459972315e+00
5.904999999999896332e+00,-1.499798348281942140e+00,-7.220743824759182639e-01,-8.688900585458148029e+00,-2.642188029010704486e+00
5.909999999999896225e+00,-1.503839201408739390e+00,-8.269641596446998255e-01,9.327207526772113511e+00,-2.486678338359964879e+00
5.914999999999896119e+00,-1.508340382320837669e+00,-9.107070118848439311e-01,1.613864979825175539e+01,-2.305049223987560403e+00
5.919999999999896012e+00,-1.513055030006537738e+00,-9.337667317111743026e-01,2.624502046674475153e+01,-2.127600646045435528e+00
5.924999999999895905e+00,-1.517724807549550858e+00,-9.269507906381249107e-01,-2.893036392893862385e-01,-1.957414950348280502e+00
5.929999999999895799e+00,-1.522161589249253266e+00,-8.421477958465788394e-01,3.251084018614012194e+01,-1.745162777327786907e+00
5.934999999999895692e+00,-1.526143850899612575e+00,-7.187644704473913349e-01,4.425855986931880182e+01,-1.514724160183783086e+00
5.939999999999895586e+00,-1.529370022533258044e+00,-6.179504092360590395e-01,-1.632199807403474523e+01,-1.295870519186975489e+00
5.944999999999895479e+00,-1.531566030399986511e+00,-3.339813081501644687e-01,5.916115536410516285e+01,-9.845366843970551063e-01
5.949999999999895373e+00,-1.532449085198308802e+00,-6.011657086934602684e-02,5.682243694694928138e+01,-6.394213341204960654e-01
5.954999999999895266e+00,-1.531749140635524364e+00,2.774357593190532323e-01,8.287693150728232183e+01,-1.346172247098908759e-01
5.959999999999895159e+00,-1.529397615592248183e+00,5.978459214700145852e-01,6.199655129597280023e+01,5.519113450961282696e-01
5.964999999999895053e+00,-1.525465128766547718e+00,8.931230449366016622e-01,6.222696034703563583e+01,1.300135833053408740e+00
5.969999999999894946e+00,-1.520288606871767145e+00,1.118205493648467108e+00,4.498603951947627166e+01,2.657153424157086441e+00
5.974999999999894840e+00,-1.514297223366443568e+00,1.202151924406281269e+00,-2.870646008141365968e+01,5.166422001644916939e+00
5.979999999999894733e+00,-1.509234226713496607e+00,8.435700937735990390e-01,-1.043720511504441362e+02,6.914984639305338909e+00
5.984999999999894627e+00,-1.507088570109113901e+00,1.287619700663687194e-01,-1.589604512265000267e+02,7.760824201539076483e+00
5.989999999999894520e+00,-1.509288850879048738e+00,-8.428774622976202835e-01,-2.090426713644145309e+02,8.497025384995186670e+00
5.994999999999894413e+00,-1.514017685778175304e+00,-6.913522787579455819e-01,3.086722464784921272e+02,8.972420056227715435e+00
5.999999999999894307e+00,-1.517967580909623582e+00,-9.538140430716223195e-01,-2.488634564138597227e+02,8.928238648504580155e+00
6.004999999999894200e+00,-1.520514893920027033e+00,-5.120879569450784707e-01,-2.839933903815603458e+02,9.546352863194064398e+00
6.009999999999894094e+00,-1.522645225764435173e+00,-3.788603313945128614e-01,-3.313156919591144742e+02,9.528659928809826596e+00
6.014999999999893987e+00,-1.524039452732804278e+00,-1.822799537133155956e-01,-2.225350681538594131e+02,1.011973467006784588e+01
6.019999999999893880e+00,-1.524787748825304989e+00,-9.722962033213705668e-02,-2.435428483800193931e+02,1.049802655557885878e+01
6.024999999999893774e+00,-1.525379550143583618e+00,-1.201782594416909433e-01,-2.950067502438084261e+02,1.108182376425557081e+01
6.029999999999893667e+00,-1.526231516145779565e+00,-1.634967961262382974e-01,-3.626826295305627923e+02,1.189506791531979601e+01
6.034999999999893561e+00,-1.526599429109037009e+00,-2.763964169406625815e-01,-3.466168453599556756e+02,1.257808162714935385e+01
6.039999999999893454e+00,-1.526679864392953112e+00,-4.041889990517318343e-01,-3.971693691665594770e+02,1.283307424463261981e+01
6.044999999999893348e+00,-1.526370532557052906e+00,2.700999151125798581e-01,3.742939797431603210e+02,1.294005251852705030e+01
6.049999999999893241e+00,-1.526572916748891284e+00,2.556465886567895751e-01,4.927646040873120796e+02,1.281895412875213580e+01
6.054999999999893134e+00,-1.527272072512067869e+00,1.932317729179769683e-01,7.227009300581642037e+02,1.272834636655724516e+01
6.059999999999893028e+00,-1.527854097744645090e+00,5.081900013512401920e-02,6.046630370684048330e+02,1.291570288264716915e+01
6.064999999999892921e+00,-1.528651117885217570e+00,1.930867954054510394e-02,5.626786793113083149e+02,1.266465407211712169e+01
6.069999999999892815e+00,-1.529011853300823454e+00,-1.232938389174100396e-01,-5.067195947307637311e+02,1.240718028235546022e+01
6.074999999999892708e+00,-1.529625231194180035e+00,-9.014967679347925256e-02,-3.277221396372890467e+02,1.220555701498540557e+01
6.079999999999892601e+00,-1.530510103351572226e+00,-1.715164818836457106e-01,-1.751185218888059580e+02,1.249568965405503285e+01
6.084999999999892495e+00,-1.531684072634774019e+00,-2.171145834502758165e-01,-4.429571273030725287e+00,1.232136788083008661e+01
6.089999999999892388e+00,-1.532389953042299968e+00,-7.127997068970502725e-02,-4.742226950537508401e+02,1.226104843747819118e+01
6.094999999999892282e+00,-1.533443678975802360e+00,1.262503183377433336e-01,8.155570911997502890e+02,1.228292738224193847e+01
6.099999999999892175e+00,-1.535762058374545269e+00,-8.204286447459565590e-01,-4.101646872798320942e+02,1.229768092889155895e+01
6.104999999999892069e+00,-1.536968620474360003e+00,-6.999036691128551757e-01,-5.261874068181839448e+02,1.267610547577791280e+01
6.109999999999891962e+00,-1.537962208723605340e+00,-3.114158824925362667e-01,-4.643328041172893563e+02,1.191907342578317319e+01
6.114999999999891855e+00,-1.539889867288402048e+00,3.739361531207632816e-02,9.045608021727607593e+02,1.225215163170118693e+01
6.119999999999891749e+00,-1.542567343560866222e+00,-9.284138053803379087e-01,-4.939034682792266153e+02,1.179795524504171489e+01
6.124999999999891642e+00,-1.544354865881924166e+00,-5.006628314197291152e-01,-4.469425157387329932e+02,1.169026180739062148e+01
6.129999999999891536e+00,-1.546421133183291996e+00,-3.388165818517896999e-01,-1.546626547337217232e+02,1.153658598085462650e+01
6.134999999999891429e+00,-1.548383013183453727e+00,6.494861708914778653e-02,9.478435512925345847e+02,1.190801627250533379e+01
6.139999999999891322e+00,-1.550483365449149220e+00,-3.833127759952383862e-01,4.272319163380688423e+01,1.146985751187629532e+01
6.144999999999891216e+00,-1.552150087943222845e+00,-5.847395541005725450e-01,-3.104083993437678828e+02,1.145269491387014149e+01
6.149999999999891109e+00,-1.553086810115773542e+00,-5.305798837049754413e-01,-3.850795944168998517e+02,1.161026891761265922e+01
6.154999999999891003e+00,-1.553117101460132821e+00,-3.492965608553401102e-01,-4.064753784344814562e+02,1.115100184176856324e+01
6.159999999999890896e+00,-1.552786417119212947e+00,-4.055341180214973307e-02,-5.156993644486897210e+02,1.076038609329808438e+01
6.164999999999890790e+00,-1.550427285934322885e+00,3.625494916752555752e-01,-4.604621858594283026e+02,1.019460666261394799e+01
6.169999999999890683e+00,-1.547618522365453719e+00,7.282278721664252608e-01,-4.230584826879682510e+02,9.344352884455082275e+00
6.174999999999890576e+00,-1.543888124806543027e+00,7.859712281475295104e-01,-2.492062023980482479e+02,7.417979312387205759e+00
6.179999999999890470e+00,-1.539627280892319705e+00,9.046809466534483368e-01,-2.895971499563917746e+02,5.644017378714555555e+00
6.184999999999890363e+00,-1.534019642774019365e+00,1.324798949063953568e+00,3.195261439724154116e+02,3.167688060949817697e+00
6.189999999999890257e+00,-1.527729029541773365e+00,1.185254422941815378e+00,-2.207321700433759020e+02,3.318466738700786678e+00
6.194999999999890150e+00,-1.520545898797464046e+00,1.552932673216711690e+00,1.884975959562387402e+02,1.971162916619325411e+00
6.199999999999890044e+00,-1.513015006589293776e+00,1.522165987356868699e+00,-1.740752036378769319e+01,-3.884419085246285652e-01
6.204999999999889937e+00,-1.507311566633337652e+00,1.019221062327553717e+00,5.066273676504259242e+02,-1.792905300729244367e+00
6.209999999999889830e+00,-1.502009108774520874e+00,9.097397896648110605e-01,-1.183893488504546667e+02,-2.998593434290325543e+00
6.214999999999889724e+00,-1.499239018238438081e+00,4.713891854294368078e-01,-1.260847357728110296e+00,-3.127773231638114382e+00
6.219999999999889617e+00,-1.497839546896358121e+00,1.209981497839258957e-01,-1.029579121481000925e+02,-3.216188381039751132e+00
6.224999999999889511e+00,-1.498340022100123514e+00,-1.638679227582024167e-01,-7.613816655716654225e+01,-3.059123192239868949e+00
6.229999999999889404e+00,-1.500006526679589891e+00,-4.224994268352664784e-01,4.372406860845386234e+01,-2.854068943289395310e+00
6.234999999999889297e+00,-1.502629474183765357e+00,-5.954592075753064595e-01,-1.778291664047119269e+01,-2.677774302368149950e+00
6.239999999999889191e+00,-1.505932546382282133e+00,-6.642667103404162887e-01,7.434784789487662415e+00,-2.396510728850422822e+00
6.244999999999889084e+00,-1.509334795464906342e+00,-6.473009876947415364e-01,5.594585642242942214e+01,-2.150007394938000083e+00
6.249999999999888978e+00,-1.512316816342235137e+00,-5.523274533621207460e-01,3.821508025868235592e+01,-1.891325875706874937e+00
6.254999999999888871e+00,-1.514612631999476600e+00,-3.370824078633904430e-01,6.902516049793860020e+01,-1.644625854750489502e+00
6.259999999999888765e+00,-1.515659646544558425e+00,-2.369302904145869915e-01,-1.197510539337343971e+02,-1.440345315271686744e+00
6.264999999999888658e+00,-1.515043341374902930e+00,2.708793031411197982e-01,8.817348163686145313e+01,-1.276016699935118126e+00
6.269999999999888551e+00,-1.512873690126263382e+00,5.552690970129691150e-01,2.087746741775508781e+02,-9.653374576082591751e-01
6.274999999999888445e+00,-1.508586629827551429e+00,1.000463921258673894e+00,8.152554655400093964e+01,-8.709907278164916722e-01
6.279999999999888338e+00,-1.502831589896883813e+00,1.231843065554486305e+00,1.946807081050174588e+02,-7.207207564509360287e-01
6.284999999999888232e+00,-1.495132666457039239e+00,1.657394049152701720e+00,2.202649016130449056e+01,-4.929576521796663613e-01
6.289999999999888125e+00,-1.485761025466685537e+00,1.995407590338518888e+00,6.320294975276338079e+01,6.919796894179019997e-02
6.294999999999888018e+00,-1.475208787700190927e+00,2.200111937265407658e+00,5.209566920008456492e+01,6.112647835524498419e-02
6.299999999999887912e+00,-1.463863605356989117e+00,2.311041689435034741e+00,2.951012930228566944e+01,5.939015490670436215e-01
6.304999999999887805e+00,-1.452023175196891502e+00,2.381351918998185990e+00,1.624831074191288849e+01,1.657939340329230404e+00
6.309999999999887699e+00,-1.440261920650896199e+00,2.299288971625954581e+00,-2.964686861451558997e+01,3.608031836834342698e+00
6.314999999999887592e+00,-1.429693778941004467e+00,1.954381900600960176e+00,-9.207491985972023940e+01,5.648708595234190000e+00
6.319999999999887486e+00,-1.422346287541933263e+00,1.126714674886043044e+00,-1.750879401030148870e+02,6.566329463455369719e+00
6.324999999999887379e+00,-1.419747608389574367e+00,1.037474780677296315e-01,-2.043686025166747982e+02,7.505781199709399942e+00
6.329999999999887272e+00,-1.422969220578691463e+00,-1.140910437952888046e+00,-2.473547552401993528e+02,7.652710786667686449e+00
6.334999999999887166e+00,-1.429509711524406645e+00,-1.411975654235471778e+00,-2.188524363655424452e+02,8.341913654741166084e+00
6.339999999999887059e+00,-1.435702048842395939e+00,-1.153563957122393679e+00,-1.107366656881703051e+02,8.210827430696506113e+00
6.344999999999886953e+00,-1.441206328091335420e+00,-8.165769921310377377e-01,5.154073892990096510e+02,8.401890673078600713e+00
6.349999999999886846e+00,-1.446454576698767758e+00,-1.195619958239078073e+00,-2.283275718413112827e+02,8.186461392292972761e+00
6.354999999999886739e+00,-1.451105380249556376e+00,-9.060418504267777617e-01,-1.153257770761808274e+02,8.544959908058055831e+00
6.359999999999886633e+00,-1.455764554700453850e+00,-6.993194244503890822e-01,4.710530899868714414e+02,8.632263618967110475e+00
6.364999999999886526e+00,-1.460707963748878901e+00,-1.210637230479090665e+00,-2.825196517872821005e+02,8.841641735536992286e+00
6.369999999999886420e+00,-1.464670922031623856e+00,-1.070173262308052209e+00,-3.021414652635442621e+02,9.399609352820471386e+00
6.374999999999886313e+00,-1.468402226698134916e+00,-8.158501323026344787e-01,-1.621835381215676932e+02,9.820574876709208922e+00
6.379999999999886207e+00,-1.471718581155309291e+00,-6.998133357049224346e-01,-1.391714476978675918e+02,9.929503048727259085e+00
6.384999999999886100e+00,-1.474401601529913508e+00,-6.207511841762632931e-01,-1.582944703504037989e+02,1.015420446134815791e+01
6.389999999999885993e+00,-1.476979571546889192e+00,-6.057251459875327981e-01,-1.059822961990847006e+02,1.043749483975734549e+01
6.394999999999885887e+00,-1.479484638066755897e+00,-6.149762754400492915e-01,-1.202418929075458891e+02,1.105912614039890585e+01
6.399999999999885780e+00,-1.481962400023333126e+00,-5.756312391057140099e-01,-5.218219510231295288e+01,1.177979976075434543e+01
6.404999999999885674e+00,-1.484277544268129079e+00,-5.822082865656162953e-01,-1.215899906800279382e+02,1.213120991779471503e+01
6.409999999999885567e+00,-1.486019003802941940e+00,-3.570629290174288650e-01,1.838865104239940536e+02,1.242374411787461952e+01
6.414999999999885461e+00,-1.487874738737807068e+00,5.537833243101081965e-02,6.082252653931701616e+02,1.249694207627831055e+01
6.419999999999885354e+00,-1.490177375917320690e+00,-2.255629812818191748e-01,4.004977407055317826e+02,1.243002215161608781e+01
6.424999999999885247e+00,-1.492048030830818606e+00,-3.308923846971862370e-01,3.860423575472434550e+02,1.263455734610888648e+01
6.429999999999885141e+00,-1.493629209847512351e+00,-3.709470610693580972e-01,-4.956420103851805834e+02,1.226341672422445583e+01
6.434999999999885034e+00,-1.495732386060564689e+00,-4.435661872484132906e-01,-4.237761744822125820e+02,1.235494619188099286e+01
6.439999999999884928e+00,-1.498032778395812503e+00,-4.787000081947981878e-01,-3.923699329676621801e+02,1.240205014197196220e+01
6.444999999999884821e+00,-1.500022772054940390e+00,-5.318911851333467666e-01,-2.837329455360139718e+02,1.246795596006020546e+01
6.449999999999884714e+00,-1.502014278049911944e+00,-5.150923631431417737e-01,-2.275406581830425523e+02,1.245399486226649266e+01
6.454999999999884608e+00,-1.504033356798947230e+00,-5.715250244668718116e-01,-3.033188464687971191e+02,1.252823320399747331e+01
6.459999999999884501e+00,-1.506040032085518732e+00,-5.848749634922359997e-01,-3.804755953348230264e+02,1.237332303726402039e+01
6.464999999999884395e+00,-1.507981389532614847e+00,-5.363728623766474968e-01,-3.182129450846177861e+02,1.235431618662493314e+01
6.469999999999884288e+00,-1.509871005625038842e+00,-5.283286043604491500e-01,-3.187060260670839966e+02,1.248685264487584234e+01
6.474999999999884182e+00,-1.512147177631017803e+00,-4.907717797064777288e-01,-3.575356736468656322e+02,1.226187624794382813e+01
6.479999999999884075e+00,-1.514514480217434622e+00,-4.273566102938471389e-01,-1.987776447169414098e+02,1.222814524153777782e+01
6.484999999999883968e+00,-1.517268066096077117e+00,-3.031253558580955243e-01,5.973067929640744751e+02,1.272550369037252516e+01
6.489999999999883862e+00,-1.519450588518666878e+00,-2.239706802558344978e-01,5.408037375547570491e+02,1.238477339165967628e+01
6.494999999999883755e+00,-1.521672321788064108e+00,1.044782802657314852e-01,7.342422016868280252e+02,1.209325124324032430e+01
6.499999999999883649e+00,-1.524539681496412058e+00,-8.304215554945227895e-01,-2.589547067838797716e+02,1.199142331667185246e+01
6.504999999999883542e+00,-1.527259097622468476e+00,-7.847056673663933557e-01,-2.640502882079803157e+02,1.206692612163508649e+01
6.509999999999883435e+00,-1.530060624853155860e+00,-6.525637526858046877e-01,-4.145750784092746244e+02,1.201152573800027312e+01
6.514999999999883329e+00,-1.532181501284533010e+00,-4.975680687940980951e-01,-2.653955133582249459e+02,1.153253965216896226e+01
6.519999999999883222e+00,-1.535088982484294151e+00,-2.361388754530297784e-01,7.637675645977851673e+02,1.196365121595025904e+01
6.524999999999883116e+00,-1.537038908800364201e+00,-1.648731809808574034e-01,5.243034121134674024e+02,1.112664748358521116e+01
6.529999999999883009e+00,-1.539462958009321314e+00,-4.805451954634729628e-01,2.627932522519600766e+01,1.125964522279176805e+01
6.534999999999882903e+00,-1.541077231273187964e+00,-7.564361899222121766e-02,3.234298845074139308e+02,1.159912718038306600e+01
6.539999999999882796e+00,-1.542659896901328320e+00,-6.985642489974619451e-01,-4.417709649139827093e+02,1.068206459784303064e+01
6.544999999999882689e+00,-1.542504835841423283e+00,-2.853069043747704092e-01,-3.898579684600400128e+02,1.115792663116044459e+01
6.549999999999882583e+00,-1.541781199556385040e+00,6.929312346372236420e-02,-3.306344971362864271e+02,1.067081087005552931e+01
6.554999999999882476e+00,-1.539516426182819808e+00,3.089499108057715548e-01,-4.274430008382004758e+02,9.541579891025014248e+00
6.559999999999882370e+00,-1.537046943258987719e+00,6.431533111491878341e-01,-3.505756895512400320e+02,9.364412658385635524e+00
6.564999999999882263e+00,-1.534013357437156166e+00,9.625009135617738076e-01,7.548505224136856668e+02,9.406564990792148251e+00
6.569999999999882156e+00,-1.529373118976581791e+00,1.206592744745835333e+00,6.148991928474840734e+02,7.812485854577068345e+00
6.574999999999882050e+00,-1.524509331498451692e+00,1.380911866624271456e+00,5.171442332401317117e+02,6.467585269827841543e+00
6.579999999999881943e+00,-1.518529130013374306e+00,1.575526539491256095e+00,4.855697078839878031e+02,6.074444160053612762e+00
6.584999999999881837e+00,-1.511689391456005449e+00,1.491605781483033022e+00,1.772283948157664213e+02,5.102263209276714839e+00
6.589999999999881730e+00,-1.503897910777297398e+00,1.521476641948164010e+00,-2.889263860956299936e+02,4.610672191819211285e+00
6.594999999999881624e+00,-1.494995157049451961e+00,1.993643622616692035e+00,3.806278785404501832e+02,3.604732265911535283e+00
6.599999999999881517e+00,-1.485595140861684316e+00,1.792202396479501747e+00,-2.444185140278389383e+02,2.594666492404556379e+00
6.604999999999881410e+00,-1.475548610978406616e+00,2.016161647549699065e+00,1.321649434052816297e+01,1.179863503042803075e+00
6.609999999999881304e+00,-1.465578298001041668e+00,1.993549152478161890e+00,6.038553088180369954e+00,-3.279239539266690651e-01
6.614999999999881197e+00,-1.456459076343665116e+00,1.710303655956323610e+00,-4.217386619732121034e+01,-1.569654678250613333e+00
6.619999999999881091e+00,-1.450833446186533537e+00,9.734057667527484803e-01,7.732499239139540350e+02,-1.781118282436303879e+00
6.624999999999880984e+00,-1.445422679077063455e+00,9.199107900949508032e-01,-8.233793709813828343e+01,-2.476491406704925513e+00
6.629999999999880878e+00,-1.442582516847198404e+00,3.757602005796518985e-02,-5.166563684309504652e+02,-2.308157697365782468e+00
6.634999999999880771e+00,-1.440901957443502690e+00,2.638691307372760808e-01,-4.202613934858880640e+01,-2.158254875326602651e+00
6.639999999999880664e+00,-1.440166095324995954e+00,8.362830196705746399e-02,-8.967085792847850456e+00,-1.725986735250668813e+00
6.644999999999880558e+00,-1.439990343901221825e+00,1.192777404417591502e-01,3.084803265611561329e+01,-1.459317114982696673e+00
6.649999999999880451e+00,-1.439018422081560500e+00,2.411571692020776092e-01,3.050618731312798815e+01,-1.124420868075504121e+00
6.654999999999880345e+00,-1.436895438621217602e+00,5.325110210785704012e-01,5.666562053007498889e+01,-6.924377036902487070e-01
6.659999999999880238e+00,-1.433114471406482515e+00,8.867933074773427515e-01,7.320029224740930829e+01,-4.330190636606034427e-01
6.664999999999880131e+00,-1.427470218448067651e+00,1.265924355518465827e+00,5.878051030701301727e+01,-1.433158194857463430e-01
6.669999999999880025e+00,-1.419825192716309692e+00,1.675668471977523666e+00,8.123321757613479122e+01,4.170373500454909177e-01
6.674999999999879918e+00,-1.410250007314011844e+00,2.040093652839615412e+00,6.164768116764901151e+01,9.597249106529834872e-01
6.679999999999879812e+00,-1.399001278290436634e+00,2.351545730809757373e+00,4.195143810388228900e+01,1.697484159105604462e+00
6.684999999999879705e+00,-1.386480320219040552e+00,2.563721278283397353e+00,3.734777619388362524e+01,3.074395732580764040e+00
6.689999999999879599e+00,-1.373659576233524193e+00,2.523141677834491059e+00,-2.313813768550527783e+01,4.325880361465579860e+00
6.694999999999879492e+00,-1.361843193568513133e+00,2.221746731459656399e+00,-7.264624112666325573e+01,5.342681109627719138e+00
6.699999999999879385e+00,-1.352696041391218129e+00,1.545890814699368621e+00,-1.451738414910973063e+02,5.844692345703910163e+00
6.704999999999879279e+00,-1.347536548160788827e+00,6.706770632297963664e-01,-1.813826560729214066e+02,6.513843567725750461e+00
6.709999999999879172e+00,-1.347327462009668464e+00,-3.886446903951791820e-01,-2.213325383038323935e+02,6.756199932366503624e+00
6.714999999999879066e+00,-1.350077204849273738e+00,-6.634316702688644041e-01,-2.180192052936658342e+02,7.086942054428105209e+00
6.719999999999878959e+00,-1.351507107281299636e+00,-3.087402501985512804e-01,-1.089003281735747208e+02,6.878952743483266019e+00
6.724999999999878852e+00,-1.353094670675179634e+00,4.965214753665236902e-02,6.228929810222167589e+02,7.210876014464381534e+00
6.729999999999878746e+00,-1.354439612482709832e+00,-4.789011755904928891e-01,-2.800875415610773871e+02,6.885695211114207126e+00
6.734999999999878639e+00,-1.355003027767899271e+00,-1.549160739731654246e-01,-2.719879374888217853e+02,7.075694701744374093e+00
6.739999999999878533e+00,-1.356228970742253903e+00,-7.616039389427648777e-03,5.466017250942027204e+02,7.164144988987036555e+00
6.744999999999878426e+00,-1.358087600197132927e+00,-1.622433000959916938e-01,3.918424703258468753e+02,7.262820533601918704e+00
6.749999999999878320e+00,-1.359316519269949897e+00,-2.855133590809364463e-01,-3.570678712772189556e+02,7.227049587425989685e+00
6.754999999999878213e+00,-1.360125424880070266e+00,-2.823773332001856540e-01,-2.278457819505354678e+02,7.511127860133786527e+00
6.759999999999878106e+00,-1.360980486558611924e+00,-3.070630965069180984e-01,-2.327113760240725071e+02,7.424172525218717844e+00
6.764999999999878000e+00,-1.361913056106066611e+00,-3.529225911117211401e-01,-1.992209509318503535e+02,7.666227341652068539e+00
6.769999999999877893e+00,-1.362915687095902939e+00,-3.621256580907612488e-01,-4.023894939903710366e+01,8.077586278817516785e+00
6.774999999999877787e+00,-1.364409139243577984e+00,-4.682781214016894511e-01,-1.844817426303696948e+02,8.549224459754489303e+00
6.779999999999877680e+00,-1.366030260655495931e+00,-5.521049158694539827e-01,-1.523051287777827554e+02,9.091427505801249254e+00
6.784999999999877573e+00,-1.368087990476819504e+00,-6.077739082603026421e-01,-2.775448681211492499e+02,9.358817420892876271e+00
6.789999999999877467e+00,-1.370374577368661972e+00,-6.628932990434179828e-01,-3.065374372535302427e+02,9.517326669492238267e+00
6.794999999999877360e+00,-1.372834686332391474e+00,-6.709663120239650613e-01,-3.424896298520654909e+02,9.582255154381282836e+00
6.799999999999877254e+00,-1.375501141977274688e+00,-7.571442369270411366e-01,-3.299882370779313305e+02,9.622160443727175050e+00
6.804999999999877147e+00,-1.378106608561276980e+00,-6.806624010935622415e-01,-2.896182383161014400e+02,9.625429435581994042e+00
6.809999999999877041e+00,-1.381654157570228136e+00,-5.905253750245952338e-01,2.044629889104429594e+02,9.792787056490986686e+00
6.814999999999876934e+00,-1.384821676024609705e+00,-4.400331495352554634e-01,5.322169035188179578e+02,9.755172934485248248e+00
6.819999999999876827e+00,-1.389067396445044622e+00,-1.045970814394932891e+00,-1.832275863323143597e+02,9.610555188441276542e+00
6.824999999999876721e+00,-1.393276855872096043e+00,-9.553560790250725798e-01,-3.086444260141727796e+02,9.720059733996711415e+00
6.829999999999876614e+00,-1.397440235126501618e+00,-9.131647851438405850e-01,-4.162281904569962308e+02,9.484701920777558470e+00
6.834999999999876508e+00,-1.402072513078650218e+00,-7.782973432944161329e-01,3.032126659682286345e+02,9.836020470813741312e+00
6.839999999999876401e+00,-1.406951241641161587e+00,-9.856511186578091888e-01,3.005451091768988903e+01,9.510667623301811702e+00
6.844999999999876295e+00,-1.411441148450849337e+00,-1.127800940552783571e+00,-2.752606401437119530e+02,9.326183792353454294e+00
6.849999999999876188e+00,-1.415716414302386150e+00,-9.812537077865517432e-01,-3.345583044205655483e+02,9.269334210799682339e+00
6.854999999999876081e+00,-1.420096968486339373e+00,-9.448895153147898185e-01,-5.272414815340968062e+02,8.724562249864975527e+00
6.859999999999875975e+00,-1.424424135346439968e+00,-8.517928576389626194e-01,-4.710251940290982589e+02,8.361833374699433108e+00
6.864999999999875868e+00,-1.428508151936162207e+00,-8.416935874199040768e-01,-4.831204317578212795e+02,8.262039474465852962e+00
6.869999999999875762e+00,-1.432144347655299299e+00,-7.153278170011767578e-01,-4.617406927113843835e+02,7.841432108575410176e+00
6.874999999999875655e+00,-1.434924564476660169e+00,-4.778790994702822870e-01,-3.583576207293153857e+02,7.362776786416378449e+00
6.879999999999875548e+00,-1.436358100191712728e+00,-2.080422022694516371e-01,-3.375497583688308509e+02,7.415764715707505061e+00
6.884999999999875442e+00,-1.436950368606345618e+00,-8.870180014121037404e-02,-3.745546979046474689e+02,6.046117720607433910e+00
6.889999999999875335e+00,-1.436949571529775538e+00,4.556094763163217459e-02,-2.424489833611786480e+02,5.166143903383283664e+00
6.894999999999875229e+00,-1.434846246448138185e+00,6.693355615455570673e-01,3.750341727356584443e+02,4.160189669359620979e+00
6.899999999999875122e+00,-1.432891069661749395e+00,5.566424935216092162e-01,2.648809496580152540e+02,2.986717498876388710e+00
6.904999999999875016e+00,-1.429483867767754823e+00,7.515387887399819222e-01,5.879170865150963721e+01,1.860362484078237122e+00
6.909999999999874909e+00,-1.424712466238653663e+00,1.248138738582555085e+00,3.985872934563587933e+02,3.584162434075743420e+00
6.914999999999874802e+00,-1.419102978116408176e+00,1.098730315258269918e+00,-2.444319471315725707e+02,3.017773317843897907e+00
6.919999999999874696e+00,-1.412748642005326127e+00,1.401850276457781153e+00,2.381334002211953020e+02,2.108089956014631561e+00
6.924999999999874589e+00,-1.406036030619457255e+00,1.382089374742192733e+00,2.262326302090386676e+01,8.630995563391979930e-01
6.929999999999874483e+00,-1.399341069779215463e+00,1.327399093308780031e+00,-1.888861569442272170e+01,-4.964954314796774515e-01
6.934999999999874376e+00,-1.393621280074057056e+00,1.016651379277166534e+00,-6.212124990597377661e+01,-1.631920601015446115e+00
6.939999999999874269e+00,-1.391271274240431621e+00,6.705967469277914761e-01,2.707952045145297637e-01,-2.437524382060007877e+00
6.944999999999874163e+00,-1.389313031817038802e+00,1.811532449434728187e-01,-1.020750604950311100e+02,-2.460151304506545955e+00
6.949999999999874056e+00,-1.390258275321663461e+00,-2.063126877939188419e-01,4.999935133959463940e+01,-2.253733757235558244e+00
6.954999999999873950e+00,-1.392026898202247009e+00,-4.687277189422762169e-01,-3.194544048381406398e+01,-2.114811178182500306e+00
6.959999999999873843e+00,-1.395447777305768078e+00,-6.899803211676034387e-01,4.208870170209095107e+01,-1.782873965457857146e+00
6.964999999999873737e+00,-1.399091147365452370e+00,-7.466522468711509486e-01,7.292646056801319610e+00,-1.475585484867229624e+00
6.969999999999873630e+00,-1.402967937568607049e+00,-7.476721053828663255e-01,1.580495153056733670e+02,-1.177282721494348650e+00
6.974999999999873523e+00,-1.405757901300793256e+00,-4.642264403781249382e-01,6.434129099056960399e+01,-7.532655479190428771e-01
6.979999999999873417e+00,-1.407093298577983376e+00,-1.342890094271651513e-01,7.116292368858407258e+01,-2.498530683012646914e-01
6.984999999999873310e+00,-1.406352848854144577e+00,3.127570714340259794e-01,9.158823570997748220e+01,5.025693477023130962e-01
6.989999999999873204e+00,-1.403334052011474320e+00,7.673390949127192329e-01,8.171196263897152789e+01,1.237632466089412908e+00
6.994999999999873097e+00,-1.397923386911265942e+00,1.249830419636857926e+00,8.936311947297618019e+01,2.533404801693935671e+00
6.999999999999872990e+00,-1.390658678295661810e+00,1.552104616508357404e+00,4.392173072908877174e+01,4.019917564508505237e+00
7.004999999999872884e+00,-1.382751152163489650e+00,1.563096226764849606e+00,-9.213006633851954064e+00,5.338073698339226070e+00
7.009999999999872777e+00,-1.376193524673012147e+00,1.121867122384470061e+00,-9.766917622805048893e+01,6.186393646388826717e+00
7.014999999999872671e+00,-1.372797611763038050e+00,3.616025102727355445e-01,-1.666472958038783929e+02,6.661654345938817556e+00
7.019999999999872564e+00,-1.374062197099333860e+00,-6.857415086855245256e-01,-2.209623628241528195e+02,7.652320811457232530e+00
7.024999999999872458e+00,-1.376820646813571747e+00,-1.351674490119079142e-01,6.956438580800047475e+02,7.834035368634228114e+00
7.029999999999872351e+00,-1.378911496960966376e+00,-6.023627699298321758e-01,-2.640450226814132861e+02,7.646955036278213491e+00
7.034999999999872244e+00,-1.379709550389179862e+00,-1.960560408124513709e-01,-3.202213982696277412e+02,7.706130913459233511e+00
7.039999999999872138e+00,-1.381025871176928321e+00,2.057827630906191099e-02,6.302896970966015715e+02,8.093074675298719711e+00
7.044999999999872031e+00,-1.381664533400999817e+00,7.721429302672148942e-02,5.125469825363027212e+02,7.957890658407809070e+00
7.049999999999871925e+00,-1.382462528687373293e+00,-2.517932373802020396e-02,1.641998826275934391e+02,8.032937543873204689e+00
7.054999999999871818e+00,-1.383131871423473935e+00,2.776650392399534345e-02,4.589030696561305831e+02,8.279595128280673677e+00
7.059999999999871712e+00,-1.383143922721647101e+00,-5.280372991365359786e-02,-3.819280443805510004e+02,7.992992047868970218e+00
7.064999999999871605e+00,-1.383833174189690318e+00,-1.813893507641656244e-01,-3.576961726593783055e+02,8.616670869754154083e+00
7.069999999999871498e+00,-1.384659092303487604e+00,-2.513241888424635473e-01,-3.752769911324089662e+02,9.154170254374513149e+00
7.074999999999871392e+00,-1.385697106870589668e+00,-2.476279270709357827e-01,-2.999473045465320524e+02,9.641022476790093165e+00
7.079999999999871285e+00,-1.386772968986476284e+00,-2.615936304694372327e-01,-3.813378032551824504e+02,9.968920331601577089e+00
7.084999999999871179e+00,-1.387967473976154498e+00,-2.849578264898005031e-01,-4.661263953989445099e+02,9.906861433214510626e+00
7.089999999999871072e+00,-1.389314299840531453e+00,-2.577811055339341850e-01,-4.085445054754605394e+02,1.000407397361014539e+01
7.094999999999870965e+00,-1.391464723927202218e+00,-3.056728420831146820e-01,3.288309458097820084e+02,1.053479561616247651e+01
7.099999999999870859e+00,-1.393443772054814733e+00,-2.102002071317179421e-01,5.041411539643768833e+02,1.041350018423356971e+01
7.104999999999870752e+00,-1.395920962800644594e+00,-7.561150425087212468e-02,6.102924982549224069e+02,1.017349961754212373e+01
7.109999999999870646e+00,-1.399084284380636145e+00,-1.008756999563921175e+00,-3.934800680971244446e+02,1.027701016329478279e+01
7.114999999999870539e+00,-1.402292148708246478e+00,-9.237826210760562429e-01,-2.496481958347104921e+02,1.022383958404944515e+01
7.119999999999870433e+00,-1.405622222085927575e+00,-9.930871733880372032e-01,-3.358079093222472125e+02,9.988148579151035378e+00
7.124999999999870326e+00,-1.409287478289756868e+00,-8.439190996364218655e-01,-3.550625813026110222e+02,9.459599393343841811e+00
7.129999999999870219e+00,-1.414180571799061870e+00,-6.360938378170644114e-01,7.795302112139596602e+02,9.686691667221850821e+00
7.134999999999870113e+00,-1.419836522465065531e+00,-1.487128677573786417e+00,-4.285972639859426181e+02,8.857915896754168017e+00
7.139999999999870006e+00,-1.425182921985442608e+00,-1.241353909554184787e+00,-4.560326636487864675e+02,8.925491425127574985e+00
7.144999999999869900e+00,-1.429587014390532040e+00,-9.874201606048047530e-01,-3.340491206547355887e+02,8.129663090541603410e+00
7.149999999999869793e+00,-1.434875219053922235e+00,-7.870108762326373242e-01,5.688478690150545845e+02,8.190539043234139172e+00
7.154999999999869686e+00,-1.440116011143138364e+00,-8.929884246807352488e-01,2.153672082595157065e+02,7.978231452945119706e+00
7.159999999999869580e+00,-1.444683791578494025e+00,-9.354479878877566268e-01,-3.774962573895512463e+01,7.489819292280660790e+00
7.164999999999869473e+00,-1.447824773972697932e+00,-6.898023282835621384e-01,-8.013092411849342511e+01,6.812256243958420221e+00
7.169999999999869367e+00,-1.449938815371846212e+00,-1.304470830769541012e-01,3.777640908995560380e+02,5.039471839066097303e+00
7.174999999999869260e+00,-1.450388745821435732e+00,-1.112282648821314168e-01,-2.075337032858643909e+02,3.291480235348833716e+00
7.179999999999869154e+00,-1.449895894039621158e+00,3.275231101486356100e-01,1.717127869589686497e+02,1.343431391062262614e+00
7.184999999999869047e+00,-1.449495011396780830e+00,9.660251846702560402e-03,2.013684069375578645e+00,-9.026124883504067498e-01
7.189999999999868940e+00,-1.447365062558177318e+00,5.777257477079110748e-01,5.054014568812257835e+01,4.844036639549955670e-01
7.194999999999868834e+00,-1.444756205575251196e+00,4.980975279284990953e-01,3.844741126307232193e+00,-1.036170752868119216e+00
7.199999999999868727e+00,-1.444158517304513278e+00,2.367324500415709798e-01,1.802663944287852615e+01,-2.109361614274242847e+00
7.204999999999868621e+00,-1.443910350411562238e+00,-7.678254728183936395e-02,-5.118834785472050442e+01,-2.681175921189113520e+00
7.209999999999868514e+00,-1.445767478158088926e+00,-3.703323114431413821e-01,-2.297389098044462941e+01,-2.801851250378387004e+00
7.214999999999868407e+00,-1.448632828168504805e+00,-6.734683878884568653e-01,7.169330687272761793e+01,-2.628859925796209307e+00
7.219999999999868301e+00,-1.452434848907370402e+00,-8.293832197360676561e-01,-2.535177838229360248e+01,-2.593865691694785092e+00
7.224999999999868194e+00,-1.457278796247881036e+00,-1.004077105137535897e+00,-2.198021017148211520e+00,-2.399811525785702671e+00
7.229999999999868088e+00,-1.462813012915277211e+00,-1.150674579971220579e+00,2.316876403889757441e+01,-2.146210056283821999e+00
7.234999999999867981e+00,-1.468646674340310820e+00,-1.174580894682127230e+00,6.303507448850780293e+00,-1.910839930229987438e+00
7.239999999999867875e+00,-1.474596356102521044e+00,-1.160451744351295611e+00,2.908248420021816116e+01,-1.688800510624325568e+00
7.244999999999867768e+00,-1.480291549879268365e+00,-1.106195597551947962e+00,7.175660451955684493e+01,-1.298316272078562150e+00
7.249999999999867661e+00,-1.485164146851144729e+00,-8.934682848803042754e-01,4.910557785873074721e+01,-9.614561884354504429e-01
7.254999999999867555e+00,-1.488772715166998273e+00,-6.031241270938048071e-01,7.487029752329569021e+01,-5.711337666324518558e-01
7.259999999999867448e+00,-1.490617416103689363e+00,-2.286608924851296076e-01,8.340509734114918672e+01,7.999906055180494580e-02
7.264999999999867342e+00,-1.490458687000165039e+00,1.777938903313819596e-01,6.187620144393246591e+01,6.067857791430975034e-01
7.269999999999867235e+00,-1.488232806215808557e+00,5.918713631338213821e-01,6.260217343069776774e+01,1.538617129281901530e+00
7.274999999999867129e+00,-1.483934940232809696e+00,9.942720024551714442e-01,5.564517330405898576e+01,3.395270714090144359e+00
7.279999999999867022e+00,-1.478454243050723482e+00,1.121063287858850677e+00,6.254240202320387354e+00,4.983124296462619007e+00
7.284999999999866915e+00,-1.473413828959368121e+00,8.952443329167441011e-01,-5.874739149841294505e+01,6.370037249925283973e+00
7.289999999999866809e+00,-1.470628616849995352e+00,3.011968426546405286e-01,-1.269548508344310846e+02,7.122055702562978929e+00
7.294999999999866702e+00,-1.471692903520263940e+00,-5.775514737069071813e-01,-1.744294055388036213e+02,7.329575628227886774e+00
7.299999999999866596e+00,-1.474976082049021198e+00,-7.239665330744410321e-01,-1.913067594148213288e+02,7.880029558985924609e+00
7.304999999999866489e+00,-1.477600411191097862e+00,-7.717229302889858089e-02,6.917701372636516908e+02,8.264856770243627082e+00
7.309999999999866382e+00,-1.479399832020643624e+00,-5.301570478679239473e-01,-2.607414587449155761e+02,7.684527724958043926e+00
7.314999999999866276e+00,-1.480213594264068400e+00,-1.244747091285420687e-01,-2.292907066137168783e+02,8.053073693538008726e+00
7.319999999999866169e+00,-1.480647282130093334e+00,2.435298709403709572e-01,6.170244843821982386e+02,8.257856396485523831e+00
7.324999999999866063e+00,-1.481278291325891505e+00,-2.787686749519828200e-01,-1.703049707451694701e+02,8.368546804750790713e+00
7.329999999999865956e+00,-1.481109946906074448e+00,-1.068940994169487041e-01,-1.726706712249857389e+02,9.101886050844541387e+00
7.334999999999865850e+00,-1.480428603882278038e+00,-1.158362179046413948e-01,-2.960115422779268215e+02,9.190037278364480144e+00
7.339999999999865743e+00,-1.479159072566262001e+00,-9.307994293072245282e-03,-2.850624889307837293e+02,9.596344535237367523e+00
7.344999999999865636e+00,-1.477819165244986133e+00,-2.576957517190939240e-02,-2.983538788730087390e+02,9.887676041761068291e+00
7.349999999999865530e+00,-1.476516241831915321e+00,-2.983740444884885185e-02,-2.741122306863588847e+02,1.048509719324939837e+01
7.354999999999865423e+00,-1.475377040254947980e+00,-1.441995616507178446e-01,-3.599956429284218302e+02,1.097941227219905436e+01
7.359999999999865317e+00,-1.474331169884458559e+00,-1.427678923812226164e-01,-3.477190664879402107e+02,1.119983730112617160e+01
7.364999999999865210e+00,-1.473425183150454787e+00,-1.759693154119721104e-01,-3.548576661211027385e+02,1.134442455565907082e+01
7.369999999999865103e+00,-1.472537511814789424e+00,-2.417553119975496823e-01,-4.217798123200462328e+02,1.141047258903369155e+01
7.374999999999864997e+00,-1.471706529049330081e+00,-1.787263145177400148e-01,-3.538194176249507450e+02,1.119311978931704310e+01
7.379999999999864890e+00,-1.470638166721156104e+00,-1.883899994011310475e-01,-4.216356041153954948e+02,1.129022743678983609e+01
7.384999999999864784e+00,-1.470218667793734779e+00,-1.008057209870290710e-01,-4.451643430119019058e+02,1.097840242502875263e+01
7.389999999999864677e+00,-1.469822589402620894e+00,-5.071433933636271263e-02,-3.276915447978093994e+02,1.085925526052971435e+01
7.394999999999864571e+00,-1.469715054943874666e+00,9.566193064763534037e-02,-4.164369272768888663e+02,1.086718681294722444e+01
7.399999999999864464e+00,-1.469866541332159215e+00,3.002468604257008122e-01,7.750533407900776410e+02,1.099013935584329005e+01
7.404999999999864357e+00,-1.471255269050360415e+00,-7.156237720545186587e-01,-5.256340117612942322e+02,1.094041556294671125e+01
7.409999999999864251e+00,-1.472174038077620262e+00,-3.781723240693183885e-01,-4.881953245620264852e+02,1.091013330752422839e+01
7.414999999999864144e+00,-1.472444590728269720e+00,-1.770793657402350563e-01,-4.929606845563084789e+02,1.064776754706722173e+01
7.419999999999864038e+00,-1.473556944637474331e+00,2.213105742951526345e-01,9.350348404526356489e+02,1.068434705764354753e+01
7.424999999999863931e+00,-1.475336437146057778e+00,-7.222341533075063991e-01,-4.560803799607296583e+02,1.020748375339364067e+01
7.429999999999863824e+00,-1.476340998452255082e+00,-2.782705867136199829e-01,-4.230820320581892702e+02,1.049877272108716042e+01
7.434999999999863718e+00,-1.478065484967135301e+00,9.305045263174682724e-02,9.277433511701933639e+02,1.029039828881629148e+01
7.439999999999863611e+00,-1.480710719211291826e+00,-9.733106402878931585e-01,-5.481398544864506448e+02,1.019052587747459171e+01
7.444999999999863505e+00,-1.481641600776106626e+00,-6.263473599592731533e-01,-4.946420611188279395e+02,1.047810436879990448e+01
7.449999999999863398e+00,-1.482565102317797923e+00,-2.841318385635765997e-01,-4.805630198130823487e+02,1.010607099539526743e+01
7.454999999999863292e+00,-1.483374217063047729e+00,-1.726542730347664367e-01,-3.941266686535859662e+02,9.906879341409164041e+00
7.459999999999863185e+00,-1.482962101151166223e+00,4.115029911308256544e-02,-3.470429143997259871e+02,9.607841771147747068e+00
7.464999999999863078e+00,-1.481836230173619429e+00,3.517512062289665509e-01,-3.918409538282650715e+02,8.500197812699617828e+00
7.469999999999862972e+00,-1.479550968228645402e+00,5.833939570705644062e-01,-2.879553053640662483e+02,7.798659226166249958e+00
7.474999999999862865e+00,-1.476027077566835377e+00,7.992231563237242042e-01,-3.359618323212242785e+02,6.431210911076763459e+00
7.479999999999862759e+00,-1.471917960056240871e+00,8.303482062893458027e-01,-3.160126807205501791e+02,4.568021144164183589e+00
7.484999999999862652e+00,-1.467148414391190148e+00,1.215070006139324699e+00,3.022682308995940730e+02,2.959693106706028587e+00
7.489999999999862546e+00,-1.461056279113029488e+00,1.201322718574723281e+00,-3.009677641899810396e+02,3.098353546069173348e+00
7.494999999999862439e+00,-1.453780959040601450e+00,1.607859417445197669e+00,2.692742811911145395e+02,1.619879321912304881e+00
7.499999999999862332e+00,-1.446162488261049983e+00,1.570401704418890487e+00,1.760585499334836257e+01,-3.638629874447464330e-01
7.504999999999862226e+00,-1.439789998988904474e+00,1.094116868952053956e+00,-7.814769144339842910e+01,-2.170800410056647589e+00
7.509999999999862119e+00,-1.436820395998445132e+00,6.347140315377067799e-01,-3.351730520909976718e+01,-3.019933304776617700e+00
7.514999999999862013e+00,-1.435225712640142426e+00,1.297360118049896704e-01,-8.606500795851546570e+01,-3.153900038556643359e+00
7.519999999999861906e+00,-1.436606299858398383e+00,-3.249076593342234420e-01,-5.015087100649301988e+01,-3.099476687696302690e+00
7.524999999999861799e+00,-1.439662593414419600e+00,-7.379616877558499155e-01,7.450748427130942275e+01,-2.754736373459676368e+00
7.529999999999861693e+00,-1.443965892959983677e+00,-9.225906501659237868e-01,-1.250913685832806976e+01,-2.640434419101996166e+00
7.534999999999861586e+00,-1.449424333887268546e+00,-1.101378160714584942e+00,2.470666498945887302e+00,-2.365974324645995885e+00
7.539999999999861480e+00,-1.455213416120813452e+00,-1.238673673505625183e+00,-1.034168131747898798e+02,-2.038412525331913194e+00
7.544999999999861373e+00,-1.460675017181106039e+00,-1.016651949858816684e+00,4.604578825857032598e+01,-1.757164569556306510e+00
7.549999999999861267e+00,-1.465432054211856627e+00,-8.442888421342857885e-01,1.901133759241600387e+02,-1.384142456306233893e+00
7.554999999999861160e+00,-1.468572409243789956e+00,-4.910185606674130065e-01,7.809765332819719674e+01,-1.118243550731332636e+00
7.559999999999861053e+00,-1.469804806964028598e+00,-7.644222777115833312e-02,9.545632755810979120e+01,-7.084110438203938820e-01
7.564999999999860947e+00,-1.469148865029028528e+00,3.973378861639759174e-01,1.103205086982292471e+02,-2.902147660910844307e-01
7.569999999999860840e+00,-1.465584488819071218e+00,8.938943303634355741e-01,1.029308748061626915e+02,2.441243688887228536e-01
7.574999999999860734e+00,-1.459682405595045029e+00,1.324953598147037725e+00,3.857847050739422201e+01,6.578791808328283697e-01
7.579999999999860627e+00,-1.451740215795501943e+00,1.714253969647650200e+00,2.947962412962832701e+01,1.693406003200299992e+00
7.584999999999860520e+00,-1.442091853831313442e+00,2.028997871592278290e+00,4.595425390583822889e+01,3.608001082343897270e+00
7.589999999999860414e+00,-1.431971354380824346e+00,2.009154288360492036e+00,-7.379939025607273884e+00,4.845451041344970733e+00
7.594999999999860307e+00,-1.423136414056591192e+00,1.601192341308467659e+00,-8.158288971905687958e+01,5.970002841995146525e+00
7.599999999999860201e+00,-1.417196497973402414e+00,9.044191647266911493e-01,-1.463211419614326587e+02,6.703480342757754507e+00
7.604999999999860094e+00,-1.415451076660500185e+00,-3.246308116246333225e-02,-1.912699618756428492e+02,7.402681556666514062e+00
7.609999999999859988e+00,-1.419097805650621158e+00,-1.202176945823622889e+00,-2.397661523965693675e+02,7.784592646755944756e+00
7.614999999999859881e+00,-1.422439352807665092e+00,-6.305066047362412052e-01,-2.289909662094334237e+02,8.076138483649158317e+00
7.619999999999859774e+00,-1.426804573759878236e+00,-9.615289163835496478e-01,-1.655818935863625256e+02,8.028937741428883612e+00
7.624999999999859668e+00,-1.430411858743081410e+00,-7.165576541608704719e-01,-5.384963858277196636e+01,8.300944306581287790e+00
7.629999999999859561e+00,-1.434097532212274873e+00,-7.986940204937393872e-01,-1.886748522419103722e+02,8.317688456534050090e+00
7.634999999999859455e+00,-1.437059226200941398e+00,-5.657618552904883913e-01,2.335149372356113417e+00,8.725335952158491892e+00
7.639999999999859348e+00,-1.440094809605616533e+00,-6.015894288562874115e-01,-2.871882560679522953e+02,8.936855916675344957e+00
7.644999999999859241e+00,-1.441999914187924059e+00,-4.534445300657026223e-01,-2.188285183430816971e+02,9.296955570867782015e+00
7.649999999999859135e+00,-1.443643975636884180e+00,-4.211610753908167082e-01,-2.060362011997421803e+02,9.358241334211795603e+00
7.654999999999859028e+00,-1.445237243031818553e+00,-4.952140518411466963e-01,-2.608243009744930987e+02,9.611237381400156821e+00
7.659999999999858922e+00,-1.447041586925463141e+00,-5.287114974158737546e-01,-2.638770097917602584e+02,1.023167443282259192e+01
7.664999999999858815e+00,-1.449010496506317081e+00,-5.401330196974009068e-01,-2.896069871412393013e+02,1.082414912807040075e+01
7.669999999999858709e+00,-1.451027400449032889e+00,-5.505673104844867050e-01,-3.062222012595555611e+02,1.125179994460404131e+01
7.674999999999858602e+00,-1.452858760108725278e+00,-5.076400682453323654e-01,-2.186654641562495556e+02,1.147237084555552400e+01
7.679999999999858495e+00,-1.454691568738140317e+00,-4.868958325273651244e-01,-2.051344001163550388e+02,1.163472201514641391e+01
7.684999999999858389e+00,-1.456349056118549257e+00,-4.950198597927985555e-01,-2.891318236178739198e+02,1.158855358708425420e+01
7.689999999999858282e+00,-1.457915500793070640e+00,-5.343916826458416924e-01,-4.044897110362959438e+02,1.155608713418211231e+01
7.694999999999858176e+00,-1.459525481146755510e+00,-5.322418949867783189e-01,-4.069879238801408974e+02,1.156734590662460249e+01
7.699999999999858069e+00,-1.461612065191473464e+00,-4.614027596724700753e-01,-1.077043087644837271e+02,1.170796055549441839e+01
7.704999999999857963e+00,-1.463658067474221669e+00,-4.576799459138770065e-01,-2.911641773953610368e+02,1.167729107203104277e+01
7.709999999999857856e+00,-1.465627141135464884e+00,-3.978336371774449653e-01,-3.709463257767720847e+02,1.144661538336928253e+01
7.714999999999857749e+00,-1.468415968702608376e+00,-3.577927390753354864e-01,6.057244794276248285e+02,1.178104111238828011e+01
7.719999999999857643e+00,-1.470381664709802028e+00,-3.824490458211559640e-01,-4.671734831233454202e+02,1.110121649543352618e+01
7.724999999999857536e+00,-1.473313735775671152e+00,-3.320401201019029802e-01,6.867259871649856677e+02,1.122400481882113255e+01
7.729999999999857430e+00,-1.475741542897682779e+00,-2.471476920324101878e-01,7.273941061964246728e+02,1.097026085359613035e+01
7.734999999999857323e+00,-1.479799172119986794e+00,-1.162271973001616443e+00,-4.085705094329938447e+02,1.047057864734142285e+01
7.739999999999857216e+00,-1.483502913458494277e+00,-9.905295789128266692e-01,-2.546218002998822953e+02,1.048515748644008205e+01
7.744999999999857110e+00,-1.487401996093620893e+00,-8.677820041488729652e-01,-3.814239095011587324e+02,1.012701033785510063e+01
7.749999999999857003e+00,-1.492045578738641742e+00,-6.266252474500678682e-01,6.875419854306820753e+02,1.003166647816280133e+01
7.754999999999856897e+00,-1.496071051759821025e+00,-5.279819649346898514e-01,6.753681402488375625e+02,9.626868859355139918e+00
7.759999999999856790e+00,-1.500641617351245571e+00,-9.952925476052214560e-01,-7.793619453537854724e+01,9.313759182928439628e+00
7.764999999999856684e+00,-1.504296080297072402e+00,-9.454425803272595852e-01,-2.532502858880747567e+02,8.855043501094673530e+00
7.769999999999856577e+00,-1.507437967866418038e+00,-7.090948635847550419e-01,-2.852834575055691175e+02,8.914340915231477425e+00
7.774999999999856470e+00,-1.509439279731756844e+00,-4.841369061951203978e-01,-2.710153910635154944e+02,7.984790813955985556e+00
7.779999999999856364e+00,-1.510314754728974140e+00,-2.862847398066083460e-01,-2.856814136328006839e+02,7.207511497112062848e+00
7.784999999999856257e+00,-1.509453485988823118e+00,4.983138387419748239e-01,4.481823814242860067e+02,5.205112500778527718e+00
7.789999999999856151e+00,-1.508129063785843771e+00,3.076440202862998352e-01,-1.803986033733855834e+02,2.982598013821272431e+00
7.794999999999856044e+00,-1.505606044982091385e+00,6.163261728552316132e-01,9.142765594293356912e+01,1.222726904802694525e+00
7.799999999999855937e+00,-1.502936177736937662e+00,4.795303026883377950e-01,-4.632485392572446870e+01,-5.543059974350794672e-01
7.804999999999855831e+00,-1.501458891018365049e+00,5.513501802034043164e-01,3.680426725749151728e+01,-2.356638851556476233e+00
7.809999999999855724e+00,-1.499229531758421663e+00,3.471029075488411553e-01,-7.308658799211718815e+01,-1.839174202420421622e+00
7.814999999999855618e+00,-1.498529041139679885e+00,1.818603909401856622e-01,-1.461817950945903455e+01,-2.389255251908713795e+00
7.819999999999855511e+00,-1.498138874254417718e+00,-2.016026919369269879e-02,-6.423142475788829131e+01,-2.589172751207968304e+00
7.824999999999855405e+00,-1.499075272274721593e+00,-2.139760212667841388e-01,-4.641014301972119682e+01,-2.563576757046133192e+00
7.829999999999855298e+00,-1.500740733961223317e+00,-4.226907863716981018e-01,7.747019468058386593e+00,-2.454389811906684038e+00
7.834999999999855191e+00,-1.503102698086870914e+00,-5.387823156476113651e-01,-4.333983442748672843e+01,-2.362526619318846777e+00
7.839999999999855085e+00,-1.506147709448725225e+00,-6.541609331884576939e-01,-3.612849213030233386e+01,-2.212994009948634488e+00
7.844999999999854978e+00,-1.509628021061766967e+00,-7.326177799433317706e-01,-2.225805637048899044e+01,-2.037128685120015437e+00
7.849999999999854872e+00,-1.513339771214555762e+00,-7.927100090698602219e-01,-5.853389225623323000e+01,-1.853763370001509703e+00
7.854999999999854765e+00,-1.517040456245402735e+00,-7.388778730248283244e-01,-1.170479908831303817e+01,-1.684909300223984552e+00
7.859999999999854658e+00,-1.520544079753830768e+00,-6.649455084387833059e-01,9.724464219399438392e+00,-1.499882136900383411e+00
7.864999999999854552e+00,-1.523514143186540437e+00,-6.107584411417206205e-01,-6.136138020290093920e+01,-1.297198652368351857e+00
7.869999999999854445e+00,-1.525677370496659080e+00,-3.579821385646048126e-01,3.059531672324722607e+01,-1.154410745853682974e+00
7.874999999999854339e+00,-1.527018584653653255e+00,-2.124139925609336010e-01,8.209958582879536948e+01,-9.266151302683697244e-01
7.879999999999854232e+00,-1.526969933587078998e+00,1.367482469179137627e-01,7.069892015796826001e+01,-4.446797914480949410e-01
7.884999999999854126e+00,-1.525493614309259227e+00,4.171440411842282647e-01,6.447154872382478175e+01,-4.907646319880591967e-01
7.889999999999854019e+00,-1.522945354677720298e+00,6.644626708674614690e-01,7.328610931959377695e+01,-3.778868756483109159e-01
7.894999999999853912e+00,-1.518862488083046580e+00,9.138000933895371602e-01,5.508349704027541804e+01,2.835430188455928535e-01
7.899999999999853806e+00,-1.513550871169563550e+00,1.139090234461280327e+00,4.672112592683413368e+01,9.420392005501454502e-01
7.904999999999853699e+00,-1.507228955618758581e+00,1.323429597026467341e+00,2.204947353813022914e+01,2.101500975131869176e+00
7.909999999999853593e+00,-1.500203776508803433e+00,1.421000097325646028e+00,-1.125181761202247621e+01,4.259954963317425403e+00
7.914999999999853486e+00,-1.493844239362979387e+00,1.143091316471425811e+00,-5.787352023464205786e+01,6.044511974979431379e+00
7.919999999999853380e+00,-1.489937596535161779e+00,5.174667896682606516e-01,-1.310730692686298653e+02,7.131139240792060185e+00
7.924999999999853273e+00,-1.489999459665624748e+00,-3.826207272368856716e-01,-1.764908338104172003e+02,7.982824575179287230e+00
7.929999999999853166e+00,-1.494365137324739301e+00,-6.620661639775408114e-01,5.899570913962808163e+02,8.463480094011964994e+00
7.934999999999853060e+00,-1.498611885516144104e+00,-9.821516911602476974e-01,-2.413898181603918260e+02,8.493704337938824622e+00
7.939999999999852953e+00,-1.501927742655428943e+00,-6.566027008107836460e-01,2.278357701150809191e+02,9.077842946328756213e+00
7.944999999999852847e+00,-1.505247710718750076e+00,-5.684672902384474424e-01,3.856666294929468108e+01,8.656908485357556415e+00
7.949999999999852740e+00,-1.507917999842898205e+00,-3.164516638221415712e-01,4.151780012861514706e+02,9.064868154582308435e+00
7.954999999999852633e+00,-1.509864890088498335e+00,-3.005556022609688904e-01,8.040937203708703862e+01,9.230600833577137010e+00
7.959999999999852527e+00,-1.511337145484428435e+00,-2.605337035238354873e-02,5.476527315279020058e+02,9.753880997864122548e+00
7.964999999999852420e+00,-1.511971161845756528e+00,4.900169914211786187e-02,4.176084293746071694e+02,9.749803244081816089e+00
7.969999999999852314e+00,-1.512160232314155639e+00,1.190578997713549192e-01,3.906196906228558419e+02,1.020665356588038541e+01
7.974999999999852207e+00,-1.512128607683373316e+00,1.030399403272937026e-01,2.440967128249204734e+02,1.055014073082364057e+01
7.979999999999852101e+00,-1.511697590121951817e+00,4.507727454316193955e-02,-3.748278022515942212e+02,1.088810718993263826e+01
7.984999999999851994e+00,-1.511680840588285557e+00,-9.221389350231852175e-03,-2.980332923707406962e+02,1.159765574659897602e+01
7.989999999999851887e+00,-1.511254147799521386e+00,-1.075915770126426307e-01,-3.083534503142634549e+02,1.212291901059007770e+01
7.994999999999851781e+00,-1.511383953770718103e+00,-3.480016766326010091e-01,-4.366607956192417532e+02,1.225098992674078779e+01
7.999999999999851674e+00,-1.510584460861962075e+00,3.351507114407817345e-01,3.257061563528110923e+02,1.238994043882863494e+01
8.004999999999851568e+00,-1.510195298150474263e+00,3.319427967515437561e-01,4.241470359332523685e+02,1.217750079732800295e+01
8.009999999999852349e+00,-1.510154529296337200e+00,3.139154859048284285e-01,4.686124210182068737e+02,1.199589010036133629e+01
8.014999999999853131e+00,-1.510355900703366450e+00,3.474555444215824407e-01,5.774161924283955614e+02,1.189383271406219045e+01
8.019999999999853912e+00,-1.510637038401614118e+00,3.095715192472665578e-01,5.267953549761596150e+02,1.196466319762708430e+01
8.024999999999854694e+00,-1.510853981547734648e+00,3.039828951313830463e-01,5.175170370770462114e+02,1.170423545654325359e+01
8.029999999999855476e+00,-1.511872065267369392e+00,-5.338823079367305269e-01,-3.322238837171707360e+02,1.180449464569635865e+01
8.034999999999856257e+00,-1.512909339284401300e+00,-6.441021346917962243e-01,-4.540982205566786547e+02,1.192650074763990986e+01
8.039999999999857039e+00,-1.513250577030790911e+00,-4.830182995155632431e-01,-4.726347173048641253e+02,1.191696915701813886e+01
8.044999999999857820e+00,-1.514032488295518952e+00,-2.849384453951912533e-01,-3.967488398732311907e+02,1.143900386359239896e+01
8.049999999999858602e+00,-1.515125762727900005e+00,-1.705842335223045347e-01,-4.788885921905354053e+02,1.140497090939587466e+01
8.054999999999859384e+00,-1.516473453532927174e+00,6.112773465978636744e-02,7.576600314616218839e+02,1.141840955515490208e+01
8.059999999999860165e+00,-1.518895313042487150e+00,-8.597195174990950317e-01,-4.455333794310491839e+02,1.119709290783809941e+01
8.064999999999860947e+00,-1.521007985944660801e+00,-5.976911855578557198e-01,-4.303243272876383116e+02,1.112562379196798368e+01
8.069999999999861728e+00,-1.522682978076867588e+00,-4.400882637448143009e-01,-4.104232545819382949e+02,1.092905184545947428e+01
8.074999999999862510e+00,-1.525330047209253248e+00,-2.127893781485066804e-01,6.833500764787105481e+02,1.139381275862987231e+01
8.079999999999863292e+00,-1.528002789984255871e+00,-9.606484583761029650e-02,8.047095844517907608e+02,1.079528506972896551e+01
8.084999999999864073e+00,-1.530337082635483403e+00,-1.230506538997889893e-01,4.924560982730301930e+02,1.082695681437671809e+01
8.089999999999864855e+00,-1.532555908901476860e+00,-4.687607299816523576e-01,9.983504853213229779e+00,1.066481221704139770e+01
8.094999999999865636e+00,-1.533779403713567913e+00,3.491311398414075895e-01,7.868979790330779451e+02,1.110566094557066741e+01
8.099999999999866418e+00,-1.534623191824541433e+00,-4.844321990250659571e-01,-3.642394893624580163e+02,1.015889384869416467e+01
8.104999999999867200e+00,-1.534912120285112813e+00,-1.348538434290540711e-01,-3.422850145437279821e+02,1.037814947473590621e+01
8.109999999999867981e+00,-1.533784439411636669e+00,1.335087278217310658e-01,-3.603743393636182191e+02,9.143449267496489341e+00
8.114999999999868763e+00,-1.531666083880552032e+00,3.671739187713659036e-01,-3.046470514325910699e+02,8.329249315742227822e+00
8.119999999999869544e+00,-1.528595137774733992e+00,5.514052656971304422e-01,-2.736474986380903829e+02,7.150969070727041021e+00
8.124999999999870326e+00,-1.524995205154827671e+00,6.058762609171888247e-01,-2.559897031392949316e+02,5.329163176477467623e+00
8.129999999999871108e+00,-1.520707450257321014e+00,1.012311512259340684e+00,2.298028431870814927e+02,3.426109800444266273e+00
8.134999999999871889e+00,-1.515497456617888483e+00,1.047310934332038812e+00,-2.062472815868585769e+02,3.774579422709304133e+00
8.139999999999872671e+00,-1.509390977454988514e+00,1.405996768290344701e+00,2.662857051799408055e+02,2.328593369874659924e+00
8.144999999999873452e+00,-1.502680310995945900e+00,1.402209906181432375e+00,2.489268900602385060e+01,6.104786564924975512e-01
8.149999999999874234e+00,-1.496058720608026249e+00,1.286458756560649785e+00,-1.991127388010242427e+01,-1.404776385575147168e+00
8.154999999999875016e+00,-1.491660752680046720e+00,9.980117209129709677e-01,2.628505241123055214e+01,-2.384695079988353505e+00
8.159999999999875797e+00,-1.487887433540105109e+00,6.067092758980980882e-01,-6.708820801395708600e+01,-2.703236829605157432e+00
8.164999999999876579e+00,-1.486355359750549221e+00,2.955788005373438110e-01,-2.013871080955354742e+01,-2.645463481137687367e+00
8.169999999999877360e+00,-1.485844420686464051e+00,7.352577311549860460e-03,-3.671818528625203015e+01,-2.589159576565460696e+00
8.174999999999878142e+00,-1.486740634394038141e+00,-1.859526131545584660e-01,-1.406380828321224641e+01,-2.403206369386757579e+00
8.179999999999878924e+00,-1.488350213046595538e+00,-3.602978641099588430e-01,6.015160033455995858e+01,-2.161903977513318420e+00
8.184999999999879705e+00,-1.490171012397646155e+00,-3.498077612498070033e-01,1.416318001648972746e+01,-1.960188592379772166e+00
8.189999999999880487e+00,-1.492030932729392578e+00,-3.059822207507746916e-01,3.863120647307924571e+01,-1.705757313062350899e+00
8.194999999999881268e+00,-1.493304235382354683e+00,-2.671816569045520895e-01,-6.190279507970367234e+01,-1.458519288622991628e+00
8.199999999999882050e+00,-1.493515954266530166e+00,7.314059982510907887e-02,6.214456119684634672e+01,-1.195982948755004882e+00
8.204999999999882832e+00,-1.492509711198742650e+00,1.932299654458705385e-01,-1.026029845163076430e+02,-9.138890158914733108e-01
8.209999999999883613e+00,-1.489723883271230065e+00,7.179899930801817431e-01,8.283557538251540109e+01,-5.957339382587056864e-01
8.214999999999884395e+00,-1.484974785576553158e+00,1.100965450142068702e+00,8.401495492580201585e+01,-1.408864491195191970e-01
8.219999999999885176e+00,-1.478283089723458010e+00,1.458000142977543101e+00,2.938757209597445197e+01,2.084664029107097249e-01
8.224999999999885958e+00,-1.469922026229780299e+00,1.774536919633109333e+00,1.976572562118153442e+01,9.065254933523123615e-01
8.229999999999886739e+00,-1.460094956808594802e+00,2.034230640430925607e+00,1.137297277692565522e+01,2.412630550427459664e+00
8.234999999999887521e+00,-1.449442755347090106e+00,2.162323494806686064e+00,1.691987925580293251e+01,4.168668293821370163e+00
8.239999999999888303e+00,-1.439549822772867138e+00,1.851703269723728340e+00,-6.371826123721824331e+01,5.293105361005827625e+00
8.244999999999889084e+00,-1.432008096211627501e+00,1.281306295529599515e+00,-1.116136408966779072e+02,6.055022238488761310e+00
8.249999999999889866e+00,-1.428000420871913034e+00,4.864009155099286996e-01,-1.551784272962026989e+02,6.887686292732438709e+00
8.254999999999890647e+00,-1.428721633059858220e+00,-5.520443519893832862e-01,-1.981059787892708357e+02,7.121887432550157548e+00
8.259999999999891429e+00,-1.433075398557578817e+00,-8.054300695244799302e-01,-2.178856416301830166e+02,7.722495350520277135e+00
8.264999999999892211e+00,-1.438010520114706425e+00,-1.085731110483396655e+00,-2.066795144065369243e+02,8.034477885452501411e+00
8.269999999999892992e+00,-1.441791079690501354e+00,-7.358705186827140254e-01,-2.179937428041872067e+02,7.823362084913402903e+00
8.274999999999893774e+00,-1.445201165577626012e+00,-3.892428958125632166e-01,5.398556312412638363e+02,8.189329967693845802e+00
8.279999999999894555e+00,-1.448646753914683005e+00,-8.925636668140711771e-01,-2.759103696536434995e+02,8.022303492493312760e+00
8.284999999999895337e+00,-1.451470371626616407e+00,-5.914957497618641424e-01,-2.407057000276401482e+02,8.476136092327015703e+00
8.289999999999896119e+00,-1.454292578373476807e+00,-4.997083875726949231e-01,-1.362311815793023868e+02,8.555284010875478629e+00
8.294999999999896900e+00,-1.457054015408140168e+00,-2.928513371173878110e-01,5.782627441381700919e+02,9.450140522564248968e+00
8.299999999999897682e+00,-1.459089532992316807e+00,-2.390497228642235183e-01,4.260359666925118631e+02,9.469803365892257574e+00
8.304999999999898463e+00,-1.460799776672469630e+00,-2.291059504729049401e-01,3.081899744892629656e+02,9.608377064802674283e+00
8.309999999999899245e+00,-1.462387686306880319e+00,-2.464998209501423343e-01,1.879165140458646590e+02,9.896320016245935491e+00
8.314999999999900027e+00,-1.463894447910689012e+00,-3.854930498651585324e-01,-2.010559445094993407e+02,1.034819648690931437e+01
8.319999999999900808e+00,-1.465098196832410604e+00,-2.903028629378329173e-01,-3.771760652224585897e+02,1.086607596108814988e+01
8.324999999999901590e+00,-1.466549939635638511e+00,-3.224057368917387922e-01,-3.838799071431333800e+02,1.126310575658394519e+01
8.329999999999902371e+00,-1.468023369879877915e+00,-3.299233519144612048e-01,-3.256765615490857044e+02,1.158014560599019305e+01
8.334999999999903153e+00,-1.469392089023421999e+00,-3.275372216689396709e-01,-3.301083456301345791e+02,1.168801772112386139e+01
8.339999999999903935e+00,-1.470683903301410300e+00,-3.035139959777083396e-01,-3.688081668829062778e+02,1.170101050511676988e+01
8.344999999999904716e+00,-1.472032626064492478e+00,-2.855225675835093568e-01,-4.146984095164664268e+02,1.166700098130239738e+01
8.349999999999905498e+00,-1.473373022297410628e+00,-2.782310204001514076e-01,-4.247722461197250254e+02,1.165342051319072780e+01
8.354999999999906279e+00,-1.474790689174184655e+00,-2.710155213662543416e-01,-2.819895982686448406e+02,1.143447303682989258e+01
8.359999999999907061e+00,-1.476367433778361438e+00,-3.368708582483731506e-01,-3.287777919950611931e+02,1.117402321662970976e+01
8.364999999999907843e+00,-1.478139350682722286e+00,-3.707695304695862171e-01,-3.427475192344217589e+02,1.080853339228930210e+01
8.369999999999908624e+00,-1.480725823473524105e+00,-2.845022652379740613e-01,6.531806039354604536e+02,1.096407247619883307e+01
8.374999999999909406e+00,-1.482979004278642599e+00,-2.548536054365106440e-01,5.543614717562708165e+02,1.067073806083663534e+01
8.379999999999910187e+00,-1.486606390865603089e+00,-1.071836560342534161e+00,-3.784368276896356633e+02,1.022875551877070244e+01
8.384999999999910969e+00,-1.489899563931979198e+00,-8.763166145659032624e-01,-2.306378372184493344e+02,1.046880122484607512e+01
8.389999999999911751e+00,-1.493491250820217164e+00,-7.938240866085743974e-01,-3.434691039059633795e+02,9.844503090073748908e+00
8.394999999999912532e+00,-1.497157208840720344e+00,-6.482292311600691415e-01,-3.835171141112793407e+02,9.657052423866437252e+00
8.399999999999913314e+00,-1.500909915232398584e+00,-5.170188339123595878e-01,5.105937944436603857e+02,9.858760575899800926e+00
8.404999999999914095e+00,-1.504231083630739763e+00,-4.156364096187131207e-01,4.333856039259468957e+02,9.085324192559099288e+00
8.409999999999914877e+00,-1.507005227511116763e+00,-9.500016412955875067e-02,5.881825654040403606e+02,8.857069154899523511e+00
8.414999999999915659e+00,-1.509396769742118671e+00,-7.066954248137356787e-02,5.655301249684762297e+02,7.891079856083188737e+00
8.419999999999916440e+00,-1.511004455505521760e+00,3.190736024381751832e-03,4.285719983528126136e+02,7.784442326981071858e+00
8.424999999999917222e+00,-1.511365238041312731e+00,1.872081952619923106e-01,3.444293689352370507e+02,6.232673204554691537e+00
8.429999999999918003e+00,-1.510099800715308360e+00,2.611488919961403310e-01,-2.352477227345484039e+02,4.559736320820343636e+00
8.434999999999918785e+00,-1.508180227890808967e+00,4.693566673224812691e-01,1.986253686043861251e+02,2.636917842919884070e+00
8.439999999999919567e+00,-1.505145095378363829e+00,6.686786307295286003e-01,1.110891463015727787e+01,1.066103235250972503e+00
8.444999999999920348e+00,-1.502135168800508680e+00,5.511193728147781856e-01,-3.821626855897824271e+01,-4.065356877889192977e-01
8.449999999999921130e+00,-1.500848003793464835e+00,4.580057462296411863e-01,1.925403138929495697e+02,-1.800984230494791838e+00
8.454999999999921911e+00,-1.498589641915341497e+00,3.870428551801512462e-01,-3.829542128160121450e+01,-1.876874201982398294e+00
8.459999999999922693e+00,-1.497605633872191477e+00,2.339808884191995342e-01,6.838237930555479238e+01,-2.411947610204047354e+00
8.464999999999923475e+00,-1.496680958262542438e+00,1.053015845534973349e-01,-5.538385697394859619e+01,-2.767939539115324532e+00
8.469999999999924256e+00,-1.496924700796665730e+00,-7.421411170046635086e-02,-4.764707328423622812e+01,-2.747670460724012109e+00
8.474999999999925038e+00,-1.497807010134755146e+00,-2.620279528429544369e-01,-2.679322516154987621e+00,-2.591831274208904912e+00
8.479999999999925819e+00,-1.499359307367463812e+00,-3.875783513623894949e-01,-5.890828205363808934e+01,-2.554313296393303734e+00
8.484999999999926601e+00,-1.501696125901713863e+00,-5.362782217944481733e-01,-6.144795786945053351e+01,-2.439664271551759800e+00
8.489999999999927383e+00,-1.504677137056104286e+00,-6.620966308522087118e-01,-5.607487164089412346e+01,-2.292574443390148708e+00
8.494999999999928164e+00,-1.508187337106315251e+00,-7.580999493326479044e-01,-4.755808040514334323e+01,-2.127524853397649185e+00
8.499999999999928946e+00,-1.512062497977125330e+00,-8.163339484640833588e-01,-2.499556891797923086e+01,-1.933070752115689350e+00
8.504999999999929727e+00,-1.516076782798328582e+00,-8.408340974505875698e-01,-5.817627817480210695e+01,-1.730800495948319861e+00
8.509999999999930509e+00,-1.519981131822922604e+00,-7.711351782897309937e-01,-4.833749785479700911e+00,-1.506530755068487215e+00
8.514999999999931291e+00,-1.523551130727363701e+00,-6.515047773455235891e-01,3.610613964777802920e+01,-1.208511683218985278e+00
8.519999999999932072e+00,-1.526445958428785277e+00,-5.830026442582858515e-01,-6.025814599384854375e+01,-1.139052684470224452e+00
8.524999999999932854e+00,-1.528345480785647359e+00,-2.875143162433602684e-01,4.468265354721466309e+01,-9.086202487363266300e-01
8.529999999999933635e+00,-1.529046338963366169e+00,-5.689326836848903474e-02,2.562355762043898721e+01,-6.484910695985526274e-01
8.534999999999934417e+00,-1.528543802962912146e+00,2.651753820091496405e-01,7.373099888446198236e+01,-2.487935480193230742e-01
8.539999999999935199e+00,-1.526394134887756771e+00,5.512356766822724685e-01,7.246267351462047657e+01,-1.675077498037507440e-01
8.544999999999935980e+00,-1.522894866919544565e+00,7.998667941315626972e-01,5.541311484953550348e+01,2.507509078419085657e-01
8.549999999999936762e+00,-1.518097673360932820e+00,1.047197356220431974e+00,5.251711396561579193e+01,1.032221851279888636e+00
8.554999999999937543e+00,-1.512294223062645937e+00,1.226022413603540917e+00,3.707069128039699279e+01,2.035042715515649192e+00
8.559999999999938325e+00,-1.505756295657109778e+00,1.332329128646375205e+00,2.203969582403995986e+01,3.942055895216559414e+00
8.564999999999939106e+00,-1.499613985560772855e+00,1.122083677489100095e+00,-7.190584467086893028e+01,6.006037752457718426e+00
8.569999999999939888e+00,-1.495697952953617627e+00,5.316672720200100732e-01,-1.272194245828120955e+02,7.262464014070888929e+00
8.574999999999940670e+00,-1.495629188836218537e+00,-3.469210784594656261e-01,-1.794994105055656348e+02,8.104874284401768492e+00
8.579999999999941451e+00,-1.499839245508351127e+00,-6.298642758303731881e-01,6.015025634672903152e+02,8.573890099113128827e+00
8.584999999999942233e+00,-1.503999891980992709e+00,-9.592351898864449611e-01,-2.348139799256530864e+02,8.717944702451870143e+00
8.589999999999943014e+00,-1.507904807895333210e+00,-7.010753824109031695e-01,-2.377861177619264481e+02,9.017055260174872799e+00
8.594999999999943796e+00,-1.511172350865390257e+00,-3.401717987757353345e-01,5.807210628227551297e+02,9.267230361731929378e+00
8.599999999999944578e+00,-1.513531475502110757e+00,-2.281321098189525443e-01,4.871925182617048335e+02,9.349737122217987917e+00
8.604999999999945359e+00,-1.515636247660929747e+00,-9.351771457380103625e-02,6.046743014743088906e+02,9.935172434180330470e+00
8.609999999999946141e+00,-1.516635149739727906e+00,1.921173246610216948e-02,4.943459983215295779e+02,1.015566060049387431e+01
8.614999999999946922e+00,-1.517174322394703845e+00,5.906173513876106229e-02,3.999148214812788069e+02,1.039752287332477287e+01
8.619999999999947704e+00,-1.517587863138282644e+00,7.175780037144947887e-02,4.556603139876701789e+02,1.100104172497625932e+01
8.624999999999948486e+00,-1.517461449721440259e+00,-1.639563458130260595e-02,-3.352992603297738015e+02,1.123377747580437003e+01
8.629999999999949267e+00,-1.517713115261206447e+00,-5.243268700181373532e-02,-2.999037390557483604e+02,1.198118948606011891e+01
8.634999999999950049e+00,-1.517603970048369666e+00,-1.662667256763742663e-01,-3.222885522766426334e+02,1.245680786262078144e+01
8.639999999999950830e+00,-1.517276884347680044e+00,-1.987772565799460767e-01,-2.589129710435705078e+02,1.249214212890375464e+01
8.644999999999951612e+00,-1.516593358273493619e+00,3.807627069477335646e-01,3.985809988613368091e+02,1.246451262116707426e+01
8.649999999999952394e+00,-1.516256640682985823e+00,3.326377209087444942e-01,4.386060759735820511e+02,1.228997619435653554e+01
8.654999999999953175e+00,-1.516137663914431055e+00,3.831876806447570560e-01,5.508655945960836107e+02,1.205975070330904586e+01
8.659999999999953957e+00,-1.516303814484632806e+00,3.344676551775592754e-01,5.584519316789395589e+02,1.220926867249474768e+01
8.664999999999954738e+00,-1.516453930245952320e+00,3.577416795446458631e-01,5.697550365375957426e+02,1.189305773191172655e+01
8.669999999999955520e+00,-1.516599689339128698e+00,2.381759067258755469e-01,4.128778407266052000e+02,1.207283475794178962e+01
8.674999999999956302e+00,-1.517421564322435357e+00,-5.307926216589443635e-01,-3.931646152939958938e+02,1.169115126031381280e+01
8.679999999999957083e+00,-1.518004216697971920e+00,-5.876187357107529596e-01,-4.761825488022074069e+02,1.221417278584933186e+01
8.684999999999957865e+00,-1.518665452250370418e+00,-5.208919227909886152e-01,-4.076216231027778463e+02,1.184971954471154021e+01
8.689999999999958646e+00,-1.519955229463912483e+00,-5.106952035585288208e-01,-3.922649566346075289e+02,1.164507674990573349e+01
8.694999999999959428e+00,-1.521137097467890831e+00,-4.207964863728728688e-01,-3.222816538198634362e+02,1.178501125931514082e+01
8.699999999999960210e+00,-1.522359022946101703e+00,-3.230616506733394733e-01,-4.081391562984218808e+02,1.112003205688869834e+01
8.704999999999960991e+00,-1.524457379111283428e+00,-7.089878373846779380e-02,7.715063740624258344e+02,1.162939151653150560e+01
8.709999999999961773e+00,-1.526351209764428285e+00,1.915550014622915409e-01,7.629593461249511392e+02,1.130764031242325984e+01
8.714999999999962554e+00,-1.528153696905878878e+00,-7.104438338476573023e-01,-3.946705309505163655e+02,1.035020626862342930e+01
8.719999999999963336e+00,-1.529534724973250714e+00,-3.763896260564185137e-01,-4.112594355291807915e+02,1.102493194390065234e+01
8.724999999999964118e+00,-1.531829206678331223e+00,-1.086117777143088964e-01,7.781594489242642112e+02,1.082188151294753453e+01
8.729999999999964899e+00,-1.533448685635146802e+00,4.551462843913080952e-03,8.117810059496948725e+02,1.082059967495360375e+01
8.734999999999965681e+00,-1.535142392123199251e+00,2.233911061651196461e-01,7.165061271570266399e+02,1.090204107330996308e+01
8.739999999999966462e+00,-1.536540098381227404e+00,-6.378910500937531314e-01,-4.315276455174580406e+02,1.076097509385240159e+01
8.744999999999967244e+00,-1.536494046582156825e+00,-3.566088809332775278e-01,-4.365313826690800738e+02,1.047152003107478180e+01
8.749999999999968026e+00,-1.536269374330150317e+00,-1.812053999967249696e-01,-4.816806891988205734e+02,1.008054796552618448e+01
8.754999999999968807e+00,-1.534878957395007903e+00,1.682831138475125166e-01,-4.453408222039815882e+02,9.611867177331674839e+00
8.759999999999969589e+00,-1.531956834899031117e+00,4.872709513464794640e-01,-3.759633575370911558e+02,8.765803645745988248e+00
8.764999999999970370e+00,-1.528256940009603992e+00,6.185274938028764158e-01,-3.472141922286420481e+02,7.036295571937583482e+00
8.769999999999971152e+00,-1.524181514972656748e+00,6.430916952743048753e-01,-3.604700283891327217e+02,5.618295050327995810e+00
8.774999999999971934e+00,-1.518817984445067770e+00,7.969675679315858519e-01,-3.042767144096058018e+02,5.126582310041457369e+00
8.779999999999972715e+00,-1.512581954239651694e+00,1.259937820678711073e+00,5.065477330149725788e+01,3.732283519779400205e+00
8.784999999999973497e+00,-1.505885258125395865e+00,1.322741843830055997e+00,-7.259364357112949584e+00,2.472113646078005988e+00
8.789999999999974278e+00,-1.498332586138132028e+00,1.538717509320904231e+00,3.459200265595753621e+01,4.920373533209200234e-01
8.794999999999975060e+00,-1.491286202067484190e+00,1.337937443827074135e+00,-2.743448860577512605e+01,-1.476429660690999235e+00
8.799999999999975842e+00,-1.486674641559599719e+00,1.047353455538247990e+00,1.299919783908273807e+01,-2.430162904887051667e+00
8.804999999999976623e+00,-1.482636583662217955e+00,6.542648410637997847e-01,-5.561449875225961392e+01,-2.836554090691315810e+00
8.809999999999977405e+00,-1.481177080322932493e+00,2.546692035716396352e-01,-2.999818885774169530e+01,-2.806546343242442010e+00
8.814999999999978186e+00,-1.480827604224832283e+00,-3.487161461175963123e-02,-3.027152489797244428e+01,-2.632688351008756644e+00
8.819999999999978968e+00,-1.482117212001897943e+00,-2.850797348396951758e-01,-2.074141902235453827e+01,-2.435165303997731900e+00
8.824999999999979750e+00,-1.484117459868432798e+00,-4.362892114263299814e-01,8.289013563861685441e+01,-2.097695974424393928e+00
8.829999999999980531e+00,-1.486310373953379615e+00,-4.296388342580310105e-01,1.704098883730437564e+01,-1.885438990346105514e+00
8.834999999999981313e+00,-1.488355479392532210e+00,-3.333406692352983147e-01,6.930590560326552918e+01,-1.544510068497933819e+00
8.839999999999982094e+00,-1.489350774852886916e+00,-1.052309308249528563e-01,5.728399107842188442e+01,-1.390426317807561540e+00
8.844999999999982876e+00,-1.489352109135223978e+00,1.487132164772273224e-01,1.094499204619820745e+02,-1.067661275221656547e+00
8.849999999999983658e+00,-1.487397555953150929e+00,5.366238967857392961e-01,8.880701088044287417e+01,-7.664738818485066218e-01
8.854999999999984439e+00,-1.483602816924054046e+00,9.117369127413290641e-01,8.675824161734298912e+01,-5.004928471332382722e-01
8.859999999999985221e+00,-1.477780201433265717e+00,1.310762714735862255e+00,8.777153733839743666e+01,-2.922430524317054523e-02
8.864999999999986002e+00,-1.470027720974579344e+00,1.669010906762552482e+00,2.711615535070464844e+01,3.893772806662492147e-01
8.869999999999986784e+00,-1.460593044934919815e+00,1.980675912150204665e+00,2.160846811071374773e+01,1.102608148215862061e+00
8.874999999999987566e+00,-1.449835914733641928e+00,2.211742513242148878e+00,1.089852946593113892e+01,2.582183258807661197e+00
8.879999999999988347e+00,-1.438520298725073809e+00,2.250671179243344699e+00,-2.124828511382134266e+01,4.355883142449344270e+00
8.884999999999989129e+00,-1.428251158315909208e+00,1.881405570315827225e+00,-1.030257350529192735e+02,5.727453169977607672e+00
8.889999999999989910e+00,-1.420877670978000662e+00,1.169673960057357576e+00,-1.665521822203384374e+02,6.707636644688495409e+00
8.894999999999990692e+00,-1.417866824833272421e+00,2.058904504613838782e-01,-2.061146681680032486e+02,6.815815866135690904e+00
8.899999999999991473e+00,-1.419800370271496526e+00,-7.961819922455827259e-01,-2.146836523874218585e+02,7.253482167250923318e+00
8.904999999999992255e+00,-1.424726255309706868e+00,-1.116030943528462549e+00,-2.229522248082824376e+02,7.801643146325759837e+00
8.909999999999993037e+00,-1.429496528773456676e+00,-5.876237207776030536e-01,5.789966162158912084e+02,8.033529975212168495e+00
8.914999999999993818e+00,-1.433650038441830477e+00,-9.953821239739305549e-01,-2.443561702295895941e+02,7.912635506665701257e+00
8.919999999999994600e+00,-1.437856535684146175e+00,-8.088773844470742436e-01,-1.468052668182178593e+02,7.967996767346662068e+00
8.924999999999995381e+00,-1.441743471181156977e+00,-4.668196229728600599e-01,5.913014544544762430e+02,8.371400653466375630e+00
8.929999999999996163e+00,-1.445664749648142511e+00,-7.297596033832343121e-01,5.911240456278634525e+01,8.284887477072452100e+00
8.934999999999996945e+00,-1.449083263737890093e+00,-5.412740596664155079e-01,1.745993383650474868e+02,8.947135107916615482e+00
8.939999999999997726e+00,-1.451854174679207965e+00,-2.868426888913722106e-01,3.391492242057286717e+02,9.228006264738139564e+00
8.944999999999998508e+00,-1.454088184402967610e+00,-1.960017291530932737e-01,3.413736842824135920e+02,9.318769908781444400e+00
8.949999999999999289e+00,-1.455811483404846118e+00,-4.676506897775618843e-02,4.090797867506493617e+02,9.558400300989699616e+00
8.955000000000000071e+00,-1.457509683577623116e+00,-1.428630342074451165e-01,3.173747751735227212e+02,9.617789591672980976e+00
8.960000000000000853e+00,-1.459146537843898139e+00,-2.961719022916218247e-01,1.151940334031144744e+02,1.021147379918143194e+01
8.965000000000001634e+00,-1.460432520306824022e+00,-1.534951295895438661e-01,4.816740438199366849e+02,1.095488654208700829e+01
8.970000000000002416e+00,-1.461944315570086861e+00,-2.329418470964783050e-01,2.410659921290526029e+02,1.127705782096900045e+01
8.975000000000003197e+00,-1.463459475795893860e+00,-2.586684657328704451e-01,1.129408306906814659e+02,1.152774600166056906e+01
8.980000000000003979e+00,-1.465075396464128765e+00,-1.866058018559649256e-01,3.443507442302191635e+02,1.173192260005061982e+01
8.985000000000004761e+00,-1.466573523802220391e+00,-2.418225187411110200e-01,1.196745087057694406e+02,1.169958534974543163e+01
8.990000000000005542e+00,-1.468011742100197914e+00,-3.083755541757082219e-01,-1.267645640062273031e+02,1.153328129778878441e+01
8.995000000000006324e+00,-1.469242220800337062e+00,-2.553514127716429716e-01,-3.247968425212704346e+02,1.143795667073669620e+01
9.000000000000007105e+00,-1.470406443305331878e+00,-3.273332351714676736e-01,-5.570793281382754003e+02,1.127062590988590784e+01
9.005000000000007887e+00,-1.472003034656050646e+00,-2.834077731134111988e-01,-3.818464416594285922e+02,1.132921802810004053e+01
9.010000000000008669e+00,-1.473943398337038024e+00,-3.868365274990716030e-01,-7.790545616929767903e+01,1.163199522115497686e+01
9.015000000000009450e+00,-1.476153661534768347e+00,-2.684356762567104426e-01,4.539898381323821468e+02,1.173778473732006589e+01
9.020000000000010232e+00,-1.477981544262471081e+00,-1.146807274314846775e-01,6.287126028894035699e+02,1.164411955260798059e+01
9.025000000000011013e+00,-1.480418184498740297e+00,-7.536340268575243695e-02,5.880583205996724701e+02,1.151580884033546504e+01
9.030000000000011795e+00,-1.483456520783868804e+00,-1.070771029287571174e+00,-5.194477014270372592e+02,1.101535522633762909e+01
9.035000000000012577e+00,-1.485733092816414969e+00,-7.894507921373518089e-01,-3.612833708290590948e+02,1.103158315614142282e+01
9.040000000000013358e+00,-1.488456810040043266e+00,-6.679788562758006698e-01,-3.761735659572076429e+02,1.051812720774734444e+01
9.045000000000014140e+00,-1.491493153094485713e+00,-5.485460305821844296e-01,-4.362298500127959642e+02,9.977313929832254402e+00
9.050000000000014921e+00,-1.494873893557642663e+00,-3.865048661553584508e-01,6.574473547640257038e+02,1.019923112418401701e+01
9.055000000000015703e+00,-1.499007796113165369e+00,-1.128897262258323986e+00,-3.492307847176394944e+02,9.401816920897438479e+00
9.060000000000016485e+00,-1.502306890360368685e+00,-8.653521051919969009e-01,-2.273229509107732724e+02,9.588334370629009840e+00
9.065000000000017266e+00,-1.505659350695170984e+00,-7.447381886447916877e-01,-2.628316769104205264e+02,8.776790825962070386e+00
9.070000000000018048e+00,-1.508457109914757233e+00,-6.457017541689376028e-01,-3.137305268269287808e+02,8.749292510977905835e+00
9.075000000000018829e+00,-1.510112960187003806e+00,-4.419865250931621081e-01,-3.232059422382023968e+02,8.602462057646610205e+00
9.080000000000019611e+00,-1.510847796029919810e+00,-1.848966548754010231e-01,-8.228445292086620100e+01,7.736969523407980276e+00
9.085000000000020393e+00,-1.510045015002522639e+00,3.151618696387645802e-01,2.224359868187768541e+02,5.766194902678305034e+00
9.090000000000021174e+00,-1.508672468370683362e+00,4.807281032292484158e-01,2.624307723026734607e+02,3.966034192830277139e+00
9.095000000000021956e+00,-1.505955779827687468e+00,7.958864173816914134e-01,2.022843782814912572e+02,2.187859314403809208e+00
9.100000000000022737e+00,-1.502363491374993254e+00,7.753258278745034371e-01,2.558128023200872292e+01,3.029190997904442351e-01
9.105000000000023519e+00,-1.499344420924184851e+00,5.137692140597450718e-01,-1.654821237834392988e+01,-1.287956766604762660e+00
9.110000000000024301e+00,-1.496895112521156923e+00,4.642110064616296050e-01,-2.458245608889111722e+01,-7.438636332326337142e-01
9.115000000000025082e+00,-1.495547193549329856e+00,5.982285349611481395e-01,7.386376921934916595e+01,-1.841728222513318025e+00
9.120000000000025864e+00,-1.493017655160878032e+00,4.133596031866913489e-01,-5.121423785949819774e+01,-2.598845576739365448e+00
9.125000000000026645e+00,-1.492211411621146899e+00,2.238435112687706674e-01,3.313301937823423859e+00,-2.767296357012308583e+00
9.130000000000027427e+00,-1.491599821032858930e+00,2.964439156055373795e-02,-6.138272346790880363e+01,-2.818848857827185750e+00
9.135000000000028209e+00,-1.492309614666134543e+00,-1.616154623167319337e-01,-4.472678921352961368e+01,-2.710938509859116774e+00
9.140000000000028990e+00,-1.493682527898831935e+00,-3.635431627279517297e-01,-2.819733610642336075e+00,-2.528594080448213433e+00
9.145000000000029772e+00,-1.495756163435336905e+00,-4.811333068624758513e-01,-5.313133259065774183e+01,-2.470983010827092041e+00
9.150000000000030553e+00,-1.498607862696103243e+00,-6.158699042976882865e-01,-5.687805639650216705e+01,-2.297945708447666657e+00
9.155000000000031335e+00,-1.501975102354670133e+00,-7.193987763929098334e-01,-4.782560981804698486e+01,-2.158785535021979562e+00
9.160000000000032117e+00,-1.505749751582014628e+00,-7.877272195344929839e-01,-2.142433620706689013e+01,-1.959517343903107722e+00
9.165000000000032898e+00,-1.509685843290672347e+00,-8.008277016121599923e-01,-3.030578395844917949e+01,-1.738543298560724093e+00
9.170000000000033680e+00,-1.513535661082041850e+00,-7.434554902507856111e-01,-1.525908084476342275e+01,-1.460784265371059876e+00
9.175000000000034461e+00,-1.516897641911239436e+00,-6.424621790919198272e-01,4.169080655675064406e+01,-1.219762254615181618e+00
9.180000000000035243e+00,-1.519412482650892349e+00,-4.371334815062336565e-01,1.627911244424615589e+01,-9.300749492532268681e-01
9.185000000000036025e+00,-1.520713873851793796e+00,-1.745399815931166221e-01,1.522641232186766480e+01,-6.747428807207811463e-01
9.190000000000036806e+00,-1.520609095196331806e+00,1.273583681032222359e-01,3.472521895684442939e+01,-3.980412532554863936e-01
9.195000000000037588e+00,-1.518856633030928327e+00,4.584979137334218025e-01,2.255817454014412249e+01,2.143189006845444555e-01
9.200000000000038369e+00,-1.515431567960110470e+00,7.920416302585044921e-01,3.567038927442285967e+01,7.397936433161111935e-01
9.205000000000039151e+00,-1.510443824162448045e+00,1.118599274104162600e+00,6.517174892923125640e+01,1.650881451787033605e+00
9.210000000000039933e+00,-1.504231536779680356e+00,1.327070954980206441e+00,4.337365666303760747e+01,2.492797718572814070e+00
9.215000000000040714e+00,-1.497354017747511312e+00,1.399230282026583394e+00,1.091783493902146418e+01,3.732483977249076545e+00
9.220000000000041496e+00,-1.490742552319739955e+00,1.265357391465061321e+00,-2.561979668165357538e+01,5.216471918766169225e+00
9.225000000000042277e+00,-1.485706237699785381e+00,8.390049983747703832e-01,-8.025119340715048111e+01,6.501539419584452695e+00
9.230000000000043059e+00,-1.483769945300217774e+00,9.756304465590094621e-02,-1.391338690511869345e+02,6.908077973524316739e+00
9.235000000000043840e+00,-1.485943476043579903e+00,-7.835257582001504684e-01,-1.725270174373556813e+02,7.779546669642731338e+00
9.240000000000044622e+00,-1.489654143341425874e+00,-9.826537938010597717e-01,-2.003782577375396556e+02,8.539377880256038722e+00
9.245000000000045404e+00,-1.492390416694019395e+00,-5.390425170940583710e-01,-1.337576080608594680e+02,8.351041750885489279e+00
9.250000000000046185e+00,-1.494629903701947704e+00,-3.759075756214830810e-01,4.643103688570263188e+01,8.442625663752236775e+00
9.255000000000046967e+00,-1.496326296175910509e+00,-2.693464762495674791e-01,1.111447740061122325e+01,8.632443483342317592e+00
9.260000000000047748e+00,-1.497413452944713841e+00,-8.362507612137581869e-02,2.636028616093423125e+02,8.972196467259381691e+00
9.265000000000048530e+00,-1.497999269990737403e+00,-1.022310303974758305e-01,-1.489215677176871395e+02,9.161060734545603879e+00
9.270000000000049312e+00,-1.497727484575839929e+00,8.278568775961057946e-02,-4.060071363751171702e+01,9.649470353421280677e+00
9.275000000000050093e+00,-1.497623423199188730e+00,-2.334602649178502826e-02,-4.075648542669706558e+02,9.785734293244367166e+00
9.280000000000050875e+00,-1.496771011422555642e+00,5.884100029307992412e-03,-3.443562654564266268e+02,1.034307098275932013e+01
9.285000000000051656e+00,-1.495411013698305869e+00,-6.472778302558712671e-02,-2.311737287856973921e+02,1.120286241454792631e+01
9.290000000000052438e+00,-1.494018053683366931e+00,4.496877954418512791e-01,2.964811382564779478e+02,1.158820220739027285e+01
9.295000000000053220e+00,-1.492983201091099277e+00,5.021451543796882078e-01,4.588633671610344322e+02,1.164823239873226157e+01
9.300000000000054001e+00,-1.492313451455577589e+00,4.343408823973357591e-01,4.804263118021900141e+02,1.196466300152931161e+01
9.305000000000054783e+00,-1.492097850212636301e+00,4.210386514518480450e-01,6.532276088411696264e+02,1.186634170650696873e+01
9.310000000000055564e+00,-1.491207087958867250e+00,3.749520445028627358e-01,6.369697355875825906e+02,1.172021777730665626e+01
9.315000000000056346e+00,-1.490489508897813620e+00,3.189655912610580013e-01,5.378243659122077815e+02,1.187395790143586716e+01
9.320000000000057128e+00,-1.489976010659996186e+00,2.972740251153898616e-01,5.314063832478096856e+02,1.156062726772951699e+01
9.325000000000057909e+00,-1.490313809060408445e+00,1.428540134003527251e-01,4.273993822626857195e+02,1.173678083909164016e+01
9.330000000000058691e+00,-1.490397285709394781e+00,2.364412637617817614e-01,6.545660730051423570e+02,1.152242458142098691e+01
9.335000000000059472e+00,-1.491050030849804919e+00,7.677017040486025512e-02,4.019750560490963949e+02,1.166782648361091645e+01
9.340000000000060254e+00,-1.491924488157553297e+00,2.176054205249283446e-01,8.219078953976677440e+02,1.147662532638531729e+01
9.345000000000061036e+00,-1.492846551117528620e+00,2.584241923430815602e-01,5.671519868891691658e+02,1.145322389393585105e+01
9.350000000000061817e+00,-1.493910369801195959e+00,-5.940846560652564001e-01,-4.271394777175149784e+02,1.090149135304781502e+01
9.355000000000062599e+00,-1.494791375938566036e+00,-2.844379496184704093e-01,-4.471613483526643336e+02,1.125046559076695729e+01
9.360000000000063380e+00,-1.496535581996796482e+00,5.632163091951306044e-02,8.701211119849857596e+02,1.112794636585474173e+01
9.365000000000064162e+00,-1.499128867020242062e+00,-8.705030673616738213e-01,-4.297903180624020933e+02,1.078082147748155251e+01
9.370000000000064944e+00,-1.500405969823888741e+00,-6.670053130550483989e-01,-4.689818226013541107e+02,1.085386946842201361e+01
9.375000000000065725e+00,-1.501421990019310426e+00,-3.256165682891289381e-01,-4.568823244402653359e+02,1.056902436936064404e+01
9.380000000000066507e+00,-1.503532712891243683e+00,-3.623631078678348633e-02,8.358927186127581308e+02,1.100816450431574722e+01
9.385000000000067288e+00,-1.505531577353540484e+00,1.426902666782885742e-01,8.407068148512749985e+02,1.037109364135947409e+01
9.390000000000068070e+00,-1.506906067425488605e+00,2.704611871489893127e-01,7.134141699388625284e+02,1.016377234086425929e+01
9.395000000000068852e+00,-1.508139389348076564e+00,-6.169996804992783357e-01,-4.377327719870974647e+02,1.000552266722305461e+01
9.400000000000069633e+00,-1.507646603496105131e+00,-2.324793923423481568e-01,-4.179173833295376426e+02,1.015140417800505723e+01
9.405000000000070415e+00,-1.506853348352752642e+00,6.653788988605263688e-02,-4.013728185238039146e+02,8.850284157544878738e+00
9.410000000000071196e+00,-1.504748788280647620e+00,3.487785039341767535e-01,-3.486034541596202416e+02,7.994694450882120940e+00
9.415000000000071978e+00,-1.501589525173686823e+00,5.621191967407858092e-01,-2.810979122687015774e+02,6.669735564777094616e+00
9.420000000000072760e+00,-1.497971717411849202e+00,5.864079969668376524e-01,-3.080206821804425203e+02,4.757021398970043613e+00
9.425000000000073541e+00,-1.493525970329129038e+00,1.033730996939026259e+00,2.767271929099655949e+02,3.116853859011885497e+00
9.430000000000074323e+00,-1.488034671629562045e+00,1.097720193522686127e+00,-2.853095171235025873e+02,3.985880711376869723e+00
9.435000000000075104e+00,-1.481467861998743585e+00,1.484264105612006279e+00,2.523066580894542312e+02,2.753655578343153998e+00
9.440000000000075886e+00,-1.474328988186787370e+00,1.466735761424784013e+00,1.556943557783719401e+00,1.345709669071033066e+00
9.445000000000076668e+00,-1.467064043773904425e+00,1.459382050016881927e+00,-6.697051107661748937e+00,-5.642502984795061405e-01
9.450000000000077449e+00,-1.460799874779800334e+00,1.093822770739109274e+00,-9.732294855600217431e+01,-1.867342532962339874e+00
9.455000000000078231e+00,-1.457440581653593359e+00,7.682778363083077044e-01,-4.020905681674670262e+01,-2.555357215474089561e+00
9.460000000000079012e+00,-1.454878904143241947e+00,3.098214500217814638e-01,-1.128716862860961214e+02,-2.838450415884403277e+00
9.465000000000079794e+00,-1.454960263634028417e+00,-4.776493178130640505e-02,-4.963255052283678026e+01,-2.642297845209145901e+00
9.470000000000080576e+00,-1.456099473621373042e+00,-3.428924836552411648e-01,-3.709407661217034047e+01,-2.516937549515668060e+00
9.475000000000081357e+00,-1.458893856726443783e+00,-5.943105913913950822e-01,-2.016126289384958170e+01,-2.330536650577549107e+00
9.480000000000082139e+00,-1.462340554522306713e+00,-8.306695129965557811e-01,-1.271956244112430312e+02,-2.005284591270149797e+00
9.485000000000082920e+00,-1.465899296379442385e+00,-6.875731637155299003e-01,1.630306173551941384e+01,-1.721219230534318134e+00
9.490000000000083702e+00,-1.469090341298116442e+00,-5.779570150574366849e-01,1.520579674267686698e+02,-1.280028870917723882e+00
9.495000000000084484e+00,-1.470918542648603111e+00,-2.552652623949047683e-01,5.874182745715105369e+01,-1.137938979996126143e+00
9.500000000000085265e+00,-1.471142022278880246e+00,8.700992858008139985e-02,6.545854259187585455e+01,-8.028460127900124421e-01
9.505000000000086047e+00,-1.469754920627211359e+00,5.134580971009297112e-01,1.048974173929277214e+02,-4.024155425389572271e-01
9.510000000000086828e+00,-1.465780288366757667e+00,9.434904682803785247e-01,4.061925147906006117e+01,-5.825524667750026087e-02
9.515000000000087610e+00,-1.459523811223076395e+00,1.396460862299722550e+00,4.774088527229131529e+01,7.904252356901555476e-01
9.520000000000088392e+00,-1.451139055788674526e+00,1.830834944062878611e+00,7.813645267778861125e+01,1.874223519241939862e+00
9.525000000000089173e+00,-1.441233631473152199e+00,2.075915158937146732e+00,4.971029253998931097e+01,2.425553914838438629e+00
9.530000000000089955e+00,-1.430628062462980354e+00,2.144255334964236592e+00,1.162246769366992893e+01,3.623959505680025117e+00
9.535000000000090736e+00,-1.420406812890032899e+00,1.967219384282373751e+00,-3.783791405911311045e+01,5.221557900290578758e+00
9.540000000000091518e+00,-1.412180762545365953e+00,1.433478540008476187e+00,-1.040517097157077444e+02,5.866713969333876122e+00
9.545000000000092300e+00,-1.407196116310215572e+00,7.120854851171333211e-01,-1.381065189664650461e+02,6.580180599927184737e+00
9.550000000000093081e+00,-1.406552915802254944e+00,-2.522191209671960643e-01,-1.878762236610342597e+02,6.957168480327978521e+00
9.555000000000093863e+00,-1.410196983597537645e+00,-4.522442282654475232e-01,6.690260808173003397e+02,7.967179857394039999e+00
9.560000000000094644e+00,-1.414529824970131466e+00,-8.471703504753698155e-01,-4.576178474255983275e+01,7.723281826502875091e+00
9.565000000000095426e+00,-1.418381793593899376e+00,-7.361641630347914855e-01,3.564547875556987933e+00,7.771009989861423328e+00
9.570000000000096207e+00,-1.421893570657731365e+00,-6.576132115449457860e-01,2.585874443786340393e+01,8.068270161600334944e+00
9.575000000000096989e+00,-1.425240649654133884e+00,-5.389702401736885529e-01,2.621991288331457213e+02,7.953732736517682866e+00
9.580000000000097771e+00,-1.428179711352785874e+00,-4.960003660350556509e-01,1.205582216142755954e+02,8.177024620990971826e+00
9.585000000000098552e+00,-1.431053235991987416e+00,-3.489857550709383749e-01,3.710245745158540558e+02,8.336704327071327469e+00
9.590000000000099334e+00,-1.433390381717597917e+00,-4.713657270090699236e-01,-1.172958278354781498e+02,8.726772693202450526e+00
9.595000000000100115e+00,-1.435526701019557150e+00,-3.191508846825219514e-01,2.795781990785613402e+02,9.209939547845799268e+00
9.600000000000100897e+00,-1.437228717735693051e+00,-3.036833919035528684e-01,-2.599585242946107542e+02,8.965336341946606780e+00
9.605000000000101679e+00,-1.438598545860929390e+00,-3.198531084470389585e-01,-2.281382208944763477e+02,9.259889494868762227e+00
9.610000000000102460e+00,-1.439726759579157411e+00,-3.361008590999327583e-01,4.578026375541838888e+01,9.915892539392206828e+00
9.615000000000103242e+00,-1.441169498379534453e+00,-3.455105883386306864e-01,5.297434910372735573e+01,1.052809830010215997e+01
9.620000000000104023e+00,-1.442706699756673538e+00,-4.026482094756478891e-01,1.918773599675586183e+01,1.099920563097719928e+01
9.625000000000104805e+00,-1.443883324359779730e+00,-2.853668892340255336e-01,9.553773405336832525e+01,1.124677983395163494e+01
9.630000000000105587e+00,-1.445604398186772110e+00,-4.134311541448313365e-01,-4.762716587968537141e+01,1.132149974157324301e+01
9.635000000000106368e+00,-1.447181908238009962e+00,-5.267706359670613070e-01,-2.030608763838745290e+02,1.138510637282617566e+01
9.640000000000107150e+00,-1.448597095659673650e+00,-6.771844927976153894e-01,-3.890915592897975444e+02,1.142132883228867968e+01
9.645000000000107931e+00,-1.450000004065345793e+00,-7.071181475332705135e-01,-4.154859866758499152e+02,1.135049366161534934e+01
9.650000000000108713e+00,-1.451616102059434033e+00,-5.581485659171212532e-01,-2.164868879441732474e+02,1.134895564411922741e+01
9.655000000000109495e+00,-1.453657485096174762e+00,-5.759660637806692796e-01,-2.284493026853409674e+02,1.125677896507279208e+01
9.660000000000110276e+00,-1.455722555740836643e+00,-5.624012168532557254e-01,-3.144891703652533579e+02,1.133080849572256277e+01
9.665000000000111058e+00,-1.457162390323408774e+00,-4.822285034598302600e-01,-4.369219303667555891e+02,1.105536898736094642e+01
9.670000000000111839e+00,-1.460200008842320818e+00,-4.550585072032863887e-01,4.580919940050949890e+02,1.143015677530993734e+01
9.675000000000112621e+00,-1.463047231503703971e+00,-3.847508702084799781e-01,3.760764932154287408e+02,1.151107378044599727e+01
9.680000000000113403e+00,-1.465264267922518737e+00,-2.028813847936362658e-01,5.546847048164864873e+02,1.125524606038538522e+01
9.685000000000114184e+00,-1.468642102312696762e+00,-1.097486976828599969e+00,-4.838256654650551241e+02,1.082324412644853595e+01
9.690000000000114966e+00,-1.471075479986018841e+00,-8.577354403608179467e-01,-3.984660626209537782e+02,1.093829538463157114e+01
9.695000000000115747e+00,-1.473772430175195325e+00,-6.430301156336617474e-01,-3.814947701130351447e+02,1.015564802964172664e+01
9.700000000000116529e+00,-1.476449569530563721e+00,-4.268671270902285597e-01,-4.103984437773899572e+02,9.747561414654025924e+00
9.705000000000117311e+00,-1.479090947298010272e+00,-2.376908670777207744e-01,6.590365618290493330e+02,9.508055991372172500e+00
9.710000000000118092e+00,-1.482509362384517360e+00,-9.720246586562052427e-01,-3.441156117871247488e+02,9.016766652885195299e+00
9.715000000000118874e+00,-1.485736055002012224e+00,-7.282111824917939513e-01,-3.041904218642771980e+02,8.705998154955372215e+00
9.720000000000119655e+00,-1.488512831762714983e+00,-4.793875528310166945e-01,-4.300021925247618810e+02,8.463950435391543792e+00
9.725000000000120437e+00,-1.490989234443353073e+00,-2.278242500190837128e-01,4.671991614002565143e+02,8.111055109494198945e+00
9.730000000000121219e+00,-1.491869265501766684e+00,7.558938477224869112e-02,4.598370317478639890e+02,7.826807806005698254e+00
9.735000000000122000e+00,-1.491172231828784778e+00,7.798394725152428542e-02,-3.458210455264688221e+02,5.672819946609912733e+00
9.740000000000122782e+00,-1.489418571129340174e+00,5.494674274777333611e-01,3.212734244779040296e+02,4.004130492398624952e+00
9.745000000000123563e+00,-1.487000887092283286e+00,4.520153550215715854e-01,-1.866823186081034009e+02,2.418607964486945150e+00
9.750000000000124345e+00,-1.484137818676336762e+00,6.552842233820754814e-01,4.781212088580137021e+01,1.514701049157578527e-01
9.755000000000125127e+00,-1.482754226606520342e+00,2.843499669901130567e-01,6.820040267633095254e+02,-1.338273597782738467e+00
9.760000000000125908e+00,-1.479497969636029087e+00,7.180942477085205944e-01,2.614810250909502898e+01,-9.002073026411202550e-01
9.765000000000126690e+00,-1.476868856038322741e+00,4.039545380657368345e-01,-4.288506261827889432e+01,-1.876145696687185005e+00
9.770000000000127471e+00,-1.476300320594625681e+00,1.259030117210942490e-01,-2.629172177269261468e+01,-2.447742746874098430e+00
9.775000000000128253e+00,-1.476812882738740340e+00,-3.858748808246311723e-01,-2.499348352878685944e+02,-2.479862914464312507e+00
9.780000000000129035e+00,-1.478551659189009326e+00,-4.114106955247920916e-01,-1.870069613061131619e+01,-2.416173498506608119e+00
9.785000000000129816e+00,-1.481359541296913163e+00,-6.138378928894443476e-01,4.699214251385529728e+00,-2.190251559316872765e+00
9.790000000000130598e+00,-1.484712670510447863e+00,-7.581152009968890049e-01,-6.964392142295555743e+01,-2.062439960667089345e+00
9.795000000000131379e+00,-1.488351741804022632e+00,-7.381192616885267066e-01,6.183854013806054262e+00,-1.962210516625320977e+00
9.800000000000132161e+00,-1.492154531144887386e+00,-7.433970411614759799e-01,2.081885120635658026e+01,-1.762606824105430459e+00
9.805000000000132943e+00,-1.495764625686622162e+00,-7.607913331367139875e-01,-6.434459135525048623e+01,-1.519387603938030962e+00
9.810000000000133724e+00,-1.498824902729414710e+00,-5.563562457344751744e-01,3.817086677938046790e+01,-1.289529944467704192e+00
9.815000000000134506e+00,-1.501162167464416441e+00,-4.128776622093057180e-01,7.797680968134177704e+01,-1.005339173032500089e+00
9.820000000000135287e+00,-1.502256673495950823e+00,-1.313093369671708976e-01,1.199825615938205026e+01,-5.720838544050771413e-01
9.825000000000136069e+00,-1.501797964273478003e+00,1.919588138644356956e-01,2.559469579385052995e+01,-1.498422926166414482e-01
9.830000000000136851e+00,-1.499628386120253731e+00,5.808093661136375374e-01,8.081441381143329750e+01,4.796368735971978658e-01
9.835000000000137632e+00,-1.495866575968258783e+00,8.683686313345133634e-01,6.979176133435659324e+01,6.894802665518203755e-01
9.840000000000138414e+00,-1.490753390612407747e+00,1.115639812993298063e+00,5.475058488093802822e+01,1.387879513562835232e+00
9.845000000000139195e+00,-1.484391775562450722e+00,1.335473225177346013e+00,4.141726422010198583e+00,2.755534719318838643e+00
9.850000000000139977e+00,-1.477325313739703994e+00,1.414230746272709949e+00,-2.845004229334823265e+01,5.076907302411474809e+00
9.855000000000140759e+00,-1.471266249378158530e+00,1.033678075192250967e+00,-1.150070585683474604e+02,6.366563256100786106e+00
9.860000000000141540e+00,-1.468052789835249117e+00,3.456389990724662575e-01,-1.701912306809336997e+02,7.267082579532478270e+00
9.865000000000142322e+00,-1.469089158516005078e+00,-6.048095798666055511e-01,-2.191942562292874470e+02,7.843866235191592651e+00
9.870000000000143103e+00,-1.472904581534098423e+00,-8.831885468944734585e-01,-2.306095962305140574e+02,8.091733857792874574e+00
9.875000000000143885e+00,-1.475421320494409105e+00,-4.395582620037667421e-01,-2.522500503309466922e+02,8.046856379542386861e+00
9.880000000000144667e+00,-1.478648372028137592e+00,-7.117248716882972337e-01,-1.231624773290279080e+02,8.395611494863548074e+00
9.885000000000145448e+00,-1.480953326553381411e+00,-6.599580379017316867e-01,-2.721807808535724575e+02,8.380803086303345140e+00
9.890000000000146230e+00,-1.482242709014015558e+00,-3.009155032295951493e-01,-2.833419239383314334e+02,8.439217165417611355e+00
9.895000000000147011e+00,-1.483018700258145417e+00,-4.778102016930122625e-02,-2.626982006666090683e+02,8.503995697194921988e+00
9.900000000000147793e+00,-1.483567114661858755e+00,1.526052034958351178e-01,5.830722452701022576e+02,9.126812444022387893e+00
9.905000000000148574e+00,-1.483339384165075270e+00,2.378541600942057077e-01,4.388289825012915912e+02,9.145809091156653636e+00
9.910000000000149356e+00,-1.482761767160419852e+00,2.602768056163036192e-01,3.430905109737381053e+02,9.323069751433537888e+00
9.915000000000150138e+00,-1.481976363134605235e+00,2.863343894763567543e-01,3.370732478000531387e+02,9.698531466586693739e+00
9.920000000000150919e+00,-1.481146986687916778e+00,2.213539512119608865e-01,1.849027140786372172e+02,1.011390193625867617e+01
9.925000000000151701e+00,-1.479869703026763350e+00,2.231670582262293145e-01,-4.105325040327597890e+02,1.042596807271681314e+01
9.930000000000152482e+00,-1.479087473680433584e+00,1.313701540654455269e-01,-3.585993037965631629e+02,1.108792062494185693e+01
9.935000000000153264e+00,-1.478422209394601117e+00,8.644709719080596877e-02,-3.605857462959103827e+02,1.127615204032654006e+01
9.940000000000154046e+00,-1.477959448039888546e+00,8.535131016156412287e-02,-2.975434354476895464e+02,1.134463686721165843e+01
9.945000000000154827e+00,-1.476890183294517378e+00,-2.821860514555540184e-02,-4.118390252173154522e+02,1.153697861917180312e+01
9.950000000000155609e+00,-1.476045120035974545e+00,-4.375200217622839116e-02,-4.182801329252041000e+02,1.126729402778562950e+01
9.955000000000156390e+00,-1.475381633812209436e+00,-1.864682853870555657e-02,-3.121528378322938124e+02,1.109698911513272357e+01
9.960000000000157172e+00,-1.474972227924585821e+00,-6.243470217819172691e-02,-3.381138326354007404e+02,1.117832418910074033e+01
9.965000000000157954e+00,-1.475577193577960022e+00,-1.494860942105393220e-01,-4.561011338394891936e+02,1.090307077121404156e+01
9.970000000000158735e+00,-1.474995905763595294e+00,-5.522146010855205622e-02,-4.067561623408464015e+02,1.108110439601858133e+01
9.975000000000159517e+00,-1.475937743097321730e+00,1.337410847021820171e-01,7.813256170360423312e+02,1.114940502095211983e+01
9.980000000000160298e+00,-1.476052530712356647e+00,2.512762618226904165e-01,7.244802902544050767e+02,1.111705313565693132e+01
9.985000000000161080e+00,-1.477532341782191727e+00,-6.576191784220064562e-01,-4.075446747269034518e+02,1.050722727579557336e+01
9.990000000000161862e+00,-1.478766059433443525e+00,-3.572838087190994272e-01,-4.291530852810631700e+02,1.090072536809569748e+01
9.995000000000162643e+00,-1.480902393396523520e+00,-4.999846383827739882e-02,8.320193770976731003e+02,1.067729796303088108e+01
1.000000000000016342e+01,-1.483976412488128283e+00,-9.761121448103141640e-01,-4.403789318103566188e+02,1.040769120914443846e+01
