7.460999768227338791e-04,8.392001036554574966e-04,7.326999912038445473e-04,6.323999259620904922e-04
9.051999077200889587e-04,2.100800047628581524e-03,7.733000675216317177e-04,6.551999831572175026e-04
7.831000257283449173e-04,2.672099974006414413e-03,7.913000881671905518e-04,6.918999133631587029e-04
1.143499976024031639e-03,1.660499954596161842e-03,1.094099949114024639e-03,6.402999861165881157e-04
7.701000431552529335e-04,2.549699973315000534e-03,7.754999678581953049e-04,1.866600010544061661e-03
1.149400020949542522e-03,9.064000332728028297e-04,7.748999632894992828e-04,7.625999860465526581e-04
7.267000619322061539e-04,7.486999966204166412e-04,7.417999440804123878e-04,6.798999384045600891e-04
7.378000300377607346e-04,9.006999898701906204e-04,7.690999191254377365e-04,6.807999452576041222e-04
7.299000862985849380e-04,1.055900007486343384e-03,8.465000428259372711e-04,7.346000056713819504e-04
7.577000651508569717e-04,7.241000421345233917e-04,7.764999754726886749e-04,1.000399934127926826e-03
7.512000156566500664e-04,8.104000007733702660e-04,8.218999719247221947e-04,6.792999338358640671e-04
7.407999364659190178e-04,1.546399900689721107e-03,7.445999654009938240e-04,6.627000402659177780e-04
8.131000213325023651e-04,1.015700050629675388e-03,7.540000369772315025e-04,6.963999476283788681e-04
8.020000532269477844e-04,1.155800069682300091e-03,7.394000422209501266e-04,7.564000552520155907e-04
7.489999989047646523e-04,1.995599945075809956e-03,1.423600013367831707e-03,6.632999284192919731e-04
7.462999783456325531e-04,8.021999383345246315e-04,7.284999592229723930e-04,7.284999592229723930e-04
7.235000375658273697e-04,7.582000689581036568e-04,7.977000204846262932e-04,6.739000091329216957e-04
7.058000192046165466e-04,9.384000441059470177e-04,8.190000662580132484e-04,6.486999336630105972e-04
7.234999211505055428e-04,9.781999979168176651e-04,7.868000539019703865e-04,9.219999192282557487e-04
7.010999834164977074e-04,1.342399977147579193e-03,7.820000173524022102e-04,7.586999563500285149e-04
7.204000139608979225e-04,8.108000038191676140e-04,7.557999342679977417e-04,6.840999703854322433e-04
1.318200025707483292e-03,8.039000676944851875e-04,7.774999830871820450e-04,6.729000015184283257e-04
9.357000235468149185e-04,1.854900037869811058e-03,7.785999914631247520e-04,6.666999543085694313e-04
1.130999997258186340e-03,2.924199914559721947e-03,7.298999698832631111e-04,6.904000183567404747e-04
7.537000346928834915e-04,7.349000079557299614e-04,7.398000452667474747e-04,6.459999131038784981e-04
7.476999890059232712e-04,1.827400061301887035e-03,7.638999959453940392e-04,6.917000282555818558e-04
7.684999145567417145e-04,7.374999113380908966e-04,8.276000153273344040e-04,6.222999654710292816e-04
7.775999838486313820e-04,1.027799909934401512e-03,9.172999998554587364e-04,1.407000003382563591e-03
8.079999824985861778e-04,1.769599970430135727e-03,7.604999700561165810e-04,6.969999521970748901e-04
7.359000155702233315e-04,1.217699958942830563e-03,7.422000635415315628e-04,1.065899967215955257e-03
7.730000652372837067e-04,2.106899977661669254e-03,1.360099995508790016e-03,8.237999863922595978e-04
7.562000537291169167e-04,8.200000738725066185e-04,9.848000481724739075e-04,7.224000291898846626e-04
7.444999646395444870e-04,1.237799995578825474e-03,9.613999864086508751e-04,6.288000149652361870e-04
7.036000024527311325e-04,8.127000182867050171e-04,8.143000304698944092e-04,6.956999422982335091e-04
7.270000642165541649e-04,2.836400060914456844e-03,7.799000013619661331e-04,1.048699952661991119e-03
1.437900005839765072e-03,9.778999956324696541e-04,1.149700023233890533e-03,6.783000426366925240e-04
7.433000719174742699e-04,7.513000164180994034e-04,8.099999977275729179e-04,7.067000260576605797e-04
7.047000108286738396e-04,1.334100030362606049e-03,8.066999725997447968e-04,6.618000334128737450e-04
7.542999228462576866e-04,1.034900080412626266e-03,7.330999942496418953e-04,1.158000086434185505e-03
7.205998990684747696e-04,8.653000695630908012e-04,7.773999823257327080e-04,6.267999997362494469e-04
7.326999912038445473e-04,8.558999979868531227e-04,7.698000408709049225e-04,1.353100058622658253e-03
7.655998924747109413e-04,1.006099977530539036e-03,7.555999327450990677e-04,6.660999497398734093e-04
7.212999043986201286e-04,1.561200013384222984e-03,7.094000466167926788e-04,6.503000622615218163e-04
7.400999311357736588e-04,9.158999891951680183e-04,7.831000257283449173e-04,6.576000014320015907e-04
1.815399969927966595e-03,9.573000716045498848e-04,8.621000451967120171e-04,6.555999862030148506e-04
7.919999770820140839e-04,7.963000098243355751e-04,7.990000303834676743e-04,6.638000486418604851e-04
7.784999907016754150e-04,1.199100050143897533e-03,7.571999449282884598e-04,1.160999992862343788e-03
7.263000588864088058e-04,9.967000223696231842e-04,7.573000621050596237e-04,9.882000740617513657e-04
1.376100000925362110e-03,3.057599999010562897e-03,7.305999752134084702e-04,9.360000258311629295e-04
7.101999362930655479e-04,2.936900011263787746e-03,7.988000288605690002e-04,7.708000484853982925e-04
7.895999588072299957e-04,2.335599972866475582e-03,7.558000506833195686e-04,7.298999698832631111e-04
7.736999541521072388e-04,1.573499990627169609e-03,7.131999591365456581e-04,6.970000686123967171e-04
1.416299957782030106e-03,2.703100093640387058e-03,7.734000682830810547e-04,7.170999888330698013e-04
7.237999234348535538e-04,1.309599960222840309e-03,7.532000308856368065e-04,8.779000490903854370e-04
7.413999410346150398e-04,1.562799909152090549e-03,8.453000336885452271e-04,8.720000041648745537e-04
7.465999806299805641e-04,8.015000494197010994e-04,7.647000020369887352e-04,9.701999370008707047e-04
7.228000322356820107e-04,1.402599969878792763e-03,7.751999655738472939e-04,9.064999176189303398e-04
7.315999828279018402e-04,1.333400025032460690e-03,7.261000573635101318e-04,7.706000469624996185e-04
7.504000095650553703e-04,6.904999027028679848e-04,7.873000577092170715e-04,6.652999436482787132e-04
7.345000049099326134e-04,2.659000107087194920e-03,8.323999354615807533e-04,6.535999709740281105e-04
9.667000267654657364e-04,8.839999791234731674e-04,8.476000512018799782e-04,6.626999238505959511e-04
7.408000528812408447e-04,2.514300053007900715e-03,7.943999953567981720e-04,8.072000928223133087e-04
7.304999744519591331e-04,8.966999594122171402e-04,8.025000570341944695e-04,6.248999852687120438e-04
7.592000765725970268e-04,9.273000760003924370e-04,7.769999792799353600e-04,6.723999977111816406e-04
7.075999164953827858e-04,9.070999221876263618e-04,7.787999929860234261e-04,1.054499996826052666e-03
7.070000283420085907e-04,1.304100034758448601e-03,7.547000423073768616e-04,6.810000631958246231e-04
7.289000786840915680e-04,1.335899927653372288e-03,7.935999892652034760e-04,7.162999827414751053e-04
7.367999060079455376e-04,1.126299961470067501e-03,8.137000259011983871e-04,1.568299951031804085e-03
1.295499969273805618e-03,7.782999891787767410e-04,7.529999129474163055e-04,6.672000745311379433e-04
7.256000535562634468e-04,7.800000021234154701e-04,7.549999281764030457e-04,6.349999457597732544e-04
7.949999999254941940e-04,1.080699963495135307e-03,7.445999654009938240e-04,9.412000654265284538e-04
8.623000467196106911e-04,1.212400035001337528e-03,9.455999825149774551e-04,6.867999909445643425e-04
7.597999647259712219e-04,8.095999946817755699e-04,7.721000583842396736e-04,6.068999646231532097e-04
7.468999829143285751e-04,2.547900076024234295e-03,7.479999912902712822e-04,6.679000798612833023e-04
7.181999972090125084e-04,1.960000023245811462e-03,1.111499965190887451e-03,6.064999615773558617e-04
7.187000010162591934e-04,8.565000025555491447e-04,7.614999776706099510e-04,1.070800004526972771e-03
7.197000086307525635e-04,9.012001100927591324e-04,7.345000049099326134e-04,6.882000016048550606e-04
7.176001090556383133e-04,7.710000500082969666e-04,7.701999275013804436e-04,6.893000099807977676e-04
7.292999653145670891e-04,8.415000047534704208e-04,7.275000680238008499e-04,6.213999586179852486e-04
1.101799891330301762e-03,8.178999414667487144e-04,7.922999793663620949e-04,7.136999629437923431e-04
7.427999516949057579e-04,8.708999957889318466e-04,7.441000780090689659e-04,6.521999603137373924e-04
1.307500060647726059e-03,7.352000102400779724e-04,8.369999704882502556e-04,6.791999330744147301e-04
7.247000467032194138e-04,1.606800011359155178e-03,7.409999379888176918e-04,6.119998870417475700e-04
9.715000633150339127e-04,8.888000156730413437e-04,7.541999220848083496e-04,6.131000118330121040e-04
7.471999851986765862e-04,7.860999321565032005e-04,8.082999847829341888e-04,6.446000188589096069e-04
7.584000704810023308e-04,7.555999327450990677e-04,7.342000026255846024e-04,6.170000415295362473e-04
1.158899976871907711e-03,1.000199932605028152e-03,1.400100067257881165e-03,6.638000486418604851e-04
7.346000056713819504e-04,1.580999931320548058e-03,7.360000163316726685e-04,6.256999913603067398e-04
8.222999749705195427e-04,1.215799944475293159e-03,7.179999956861138344e-04,6.770000327378511429e-04
7.300999714061617851e-04,1.906099962070584297e-03,7.227000314742326736e-04,8.235001005232334137e-04
7.313999813050031662e-04,2.376200049184262753e-03,7.627999875694513321e-04,6.366999587044119835e-04
7.472999859601259232e-04,1.275300048291683197e-03,7.816000143066048622e-04,6.712999893352389336e-04
8.458999218419194221e-04,2.495099906809628010e-03,7.548000430688261986e-04,1.194200012832880020e-03
7.164999842643737793e-04,1.003600074909627438e-03,7.621999830007553101e-04,9.849999332800507545e-04
7.327999919652938843e-04,1.332700019702315331e-03,7.399000460281968117e-04,6.321000400930643082e-04
7.477999897673726082e-04,7.970998995006084442e-04,7.655000081285834312e-04,6.463000318035483360e-04
7.368000224232673645e-04,7.938999915495514870e-04,7.284999592229723930e-04,9.169999975711107254e-04
7.153999758884310722e-04,8.019999368116259575e-04,8.363999659195542336e-04,8.623000467196106911e-04
7.443999638780951500e-04,2.780999988317489624e-03,7.888999534770846367e-04,8.308000396937131882e-04
7.352000102400779724e-04,2.214499982073903084e-03,7.652000058442354202e-04,6.945999339222908020e-04
7.046000100672245026e-04,2.381999976933002472e-03,7.547999266535043716e-04,2.811499987728893757e-03
7.107000565156340599e-04,1.469500013627111912e-03,1.087400014512240887e-03,6.771000334993004799e-04
6.800000555813312531e-04,9.124999633058905602e-04,7.706999313086271286e-04,6.882000016048550606e-04
6.781999254599213600e-04,2.620599931105971336e-03,7.713000522926449776e-04,8.517000824213027954e-04
6.986000807955861092e-04,1.928100013174116611e-03,8.252999978139996529e-04,6.767000304535031319e-04
7.014999864622950554e-04,8.474000496789813042e-04,7.616999791935086250e-04,6.560999900102615356e-04
6.842999719083309174e-04,1.872099936008453369e-03,7.365000201389193535e-04,7.155999774113297462e-04
7.549999281764030457e-04,1.547199906781315804e-03,7.829999085515737534e-04,6.877999985590577126e-04
7.484999950975179672e-04,8.809000719338655472e-04,7.926999824121594429e-04,6.754999049007892609e-04
7.007999811321496964e-04,2.271900069899857044e-03,7.790999952703714371e-04,7.147000869736075401e-04
7.137999637052416801e-04,1.070700003765523434e-03,7.353000110015273094e-04,6.992999697104096413e-04
7.419000612571835518e-04,9.991000406444072723e-04,7.831000257283449173e-04,7.109000580385327339e-04
6.908000214025378227e-04,1.279499963857233524e-03,8.768000407144427299e-04,6.748000159859657288e-04
6.794999353587627411e-04,3.358899964950978756e-03,8.296000305563211441e-04,6.378000834956765175e-04
7.100999355316162109e-04,1.234999974258244038e-03,7.988000288605690002e-04,6.662999512627720833e-04
7.452999707311391830e-04,1.062200055457651615e-03,1.886900048702955246e-03,6.299000233411788940e-04
7.342000026255846024e-04,1.560200005769729614e-03,7.857999298721551895e-04,6.066999631002545357e-04
6.762000266462564468e-04,8.960999548435211182e-04,7.606000872328877449e-04,6.425000028684735298e-04
7.041000062599778175e-04,1.134499907493591309e-03,7.908999687060713768e-04,6.172000430524349213e-04
7.420999463647603989e-04,9.990000398829579353e-04,7.501000072807073593e-04,1.198699930682778358e-03
7.061000214889645576e-04,1.654399908147752285e-03,7.693000370636582375e-04,6.973999552428722382e-04
7.071000291034579277e-04,1.426999922841787338e-03,8.094999939203262329e-04,6.648000562563538551e-04
7.331999950110912323e-04,2.308900002390146255e-03,1.154799945652484894e-03,8.501999545842409134e-04
7.093999302014708519e-04,7.480999920517206192e-04,8.189999498426914215e-04,9.366000303998589516e-04
6.820000708103179932e-04,1.800800091587007046e-03,8.129999041557312012e-04,6.252999883145093918e-04
6.962000625208020210e-04,7.452000863850116730e-04,7.284999592229723930e-04,9.779999963939189911e-04
6.988999666646122932e-04,1.062299939803779125e-03,7.607000879943370819e-04,6.977000739425420761e-04
7.409000536426901817e-04,9.988000383600592613e-04,7.357000140473246574e-04,6.493000546470284462e-04
6.758000236004590988e-04,1.501699909567832947e-03,8.324999362230300903e-04,9.607999818399548531e-04
6.905000191181898117e-04,8.179999422281980515e-04,7.618000963702797890e-04,8.400999940931797028e-04
7.262999424710869789e-04,8.269998943433165550e-04,7.387000368908047676e-04,6.674000760540366173e-04
7.423000643029808998e-04,8.446000283583998680e-04,7.529000286012887955e-04,7.008999818935990334e-04
7.129000732675194740e-04,1.071800012141466141e-03,7.745999610051512718e-04,6.130000110715627670e-04
6.929999217391014099e-04,7.422999478876590729e-04,7.606999715790152550e-04,6.893000099807977676e-04
7.112000603228807449e-04,1.032300060614943504e-03,1.072200015187263489e-03,6.623000372201204300e-04
6.937000434845685959e-04,1.295799971558153629e-03,7.841999176889657974e-04,7.595999632030725479e-04
1.096399966627359390e-03,7.888000691309571266e-04,8.113000076264142990e-04,6.140000186860561371e-04
6.893000099807977676e-04,1.992000034078955650e-03,8.416000055149197578e-04,6.386999739333987236e-04
8.617000421509146690e-04,7.756000850349664688e-04,8.500000694766640663e-04,6.521000759676098824e-04
6.825999589636921883e-04,2.265300019644200802e-03,1.059299916960299015e-03,7.678000256419181824e-04
6.975999567657709122e-04,1.055900007486343384e-03,7.982000242918729782e-04,6.919000297784805298e-04
7.360000163316726685e-04,7.359000155702233315e-04,7.688999176025390625e-04,6.402999861165881157e-04
7.055000169202685356e-04,1.880600000731647015e-03,8.388001006096601486e-04,6.581000052392482758e-04
7.044000085443258286e-04,1.780400052666664124e-03,7.658000104129314423e-04,7.751999655738472939e-04
6.987999659031629562e-04,8.834999753162264824e-04,7.852999260649085045e-04,6.981000769883394241e-04
8.361999643966555595e-04,9.916999842971563339e-04,9.901999728754162788e-04,6.623999215662479401e-04
6.821000715717673302e-04,8.811999578028917313e-04,7.506000110879540443e-04,6.905000191181898117e-04
6.751000182703137398e-04,1.085700001567602158e-03,7.827000226825475693e-04,8.763000369071960449e-04
6.743000121787190437e-04,1.072100014425814152e-03,8.121000137180089951e-04,6.847000913694500923e-04
6.822999566793441772e-04,7.869000546634197235e-04,7.525000255554914474e-04,6.553001003339886665e-04
6.778000388294458389e-04,1.222199993208050728e-03,7.907000835984945297e-04,7.218000246211886406e-04
6.743000121787190437e-04,8.621000451967120171e-04,8.024000562727451324e-04,6.461000302806496620e-04
7.592999609187245369e-04,8.374999742954969406e-04,7.612999761477112770e-04,6.942999316379427910e-04
7.264000596478581429e-04,7.998000364750623703e-04,7.482999935746192932e-04,1.526099978946149349e-03
7.506000110879540443e-04,7.835000287741422653e-04,8.017999352887272835e-04,6.716999923810362816e-04
7.687000324949622154e-04,8.028000593185424805e-04,7.806000066921114922e-04,6.481000455096364021e-04
1.256000017747282982e-03,7.975000189617276192e-04,7.545000407844781876e-04,7.515000179409980774e-04
6.828999612480401993e-04,8.528999751433730125e-04,9.232999291270971298e-04,7.740999571979045868e-04
1.309399958699941635e-03,7.837999146431684494e-04,1.084299990907311440e-03,9.219000348821282387e-04
1.121500041335821152e-03,1.083299983292818069e-03,7.961000083014369011e-04,7.635999936610460281e-04
7.642999989911913872e-04,7.757999701425433159e-04,7.783999899402260780e-04,6.852999795228242874e-04
7.145999697968363762e-04,7.704000454396009445e-04,7.795999990776181221e-04,7.806000066921114922e-04
7.082000374794006348e-04,7.722999434918165207e-04,7.443000795319676399e-04,8.880000095814466476e-04
7.219000253826379776e-04,1.029099919833242893e-03,8.095999946817755699e-04,9.045000188052654266e-04
7.854999275878071785e-04,7.769999792799353600e-04,7.466999813914299011e-04,8.447000291198492050e-04
7.665000157430768013e-04,7.765999762341380119e-04,7.500000065192580223e-04,8.089001057669520378e-04
7.332999957725405693e-04,7.563000544905662537e-04,9.325999999418854713e-04,8.292000275105237961e-04
7.816998986527323723e-04,8.160999277606606483e-04,8.052999619394540787e-04,7.690000347793102264e-04
7.266000611707568169e-04,7.844000356271862984e-04,7.654000073671340942e-04,6.808000616729259491e-04
7.038000039756298065e-04,7.518000202253460884e-04,9.585999650880694389e-04,7.617999799549579620e-04
7.461999775841832161e-04,7.696999236941337585e-04,7.655000081285834312e-04,6.893998943269252777e-04
6.958999438211321831e-04,7.895000744611024857e-04,7.413000566884875298e-04,6.755000213161110878e-04
7.067000260576605797e-04,7.759000873193144798e-04,8.226999780163168907e-04,6.871999939903616905e-04
7.220000261440873146e-04,7.975000189617276192e-04,8.835999760776758194e-04,6.770999170839786530e-04
6.955000571906566620e-04,7.642999989911913872e-04,7.570000598207116127e-04,7.295999675989151001e-04
1.040600007399916649e-03,8.099999977275729179e-04,8.076999802142381668e-04,6.943000480532646179e-04
7.585999555885791779e-04,7.420000620186328888e-04,8.285000221803784370e-04,6.628000410273671150e-04
7.831999100744724274e-04,7.490999996662139893e-04,8.421000093221664429e-04,6.417999975383281708e-04
8.036999497562646866e-04,7.626999868080019951e-04,7.547000423073768616e-04,7.013999857008457184e-04
7.276999531313776970e-04,1.038399990648031235e-03,7.663000142201781273e-04,9.344000136479735374e-04
6.715999916195869446e-04,7.766999769955873489e-04,8.209000807255506516e-04,6.780999246984720230e-04
6.923000328242778778e-04,7.394999265670776367e-04,8.131000213325023651e-04,6.637999322265386581e-04
6.768000312149524689e-04,7.505000103265047073e-04,7.748000789433717728e-04,6.405999884009361267e-04
6.861999863758683205e-04,7.518000202253460884e-04,7.637999951839447021e-04,6.701999809592962265e-04
7.016999879851937294e-04,8.369999704882502556e-04,7.728999480605125427e-04,6.711999885737895966e-04
7.073000306263566017e-04,7.261000573635101318e-04,7.642001146450638771e-04,6.394999800249934196e-04
6.838999688625335693e-04,7.432000711560249329e-04,7.899000775068998337e-04,6.471000378951430321e-04
6.694999756291508675e-04,9.489000076428055763e-04,1.006699982099235058e-03,6.361999548971652985e-04
7.055000169202685356e-04,7.024999940767884254e-04,7.628001039847731590e-04,6.581000052392482758e-04
7.021999917924404144e-04,8.098999969661235809e-04,7.784999907016754150e-04,6.152999121695756912e-04
7.554000476375222206e-04,7.877000607550144196e-04,7.676000241190195084e-04,6.855999818071722984e-04
6.855999818071722984e-04,7.632999913766980171e-04,8.280000183731317520e-04,6.907000206410884857e-04
8.362000808119773865e-04,9.363000281155109406e-04,7.839999161660671234e-04,6.853999802842736244e-04
7.039000047370791435e-04,7.383999181911349297e-04,8.235999848693609238e-04,6.673000752925872803e-04
6.737000076100230217e-04,7.557000499218702316e-04,7.442000787705183029e-04,6.420999998226761818e-04
6.918000290170311928e-04,7.496000034734606743e-04,8.150000358000397682e-04,1.294699963182210922e-03
7.013999857008457184e-04,7.586000720039010048e-04,8.148000342771410942e-04,6.386999739333987236e-04
7.451000856235623360e-04,7.437999593093991280e-04,1.158599974587559700e-03,6.849999772384762764e-04
7.327999919652938843e-04,7.990000303834676743e-04,7.788999937474727631e-04,7.077000336721539497e-04
7.384999189525842667e-04,7.625999860465526581e-04,7.646000012755393982e-04,7.394000422209501266e-04
7.378000300377607346e-04,7.556000491604208946e-04,8.071999764069914818e-04,6.901999004185199738e-04
1.019500079564750195e-03,7.670999038964509964e-04,7.457999745383858681e-04,7.708999328315258026e-04
7.251999340951442719e-04,7.462999783456325531e-04,7.827000226825475693e-04,9.072000393643975258e-04
6.707001011818647385e-04,7.712000515311956406e-04,1.057200017385184765e-03,1.089000026695430279e-03
7.355000125244259834e-04,1.017800066620111465e-03,7.659000111743807793e-04,7.975000189617276192e-04
7.303999736905097961e-04,7.645000005140900612e-04,7.626999868080019951e-04,9.708999423310160637e-04
6.789000472053885460e-04,7.551000453531742096e-04,8.742000209167599678e-04,9.302999824285507202e-04
7.082000374794006348e-04,7.652000058442354202e-04,7.765999762341380119e-04,1.277799950912594795e-03
7.242999272421002388e-04,7.612999761477112770e-04,7.964000105857849121e-04,1.621500006876885891e-03
7.397000445052981377e-04,7.507000118494033813e-04,7.588999578729271889e-04,8.411000017076730728e-04
7.698000408709049225e-04,7.519000209867954254e-04,7.557999342679977417e-04,1.010600011795759201e-03
6.999000906944274902e-04,7.471999851986765862e-04,7.039000047370791435e-04,1.266300096176564693e-03
7.249999325722455978e-04,7.629001047462224960e-04,9.694000473245978355e-04,1.256700023077428341e-03
7.230999181047081947e-04,7.664000149816274643e-04,7.480999920517206192e-04,7.726000621914863586e-04
7.120999507606029510e-04,8.346000686287879944e-04,7.544999243691563606e-04,7.300999714061617851e-04
7.826000219210982323e-04,8.159999269992113113e-04,1.208600006066262722e-03,1.273400033824145794e-03
7.637999951839447021e-04,9.124999633058905602e-04,7.806998910382390022e-04,1.150999916717410088e-03
7.049000123515725136e-04,7.492000004276633263e-04,8.199999574571847916e-04,7.487999973818659782e-04
7.188000017777085304e-04,7.960000075399875641e-04,7.910999702289700508e-04,7.973000174388289452e-04
7.072000298649072647e-04,7.660000119358301163e-04,7.393000414595007896e-04,8.779000490903854370e-04
6.822000723332166672e-04,8.078000973910093307e-04,8.547999896109104156e-04,1.327799982391297817e-03
7.713000522926449776e-04,7.546000415459275246e-04,7.607999723404645920e-04,1.068799989297986031e-03
7.193000055849552155e-04,8.112000068649649620e-04,8.326000533998012543e-04,1.232699956744909286e-03
6.907999049872159958e-04,1.114199985750019550e-03,7.875999435782432556e-04,7.966000121086835861e-04
6.802000571042299271e-04,7.630999898537993431e-04,7.571000605821609497e-04,8.365999674424529076e-04
7.112000603228807449e-04,7.631999906152486801e-04,7.770999800413846970e-04,1.042999909259378910e-03
7.237999234348535538e-04,7.778999861329793930e-04,8.132999064400792122e-04,7.443999638780951500e-04
7.191000040620565414e-04,7.667000172659754753e-04,8.080999832600355148e-04,1.190999988466501236e-03
6.902000168338418007e-04,7.659000111743807793e-04,7.971000159159302711e-04,9.915999835357069969e-04
8.084001019597053528e-04,7.856999291107058525e-04,9.081000462174415588e-04,8.495000656694173813e-04
7.983999093994498253e-04,7.581999525427818298e-04,1.154100056737661362e-03,8.664999622851610184e-04
7.621999830007553101e-04,7.631999906152486801e-04,8.893999038264155388e-04,1.165700028650462627e-03
9.160999907180666924e-04,7.977000204846262932e-04,1.082999981008470058e-03,8.450999157503247261e-04
7.324999896809458733e-04,7.592999609187245369e-04,9.300999809056520462e-04,7.592000765725970268e-04
7.354000117629766464e-04,7.658000104129314423e-04,8.796999463811516762e-04,7.812000112608075142e-04
7.311999797821044922e-04,7.712000515311956406e-04,9.010999929159879684e-04,9.614999871701002121e-04
7.073000306263566017e-04,8.297000313177704811e-04,7.617999799549579620e-04,6.456000264734029770e-04
6.904000183567404747e-04,7.307000923901796341e-04,7.615999784320592880e-04,6.527999648824334145e-04
8.007000433281064034e-04,7.526999106630682945e-04,7.627001032233238220e-04,1.229600049555301666e-03
7.162999827414751053e-04,2.735199988819658756e-03,7.526000263169407845e-04,1.006600097753107548e-03
6.806999444961547852e-04,1.627100049518048763e-03,7.767999777570366859e-04,7.218000246211886406e-04
7.446999661624431610e-04,7.653000066056847572e-04,7.455000886693596840e-04,6.678999634459614754e-04
6.981000769883394241e-04,7.585000712424516678e-04,7.421999471262097359e-04,7.701999275013804436e-04
7.008999818935990334e-04,7.592999609187245369e-04,7.820000173524022102e-04,6.942000472918152809e-04
7.167999865487217903e-04,7.535999175161123276e-04,7.840000325813889503e-04,7.359000155702233315e-04
6.802000571042299271e-04,7.616999791935086250e-04,8.079999824985861778e-04,9.415000677108764648e-04
9.685000404715538025e-04,7.391000399366021156e-04,8.478000527247786522e-04,8.219000883400440216e-04
7.449999684467911720e-04,7.495000027120113373e-04,7.818000158295035362e-04,7.309000939130783081e-04
7.210999028757214546e-04,1.457299920730292797e-03,7.912000874057412148e-04,6.762999109923839569e-04
6.767999147996306419e-04,7.898999610915780067e-04,7.296999683603644371e-04,7.911999709904193878e-04
6.694999756291508675e-04,6.932999240234494209e-04,7.751000812277197838e-04,7.515000179409980774e-04
6.846999749541282654e-04,7.148999720811843872e-04,7.876999443396925926e-04,7.176999934017658234e-04
7.697000401094555855e-04,7.361000170931220055e-04,8.383999811485409737e-04,9.774999925866723061e-04
6.942999316379427910e-04,1.252299989573657513e-03,7.612999761477112770e-04,1.201499952003359795e-03
6.828000769019126892e-04,9.985000360757112503e-04,7.419999456033110619e-04,7.946999976411461830e-04
7.445000810548663139e-04,8.019999368116259575e-04,1.015800051391124725e-03,7.030999986454844475e-04
6.929999217391014099e-04,7.760999724268913269e-04,7.542999228462576866e-04,8.664000779390335083e-04
7.661000126972794533e-04,7.202000124379992485e-04,1.038599992170929909e-03,6.693999748677015305e-04
7.136999629437923431e-04,1.801800099201500416e-03,7.618999807164072990e-04,7.624999852851033211e-04
6.920000305399298668e-04,7.882000645622611046e-04,7.655000081285834312e-04,6.788000464439392090e-04
6.777000380679965019e-04,7.361000170931220055e-04,8.118998957797884941e-04,6.300000241026282310e-04
6.724999984726309776e-04,7.980999071151018143e-04,7.477999897673726082e-04,7.609999738633632660e-04
7.253999356180429459e-04,7.112999446690082550e-04,8.761999197304248810e-04,6.214000750333070755e-04
7.716999389231204987e-04,8.829999715089797974e-04,8.401999948546290398e-04,6.443999009206891060e-04
6.591000128537416458e-04,7.368000224232673645e-04,7.299999706447124481e-04,6.999999750405550003e-04
7.114999461919069290e-04,7.982999086380004883e-04,9.460999863222241402e-04,1.584900077432394028e-03
6.832999642938375473e-04,7.956000044941902161e-04,8.018000517040491104e-04,6.834999658167362213e-04
7.081999210640788078e-04,9.208999108523130417e-04,8.931000484153628349e-04,6.571999983862042427e-04
6.776999216526746750e-04,7.197000086307525635e-04,1.350300037302076817e-03,7.363999029621481895e-04
7.736999541521072388e-04,8.529999759048223495e-04,7.512000156566500664e-04,6.568999961018562317e-04
7.530999137088656425e-04,7.202000124379992485e-04,7.689999183639883995e-04,6.545999785885214806e-04
7.119999499991536140e-04,7.772999815642833710e-04,9.504000190645456314e-04,8.011000463739037514e-04
7.024999940767884254e-04,7.319999858736991882e-04,7.089000428095459938e-04,6.157999159768223763e-04
7.122000679373741150e-04,7.674000225961208344e-04,8.139999117702245712e-04,7.492000004276633263e-04
7.096000481396913528e-04,7.362000178545713425e-04,7.622000994160771370e-04,6.794000510126352310e-04
6.807000609114766121e-04,7.544000400230288506e-04,7.999999215826392174e-04,6.974999560043215752e-04
6.841999711468815804e-04,7.683000294491648674e-04,7.712000515311956406e-04,1.556699979119002819e-03
7.802000036463141441e-04,7.794999983161687851e-04,7.540999213233590126e-04,7.199000101536512375e-04
7.251999340951442719e-04,7.550000445917248726e-04,7.635999936610460281e-04,6.543999770656228065e-04
7.188998861238360405e-04,7.503000088036060333e-04,7.430000696331262589e-04,9.196000173687934875e-04
7.089000428095459938e-04,7.723000599071383476e-04,1.307899947278201580e-03,6.810999475419521332e-04
6.807000609114766121e-04,7.795999990776181221e-04,9.465999901294708252e-04,6.664999527856707573e-04
7.064000237733125687e-04,1.016400055959820747e-03,7.300999714061617851e-04,7.782999891787767410e-04
7.474999874830245972e-04,9.756999788805842400e-04,7.809000089764595032e-04,7.017999887466430664e-04
7.696999236941337585e-04,7.787999929860234261e-04,1.769000082276761532e-03,6.634000455960631371e-04
6.942000472918152809e-04,7.956000044941902161e-04,8.033999474719166756e-04,8.281000191345810890e-04
7.651000050827860832e-04,1.088700024411082268e-03,7.770000956952571869e-04,6.097999867051839828e-04
9.616999886929988861e-04,7.647000020369887352e-04,7.387000368908047676e-04,6.975999567657709122e-04
6.784000433981418610e-04,8.473000489175319672e-04,7.363000186160206795e-04,7.789999945089221001e-04
7.425999501720070839e-04,7.546000415459275246e-04,7.588000735267996788e-04,6.597999017685651779e-04
7.547000423073768616e-04,7.735999533906579018e-04,7.762999739497900009e-04,6.629999261349439621e-04
7.068000268191099167e-04,7.460999768227338791e-04,7.385000353679060936e-04,6.806999444961547852e-04
7.230000337585806847e-04,7.807000074535608292e-04,8.853001054376363754e-04,7.221000269055366516e-04
7.159000961109995842e-04,9.926999919116497040e-04,7.628999883309006691e-04,7.534999167546629906e-04
7.384999189525842667e-04,7.594999624416232109e-04,8.094999939203262329e-04,6.813999498263001442e-04
7.247999310493469238e-04,7.373000262305140495e-04,7.839000318199396133e-04,6.961999461054801941e-04
6.760999094694852829e-04,7.694999221712350845e-04,7.525999099016189575e-04,6.780000403523445129e-04
8.692999836057424545e-04,1.016900059767067432e-03,8.306000381708145142e-04,6.883000023663043976e-04
6.742000114172697067e-04,1.136800041422247887e-03,7.687000324949622154e-04,6.918000290170311928e-04
6.717999931424856186e-04,1.089500030502676964e-03,8.282000198960304260e-04,9.447999764233827591e-04
6.892000092193484306e-04,7.624999852851033211e-04,7.511000148952007294e-04,9.990000398829579353e-04
6.750000175088644028e-04,7.442000787705183029e-04,9.432999650016427040e-04,6.837999681010842323e-04
7.966000121086835861e-04,8.496999507769942284e-04,1.174099976196885109e-03,6.760000251233577728e-04
6.770999170839786530e-04,9.277999633923172951e-04,8.063999703153967857e-04,6.465999176725745201e-04
7.889999542385339737e-04,8.269000099971890450e-04,7.612999761477112770e-04,7.094999309629201889e-04
7.138999644666910172e-04,7.588000735267996788e-04,8.224999764934182167e-04,6.933999247848987579e-04
7.151999743655323982e-04,7.373000262305140495e-04,7.977999048307538033e-04,6.752000190317630768e-04
7.171999895945191383e-04,7.761999731883406639e-04,8.213999681174755096e-04,7.531000301241874695e-04
6.915999110788106918e-04,8.114000083878636360e-04,7.707000477239489555e-04,6.707999855279922485e-04
7.000999758020043373e-04,7.726999465376138687e-04,7.895000744611024857e-04,6.737000076100230217e-04
7.262000581249594688e-04,7.958000060170888901e-04,7.708000484853982925e-04,6.515999557450413704e-04
7.190000033006072044e-04,8.407999994233250618e-04,8.882000111043453217e-04,6.517999572679400444e-04
7.736000698059797287e-04,7.628999883309006691e-04,7.664000149816274643e-04,6.787999300286173820e-04
2.210800070315599442e-03,7.715999381616711617e-04,1.243999926373362541e-03,6.209999555721879005e-04
8.063999703153967857e-04,7.695999229326844215e-04,1.192600000649690628e-03,7.682000286877155304e-04
7.346000056713819504e-04,7.956000044941902161e-04,7.693000370636582375e-04,7.170999888330698013e-04
7.236999226734042168e-04,7.750000804662704468e-04,7.979000220075249672e-04,7.485999958589673042e-04
7.541000377386808395e-04,8.113000076264142990e-04,7.666000165045261383e-04,6.615000311285257339e-04
7.434000726789236069e-04,7.683000294491648674e-04,7.896999595686793327e-04,6.833999650552868843e-04
7.550000445917248726e-04,8.006000425666570663e-04,8.400999940931797028e-04,6.525000790134072304e-04
1.082399976439774036e-03,1.067599980160593987e-03,9.407999459654092789e-04,8.235999848693609238e-04
7.154999766498804092e-04,7.772999815642833710e-04,8.074999786913394928e-04,6.635000463575124741e-04
7.141999667510390282e-04,7.954998873174190521e-04,8.081000996753573418e-04,6.713999900966882706e-04
7.011999841779470444e-04,8.415998890995979309e-04,7.772999815642833710e-04,6.739000091329216957e-04
8.739000186324119568e-04,7.566999411210417747e-04,9.002001024782657623e-04,7.405000505968928337e-04
3.936900058761239052e-03,7.550000445917248726e-04,7.608000887557864189e-04,6.488000508397817612e-04
7.706999313086271286e-04,8.127999026328325272e-04,1.126999966800212860e-03,7.271000649780035019e-04
7.149999728426337242e-04,7.671000203117728233e-04,8.388999849557876587e-04,7.611000910401344299e-04
7.314999820664525032e-04,7.634999928995966911e-04,8.069999748840928078e-04,7.767999777570366859e-04
7.217000238597393036e-04,1.100199995562434196e-03,8.295000297948718071e-04,8.094999939203262329e-04
8.290000259876251221e-04,7.518000202253460884e-04,8.154999231919646263e-04,8.663999615237116814e-04
7.879000622779130936e-04,7.642999989911913872e-04,7.204000139608979225e-04,7.482999935746192932e-04
7.883000653237104416e-04,6.948999362066388130e-04,8.038999512791633606e-04,6.934000412002205849e-04
8.136000251397490501e-04,7.423000643029808998e-04,7.506000110879540443e-04,7.319999858736991882e-04
1.183900050818920135e-03,2.831000019796192646e-03,8.057999657467007637e-04,6.560999900102615356e-04
7.379000307992100716e-04,7.260000566020607948e-04,7.883000653237104416e-04,6.381999701261520386e-04
7.793999975547194481e-04,1.229000044986605644e-03,8.729000110179185867e-04,6.976999575272202492e-04
7.388999219983816147e-04,7.481999928131699562e-04,7.871999405324459076e-04,6.809000624343752861e-04
7.921999786049127579e-04,7.748999632894992828e-04,7.735000690445303917e-04,6.548999808728694916e-04
7.931999862194061279e-04,7.387000368908047676e-04,8.161000441759824753e-04,7.088000420480966568e-04
7.889000698924064636e-04,7.514000171795487404e-04,7.842000341042876244e-04,9.673999156802892685e-04
8.112000068649649620e-04,7.658000104129314423e-04,8.041999535635113716e-04,6.774999201297760010e-04
1.295599970035254955e-03,7.693999214097857475e-04,1.088100019842386246e-03,6.948999362066388130e-04
1.023399992845952511e-03,1.058200024999678135e-03,7.815000135451555252e-04,6.691999733448028564e-04
1.167600043118000031e-03,7.629001047462224960e-04,7.296999683603644371e-04,6.685999687761068344e-04
8.252999978139996529e-04,7.607999723404645920e-04,7.696000393480062485e-04,6.307000294327735901e-04
8.424000116065144539e-04,8.404999971389770508e-04,8.359000785276293755e-04,3.068700083531439304e-03
1.480299979448318481e-03,7.704000454396009445e-04,7.615000940859317780e-04,1.081299968063831329e-03
9.386000456288456917e-04,7.710000500082969666e-04,8.439000230282545090e-04,8.731000125408172607e-04
9.530000388622283936e-04,7.526000263169407845e-04,7.648000027984380722e-04,1.028699916787445545e-03
9.924999903887510300e-04,7.596000796183943748e-04,7.747999625280499458e-04,1.079600071534514427e-03
9.637000039219856262e-04,7.581999525427818298e-04,6.999000906944274902e-04,1.263900077901780605e-03
8.195000700652599335e-04,7.250000489875674248e-04,7.701000431552529335e-04,1.294199959374964237e-03
7.160999812185764313e-04,7.742000743746757507e-04,7.339000003412365913e-04,1.275400049053132534e-03
7.852999260649085045e-04,7.785999914631247520e-04,8.252999978139996529e-04,1.401999965310096741e-03
8.337000617757439613e-04,8.076999802142381668e-04,7.622999837622046471e-04,1.316900015808641911e-03
7.131999591365456581e-04,7.566000567749142647e-04,7.540999213233590126e-04,8.851999882608652115e-04
6.878001149743795395e-04,7.449999684467911720e-04,7.247999310493469238e-04,1.372899976558983326e-03
7.402000483125448227e-04,7.616999791935086250e-04,8.106998866423964500e-04,8.284000214189291000e-04
6.800000555813312531e-04,7.672999054193496704e-04,7.923999801278114319e-04,1.203399966470897198e-03
6.910000229254364967e-04,7.019999902695417404e-04,7.915999740362167358e-04,8.040000684559345245e-04
6.861999863758683205e-04,8.009999291971325874e-04,7.347000064328312874e-04,7.780999876558780670e-04
1.042799907736480236e-03,7.004999788478016853e-04,8.093999931588768959e-04,7.061000214889645576e-04
7.594999624416232109e-04,7.186000002548098564e-04,7.981000235304236412e-04,7.012999849393963814e-04
7.943999953567981720e-04,1.138199935667216778e-03,1.307699945755302906e-03,6.593000143766403198e-04
7.859000470489263535e-04,7.691000355407595634e-04,7.716000545769929886e-04,6.735000060871243477e-04
7.290999637916684151e-04,7.769999792799353600e-04,7.961998926475644112e-04,6.900998996570706367e-04
7.795999990776181221e-04,7.219000253826379776e-04,7.583000697195529938e-04,6.603000219911336899e-04
7.756999693810939789e-04,7.992999162524938583e-04,8.453000336885452271e-04,6.103999912738800049e-04
7.721000583842396736e-04,7.260000566020607948e-04,7.646000012755393982e-04,6.668000714853405952e-04
7.312999805435538292e-04,7.482999935746192932e-04,9.928999934345483780e-04,9.671999141573905945e-04
7.873999420553445816e-04,7.814000127837061882e-04,7.719000568613409996e-04,7.080999203026294708e-04
1.078299945220351219e-03,7.551999296993017197e-04,7.628999883309006691e-04,7.225000299513339996e-04
7.452999707311391830e-04,7.717000553384423256e-04,7.714000530540943146e-04,6.922000320628285408e-04
7.329999934881925583e-04,8.347999537363648415e-04,7.520999060943722725e-04,7.682999130338430405e-04
9.160999907180666924e-04,8.528999751433730125e-04,9.779999963939189911e-04,6.926000351086258888e-04
7.681999122723937035e-04,7.766999769955873489e-04,7.553000468760728836e-04,7.297999691218137741e-04
7.280999561771750450e-04,1.249799970537424088e-03,7.905999664217233658e-04,6.706999847665429115e-04
7.511000148952007294e-04,7.846000371500849724e-04,8.538999827578663826e-04,6.468000356107950211e-04
7.369999075308442116e-04,1.128300093114376068e-03,8.341000648215413094e-04,6.980999605730175972e-04
7.139999652281403542e-04,7.923000957816839218e-04,7.676000241190195084e-04,7.902999641373753548e-04
7.033000001683831215e-04,7.697000401094555855e-04,7.175999926403164864e-04,6.692999741062521935e-04
7.402000483125448227e-04,7.722999434918165207e-04,9.189000120386481285e-04,7.212000200524926186e-04
7.342000026255846024e-04,7.711999351158738136e-04,1.122299931012094021e-03,6.799000548198819160e-04
7.528000278398394585e-04,7.692000363022089005e-04,7.698999252170324326e-04,7.563000544905662537e-04
7.718999404460191727e-04,7.457000901922583580e-04,7.832000264897942543e-04,6.487000500783324242e-04
7.307999767363071442e-04,7.472999859601259232e-04,7.671000203117728233e-04,6.700999801978468895e-04
7.335999980568885803e-04,7.506000110879540443e-04,1.150600030086934566e-03,6.579000037163496017e-04
7.133999606594443321e-04,7.589000742882490158e-04,7.630999898537993431e-04,7.099999347701668739e-04
7.767999777570366859e-04,7.151999743655323982e-04,7.744999602437019348e-04,6.366999587044119835e-04
7.839999161660671234e-04,7.468999829143285751e-04,7.613999769091606140e-04,7.017999887466430664e-04
7.355000125244259834e-04,7.835000287741422653e-04,7.518000202253460884e-04,6.913999095559120178e-04
6.973999552428722382e-04,7.586000720039010048e-04,1.924499985761940479e-03,6.724999984726309776e-04
6.907000206410884857e-04,7.453999714925885201e-04,7.802000036463141441e-04,6.763000274077057838e-04
7.119999499991536140e-04,7.438999600708484650e-04,7.963000098243355751e-04,7.330999942496418953e-04
7.263999432325363159e-04,7.973000174388289452e-04,1.094500068575143814e-03,1.001100055873394012e-03
8.536999812349677086e-04,7.718000560998916626e-04,1.370299956761300564e-03,6.939999293535947800e-04
6.782000418752431870e-04,7.529999129474163055e-04,7.517000194638967514e-04,1.168600050732493401e-03
8.601000299677252769e-04,8.073999779298901558e-04,7.903999648988246918e-04,6.890000076964497566e-04
7.127999560907483101e-04,7.163999835029244423e-04,7.420999463647603989e-04,6.165999220684170723e-04
6.940999301150441170e-04,1.512899994850158691e-03,7.535000331699848175e-04,1.037299982272088528e-03
7.782999891787767410e-04,7.804998895153403282e-04,8.209999650716781616e-04,7.244000444188714027e-04
6.950999377295374870e-04,9.110000682994723320e-04,8.695001015439629555e-04,6.772000342607498169e-04
7.349000079557299614e-04,7.567000575363636017e-04,7.760999724268913269e-04,6.909000221639871597e-04
7.274999516084790230e-04,7.530999137088656425e-04,7.590999593958258629e-04,6.557999877259135246e-04
7.656000088900327682e-04,7.542999228462576866e-04,7.203000131994485855e-04,6.476000417023897171e-04
7.819000165909528732e-04,7.441999623551964760e-04,7.887999527156352997e-04,6.746000144630670547e-04
8.796999463811516762e-04,7.487999973818659782e-04,7.437000749632716179e-04,6.298000225797295570e-04
6.825999589636921883e-04,8.237999863922595978e-04,7.720000576227903366e-04,8.368000853806734085e-04
7.294999668374657631e-04,8.595000253990292549e-04,7.862000493332743645e-04,7.219000253826379776e-04
1.998499967157840729e-03,1.003500074148178101e-03,7.886999519541859627e-04,8.589000208303332329e-04
1.099999994039535522e-03,7.676000241190195084e-04,7.264000596478581429e-04,6.617000326514244080e-04
6.896000122651457787e-04,7.410999387502670288e-04,8.007999276742339134e-04,6.252999883145093918e-04
7.478999905288219452e-04,7.660000119358301163e-04,8.017000509425997734e-04,6.165000377222895622e-04
6.876999977976083755e-04,7.611999753862619400e-04,7.893999572843313217e-04,6.854999810457229614e-04
6.897000130265951157e-04,7.976000197231769562e-04,7.666000165045261383e-04,1.086800009943544865e-03
7.121000671759247780e-04,7.413999410346150398e-04,7.810000097379088402e-04,6.891000084578990936e-04
6.865999894216656685e-04,7.380000315606594086e-04,7.655000081285834312e-04,6.895000115036964417e-04
7.078000344336032867e-04,6.988999666646122932e-04,7.576999487355351448e-04,7.494000019505620003e-04
7.353000110015273094e-04,7.257999386638402939e-04,8.415000047534704208e-04,7.082000374794006348e-04
7.060999050736427307e-04,7.380000315606594086e-04,7.065000245347619057e-04,9.134999709203839302e-04
7.061000214889645576e-04,7.130999583750963211e-04,1.205599983222782612e-03,9.421999566256999969e-04
6.984999636188149452e-04,8.653999539092183113e-04,7.602999685332179070e-04,7.848000386729836464e-04
6.851999787613749504e-04,7.570999441668391228e-04,7.419000612571835518e-04,8.738000178709626198e-04
7.513000164180994034e-04,1.166500034742057323e-03,7.650000043213367462e-04,8.745000232011079788e-04
7.144999690353870392e-04,7.332999957725405693e-04,7.729000644758343697e-04,9.622999932616949081e-04
6.913000252097845078e-04,7.279999554157257080e-04,7.574000628665089607e-04,8.176000555977225304e-04
7.370000239461660385e-04,8.382000960409641266e-04,7.409000536426901817e-04,7.987000280991196632e-04
6.968000670894980431e-04,7.093000458553433418e-04,8.049000753089785576e-04,7.531000301241874695e-04
7.088000420480966568e-04,7.268000626936554909e-04,7.361000170931220055e-04,7.757000857964158058e-04
7.074000313878059387e-04,8.082999847829341888e-04,7.494000019505620003e-04,7.537000346928834915e-04
7.815000135451555252e-04,1.502399914897978306e-03,8.075999794527888298e-04,7.985999109223484993e-04
8.295999141409993172e-04,7.709999335929751396e-04,7.719000568613409996e-04,7.260000566020607948e-04
6.959999445825815201e-04,7.862000493332743645e-04,7.791999960318207741e-04,6.492000538855791092e-04
7.207000162452459335e-04,2.702299971133470535e-03,7.444999646395444870e-04,6.931999232620000839e-04
6.802000571042299271e-04,7.014999864622950554e-04,7.436999585479497910e-04,8.998999837785959244e-04
6.743000121787190437e-04,7.365000201389193535e-04,1.007899991236627102e-03,6.671999581158161163e-04
6.837000837549567223e-04,6.955000571906566620e-04,8.256000000983476639e-04,6.576000014320015907e-04
7.325999904423952103e-04,7.647000020369887352e-04,7.814000127837061882e-04,6.944999331608414650e-04
3.036999958567321301e-03,7.046998944133520126e-04,6.853999802842736244e-04,6.621000356972217560e-04
7.275999523699283600e-04,7.747000781819224358e-04,7.318001007661223412e-04,6.740000098943710327e-04
7.217000238597393036e-04,7.755000842735171318e-04,7.278999546542763710e-04,6.480999290943145752e-04
7.284999592229723930e-04,8.145000319927930832e-04,7.668000180274248123e-04,6.461000302806496620e-04
7.114999461919069290e-04,7.676999084651470184e-04,7.611999753862619400e-04,6.623000372201204300e-04
6.785999285057187080e-04,7.629999890923500061e-04,7.867000531405210495e-04,6.292000180110335350e-04
7.506000110879540443e-04,8.542999858036637306e-04,7.385000353679060936e-04,6.290000164881348610e-04
1.011000014841556549e-03,7.411999395117163658e-04,7.160999812185764313e-04,9.355000220239162445e-04
7.019999902695417404e-04,7.652000058442354202e-04,6.992999697104096413e-04,7.729999488219618797e-04
7.153999758884310722e-04,7.830999093130230904e-04,1.167200040072202682e-03,6.647000554949045181e-04
7.225999142974615097e-04,7.643999997526407242e-04,7.150000892579555511e-04,7.393000414595007896e-04
7.279999554157257080e-04,7.603999692946672440e-04,7.252000505104660988e-04,6.642000516876578331e-04
6.979999598115682602e-04,7.470999844372272491e-04,7.810000097379088402e-04,6.878999993205070496e-04
6.769000319764018059e-04,1.092600054107606411e-03,7.518000202253460884e-04,6.475999252870678902e-04
7.813000120222568512e-04,1.222499995492398739e-03,8.207000792026519775e-04,8.335999445989727974e-04
8.413000032305717468e-04,9.182998910546302795e-04,7.620000978931784630e-04,6.323000416159629822e-04
7.045000093057751656e-04,7.450000848621129990e-04,7.203998975455760956e-04,8.220999734476208687e-04
6.807000609114766121e-04,8.154000388458371162e-04,7.808000082150101662e-04,1.088099903427064419e-03
7.414999417960643768e-04,7.991999154910445213e-04,7.587999571114778519e-04,7.279999554157257080e-04
7.285999599844217300e-04,1.224500010721385479e-03,7.265999447554349899e-04,1.381900045089423656e-03
7.786999922245740891e-04,7.626999868080019951e-04,8.045999566093087196e-04,7.158000953495502472e-04
8.080999832600355148e-04,7.708999328315258026e-04,1.071300008334219456e-03,6.417999975383281708e-04
7.394000422209501266e-04,7.455000886693596840e-04,6.939000450074672699e-04,6.283998955041170120e-04
8.028999436646699905e-04,7.657000096514821053e-04,7.433999562636017799e-04,1.449699979275465012e-03
7.020999910309910774e-04,7.506000110879540443e-04,7.674000225961208344e-04,6.627000402659177780e-04
7.196000078693032265e-04,8.027000585570931435e-04,8.452999172732234001e-04,6.147999083623290062e-04
7.366000209003686905e-04,7.743000751361250877e-04,7.497000042349100113e-04,6.582000060006976128e-04
7.781999884173274040e-04,7.707999320700764656e-04,7.600999670103192329e-04,7.225999142974615097e-04
8.528999751433730125e-04,7.189000025391578674e-04,7.597000803798437119e-04,6.729000015184283257e-04
7.514000171795487404e-04,7.737999549135565758e-04,7.375000277534127235e-04,6.974999560043215752e-04
7.479999912902712822e-04,8.051999611780047417e-04,7.569999434053897858e-04,6.396999815478920937e-04
7.891999557614326477e-04,7.120999507606029510e-04,7.046000100672245026e-04,6.860999856144189835e-04
7.989000296220183372e-04,8.372999727725982666e-04,1.462200074456632137e-03,6.525000790134072304e-04
7.868000539019703865e-04,8.018000517040491104e-04,9.017999982461333275e-04,6.633000448346138000e-04
7.084000390022993088e-04,7.579999510198831558e-04,2.730500069446861744e-03,7.339000003412365913e-04
7.661000126972794533e-04,7.766999769955873489e-04,7.909999694675207138e-04,6.592000136151909828e-04
8.214000845327973366e-04,7.356000132858753204e-04,7.889999542385339737e-04,8.772999281063675880e-04
7.044000085443258286e-04,8.839999791234731674e-04,8.820000803098082542e-04,6.632000440731644630e-04
7.005999796092510223e-04,8.249999955296516418e-04,7.916000904515385628e-04,6.757000228390097618e-04
6.831999635323882103e-04,8.359999628737568855e-04,7.862000493332743645e-04,7.266000611707568169e-04
1.094799954444169998e-03,8.284999057650566101e-04,7.533000316470861435e-04,7.254000520333647728e-04
6.883000023663043976e-04,8.162000449374318123e-04,7.701000431552529335e-04,7.596999639645218849e-04
7.373000262305140495e-04,8.063999703153967857e-04,8.154999231919646263e-04,1.303000026382505894e-03
7.316999835893511772e-04,7.616999791935086250e-04,9.858999401330947876e-04,6.208000704646110535e-04
7.150000892579555511e-04,1.013199915178120136e-03,7.517000194638967514e-04,6.478999275714159012e-04
6.766000296920537949e-04,9.970000246539711952e-04,9.201000211760401726e-04,6.501999450847506523e-04
7.505000103265047073e-04,7.647000020369887352e-04,7.591000758111476898e-04,7.172999903559684753e-04
6.777000380679965019e-04,2.797900000587105751e-03,7.609999738633632660e-04,6.956999422982335091e-04
9.523000335320830345e-04,8.864999981597065926e-04,7.428999524563550949e-04,6.923000328242778778e-04
6.897000130265951157e-04,7.981000235304236412e-04,7.527000270783901215e-04,8.458000374957919121e-04
6.957999430596828461e-04,7.663000142201781273e-04,1.059100031852722168e-03,6.690000882372260094e-04
6.768000312149524689e-04,1.083799987100064754e-03,6.961999461054801941e-04,6.170000415295362473e-04
7.014999864622950554e-04,8.048000745475292206e-04,7.060000207275152206e-04,1.056300010532140732e-03
7.156000938266515732e-04,8.252999978139996529e-04,1.006699982099235058e-03,1.053199986927211285e-03
7.007999811321496964e-04,8.005999261513352394e-04,1.210700022056698799e-03,1.185700064525008202e-03
6.720999954268336296e-04,7.532000308856368065e-04,8.261000039055943489e-04,7.990000303834676743e-04
6.685999687761068344e-04,7.983000250533223152e-04,7.416000589728355408e-04,6.818000692874193192e-04
6.973999552428722382e-04,8.230999810621142387e-04,7.020999910309910774e-04,6.679999642074108124e-04
7.002000929787755013e-04,7.072000298649072647e-04,7.703999290242791176e-04,6.501999450847506523e-04
7.479999912902712822e-04,8.060999680310487747e-04,9.864000603556632996e-04,6.646999390795826912e-04
7.174001075327396393e-04,7.319999858736991882e-04,7.532000308856368065e-04,6.717999931424856186e-04
7.405999349430203438e-04,7.120000664144754410e-04,7.485999958589673042e-04,6.795999361202120781e-04
7.178999949246644974e-04,7.768999785184860229e-04,7.508000126108527184e-04,6.762000266462564468e-04
7.182999979704618454e-04,7.448000833392143250e-04,7.907999679446220398e-04,7.710999343544244766e-04
7.217000238597393036e-04,1.442299922928214073e-03,7.086000405251979828e-04,1.052199979312717915e-03
7.301999721676111221e-04,7.645000005140900612e-04,6.882000016048550606e-04,1.097299973480403423e-03
7.425999501720070839e-04,7.655000081285834312e-04,7.946999976411461830e-04,6.899000145494937897e-04
7.198000093922019005e-04,7.715999381616711617e-04,8.374999742954969406e-04,7.517000194638967514e-04
7.226000307127833366e-04,8.666000794619321823e-04,7.541000377386808395e-04,7.616999791935086250e-04
6.967999506741762161e-04,1.313699991442263126e-03,7.273999508470296860e-04,7.012999849393963814e-04
7.199000101536512375e-04,8.675999706611037254e-04,7.804000051692128181e-04,6.849999772384762764e-04
7.276999531313776970e-04,8.543999865651130676e-04,7.232000352814793587e-04,6.822000723332166672e-04
7.236000383272767067e-04,7.696999236941337585e-04,8.895000210031867027e-04,6.946000503376126289e-04
7.209000177681446075e-04,8.156000403687357903e-04,7.334999972954392433e-04,6.526000797748565674e-04
7.320999866351485252e-04,7.930999854579567909e-04,7.785999914631247520e-04,7.459999760612845421e-04
7.233999203890562057e-04,7.534000324085354805e-04,7.456999737769365311e-04,6.935000419616699219e-04
7.395000429823994637e-04,8.110000053420662880e-04,9.170999983325600624e-04,6.313000340014696121e-04
8.225999772548675537e-04,7.931999862194061279e-04,7.357000140473246574e-04,1.583500066772103310e-03
7.169001037254929543e-04,7.780999876558780670e-04,7.742000743746757507e-04,6.459000287577509880e-04
7.179999956861138344e-04,1.219699974171817303e-03,7.600999670103192329e-04,6.384000880643725395e-04
8.491999469697475433e-04,7.954998873174190521e-04,7.239000406116247177e-04,6.829999620094895363e-04
7.627999875694513321e-04,7.561000529676675797e-04,7.500000065192580223e-04,6.461000302806496620e-04
1.335799926891922951e-03,9.889999637380242348e-04,7.934999885037541389e-04,6.587000098079442978e-04
6.777000380679965019e-04,7.573000621050596237e-04,7.242000428959727287e-04,7.056000176817178726e-04
7.779999868944287300e-04,7.388000376522541046e-04,7.235000375658273697e-04,8.222999749705195427e-04
8.488000603392720222e-04,7.501000072807073593e-04,8.634000550955533981e-04,6.252999883145093918e-04
7.766999769955873489e-04,7.738999556750059128e-04,1.239600009284913540e-03,6.874999962747097015e-04
7.223000284284353256e-04,7.995000341907143593e-04,7.229999173432588577e-04,7.210999028757214546e-04
7.298999698832631111e-04,7.397000445052981377e-04,6.890000076964497566e-04,6.878999993205070496e-04
6.996999727562069893e-04,8.665999630466103554e-04,1.463800086639821529e-03,6.829000776633620262e-04
7.946999976411461830e-04,1.158000086434185505e-03,1.434599980711936951e-03,6.463000318035483360e-04
7.407000521197915077e-04,7.521000225096940994e-04,7.700000423938035965e-04,7.243000436574220657e-04
7.479001069441437721e-04,6.990999681875109673e-04,9.436999680474400520e-04,6.604999070987105370e-04
7.554000476375222206e-04,7.355000125244259834e-04,7.531999144703149796e-04,7.781999884173274040e-04
7.478999905288219452e-04,9.114000713452696800e-04,6.902000168338418007e-04,7.054000161588191986e-04
7.395000429823994637e-04,7.951000006869435310e-04,1.153300050646066666e-03,7.844000356271862984e-04
7.280999561771750450e-04,7.569999434053897858e-04,1.190299983136355877e-03,7.762999739497900009e-04
7.146000862121582031e-04,7.374000269919633865e-04,9.742999682202935219e-04,1.523199956864118576e-03
6.926999194547533989e-04,7.702000439167022705e-04,8.811999578028917313e-04,7.375000277534127235e-04
7.795999990776181221e-04,1.038999995216727257e-03,7.654000073671340942e-04,7.033000001683831215e-04
7.664000149816274643e-04,9.310999885201454163e-04,7.474999874830245972e-04,7.718000560998916626e-04
7.546000415459275246e-04,1.036599976941943169e-03,7.719999412074685097e-04,7.889000698924064636e-04
7.306999759748578072e-04,7.869999390095472336e-04,7.883000653237104416e-04,8.334999438375234604e-04
7.280999561771750450e-04,9.521000320091843605e-04,9.051999077200889587e-04,8.342999499291181564e-04
7.731000659987330437e-04,7.480999920517206192e-04,7.855000440031290054e-04,6.623999215662479401e-04
7.350000087171792984e-04,7.647000020369887352e-04,8.769000414758920670e-04,7.075999164953827858e-04
7.375000277534127235e-04,9.089000523090362549e-04,8.131999056786298752e-04,7.957998896017670631e-04
8.510999614372849464e-04,1.378500019200146198e-03,7.839000318199396133e-04,6.493999389931559563e-04
7.240000413730740547e-04,7.748999632894992828e-04,7.549000438302755356e-04,6.194000598043203354e-04
7.119000656530261040e-04,7.428000681102275848e-04,7.565000560134649277e-04,6.431998917832970619e-04
7.006000960245728493e-04,8.058000821620225906e-04,8.063000859692692757e-04,9.786000009626150131e-04
7.171999895945191383e-04,7.565000560134649277e-04,8.366000838577747345e-04,6.861999863758683205e-04
7.330999942496418953e-04,7.646000012755393982e-04,1.104600029066205025e-03,1.235499978065490723e-03
7.349000079557299614e-04,7.694999221712350845e-04,1.434999983757734299e-03,6.454000249505043030e-04
7.084000390022993088e-04,7.154999766498804092e-04,7.529000286012887955e-04,6.621000356972217560e-04
7.160999812185764313e-04,7.429000688716769218e-04,7.979000220075249672e-04,6.610000273212790489e-04
7.336999988183379173e-04,1.003600074909627438e-03,8.117000106722116470e-04,6.357999518513679504e-04
7.165999850258231163e-04,8.154000388458371162e-04,7.665999000892043114e-04,6.861999863758683205e-04
6.932000396773219109e-04,7.657998939976096153e-04,8.074999786913394928e-04,7.223000284284353256e-04
7.108999416232109070e-04,8.310999255627393723e-04,8.271000115200877190e-04,6.593000143766403198e-04
7.027999963611364365e-04,8.000000379979610443e-04,7.540000369772315025e-04,1.073200022801756859e-03
7.203000131994485855e-04,7.695999229326844215e-04,8.296000305563211441e-04,6.368999602273106575e-04
7.154000923037528992e-04,7.786999922245740891e-04,8.355999598279595375e-04,6.728000007569789886e-04
7.184999994933605194e-04,7.955000037327408791e-04,7.318001007661223412e-04,6.455000257119536400e-04
7.109999423846602440e-04,7.745999610051512718e-04,7.728999480605125427e-04,6.557999877259135246e-04
7.197000086307525635e-04,1.081999973393976688e-03,7.893999572843313217e-04,6.422000005841255188e-04
7.230000337585806847e-04,7.918999763205647469e-04,8.237999863922595978e-04,7.660998962819576263e-04
7.069000275805592537e-04,8.366999682039022446e-04,8.210000814869999886e-04,6.885000038892030716e-04
7.119999499991536140e-04,7.472999859601259232e-04,7.262999424710869789e-04,6.759000243619084358e-04
1.031699939630925655e-03,8.286000229418277740e-04,6.907000206410884857e-04,6.575000006705522537e-04
7.071000291034579277e-04,8.288000244647264481e-04,6.820000708103179932e-04,6.606000242754817009e-04
7.182999979704618454e-04,7.959000067785382271e-04,7.324999896809458733e-04,6.162000354379415512e-04
7.510000141337513924e-04,8.859999943524599075e-04,6.910999072715640068e-04,6.869999924674630165e-04
7.321999873965978622e-04,7.818000158295035362e-04,8.796000620350241661e-04,6.602000212296843529e-04
7.648000027984380722e-04,8.822999661788344383e-04,7.961000083014369011e-04,6.673999596387147903e-04
7.314999820664525032e-04,7.991000311449170113e-04,7.664000149816274643e-04,6.573999999091029167e-04
7.297999691218137741e-04,7.776999846100807190e-04,7.638999959453940392e-04,6.513999542221426964e-04
7.072000298649072647e-04,1.154999947175383568e-03,7.109000580385327339e-04,7.031999994069337845e-04
7.083000382408499718e-04,1.313099986873567104e-03,7.470999844372272491e-04,6.273000035434961319e-04
7.002000929787755013e-04,1.081900089047849178e-03,8.316000457853078842e-04,1.805000007152557373e-03
7.098000496625900269e-04,1.002099947072565556e-03,1.004800084047019482e-03,1.255100010894238949e-03
7.042000070214271545e-04,1.435799989849328995e-03,1.433599973097443581e-03,6.055999547243118286e-04
7.350000087171792984e-04,1.195999910123646259e-03,7.211000192910432816e-04,1.601399970240890980e-03
7.160999812185764313e-04,3.291499917395412922e-03,7.583999540656805038e-04,6.667999550700187683e-04
7.190000033006072044e-04,8.798999479040503502e-04,8.963999571278691292e-04,6.637999322265386581e-04
7.284999592229723930e-04,8.904999122023582458e-04,6.861999863758683205e-04,6.985999643802642822e-04
7.081999210640788078e-04,1.119700027629733086e-03,7.260999409481883049e-04,7.140000816434621811e-04
7.444999646395444870e-04,9.793000062927603722e-04,8.528000907972455025e-04,7.056000176817178726e-04
7.322999881580471992e-04,1.586699974723160267e-03,7.396000437438488007e-04,6.199999479576945305e-04
1.012400025501847267e-03,1.490500057116150856e-03,7.434999570250511169e-04,8.115000091493129730e-04
9.576000738888978958e-04,7.993000326678156853e-04,7.141999667510390282e-04,6.439000135287642479e-04
8.528999751433730125e-04,8.162999292835593224e-04,7.351000094786286354e-04,6.931000389158725739e-04
8.204999612644314766e-04,8.964000735431909561e-04,9.887999622151255608e-04,6.607999093830585480e-04
8.519999682903289795e-04,9.051999077200889587e-04,7.699999259784817696e-04,9.490000084042549133e-04
7.847000379115343094e-04,8.716998854652047157e-04,7.439999608322978020e-04,6.747000152245163918e-04
7.875999435782432556e-04,8.416000055149197578e-04,8.796999463811516762e-04,6.485000485554337502e-04
7.736999541521072388e-04,8.801000658422708511e-04,8.256000000983476639e-04,6.569999968633055687e-04
7.532000308856368065e-04,8.884998969733715057e-04,7.109000580385327339e-04,6.423000013455748558e-04
7.370000239461660385e-04,9.925001068040728569e-04,8.144000312313437462e-04,6.548999808728694916e-04
7.708999328315258026e-04,9.344000136479735374e-04,7.160999812185764313e-04,1.712199999019503593e-03
7.495000027120113373e-04,9.407000616192817688e-04,7.245999295264482498e-04,7.562000537291169167e-04
7.823999039828777313e-04,1.137300045229494572e-03,2.772700041532516479e-03,6.379000842571258545e-04
7.980000227689743042e-04,1.100900000892579556e-03,7.995999185368418694e-04,6.952999392524361610e-04
8.079999824985861778e-04,1.035599969327449799e-03,7.638999959453940392e-04,6.707001011818647385e-04
7.740000728517770767e-04,1.079099951311945915e-03,7.727999472990632057e-04,6.456000264734029770e-04
7.314999820664525032e-04,1.422400004230439663e-03,7.693000370636582375e-04,6.418999982997775078e-04
7.249000482261180878e-04,1.049700076691806316e-03,8.512999629601836205e-04,6.558999884873628616e-04
7.247000467032194138e-04,7.283000741153955460e-04,7.675000233575701714e-04,6.070999661460518837e-04
7.163999835029244423e-04,8.134000236168503761e-04,7.982000242918729782e-04,7.686000317335128784e-04
2.703099977225065231e-03,8.031000616028904915e-04,1.052399980835616589e-03,6.589000113308429718e-04
9.371000342071056366e-04,7.706999313086271286e-04,7.683000294491648674e-04,6.480000447481870651e-04
7.676000241190195084e-04,7.414000574499368668e-04,7.531000301241874695e-04,7.547000423073768616e-04
7.228000322356820107e-04,7.645000005140900612e-04,1.108200056478381157e-03,7.125000702217221260e-04
7.406000513583421707e-04,7.659000111743807793e-04,7.755999686196446419e-04,1.302700024098157883e-03
7.674000225961208344e-04,7.151999743655323982e-04,7.653000066056847572e-04,6.327999290078878403e-04
7.370000239461660385e-04,7.441000780090689659e-04,7.341000018641352654e-04,9.145999792963266373e-04
1.134300022386014462e-03,7.454999722540378571e-04,7.594000780954957008e-04,8.477999363094568253e-04
7.249999325722455978e-04,7.037000032141804695e-04,7.411999395117163658e-04,6.952000549063086510e-04
7.645000005140900612e-04,1.468600006774067879e-03,8.325999369844794273e-04,7.422000635415315628e-04
7.637999951839447021e-04,7.421000627800822258e-04,7.403000490739941597e-04,6.821999559178948402e-04
7.125999545678496361e-04,6.970999529585242271e-04,7.565000560134649277e-04,7.059000199660658836e-04
7.665000157430768013e-04,7.957000052556395531e-04,7.578999502584338188e-04,7.137000793591141701e-04
7.215000223368406296e-04,8.128000190481543541e-04,7.483999943360686302e-04,6.877999985590577126e-04
7.520000217482447624e-04,8.066999725997447968e-04,7.390999235212802887e-04,6.538999732583761215e-04
7.637999951839447021e-04,7.509000133723020554e-04,7.510000141337513924e-04,6.830999627709388733e-04
7.011999841779470444e-04,8.168000495061278343e-04,7.519000209867954254e-04,7.198000093922019005e-04
7.609999738633632660e-04,7.710999343544244766e-04,8.562000002712011337e-04,6.927999202162027359e-04
7.015999872237443924e-04,8.036999497562646866e-04,7.546000415459275246e-04,6.088999798521399498e-04
7.669000187888741493e-04,8.191999513655900955e-04,7.439000764861702919e-04,6.601000204682350159e-04
7.226999150589108467e-04,7.695999229326844215e-04,1.008699997328221798e-03,6.634000455960631371e-04
7.413999410346150398e-04,7.976000197231769562e-04,7.707000477239489555e-04,6.468000356107950211e-04
7.090000435709953308e-04,7.648000027984380722e-04,7.607999723404645920e-04,7.663000142201781273e-04
7.497000042349100113e-04,7.706999313086271286e-04,7.311000954359769821e-04,6.970000686123967171e-04
7.516000187024474144e-04,1.058400026522576809e-03,7.962000090628862381e-04,6.491000531241297722e-04
7.261999417096376419e-04,8.251999970525503159e-04,7.498000049963593483e-04,6.470000371336936951e-04
7.008999818935990334e-04,7.650000043213367462e-04,7.591000758111476898e-04,6.943000480532646179e-04
9.607999818399548531e-04,7.404000498354434967e-04,7.242000428959727287e-04,6.344999419525265694e-04
1.336100045591592789e-03,1.242699916474521160e-03,6.968999514356255531e-04,6.353000644594430923e-04
7.710000500082969666e-04,7.901999633759260178e-04,6.968999514356255531e-04,6.377999670803546906e-04
7.140999659895896912e-04,7.855000440031290054e-04,7.565999403595924377e-04,6.713999900966882706e-04
7.080999203026294708e-04,7.957998896017670631e-04,7.382000330835580826e-04,6.497000576928257942e-04
7.509000133723020554e-04,7.502000080421566963e-04,7.832000264897942543e-04,6.288000149652361870e-04
7.377000292763113976e-04,7.564000552520155907e-04,8.014000486582517624e-04,6.789999315515160561e-04
7.259999401867389679e-04,7.441999623551964760e-04,7.659000111743807793e-04,7.881000638008117676e-04
7.734999526292085648e-04,7.461999775841832161e-04,8.824999677017331123e-04,7.495000027120113373e-04
7.748999632894992828e-04,8.354999590665102005e-04,7.199000101536512375e-04,7.188000017777085304e-04
8.399999933317303658e-04,7.421999471262097359e-04,7.511000148952007294e-04,6.998000899329781532e-04
7.877000607550144196e-04,7.818000158295035362e-04,8.199999574571847916e-04,6.745000137016177177e-04
7.242000428959727287e-04,7.752999663352966309e-04,7.589999586343765259e-04,6.807000609114766121e-04
7.179999956861138344e-04,7.684000302106142044e-04,9.703999385237693787e-04,6.343999411910772324e-04
7.704000454396009445e-04,8.015999337658286095e-04,7.766000926494598389e-04,6.101999897509813309e-04
7.729000644758343697e-04,7.643999997526407242e-04,7.235000375658273697e-04,7.818000158295035362e-04
7.152999751269817352e-04,7.709999335929751396e-04,9.468999924138188362e-04,6.685999687761068344e-04
7.270000642165541649e-04,8.609999204054474831e-04,7.567999418824911118e-04,8.713999995961785316e-04
7.117000641301274300e-04,8.299000328406691551e-04,7.146999705582857132e-04,6.922000320628285408e-04
7.773999823257327080e-04,7.814000127837061882e-04,7.691000355407595634e-04,7.461999775841832161e-04
7.303999736905097961e-04,7.632999913766980171e-04,7.450000848621129990e-04,7.138999644666910172e-04
7.700999267399311066e-04,7.581999525427818298e-04,7.375999120995402336e-04,6.711999885737895966e-04
7.373000262305140495e-04,8.160000434145331383e-04,7.329999934881925583e-04,7.162999827414751053e-04
7.620999822393059731e-04,7.370000239461660385e-04,7.323999889194965363e-04,6.697999779134988785e-04
7.350000087171792984e-04,6.993999704718589783e-04,7.665999000892043114e-04,6.461999146267771721e-04
1.239700010046362877e-03,7.641999982297420502e-04,7.478999905288219452e-04,1.004599966108798981e-03
8.117000106722116470e-04,1.360800000838935375e-03,8.048999588936567307e-04,6.771000334993004799e-04
7.769999792799353600e-04,6.971000693738460541e-04,7.313999813050031662e-04,7.331999950110912323e-04
7.087999256327748299e-04,7.668000180274248123e-04,8.483999408781528473e-04,6.790000479668378830e-04
7.518000202253460884e-04,7.577000651508569717e-04,8.181999437510967255e-04,8.004000410437583923e-04
7.463999791070818901e-04,7.900000782683491707e-04,7.662000134587287903e-04,7.335999980568885803e-04
8.615000406280159950e-04,7.535999175161123276e-04,7.772000972181558609e-04,6.676999619230628014e-04
7.497000042349100113e-04,1.125100068747997284e-03,7.714000530540943146e-04,6.609000265598297119e-04
7.824000203981995583e-04,1.147700008004903793e-03,7.522000232711434364e-04,7.135999621823430061e-04
6.876999977976083755e-04,7.527999114245176315e-04,7.265999447554349899e-04,6.071999669075012207e-04
7.014999864622950554e-04,7.570000598207116127e-04,1.649099984206259251e-03,6.193999433889985085e-04
6.800999399274587631e-04,7.827999070286750793e-04,7.766999769955873489e-04,7.548000430688261986e-04
8.608000352978706360e-04,7.628999883309006691e-04,1.193100004456937313e-03,1.041800016537308693e-03
8.085999870672821999e-04,7.358000148087739944e-04,1.025900011882185936e-03,6.783999269828200340e-04
7.641999982297420502e-04,7.967000128701329231e-04,7.581999525427818298e-04,6.868999917060136795e-04
7.848999230191111565e-04,7.718999404460191727e-04,7.466999813914299011e-04,8.171999361366033554e-04
7.757999701425433159e-04,7.990000303834676743e-04,1.405599992722272873e-03,7.661000126972794533e-04
7.539999205619096756e-04,7.731999503448605537e-04,6.921000313013792038e-04,6.430000066757202148e-04
7.225000299513339996e-04,1.018399954773485661e-03,7.183999987319111824e-04,6.555999862030148506e-04
7.905999664217233658e-04,1.031899941153824329e-03,8.210999658331274986e-04,8.384999819099903107e-04
6.948000518605113029e-04,7.948999991640448570e-04,8.812999585643410683e-04,6.665000692009925842e-04
7.721000583842396736e-04,7.530000293627381325e-04,7.488001137971878052e-04,7.311999797821044922e-04
6.978999590501189232e-04,7.782999891787767410e-04,7.778999861329793930e-04,6.255999905988574028e-04
1.119200023822486401e-03,7.654000073671340942e-04,7.295000832527875900e-04,6.554999854415655136e-04
7.262999424710869789e-04,7.179999956861138344e-04,1.140300068072974682e-03,6.989999674260616302e-04
2.731799962930381298e-03,7.949999999254941940e-04,7.455000886693596840e-04,6.985999643802642822e-04
7.443999638780951500e-04,7.547999266535043716e-04,7.533999159932136536e-04,7.768999785184860229e-04
6.742000114172697067e-04,8.466000435873866081e-04,7.355000125244259834e-04,6.891000084578990936e-04
7.666000165045261383e-04,9.395999368280172348e-04,7.228999165818095207e-04,6.398999830707907677e-04
7.601000834256410599e-04,8.050999604165554047e-04,7.572999456897377968e-04,6.083999760448932648e-04
1.175299985334277153e-03,7.401000475510954857e-04,1.016000052914023399e-03,6.522999610751867294e-04
7.924999808892607689e-04,7.694999221712350845e-04,8.160000434145331383e-04,6.809000624343752861e-04
7.433999562636017799e-04,7.666999008506536484e-04,7.757000857964158058e-04,6.675999611616134644e-04
7.359000155702233315e-04,7.541999220848083496e-04,7.548000430688261986e-04,6.560999900102615356e-04
7.053000153973698616e-04,7.603999692946672440e-04,7.134999614208936691e-04,6.535999709740281105e-04
7.080000359565019608e-04,1.451299991458654404e-03,7.543000392615795135e-04,7.221999112516641617e-04
7.314999820664525032e-04,7.847000379115343094e-04,7.998999208211898804e-04,7.227000314742326736e-04
7.049000123515725136e-04,7.169999880716204643e-04,8.098999969661235809e-04,7.053000153973698616e-04
7.158000953495502472e-04,7.874000584706664085e-04,7.784999907016754150e-04,6.777999224141240120e-04
7.303000893443822861e-04,7.956000044941902161e-04,1.079999958164989948e-03,6.629000417888164520e-04
7.194000063464045525e-04,7.266999455168843269e-04,7.720999419689178467e-04,7.448000833392143250e-04
1.194499898701906204e-03,8.571000071242451668e-04,8.617000421509146690e-04,6.335999350994825363e-04
1.354099949821829796e-03,7.126999553292989731e-04,8.065000874921679497e-04,6.199000636115670204e-04
7.203000131994485855e-04,7.922999793663620949e-04,7.725999457761645317e-04,6.858999840915203094e-04
6.955999415367841721e-04,8.011000463739037514e-04,8.207000792026519775e-04,6.789999315515160561e-04
7.174999918788671494e-04,7.718999404460191727e-04,8.160000434145331383e-04,6.785000441595911980e-04
6.852999795228242874e-04,7.891999557614326477e-04,7.627999875694513321e-04,6.704999832436442375e-04
7.472999859601259232e-04,7.222999120131134987e-04,7.721000583842396736e-04,7.483001099899411201e-04
6.886000046506524086e-04,8.156999247148633003e-04,7.931001018732786179e-04,6.795999361202120781e-04
7.576999487355351448e-04,7.670000195503234863e-04,7.217000238597393036e-04,8.134000236168503761e-04
8.398999925702810287e-04,7.736000698059797287e-04,7.603000849485397339e-04,6.796999368816614151e-04
8.092999923974275589e-04,7.771999808028340340e-04,1.380900037474930286e-03,6.867999909445643425e-04
7.753999670967459679e-04,7.043000077828764915e-04,8.035999489948153496e-04,9.820999111980199814e-04
7.279000710695981979e-04,1.478899968788027763e-03,7.749999640509486198e-04,7.379000307992100716e-04
7.162999827414751053e-04,7.667000172659754753e-04,7.885000668466091156e-04,6.550000980496406555e-04
7.423000643029808998e-04,8.210999658331274986e-04,7.292999653145670891e-04,6.569999968633055687e-04
7.199000101536512375e-04,7.888999534770846367e-04,7.501000072807073593e-04,7.597999647259712219e-04
7.283999584615230560e-04,7.905999664217233658e-04,7.871000561863183975e-04,6.285000126808881760e-04
7.251000497490167618e-04,7.839999161660671234e-04,8.031000616028904915e-04,6.603000219911336899e-04
7.239999249577522278e-04,8.119000121951103210e-04,7.528000278398394585e-04,6.195000605657696724e-04
7.191000040620565414e-04,1.023999997414648533e-03,7.709000492468476295e-04,6.411999929696321487e-04
7.420999463647603989e-04,7.058000192046165466e-04,7.609999738633632660e-04,6.126000080257654190e-04
7.071999134495854378e-04,2.848900039680302143e-03,1.200000056996941566e-03,6.815999513491988182e-04
6.914000259712338448e-04,8.456000359728932381e-04,7.900999626144766808e-04,6.385999731719493866e-04
6.957999430596828461e-04,7.674000225961208344e-04,8.008999284356832504e-04,6.582000060006976128e-04
7.340000011026859283e-04,7.721999427303671837e-04,7.602999685332179070e-04,6.305000279098749161e-04
6.882000016048550606e-04,7.578000659123063087e-04,7.508998969569802284e-04,1.467399997636675835e-03
7.388000376522541046e-04,7.586000720039010048e-04,7.460999768227338791e-04,6.393999792635440826e-04
7.102000527083873749e-04,7.348000071942806244e-04,7.975000189617276192e-04,6.258999928832054138e-04
6.954000564292073250e-04,7.025999948382377625e-04,7.596999639645218849e-04,6.873999955132603645e-04
6.815000670030713081e-04,7.002000929787755013e-04,7.737999549135565758e-04,6.525999633595347404e-04
6.952999392524361610e-04,7.720000576227903366e-04,7.661000126972794533e-04,6.208000704646110535e-04
6.779999239370226860e-04,7.106000557541847229e-04,7.769000949338078499e-04,6.864999886602163315e-04
6.986999651417136192e-04,7.240000413730740547e-04,7.556000491604208946e-04,6.614000303670763969e-04
6.743998965248465538e-04,7.616999791935086250e-04,7.340000011026859283e-04,6.660999497398734093e-04
6.850000936537981033e-04,7.466999813914299011e-04,7.897999603301286697e-04,6.419999990612268448e-04
6.955000571906566620e-04,8.139000274240970612e-04,7.090000435709953308e-04,1.110299956053495407e-03
7.139999652281403542e-04,8.105000015348196030e-04,8.025999413803219795e-04,6.618000334128737450e-04
7.216000230982899666e-04,7.910000858828425407e-04,7.986000273376703262e-04,7.346000056713819504e-04
8.069999748840928078e-04,7.871000561863183975e-04,8.058999665081501007e-04,6.307999137789011002e-04
6.918000290170311928e-04,7.936999900266528130e-04,8.042000699788331985e-04,6.375000812113285065e-04
6.932000396773219109e-04,7.580999517813324928e-04,7.912000874057412148e-04,7.716999389231204987e-04
7.475999882444739342e-04,7.898999610915780067e-04,7.954000029712915421e-04,6.526999641209840775e-04
7.325001060962677002e-04,7.633999921381473541e-04,7.876999443396925926e-04,6.015999242663383484e-04
7.193000055849552155e-04,7.868999382480978966e-04,7.694000378251075745e-04,7.079000351950526237e-04
7.133000763133168221e-04,7.803000044077634811e-04,8.151999209076166153e-04,6.833999650552868843e-04
7.015001028776168823e-04,7.916999747976660728e-04,7.391000399366021156e-04,6.684000836685299873e-04
7.538000354543328285e-04,8.018000517040491104e-04,7.927999831736087799e-04,7.263000588864088058e-04
7.238000398501753807e-04,7.665000157430768013e-04,7.305999752134084702e-04,6.507999496534466743e-04
7.211000192910432816e-04,1.041800016537308693e-03,7.607999723404645920e-04,6.519999587908387184e-04
7.134000770747661591e-04,7.682999130338430405e-04,7.733999518677592278e-04,6.539999740198254585e-04
7.119999499991536140e-04,8.253999985754489899e-04,8.662000764161348343e-04,8.104000007733702660e-04
7.067999104037880898e-04,8.066999725997447968e-04,7.487999973818659782e-04,6.542999763041734695e-04
7.147000869736075401e-04,7.894999580457806587e-04,1.059200032614171505e-03,1.373499981127679348e-03
7.444999646395444870e-04,8.055999642238020897e-04,8.218999719247221947e-04,1.436999998986721039e-03
7.404999341815710068e-04,9.894999675452709198e-04,8.644000627100467682e-04,7.356998976320028305e-04
7.023999933153390884e-04,8.034999482333660126e-04,9.010999929159879684e-04,6.814999505877494812e-04
9.568999521434307098e-04,8.023000555112957954e-04,7.890000706538558006e-04,6.668999558314681053e-04
7.223999127745628357e-04,7.441999623551964760e-04,2.039700048044323921e-03,1.020699972286820412e-03
7.289999630302190781e-04,8.043999550864100456e-04,1.017100061289966106e-03,6.706001004204154015e-04
7.024999940767884254e-04,7.573000621050596237e-04,1.065100077539682388e-03,7.708000484853982925e-04
7.208000170066952705e-04,7.312999805435538292e-04,9.348000166937708855e-04,7.520000217482447624e-04
7.497000042349100113e-04,7.836999138817191124e-04,8.260000031441450119e-04,1.066900091245770454e-03
7.607999723404645920e-04,7.921999786049127579e-04,7.078000344336032867e-04,9.824000298976898193e-04
7.145999697968363762e-04,2.721900003962218761e-03,1.146499998867511749e-03,7.551000453531742096e-04
7.406000513583421707e-04,1.599400071427226067e-03,7.658000104129314423e-04,6.573999999091029167e-04
7.259999401867389679e-04,8.984000887721776962e-04,9.819000260904431343e-04,6.634000455960631371e-04
8.091999916359782219e-04,1.809000037610530853e-03,7.396999280899763107e-04,6.880000000819563866e-04
7.776999846100807190e-04,7.567999418824911118e-04,7.801000028848648071e-04,6.054000696167349815e-04
7.281999569386243820e-04,7.485999958589673042e-04,8.616000413894653320e-04,6.336000515148043633e-04
1.181100029498338699e-03,7.640999974682927132e-04,7.184999994933605194e-04,7.073999149724841118e-04
7.004000945016741753e-04,7.944999961182475090e-04,7.314000977203249931e-04,6.343999411910772324e-04
8.250001119449734688e-04,8.205999620258808136e-04,7.612999761477112770e-04,8.556999964639544487e-04
7.619000971317291260e-04,8.069000905379652977e-04,7.843000348657369614e-04,6.522000767290592194e-04
7.240000413730740547e-04,7.750999648123979568e-04,7.313999813050031662e-04,6.758000236004590988e-04
7.229000329971313477e-04,7.674000225961208344e-04,7.569000590592622757e-04,8.163000456988811493e-04
7.568999426439404488e-04,1.591399894095957279e-03,7.583999540656805038e-04,6.465000333264470100e-04
7.255999371409416199e-04,7.910000858828425407e-04,8.285000221803784370e-04,7.378000300377607346e-04
7.539000362157821655e-04,8.099999977275729179e-04,7.948999991640448570e-04,7.282000733539462090e-04
7.927999831736087799e-04,8.279000176116824150e-04,9.087999351322650909e-04,6.741000106558203697e-04
7.214000215753912926e-04,7.747999625280499458e-04,7.371000247076153755e-04,6.355999503284692764e-04
7.515000179409980774e-04,8.385999826714396477e-04,7.372999098151922226e-04,6.483000470325350761e-04
7.115000626072287560e-04,7.409999379888176918e-04,8.333999430760741234e-04,6.429000059142708778e-04
7.308999774977564812e-04,7.923999801278114319e-04,8.004000410437583923e-04,7.601000834256410599e-04
7.266000611707568169e-04,8.145999163389205933e-04,9.612001013010740280e-04,1.049799961037933826e-03
7.605999708175659180e-04,7.489999989047646523e-04,7.790999952703714371e-04,6.901000160723924637e-04
7.846999214962124825e-04,7.679000264033675194e-04,7.706999313086271286e-04,6.780999246984720230e-04
1.347100012935698032e-03,1.403400092385709286e-03,9.225000394508242607e-04,7.370000239461660385e-04
9.237999329343438148e-04,9.128000820055603981e-04,8.041000692173838615e-04,6.060999585315585136e-04
7.347000064328312874e-04,8.914999198168516159e-04,7.442000787705183029e-04,8.164000464603304863e-04
7.792999967932701111e-04,7.743999594822525978e-04,7.945999968796968460e-04,6.621999200433492661e-04
7.497000042349100113e-04,1.196100027300417423e-03,7.947999984025955200e-04,6.235999753698706627e-04
7.367000216618180275e-04,7.155999774113297462e-04,7.657000096514821053e-04,7.095000473782420158e-04
7.236000383272767067e-04,8.711999980732798576e-04,8.020999375730752945e-04,6.077000871300697327e-04
7.358000148087739944e-04,7.159999804571270943e-04,7.457999745383858681e-04,6.953000556677579880e-04
7.146999705582857132e-04,9.691999293863773346e-04,7.867000531405210495e-04,6.639000494033098221e-04
7.483999943360686302e-04,8.456000359728932381e-04,7.357000140473246574e-04,6.489999359473586082e-04
7.149999728426337242e-04,7.612999761477112770e-04,1.046600053086876869e-03,6.434000097215175629e-04
7.279999554157257080e-04,7.665000157430768013e-04,7.671999046579003334e-04,6.690999725833535194e-04
7.497000042349100113e-04,8.490000618621706963e-04,8.234999841079115868e-04,7.402000483125448227e-04
7.302999729290604591e-04,7.826000219210982323e-04,7.504998939111828804e-04,6.596999010071158409e-04
7.492000004276633263e-04,7.866000523790717125e-04,7.649000035598874092e-04,8.377999765798449516e-04
7.257999386638402939e-04,7.504000095650553703e-04,7.965000113472342491e-04,6.462000310420989990e-04
8.548999903723597527e-04,1.182900043204426765e-03,7.683000294491648674e-04,7.977000204846262932e-04
7.205000147223472595e-04,9.127000812441110611e-04,7.736999541521072388e-04,6.322999252006411552e-04
7.248000474646687508e-04,8.036999497562646866e-04,7.906000828370451927e-04,6.733000045642256737e-04
7.228000322356820107e-04,7.780999876558780670e-04,7.651000050827860832e-04,6.665999535471200943e-04
7.212000200524926186e-04,7.898999610915780067e-04,7.524999091401696205e-04,6.861999863758683205e-04
7.104000542312860489e-04,8.474999340251088142e-04,7.694000378251075745e-04,7.260000566020607948e-04
6.979999598115682602e-04,8.028000593185424805e-04,7.715000538155436516e-04,6.708001019433140755e-04
7.580999517813324928e-04,8.659000741317868233e-04,7.551000453531742096e-04,8.336000610142946243e-04
7.076000329107046127e-04,8.078999817371368408e-04,7.190000033006072044e-04,6.688999710604548454e-04
7.211000192910432816e-04,7.878000615164637566e-04,8.057999657467007637e-04,6.298000225797295570e-04
8.177999407052993774e-04,7.461000932380557060e-04,9.204999078065156937e-04,6.732000038027763367e-04
7.116999477148056030e-04,7.851000409573316574e-04,7.087000412866473198e-04,6.629000417888164520e-04
7.063999073579907417e-04,7.765000918880105019e-04,7.156000938266515732e-04,8.580998983234167099e-04
7.053000153973698616e-04,7.806000066921114922e-04,7.323999889194965363e-04,6.757000228390097618e-04
7.281999569386243820e-04,7.739999564364552498e-04,7.728999480605125427e-04,6.344999419525265694e-04
7.002000929787755013e-04,1.119200023822486401e-03,7.301999721676111221e-04,7.825000211596488953e-04
7.275999523699283600e-04,7.655000081285834312e-04,9.087000507861375809e-04,6.746000144630670547e-04
8.462000405415892601e-04,8.096999954432249069e-04,8.713999995961785316e-04,9.073999244719743729e-04
7.215000223368406296e-04,7.559000514447689056e-04,7.147999713197350502e-04,6.982999620959162712e-04
7.258999394252896309e-04,7.708999328315258026e-04,7.420999463647603989e-04,7.256999379023909569e-04
7.162999827414751053e-04,1.051699975505471230e-03,7.227000314742326736e-04,6.753000197932124138e-04
7.702000439167022705e-04,1.529300003312528133e-03,6.848999764770269394e-04,6.542999763041734695e-04
7.098000496625900269e-04,8.089999901130795479e-04,1.004499965347349644e-03,6.785000441595911980e-04
7.173999911174178123e-04,7.975000189617276192e-04,8.143999148160219193e-04,7.788001094013452530e-04
7.267999462783336639e-04,7.765000918880105019e-04,7.762999739497900009e-04,7.087000412866473198e-04
6.984999636188149452e-04,8.127999026328325272e-04,7.638999959453940392e-04,6.855999818071722984e-04
7.259000558406114578e-04,7.663000142201781273e-04,7.840000325813889503e-04,6.737998919561505318e-04
6.987999659031629562e-04,7.577999494969844818e-04,7.344998884946107864e-04,6.826999597251415253e-04
7.910999702289700508e-04,7.901000790297985077e-04,7.526000263169407845e-04,9.854999370872974396e-04
7.248000474646687508e-04,8.893000194802880287e-04,7.549999281764030457e-04,6.859001005068421364e-04
7.235999219119548798e-04,7.697999244555830956e-04,7.542999228462576866e-04,6.590000120922923088e-04
7.350000087171792984e-04,7.815000135451555252e-04,7.794999983161687851e-04,7.756000850349664688e-04
7.704999297857284546e-04,8.123000152409076691e-04,7.173999911174178123e-04,1.047100056894123554e-03
7.387999212369322777e-04,7.683000294491648674e-04,7.908999687060713768e-04,6.984000792726874352e-04
7.393999258056282997e-04,7.269000634551048279e-04,8.767000399529933929e-04,7.872999412938952446e-04
7.735000690445303917e-04,7.771000964567065239e-04,1.292499946430325508e-03,6.734000053256750107e-04
7.188000017777085304e-04,1.103100017644464970e-03,7.957000052556395531e-04,6.806999444961547852e-04
7.269999478012323380e-04,8.271998958662152290e-04,8.800999494269490242e-04,6.513000698760151863e-04
7.230999181047081947e-04,7.688999176025390625e-04,7.826000219210982323e-04,6.734000053256750107e-04
7.310999790206551552e-04,9.110999526455998421e-04,7.887999527156352997e-04,6.710999878123402596e-04
7.257000543177127838e-04,7.742999587208032608e-04,1.202399958856403828e-03,8.171000517904758453e-04
7.060000207275152206e-04,7.459000917151570320e-04,9.496000129729509354e-04,6.875999970361590385e-04
7.364000193774700165e-04,7.525000255554914474e-04,7.764999754726886749e-04,6.319000385701656342e-04
8.171000517904758453e-04,7.540000369772315025e-04,7.672000210732221603e-04,6.739000091329216957e-04
8.116000099107623100e-04,7.492000004276633263e-04,7.763999747112393379e-04,6.519999587908387184e-04
7.521000225096940994e-04,8.057999657467007637e-04,7.776999846100807190e-04,6.517000729218125343e-04
8.716000011190772057e-04,7.884999504312872887e-04,7.992999162524938583e-04,7.167999865487217903e-04
7.904000813141465187e-04,8.373999735340476036e-04,7.424000650644302368e-04,6.234999746084213257e-04
7.424000650644302368e-04,7.841000333428382874e-04,7.844999199733138084e-04,7.493000011891126633e-04
8.028999436646699905e-04,8.099999977275729179e-04,8.047000737860798836e-04,7.099999347701668739e-04
7.490999996662139893e-04,7.498000049963593483e-04,2.734499983489513397e-03,6.674999604001641273e-04
6.896000122651457787e-04,7.814000127837061882e-04,9.268000721931457520e-04,6.990999681875109673e-04
7.955000037327408791e-04,8.367999689653515816e-04,8.153000380843877792e-04,7.316999835893511772e-04
6.957999430596828461e-04,7.525000255554914474e-04,7.769999792799353600e-04,1.401300076395273209e-03
7.489999989047646523e-04,7.757999701425433159e-04,9.432999650016427040e-04,7.095999317243695259e-04
7.441999623551964760e-04,8.027000585570931435e-04,1.179000013507902622e-03,6.503000622615218163e-04
7.155999774113297462e-04,7.588999578729271889e-04,1.197299920022487640e-03,7.064999081194400787e-04
7.547999266535043716e-04,8.053999627009034157e-04,7.840000325813889503e-04,6.959000602364540100e-04
7.044000085443258286e-04,7.474999874830245972e-04,8.104000007733702660e-04,6.302000256255269051e-04
7.895999588072299957e-04,8.215000852942466736e-04,7.782999891787767410e-04,6.706999847665429115e-04
6.973999552428722382e-04,1.099999994039535522e-03,1.017800066620111465e-03,8.386999834328889847e-04
7.450000848621129990e-04,8.604000322520732880e-04,7.986999116837978363e-04,6.855999818071722984e-04
6.964999483898282051e-04,7.821999024599790573e-04,7.771000964567065239e-04,6.729000015184283257e-04
3.650999977253377438e-03,7.356998976320028305e-04,7.125000702217221260e-04,6.651999428868293762e-04
8.518999675288796425e-04,9.169999975711107254e-04,7.179999956861138344e-04,6.353999488055706024e-04
7.900999626144766808e-04,7.295000832527875900e-04,7.047998951748013496e-04,6.275000050663948059e-04
8.158000418916344643e-04,7.831000257283449173e-04,7.870000554248690605e-04,7.357000140473246574e-04
1.213099923916161060e-03,7.550000445917248726e-04,8.307000389322638512e-04,6.304000271484255791e-04
8.227000944316387177e-04,7.725999457761645317e-04,7.661000126972794533e-04,7.244000444188714027e-04
8.211999665945768356e-04,7.543000392615795135e-04,7.812000112608075142e-04,6.848999764770269394e-04
8.103000000119209290e-04,8.067000890150666237e-04,7.453999714925885201e-04,1.031099935062229633e-03
1.373700099065899849e-03,8.123000152409076691e-04,7.239000406116247177e-04,7.284000748768448830e-04
8.692999836057424545e-04,7.870000554248690605e-04,7.204000139608979225e-04,7.175999926403164864e-04
8.207000792026519775e-04,7.742999587208032608e-04,8.662000764161348343e-04,6.539999740198254585e-04
7.273999508470296860e-04,7.761999731883406639e-04,7.658998947590589523e-04,6.747000152245163918e-04
1.220800098963081837e-03,7.693000370636582375e-04,7.217000238597393036e-04,6.832999642938375473e-04
9.647000115364789963e-04,7.437999593093991280e-04,8.032999467104673386e-04,6.350999465212225914e-04
1.032900065183639526e-03,7.437000749632716179e-04,8.023999398574233055e-04,6.763000274077057838e-04
1.395499915815889835e-03,1.904399949125945568e-03,7.691999198868870735e-04,6.286998977884650230e-04
2.362999948672950268e-03,7.701000431552529335e-04,7.426000665873289108e-04,6.555999862030148506e-04
8.256000000983476639e-04,7.704000454396009445e-04,1.220699981786310673e-03,6.793999345973134041e-04
9.616999886929988861e-04,8.210999658331274986e-04,7.190000033006072044e-04,6.961999461054801941e-04
9.717000648379325867e-04,7.702999282628297806e-04,6.858999840915203094e-04,6.264999974519014359e-04
7.078999187797307968e-04,7.467000978067517281e-04,7.074999157339334488e-04,6.632999284192919731e-04
7.914999732747673988e-04,7.873000577092170715e-04,7.011999841779470444e-04,6.729000015184283257e-04
8.535000961273908615e-04,7.997000357136130333e-04,1.381599926389753819e-03,6.147999083623290062e-04
1.712400000542402267e-03,7.790999952703714371e-04,1.206099987030029297e-03,7.063000230118632317e-04
8.427000138908624649e-04,7.821000181138515472e-04,7.287000771611928940e-04,9.908999782055616379e-04
8.987000910565257072e-04,7.344000041484832764e-04,9.368000319227576256e-04,7.874999428167939186e-04
1.055100001394748688e-03,7.836999138817191124e-04,8.318000473082065582e-04,6.225999677553772926e-04
8.084999863058328629e-04,8.640999440103769302e-04,7.769999792799353600e-04,8.860001107677817345e-04
1.118000014685094357e-03,7.658000104129314423e-04,7.668000180274248123e-04,7.629999890923500061e-04
1.425900030881166458e-03,7.607000879943370819e-04,7.667000172659754753e-04,6.214000750333070755e-04
1.099699991755187511e-03,7.832000264897942543e-04,7.941999938338994980e-04,6.699999794363975525e-04
8.142000297084450722e-04,7.896000752225518227e-04,7.595999632030725479e-04,6.247999845072627068e-04
8.139000274240970612e-04,8.116000099107623100e-04,7.613999769091606140e-04,7.961000083014369011e-04
1.483200001530349255e-03,7.187000010162591934e-04,7.527000270783901215e-04,6.773000350221991539e-04
8.386999834328889847e-04,7.906999671831727028e-04,8.049999596551060677e-04,6.986000807955861092e-04
1.382099930197000504e-03,8.148000342771410942e-04,7.433000719174742699e-04,1.362600014545023441e-03
9.358000243082642555e-04,7.893999572843313217e-04,7.266000611707568169e-04,6.731000030413269997e-04
7.965000113472342491e-04,8.096999954432249069e-04,7.443999638780951500e-04,8.218999719247221947e-04
7.336999988183379173e-04,7.762999739497900009e-04,7.595999632030725479e-04,7.416999433189630508e-04
7.387000368908047676e-04,8.034999482333660126e-04,7.394000422209501266e-04,6.443000165745615959e-04
9.693999309092760086e-04,9.450999787077307701e-04,8.152000373229384422e-04,7.071000291034579277e-04
7.357000140473246574e-04,7.971000159159302711e-04,7.326999912038445473e-04,6.479999283328652382e-04
8.787999395281076431e-04,7.523000240325927734e-04,8.301000343635678291e-04,6.726999999955296516e-04
8.091999916359782219e-04,7.474999874830245972e-04,1.036299974657595158e-03,7.799000013619661331e-04
8.442000253126025200e-04,7.802000036463141441e-04,7.061999058350920677e-04,7.162999827414751053e-04
8.328999392688274384e-04,8.024999406188726425e-04,8.136000251397490501e-04,6.750000175088644028e-04
2.348399953916668892e-03,7.604999700561165810e-04,7.747999625280499458e-04,6.701999809592962265e-04
6.932999240234494209e-04,1.097899978049099445e-03,6.985000800341367722e-04,6.645999383181333542e-04
2.540000015869736671e-03,9.911000961437821388e-04,7.475999882444739342e-04,7.873000577092170715e-04
8.596000261604785919e-04,7.530000293627381325e-04,7.448999676853418350e-04,7.064999081194400787e-04
1.482699997723102570e-03,7.984999101608991623e-04,6.957999430596828461e-04,6.959999445825815201e-04
1.272499910555779934e-03,7.897000759840011597e-04,8.040000684559345245e-04,6.874999962747097015e-04
2.190800034441053867e-03,6.999999750405550003e-04,2.776000066660344601e-03,6.829999620094895363e-04
1.399399945512413979e-03,7.335999980568885803e-04,7.542999228462576866e-04,7.189000025391578674e-04
6.729000015184283257e-04,7.399000460281968117e-04,7.508998969569802284e-04,6.999999750405550003e-04
1.079700072295963764e-03,7.646000012755393982e-04,7.964000105857849121e-04,6.558999884873628616e-04
7.218000246211886406e-04,7.775999838486313820e-04,7.817000150680541992e-04,6.553999846801161766e-04
9.601999772712588310e-04,8.346999529749155045e-04,7.715999381616711617e-04,6.973000708967447281e-04
9.107000660151243210e-04,7.876999443396925926e-04,9.756999788805842400e-04,6.339000537991523743e-04
1.271499902941286564e-03,9.046000195667147636e-04,7.566999411210417747e-04,6.703999824821949005e-04
1.764300046488642693e-03,1.424600020982325077e-03,7.662000134587287903e-04,6.177999312058091164e-04
2.029199968092143536e-03,8.786000544205307961e-04,8.365000830963253975e-04,8.308000396937131882e-04
1.380499918013811111e-03,7.916999747976660728e-04,8.011999307200312614e-04,6.311000324785709381e-04
2.118600066751241684e-03,7.900999626144766808e-04,7.798000006005167961e-04,1.460300059989094734e-03
2.530000056140124798e-03,8.649000665172934532e-04,8.078999817371368408e-04,7.152999751269817352e-04
1.095199957489967346e-03,8.740000193938612938e-04,7.763999747112393379e-04,6.751000182703137398e-04
9.482000023126602173e-04,7.303999736905097961e-04,8.767999242991209030e-04,9.907000930979847908e-04
2.868199953809380531e-03,7.959000067785382271e-04,7.780999876558780670e-04,7.153999758884310722e-04
7.713999366387724876e-04,9.010999929159879684e-04,7.478999905288219452e-04,6.845999741926789284e-04
1.080600079149007797e-03,7.640999974682927132e-04,7.725999457761645317e-04,7.367000216618180275e-04
1.928700017742812634e-03,7.786999922245740891e-04,9.338000090792775154e-04,6.487000500783324242e-04
2.010999945923686028e-03,8.125000167638063431e-04,7.597999647259712219e-04,7.050000131130218506e-04
2.205500029958784580e-03,9.430999634787440300e-04,1.106199924834072590e-03,6.824999582022428513e-04
2.041399944573640823e-03,1.311999978497624397e-03,9.442000882700085640e-04,6.516999565064907074e-04
1.867499900981783867e-03,8.335999445989727974e-04,7.389000384137034416e-04,6.596000166609883308e-04
1.027100021019577980e-03,8.404999971389770508e-04,7.593999616801738739e-04,7.216000230982899666e-04
1.688700052909553051e-03,7.907999679446220398e-04,7.722000591456890106e-04,6.366000743582844734e-04
6.864999886602163315e-04,9.298999793827533722e-04,1.041600015014410019e-03,6.690999725833535194e-04
9.778999956324696541e-04,7.737000705674290657e-04,8.034000638872385025e-04,6.634000455960631371e-04
9.509000228717923164e-04,9.808000177145004272e-04,7.654000073671340942e-04,8.808999555185437202e-04
1.185600063763558865e-03,8.266000077128410339e-04,7.505000103265047073e-04,6.156000308692455292e-04
9.667000267654657364e-04,7.719000568613409996e-04,7.379000307992100716e-04,6.377999670803546906e-04
1.764000044204294682e-03,9.965000208467245102e-04,7.335999980568885803e-04,9.967000223696231842e-04
6.904000183567404747e-04,7.725000614300370216e-04,7.426000665873289108e-04,8.000999223440885544e-04
2.669199951924383640e-03,8.118000114336609840e-04,7.566999411210417747e-04,6.982999620959162712e-04
7.898999610915780067e-04,7.786999922245740891e-04,7.820000173524022102e-04,6.454000249505043030e-04
9.178000036627054214e-04,7.764999754726886749e-04,7.410999387502670288e-04,1.123100053519010544e-03
8.418000070378184319e-04,7.836999138817191124e-04,7.570000598207116127e-04,9.528000373393297195e-04
1.051199971698224545e-03,8.795999456197023392e-04,7.115999469533562660e-04,6.899000145494937897e-04
7.623999845236539841e-04,8.016000501811504364e-04,7.477999897673726082e-04,6.794000510126352310e-04
8.869000012055039406e-04,7.956000044941902161e-04,7.385000353679060936e-04,6.872999947518110275e-04
8.576000109314918518e-04,8.675999706611037254e-04,8.091999916359782219e-04,6.391000933945178986e-04
1.068099983967840672e-03,8.835999760776758194e-04,7.705999305471777916e-04,1.469300012104213238e-03
1.627600053325295448e-03,8.247999940067529678e-04,7.766999769955873489e-04,6.493000546470284462e-04
7.347000064328312874e-04,7.929999846965074539e-04,7.546000415459275246e-04,1.374499988742172718e-03
7.770999800413846970e-04,7.525000255554914474e-04,7.340000011026859283e-04,7.002999773249030113e-04
1.139000058174133301e-03,7.800000021234154701e-04,7.789999945089221001e-04,7.171999895945191383e-04
8.464000420644879341e-04,7.645000005140900612e-04,7.145999697968363762e-04,1.048599951900541782e-03
8.191999513655900955e-04,7.571000605821609497e-04,7.563000544905662537e-04,6.638999329879879951e-04
8.466000435873866081e-04,7.570999441668391228e-04,7.630999898537993431e-04,6.720999954268336296e-04
8.403999963775277138e-04,8.394001051783561707e-04,7.294000824913382530e-04,8.384999819099903107e-04
7.519000209867954254e-04,7.234000368043780327e-04,1.170200062915682793e-03,6.880000000819563866e-04
1.142099965363740921e-03,1.118900021538138390e-03,7.436999585479497910e-04,6.533999694511294365e-04
8.066999725997447968e-04,7.905999664217233658e-04,7.688000332564115524e-04,6.279000081121921539e-04
7.846999214962124825e-04,8.742000209167599678e-04,7.609999738633632660e-04,6.125000072643160820e-04
6.884000031277537346e-04,8.037999505177140236e-04,7.309999782592058182e-04,7.083999225869774818e-04
1.417499966919422150e-03,7.764999754726886749e-04,7.575000636279582977e-04,6.681999657303094864e-04
6.731000030413269997e-04,7.886000676080584526e-04,1.282400102354586124e-03,7.170999888330698013e-04
6.899000145494937897e-04,7.528000278398394585e-04,7.044000085443258286e-04,7.354000117629766464e-04
1.482499996200203896e-03,8.348000701516866684e-04,7.096999324858188629e-04,9.886000771075487137e-04
7.397999288514256477e-04,7.778999861329793930e-04,7.695000385865569115e-04,6.717999931424856186e-04
7.280999561771750450e-04,7.955000037327408791e-04,7.577999494969844818e-04,6.737000076100230217e-04
1.077900058589875698e-03,7.641999982297420502e-04,2.711199922487139702e-03,6.716999923810362816e-04
1.006899983622133732e-03,7.383999181911349297e-04,7.697000401094555855e-04,6.447000196203589439e-04
1.152200042270123959e-03,8.150999201461672783e-04,9.135000873357057571e-04,6.280000088736414909e-04
8.034999482333660126e-04,7.822000188753008842e-04,7.768999785184860229e-04,8.087999885901808739e-04
6.715999916195869446e-04,9.036000119522213936e-04,7.109000580385327339e-04,9.373999200761318207e-04
7.836000295355916023e-04,7.549999281764030457e-04,8.253999985754489899e-04,6.818999536335468292e-04
8.815999608486890793e-04,7.326999912038445473e-04,7.742000743746757507e-04,6.561999907717108727e-04
8.695999858900904655e-04,7.365000201389193535e-04,1.087399898096919060e-03,6.630999268963932991e-04
1.158299972303211689e-03,8.307000389322638512e-04,7.581999525427818298e-04,6.560999900102615356e-04
2.713500056415796280e-03,7.086000405251979828e-04,7.476999890059232712e-04,7.044000085443258286e-04
1.000300049781799316e-03,8.913000347092747688e-04,8.011000463739037514e-04,7.175999926403164864e-04
1.002599950879812241e-03,7.982000242918729782e-04,7.570000598207116127e-04,6.391999777406454086e-04
2.090599969960749149e-03,7.527000270783901215e-04,8.182999445125460625e-04,6.062999600544571877e-04
1.584499957971274853e-03,8.261000039055943489e-04,7.519000209867954254e-04,8.855001069605350494e-04
7.603999692946672440e-04,7.685000309720635414e-04,7.271999493241310120e-04,8.037000661715865135e-04
2.874800004065036774e-03,8.581000147387385368e-04,8.403999963775277138e-04,6.733000045642256737e-04
1.150000025518238544e-03,7.717999396845698357e-04,7.610999746248126030e-04,7.792999967932701111e-04
2.242899965494871140e-03,9.453999809920787811e-04,7.213000208139419556e-04,7.041000062599778175e-04
1.739799976348876953e-03,8.363999659195542336e-04,7.191000040620565414e-04,6.493999389931559563e-04
1.044900040142238140e-03,7.647000020369887352e-04,7.390000391751527786e-04,6.500999443233013153e-04
1.968099968507885933e-03,8.066999725997447968e-04,7.736000698059797287e-04,6.303999107331037521e-04
1.047799945808947086e-03,7.837000302970409393e-04,7.381000323221087456e-04,7.246999302878975868e-04
