5.000000000000000104e-03,8.592265693634537627e-02,2.173296637835822054e+01,9.734281940654460641e+02,8.336437090441689790e+00
1.000000000000000021e-02,2.068043548643821727e-01,2.367330013565055324e+01,-6.028279263661585219e+02,-5.544663766651005687e-01
1.499999999999999944e-02,3.089486289456330748e-01,1.861364043067205287e+01,-8.275723310851209362e+02,-6.302621209588910034e-01
2.000000000000000042e-02,3.834369266084619032e-01,1.310894655497055972e+01,-7.476457696270961151e+02,-7.963935787548859224e-02
2.500000000000000139e-02,4.312735951716736293e-01,7.915287403061029181e+00,-6.661849478362208856e+02,2.395310599815596575e-01
3.000000000000000236e-02,4.583994310019475771e-01,4.284247608570683319e+00,-4.473130672089283166e+02,1.465844023322772749e+00
3.500000000000000333e-02,4.738208697515081114e-01,2.558938285691322978e+00,-1.948951920965239708e+02,1.889516454994334627e+00
4.000000000000000083e-02,4.862192275880758974e-01,2.473939666870433207e+00,8.600642530991990498e+00,9.692986954603388661e-01
4.499999999999999833e-02,4.994561502948018927e-01,2.748171649817876094e+00,4.594432160615517091e+01,2.945668250117279285e-01
4.999999999999999584e-02,5.141220805474713273e-01,3.025692586758254254e+00,3.778646866245973968e+01,-1.131981448410859237e-01
5.499999999999999334e-02,5.299048283563454476e-01,3.210630673468444218e+00,1.814382808523820856e+01,-4.171740999985908971e-01
5.999999999999999084e-02,5.463038370569182067e-01,3.294985504984524027e+00,-5.993437213401757724e-01,-6.254771230307363261e-01
6.499999999999998834e-02,5.629387436234418729e-01,3.317463435572566510e+00,-1.282957481991646098e+01,-7.581537911991431677e-01
6.999999999999999278e-02,5.796224184266997037e-01,3.315262272714837977e+00,-1.960555777459618199e+01,-8.478833315744678245e-01
7.499999999999999722e-02,5.962641603917077093e-01,3.298276989872090059e+00,-2.495579431999014020e+01,-9.244170410773377977e-01
8.000000000000000167e-02,6.127649878541043815e-01,3.259264770644163534e+00,-3.113295104515298917e+01,-9.989568360585709961e-01
8.500000000000000611e-02,6.289775234413168548e-01,3.187786686958974602e+00,-3.830477175854012728e+01,-1.066306981121556641e+00
9.000000000000001055e-02,6.447172405026294628e-01,3.078275164424262300e+00,-4.558554830431384630e+01,-1.117312044738448140e+00
9.500000000000001499e-02,6.597844937419319322e-01,2.928986300284995625e+00,-5.244430386417178624e+01,-1.154262784848157475e+00
1.000000000000000194e-01,6.739868213821162968e-01,2.742845743224327837e+00,-5.829713264586726496e+01,-1.177943794419436196e+00
1.050000000000000239e-01,6.871592909877094479e-01,2.526512420604885456e+00,-6.270966217316217950e+01,-1.187171287172748668e+00
1.100000000000000283e-01,6.991745294354090312e-01,2.287771770466503263e+00,-6.561778102193709117e+01,-1.182640251851980295e+00
1.150000000000000328e-01,7.099424650081461730e-01,2.033837508313736997e+00,-6.715080527152247214e+01,-1.163967704712933537e+00
1.200000000000000372e-01,7.194104573499016109e-01,1.772307066760459682e+00,-6.727081391270198196e+01,-1.127573882945323014e+00
1.250000000000000278e-01,7.275690546947681803e-01,1.512234630311170225e+00,-6.583919879333988945e+01,-1.071687324774978745e+00
1.300000000000000322e-01,7.344445004062648552e-01,1.259749532110986392e+00,-6.329134399975573899e+01,-9.979160417621130152e-01
1.350000000000000366e-01,7.400824254961715365e-01,1.017660878194514673e+00,-6.005171171826312815e+01,-9.067460309545881669e-01
1.400000000000000411e-01,7.445388331911139135e-01,7.876713240265212912e-01,-5.627646141156657222e+01,-8.009258408244097627e-01
1.450000000000000455e-01,7.478767104729074910e-01,5.709686302112307876e-01,-5.207123134594574054e+01,-6.848427347654848507e-01
1.500000000000000500e-01,7.501636609323508731e-01,3.682197483104689972e-01,-4.758357501462420913e+01,-5.647881412545384672e-01
1.550000000000000544e-01,7.518682049600893258e-01,4.865321225201373750e-02,-1.916943068701034463e+02,-4.646874317885323347e-01
1.600000000000000588e-01,7.530361094849121750e-01,3.417540673039177190e-01,3.471652815403115877e+00,2.077927925669281972e+00
1.650000000000000633e-01,7.584074760870055387e-01,1.399871108091948368e+00,1.995433460931487275e+02,1.526889564230878849e+00
1.700000000000000677e-01,7.677588980891220105e-01,2.019073588211874881e+00,-5.267621974442562305e+01,1.309914847798511417e+00
1.750000000000000722e-01,7.794899946973984362e-01,2.440197490553948523e+00,1.782723859660675600e+02,1.152198018429069437e+00
1.800000000000000766e-01,7.926362907778826683e-01,2.580323931124597348e+00,-1.078984692658840885e+02,-4.507670062228275043e-02
1.850000000000000810e-01,8.058200430648185808e-01,2.531304965401563578e+00,-6.802120533054372231e+01,-1.166090314070795886e+00
1.900000000000000855e-01,8.168914592240374972e-01,1.896596252532661842e+00,-2.412534427034416353e+02,-5.358180521698769905e-01
1.950000000000000899e-01,8.251986172770148231e-01,1.496977433809528080e+00,5.282014385043782312e+01,-9.464034271210097771e-02
2.000000000000000944e-01,8.299726668319611367e-01,5.756174027850275987e-01,-3.190322551256288648e+02,-3.764209093373851456e-01
2.050000000000000988e-01,8.316218231132530558e-01,2.030277047476967134e-01,1.063991362601855002e+02,5.665020031066013706e-01
2.100000000000001033e-01,8.305897373260648919e-01,-4.865707071509918213e-01,-2.946381771873699904e+02,1.652331623481194112e-01
2.150000000000001077e-01,8.275050511579506995e-01,-6.894268007515167440e-01,1.226935478161787643e+02,1.154355487470592356e+00
2.200000000000001121e-01,8.225651970185683393e-01,-1.175259275262603875e+00,-2.434020197003126214e+02,5.317596190830258251e-01
2.250000000000001166e-01,8.165774225818375198e-01,-1.208925475907704383e+00,1.472154361992910481e+02,1.370670793190922332e+00
2.300000000000001210e-01,8.090678553737926659e-01,-1.664299273370824617e+00,-2.154216880088215191e+02,5.732668717280905435e-01
2.350000000000001255e-01,8.006620798712987819e-01,-1.664146280843940229e+00,1.726427748030935447e+02,1.424984725814886888e+00
2.400000000000001299e-01,7.905705686414824518e-01,-2.176661842256581547e+00,-1.830409616095723493e+02,4.714671059494138783e-01
2.450000000000001343e-01,7.798910168623511829e-01,-2.141626962126228939e+00,9.788257637441118675e+01,1.297954572865300582e+00
2.500000000000001110e-01,7.680934983703965324e-01,-2.451013849909165820e+00,-1.530250547011902711e+02,3.441440581424357603e-01
2.550000000000001155e-01,7.555914597535816624e-01,-2.546655519332355677e+00,5.780755702125108542e+01,7.707115134636490783e-01
2.600000000000001199e-01,7.424998324210766443e-01,-2.540017817863818639e+00,1.486246793134999677e+02,6.867923292746871411e-01
2.650000000000001243e-01,7.289845462561506118e-01,-2.739108707692310851e+00,-6.562009489723610045e+01,1.082190218164875706e-01
2.700000000000001288e-01,7.152325689507440520e-01,-2.752651949603279302e+00,-1.719072764590881164e+01,2.512673412772941095e-01
2.750000000000001332e-01,7.011571328599004449e-01,-2.799256095692314705e+00,6.706344241353595237e+01,1.391464777913269391e-01
2.800000000000001377e-01,6.870911011119702483e-01,-2.765301564335896245e+00,4.309244168391171570e+01,6.482572340282728440e-01
2.850000000000001421e-01,6.842152744328576786e-01,-2.758389398634547574e-01,2.466431508413638767e+02,-4.680518555785361801e-01
2.900000000000001465e-01,6.862482226877537617e-01,8.112465092159414359e-01,1.462862960415611724e+02,4.649058033534584355e-01
2.950000000000001510e-01,6.930030497581004534e-01,1.639615359936894334e+00,4.722389755976814172e+02,1.366926625340797230e+00
3.000000000000001554e-01,6.982934965751029788e-01,1.061156627288443843e+00,-1.441978813672904209e+02,9.696866118718494576e-01
3.050000000000001599e-01,7.037428075831917429e-01,1.076981204328285147e+00,2.119490678047109213e+02,2.181135265745889562e+00
3.100000000000001643e-01,7.083159806574806927e-01,9.175925528917865392e-01,1.205396623084016881e+02,2.829926286784054223e+00
3.150000000000001688e-01,7.126028391176514321e-01,7.984627856152816117e-01,1.031274239124191752e+02,3.863575980071694893e+00
3.200000000000001732e-01,7.161875933870972544e-01,7.315367459597248434e-01,9.383108849779415550e+01,5.066826409641465467e+00
3.250000000000001776e-01,7.191989148320866443e-01,8.445647738666757220e-01,7.850806275965780969e+02,6.125627094796984196e+00
3.300000000000001821e-01,7.222998765878748673e-01,4.023255756801485949e-01,-7.171037169640384263e+02,6.656582523819055019e+00
3.350000000000001865e-01,7.250160073183914422e-01,8.852916509153913038e-01,9.228424190523104471e+02,7.884710436726838800e+00
3.400000000000001910e-01,7.273263408210480785e-01,1.846366054048780014e-01,-7.836863754740977583e+02,8.102515211661652117e+00
3.450000000000001954e-01,7.298728467337523007e-01,8.943367419917324090e-01,9.451909429926174653e+02,9.603631349138360918e+00
3.500000000000001998e-01,7.316324616637618350e-01,2.349448836699320753e-02,-7.801293650405973494e+02,9.467577873388965060e+00
3.550000000000002043e-01,7.341627792749549908e-01,8.187934870294781842e-01,7.669467517603661690e+02,1.056519442927215024e+01
3.600000000000002087e-01,7.354525330146366446e-01,-8.744915861104919641e-02,-9.374508200596790175e+02,1.036497141623047469e+01
3.650000000000002132e-01,7.378209010015199798e-01,6.796544603596427203e-01,6.984099221138687881e+02,1.131133162391248348e+01
3.700000000000002176e-01,7.388901877931827178e-01,-7.526820645018560130e-02,-9.726733676558297930e+02,1.065665221372770866e+01
3.750000000000002220e-01,7.409263466679590904e-01,7.459012967607586697e-01,9.005499339499132248e+02,1.122780696013812296e+01
3.800000000000002265e-01,7.419518087323504485e-01,-1.455315199289866634e-01,-9.657634144730578782e+02,1.038366115220839347e+01
3.850000000000002309e-01,7.439188366960675092e-01,7.907583593728236826e-01,9.336467379564120392e+02,1.087990217679965532e+01
3.900000000000002354e-01,7.450905153529556735e-01,-1.219015996668068730e-01,-9.852534169765733623e+02,9.937408189486314214e+00
3.950000000000002398e-01,7.475591638163092689e-01,8.055123841438287524e-01,8.181621124391800777e+02,1.036698624114871592e+01
4.000000000000002442e-01,7.492781707538497260e-01,5.821837483091256427e-02,-9.440826522801677356e+02,9.216064632179389093e+00
4.050000000000002487e-01,7.522234305882967709e-01,9.600796119693716379e-01,8.996091774488818373e+02,9.587771116328896781e+00
4.100000000000002531e-01,7.546940133452159083e-01,1.807350371940464051e-01,-8.793251436875231093e+02,8.357293715710321536e+00
4.150000000000002576e-01,7.584987185354415962e-01,1.130805023374916063e+00,8.114961062444848494e+02,8.656667535737188501e+00
4.200000000000002620e-01,7.617059835568171788e-01,3.596040166303836050e-01,-8.431716555489900884e+02,7.520516482099213640e+00
4.250000000000002665e-01,7.665220502450413864e-01,1.189150618417233130e+00,6.372968561836828485e+02,7.898111791756518230e+00
4.300000000000002709e-01,7.709499320423834900e-01,7.055634040580404109e-01,-7.986282836472416875e+02,6.785704971725324164e+00
4.350000000000002753e-01,7.764052104570899893e-01,1.406090078729609116e+00,7.846971646174094985e+02,7.240315983871122185e+00
4.400000000000002798e-01,7.819749903804300573e-01,8.859714460903489464e-01,-6.544444663617056221e+02,6.226428977279865329e+00
4.450000000000002842e-01,7.882762868081149010e-01,1.681287830530161953e+00,7.710065549744452937e+02,6.623153860059935560e+00
4.500000000000002887e-01,7.940286844490911378e-01,7.842817077488837274e-01,-6.799966406943465245e+02,5.919180086882481540e+00
4.550000000000002931e-01,8.011630781679910385e-01,1.376827236919260011e+00,1.122650177559429068e+02,6.421408018513837135e+00
4.600000000000002975e-01,8.081819922124323652e-01,1.462218738853484190e+00,-4.674968232105168227e+02,5.926902910916223455e+00
4.650000000000003020e-01,8.156666767295944753e-01,1.898624268212431243e+00,7.258826631056990664e+02,6.512849076689991357e+00
4.700000000000003064e-01,8.223228243115380254e-01,1.227352486705781898e+00,-5.090295324264615147e+02,5.764794747346144277e+00
4.750000000000003109e-01,8.289239371875256612e-01,1.841094411389333496e+00,9.924917437747741360e+02,6.655000070067538687e+00
4.800000000000003153e-01,8.352599299722692772e-01,9.836814503805004772e-01,-3.941301516478262101e+02,6.237272022277182693e+00
4.850000000000003197e-01,8.420311708978330811e-01,1.752723134925977977e+00,9.846445036694718738e+02,7.108630434380934560e+00
4.900000000000003242e-01,8.474327879007342856e-01,9.924631138632877825e-01,-1.647228373253191194e+02,6.537824631200972014e+00
4.950000000000003286e-01,8.526952293696199447e-01,1.480224447080975336e+00,6.979864208190369936e+02,7.083639428422766393e+00
5.000000000000003331e-01,8.587959357559464824e-01,1.310115700737501498e+00,-3.072970658053413331e+02,6.074410661595826433e+00
5.050000000000003375e-01,8.641991250619562859e-01,9.199165746086159778e-01,-3.447640428599941629e+02,6.211119513992874985e+00
5.100000000000003419e-01,8.696095118494366893e-01,1.369972311409808796e+00,5.704723289714193015e+02,6.415938043196477203e+00
5.150000000000003464e-01,8.753304482703725409e-01,1.451229370304299771e+00,6.749338438825557205e+02,6.087359942341664443e+00
5.200000000000003508e-01,8.812385756620082500e-01,1.087837744100832227e+00,-2.155418463925696244e+02,5.550420121309546317e+00
5.250000000000003553e-01,8.871529761501905087e-01,9.627518602646334411e-01,-2.084320073474407025e+02,5.819574620430818968e+00
5.300000000000003597e-01,8.926340196681622485e-01,1.530907811639871108e+00,7.120884374601059790e+02,5.662523241014572051e+00
5.350000000000003642e-01,8.983996791831441175e-01,1.196851616258018947e+00,-9.062726917983077612e+01,5.004108535790534162e+00
5.400000000000003686e-01,9.033144835410533702e-01,7.765745099694381093e-01,-3.064604699354739523e+02,4.704650280562958642e+00
5.450000000000003730e-01,9.092023169155507567e-01,1.439553553028349198e+00,8.219984351081462819e+02,5.239802155587626409e+00
5.500000000000003775e-01,9.145785288468988306e-01,9.083207271289821527e-01,-2.710102428267398409e+02,4.256017506745810586e+00
5.550000000000003819e-01,9.206454243990129793e-01,1.508453262713205456e+00,8.251102453639878149e+02,4.489936380881675682e+00
5.600000000000003864e-01,9.260313964348844129e-01,8.010735840688810727e-01,-4.130861942158818465e+02,3.548495121629740900e+00
5.650000000000003908e-01,9.307037214501797662e-01,1.177948285756996505e+00,-1.741727890534340872e+02,4.145367741763567260e+00
5.700000000000003952e-01,9.349998106028226674e-01,5.894308727920980484e-01,-3.741738571699781915e+02,3.578498461078682968e+00
5.750000000000003997e-01,9.413390317229467508e-01,1.347100451601266125e+00,-3.339949474795182596e+02,3.515326564696067635e+00
5.800000000000004041e-01,9.465963410736341066e-01,8.249046124311033568e-01,-3.948175799456132040e+02,3.135568739718779696e+00
5.850000000000004086e-01,9.520991720280637116e-01,1.359228326834154066e+00,6.035839852541660093e+02,3.527062229454584141e+00
5.900000000000004130e-01,9.578663889438721046e-01,1.039068507359467208e+00,-2.370357262458059893e+02,2.483625874217835872e+00
5.950000000000004174e-01,9.632216200243539639e-01,1.348699128281742876e+00,3.138491557715815361e+02,2.654238169745794629e+00
6.000000000000004219e-01,9.691306818025026137e-01,1.204564393677016287e+00,-1.968593000825031254e+02,1.307369015000046097e+00
6.050000000000004263e-01,9.759880771450913928e-01,1.924910879211501724e+00,8.512944297161756140e+02,1.338041184425434071e+00
6.100000000000004308e-01,9.826426242737087424e-01,1.249101461092599674e+00,-2.712351512665829887e+02,1.851621917675602136e-01
6.150000000000004352e-01,9.895437835342147936e-01,1.464805419438247824e+00,2.650132668308810366e+02,1.356742651589274207e+00
6.200000000000004396e-01,9.961867662784505972e-01,1.342160517218314419e+00,-1.634553186278304793e+02,1.371102052716185238e+00
6.250000000000004441e-01,1.002815408209722703e+00,1.268740948388029643e+00,-8.571864726940225410e+01,1.747660098833260678e+00
6.300000000000004485e-01,1.009322107911911015e+00,1.214471556438001532e+00,-5.836026998105754160e+01,2.143149029920799364e+00
6.350000000000004530e-01,1.016325055160871349e+00,1.675187345125717320e+00,5.129676891828150929e+02,3.462068682173363943e+00
6.400000000000004574e-01,1.025358351417228198e+00,1.828236741083538286e+00,3.131274593000895123e+01,3.956000354727978063e+00
6.450000000000004619e-01,1.035917765510917743e+00,2.327013833494323336e+00,4.985955217632526626e+01,3.535977451198918597e+00
6.500000000000004663e-01,1.046766845566966087e+00,1.848000490697691678e+00,-1.641119854137958782e+02,2.207888977571604627e+00
6.550000000000004707e-01,1.055121681526149269e+00,1.735690075614752859e+00,1.965901160472459424e+02,1.145668453268821052e+00
6.600000000000004752e-01,1.063534323355573186e+00,1.798631769963433102e+00,2.261330150521139899e+02,-1.359678360202178915e+00
6.650000000000004796e-01,1.072563978014278829e+00,1.611862215342617644e+00,-2.600478403645494723e+02,-2.374099686527057163e+00
6.700000000000004841e-01,1.081020103085915451e+00,1.656626567331576760e+00,-8.043935528956949099e+01,-2.286278176740498047e+00
6.750000000000004885e-01,1.089943428257331703e+00,1.768826640112075133e+00,9.524648075549341897e+00,-2.311945182183758440e+00
6.800000000000004929e-01,1.098376102630727935e+00,1.660762514558785430e+00,3.394270288913650546e+01,-2.727285813946970894e+00
6.850000000000004974e-01,1.106574658307398762e+00,1.681865280894823345e+00,6.380652333854114744e+01,-2.833966559910699790e+00
6.900000000000005018e-01,1.114396199967638612e+00,1.513548389610307687e+00,-6.681983436713856861e+00,-3.126483875325757555e+00
6.950000000000005063e-01,1.121979713153038682e+00,1.505324871569365230e+00,2.846441572442861556e+01,-2.762560895578596742e+00
7.000000000000005107e-01,1.129017769528909865e+00,1.426536991938393895e+00,2.372753591330549483e+01,-3.412516472105516119e+00
7.050000000000005151e-01,1.135842383343348638e+00,1.396347960278240707e+00,3.918399669050127443e+01,-3.401034366822203392e+00
7.100000000000005196e-01,1.142176020838440831e+00,1.458895172842952226e+00,1.485124088827582511e+02,-3.409906173870980606e+00
7.150000000000005240e-01,1.149110839546832130e+00,1.385290302705937338e+00,-1.682816594113677411e+01,-4.037529177213832199e+00
7.200000000000005285e-01,1.155470508102555138e+00,1.432835455242942979e+00,6.523570201765159027e+01,-4.184390325931722998e+00
7.250000000000005329e-01,1.162317694449428007e+00,1.373854901013065177e+00,-6.964529200188248126e+01,-4.022188183799802808e+00
7.300000000000005373e-01,1.168977052107315062e+00,1.409919311128642772e+00,5.862205591787839154e+01,-4.357809916702239050e+00
7.350000000000005418e-01,1.175703178628709544e+00,1.416650587266058636e+00,7.683464422062739629e+01,-4.596229533384534882e+00
7.400000000000005462e-01,1.182382909395862658e+00,1.385171559047304601e+00,-3.689738138976499471e+01,-4.658738046707385116e+00
7.450000000000005507e-01,1.189187000872732991e+00,1.352281785133290004e+00,-1.688630177241143997e+02,-5.448515034873843810e+00
7.500000000000005551e-01,1.195528428976081248e+00,1.271391566456765210e+00,2.241382559829694543e+01,-6.145806486203875707e+00
7.550000000000005596e-01,1.200423094652468770e+00,8.855399197802487077e-01,-1.565628752524676059e+01,-6.032849795515116575e+00
7.600000000000005640e-01,1.203318297067230924e+00,4.463502977600915522e-01,-3.612718501689533923e+01,-5.449506556855164163e+00
7.650000000000005684e-01,1.204261332417379426e+00,8.212265678781374700e-02,-3.422313461728968065e+01,-4.838328028118612067e+00
7.700000000000005729e-01,1.203655839209429423e+00,-2.675239042966613967e-01,-1.213982179981866096e+02,-4.407090771587460765e+00
7.750000000000005773e-01,1.202074972602766856e+00,-4.211347675600047857e-01,-9.432200467423427881e+01,-4.043287677233734279e+00
7.800000000000005818e-01,1.199833398633894932e+00,-5.499710832660248405e-01,-1.011060140388652258e+02,-3.929518568715105520e+00
7.850000000000005862e-01,1.197135993702880041e+00,-6.340155425926521371e-01,-9.446292788829454423e+01,-3.832479622297686017e+00
7.900000000000005906e-01,1.193847328047094036e+00,-7.488208367116380160e-01,-1.070536589595379979e+02,-3.878328001029131222e+00
7.950000000000005951e-01,1.189836976002914604e+00,-9.046956992234866934e-01,-1.079073983801514345e+02,-3.828631848910884372e+00
8.000000000000005995e-01,1.184755954543022627e+00,-1.094271948147813811e+00,5.399621148580390440e+00,-3.790403116624033064e+00
8.050000000000006040e-01,1.178117219157921447e+00,-1.447322914214738132e+00,-2.084833441954069944e+00,-3.798946102241888667e+00
8.100000000000006084e-01,1.169175046774223903e+00,-2.005049641659299997e+00,-4.560029604931821012e+01,-4.260356701464854012e+00
8.150000000000006128e-01,1.157491664769073392e+00,-2.549251582871495447e+00,-5.455018491742209363e+01,-3.676147205830642584e+00
8.200000000000006173e-01,1.142965754046998406e+00,-3.113236312344471290e+00,-4.934018475363500045e+01,-3.167500525399797873e+00
8.250000000000006217e-01,1.125516716616556057e+00,-3.694268971761272446e+00,-3.989282357858409256e+01,-2.595442413186451969e+00
8.300000000000006262e-01,1.104713172098485519e+00,-4.427435487239035794e+00,-7.082320482660706773e+01,-2.636587651450947423e+00
8.350000000000006306e-01,1.080244434990857760e+00,-5.121281010026579317e+00,-6.255173742310892493e+01,-1.825091591630463750e+00
8.400000000000006350e-01,1.053195529787216422e+00,-5.594914130899272919e+00,-3.266022795026377423e+01,-1.134901634997127040e+00
8.450000000000006395e-01,1.022852157489319680e+00,-6.252513974457962753e+00,-6.021447244391386278e+01,-9.267052326861291434e-01
8.500000000000006439e-01,9.908169878298765942e-01,-6.534740778421491925e+00,-2.066279293475988865e+01,-2.047740099459569585e-01
8.550000000000006484e-01,9.573549000298230416e-01,-6.694727620887927166e+00,3.265438343866024695e+01,-1.210938845490172611e-03
8.600000000000006528e-01,9.239781282670933571e-01,-6.634668227653543582e+00,-1.892539639670165741e+01,5.576535385801961731e-01
8.650000000000006573e-01,8.927490212324324936e-01,-6.037059192082854686e+00,6.874252318558107788e+01,7.434363194754864956e-01
8.700000000000006617e-01,8.650137060839304670e-01,-5.246890985657572060e+00,1.391758943564922788e+02,7.143483942746740034e-01
8.750000000000006661e-01,8.433419286310408491e-01,-3.757498463518905485e+00,2.806718359818651720e+02,7.824155524737181899e-01
8.800000000000006706e-01,8.333228154232321661e-01,-8.494979635198833812e-01,5.961796491525880128e+02,1.536384954990408502e+00
8.850000000000006750e-01,8.384642048758749189e-01,1.663128354579027413e+00,8.455025892576896922e+02,2.381231173319862116e+00
8.900000000000006795e-01,8.457526880942484171e-01,1.198720752175904902e+00,-1.071754761131527630e+03,4.154232950613685915e+00
8.950000000000006839e-01,8.535043680680578504e-01,1.770046320631116332e+00,8.711473920130572424e+02,6.439175328556488331e+00
9.000000000000006883e-01,8.594556542310819447e-01,8.042618555525226087e-01,-1.302491883589694908e+03,5.508574777675729450e+00
9.050000000000006928e-01,8.668368171104509079e-01,1.771429206401283096e+00,1.020231969413493289e+03,5.833482932889090478e+00
9.100000000000006972e-01,8.713288724924291850e-01,3.120119700134194596e-01,-1.355430553917135967e+03,4.836942826763705128e+00
9.150000000000007017e-01,8.773718293622230213e-01,1.668041727705606325e+00,1.155590221932205623e+03,5.630164917898935251e+00
9.200000000000007061e-01,8.813438655791807630e-01,2.108076492536135604e-01,-1.218570185099059472e+03,4.689545121168095854e+00
9.250000000000007105e-01,8.863093527808456606e-01,1.488094487744476613e+00,1.130422215049783517e+03,5.657856459304868579e+00
9.300000000000007150e-01,8.897540342680319014e-01,1.629826243808907282e-01,-1.124904122184508424e+03,4.916433861638795477e+00
9.350000000000007194e-01,8.943046562034697722e-01,1.377962174271155860e+00,1.054369905082905234e+03,5.775741984077145119e+00
9.400000000000007239e-01,8.974820907608275222e-01,1.487357328576179860e-01,-1.053783890816729127e+03,4.914802207068638573e+00
9.450000000000007283e-01,9.018265176735577038e-01,1.285340083352856100e+00,9.558991869286414840e+02,5.843566196394553991e+00
9.500000000000007327e-01,9.047822294354678219e-01,1.124906653145383018e-01,-1.055311587807315163e+03,5.087571536459325472e+00
9.550000000000007372e-01,9.091410747466327491e-01,1.231845921700940760e+00,8.596996053241347227e+02,5.853258699106831386e+00
9.600000000000007416e-01,9.120186507878883519e-01,9.267822384567511729e-02,-1.057575145858736278e+03,5.009285756147706437e+00
9.650000000000007461e-01,9.165243264959626046e-01,1.194274247494853114e+00,7.545986950402833600e+02,5.764282586148096854e+00
9.700000000000007505e-01,9.194262943459857729e-01,9.414258626369044480e-02,-1.063831657364138664e+03,4.946489354893345514e+00
9.750000000000007550e-01,9.240758922889167337e-01,1.151992086453361930e+00,6.543237198048605023e+02,5.629340559756036200e+00
9.800000000000007594e-01,9.270344615039993741e-01,1.234607659481806730e-01,-1.064224574243101870e+03,4.834850187507093722e+00
9.850000000000007638e-01,9.318104742634377713e-01,1.094466191791435783e+00,5.463586951670808958e+02,5.489155704734491437e+00
9.900000000000007683e-01,9.348115057702277575e-01,1.654940608736480412e-01,-1.064254335925188570e+03,4.700093072092994539e+00
9.950000000000007727e-01,9.396329284450964936e-01,1.026611182199426153e+00,4.420590654729966218e+02,5.350358660308759617e+00
1.000000000000000666e+00,9.427352609142215512e-01,2.602858470266163904e-01,-1.063744433720452662e+03,4.556106275259899085e+00
1.005000000000000560e+00,9.474499861068950146e-01,9.369529091553695510e-01,3.114418815264011187e+02,5.218708578988731972e+00
1.010000000000000453e+00,9.507948412784352765e-01,4.465906599435870983e-01,-1.074882328249756029e+03,4.402673089991942845e+00
1.015000000000000346e+00,9.552494529880286578e-01,9.144440139168463766e-01,3.026337959807650577e+02,5.101007935203816679e+00
1.020000000000000240e+00,9.592207030628756570e-01,7.141276171787080962e-01,-9.341937094515864146e+02,4.250020789646521635e+00
1.025000000000000133e+00,9.628427058757602630e-01,1.416942904806554493e+00,1.506746393020526739e+03,5.000997334515905557e+00
1.030000000000000027e+00,9.663912420632824185e-01,5.566013362861288449e-01,-1.417339797097816927e+02,4.320397581528029995e+00
1.034999999999999920e+00,9.698885162599039100e-01,2.079189213262717384e-01,-5.828628318877009633e+02,4.471210522275448795e+00
1.039999999999999813e+00,9.750461919365738250e-01,8.972826612834052806e-01,-6.587600416978872317e+02,4.107920558418698853e+00
1.044999999999999707e+00,9.802541668493660598e-01,1.819680916332289788e+00,1.414172761352644557e+03,4.580765703061525862e+00
1.049999999999999600e+00,9.852321839218096677e-01,4.465845257022207360e-01,-6.446017941831360076e+02,3.576880070219266461e+00
1.054999999999999494e+00,9.896358421529277694e-01,7.911243510543889412e-01,-5.077056259328649617e+02,3.909387144852436435e+00
1.059999999999999387e+00,9.943631211710395323e-01,1.690853318255073789e+00,1.368284460495247004e+03,3.954517515691753360e+00
1.064999999999999281e+00,9.982329777384344460e-01,7.958178807371392438e-02,-6.994923452333840714e+02,3.243991624672594831e+00
1.069999999999999174e+00,1.003092436872383031e+00,8.948863055096536456e-01,-6.391100376073918596e+02,3.399038691699331594e+00
1.074999999999999067e+00,1.007911015023323031e+00,1.530834201758660251e+00,1.172263076584452847e+03,3.019555444624679286e+00
1.079999999999998961e+00,1.010929238803542018e+00,1.690040426578784116e-01,-5.340264647715315505e+02,2.642847060067443188e+00
1.084999999999998854e+00,1.016044673145283905e+00,9.565093167829535892e-01,-6.331017717504073516e+02,2.445165127800961624e+00
1.089999999999998748e+00,1.018133682104527038e+00,-1.219265903554542924e-01,-6.121866282665660037e+02,2.209452970603375643e+00
1.094999999999998641e+00,1.021929396510862897e+00,3.645600832315272211e-01,-5.316598835529767939e+02,2.091064591394094840e+00
1.099999999999998535e+00,1.027421683544258002e+00,8.276080951717650347e-01,-7.519208071926763068e+02,1.422093914821401128e+00
1.104999999999998428e+00,1.031890897666875473e+00,1.491477517082112625e+00,1.041079258251691272e+03,1.413058723593600963e+00
1.109999999999998321e+00,1.036428539592826548e+00,5.250287586527051520e-01,-4.434623247374257176e+02,1.217130961700599867e-01
1.114999999999998215e+00,1.042160130347208558e+00,1.021373226127185063e+00,-5.715459011527851771e+02,1.446858201918347353e-01
1.119999999999998108e+00,1.047363209575229659e+00,1.502329274115489000e+00,9.834661272809306638e+02,7.096578177306300805e-03
1.124999999999998002e+00,1.052073489122199446e+00,5.815473946842030228e-01,-4.302801671741358405e+02,-9.083041488237925121e-01
1.129999999999997895e+00,1.057886915381403670e+00,1.096652102921787275e+00,-4.624113728569819841e+02,-9.137885537030588923e-01
1.134999999999997788e+00,1.063521201208545097e+00,1.555206776928460322e+00,8.175229475517630817e+02,-9.195589699489661317e-01
1.139999999999997682e+00,1.068347982780083916e+00,7.096204954224726302e-01,-2.605854198819777707e+02,-1.833240199813153115e+00
1.144999999999997575e+00,1.074079839974276585e+00,1.078402825067027893e+00,-3.761982817313437408e+02,-1.456476550287904681e+00
1.149999999999997469e+00,1.079902041682968994e+00,1.499579967036802852e+00,7.264491207833585804e+02,-1.781453803631929622e+00
1.154999999999997362e+00,1.085137331632605839e+00,7.949194983833124395e-01,-2.906279553529543591e+02,-2.524725849647764697e+00
1.159999999999997256e+00,1.091005986007288042e+00,1.114856993873455604e+00,-3.261790661264178652e+02,-2.560318122509531058e+00
1.164999999999997149e+00,1.096763187263252837e+00,1.454543157147179633e+00,5.645999966635829423e+02,-2.472935986469600333e+00
1.169999999999997042e+00,1.101878568595212826e+00,8.908372278421594626e-01,-9.561597314357342725e+01,-3.469304445121382585e+00
1.174999999999996936e+00,1.107419915299875601e+00,1.033312556100660196e+00,-2.828853162986424081e+02,-2.946563606143965952e+00
1.179999999999996829e+00,1.112991046256742278e+00,1.327893590014607383e+00,4.906362560351012121e+02,-3.403111937684132560e+00
1.184999999999996723e+00,1.117988314717871523e+00,8.833128224191132416e-01,-1.154696276060546012e+02,-4.020309088583811530e+00
1.189999999999996616e+00,1.122232223659691108e+00,7.150827525676429763e-01,-2.496994736944581348e+02,-3.955603268377075210e+00
1.194999999999996509e+00,1.125688513432455684e+00,9.103376148386741473e-01,4.431228881370752219e+02,-2.460549460434195090e+00
1.199999999999996403e+00,1.127737354384802604e+00,2.173310680154899033e-01,-2.154442833070743006e+02,-2.450280372873130830e+00
1.204999999999996296e+00,1.129037135113077017e+00,2.587739790771500514e-01,1.940396592502611028e+01,-1.867045758633898878e+00
1.209999999999996190e+00,1.129107843757398699e+00,-1.584185339733424069e-01,-4.590415737721040159e+02,-2.499845603358632928e+00
1.214999999999996083e+00,1.127818103257212545e+00,-1.972390461815328733e-01,1.752543859194217077e+02,-2.414972725961617606e+00
1.219999999999995977e+00,1.125397618302864666e+00,-4.909725297900570107e-01,1.128215590084067621e+01,-2.845384095472005104e+00
1.224999999999995870e+00,1.121600733890818047e+00,-7.843833661492422005e-01,1.001871077795395308e+02,-3.015412983399921476e+00
1.229999999999995763e+00,1.117296167395819939e+00,-9.540805800780406409e-01,-8.057864588491705149e+01,-3.414021334742395108e+00
1.234999999999995657e+00,1.113960356975220334e+00,-8.462820711023067988e-01,-2.608199039320626866e+02,-2.869341552676278884e+00
1.239999999999995550e+00,1.109254172625883106e+00,-9.782032250752337177e-01,-1.961244797303298981e-01,-2.910355881948801127e+00
1.244999999999995444e+00,1.103969617210915688e+00,-1.119445964418108952e+00,-1.228604283296320858e+02,-3.178472080926286303e+00
1.249999999999995337e+00,1.100034530960524171e+00,-7.760610157538274656e-01,8.777478996859632332e+01,-2.550479215976107383e+00
1.254999999999995230e+00,1.096963772022441441e+00,-4.227091426831515730e-01,1.041644823533130051e+02,-2.937756896834896381e+00
1.259999999999995124e+00,1.095766025406222921e+00,-6.699686035574883847e-02,1.900658920292224536e+02,-2.228209077115580250e+00
1.264999999999995017e+00,1.096027075335767931e+00,6.424820618678983575e-02,-9.635973592954731259e+01,-2.707847430685654810e+00
1.269999999999994911e+00,1.097662974410487102e+00,4.688178508492553132e-01,1.729025276760612257e+02,-2.143285947793022839e+00
1.274999999999994804e+00,1.099969240466357689e+00,4.341745984077609033e-01,-1.275786888036689675e+02,-2.646015181200808364e+00
1.279999999999994698e+00,1.103035479599893121e+00,7.051312918286406495e-01,1.469305307630237394e+02,-2.147254306874433638e+00
1.284999999999994591e+00,1.106301832464075652e+00,6.024287388152045342e-01,-1.478764946562581315e+02,-2.654438566484504936e+00
1.289999999999994484e+00,1.110169371223504342e+00,8.671682771093621733e-01,1.764163844988568144e+02,-2.201530607985410448e+00
1.294999999999994378e+00,1.114084694375323981e+00,7.327539990331639608e-01,-1.435200342958031285e+02,-2.834307710576674300e+00
1.299999999999994271e+00,1.118582287270417197e+00,9.905515124980894814e-01,1.662203810479977619e+02,-2.386946607022902178e+00
1.304999999999994165e+00,1.123239532554101139e+00,9.029771644638530104e-01,-1.193653000139439229e+02,-3.051005183401316767e+00
1.309999999999994058e+00,1.128556477822877380e+00,1.154237078459509735e+00,1.627075514531143767e+02,-2.643359552252283695e+00
1.314999999999993952e+00,1.133981114843139126e+00,1.166803946551518534e+00,1.632936953322696922e+02,-3.289584296613947689e+00
1.319999999999993845e+00,1.140108358425381496e+00,1.187973378760609044e+00,-1.243904428373983393e+02,-2.900541733033619174e+00
1.324999999999993738e+00,1.146682460218513722e+00,1.312252521110635284e+00,-6.196895208965252522e+01,-3.571126376980673811e+00
1.329999999999993632e+00,1.153723891650679789e+00,1.486208624854314486e+00,9.676196728036838124e+01,-3.039962004883219659e+00
1.334999999999993525e+00,1.161184184148629450e+00,1.504849153746782298e+00,3.061789408788123268e+01,-3.711333959721336395e+00
1.339999999999993419e+00,1.169039233374868925e+00,1.579984687182668601e+00,-2.193514926719186064e+01,-3.387401397504526734e+00
1.344999999999993312e+00,1.177027527366075965e+00,1.537300284254040639e+00,-1.506842594919449141e+02,-4.025993428718967593e+00
1.349999999999993205e+00,1.185365580608734426e+00,1.673669400754608683e+00,4.091888522359809599e+01,-3.371887838972088769e+00
1.354999999999993099e+00,1.193772355582511269e+00,1.668275924932361098e+00,-4.969982097216929873e+01,-4.102944905757161642e+00
1.359999999999992992e+00,1.202397739839878854e+00,1.749615035307028776e+00,5.168136564153694223e+01,-3.867617396311538780e+00
1.364999999999992886e+00,1.210902922467907983e+00,1.634278000379066675e+00,-1.753054389725467956e+02,-4.082289299191595333e+00
1.369999999999992779e+00,1.219668423705013049e+00,1.824112046078837146e+00,1.729221662549333587e+02,-3.719479098359621094e+00
1.374999999999992673e+00,1.228029968313424369e+00,1.561333767265364880e+00,-1.938841603460980139e+02,-4.448697618458483660e+00
1.379999999999992566e+00,1.236447570388126582e+00,1.706431570882934956e+00,5.992857629818719545e+01,-3.665281965927662533e+00
1.384999999999992459e+00,1.244369818810742157e+00,1.513951151192835631e+00,-7.690365055788180371e+01,-4.195563176171557274e+00
1.389999999999992353e+00,1.252030314913805453e+00,1.569318728407372410e+00,1.060939439800359168e+02,-3.925624466380772226e+00
1.394999999999992246e+00,1.258726913299406114e+00,1.184025804306128693e+00,-2.187588577094255129e+02,-4.443650749124543609e+00
1.399999999999992140e+00,1.265015111389314661e+00,1.247057031450227171e+00,1.363446903983996492e+02,-3.500412944244968738e+00
1.404999999999992033e+00,1.270337569309899939e+00,9.897665116637937022e-01,-9.579237177824096250e+01,-4.007839810696279592e+00
1.409999999999991926e+00,1.274454875929554198e+00,6.759112833728823100e-01,-1.832977238083988070e+01,-4.258355160325520750e+00
1.414999999999991820e+00,1.276350269576373764e+00,1.251475500787968820e-01,-2.784839264434325514e+02,-4.254632188167229323e+00
1.419999999999991713e+00,1.275430060984389380e+00,-3.818618769763397758e-01,5.724392053245527734e+01,-3.705799108575884571e+00
1.424999999999991607e+00,1.271418762536141722e+00,-1.087977068091538824e+00,-2.265233250044211104e+02,-3.540444523261466525e+00
1.429999999999991500e+00,1.264449353772677975e+00,-1.579834000933623805e+00,-5.670883152477127709e+00,-2.939127345260050372e+00
1.434999999999991394e+00,1.255318166508190725e+00,-2.077024343094631131e+00,-2.983317811407632689e+02,-2.571824154314168887e+00
1.439999999999991287e+00,1.244495431547706144e+00,-2.155811397601751445e+00,1.620209292771338028e+02,-2.206057475106703691e+00
1.444999999999991180e+00,1.233064626709644784e+00,-2.358309530502364915e+00,-7.196570520551648542e+01,-2.435289174956227320e+00
1.449999999999991074e+00,1.221816275991578937e+00,-2.067479926576030191e+00,2.049636200822426417e+02,-2.305611869618558352e+00
1.454999999999990967e+00,1.210999327362169753e+00,-2.212729494448623768e+00,-1.233897225156383541e+02,-2.742404244944848912e+00
1.459999999999990861e+00,1.201165649669607260e+00,-1.844516940901038016e+00,1.415324292546268055e+02,-2.142035090988667179e+00
1.464999999999990754e+00,1.191613793092224816e+00,-1.909494969215256521e+00,-4.811023247598851782e+01,-2.728164304525320993e+00
1.469999999999990647e+00,1.182594268830512885e+00,-1.787114051351307298e+00,-1.412155956396885159e+01,-2.421270480991048579e+00
1.474999999999990541e+00,1.173778956540767027e+00,-1.699501833494891478e+00,1.010201929028292085e+02,-2.964361756648919322e+00
1.479999999999990434e+00,1.165144203516258692e+00,-1.765074893799003064e+00,-7.816059951511446968e+01,-3.105587354488544172e+00
1.484999999999990328e+00,1.157180467790263068e+00,-1.562826807586153777e+00,-1.040663566259685524e+01,-3.133076398929401041e+00
1.489999999999990221e+00,1.149584383813602173e+00,-1.513317247778643848e+00,-4.729872924466813622e+00,-2.865617423306411560e+00
1.494999999999990115e+00,1.141732733196676453e+00,-1.604549247037479365e+00,-9.796653970493234453e+01,-3.485185858271275805e+00
1.499999999999990008e+00,1.133327547513322653e+00,-1.705564951703342214e+00,2.687502116262500351e+01,-3.114534120171324805e+00
1.504999999999989901e+00,1.124355110925627343e+00,-1.827102901228801368e+00,-2.791709705289163068e+00,-3.519021962569162554e+00
1.509999999999989795e+00,1.114766537919275935e+00,-1.981459904059633681e+00,-8.158642679190035096e+01,-2.851515590193788086e+00
1.514999999999989688e+00,1.104312844799681281e+00,-2.125781273916158121e+00,4.370901141072499030e+01,-3.093500871485900472e+00
1.519999999999989582e+00,1.093091134932981046e+00,-2.269963955231089514e+00,6.563207198216869642e+01,-2.897622290842805093e+00
1.524999999999989475e+00,1.081126411275164845e+00,-2.410727729991681834e+00,-1.620598335424456790e-02,-3.144830344707346015e+00
1.529999999999989369e+00,1.068630799432730205e+00,-2.557720179547966044e+00,-7.347497995106392921e+01,-2.369752078658410532e+00
1.534999999999989262e+00,1.055386789493243826e+00,-2.682232781843445490e+00,1.276194126878750623e+01,-2.571922172162974363e+00
1.539999999999989155e+00,1.041626589411626780e+00,-2.702507711968086923e+00,1.080098800926654832e+02,-2.334292130565740919e+00
1.544999999999989049e+00,1.027591941174154311e+00,-2.800169741862873263e+00,1.044062658032276758e+01,-2.567232154285663981e+00
1.549999999999988942e+00,1.013318165993706055e+00,-2.880488956465278250e+00,-4.631203086540277525e+01,-1.814906698773876670e+00
1.554999999999988836e+00,9.986818072500501797e-01,-2.938764124567537550e+00,1.043601950373423648e+01,-2.058840005432022391e+00
1.559999999999988729e+00,9.838317375912508655e-01,-2.913390673912336304e+00,9.053875355181887130e+01,-1.709607295392434834e+00
1.564999999999988622e+00,9.691059086299952385e-01,-2.909432826505046421e+00,2.529167321389332912e+01,-1.961623931135526577e+00
1.569999999999988516e+00,9.546484508683906745e-01,-2.874111942983812895e+00,-1.155327444263093639e+00,-1.569635028308519642e+00
1.574999999999988409e+00,9.402578628563300622e-01,-2.886250268656038287e+00,-4.511283486863811021e+01,-1.522887759417493658e+00
1.579999999999988303e+00,9.256381852421009526e-01,-2.874683152920760154e+00,1.266657507539818113e+02,-1.181835761111697636e+00
1.584999999999988196e+00,9.108453317233489166e-01,-2.950927403607602528e+00,2.972799129482297431e+01,-1.577456503108048524e+00
1.589999999999988090e+00,8.958203415795968905e-01,-3.023184676271712057e+00,-1.708953174734614322e+01,-1.059927911540032186e+00
1.594999999999987983e+00,8.806419186444264247e-01,-3.049713558020814563e+00,-4.359841800516132793e+01,-1.008647619044977795e+00
1.599999999999987876e+00,8.652364492794688555e-01,-3.037450288177804048e+00,1.065744369988987046e+02,-6.760845252862839327e-01
1.604999999999987770e+00,8.495286411042873853e-01,-3.147515522099685992e+00,-1.049880981252411871e+01,-1.119655930116114861e+00
1.609999999999987663e+00,8.337060751003269043e-01,-3.158425046548905435e+00,1.393757621458148321e+01,-5.225357426630872215e-01
1.614999999999987557e+00,8.176964815091535277e-01,-3.218250152274940490e+00,-3.763033694870896539e+01,-5.313654843982569265e-01
1.619999999999987450e+00,8.014467676120878847e-01,-3.222139762515060735e+00,7.250213574336044076e+01,-1.365668896803846621e-01
1.624999999999987343e+00,7.846902204049085450e-01,-3.415741606309934397e+00,-6.730036481106608903e+01,-5.911772397441981131e-01
1.629999999999987237e+00,7.678506828280725616e-01,-3.345005796908702145e+00,9.003868228524149586e+00,4.410057669541609382e-01
1.634999999999987130e+00,7.508983855160292764e-01,-3.411039836983946305e+00,-3.495285768153554073e+01,-9.013907047151170637e-02
1.639999999999987024e+00,7.338391846358467419e-01,-3.359642859866063258e+00,5.639024812930180275e+01,4.236228880672219255e-01
1.644999999999986917e+00,7.171456490219280111e-01,-3.315012858813134233e+00,-8.187324447794916082e+00,6.473831438423682805e-02
1.649999999999986811e+00,7.029188549804560315e-01,-2.528936461678050751e+00,1.841532014985229466e+02,1.080794944006891800e+00
1.654999999999986704e+00,6.927837867678530159e-01,-1.684855443127137420e+00,1.610373456408087804e+02,5.154528653167714802e-01
1.659999999999986597e+00,6.888408102690792845e-01,-2.257752978875207650e-01,2.776342678264701362e+02,8.360616359830694844e-01
1.664999999999986491e+00,6.932176147504141017e-01,1.206452576640284935e+00,4.275093948800596309e+02,2.053731446537570449e+00
1.669999999999986384e+00,6.976354398754676112e-01,6.638708430731211640e-01,-6.436834756160048983e+02,3.511653425404598128e+00
1.674999999999986278e+00,7.039613984339930797e-01,1.458324305151255995e+00,5.317459675881954126e+02,5.636028090923036693e+00
1.679999999999986171e+00,7.091081466040217718e-01,6.729999824775854123e-01,-8.335953829126572145e+02,5.970442962184115743e+00
1.684999999999986064e+00,7.159549261969074818e-01,1.743840088578321401e+00,8.198524646356505627e+02,6.692135118592857701e+00
1.689999999999985958e+00,7.220553741181049423e-01,8.501687839231152344e-01,-8.838954206871758288e+02,5.837186717890120669e+00
1.694999999999985851e+00,7.297224586872159691e-01,1.965362574534905482e+00,8.923838197164869825e+02,6.405437080947343986e+00
1.699999999999985745e+00,7.368968233566801640e-01,1.083444775485986389e+00,-8.538500988656613799e+02,5.507478079804661419e+00
1.704999999999985638e+00,7.453488288335765599e-01,2.111202975229247158e+00,8.851126546565844819e+02,6.022799298948774194e+00
1.709999999999985532e+00,7.532556702298345286e-01,1.225845716560234333e+00,-8.728004410164081719e+02,5.161286567070923148e+00
1.714999999999985425e+00,7.624391617677920285e-01,2.233746542301905169e+00,8.611968390923243533e+02,5.701041758836222328e+00
1.719999999999985318e+00,7.709202368631427049e-01,1.327306353351813017e+00,-8.743220965878310835e+02,4.903856520061927959e+00
1.724999999999985212e+00,7.805801137509754684e-01,2.312531655548856424e+00,8.426238237116137952e+02,5.465048088401406545e+00
1.729999999999985105e+00,7.893963573280622370e-01,1.386700810040455201e+00,-8.706181690316465165e+02,4.734396050284998658e+00
1.734999999999984999e+00,7.992393914198041571e-01,2.330772920578405571e+00,8.210462331482769969e+02,5.331414549654946100e+00
1.739999999999984892e+00,8.081192808798544069e-01,1.395570321800521318e+00,-8.579388509686439193e+02,4.677490511590400857e+00
1.744999999999984786e+00,8.179089712836593584e-01,2.291190220183589865e+00,7.794126150372953816e+02,5.310896384935118064e+00
1.749999999999984679e+00,8.266304962022787972e-01,1.367362126038305981e+00,-8.360602217298816186e+02,4.743623036229129397e+00
1.754999999999984572e+00,8.361557069805162223e-01,2.204299875791349450e+00,7.168900345760885102e+02,5.417678543069873065e+00
1.759999999999984466e+00,8.444971731957942040e-01,1.296401997577630194e+00,-8.012278468098617168e+02,4.908106750516822103e+00
1.764999999999984359e+00,8.535671957302497503e-01,2.064759840679208480e+00,6.456031972351319155e+02,5.580563809205926873e+00
1.769999999999984253e+00,8.614393715071626545e-01,1.211253187457943747e+00,-7.706793528020103849e+02,5.129885454151725810e+00
1.774999999999984146e+00,8.699706775063403841e-01,1.914692904463918932e+00,5.732663650249155580e+02,5.807926804453422243e+00
1.779999999999984039e+00,8.772608154871807118e-01,1.095375503201233780e+00,-7.447530246954573840e+02,5.383976488296637442e+00
1.784999999999983933e+00,8.851660660665245928e-01,1.738174971718388973e+00,4.901380067889567727e+02,6.018951843138450997e+00
1.789999999999983826e+00,8.918023341157429451e-01,9.649443060329351285e-01,-7.256805269451267577e+02,5.602093627544580734e+00
1.794999999999983720e+00,8.990634082461860244e-01,1.549609749773585010e+00,3.985937319554475948e+02,6.209907515861981864e+00
1.799999999999983613e+00,9.050102713971510671e-01,8.145767523510869523e-01,-7.309665745209753140e+02,5.809682816318707310e+00
1.804999999999983507e+00,9.116471749383172618e-01,1.380830176344874705e+00,3.374903439961468621e+02,6.412380266027827069e+00
1.809999999999983400e+00,9.169756755155714645e-01,6.178925256443001945e-01,-9.381727718734064183e+02,5.988326011750669586e+00
1.814999999999983293e+00,9.234665864537737745e-01,1.309295185488666080e+00,3.311131805480211483e+02,6.600068390868677248e+00
1.819999999999983187e+00,9.284319657428224959e-01,5.652382972338062528e-01,-9.725922129951571833e+02,5.887308270766887119e+00
1.824999999999983080e+00,9.346665050676505881e-01,1.296814399750830793e+00,3.850793084858201496e+02,6.425518597725197623e+00
1.829999999999982974e+00,9.393516958234663372e-01,5.543700385171494993e-01,-1.039473422086446817e+03,5.703942261146390358e+00
1.834999999999982867e+00,9.452597706870570216e-01,1.298324779965275289e+00,5.086333476921249712e+02,6.043579971662534689e+00
1.839999999999982760e+00,9.497393228241646224e-01,5.558137230220336900e-01,-1.055034801250271357e+03,5.272054511717252367e+00
1.844999999999982654e+00,9.554063488250003067e-01,1.321074503039465720e+00,6.351741851031824808e+02,5.726346754765467395e+00
1.849999999999982547e+00,9.598540511715328849e-01,5.688369538214675947e-01,-1.038583182333851255e+03,4.843670500936246626e+00
1.854999999999982441e+00,9.653572998177030184e-01,1.357109370346864186e+00,7.498328162782335085e+02,5.398068814353550238e+00
1.859999999999982334e+00,9.698254543234736680e-01,5.674309216720435645e-01,-1.010701616089613935e+03,4.502913248954346415e+00
1.864999999999982228e+00,9.754889686990622089e-01,1.488578948715275185e+00,9.274852630550174126e+02,5.113970421848402559e+00
1.869999999999982121e+00,9.800117086740144368e-01,5.058793818522546726e-01,-1.017636483584808843e+03,4.055535413069325301e+00
1.874999999999982014e+00,9.855939755283494863e-01,1.419703879630874299e+00,8.355918905291121064e+02,4.797526984432209929e+00
1.879999999999981908e+00,9.900973942999715671e-01,5.510424193127203552e-01,-9.384983646156882742e+02,3.988694887212957951e+00
1.884999999999981801e+00,9.953960432726315366e-01,1.386514509631980863e+00,8.259375512069229899e+02,4.459217067894867270e+00
1.889999999999981695e+00,1.000023128174890141e+00,5.759651069556215308e-01,-1.057490818579581855e+03,3.494083185377270251e+00
1.894999999999981588e+00,1.005454579043249419e+00,1.424191354634778417e+00,9.300707869234244072e+02,4.241173387985020860e+00
1.899999999999981481e+00,1.010219090668325270e+00,6.770649030083271125e-01,-8.373193331428179818e+02,3.171343717260945994e+00
1.904999999999981375e+00,1.015551210699675577e+00,1.495215476887924222e+00,9.227477962950014216e+02,3.655778358003007433e+00
1.909999999999981268e+00,1.020277950923845545e+00,5.349952928823401566e-01,-9.722052609153623735e+02,2.755727536721062076e+00
1.914999999999981162e+00,1.026297187569958691e+00,1.466957480420344906e+00,7.380978612968053767e+02,3.316159202860067268e+00
1.919999999999981055e+00,1.031209944974160519e+00,7.402952054776184010e-01,-8.395945514826595399e+02,2.416023936048232734e+00
1.924999999999980949e+00,1.037042662742260868e+00,1.356483441466080242e+00,6.422179515946727406e+02,2.918999842538809286e+00
1.929999999999980842e+00,1.042590971048664272e+00,8.624734968280437508e-01,-9.133106714733185072e+02,2.114421822236742798e+00
1.934999999999980735e+00,1.048193663989967384e+00,1.752885847988264301e+00,1.241165211186143551e+03,3.266906466023359545e+00
1.939999999999980629e+00,1.053761144198510857e+00,9.310758748617127267e-01,-2.372877145796274760e+02,2.858268165935654803e+00
1.944999999999980522e+00,1.059157471487815583e+00,1.600299196267347179e+00,9.046928979700337550e+02,4.008322048949668925e+00
1.949999999999980416e+00,1.064654215295126605e+00,1.510244397721393073e+00,7.830449417777437020e+02,5.004508735116370843e+00
1.954999999999980309e+00,1.070751476305912941e+00,1.087327782561188005e+00,-3.288784808342708033e+01,5.405176694572059404e+00
1.959999999999980203e+00,1.075694429729278312e+00,9.326317984078285050e-01,-1.328466414281934647e+02,4.833136725869583650e+00
1.964999999999980096e+00,1.081071548065470012e+00,1.025550668973470803e+00,4.225423624016389823e+01,4.080706241637481746e+00
1.969999999999979989e+00,1.084114597301050198e+00,6.928558324975586658e-01,1.344229309854004271e+02,1.962675666968936472e+00
1.974999999999979883e+00,1.087578359797132688e+00,5.701041964807468387e-01,-2.055271975906811406e+02,5.651548985767533839e-01
1.979999999999979776e+00,1.091308694050716177e+00,8.186005426699246579e-01,2.192975586040839175e+02,-8.561012039089765935e-01
1.984999999999979670e+00,1.094794290955528604e+00,6.018375906674833242e-01,-2.211792329349915178e+02,-7.066242959306774374e-01
1.989999999999979563e+00,1.097510730916084531e+00,5.978048911842487323e-01,1.668616186797745797e+02,-1.309370764571225587e+00
1.994999999999979456e+00,1.100230231517776547e+00,5.651333274729224421e-01,5.309020237044082080e+01,-9.659854625698907071e-01
1.999999999999979350e+00,1.102721796531743070e+00,4.508128622602858848e-01,-1.206838004102642969e+02,-1.453270277414133949e+00
2.004999999999979465e+00,1.105265488588857759e+00,4.685581212087048253e-01,-2.483532796406211673e+01,-1.239243696942034401e+00
2.009999999999979359e+00,1.107866386929535318e+00,5.379172295244935009e-01,2.488856428917434638e+00,-1.701261850503311912e+00
2.014999999999979252e+00,1.110727597610025930e+00,6.026969298596580593e-01,1.439458705891289014e+01,-1.345030262318799963e+00
2.019999999999979146e+00,1.113808405329587359e+00,6.705239722338913744e-01,1.253243841399509932e+02,-1.841280467019768885e+00
2.024999999999979039e+00,1.117246263137377404e+00,6.352568699713174727e-01,-1.286847045493701103e+02,-1.636658212733117956e+00
2.029999999999978932e+00,1.121041905577549569e+00,8.600574826103032366e-01,2.010929974429638776e+02,-2.113812750193135415e+00
2.034999999999978826e+00,1.124911787161598786e+00,6.981649934981832839e-01,-1.256756093283595703e+02,-2.067666814274902176e+00
2.039999999999978719e+00,1.129229387945047680e+00,9.364519726761336704e-01,1.306054544364779986e+02,-2.468959063118805641e+00
2.044999999999978613e+00,1.133291330737321578e+00,6.635072372425835363e-01,-3.637869503122232686e+02,-2.393660742737241165e+00
2.049999999999978506e+00,1.137715519805468478e+00,9.952883958851068691e-01,2.605108417920340003e+02,-2.615913217313360573e+00
2.054999999999978400e+00,1.142045485872930977e+00,7.644177328312476982e-01,-2.589134279624482815e+02,-2.551228221428977427e+00
2.059999999999978293e+00,1.146572996467336791e+00,9.484084863442489022e-01,1.977666242018656249e+02,-2.889303438642065291e+00
2.064999999999978186e+00,1.150915697632676649e+00,7.064676659368614997e-01,-3.685754478148836029e+02,-3.089414380903802826e+00
2.069999999999978080e+00,1.155492493630152717e+00,9.900478209570590105e-01,2.053545662507700911e+02,-3.051802230964336449e+00
2.074999999999977973e+00,1.159979946182373878e+00,9.501352994243730254e-01,-6.392839258608456987e+01,-3.351305571747278833e+00
2.079999999999977867e+00,1.164663983148952697e+00,1.043783012906631891e+00,1.458949133480250566e+02,-3.507513188790624348e+00
2.084999999999977760e+00,1.169587818452424210e+00,1.021422324216035404e+00,8.052071417681629839e+01,-3.536634164336056152e+00
2.089999999999977653e+00,1.174374631140497227e+00,9.812520997254657873e-01,-7.219765935812473856e+01,-3.870832272438678778e+00
2.094999999999977547e+00,1.180062107747721356e+00,1.189641921079323872e+00,2.484321939002956370e+01,-3.587167602762285856e+00
2.099999999999977440e+00,1.185788802898485317e+00,1.110583489945940139e+00,1.246447222224780234e+02,-4.104060447008953894e+00
2.104999999999977334e+00,1.191608662051167444e+00,1.145049589188852579e+00,-1.892194812004905558e+01,-4.746957519190129204e+00
2.109999999999977227e+00,1.197578693087632651e+00,1.181490960247933097e+00,-5.900045355551080206e+01,-4.372680696887130125e+00
2.114999999999977121e+00,1.203741163358532429e+00,1.262673667965575897e+00,1.256970489611905748e+02,-4.281297109434004433e+00
2.119999999999977014e+00,1.209810223578588806e+00,1.188195113937063896e+00,-3.387985043280889386e+01,-5.080138023780500944e+00
2.124999999999976907e+00,1.215898104213603448e+00,1.172590432186486620e+00,-6.533769207750096086e+01,-4.857847065679834486e+00
2.129999999999976801e+00,1.221733570031110050e+00,1.129854443323506263e+00,-1.430401980999051403e+01,-5.544276888719657848e+00
2.134999999999976694e+00,1.227297340194324571e+00,1.100790524747194299e+00,-1.053927169530479091e+01,-5.463525589577611363e+00
2.139999999999976588e+00,1.232581380511764690e+00,1.028491694189605177e+00,-4.131373113924012586e+01,-5.105090615728948400e+00
2.144999999999976481e+00,1.237203864844725221e+00,8.583464587514074706e-01,-1.675787054390574937e+01,-6.080004946843263980e+00
2.149999999999976374e+00,1.240927879426285685e+00,6.846827742291423657e-01,-9.539309240317306759e+00,-5.641776815079332152e+00
2.154999999999976268e+00,1.243571938934211030e+00,4.595801560402013597e-01,-1.434080344767516557e+01,-5.563163547701903688e+00
2.159999999999976161e+00,1.244871096899109242e+00,1.562617657429062612e-01,-5.481480593984449001e+01,-5.078539566191459187e+00
2.164999999999976055e+00,1.244303720223009169e+00,-3.157065930186110370e-01,-1.227049254151562820e+02,-5.723116432700447120e+00
2.169999999999975948e+00,1.241538100822909385e+00,-7.773540312482760672e-01,-1.249252067939598589e+02,-5.040148190678002571e+00
2.174999999999975842e+00,1.236553344509530250e+00,-1.126829804627098586e+00,-4.478193748980613975e+01,-4.450801706296353188e+00
2.179999999999975735e+00,1.229186782838742387e+00,-1.624503919497076065e+00,-7.782159407808401852e+01,-4.381013360897362041e+00
2.184999999999975628e+00,1.219255969447844423e+00,-2.125789517047342869e+00,-1.344616347876751661e+01,-3.719175770802127801e+00
2.189999999999975522e+00,1.206464736930041415e+00,-2.808029160318276762e+00,-1.753157819800085804e+02,-3.409726325111410716e+00
2.194999999999975415e+00,1.190224805560980981e+00,-3.574040622310421522e+00,-1.603975043883218348e+02,-3.200150702095954092e+00
2.199999999999975309e+00,1.170107181499745685e+00,-4.351990366099667717e+00,-1.814974207147839138e+02,-2.242260631709274588e+00
2.204999999999975202e+00,1.150007429637552869e+00,-3.793320741389158535e+00,1.104498311497163598e+02,-1.711849346942906580e+00
2.209999999999975095e+00,1.139587694015447461e+00,-9.817964844015559800e-01,5.508884788167282522e+02,-2.147717499242011385e+00
2.214999999999974989e+00,1.144857662997647907e+00,1.678250159778029271e+00,6.728573482859493424e+02,-2.341177880345596929e+00
2.219999999999974882e+00,1.151758909027520650e+00,1.480993044905880573e+00,3.043155830201250751e+02,-5.455296010512084015e-01
2.224999999999974776e+00,1.158617719992774964e+00,2.047554218712303697e+00,1.233358099779943586e+03,3.596660976651109842e-01
2.229999999999974669e+00,1.163838949142094181e+00,4.414633439708713358e-01,-7.006544707407432497e+02,-1.588152046735327172e-01
2.234999999999974563e+00,1.170860723485909416e+00,1.313054748404470562e+00,-6.892987410758098576e+02,2.896571473695508381e-02
2.239999999999974456e+00,1.175686500190408657e+00,2.084465723126740222e-01,-4.548168878064643650e+02,1.223896684090347020e-01
2.244999999999974349e+00,1.181025776727210985e+00,1.061813382142605677e+00,-5.927527292188913179e+02,5.484150291645162323e-02
2.249999999999974243e+00,1.184885415938591979e+00,5.281237714854207510e-02,-5.077012356807979927e+02,1.124187622625894001e-03
2.254999999999974136e+00,1.190000394499600267e+00,1.064962471916157449e+00,-5.053035500578014307e+02,-1.762245574973758666e-01
2.259999999999974030e+00,1.192745709741267479e+00,2.586681455000906515e-01,-4.347976707961099692e+02,-3.817144856495301442e-01
2.264999999999973923e+00,1.196847334560743104e+00,1.189891195514152678e+00,1.147839033818818052e+03,1.965223021565087880e-01
2.269999999999973817e+00,1.200561537424166714e+00,4.992289407239558496e-01,-3.638417286907254038e+02,-9.545929937106827357e-01
2.274999999999973710e+00,1.204018387778777566e+00,1.307996779261990428e+00,1.032284248565674943e+03,-4.662158879513662590e-01
2.279999999999973603e+00,1.207431604221311350e+00,7.261798258526519501e-01,-3.099974580385548393e+02,-1.626791740002601738e+00
2.284999999999973497e+00,1.208984936916907671e+00,3.022890555975699806e-02,-3.032228518307299510e+02,-1.170883271672873205e+00
2.289999999999973390e+00,1.212954284769190538e+00,8.881184033166578118e-01,-2.942555865786715685e+02,-1.002249170500940867e+00
2.294999999999973284e+00,1.215782310367288899e+00,4.106240999828983385e-01,-2.497634997853499783e+02,-1.606476239387315541e+00
2.299999999999973177e+00,1.217673591473718009e+00,5.451258921176903305e-02,-2.331532659871447777e+02,-1.298999902634879966e+00
2.304999999999973070e+00,1.220217800644131545e+00,8.184133875223602583e-01,7.903299271621314119e+02,-8.324408142495344221e-01
2.309999999999972964e+00,1.222281679500742291e+00,4.611013263218297631e-01,-1.898404289453879983e+02,-2.231772578921944916e+00
2.314999999999972857e+00,1.223638306478832094e+00,1.760653934312101654e-01,-1.601997946068071030e+02,-2.165513197320317662e+00
2.319999999999972751e+00,1.224572248474877112e+00,-1.742377174942842666e-02,-1.406312544071233788e+02,-1.814115532165754496e+00
2.324999999999972644e+00,1.226087362919091817e+00,5.216882843685664017e-01,5.418794373241180438e+02,-1.513589932281780737e+00
2.329999999999972538e+00,1.227336534887735864e+00,2.190520232253901911e-01,-2.211865267513110780e+02,-3.025282039191816263e+00
2.334999999999972431e+00,1.227959236471739324e+00,1.943191624465619161e-02,-1.651943181383828119e+02,-3.191904064144150510e+00
2.339999999999972324e+00,1.228241870463564922e+00,-2.923461757976908090e-02,-5.380356079787621582e+01,-3.120654342843792950e+00
2.344999999999972218e+00,1.228701017841024923e+00,2.142093488816808333e-01,2.521543320606992609e+02,-2.707184848787487219e+00
2.349999999999972111e+00,1.228763223058710885e+00,7.483594072104259726e-03,-2.585733927167928314e+01,-3.514915291666396602e+00
2.354999999999972005e+00,1.228712027996192058e+00,-3.054133566416194698e-02,1.666492794179420045e+01,-3.553604780117100681e+00
2.359999999999971898e+00,1.228702488943775650e+00,1.260595017291913983e-03,3.064682656783186410e+00,-4.014901182971491345e+00
2.364999999999971791e+00,1.228873259451266131e+00,7.698239048861413997e-03,-4.054727057279550451e+01,-4.296034085467598906e+00
2.369999999999971685e+00,1.229143130030127207e+00,1.055844306081184791e-01,8.755918589600422308e+01,-4.691340579325011362e+00
2.374999999999971578e+00,1.229429734150222053e+00,5.821649357961643234e-02,-2.917251258467686625e+01,-4.805320622787306206e+00
2.379999999999971472e+00,1.229727803880356518e+00,8.305312859113148094e-02,5.091364768081412961e+01,-4.814367132557264561e+00
2.384999999999971365e+00,1.229769051953128800e+00,-2.008612731519832106e-02,-2.950529058016437745e+01,-4.862140044543156847e+00
2.389999999999971259e+00,1.229585791869701961e+00,1.664517016618152420e-02,5.578853133656794938e+01,-4.803148798969385957e+00
2.394999999999971152e+00,1.228953735850163653e+00,-1.958082525765795778e-01,3.050814940028071121e+01,-4.484059115419417374e+00
2.399999999999971045e+00,1.228371018537753656e+00,-1.246984619519008047e-01,-1.363436013974573369e+00,-4.250890655226037929e+00
2.404999999999970939e+00,1.227875901973392914e+00,-7.067266041428707513e-02,7.005239734660997897e+01,-3.733294665694974146e+00
2.409999999999970832e+00,1.227512769570805906e+00,-8.510420085062171680e-02,-8.352799388499170163e+01,-3.638109660495916664e+00
2.414999999999970726e+00,1.228817908996763686e+00,1.878406244242121215e-01,8.613459053449955150e+01,-3.196667010940474896e+00
2.419999999999970619e+00,1.230665312456784122e+00,4.840726111199025183e-01,-5.848992582617091074e+01,-3.517422270264695339e+00
2.424999999999970512e+00,1.234960767883987787e+00,8.361294406705936932e-01,1.524643459431069914e+02,-3.050756166585483875e+00
2.429999999999970406e+00,1.239142589034152531e+00,7.903237587770960415e-01,-2.748109019406005018e+02,-3.490824533157785403e+00
2.434999999999970299e+00,1.242284183773616490e+00,5.040246622102623197e-01,5.709986792572175673e+00,-2.904244197754810131e+00
2.439999999999970193e+00,1.243202837146466733e+00,-3.138938551715138997e-02,-8.548737088989285837e+01,-2.842142031699057103e+00
2.444999999999970086e+00,1.241335863126692862e+00,-5.647992624099392733e-01,-6.002891974663936026e+01,-2.411002244136779105e+00
2.449999999999969980e+00,1.236792944133240590e+00,-8.981367939176029269e-01,1.317746171666501311e+02,-2.129084749470512072e+00
2.454999999999969873e+00,1.230125151040123876e+00,-1.385079736278366891e+00,2.390285422398455495e+01,-1.810367486570654272e+00
2.459999999999969766e+00,1.222483628753655793e+00,-1.609616234875129503e+00,-5.962865498446048917e+01,-1.741769693574099609e+00
2.464999999999969660e+00,1.214704578507060484e+00,-1.501242042250347408e+00,-2.363415280589851619e+01,-1.635994486477648557e+00
2.469999999999969553e+00,1.207808565706577131e+00,-1.249764380093449700e+00,1.054078121334296156e+02,-1.796102564967891446e+00
2.474999999999969447e+00,1.202491527937964211e+00,-9.395510584476216565e-01,9.204276619597576925e+00,-2.152512264716802459e+00
2.479999999999969340e+00,1.199030323388977415e+00,-6.025872638415428195e-01,-1.974446498592380195e+01,-2.420926576135576269e+00
2.484999999999969233e+00,1.197576260518778524e+00,-2.126947881551755348e-01,-3.763409507899848450e+01,-2.630694193783604362e+00
2.489999999999969127e+00,1.198108203239025560e+00,2.120418136524077624e-01,1.975281112212686807e+01,-2.773049485509621714e+00
2.494999999999969020e+00,1.200151630055539265e+00,5.031449929215255912e-01,-1.133553746746954793e+01,-3.305550283252354227e+00
2.499999999999968914e+00,1.202754698833787605e+00,3.309614393670201604e-01,1.772252249590805206e+01,-3.398972409652399662e+00
2.504999999999968807e+00,1.205012344567101268e+00,5.215980047684943832e-01,4.243232157417027395e+01,-3.771481635865631343e+00
2.509999999999968701e+00,1.208117252297096433e+00,6.660402279242099155e-01,7.683985709287485477e+00,-4.202936208440928745e+00
2.514999999999968594e+00,1.211187427135707928e+00,5.653387736838915156e-01,-9.964284770531588720e+01,-4.485549694751274075e+00
2.519999999999968487e+00,1.214440164915578046e+00,5.719563925999870957e-01,-3.757284103676690279e+01,-4.038434325512638701e+00
2.524999999999968381e+00,1.217757622407113161e+00,6.819333878028873697e-01,-3.788819395166133308e+00,-4.061282267577180249e+00
2.529999999999968274e+00,1.221168052933995440e+00,6.413282936443192028e-01,-5.817930548898374354e+01,-4.570621581851693982e+00
2.534999999999968168e+00,1.224322305636652786e+00,5.749468773958560375e-01,-4.687355821777524767e+01,-4.944616773918707686e+00
2.539999999999968061e+00,1.227172780274871089e+00,5.786320162849726279e-01,2.565322175675050076e+01,-4.550095930525907661e+00
2.544999999999967955e+00,1.229623076312586827e+00,4.398014100684284888e-01,-4.387654761415225124e+01,-4.918752392563239262e+00
2.549999999999967848e+00,1.231436541656252048e+00,3.370821709811057110e-01,6.137625597405866884e+00,-5.163283070681226938e+00
2.554999999999967741e+00,1.232552062348784228e+00,1.919276308714426560e-01,1.986976800368436358e+01,-4.702327816357651180e+00
2.559999999999967635e+00,1.234263971501044166e+00,5.843006999382323041e-01,4.768713109902632397e+01,-5.153633853336594406e+00
2.564999999999967528e+00,1.237134871502109768e+00,4.348231613930898520e-01,-8.102300405968976804e+01,-5.091621272398993092e+00
2.569999999999967422e+00,1.236143467467914148e+00,-6.363590223931517853e-01,-1.820253903725187286e+02,-3.853319801369875286e+00
2.574999999999967315e+00,1.229317932579925721e+00,-1.863753839223934783e+00,-2.403296515013506678e+02,-3.154184377820524965e+00
2.579999999999967208e+00,1.216047184741881004e+00,-3.145247632280899541e+00,-1.929322510864943752e+02,-1.850750118080608519e+00
2.584999999999967102e+00,1.197007003794816615e+00,-4.238192852908749586e+00,-2.332433749685106648e+02,-1.371013532887180197e+00
2.589999999999966995e+00,1.173154532477058920e+00,-5.086573106562633839e+00,-1.379993931062522563e+02,-2.140052276497872441e-01
2.594999999999966889e+00,1.145698688384692909e+00,-5.747951251120102079e+00,-1.371000906444027692e+02,-4.605891385574123476e-02
2.599999999999966782e+00,1.115672431486774530e+00,-6.135017013023693622e+00,-2.714744385382265790e+01,1.134136435202318882e+00
2.604999999999966676e+00,1.084189595576751541e+00,-6.383944176178223628e+00,-4.842160867086850828e+01,1.056433111235231426e+00
2.609999999999966569e+00,1.051802268770755333e+00,-6.485408036746854954e+00,4.875602898206970792e+00,1.924223566300248933e+00
2.614999999999966462e+00,1.019011433819198453e+00,-6.503009183183756647e+00,8.888177951182439074e+01,1.924694373394661540e+00
2.619999999999966356e+00,9.858541597420875657e-01,-6.600972477774517344e+00,4.691649917910462619e+01,2.274351670463820252e+00
2.624999999999966249e+00,9.528214285013566487e-01,-6.485933177716939113e+00,8.009378003395968904e+01,3.163929307909687516e+00
2.629999999999966143e+00,9.213871947072825863e-01,-6.048861107541061877e+00,1.560211514209723873e+02,3.505448598574944619e+00
2.634999999999966036e+00,8.988214613571725575e-01,6.532496203525586242e-01,6.263341204300908430e+03,3.895087052275876260e+00
2.639999999999965929e+00,9.096629400062632431e-01,2.056042491194981281e+00,-8.073891158526291747e+02,1.344147623113178591e+00
2.644999999999965823e+00,9.210311538879862869e-01,2.473580904352342458e+00,4.526225056630040626e+02,2.960154428747675759e+00
2.649999999999965716e+00,9.320493315078206553e-01,1.962686152688585484e+00,-6.583998678342737776e+02,2.407074309363958164e+00
2.654999999999965610e+00,9.416159659308558361e-01,1.680500306199019800e+00,-3.774509895091502472e+02,3.017673603212074340e+00
2.659999999999965503e+00,9.508940455040441053e-01,1.399573796233210432e+00,-6.783159206415723474e+02,3.100232911096668431e+00
2.664999999999965397e+00,9.596974149303854063e-01,7.729201473399194278e-01,-9.772556793421182419e+02,2.977523414000689428e+00
2.669999999999965290e+00,9.685611824946249726e-01,7.164002180814081910e-01,-1.053476480233957545e+03,2.836817409366196419e+00
2.674999999999965183e+00,9.766385991655102128e-01,7.953304877940173823e-01,-7.559530570092886137e+02,3.293029206605257997e+00
2.679999999999965077e+00,9.855213436385271697e-01,8.583335764558790437e-01,-9.558516911551986368e+02,2.982904361542589644e+00
2.684999999999964970e+00,9.939647991544595662e-01,1.376539240237226069e+00,-9.157637568742428584e+02,2.672968863469956879e+00
2.689999999999964864e+00,1.002096475277236332e+00,1.767570760811296049e+00,-8.333565944835478376e+02,2.184541065675603466e+00
2.694999999999964757e+00,1.009742388507528954e+00,2.236471318444562595e+00,1.599159608313531862e+03,2.877492515084353109e+00
2.699999999999964650e+00,1.015283818474487232e+00,4.203326442704231614e-01,-7.719644409872607866e+02,2.180150083937772099e+00
2.704999999999964544e+00,1.021852521551540161e+00,1.101987627908773915e+00,-7.779721160795863852e+02,2.437707831521770174e+00
2.709999999999964437e+00,1.028165286001554213e+00,1.358956933552563751e+00,-7.464159947629573253e+02,2.057067175180353757e+00
2.714999999999964331e+00,1.034519702430841237e+00,2.042491120637878410e+00,1.550175468329313844e+03,2.627528480252809828e+00
2.719999999999964224e+00,1.039758743115815065e+00,4.757688097232259383e-01,-7.038680987209227169e+02,1.832639543089991552e+00
2.724999999999964118e+00,1.046852540602289938e+00,1.340031001515910924e+00,-7.130662412143367419e+02,2.028483615520995542e+00
2.729999999999964011e+00,1.053494320962059971e+00,2.116244483961131628e+00,1.513779613776706128e+03,2.362650383229632389e+00
2.734999999999963904e+00,1.059502528027758128e+00,6.762317730821494344e-01,-6.562948177812979793e+02,1.410997340078760764e+00
2.739999999999963798e+00,1.067296326747308566e+00,1.508179369211081644e+00,-6.237103331842062062e+02,1.560660136282611576e+00
2.744999999999963691e+00,1.073872434956891331e+00,1.459974885500385566e+00,6.512473113443641068e+02,1.705874482730582731e+00
2.749999999999963585e+00,1.078645858374476463e+00,4.660228623848640117e-01,-5.998001974527740003e+02,1.218008297309354671e+00
2.754999999999963478e+00,1.085476897207670044e+00,1.383133222103971827e+00,-5.653001755361834739e+02,1.339455225495700841e+00
2.759999999999963372e+00,1.088984560972031890e+00,2.489020117026074230e-01,-5.495704394786986313e+02,1.319395375107065282e+00
2.764999999999963265e+00,1.095243894126100015e+00,1.267305981965569650e+00,-5.514644601650993536e+02,1.276510716063156803e+00
2.769999999999963158e+00,1.099980737881917525e+00,2.180494499682590348e-01,-5.029001725547553860e+02,1.095475715601008204e+00
2.774999999999963052e+00,1.105868151785433184e+00,1.197849520930486023e+00,-4.877474864469923546e+02,1.022607113905552367e+00
2.779999999999962945e+00,1.110197978712512912e+00,1.626052790092362477e+00,1.112468568917974380e+03,8.261400294175686998e-01
2.784999999999962839e+00,1.114166910981595482e+00,7.449459947439540652e-01,-4.610866938537997157e+02,-2.260489464006268934e-01
2.789999999999962732e+00,1.118581131785622684e+00,1.534762518100631024e+00,1.101469335442223382e+03,5.750315326223001122e-01
2.794999999999962625e+00,1.122099946937807680e+00,4.393831492780184700e-01,-3.592553753320123633e+02,-2.005182072370421675e-01
2.799999999999962519e+00,1.127865510895933898e+00,1.176630844974839496e+00,-3.787906091230519792e+02,-3.550233504563404807e-04
2.804999999999962412e+00,1.131841628467117777e+00,5.909256885957420158e-01,-3.019081283638356012e+02,-4.021061139770154558e-01
2.809999999999962306e+00,1.137136981388639612e+00,9.167460227433251729e-01,-2.181016815432185751e+02,-3.875708094904640744e-01
2.814999999999962199e+00,1.142080890029746110e+00,1.476534642575919154e+00,8.176665606708223777e+02,-5.394494012509728487e-01
2.819999999999962093e+00,1.146558736221846786e+00,5.729256914331750661e-01,-2.925396096834929835e+02,-1.526684695487392052e+00
2.824999999999961986e+00,1.152185494552988576e+00,1.136072532992075113e+00,-3.015955442864425322e+02,-1.201160526168847387e+00
2.829999999999961879e+00,1.156575611956903948e+00,8.075471751829128575e-01,-2.017941188938306425e+02,-1.566177478010296387e+00
2.834999999999961773e+00,1.161434648300408545e+00,9.795157502619658008e-01,-2.471915702811340907e+02,-1.433616591183318745e+00
2.839999999999961666e+00,1.166365634310330801e+00,1.161702130883983886e+00,3.938862817336575972e+02,-1.462811693744003883e+00
2.844999999999961560e+00,1.170834815215694213e+00,6.875460694898340996e-01,-2.329894386943281006e+02,-1.842677674156835366e+00
2.849999999999961453e+00,1.175465045220039917e+00,9.254048048097398560e-01,-1.083452994894953889e+02,-1.719781718594275866e+00
2.854999999999961346e+00,1.179683560908282525e+00,8.779059648972831198e-01,6.961848814297465537e+01,-2.101775928191304654e+00
2.859999999999961240e+00,1.183750234662008571e+00,8.089499417981120821e-01,-4.043817105493224773e+01,-2.186044035571274691e+00
2.864999999999961133e+00,1.187252991907921995e+00,6.791840252403382738e-01,4.382837478695743982e+01,-2.190993487750919400e+00
2.869999999999961027e+00,1.191166810216232275e+00,7.270322399652812129e-01,2.111170298635903997e+00,-2.460195102608591533e+00
2.874999999999960920e+00,1.195439030246101098e+00,9.559034474328852449e-01,-8.127679207741476120e+00,-3.112851876045948707e+00
2.879999999999960814e+00,1.199725705613862381e+00,8.576178437965247259e-01,7.865501876369552292e+01,-3.138648964303726085e+00
2.884999999999960707e+00,1.204246171345652483e+00,7.344708512968989300e-01,-2.497182277960042427e+02,-3.638602000442351603e+00
2.889999999999960600e+00,1.208240075201141295e+00,8.738916934279025162e-01,6.431878716734959767e+01,-3.819330674604967779e+00
2.894999999999960494e+00,1.212663677590810840e+00,9.126941987120731348e-01,3.186058902648578339e+01,-3.781157001409555907e+00
2.899999999999960387e+00,1.216787253637474420e+00,8.041700266545384057e-01,-8.303167696486697480e+01,-4.145198173254618368e+00
2.904999999999960281e+00,1.220864835835925977e+00,8.236187132411671996e-01,6.496163002222014882e+01,-4.160312328944827165e+00
2.909999999999960174e+00,1.224772144990357470e+00,8.502602919165587192e-01,1.033051803177365002e+02,-4.141509002470346701e+00
2.914999999999960067e+00,1.228893595645471404e+00,8.296165052930234429e-01,1.651768960914758555e+00,-4.513991206721866156e+00
2.919999999999959961e+00,1.232995719074324148e+00,8.416381842188318529e-01,4.319856085192550665e+01,-4.154807396904481642e+00
2.924999999999959854e+00,1.237065431373506996e+00,8.130988731480833787e-01,2.650213874524612834e+01,-4.696046176847715081e+00
2.929999999999959748e+00,1.240853021312864568e+00,7.443426785850508764e-01,-1.544019227831615027e+01,-4.455799160516147772e+00
2.934999999999959641e+00,1.244376872511681498e+00,6.712595428284306998e-01,1.078438415806512563e+00,-4.894085036480960049e+00
2.939999999999959535e+00,1.248773139896073525e+00,1.358521894391614859e+00,2.372340473321520733e+02,-4.895182738271329548e+00
2.944999999999959428e+00,1.257677185553373267e+00,1.722707389035792236e+00,-1.084229659743899390e+02,-5.461096857213044942e+00
2.949999999999959321e+00,1.263886071097488406e+00,7.905576081168192992e-01,-2.342353839486632978e+02,-4.531581288776578731e+00
2.954999999999959215e+00,1.263627922458960828e+00,-6.027192662637275156e-01,-2.602856510813012392e+02,-3.607730216393791434e+00
2.959999999999959108e+00,1.255908770173669753e+00,-2.136893890029334830e+00,-3.109443438381938449e+02,-2.376514774652732420e+00
2.964999999999959002e+00,1.240996036791006230e+00,-3.542681008581324065e+00,-2.438953286422875522e+02,-1.846939931250627165e+00
2.969999999999958895e+00,1.219498444495229483e+00,-4.783032453478439194e+00,-2.497853041016153099e+02,-8.724324280846520452e-01
2.974999999999958789e+00,1.192544350434814326e+00,-5.724479421251658984e+00,-1.335967620009656684e+02,1.385834509939121162e-02
2.979999999999958682e+00,1.161754041885538768e+00,-6.337236473440913898e+00,-3.368343426102207872e+01,7.639613722598461720e-01
2.984999999999958575e+00,1.128372139673837538e+00,-6.801093073408639000e+00,4.305906290453335394e+00,1.259370661002253033e+00
2.989999999999958469e+00,1.093522749621607337e+00,-7.038119960784496421e+00,-2.767539528606647181e+01,1.431287559618380723e+00
2.994999999999958362e+00,1.057701742945276857e+00,-7.160099000558497018e+00,8.515138718787810035e+00,2.009043006895796513e+00
2.999999999999958256e+00,1.021650504450453578e+00,-7.141958581166609754e+00,5.461024235717263764e+01,2.654430667363471663e+00
3.004999999999958149e+00,9.848392730231719794e-01,-7.382172343971861395e+00,-1.749919015588259796e+01,2.828470212163336495e+00
3.009999999999958042e+00,9.490684999139540334e-01,-6.849037670827557989e+00,2.219872933538024142e+02,5.187632091279777313e+00
3.014999999999957936e+00,9.178128420250563080e-01,-5.737713852398532488e+00,3.070940514050060415e+02,6.053050872123023396e+00
3.019999999999957829e+00,9.191157537001397593e-01,2.080469049993290298e+00,2.560767053688775832e+02,1.503861003131679919e+00
3.024999999999957723e+00,9.315982132287774498e-01,3.099689482413491515e+00,1.265829036260354314e+03,2.977512666798809882e+00
3.029999999999957616e+00,9.430692480159154067e-01,2.762720321951634972e+00,1.441438432227350859e+03,3.988872149062910211e+00
3.034999999999957510e+00,9.544707541645679472e-01,2.851839406569742330e+00,1.651339744409489413e+03,3.993518177919514134e+00
3.039999999999957403e+00,9.636084176750508989e-01,2.316815965599974714e+00,1.260332479360663910e+03,3.872377711521808763e+00
3.044999999999957296e+00,9.736771027405484169e-01,2.637205293209243795e+00,1.621273555894922538e+03,3.923524898778104397e+00
3.049999999999957190e+00,9.826527457667110221e-01,2.899390552015402189e+00,1.633277403156942000e+03,3.555409818880315598e+00
3.054999999999957083e+00,9.906005932088466359e-01,7.462138035073161424e-01,-8.655554973512118977e+02,3.121664787943926545e+00
3.059999999999956977e+00,9.988073983289971203e-01,1.396300201628648097e+00,-8.516800511741823811e+02,3.450826773431457717e+00
3.064999999999956870e+00,1.005333856164432937e+00,1.874052896046772165e+00,1.297837183393953410e+03,4.013454610861204586e+00
3.069999999999956763e+00,1.013784094818703574e+00,2.269272610333298967e+00,1.408865502954620752e+03,3.496976247825053452e+00
3.074999999999956657e+00,1.019916912664630360e+00,5.077906290574544235e-01,-7.814378532761434144e+02,2.908372091793248959e+00
3.079999999999956550e+00,1.027226600925021494e+00,1.318467120493832301e+00,-7.399327496143116605e+02,3.087077326417634104e+00
3.084999999999956444e+00,1.033834325818641764e+00,2.099914542801166295e+00,1.587085052422692343e+03,3.429451741804231624e+00
3.089999999999956337e+00,1.039632882670718184e+00,5.486275894271815945e-01,-7.169224548138429327e+02,2.479611451361928953e+00
3.094999999999956231e+00,1.047101100794319173e+00,1.369478844836652609e+00,-6.798814625948289176e+02,2.517290897340617395e+00
3.099999999999956124e+00,1.053859183700355473e+00,2.046918468360112708e+00,1.420638330689896065e+03,2.774071006033973052e+00
3.104999999999956017e+00,1.059785522987507500e+00,6.153000530920983424e-01,-6.897941075948107255e+02,1.846976540955982182e+00
3.109999999999955911e+00,1.066723022048606584e+00,1.222050904256110515e+00,-5.110548645701257442e+02,2.116313843318151644e+00
3.114999999999955804e+00,1.072673888889225102e+00,1.778424470608467534e+00,1.174354936756516963e+03,2.275777145119387335e+00
3.119999999999955698e+00,1.077848741712156500e+00,4.927824025687244092e-01,-7.103341100241126469e+02,1.396683114617918164e+00
3.124999999999955591e+00,1.084417393597000512e+00,1.140365330398280141e+00,-5.393998128294037997e+02,1.500294938359917341e+00
3.129999999999955484e+00,1.089533506807404351e+00,1.555059329381594857e+00,1.071141786832767139e+03,1.399272400105201042e+00
3.134999999999955378e+00,1.093837731980235040e+00,3.935326323268271143e-01,-5.856663637166858507e+02,5.798872120613971504e-01
3.139999999999955271e+00,1.099836408524785369e+00,1.124209691853135240e+00,-4.451092704903294930e+02,1.155948577181111103e+00
3.144999999999955165e+00,1.104807506461748190e+00,1.502876186089556976e+00,9.996484624935270631e+02,1.106117742655473135e+00
3.149999999999955058e+00,1.109116998562098555e+00,4.746156061168436135e-01,-4.790874683172534105e+02,3.328504648980998293e-01
3.154999999999954952e+00,1.114957030176376040e+00,1.142648147623652299e+00,-4.423117314462402874e+02,3.638614987650844457e-01
3.159999999999954845e+00,1.119904060773461163e+00,1.466277592269483288e+00,9.558294761221302451e+02,2.136448011832062788e-01
3.164999999999954738e+00,1.124441684165053745e+00,6.274394959471013555e-01,-3.585408118246339200e+02,-7.116728384460007106e-01
3.169999999999954632e+00,1.130333027538598767e+00,1.087368831574332173e+00,-4.225800594408372035e+02,-7.494053913353508900e-01
3.174999999999954525e+00,1.135587751234001797e+00,1.463188068160595545e+00,8.264585838316436366e+02,-8.816963215101345508e-01
3.179999999999954419e+00,1.140335306748220034e+00,6.579659234619608110e-01,-3.433326077571295514e+02,-1.593065218799152749e+00
3.184999999999954312e+00,1.145850693949096222e+00,1.000784914574061268e+00,-3.841029967331921284e+02,-1.493344668481353388e+00
3.189999999999954206e+00,1.150704559296517049e+00,1.270180671285246365e+00,6.186103054100841518e+02,-1.276508902892697694e+00
3.194999999999954099e+00,1.154897599254223417e+00,5.964053143558503134e-01,-2.432828314020309222e+02,-2.015015122011086124e+00
3.199999999999953992e+00,1.159462390352668404e+00,8.441027808691858869e-01,-2.928666413275166747e+02,-1.429945006165221022e+00
3.204999999999953886e+00,1.163161343787816993e+00,7.426243005223975846e-01,6.290533423442345651e+01,-1.580019879836508157e+00
3.209999999999953779e+00,1.166637605521118948e+00,7.406970740727860658e-01,3.536070521882995621e+01,-1.636478662043578058e+00
3.214999999999953673e+00,1.170108695150238853e+00,6.493830232713613260e-01,-7.661239429249312138e+01,-1.793203392006549990e+00
3.219999999999953566e+00,1.173405992786920260e+00,6.224674100346251349e-01,-1.186186985614536979e+02,-1.817913739938743722e+00
3.224999999999953459e+00,1.177205539607799389e+00,6.066370691852159824e-01,4.267021073815732990e+01,-1.716891269612684789e+00
3.229999999999953353e+00,1.180565588780978503e+00,7.141178132593503092e-01,8.634378888773633776e+01,-2.046275728465839716e+00
3.234999999999953246e+00,1.183973255286261628e+00,6.601711531536366140e-01,1.231018656250134740e+02,-2.336605078684827141e+00
3.239999999999953140e+00,1.187557456711346271e+00,6.829564952553347501e-01,1.158625670890825177e+02,-2.714448343757535742e+00
3.244999999999953033e+00,1.190712002975800932e+00,4.300050334486071324e-01,-9.601351923291863599e+00,-2.969120160011592624e+00
3.249999999999952927e+00,1.193616645507167284e+00,5.959378364289172891e-01,-7.091266624341628244e+01,-3.113693603860092640e+00
3.254999999999952820e+00,1.196535178481108685e+00,4.478915524416129945e-01,-3.224199239356360636e+01,-2.776948689577688700e+00
3.259999999999952713e+00,1.199782444811611226e+00,7.598924136538206531e-01,6.029962409198088125e+01,-2.932380286695768223e+00
3.264999999999952607e+00,1.202205962007812046e+00,4.653125069986010498e-01,5.539397757955703128e+01,-3.159824348215723333e+00
3.269999999999952500e+00,1.205132191910267547e+00,6.271145651502453289e-01,-3.794646140441003723e+01,-3.336275477673599887e+00
3.274999999999952394e+00,1.207638137371908948e+00,3.808390544522883281e-01,3.585212744768742965e+01,-3.374424586372793744e+00
3.279999999999952287e+00,1.209974529004298915e+00,5.488077171387464315e-01,8.483857898829666055e+01,-3.157750810562095278e+00
3.284999999999952180e+00,1.213155791255621008e+00,6.791515490957485968e-01,6.021058588396973832e+00,-3.537864594348401948e+00
3.289999999999952074e+00,1.216277806527642280e+00,6.398512980804925698e-01,5.238651448692721146e+01,-3.741542341271897776e+00
3.294999999999951967e+00,1.219759939719326614e+00,7.511568678476566729e-01,7.199176943790689620e+01,-3.546123761932703289e+00
3.299999999999951861e+00,1.222617092555924767e+00,5.406181975433539399e-01,-4.725019417129755084e+01,-3.774193415217026892e+00
3.304999999999951754e+00,1.225729761288309572e+00,6.741543888221057657e-01,5.824200752869563757e+01,-3.942135527729030198e+00
3.309999999999951648e+00,1.228940880086435428e+00,6.025756844585611338e-01,2.966380419047400352e+01,-3.769585804321771594e+00
3.314999999999951541e+00,1.232155419387135575e+00,6.008295126349955106e-01,-1.359662587345958116e+02,-3.996188600746518382e+00
3.319999999999951434e+00,1.235457229201637475e+00,6.433153758003018474e-01,2.550720949567837792e+01,-4.102527302697610345e+00
3.324999999999951328e+00,1.238694588446406009e+00,6.312539493964067772e-01,-9.876991149178547857e+01,-4.044053842656179398e+00
3.329999999999951221e+00,1.242122204410599284e+00,7.202419207188999195e-01,4.694570074772259716e+01,-4.351899427098276263e+00
3.334999999999951115e+00,1.245461563686853124e+00,6.620265424344422556e-01,-5.826663671916874421e+01,-4.409739525854517339e+00
3.339999999999951008e+00,1.248679414672659194e+00,6.407299050750416836e-01,3.132482030115263072e+01,-4.690610957931820479e+00
3.344999999999950901e+00,1.257118873155568028e+00,1.985277652384667801e+00,3.997609237996824305e+01,-5.201059331968782118e+00
3.349999999999950795e+00,1.266402172190477904e+00,1.518357456739086730e+00,-2.272827454790418074e+02,-5.167794555462808859e+00
3.354999999999950688e+00,1.270218991749028747e+00,1.639211189837476157e-01,-3.354643125927989331e+02,-3.989371983359691232e+00
3.359999999999950582e+00,1.266472044082719295e+00,-1.378564187016450449e+00,-3.283825271595069353e+02,-2.879959794601118173e+00
3.364999999999950475e+00,1.255174690203419985e+00,-2.835196330119439168e+00,-2.732787378797129350e+02,-2.576882118805686073e+00
3.369999999999950369e+00,1.236793421588087138e+00,-4.186539588651459809e+00,-2.268225447258340068e+02,-1.435687803567903487e+00
3.374999999999950262e+00,1.212434946448312401e+00,-5.254091844936768396e+00,-1.445367183947379601e+02,-3.035691171605248151e-01
3.379999999999950155e+00,1.183524792646596158e+00,-6.008072047041300934e+00,-6.670968299491157438e+01,3.959252990267860817e-01
3.384999999999950049e+00,1.151248929591396353e+00,-6.660062537703268504e+00,-8.745622095743016189e+01,8.413088809924040845e-01
3.389999999999949942e+00,1.116672896393730019e+00,-7.044205006342328268e+00,-5.073795402469022520e+01,1.203582798027882816e+00
3.394999999999949836e+00,1.080588007101225489e+00,-7.236822113838160320e+00,1.618537312708594200e+01,1.907335244175069278e+00
3.399999999999949729e+00,1.043923033592926153e+00,-7.337742115114640917e+00,-3.139676773824613321e+01,2.770852732904075300e+00
3.404999999999949623e+00,1.006762112436809353e+00,-7.377629732893065118e+00,7.756652440383091118e+01,2.670071533820035814e+00
3.409999999999949516e+00,9.702532610019245496e-01,-7.132803734947449570e+00,8.491569434986327281e+01,4.282268666220395481e+00
3.414999999999949409e+00,9.371671966043833013e-01,-6.199330038468231940e+00,1.884024821491881596e+02,5.868769195151958940e+00
3.419999999999949303e+00,9.302194179313885147e-01,1.801719239984099996e+00,1.769464707940670678e+02,1.865335489010152781e+00
3.424999999999949196e+00,9.417914924288300904e-01,2.561089663845444786e+00,4.675865200456746038e+02,2.972718998360284637e+00
3.429999999999949090e+00,9.524370790506296869e-01,2.001184565847503372e+00,1.431151810041255690e+00,3.958580840678148860e+00
3.434999999999948983e+00,9.620308115593643183e-01,2.074409414163503218e+00,2.552540228600406635e+02,4.036370351136134182e+00
3.439999999999948876e+00,9.711213692072239168e-01,1.572234434345717302e+00,-5.119140413812255588e+02,3.715106840610699734e+00
3.444999999999948770e+00,9.790437624753266510e-01,1.584849013950458296e+00,-2.488414999696596794e+02,3.797129503138931383e+00
3.449999999999948663e+00,9.870709025346020571e-01,1.452500124793195679e+00,-7.585605934598280555e+02,3.467582568158817047e+00
3.454999999999948557e+00,9.938054736577563997e-01,1.706294702574015831e+00,8.198622390774771702e+02,4.005342771265326007e+00
3.459999999999948450e+00,1.001732200982137000e+00,2.265066100289923501e+00,1.455327595915528491e+03,3.921958265736696259e+00
3.464999999999948344e+00,1.007753147755052758e+00,5.292438543704931497e-01,-7.869166662927266316e+02,3.155004092445151453e+00
3.469999999999948237e+00,1.014550886107327576e+00,1.136749563440491162e+00,-9.218603182085572598e+02,3.318925571779963057e+00
3.474999999999948130e+00,1.020292190537123611e+00,1.714029163641766385e+00,1.167422044536186604e+03,3.796625765906989525e+00
3.479999999999948024e+00,1.026221784049391461e+00,2.152829111982390131e+00,1.446840489398167165e+03,3.380104126040426316e+00
3.484999999999947917e+00,1.032345496432431009e+00,6.112713652140482345e-01,-6.704651109709895991e+02,2.650354868829365884e+00
3.489999999999947811e+00,1.040073129473923830e+00,1.408052339830077493e+00,-6.806713551374371036e+02,2.678882391232076721e+00
3.494999999999947704e+00,1.046973659523940947e+00,2.089658712195277879e+00,1.471407596622902474e+03,3.042471478343709013e+00
3.499999999999947597e+00,1.053072020238764228e+00,6.117283938631370432e-01,-7.773993482190151099e+02,2.094011239605147345e+00
3.504999999999947491e+00,1.060245689689658821e+00,1.212471182736344577e+00,-5.621496150132820731e+02,2.440246314584365805e+00
3.509999999999947384e+00,1.066232163566547486e+00,1.847958864938041845e+00,1.294385346576225174e+03,2.573173835697613043e+00
3.514999999999947278e+00,1.071695111020401825e+00,5.953252026565839516e-01,-5.985888721112886515e+02,1.777982321989361569e+00
3.519999999999947171e+00,1.077886083957136476e+00,1.064666207574328505e+00,-4.409001190777619854e+02,1.968066845875131587e+00
3.524999999999947065e+00,1.083351713921058446e+00,1.702587259499657613e+00,1.178068150667054852e+03,2.076429876758291382e+00
3.529999999999946958e+00,1.088502919554817039e+00,5.666635491214709885e-01,-6.094526012112928584e+02,1.118893105363304663e+00
3.534999999999946851e+00,1.093510680336196472e+00,9.101572062194220880e-01,-5.798194886247969180e+02,1.169518757820652066e+00
3.539999999999946745e+00,1.098426572859276584e+00,1.534943969265667008e+00,1.052735862465047148e+03,1.373631235623803182e+00
3.544999999999946638e+00,1.102524778154293505e+00,3.406743972265338094e-01,-5.459105091734737698e+02,4.009372629546342215e-01
3.549999999999946532e+00,1.108031188328771677e+00,1.073474123533427083e+00,-4.449358705452206095e+02,8.641242547310982181e-01
3.554999999999946425e+00,1.112330816377264275e+00,1.416204649903473278e+00,1.053733148341551441e+03,1.019639984217604489e+00
3.559999999999946318e+00,1.116527528347522891e+00,5.263217903999396485e-01,-4.191334003310067260e+02,3.676181890639190764e-02
3.564999999999946212e+00,1.122098017073226650e+00,1.050674866787367323e+00,-3.790047153562559288e+02,5.992352591762351022e-02
3.569999999999946105e+00,1.127065766946374170e+00,1.455091966437509488e+00,8.835772432986918830e+02,-2.018023656478676875e-01
3.574999999999945999e+00,1.131668173637874197e+00,6.262037337972780060e-01,-3.463963151087893380e+02,-1.057805375796591729e+00
3.579999999999945892e+00,1.137361931493669154e+00,1.058605370372575738e+00,-4.054992242267777556e+02,-1.197643662533493192e+00
3.584999999999945786e+00,1.142537944548944528e+00,1.385162724085632346e+00,7.200386082753245773e+02,-1.071810722280876149e+00
3.589999999999945679e+00,1.147066239693607326e+00,6.246929234676970033e-01,-3.163396686071849331e+02,-2.069376874374212694e+00
3.594999999999945572e+00,1.152449183188126725e+00,1.008427212887212487e+00,-3.330030710827766143e+02,-1.550089020733920409e+00
3.599999999999945466e+00,1.156900471577073652e+00,1.156416689127038877e+00,5.988504804092103768e+02,-1.845295273467292052e+00
3.604999999999945359e+00,1.160885824385718967e+00,5.661166288009755743e-01,-2.780358708764579774e+02,-2.008637889481815986e+00
3.609999999999945253e+00,1.165046770687924393e+00,7.597592575362307477e-01,-2.513762965735814134e+02,-1.724152167791771495e+00
3.614999999999945146e+00,1.168629199245517114e+00,8.480006059823751441e-01,2.967375966686313973e+02,-1.623704285044488937e+00
3.619999999999945040e+00,1.171869741764763662e+00,5.960288104565302225e-01,-4.358507668596763551e+01,-2.105576508644035005e+00
3.624999999999944933e+00,1.174860934449587946e+00,5.608961156715824847e-01,-5.091522191082275128e+01,-1.673311790499503404e+00
3.629999999999944826e+00,1.177354651510586825e+00,4.346634507295605854e-01,-9.186708408791535874e+01,-1.779801568277854740e+00
3.634999999999944720e+00,1.180609677683828629e+00,6.422535554943257230e-01,7.812305034375987134e+01,-1.668495935720894607e+00
3.639999999999944613e+00,1.183121654132006206e+00,5.861486197966455647e-01,1.802360941183790146e+02,-2.087199288726700352e+00
3.644999999999944507e+00,1.186212572643554397e+00,5.330505674515181314e-01,-1.104226759243167351e+02,-2.338852521524171113e+00
3.649999999999944400e+00,1.189275720027930472e+00,3.544736511015859071e-01,-4.404087984461458518e+02,-2.938454656252778463e+00
3.654999999999944293e+00,1.192163170575524234e+00,5.988203135060573556e-01,-6.675744614113099829e+01,-2.795112195007104283e+00
3.659999999999944187e+00,1.195193381682878808e+00,5.649892603606235797e-01,-6.011555582619852345e+01,-3.060475085930335126e+00
3.664999999999944080e+00,1.198452316681352769e+00,5.536251946124723933e-01,5.462688276660780673e+01,-2.834921161649746946e+00
3.669999999999943974e+00,1.201589923071884725e+00,7.201011599918729633e-01,6.501754832150122354e+01,-3.156948584836103855e+00
3.674999999999943867e+00,1.204902485876514051e+00,6.391361649366158471e-01,5.011265144320287135e+01,-3.307882271522319950e+00
3.679999999999943761e+00,1.208399770039292997e+00,7.008381464210428069e-01,-6.411238159883170340e+01,-3.469197014090728448e+00
3.684999999999943654e+00,1.211639941442211654e+00,6.621567712409854867e-01,-1.816020009756794096e+01,-3.494998863320730287e+00
3.689999999999943547e+00,1.214998471024955728e+00,5.760117941322706603e-01,2.748852842063938429e+00,-3.178605847803214868e+00
3.694999999999943441e+00,1.217901515319386840e+00,6.126274934219718693e-01,4.814300492738466630e+01,-3.333771964045163294e+00
3.699999999999943334e+00,1.221329471365964814e+00,6.767608861957825628e-01,-9.699644024863520997e+01,-3.586155877423575777e+00
3.704999999999943228e+00,1.224179782851276821e+00,5.522187807166262230e-01,1.352574088462356450e+01,-3.602843620547016013e+00
3.709999999999943121e+00,1.227018734540758160e+00,6.001734154842214286e-01,3.724508336906777828e+01,-3.387811694067064394e+00
3.714999999999943014e+00,1.230222385645027172e+00,6.104360878397001589e-01,-1.031417060860955246e+02,-3.678681327185270078e+00
3.719999999999942908e+00,1.233687588319596795e+00,6.631655645505314389e-01,-6.890072438978084790e+01,-3.865687952736694744e+00
3.724999999999942801e+00,1.237082544604339862e+00,7.114668038589475607e-01,6.249751803096387448e+00,-3.697183328052895845e+00
3.729999999999942695e+00,1.240831286559090030e+00,7.264228824726655098e-01,-5.048018466950393446e+01,-4.060535494308715521e+00
3.734999999999942588e+00,1.244454972000566206e+00,7.307393139721878317e-01,2.548865251273398513e+01,-3.742639690312754563e+00
3.739999999999942482e+00,1.248325461639379741e+00,7.722758875951727386e-01,-7.956613681806766536e+00,-4.129653661274796050e+00
3.744999999999942375e+00,1.252185875446173213e+00,7.985224989692715214e-01,5.369125747832774209e+01,-3.823946542578999352e+00
3.749999999999942268e+00,1.256082767754082896e+00,7.952389742795690220e-01,3.564154790147493657e+01,-4.473386223708414988e+00
3.754999999999942162e+00,1.261366939336133752e+00,1.738887567146476520e+00,3.942049991012401051e+02,-4.547251457193478785e+00
3.759999999999942055e+00,1.273110640665032323e+00,2.394069464742023534e+00,-2.635070055752420970e+01,-5.409683797252649917e+00
3.764999999999941949e+00,1.282591831110873049e+00,1.437978287531096022e+00,-2.482240597432723632e+02,-4.595506491561960338e+00
3.769999999999941842e+00,1.285080771703761338e+00,-1.944529043206390251e-01,-4.374927178966266865e+02,-3.547051418978741211e+00
3.774999999999941735e+00,1.279472333504718673e+00,-1.816743251735410514e+00,-3.560467631547145402e+02,-2.877899479116911685e+00
3.779999999999941629e+00,1.265893354898468548e+00,-3.288191860920516518e+00,-2.510492153758557947e+02,-1.710480358039729865e+00
3.784999999999941522e+00,1.245635537085387323e+00,-4.520629484450573443e+00,-1.993754564319218048e+02,-8.873007551520237790e-01
3.789999999999941416e+00,1.219955895924476952e+00,-5.477859698666640575e+00,-1.657496744990321531e+02,4.234846724618046565e-02
3.794999999999941309e+00,1.189931124280684704e+00,-6.286278648968863791e+00,-1.512037057776412894e+02,4.590283015764846652e-01
3.799999999999941203e+00,1.156271529970128942e+00,-6.988855180569554904e+00,-1.325639583510189254e+02,5.415790570329455100e-01
3.804999999999941096e+00,1.119786374573153331e+00,-7.457079863062162417e+00,-7.472097435203680504e+01,1.198444954064126211e+00
3.809999999999940989e+00,1.081659306521782993e+00,-7.666733637426224490e+00,2.819578776874031334e+01,1.818549677942232545e+00
3.814999999999940883e+00,1.042685890218801648e+00,-7.770748820982728233e+00,3.244555584378823454e+01,2.251181410402040228e+00
3.819999999999940776e+00,1.003491666346103539e+00,-7.769835573041422805e+00,6.602231753316854679e+01,2.987461981557890223e+00
3.824999999999940670e+00,9.650609518627094596e-01,-7.459485468286230159e+00,2.291267935646377509e+02,4.373488478595414009e+00
3.829999999999940563e+00,9.304911484048300485e-01,-6.471221641101554845e+00,2.098054257921562851e+02,6.442306841897417868e+00
3.834999999999940457e+00,9.019053252093052198e-01,-5.182317246078205208e+00,2.402924177333396472e+02,5.961824622426624032e+00
3.839999999999940350e+00,8.866107392309710011e-01,-1.452854868852870407e+00,7.099001517151078815e+02,3.065799146644192952e+00
3.844999999999940243e+00,8.965242311028318589e-01,3.444621420227127029e+00,1.708840472670177860e+03,5.411695377459194489e+00
3.849999999999940137e+00,9.084864669665564385e-01,2.755186224453826771e+00,1.107204181080736134e+03,4.947105501738307431e+00
3.854999999999940030e+00,9.205008844470488061e-01,2.985782731397018441e+00,1.587894470074124683e+03,5.111186641320926149e+00
3.859999999999939924e+00,9.301229926052860808e-01,2.018873311764133760e+00,3.103439136250582919e+02,4.891349592068018559e+00
3.864999999999939817e+00,9.396369223853521246e-01,2.303499285151095588e+00,7.953434016958289021e+02,4.738013807058251814e+00
3.869999999999939710e+00,9.478527469850139830e-01,1.567718293784763128e+00,-3.646320700797613057e+01,4.483534193969987314e+00
3.874999999999939604e+00,9.560671904953217393e-01,1.709889818771743508e+00,2.620750322182321952e+02,4.648832829392413046e+00
3.879999999999939497e+00,9.632895678856829846e-01,1.323439234501025519e+00,-1.597785323565232147e+02,4.466488048833215707e+00
3.884999999999939391e+00,9.704091473380878075e-01,1.106007567544411652e+00,-2.608091504902217252e+02,4.483715543181833851e+00
3.889999999999939284e+00,9.770002188280242361e-01,9.052139313845266599e-01,-6.346978364583718530e+02,4.385465758298627392e+00
3.894999999999939178e+00,9.836714550035187132e-01,9.744585339295470661e-01,-4.968237232067871787e+02,4.281835166608609633e+00
3.899999999999939071e+00,9.903139681255384019e-01,1.086170387451766528e+00,-8.449964399076188784e+02,3.938605152020429934e+00
3.904999999999938964e+00,9.963517685058786988e-01,1.049692322568179792e+00,-4.972752995331557031e+02,3.824921624772805728e+00
3.909999999999938858e+00,1.003077293167944140e+00,1.269181385460417921e+00,-7.678561254427281710e+02,3.478333303851032454e+00
3.914999999999938751e+00,1.009515959869632828e+00,2.008706955356901691e+00,1.452963772423483533e+03,3.820342540328392378e+00
3.919999999999938645e+00,1.015134858311312227e+00,5.361067740115914582e-01,-7.139763061434651945e+02,2.775824956544044042e+00
3.924999999999938538e+00,1.022101800932917026e+00,1.246212164052778126e+00,-7.131066842574540487e+02,2.695831526160614722e+00
3.929999999999938431e+00,1.028306332054887084e+00,1.888747493720061232e+00,1.311162341690217545e+03,2.955152610348736442e+00
3.934999999999938325e+00,1.033690225947886621e+00,5.726242182170308004e-01,-6.397537533503252689e+02,2.682283713758939481e+00
3.939999999999938218e+00,1.040980220596550376e+00,1.414698537707107739e+00,-6.339013137662196868e+02,2.547001391339736465e+00
3.944999999999938112e+00,1.047977636058655682e+00,2.104228415053407186e+00,1.396754937114614677e+03,2.580482985880408364e+00
3.949999999999938005e+00,1.053514196873075903e+00,5.823234671619496039e-01,-5.241703644575503631e+02,1.523985111026347816e+00
3.954999999999937899e+00,1.059586305614051316e+00,1.098311220608978012e+00,-5.871822348488861962e+02,1.628698186605124221e+00
3.959999999999937792e+00,1.065110375424610067e+00,1.713978512579343416e+00,1.199252763108800991e+03,1.803137404853455417e+00
3.964999999999937685e+00,1.069902325539761723e+00,4.377646857392125668e-01,-6.525013580436578877e+02,1.025609171607320125e+00
3.969999999999937579e+00,1.076144040900746557e+00,1.124943058743414825e+00,-6.489234876414969904e+02,9.936032442735704961e-01
3.974999999999937472e+00,1.081344708661407195e+00,1.600563110069059825e+00,1.161143413310137248e+03,1.480347208011129956e+00
3.979999999999937366e+00,1.085843234360301501e+00,4.709931434916828086e-01,-5.134454077090227884e+02,2.367496579678532442e-01
3.984999999999937259e+00,1.092086115321974749e+00,1.178804894703686656e+00,-5.653602070618334210e+02,3.511530737740227170e-01
3.989999999999937152e+00,1.097227030082378763e+00,1.487648692210810975e+00,9.640274701608993837e+02,4.725105499172727042e-02
3.994999999999937046e+00,1.102189510511585757e+00,7.178247213320444464e-01,-3.451671909561111988e+02,-5.425948132319990957e-01
3.999999999999936939e+00,1.108327131291145351e+00,1.047716420481663802e+00,-4.970029404627234726e+02,-9.071328350571036259e-01
4.004999999999936833e+00,1.113625964996540096e+00,1.523783283138056666e+00,8.584730239969685499e+02,-5.631087610712297575e-01
4.009999999999936726e+00,1.118326462655540476e+00,5.868219934295402229e-01,-3.500144088697838356e+02,-1.483861269417771744e+00
4.014999999999936620e+00,1.123621790157369071e+00,9.772974282820472425e-01,-4.110371518501213473e+02,-9.957776983618666922e-01
4.019999999999936513e+00,1.127824476855161073e+00,1.109226315095720672e+00,6.169032672987805199e+02,-1.035593011053742574e+00
4.024999999999936406e+00,1.131635619204157228e+00,5.668185314161298116e-01,-2.066006766773210757e+02,-1.199575791479750020e+00
4.029999999999936300e+00,1.135459771789341099e+00,7.023559884694934308e-01,-2.454537660963281098e+02,-1.355360148275400300e+00
4.034999999999936193e+00,1.138891456320133999e+00,7.439543887578886627e-01,1.583001246225158525e+02,-1.035787683509092449e+00
4.039999999999936087e+00,1.141995964945406561e+00,6.329750744236194437e-01,2.758178421840139549e+01,-1.223776061051314201e+00
4.044999999999935980e+00,1.145372046298880120e+00,7.867435025268851856e-01,-1.102382862715235632e+02,-1.204161985687544290e+00
4.049999999999935874e+00,1.147984818406921903e+00,5.994139138032889003e-01,9.635012010611147559e+01,-1.392146368919139787e+00
4.054999999999935767e+00,1.150902824803199165e+00,2.992763766884695698e-01,-3.479650640529908969e+02,-1.867686528073795760e+00
4.059999999999935660e+00,1.153821504730870862e+00,7.773512908823425605e-01,1.248006632606107047e+02,-2.168071742917009104e+00
4.064999999999935554e+00,1.156401286292551012e+00,7.164035258348322444e-01,2.065735620932456413e+02,-2.234355343757895795e+00
4.069999999999935447e+00,1.158758637287989890e+00,5.355747305835559802e-01,1.643148261199418414e+02,-2.431111589099992365e+00
4.074999999999935341e+00,1.161805125806114392e+00,4.716597023860095717e-01,1.765440151302989591e+02,-2.271429223579071621e+00
4.079999999999935234e+00,1.164856610090528655e+00,2.896972881504547570e-01,-5.176321258384012935e+02,-2.762762494778175260e+00
4.084999999999935127e+00,1.167848439282920037e+00,7.686875471300380624e-01,4.801496276090370685e+01,-2.666210079014633916e+00
4.089999999999935021e+00,1.170760663824640391e+00,5.819550343346403531e-01,3.062983564358416899e+00,-2.895097662166633334e+00
4.094999999999934914e+00,1.174012032653047211e+00,4.773606533556987164e-01,1.203407161141782780e+02,-2.748305491644074117e+00
4.099999999999934808e+00,1.177322707828328374e+00,8.195545302139087829e-01,4.022388049462411175e+01,-2.919848624251353275e+00
4.104999999999934701e+00,1.180318080689058080e+00,6.191821929279075487e-01,7.388410115808945022e+01,-2.699601523737705122e+00
4.109999999999934595e+00,1.183988884609592507e+00,3.834927144708337732e-01,-5.766332822458596183e+02,-3.109938442404966530e+00
4.114999999999934488e+00,1.187158233565057230e+00,7.554409994974509157e-01,3.714453641749366852e+01,-3.031872944311072349e+00
4.119999999999934381e+00,1.190880723623440218e+00,7.414063247103446219e-01,1.198806504006559095e+02,-3.181258722835090147e+00
4.124999999999934275e+00,1.194280714202306859e+00,5.001574171936372659e-01,1.125242896190820545e+02,-2.970115454932117594e+00
4.129999999999934168e+00,1.197533593924597239e+00,7.457523122879787802e-01,2.290773914067451678e+00,-3.218043546995082327e+00
4.134999999999934062e+00,1.201469782368977057e+00,8.041700939105413948e-01,9.198753429288166217e+01,-3.344158437027567210e+00
4.139999999999933955e+00,1.205011891605292540e+00,4.925327052135882178e-01,4.392468599393793482e+01,-3.115286049499791154e+00
4.144999999999933848e+00,1.208228723857453835e+00,6.752467843908219747e-01,-7.150955237281858956e+01,-3.193447479038776571e+00
4.149999999999933742e+00,1.217102469893867278e+00,2.489949855567644033e+00,2.362571220771043841e+02,-4.133316515298431248e+00
4.154999999999933635e+00,1.230154563902811526e+00,2.427472682102742585e+00,-2.301635662567767326e+02,-4.153259023123396787e+00
4.159999999999933529e+00,1.239839805472011003e+00,1.454760282862363141e+00,-2.759859927235423811e+02,-3.724639660497036875e+00
4.164999999999933422e+00,1.242801192114981301e+00,-5.598570560931742657e-02,-4.054425654362939895e+02,-2.800455425283358224e+00
4.169999999999933316e+00,1.238451040736299191e+00,-1.450547975943335732e+00,-2.912213961278081342e+02,-2.153062617560374647e+00
4.174999999999933209e+00,1.227347304308829656e+00,-2.679125845375162296e+00,-1.995959550603096204e+02,-1.249829369806864765e+00
4.179999999999933102e+00,1.210341130212589711e+00,-3.813210325012151625e+00,-2.434357974235214215e+02,-4.205147983236272591e-01
4.184999999999932996e+00,1.188682341904470086e+00,-4.655910305917538849e+00,-1.087860423711957054e+02,-2.368714362407597918e-02
4.189999999999932889e+00,1.163244621666971179e+00,-5.320788514875491870e+00,-7.408119640317981691e+01,5.167857411580429883e-01
4.194999999999932783e+00,1.134992318400682709e+00,-5.809461165019774498e+00,-8.376188103885669989e+01,9.730865295446164964e-01
4.199999999999932676e+00,1.104681145861686531e+00,-6.190361489002119022e+00,-1.008303765973938937e+02,1.313586236666302476e+00
4.204999999999932569e+00,1.072803499204967093e+00,-6.448495098384540825e+00,1.392358343333572002e+00,1.002462139529606056e+00
4.209999999999932463e+00,1.039834200369766704e+00,-6.593304196917737947e+00,3.179928731430500122e+01,1.303702168286933638e+00
4.214999999999932356e+00,1.006842179692420070e+00,-6.530332931909013539e+00,8.188929515650848145e+01,1.754853713517984026e+00
4.219999999999932250e+00,9.744657686277842235e-01,-6.350605286907787139e+00,6.657255460476326903e+01,2.021235061006617428e+00
4.224999999999932143e+00,9.429474736507973409e-01,-6.231029349117519267e+00,4.421851921777420102e+01,1.558585400314310920e+00
4.229999999999932037e+00,9.119742244396892294e-01,-6.083375572624908578e+00,9.202763865587803593e+01,1.989885006520045962e+00
4.234999999999931930e+00,8.814267519708833820e-01,-6.025325111120091393e+00,9.563394924664017083e+01,2.461209363452041110e+00
4.239999999999931823e+00,8.525265096067977666e-01,-5.548178611480635958e+00,1.104300975601285160e+02,4.064703526081013152e+00
4.244999999999931717e+00,8.278467537400576726e-01,-4.463920440234145026e+00,2.636730500226551612e+02,5.310086007976730471e+00
4.249999999999931610e+00,8.090121465078088381e-01,-3.233403484000470840e+00,3.131292305936474349e+02,5.302472035494097291e+00
4.254999999999931504e+00,7.959149612349063485e-01,-2.145083293792133805e+00,2.758764713519354927e+02,3.939267035904289393e+00
4.259999999999931397e+00,7.860411133549447538e-01,-9.211419178764667093e-01,7.176513970415362564e+02,2.937467152672061488e+00
4.264999999999931291e+00,7.980063418167969713e-01,3.765132704420896648e+00,1.462139249892532007e+03,5.223083708579856932e+00
4.269999999999931184e+00,8.133824199372602370e-01,3.158176960482471873e+00,6.954206469951072904e+02,5.009958657983466956e+00
4.274999999999931077e+00,8.268669724140226274e-01,3.161509750643529237e+00,1.349672321648097068e+03,5.377268557207782962e+00
4.279999999999930971e+00,8.398625583869492317e-01,2.413193619260196598e+00,-2.387239377589454534e+02,4.747147807849154688e+00
4.284999999999930864e+00,8.517907792988165250e-01,2.622928993088349703e+00,5.896701850754092220e+02,5.261834729843581471e+00
4.289999999999930758e+00,8.629388985763869480e-01,2.018013582990176857e+00,-5.644764434100758308e+02,4.834939793999210700e+00
4.294999999999930651e+00,8.735729386435925337e-01,2.220953185260962748e+00,3.118191827493483288e+02,5.289800831276691540e+00
4.299999999999930544e+00,8.834058085317516573e-01,1.762880870647571596e+00,-5.406629047616164598e+02,4.891345270941645396e+00
4.304999999999930438e+00,8.930646826329229349e-01,1.970805719431671932e+00,1.720391714560728644e+02,5.219266482526327522e+00
4.309999999999930331e+00,9.020175826584155843e-01,1.623731216829848334e+00,-5.093670716630538209e+02,4.803370871581108759e+00
4.314999999999930225e+00,9.109079044099858136e-01,1.738811731625726553e+00,-7.030644353791667411e-01,4.898991905196764307e+00
4.319999999999930118e+00,9.192628694682422053e-01,1.492569617890339595e+00,-5.708658968791260122e+02,4.520530472924215282e+00
4.324999999999930012e+00,9.276585495713881580e-01,1.573937963898069725e+00,-2.371745692484082610e+02,4.562197617912561398e+00
4.329999999999929905e+00,9.358492124323695149e-01,1.554289680257747053e+00,-6.798191770832000884e+02,4.135235661183711997e+00
4.334999999999929798e+00,9.436857895064650892e-01,1.667916457487995441e+00,-6.804686566873917286e+01,4.228442739653532456e+00
4.339999999999929692e+00,9.512036098847950205e-01,1.712713077148027674e+00,3.792215126481442553e+02,4.208883304939320169e+00
4.344999999999929585e+00,9.588181275574340079e-01,2.093475319512641430e+00,1.124558032075678966e+03,4.238617943465383675e+00
4.349999999999929479e+00,9.661344445244461898e-01,1.894200654957146179e+00,7.426647782285991752e+02,3.786640113503417560e+00
4.354999999999929372e+00,9.727162257736201578e-01,8.810180536223801706e-01,-5.019854216763218346e+02,3.477817857755672648e+00
4.359999999999929265e+00,9.804731933236979780e-01,1.418022457748592258e+00,-6.265480907351144424e+02,3.339499085596020045e+00
4.364999999999929159e+00,9.871786813237081182e-01,2.035347067915695529e+00,1.398297596781070752e+03,3.757500129607081796e+00
4.369999999999929052e+00,9.929466740136481118e-01,6.510322954843251742e-01,-5.826963576611984763e+02,2.942092850230682899e+00
4.374999999999928946e+00,9.998056343701012816e-01,1.184435729334355702e+00,-6.366447625325447461e+02,2.685706512780677624e+00
4.379999999999928839e+00,1.005847384140070133e+00,1.766410322986102566e+00,1.078460068762331048e+03,3.173619948872772767e+00
4.384999999999928733e+00,1.010935029736006907e+00,6.579095378477690659e-01,-4.156580713190155052e+02,2.147366443858373053e+00
4.389999999999928626e+00,1.016937611552259035e+00,1.077705973552108398e+00,-6.390072186346400258e+02,2.282399208078170538e+00
4.394999999999928519e+00,1.022638096798717866e+00,1.204899010538229120e+00,-2.355696199372542878e+02,1.881618820784056290e+00
4.399999999999928413e+00,1.028725538007785323e+00,1.843954428380515820e+00,1.250518033830037211e+03,2.137125246471011764e+00
4.404999999999928306e+00,1.033803635642707608e+00,5.109708039812161928e-01,-5.850247414812891975e+02,9.813450590096662873e-01
4.409999999999928200e+00,1.040135316234651164e+00,1.174686746601025344e+00,-5.782247038913494634e+02,1.237386151816153967e+00
4.414999999999928093e+00,1.045876509445975433e+00,1.744137812935720788e+00,1.142662058071621004e+03,1.321301971973072531e+00
4.419999999999927986e+00,1.050967032171275406e+00,6.068543052602168864e-01,-4.747648657307754547e+02,5.894570866075902194e-01
4.424999999999927880e+00,1.057178915979073430e+00,1.137998543481155922e+00,-5.548922507312543075e+02,1.386351073451234095e-01
4.429999999999927773e+00,1.063083931352623246e+00,1.675236189735834325e+00,9.711243497339843316e+02,1.782693083290187719e-01
4.434999999999927667e+00,1.068284969394921236e+00,7.122902328395886995e-01,-3.416340021756672058e+02,-9.359756906944812771e-01
4.439999999999927560e+00,1.074644197604945450e+00,1.177306393522270511e+00,-5.055531516373162049e+02,-6.072000930415863973e-01
4.444999999999927454e+00,1.079908273361438020e+00,1.366407129566370449e+00,6.688738022517632089e+02,-8.425409062110111869e-01
4.449999999999927347e+00,1.084864812076624219e+00,7.025657117576501465e-01,-3.307431594184526489e+02,-9.213201331681498685e-01
4.454999999999927240e+00,1.089868754138510587e+00,9.104583280126672395e-01,-3.030364010404516648e+02,-9.129680676950683305e-01
4.459999999999927134e+00,1.094377577302972027e+00,1.088686182693958004e+00,4.354475993894205317e+02,-6.566023817110484551e-01
4.464999999999927027e+00,1.098528513438128407e+00,8.271807265458015479e-01,5.110473736712542348e+01,-8.936932675022457584e-01
4.469999999999926921e+00,1.102349479125145582e+00,7.184972246665259910e-01,-5.087398216636280068e+01,-6.160552668483951777e-01
4.474999999999926814e+00,1.106591635556904318e+00,7.567332344259064536e-01,-2.648499939217877568e+02,-9.841395514592086169e-01
4.479999999999926708e+00,1.110440793312830854e+00,8.530771150876140796e-01,1.392840179321654261e+02,-1.096581609163705506e+00
4.484999999999926601e+00,1.114883001545449615e+00,9.591220862796633329e-01,1.772246141624198401e+02,-1.696585613295130468e+00
4.489999999999926494e+00,1.119028335881815606e+00,9.587425928250203899e-01,1.649260282783936020e+02,-1.792590645340221389e+00
4.494999999999926388e+00,1.123372223603195330e+00,7.743671151166227062e-01,-1.821136509986123713e+02,-2.145416567332874003e+00
4.499999999999926281e+00,1.128015203945542888e+00,1.060150717382493113e+00,2.947480076673210760e+02,-2.077698271740391345e+00
4.504999999999926175e+00,1.132435249139797540e+00,8.912119618754519301e-01,-1.500485305734826014e+01,-2.373957496003119783e+00
4.509999999999926068e+00,1.136822865944927985e+00,7.748935471297341282e-01,5.699234057589608682e+01,-2.449562530537893412e+00
4.514999999999925961e+00,1.140912459855713434e+00,6.767082687159985399e-01,2.354571145956098235e+02,-2.188884920085021779e+00
4.519999999999925855e+00,1.145008384859200756e+00,4.478105392670396756e-01,-5.585024895858978198e+02,-2.636688145273605066e+00
4.524999999999925748e+00,1.149338813801839221e+00,1.095456655514198685e+00,1.719885198641642319e+02,-2.667014022695810560e+00
4.529999999999925642e+00,1.153635368448897802e+00,9.977398871750415843e-01,3.115899108211991475e+01,-2.849669474565982519e+00
4.534999999999925535e+00,1.157500543582845820e+00,8.112097747221928001e-01,-1.772248879297453783e+01,-2.621319732160033666e+00
4.539999999999925429e+00,1.161534664267240391e+00,7.204976697454195111e-01,6.922645575614343727e+01,-2.556356378706190036e+00
4.544999999999925322e+00,1.166119418796262019e+00,5.786724802812878155e-01,-6.052788719998299030e+02,-2.753191359948707451e+00
4.549999999999925215e+00,1.170558832600337551e+00,1.120871508034360087e+00,1.819307912075732361e+02,-2.754714177859828972e+00
4.554999999999925109e+00,1.175136610896260647e+00,9.329139447495549131e-01,5.970235908133636826e+01,-3.259130437160524973e+00
4.559999999999925002e+00,1.180351447147149457e+00,1.041703026174722879e+00,-9.813529534902650653e+01,-3.601853070582121674e+00
4.564999999999924896e+00,1.186203955522357800e+00,1.210975259193409093e+00,8.184052660482829822e+01,-3.294595293093368404e+00
4.569999999999924789e+00,1.192210406253801258e+00,1.267161122325433764e+00,7.647969466963621699e+01,-3.707561896603470686e+00
4.574999999999924682e+00,1.198461446844797607e+00,1.311540543295101946e+00,5.733406120746809620e+01,-3.864592383069963777e+00
4.579999999999924576e+00,1.204949721186916456e+00,1.306961203913136416e+00,-1.602979629130821593e+01,-4.188927923712324919e+00
4.584999999999924469e+00,1.211735891679090571e+00,1.166709923932082393e+00,-2.980160228920182135e+02,-4.506146101745979848e+00
4.589999999999924363e+00,1.218155212155476619e+00,1.311903912262551319e+00,-2.000021696301109841e+01,-4.512358143815035305e+00
4.594999999999924256e+00,1.224902199370614619e+00,1.385117199816910505e+00,5.890643770166162341e+01,-4.327671207638064566e+00
4.599999999999924150e+00,1.231724724807477411e+00,1.379894094781135339e+00,8.053136335337802620e+01,-4.742740944722521945e+00
4.604999999999924043e+00,1.238137086458038993e+00,1.235442133182621749e+00,-6.777544946653213742e+01,-5.078868148683960193e+00
4.609999999999923936e+00,1.244197014824015124e+00,1.155045162962140992e+00,-3.906826779770445057e+01,-5.090076167481385916e+00
4.614999999999923830e+00,1.249682630435882791e+00,1.071227458347542516e+00,-4.689405011887581054e+01,-4.747030273786394083e+00
4.619999999999923723e+00,1.254489790417427475e+00,9.000779841256988378e-01,-1.944047666842634214e+01,-4.967569821162419963e+00
4.624999999999923617e+00,1.258006615202989842e+00,5.987699609042925752e-01,-5.274335195875728033e+01,-5.158769686836567558e+00
4.629999999999923510e+00,1.260010829835670032e+00,2.723796745697353305e-01,-7.792404336061578363e+01,-5.238833665722828492e+00
4.634999999999923403e+00,1.260499361380363226e+00,4.946154368173865876e-03,-4.929669475850180049e+01,-4.531257370606193824e+00
4.639999999999923297e+00,1.259126134951106035e+00,-3.748742191734669160e-01,4.051694370909159204e+01,-4.600978760731315731e+00
4.644999999999923190e+00,1.255740700284709410e+00,-8.523225581175891685e-01,-8.970184534425595757e+01,-4.576344661053156848e+00
4.649999999999923084e+00,1.250166787160719162e+00,-1.257545764688625001e+00,-5.689004560838293401e+01,-4.316652638395696684e+00
4.654999999999922977e+00,1.242561006146765790e+00,-1.641894934335101031e+00,-3.365001549543507053e+01,-3.561124677776818181e+00
4.659999999999922871e+00,1.232981022975178309e+00,-2.065714515404128537e+00,-7.247619503310349387e+01,-3.517752957619645127e+00
4.664999999999922764e+00,1.221597717264017779e+00,-2.379138476225791887e+00,-3.429010793166873583e+01,-3.341560770825572124e+00
4.669999999999922657e+00,1.208696593535075525e+00,-2.651117386007041166e+00,-1.686358645010988511e+01,-2.684650486425965710e+00
4.674999999999922551e+00,1.194517049684431509e+00,-2.930788346025233970e+00,-6.843014740202424662e+01,-2.738662929153201642e+00
4.679999999999922444e+00,1.179505130730722051e+00,-3.001203961040353807e+00,3.528068146224700996e+01,-2.583943866453236815e+00
4.684999999999922338e+00,1.163943212276519201e+00,-3.109084863471584192e+00,4.491750439327418576e+01,-2.138802964267194184e+00
4.689999999999922231e+00,1.148088451977073765e+00,-3.176159142618791176e+00,-2.639732768970756638e+01,-2.263159932495983018e+00
4.694999999999922125e+00,1.132254223289949069e+00,-3.092958834100377974e+00,6.935384242100346341e+01,-2.303391441009418728e+00
4.699999999999922018e+00,1.116611441547665562e+00,-3.060222045044140415e+00,9.440757827498532606e+01,-1.835078833414600208e+00
4.704999999999921911e+00,1.101375562804017605e+00,-3.000878994426897872e+00,-2.245858454245216684e+00,-2.018911980925545357e+00
4.709999999999921805e+00,1.086421123255686849e+00,-2.949147441556357219e+00,5.283532476352092289e+01,-1.696682435712473014e+00
4.714999999999921698e+00,1.071531274052446303e+00,-2.923163790938533069e+00,9.107436846949657649e+01,-1.082929229624331802e+00
4.719999999999921592e+00,1.056579952976582248e+00,-2.989859858813919580e+00,2.587642438512071763e+01,-1.194748745547034252e+00
4.724999999999921485e+00,1.041036773147681949e+00,-3.120115985721295448e+00,2.744822387316294510e+01,-4.776623402831603471e-01
4.729999999999921378e+00,1.025155824363437329e+00,-3.255518399053103806e+00,-9.372335686065056848e+01,-4.289375144995897227e-01
4.734999999999921272e+00,1.008951803688130200e+00,-3.242922140582137125e+00,2.816674019181453659e+01,-4.482265221768377828e-02
4.739999999999921165e+00,9.933090920854452666e-01,-2.988038765289167120e+00,1.324978539222896643e+02,2.407088102644914240e-01
4.744999999999921059e+00,9.792840022006918943e-01,-2.610620211683922332e+00,1.286819007598589906e+02,-3.740075666989197689e-01
4.749999999999920952e+00,9.698095100238057764e-01,-1.368880208424442690e+00,2.670493784781002091e+02,-1.942634048066422814e-01
4.754999999999920846e+00,9.693800794513767194e-01,7.352745166297939283e-01,3.760627888985466143e+02,-1.162052678047257315e+00
4.759999999999920739e+00,9.752288352703156749e-01,1.401673206971495445e+00,6.183263381539713919e+02,-4.271759282242296729e-01
4.764999999999920632e+00,9.808676497317652121e-01,9.918106297454566400e-01,-6.339359086991213417e+02,6.832716935836390393e-01
4.769999999999920526e+00,9.875432200727919385e-01,1.345993472983846528e+00,7.443718496309122656e+01,2.562223292413300157e+00
4.774999999999920419e+00,9.944839046110204306e-01,1.239503758423879942e+00,-7.354826945159630895e+02,2.219093772878112603e+00
4.779999999999920313e+00,1.000477382253676550e+00,1.056676662762689123e+00,-8.590463490611082307e+02,2.198730083927424417e+00
4.784999999999920206e+00,1.006996363634341973e+00,1.153363340964215000e+00,-1.010017639663197315e+03,2.057155327196409367e+00
4.789999999999920099e+00,1.013481919807663889e+00,1.331678062281799857e+00,-9.099406619452013274e+02,1.482274207804162192e+00
4.794999999999919993e+00,1.018462098788632364e+00,1.302753464885057166e+00,8.364440312984385173e+02,2.157165520843219664e+00
4.799999999999919886e+00,1.023404078341668910e+00,1.654869861566643952e+00,1.557040623635111615e+03,2.261841625000928335e+00
4.804999999999919780e+00,1.028960147860349839e+00,1.632059726887224560e+00,1.365642088903680587e+03,1.830402722907996660e+00
4.809999999999919673e+00,1.033165296125750254e+00,1.544007503872137033e+00,1.187384586620217533e+03,1.534293069826792255e+00
4.814999999999919567e+00,1.037642319039915328e+00,1.900348276870086561e+00,1.477134721121551365e+03,1.689511061976467499e+00
4.819999999999919460e+00,1.041382443149316162e+00,2.399229480033476455e-02,-7.747255565706883544e+02,1.285497889847990738e+00
4.824999999999919353e+00,1.046308731092512545e+00,7.665812409048760045e-01,-8.326240459682718438e+02,1.744442212109921675e+00
4.829999999999919247e+00,1.051545375471754307e+00,1.206340929827690367e+00,-8.050119266124912656e+02,1.316700700477738017e+00
4.834999999999919140e+00,1.057218448276284972e+00,1.903794260468108845e+00,1.588860653188851984e+03,1.860677440975867958e+00
4.839999999999919034e+00,1.061468107467285371e+00,2.328168927184888493e-01,-7.406270455726503315e+02,9.393004351779807859e-01
4.844999999999918927e+00,1.067389814135233150e+00,1.098606939757374557e+00,-7.317877627205485851e+02,1.281415121024441328e+00
4.849999999999918820e+00,1.072760414259203321e+00,1.877365787312447853e+00,1.553131004504647535e+03,1.705465134875557620e+00
4.854999999999918714e+00,1.077325416975461359e+00,3.551975170355141098e-01,-6.913034343416488809e+02,7.092329030292844338e-01
4.859999999999918607e+00,1.083803496846562631e+00,1.247969555207582681e+00,-6.711589336511340207e+02,9.792461960145205646e-01
4.864999999999918501e+00,1.089953601931742178e+00,1.943838868232619532e+00,1.389091443295270210e+03,1.247030716584739407e+00
4.869999999999918394e+00,1.095151468905135150e+00,5.412529621640269628e-01,-6.016367750684179327e+02,3.488698749054254256e-01
4.874999999999918288e+00,1.101896374156596803e+00,1.315212827582772803e+00,-5.557553428032678084e+02,7.522310338807702834e-01
4.879999999999918181e+00,1.107366547102921484e+00,1.708937568313984023e+00,1.168022465151870847e+03,9.624279949116023580e-01
4.884999999999918074e+00,1.112321441309512826e+00,5.762896762859767152e-01,-5.389592036244542896e+02,1.323415808258762150e-01
4.889999999999917968e+00,1.117567813696094037e+00,1.374058846473270590e+00,1.148027545700287646e+03,1.280956121628281652e+00
4.894999999999917861e+00,1.121347585415135795e+00,3.999378854904790948e-01,-5.156764759572411094e+02,4.855450270626321951e-01
4.899999999999917755e+00,1.126914943082981457e+00,9.213510297295873785e-01,-1.559424834836446223e+02,8.656508647992027239e-01
4.904999999999917648e+00,1.132306992354178643e+00,1.744294069317114726e+00,1.238552814686014244e+03,7.448364051794991170e-01
4.909999999999917542e+00,1.136735632412082753e+00,8.324919976118271281e-01,-5.868888045980602328e+02,-5.980537305526836267e-01
4.914999999999917435e+00,1.140510324846750301e+00,1.463169471196745508e-01,-4.617392429765440625e+02,3.041570320885588208e-01
4.919999999999917328e+00,1.145721841155763032e+00,1.146263065253124713e+00,-4.647946957372987526e+02,2.174421234588065355e-01
4.924999999999917222e+00,1.149342830676387539e+00,5.241744660451721494e-01,-3.934240333729642316e+02,1.635510283377659690e-01
4.929999999999917115e+00,1.154889682167266729e+00,1.535683942725486473e+00,1.173513000665898062e+03,6.707898685634842151e-01
4.934999999999917009e+00,1.159276214937087879e+00,9.203471586854127251e-01,-3.509101748737862749e+02,-8.112175426071037698e-01
4.939999999999916902e+00,1.163243730542200982e+00,3.232590904526114195e-01,-3.334415714821676033e+02,-3.266408048265351249e-01
4.944999999999916795e+00,1.168336483199062359e+00,9.309763910833999123e-01,-2.542973104538723987e+02,-2.362587793592841878e-01
4.949999999999916689e+00,1.172941367874448915e+00,1.305217294973541442e+00,7.325660936181132001e+02,-7.153512689273712200e-01
4.954999999999916582e+00,1.176823731871826206e+00,4.547895421520836701e-01,-3.144651348805911084e+02,-1.524658970652670753e+00
4.959999999999916476e+00,1.181722530153054063e+00,9.516672446583097633e-01,-2.519018749445886272e+02,-1.154991746812234155e+00
4.964999999999916369e+00,1.185601347342397194e+00,1.108850010754848903e+00,5.935903514167625872e+02,-1.381065905633089397e+00
4.969999999999916263e+00,1.189900675107333550e+00,6.828656741445059408e-01,-2.751440125412490261e+02,-1.900146542943895067e+00
4.974999999999916156e+00,1.193648907337384157e+00,1.035731444664480971e+00,4.943904423082016137e+02,-1.621348547377160498e+00
4.979999999999916049e+00,1.197250797038566628e+00,4.925941612780357914e-01,-2.670857963551998751e+02,-2.086155108843960271e+00
4.984999999999915943e+00,1.201223420884521387e+00,7.203790218411564306e-01,-1.835569500332008772e+02,-1.649690951166483899e+00
4.989999999999915836e+00,1.204812835743370725e+00,8.835929775405945152e-01,3.493133107687307302e+02,-1.849179382363277169e+00
4.994999999999915730e+00,1.207709473130142097e+00,4.366318765885924269e-01,-1.156584693155556067e+02,-2.133150813637603616e+00
4.999999999999915623e+00,1.210912588393432854e+00,6.312196049926722674e-01,-1.289874534766249212e+02,-1.884031174057522406e+00
