5.000000000000000104e-03,1.234220860627136083e-04,-3.537689367206545837e-02,-4.379110783462849810e+01,1.992616942142996228e+00
1.000000000000000021e-02,8.627379120457809433e-04,2.605390141372830315e-01,6.018173339410962797e+01,1.679746014774407659e+00
1.499999999999999944e-02,2.694436947872354965e-03,4.697733361530596063e-01,5.941631519905750736e+01,2.517948888356563941e+00
2.000000000000000042e-02,6.136865414561139785e-03,8.218169431651703993e-01,6.299048928033028716e+01,1.328504250771413986e+00
2.500000000000000139e-02,1.074504739521293419e-02,9.428538747211956395e-01,5.687713892897062334e-02,-5.742126763517597654e-01
3.000000000000000236e-02,1.494612763161624024e-02,7.205125407332942933e-01,-7.120593404388550596e+01,-2.504493187995227466e+00
3.500000000000000333e-02,1.760605594965170689e-02,3.888864197211557849e-01,-7.534550159462621366e+01,-2.886551081390627438e+00
4.000000000000000083e-02,1.886028070689156622e-02,1.524564006089806356e-01,-5.089427106478227358e+01,-2.615816357853618435e+00
4.499999999999999833e-02,1.893228165216759643e-02,-8.732891222458279146e-02,-5.335110128327500689e+01,-2.635137927299171956e+00
4.999999999999999584e-02,1.773002464456960303e-02,-3.509481647421962003e-01,-5.734258103526256178e+01,-2.541853633056845307e+00
5.499999999999999334e-02,1.518605098577776626e-02,-6.184222346872155773e-01,-5.587741908241485334e+01,-2.245282497458435778e+00
5.999999999999999084e-02,1.136540489253003161e-02,-8.625665847563064315e-01,-4.949049438139709167e+01,-1.823052481336650654e+00
6.499999999999998834e-02,6.435056762854505889e-03,-1.068195596546890558e+00,-4.094455228315466400e+01,-1.391331393917232706e+00
6.999999999999999278e-02,6.050135370485330887e-04,-1.230683561315394359e+00,-3.213370981014423222e+01,-1.008947042134550554e+00
7.499999999999999722e-02,-5.915881502624367044e-03,-1.352790461460929849e+00,-2.413958394714822830e+01,-6.842895624250443509e-01
8.000000000000000167e-02,-1.294318025667724054e-02,-1.440287160580825621e+00,-1.727330069803056389e+01,-4.047014478419224126e-01
8.500000000000000611e-02,-2.032416709779356206e-02,-1.499729670573577422e+00,-1.159207859575291799e+01,-1.623057553914833973e-01
9.000000000000001055e-02,-2.793405237469899147e-02,-1.536068403102741398e+00,-6.782109526342165573e+00,5.059938734426716600e-02
9.500000000000001499e-02,-3.566781198463552655e-02,-1.552636590079303547e+00,-2.546416299680772433e+00,2.404786258220623640e-01
1.000000000000000194e-01,-4.343414789918152025e-02,-1.551854900107201063e+00,1.259345766927385979e+00,4.092437879838753401e-01
1.050000000000000239e-01,-5.115435798021058383e-02,-1.536318186379591832e+00,4.595528484748411913e+00,5.565966062377243340e-01
1.100000000000000283e-01,-5.876174246444424570e-02,-1.508330087452955048e+00,7.501339375963640421e+00,6.812019091518928260e-01
1.150000000000000328e-01,-6.620028264975036381e-02,-1.469942727739832256e+00,1.001118724100664892e+01,7.825305736493701758e-01
1.200000000000000372e-01,-7.342260265910918737e-02,-1.422712288790179302e+00,1.220013476356714044e+01,8.622592784792471043e-01
1.250000000000000278e-01,-8.038460343702742705e-02,-1.366770825912522636e+00,1.430767695589137745e+01,9.240522366749518435e-01
1.300000000000000322e-01,-8.704489925101278891e-02,-1.302896228037059956e+00,1.622664342869487442e+01,9.689524477729124508e-01
1.350000000000000366e-01,-9.336600323141905355e-02,-1.231898187350348950e+00,1.793521680747328517e+01,9.971768114557355567e-01
1.400000000000000411e-01,-9.931470122000406187e-02,-1.154685189390455724e+00,1.940038562340128436e+01,1.008241894798269422e+00
1.450000000000000455e-01,-1.048625787480797905e-01,-1.072273791934359233e+00,2.058869674055317844e+01,1.002750387618924766e+00
1.500000000000000500e-01,-1.099859222280129695e-01,-9.855862411618759866e-01,2.150110105339717848e+01,9.819896260539375810e-01
1.550000000000000544e-01,-1.009859945567455203e-01,1.490529535268704908e+00,-6.975057734143265407e+02,-8.283685115666208354e-01
1.600000000000000588e-01,-1.054020097959468133e-01,-1.719387431946207023e+00,-5.660990737081532416e+02,-1.601058347684800598e-01
1.650000000000000633e-01,-1.148131956531757841e-01,-1.628138579134124297e+00,1.114819582814249770e+03,9.500502598706400681e-01
1.700000000000000677e-01,-1.265965972233457915e-01,-2.832785800567852785e+00,-1.327400523323320385e+03,-9.767975564846265168e-02
1.750000000000000722e-01,-1.375741494799143372e-01,-1.838549446274578614e+00,1.299940766696421633e+03,6.867604445085275788e-01
1.800000000000000766e-01,-1.478241563065408604e-01,-2.360852049934277108e+00,-1.356657694795812404e+03,-1.416183607267680333e+00
1.850000000000000810e-01,-1.544852975028181696e-01,-6.178424176926710087e-01,1.375632038823443963e+03,-7.591597228908849582e-01
1.900000000000000855e-01,-1.617316817664122830e-01,-2.098696659929813357e+00,-1.511118748188589279e+03,-1.971983059378551228e+00
1.950000000000000899e-01,-1.648665594004322388e-01,4.186282061434908885e-01,1.996019170715104792e+03,-1.129070781376679600e+00
2.000000000000000944e-01,-1.687409642716058700e-01,-1.498635317423921087e+00,-1.433804777152970019e+03,-2.599646947453416956e+00
2.050000000000000988e-01,-1.725648586460860612e-01,2.324287167672861587e-01,2.144964777852102088e+03,-1.672712581304804713e+00
2.100000000000001033e-01,-1.756846591925611267e-01,-1.285260824693280401e+00,-1.763475119219718863e+03,-3.096107640944244732e+00
2.150000000000001077e-01,-1.784128211530334462e-01,-6.668327567581912307e-02,1.705385963857627303e+03,-2.116095247586811112e+00
2.200000000000001121e-01,-1.829729533429957089e-01,-1.416990563750219145e+00,-1.659002979503630968e+03,-3.188462624922214772e+00
2.250000000000001166e-01,-1.843025734260742288e-01,1.851015895181553628e-01,1.595505869725929415e+03,-2.473942422556625775e+00
2.300000000000001210e-01,-1.898636363014032657e-01,-1.768573531374328489e+00,-1.647851145465287345e+03,-3.203455034606915941e+00
2.350000000000001255e-01,-1.905600943445764084e-01,6.551383296296412473e-01,1.855734810070875483e+03,-2.493245547406980123e+00
2.400000000000001299e-01,-1.948835516369350762e-01,-1.339126795367975742e+00,-1.114337074851736816e+03,-3.161163584157059336e+00
2.450000000000001343e-01,-1.942854000146050919e-01,-1.035481497877923929e-01,3.659524871150275658e+02,-2.899542153910663167e+00
2.500000000000001110e-01,-1.969454559985163444e-01,-5.728830127682353890e-01,-7.570130772008810709e+02,-3.303129899554058557e+00
2.550000000000001155e-01,-1.970415764625529920e-01,-1.441388333877667294e-01,6.492452483642680363e+02,-2.721844558076308651e+00
2.600000000000001199e-01,-1.980827690570370891e-01,3.371560815935121802e-01,9.795086751394898101e+02,-2.831652548343515985e+00
2.650000000000001243e-01,-1.995479873732821652e-01,-5.919006402925813815e-01,-6.439630395076723062e+02,-3.320857662071762473e+00
2.700000000000001288e-01,-1.992629919232279390e-01,7.754184102213868002e-02,-4.499795423467809314e+02,-3.256657521118276222e+00
2.750000000000001332e-01,-2.005097923252362191e-01,3.233788819219420296e-01,1.834226269034649931e+03,-1.956580439195379828e+00
2.800000000000001377e-01,-1.999907022731398643e-01,1.825290679129784877e-01,2.624238312068505365e+02,-2.533285815312721567e+00
2.850000000000001421e-01,-1.978056622190746960e-01,1.598025986257637143e+00,2.038080931505092394e+03,-2.113354583227552208e+00
2.900000000000001465e-01,-1.964948938442109549e-01,-7.399335045358953478e-01,-1.620928303966012209e+03,-2.483107181510715744e+00
2.950000000000001510e-01,-1.916537509265358596e-01,1.335149471972143065e+00,1.406809803479678521e+03,-1.427542578106449911e+00
3.000000000000001554e-01,-1.894080342336030010e-01,6.281075146866780257e-01,-8.158552413322654502e+02,-2.183345563011003243e+00
3.050000000000001599e-01,-1.863797571661640062e-01,9.437424995150978102e-01,6.799115080170760166e+02,-9.384261663656354724e-01
3.100000000000001643e-01,-1.832251180115816724e-01,7.955403455022044268e-01,4.762939931518690884e+01,-9.288773045009002249e-01
3.150000000000001688e-01,-1.811499943846432981e-01,8.673351038537782109e-01,3.560995011904291800e+02,-2.948006442958786555e-01
3.200000000000001732e-01,-1.781258989986193586e-01,2.083967359125231678e-01,-3.431991491515328789e+02,6.457464566776982551e-03
3.250000000000001776e-01,-1.754156902315865130e-01,6.124848948677938942e-01,-1.409850033518743544e+02,9.022988742726112399e-03
3.300000000000001821e-01,-1.716146161729773523e-01,8.851352874161118045e-01,1.759076234944668329e+02,2.968692134298709373e-01
3.350000000000001865e-01,-1.689557024263034224e-01,1.502185559761478606e+00,1.579704532016840858e+03,9.572213823212197825e-01
3.400000000000001910e-01,-1.661558897575640958e-01,4.660102294086567176e-01,-2.988706579342138525e+02,6.752701794434479154e-01
3.450000000000001954e-01,-1.638591535652632603e-01,6.314545359671137614e-01,5.770768690964059715e+02,1.628565419093767064e+00
3.500000000000001998e-01,-1.621014209310508436e-01,8.036861774286542248e-01,7.833574553975877279e+02,1.920274568138739202e+00
3.550000000000002043e-01,-1.608767502097588897e-01,9.193699918804924126e-03,-3.386364546492321779e+02,2.338199094071537143e+00
3.600000000000002087e-01,-1.600485523797627041e-01,1.203991179965043928e-01,-7.828929664514402020e+01,2.557339975910828400e+00
3.650000000000002132e-01,-1.597193747435348976e-01,6.240969036096159078e-02,1.063656622008739276e+02,2.909995593831913752e+00
3.700000000000002176e-01,-1.582405583379615233e-01,4.373389897316536379e-01,-5.835562175997167600e+01,2.276671934141700326e+00
3.750000000000002220e-01,-1.540262288088072862e-01,1.112625665006612197e+00,2.687747614946746353e+02,1.964730281708741311e+00
3.800000000000002265e-01,-1.493898993293970856e-01,7.899648603342100950e-01,-1.133862363322466962e+02,1.549906706205603335e+00
3.850000000000002309e-01,-1.435879876110592313e-01,1.445490396266076782e+00,3.116996149473048945e+02,1.347094818048508724e+00
3.900000000000002354e-01,-1.368098412696396593e-01,1.220036240022574603e+00,-1.511531697661785643e+02,9.801854745050697648e-01
3.950000000000002398e-01,-1.295939080638553453e-01,1.587439843163466646e+00,2.009792242261884212e+02,1.085812986834943761e+00
4.000000000000002442e-01,-1.222112536975568653e-01,1.363611677814468237e+00,-1.567866509326466371e+02,8.572498591510350208e-01
4.050000000000002487e-01,-1.146019864606201144e-01,1.620373159979850097e+00,1.631893260206242360e+02,1.009230679737172398e+00
4.100000000000002531e-01,-1.072438699758864467e-01,1.353285339165671175e+00,-1.658764139135639937e+02,8.928551369409840621e-01
4.150000000000002576e-01,-9.978642874716373012e-02,1.568030149756812541e+00,1.313414643325912436e+02,1.064100090772546636e+00
4.200000000000002620e-01,-9.274901625824273632e-02,1.303134298373350264e+00,-1.443511020575508894e+02,1.001373190279680969e+00
4.250000000000002665e-01,-8.562657956285678329e-02,1.495132872886888897e+00,1.292347832187724634e+02,1.188623852770817058e+00
4.300000000000002709e-01,-7.868287142333563189e-02,1.300071410637782199e+00,-1.320804991925243712e+02,1.125461629232531457e+00
4.350000000000002753e-01,-7.165441418659937445e-02,1.465418207705605935e+00,1.195486505329364206e+02,1.306176424544462922e+00
4.400000000000002798e-01,-6.460184284418853118e-02,1.345219562319604822e+00,-1.388434161172242227e+02,1.207000964239067997e+00
4.450000000000002842e-01,-5.735565220773445466e-02,1.505416747894629870e+00,1.103288334504329384e+02,1.394869131650955163e+00
4.500000000000002887e-01,-5.031986523002349859e-02,1.347296865814625599e+00,-1.206761621492778289e+02,1.269720560978538915e+00
4.550000000000002931e-01,-4.318470411386467894e-02,1.458415742603874410e+00,9.706710278839747730e+01,1.429447785625480138e+00
4.600000000000002975e-01,-3.668407253056352180e-02,1.230120347354458188e+00,-7.750734137507336641e+01,1.258643787829745619e+00
4.650000000000003020e-01,-3.080154885156690184e-02,1.113451156723975100e+00,-1.390811535843161728e+01,1.335143071550336291e+00
4.700000000000003064e-01,-2.598407348980708714e-02,8.249209848658480837e-01,-1.392793775088814812e+02,1.202689938110313772e+00
4.750000000000003109e-01,-2.296974488357619512e-02,4.382884842634978684e-01,-4.137813632160774091e+01,1.436421183043819827e+00
4.800000000000003153e-01,-2.303349750121248124e-02,-3.219792838857021833e-01,-2.105137292624588952e+02,1.559630591484620465e+00
4.850000000000003197e-01,-2.587519154610326902e-02,-4.271565457555242529e-01,-1.622922409985514207e+02,1.802444098706223130e+00
4.900000000000003242e-01,-2.932756433249608663e-02,-8.082038847333360421e-01,-2.815547449491805310e+02,1.876404445636582929e+00
4.950000000000003286e-01,-3.277099710544952027e-02,-5.603958359698437697e-01,1.796997236715417614e+02,2.240365054761078056e+00
5.000000000000003331e-01,-3.596974691719014017e-02,-4.048979357130015888e-01,3.475406026125702965e+02,2.254305191266487540e+00
5.050000000000003375e-01,-3.907758136782538139e-02,-7.879304288538522272e-01,-2.564882146815078841e+02,2.374088188751212414e+00
5.100000000000003419e-01,-4.118076915734395632e-02,-3.218585093585356605e-01,5.223058581100813171e+02,2.586614906459383079e+00
5.150000000000003464e-01,-4.294253646413243725e-02,-4.700263540440610122e-01,-2.112535321700284499e+02,2.471098202948609934e+00
5.200000000000003508e-01,-4.549104926745947686e-02,-8.699795728120770510e-01,-3.191107613221506654e+02,2.687399331956639159e+00
5.250000000000003553e-01,-4.731635895000057407e-02,6.676209237146449316e-02,9.966979756541069264e+02,3.137216109673988562e+00
5.300000000000003597e-01,-4.928339938400072562e-02,-3.232097314024682810e-01,-2.848358965055567751e+02,2.639913952725313706e+00
5.350000000000003642e-01,-5.142650201515416852e-02,-2.446888392416525504e-01,-1.099669985689496627e+02,2.921024288178876382e+00
5.400000000000003686e-01,-5.402747383121325742e-02,-6.927951747968631446e-01,-1.398168002901284410e+02,3.196626000397510214e+00
5.450000000000003730e-01,-5.664609198296784859e-02,-4.428590292331517908e-01,9.726878277514116178e+01,3.555057117931331057e+00
5.500000000000003775e-01,-5.775447877226747712e-02,-2.078081093785434930e-01,-4.825695531016629047e+01,3.383631741526644365e+00
5.550000000000003819e-01,-5.844485887909106614e-02,-7.978761391184571727e-02,6.986269898861210947e+01,3.498130201865259359e+00
5.600000000000003864e-01,-5.982571121958824012e-02,-3.405421006873907142e-01,5.181956231072653907e+01,3.747082884273382763e+00
5.650000000000003908e-01,-6.259343526456592754e-02,-5.171377117003613799e-01,4.166361513337764677e+01,3.881345509778380443e+00
5.700000000000003952e-01,-6.422910474333679010e-02,-3.165180904502355452e-01,-2.232042951232565642e+01,3.911534660036711575e+00
5.750000000000003997e-01,-6.628862538642707469e-02,-4.732391970194426700e-01,-1.672066457884337751e+02,4.111189020917332293e+00
5.800000000000004041e-01,-6.805512449534523167e-02,-2.843911896099985959e-01,5.232279894723431113e+01,4.220198179747028711e+00
5.850000000000004086e-01,-6.954157740308954117e-02,-3.848848939450213447e-01,-2.719459569726490145e+02,4.398153178576728273e+00
5.900000000000004130e-01,-7.057680335815770534e-02,-2.240139126759754448e-02,1.573714696883327520e+02,4.390564141616773775e+00
5.950000000000004174e-01,-7.064744155109013712e-02,-4.529092991002882373e-02,-2.272807031996840976e+02,4.225620605985101363e+00
6.000000000000004219e-01,-7.063185938822855170e-02,2.032526275409038408e-01,2.323997836284552534e+02,3.880252604514437653e+00
6.050000000000004263e-01,-7.026596092666682891e-02,1.294176710909871186e-01,-2.001408117934802178e+01,3.231067205249309460e+00
6.100000000000004308e-01,-6.942513006382657059e-02,-4.519117579983602390e-02,-3.100342424587158234e+02,2.069416612359864960e+00
6.150000000000004352e-01,-6.861166440275959233e-02,1.682996862037819674e-01,-6.600463712898007884e+01,1.220814071318093941e+00
6.200000000000004396e-01,-6.806409453841932855e-02,9.202272955117425657e-02,7.631606730073184508e+01,4.580210728439339518e-01
6.250000000000004441e-01,-6.814313548876295423e-02,-9.574556339472063693e-02,-9.439523596846271403e+01,-2.873355122761689362e-01
6.300000000000004485e-01,-6.860648342196361271e-02,-9.811425717477439967e-02,4.224731449109041392e+01,-1.340256777239857477e+00
6.350000000000004530e-01,-6.987886821257324743e-02,-1.016256677636354633e+00,-1.056762999020767438e+03,-2.261979793134423211e+00
6.400000000000004574e-01,-6.932108485228050121e-02,3.500080195374982162e-01,1.111235578151868822e+03,-1.903972628381235710e+00
6.450000000000004619e-01,-7.006884380604276596e-02,2.837967103699368665e-01,-8.494430760230742408e+02,-2.152398026472764236e+00
6.500000000000004663e-01,-7.132371163605369380e-02,-2.159423434319525992e+00,-1.968672866461643707e+03,-1.165583976483564932e+00
6.550000000000004707e-01,-7.031272903932073159e-02,1.856180095086702730e-01,8.310341157394293532e+02,-1.108354147732252049e+00
6.600000000000004752e-01,-7.040363502140065122e-02,4.402269406753620551e-01,1.170427698880224170e+03,-2.824873100106636059e+00
6.650000000000004796e-01,-7.323186076718832260e-02,-1.177983018560810446e+00,-8.282972608774219907e+02,-4.107129800905452655e+00
6.700000000000004841e-01,-7.893188835483713750e-02,-2.014086450710361298e+00,-1.410537844152581329e+03,-4.797800521285575215e+00
6.750000000000004885e-01,-7.717039961072888477e-02,3.782056867378769671e-01,4.573424439811223579e+02,-4.756451768224795096e+00
6.800000000000004929e-01,-7.634787850617892613e-02,4.979284142902067889e-01,8.427333663747364199e+02,-4.777649775732225379e+00
6.850000000000004974e-01,-7.145867970139593850e-02,2.539706279130979460e+00,1.834273474394555706e+03,-5.497733442346869559e+00
6.900000000000005018e-01,-6.435008923857406249e-02,1.046275882603522778e+00,-3.790420127538341148e+02,-6.498177954119734423e+00
6.950000000000005063e-01,-5.649698124170796781e-02,1.560996574148921345e+00,4.385413634968572296e+02,-6.438336544725341781e+00
7.000000000000005107e-01,-4.977098462804192824e-02,1.525768072642377682e+00,2.880441768578277384e-01,-6.898948631630288375e+00
7.050000000000005151e-01,-4.258592990988276095e-02,1.482121742196198966e+00,1.141020304501970450e+01,-7.213448865278514255e+00
7.100000000000005196e-01,-3.513642879736074420e-02,1.536886607570841168e+00,-1.469672717102799595e+02,-7.519072854811860829e+00
7.150000000000005240e-01,-2.764831998622351711e-02,1.626720583385291352e+00,7.068889453730304240e+01,-7.446544666348923869e+00
7.200000000000005285e-01,-1.995377084002657522e-02,1.804293449508850511e+00,4.650924611704747349e+02,-7.726682971829258229e+00
7.250000000000005329e-01,-1.445698475227476416e-02,5.059427756857671765e-01,-1.104806598843830443e+03,-7.866687909445525761e+00
7.300000000000005373e-01,-7.893726828655873301e-03,1.522051456967047356e+00,2.854811880581063406e+02,-7.715114018682120545e+00
7.350000000000005418e-01,-1.933192956492645964e-03,1.508216663963847681e+00,5.355129984312734450e+02,-7.797331569723025879e+00
7.400000000000005462e-01,5.819611699335494603e-03,5.090185125920387854e-01,-1.084246396342666912e+03,-8.396473942707162408e+00
7.450000000000005507e-01,1.169902560989631232e-02,1.347673458514237144e+00,1.153963552187296671e+02,-7.251062339073677698e+00
7.500000000000005551e-01,1.810781985602857511e-02,1.422568184729026797e+00,-2.115050595340714068e+01,-6.513004534532713663e+00
7.550000000000005596e-01,2.355965918054626559e-02,1.226900135406759462e+00,2.003902374608936157e+02,-5.760712086737647120e+00
7.600000000000005640e-01,2.900314411136910991e-02,1.162790981831961057e+00,1.954447457921013154e+02,-5.729212867727165204e+00
7.650000000000005684e-01,3.398528208295233111e-02,9.876093063536302008e-01,2.455924375079722921e+01,-5.875668640747778504e+00
7.700000000000005729e-01,3.771856117538539832e-02,4.932000790881513330e-01,-2.852714209879694636e+02,-5.879605485306558244e+00
7.750000000000005773e-01,4.070788716314797939e-02,4.461502028525880514e-01,-2.070817738048953629e+02,-5.818903115851512098e+00
7.800000000000005818e-01,4.350696445614652547e-02,3.262673683921867296e-01,-2.640845273128110193e+02,-5.737615139165421319e+00
7.850000000000005862e-01,4.631149510830046695e-02,2.332345307577145810e-01,-2.964270803847765023e+02,-5.625265980823757062e+00
7.900000000000005906e-01,4.866149548792964019e-02,1.545413067963391784e-01,-3.444389444067143700e+02,-5.469054748183237002e+00
7.950000000000005951e-01,5.073446658386323443e-02,1.061918837173918273e-01,-3.374250067615380999e+02,-5.286357898528600607e+00
8.000000000000005995e-01,5.285468877106891394e-02,5.996091898172127843e-01,4.813504169482038151e+02,-4.957234958250859691e+00
8.050000000000006040e-01,5.427859029197455026e-02,5.701315590177192805e-01,5.335343358223093446e+02,-4.767627002443532547e+00
8.100000000000006084e-01,5.558858631751958240e-02,2.097722193240179611e-01,1.714882890231301360e+02,-4.590821588530099362e+00
8.150000000000006128e-01,5.711285225988859543e-02,3.185560248654194515e-01,1.156257177283386568e+02,-4.577924986693009402e+00
8.200000000000006173e-01,5.869587987773271232e-02,3.604798323857442699e-01,1.854100149087169882e+02,-4.385063900325408603e+00
8.250000000000006217e-01,6.053834787145529611e-02,5.925115295774021629e-01,4.352168402760647723e+02,-4.273515247877639922e+00
8.300000000000006262e-01,6.230633783019513816e-02,3.453904954741207067e-01,1.445723595552993856e+02,-4.184273992458936497e+00
8.350000000000006306e-01,6.400409391594813480e-02,3.727646750807852016e-01,1.507781085128962673e+02,-4.216719830029599159e+00
8.400000000000006350e-01,6.573929248343957088e-02,6.337535766712627527e-01,5.256707806441670527e+02,-4.085364818064617154e+00
8.450000000000006395e-01,6.704342717494089776e-02,4.762492891340989187e-01,-4.899559358631368866e+01,-4.219877235742531596e+00
8.500000000000006439e-01,6.858933014148960172e-02,5.416174597335366991e-01,2.582769154534019549e+02,-4.198105111148053403e+00
8.550000000000006484e-01,6.994931603873842663e-02,4.933617528951827480e-01,2.522937627417787780e+02,-4.061574687041560772e+00
8.600000000000006528e-01,7.152913441321205601e-02,3.170528619850883079e-01,-1.454061826925754985e+02,-4.280521698401298814e+00
8.650000000000006573e-01,7.405408882173326879e-02,4.712179104753548842e-01,-1.489604198376142961e+02,-3.984250116288465815e+00
8.700000000000006617e-01,7.649680487976368015e-02,3.213579099630203828e-02,-5.702035389091886373e+02,-4.031992342573382793e+00
8.750000000000006661e-01,7.969466791489883406e-02,7.361010525195710308e-01,8.510634538217281886e+01,-3.586891028626791655e+00
8.800000000000006706e-01,8.256500395235559508e-02,6.863847561381966056e-01,2.225581578983750717e+02,-2.878467298608546443e+00
8.850000000000006750e-01,8.577051695350149108e-02,6.468648137810822929e-01,6.369144749434673969e+01,-1.676429257362995529e+00
8.900000000000006795e-01,8.856178771949310691e-02,4.852974461581497923e-01,-9.266761231687785028e+01,-6.344441093685847521e-01
8.950000000000006839e-01,8.960430767730888368e-02,1.442310248134282824e-01,1.205637478233542623e+02,4.365905465387203699e-01
9.000000000000006883e-01,8.773570072798966835e-02,-6.405536839810942462e-01,-2.706016667164524847e+02,4.730608922219692314e-01
9.050000000000006928e-01,8.186531492932537513e-02,-1.404916727995469961e+00,5.026202564429462427e+01,4.366398453973753258e-01
9.100000000000006972e-01,7.133238728630066083e-02,-2.448968139048301129e+00,-2.743904472384897417e+02,9.581969941145873637e-02
9.150000000000007017e-01,5.733347476576559909e-02,-2.968738332237668587e+00,4.839331602825444634e+01,2.214853656937776361e-01
9.200000000000007061e-01,4.071921548564693544e-02,-3.539339663635169941e+00,-1.926469279417362941e+02,2.617055045205591846e-01
9.250000000000007105e-01,2.322432565808585023e-02,-3.373697634963757519e+00,1.907630766088751955e+02,6.663392009793396298e-01
9.300000000000007150e-01,5.732068679959184329e-03,-3.544608267472300955e+00,-1.445703783275083936e+02,7.893775147939084968e-01
9.350000000000007194e-01,-1.080638155138794604e-02,-3.125830429665464649e+00,1.810924088830793721e+02,1.005045671523501438e+00
9.400000000000007239e-01,-2.656748389390368309e-02,-3.130022095820500727e+00,-6.778770722831299445e+00,1.109075507964627283e+00
9.450000000000007283e-01,-4.068394166744884050e-02,-2.629888822766038192e+00,2.254187166078629332e+02,1.171934629316440324e+00
9.500000000000007327e-01,-5.403920247336244792e-02,-2.616395676735234765e+00,-1.070193259784032591e+02,1.143856542894017725e+00
9.550000000000007372e-01,-6.575342128761001159e-02,-2.219080130751977631e+00,1.394971914700476816e+02,1.321704154541593956e+00
9.600000000000007416e-01,-7.657168470685038475e-02,-2.139533418998747827e+00,-1.191016465795416366e+02,1.161534103729392919e+00
9.650000000000007461e-01,-8.591914386292717754e-02,-1.668654149079370708e+00,2.426351330917024427e+02,1.398239599027978119e+00
9.700000000000007505e-01,-9.442135064653114918e-02,-1.720182881976915157e+00,-1.643356394066307757e+02,1.226858831093280866e+00
9.750000000000007550e-01,-1.015269984893036187e-01,-1.245121064848573100e+00,2.231274680945042235e+02,1.412691086423678355e+00
9.800000000000007594e-01,-1.080940583389315424e-01,-1.311106672493553615e+00,-1.294162376744744449e+02,1.229193111435572749e+00
9.850000000000007638e-01,-1.134474925337466411e-01,-9.176915041363568060e-01,2.261932401301828008e+02,1.456399793469562276e+00
9.900000000000007683e-01,-1.184696174002314306e-01,-1.030117149258146680e+00,-1.433640605894069324e+02,1.230982175955284141e+00
9.950000000000007727e-01,-1.225182441988328652e-01,-6.765890313559163038e-01,2.090815692535858830e+02,1.462054037506818283e+00
1.000000000000000666e+00,-1.264558872695261127e-01,-8.074313767467096170e-01,-1.043087466331879938e+02,1.262653669235339393e+00
1.005000000000000560e+00,-1.296008100815256581e-01,-5.100387137305546492e-01,2.103511205701981908e+02,1.490645144429320057e+00
1.010000000000000453e+00,-1.327362625015734432e-01,-6.193050497375368613e-01,-7.591059239666575920e+00,1.327723625012417141e+00
1.015000000000000346e+00,-1.354165774588522164e-01,-4.957318429338924415e-01,5.558042771617370903e+01,1.468857433733181228e+00
1.020000000000000240e+00,-1.377369974686429577e-01,-5.563311262244580169e-01,-1.394050449408127292e+02,1.391406677864401198e+00
1.025000000000000133e+00,-1.397041735216487113e-01,-2.824974440613636784e-01,1.604929868079722155e+02,1.535144274227906225e+00
1.030000000000000027e+00,-1.417619280678234228e-01,-5.439024103715847103e-01,-2.119015853483377896e+02,1.346768955987712291e+00
1.034999999999999920e+00,-1.435872903947693624e-01,-3.424359979798548559e-01,-5.643817093079602998e+00,1.586752674130824881e+00
1.039999999999999813e+00,-1.451680790875207738e-01,-2.541645195810772195e-01,1.340548575695688385e+02,1.591830766415311516e+00
1.044999999999999707e+00,-1.469335065408163554e-01,-3.394175550209705960e-01,9.575559178474230748e+01,1.586429676658635213e+00
1.049999999999999600e+00,-1.486676556630114054e-01,-3.619324319798269407e-01,-9.345098680736640517e+01,1.497118244097694673e+00
1.054999999999999494e+00,-1.503072376100296759e-01,-3.507183522578136148e-01,1.123162107678480055e+02,1.686733438666242035e+00
1.059999999999999387e+00,-1.525373224470531197e-01,-3.519799624377158986e-01,1.275040868532481539e+02,1.574720054906624478e+00
1.064999999999999281e+00,-1.544680588820270539e-01,-4.271752809384117278e-01,-1.028333988412766047e+02,1.318245110225038097e+00
1.069999999999999174e+00,-1.559920514767911548e-01,-2.652856630211911093e-01,5.550493307714530999e+01,1.340966868889677643e+00
1.074999999999999067e+00,-1.567723232361864505e-01,1.255652459320974988e-02,1.875563327255965476e+02,1.209139118097085186e+00
1.079999999999998961e+00,-1.572208417240543166e-01,-9.589144926273418523e-02,-7.625603888464600288e+01,9.181747350752417214e-01
1.084999999999998854e+00,-1.568025611341891390e-01,2.043060573129179547e-01,1.453361449739501268e+02,1.065963179312527043e+00
1.089999999999998748e+00,-1.555975217565966628e-01,2.053486385537645620e-01,-1.400261114676950740e+02,9.249581260502559577e-01
1.094999999999998641e+00,-1.528956770099510198e-01,7.033708812261316723e-01,1.502827408084175431e+02,1.077782865489800068e+00
1.099999999999998535e+00,-1.492421809599291938e-01,7.112704597802270712e-01,-1.471321259217486670e+02,8.526994849835266566e-01
1.104999999999998428e+00,-1.448682900699444498e-01,9.611580423691158392e-01,1.014651418923509283e+02,9.127753138229194318e-01
1.109999999999998321e+00,-1.401023949468033214e-01,9.302549027622780686e-01,-8.349572693418919300e+01,7.404890747042942589e-01
1.114999999999998215e+00,-1.349199011121074987e-01,1.086495501881827641e+00,9.163432743642961498e+01,8.379716058319388594e-01
1.119999999999998108e+00,-1.296293100732950343e-01,1.011401229575727090e+00,-1.034944148824186669e+02,7.731478257918431574e-01
1.124999999999998002e+00,-1.240108464789173720e-01,1.168687267964477083e+00,9.263696252469756587e+01,8.013653353097102139e-01
1.129999999999997895e+00,-1.184705573141386220e-01,1.052763157001667338e+00,-1.097742053328055505e+02,7.353876698298632553e-01
1.134999999999997788e+00,-1.125267379628904912e-01,1.251214875729068643e+00,1.011687110455726071e+02,9.024501513641003392e-01
1.139999999999997682e+00,-1.065890676431010958e-01,1.140361189779952156e+00,-9.358959297651630038e+01,7.135096220330588990e-01
1.144999999999997575e+00,-1.004223123446116445e-01,1.281577417067797819e+00,1.028317665581023306e+02,8.969669841393672627e-01
1.149999999999997469e+00,-9.399838281185907141e-02,1.244086855326066443e+00,-1.069838680896362177e+02,8.445863819693076868e-01
1.154999999999997362e+00,-8.715399956703126505e-02,1.410611490291300063e+00,8.699915169638065038e+01,8.396249056728593008e-01
1.159999999999997256e+00,-8.036738860642189675e-02,1.301203723205940799e+00,-1.049474574554017039e+02,7.742950067070921705e-01
1.164999999999997149e+00,-7.319516955697581706e-02,1.481799257838316342e+00,8.484293843146802772e+01,9.353267986744381313e-01
1.169999999999997042e+00,-6.615106914202920074e-02,1.349967495686697827e+00,-9.289281050711775833e+01,6.844374940515816075e-01
1.174999999999996936e+00,-5.912279864365683341e-02,1.434545873099636326e+00,9.337643639772765880e+01,8.722435925533413847e-01
1.179999999999996829e+00,-5.225197038848693881e-02,1.291746574254647228e+00,-1.304642252240606126e+02,7.373755703259728955e-01
1.184999999999996723e+00,-4.555849966586032751e-02,1.332912472054269548e+00,6.020791336938588501e+01,6.777389800759858751e-01
1.189999999999996616e+00,-4.680645437300729600e-02,-2.479867647798218167e-01,-7.821204896120077876e+01,1.424687984541965768e+00
1.194999999999996509e+00,-4.846190182291489762e-02,-5.047769669244936974e-01,-4.895616322842103330e+01,1.154917812457708859e+00
1.199999999999996403e+00,-5.099611640823761144e-02,-4.501243490306212625e-01,-4.846793009993435817e+02,3.087887210722511377e-01
1.204999999999996296e+00,-5.375579237439104957e-02,-6.150533284796645406e-01,-7.073509311101390722e+02,4.367901212526613119e-01
1.209999999999996190e+00,-5.662171204307857308e-02,-6.128299386342388466e-01,-8.383241028597794866e+02,7.472972623365861100e-01
1.214999999999996083e+00,-6.012218573319678960e-02,-7.524312714918307554e-01,-3.928395507152467871e+02,1.606259219404251981e+00
1.219999999999995977e+00,-6.229672143357097708e-02,-3.710372087924831974e-01,-1.024814439181029911e+03,1.442540626478471921e+00
1.224999999999995870e+00,-6.564851813712258011e-02,6.036610690166092225e-02,1.643832000336069086e+03,2.648516760030093842e+00
1.229999999999995763e+00,-7.124782480612117108e-02,-1.811622344709731269e+00,-7.539664432572521946e+02,2.033861849846577918e+00
1.234999999999995657e+00,-7.621764211259760002e-02,-1.848386608837933265e+00,-9.401155409940225809e+02,2.254200253041601876e+00
1.239999999999995550e+00,-8.104352587406465913e-02,-1.071144080247075747e+00,-5.200922683096078458e+01,8.824991978786143054e-01
1.244999999999995444e+00,-8.625536272294734297e-02,-1.222135505095069297e+00,-1.117078167478008709e+03,-3.557942031299326513e-01
1.249999999999995337e+00,-8.858095636909485426e-02,-1.454741451278979969e-01,8.419256940092458308e+02,-8.315536581509962444e-01
1.254999999999995230e+00,-9.164580193265370323e-02,-1.037577017426895010e+00,-1.168687952663284022e+03,-2.224610039833470942e+00
1.259999999999995124e+00,-9.215580056588935920e-02,4.535315147002725311e-01,1.240187547807912551e+03,-2.276208111001239320e+00
1.264999999999995017e+00,-9.349231316623791976e-02,-7.568550401677236472e-01,-1.188441858537768894e+03,-3.155861299832503519e+00
1.269999999999994911e+00,-9.298446763230090728e-02,6.708906688335103397e-01,1.335518164384445754e+03,-2.893941204318066340e+00
1.274999999999994804e+00,-9.351701865406437941e-02,-6.493594946077441143e-01,-1.293156192497199299e+03,-3.710641441169702404e+00
1.279999999999994698e+00,-9.236631625014075919e-02,8.365631808768054789e-01,1.447777517550138782e+03,-3.337215509498715260e+00
1.284999999999994591e+00,-9.257775980706396679e-02,-6.401947911755855314e-01,-1.380345677475261482e+03,-4.259443182980131581e+00
1.289999999999994484e+00,-9.118519963455916366e-02,8.977746996480858721e-01,1.488348762489835735e+03,-3.776212118393096340e+00
1.294999999999994378e+00,-9.135340528225406598e-02,-6.762936186483373691e-01,-1.485410783740255056e+03,-4.703352893796009404e+00
1.299999999999994271e+00,-8.980011806274304509e-02,9.771372072708137679e-01,1.615884991076746473e+03,-4.163288616305456102e+00
1.304999999999994165e+00,-9.005947761875253421e-02,-7.324649834320114961e-01,-1.585078255711417341e+03,-5.241018378466631766e+00
1.309999999999994058e+00,-8.833881913769323080e-02,1.032017000716171529e+00,1.694914296553174836e+03,-4.553659401223897341e+00
1.314999999999993952e+00,-8.858740827736398538e-02,-7.244762847966910169e-01,-1.575045218193393794e+03,-5.673325202298330261e+00
1.319999999999993845e+00,-8.651507476929425067e-02,1.145207561518989836e+00,1.757769301571023107e+03,-4.985919540736259314e+00
1.324999999999993738e+00,-8.637323686287824709e-02,-6.748309489626546087e-01,-1.658539090409788287e+03,-6.205839499657737512e+00
1.329999999999993632e+00,-8.377412955783776483e-02,1.272195543638751092e+00,1.794493265662382100e+03,-5.373413981259945515e+00
1.334999999999993525e+00,-8.315490509861087065e-02,-5.793057360136099065e-01,-1.619936778122736996e+03,-6.469823955320255671e+00
1.339999999999993419e+00,-8.032513264141857845e-02,1.339019833182519825e+00,1.814992405707396529e+03,-5.720348315774356429e+00
1.344999999999993312e+00,-7.953221395487594658e-02,-5.724462480598426772e-01,-1.704011360768694885e+03,-6.770787616351706006e+00
1.349999999999993205e+00,-7.618840261344980713e-02,1.447668203895615013e+00,1.875595947988181024e+03,-6.023139264520593450e+00
1.354999999999993099e+00,-7.486590374725846098e-02,-4.052418761108175227e-01,-1.579029520423757276e+03,-7.053516171139080804e+00
1.359999999999992992e+00,-7.129056209072748285e-02,1.399573661054318352e+00,1.637772195612076302e+03,-6.218365619904805186e+00
1.364999999999992886e+00,-6.976847086929253983e-02,-4.990498677752162049e-01,-1.915938944419922336e+03,-7.367589407822165981e+00
1.369999999999992779e+00,-6.553617206144754515e-02,1.675495759067186174e+00,2.017213033070177744e+03,-6.422676654629392523e+00
1.374999999999992673e+00,-6.401790573245398630e-02,-4.791940790436288733e-01,-1.835810461342661029e+03,-7.418687451487660844e+00
1.379999999999992566e+00,-5.902672937087875826e-02,1.678502353235784339e+00,1.658344851840964566e+03,-6.777995087465376045e+00
1.384999999999992459e+00,-5.702701166909059788e-02,-1.488546570559975690e-01,-1.454263660984503304e+03,-7.616856965333034246e+00
1.389999999999992353e+00,-5.104823104154556507e-02,1.950702456686597364e+00,1.794603956486361994e+03,-6.904548303091328165e+00
1.394999999999992246e+00,-4.903847845687517304e-02,-1.324066418584373961e-01,-1.564372207826886552e+03,-7.704552776285294335e+00
1.399999999999992140e+00,-4.287153118586092826e-02,1.667267185052297984e+00,1.634097058515613298e+03,-7.027028820254480834e+00
1.404999999999992033e+00,-3.985203290743230542e-02,4.042947964778844105e-01,-1.229337699625560163e+03,-7.895349496890620600e+00
1.409999999999991926e+00,-3.446252389874851496e-02,1.067243937252088992e+00,1.071435596311403060e+03,-6.422707197884816033e+00
1.414999999999991820e+00,-3.098824107948119910e-02,1.492211322494875481e-01,-1.967665801867052778e+03,-7.240776429533863912e+00
1.419999999999991713e+00,-2.722002079639694247e-02,1.266269853949063329e+00,1.952657147581328218e+03,-5.605980857982519439e+00
1.424999999999991607e+00,-2.401229760483589160e-02,8.832909541055228297e-02,-1.709743251211579945e+03,-6.904163276968003693e+00
1.429999999999991500e+00,-2.190147549167233837e-02,1.014505802915236288e+00,1.736347159028761553e+03,-5.609691582615424110e+00
1.434999999999991394e+00,-1.938220160989462260e-02,-3.728250316499105987e-01,-1.936858713489036063e+03,-6.744616579050247474e+00
1.439999999999991287e+00,-1.825057683533251596e-02,1.168957369845569527e+00,2.062127838949051238e+03,-5.470904565858791813e+00
1.444999999999991180e+00,-1.714514551162393818e-02,-5.629840816064326514e-01,-1.320593423732152814e+03,-6.354865937289841504e+00
1.449999999999991074e+00,-1.661691957801399167e-02,1.296563551840964168e+00,1.841956094454778622e+03,-5.496316415696913538e+00
1.454999999999990967e+00,-1.817449898355365939e-02,-1.458747798615406710e+00,-1.618818436558786061e+03,-5.800823249089587463e+00
1.459999999999990861e+00,-1.701773814361764656e-02,6.245890163959799679e-01,1.047037470669748700e+03,-5.075301678337581279e+00
1.464999999999990754e+00,-1.943181004850076665e-02,-7.657695861409128391e-01,-8.694293420799834848e+02,-5.435196595356592830e+00
1.469999999999990647e+00,-1.904661925936529387e-02,-3.522533756813786554e-02,-1.279690462720269863e+02,-5.106307591525431455e+00
1.474999999999990541e+00,-1.962215194667005919e-02,3.210438195419216822e-01,9.577929433827138155e+02,-4.825787233681119837e+00
1.479999999999990434e+00,-2.119223089184998909e-02,-1.231516760496103924e+00,-1.234561597489865562e+03,-5.084259373551462069e+00
1.484999999999990328e+00,-2.173660184628321487e-02,-6.140439061981352031e-01,-6.612728604749986516e+02,-5.018757037642373575e+00
1.489999999999990221e+00,-2.125566902016252924e-02,9.106725339192951740e-02,-2.212793206655751987e+02,-4.945689260861823477e+00
1.494999999999990115e+00,-2.024132092187303639e-02,2.672022334512617059e-01,-8.613146214466545416e+02,-5.470433680333318449e+00
1.499999999999990008e+00,-1.938787707720633982e-02,4.423321924041461739e-01,6.365063823478043332e+02,-4.577425997400675683e+00
1.504999999999989901e+00,-1.922113768981868059e-02,-1.818891687121959588e-01,-2.119951174501383093e+02,-4.867536742379872550e+00
1.509999999999989795e+00,-1.884838855744591646e-02,1.217982728582552195e-02,-5.227234243547623009e+02,-4.774142934709274755e+00
1.514999999999989688e+00,-1.917656368335306227e-02,4.617218154032600719e-01,1.295555359641413133e+03,-4.117859119907320675e+00
1.519999999999989582e+00,-1.769585320815926857e-02,6.513828151177718517e-01,8.924475413223083251e+02,-4.422035313555191749e+00
1.524999999999989475e+00,-1.762466790149310944e-02,-1.929951947294622772e-01,-2.438270985459070062e+02,-4.659718880720006950e+00
1.529999999999989369e+00,-1.718814170381177675e-02,2.035689754853665587e-02,-4.627075118895604078e+02,-4.519833569379348326e+00
1.534999999999989262e+00,-1.728384368873276192e-02,3.431566057496044930e-01,8.258209884289668707e+02,-4.077954161084475615e+00
1.539999999999989155e+00,-1.704080816068092794e-02,9.067771805892376191e-01,1.172576738892475532e+03,-4.176601846563281484e+00
1.544999999999989049e+00,-1.680165950279397316e-02,-2.054884514502335058e-01,-2.866358207729795708e+02,-4.476547989483119494e+00
1.549999999999988942e+00,-1.611769796318528181e-02,9.706368035655815740e-02,-4.016506656236150548e+02,-4.346907617877290519e+00
1.554999999999988836e+00,-1.596648822688428310e-02,2.902321408497843258e-01,6.405243746569345831e+02,-3.984577390382767259e+00
1.559999999999988729e+00,-1.639366694028683569e-02,4.595619116537046911e-01,7.777432714801616385e+02,-3.914223673715815810e+00
1.564999999999988622e+00,-1.608334549502958566e-02,1.124819926727788078e-01,1.738319074492346061e+01,-4.256153026652134130e+00
1.569999999999988516e+00,-1.548500278276266837e-02,-1.316204641717994839e-01,-3.522129245272501521e+02,-4.173619953496264579e+00
1.574999999999988409e+00,-1.437659701757580330e-02,1.827956215126154416e-01,-4.112907297551058718e+02,-4.312666418862519002e+00
1.579999999999988303e+00,-1.390232752880421994e-02,7.236241202013845575e-01,1.409887780345557530e+03,-3.539153225702910355e+00
1.584999999999988196e+00,-1.197036152830066244e-02,5.216050912826555308e-01,4.899955843881829196e+02,-4.088798839937001439e+00
1.589999999999988090e+00,-1.117232154235197478e-02,-2.090195023172359556e-01,-5.008094201407174637e+02,-4.057558626916710764e+00
1.594999999999987983e+00,-9.586188764360964107e-03,2.884542069755229865e-01,-3.984200729078004315e+02,-4.230627341735258007e+00
1.599999999999987876e+00,-8.447222941124163734e-03,7.469823539659860012e-01,1.120658410841837622e+03,-3.629793207023804591e+00
1.604999999999987770e+00,-7.248500221579430754e-03,2.612155170677750715e-01,-4.680120137050050744e+01,-4.129118266831423689e+00
1.609999999999987663e+00,-5.569152016023263402e-03,1.784764939583936560e-01,-2.109442392105505917e+02,-4.035025464840930276e+00
1.614999999999987557e+00,-3.510420852248577039e-03,3.900144061230981785e-01,-2.657919192116890486e+02,-4.221733410163753142e+00
1.619999999999987450e+00,-1.520645525886859823e-03,7.127363955136680751e-01,6.671748259255924722e+02,-3.851442905076643441e+00
1.624999999999987343e+00,-1.927848884798581696e-04,-3.288341358403036319e-01,-7.750770731163316896e+02,-4.183378081247569824e+00
1.629999999999987237e+00,2.019247338273665645e-03,3.595414996781832184e-01,-4.623965402145728376e+02,-4.189046679354656355e+00
1.634999999999987130e+00,5.360828283963458424e-03,5.710255869151978914e-01,-2.619417219543166766e+02,-4.390445198975072572e+00
1.639999999999987024e+00,8.805315422915070342e-03,8.132266310159546041e-01,2.932199802367683219e+02,-4.164522412642554627e+00
1.644999999999986917e+00,1.177777475012512821e-02,4.533436664230280355e-01,-1.804884383848527705e+02,-4.141839607704483228e+00
1.649999999999986811e+00,1.546868230481944669e-02,8.175118824731364420e-01,-1.280521746917752246e+01,-3.731598365720536492e+00
1.654999999999986704e+00,1.892782349121129373e-02,7.249904864771598012e-01,6.342106417738924051e+01,-3.442632788389454745e+00
1.659999999999986597e+00,2.253367733073007376e-02,4.774139329852220004e-01,-3.617564996377730608e+02,-2.532293401821214651e+00
1.664999999999986491e+00,2.655142474101059372e-02,7.732171299163921319e-01,-2.209067853145392846e+01,-1.708797470631842064e+00
1.669999999999986384e+00,3.020590421251879640e-02,7.214952752100773914e-01,-3.798469713942995440e+01,-9.937678766985290624e-01
1.674999999999986278e+00,3.364148609188438721e-02,6.793641219645726315e-01,8.766336309135941463e+01,-2.270793092369014221e-01
1.679999999999986171e+00,3.627092987165397159e-02,5.315886592646198450e-01,-7.009652041575478165e+01,2.340326258353112032e-01
1.684999999999986064e+00,3.869044018935069440e-02,4.082593726769726539e-01,1.282548023588249819e+00,6.127320286720046028e-01
1.689999999999985958e+00,4.038128156562222071e-02,3.321961071948053013e-01,-8.044856802005568852e+01,6.403906598508092296e-01
1.694999999999985851e+00,4.215130916888789464e-02,3.841505292751572487e-01,8.311419059744413573e+01,6.484822222081243481e-01
1.699999999999985745e+00,4.369178533124607605e-02,3.005649047394124973e-01,1.140964906184580308e+01,7.334677782815542946e-01
1.704999999999985638e+00,4.488137446166218236e-02,2.719982485099423086e-01,9.430675871269971822e+01,7.042293511107359238e-01
1.709999999999985532e+00,4.570055148779668397e-02,1.015840956947570428e-01,-1.208382410177323862e+02,7.381437227902575282e-01
1.714999999999985425e+00,4.636783095919753961e-02,1.541281374848515184e-01,1.084015759664295615e+02,7.373162990669104300e-01
1.719999999999985318e+00,4.636027507752835813e-02,-9.800433745269916674e-02,-1.619268023938294903e+02,7.766242451935729818e-01
1.724999999999985212e+00,4.604500447677277453e-02,-4.789165655862962639e-02,1.263462463235585176e+02,8.015798921721860593e-01
1.729999999999985105e+00,4.481010857754575555e-02,-3.697365135541196834e-01,-1.948465464824206208e+02,8.223186740357246727e-01
1.734999999999984999e+00,4.310849094524842745e-02,-3.242464750206126012e-01,1.373279940319835930e+02,8.692144743460410439e-01
1.739999999999984892e+00,4.034731399503883181e-02,-6.898693510893046943e-01,-2.075136367921618330e+02,8.569825784334346164e-01
1.744999999999984786e+00,3.709571947111556939e-02,-6.266767630283243129e-01,1.420956783590902717e+02,9.003801601131379284e-01
1.749999999999984679e+00,3.276953703643536303e-02,-9.935199808996836301e-01,-2.009474803868391461e+02,8.507708108722269458e-01
1.754999999999984572e+00,2.800554540852320806e-02,-9.033942311023799299e-01,1.655060921184698657e+02,9.162640802968970988e-01
1.759999999999984466e+00,2.226510516360618100e-02,-1.265272143985626929e+00,-2.098137162298722558e+02,8.497659994374016090e-01
1.764999999999984359e+00,1.630985612902781379e-02,-1.168186908682400382e+00,1.313544448870686949e+02,8.969600519960069240e-01
1.769999999999984253e+00,9.520391722338723134e-03,-1.481283349984279685e+00,-2.228010861552169786e+02,8.036647723877059502e-01
1.774999999999984146e+00,2.699218462187023219e-03,-1.303977773893874703e+00,1.699337707530996511e+02,8.886914891809281070e-01
1.779999999999984039e+00,-4.754572069670254253e-03,-1.607071251686312374e+00,-2.216169910151137117e+02,8.128506784990104928e-01
1.784999999999983933e+00,-1.205793173434489655e-02,-1.380652763133785488e+00,1.859677256968255108e+02,9.199041555744230658e-01
1.789999999999983826e+00,-1.982571954082115034e-02,-1.655517687757753986e+00,-2.184220992813335727e+02,8.170381072641785813e-01
1.794999999999983720e+00,-2.728964127884781279e-02,-1.399316659312088262e+00,1.905957422984677976e+02,9.498759269350244283e-01
1.799999999999983613e+00,-3.508682596405641313e-02,-1.645016631038406230e+00,-2.076538551529130814e+02,8.260705969841429797e-01
1.804999999999983507e+00,-4.237118966708265655e-02,-1.326609197444865051e+00,2.187469305907607975e+02,8.729332996656120613e-01
1.809999999999983400e+00,-4.980473212889095086e-02,-1.505110589594240267e+00,-8.080068583660430193e+01,6.593721444506599472e-01
1.814999999999983293e+00,-5.640057520120728141e-02,-1.206324243102332661e+00,1.397121966042278132e+02,7.549048785984310284e-01
1.819999999999983187e+00,-6.266840820790996192e-02,-1.278369888726730075e+00,-1.520400661092460837e+02,5.687708076011799285e-01
1.824999999999983080e+00,-6.792337451335410392e-02,-9.057023173096603319e-01,2.395617292625931043e+02,7.125063566825391437e-01
1.829999999999982974e+00,-7.309059758658513484e-02,-1.077323007396367771e+00,-1.817731530260881812e+02,4.423573335550658459e-01
1.834999999999982867e+00,-7.750391127152435333e-02,-7.646359834533894562e-01,2.283039114914891456e+02,6.341513448394866526e-01
1.839999999999982760e+00,-8.202900774028479280e-02,-9.645552431024652096e-01,-1.874414961796879311e+02,3.823829749867456163e-01
1.844999999999982654e+00,-8.604181159963154857e-02,-7.032883310771080865e-01,2.189344447264025746e+02,5.901127862912749489e-01
1.849999999999982547e+00,-9.028073385757455493e-02,-9.186321206070979795e-01,-1.898948036958716443e+02,3.671708655329382065e-01
1.854999999999982441e+00,-9.416082064145568642e-02,-6.813286810209954192e-01,2.181348641713219649e+02,6.073160291726136251e-01
1.859999999999982334e+00,-9.836155172169723515e-02,-9.257078211666875944e-01,-2.023727547844750916e+02,3.969106604560436735e-01
1.864999999999982228e+00,-1.025798610522614257e-01,-8.055625696932340318e-01,2.421319500994035678e+01,6.453379370073368815e-01
1.869999999999982121e+00,-1.066618854291744301e-01,-8.116952607911933626e-01,1.372616214763259279e+01,5.655973793359821977e-01
1.874999999999982014e+00,-1.110799425493631531e-01,-7.792906452003099949e-01,2.086439798629843949e+02,7.668999499572799472e-01
1.879999999999981908e+00,-1.155835024930255556e-01,-9.773597909108442394e-01,-1.967790585163403705e+02,6.786703245483831637e-01
1.884999999999981801e+00,-1.196117032981621892e-01,-6.948000869683735869e-01,2.145912256264857660e+02,1.002877427583047210e+00
1.889999999999981695e+00,-1.241448306311845329e-01,-8.798623698652224823e-01,2.873990155193001073e+01,8.510289119894278720e-01
1.894999999999981588e+00,-1.281944471355913051e-01,-7.654956303763132963e-01,2.154143366158655937e+01,1.120310361318890280e+00
1.899999999999981481e+00,-1.317839774818832799e-01,-8.367696834790278038e-01,-1.658897547995890989e+02,1.120312108951909025e+00
1.904999999999981375e+00,-1.342735893907459621e-01,-2.874129731823047429e-01,2.430526880336130660e+02,1.414372118679744439e+00
1.909999999999981268e+00,-1.359870742450949299e-01,-3.046449222061506368e-01,7.012752024450436750e+01,1.242832852351166695e+00
1.914999999999981162e+00,-1.363625528888686989e-01,4.874128305065907746e-02,3.834619094883357349e+01,1.535166030365969991e+00
1.919999999999981055e+00,-1.355045152139203457e-01,1.952505066900408481e-01,-8.734720467342566508e+01,1.535835954013897053e+00
1.924999999999980949e+00,-1.331012185394828684e-01,6.513981171063736308e-01,2.240099993075474742e+02,1.927267119917132066e+00
1.929999999999980842e+00,-1.302959474300008358e-01,6.349839292427099657e-01,6.335875242507525940e+01,1.728507757942309819e+00
1.934999999999980735e+00,-1.271779223717019458e-01,6.096777083256217367e-01,-4.576100379187853662e+01,2.003992622627391196e+00
1.939999999999980629e+00,-1.248760832155541289e-01,3.683886427980043177e-01,-1.232551825343766296e+02,2.115065815476901090e+00
1.944999999999980522e+00,-1.258468012210557929e-01,-7.205569162301977970e-01,-3.131861066170968115e+02,2.580692903479675948e+00
1.949999999999980416e+00,-1.298777625293683624e-01,-9.535232784508687054e-01,-9.201997705950237787e+02,2.278534712762497083e+00
1.954999999999980309e+00,-1.336427478775644995e-01,-1.045166848097213302e-01,1.212190751795104006e+03,2.920153473167008240e+00
1.959999999999980203e+00,-1.381485849519586417e-01,-1.486753266695106879e+00,-1.962424609582295034e+03,1.784437197672539055e+00
1.964999999999980096e+00,-1.393744184742476688e-01,4.517413452006776020e-01,1.890029838755005585e+03,2.546260357645871331e+00
1.969999999999979989e+00,-1.435595603523384112e-01,-1.724006987531483626e+00,-1.949788900364127812e+03,1.200841856959135867e-01
1.974999999999979883e+00,-1.479667887605227716e-01,-1.727781789637058696e-01,1.893315301118777143e+03,-3.255629853768826631e-01
1.979999999999979776e+00,-1.561997289635651542e-01,-2.639704072569851956e+00,-1.827374383428668125e+03,-2.843485499544183170e+00
1.984999999999979670e+00,-1.644766481348833020e-01,-9.706422203733993115e-01,1.760435772232448926e+03,-1.295643744562234190e+00
1.989999999999979563e+00,-1.767178291751276276e-01,-2.980654965422180336e+00,-1.525260950820340440e+03,-2.146822657925773203e+00
1.994999999999979456e+00,-1.856577964140851411e-01,-9.880955541609645065e-01,1.867616112031313378e+03,-2.021946552187972479e+00
1.999999999999979350e+00,-1.942160624496623023e-01,-2.206838798322741990e+00,-1.840865862835030612e+03,-3.617499589091316636e+00
2.004999999999979465e+00,-1.987210070297829312e-01,-2.331516964388097649e-02,2.144508703825644261e+03,-2.842493214392456835e+00
2.009999999999979359e+00,-2.033935190123134784e-01,-1.548690286796309712e+00,-1.901743004663426063e+03,-4.719423367624838050e+00
2.014999999999979252e+00,-2.049800603031874113e-01,4.479498895690259830e-01,2.079744214808421930e+03,-3.544883986397595610e+00
2.019999999999979146e+00,-2.071615334642887551e-01,-9.615095124882402366e-01,-1.784758724957017421e+03,-5.288282546748964030e+00
2.024999999999979039e+00,-2.069046938038968941e-01,5.760058340906942798e-01,1.921612975666485227e+03,-3.994695429786526919e+00
2.029999999999978932e+00,-2.060249674976710188e-01,-7.263469837069727597e-03,-1.325758985874304472e+03,-5.797782092813301702e+00
2.034999999999978826e+00,-2.049745374459980007e-01,7.185605789189900561e-01,2.033414144921330717e+03,-4.342295357195466110e+00
2.039999999999978719e+00,-2.022481375929093272e-01,-2.130082191926874480e-01,-2.291126393019298575e+03,-6.444618122797554527e+00
2.044999999999978613e+00,-2.016006248787653443e-01,-3.780899712691191406e-01,-1.325704442497613854e+03,-5.642062338650909226e+00
2.049999999999978506e+00,-1.994760689004258236e-01,6.837170783670918350e-01,1.806107776959215414e+02,-5.711932942579426076e+00
2.054999999999978400e+00,-1.980612166862513179e-01,3.794478922990968672e-01,5.378873726884919506e+02,-5.404970960094088284e+00
2.059999999999978293e+00,-1.972377868506634269e-01,-7.082598568530241723e-01,-1.515640168703686868e+03,-6.014869295916874137e+00
2.064999999999978186e+00,-1.956897327782021745e-01,8.318866804725154607e-01,4.938859002215302780e+02,-5.503072338247658735e+00
2.069999999999978080e+00,-1.967522395843946670e-01,4.167172928603620624e-02,1.465146948391969545e+03,-5.051819887083066618e+00
2.074999999999977973e+00,-1.960712461031860754e-01,-6.255758381545349911e-01,-1.522208422098053234e+03,-5.987278574795031005e+00
2.079999999999977867e+00,-1.951246024552029945e-01,8.677179095544077514e-01,8.501557348205724338e+02,-5.453819175416284359e+00
2.084999999999977760e+00,-1.965127423416754004e-01,5.011139338923010361e-02,1.183576746322354893e+03,-5.064683129919399285e+00
2.089999999999977653e+00,-1.969570522332230178e-01,-9.540875294524788774e-01,-1.692506951586956802e+03,-5.927239690882748491e+00
2.094999999999977547e+00,-1.941580153698189148e-01,6.099051176186692791e-01,6.624945678304372620e+01,-5.596428843280933485e+00
2.099999999999977440e+00,-1.928086064416554002e-01,-1.764742483396606609e-01,-8.305421095749716187e+02,-5.850159642112223501e+00
2.104999999999977334e+00,-1.911019166014548132e-01,3.176211844013901997e-01,2.370485024768927076e+02,-5.350425487608114317e+00
2.109999999999977227e+00,-1.897968462319321870e-01,1.156863289374522458e-01,-3.967309734016603784e+02,-5.648540672423889575e+00
2.114999999999977121e+00,-1.883024354766802411e-01,2.145718533294340424e-01,3.286092084489069975e+01,-5.449986515561461964e+00
2.119999999999977014e+00,-1.866051389452133280e-01,4.016405066935850310e-01,9.959232208705088851e+01,-5.271663161217989391e+00
2.124999999999976907e+00,-1.843912117327353994e-01,-1.939468110237117099e-02,-5.892972530463957810e+02,-5.515942809982587569e+00
2.129999999999976801e+00,-1.826124044533084523e-01,3.151405123756749749e-01,1.518722744441138843e+02,-5.069484993862678479e+00
2.134999999999976694e+00,-1.805698117538740433e-01,5.674041255679584950e-01,1.523217098110943084e+02,-5.294864786704359894e+00
2.139999999999976588e+00,-1.790189206510854336e-01,1.159581430852194700e-01,-5.031334336429767973e+02,-5.250364312433905667e+00
2.144999999999976481e+00,-1.773020777607973997e-01,3.765467410670056414e-01,1.262326627325418684e+02,-4.785830003191531290e+00
2.149999999999976374e+00,-1.752942623446602510e-01,4.978935380111541575e-01,2.378115550150390618e+02,-4.783482352191289699e+00
2.154999999999976268e+00,-1.729710973019785991e-01,7.274415729270490294e-01,3.068191388952657235e+02,-4.702498256861289860e+00
2.159999999999976161e+00,-1.710432680538113148e-01,5.138687054493475959e-01,4.781398970262199732e+00,-4.551844090192262549e+00
2.164999999999976055e+00,-1.687839473996671502e-01,2.660712403581067531e-01,-4.467342329970448418e+02,-4.426501559400561447e+00
2.169999999999975948e+00,-1.663186678059114243e-01,2.198098812038919714e-01,1.130816794532938587e+02,-4.032582097825923917e+00
2.174999999999975842e+00,-1.646031097983275959e-01,6.491093993276277896e-01,2.799332484985950487e+02,-3.931415129428719180e+00
2.179999999999975735e+00,-1.631271358573718189e-01,7.302811761248604316e-01,3.380462301342241744e+02,-3.887473341805082860e+00
2.184999999999975628e+00,-1.611237350605187468e-01,9.699479930714401954e-01,6.475967744706041458e+02,-3.584783291226586677e+00
2.189999999999975522e+00,-1.599199118238866790e-01,1.574173150314512326e-01,-3.580451307140802442e+02,-3.463788285509248777e+00
2.194999999999975415e+00,-1.596366867721924210e-01,-1.929776937275098081e-01,1.135806722596612559e+02,-2.358817510044813659e+00
2.199999999999975309e+00,-1.586010901606534074e-01,1.497466031345545678e-01,-5.769690273344306775e+01,-1.678795861360622865e+00
2.204999999999975202e+00,-1.582371154655102252e-01,3.060182420749161802e-01,1.426131391808768569e+02,-7.491751561072326204e-01
2.209999999999975095e+00,-1.565540943041807687e-01,4.018978966367159900e-01,1.376932018112410390e+02,-2.780120371574285598e-01
2.214999999999974989e+00,-1.548927644997449837e-01,2.561027231753749689e-01,-4.890203123930523788e+01,5.017970677295943704e-02
2.219999999999974882e+00,-1.533389934441520830e-01,-3.797467592484027234e-03,-2.448899567923921836e+02,-1.226566047189125430e-01
2.224999999999974776e+00,-1.534925050183220396e-01,-1.188819134198360744e-01,-5.112965478538454533e+01,7.611824050799263774e-03
2.229999999999974669e+00,-1.553071030669639918e-01,-4.692990755840586448e-01,-1.551095740493745723e+02,-3.622482798165574391e-02
2.234999999999974563e+00,-1.583165364745064141e-01,-7.693997358714598223e-01,-1.111826861610782657e+02,5.139897452501240860e-02
2.239999999999974456e+00,-1.623396386514116829e-01,-9.015556326804637921e-01,-1.001931211867798908e+02,5.938635929448154993e-02
2.244999999999974349e+00,-1.674750937128046679e-01,-1.123708643694944387e+00,-1.450969439244036892e+02,1.048149063594792096e-01
2.249999999999974243e+00,-1.729783015859927831e-01,-1.142083685073565835e+00,-9.328421385954595735e+01,2.793797566984664860e-01
2.254999999999974136e+00,-1.784560208368254630e-01,-1.224565090716104310e+00,-2.197431493726452629e+02,3.024205969940628735e-01
2.259999999999974030e+00,-1.837708420191592751e-01,-1.082493639832180055e+00,-1.016052459204868939e+02,3.518417989167733073e-01
2.264999999999973923e+00,-1.888015512465867074e-01,-1.016098952527598076e+00,-8.786821390813183541e+01,4.246190606112033583e-01
2.269999999999973817e+00,-1.932699350843332664e-01,-9.051005005485940336e-01,-5.448964605809587880e+01,4.873853108396201672e-01
2.274999999999973710e+00,-1.972775334088594235e-01,-8.155337583039057314e-01,-7.751767320773581105e+01,3.944847415929385037e-01
2.279999999999973603e+00,-2.007552808937872468e-01,-6.737525842525956543e-01,-9.336103313037835960e+01,4.039834484519843616e-01
2.284999999999973497e+00,-2.039494903354130140e-01,-6.702938771243209803e-01,-1.117974388780623940e+02,3.207860853104042009e-01
2.289999999999973390e+00,-2.067183819669390910e-01,-5.897809355299051814e-01,-1.161522893485118999e+02,3.189037037966735988e-01
2.294999999999973284e+00,-2.092790573324357917e-01,-5.551771888064565008e-01,-1.279419620607342978e+02,2.476031350418807231e-01
2.299999999999973177e+00,-2.117333660985758481e-01,-5.519654035155533434e-01,-1.195539688325009706e+02,1.709747029655633854e-01
2.304999999999973070e+00,-2.141064956441569578e-01,-4.992878677485698691e-01,-6.485292037270349397e+01,1.853984455069216664e-01
2.309999999999972964e+00,-2.162978265764496089e-01,-4.420981174067546982e-01,-1.003389306692949816e+02,1.254890851140535446e-01
2.314999999999972857e+00,-2.185858525839821653e-01,-4.911670499857683225e-01,-1.114797329028671697e+02,1.914507396320647148e-02
2.319999999999972751e+00,-2.209695266747159215e-01,-5.448746981762375707e-01,-1.305983693761808127e+02,4.957805352064451054e-02
2.324999999999972644e+00,-2.233524915515148757e-01,-5.254251568868925082e-01,-7.905015948532590642e+01,9.074398208823150624e-02
2.329999999999972538e+00,-2.259089755089678520e-01,-4.225257846529880679e-01,1.519947853729721601e+02,1.113543142527854135e-01
2.334999999999972431e+00,-2.286001246778948948e-01,-4.942503582022760300e-01,7.893829087998805960e+01,-1.723673978327783241e-02
2.339999999999972324e+00,-2.318291748002968555e-01,-7.554774875918394139e-01,-9.104071537400682246e+01,-4.566571920346168545e-02
2.344999999999972218e+00,-2.351557113497626805e-01,-7.117562021799899163e-01,-8.224136460948185956e+00,7.966830578787609252e-02
2.349999999999972111e+00,-2.391486670746665322e-01,-8.591567073539074784e-01,-7.827522204890780699e+01,-1.200198805390100820e-01
2.354999999999972005e+00,-2.435069049455445833e-01,-9.267295459309777828e-01,-1.194992726388613846e+02,3.856172741568608675e-02
2.359999999999971898e+00,-2.473408640392410207e-01,-7.292703997350017397e-01,-3.160161970552964306e+01,5.054717942884425774e-01
2.364999999999971791e+00,-2.502680032379436259e-01,-5.555952687162404313e-01,-5.210143190194221319e+01,8.828301776748261886e-01
2.369999999999971685e+00,-2.518508425926206939e-01,-1.953402420434234843e-01,5.099955614246538715e+01,1.157955075491642338e+00
2.374999999999971578e+00,-2.523171874903630263e-01,-3.683721603124032185e-02,-1.166348288763324970e+00,1.431166381183054837e+00
2.379999999999971472e+00,-2.518924542174773573e-01,1.326681926980237403e-01,2.852394919347856472e+01,1.619664614592808194e+00
2.384999999999971365e+00,-2.508915947455850892e-01,2.047525750498378205e-01,-5.614130811934929000e+01,1.509419476819670702e+00
2.389999999999971259e+00,-2.495515757174654459e-01,3.367893455336686825e-01,6.389302947626840989e+01,1.458149630305791478e+00
2.394999999999971152e+00,-2.482901182670661788e-01,2.796551101672466455e-01,8.936680621201627162e+01,1.372988318737291102e+00
2.399999999999971045e+00,-2.462671388274586259e-01,2.438191229656563874e-01,-2.669735193961102482e+02,8.962215486876333737e-01
2.404999999999970939e+00,-2.441434410935116595e-01,5.786875989437779699e-01,5.595282806055752189e+02,8.478069454377377134e-01
2.409999999999970832e+00,-2.444782396492882204e-01,-5.288083396776420697e-01,-1.208275738327521140e+03,-4.089234063461871793e-02
2.414999999999970726e+00,-2.435566414588721529e-01,5.656295768771817389e-01,1.286138730893936099e+03,1.579630574712805324e-01
2.419999999999970619e+00,-2.459469041141759127e-01,-1.104429506630316027e+00,-1.635449850686219861e+03,-1.660200945921715077e+00
2.424999999999970512e+00,-2.468065513063787131e-01,4.516243994713530774e-01,1.806355184629421046e+03,-1.419824837690282893e+00
2.429999999999970406e+00,-2.483404031276680302e-01,-5.111964144404137489e-01,-1.150695097356684528e+03,-3.172550269255921762e+00
2.434999999999970299e+00,-2.456060459814999042e-01,1.173016542724486078e+00,1.452141802982062700e+03,-2.658917598035233087e+00
2.439999999999970193e+00,-2.451362525064814946e-01,9.882312076691989189e-01,6.839261745213399308e+02,-3.357333727506863319e+00
2.444999999999970086e+00,-2.444789795382213415e-01,1.105834628153039123e+00,9.864168713291170434e+02,-3.197036343119995294e+00
2.449999999999969980e+00,-2.438246705067569353e-01,9.232263374997764505e-01,5.244892051898383443e+02,-3.467342432701022048e+00
2.454999999999969873e+00,-2.430540128667091071e-01,1.137683421462335698e+00,9.151259973585324587e+02,-3.379852792426458308e+00
2.459999999999969766e+00,-2.421333869833031949e-01,3.905325840037888740e-01,-1.536753755944156126e+02,-3.660226685026603199e+00
2.464999999999969660e+00,-2.409258218082998004e-01,3.466672168978385815e-01,4.679165430544649666e+02,-3.394756533417273570e+00
2.469999999999969553e+00,-2.398901463744429197e-01,1.657727676666156114e-01,1.615120420154075020e+02,-3.437733138011263900e+00
2.474999999999969447e+00,-2.403347049470410113e-01,-4.450174475195922130e-01,-1.301314779715210761e+03,-3.663460663564332975e+00
2.479999999999969340e+00,-2.409250618126685117e-01,-1.278352448334825420e+00,-1.666751966833054894e+03,-3.287457782208707879e+00
2.484999999999969233e+00,-2.413930377360732626e-01,-1.211915816210655139e+00,-1.527523578710334505e+03,-3.102320353285476617e+00
2.489999999999969127e+00,-2.411778854662463556e-01,-3.569653105624072120e-01,-4.877998930979715055e+02,-2.950725446334570012e+00
2.494999999999969020e+00,-2.428556099572737048e-01,-4.983390957418420975e-01,-7.016131887538525689e+02,-3.125819628811484119e+00
2.499999999999968914e+00,-2.433865409168828875e-01,-9.992249438148964602e-02,2.179652163946616383e+01,-2.771848673491535742e+00
2.504999999999968807e+00,-2.450530034489708797e-01,-3.086991689758993296e-01,2.916636781489830241e+02,-2.458696372681585363e+00
2.509999999999968701e+00,-2.471460481156076694e-01,-1.527675971418196443e-01,3.737958733948760823e+02,-2.317680297580854809e+00
2.514999999999968594e+00,-2.495517005456946991e-01,-1.425138036407515463e+00,-1.361192909811809386e+03,-2.528321784887927137e+00
2.519999999999968487e+00,-2.503348649737962561e-01,-5.969590806799927041e-01,-5.608713554921915829e+02,-2.155271673431477630e+00
2.524999999999968381e+00,-2.514420846646754915e-01,-1.857524725922957420e-01,4.272756271557503993e+01,-2.107562742447103066e+00
2.529999999999968274e+00,-2.530405158537687993e-01,-6.059024334541195378e-01,-4.600340634053731605e+02,-2.150947850430426023e+00
2.534999999999968168e+00,-2.541114752357177542e-01,-2.437972816191600056e-01,-1.810280039076010326e+02,-2.014861449755470435e+00
2.539999999999968061e+00,-2.550610331489642779e-01,-1.751669319585282903e-03,3.245394823704052101e+02,-1.938749443718377430e+00
2.544999999999967955e+00,-2.562144784815051368e-01,-4.517622650997021316e-01,-4.365502793217112298e+02,-2.254597301447917701e+00
2.549999999999967848e+00,-2.569597273264701554e-01,1.504405881114753984e-01,2.846431178236763344e+02,-2.045924132733257572e+00
2.554999999999967741e+00,-2.583647095954895723e-01,-1.185607271211654296e-01,4.871768033404615608e+02,-1.870941326835640517e+00
2.559999999999967635e+00,-2.598360645975318906e-01,-7.364493713180662038e-01,-8.499976164787484549e+02,-2.113417240687005982e+00
2.564999999999967528e+00,-2.608520386282565107e-01,4.874392246505500625e-01,7.352606831347729894e+02,-1.787368980729754586e+00
2.569999999999967422e+00,-2.618491099617069051e-01,-5.502960887387685351e-02,6.500173667821024992e+02,-1.639855521289617757e+00
2.574999999999967315e+00,-2.608229225096672654e-01,4.017975105475999342e-01,1.161901479815879412e+02,-2.093666633616772188e+00
2.579999999999967208e+00,-2.601975938733577798e-01,1.185980644989049898e-01,3.702950817605900511e+02,-1.857004914793531913e+00
2.584999999999967102e+00,-2.591027586122678916e-01,2.131994077425063139e-01,-1.163862537953294947e+02,-1.997717524678000123e+00
2.589999999999966995e+00,-2.587810705386521803e-01,-2.164032421825420188e-02,1.590549410840412463e+02,-1.535537304963230598e+00
2.594999999999966889e+00,-2.581757378518256818e-01,8.275176869062245144e-02,-6.736093015677364804e+01,-1.435907925052986034e+00
2.599999999999966782e+00,-2.588789433563903342e-01,-2.820825104519438797e-01,3.641898130416621484e+02,-5.906025558082926841e-01
2.604999999999966676e+00,-2.586994346061847194e-01,-3.047742985654230963e-02,-1.681860269294435852e+02,-5.226709925033572457e-01
2.609999999999966569e+00,-2.587140308339913597e-01,-1.231285858708964370e-02,2.096883242605669864e+02,1.741411068195202749e-01
2.614999999999966462e+00,-2.582240646535989281e-01,6.257031075110164320e-01,7.823838238018764741e+02,6.111200106433012369e-01
2.619999999999966356e+00,-2.567051701937858588e-01,3.040895442480107680e-01,3.894450807594145303e+00,6.753318502486158614e-01
2.624999999999966249e+00,-2.559962262442724845e-01,3.271270659471570696e-01,1.855949903520059650e+02,1.276699791925065997e+00
2.629999999999966143e+00,-2.545663577455622439e-01,2.575655525847114768e-01,5.594297493563397117e-01,1.624263309806233790e+00
2.634999999999966036e+00,-2.527333753077696255e-01,2.624577516539126076e-01,-2.188681979070400985e+02,1.824427243036186974e+00
2.639999999999965929e+00,-2.507201588490837185e-01,4.057601028315723224e-01,-5.417285856833171920e+01,1.405757559557517133e+00
2.644999999999965823e+00,-2.483263862502848307e-01,5.476646358217690524e-01,6.522697957034380067e+01,8.603926662914980206e-01
2.649999999999965716e+00,-2.463354969297611996e-01,2.173379985992787145e-01,-3.193928434803343634e+02,4.481511422842860970e-01
2.654999999999965610e+00,-2.438309613150143884e-01,4.836383153694185921e-01,5.300798180895963441e+01,6.336597818852787167e-01
2.659999999999965503e+00,-2.413835035578193455e-01,3.898574567729890528e-01,-1.954447478749887637e+02,7.106737555746891477e-01
2.664999999999965397e+00,-2.382235531166767839e-01,5.675365466370200229e-01,-1.584828691890017360e+01,8.925668620776647799e-01
2.669999999999965290e+00,-2.352553288001168752e-01,5.735524436903095546e-01,5.885098924232399042e+01,7.882435810171266599e-01
2.674999999999965183e+00,-2.327569159456286951e-01,5.027540562644451372e-01,1.388086643025574460e+02,6.655312847332801596e-01
2.679999999999965077e+00,-2.309219929458718734e-01,2.992768545650684175e-01,-1.020659370002091038e+02,5.444482794779541557e-01
2.684999999999964970e+00,-2.294315031212398048e-01,2.392457335979051025e-01,-1.489830573623253258e+02,5.360052647043096474e-01
2.689999999999964864e+00,-2.281362319384798443e-01,1.778430860998010399e-01,-1.777523196672779591e+02,4.481602063075158515e-01
2.694999999999964757e+00,-2.272517512867763823e-01,1.409819566989762019e-01,-3.150514341189526135e+01,4.442997801805887992e-01
2.699999999999964650e+00,-2.266834796428185694e-01,4.121717598062964866e-02,-8.679658074696331482e+01,4.054580328671720801e-01
2.704999999999964544e+00,-2.262063047567546836e-01,-3.333980669927657375e-02,-1.015394065256580518e+02,4.784455309458086614e-01
2.709999999999964437e+00,-2.257952932418136882e-01,-3.260423111749657932e-02,-8.411524551760825830e+01,4.719985876786245149e-01
2.714999999999964331e+00,-2.254098213870577572e-01,8.232240616774048544e-03,-3.758583779754603427e+01,4.168509018699280144e-01
2.719999999999964224e+00,-2.252201434113037526e-01,-8.602982616497252544e-02,-1.015423735073995601e+02,3.101637585507430739e-01
2.724999999999964118e+00,-2.251893407259690227e-01,-1.074949226929353824e-01,-1.228297190332933866e+02,3.314731895152699948e-01
2.729999999999964011e+00,-2.252580520194121805e-01,-5.955258130200351968e-02,-6.037330951950333535e+00,3.011516223917469759e-01
2.734999999999963904e+00,-2.255500450640007815e-01,-1.869634885392449930e-01,-1.148245219610113423e+02,1.603351518695892430e-01
2.739999999999963798e+00,-2.259043652035631344e-01,-1.756170302449586995e-01,-1.357067199981393344e+02,1.875049626681623838e-01
2.744999999999963691e+00,-2.264745478375770060e-01,-1.019766766989097934e-01,5.549266899022504163e+01,1.385896850980063433e-01
2.749999999999963585e+00,-2.274991128065648738e-01,-3.593851292579806067e-01,-1.336201652568435350e+02,-1.804356159450773434e-02
2.754999999999963478e+00,-2.284360684426154642e-01,-2.687389607205753483e-01,-1.128264178697629916e+02,1.279688260191660099e-01
2.759999999999963372e+00,-2.296524018153142388e-01,-3.024263661312921458e-01,-1.104355024076667604e+02,-2.029134809978068443e-02
2.764999999999963265e+00,-2.309519727075430295e-01,-2.943870435653164752e-01,-1.120897828870990622e+02,-3.286164903438347495e-02
2.769999999999963158e+00,-2.325004299604730429e-01,-3.854578757972016989e-01,-1.195030823214270015e+02,-1.162379374755118655e-01
2.774999999999963052e+00,-2.341536742077080235e-01,-3.536320004159889674e-01,-1.475588331555845514e+02,-1.530544022761864409e-01
2.779999999999962945e+00,-2.362163842673637437e-01,-3.634222058319455662e-01,1.597576443658792016e+02,-1.897536174158939715e-01
2.784999999999962839e+00,-2.389756669905678810e-01,-6.557352996206540219e-01,-9.060211730273154274e+01,-4.601859880342496489e-01
2.789999999999962732e+00,-2.420994086049142735e-01,-6.916588306389883645e-01,-2.158500217798736642e+01,-4.576053581623367172e-01
2.794999999999962625e+00,-2.459347028339841923e-01,-8.626415673252419980e-01,-3.037802906268507286e+01,-6.076466505374589211e-01
2.799999999999962519e+00,-2.504450061043827502e-01,-9.871657754867678713e-01,-1.195182920356162128e+02,-5.162980467932776207e-01
2.804999999999962412e+00,-2.552568068274679303e-01,-9.904818243521522625e-01,-2.020988601011318764e+01,-1.393233441888942492e-01
2.809999999999962306e+00,-2.593204903844642528e-01,-8.080349706019274159e-01,-1.059155049363709367e+02,5.443281570376860001e-01
2.814999999999962199e+00,-2.627151180019067778e-01,-6.028581229212908177e-01,3.201461442042459993e+01,9.634529683777370845e-01
2.819999999999962093e+00,-2.653435255769239776e-01,-4.826561385766411916e-01,5.271971180362142206e+01,1.153349191205351287e+00
2.824999999999961986e+00,-2.671486606889183490e-01,-3.292655869229009213e-01,-8.865495931593729395e+00,1.412682133147719954e+00
2.829999999999961879e+00,-2.681553221482410043e-01,-1.864207491490072754e-01,-3.718467225984448987e+01,1.329699502396606503e+00
2.834999999999961773e+00,-2.685149874141034010e-01,-6.823882374860008870e-02,-9.481067287803442767e+00,1.332452148556314997e+00
2.839999999999961666e+00,-2.681198651372140862e-01,1.243564969471895043e-01,-3.808477099811791078e+01,1.201841163708867066e+00
2.844999999999961560e+00,-2.669459569182519032e-01,6.262372487964780465e-02,-3.085772178598572850e+02,1.046222649211198341e+00
2.849999999999961453e+00,-2.656477710863573982e-01,3.701861797764987028e-01,3.515293630696124865e+02,1.374509325868897180e+00
2.854999999999961346e+00,-2.649913607545632543e-01,3.818683848747751464e-01,2.297194704434249104e+02,9.464962523025143293e-01
2.859999999999961240e+00,-2.643863380547010755e-01,3.721571603924994642e-01,4.009308742647563690e+02,4.640812076475179238e-01
2.864999999999961133e+00,-2.638029776863685671e-01,5.124445851131455010e-01,1.004869640013869343e+03,-3.863754125438217946e-02
2.869999999999961027e+00,-2.628832132836586011e-01,1.457016968548220104e-01,1.751799605528580628e+02,-1.428886054085117374e+00
2.874999999999960920e+00,-2.624457846300291552e-01,2.453111197652549091e-01,1.800031559359908613e+02,-2.459014525558865127e+00
2.879999999999960814e+00,-2.634925123278327175e-01,-9.965879221769230467e-02,5.189184315677803170e+02,-2.264048571755090666e+00
2.884999999999960707e+00,-2.647615680049175135e-01,-6.552478731913896626e-01,-6.961629308433354026e+02,-2.553441811316821131e+00
2.889999999999960600e+00,-2.658258290405647317e-01,1.834968382948770627e-01,4.331687783976573769e+02,-2.453414886076718648e+00
2.894999999999960494e+00,-2.682320106759168432e-01,-3.466283070429894697e-01,5.776461023081972144e+02,-2.127396189471604693e+00
2.899999999999960387e+00,-2.715628678925463557e-01,-1.372505336165929846e+00,-1.498609044333183874e+03,-2.660738417723552907e+00
2.904999999999960281e+00,-2.730671452084568740e-01,2.949649310255097467e-01,6.618848188408627493e+02,-2.255305013667151304e+00
2.909999999999960174e+00,-2.753323943168041188e-01,1.478822752152911535e-01,1.178546638674594305e+03,-2.192354686932694641e+00
2.914999999999960067e+00,-2.754582805059271888e-01,-9.312751108061895211e-02,-1.398674846801093565e+02,-2.668155451015230550e+00
2.919999999999959961e+00,-2.766098850923044417e-01,-1.731100154306245975e-01,3.347709330955235600e+02,-2.431357258611704708e+00
2.924999999999959854e+00,-2.768873789343015979e-01,1.689086766486816715e-01,3.766573384821372201e+02,-2.462640059168955453e+00
2.929999999999959748e+00,-2.784213827735627644e-01,-3.429253500774334662e-01,-1.579350400356136106e+02,-2.606195917478410173e+00
2.934999999999959641e+00,-2.792094419049054865e-01,-2.018303550440276456e-02,2.385774660912379090e+02,-2.373834817634413952e+00
2.939999999999959535e+00,-2.802902804058651776e-01,-6.610744122063263450e-01,-7.877164874526025642e+02,-2.717680274523513351e+00
2.944999999999959428e+00,-2.808420754304244982e-01,-1.305578998189310391e-01,1.554972016363376497e+02,-2.241570385264604504e+00
2.949999999999959321e+00,-2.798499019106276409e-01,3.824787785495133430e-01,2.966317932489734517e+02,-2.509441561712287161e+00
2.954999999999959215e+00,-2.779740994623264849e-01,8.373578698463405301e-01,4.873465455634990917e+02,-2.760953731677411760e+00
2.959999999999959108e+00,-2.773131903692295230e-01,-4.177921903277350552e-02,-4.979800567998552197e+02,-2.860992745522423775e+00
2.964999999999959002e+00,-2.768871221518038328e-01,-3.394215796056593987e-02,1.864402955787328438e+02,-2.387631876389588736e+00
2.969999999999958895e+00,-2.763848392946270383e-01,2.067074279392580160e-03,-7.941286382018297729e+01,-2.561369944603926196e+00
2.974999999999958789e+00,-2.761487345493299217e-01,1.633191015120181167e-01,1.667316929830720937e+02,-2.282523092521285601e+00
2.979999999999958682e+00,-2.755393828718572524e-01,6.001700137451341233e-01,6.590154599096209722e+02,-2.263197901211722929e+00
2.984999999999958575e+00,-2.780975179226310989e-01,-6.664855074001944102e-01,4.207287047099683832e+02,-1.433016532165168888e+00
2.989999999999958469e+00,-2.794985156385061953e-01,-2.897280997341374897e-01,2.137990789399855629e+01,-9.888585740370027244e-01
2.994999999999958362e+00,-2.808632756289015653e-01,-2.349851819998795277e-01,-3.703677088915473803e+01,-1.764607075268698200e-01
2.999999999999958256e+00,-2.821920996567552353e-01,-3.101861645159753600e-01,2.690715842025113957e+01,1.026793644283664486e+00
3.004999999999958149e+00,-2.828908600753726188e-01,-4.863811295565356740e-02,2.991254688611473966e+02,2.022763098134538584e+00
3.009999999999958042e+00,-2.837410242939001903e-01,-9.131196559165523363e-02,2.654121413614479934e+02,2.476969873337100392e+00
3.014999999999957936e+00,-2.828460960684076042e-01,2.329983237560954157e-01,-5.376840678870637191e+01,2.840367460002568123e+00
3.019999999999957829e+00,-2.795388937300056220e-01,6.720527050352106402e-01,-1.124314993908959082e+02,2.751692127907761964e+00
3.024999999999957723e+00,-2.781623578231251503e-01,2.566980655916204501e-01,-3.161285672859662199e+01,9.908738954582629876e-01
3.029999999999957616e+00,-2.764757287467886626e-01,3.225191661912496510e-01,-1.537531350438662514e+02,8.083556962174665017e-01
3.034999999999957510e+00,-2.746149407318725366e-01,3.787119547313069767e-01,-9.830135987145510512e+01,7.190889378547998811e-01
3.039999999999957403e+00,-2.728775932347743405e-01,2.539174814907658728e-01,-1.876987839991407725e+02,5.535352990507447224e-01
3.044999999999957296e+00,-2.716526964614687234e-01,2.129852922757203004e-01,-7.343353124051813552e+01,5.655247019598125258e-01
3.049999999999957190e+00,-2.707566966964687349e-01,1.435350202181998880e-01,-1.022000630888316692e+02,5.216138811685606669e-01
3.054999999999957083e+00,-2.703077594072724743e-01,2.830019876512801513e-02,-1.318687267697724792e+02,5.031463480613690420e-01
3.059999999999956977e+00,-2.701085041389421626e-01,5.594181091878878791e-03,-1.619465104880911213e+02,6.743418130555435264e-01
3.064999999999956870e+00,-2.699359696703173550e-01,-5.131048625395146293e-03,-1.410650498290426924e+02,7.321621560880038349e-01
3.069999999999956763e+00,-2.695609464808170208e-01,1.134012566798831279e-01,7.807755242893185788e+00,7.519765577633006348e-01
3.074999999999956657e+00,-2.696256736994767644e-01,-6.025259067561399007e-02,-1.376650693301121180e+02,6.426109659241255878e-01
3.079999999999956550e+00,-2.696026191885407264e-01,-1.079056789564375278e-02,-1.485079274218480805e+02,8.244693195684289488e-01
3.084999999999956444e+00,-2.694420215528548490e-01,4.098807801945207607e-02,-5.826020428731310830e+01,8.212094471431242715e-01
3.089999999999956337e+00,-2.692738891946240276e-01,1.529028003634292851e-02,-7.115300788641765450e+01,7.333216516235401272e-01
3.094999999999956231e+00,-2.689389575501351937e-01,4.995156331693222096e-02,-1.482440827950610469e+02,7.863578198151918164e-01
3.099999999999956124e+00,-2.685792458024159890e-01,1.211750963294779410e-01,4.399079644850601767e+01,7.921726209106049188e-01
3.104999999999956017e+00,-2.684148795175050894e-01,-7.300692134211905163e-04,-3.307639242864065920e+01,6.596370116197655120e-01
3.109999999999955911e+00,-2.680514816755304452e-01,3.532423242304821159e-02,-1.954564296918139519e+02,6.573281555446003344e-01
3.114999999999955804e+00,-2.680098162202365075e-01,1.286936843365224792e-01,2.723756636222620955e+02,7.201442599668994582e-01
3.119999999999955698e+00,-2.681420914103809783e-01,-2.466491396386857535e-02,1.047996787437362372e+02,5.012045680539016779e-01
3.124999999999955591e+00,-2.685103756808343567e-01,-7.979987963048093547e-02,-5.095845966179191322e+01,4.920115707229367752e-01
3.129999999999955484e+00,-2.690997798407461228e-01,-1.084187078232116130e-01,7.838908325620218420e+01,4.502547222155133810e-01
3.134999999999955378e+00,-2.698622600498895574e-01,-1.671725179038696663e-01,1.977827960065037871e+01,2.716184706550659467e-01
3.139999999999955271e+00,-2.710739892054113698e-01,-3.610446140425189188e-01,-1.668502970396677370e+02,1.730985012298472125e-01
3.144999999999955165e+00,-2.725821491251144701e-01,-3.433830259873336677e-01,2.859862219261960448e+01,1.030486789238466150e-01
3.149999999999955058e+00,-2.747472691954722657e-01,-5.406872632501017462e-01,-8.026615972616632178e+01,-1.141081281392966884e-01
3.154999999999954952e+00,-2.768743304804139882e-01,-4.732941682018508289e-01,-1.020453743303221472e+02,3.538124805127840222e-01
3.159999999999954845e+00,-2.784751738140598398e-01,-2.992622236329747221e-01,3.362795322023253419e+01,6.414450593086679087e-01
3.164999999999954738e+00,-2.792024091470514668e-01,-1.337156880426002004e-01,-1.643071639802801798e+01,8.781947277306558775e-01
3.169999999999954632e+00,-2.790345177407006494e-01,2.138882559777765049e-02,-1.065743133428512124e+02,1.340035306889640676e+00
3.174999999999954525e+00,-2.782140790805727182e-01,2.342220399963984012e-01,4.700452352245546450e+01,1.365638463493175747e+00
3.179999999999954419e+00,-2.770398381606713478e-01,2.784167979743553123e-01,7.054566753485613617e+01,1.355318178584204558e+00
3.184999999999954312e+00,-2.754868837014217697e-01,2.589803969464373745e-01,-1.423604614863018583e+02,1.392400101831968939e+00
3.189999999999954206e+00,-2.738606303208853121e-01,3.716979332562289073e-01,7.980099115657263553e+01,1.362457932829318930e+00
3.194999999999954099e+00,-2.726424017254117649e-01,2.276541181494400323e-01,3.337624230761581146e+01,1.338531157607812938e+00
3.199999999999953992e+00,-2.714026889375906748e-01,1.464227197125858859e-01,-2.490098717311873884e+02,1.178384598227803837e+00
3.204999999999953886e+00,-2.697316962758371517e-01,3.437417877396533594e-01,1.483891680533427291e+02,1.298255479988021932e+00
3.209999999999953779e+00,-2.692742399801397180e-01,-1.211525708309122429e-01,-6.241512270465137817e+02,9.198856955616150355e-01
3.214999999999953673e+00,-2.683891747360903079e-01,2.874683715957591090e-01,5.793741417225660371e+02,1.025817078739174049e+00
3.219999999999953566e+00,-2.683367567775336582e-01,-2.035077988932056658e-01,-8.540691310257637952e+02,-2.340182993111610821e-01
3.224999999999953459e+00,-2.679620402794619105e-01,1.317019314011786402e-01,9.360955272032998664e+02,-1.812293901000555096e-01
3.229999999999953353e+00,-2.690124172237532973e-01,-1.196203120024742425e-02,1.285772092248297213e+03,-1.109649045008911816e+00
3.234999999999953246e+00,-2.705249323224094282e-01,-2.876007462659189162e-01,1.241928512436878691e+03,-1.764217392023341713e+00
3.239999999999953140e+00,-2.714058075668950853e-01,-1.485239304652084466e-02,7.716438895179944666e+02,-2.263603632305665858e+00
3.244999999999953033e+00,-2.726271656324547044e-01,-5.976970820743682244e-01,-8.008842082689387780e+02,-2.861318838738617032e+00
3.249999999999952927e+00,-2.741134497549462812e-01,-1.227746679761386739e+00,-1.361507339841907196e+03,-2.747523076233269634e+00
3.254999999999952820e+00,-2.747085909739406251e-01,-6.716362529315493823e-01,-8.158909809700368214e+02,-2.806470560772435618e+00
3.259999999999952713e+00,-2.751798691597671653e-01,2.471361042673020370e-01,3.689487672573119994e+02,-2.872853521810604160e+00
3.264999999999952607e+00,-2.765109878519733666e-01,-6.436920464245170226e-02,5.851397879066236101e+02,-2.719515605856449358e+00
3.269999999999952500e+00,-2.766723089092640864e-01,-5.055746364104227730e-01,-9.487232878273354117e+02,-3.329315867271725349e+00
3.274999999999952394e+00,-2.763594035461413578e-01,2.149082764394469325e-01,1.175282374811288975e+02,-3.134945251055807347e+00
3.279999999999952287e+00,-2.765372477223245196e-01,1.585411059208152174e-01,5.958889024572146127e+02,-3.056519643450230639e+00
3.284999999999952180e+00,-2.767370654014140730e-01,-3.486778836608570575e-01,-4.982132828698435674e+02,-3.296273372646488120e+00
3.289999999999952074e+00,-2.763840382926665007e-01,3.012060838695410081e-01,2.835338716615408998e+02,-3.211896007493189487e+00
3.294999999999951967e+00,-2.772567085271619991e-01,-6.029847133896985151e-02,6.312684196950888236e+02,-3.023437571471677465e+00
3.299999999999951861e+00,-2.783335401980925328e-01,-6.593230101653124731e-01,-8.564039097161635254e+02,-3.344478494920775979e+00
3.304999999999951754e+00,-2.788259086784569685e-01,2.664157277757931985e-01,4.981127361785642620e+02,-3.110314028679546539e+00
3.309999999999951648e+00,-2.819750735529183427e-01,-5.681978025542161470e-01,1.046015024260110067e+03,-2.597127666222310616e+00
3.314999999999951541e+00,-2.847270882814112447e-01,-1.323690377058865497e+00,-1.750354885337872929e+03,-3.440399830706984741e+00
3.319999999999951434e+00,-2.861925752024794267e-01,1.377244809249518476e-01,4.439891876525156817e+02,-2.949231240492806272e+00
3.324999999999951328e+00,-2.879996928790817257e-01,-6.594420591605596460e-01,-1.167291811609020897e+03,-3.651696067619013331e+00
3.329999999999951221e+00,-2.884594626149478702e-01,2.474363530765781860e-01,4.401532586275290555e+02,-2.978950930061833979e+00
3.334999999999951115e+00,-2.903158147081724705e-01,-5.813467076904055286e-01,-8.888005195116264758e+02,-3.515209235631836737e+00
3.339999999999951008e+00,-2.916651003315575696e-01,2.176129993824799103e-02,4.839266343391331020e+02,-2.741147058097519906e+00
3.344999999999950901e+00,-2.926223388545927673e-01,-4.705183096814505861e-01,-4.991456392843878120e+02,-3.155702919221876179e+00
3.349999999999950795e+00,-2.927170458571796141e-01,-8.262530466128373274e-02,1.903661848345028602e+02,-2.639333816590222259e+00
3.354999999999950688e+00,-2.914619224806450082e-01,3.428123258833253861e-01,9.146309324269067531e+01,-2.893353649306803277e+00
3.359999999999950582e+00,-2.900588252629368591e-01,1.335315258770609047e-02,-4.823721020738376524e+02,-3.056487061924544779e+00
3.364999999999950475e+00,-2.888261009610966212e-01,3.123478698341995430e-01,2.877949935163790585e+01,-3.050139555987867901e+00
3.369999999999950369e+00,-2.881845685314917693e-01,1.467218734320265283e-01,1.880189203296330618e+02,-2.882109785240621225e+00
3.374999999999950262e+00,-2.879890724330798069e-01,2.675205428323675361e-01,3.397124331553670231e+02,-2.730461234253789282e+00
3.379999999999950155e+00,-2.880357774388696002e-01,8.235100833499553463e-01,8.135747843992600110e+02,-2.651265865710963787e+00
3.384999999999950049e+00,-2.896935900415309462e-01,-5.022068794404264125e-01,7.742263457890867073e+01,-2.098767655588340109e+00
3.389999999999949942e+00,-2.911931870305167203e-01,-3.276272749298018705e-01,5.771889263823226912e+01,-1.250571317751629108e+00
3.394999999999949836e+00,-2.927316423123147993e-01,-2.848012448499112059e-01,-2.967595860795971063e+01,-3.237019417113747299e-01
3.399999999999949729e+00,-2.947415380625392212e-01,-3.390353283222546921e-01,2.139845495247176359e+02,6.819352361450825573e-01
3.404999999999949623e+00,-2.959028198877345361e-01,-2.335147868403285587e-01,-9.315246509969068001e+00,1.803372979286731459e+00
3.409999999999949516e+00,-2.966087600682174030e-01,-1.387678992977680326e-01,-8.252951817792498446e+01,2.488227704760456849e+00
3.414999999999949409e+00,-2.969106237250461189e-01,2.693020859847360116e-02,1.549323820883081737e+02,2.937461716744421913e+00
3.419999999999949303e+00,-2.945321529923812798e-01,7.200784237548759625e-01,8.958681679054258495e+01,2.817040806193251257e+00
3.424999999999949196e+00,-2.938292784092422227e-01,2.958292860977179140e-01,3.145174429399147016e+02,1.180246286705590952e+00
3.429999999999949090e+00,-2.923819343268113102e-01,4.255019787868531966e-01,1.115014653441143366e+01,1.124294217554778097e+00
3.434999999999948983e+00,-2.899167553991109925e-01,7.179972347451381021e-01,3.415974315763814388e+02,1.144415140726329216e+00
3.439999999999948876e+00,-2.871675901332296776e-01,5.694163177057827152e-01,-3.400205757669191797e+01,8.119391164460212362e-01
3.444999999999948770e+00,-2.845768867815594572e-01,6.438671538114200121e-01,2.676700582516972986e+02,9.383579467140016339e-01
3.449999999999948663e+00,-2.821266232273026420e-01,5.218686107911260086e-01,-2.429723272014782154e+01,7.276132598912187222e-01
3.454999999999948557e+00,-2.800373209437296285e-01,4.453397843788664545e-01,1.473705860295741665e+01,8.099196073247376670e-01
3.459999999999948450e+00,-2.781113577747510446e-01,4.378965730779464383e-01,1.372162004893980338e+02,8.510422918828601802e-01
3.464999999999948344e+00,-2.763600596655311770e-01,4.142385108309636355e-01,1.947357747432962469e+02,8.331055202116177671e-01
3.469999999999948237e+00,-2.749515523893790170e-01,2.851576909819160677e-01,1.069471239013797259e+02,8.804611046166000987e-01
3.474999999999948130e+00,-2.736070069090407175e-01,2.135139225945412444e-01,-9.762268592506465836e+01,8.619569192320271078e-01
3.479999999999948024e+00,-2.722879752139580334e-01,2.240733729017244658e-01,-1.364059066322472233e+02,7.920253670049961503e-01
3.484999999999947917e+00,-2.711157828406315917e-01,2.108304154365447103e-01,-1.272795199920876428e+02,7.394595279300424373e-01
3.489999999999947811e+00,-2.700579209636649880e-01,1.589663775692622683e-01,-1.942732646408292396e+02,7.596428879213863450e-01
3.494999999999947704e+00,-2.692408512392976405e-01,1.830860309454471757e-01,-1.971581710692474587e+01,7.740662459211370416e-01
3.499999999999947597e+00,-2.689168077787888467e-01,8.232055004316631008e-02,1.244869402808774765e+02,7.386307071038306082e-01
3.504999999999947491e+00,-2.685705236916772765e-01,4.289695171883063651e-02,-5.993538628441005045e+01,7.416717643229288059e-01
3.509999999999947384e+00,-2.684241968460727157e-01,8.748258606502132273e-02,1.271682323876860039e+02,7.593981159746783227e-01
3.514999999999947278e+00,-2.684361736076406602e-01,-5.959316346525546371e-02,-1.184789838876835546e+02,5.598334740570628520e-01
3.519999999999947171e+00,-2.684429332395357193e-01,-3.657573138812274249e-02,-1.241079554982324282e+02,6.492981426182716786e-01
3.524999999999947065e+00,-2.687200832540904694e-01,1.729499858864085721e-02,1.644684607291643488e+02,6.615454762922103882e-01
3.529999999999946958e+00,-2.691890062665813765e-01,-1.097714853786131844e-01,3.086696991491868403e+01,4.990863653830812097e-01
3.534999999999946851e+00,-2.696840107973413891e-01,-5.329721616584860017e-02,9.650409882902864922e+01,5.865734206927040173e-01
3.539999999999946745e+00,-2.704315609155711342e-01,-5.976961304961211918e-02,2.175106457124358883e+02,4.966565563115479254e-01
3.544999999999946638e+00,-2.716220351157646040e-01,-2.273542136315422069e-01,6.745855767118747792e+01,2.301801738985439494e-01
3.549999999999946532e+00,-2.735156041354093737e-01,-4.898303079768854817e-01,-1.232792872043830386e+02,1.473957600814611024e-01
3.554999999999946425e+00,-2.758551898038728578e-01,-5.038189554361843792e-01,2.219055809333548268e+01,1.724163394626345158e-01
3.559999999999946318e+00,-2.782568219452085656e-01,-5.473657730780906450e-01,-6.471046727711295432e+01,1.998005406836756148e-01
3.564999999999946212e+00,-2.800377084462912780e-01,-3.577190906005955351e-01,-9.410661207702362674e+01,7.342251303894502534e-01
3.569999999999946105e+00,-2.808007183497383541e-01,-9.311795099805049436e-02,3.202825458796573344e+01,9.543128825170632545e-01
3.574999999999945999e+00,-2.805351697286362356e-01,7.230163618557178262e-02,2.739813685698022638e+01,1.179169136806700324e+00
3.579999999999945892e+00,-2.795521743312994190e-01,1.888375885283242739e-01,-1.156331088161027481e+02,1.451597348384289887e+00
3.584999999999945786e+00,-2.778359294156050319e-01,4.018386361659440076e-01,8.783496716612791033e+01,1.386809882171790687e+00
3.589999999999945679e+00,-2.758835957605734746e-01,3.739846714530029037e-01,-5.305355664893967571e+01,1.301033234120325677e+00
3.594999999999945572e+00,-2.737847099327884726e-01,4.347529144391970024e-01,-2.817810233315597657e+00,1.406463015143614381e+00
3.599999999999945466e+00,-2.719743833694828195e-01,3.504245153013821334e-01,2.965585776217691105e+01,1.441830389209503904e+00
3.604999999999945359e+00,-2.705548393777034710e-01,2.025197407956565998e-01,-8.038728158043508643e+01,1.361672149359091311e+00
3.609999999999945253e+00,-2.693035443226908243e-01,1.497287862040858897e-01,-3.833179161302413149e+02,1.232005674663553041e+00
3.614999999999945146e+00,-2.680717926157403230e-01,3.684322252183418467e-01,3.156324053070023865e+02,1.401885491557318009e+00
3.619999999999945040e+00,-2.682425144465662159e-01,-3.635052468074712051e-01,-7.346016628676185292e+02,9.986047447305785862e-01
3.624999999999944933e+00,-2.679962087022721984e-01,2.543696528292420100e-01,7.753273340892021679e+02,1.166447275339800971e+00
3.629999999999944826e+00,-2.691070939572772214e-01,-6.075514917483243460e-01,-1.071225520361383360e+03,-1.278390572170028938e-01
3.634999999999944720e+00,-2.696037027113038498e-01,1.496815230320077128e-01,1.185989757532456679e+03,1.478016279456428883e-02
3.639999999999944613e+00,-2.712776198170526731e-01,-3.033499862738585628e-01,9.131285162964538813e+02,-1.320949858028942936e+00
3.644999999999944507e+00,-2.720819094867298893e-01,-2.663024995440423370e-01,3.229709974228915570e+01,-2.240150681457750981e+00
3.649999999999944400e+00,-2.742777067803222613e-01,-9.789497310980181943e-01,-1.370768129095341010e+03,-2.831229896885629760e+00
3.654999999999944293e+00,-2.761792843866721081e-01,-1.524907405623105117e+00,-1.645663059289153125e+03,-2.639413222102155121e+00
3.659999999999944187e+00,-2.774645315809835533e-01,-1.001235445370860733e+00,-1.145853706214811382e+03,-2.677290872146448120e+00
3.664999999999944080e+00,-2.775408932995423461e-01,1.531840026831182699e-01,1.429359269378545036e+02,-2.679874107664100613e+00
3.669999999999943974e+00,-2.783170348135617367e-01,1.382079886700763316e-01,4.806141354738953737e+02,-2.696724162838631145e+00
3.674999999999943867e+00,-2.792839851081060920e-01,2.369169842093029124e-02,4.071939769576347885e+02,-2.705506982427484441e+00
3.679999999999943761e+00,-2.799981042599560821e-01,-6.606322936553877812e-01,-9.964174101181801007e+02,-3.164784775708973985e+00
3.684999999999943654e+00,-2.800355296611150568e-01,-1.568313055992620608e-01,-3.129972515565314666e+02,-3.162522164240338718e+00
3.689999999999943547e+00,-2.806933322796603125e-01,7.349169515444611833e-02,1.339485582927516134e+02,-3.204173327255014136e+00
3.694999999999943441e+00,-2.831280178429207983e-01,-3.431009929297781369e-01,6.740684926949561486e+02,-2.808007050634717672e+00
3.699999999999943334e+00,-2.844931959775375829e-01,-9.214229872842438773e-01,-1.409151960020363731e+03,-3.487541654682764669e+00
3.704999999999943228e+00,-2.844605389099207904e-01,3.574598560419171012e-01,3.165193901489736277e+02,-3.276556838612686651e+00
3.709999999999943121e+00,-2.856809641061787697e-01,-1.918547706219996540e-01,5.069458405359606559e+02,-3.147924910725722558e+00
3.714999999999943014e+00,-2.870268966060270377e-01,-9.931197946610107463e-01,-1.390704233389080173e+03,-3.587610785699709925e+00
3.719999999999942908e+00,-2.878420886022566294e-01,2.617367092722921451e-01,4.703596524116054525e+02,-3.207574583563361337e+00
3.724999999999942801e+00,-2.893423169806847439e-01,-2.127629515615301892e-01,8.443523271095445182e+01,-3.402535388670878902e+00
3.729999999999942695e+00,-2.890710281255789993e-01,2.509274373835166938e-01,2.073840089825565371e+02,-3.485263582201974408e+00
3.734999999999942588e+00,-2.909688671096188339e-01,-4.561959533821879353e-01,4.504007454195772198e+02,-3.131230380975094985e+00
3.739999999999942482e+00,-2.910101619071536749e-01,1.524410768860978149e-01,1.635320762681487565e+02,-3.418086428432192569e+00
3.744999999999942375e+00,-2.928979396202063268e-01,-3.341258501923485280e-01,4.723668391854718607e+02,-3.205635100526347259e+00
3.749999999999942268e+00,-2.935678597994065830e-01,1.810486396504681350e-01,4.315587852662121691e+02,-3.281730453866492425e+00
3.754999999999942162e+00,-2.955556100163124200e-01,-5.770629392039607897e-01,-7.077759297039096964e+02,-3.611354478377605481e+00
3.759999999999942055e+00,-2.956352969454510426e-01,6.881093877037572359e-02,4.782373202594488930e+02,-3.060834315848916631e+00
3.764999999999941949e+00,-2.948208922590103698e-01,6.717093129361831894e-01,4.395200350320784537e+02,-3.416115701323855891e+00
3.769999999999941842e+00,-2.940754937392702772e-01,-2.518910306737599525e-01,-1.074034560865181447e+03,-3.751744635355748869e+00
3.774999999999941735e+00,-2.927091009799198118e-01,9.429428778955498136e-02,6.314926343459149649e+01,-3.254567224144392146e+00
3.779999999999941629e+00,-2.912225826178339028e-01,4.000623345340641457e-01,2.888421153219971416e+02,-3.451204954155170146e+00
3.784999999999941522e+00,-2.885770842638318845e-01,4.749979159450704591e-01,1.881138130846505021e+02,-3.810868542694555661e+00
3.789999999999941416e+00,-2.872721659557538332e-01,5.789479688950991410e-01,2.696692387500130508e+02,-3.676685249538273581e+00
3.794999999999941309e+00,-2.878547817343436455e-01,-3.030090321427654776e-01,-5.521688906512461017e+02,-3.501287167094098596e+00
3.799999999999941203e+00,-2.887232999802755162e-01,-4.573006215099008620e-01,-5.972873052783592129e+02,-3.071427649785515079e+00
3.804999999999941096e+00,-2.902934681292738128e-01,-4.884317042500669892e-01,-7.470352992682968818e+01,-2.220072249538759479e+00
3.809999999999940989e+00,-2.917447025413543726e-01,-4.442409354841244662e-01,1.466972196274987255e+02,-1.178403806603708137e+00
3.814999999999940883e+00,-2.941754726422937116e-01,-5.519960351256045783e-01,-3.385205509938305823e+01,-1.592065694638880591e-01
3.819999999999940776e+00,-2.969441761035953031e-01,-8.050402164160708196e-01,-3.645736419047726145e+02,1.712984238233643319e+00
3.824999999999940670e+00,-2.988339470877122150e-01,-1.662239215563173500e-01,4.505148187742153141e+02,2.836636762296609771e+00
3.829999999999940563e+00,-3.000122076818954597e-01,-2.412323630314810452e-01,1.036848537943389488e+02,2.955842223420069637e+00
3.834999999999940457e+00,-3.003982730225535080e-01,2.730764313116148534e-01,2.637666714531453067e+02,3.027293537179271965e+00
3.839999999999940350e+00,-2.972891310801063502e-01,7.641352326209532864e-01,9.738157982411560454e+01,2.585951398303209636e+00
3.844999999999940243e+00,-2.953705265447622019e-01,4.326660120364720363e-01,1.849316149005958039e+02,1.330955875521726339e+00
3.849999999999940137e+00,-2.929436912363800327e-01,6.264053763216607118e-01,1.043163034801646347e+02,1.240798096288696195e+00
3.854999999999940030e+00,-2.901037369503090546e-01,6.197905414542241864e-01,7.980228259246673872e+01,9.671848054882545842e-01
3.859999999999939924e+00,-2.873453547642161321e-01,5.097993647346190649e-01,-5.183294934592058922e+01,7.784878353084805358e-01
3.864999999999939817e+00,-2.847234110029856491e-01,7.084012874184625330e-01,3.030676029090171255e+02,9.455918049288523086e-01
3.869999999999939710e+00,-2.826173839426123213e-01,3.944469112921124565e-01,-3.734960367191436603e+01,7.786012071787024036e-01
3.874999999999939604e+00,-2.806308529385362349e-01,5.777658482785762439e-01,2.982698466900794187e+02,1.043833635535718063e+00
3.879999999999939497e+00,-2.791878461163977421e-01,2.734561226088023655e-01,-2.854567159931240994e+01,8.712141489289101370e-01
3.884999999999939391e+00,-2.776067806213622369e-01,4.602134610698536688e-01,2.464892585431028067e+02,1.132131927300743079e+00
3.889999999999939284e+00,-2.765030567561695962e-01,2.384030750945205501e-01,-6.675130400158405308e+00,9.535217259647619237e-01
3.894999999999939178e+00,-2.750562401876220919e-01,4.313397146623103029e-01,2.495347394468209927e+02,1.231247305466731667e+00
3.899999999999939071e+00,-2.738546445941312801e-01,3.042579691127783037e-01,4.103383031343627607e+01,1.040522957476960109e+00
3.904999999999938964e+00,-2.724604420770609936e-01,3.866875694249808926e-01,2.265337740499534220e+02,1.187563965721217141e+00
3.909999999999938858e+00,-2.712693460962289360e-01,2.830893611867446036e-01,-2.967176329495693210e-01,1.007339511027972589e+00
3.914999999999938751e+00,-2.701362323921474018e-01,2.869975627783281635e-01,1.018923449486979251e+02,1.096145134511018027e+00
3.919999999999938645e+00,-2.689922824410205804e-01,2.461756907678855077e-01,4.763488054690208884e+01,1.014915961808117384e+00
3.924999999999938538e+00,-2.678435253950107731e-01,2.161937793911476724e-01,-5.577294872081069776e+00,1.077109907360979113e+00
3.929999999999938431e+00,-2.665398087665837301e-01,3.338071909562171924e-01,1.259726693656509013e+02,1.075931408910773213e+00
3.934999999999938325e+00,-2.657249302840598015e-01,3.895618281797551957e-02,-9.362178921866406256e+01,8.769415569865448568e-01
3.939999999999938218e+00,-2.648175924674599502e-01,8.343162745451240814e-02,-1.235546709519947939e+02,1.091202322700456362e+00
3.944999999999938112e+00,-2.638075448430075021e-01,1.959383329412237584e-01,-6.597124630595168071e+01,1.021393086283370666e+00
3.949999999999938005e+00,-2.627262739201765562e-01,1.235539130778254696e-01,-1.549926887498353381e+02,8.366011657746432739e-01
3.954999999999937899e+00,-2.618765472198127942e-01,1.341985217964790644e-01,-1.214680956700679673e+02,8.646166593443271875e-01
3.959999999999937792e+00,-2.613183294462648742e-01,2.014341994090239341e-01,2.092665043740702231e+02,8.815993903432611800e-01
3.964999999999937685e+00,-2.611879284837060888e-01,4.266204527747152406e-04,4.311202221446070126e+01,6.124168702878312054e-01
3.969999999999937579e+00,-2.615486017874024127e-01,-5.265781150296317686e-02,4.659398812920710498e+01,5.385359024665434813e-01
3.974999999999937472e+00,-2.625048145587027815e-01,-1.916103463663344220e-01,6.929174585042964907e+01,4.048824991070645862e-01
3.979999999999937366e+00,-2.636615417765384994e-01,-1.975624058419268581e-01,5.122969684135332358e+01,5.852837110359241368e-01
3.984999999999937259e+00,-2.639750995396937250e-01,2.169001498299908889e-02,1.404924890685681937e+01,1.155267825227522360e+00
3.989999999999937152e+00,-2.629990802969925934e-01,2.171497523276083308e-01,-5.427484185549513995e+01,1.350164198596430998e+00
3.994999999999937046e+00,-2.611850519350200628e-01,4.279914161079196866e-01,6.298127245819560471e+01,1.433239203808644557e+00
3.999999999999936939e+00,-2.588044731068662174e-01,4.784531917789317523e-01,-7.564354257323044806e+01,1.500252654148169773e+00
4.004999999999936833e+00,-2.561574683561058108e-01,5.595259732627752003e-01,2.173787536830606371e+01,1.483309607399268426e+00
4.009999999999936726e+00,-2.535165645346521557e-01,5.170146095810084219e-01,2.491914030900145605e+01,1.443682819070639445e+00
4.014999999999936620e+00,-2.513113308507596844e-01,3.776033454495268948e-01,-4.004636227829957562e+01,1.413862258884440948e+00
4.019999999999936513e+00,-2.498770693410361232e-01,2.506017653736684614e-01,1.863014132083538499e+01,1.464304342389825209e+00
4.024999999999936406e+00,-2.486857353157240491e-01,4.081490538982503469e-01,4.382700705175627718e+02,1.310200778154746448e+00
4.029999999999936300e+00,-2.483959588271063279e-01,-1.104726818404270089e-01,-5.653207965365613745e+02,7.349933349700540353e-01
4.034999999999936193e+00,-2.475793076100714085e-01,3.195989769592872398e-01,6.925387985661045605e+02,6.368306968114572086e-01
4.039999999999936087e+00,-2.478500046897109399e-01,-3.249468147526546891e-01,-8.789847708148852234e+02,-7.565206409858706849e-01
4.044999999999935980e+00,-2.480066905516693232e-01,1.730918069389544844e-01,1.078969018876123528e+03,-6.855079249917778172e-01
4.049999999999935874e+00,-2.492244387945919959e-01,-1.516493001126930362e-01,1.017158318052788900e+03,-1.642048412757291187e+00
4.054999999999935767e+00,-2.497694426410754232e-01,2.180250199381602028e-01,1.110520115186957128e+03,-2.307940322353811524e+00
4.059999999999935660e+00,-2.510761898953957627e-01,7.993525058658714627e-03,1.178783845045139742e+03,-2.380569394019416585e+00
4.064999999999935554e+00,-2.528289861200342381e-01,-1.725692119700653893e-01,1.295345015106333221e+03,-2.207746309698282339e+00
4.069999999999935447e+00,-2.541554145003022125e-01,-1.050292441549389860e-01,1.250504146444974822e+03,-2.374227492999941624e+00
4.074999999999935341e+00,-2.546240844458204089e-01,-5.998653569387742829e-02,1.139096054709172904e+03,-2.436324269027930978e+00
4.079999999999935234e+00,-2.549368216234047524e-01,4.197474872386212918e-02,5.888147425051223536e+02,-2.897584232082226485e+00
4.084999999999935127e+00,-2.550077864690182272e-01,-3.487925581088241467e-01,-6.899021188476913267e+02,-3.474843836812789188e+00
4.089999999999935021e+00,-2.554165305969078315e-01,-7.781755565963732746e-01,-1.107331383517786890e+03,-3.521693687020688746e+00
4.094999999999934914e+00,-2.548068426431090994e-01,4.648141507173464970e-01,2.944732902761700188e+02,-3.381221193805290515e+00
4.099999999999934808e+00,-2.553178059505783470e-01,4.790765257773360597e-02,-2.577248184012298111e+02,-3.663483049474236974e+00
4.104999999999934701e+00,-2.550259553295348147e-01,1.356449642023268842e-01,3.379676653869893244e+02,-3.480107688304538982e+00
4.109999999999934595e+00,-2.549529182499357116e-01,-2.959572025260018835e-01,-5.222437077048886067e+02,-3.835283642613300348e+00
4.114999999999934488e+00,-2.553010475212450503e-01,-5.225078480335086928e-01,-7.437064873512816803e+02,-3.811548171529994811e+00
4.119999999999934381e+00,-2.548771409804961308e-01,4.956157458971412466e-01,5.174579696302384946e+02,-3.702019817795470846e+00
4.124999999999934275e+00,-2.555178753918972978e-01,7.075203468469820622e-02,6.857420761837292957e+02,-3.606082617387278866e+00
4.129999999999934168e+00,-2.557107138318813200e-01,-4.986066867991553742e-01,-9.551864274653769371e+02,-4.096111407112204894e+00
4.134999999999934062e+00,-2.553864859211667504e-01,5.001348172013966309e-01,4.594141079657396176e+02,-3.840336676663343773e+00
4.139999999999933955e+00,-2.564297191011922217e-01,-1.738874668949789148e-01,4.290033282090543025e+02,-3.730535881257230457e+00
4.144999999999933848e+00,-2.575982876455615300e-01,-1.003219347134109096e+00,-1.416807883273334710e+03,-4.221564810731460504e+00
4.149999999999933742e+00,-2.579502464571165610e-01,3.933055668919112069e-01,5.028914649006228501e+02,-3.884586409982889510e+00
4.154999999999933635e+00,-2.575620140709701245e-01,-2.178286787137350411e-01,-1.100922940293401780e+03,-4.516800804078119569e+00
4.159999999999933529e+00,-2.555500310721320334e-01,6.441172821041284413e-01,2.898055743074640986e+02,-4.037858317035202482e+00
4.164999999999933422e+00,-2.538465156259684941e-01,-1.306408165564300339e-01,-1.149989414705903755e+03,-4.545019085400923586e+00
4.169999999999933316e+00,-2.523751699766462187e-01,4.773261660331642453e-01,3.076046796513019217e+02,-4.057041317441927752e+00
4.174999999999933209e+00,-2.495481230538509898e-01,1.067695587478511232e+00,4.181198134352464422e+02,-4.513918972196229618e+00
4.179999999999933102e+00,-2.479376550262106516e-01,-1.044113313577807872e-01,-1.110647969018712956e+03,-4.864646212065697028e+00
4.184999999999932996e+00,-2.463447328222569399e-01,1.950446259997549170e-01,3.756547646149492721e+02,-4.062983978539107532e+00
4.189999999999932889e+00,-2.449450613518284470e-01,3.596978144761176499e-01,3.831471743367064278e+02,-4.341883886207081211e+00
4.194999999999932783e+00,-2.439620342406412512e-01,4.263511036494487261e-01,1.746637588472518132e+02,-4.511401809041288402e+00
4.199999999999932676e+00,-2.448218377984708316e-01,-5.996129876778009127e-01,-9.084950471793765701e+02,-4.459801979194956800e+00
4.204999999999932569e+00,-2.456858265240011163e-01,-1.619109513458474869e-01,1.187771679454048552e+02,-3.669033728223131341e+00
4.209999999999932463e+00,-2.466215839708936763e-01,-1.953280339227924101e-01,4.088388646431635465e+01,-3.849193440922662912e+00
4.214999999999932356e+00,-2.467864681394889570e-01,-2.176248471552840597e-02,3.093996159521723825e+02,-3.347970545135448006e+00
4.219999999999932250e+00,-2.494608462860870846e-01,-6.144423961083389507e-01,-3.280704459147271450e+02,-2.929056299932075724e+00
4.224999999999932143e+00,-2.515700162230823933e-01,-6.051537013991040714e-01,-3.758997242191513806e+02,-1.970049972195468957e+00
4.229999999999932037e+00,-2.539629603540439207e-01,-3.928750434999793706e-01,5.397957887534883525e+01,-6.340896903916192207e-01
4.234999999999931930e+00,-2.565967974064021218e-01,-4.809210768782632428e-01,-1.972952215055726128e+02,6.605037288522346284e-01
4.239999999999931823e+00,-2.583559661539824859e-01,-2.261870963897106845e-01,3.656316112223369714e+02,1.791850113041678405e+00
4.244999999999931717e+00,-2.595752965934794432e-01,-3.656247892340844241e-01,-1.996894049078129569e+02,1.899008155137400955e+00
4.249999999999931610e+00,-2.592784144874443197e-01,1.769360463141865514e-01,3.356898774103367900e-01,2.784418783320640856e+00
4.254999999999931504e+00,-2.579403824444178595e-01,3.206290840217360660e-01,-4.937955793812670890e+01,2.565283478103710824e+00
4.259999999999931397e+00,-2.555460273770748247e-01,5.969453825324202434e-01,-2.463497079458633365e+01,2.204386267265105115e+00
4.264999999999931291e+00,-2.525972695101679211e-01,5.857258662137103666e-01,-8.702005938874209789e+01,1.471383153483677875e+00
4.269999999999931184e+00,-2.492222135070724376e-01,5.867380761169987968e-01,-2.238569042377009737e+02,1.141163121664102498e+00
4.274999999999931077e+00,-2.458717578639880719e-01,6.618395658400134662e-01,-2.098760534754081064e+01,1.048116580222799188e+00
4.279999999999930971e+00,-2.428410352326896282e-01,4.465620207178357948e-01,-2.855532716988068955e+02,8.718784302180884183e-01
4.284999999999930864e+00,-2.403255034445504479e-01,4.802542518362994950e-01,1.195686575207135860e+01,1.064571789682733804e+00
4.289999999999930758e+00,-2.383463377231428426e-01,2.545322113679038822e-01,-2.615009600351498307e+02,9.334532338142225161e-01
4.294999999999930651e+00,-2.366003076080986089e-01,3.292029867454667746e-01,2.016144442460809216e+01,1.168816275981925168e+00
4.299999999999930544e+00,-2.352569278598592162e-01,1.342325708260516115e-01,-2.606723017633887594e+02,1.031230964438250908e+00
4.304999999999930438e+00,-2.338686261472979200e-01,2.117875334670067389e-01,1.043746784668972261e+01,1.271866944336206506e+00
4.309999999999930331e+00,-2.327192465490851569e-01,6.726376255783279856e-02,-2.251044014300281333e+02,1.168309411984786550e+00
4.314999999999930225e+00,-2.313396950848632116e-01,2.009451655183929764e-01,1.370151370200728813e+01,1.374489848642598488e+00
4.319999999999930118e+00,-2.301153988056899025e-01,9.394681462495084456e-02,-2.102602789395434115e+02,1.210650458996941126e+00
4.324999999999930012e+00,-2.286845546288505115e-01,1.945587027149118242e-01,-1.840227429889666766e+01,1.384975926841336191e+00
4.329999999999929905e+00,-2.273400564717219241e-01,1.456441444738605651e-01,-1.827582730530278354e+02,1.247752640033856553e+00
4.334999999999929798e+00,-2.258998723496144778e-01,2.001659692768869014e-01,-3.534955661415393635e+00,1.363994264156103586e+00
4.339999999999929692e+00,-2.244912165381708069e-01,1.241691108202991056e-01,-2.157189930121155896e+02,1.232409999007312740e+00
4.344999999999929585e+00,-2.231651619880022364e-01,2.337889349916439374e-01,2.528744400139134374e+00,1.320021628416045978e+00
4.349999999999929479e+00,-2.218789213064265298e-01,8.872232020897348470e-02,-1.942848566569633988e+02,1.175839052154892039e+00
4.354999999999929372e+00,-2.204545996100892857e-01,2.200275117941703218e-01,-6.610584570171918983e+01,1.287877387931115392e+00
4.359999999999929265e+00,-2.191470688870959527e-01,1.633592593513494007e-01,-9.806712659268158916e+01,1.268835961796685785e+00
4.364999999999929159e+00,-2.177166797992578506e-01,2.165528062611174476e-01,-6.415024205138819013e+01,1.269414454484584454e+00
4.369999999999929052e+00,-2.163821123839071714e-01,2.168224806686876172e-01,-8.070821561841805192e+01,1.138099665844133135e+00
4.374999999999928946e+00,-2.149736221855990670e-01,2.652983898587431555e-01,1.461239055255332531e+01,1.222972312791189564e+00
4.379999999999928839e+00,-2.137977533849078626e-01,1.516595907486074368e-01,-1.394494400864267334e+02,1.102415367008241720e+00
4.384999999999928733e+00,-2.123746914258966556e-01,3.200257278525315829e-01,5.500020952098193305e+01,1.159982027491014200e+00
4.389999999999928626e+00,-2.113592779756738593e-01,1.108558210729227861e-01,-1.039144430187931221e+02,1.031339089537586462e+00
4.394999999999928519e+00,-2.101769686938684545e-01,2.602422407234122881e-01,1.004436990284996227e+02,1.209312886299571232e+00
4.399999999999928413e+00,-2.090336104410028539e-01,1.578407138250626229e-01,-9.546975787181347073e+01,9.960854620915955415e-01
4.404999999999928306e+00,-2.077780963981737394e-01,2.249284698529710746e-01,-1.027480997747233005e+01,9.702673784895536890e-01
4.409999999999928200e+00,-2.070678918617820385e-01,3.891890514836340159e-02,-1.187756319565067145e+02,7.946626133341145870e-01
4.414999999999928093e+00,-2.064770161565634143e-01,7.665524007893968761e-02,-1.191997353059688081e+01,7.594530854034325928e-01
4.419999999999927986e+00,-2.063777112255039126e-01,-4.606246310413238121e-02,-4.741771805524218308e+01,6.182732627219460486e-01
4.424999999999927880e+00,-2.059328846512613886e-01,1.445351404560555053e-01,2.980021694393160203e+01,1.094551169280307601e+00
4.429999999999927773e+00,-2.045754298144875638e-01,3.550807667584049421e-01,5.137148246974770416e+01,1.238766949362789749e+00
4.434999999999927667e+00,-2.026908790667180105e-01,3.784260967274903353e-01,-3.535791795884530586e+01,1.363962442005256959e+00
4.439999999999927560e+00,-2.004506765952192293e-01,4.823801267659885705e-01,2.663448895155995544e+01,1.351718714604135618e+00
4.444999999999927454e+00,-1.983868979464074034e-01,3.720061342650325953e-01,-2.389267104357973537e+01,1.281202965297586260e+00
4.449999999999927347e+00,-1.967355438915488475e-01,2.752911864587335167e-01,-1.909187396838180106e+01,1.084465537323739959e+00
4.454999999999927240e+00,-1.954447928242017685e-01,1.716376939001617863e-01,-2.090405376017743890e+02,6.272156028822577500e-01
4.459999999999927134e+00,-1.939186134505467840e-01,3.496850369037642903e-01,2.843638948545395806e+02,1.343202978230917111e-01
4.464999999999927027e+00,-1.940010354206003207e-01,-2.049149068383349648e-01,-6.514456473190930410e+02,-9.636511761652922781e-01
4.469999999999926921e+00,-1.934938950075931474e-01,2.620655025988615217e-01,9.023982169058813270e+02,-1.360342367624444382e+00
4.474999999999926814e+00,-1.933739772935023082e-01,-1.849224911795037674e-01,-8.958105070595746611e+02,-3.127397953618121562e+00
4.479999999999926708e+00,-1.932857177079487232e-01,1.317228076256781177e-01,1.153664682155963646e+03,-2.821851157457575088e+00
4.484999999999926601e+00,-1.941870559495952608e-01,-6.228245375114105364e-02,8.610521636249968651e+02,-3.034929782799165032e+00
4.489999999999926494e+00,-1.947762861760782283e-01,2.690704125638269106e-01,1.508113782189533140e+03,-2.925774389064457637e+00
4.494999999999926388e+00,-1.949006850318971140e-01,9.505691458761826584e-02,6.653640594823704077e+02,-3.312902633772285999e+00
4.499999999999926281e+00,-1.951614962474759740e-01,2.240535324265607586e-01,1.404261960904009811e+03,-3.260449298874972701e+00
4.504999999999926175e+00,-1.944661371541065165e-01,3.509450981960481331e-01,1.248839547345125766e+03,-3.422906370037756218e+00
4.509999999999926068e+00,-1.940993036681348538e-01,1.283057992431905769e-01,9.860139886397599867e+02,-3.499141968349965826e+00
4.514999999999925961e+00,-1.935766606068836104e-01,3.229600172262125368e-01,1.411159848585146847e+03,-3.569947546599645527e+00
4.519999999999925855e+00,-1.930452444462585904e-01,1.557419450709316699e-01,1.086481184240142738e+03,-3.814774101891134084e+00
4.524999999999925748e+00,-1.919619546496875717e-01,5.612902998625688422e-01,1.277019840786906116e+03,-4.241754622787326845e+00
4.529999999999925642e+00,-1.904382214719846367e-01,-3.403012242204174476e-02,-5.656806947550926452e+02,-4.897652491360538818e+00
4.534999999999925535e+00,-1.899705223381945030e-01,-3.805107997019609445e-01,-1.334223771064099083e+03,-5.315026257631265239e+00
4.539999999999925429e+00,-1.885996134068323726e-01,-2.309967783705630107e-01,-7.061422165637917487e+02,-5.145440097315343131e+00
4.544999999999925322e+00,-1.871783918679884307e-01,4.713505366729650592e-01,1.494702062290161848e+02,-5.105405630627887881e+00
4.549999999999925215e+00,-1.867111643342944938e-01,2.922483809485996731e-01,7.573878409677042782e+02,-4.782351487420472225e+00
4.554999999999925109e+00,-1.856170443699564909e-01,1.189008187741786259e-02,-3.339356411857115745e+02,-4.645924106933664532e+00
4.559999999999925002e+00,-1.861447965205888788e-01,-1.260096387549101138e+00,-1.616091789315878259e+03,-4.369832590895015301e+00
4.564999999999924896e+00,-1.844115467650556395e-01,9.184731175724463181e-01,7.693479265321791445e+02,-4.117061938352092554e+00
4.569999999999924789e+00,-1.854495297078215255e-01,4.437741143692364165e-01,7.441007647968189076e+02,-4.038886122917924482e+00
4.574999999999924682e+00,-1.866182547585463480e-01,4.602727002179387433e-02,6.205411596719480940e+02,-3.769951937067871128e+00
4.579999999999924576e+00,-1.877235062435063384e-01,-4.518575573296535475e-01,-3.160138256865970448e+02,-4.001107934401400001e+00
4.584999999999924469e+00,-1.896991864085961765e-01,-9.687351681719923446e-01,-8.843085377499111246e+02,-3.854867643845656389e+00
4.589999999999924363e+00,-1.913138633179181924e-01,-2.440409506021040398e-01,-8.011904751170322925e+01,-3.680177905030246777e+00
4.594999999999924256e+00,-1.933159652030017883e-01,-2.052500563143543344e-01,4.712120712865990981e+02,-3.274791244449022809e+00
4.599999999999924150e+00,-1.956053435978313826e-01,-9.338347366375356062e-02,9.765198634862688323e+02,-2.922560658362818753e+00
4.604999999999924043e+00,-1.990319335413940904e-01,-9.305077307681387522e-01,-8.721366844770574289e+02,-3.304721708749797759e+00
4.609999999999923936e+00,-2.009415041101011434e-01,-6.599970599246548497e-01,-4.294739393507420004e+02,-3.035711027359475178e+00
4.614999999999923830e+00,-2.028988456798225537e-01,-3.091377683147180089e-01,-4.992133266084915135e+02,-3.199361190048208847e+00
4.619999999999923723e+00,-2.031974104665497105e-01,3.278159939245409854e-02,1.147867717995434873e+02,-3.015437965768868800e+00
4.624999999999923617e+00,-2.043946940750676067e-01,-2.951111441018620662e-01,-1.089976902981112801e+02,-2.888048965422093328e+00
4.629999999999923510e+00,-2.054409967833043527e-01,-3.858411662876559123e-01,-3.947671153409715998e+02,-2.885907503594511869e+00
4.634999999999923403e+00,-2.058264053512127989e-01,1.542869955778540525e-01,-1.730204244423936899e+01,-2.896130198982265647e+00
4.639999999999923297e+00,-2.070921084180803173e-01,3.610086053668865036e-01,1.400667718795473547e+03,-2.240593537015314496e+00
4.644999999999923190e+00,-2.071781080098185623e-01,-2.065630422336428851e-01,-2.581920005229998196e+02,-2.765049862567361405e+00
4.649999999999923084e+00,-2.072530180320293347e-01,1.719207883782425117e-01,1.028046387358131568e+02,-2.700816885159781133e+00
4.654999999999922977e+00,-2.073279168291574937e-01,2.181706732578838348e-01,2.879858835658958469e+02,-2.645062610317511886e+00
4.659999999999922871e+00,-2.073877701686872022e-01,-1.139933456648538207e-01,-2.189272290800468852e+02,-2.695063397223409929e+00
4.664999999999922764e+00,-2.072303191664108812e-01,2.201502554337683437e-01,1.469344043317981914e+02,-2.653179311893242964e+00
4.669999999999922657e+00,-2.074600565990788459e-01,1.340319729273007077e-01,3.337383223500599456e+02,-2.550331613929940566e+00
4.674999999999922551e+00,-2.081102113283276045e-01,-5.346526616791044129e-01,-6.865002680249382365e+02,-2.683285501037877108e+00
4.679999999999922444e+00,-2.085631699246407733e-01,3.013216825666854559e-01,4.066780917901561452e+02,-2.473711521533485058e+00
4.684999999999922338e+00,-2.096299027710966656e-01,-3.588458010647475188e-02,4.680135394808057185e+02,-2.356541968233907713e+00
4.689999999999922231e+00,-2.110164927291590942e-01,-5.195921283899523901e-01,-7.430802132977712517e+02,-2.599714083711203383e+00
4.694999999999922125e+00,-2.113945083883718434e-01,3.079301744214462122e-01,3.951783531606772044e+02,-2.357234858023792956e+00
4.699999999999922018e+00,-2.128824434238114349e-01,-1.552517271771848284e-01,6.408104431307186815e+02,-2.069884837010742551e+00
4.704999999999921911e+00,-2.137638770792505416e-01,-2.689275778028736852e-01,-6.734616324568214623e+02,-2.519487161645977746e+00
4.709999999999921805e+00,-2.135449270349726314e-01,2.124507398281897941e-01,2.500382063814930973e+02,-1.823712555945477654e+00
4.714999999999921698e+00,-2.140338193391325416e-01,4.007027168513994098e-01,9.829707503700369671e+02,-1.267590849999046698e+00
4.719999999999921592e+00,-2.134990574038596600e-01,1.179358701189197473e-01,2.086480951533851069e+01,-1.313012383241009440e+00
4.724999999999921485e+00,-2.150499580632493357e-01,-3.317642651590420322e-02,7.516877537577979638e+02,-4.789675482116577121e-01
4.729999999999921378e+00,-2.156916059693891052e-01,-7.463568669367980357e-01,-9.029387789852877404e+02,-8.264915272480305442e-01
4.734999999999921272e+00,-2.145951632727346181e-01,3.289719582107363260e-01,7.803981685516664868e+01,-4.439823975656962962e-01
4.739999999999921165e+00,-2.135529595473346920e-01,7.209436718348366524e-01,9.494770127093532892e+02,-2.197839156705647667e-01
4.744999999999921059e+00,-2.123041470182857882e-01,4.432161796463011116e-01,2.608658531966133296e+02,-3.452787458181023617e-01
4.749999999999920952e+00,-2.112278277855296482e-01,4.948053890112268927e-01,3.201025768948782115e+02,8.067331088799077621e-02
4.754999999999920846e+00,-2.087173313130254171e-01,6.204041613143972400e-01,5.299879598113471246e+01,2.752600243639868882e-01
4.759999999999920739e+00,-2.070798226769339501e-01,4.075740284370112376e-01,2.469547408876231600e+02,8.666601891308868266e-01
4.764999999999920632e+00,-2.047736909274695538e-01,4.423800431095087915e-01,-5.469058428591139887e+00,9.815190087152475540e-01
4.769999999999920526e+00,-2.022456464643268004e-01,5.647514040038009719e-01,1.194819044391895062e+02,8.976886117468294568e-01
4.774999999999920419e+00,-2.001562669437595421e-01,2.846381343255497964e-01,-2.459627419038114056e+02,4.239377029259340790e-01
4.779999999999920313e+00,-1.977593808292850974e-01,5.358013365676262962e-01,1.187143429719969561e+02,2.994062159281706270e-01
4.784999999999920206e+00,-1.952731305300791920e-01,5.277126502990552304e-01,-5.360541936175258826e+01,3.351796484124459075e-01
4.789999999999920099e+00,-1.924497914795643139e-01,5.170455257408489436e-01,-1.510590085457075702e+02,4.621689951711009381e-01
4.794999999999919993e+00,-1.900677598964794768e-01,3.585635998984154083e-01,-2.063949824965770858e+02,4.014727558121969908e-01
4.799999999999919886e+00,-1.880756336868928957e-01,2.919581793192901342e-01,-9.742077313333041388e+01,3.970699386108527129e-01
4.804999999999919780e+00,-1.864391231354055878e-01,3.520996130930332257e-01,1.616447189609990573e+02,3.990520456901778257e-01
4.809999999999919673e+00,-1.857173797473116172e-01,1.210471033000596053e-01,1.888144262802481066e+01,2.894092134827787044e-01
4.814999999999919567e+00,-1.853786556322212786e-01,9.743189572984765900e-02,1.384045127750653137e+02,3.019726807139574976e-01
4.819999999999919460e+00,-1.853757540854160668e-01,-4.841026053513546035e-02,-8.534205305480125503e+01,1.450795668100741675e-01
4.824999999999919353e+00,-1.857367230694487725e-01,-1.188156191415705165e-01,-1.172618730617021470e+02,1.265399636028008146e-01
4.829999999999919247e+00,-1.860189825318893930e-01,-1.070623030613201548e-01,-9.787479467184249415e+01,1.481151139495869018e-01
4.834999999999919140e+00,-1.862375346867319315e-01,-5.996202517780613306e-02,-2.717665513212044459e+01,1.101297519372633205e-01
4.839999999999919034e+00,-1.864450921732621336e-01,-1.626442536638344205e-01,-9.952369898141371607e+01,6.178384463977697194e-02
4.844999999999918927e+00,-1.867741116381851640e-01,-1.761468751241335728e-01,-1.229865994083851177e+02,4.261540861464502283e-02
4.849999999999918820e+00,-1.871185288736357810e-01,-1.142580536949057979e-01,-6.973482517955183368e+00,2.606028941624741885e-02
4.854999999999918714e+00,-1.875742647309340538e-01,-2.191333788178739805e-01,-1.104489698167085123e+02,-6.552630336551495960e-02
4.859999999999918607e+00,-1.881329188400859831e-01,-2.259428787905457814e-01,-1.316271453801845439e+02,-7.237278274694039504e-02
4.864999999999918501e+00,-1.887949983030684509e-01,-1.732412895797168229e-01,1.509590437060806600e+01,-1.005568447507573099e-01
4.869999999999918394e+00,-1.898219826195018112e-01,-3.714481165895148207e-01,-1.422141002812280419e+02,-2.382269448075175211e-01
4.874999999999918288e+00,-1.910893998426191620e-01,-3.784733511562182184e-01,-1.554419587728955605e+02,-2.197443793371905985e-01
4.879999999999918181e+00,-1.928044445742068125e-01,-3.640945686014229188e-01,3.640891836737235820e+01,-2.414075628518279337e-01
4.884999999999918074e+00,-1.948877942049341006e-01,-5.764978617828128149e-01,-1.375175904740194994e+02,-3.422245229292768531e-01
4.889999999999917968e+00,-1.973397694681668091e-01,-5.760966693832808572e-01,-1.292623353189693773e+02,-2.793657241024653515e-01
4.894999999999917861e+00,-2.000372396720134227e-01,-6.013866899965432111e-01,-1.216748654677101484e+02,-3.269951239381169161e-01
4.899999999999917755e+00,-2.027682034419424073e-01,-6.383809429274124314e-01,-2.122547680059056745e+02,-3.977084554519437765e-01
4.904999999999917648e+00,-2.060422144636168407e-01,-6.252815452742926938e-01,7.924096961447638421e+00,-4.005677044245588569e-01
4.909999999999917542e+00,-2.099167871285203824e-01,-7.396644915610575133e-01,9.076319450160958979e+01,-4.483373233651966050e-01
4.914999999999917435e+00,-2.142465829943732414e-01,-8.125669401510104972e-01,1.351054759173719333e+02,-4.527113177533628741e-01
4.919999999999917328e+00,-2.192993256357703702e-01,-1.098970433778181599e+00,-9.451126919595414222e+01,-5.445454008817383063e-01
4.924999999999917222e+00,-2.243635600419436049e-01,-1.089356857750344076e+00,-8.178714668241954655e+01,-4.445190301979471403e-01
4.929999999999917115e+00,-2.296579326204248039e-01,-1.081881099161253301e+00,-2.058066588991073331e+01,-5.062681860729971728e-01
4.934999999999917009e+00,-2.354670374795180821e-01,-1.190227364042236946e+00,-1.157131669819468698e+02,-7.323723110773232570e-01
4.939999999999916902e+00,-2.418201741737667498e-01,-1.347263791797127519e+00,-9.791813625695836265e+01,-7.488870399100998609e-01
4.944999999999916795e+00,-2.487099307281377958e-01,-1.403918244892820910e+00,-7.826511007177654733e+01,-4.936508859755938117e-01
4.949999999999916689e+00,-2.557101023632274983e-01,-1.357974548611528887e+00,6.158012953075174778e+01,-5.609216547647866147e-02
4.954999999999916582e+00,-2.623781546547176435e-01,-1.304747241729424578e+00,3.414404121892174260e+01,6.549032451716342296e-01
4.959999999999916476e+00,-2.678567251126036663e-01,-9.717187531857337524e-01,-2.313704337448485582e+00,1.422373473877399208e+00
4.964999999999916369e+00,-2.719264029001910443e-01,-8.024123637057284375e-01,-9.641242576769003847e+01,1.243113984812088901e+00
4.969999999999916263e+00,-2.748841081781281948e-01,-4.531786143034655656e-01,1.434073737364218744e+02,1.286578518055455644e+00
4.974999999999916156e+00,-2.767492123150461780e-01,-2.828622757814849842e-01,9.753998137942886615e+01,1.464719705879184097e+00
4.979999999999916049e+00,-2.777229546738682053e-01,-1.684020262786238287e-01,-7.843033605105534711e+00,1.286031609717753765e+00
4.984999999999915943e+00,-2.777315663617789254e-01,1.198662442266946598e-01,9.939880970049564723e+01,1.391039891709665355e+00
4.989999999999915836e+00,-2.770454829790532369e-01,2.863055766862482865e-01,2.857703389126825755e+02,1.386221439024067248e+00
4.994999999999915730e+00,-2.762437659821453950e-01,3.152178310885073859e-02,-3.361353042979051224e+02,1.325092455159308180e+00
4.999999999999915623e+00,-2.752093009532327605e-01,3.623141882035257333e-01,3.914297200958765757e+02,1.752700150222271880e+00
