5.000000000000000104e-03,1.646919935862921607e-03,5.359065494505680372e-01,1.003731454609648779e+02,-2.239987043992961446e+00
1.000000000000000021e-02,6.465255670757079701e-03,1.230571156537182409e+00,1.277518659327257780e+02,-1.019409946173320147e+00
1.499999999999999944e-02,1.346622805244936105e-02,1.495556153617251693e+00,4.091467171546997861e+01,-1.514247437079945913e+00
2.000000000000000042e-02,2.140819769004926459e-02,1.623924885890128955e+00,9.947583411706112599e+00,-2.831415110848443106e-01
2.500000000000000139e-02,2.823965687526236445e-02,1.188044850997336699e+00,-8.956398812783729113e+01,-5.904778272136568251e-02
3.000000000000000236e-02,3.102565004569477272e-02,1.872515654069047131e-01,-1.696011887893131416e+02,-4.253867271076596790e-01
3.500000000000000333e-02,3.149238319870308750e-02,4.700269399740856363e-02,-1.843593319175143108e+01,1.160814143906160778e+00
4.000000000000000083e-02,3.240954579408481667e-02,2.742885918335546958e-01,4.519326284271932792e+01,1.574911668045386737e+00
4.499999999999999833e-02,3.439662223325996165e-02,4.811809420271159210e-01,4.210536822332871054e+01,1.537455923974970107e+00
4.999999999999999584e-02,3.753044092690990124e-02,7.216563019409049096e-01,4.664991600898878943e+01,1.565639731733010187e+00
5.499999999999999334e-02,4.188589035416710044e-02,9.648894322993165629e-01,4.513393167423512153e+01,1.394224168679544462e+00
5.999999999999999084e-02,4.733981126524337835e-02,1.167566061851613712e+00,3.628753566446449241e+01,1.092118053060009641e+00
6.499999999999998834e-02,5.364117149466722523e-02,1.315167489623842778e+00,2.542420773413610036e+01,7.874667668465055170e-01
6.999999999999999278e-02,6.052909579678570490e-02,1.413132789929038458e+00,1.598399546089209089e+01,5.400732130636279882e-01
7.499999999999999722e-02,6.778609907866005313e-02,1.471647243425627583e+00,8.549702680838409563e+00,3.433546283711962355e-01
8.000000000000000167e-02,7.524183901238741534e-02,1.499382659727147571e+00,2.682083518867622640e+00,1.813922847220211798e-01
8.500000000000000611e-02,8.275903031136194743e-02,1.501630031780377239e+00,-2.260125747893141135e+00,4.360380902498073308e-02
9.000000000000001055e-02,9.021939370285139703e-02,1.481324347751833637e+00,-6.676905250052651120e+00,-7.852848292819736287e-02
9.500000000000001499e-02,9.751570562455862123e-02,1.440269744532621576e+00,-1.075213692924690179e+01,-1.884350247179653604e-01
1.000000000000000194e-01,1.045476585004381925e-01,1.379650397033986620e+00,-1.456464812119383367e+01,-2.863876066443256097e-01
1.050000000000000239e-01,1.112187272481640898e-01,1.300029765065079390e+00,-1.818696337569239674e+01,-3.715367160193638885e-01
1.100000000000000283e-01,1.174377055827837829e-01,1.202813548904357877e+00,-2.144806523415270050e+01,-4.415489421266812764e-01
1.150000000000000328e-01,1.231219629754594785e-01,1.089927785756203082e+00,-2.424319790775418326e+01,-4.960024659917648404e-01
1.200000000000000372e-01,1.281989628082428889e-01,9.634639082122786746e-01,-2.653458682504459532e+01,-5.353593021245757200e-01
1.250000000000000278e-01,1.326099997267542741e-01,8.265698543300177281e-01,-2.815166252379591683e+01,-5.604502769519605909e-01
1.300000000000000322e-01,1.363123122488862915e-01,6.823937331676923623e-01,-2.913128941814254702e+01,-5.728629770857558423e-01
1.350000000000000366e-01,1.392803751854580496e-01,5.345145705379070744e-01,-2.942534495998036448e+01,-5.725418866611253765e-01
1.400000000000000411e-01,1.415066937934003621e-01,3.865233573735157302e-01,-2.905062911634866296e+01,-5.607891929370026896e-01
1.450000000000000455e-01,1.429997813040187193e-01,2.413784552106483239e-01,-2.812475007626636980e+01,-5.397481000517819760e-01
1.500000000000000500e-01,1.437806209668122115e-01,1.013206213650163084e-01,-2.676032146087632313e+01,-5.104468140397592224e-01
1.550000000000000544e-01,1.439774651092007030e-01,-3.891125968982424022e-01,-2.676786672738657558e+02,-4.268363720974746034e-01
1.600000000000000588e-01,1.390901823746590327e-01,-1.206849809481830516e+00,-1.439737887227928752e+02,1.221390892897083358e+00
1.650000000000000633e-01,1.327708710287431315e-01,-1.232857868962622172e+00,1.414596018194813780e+02,1.887201830195359253e+00
1.700000000000000677e-01,1.264476096117172210e-01,-1.266703629938195519e+00,-1.142612077792504550e+02,2.170877994193418647e+00
1.750000000000000722e-01,1.188061681416407861e-01,-1.989609381270730060e+00,2.648173841131743416e+02,3.058868394832561677e+00
1.800000000000000766e-01,1.143100704435428688e-01,-2.393246082328388813e-01,5.011238890817040783e+02,3.718346713456454289e+00
1.850000000000000810e-01,1.141907121768035022e-01,-2.133124128749293580e-01,-8.329786945904794493e+02,2.930309154155068097e+00
1.900000000000000855e-01,1.156806547217713171e-01,6.380372674276124645e-01,8.733853251207882522e+02,3.534288807195334225e+00
1.950000000000000899e-01,1.159537817335982157e-01,5.749720937258859799e-01,8.774441251606491505e+02,3.501498468710645184e+00
2.000000000000000944e-01,1.170727954059533754e-01,-2.421707578941877936e-01,-1.281880619427703550e+03,2.787605927684718488e+00
2.050000000000000988e-01,1.213516476583229725e-01,1.829474063493260250e+00,1.931399260474645416e+03,3.393956096989709792e+00
2.100000000000001033e-01,1.239669694174140996e-01,-2.355896667618027629e-01,-1.825348053156758851e+03,1.894686271740570138e+00
2.150000000000001077e-01,1.286791835507557491e-01,1.868764746456529124e+00,2.014696048901790164e+03,3.252900559475319753e+00
2.200000000000001121e-01,1.308895229964043005e-01,-3.476560945550442594e-01,-1.919724310716024775e+03,1.587449941866165615e+00
2.250000000000001166e-01,1.355926386773838310e-01,1.923733092160250013e+00,2.122632923677515464e+03,2.999807673938144958e+00
2.300000000000001210e-01,1.373561620890261237e-01,-4.671229519717156609e-01,-1.997070528726853581e+03,1.329076544743877486e+00
2.350000000000001255e-01,1.422134130289581244e-01,2.104366063742589610e+00,2.293607825666317240e+03,2.850952181614716530e+00
2.400000000000001299e-01,1.442220488432333636e-01,-3.969659404432006600e-01,-2.014213515622774594e+03,1.330772107343006327e+00
2.450000000000001343e-01,1.499347952659753902e-01,2.126978810603513903e+00,2.203503934915089303e+03,2.840580714652306327e+00
2.500000000000001110e-01,1.533837691588151586e-01,-2.265634833050405861e-01,-2.534989607812826307e+03,9.793114420542619047e-01
2.550000000000001155e-01,1.572163735899836379e-01,5.792972532065943092e-01,9.957206374444374433e+02,3.123937359039987260e+00
2.600000000000001199e-01,1.603931128194455713e-01,2.188581691803018092e+00,2.276667620570460258e+03,2.979732551633972992e+00
2.650000000000001243e-01,1.597282589164252531e-01,-7.249741082812330983e-01,-1.258413080942210627e+03,2.316474197870252993e+00
2.700000000000001288e-01,1.613394696288602548e-01,4.441178374482355196e-01,7.886526735458393489e+01,3.199392418583016262e+00
2.750000000000001332e-01,1.655096979184348394e-01,3.052965795853254671e-01,-1.341009180179075429e+03,2.079430028209144243e+00
2.800000000000001377e-01,1.670839061183971297e-01,1.461797192992599949e-02,-8.564047240916894452e+02,2.601894790534339030e+00
2.850000000000001421e-01,1.712688584314377149e-01,4.296604216220710759e-01,1.865292881317782019e+02,2.569271062056516897e+00
2.900000000000001465e-01,1.748303841367172540e-01,5.536995217350297593e-02,-5.229638823076509198e+02,1.919795305644983241e+00
2.950000000000001510e-01,1.791951020803898564e-01,2.152553860506719818e+00,1.943057882403251369e+03,1.805206469057978991e+00
3.000000000000001554e-01,1.834550882576088116e-01,2.934186847911463558e-01,-1.688718340495959183e+03,-4.263048844196853926e-01
3.050000000000001599e-01,1.883589647242699949e-01,1.198478273525512172e+00,9.371211464363774439e+02,2.272420713229824640e-01
3.100000000000001643e-01,1.903729763517658380e-01,1.055517939563674235e+00,1.020409346143105495e+03,-3.554105803876224101e-01
3.150000000000001688e-01,1.928616126373283723e-01,1.620716548809457702e-01,-7.085273141382724589e+02,-1.083899739149741803e+00
3.200000000000001732e-01,1.954187283176019307e-01,6.813529600845380507e-01,6.872617901376532927e+02,-8.813347417801894457e-01
3.250000000000001776e-01,1.967435130310276892e-01,2.926155391775051365e-02,-5.188663267609753120e+02,-1.742871536488114659e+00
3.300000000000001821e-01,1.980670458918170895e-01,2.651847739040008034e-01,4.317483014965890931e+01,-1.760226361962991426e+00
3.350000000000001865e-01,1.990903530549026912e-01,3.431273849179793389e-01,2.697926291325176749e+02,-2.224950892474528708e+00
3.400000000000001910e-01,1.996161289775323089e-01,2.379055317582828843e-02,-6.636876280377819626e+01,-2.944331117732463365e+00
3.450000000000001954e-01,1.995375188682344259e-01,6.844982298292677514e-02,1.551814272006563726e+02,-3.618030589536741282e+00
3.500000000000001998e-01,1.978627808998874027e-01,-5.443854505002853061e-01,-1.170779153964501091e+02,-4.265408950124802701e+00
3.550000000000002043e-01,1.920201630010482940e-01,-1.539778812423120424e+00,-1.253559875256331253e+02,-4.188753075916546109e+00
3.600000000000002087e-01,1.803959592730033923e-01,-2.807656071111303664e+00,-3.096073799849546049e+02,-4.358262773194107709e+00
3.650000000000002132e-01,1.631558744764968205e-01,-3.821855015186746307e+00,-6.751678557094798805e+01,-3.940829986825934661e+00
3.700000000000002176e-01,1.409960988319535480e-01,-4.811487811309507201e+00,-2.816411604344695547e+02,-3.736233650608946633e+00
3.750000000000002220e-01,1.154232354589814630e-01,-5.292007330469162163e+00,2.506724584126851596e+01,-2.986787476223074833e+00
3.800000000000002265e-01,8.698940235027108336e-02,-5.929883553598467749e+00,-2.094384623223308495e+02,-2.499061026336286240e+00
3.850000000000002309e-01,5.782981815022623928e-02,-5.180400425659120955e+00,9.278832269868876210e+02,-1.794811384402646759e+00
3.900000000000002354e-01,3.251874652507760061e-02,-5.107261340669063898e+00,-1.069001381259420924e+02,-2.057235431636993184e+00
3.950000000000002398e-01,7.692318347893497936e-03,-4.639963633510794772e+00,4.225356475780408800e+02,-1.625496751748874757e+00
4.000000000000002442e-01,-1.430966817908039222e-02,-4.295806089176554821e+00,-3.013985766670435495e+01,-1.788217036850559438e+00
4.050000000000002487e-01,-3.427663605534279206e-02,-3.700039573854902120e+00,2.977249151872100015e+02,-1.571182453930190848e+00
4.100000000000002531e-01,-5.163107572211726726e-02,-3.314988333692121536e+00,-6.014386905690702001e+00,-1.739441784310195471e+00
4.150000000000002576e-01,-6.639322647869913552e-02,-2.673622214299476330e+00,2.407585102780500677e+02,-1.602763879592198570e+00
4.200000000000002620e-01,-7.857738110524377373e-02,-2.261845483724826966e+00,1.466262300248292760e+01,-1.803949810280265353e+00
4.250000000000002665e-01,-8.810393909051703054e-02,-1.648019946413710191e+00,2.121599939512141191e+02,-1.720806443434798716e+00
4.300000000000002709e-01,-9.537778844447154791e-02,-1.328480307409735550e+00,-1.154781824751808017e+01,-1.894609193032836592e+00
4.350000000000002753e-01,-1.005312094189656918e-01,-8.532775072100313718e-01,1.617956248656414289e+02,-1.800471539309075997e+00
4.400000000000002798e-01,-1.042181181922823135e-01,-7.047998680540221716e-01,-8.646081988061924051e+01,-1.894476091190454570e+00
4.450000000000002842e-01,-1.067834212290491858e-01,-4.121371341740600047e-01,1.163073554889409849e+02,-1.731581732871913859e+00
4.500000000000002887e-01,-1.090929525475323320e-01,-4.981185250003801190e-01,-9.936632547346749789e+01,-1.707097530445195854e+00
4.550000000000002931e-01,-1.112065275278988769e-01,-4.023880812451318678e-01,8.135044740782288386e+01,-1.452874669269979213e+00
4.600000000000002975e-01,-1.138910311106029472e-01,-5.729713158677738338e-01,-2.969491136846126267e+01,-1.297200647725799350e+00
4.650000000000003020e-01,-1.169261526456272099e-01,-6.634741257990049990e-01,-5.216459029264937186e+01,-1.162905521459258962e+00
4.700000000000003064e-01,-1.202377272851050533e-01,-6.948111598948031320e-01,-4.837168885805447616e+01,-9.238154170852999059e-01
4.750000000000003109e-01,-1.235916390048597824e-01,-6.834205779000189773e-01,-1.093836617839708509e+02,-6.429061019980851777e-01
4.800000000000003153e-01,-1.267930815071774686e-01,-6.266996692807077496e-01,9.198522221937901477e+00,-5.977443658869360243e-01
4.850000000000003197e-01,-1.298060756209827027e-01,-5.463624023786731732e-01,-1.865727462896328959e+01,-5.010816975913506832e-01
4.900000000000003242e-01,-1.325774315953184845e-01,-5.118998865113669750e-01,6.570651923935100669e+00,-5.642166595825015563e-01
4.950000000000003286e-01,-1.349695014356412093e-01,-4.724157400669929951e-01,4.010708332888743288e-01,-4.918847611981463919e-01
5.000000000000003331e-01,-1.371373668166347148e-01,-4.066980138207875184e-01,-6.042405249516784593e-01,-4.680478082332887313e-01
5.050000000000003375e-01,-1.391485823123828625e-01,-3.979053762487228529e-01,1.109763258299269140e+01,-3.696648781164240671e-01
5.100000000000003419e-01,-1.410082013331802886e-01,-3.853731109905461638e-01,-1.008322827807747402e+01,-3.246157738303000473e-01
5.150000000000003464e-01,-1.426248492635703580e-01,-3.078867921968966304e-01,5.133492431519517396e+01,-3.245402222061265496e-01
5.200000000000003508e-01,-1.443764653658424213e-01,-3.730678197216900083e-01,-3.925238337395613542e+01,-3.300384291474608434e-01
5.250000000000003553e-01,-1.460443595946781525e-01,-2.742720538286673726e-01,1.342116528058453468e+02,-4.047632438650942133e-01
5.300000000000003597e-01,-1.479289957340760020e-01,-4.118096462509817091e-01,-9.854945509537314763e+01,-3.861310554557340069e-01
5.350000000000003642e-01,-1.499759854437643092e-01,-4.681673925032848738e-01,-2.103696167476553569e+02,-5.947540011596443854e-01
5.400000000000003686e-01,-1.517918508795874089e-01,-2.899491769583516509e-01,1.700969259735214791e+02,-5.408686951488391736e-01
5.450000000000003730e-01,-1.536380507445066490e-01,-4.284769646431972334e-01,-1.311312728698077592e+02,-6.571374088568677774e-01
5.500000000000003775e-01,-1.552341188592655241e-01,-2.848408553053226044e-01,7.731982204549541393e+01,-9.144360337341727041e-01
5.550000000000003819e-01,-1.565174197550804336e-01,-2.937422944514893608e-01,-1.103527902751030041e+02,-6.340759801462181322e-01
5.600000000000003864e-01,-1.577785797416159097e-01,-1.969259869368796545e-01,2.382620515972169528e+01,-6.179012345500308756e-01
5.650000000000003908e-01,-1.584327065390645772e-01,5.844172056171122176e-02,-8.941812664425594193e+00,-6.430026588472382842e-01
5.700000000000003952e-01,-1.586377495166332585e-01,-7.238096304927471580e-02,-1.303268249208556426e+02,-4.512018784951868922e-01
5.750000000000003997e-01,-1.585608003799502397e-01,7.400053057624872074e-03,1.459938398049432919e+02,-4.036520130905807413e-01
5.800000000000004041e-01,-1.583581838871875869e-01,-7.309767723699973907e-02,-1.301675385674766403e+02,-3.749385537210233044e-01
5.850000000000004086e-01,-1.556541926874598913e-01,9.082168184015652068e-01,2.589834034633796378e+01,-9.437425133850801950e-01
5.900000000000004130e-01,-1.479302585550017479e-01,1.868343824784385987e+00,1.960446042064201890e+02,-1.065632589406939834e+00
5.950000000000004174e-01,-1.375025460920036857e-01,2.123761260008342866e+00,-1.375088315683118765e+02,-1.367791615374659653e+00
6.000000000000004219e-01,-1.262010790629241874e-01,2.288273404268105438e+00,8.965289451490748718e+01,-1.111585763816668404e+00
6.050000000000004263e-01,-1.155825054548583891e-01,2.021853936336662549e+00,-1.111823240267235491e+02,-6.649146790001561058e-01
6.100000000000004308e-01,-1.061389671227237208e-01,1.774887136780515462e+00,-1.452215310467177112e+01,-5.210765409620810029e-02
6.150000000000004352e-01,-9.777111211227697274e-02,1.651436756176036580e+00,-2.146397333471814406e+01,4.404077568962123657e-01
6.200000000000004396e-01,-9.018305225891545818e-02,1.513404681229189697e+00,7.611280680918227404e+01,7.411612726342095003e-01
6.250000000000004441e-01,-8.252355010291170800e-02,1.568975252092105199e+00,5.827612670107114923e+00,1.060464332234970719e+00
6.300000000000004485e-01,-7.396689290118685367e-02,1.797516573731954059e+00,4.651144896196136358e+01,1.677478351314521055e+00
6.350000000000004530e-01,-6.332137991287141443e-02,2.261880998489173233e+00,-2.473645367552754237e+01,2.138548364716399419e+00
6.400000000000004574e-01,-4.924118230360385179e-02,3.105340719163457219e+00,2.781945711876097675e+02,2.464604646950932398e+00
6.450000000000004619e-01,-3.245043129567288381e-02,3.571426635811038253e+00,-4.024986910558893527e+01,2.172259549763770003e+00
6.500000000000004663e-01,-1.398411498149604304e-02,3.605643619202048900e+00,-1.278898267321739013e+02,1.980083777674137790e+00
6.550000000000004707e-01,5.850507693608427220e-03,4.037316508454527053e+00,1.212380564838702952e+02,2.083893684866545915e+00
6.600000000000004752e-01,2.610031346398017371e-02,4.126400757973324396e+00,1.411975242654694398e+02,1.837270170153945337e+00
6.650000000000004796e-01,4.159424261917209903e-02,-2.476930453993462233e-01,-4.147574752153976078e+03,1.341571620622235450e+00
6.700000000000004841e-01,3.786556879494806793e-02,-6.961025138452633376e-01,3.698349869483006387e+02,5.785336035813918087e+00
6.750000000000004885e-01,3.557773847842034959e-02,-3.316487199006866726e-01,-1.481908770348920079e+01,5.406552479463246463e+00
6.800000000000004929e-01,3.561918679524381237e-02,4.094445138753864399e-01,5.185953336320264953e+02,4.963098433795479991e+00
6.850000000000004974e-01,3.696546525686435214e-02,4.403753473397637591e-02,-6.894200023051893140e+02,3.993341715696185457e+00
6.900000000000005018e-01,3.882990840196724747e-02,6.292233021504735069e-01,8.237870446893457483e+02,4.202258956352475927e+00
6.950000000000005063e-01,4.186044986020918957e-02,1.111837557721474523e+00,7.239387746982348517e+02,3.974569051727971036e+00
7.000000000000005107e-01,4.359494643100322864e-02,1.085688315207597343e+00,7.295828774535440289e+02,3.641748467626645613e+00
7.050000000000005151e-01,4.473550920951203241e-02,1.256651701596806836e+00,1.016205346098341352e+03,3.974820725626663442e+00
7.100000000000005196e-01,4.648626937318810215e-02,1.525404099934472013e+00,1.065901544620874802e+03,4.188327772746958111e+00
7.150000000000005240e-01,4.801842847629149424e-02,1.318226173910178600e+00,9.984871596878896298e+02,3.863264723953464319e+00
7.200000000000005285e-01,4.893330299593682403e-02,1.396045070874563310e+00,1.216600270579513108e+03,4.108121443486422386e+00
7.250000000000005329e-01,5.000060410085125501e-02,1.397723127678633492e+00,1.108385768384195444e+03,4.634814934016152854e+00
7.300000000000005373e-01,5.078207650238792531e-02,1.350175065652294171e+00,1.222311603978809217e+03,4.309187509462460319e+00
7.350000000000005418e-01,5.134916171043565902e-02,1.459995449510780086e+00,1.353400288404648791e+03,4.440510182787265947e+00
7.400000000000005462e-01,5.144207716788994772e-02,1.195848741040086205e+00,1.167631419240253535e+03,4.767712915119563633e+00
7.450000000000005507e-01,5.035454810389965175e-02,1.052873060325206778e+00,1.259898034670416564e+03,4.203075453054889721e+00
7.500000000000005551e-01,4.907636074289459943e-02,9.906283176607842966e-01,1.227715099083057567e+03,4.036019689564202650e+00
7.550000000000005596e-01,4.803549961307142235e-02,1.029942803230665449e+00,1.216421598015077961e+03,4.049497259499124979e+00
7.600000000000005640e-01,4.770919794531833930e-02,1.135290888392483710e+00,1.169223497591812247e+03,4.020327177938548324e+00
7.650000000000005684e-01,4.777393030176219774e-02,1.070983350004122814e+00,1.003823522983721091e+03,3.809082146113013323e+00
7.700000000000005729e-01,4.560581858743824324e-02,-1.516252688238492796e+00,-1.654528251420849983e+03,3.612726749619235900e+00
7.750000000000005773e-01,4.387830517891358473e-02,-1.322270229863135027e+00,-1.541973361443676595e+03,3.683896069906734905e+00
7.800000000000005818e-01,4.285241767939211577e-02,-1.211810947591126508e+00,-1.553678742440796668e+03,3.474453288177125732e+00
7.850000000000005862e-01,4.241706705298979585e-02,-1.005232788209375450e+00,-1.479157896856127991e+03,3.385315048714597097e+00
7.900000000000005906e-01,4.071139855536757418e-02,-8.631251691913041091e-01,-1.618455201310039001e+03,3.238119300176203197e+00
7.950000000000005951e-01,3.959217681797121136e-02,-6.500822834471837730e-01,-1.389725661985541592e+03,3.298013208958469278e+00
8.000000000000005995e-01,3.716187701907838065e-02,-3.390702842979352316e-01,1.161831229756524863e+03,4.467428621155191237e+00
8.050000000000006040e-01,3.558213011298268919e-02,-2.142946232052159727e-01,1.205012120039469892e+03,4.397603344024134664e+00
8.100000000000006084e-01,3.401869089222110676e-02,-3.237482302774710718e-01,1.166863648657400063e+03,4.092450057674685837e+00
8.150000000000006128e-01,3.250010972928207842e-02,-2.693535915138748904e-01,1.083467965021092368e+03,4.232437170855283703e+00
8.200000000000006173e-01,3.141865462347853688e-02,-1.413899642091077102e-01,1.161519667181551540e+03,4.343079602578442611e+00
8.250000000000006217e-01,3.115962495515707878e-02,6.708559744450927342e-02,1.234192108849660144e+03,4.439299353311120910e+00
8.300000000000006262e-01,3.162458512970620084e-02,3.316072594878434754e-01,1.157248164305289492e+03,3.784068642632522739e+00
8.350000000000006306e-01,3.086499503545441989e-02,4.538039670803509784e-01,1.186218581647172186e+03,3.993726176363580294e+00
8.400000000000006350e-01,3.105686791159333743e-02,7.344473304537230129e-01,1.188817857372016533e+03,4.153088346702562994e+00
8.450000000000006395e-01,3.014619560150077343e-02,1.021973115922157227e+00,1.131692884428072603e+03,3.542959016693336238e+00
8.500000000000006439e-01,3.009681388814018643e-02,1.208090818340073813e+00,1.155438655921546115e+03,3.746233863272085074e+00
8.550000000000006484e-01,3.079054277823371072e-02,1.324055816904519789e+00,1.150266150128454910e+03,3.317402856281628232e+00
8.600000000000006528e-01,3.009779407787718797e-02,-6.987701786037147089e-01,-1.076982806458475579e+03,3.533514160401497683e+00
8.650000000000006573e-01,3.169583523444076401e-02,-2.232346527650706236e-01,-1.098790482968839342e+03,3.347115679983754255e+00
8.700000000000006617e-01,3.368783993078530020e-02,4.980044565982183480e-01,2.379208044074507313e+02,3.553505504636847778e+00
8.750000000000006661e-01,3.671098366537760282e-02,5.496077756560585614e-01,-1.527957397030987750e+02,3.234427448825144769e+00
8.800000000000006706e-01,4.109072547032163042e-02,1.365922279730781952e+00,7.656264153357093392e+02,2.456570937057295900e+00
8.850000000000006750e-01,4.459086538926466253e-02,6.855410024661809931e-01,-5.584561942310107163e+00,8.714254987974711097e-01
8.900000000000006795e-01,4.794543896990542675e-02,7.502346973990593471e-01,1.561084820581505710e+02,-9.437499738286697637e-01
8.950000000000006839e-01,4.975527417479023995e-02,2.259724871535232493e-01,5.327385748049255909e+01,-2.828745065091331501e+00
9.000000000000006883e-01,4.936562916381044552e-02,-2.761399096231425543e-01,-2.036999085514820251e+02,-3.569504193851031015e+00
9.050000000000006928e-01,4.735874569095897824e-02,-4.574628527309934078e-01,9.725615854499427826e+01,-3.453005957461012798e+00
9.100000000000006972e-01,4.356110720631779787e-02,-8.737598802354079597e-01,-1.555820332747222778e+02,-3.378759906307914118e+00
9.150000000000007017e-01,3.911811766161575610e-02,-8.773672065449462654e-01,1.389933198538008980e+02,-3.203624038967594956e+00
9.200000000000007061e-01,3.407758473590542098e-02,-1.072117736685852973e+00,-1.312832081544709126e+02,-3.279373990870087852e+00
9.250000000000007105e-01,2.910203756796393704e-02,-9.189441736720594944e-01,1.534432953348413378e+02,-3.210468974111935658e+00
9.300000000000007150e-01,2.376950445692185485e-02,-1.133324887296499606e+00,-1.487303039306162020e+02,-3.322486264159149716e+00
9.350000000000007194e-01,1.835923780770539609e-02,-1.031817221199448520e+00,1.361977821708702550e+02,-3.231477318374632368e+00
9.400000000000007239e-01,1.249578755423119691e-02,-1.243186894635074813e+00,-1.450596335599011866e+02,-3.316566077161878567e+00
9.450000000000007283e-01,6.583901031362018527e-03,-1.121907965035862098e+00,1.526960454407745544e+02,-3.133161163978848140e+00
9.500000000000007327e-01,1.041265701116750580e-04,-1.370835480200083722e+00,-1.513730662123362833e+02,-3.216889364889199410e+00
9.550000000000007372e-01,-6.372100011516309073e-03,-1.229658996121745451e+00,1.547605568890234338e+02,-3.038318442115054197e+00
9.600000000000007416e-01,-1.326456165731042941e-02,-1.435116069085359713e+00,-1.406353316996542446e+02,-3.063232901302475053e+00
9.650000000000007461e-01,-1.987255247913667297e-02,-1.229447401772872261e+00,1.733645335947648221e+02,-2.896818950510676061e+00
9.700000000000007505e-01,-2.664329080622809126e-02,-1.391493831921753577e+00,-1.313104504440906055e+02,-2.943456078228464445e+00
9.750000000000007550e-01,-3.288013339672325730e-02,-1.141223334598761463e+00,1.816761161176786459e+02,-2.761872641681323071e+00
9.800000000000007594e-01,-3.911077659123753103e-02,-1.263431029742487777e+00,-1.191102171061437645e+02,-2.845676204720043678e+00
9.850000000000007638e-01,-4.461611795398043312e-02,-9.887758994164864701e-01,1.857897268887749647e+02,-2.664809073790303628e+00
9.900000000000007683e-01,-4.999935535464887504e-02,-1.082640891515601167e+00,-1.093465089992626815e+02,-2.758288634331133249e+00
9.950000000000007727e-01,-5.458379600681463606e-02,-8.078429680361827181e-01,1.880372937729516423e+02,-2.583858978175999521e+00
1.000000000000000666e+00,-5.901286177328703836e-02,-8.801467829389474362e-01,-8.681520674733611997e+01,-2.683965566025367178e+00
1.005000000000000560e+00,-6.267056871560194864e-02,-6.345843052418996821e-01,1.888443403625919927e+02,-2.505723394274353311e+00
1.010000000000000453e+00,-6.617048981131853913e-02,-6.749407800742719399e-01,-3.151285421521219376e+01,-2.596585504280819467e+00
1.015000000000000346e+00,-6.909860908701978555e-02,-5.340781816190598441e-01,1.119670829169342738e+02,-2.457490599432080369e+00
1.020000000000000240e+00,-7.164123862825351463e-02,-5.512063265491814468e-01,-1.173149523224327453e+02,-2.545543240699248422e+00
1.025000000000000133e+00,-7.375871709923237374e-02,-3.363190483078945525e-01,1.138040785227752281e+02,-2.393578582731749282e+00
1.030000000000000027e+00,-7.574133792075783689e-02,-5.130877597937502088e-01,-1.960340064628126697e+02,-2.381169098305311760e+00
1.034999999999999920e+00,-7.743307656306137876e-02,-3.055091708335727074e-01,2.088807462135256188e+01,-2.242523687747621786e+00
1.039999999999999813e+00,-7.899301430905290855e-02,-2.715887615561145552e-01,9.553961497392502622e+01,-2.292212054186291592e+00
1.044999999999999707e+00,-8.061050140033876321e-02,-3.214765603691661089e-01,3.038544911162061979e+01,-2.257235126614192122e+00
1.049999999999999600e+00,-8.204505645840140526e-02,-2.752154634645489484e-01,-3.450837026904875415e+01,-2.211452833029635023e+00
1.054999999999999494e+00,-8.329671075900876853e-02,-2.808884900555655983e-01,7.800649920593967579e+01,-2.034751056472246855e+00
1.059999999999999387e+00,-8.522314029918783007e-02,-4.034106903991281357e-01,1.297998308855236793e+01,-2.009388706780437683e+00
1.064999999999999281e+00,-8.784168144092065200e-02,-6.565668277848840662e-01,-1.158125712539122816e+02,-1.781952053725036622e+00
1.069999999999999174e+00,-9.158714397967654408e-02,-8.390419755144744585e-01,-1.405675258181642207e+01,-1.578821668844283321e+00
1.074999999999999067e+00,-9.610039818278807988e-02,-8.658061288878459161e-01,9.811109154175065328e+01,-1.443630149964134191e+00
1.079999999999998961e+00,-1.014741601366156709e-01,-1.130765243100212425e+00,-5.517276917260950597e+01,-1.183964319828402667e+00
1.084999999999998854e+00,-1.072327339804200752e-01,-1.142642466233363185e+00,5.934760528686092584e+01,-1.029165615164408853e+00
1.089999999999998748e+00,-1.131812952027696634e-01,-1.282975822610477934e+00,-1.406054898688568358e+02,-8.806829141451675280e-01
1.094999999999998641e+00,-1.186783675415442052e-01,-1.022011703667207838e+00,8.426132162920853830e+01,-6.317071468123257594e-01
1.099999999999998535e+00,-1.238089252215954783e-01,-1.033709836602150434e+00,-1.131391210432189496e+02,-6.783102044003117559e-01
1.104999999999998428e+00,-1.284724773400421904e-01,-8.610514484322273621e-01,5.694939099390357740e+01,-5.287481258370458903e-01
1.109999999999998321e+00,-1.323174198992392581e-01,-7.010497487669785643e-01,6.425538355701535309e+00,-2.992446134404006530e-01
1.114999999999998215e+00,-1.349852895055340951e-01,-4.200040433709650856e-01,9.495240817030426683e+01,-1.630547531881277878e-01
1.119999999999998108e+00,-1.364704957780507599e-01,-2.297369194619623967e-01,-1.162041884529473634e+01,-2.092917731223800648e-01
1.124999999999998002e+00,-1.365143845283102453e-01,1.319638815502851281e-01,1.143439530050726916e+02,-4.401449100574825191e-02
1.129999999999997895e+00,-1.352002582454008839e-01,3.571604858205104094e-01,6.111423718645722758e+00,-6.999321701684155239e-02
1.134999999999997788e+00,-1.323212762975254919e-01,7.125839892351726323e-01,1.043826733737620458e+02,-1.098423676194437704e-01
1.139999999999997682e+00,-1.280670823477020881e-01,9.580394601422281831e-01,2.836965756695402874e+01,-7.463705687573696235e-02
1.144999999999997575e+00,-1.223810990336927501e-01,1.265416753268704619e+00,1.156404966251827773e+02,-8.604167220009389938e-02
1.149999999999997469e+00,-1.152926419705042754e-01,1.484848905882522718e+00,-1.964462636562054598e+01,-2.264824060653441995e-01
1.154999999999997362e+00,-1.067604342102571047e-01,1.838451146579338058e+00,1.091708350019657985e+02,-1.118571839033075666e-01
1.159999999999997256e+00,-9.705423094658661987e-02,2.012047207470118781e+00,-3.654484421125321347e-01,-2.130837045714305544e-01
1.164999999999997149e+00,-8.602717911579438326e-02,2.308110472740649399e+00,7.660297165658221274e+01,-3.112647353217521395e-01
1.169999999999997042e+00,-7.392487716230015937e-02,2.502249828787632691e+00,1.950506963530657600e+01,-3.012686792414166481e-01
1.174999999999996936e+00,-6.088182283821473584e-02,2.692169374123448478e+00,9.481377805276524384e+01,-4.107473296338443047e-01
1.179999999999996829e+00,-4.701559507479602384e-02,2.787301139683460161e+00,-5.402929917057252851e+01,-5.563576386849632405e-01
1.184999999999996723e+00,-3.230770169024415467e-02,3.030859660348296902e+00,9.155851555526510310e+01,-4.374988525239296155e-01
1.189999999999996616e+00,-1.784608083493689767e-02,2.872524283116990151e+00,-4.651836331080820486e+01,-5.591265528579734134e-01
1.194999999999996509e+00,-2.904934092230389200e-03,3.044871306215361173e+00,7.190872552151833474e+01,-8.404571832176221946e-02
1.199999999999996403e+00,1.177571059393411022e-02,2.933146522583068627e+00,-2.094555706930578509e+01,-4.574573618125832297e-02
1.204999999999996296e+00,2.584943575377874822e-02,2.744047551191301615e+00,-1.298676865430816463e+02,-1.866962536050322807e-01
1.209999999999996190e+00,3.961149177503694996e-02,2.708012043852789041e+00,-1.467446789266639655e+02,-2.643806257166387841e-01
1.214999999999996083e+00,5.293636181065615454e-02,2.623875979452197527e+00,-4.988980364241484722e+01,-4.601510996011738408e-01
1.219999999999995977e+00,6.580800846786770408e-02,2.513186215047159333e+00,-1.260133614184018427e+02,-7.208550780174803885e-01
1.224999999999995870e+00,7.776127720878756033e-02,2.421304425648032055e+00,1.676220111436625473e+02,-6.944442434203852432e-01
1.229999999999995763e+00,8.879937422558964455e-02,2.091923307963831746e+00,-1.005835984757466122e+02,-6.759069643260239291e-01
1.234999999999995657e+00,8.992553995693965130e-02,-2.855455519388120367e-01,-2.989659378189527388e+02,6.126428711322101650e-01
1.239999999999995550e+00,8.519057306674916730e-02,-8.349655811843255115e-01,4.324604680198727920e+02,1.665255461418890137e+00
1.244999999999995444e+00,7.971973043071825527e-02,-1.127706610706556534e+00,-3.508924519629628662e+02,2.467930433056228168e+00
1.249999999999995337e+00,7.617990486174194831e-02,-5.081939858634618723e-01,5.397385532704498701e+02,3.484135869993862489e+00
1.254999999999995230e+00,7.286648832863068526e-02,-8.229853893115597341e-01,-5.918297432036919190e+02,3.434324260024613995e+00
1.259999999999995124e+00,7.089349478457555864e-02,-7.709479357404395994e-02,7.142018954723555453e+02,4.117155666419010096e+00
1.264999999999995017e+00,6.868961899663002246e-02,-6.997728382944971015e-01,-7.080610707685468697e+02,3.861053404283139034e+00
1.269999999999994911e+00,6.763179773311320253e-02,1.076319516107079460e-01,7.840690679022455924e+02,4.555004584527038602e+00
1.274999999999994804e+00,6.587502470333327087e-02,-6.775333691251100854e-01,-8.074976969920666079e+02,4.183037118577821012e+00
1.279999999999994698e+00,6.513357214242318505e-02,2.072481982540293199e-01,8.735125263544588279e+02,4.989345750562269366e+00
1.284999999999994591e+00,6.350276706946951510e-02,-6.927224403940197561e-01,-8.726668168999404998e+02,4.612834762441155867e+00
1.289999999999994484e+00,6.280391357707326705e-02,2.241438622393832902e-01,9.002392507676722744e+02,5.370443061488291647e+00
1.294999999999994378e+00,6.093618102692802824e-02,-7.890644185489160689e-01,-9.510142348612572505e+02,4.862269214472437540e+00
1.299999999999994271e+00,5.980018476002101763e-02,1.554994492416474638e-01,9.725667592251421638e+02,5.637958798402260996e+00
1.304999999999994165e+00,5.734534580862143266e-02,-9.273140916548302526e-01,-1.018605150804802520e+03,5.306200681448698830e+00
1.309999999999994058e+00,5.552895999839024127e-02,4.719256314617593928e-03,1.002280808165174562e+03,5.814615495906570786e+00
1.314999999999993952e+00,5.212465696575194901e-02,-1.099242595999461836e+00,-9.741483734736850693e+02,5.504161673494499141e+00
1.319999999999993845e+00,4.960876082898060119e-02,-1.104070623307461946e-01,1.011487274459196215e+03,6.203048751690587004e+00
1.324999999999993738e+00,4.584521487740056411e-02,-1.181645745020655225e+00,-1.041472195726848668e+03,5.973009175566374118e+00
1.329999999999993632e+00,4.304267743843108451e-02,-1.733078240934383674e-01,1.048309070956484675e+03,6.450856246701936136e+00
1.334999999999993525e+00,4.128359447397712129e-02,-5.424287356531857229e-01,-3.718238181555211668e+02,6.083425490393631563e+00
1.339999999999993419e+00,3.967889113895631953e-02,3.332597473867542071e-02,8.782138633582296734e+02,6.433453592093656859e+00
1.344999999999993312e+00,3.654473084139929495e-02,-1.136363576990354174e+00,-1.122576676046130842e+03,6.280868988092015215e+00
1.349999999999993205e+00,3.380703086393049839e-02,-1.362827084124251242e-01,1.137303199396380023e+03,7.102435782496160144e+00
1.354999999999993099e+00,3.252285609498663244e-02,2.791032270753332489e-01,7.014530768012044746e+02,6.677872536018798044e+00
1.359999999999992992e+00,2.993449459133527835e-02,-1.107782208608501406e+00,-1.030985533492224249e+03,6.344159700606988750e+00
1.364999999999992886e+00,2.872085656582126084e-02,-4.732598292072004997e-01,-1.353734786771771041e+03,6.375794956631837707e+00
1.369999999999992779e+00,2.909950623711360027e-02,4.397688041319063879e-01,1.272772191250355945e+03,7.129228627579736077e+00
1.374999999999992673e+00,2.587832726023029870e-02,-1.290664232557582558e+00,-1.365837297214758792e+03,6.732828715436404821e+00
1.379999999999992566e+00,2.496117052701262926e-02,-3.217195505062248606e-01,-1.129404483406605095e+03,6.523798454605228336e+00
1.384999999999992459e+00,2.488565151966636718e-02,2.337561099959168387e-01,9.620465056983911154e+02,7.446246781666780556e+00
1.389999999999992353e+00,2.386754743058937603e-02,1.128925277264322569e+00,1.304512838884615348e+03,6.942943344944663586e+00
1.394999999999992246e+00,2.250233576531929236e-02,-1.119662073220207832e+00,-1.567410863068929075e+03,6.723705693990613241e+00
1.399999999999992140e+00,2.051220039175144505e-02,1.726797066410799483e-02,1.238634505774972013e+03,7.898503511543188971e+00
1.404999999999992033e+00,2.157258157736278298e-02,6.381860741928409020e-01,9.464079389234024120e+02,7.228682969403230629e+00
1.409999999999991926e+00,1.920769598198469874e-02,-1.212531977639009106e+00,-1.223312671782612597e+03,6.553605401151303411e+00
1.414999999999991820e+00,1.919288568624890126e-02,-8.822350126928210079e-01,-1.645730796256751773e+03,6.154036457561679718e+00
1.419999999999991713e+00,1.711634211641873196e-02,-6.470108523741058271e-02,1.366243270629254766e+03,7.185617826557135324e+00
1.424999999999991607e+00,1.645263515922391548e-02,4.155866372756807925e-01,8.262132468942894548e+02,6.437562454171207094e+00
1.429999999999991500e+00,1.299734284081913507e-02,-1.295866679898064033e+00,-1.021310138030575104e+03,6.116920845869694645e+00
1.434999999999991394e+00,1.192413190274747674e-02,-1.041780467369877172e+00,-1.527148287055048968e+03,5.910418671557714276e+00
1.439999999999991287e+00,8.804404079538596245e-03,-2.667920028229678886e-01,1.321836447926379151e+03,6.772745537398012772e+00
1.444999999999991180e+00,5.827536924742933618e-03,-8.271729683588596727e-02,8.489708160471552674e+02,6.244580450965202978e+00
1.449999999999991074e+00,2.392390235462085908e-03,5.773763705712366967e-01,1.256747071950756208e+03,6.041442605291903689e+00
1.454999999999990967e+00,-2.451518821595294589e-03,-1.946183889064678763e+00,-1.580770294072627166e+03,5.779734487866099890e+00
1.459999999999990861e+00,-6.933383195902959213e-03,-6.152171105200978651e-01,6.502364170640596512e+02,6.625900223950358381e+00
1.464999999999990754e+00,-1.123268153331150737e-02,-6.286441388503095640e-01,1.157026874523364057e+02,6.211974544789235608e+00
1.469999999999990647e+00,-1.479461471265187955e-02,-9.638518624225643761e-01,-5.103316444900449937e+02,6.217948644946099890e+00
1.474999999999990541e+00,-1.827548514090287374e-02,-4.725399703659374229e-01,5.109762696701146183e+02,6.439942709449086422e+00
1.479999999999990434e+00,-2.209264583356142231e-02,-8.900248309992480067e-01,-3.495895623046143896e+02,6.230373913359668059e+00
1.484999999999990328e+00,-2.517170029293045244e-02,-5.970382486092369323e-01,1.038285579249710509e+02,6.314546792580894241e+00
1.489999999999990221e+00,-2.762641273651513657e-02,-3.236583764052209933e-01,2.399817887790445923e+02,6.405345844479935380e+00
1.494999999999990115e+00,-3.061603673335984432e-02,-9.597554725203703008e-01,-7.675334574954390519e+02,5.987609739505330708e+00
1.499999999999990008e+00,-3.298558994812959139e-02,-4.914432216010229393e-01,-1.143973050989929590e+02,6.261148266929526862e+00
1.504999999999989901e+00,-3.471448300861394026e-02,2.658847466428402445e-02,7.685322472718839890e+02,6.214424067895826020e+00
1.509999999999989795e+00,-3.764006102907812429e-02,-9.897951365904333887e-01,-8.476492971928634006e+02,6.037144917263598032e+00
1.514999999999989688e+00,-3.937094382875465370e-02,-5.424416370022506761e-01,-5.655959648771349748e+02,5.840067313670360249e+00
1.519999999999989582e+00,-4.070384477695072195e-02,-7.327663946182385799e-03,7.662955465098684726e+02,6.107058953618992980e+00
1.524999999999989475e+00,-4.256042269374324394e-02,3.126790067574006238e-01,7.807219372181151584e+02,5.638780863328233472e+00
1.529999999999989369e+00,-4.472361129357140669e-02,-9.342571667449365291e-01,-9.514000185684850521e+02,5.571080111496649501e+00
1.534999999999989262e+00,-4.603063491036506888e-02,-4.714509899664816595e-01,-7.287145505116343429e+02,5.409400593443263183e+00
1.539999999999989155e+00,-4.681844187804894836e-02,1.875730529237883693e-01,9.882599404654198452e+02,5.708107346102186064e+00
1.544999999999989049e+00,-4.826324843014908467e-02,3.868361518813773214e-01,7.562935803392575735e+02,5.145051666723694517e+00
1.549999999999988942e+00,-4.990312656406942909e-02,-6.763779834029237659e-01,-6.972277606289203504e+02,5.131050662165769438e+00
1.554999999999988836e+00,-5.028605112143951644e-02,-4.904397081022366378e-01,-8.874837107083283172e+02,4.890146138189478187e+00
1.559999999999988729e+00,-5.082174327676737546e-02,1.684741564127246738e-01,7.224461993599700236e+02,5.139874351701548605e+00
1.564999999999988622e+00,-5.165818895941731020e-02,8.489338304610959118e-02,2.641522444304246164e+02,4.654915315701948941e+00
1.569999999999988516e+00,-5.219962981873291913e-02,-1.343018903758240179e-01,-1.170584913736063726e+02,4.473854492364367275e+00
1.574999999999988409e+00,-5.210870166941038856e-02,-2.576799698747856970e-01,-7.352905115434833760e+02,4.438159357485753631e+00
1.579999999999988303e+00,-5.138523296145308672e-02,4.780432969989343861e-01,7.986126385930988363e+02,4.710412521955319676e+00
1.584999999999988196e+00,-5.169832532613689163e-02,-4.526900041472330170e-04,-5.996891205933440716e+01,4.122747138782495213e+00
1.589999999999988090e+00,-5.154431099156536050e-02,2.683946031820362566e-02,-3.547129260850108068e+01,4.032858379386541792e+00
1.594999999999987983e+00,-5.085273590832290608e-02,-9.916723603447252788e-02,-6.778212600143461941e+02,4.056634897272918039e+00
1.599999999999987876e+00,-4.939454528076391709e-02,6.019073018590124224e-01,7.400095571548421276e+02,4.282901368763177175e+00
1.604999999999987770e+00,-4.910755548422323508e-02,5.211427709052810636e-02,-1.524505021304894683e+02,3.659393442561831744e+00
1.609999999999987663e+00,-4.816319349003028716e-02,3.181168710623983875e-01,1.848575210510201714e+02,3.672012559443910806e+00
1.614999999999987557e+00,-4.687800880827778377e-02,2.454091336038783169e-02,-6.139218508533291470e+02,3.625657574849779241e+00
1.619999999999987450e+00,-4.484700411566158729e-02,6.887447700834608000e-01,6.115499497930953794e+02,3.820053029422994850e+00
1.624999999999987343e+00,-4.378468797538262458e-02,6.780807404433936147e-02,-3.445232683698675942e+02,3.253359193905770219e+00
1.629999999999987237e+00,-4.152392670053560442e-02,7.331394215568062256e-01,3.760901899976049663e+02,3.661794211838969915e+00
1.634999999999987130e+00,-3.918392282143776106e-02,1.887254654964981848e-01,-6.445431245203345725e+02,3.210768986621955090e+00
1.639999999999987024e+00,-3.610885060642048117e-02,8.406532238344283092e-01,4.762288291191218264e+02,3.353589336441564317e+00
1.644999999999986917e+00,-3.347350196061855271e-02,3.070928042043888917e-01,-4.881011698796653491e+02,3.315547465416847306e+00
1.649999999999986811e+00,-2.951225723501214177e-02,1.402677438658527009e+00,8.509398587677441128e+02,3.663440369235217098e+00
1.654999999999986704e+00,-2.716303927258298737e-02,1.657218096840141763e-01,-6.048996828400498771e+02,2.853455471014835432e+00
1.659999999999986597e+00,-2.385966005132686071e-02,5.827753436532839837e-01,-2.005332720106429178e+02,2.358344124926265994e+00
1.664999999999986491e+00,-1.979532931128769740e-02,5.019596858106323278e-01,-5.655944738582963964e+02,1.439842219916592558e+00
1.669999999999986384e+00,-1.640024044717626819e-02,6.387421763962963794e-01,-2.625039148555269435e+02,4.080561426416266513e-01
1.674999999999986278e+00,-1.302848668587061436e-02,6.976299693379234279e-01,8.965312548627919398e+01,-8.612478696169524328e-01
1.679999999999986171e+00,-9.843821942432015235e-03,6.098374772779509012e-01,-6.918091662069777215e+01,-2.059583552041948096e+00
1.684999999999986064e+00,-6.784688418843490797e-03,5.468283029626133107e-01,-4.511606345033722931e+00,-2.212510890854530565e+00
1.689999999999985958e+00,-4.258229979092631283e-03,5.146937194202205745e-01,-1.155322583550135818e+01,-2.312234902637912537e+00
1.694999999999985851e+00,-1.582264128715431869e-03,5.570685637688227443e-01,9.010815118489306030e+01,-2.251106764292395646e+00
1.699999999999985745e+00,8.731299688164755523e-04,4.678053795277968829e-01,-3.722213570767069513e+01,-2.326387747452566934e+00
1.704999999999985638e+00,2.913082296934742851e-03,5.050066835746604976e-01,1.016602773048075221e+02,-2.209067105732964720e+00
1.709999999999985532e+00,5.093403669561925688e-03,4.242479015958004473e-01,-3.450405557110165944e+01,-2.290355359585749984e+00
1.714999999999985425e+00,7.413258723909873713e-03,5.318296550093954966e-01,7.854203888225808328e+01,-2.262475883156487289e+00
1.719999999999985318e+00,9.193298695772468207e-03,2.852926273411613978e-01,-1.339803790120534472e+02,-2.316886950076152640e+00
1.724999999999985212e+00,1.102541348119688742e-02,4.187052985138385863e-01,1.205547342758472098e+02,-2.227580482943327667e+00
1.729999999999985105e+00,1.250543169736617090e-02,2.136269606325531534e-01,-1.976849775310049608e+02,-2.367266712656325822e+00
1.734999999999984999e+00,1.389141562513636699e-02,3.347047605719747909e-01,1.353119954197472339e+02,-2.258870309163729218e+00
1.739999999999984892e+00,1.497635358548891210e-02,1.261788868328939939e-01,-2.020177657240280098e+02,-2.423499519151339765e+00
1.744999999999984786e+00,1.605481698194537871e-02,3.096794376779534175e-01,8.809158280267776320e+01,-2.395901390459280744e+00
1.749999999999984679e+00,1.656988070056395965e-02,7.853678343876020762e-02,-7.524190069223811861e+01,-2.481406385314295360e+00
1.754999999999984572e+00,1.666250665070860906e-02,1.225935573862044076e-01,1.482383051092080848e+02,-2.408115276913787905e+00
1.759999999999984466e+00,1.595593094665630554e-02,-1.478446911090343929e-01,-1.463958643988545418e+02,-2.545575011185388092e+00
1.764999999999984359e+00,1.551302414756069135e-02,-2.812530728886155629e-01,-2.038795383898639386e+02,-2.553287968244432715e+00
1.769999999999984253e+00,1.457721656732791256e-02,-2.596737495045529087e-01,-1.888614372280351574e+02,-2.687426509496165572e+00
1.774999999999984146e+00,1.377018259392686315e-02,-1.587254378094632434e-01,6.743195473974195409e+01,-2.641049041597844926e+00
1.779999999999984039e+00,1.256945031190795543e-02,-3.659851972949348942e-01,-1.914823803154385473e+02,-2.797177801230823491e+00
1.784999999999983933e+00,1.128119387779519429e-02,-1.949645233195207161e-01,1.654529459949453098e+02,-2.701782515334023138e+00
1.789999999999983826e+00,9.441576555150760566e-03,-4.670723287626827314e-01,-1.995435040416658126e+02,-2.877861641070348142e+00
1.794999999999983720e+00,7.629918182310868949e-03,-3.010579295846598780e-01,1.702491375774233120e+02,-2.741864243224088948e+00
1.799999999999983613e+00,4.812436766710203803e-03,-7.547253067169668039e-01,-2.554339309765511246e+02,-2.850538783414049870e+00
1.804999999999983507e+00,6.851130589702113076e-04,-8.856859129211206438e-01,1.127991238428375169e+02,-2.508454492521547952e+00
1.809999999999983400e+00,-5.924011073812562693e-03,-1.537568403847789256e+00,-2.020599704865091724e+02,-2.423709159705356164e+00
1.814999999999983293e+00,-1.422175756188437910e-02,-1.735426432469034275e+00,7.547738965925431387e+01,-2.048780314861871066e+00
1.819999999999983187e+00,-2.457265836573507486e-02,-2.242811024717461521e+00,-2.096895344671772250e+02,-1.939953091880469938e+00
1.824999999999983080e+00,-3.589550940606021923e-02,-2.260002993613989375e+00,1.642864482036710569e+02,-1.524411602687963274e+00
1.829999999999982974e+00,-4.855826702021999453e-02,-2.642887229626727841e+00,-1.862445702612882883e+02,-1.499202402672158208e+00
1.834999999999982867e+00,-6.148019053184091559e-02,-2.526434154902495344e+00,1.934233465896273287e+02,-1.173538162659506945e+00
1.839999999999982760e+00,-7.489284052286206139e-02,-2.727423934859941390e+00,-1.522372351882243038e+02,-1.122100790664771530e+00
1.844999999999982654e+00,-8.784944422539062159e-02,-2.482307689907375270e+00,2.167987596279146771e+02,-8.774623915904329330e-01
1.849999999999982547e+00,-1.005782191120169061e-01,-2.547632071710720147e+00,-1.334431529264192307e+02,-8.831208118115336791e-01
1.854999999999982441e+00,-1.123290162688456995e-01,-2.202336052110784426e+00,2.306466596183841773e+02,-6.616568330986964952e-01
1.859999999999982334e+00,-1.233936970771593172e-01,-2.193947152502080389e+00,-1.259716253541373163e+02,-7.190898695832590448e-01
1.864999999999982228e+00,-1.332414723438496429e-01,-1.818569809856340536e+00,1.391571642920484919e+02,-5.684430732075977932e-01
1.869999999999982121e+00,-1.418651414338533423e-01,-1.647765579590100948e+00,-8.718510601344616973e+00,-6.062589571335090799e-01
1.874999999999982014e+00,-1.493419318473185320e-01,-1.306176778030116559e+00,2.307376541420216540e+02,-4.791710028336672034e-01
1.879999999999981908e+00,-1.557279514217941863e-01,-1.249589316514418513e+00,-1.179418732106183683e+02,-6.759459404117894588e-01
1.884999999999981801e+00,-1.608010341002631682e-01,-8.581776486497015854e-01,2.092589662932317935e+02,-5.024302360759765884e-01
1.889999999999981695e+00,-1.651825054893100997e-01,-7.902607174851123961e-01,5.338957576413086770e+00,-6.456871087873106152e-01
1.894999999999981588e+00,-1.683480788420695928e-01,-5.277916304202016073e-01,1.024772422508469276e+02,-6.018532655600405956e-01
1.899999999999981481e+00,-1.706613285304941219e-01,-4.922002425173429563e-01,-1.122160015002948654e+02,-6.818453432954612037e-01
1.904999999999981375e+00,-1.718369501906846508e-01,-7.436554885523732894e-02,1.876921856112700198e+02,-5.501643228558659171e-01
1.909999999999981268e+00,-1.723193376273141064e-01,-6.184772795963031089e-02,-2.182907807900990260e+00,-7.395230459917373489e-01
1.914999999999981162e+00,-1.718474945524067210e-01,1.869877868069038385e-01,7.836937049052573911e+01,-7.768654202728459968e-01
1.919999999999981055e+00,-1.708290008522190262e-01,2.139914626231630979e-01,-7.197336416854425067e+01,-8.786703609077118893e-01
1.924999999999980949e+00,-1.688710138517219850e-01,4.999551939033270997e-01,1.656845070559725173e+02,-7.363786844400840303e-01
1.929999999999980842e+00,-1.664445194077524004e-01,5.432298656304720419e-01,1.131508037687963375e+00,-8.192280002239002989e-01
1.934999999999980735e+00,-1.633095267053142619e-01,6.758633177252444391e-01,1.926427609470862023e+01,-7.860485401736376776e-01
1.939999999999980629e+00,-1.595482636553203493e-01,8.286055564348091540e-01,1.463412956394112641e+01,-5.968999954854670165e-01
1.944999999999980522e+00,-1.548571167430449202e-01,9.641574279993220253e-01,-1.645490516034071149e+01,-6.073411826203611863e-02
1.949999999999980416e+00,-1.487998281473159878e-01,1.306038325841010428e+00,-9.133987212289243018e+01,4.792332560422678522e-01
1.954999999999980309e+00,-1.401804951473754612e-01,2.020838500093684598e+00,2.415309948470730035e+02,1.636585646703810459e+00
1.959999999999980203e+00,-1.294242510670077506e-01,2.224428984105923490e+00,-1.331931188844607732e+02,1.489359500113148327e+00
1.964999999999980096e+00,-1.177054761083520390e-01,2.407920277349621774e+00,1.772487380171964446e+02,1.001487561669154092e+00
1.969999999999979989e+00,-1.063135590521401552e-01,2.196488373895092661e+00,-1.639121051161010314e+02,1.540191354250784350e+00
1.974999999999979883e+00,-9.488953104213102008e-02,2.356485922877057160e+00,1.695632741857716610e+02,2.505494290615281727e+00
1.979999999999979776e+00,-8.298886740795662076e-02,2.400394717134479716e+00,-9.164547421636228819e+01,3.308623624699319699e+00
1.984999999999979670e+00,-6.958502990877804550e-02,2.868619372829279257e+00,2.166552064304040073e+02,2.875944490649719576e+00
1.989999999999979563e+00,-7.086648933687481056e-02,-1.009374027278171271e+00,-4.418253689990453381e+02,4.475509628322726918e+00
1.994999999999979456e+00,-8.015532889055582144e-02,-1.879958649112363434e+00,-4.733141058952588054e+01,5.832824590257550845e+00
1.999999999999979350e+00,-8.740478507598765934e-02,-1.472757954248488987e+00,-4.482549343597619327e+02,6.535117522987956562e+00
2.004999999999979465e+00,-9.294003748049532720e-02,-5.973283851714416004e-01,9.465670814578047612e+02,6.639678832274045206e+00
2.009999999999979359e+00,-9.737345173082874450e-02,-1.142179964620141153e+00,-8.020978879562502470e+02,6.147412182056180008e+00
2.014999999999979252e+00,-1.001712895960955446e-01,-1.716051551435994194e-01,8.478790414106232447e+02,6.250843993623153239e+00
2.019999999999979146e+00,-1.031773250501798467e-01,-8.976466437922687724e-01,-8.165322769493964188e+02,5.895848977440105720e+00
2.024999999999979039e+00,-1.049347310647397724e-01,-1.035199960392071310e-03,8.232168658396274168e+02,6.088243936935311851e+00
2.029999999999978932e+00,-1.072616510099407144e-01,-7.846759489624646200e-01,-8.031392281900190255e+02,5.777011689863162047e+00
2.034999999999978826e+00,-1.089012355505272617e-01,3.536953257053615518e-02,8.551528398049709949e+02,6.145508915530974114e+00
2.039999999999978719e+00,-1.112044528981554481e-01,-8.806010923684529645e-01,-9.288660654788544662e+02,5.760877480410143470e+00
2.044999999999978613e+00,-1.126985396647087606e-01,-4.357750203450543036e-02,4.553957204383575572e+02,5.981832974068620246e+00
2.049999999999978506e+00,-1.149916705666659822e-01,-8.561001421018769042e-01,-7.727576458779993800e+02,5.699997541841566040e+00
2.054999999999978400e+00,-1.165576532385178277e-01,-6.487512612761624498e-01,-5.002958205548014803e+02,6.033932467367380426e+00
2.059999999999978293e+00,-1.180579664008209045e-01,-6.096346248708006677e-01,-5.945203502422494921e+02,5.787269970498017280e+00
2.064999999999978186e+00,-1.191928141515844614e-01,-4.680799457567462740e-01,-9.276656625955431537e+02,5.291952800155946157e+00
2.069999999999978080e+00,-1.213395229096524419e-01,-3.072090342284396480e-01,8.151768404927012170e+02,6.469788074034090286e+00
2.074999999999977973e+00,-1.228794054076490783e-01,-3.095921383918966985e-01,4.344654114463075416e+02,5.933055442407977331e+00
2.079999999999977867e+00,-1.249277356514318094e-01,-2.742998474390916097e-02,6.369323053916144772e+02,5.767124526371575577e+00
2.084999999999977760e+00,-1.266406909092318289e-01,3.086321668401091969e-02,7.731808031847615439e+02,6.045351191967021087e+00
2.089999999999977653e+00,-1.290688980778542660e-01,3.408545457761409745e-03,3.611904151803574905e+02,5.642245512465814627e+00
2.094999999999977547e+00,-1.310223961663052050e-01,1.483918171013116905e-01,5.474653767272649247e+02,5.654796664751523316e+00
2.099999999999977440e+00,-1.337877208975205012e-01,-3.617800698264065917e-01,6.676330219959146461e+01,5.752564638510952122e+00
2.104999999999977334e+00,-1.364054206806432357e-01,-7.511661224242104362e-01,-3.516575941671158603e+02,5.442410441199276860e+00
2.109999999999977227e+00,-1.394442672913136227e-01,-1.126442396517949307e+00,-8.327814838528576047e+02,5.686175651759880267e+00
2.114999999999977121e+00,-1.422218761550244903e-01,-1.156187917211602079e+00,-8.608715594086146439e+02,5.672015185831138062e+00
2.119999999999977014e+00,-1.452457935783752763e-01,-1.241425340745108352e+00,-9.449225180009572114e+02,5.424409603969490234e+00
2.124999999999976907e+00,-1.481996927570411737e-01,-1.146962149209687976e+00,-8.317096409493406100e+02,5.558816554885853911e+00
2.129999999999976801e+00,-1.508135590395218439e-01,-6.485471431932168240e-01,-2.437063322012035940e+02,5.333540179874934672e+00
2.134999999999976694e+00,-1.530068199872083590e-01,-5.140425540538362537e-01,-1.688691467223140990e+02,5.294567799970759658e+00
2.139999999999976588e+00,-1.551940115103501994e-01,-1.316050131248136523e-01,2.535024541341053919e+02,5.466799929910676425e+00
2.144999999999976481e+00,-1.573989868279887239e-01,-4.047154410999910523e-02,5.894319193852140870e+02,5.022342647264111726e+00
2.149999999999976374e+00,-1.595873258355979540e-01,1.073561324486205920e-02,4.671817072770511459e+02,5.102276106825073043e+00
2.154999999999976268e+00,-1.618084121960676747e-01,-1.194509175071649248e-01,5.299183797080345357e+02,5.078004907073264462e+00
2.159999999999976161e+00,-1.636899857801659697e-01,-7.709858735490211779e-02,6.790122294829789098e+02,5.242716097625985228e+00
2.164999999999976055e+00,-1.669025368322031855e-01,-5.941312093558825946e-01,6.407778220201662407e+02,4.952741698134325965e+00
2.169999999999975948e+00,-1.692864386260864995e-01,-1.218655880738029440e+00,-1.482080923343685299e+03,4.433674673891199625e+00
2.174999999999975842e+00,-1.703704167976481110e-01,4.097333568396037684e-01,6.961621851422479494e+02,4.916874544757942722e+00
2.179999999999975735e+00,-1.725731685265372573e-01,4.431611511224329419e-02,7.443229393426735214e+02,4.861039665307403723e+00
2.184999999999975628e+00,-1.753619055963078766e-01,-3.950237892774967619e-01,7.404829291840588894e+02,5.355095416997610158e+00
2.189999999999975522e+00,-1.769250917536046852e-01,-7.843818428862167069e-01,-1.153580438505183110e+03,4.772875287106125519e+00
2.194999999999975415e+00,-1.793716162659810265e-01,-1.038950351723403109e+00,-1.286776331590255268e+03,4.834608162288265731e+00
2.199999999999975309e+00,-1.805436569478032216e-01,-7.454912003637296225e-01,-1.014200057914596982e+03,5.063273748352677295e+00
2.204999999999975202e+00,-1.830854288501002070e-01,-3.045596546014333605e-01,6.698345461401950161e+02,5.488027112504205718e+00
2.209999999999975095e+00,-1.841766986717503773e-01,-1.989187378375167070e-01,2.536073203788565138e+02,4.201090804985541993e+00
2.214999999999974989e+00,-1.845473188213499482e-01,2.672220000974171936e-02,2.521408686338603218e+02,2.439364192969673883e+00
2.219999999999974882e+00,-1.847751606954381731e-01,-1.875714191510437778e-01,-3.567169715392736293e+02,3.121662954093307185e-01
2.224999999999974776e+00,-1.847654944681880462e-01,1.001916990609178493e-01,8.946401210243794822e+01,-6.721713784440901396e-01
2.229999999999974669e+00,-1.835383194076442293e-01,3.415723695231669410e-01,-1.641289992691849831e+00,-7.841903939072463192e-01
2.234999999999974563e+00,-1.806346274794662643e-01,6.395619162854400130e-01,-4.377748486279161710e+01,-8.257041441107151325e-01
2.239999999999974456e+00,-1.765417971124478569e-01,8.889173140952415508e-01,1.764887675067390660e+01,-8.345983016156535150e-01
2.244999999999974349e+00,-1.718972265205319094e-01,9.265239274855594509e-01,-6.705446918896170416e+01,-9.973372143224753517e-01
2.249999999999974243e+00,-1.667655772914239387e-01,1.031592209111482639e+00,-5.132427821796421341e+01,-9.560793503317875919e-01
2.254999999999974136e+00,-1.612466630279006941e-01,1.071569049049170275e+00,-9.386018091771416039e+01,-1.104290971657739373e+00
2.259999999999974030e+00,-1.556333307530325671e-01,1.100596215537413158e+00,-6.943533707985207570e+01,-1.080644851820265817e+00
2.264999999999973923e+00,-1.499617482075092656e-01,1.090529702936507972e+00,-7.237309132736305628e+01,-1.185447383499895313e+00
2.269999999999973817e+00,-1.443363281234998075e-01,1.085609540752427327e+00,-7.699442177166092449e+01,-1.124631686192687496e+00
2.274999999999973710e+00,-1.389539081927375075e-01,1.030466532856018080e+00,-6.019997585847610111e+01,-1.215692876501554442e+00
2.279999999999973603e+00,-1.337266818099875076e-01,1.015908984002182658e+00,-7.745224921739841761e+01,-1.125683951045831410e+00
2.284999999999973497e+00,-1.288948938639780106e-01,9.037719802088447496e-01,-1.035740794017540907e+02,-1.189881334327993478e+00
2.289999999999973390e+00,-1.241695267229234317e-01,8.922921225996689465e-01,-1.105845580308803449e+02,-1.251767062903100580e+00
2.294999999999973284e+00,-1.198319989080243869e-01,8.177017092970391143e-01,-8.388432810248848170e+01,-1.077216572157497332e+00
2.299999999999973177e+00,-1.157913971912636342e-01,7.462646328931630268e-01,-8.535635481584792217e+01,-1.113334417155741995e+00
2.304999999999973070e+00,-1.119334005320851283e-01,7.489452451000699895e-01,-2.891439343383446925e+01,-1.109087378765281295e+00
2.309999999999972964e+00,-1.080561765799182145e-01,7.725504893511001558e-01,-6.820084182642280268e+01,-9.427214955384548567e-01
2.314999999999972857e+00,-1.042315247481278989e-01,7.523639658662683027e-01,-6.143937550672929859e+01,-9.898280929988729770e-01
2.319999999999972751e+00,-1.003799252374730083e-01,7.243524727470064262e-01,-8.996037321392577724e+01,-9.923941014167444452e-01
2.324999999999972644e+00,-9.645155938743284196e-02,7.703741671978572292e-01,-2.774102374273373428e+01,-9.762250166717516553e-01
2.329999999999972538e+00,-9.243565392294583738e-02,8.751012271022088340e-01,9.194975755340378498e+01,-7.333229136365480016e-01
2.334999999999972431e+00,-8.863085168236020661e-02,7.685440952512246904e-01,3.277822418007801275e+01,-7.601891255684929405e-01
2.339999999999972324e+00,-8.575417249817336718e-02,4.517314318902621584e-01,-7.391759860227516299e+01,-5.730904539748767901e-01
2.344999999999972218e+00,-8.382079649409850119e-02,3.197156239441212300e-01,1.047716723902984448e+01,-4.788298508743148441e-01
2.349999999999972111e+00,-8.370083703522609997e-02,-1.342705718133176962e-01,-9.366601599170444103e+01,-1.226826055259893355e-01
2.354999999999972005e+00,-8.539780158673068722e-02,-5.175260453552930073e-01,-1.544060418321531358e+02,3.629518002239559560e-01
2.359999999999971898e+00,-8.790657440881075035e-02,-5.344132900424302113e-01,-3.089713833120495678e+01,8.187781012521457846e-01
2.364999999999971791e+00,-9.029687942127015421e-02,-4.659709446606379868e-01,-4.044101092957860999e+01,8.519305246489253802e-01
2.369999999999971685e+00,-9.091028673697845730e-02,1.511010560563803840e-01,1.782805608443680114e+02,7.848452572550322914e-01
2.374999999999971578e+00,-8.961711250183859723e-02,4.537075693234317031e-01,2.396318537753598719e+02,3.918290025232369356e-01
2.379999999999971472e+00,-8.757744455157573382e-02,3.414437949053729660e-01,-8.543120396013803486e+01,3.675711345514544037e-01
2.384999999999971365e+00,-8.571963570612393946e-02,1.812949235318850327e-01,-3.803230449786493637e+02,3.092283823692162370e-01
2.389999999999971259e+00,-8.361185427324102637e-02,6.716806043520390235e-01,3.045681039451484367e+02,8.141384146188836990e-01
2.394999999999971152e+00,-8.239559406455242152e-02,3.037812120833486285e-01,3.723044092197013128e+02,1.093610071086873026e+00
2.399999999999971045e+00,-8.125567652853760148e-02,1.728486196158203481e-01,3.971198781682428489e+02,1.969255523426741927e+00
2.404999999999970939e+00,-7.968124385114899733e-02,1.115060387862258084e-01,-4.783959716417602976e+02,1.966468380076004996e+00
2.409999999999970832e+00,-7.857837399241930643e-02,-7.876009581446520580e-02,-7.957462076062814731e+02,2.503973341735791003e+00
2.414999999999970726e+00,-7.749317293623218805e-02,2.384529379841988372e-01,-1.614238118696601987e+01,3.542776864667602332e+00
2.419999999999970619e+00,-7.648455693070407846e-02,7.204224673210133864e-03,-5.003148173192267905e+02,4.081823091031821171e+00
2.424999999999970512e+00,-7.559055088464107508e-02,3.292318448618201110e-01,8.250602743605497835e+02,5.201131834454473690e+00
2.429999999999970406e+00,-7.585992730751286994e-02,3.194940519001610024e-01,7.988739304017452980e+01,5.309961783761836251e+00
2.434999999999970299e+00,-7.542013815583054059e-02,-2.884285638091421689e-01,-5.511762729406672179e+02,5.447116545272875143e+00
2.439999999999970193e+00,-7.399772124477194124e-02,-1.491890202179913250e-01,-8.430747920563510434e+02,5.553560837869302880e+00
2.444999999999970086e+00,-7.410233711163449755e-02,2.239839434074404056e-01,8.014338848102551083e+02,6.237623460187319502e+00
2.449999999999969980e+00,-7.296437818438446243e-02,4.927220618252176609e-01,6.677614395019517133e+02,6.096484631593900083e+00
2.454999999999969873e+00,-7.324632982522094604e-02,5.279962658920658303e-01,4.248440611479302902e+02,5.994376698353580224e+00
2.459999999999969766e+00,-7.344141250360962381e-02,-5.627125221299481561e-01,-9.447632037584912723e+02,5.913483519745201811e+00
2.464999999999969660e+00,-7.386486350652003707e-02,-2.796800199557820110e-01,-8.321659116358913479e+02,5.787646330289188512e+00
2.469999999999969553e+00,-7.475720441668269600e-02,-6.636021277224510295e-02,7.437588932632337446e+02,6.293353461970428775e+00
2.474999999999969447e+00,-7.621633388979100199e-02,8.225573287722930116e-02,6.031124317577406373e+02,5.793120933132236416e+00
2.479999999999969340e+00,-7.843579641401174363e-02,1.378606353613970326e-01,4.889978639806273577e+02,5.310979902632212202e+00
2.484999999999969233e+00,-8.107318006835163848e-02,-7.267826369963397148e-01,-4.343121935235817546e+02,4.845850304968253752e+00
2.489999999999969127e+00,-8.363500162039538832e-02,-1.115929384017158910e+00,-8.460929327691924300e+02,4.645246759793147717e+00
2.494999999999969020e+00,-8.682905036974386537e-02,-1.279946082042738853e+00,-1.003052384284633035e+03,4.402558730556351385e+00
2.499999999999968914e+00,-9.033880620590134525e-02,-1.347885347943845069e+00,-9.413510240819819046e+02,4.225478333322152835e+00
2.504999999999968807e+00,-9.414791450995062261e-02,-1.359248358118839040e+00,-8.642024642771840490e+02,4.283258524110503451e+00
2.509999999999968701e+00,-9.799392378801130565e-02,-1.311292610993004981e+00,-8.162064468086520037e+02,4.107809609609863521e+00
2.514999999999968594e+00,-1.019597528214989113e-01,-1.461605350069170584e+00,-9.873540796810133315e+02,4.006833323665277113e+00
2.519999999999968487e+00,-1.061624506519809191e-01,-1.470706698716737204e+00,-8.851672964727449653e+02,4.005355726186226484e+00
2.524999999999968381e+00,-1.101783188139333347e-01,-1.382935183353009911e+00,-8.527328126636944035e+02,4.071388273580898165e+00
2.529999999999968274e+00,-1.139563063184383801e-01,-1.389212366577391444e+00,-9.212581900249545015e+02,3.980034633673658728e+00
2.534999999999968168e+00,-1.177801271248237885e-01,-1.345861098486390572e+00,-8.917264492605715986e+02,3.910000429602678906e+00
2.539999999999968061e+00,-1.204365618575266861e-01,-3.762292715543442273e-02,5.056610791393002273e+02,4.082690733235969205e+00
2.544999999999967955e+00,-1.236195446529175790e-01,-3.923189684457916576e-02,6.068317814658111047e+02,3.956593548877350042e+00
2.549999999999967848e+00,-1.269101482247048107e-01,-1.751469462094387003e-02,6.430338010178356853e+02,3.861543386242662024e+00
2.554999999999967741e+00,-1.298348815192049699e-01,-6.947493558535154656e-02,5.844729928893309534e+02,3.983385001079054355e+00
2.559999999999967635e+00,-1.320374700499721832e-01,1.134484918929010017e-01,6.368187451616312273e+02,3.762943483301161685e+00
2.564999999999967528e+00,-1.351834761343377322e-01,1.278420572835823055e-01,7.638997772550424088e+02,3.789014270044149590e+00
2.569999999999967422e+00,-1.368989407311428375e-01,-5.292369679636373808e-02,7.902077308256120887e+02,4.155705015291957238e+00
2.574999999999967315e+00,-1.388804494375479592e-01,-1.776542981362926876e-01,5.711771951709085897e+02,3.871244009148997467e+00
2.579999999999967208e+00,-1.406967217904285250e-01,-4.385416617289055741e-01,7.424103598104501316e+02,4.347352845428257950e+00
2.584999999999967102e+00,-1.418940885230705606e-01,-6.806678161543571193e-01,-1.069036494139280876e+03,3.418693885247077180e+00
2.589999999999966995e+00,-1.430885986522496267e-01,-5.490942015266420118e-01,-5.402784353443380496e+02,4.053957199825416247e+00
2.594999999999966889e+00,-1.441736011811022011e-01,-9.095755569410124419e-01,-1.049854852590138535e+03,3.886527384085187720e+00
2.599999999999966782e+00,-1.455137175797261706e-01,-6.623565273048981350e-01,-5.372949989873997083e+02,4.513349004988882029e+00
2.604999999999966676e+00,-1.465146812743200744e-01,-6.300603981427718159e-01,-6.848319306254545609e+02,4.250801293512870949e+00
2.609999999999966569e+00,-1.479293353412535761e-01,-3.876175379210864969e-01,-7.073132756439848663e+02,4.224764741233250298e+00
2.614999999999966462e+00,-1.489472649579758057e-01,-3.768156709887410249e-02,5.770677664489762719e+02,4.243325805356503722e+00
2.619999999999966356e+00,-1.484494571787031147e-01,1.864796611022497552e-01,3.507899674553174805e+02,3.470649666116833565e+00
2.624999999999966249e+00,-1.483131834549913375e-01,-4.835504455820700820e-02,-2.201412122595427547e+02,2.932761263661883611e+00
2.629999999999966143e+00,-1.475478964696982087e-01,2.066817284543825961e-01,1.180650689057002438e+02,2.250222356962174874e+00
2.634999999999966036e+00,-1.460382700609616224e-01,5.143264202021884390e-01,2.963770477531309666e+02,1.582456197030726264e+00
2.639999999999965929e+00,-1.447324452234709513e-01,2.164562511789450416e-01,-1.745862173634934038e+02,3.668542775460202909e-01
2.644999999999965823e+00,-1.426957542495848885e-01,5.272017946829519186e-01,1.970404741782782878e+02,-6.627347840131823098e-01
2.649999999999965716e+00,-1.411431570752560982e-01,1.530470330638028786e-01,-2.290942342624806258e+02,-1.632814985582440537e+00
2.654999999999965610e+00,-1.392139977668715722e-01,4.525858087092820559e-01,1.073387471368759094e+02,-1.742628427458515539e+00
2.659999999999965503e+00,-1.366629680875263431e-01,4.775120525724608767e-01,-1.452773595939372342e+02,-1.855809823175754492e+00
2.664999999999965397e+00,-1.332116670765814970e-01,6.645174844672787628e-01,2.208854876694769320e+00,-1.826309516947238976e+00
2.669999999999965290e+00,-1.296094259846739538e-01,6.891719802404818740e-01,1.783185247926897077e+01,-1.805010423772691386e+00
2.674999999999965183e+00,-1.262357701321892567e-01,6.711069658134009019e-01,1.000255926101317954e+02,-1.787518919156963593e+00
2.679999999999965077e+00,-1.235068641717455423e-01,4.850630197724200565e-01,-6.747307243237972330e+01,-1.903595137478780286e+00
2.684999999999964970e+00,-1.210867348124969600e-01,4.291952907571796039e-01,-1.072750457828805111e+02,-1.816379679810110392e+00
2.689999999999964864e+00,-1.188626997153412884e-01,3.845631102882426933e-01,-1.395071661576753286e+02,-1.731620037468980744e+00
2.694999999999964757e+00,-1.169908109527445783e-01,3.619754852569788683e-01,8.882165764357292659e+00,-1.593499810695667485e+00
2.699999999999964650e+00,-1.153833652806446342e-01,2.776250747973803001e-01,-4.502434076673038987e+01,-1.512710518363352241e+00
2.704999999999964544e+00,-1.139172689276680417e-01,2.082216765358266553e-01,-5.569505532590466146e+01,-1.548152796762121586e+00
2.709999999999964437e+00,-1.125764060946894823e-01,1.940053394664524034e-01,-4.292542330602836387e+01,-1.497271852182977758e+00
2.714999999999964331e+00,-1.112704158934275100e-01,2.377803097802328181e-01,4.605387871934223831e+00,-1.409375140010941552e+00
2.719999999999964224e+00,-1.100976043986743869e-01,1.610580663274991109e-01,-5.432805445860770277e+01,-1.328540254825861355e+00
2.724999999999964118e+00,-1.090730275866941129e-01,1.303393971118682326e-01,-8.025616601117793891e+01,-1.401108152527387407e+00
2.729999999999964011e+00,-1.081600439668406188e-01,1.737569885450725160e-01,2.853562656793981134e+01,-1.293914527185350716e+00
2.734999999999963904e+00,-1.073683054367111367e-01,8.088448335608397488e-02,-6.832570369025073376e+01,-1.174522960699371676e+00
2.739999999999963798e+00,-1.065969749163921954e-01,8.845200798637552209e-02,-9.527837119410078515e+01,-1.247976011391994211e+00
2.744999999999963691e+00,-1.059028775205769213e-01,1.898643634062653351e-01,1.012877764830100062e+02,-1.093099256753794490e+00
2.749999999999963585e+00,-1.055259593100984078e-01,-1.325250851857638808e-02,-7.761296904434982480e+01,-1.034877909682184294e+00
2.754999999999963478e+00,-1.049806171630237456e-01,7.035923395792548218e-02,-7.028101416255974243e+01,-1.067390887916391140e+00
2.759999999999963372e+00,-1.044409640463328237e-01,9.131661421880690743e-02,-5.318140772083045675e+01,-9.039404539091068225e-01
2.764999999999963265e+00,-1.037414365995691090e-01,1.309877909947637364e-01,-7.166268283342598977e+01,-9.739097000641389057e-01
2.769999999999963158e+00,-1.030324128564500119e-01,9.608267427554564866e-02,-6.258798200914429799e+01,-7.809332045328110095e-01
2.774999999999963052e+00,-1.022524087197687059e-01,1.433658242343102684e-01,-9.591322608364178848e+01,-8.265499864693988119e-01
2.779999999999962945e+00,-1.017980463587313256e-01,1.122994763551999620e-01,9.405163919139538109e+01,-4.839650548853651757e-01
2.784999999999962839e+00,-1.022453188913557548e-01,-1.960910783200058016e-01,-6.923935966084191307e+01,-1.269091294852145724e-01
2.789999999999962732e+00,-1.036925658297003089e-01,-3.753657214906057082e-01,-1.422982153463100552e+01,8.981822323714264145e-02
2.794999999999962625e+00,-1.065448948682235913e-01,-6.940642461933476115e-01,-2.878341224592258740e+01,5.734801437234159360e-01
2.799999999999962519e+00,-1.104613217131427405e-01,-8.400905734602286401e-01,-7.948250037987577343e+01,8.516119144848260936e-01
2.804999999999962412e+00,-1.141106840721513305e-01,-6.192195316599157229e-01,7.868921557671501432e+01,1.263958469842660026e+00
2.809999999999962306e+00,-1.150448514949108936e-01,1.144182786861840800e-01,8.567484396322116424e+01,9.282843148750183904e-01
2.814999999999962199e+00,-1.140816831690143751e-01,4.009749587385261216e-01,7.672785587620009551e+01,7.330065261109721675e-01
2.819999999999962093e+00,-1.127857296254807656e-01,3.203771291152860967e-01,3.466626051179461570e+02,9.989011427905059026e-01
2.824999999999961986e+00,-1.113404127435177193e-01,3.188577505346201768e-01,1.197773531445399442e+02,9.159975682545388187e-01
2.829999999999961879e+00,-1.099025741884598756e-01,2.912697179560809202e-01,2.380681183248518664e+02,1.213833454373117737e+00
2.834999999999961773e+00,-1.082626927612066470e-01,2.030820416359155611e-01,-1.169579821808865177e+02,1.199357318909298531e+00
2.839999999999961666e+00,-1.066982340849489813e-01,4.198103694127554249e-05,-6.641099028961208433e+02,1.321303432757575003e+00
2.844999999999961560e+00,-1.053148052878512542e-01,-2.889167646293581138e-01,-7.601148158031897992e+02,1.688286485063540621e+00
2.849999999999961453e+00,-1.035269905802922441e-01,7.694592599854720438e-01,4.647173224543425363e+02,2.199389374371567119e+00
2.854999999999961346e+00,-1.025909002925997765e-01,5.806136520072942009e-01,3.858002663424564957e+02,2.223500299607035657e+00
2.859999999999961240e+00,-1.009395952908954536e-01,5.382310334771960303e-01,4.621609109073339141e+02,2.950511173398058684e+00
2.864999999999961133e+00,-9.990647117253256826e-02,4.674331682334339488e-01,5.982147817030654551e+02,3.605590268018096012e+00
2.869999999999961027e+00,-9.864914638467429941e-02,5.147010886272493924e-01,5.866744410432352197e+02,4.520417573900318509e+00
2.874999999999960920e+00,-9.799992852805587684e-02,3.812932532117879192e-01,5.713874414784820601e+02,4.980839841767807918e+00
2.879999999999960814e+00,-9.825760381731357684e-02,2.251037088339006842e-01,5.841904398302784784e+02,5.455834932843428575e+00
2.884999999999960707e+00,-9.871304483156392862e-02,1.220952435139429221e-01,4.940233683114907990e+02,5.582433896970169229e+00
2.889999999999960600e+00,-1.001570806242530060e-01,2.922896907850402459e-01,5.319708032437879410e+02,5.352935592515560614e+00
2.894999999999960494e+00,-1.015210227117570030e-01,3.567275243314252386e-01,6.695232334608725751e+02,5.494410465339329086e+00
2.899999999999960387e+00,-1.029377213077858205e-01,3.168208245461534012e-01,5.298517130817649559e+02,5.122920144514603535e+00
2.904999999999960281e+00,-1.045906901038457792e-01,3.849169643396395668e-01,7.267982987539793385e+02,4.900925597531971434e+00
2.909999999999960174e+00,-1.066656230724302573e-01,3.202183118150986330e-01,8.036715825530664006e+02,5.157041048458862242e+00
2.914999999999960067e+00,-1.089607200147588023e-01,1.563130417166075647e-01,6.261946408196179163e+02,4.830948167624517176e+00
2.919999999999959961e+00,-1.120161896522932632e-01,-4.694845511751760680e-02,6.171578149245200393e+02,4.888701905312156093e+00
2.924999999999959854e+00,-1.143545726209010821e-01,-2.205860915590388271e-01,7.119753017731010232e+02,4.692764921370742748e+00
2.929999999999959748e+00,-1.179568907219483154e-01,-4.947303778391777263e-01,5.863244880318746937e+02,4.814519528022471739e+00
2.934999999999959641e+00,-1.206800443468484668e-01,-5.943593507659828967e-01,4.018689919401072643e+02,4.423805259322883821e+00
2.939999999999959535e+00,-1.229996781548595430e-01,-1.032607610912223306e+00,-1.325927812071573271e+03,3.803683935467633948e+00
2.944999999999959428e+00,-1.259394310011326679e-01,-9.515202125623393181e-01,-9.488849956756220081e+02,3.744228889249558989e+00
2.949999999999959321e+00,-1.265977118527617240e-01,3.560554802260784135e-01,5.250314134985970895e+02,3.906168399685254755e+00
2.954999999999959215e+00,-1.278267606247376342e-01,4.645888213156005309e-01,7.589457713723093093e+02,3.685143372497341918e+00
2.959999999999959108e+00,-1.294439162093520002e-01,-1.747001316418328176e-01,6.117188794455445304e+02,3.824348459296585290e+00
2.964999999999959002e+00,-1.310588355846310227e-01,-4.694537877123712288e-01,2.389406701682761707e+02,3.100270600102581042e+00
2.969999999999958895e+00,-1.334095094422706185e-01,-1.047099934298542090e+00,-1.144178160453869168e+03,2.701533188774583927e+00
2.974999999999958789e+00,-1.354257487440801988e-01,2.253023186282412937e-02,5.275185417051869763e+02,3.213341550737472740e+00
2.979999999999958682e+00,-1.383520385177349488e-01,-4.285352895092310876e-01,5.911208673639335984e+02,3.706777692632944987e+00
2.984999999999958575e+00,-1.418780662665397041e-01,-8.180069854407983065e-01,5.602051915412788503e+02,4.285445947975199843e+00
2.989999999999958469e+00,-1.449399955920022409e-01,-9.216319740830914986e-01,-7.743566095932013695e+02,3.758711027166329544e+00
2.994999999999958362e+00,-1.484343586475549981e-01,-9.075908407182645687e-01,-6.592107592016097897e+02,3.996913416176151479e+00
2.999999999999958256e+00,-1.512450301166575473e-01,-7.580357732799450909e-01,-3.656001552113139610e+02,3.976480202905464001e+00
3.004999999999958149e+00,-1.531956711526746284e-01,-3.974706839035164196e-01,-5.639385976182793314e+01,2.997099939734695795e+00
3.009999999999958042e+00,-1.545811383021985508e-01,-3.257855871986426455e-01,-7.592965122110766174e+01,1.958728490574174419e+00
3.014999999999957936e+00,-1.545915974777876956e-01,6.511451804747005190e-02,1.821683514217151512e+01,6.853178118590131929e-01
3.019999999999957829e+00,-1.529004652173227286e-01,2.397562741024399091e-01,-1.142398477864659299e+02,-8.625861022120342447e-01
3.024999999999957723e+00,-1.522879927575104819e-01,2.525677269691915527e-01,1.072128174616140228e+02,-1.222111390011893839e+00
3.029999999999957616e+00,-1.504183918665274455e-01,4.098574415492230449e-01,-8.203030981138874722e+01,-1.277121680688145799e+00
3.034999999999957510e+00,-1.477710264634706505e-01,5.593287620235828372e-01,-4.396443479283359324e+01,-1.369867147582639610e+00
3.039999999999957403e+00,-1.448298626092345276e-01,5.187919374086841229e-01,-1.380374783665320706e+02,-1.446244363145476219e+00
3.044999999999957296e+00,-1.420683819805949877e-01,5.404347207400325148e-01,-5.340557492261979178e+01,-1.448195280731912060e+00
3.049999999999957190e+00,-1.393889257540027737e-01,5.454829184090833616e-01,-1.865516447173880366e+01,-1.436676814187162865e+00
3.054999999999957083e+00,-1.369623056142197648e-01,4.405571955449316124e-01,-7.889408276866194569e+01,-1.400380908492052212e+00
3.059999999999956977e+00,-1.346910059311629826e-01,4.097139705979441771e-01,-1.148877995992975656e+02,-1.495380069111757582e+00
3.064999999999956870e+00,-1.325250882397824848e-01,3.914187598920204070e-01,-1.268356383151849798e+02,-1.480318846869544958e+00
3.069999999999956763e+00,-1.302767175436691238e-01,4.856432412677495480e-01,4.850064217184784354e+01,-1.340668231001620248e+00
3.074999999999956657e+00,-1.283976719381144105e-01,3.272439841327941523e-01,-8.796164301525924145e+01,-1.291153603093096125e+00
3.079999999999956550e+00,-1.265228491322956672e-01,3.485513824705578911e-01,-1.098460982342784718e+02,-1.371533810385028751e+00
3.084999999999956444e+00,-1.245997058996288487e-01,4.103107595941165031e-01,-2.181313526578773754e+00,-1.271681684317878425e+00
3.089999999999956337e+00,-1.226213480947339896e-01,3.878281751770866204e-01,-4.055474089512388502e+01,-1.150302051583517171e+00
3.094999999999956231e+00,-1.204128579542728256e-01,4.278208109931412872e-01,-1.039157188040038449e+02,-1.245699284581424315e+00
3.099999999999956124e+00,-1.180939535191547068e-01,5.182912749313168810e-01,6.394453767053074955e+01,-1.128878396869537948e+00
3.104999999999956017e+00,-1.157926144628689258e-01,4.412421068186405670e-01,-2.632409545649445448e+01,-1.007730321553972130e+00
3.109999999999955911e+00,-1.131889622163136794e-01,4.983931884576145999e-01,-1.407265582105826525e+02,-1.146089657924650673e+00
3.114999999999955804e+00,-1.107101982403838197e-01,6.017093077312600791e-01,1.994784365443428271e+02,-9.391158134549517644e-01
3.119999999999955698e+00,-1.083227567441616274e-01,4.711726847732309320e-01,4.850147770094537947e+01,-8.169006158642491133e-01
3.124999999999955591e+00,-1.061078531626943877e-01,4.277377056499367947e-01,-6.147915401526793033e+01,-8.336240752202590532e-01
3.129999999999955484e+00,-1.042765774558532393e-01,3.792355814350862886e-01,8.710079024581320084e+01,-5.155654663317813524e-01
3.134999999999955378e+00,-1.030410401526984515e-01,1.834497089833791172e-01,-2.337284916090290920e+01,-2.902324292287806196e-01
3.139999999999955271e+00,-1.029708801556447340e-01,-1.419317291038194873e-01,-1.557417147752454412e+02,-2.862496366200229514e-01
3.144999999999955165e+00,-1.042682336051943548e-01,-3.475039661387272494e-01,2.219771089736458691e+01,2.485017819687707630e-01
3.149999999999955058e+00,-1.072230958864523326e-01,-7.383554721704058688e-01,-8.062734635648941151e+01,8.195151875760691151e-01
3.154999999999954952e+00,-1.106514111147194751e-01,-7.058771870506811430e-01,-5.994098434813216159e+01,1.106234494980403049e+00
3.159999999999954845e+00,-1.132976037144769327e-01,-4.067215825775187255e-01,1.077204897769738352e+02,1.326760631108103716e+00
3.164999999999954738e+00,-1.136394541937673641e-01,1.793158300359034840e-01,1.360373971198913523e+02,1.168434603829471730e+00
3.169999999999954632e+00,-1.120083689715316438e-01,1.160232256321363023e-02,-4.734855428971973765e+02,8.392204709824421238e-01
3.174999999999954525e+00,-1.103719226010374671e-01,4.886819830537570963e-01,2.717549561328162326e+02,1.091404653542348502e+00
3.179999999999954419e+00,-1.099146738990876421e-01,1.927475472764351716e-01,3.307102164843320793e+02,1.271420396843463196e+00
3.184999999999954312e+00,-1.089075547694444562e-01,-1.478111592376431249e-01,-7.133376341940409020e+02,1.138269109477217045e+00
3.189999999999954206e+00,-1.075255342989577673e-01,5.392841910650350012e-01,3.326848183756131903e+02,1.482430389514806324e+00
3.194999999999954099e+00,-1.071637105544702567e-01,1.349031333695019097e-01,3.709765162900051223e+02,1.810417919452065760e+00
3.199999999999953992e+00,-1.059527476960805403e-01,-5.083923485487521626e-02,-6.749630447451147575e+02,1.707109883168216102e+00
3.204999999999953886e+00,-1.043955725144483371e-01,-1.445361465769475634e-02,-7.324145946895033603e+02,2.017333694186968174e+00
3.209999999999953779e+00,-1.034397438011640108e-01,-5.719680477211501468e-02,-6.873784127638289192e+02,2.268679576637086637e+00
3.214999999999953673e+00,-1.025448422955066718e-01,-3.384872882787305637e-02,-6.266643262940239083e+02,2.837138249534930878e+00
3.219999999999953566e+00,-1.016223145655479332e-01,-5.489842812503443331e-02,-7.370827536771878385e+02,3.184388871313371006e+00
3.224999999999953459e+00,-1.008540296620727278e-01,2.020913980509211061e-01,1.425940124716062769e+02,4.224134364819184917e+00
3.229999999999953353e+00,-1.006962337732503626e-01,1.074629109695885570e-01,5.428358033190717151e+02,5.052831804437267316e+00
3.234999999999953246e+00,-1.009610629184528457e-01,4.532805635231444003e-02,5.833499277240259744e+02,5.530624723397616016e+00
3.239999999999953140e+00,-1.016021411201404323e-01,2.085391242552545876e-01,6.116445349252381902e+02,5.766528186523500743e+00
3.244999999999953033e+00,-1.029804196933724464e-01,2.582017846704255937e-01,4.071297474599605266e+02,5.826464975425489357e+00
3.249999999999952927e+00,-1.049031464766472937e-01,-9.929480418879649273e-01,-9.722795380774092564e+02,5.775687506792650971e+00
3.254999999999952820e+00,-1.063371201495900142e-01,-8.463721057021357241e-01,-8.514835649167389420e+02,5.636530714132730324e+00
3.259999999999952713e+00,-1.075516553189110741e-01,-6.378650211463515740e-01,-6.763603425010280716e+02,5.719134383117071785e+00
3.264999999999952607e+00,-1.095148712993821022e-01,-5.689734295115546070e-01,-7.583308209578614196e+02,5.576164853913767594e+00
3.269999999999952500e+00,-1.107972015803162513e-01,-5.163753447427391619e-01,-7.731820757710423777e+02,5.484706982813592369e+00
3.274999999999952394e+00,-1.128932978243054608e-01,-3.538560233943847666e-01,5.528931518269512253e+02,5.838259116458723419e+00
3.279999999999952287e+00,-1.147222210920255114e-01,-3.020061649235938339e-01,6.672117539212243855e+02,6.077206899783043959e+00
3.284999999999952180e+00,-1.164936890398408781e-01,-3.573835503115990742e-01,5.361590693776112175e+02,5.826257276341261004e+00
3.289999999999952074e+00,-1.182412466053525957e-01,-3.610998095523970108e-01,6.168571849119056196e+02,5.629986646413542850e+00
3.294999999999951967e+00,-1.204582920188166512e-01,-4.390547232856774618e-01,7.130627832078498614e+02,5.859958889413992011e+00
3.299999999999951861e+00,-1.231154006778501925e-01,-5.543627198590977967e-01,5.071537805000754702e+02,5.612865472236843623e+00
3.304999999999951754e+00,-1.257492752611008568e-01,-5.131556286773948372e-01,6.084317124318986316e+02,5.538541270671435868e+00
3.309999999999951648e+00,-1.291397752247470943e-01,-6.738047709085058790e-01,7.927161497467874369e+02,5.761695147685823137e+00
3.314999999999951541e+00,-1.314537463142193274e-01,-9.587590707996294093e-01,-1.241387610576780162e+03,4.637330715975357620e+00
3.319999999999951434e+00,-1.347200252375067020e-01,-1.035762128436249485e+00,-1.037724547159533358e+03,4.532457630773635948e+00
3.324999999999951328e+00,-1.374545621393507833e-01,-1.395439593267553846e+00,-1.233621370909818779e+03,4.801291403366893640e+00
3.329999999999951221e+00,-1.396812087808579905e-01,2.199151295959106134e-01,7.466938671390047375e+02,4.752235153484169139e+00
3.334999999999951115e+00,-1.438942816882171072e-01,-3.018171205090088849e-01,5.234612918518107563e+02,4.874189550169001350e+00
3.339999999999951008e+00,-1.477042629752074454e-01,-5.554259501049112480e-01,6.910036396472436309e+02,4.861286811433797261e+00
3.344999999999950901e+00,-1.510304288640200998e-01,-7.275307839223923434e-01,7.150486216309835754e+02,5.014612387233095880e+00
3.349999999999950795e+00,-1.532942004843736994e-01,-9.127576029435117144e-01,-1.084543670425393202e+03,4.176548063494124996e+00
3.354999999999950688e+00,-1.557507429993755244e-01,-9.688114775901297548e-01,-1.237543289856331967e+03,4.224736649121370036e+00
3.359999999999950582e+00,-1.563338790316169402e-01,4.483326916848227039e-01,6.488905216057964935e+02,4.274887407994849120e+00
3.364999999999950475e+00,-1.579177992127102914e-01,-2.922501181355999927e-02,5.396955087525876706e+02,3.691180732356675875e+00
3.369999999999950369e+00,-1.603014452411372914e-01,-3.665537593285186913e-01,3.951568393870663840e+02,3.847219941567905810e+00
3.374999999999950262e+00,-1.623734341360286160e-01,-3.753800092416011980e-01,6.838994844037271150e+02,4.142855961702557543e+00
3.379999999999950155e+00,-1.655740250759210885e-01,-6.190091673573649977e-01,3.564230977312150799e+02,4.293528594865350989e+00
3.384999999999950049e+00,-1.689564892022398790e-01,-1.091922828146293156e+00,-8.642507796741555239e+02,4.170247385880589519e+00
3.389999999999949942e+00,-1.724950509057373016e-01,-1.279226506804602259e+00,-7.394955564358695028e+02,4.357167892344972593e+00
3.394999999999949836e+00,-1.758955325113637502e-01,-3.610413531708523971e-01,3.081772940315848359e+02,4.576351184203474531e+00
3.399999999999949729e+00,-1.802805949170722677e-01,-1.327461365354286160e+00,-6.509839732848768108e+02,4.462646180689087139e+00
3.404999999999949623e+00,-1.837375242296314937e-01,-8.476658540880371850e-01,-4.025829203185707001e+02,3.595045027746312627e+00
3.409999999999949516e+00,-1.859394672939183313e-01,-2.457476744868043184e-01,3.128537893659524229e+02,2.576586104792565113e+00
3.414999999999949409e+00,-1.851474796563354897e-01,4.203769560077539880e-01,1.792430408876183492e+02,1.016619938614248042e+00
3.419999999999949303e+00,-1.824503234361592729e-01,5.373720202935768908e-01,-6.671490273634677237e+01,-5.535162533874685709e-01
3.424999999999949196e+00,-1.811093022378679473e-01,4.349935318783281768e-01,2.608803267574570555e+02,-9.647840376597349721e-01
3.429999999999949090e+00,-1.785725471905416084e-01,5.976565289096532618e-01,-3.740259105502761372e+01,-1.001705405671987847e+00
3.434999999999948983e+00,-1.748032689470924439e-01,9.474101385640972817e-01,2.700294975523275980e+02,-1.047566152680683205e+00
3.439999999999948876e+00,-1.704003175070346043e-01,8.862811117691212770e-01,-8.790023452780815205e+01,-1.310742808165118678e+00
3.444999999999948770e+00,-1.658939694268834197e-01,1.005199591711898766e+00,2.122668340927084785e+02,-1.249339217590163420e+00
3.449999999999948663e+00,-1.612650242474243378e-01,9.398172013673824488e-01,-6.994908835659940394e+01,-1.379529855070634081e+00
3.454999999999948557e+00,-1.567565588362372642e-01,8.970256314225202310e-01,-4.372788469088507668e+01,-1.366983513672371142e+00
3.459999999999948450e+00,-1.522957348521074283e-01,9.301780489978261901e-01,7.070586857350082255e+01,-1.283482638745848003e+00
3.464999999999948344e+00,-1.478271797452627712e-01,9.426349113603964547e-01,1.225557291391997694e+02,-1.243735939699415649e+00
3.469999999999948237e+00,-1.435607914595922185e-01,8.515628402307253708e-01,4.489324606635818071e+01,-1.335553216894601603e+00
3.474999999999948130e+00,-1.393448750469270248e-01,8.003348052563135084e-01,-8.189428737576828610e+01,-1.391421252246982210e+00
3.479999999999948024e+00,-1.351242928956085110e-01,8.136593707055883584e-01,-8.108685612649745167e+01,-1.300124384063438887e+00
3.484999999999947917e+00,-1.309265826225851914e-01,8.253141099770575639e-01,-7.042178957711648479e+01,-1.248006925718033511e+00
3.489999999999947811e+00,-1.267385763195324200e-01,7.949950846701582252e-01,-1.358578226568060927e+02,-1.358211617830046070e+00
3.494999999999947704e+00,-1.227083862972153383e-01,8.282833833185112571e-01,1.844937054080754280e+01,-1.287887233663436604e+00
3.499999999999947597e+00,-1.189575173283656667e-01,7.581468490694486251e-01,5.838050545640158617e+01,-1.140389112631612578e+00
3.504999999999947491e+00,-1.151079783793113459e-01,7.496830817183955942e-01,-7.095008655707904666e+01,-1.288733470080997368e+00
3.509999999999947384e+00,-1.113662616571106934e-01,8.062766123379475625e-01,1.082995658695234624e+02,-1.192369927756594228e+00
3.514999999999947278e+00,-1.076570548090527990e-01,7.048575831143045756e-01,-7.219836762866658830e+01,-1.143711724219823145e+00
3.519999999999947171e+00,-1.038084587536967640e-01,7.438801880877179418e-01,-1.052706180577791883e+02,-1.237810842767188779e+00
3.524999999999947065e+00,-1.000671462524216349e-01,8.197602007088198306e-01,1.310236126142787043e+02,-1.087631758178675412e+00
3.529999999999946958e+00,-9.636778915755060682e-02,7.289157777546854122e-01,1.115107795652660272e+01,-1.012139856001763594e+00
3.534999999999946851e+00,-9.272524714452252959e-02,7.431953048917955273e-01,2.494866366692647475e+01,-1.008600872603046206e+00
3.539999999999946745e+00,-8.958712116623286648e-02,6.641730414306381558e-01,1.391521825794660288e+02,-8.361438009106316738e-01
3.544999999999946638e+00,-8.767911851395832068e-02,2.706339858748286753e-01,-3.203526649449166541e+01,-5.153706006000876583e-01
3.549999999999946532e+00,-8.789130863434353735e-02,-2.520915275861935201e-01,-1.552246317527890653e+02,-2.491225337098184889e-01
3.554999999999946425e+00,-9.002927958779380346e-02,-5.368252990647214284e-01,2.816976894249356711e+00,3.193490086608119505e-01
3.559999999999946318e+00,-9.330511391716929392e-02,-7.381413886915799694e-01,-4.728827964077154888e+01,8.307789460280731175e-01
3.564999999999946212e+00,-9.627040188619567784e-02,-5.405644748236400066e-01,-3.039085012013799059e+01,9.246326102483646281e-01
3.569999999999946105e+00,-9.744765771717216196e-02,-6.233837087930355590e-03,1.470784144683037198e+02,9.198242546653225826e-01
3.574999999999945999e+00,-9.632904419135439322e-02,1.742847275674394847e-01,1.187555692886851944e+02,7.986545732143413012e-01
3.579999999999945892e+00,-9.556885097109121818e-02,-1.554044722046656335e-01,-5.644851925913654895e+02,6.634577168972940475e-01
3.584999999999945786e+00,-9.420966503899068367e-02,3.071468358828823852e-01,1.630016857599571267e+02,8.934408241096465364e-01
3.589999999999945679e+00,-9.302476773149340183e-02,5.013894657904106877e-02,-3.510465144819988268e+02,8.310621901360748520e-01
3.594999999999945572e+00,-9.169635941581920358e-02,4.884963974146681598e-01,2.305549696013613072e+02,1.070078025485169615e+00
3.599999999999945466e+00,-9.117453138316983230e-02,1.451384040122415953e-01,2.926462781044132271e+02,1.330137090225197660e+00
3.604999999999945359e+00,-9.021020526477448176e-02,-1.001595691410379907e-01,-5.731087653546140928e+02,1.259959994570759134e+00
3.609999999999945253e+00,-8.918937301678944718e-02,-1.605196268206046661e-01,-5.473896571097445758e+02,1.687365021132483767e+00
3.614999999999945146e+00,-8.812286424071316682e-02,1.022332917372359290e-01,-1.797534505616485774e+02,1.927524597967291253e+00
3.619999999999945040e+00,-8.734079805942113195e-02,-3.372540807356098069e-01,-7.478839677129260508e+02,2.188482833871207678e+00
3.624999999999944933e+00,-8.660789057853499062e-02,-2.330868315944666647e-01,-5.168496208896017379e+02,2.809754751096518177e+00
3.629999999999944826e+00,-8.585466536875498156e-02,-3.057555594924054598e-01,-7.454136664171758184e+02,3.223302278646181129e+00
3.634999999999944720e+00,-8.517628047689286552e-02,3.513910904678966829e-01,4.975941326071595086e+02,4.130783795670745384e+00
3.639999999999944613e+00,-8.565592980291499015e-02,-4.158046585074878787e-01,-5.387906881001380270e+02,4.476495276763552411e+00
3.644999999999944507e+00,-8.625253957420855877e-02,5.016654638440221775e-02,5.342377158346245096e+02,5.279679677835625640e+00
3.649999999999944400e+00,-8.821708450660425971e-02,-6.498781991586172202e-01,-6.467524848486550582e+02,5.267043058952851631e+00
3.654999999999944293e+00,-8.920404122106997957e-02,-2.095558925290040841e-01,3.743140820194769702e+01,5.504457580848306719e+00
3.659999999999944187e+00,-9.005527723915748850e-02,-5.368095795985132757e-01,-7.882378908989398951e+02,5.095826370436552288e+00
3.664999999999944080e+00,-9.131845133196853093e-02,-1.113155292711119904e-01,6.543663369750178163e+02,5.745192872946346618e+00
3.669999999999943974e+00,-9.323643125780047003e-02,-1.097202343783484912e-01,1.653091970567762132e+02,5.715750644297327376e+00
3.674999999999943867e+00,-9.483456824503878890e-02,-1.074673412800932898e-01,1.402087039581931549e+02,5.552527787695353823e+00
3.679999999999943761e+00,-9.712265448417260749e-02,-1.058769139791551073e+00,-9.386297098910846444e+02,5.485483032759995936e+00
3.684999999999943654e+00,-9.896031902706323158e-02,-9.479494613632958311e-01,-8.834269860087723600e+02,5.236632088946005403e+00
3.689999999999943547e+00,-1.009574716998426214e-01,-8.988642789291777513e-01,-7.561166664848121854e+02,5.396369767955279784e+00
3.694999999999943441e+00,-1.026312306300412175e-01,-8.315405897165063509e-01,-7.393305837469991957e+02,5.441821300826036989e+00
3.699999999999943334e+00,-1.053369095289692220e-01,-8.961662675720943882e-01,-1.084117457540589157e+03,5.149804307750145860e+00
3.704999999999943228e+00,-1.077312999752529782e-01,-7.793063831960280741e-01,-9.562106477951228953e+02,4.989217121832084878e+00
3.709999999999943121e+00,-1.102441759787672199e-01,-7.665020967491354975e-01,-8.087187967763052256e+02,5.428426996341186417e+00
3.714999999999943014e+00,-1.127630489388475599e-01,-8.944135756765257961e-01,-1.047075237509318413e+03,5.135346428013924935e+00
3.719999999999942908e+00,-1.154964019644251494e-01,-8.469646930726669742e-01,-9.080756352163541578e+02,4.938348035730931507e+00
3.724999999999942801e+00,-1.186838267517233286e-01,-9.637830123569233187e-01,-9.150870627237882218e+02,5.251946048361018526e+00
3.729999999999942695e+00,-1.206950121132911447e-01,-8.703643398777153317e-01,-9.456162825905696536e+02,4.925148537410705352e+00
3.734999999999942588e+00,-1.242426746009688138e-01,-1.070236200901272250e+00,-8.933091535388083457e+02,5.207884539392083845e+00
3.739999999999942482e+00,-1.270562592727857154e-01,-1.373186858112826814e+00,-1.113680435390796220e+03,4.943642399742084415e+00
3.744999999999942375e+00,-1.295747321672413299e-01,5.853941170016947748e-02,6.567751650276087503e+02,5.275565450419043678e+00
3.749999999999942268e+00,-1.333428497852322259e-01,-1.208336763407943798e-01,6.894241344215205345e+02,5.102086306703274232e+00
3.754999999999942162e+00,-1.367906977064434482e-01,-4.820594472171901845e-01,6.076698827494765283e+02,5.362029057250309982e+00
3.759999999999942055e+00,-1.405569382745952278e-01,-4.736200994205735371e-01,6.964075584513230979e+02,5.242568464238879677e+00
3.764999999999941949e+00,-1.426162139046683042e-01,-3.821590875940181764e-01,3.780905507224361486e+02,5.211078744917625016e+00
3.769999999999941842e+00,-1.438621850542125824e-01,-8.536992045414868446e-01,-1.426903429404697363e+03,4.351659784210728077e+00
3.774999999999941735e+00,-1.456224795100519720e-01,-1.335078503470739086e+00,-1.262713496583877031e+03,3.912477917445236653e+00
3.779999999999941629e+00,-1.480077322314898858e-01,8.290808690987824803e-02,6.757268989744459304e+02,4.040861536387780895e+00
3.784999999999941522e+00,-1.516844524687514517e-01,-6.582199026226956962e-01,5.551969811813229398e+02,4.046829130115867201e+00
3.789999999999941416e+00,-1.551852451924263521e-01,-1.107748165885725111e+00,-8.766516179567871632e+02,3.507854217410780961e+00
3.794999999999941309e+00,-1.584685827490665000e-01,-4.512792647592899775e-01,2.410902577404165754e+02,3.691787249241877955e+00
3.799999999999941203e+00,-1.626285459437649961e-01,-8.736097778963006766e-01,3.330725946678474543e+02,3.863126117160024187e+00
3.804999999999941096e+00,-1.668455676316145664e-01,-1.363248473994773446e+00,-1.012038606685572745e+03,3.800708647352350589e+00
3.809999999999940989e+00,-1.708224862982355430e-01,-6.095839937138880504e-01,2.743273665227471270e+02,4.332496518258293960e+00
3.814999999999940883e+00,-1.759872746293276446e-01,-1.486963663015250070e+00,-6.297922487680499444e+02,4.342873777275998215e+00
3.819999999999940776e+00,-1.813513053608939163e-01,-1.259461981432540734e+00,-4.381196207043517461e+02,4.085537316019893339e+00
3.824999999999940670e+00,-1.847514945608562942e-01,-4.599288971128457915e-01,3.014775587977504188e+02,2.745402959148780742e+00
3.829999999999940563e+00,-1.853989691032913723e-01,-4.435523598280594060e-02,1.300116908722670814e+02,1.232606392649758575e+00
3.834999999999940457e+00,-1.853090327568929774e-01,1.609196202522498176e-01,1.277574231611795739e+02,-2.361089371033924245e-01
3.839999999999940350e+00,-1.828415029936558411e-01,5.613101950843077947e-01,3.035375213600384114e+01,-6.307261300787536662e-01
3.844999999999940243e+00,-1.805472775059148161e-01,6.099709355386075949e-01,1.871934828262431836e+02,-4.092567461316822808e-01
3.849999999999940137e+00,-1.767288312143712459e-01,8.707671127989267124e-01,4.043880869773227005e+01,-9.333987540032544494e-01
3.854999999999940030e+00,-1.720717829393200726e-01,9.982459602295908896e-01,4.562113085236067889e+01,-9.869105407430744936e-01
3.859999999999939924e+00,-1.671014802681210776e-01,9.537993508377857754e-01,-7.840496277510695222e+01,-1.234635886755264700e+00
3.864999999999939817e+00,-1.620633038922348890e-01,1.148298084712802147e+00,2.268622537351415076e+02,-1.176659644441956809e+00
3.869999999999939710e+00,-1.572608221078322377e-01,9.116332680285400558e-01,-8.516129191696333578e+01,-1.232929220819377836e+00
3.874999999999939604e+00,-1.524839116322786459e-01,1.077485646070257763e+00,2.174979612444921884e+02,-1.195650991980626632e+00
3.879999999999939497e+00,-1.481169812979999112e-01,8.339272816131038102e-01,-7.902319846018752969e+01,-1.259104452675393615e+00
3.884999999999939391e+00,-1.436235940189072857e-01,1.005880308279221591e+00,1.894786519902807811e+02,-1.206366113745678703e+00
3.889999999999939284e+00,-1.395002676071884218e-01,8.236168409323884054e-01,-4.793256917290591446e+01,-1.258505223739705414e+00
3.894999999999939178e+00,-1.350318206841182589e-01,9.750281183262589080e-01,1.679988656195071144e+02,-1.234525231542447088e+00
3.899999999999939071e+00,-1.307230620211946581e-01,9.083246237991050576e-01,-1.072947845430971903e+01,-1.259241133408298685e+00
3.904999999999938964e+00,-1.261643071893687740e-01,9.828406953002444268e-01,1.650450807255043912e+02,-1.214103614456826019e+00
3.909999999999938858e+00,-1.216541035017904004e-01,9.401626320697890060e-01,-2.750629207848206192e+01,-1.245432832685122060e+00
3.914999999999938751e+00,-1.170247709504561029e-01,9.819419967497977630e-01,8.141145262152896578e+01,-1.182275444935489528e+00
3.919999999999938645e+00,-1.121888723549253897e-01,9.956923791327096929e-01,4.011672498592465530e+01,-1.054573167287858215e+00
3.924999999999938538e+00,-1.071117169140594211e-01,1.026978080711632435e+00,5.033471336778449157e+00,-1.110206717037304003e+00
3.929999999999938431e+00,-1.016976243958324366e-01,1.151478571404649820e+00,9.328966352992355837e+01,-1.106791179761809740e+00
3.934999999999938325e+00,-9.636678408072213431e-02,1.014092200571306890e+00,-3.768163371561589514e+01,-1.221325310740238645e+00
3.939999999999938218e+00,-9.084138139350753094e-02,1.054045741063638575e+00,-7.295481518785663866e+01,-1.414269049860750638e+00
3.944999999999938112e+00,-8.509055474653928752e-02,1.171408167562980607e+00,-1.994760746983830657e+01,-1.290965228189598246e+00
3.949999999999938005e+00,-7.914673673465201509e-02,1.126100620474641101e+00,-1.052751715237345564e+02,-1.158966082818123411e+00
3.954999999999937899e+00,-7.333335630113840820e-02,1.130440191321897325e+00,-8.629516053802905162e+01,-1.231617008689314563e+00
3.959999999999937792e+00,-6.803368189585259906e-02,1.085264570786267591e+00,1.161825742690183887e+02,-1.065214678654101466e+00
3.964999999999937685e+00,-6.410400006155983488e-02,6.587475071615443989e-01,-2.899023114206368845e+01,-8.192368034286443557e-01
3.969999999999937579e+00,-6.234851020674658101e-02,1.944035669640630792e-01,-6.803509958837173599e+01,-4.238169290931113053e-01
3.974999999999937472e+00,-6.320313943178432203e-02,-3.183346341532850565e-01,-5.840305013321159144e+00,1.310534196402673990e-01
3.979999999999937366e+00,-6.564578062226528177e-02,-5.112533630492352987e-01,2.461892702553588919e+01,8.284706337161900080e-01
3.984999999999937259e+00,-6.749513112281650684e-02,-2.285915527589481300e-01,6.130334946416763131e+01,8.022443939474785957e-01
3.989999999999937152e+00,-6.726087565310681637e-02,-2.651652892824279406e-01,-6.293559181809808933e+02,5.815909888469821265e-01
3.994999999999937046e+00,-6.610280589866167344e-02,2.213831722658460566e-01,-5.095571888195279797e+01,6.385164382639975100e-01
3.999999999999936939e+00,-6.469732370938330313e-02,2.434629864955257517e-01,-1.212629285789168563e+02,6.310842539646263072e-01
4.004999999999936833e+00,-6.328448554493391887e-02,3.268626568733484228e-01,6.035861848604127999e+00,7.310312278168993316e-01
4.009999999999936726e+00,-6.190125754541059983e-02,3.355044833185448216e-01,3.309649004396528653e+02,9.966336913967375200e-01
4.014999999999936620e+00,-6.063165029897830266e-02,2.320335306060118397e-01,-5.405099812414435689e+01,1.047659807102249152e+00
4.019999999999936513e+00,-5.936522956225910586e-02,3.272298889991327453e-01,2.760105582583777277e+02,1.406032700440898564e+00
4.024999999999936406e+00,-5.820900372356437036e-02,3.903178599703217566e-01,2.552896361095903899e+02,1.632660814635825242e+00
4.029999999999936300e+00,-5.726793818946870895e-02,3.737169824243466443e-01,1.346460143084418064e+02,1.895808266503745232e+00
4.034999999999936193e+00,-5.633577416915204472e-02,4.542601280055930113e-01,3.039646270668458214e+02,2.354553392329512551e+00
4.039999999999936087e+00,-5.596716680533312532e-02,2.146695518144904891e-01,2.282424443927940416e+01,2.821329738529172459e+00
4.044999999999935980e+00,-5.550840081076821586e-02,2.476916692421747002e-01,2.145027456380605031e+02,3.608812168663690034e+00
4.049999999999935874e+00,-5.590282388571126554e-02,-2.842545561868838923e-03,2.031359749963864303e+01,4.502854886128883294e+00
4.054999999999935767e+00,-5.591655448424394381e-02,9.896387761134434191e-02,2.527531425089624975e+02,5.097524937270511813e+00
4.059999999999935660e+00,-5.743803090015339036e-02,-5.553701852312051823e-01,-4.023682822166107940e+02,5.522776052307816208e+00
4.064999999999935554e+00,-5.828287342138474547e-02,1.371749656816496354e-01,7.300935802839774169e+02,5.756761879403491378e+00
4.069999999999935447e+00,-6.029525240287991750e-02,-7.826955438004730148e-01,-6.654866986721965532e+02,5.530694694218094121e+00
4.074999999999935341e+00,-6.180131792685877867e-02,-1.248680881618823707e-02,6.756734571718723146e+02,5.915890237741097124e+00
4.079999999999935234e+00,-6.377135345649347087e-02,-5.359017479921009963e-01,-3.798807046154749969e+02,5.648236041444376632e+00
4.084999999999935127e+00,-6.483878113694711842e-02,-2.349447886251171680e-01,-1.635275797630177053e+01,5.722779232098949009e+00
4.089999999999935021e+00,-6.614875423787300313e-02,-2.529813540654881621e-01,1.582434523245299260e+02,5.565065514268152214e+00
4.094999999999934914e+00,-6.702500508244245425e-02,1.845264005802388085e-01,5.414821428216082495e+02,5.556606564904169154e+00
4.099999999999934808e+00,-6.961842145175706209e-02,-1.025943693529038470e+00,-9.105990271570550476e+02,5.707599374399803693e+00
4.104999999999934701e+00,-7.114930975692858317e-02,-7.793730959200255715e-01,-7.448094358942738609e+02,5.452269527247893599e+00
4.109999999999934595e+00,-7.322051363293964610e-02,-6.441441468815325422e-01,-8.512588263086022380e+02,5.435003910226511969e+00
4.114999999999934488e+00,-7.565496504104368691e-02,-4.293387791756639316e-01,6.041825216114307295e+02,6.078243688599094696e+00
4.119999999999934381e+00,-7.715239084214783882e-02,-1.958913223839068019e-01,7.223829484943235002e+02,5.857409231082903567e+00
4.124999999999934275e+00,-7.950433401118243981e-02,-6.193132194334104168e-02,7.312973979323189724e+02,6.035777470051434612e+00
4.129999999999934168e+00,-8.232533500945210525e-02,5.744785207130895417e-03,4.562079359960930560e+02,5.851080732463495693e+00
4.134999999999934062e+00,-8.462275643743015496e-02,1.768948921508954886e-01,5.810380826347368384e+02,5.606515435797683189e+00
4.139999999999933955e+00,-8.805900248041279021e-02,-1.292756086596351217e+00,-8.928705659234013865e+02,5.819868103957765548e+00
4.144999999999933848e+00,-9.097431926580164252e-02,-1.253398357259526419e+00,-1.068518889701474109e+03,5.650909953017304588e+00
4.149999999999933742e+00,-9.333876106481168999e-02,-1.045974366662551391e+00,-9.346558943193366531e+02,5.313744989062246127e+00
4.154999999999933635e+00,-9.474205006941924245e-02,-9.363555535806014074e-01,-1.103358179058905307e+03,5.577810301840607998e+00
4.159999999999933529e+00,-9.542437556198406223e-02,-8.113509368476158334e-01,-1.045749588899860100e+03,5.171968595729777185e+00
4.164999999999933422e+00,-9.604797252567758015e-02,-8.566406086658044927e-01,-1.120956813335915285e+03,5.089426350877036320e+00
4.169999999999933316e+00,-9.713793180989752085e-02,-8.638016953795677466e-01,-9.306660641505002332e+02,4.589011570119804873e+00
4.174999999999933209e+00,-9.729603761462493616e-02,6.242327522923374339e-01,7.030735134394205943e+02,4.496427327701522536e+00
4.179999999999933102e+00,-9.913307458187402277e-02,1.599331602911713002e-01,5.071372995517703544e+02,4.584090867827343097e+00
4.184999999999932996e+00,-1.009112803756607307e-01,-2.104561267793963464e-01,6.651674855385186902e+02,4.226742562468490227e+00
4.189999999999932889e+00,-1.037069358368366556e-01,-4.527752549147742722e-01,4.014980548792544823e+02,4.113394682449972528e+00
4.194999999999932783e+00,-1.059172513510088232e-01,-9.464848860131722663e-01,-1.101951560452991089e+03,3.522423054601743431e+00
4.199999999999932676e+00,-1.090531715566035453e-01,-1.035644706713720442e+00,-6.537092794695400926e+02,3.763270540664010788e+00
4.204999999999932569e+00,-1.118730127409419822e-01,-5.553892141917679548e-02,6.522890952528771322e+02,3.441303929802685957e+00
4.209999999999932463e+00,-1.169533601380839116e-01,-4.533589077369669096e-01,6.351181594675726956e+02,4.148960179431847806e+00
4.214999999999932356e+00,-1.214498575526920116e-01,-7.159974593098606954e-01,5.308598544581720944e+02,4.609467860498393854e+00
4.219999999999932250e+00,-1.266773988941315432e-01,-8.781497106895934657e-01,3.807178992125934087e+02,4.928683615714366972e+00
4.224999999999932143e+00,-1.311012857037005819e-01,-9.110144956893474477e-01,3.627414826521722944e+02,4.703369395891969340e+00
4.229999999999932037e+00,-1.352986462001345425e-01,-7.964689573970923364e-01,4.043867957416242120e+02,4.527653324636252918e+00
4.234999999999931930e+00,-1.393282572633902094e-01,-6.212714454116567975e-01,1.203476190785174396e+02,3.783440319956691944e+00
4.239999999999931823e+00,-1.424221401191875513e-01,-5.322486942826472056e-01,1.260266546376273595e+02,2.734690669297955345e+00
4.244999999999931717e+00,-1.433236185341129065e-01,-2.810648621563494477e-03,4.905356642091960140e+01,1.246007180765157596e+00
4.249999999999931610e+00,-1.427655634629768633e-01,9.709179911247067807e-02,-4.028431935774457884e+01,-1.020337344997385154e-01
4.254999999999931504e+00,-1.420401879866372286e-01,1.580579612311873161e-01,-3.809372473973494522e+01,-4.337710822202419103e-01
4.259999999999931397e+00,-1.403919070051438123e-01,4.473355580735273174e-01,1.598898824566798638e+01,-2.052009225131012915e-01
4.264999999999931291e+00,-1.370157389607757348e-01,7.999909270012297569e-01,1.639571091593196472e+00,-3.574772236968111749e-01
4.269999999999931184e+00,-1.323756808040053301e-01,9.006940854138786312e-01,-1.551177224013633236e+02,-1.106606255785904658e+00
4.274999999999931077e+00,-1.274194918376973795e-01,1.018771390362810392e+00,2.704450704410217909e+01,-1.172087145218385640e+00
4.279999999999930971e+00,-1.225243025616069986e-01,8.594756494428323901e-01,-2.260977304230526954e+02,-1.366510643012899040e+00
4.284999999999930864e+00,-1.180148690414442730e-01,9.012726004516347089e-01,5.716086061674855046e+01,-1.293939166685097453e+00
4.289999999999930758e+00,-1.139335770881795690e-01,7.089699646254843390e-01,-2.066652257422178138e+02,-1.423829759673376882e+00
4.294999999999930651e+00,-1.100762696516617289e-01,7.715219483971903491e-01,5.386027484872371929e+01,-1.338711422229420744e+00
4.299999999999930544e+00,-1.065924839495098059e-01,6.101621127785560317e-01,-1.894135487156778765e+02,-1.420758540486617649e+00
4.304999999999930438e+00,-1.031075204533534184e-01,6.735387613868581980e-01,5.964465372328178461e+01,-1.320978231596346086e+00
4.309999999999930331e+00,-9.984565017154342637e-02,5.458017886706246768e-01,-1.671933832127829760e+02,-1.373982762684249348e+00
4.314999999999930225e+00,-9.639111406865892573e-02,6.646048681675386094e-01,5.368985920226158015e+01,-1.266136547833516701e+00
4.319999999999930118e+00,-9.304840394732542819e-02,5.846647924735217661e-01,-1.475291234073859243e+02,-1.310868168920389376e+00
4.324999999999930012e+00,-8.943360135796524224e-02,6.826614845821779021e-01,3.454640323389408252e+01,-1.248610809486073059e+00
4.329999999999929905e+00,-8.581151064203199064e-02,6.677858440077567570e-01,-1.192281332467333073e+02,-1.296984258823790093e+00
4.334999999999929798e+00,-8.197176557452247325e-02,7.384627553891766061e-01,5.137400762574563373e+01,-1.230120710923948701e+00
4.339999999999929692e+00,-7.798562117139046235e-02,7.034875397759209337e-01,-1.625465197348616755e+02,-1.296515721803530141e+00
4.344999999999929585e+00,-7.387111786543734682e-02,8.521324808112082927e-01,6.203476820796639402e+01,-1.232919710272563529e+00
4.349999999999929479e+00,-6.954946493244276717e-02,7.618356602087296148e-01,-1.336224812954184529e+02,-1.271214773196932102e+00
4.354999999999929372e+00,-6.492198827348888424e-02,9.119109644840550644e-01,-1.357749284957260372e+01,-1.234504219946329862e+00
4.359999999999929265e+00,-6.017296196044872453e-02,9.118779757029406019e-01,-3.811074665595852906e+01,-1.290906783969262506e+00
4.364999999999929159e+00,-5.518345352402010545e-02,9.697267580389020702e-01,-2.183756750744749198e+01,-1.361191795140412442e+00
4.369999999999929052e+00,-5.010684244167355750e-02,1.005973788337143793e+00,-3.184137440243442896e+01,-1.317516383164230698e+00
4.374999999999928946e+00,-4.489304825442758801e-02,1.035047572396227356e+00,1.255354840642828229e+01,-1.304556423628686845e+00
4.379999999999928839e+00,-3.978282968243943007e-02,9.632436800980934688e-01,-1.009377187468831636e+02,-1.412154415932516560e+00
4.384999999999928733e+00,-3.451396533037227876e-02,1.090370010133635104e+00,4.828831953176620573e+01,-1.231416308631969825e+00
4.389999999999928626e+00,-2.962775107516115239e-02,9.112318643843323462e-01,-5.854583987643660947e+01,-1.317369807489729983e+00
4.394999999999928519e+00,-2.487541928770153205e-02,9.524482394367044247e-01,8.046414791046866810e+01,-1.181566927742609074e+00
4.399999999999928413e+00,-2.048607975041688567e-02,8.012387053681067073e-01,-7.027817492232249208e+01,-1.146809817422722810e+00
4.404999999999928306e+00,-1.671338549191897851e-02,6.780196344327925617e-01,-3.723022305264847631e+01,-8.407721566216257436e-01
4.409999999999928200e+00,-1.450723113036582121e-02,2.672205912948030782e-01,-1.205516488064513396e+02,-7.161568705354647291e-01
4.414999999999928093e+00,-1.397355306577397621e-02,-2.881041808755996012e-02,-5.373145917464862009e+01,-2.186613475461632872e-01
4.419999999999927986e+00,-1.519031816235433784e-02,-3.583811183224028252e-01,-4.575600481336817182e+01,2.670174410722672143e-01
4.424999999999927880e+00,-1.662766638114853215e-02,-2.203173995168613841e-01,4.155677571356498845e+01,6.690293590848643834e-01
4.429999999999927773e+00,-1.626944479620372544e-02,3.364279042285009957e-01,1.656135353063591822e+02,5.286321925354751095e-01
4.434999999999927667e+00,-1.514234941478357667e-02,9.871017985855186708e-03,-3.903620905015235962e+02,4.838501115652337203e-01
4.439999999999927560e+00,-1.346255969218227745e-02,5.508860896136972274e-01,2.844568557592708089e+02,7.236283549026194528e-01
4.444999999999927454e+00,-1.255139601816531586e-02,2.209324049997762329e-01,2.246998620150539239e+02,9.453888819573119662e-01
4.449999999999927347e+00,-1.108086330414267268e-02,1.923499348274338994e-01,-1.812261090710572660e+02,1.075024434505494675e+00
4.454999999999927240e+00,-1.027583163033698663e-02,1.373308698790187687e-01,3.222204310429805219e+02,1.767197913436144852e+00
4.459999999999927134e+00,-9.408756797148663809e-03,1.818943994013615117e-01,4.549819536751038527e+02,2.172362239418720087e+00
4.464999999999927027e+00,-8.617184398222895586e-03,1.696377370115089434e-01,3.880792581084585322e+02,2.622136836180892772e+00
4.469999999999926921e+00,-8.297899098237783433e-03,1.487150262693690272e-01,1.525128898662426877e+02,3.242481481019632739e+00
4.474999999999926814e+00,-8.472007662682646753e-03,-2.027411047082045281e-01,-4.525611242590093752e+02,4.169548938810263117e+00
4.479999999999926708e+00,-7.770476164014131389e-03,3.345765759650152771e-01,6.710376147282544252e+02,5.400566116789343951e+00
4.484999999999926601e+00,-8.807400531925486248e-03,-5.101251364142967981e-01,-6.069236256788365154e+02,5.516535581563967838e+00
4.489999999999926494e+00,-9.646395030640247600e-03,1.868980960854157436e-01,9.443744691809831693e+02,6.186618702844285167e+00
4.494999999999926388e+00,-1.168571413773597523e-02,-7.543854698120401325e-01,-7.625243343017298230e+02,5.948516815337018926e+00
4.499999999999926281e+00,-1.339301856317318996e-02,-2.771938386388607357e-04,9.439491080690968374e+02,6.572895231565183849e+00
4.504999999999926175e+00,-1.350259729451113062e-02,5.979120222322727995e-01,9.510777743080428763e+02,6.261913483177192319e+00
4.509999999999926068e+00,-1.421909505078466397e-02,-5.599024728416873709e-01,-7.989289620851361633e+02,6.062532355207830292e+00
4.514999999999925961e+00,-1.529053845453360976e-02,8.623471539306466760e-02,9.265550705533460132e+02,6.772574634549005879e+00
4.519999999999925855e+00,-1.745479957901161644e-02,-3.568904012990878893e-01,-1.552064124007559656e+02,6.594460270973821814e+00
4.524999999999925748e+00,-1.870649140271527650e-02,-5.839925421200211145e-03,6.718218202175418128e+02,6.920480530921985896e+00
4.529999999999925642e+00,-2.125557516155345342e-02,-9.474080198196984659e-01,-8.398176454290886568e+02,6.629426698279043961e+00
4.534999999999925535e+00,-2.270590753701030515e-02,-4.732697241454620896e-01,-1.097517732918908678e+03,6.444896040076480759e+00
4.539999999999925429e+00,-2.302522934958374165e-02,1.203366077264936412e-01,7.921533307506566643e+02,7.304092109226687946e+00
4.544999999999925322e+00,-2.583266476695174341e-02,-1.035927945724580246e+00,-9.798289066013754791e+02,7.291475956134275016e+00
4.549999999999925215e+00,-2.903939338259190275e-02,-3.356558648545696633e-01,9.763164402430151085e+02,7.980749546976690922e+00
4.554999999999925109e+00,-3.103023912978337615e-02,6.046457955887065555e-02,7.518547557208765966e+02,6.864789786020055296e+00
4.559999999999925002e+00,-3.521246229784172344e-02,-1.485663892321453794e+00,-1.139460654208108281e+03,6.293212126730542089e+00
4.564999999999924896e+00,-3.759961307118091234e-02,-8.410808443441475379e-01,-6.900559943679212438e+02,5.741220421868862722e+00
4.569999999999924789e+00,-4.114646514402797023e-02,-4.440954924076745414e-01,7.492807559722327824e+02,6.236144651179027498e+00
4.574999999999924682e+00,-4.425495617376645763e-02,-1.244570475940052351e-01,8.060291548627905058e+02,5.637921295703253399e+00
4.579999999999924576e+00,-4.906126033335477671e-02,-1.309173878140405201e+00,-6.924791575084503847e+02,5.111798178958688155e+00
4.584999999999924469e+00,-5.280616794594012592e-02,-1.439135979946648103e+00,-1.111348634647765721e+03,4.586734511248508284e+00
4.589999999999924363e+00,-5.710986307018062202e-02,-1.163611662050839435e+00,-1.068714118865727414e+03,4.307086184165815901e+00
4.594999999999924256e+00,-6.237574560108165994e-02,-9.217220793556046843e-01,8.130124781207620117e+02,5.142450247042937406e+00
4.599999999999924150e+00,-6.667363741122785126e-02,-7.382993155988917255e-01,8.166523233117947029e+02,4.900353527495864725e+00
4.604999999999924043e+00,-7.165391422296907287e-02,-6.075801115072954062e-01,6.584224140215665102e+02,4.708370204873620679e+00
4.609999999999923936e+00,-7.569252524066348575e-02,-4.207280156291338113e-01,7.280945719803646625e+02,4.562118345756729809e+00
4.614999999999923830e+00,-8.064049531682188077e-02,-1.532788607903670108e-01,7.079648041569033694e+02,4.483553891537456870e+00
4.619999999999923723e+00,-8.462231738401171377e-02,1.177181016650562587e-02,7.788357687800571512e+02,4.411315017854046339e+00
4.624999999999923617e+00,-8.842660745417588175e-02,-1.245452791517235591e-01,5.592604241765812958e+02,4.375839313018846433e+00
4.629999999999923510e+00,-9.157467670909706647e-02,1.227037623355269197e-01,7.170701771230947088e+02,4.289929858557230524e+00
4.634999999999923403e+00,-9.442153237177834668e-02,2.500226128631293787e-01,7.572458843848174865e+02,4.329811780765494333e+00
4.639999999999923297e+00,-9.727475967893736697e-02,1.982917807332414684e-01,8.039395870827466979e+02,4.300451788268150111e+00
4.644999999999923190e+00,-9.995226813118202047e-02,2.004311643929009290e-01,7.211730330389507344e+02,4.178371814076490942e+00
4.649999999999923084e+00,-1.030151757065595614e-01,1.887564555656186249e-01,7.922272565364726233e+02,4.117203409675532555e+00
4.654999999999922977e+00,-1.061342274140647662e-01,2.216871677935996210e-01,8.367123754835211003e+02,4.257836109000927571e+00
4.659999999999922871e+00,-1.092999823397368953e-01,1.355545173927043545e-01,7.612366686382971466e+02,4.131934809094052419e+00
4.664999999999922764e+00,-1.120534989250291241e-01,1.982120271801302291e-01,7.496087907496548723e+02,3.980374516205999136e+00
4.669999999999922657e+00,-1.149415248432461706e-01,1.397911550280081516e-01,7.505245731024352835e+02,4.184734397250320370e+00
4.674999999999922551e+00,-1.175114004913626470e-01,1.179600989037880160e-01,6.284438020879549640e+02,3.999624206148304495e+00
4.679999999999922444e+00,-1.201208039144975592e-01,2.060765521257008348e-01,7.514679989139134477e+02,3.914705163794992338e+00
4.684999999999922338e+00,-1.230566617118863115e-01,8.333483783043205140e-02,7.259606585782944421e+02,4.158400914987181451e+00
4.689999999999922231e+00,-1.247085111386487533e-01,1.716814625642665293e-01,6.847171537674463480e+02,3.951611665270241769e+00
4.694999999999922125e+00,-1.273146161660519970e-01,3.277603046815054100e-01,8.436039366887271171e+02,3.839759963025317635e+00
4.699999999999922018e+00,-1.306141819148407268e-01,1.118362638203231618e-01,8.478603841140718487e+02,4.138967322033916929e+00
4.704999999999921911e+00,-1.326570878357137828e-01,-1.484710735765210343e-01,6.775664680562534841e+02,4.072490755850743938e+00
4.709999999999921805e+00,-1.353453077014802053e-01,-2.276429198505657836e-01,7.077427803195316756e+02,4.329675862190224933e+00
4.714999999999921698e+00,-1.370779528062589792e-01,-1.355772965632447979e-01,5.480978657120747357e+02,4.511291211446157412e+00
4.719999999999921592e+00,-1.387810845891810363e-01,-8.820841397111077453e-02,6.415844533295144174e+02,4.296656602544452142e+00
4.724999999999921485e+00,-1.404974792751640389e-01,-1.783751584236719506e-02,6.670242487231481618e+02,4.335659174561925511e+00
4.729999999999921378e+00,-1.415931430983103922e-01,5.254018741265097103e-03,5.099209067010864374e+02,4.302086722147390851e+00
4.734999999999921272e+00,-1.418415501471836371e-01,2.030727813240620627e-01,5.015189707110360473e+02,4.101610900838516649e+00
4.739999999999921165e+00,-1.413577818930032148e-01,5.559666961386908746e-01,8.130481028569987529e+02,3.968577082622012586e+00
4.744999999999921059e+00,-1.416085141096832811e-01,6.347582559374275180e-01,6.805747947931934050e+02,3.409277295328600133e+00
4.749999999999920952e+00,-1.410493575357671669e-01,7.259960254344152153e-01,6.478886686229642464e+02,3.001499927189696937e+00
4.754999999999920846e+00,-1.398753904281712368e-01,7.465238402811776863e-01,5.576013912135510964e+02,2.248684062002294315e+00
4.759999999999920739e+00,-1.390279428431774045e-01,5.427349737359700166e-01,4.595277471907558606e+02,1.469661764618277022e+00
4.764999999999920632e+00,-1.376396151555586700e-01,5.352276387026678739e-01,2.380094896734625536e+02,5.243588754517827244e-01
4.769999999999920526e+00,-1.357562151514518090e-01,4.872150875066848519e-01,1.641920927263796557e+02,-4.541700563030749427e-01
4.774999999999920419e+00,-1.339759119532605014e-01,2.754008008967657739e-01,-1.652218202670645439e+02,-1.641358436345421445e+00
4.779999999999920313e+00,-1.321903742168100415e-01,4.195695269437551000e-01,9.036708941473835921e+01,-2.007633257596372900e+00
4.784999999999920206e+00,-1.299242880480415974e-01,4.773487149200904556e-01,-7.431200398834418763e+01,-2.007924735268874272e+00
4.789999999999920099e+00,-1.271676148994467237e-01,5.385602426537255960e-01,-1.230628304776903406e+02,-2.024374896896577791e+00
4.794999999999919993e+00,-1.244311465306729286e-01,4.595828308933477269e-01,-1.830733167603576987e+02,-1.916150787179465631e+00
4.799999999999919886e+00,-1.218188068818492065e-01,4.758475313712007271e-01,-5.515257081224624613e+01,-1.843732598453654559e+00
4.804999999999919780e+00,-1.193356784721221753e-01,5.194517564363179130e-01,1.370704119294966006e+02,-1.746152284397951338e+00
4.809999999999919673e+00,-1.174898723658859140e-01,3.256809552759468707e-01,-2.841824385172681744e+01,-1.719645539349510921e+00
4.814999999999919567e+00,-1.159883679784333432e-01,3.094860107577993014e-01,7.972286164216599502e+01,-1.599620203023115916e+00
4.819999999999919460e+00,-1.148788681895784175e-01,1.784481092183560769e-01,-4.718546111570844914e+01,-1.588576294343410300e+00
4.824999999999919353e+00,-1.142262366761612191e-01,6.953432645635990172e-02,-9.080370965717058596e+01,-1.692415843993877678e+00
4.829999999999919247e+00,-1.138106682817610765e-01,3.309708596471219733e-02,-6.629846032883207840e+01,-1.618746902968392520e+00
4.834999999999919140e+00,-1.134861538828307037e-01,6.483572261348173604e-02,7.952030281079509599e+00,-1.495811665391852285e+00
4.839999999999919034e+00,-1.132496317990617229e-01,-3.202859509745109579e-02,-6.024957446251691806e+01,-1.402434173525689332e+00
4.844999999999918927e+00,-1.131462877311602278e-01,-5.211525179175072880e-02,-8.501548994309699481e+01,-1.464146077711463878e+00
4.849999999999918820e+00,-1.131069308677527391e-01,5.341120868319535614e-03,3.499372373940892089e+01,-1.379757258258079267e+00
4.854999999999918714e+00,-1.131050736149434299e-01,-7.168439533024754950e-02,-6.127851908905834222e+01,-1.280807701349426564e+00
4.859999999999918607e+00,-1.130835216026323392e-01,-6.266053811826739761e-02,-9.045282182628088208e+01,-1.356818711927486376e+00
4.864999999999918501e+00,-1.130552407901419393e-01,2.281500776487653884e-02,6.555444699373379080e+01,-1.247679666064872794e+00
4.869999999999918394e+00,-1.131660376639846421e-01,-1.231548064970510725e-01,-8.866747903100690564e+01,-1.166256193384239470e+00
4.874999999999918288e+00,-1.133047008984759824e-01,-1.001260337036453535e-01,-1.127731796033797877e+02,-1.236986211324699214e+00
4.879999999999918181e+00,-1.135859799296613931e-01,-2.291384345941964093e-02,9.529511121022234477e+01,-1.082364298066738506e+00
4.884999999999918074e+00,-1.139401539738580521e-01,-1.542349904059469867e-01,-7.827293994986806069e+01,-1.025504488808210546e+00
4.889999999999917968e+00,-1.142364600298039490e-01,-9.559959221048605627e-02,-8.072628499659704460e+01,-1.072858944838919193e+00
4.894999999999917861e+00,-1.144049769422050833e-01,-4.163491843974460177e-02,-5.749124879934800703e+01,-9.817384308192940168e-01
4.899999999999917755e+00,-1.142533553492456611e-01,-2.176728925702702683e-02,-1.657492231513724903e+02,-1.128366439585008596e+00
4.904999999999917648e+00,-1.142858170257070316e-01,4.630040765302567696e-02,5.628455519557974895e+01,-9.551405489262925208e-01
4.909999999999917542e+00,-1.145656086525373152e-01,-2.165012868668381163e-02,3.893203634246501110e+01,-7.478407191934576259e-01
4.914999999999917435e+00,-1.150917740588669053e-01,-7.620670647616566151e-02,8.988900577450323226e+01,-7.139821529147291068e-01
4.919999999999917328e+00,-1.164452570874960069e-01,-3.553427487365081738e-01,-7.481621780826145596e+01,-6.741888212488926779e-01
4.924999999999917222e+00,-1.181604282738657336e-01,-4.066682725703530399e-01,-5.544448036425654891e+01,-4.823414023032304709e-01
4.929999999999917115e+00,-1.203622911209085572e-01,-4.796994068631756925e-01,-3.600727940634691926e+00,-3.614760639433921563e-01
4.934999999999917009e+00,-1.234216866062354118e-01,-6.686410320607051316e-01,-8.994301840359104006e+01,3.479707876960008717e-02
4.939999999999916902e+00,-1.273384872281249913e-01,-8.654259215971098484e-01,-5.717197670852627311e+01,3.953548076093168495e-01
4.944999999999916795e+00,-1.312985384718485804e-01,-7.193435659465279297e-01,-2.079887490597537436e+01,6.940127811821723558e-01
4.949999999999916689e+00,-1.332932439463458962e-01,-7.289262731964739339e-02,2.352433019951166102e+02,8.125831927756912432e-01
4.954999999999916582e+00,-1.330457913743000875e-01,1.843641512583833186e-01,2.230221871047602065e+02,6.044923694087204202e-01
4.959999999999916476e+00,-1.335243139187052008e-01,-1.247864356653997399e-02,2.011619594921526186e+02,5.836777549443502577e-01
4.964999999999916369e+00,-1.328973153661269502e-01,-2.635133846080028874e-01,-7.339451490860194554e+02,3.919119348816804127e-01
4.969999999999916263e+00,-1.321933982086373471e-01,3.976616195590045311e-01,3.412969909938835826e+02,7.839030760152890798e-01
4.974999999999916156e+00,-1.313416582477797134e-01,2.043356074730859617e-01,2.859301296818650258e+02,8.345173614069083534e-01
4.979999999999916049e+00,-1.303587931009121403e-01,-1.755202604748197781e-01,-6.830686742743499735e+02,7.559344481549142847e-01
4.984999999999915943e+00,-1.290744322702727376e-01,5.263400572367228358e-01,3.197416249179425449e+02,1.070689841394640629e+00
4.989999999999915836e+00,-1.287406190406026885e-01,1.515915237564239015e-01,4.051785615459018004e+02,1.387799616736994590e+00
4.994999999999915730e+00,-1.279043691102290381e-01,-1.810948278084195118e-01,-7.397715429507460385e+02,1.173102956535811092e+00
4.999999999999915623e+00,-1.263586121853887412e-01,6.634550181796489143e-01,4.424734089988164101e+02,1.578995215251479900e+00
