5.000000000000000104e-03,-2.163512999993174590e-01,-5.389221029457397094e+01,-1.888608103352908302e+03,-7.490170946282326270e-01
1.000000000000000021e-02,-5.229225059851935198e-01,-6.059997013168088387e+01,1.289989973221485116e+03,-4.505501334189148110e-01
1.499999999999999944e-02,-7.854513321804523773e-01,-4.801853571999275516e+01,2.036747758583699124e+03,2.002493917987106187e+00
2.000000000000000042e-02,-9.752399174021540995e-01,-3.305561125081270291e+01,2.067350728732929383e+03,4.202010888086558538e+00
2.500000000000000139e-02,-1.088788175263878166e+00,-1.769970101062087764e+01,2.076628912614494766e+03,5.980839855447521280e+00
3.000000000000000236e-02,-1.136353092967182121e+00,-5.481011897424482804e+00,1.672313558280000962e+03,6.010812918316251086e+00
3.500000000000000333e-02,-1.140414754459028845e+00,1.495973551044903260e+00,9.516057824590727705e+02,3.942397286481547081e+00
4.000000000000000083e-02,-1.128380252781403081e+00,2.837304704133881472e+00,1.697904014590335464e+02,1.045094383175625641e+00
4.499999999999999833e-02,-1.115046124965805685e+00,2.558072718737666840e+00,-5.278692917162437936e+01,4.774930743166061475e-02
4.999999999999999584e-02,-1.104213795496401973e+00,1.959179763847712863e+00,-8.963215498937823611e+01,-2.470055702341547033e-01
5.499999999999999334e-02,-1.096231806356593230e+00,1.415376477204965955e+00,-7.501115903643294303e+01,-3.283385103123239723e-01
5.999999999999999084e-02,-1.090559510050891134e+00,1.002359409171132532e+00,-5.224498651808511340e+01,-3.509905278539622309e-01
6.499999999999998834e-02,-1.086790109247417480e+00,6.443640016839899953e-01,-4.087241725485347388e+01,-3.868892234927385765e-01
6.999999999999999278e-02,-1.084932065866245132e+00,2.571249958066009755e-01,-4.063176246725109308e+01,-4.438315805324891672e-01
7.499999999999999722e-02,-1.085192940614573498e+00,-1.767588763393122542e-01,-4.218762725520315371e+01,-4.987642957586588266e-01
8.000000000000000167e-02,-1.087715972565666878e+00,-6.302241980871799987e-01,-3.996280358967548096e+01,-5.367966971860322900e-01
8.500000000000000611e-02,-1.092468225386513225e+00,-1.064988048390547393e+00,-3.302347986341469266e+01,-5.534080091279935942e-01
9.000000000000001055e-02,-1.099255387184352895e+00,-1.452353583070248977e+00,-2.303114106879187517e+01,-5.507127753498823886e-01
9.500000000000001499e-02,-1.107781079532875967e+00,-1.776292473352099499e+00,-1.188153283021863693e+01,-5.357436542996423245e-01
1.000000000000000194e-01,-1.117715805687653052e+00,-2.034731758132555246e+00,-1.414808850239553939e+00,-5.148956807769156097e-01
1.050000000000000239e-01,-1.128753467109365083e+00,-2.235354089336672345e+00,7.240457497879148718e+00,-4.918349989703532099e-01
1.100000000000000283e-01,-1.140638718592503986e+00,-2.389182461340762398e+00,1.383607776934723788e+01,-4.680584212582374892e-01
1.150000000000000328e-01,-1.153164778803983381e+00,-2.505021485070113130e+00,1.882824356262548804e+01,-4.424676134885958678e-01
1.200000000000000372e-01,-1.166166616322520833e+00,-2.590761944825314078e+00,2.248179175665830698e+01,-4.137541592003630697e-01
1.250000000000000278e-01,-1.179529466873587396e+00,-2.657231284123742210e+00,2.457455990490387521e+01,-3.827202027712655052e-01
1.300000000000000322e-01,-1.193165869704157167e+00,-2.707139228627658323e+00,2.626675631620542362e+01,-3.463016278106043622e-01
1.350000000000000366e-01,-1.206971315078667173e+00,-2.734160912391605525e+00,2.871857681711463783e+01,-3.010669758843904642e-01
1.400000000000000411e-01,-1.220804220257792005e+00,-2.730474040507292699e+00,3.205226129917956257e+01,-2.474403482779681251e-01
1.450000000000000455e-01,-1.234487341133463145e+00,-2.689404684800059009e+00,3.603843730369509757e+01,-1.875784139718523758e-01
1.500000000000000500e-01,-1.247817947761754587e+00,-2.606724504652480512e+00,4.028799469177708659e+01,-1.249537435094607574e-01
1.550000000000000544e-01,-1.260812379766140801e+00,-2.326651343975810082e+00,1.700357076963289273e+02,-6.703213716909939279e-02
1.600000000000000588e-01,-1.276439445353738877e+00,-3.508328294078105092e+00,-1.008959812129798337e+02,-3.715097077968045891e-01
1.650000000000000633e-01,-1.305362792330581057e+00,-6.823520522502746211e+00,-4.716681298560345681e+02,-1.448783164589822814e+00
1.700000000000000677e-01,-1.347546057422636112e+00,-9.063722066536767485e+00,-1.205487397223326269e+02,-9.222505566129033383e-01
1.750000000000000722e-01,-1.398647346150403648e+00,-1.059890802289831235e+01,-1.520940063320184095e+02,-6.390481253285624774e-01
1.800000000000000766e-01,-1.453898847485407986e+00,-1.105154896579126778e+01,1.570551172905984743e+02,-8.818466917171248198e-01
1.850000000000000810e-01,-1.514935395328243617e+00,-1.260257421888920959e+01,-1.778431643576751640e+02,-1.885601645258650372e+00
1.900000000000000855e-01,-1.577446887405373310e+00,-1.223979699714845104e+01,2.583117673548829885e+02,-6.625120815830110033e-01
1.950000000000000899e-01,-1.637164467125224121e+00,-1.161073955956211634e+01,1.140748596809897464e+02,-2.662803832603231058e-01
2.000000000000000944e-01,-1.692087458471954298e+00,-1.049338593173172640e+01,3.227285049639687600e+02,-1.267068596766760535e-01
2.050000000000000988e-01,-1.741106028232535463e+00,-9.327537150596970861e+00,1.666325714400428524e+02,2.289667663805952103e-01
2.100000000000001033e-01,-1.784978418543747836e+00,-8.346475421959921093e+00,2.966765245710028012e+02,-1.566487187577081386e-02
2.150000000000001077e-01,-1.822833082133619387e+00,-7.054523906041269221e+00,1.861304569155848299e+02,4.485367210571880037e-01
2.200000000000001121e-01,-1.855594259321969863e+00,-6.191311941982825751e+00,2.531933694551840404e+02,-1.964288852229323368e-02
2.250000000000001166e-01,-1.882596387093014245e+00,-4.890788027144974848e+00,1.814132324286526341e+02,5.184570949884306224e-01
2.300000000000001210e-01,-1.904343019893133704e+00,-4.005749397447465832e+00,2.260422316902591149e+02,-6.450938579181464405e-02
2.350000000000001255e-01,-1.918826474338011234e+00,-2.249228900689297372e+00,2.275646096743552675e+02,8.899192702446567793e-01
2.400000000000001299e-01,-1.925675645233144717e+00,-8.964125268891993681e-01,2.498472484424625861e+02,2.407364553578140720e-01
2.450000000000001343e-01,-1.925121174146548597e+00,7.093384249089333959e-01,2.450402849168761747e+02,6.986906768911477217e-01
2.500000000000001110e-01,-1.918179957874964314e+00,1.723230981312117382e+00,1.661868172800866716e+02,1.470948569252850113e-02
2.550000000000001155e-01,-1.905569451931366176e+00,2.933164261109132642e+00,1.443015335105454540e+02,2.424342088664599437e-01
2.600000000000001199e-01,-1.887583729163865520e+00,3.885377525306827451e+00,7.687806120826417100e+01,6.051565955869420144e-02
2.650000000000001243e-01,-1.866987456885501606e+00,4.181325243937908276e+00,2.233389709073049900e+01,-5.839385919520578838e-01
2.700000000000001288e-01,-1.844305260003000324e+00,4.668462653584532163e+00,5.857351602441437421e+01,-3.197570890330059257e-01
2.750000000000001332e-01,-1.819614435800116947e+00,4.963897040815576922e+00,-9.726624600976822421e+01,-4.876785506970615636e-01
2.800000000000001377e-01,-1.792473123516231670e+00,5.582384045653172144e+00,1.492791420943179226e+01,-3.636828562860960901e-02
2.850000000000001421e-01,-1.798530470201339826e+00,-1.221330951952716237e+00,-6.142505683547654627e+01,3.727776424155466728e+00
2.900000000000001465e-01,-1.804703036206901867e+00,-1.247408207628581955e+00,2.781276510478522468e+01,5.740176542941192395e+00
2.950000000000001510e-01,-1.811211911845902467e+00,-1.303135201852998915e+00,-1.297488262231479155e+02,7.432210950249167780e+00
3.000000000000001554e-01,-1.815734672447475662e+00,-8.552580785638844718e-01,-7.029119738441349341e+01,8.091066997782593972e+00
3.050000000000001599e-01,-1.818555555935649215e+00,-5.271125111576198119e-01,-2.025803523435662612e+02,9.190636330734685444e+00
3.100000000000001643e-01,-1.819431802555204758e+00,-1.569161092640666000e-01,-1.928529844181184103e+02,1.018260325812869382e+01
3.150000000000001688e-01,-1.819189061806441021e+00,1.678981069099627077e-01,-2.310917095334274904e+02,1.101141958000108723e+01
3.200000000000001732e-01,-1.817193086711932803e+00,5.218151093182710198e-01,-2.280846779612878095e+02,1.226403803927467528e+01
3.250000000000001776e-01,-1.814018379825702132e+00,6.221152949216500749e-01,-2.618704192230371177e+02,1.294314034784427214e+01
3.300000000000001821e-01,-1.809855946583390329e+00,1.101125427941973101e+00,5.288059764453008711e+02,1.484677048684996414e+01
3.350000000000001865e-01,-1.804505987480264917e+00,9.592343074860847363e-01,-4.615363948163584951e+02,1.535858581341674167e+01
3.400000000000001910e-01,-1.798103713819554583e+00,1.585539411099576634e+00,6.107638469428036387e+02,1.731254905939026401e+01
3.450000000000001954e-01,-1.791111109107729638e+00,1.232033754424693761e+00,-5.089184356134263680e+02,1.756086799999456005e+01
3.500000000000001998e-01,-1.783056628054713544e+00,1.891436107776163222e+00,5.740096596674325156e+02,1.895254534535165192e+01
3.550000000000002043e-01,-1.775140599900394189e+00,1.381146047943587751e+00,-5.286307740701111015e+02,1.890862178189618703e+01
3.600000000000002087e-01,-1.766047458963508676e+00,2.020478858346392403e+00,5.331783372506423575e+02,2.034476815384182657e+01
3.650000000000002132e-01,-1.757287298291130506e+00,1.602848543065259035e+00,-5.743324930277166231e+02,2.008972406493194995e+01
3.700000000000002176e-01,-1.747439392624730026e+00,2.190368771379630264e+00,6.014083237246671843e+02,2.133179414841902855e+01
3.750000000000002220e-01,-1.737884445701144864e+00,1.713313654737469438e+00,-5.975081361365344037e+02,2.030935103087889360e+01
3.800000000000002265e-01,-1.727391925995295452e+00,2.371249870253112846e+00,6.297151405801796500e+02,2.112717693251402906e+01
3.850000000000002309e-01,-1.717155400463318271e+00,1.827328948550960064e+00,-5.745971331605509249e+02,1.982182709352187899e+01
3.900000000000002354e-01,-1.706059709186537710e+00,2.420436355238131831e+00,5.263239965021765556e+02,2.047606211687429933e+01
3.950000000000002398e-01,-1.695527091455880431e+00,1.909400875491344296e+00,-5.492947303869456164e+02,1.904325602991690047e+01
4.000000000000002442e-01,-1.684432134445069895e+00,2.382338174295221211e+00,4.830486956609258300e+02,1.935313311358554955e+01
4.050000000000002487e-01,-1.673989447364804484e+00,1.885952709753712764e+00,-5.107936974488945339e+02,1.789959579520352406e+01
4.100000000000002531e-01,-1.663327594681540234e+00,2.315308452182196497e+00,4.892938982058028046e+02,1.798602035093391294e+01
4.150000000000002576e-01,-1.653519193733541837e+00,1.727601655371518552e+00,-4.859882056693405730e+02,1.660282983944690827e+01
4.200000000000002620e-01,-1.643511193534090253e+00,2.090135887833969530e+00,3.453586981461839969e+02,1.671868216511206384e+01
4.250000000000002665e-01,-1.634499334715449059e+00,1.618835522208948996e+00,-4.832151681178996796e+02,1.551402203987488093e+01
4.300000000000002709e-01,-1.625517724141334996e+00,1.876214948040856090e+00,3.422032909854546574e+02,1.557084831982499296e+01
4.350000000000002753e-01,-1.617328068574360733e+00,1.470130603865297703e+00,-4.272386929746629676e+02,1.433854176953659731e+01
4.400000000000002798e-01,-1.609469107287170075e+00,1.793973123062941433e+00,5.478985216706417987e+02,1.446274743189777645e+01
4.450000000000002842e-01,-1.602392382351052191e+00,1.173554625667163620e+00,-3.926999982258365094e+02,1.316253813426485131e+01
4.500000000000002887e-01,-1.595188319860725734e+00,1.577609717619727236e+00,3.555804943344688240e+02,1.355419210910266159e+01
4.550000000000002931e-01,-1.589153032010051980e+00,9.652079287283972242e-01,-4.432710005953753694e+02,1.251694117279059704e+01
4.600000000000002975e-01,-1.582197780906422047e+00,1.321908491795115603e+00,-1.705331339905451671e+02,1.305688179786409542e+01
4.650000000000003020e-01,-1.575196162063230876e+00,1.724336712069113764e+00,5.817938486755818985e+02,1.235527310098926357e+01
4.700000000000003064e-01,-1.568750469220471455e+00,1.263262615725530003e+00,2.796316560724092781e+01,1.147372870044880955e+01
4.750000000000003109e-01,-1.562453364240142362e+00,1.326230206350806240e+00,7.654908207450289126e+01,1.152352653861505516e+01
4.800000000000003153e-01,-1.555447451125491209e+00,1.302080011836369122e+00,-1.755402282556145792e+02,1.152892015126363034e+01
4.850000000000003197e-01,-1.547565043361650794e+00,1.469764288359395543e+00,9.498231279791946235e+01,1.127420560069307953e+01
4.900000000000003242e-01,-1.539354837735865900e+00,1.399836121651679699e+00,-3.349169450190340172e+02,1.084420166472108349e+01
4.950000000000003286e-01,-1.531604080099047582e+00,1.921117316118094553e+00,6.138580316733009568e+02,1.044176928250571201e+01
5.000000000000003331e-01,-1.524121119486404607e+00,1.488249409535043366e+00,5.527868628378343629e+01,9.508433739840972621e+00
5.050000000000003375e-01,-1.516921074546636383e+00,1.412676030125458615e+00,-5.932507387198868543e+01,9.026259424168500800e+00
5.100000000000003419e-01,-1.509362621052847242e+00,1.970671483731808227e+00,6.481455875466319867e+02,9.272779485923342335e+00
5.150000000000003464e-01,-1.502243922994719760e+00,1.289841887802381848e+00,-7.996650071032286178e+01,7.922646324827969266e+00
5.200000000000003508e-01,-1.494701008107145235e+00,1.400754863907010872e+00,-2.115788679535831136e+02,8.591435629583303424e+00
5.250000000000003553e-01,-1.487369543051557441e+00,1.260430308086602169e+00,-1.500585457505923159e+02,8.204251101791065537e+00
5.300000000000003597e-01,-1.480305607613555230e+00,1.809779881495339193e+00,6.354668746880912522e+02,8.820127574602183884e+00
5.350000000000003642e-01,-1.472776395773995661e+00,1.528077454753903330e+00,-3.529279146370600415e+02,7.564146074045036805e+00
5.400000000000003686e-01,-1.466409684491960297e+00,1.183076785735327707e+00,-1.239299798664343228e+02,8.686755078480652870e+00
5.450000000000003730e-01,-1.459633671810295352e+00,1.488282702060674145e+00,3.584605934620644234e+02,9.098217307282848054e+00
5.500000000000003775e-01,-1.453058210829174746e+00,1.072577053793542179e+00,-3.655398069204002240e+02,9.497189907755455351e+00
5.550000000000003819e-01,-1.445792314535125245e+00,1.583876118495223695e+00,6.251269392481859768e+02,9.245471205806175874e+00
5.600000000000003864e-01,-1.439459480789474499e+00,1.011672252684912676e+00,-3.572055716657931157e+02,9.244863571434054350e+00
5.650000000000003908e-01,-1.432166855814691164e+00,1.455381543024220292e+00,-5.378379504902477493e+02,1.016658053165774156e+01
5.700000000000003952e-01,-1.427642464709382608e+00,5.144710252438772224e-01,-4.153137983839035314e+02,8.849785740035734705e+00
5.750000000000003997e-01,-1.420784860809994221e+00,1.347848867376671533e+00,-4.043862131641861311e+02,1.012856819921125506e+01
5.800000000000004041e-01,-1.416439299654927320e+00,5.912032262755981815e-01,-3.381812127750495165e+02,8.248568411076004026e+00
5.850000000000004086e-01,-1.410533673213149930e+00,1.592042389612158049e+00,1.463800348253136917e+03,1.033143582440965602e+01
5.900000000000004130e-01,-1.405489986280684445e+00,5.906989266606358369e-01,-5.744841266488217570e+02,8.214661011025889081e+00
5.950000000000004174e-01,-1.401183792211496471e+00,1.850790415324057747e+00,1.864131893203574236e+03,1.122523795537332347e+01
6.000000000000004219e-01,-1.397102632845798720e+00,7.860062219082628587e-01,-5.748259171197119031e+02,7.510541842308093408e+00
6.050000000000004263e-01,-1.391815633522932805e+00,1.780812215137575372e+00,1.299810378589310403e+03,9.953944343332794986e+00
6.100000000000004308e-01,-1.387049942771570565e+00,9.718871879509012324e-01,-5.714347084604663678e+02,7.103328395841002951e+00
6.150000000000004352e-01,-1.382591661188890209e+00,1.016077366960359968e-01,-6.479612070982873320e+02,9.205265775903187730e+00
6.200000000000004396e-01,-1.375319872616431294e+00,1.639729145992570913e+00,-5.964007480667064556e+02,8.129610169794451835e+00
6.250000000000004441e-01,-1.369337541720953455e+00,9.360142516676013269e-01,-5.846361030366994100e+02,7.526636446188659235e+00
6.300000000000004485e-01,-1.363419301467779343e+00,1.897205694019329814e+00,1.162153625125703002e+03,6.328945834570022910e+00
6.350000000000004530e-01,-1.357912506904621619e+00,1.260990493452527117e+00,4.489017509354652589e+02,5.437513125840398587e+00
6.400000000000004574e-01,-1.352653992209579270e+00,1.015261694974806339e+00,-2.554474314422647296e+01,3.369802949652345614e+00
6.450000000000004619e-01,-1.347136639312905393e+00,1.141176632477239439e+00,4.900436283129317871e+01,1.918184574573590595e+00
6.500000000000004663e-01,-1.344574709031442827e+00,5.915758450699182269e-01,5.931868151942070000e+01,-7.728213844478286632e-01
6.550000000000004707e-01,-1.342667611788544324e+00,1.974052685530344742e-01,-4.642427499486359466e+02,-4.923001352802278241e+00
6.600000000000004752e-01,-1.340549320698970703e+00,2.358185702887041491e-01,-1.405389629321642175e+01,-6.873142990460623380e+00
6.650000000000004796e-01,-1.341341411899866776e+00,-3.354282302881285704e-01,-9.907901530881798635e+01,-8.587819198627768102e+00
6.700000000000004841e-01,-1.345215452582826154e+00,-9.933823076896004522e-01,-5.239043426962227556e+01,-8.045519590744657279e+00
6.750000000000004885e-01,-1.351697418017864694e+00,-1.412767942057570947e+00,-6.312118601121465389e+01,-8.488735002273887886e+00
6.800000000000004929e-01,-1.359330324859780115e+00,-1.583161288642824571e+00,-5.124913251155106053e+01,-8.942001806343638393e+00
6.850000000000004974e-01,-1.367349265868265551e+00,-1.645354925394138856e+00,-7.374015403399452850e+01,-9.573924712453258934e+00
6.900000000000005018e-01,-1.374788215818839365e+00,-1.397949018875785931e+00,7.294719819275483985e+01,-1.025468944370882696e+01
6.950000000000005063e-01,-1.380531860773087205e+00,-9.559594394468251544e-01,1.020107083367283138e+02,-1.038252774224342723e+01
7.000000000000005107e-01,-1.383748658334403192e+00,-4.266476204237088510e-01,9.724684017846784911e+01,-1.190665042788294237e+01
7.050000000000005151e-01,-1.383801694334343191e+00,2.675853671677081991e-01,1.470302637640189403e+02,-1.207866101977773710e+01
7.100000000000005196e-01,-1.384120447803813381e+00,-3.530562543931675679e-01,2.046177055387184396e+02,-1.125644670662772207e+01
7.150000000000005240e-01,-1.383947956756343967e+00,2.781782531546195814e-01,8.814509750625745710e+01,-1.259388551203425344e+01
7.200000000000005285e-01,-1.386934717609092038e+00,-6.931285059054550501e-01,1.509611799557736731e+02,-1.183555371878439288e+01
7.250000000000005329e-01,-1.388089065144737511e+00,1.092291725295814753e-01,2.351886018485689362e+02,-1.188972246536718202e+01
7.300000000000005373e-01,-1.390199971898064213e+00,-6.513470369408711491e-01,1.546561806566488713e+02,-1.243887407320283067e+01
7.350000000000005418e-01,-1.391078979545405048e+00,1.509689548055829500e-01,1.746181760076495380e+02,-1.304288796789952798e+01
7.400000000000005462e-01,-1.393402588290901134e+00,-2.872320604449258297e-01,2.127272671504352388e+02,-1.273784683763717673e+01
7.450000000000005507e-01,-1.395429125100362100e+00,-7.095640635618367664e-01,-1.099185938389314146e+02,-1.228562697199487097e+01
7.500000000000005551e-01,-1.400385465146996689e+00,-1.169317804393520621e+00,-9.074013902016380939e+01,-1.004715639994729770e+01
7.550000000000005596e-01,-1.409167639737393118e+00,-2.157778579169473687e+00,-2.008751544450811082e+02,-7.554309194416914508e+00
7.600000000000005640e-01,-1.423073981477828598e+00,-3.187323372462621318e+00,-2.073806589514000791e+02,-6.051822699526876015e+00
7.650000000000005684e-01,-1.441534800726592236e+00,-4.033555697884009916e+00,-1.904239883878071282e+02,-5.437399251211665785e+00
7.700000000000005729e-01,-1.463292095680160498e+00,-4.622049162772050579e+00,-1.793032426771814585e+02,-5.331064271323623593e+00
7.750000000000005773e-01,-1.487162618212134468e+00,-4.981846648060058058e+00,-1.720638088674810149e+02,-5.226882818531192854e+00
7.800000000000005818e-01,-1.512057107166036474e+00,-5.027214016161343224e+00,-2.853630423332262112e+01,-5.299624045011443130e+00
7.850000000000005862e-01,-1.537454873114112885e+00,-5.036251635903290058e+00,4.822421791017807102e+00,-5.317637493147639560e+00
7.900000000000005906e-01,-1.562657109379841591e+00,-4.953860521199964673e+00,3.353375707008537887e+01,-5.362458757137485321e+00
7.950000000000005951e-01,-1.587269345180182700e+00,-4.828117061406184796e+00,7.286989924262719853e+01,-5.151691144468626860e+00
8.000000000000005995e-01,-1.611098975599366101e+00,-4.714820130169572465e+00,1.621516366534534370e+02,-4.902847850468306845e+00
8.050000000000006040e-01,-1.633817602510840405e+00,-4.467211706507886682e+00,4.129458703678991327e+01,-4.673888356664166466e+00
8.100000000000006084e-01,-1.656163063692307702e+00,-4.345007410919093260e+00,3.994317222637364750e+01,-4.682412766348882371e+00
8.150000000000006128e-01,-1.677610748603003188e+00,-4.158098859488943866e+00,1.006595157917074488e+02,-3.948292627999877791e+00
8.200000000000006173e-01,-1.697729233956940309e+00,-4.091185457469371123e+00,-1.667320263242894782e+02,-3.338136137671963155e+00
8.250000000000006217e-01,-1.716186220598207690e+00,-3.530404176817078188e+00,7.961518952028642104e+01,-2.673957724057647312e+00
8.300000000000006262e-01,-1.733267020818537008e+00,-3.225996724375295166e+00,1.314143072888195150e+02,-2.323416604783927752e+00
8.350000000000006306e-01,-1.748009225534419508e+00,-2.762747114198068843e+00,9.721048364993495738e+01,-1.605431390428357252e+00
8.400000000000006350e-01,-1.760468130019604560e+00,-2.214916445362794306e+00,1.077712005336982770e+02,-1.069529296764478499e+00
8.450000000000006395e-01,-1.769966299393552989e+00,-1.685573033324969661e+00,1.123225146094202813e+02,-7.268431824723255996e-01
8.500000000000006439e-01,-1.776902427568104459e+00,-1.070689684593431057e+00,1.236363809473588731e+02,-2.338202788441399171e-01
8.550000000000006484e-01,-1.780467568267439349e+00,-4.936734919840088942e-01,1.012302100102102429e+02,1.004496209989118038e-01
8.600000000000006528e-01,-1.781241553969731717e+00,5.281044974453660834e-02,1.055945883661407976e+02,5.691594977874313566e-01
8.650000000000006573e-01,-1.779630785702132956e+00,4.781602534603955901e-01,7.169519653732469067e+01,1.575444252748459339e+00
8.700000000000006617e-01,-1.776270186668030160e+00,7.882667184896336998e-01,6.665359959087713548e+01,2.177122766303468460e+00
8.750000000000006661e-01,-1.772071551773165554e+00,8.616672656244013240e-01,4.055068990141830199e+00,4.072464531575347380e+00
8.800000000000006706e-01,-1.768427295015450040e+00,6.149022420700470670e-01,-6.697609997517119496e+01,7.868939071353983294e+00
8.850000000000006750e-01,-1.766665689353625668e+00,2.887563674293459615e-01,-9.165548344319762464e+01,1.273346913171141459e+01
8.900000000000006795e-01,-1.764829926644917002e+00,5.204933505523159365e-01,2.927749877345653999e+02,1.717321432162117745e+01
8.950000000000006839e-01,-1.762835768274628512e+00,3.168885184534508959e-01,-4.360151071112125578e+02,1.950870667807307157e+01
9.000000000000006883e-01,-1.760353366237753292e+00,6.223319514284143539e-01,3.332184153515599974e+02,2.128072576335383914e+01
9.050000000000006928e-01,-1.758094940733059053e+00,3.275396454585462469e-01,-4.486862481302225660e+02,2.095689894971194178e+01
9.100000000000006972e-01,-1.754661924124331529e+00,8.516390356568709352e-01,3.796761358661599957e+02,2.164384079481588330e+01
9.150000000000007017e-01,-1.751442414521672042e+00,4.783370820794314304e-01,-4.337758562601679273e+02,2.083536260098009762e+01
9.200000000000007061e-01,-1.747123575353809688e+00,1.093151854945091150e+00,4.797576509983875894e+02,2.121735257942888708e+01
9.250000000000007105e-01,-1.743014656640168303e+00,6.450974077718524269e-01,-4.189532630406019962e+02,2.000178944924240909e+01
9.300000000000007150e-01,-1.738033345690222164e+00,1.212294673703217196e+00,4.616964545163911566e+02,2.067224135145637476e+01
9.350000000000007194e-01,-1.733398807888386628e+00,7.328507131138547459e-01,-4.285253593415787918e+02,1.947438830688529521e+01
9.400000000000007239e-01,-1.728033374627921059e+00,1.279018226044380313e+00,4.484325090787297086e+02,2.006722385933993280e+01
9.450000000000007283e-01,-1.723088447036640547e+00,7.922138071092785783e-01,-4.243365404334866753e+02,1.895904181526210408e+01
9.500000000000007327e-01,-1.717427739260827257e+00,1.305043451686499933e+00,4.072569610795108588e+02,1.990461943281297863e+01
9.550000000000007372e-01,-1.712338705250798121e+00,8.104870079550408057e-01,-4.345683045015883295e+02,1.874153491016001993e+01
9.600000000000007416e-01,-1.706519459478075040e+00,1.302701459999615174e+00,3.590147479489044144e+02,1.957088369765404678e+01
9.650000000000007461e-01,-1.701397026487773578e+00,8.010285247337787240e-01,-4.536958032145810762e+02,1.850345479682836825e+01
9.700000000000007505e-01,-1.695475377080569501e+00,1.292016610875416749e+00,3.125904294959769345e+02,1.934071506040932320e+01
9.750000000000007550e-01,-1.690309567271800928e+00,8.014419131751830960e-01,-4.655814645118582575e+02,1.821374003835621380e+01
9.800000000000007594e-01,-1.684302027717366368e+00,1.271321312713229013e+00,2.583438265362735251e+02,1.908574028604112627e+01
9.850000000000007638e-01,-1.679094964217893615e+00,8.108046566550185519e-01,-4.833562427844750573e+02,1.796511472055136949e+01
9.900000000000007683e-01,-1.672978582894669719e+00,1.251360391196191024e+00,1.953602915324229627e+02,1.877735091803923950e+01
9.950000000000007727e-01,-1.667675301164263768e+00,8.490725457161801826e-01,-5.018456530745582427e+02,1.770512658768291203e+01
1.000000000000000666e+00,-1.661444214546641929e+00,1.241199127119254175e+00,1.381976491190606851e+02,1.844761819846234729e+01
1.005000000000000560e+00,-1.655919294316616108e+00,9.567873643988591414e-01,-5.207947455230985270e+02,1.739753132987059914e+01
1.010000000000000453e+00,-1.649554887951458548e+00,1.258291246092697602e+00,8.270161170379563487e+01,1.802837619618723508e+01
1.015000000000000346e+00,-1.643716903846356159e+00,1.104007464658022908e+00,-5.579881284534970973e+02,1.711582444760323440e+01
1.020000000000000240e+00,-1.637461968268081991e+00,1.336555797358406794e+00,2.432138937213021279e+02,1.723008136187055683e+01
1.025000000000000133e+00,-1.631203684357411143e+00,1.423913640451951013e+00,3.325817930677547452e+02,1.635955102691142571e+01
1.030000000000000027e+00,-1.624850043755694085e+00,1.833559738938836281e+00,8.935562547826583568e+02,1.671335893512103610e+01
1.034999999999999920e+00,-1.618718814505179182e+00,8.854755974650559969e-01,-4.544815794340887578e+02,1.545700096304858207e+01
1.039999999999999813e+00,-1.610944311604706192e+00,1.540047896940829553e+00,-4.463652395099535397e+02,1.608912002285692466e+01
1.044999999999999707e+00,-1.603172696548938347e+00,2.040368942645150785e+00,9.539674692799244440e+02,1.628324789369136028e+01
1.049999999999999600e+00,-1.595269343919234473e+00,1.257523722843547631e+00,-4.560276293034928585e+02,1.476537160125164583e+01
1.054999999999999494e+00,-1.588037925263062311e+00,1.630885555589863145e+00,-5.299132155685917951e+02,1.510400298316935874e+01
1.059999999999999387e+00,-1.579762395872449821e+00,2.163854168974074454e+00,9.970263870676786837e+02,1.521344568444120249e+01
1.064999999999999281e+00,-1.572371704355548516e+00,1.227134930356094999e+00,-3.489931371943065983e+02,1.414339830755353944e+01
1.069999999999999174e+00,-1.563551159921280576e+00,1.826939617889767886e+00,-4.409259407773636212e+02,1.438971095092017904e+01
1.074999999999999067e+00,-1.555246021642981979e+00,1.560696153996947944e+00,2.101187908756365061e+02,1.368807001510651489e+01
1.079999999999998961e+00,-1.547185448939686125e+00,1.192464159920833433e+00,-6.151133772486321050e+02,1.385454487571916715e+01
1.084999999999998854e+00,-1.536793060017651813e+00,2.109071092542191384e+00,-4.820121883821561823e+02,1.338163136534981845e+01
1.089999999999998748e+00,-1.529035599528902445e+00,1.798340685046538212e+00,3.555610114797807455e+02,1.303636346567255977e+01
1.094999999999998641e+00,-1.520457808088801377e+00,1.307581006748306018e+00,-5.736641594405319893e+02,1.219637880789594497e+01
1.099999999999998535e+00,-1.510801434123476561e+00,1.756328919985163717e+00,1.541513777618357572e+01,1.292353743354795448e+01
1.104999999999998428e+00,-1.501452974901532844e+00,2.582060100261839075e+00,1.361566818932290516e+03,1.197924313085467318e+01
1.109999999999998321e+00,-1.492203301061532317e+00,1.331534820694081578e+00,-6.752936105420527610e+02,1.033987819610371517e+01
1.114999999999998215e+00,-1.481883029254994932e+00,2.031806496030620135e+00,-5.349521870654765507e+02,1.049836606600006306e+01
1.119999999999998108e+00,-1.472415436153988955e+00,2.585692601898661458e+00,1.361625292915931368e+03,1.052982722181077335e+01
1.124999999999998002e+00,-1.463666541501095208e+00,1.159771774491540786e+00,-7.048754171355029712e+02,8.766444445349293346e+00
1.129999999999997895e+00,-1.452920456670085514e+00,2.065110393178320791e+00,-6.407847304361258693e+02,9.512298107334382635e+00
1.134999999999997788e+00,-1.443144152292687554e+00,2.503608733178665169e+00,1.229635341387759354e+03,8.938190275468835821e+00
1.139999999999997682e+00,-1.434728620420017808e+00,9.978887236066201760e-01,-8.610651040158606975e+02,8.120860905148219899e+00
1.144999999999997575e+00,-1.423892538252651940e+00,2.146836090760014581e+00,-7.211177943977422728e+02,8.320970546291350800e+00
1.149999999999997469e+00,-1.414000477919493237e+00,2.726479085535129521e+00,1.529032301222615160e+03,8.289159966004076452e+00
1.154999999999997362e+00,-1.405361010643791042e+00,9.993113240667330643e-01,-8.492605366132880818e+02,6.750995551187192412e+00
1.159999999999997256e+00,-1.394231579943704835e+00,2.149107905412800168e+00,-8.007703430264401732e+02,7.544352068015819590e+00
1.164999999999997149e+00,-1.383988878291844804e+00,2.749727356281702395e+00,1.520950242598391014e+03,7.152687862344050629e+00
1.169999999999997042e+00,-1.375540465999039119e+00,8.742564110511150677e-01,-1.007711157588073547e+03,6.409245227958640712e+00
1.174999999999996936e+00,-1.363896331462706613e+00,2.322379309960043603e+00,-8.375177630094026426e+02,6.677886037014069132e+00
1.179999999999996829e+00,-1.353156771190784369e+00,3.014136432087505035e+00,1.794896205822837146e+03,6.721891833185795306e+00
1.184999999999996723e+00,-1.344031950926454888e+00,9.621575523959696730e-01,-1.008485791600236780e+03,5.325211074969087299e+00
1.189999999999996616e+00,-1.331172831578945726e+00,2.537666109588393226e+00,-9.209162636111741449e+02,5.904410806710318482e+00
1.194999999999996509e+00,-1.318175984725481698e+00,2.983857146704712360e+00,9.807669449641558685e+02,5.677909875505541493e+00
1.199999999999996403e+00,-1.305481184010960360e+00,2.040064518196153642e+00,-7.384934045343119351e+02,5.243098136859454250e+00
1.204999999999996296e+00,-1.288780459813465562e+00,4.241335158646963421e+00,2.056535822159062263e+03,5.778695553241128380e+00
1.209999999999996190e+00,-1.273135113939175556e+00,2.923550366221049579e+00,-5.669388403350600214e+01,4.166640579899572927e+00
1.214999999999996083e+00,-1.256855961219376816e+00,3.893358554609955835e+00,9.701702341195745021e+02,3.550166374916825518e+00
1.219999999999995977e+00,-1.239779924087488272e+00,3.252760124575199807e+00,-1.275281529156151805e+02,1.831545892587285840e+00
1.224999999999995870e+00,-1.222094435833041892e+00,3.454534041321481563e+00,-4.329520557619311489e+02,-4.513536875676660287e-02
1.229999999999995763e+00,-1.205186843757473536e+00,3.389719418211167845e+00,5.511014177430006100e+00,-1.570558433426848310e+00
1.234999999999995657e+00,-1.192380586047968150e+00,2.391798177623722044e+00,4.786797889761339206e+02,-2.284388125745064890e+00
1.239999999999995550e+00,-1.182999280006128640e+00,1.536720510936826933e+00,-1.426375627914368920e+02,-1.792051196387392853e+00
1.244999999999995444e+00,-1.177286877024619427e+00,9.323914091258335146e-01,-3.601745392062552753e+01,-1.749278264281036277e+00
1.249999999999995337e+00,-1.174053430009799781e+00,7.356509486347939664e-01,-2.037584066017288364e+02,-3.691819576693863958e+00
1.254999999999995230e+00,-1.175298068793699802e+00,-1.363704318281271366e+00,-9.029836887434611299e+02,-4.349915105587680131e+00
1.259999999999995124e+00,-1.182584097840531312e+00,-1.825837522289201820e+00,-2.583802343700380106e+02,-5.474426265838464367e+00
1.264999999999995017e+00,-1.194861998119986835e+00,-2.719473575034884405e+00,-9.184654621775973737e+01,-5.889514228922987371e+00
1.269999999999994911e+00,-1.210035990936117134e+00,-3.180734872440078131e+00,-1.017616183547591646e+02,-6.699703079449329302e+00
1.274999999999994804e+00,-1.226667784720942178e+00,-3.373084488195010611e+00,4.757207131150177304e+01,-6.979476163130402533e+00
1.279999999999994698e+00,-1.243205148137162208e+00,-3.221856058025949210e+00,7.400352857125898964e+00,-7.626290144545341931e+00
1.284999999999994591e+00,-1.258487309015772437e+00,-2.903250009793423736e+00,1.477342933103674056e+02,-7.917594661643513554e+00
1.289999999999994484e+00,-1.271477210101490618e+00,-2.363115959947885258e+00,6.721212265022430188e+01,-8.484261864403100262e+00
1.294999999999994378e+00,-1.281598624709484380e+00,-1.770586191631996709e+00,1.938604803345815242e+02,-8.723092538404069174e+00
1.299999999999994271e+00,-1.288249002364550089e+00,-1.014241563082357134e+00,9.777674851290845481e+01,-9.228736726800345735e+00
1.304999999999994165e+00,-1.291156404884364672e+00,-2.834218050363204733e-01,1.819229756224495418e+02,-9.615880534080387676e+00
1.309999999999994058e+00,-1.289974926709433145e+00,5.643404926029244040e-01,9.954877494724374287e+01,-1.007821776108851708e+01
1.314999999999993952e+00,-1.286018157660650640e+00,5.275000304513918215e-01,-1.787598936983775104e+02,-1.032692510008045161e+01
1.319999999999993845e+00,-1.283336696020506595e+00,1.243660812394888487e-01,-6.159243038538327255e+02,-1.047158828157309962e+01
1.324999999999993738e+00,-1.281335386307782320e+00,6.440655178493824851e-01,1.982792028114994878e+02,-1.059190780561310419e+01
1.329999999999993632e+00,-1.280475481725439124e+00,1.185705035987832390e-01,-6.313538431398510653e+01,-1.059556244662161717e+01
1.334999999999993525e+00,-1.279882157166335688e+00,1.168977260415426239e-02,6.546297147561449492e+01,-1.073743860802368921e+01
1.339999999999993419e+00,-1.280099899202688851e+00,-2.945111373734230487e-01,-3.331682168064343159e+02,-1.116751734261335294e+01
1.344999999999993312e+00,-1.281541242484884879e+00,-2.473807863647396466e-01,1.130238994641160701e+02,-1.085334219273397238e+01
1.349999999999993205e+00,-1.282840980938595221e+00,-4.864526907161507152e-01,-3.614854335233923166e+02,-1.110356568338008643e+01
1.354999999999993099e+00,-1.285745171237244966e+00,-6.211311462964150820e-01,5.707952822406946325e+01,-1.097906818447332000e+01
1.359999999999992992e+00,-1.289347602523065017e+00,-8.067351831438716037e-01,-1.226410665414530285e+02,-1.120921301352333188e+01
1.364999999999992886e+00,-1.293861357319505245e+00,-1.010095522446800453e+00,-7.827078574892888163e+00,-1.074045272742680268e+01
1.369999999999992779e+00,-1.299488227928150330e+00,-1.231669164911186387e+00,-1.215039089346641958e+02,-1.099161102965047476e+01
1.374999999999992673e+00,-1.307060318067174265e+00,-1.713637030179928855e+00,-4.129624454381907839e+01,-1.087137839911172321e+01
1.379999999999992566e+00,-1.316341158864601901e+00,-1.986666782610612358e+00,-1.587256552024091150e+02,-1.062822749449211024e+01
1.384999999999992459e+00,-1.327420073237662868e+00,-2.390510917724808504e+00,-2.967495544971093580e+01,-1.041399070728625631e+01
1.389999999999992353e+00,-1.340608108203731552e+00,-2.772585226713132123e+00,-1.015709906272329022e+02,-1.023011866809603276e+01
1.394999999999992246e+00,-1.356004133396000677e+00,-3.297355409105680923e+00,-7.967263705101258608e+01,-9.953331236145114502e+00
1.399999999999992140e+00,-1.372887657413168538e+00,-3.408813475972222395e+00,-6.384681275993359861e+01,-9.265200761758201509e+00
1.404999999999992033e+00,-1.390522407233737434e+00,-3.609604744934820975e+00,1.540777515453702406e+01,-9.108438970229613574e+00
1.409999999999991926e+00,-1.410888097339240588e+00,-4.360729608664662749e+00,-2.375098819841942941e+02,-7.768491942841979636e+00
1.414999999999991820e+00,-1.434755328512280270e+00,-5.139955400085799653e+00,-1.780127889377426698e+02,-6.058638982582478683e+00
1.419999999999991713e+00,-1.462125773154506092e+00,-5.706450326397192185e+00,-1.635541369444077304e+02,-4.918567833782923948e+00
1.424999999999991607e+00,-1.492170455054757872e+00,-6.093467566463216301e+00,2.194700102643517070e+01,-4.163646241873308895e+00
1.429999999999991500e+00,-1.523022079747524460e+00,-6.101071839551746478e+00,-4.425234753574249424e+01,-4.306853063154669314e+00
1.434999999999991394e+00,-1.553110463101691874e+00,-5.918199759925911962e+00,3.389181795406979631e+02,-3.507516271459840240e+00
1.439999999999991287e+00,-1.580659676261766178e+00,-5.305557809552955639e+00,4.371203606521212492e+01,-4.278106298015114106e+00
1.444999999999991180e+00,-1.606061266958413558e+00,-4.727338510976352381e+00,1.875228508640776113e+02,-4.488114085906525830e+00
1.449999999999991074e+00,-1.628339308938896446e+00,-4.177647766365955917e+00,1.279359163645895876e+02,-5.008376569068569317e+00
1.454999999999990967e+00,-1.647640493574703546e+00,-3.844883851585386925e+00,-1.296793928796698765e+02,-5.176583605065199656e+00
1.459999999999990861e+00,-1.664322817058463411e+00,-3.120667496383183082e+00,6.302596433285450672e+01,-4.693739215209816962e+00
1.464999999999990754e+00,-1.679033667033967836e+00,-2.735165633106242833e+00,1.262645059591672521e+02,-4.681041594998016642e+00
1.469999999999990647e+00,-1.692128306534008919e+00,-2.501725662798195415e+00,1.667367358866496545e+02,-4.290360179233782212e+00
1.474999999999990541e+00,-1.703567171700915761e+00,-2.269707826446780263e+00,-9.152684803230694399e+01,-4.954673176993541261e+00
1.479999999999990434e+00,-1.713465974480909759e+00,-1.813280703723166187e+00,1.140583591505455274e+02,-5.036249164014440005e+00
1.484999999999990328e+00,-1.721929180824187444e+00,-1.515868504017071849e+00,1.004754658599413233e+02,-5.343864063014530430e+00
1.489999999999990221e+00,-1.729248263171552891e+00,-1.373387691251846121e+00,5.404894263950696143e+01,-4.424881279194164740e+00
1.494999999999990115e+00,-1.735765830995135595e+00,-1.244277198640310722e+00,7.120522450879789744e+01,-4.881200519859076437e+00
1.499999999999990008e+00,-1.741647366457875767e+00,-1.146625147055874150e+00,1.871851564366366460e+01,-4.337161153819811155e+00
1.504999999999989901e+00,-1.746853928839986914e+00,-9.689511311420797579e-01,7.343690702938073400e+01,-4.894215256917057388e+00
1.509999999999989795e+00,-1.751502270633542357e+00,-8.896326032097122694e-01,5.494684431761462662e+01,-3.945312841315912422e+00
1.514999999999989688e+00,-1.755552392459925670e+00,-7.882388603652401571e-01,-2.323028354243847815e+01,-4.174884442498936643e+00
1.519999999999989582e+00,-1.759187625976893710e+00,-7.022976228735940962e-01,8.110283288990785877e+00,-3.880082527985603935e+00
1.524999999999989475e+00,-1.762241353622981732e+00,-5.452667314121997233e-01,6.635155979385250191e+01,-4.308563366346337631e+00
1.529999999999989369e+00,-1.764763575181315991e+00,-4.618020864234466116e-01,5.317497809026659183e+01,-3.345929395128535599e+00
1.534999999999989262e+00,-1.766635052419649021e+00,-3.397353983415751233e-01,2.468552293555882127e+00,-3.528276909469300282e+00
1.539999999999989155e+00,-1.767865818149571000e+00,-2.589511138221824438e-01,-5.472831477365344455e+01,-3.400574358878605263e+00
1.544999999999989049e+00,-1.768497502924066378e+00,-5.614805392486912905e-02,4.681715615829899235e+01,-3.676200700806349975e+00
1.549999999999988942e+00,-1.768576890454561790e+00,4.608278921057768623e-02,3.673450301412187713e+01,-2.792767657747534216e+00
1.554999999999988836e+00,-1.767943701790101851e+00,1.758927791209592417e-01,-6.511746868284328471e+00,-3.057694042098800580e+00
1.559999999999988729e+00,-1.766625791128636935e+00,2.987074212663375361e-01,5.656928291338258141e+00,-2.786746437292419110e+00
1.564999999999988622e+00,-1.764753689029020967e+00,4.188018243684495934e-01,5.151206278821217666e+01,-3.043880899215392954e+00
1.569999999999988516e+00,-1.762342116879596743e+00,5.085791026054803377e-01,-4.365562293770930413e-02,-2.696143369911465193e+00
1.574999999999988409e+00,-1.759349518865152007e+00,6.468501272224435050e-01,3.292156574364357624e+01,-2.434581654544470730e+00
1.579999999999988303e+00,-1.755773345903112181e+00,7.421500688660800371e-01,-3.720419818787615895e+01,-2.084351853912266961e+00
1.584999999999988196e+00,-1.751765116269300648e+00,8.413316700594268838e-01,5.102203062436068137e-01,-2.384234934492925007e+00
1.589999999999988090e+00,-1.747217295811528626e+00,9.680591926778930878e-01,4.537079634281279539e+01,-1.892285768978951177e+00
1.594999999999987983e+00,-1.742136039346569243e+00,1.057028982547780993e+00,4.820795463823558435e+01,-1.787337891010558621e+00
1.599999999999987876e+00,-1.736446442136037716e+00,1.156846303840306067e+00,-2.715703849756922494e+01,-1.509186573030549372e+00
1.604999999999987770e+00,-1.730318009863843765e+00,1.270868567239558988e+00,2.310169336081724722e+01,-1.811946495787730926e+00
1.609999999999987663e+00,-1.723749111561700964e+00,1.356763011769732907e+00,2.827240342184216360e+01,-1.332041784398874107e+00
1.614999999999987557e+00,-1.716683589879792970e+00,1.426447391171029588e+00,-6.395861276102176696e+00,-1.234158296623968365e+00
1.619999999999987450e+00,-1.709098358447196153e+00,1.543152946629274380e+00,-8.581110952840303341e+00,-8.968001973099409829e-01
1.624999999999987343e+00,-1.701018846686314312e+00,1.687443045778777684e+00,5.525470184805488572e+01,-1.131704382034922851e+00
1.629999999999987237e+00,-1.692438215208452945e+00,1.752438233186403016e+00,3.353552805534739889e+01,-4.299947711783510540e-01
1.634999999999987130e+00,-1.683508343952101693e+00,1.826444439515511053e+00,1.810272076882391801e+01,-7.202315201182449833e-01
1.639999999999987024e+00,-1.674075099608460793e+00,1.890463972340362675e+00,-5.418382561628960481e+00,-1.910694647968703697e-01
1.644999999999986917e+00,-1.664493371093280327e+00,1.924554705864391702e+00,3.585014061102642202e+00,6.917495292140640739e-02
1.649999999999986811e+00,-1.655317543551519499e+00,1.770840046089791286e+00,-3.601389903550360572e+01,1.554274720077671645e+00
1.654999999999986704e+00,-1.647088379428599980e+00,1.561584567510007293e+00,-4.710917857562618849e+01,2.517730514941497688e+00
1.659999999999986597e+00,-1.640349537495713550e+00,1.216236110945230875e+00,-6.442769486650306021e+01,4.396024018887879414e+00
1.664999999999986491e+00,-1.635572298434381677e+00,8.650120424756166937e-01,-1.470980080410469384e+02,7.323542238075842370e+00
1.669999999999986384e+00,-1.630665620853324338e+00,1.047742190651979044e+00,1.975470125279960598e+02,1.041389683873227234e+01
1.674999999999986278e+00,-1.626473460741089561e+00,7.054985722375426427e-01,-2.963621827214215045e+02,1.314673421621035843e+01
1.679999999999986171e+00,-1.622023660567034176e+00,9.670938983879752149e-01,2.888689388824721505e+02,1.572438986105754388e+01
1.684999999999986064e+00,-1.618781025709186583e+00,4.443295798623527748e-01,-3.679922761830877107e+02,1.602842335505963689e+01
1.689999999999985958e+00,-1.615749539021300807e+00,6.925561641488738873e-01,3.143268427434258001e+02,1.680926594756706294e+01
1.694999999999985851e+00,-1.613947841561634178e+00,1.462534554592259950e-01,-3.645440871463727603e+02,1.622857957906482795e+01
1.699999999999985745e+00,-1.612473725247282497e+00,3.896077367907095912e-01,3.173832433625304930e+02,1.705590768095714083e+01
1.704999999999985638e+00,-1.612073739077432677e+00,-1.205294566864906075e-01,-3.497202994299656211e+02,1.618794628248205214e+01
1.709999999999985532e+00,-1.611947361541808066e+00,1.216187822915556355e-01,3.159060281042514475e+02,1.715450941090232106e+01
1.714999999999985425e+00,-1.612830373234436010e+00,-3.673485256994959980e-01,-3.412472863769658602e+02,1.627326620944782931e+01
1.719999999999985318e+00,-1.613888141846120172e+00,-1.093236590040519152e-01,3.122886207398290139e+02,1.730299099429193888e+01
1.724999999999985212e+00,-1.615845228103397480e+00,-5.729988783627055771e-01,-3.345666725848682859e+02,1.646858788536428619e+01
1.729999999999985105e+00,-1.617823006768152716e+00,-2.803751803031462320e-01,3.201843499730902067e+02,1.757271662874417828e+01
1.734999999999984999e+00,-1.620558244225092981e+00,-7.189592056486502347e-01,-3.298088716690497790e+02,1.668393380475574261e+01
1.739999999999984892e+00,-1.623162816236473294e+00,-3.920597286924128455e-01,3.302769658979060523e+02,1.788876245952166499e+01
1.744999999999984786e+00,-1.626398709532454356e+00,-8.126376120264166003e-01,-3.319093856220967496e+02,1.695340239937429061e+01
1.749999999999984679e+00,-1.629364272811945291e+00,-4.510575761899383029e-01,3.431862233362783172e+02,1.825992465038409662e+01
1.754999999999984572e+00,-1.632875646391353408e+00,-8.693440166281163339e-01,-3.417618431025182417e+02,1.732334884087680749e+01
1.759999999999984466e+00,-1.635951622100973335e+00,-4.560573011250496633e-01,3.613925724107195947e+02,1.869108660329658278e+01
1.764999999999984359e+00,-1.639480818600937528e+00,-8.744949520784844887e-01,-3.512864652277424398e+02,1.759550904453775644e+01
1.769999999999984253e+00,-1.642467721733414709e+00,-4.278774023758226686e-01,3.764765357465482225e+02,1.907856087252988431e+01
1.774999999999984146e+00,-1.645870069997983354e+00,-8.546424463118050818e-01,-3.672924993914302831e+02,1.789334601496188526e+01
1.779999999999984039e+00,-1.648595594188192015e+00,-3.673691566231018224e-01,3.870904368228854082e+02,1.938972048812028959e+01
1.784999999999983933e+00,-1.651729123519099840e+00,-8.099950108302070850e-01,-3.848302094593860829e+02,1.811297521191487192e+01
1.789999999999983826e+00,-1.654062303608284212e+00,-2.845023924607870680e-01,3.928050126295211726e+02,1.957605111989917290e+01
1.794999999999983720e+00,-1.656829057044548525e+00,-7.466690895464825894e-01,-4.033662427825990449e+02,1.827511620487645061e+01
1.799999999999983613e+00,-1.658661919489060166e+00,-1.891889151844649841e-01,3.856945772359926536e+02,1.969926956748710367e+01
1.804999999999983507e+00,-1.660909287907953447e+00,-6.401602476626631066e-01,-4.136396564222981738e+02,1.855616617439744331e+01
1.809999999999983400e+00,-1.662040483739829932e+00,-9.132780447107895216e-02,3.373676227877891165e+02,2.022666335557795492e+01
1.814999999999983293e+00,-1.663636120451073008e+00,-5.118250718469782301e-01,-4.493217916047598237e+02,1.915897287748698830e+01
1.819999999999983187e+00,-1.663976637400289116e+00,1.967881272040662363e-02,2.536366346184948384e+02,2.010641779960560882e+01
1.824999999999983080e+00,-1.664705482522115920e+00,-3.005683800740103218e-01,-4.159785353072365410e+02,1.904484537544539080e+01
1.829999999999982974e+00,-1.664280139943303594e+00,1.478017410685235067e-01,1.980196086941219846e+02,2.020559789191297995e+01
1.834999999999982867e+00,-1.664212472834169843e+00,-1.164044920897682744e-01,-4.025574380603068221e+02,1.891568057243814138e+01
1.839999999999982760e+00,-1.663196781606227193e+00,2.598814181004355794e-01,1.744613289918082160e+02,1.982162348459650048e+01
1.844999999999982654e+00,-1.662514333211565720e+00,2.498131339128701472e-02,-3.759378696315646380e+02,1.866146623069214527e+01
1.849999999999982547e+00,-1.661101983294129836e+00,3.513515469177055373e-01,1.845962388131233070e+02,1.932226082118741672e+01
1.854999999999982441e+00,-1.659963058573276529e+00,1.303302392714904001e-01,-3.360665688280539030e+02,1.823007864649322229e+01
1.859999999999982334e+00,-1.658226217890291565e+00,4.341576191673247043e-01,2.082121988704690807e+02,1.880627146828271279e+01
1.864999999999982228e+00,-1.656832568052972965e+00,1.700286156734380494e-01,-3.247756348275145228e+02,1.775672617431764522e+01
1.869999999999982121e+00,-1.654848617148824808e+00,5.232798635066659987e-01,2.835259971376744375e+02,1.757602778654687015e+01
1.874999999999982014e+00,-1.652999267348247869e+00,2.879920658022832591e-01,-2.737244353606672007e+02,1.736292060721390484e+01
1.879999999999981908e+00,-1.650572366249318801e+00,5.883371342877253829e-01,2.220627074392371867e+02,1.739745973283275049e+01
1.884999999999981801e+00,-1.648224423729709009e+00,3.859539963684988639e-01,-2.359392048846826242e+02,1.617213782711911563e+01
1.889999999999981695e+00,-1.645483645418782892e+00,6.244912753513955916e-01,1.539847248116160188e+02,1.680397851025823641e+01
1.894999999999981588e+00,-1.642780671517774627e+00,4.907078781351807417e-01,-2.554184092958915357e+02,1.599207852965439614e+01
1.899999999999981481e+00,-1.639726633689462476e+00,7.235495735672442530e-01,2.766547573909330140e+02,1.558425379033973890e+01
1.904999999999981375e+00,-1.636715848734505041e+00,5.806978801583607686e-01,-8.406550815197475401e+01,1.434418179213048106e+01
1.909999999999981268e+00,-1.633422872103434731e+00,7.327218518989584428e-01,1.979819918111493848e+02,1.515464425790743874e+01
1.914999999999981162e+00,-1.630253960593342155e+00,4.744381326983685421e-01,-3.007582418287047972e+02,1.431249813077487865e+01
1.919999999999981055e+00,-1.626605989116235218e+00,7.105215637630432068e-01,-3.353996140420559868e+01,1.396730700247984913e+01
1.924999999999980949e+00,-1.623011527269160537e+00,6.955175280483688605e-01,-1.989439711638034680e+02,1.286328600840416314e+01
1.929999999999980842e+00,-1.619050316935930489e+00,8.883413052272512989e-01,1.375492198029583335e+02,1.341982189199743125e+01
1.934999999999980735e+00,-1.614723891373160081e+00,1.153120287064926863e+00,4.676822254057970554e+02,1.297371982827113257e+01
1.939999999999980629e+00,-1.609349548899469573e+00,8.525605848574713264e-01,-4.582009443882835740e+02,1.156963721714788562e+01
1.944999999999980522e+00,-1.603581330274229000e+00,1.834634727098588103e+00,1.033841394917005118e+03,1.129229199199475531e+01
1.949999999999980416e+00,-1.596104638851448376e+00,1.956228601718865701e+00,9.242486633083647121e+02,9.615064035565604073e+00
1.954999999999980309e+00,-1.586779504485534842e+00,1.757888333309270745e+00,-7.791919233321253557e+01,6.639272160942913281e+00
1.959999999999980203e+00,-1.577040294473494919e+00,2.076882143202188669e+00,1.272699579570597450e+02,4.517666121524978706e+00
1.964999999999980096e+00,-1.567352574880917615e+00,1.947150481560648849e+00,1.473209924290932982e+01,-7.165519867362291073e-02
1.969999999999979989e+00,-1.559153769947357215e+00,1.634402766704552201e+00,-1.314294253417036273e+01,-3.265178773867390749e+00
1.974999999999979883e+00,-1.552014513964578679e+00,1.421150645641234833e+00,-1.342362031768509212e+02,-5.888491740656332851e+00
1.979999999999979776e+00,-1.545244692028476141e+00,1.401060735798999701e+00,6.010115594201293021e+01,-6.221148200619836643e+00
1.984999999999979670e+00,-1.539038265641636372e+00,1.131393666712406043e+00,-2.180594638905703846e+02,-6.745370189478774314e+00
1.989999999999979563e+00,-1.533210128976430386e+00,1.148656053371794661e+00,1.075375649114487828e+02,-6.537191865182077066e+00
1.994999999999979456e+00,-1.527745304640532709e+00,1.108267757588024649e+00,-6.854484153807860025e+01,-5.548391788657738743e+00
1.999999999999979350e+00,-1.521607072755486678e+00,1.318521832882209255e+00,1.209248947639552512e+02,-5.301848568381839044e+00
2.004999999999979465e+00,-1.514752048060459044e+00,1.319587203517856411e+00,-1.966073113664420475e+02,-6.228848460045857571e+00
2.009999999999979359e+00,-1.507656696658748130e+00,1.516327665200740693e+00,1.705434724335923704e+02,-6.778177076262998035e+00
2.014999999999979252e+00,-1.500705018310910077e+00,1.335524058304577766e+00,-9.935413347645921078e+01,-7.219654304135763923e+00
2.019999999999979146e+00,-1.493602979702970623e+00,1.385144103265290916e+00,1.379569152677768500e+02,-7.585002979698202807e+00
2.024999999999979039e+00,-1.486682116933819353e+00,1.248369354160890676e+00,-2.425577033504313533e+02,-7.844804623825688772e+00
2.029999999999978932e+00,-1.479836777812091331e+00,1.339865118022061763e+00,1.083465527907765704e+02,-8.085467845622204663e+00
2.034999999999978826e+00,-1.473156025886300791e+00,1.216208705305310334e+00,-2.778652245230253470e+02,-8.295248410967886343e+00
2.039999999999978719e+00,-1.466535126080595219e+00,1.342107794661470122e+00,1.400302295337736780e+02,-8.464949944888903843e+00
2.044999999999978613e+00,-1.460008273821879143e+00,1.277270070142617620e+00,-1.055730036978306714e+02,-8.755878644626402973e+00
2.049999999999978506e+00,-1.453596849193083740e+00,1.296910723708339486e+00,1.120118254501926458e+02,-9.310185916881348334e+00
2.054999999999978400e+00,-1.447120027248969931e+00,1.161691111712742419e+00,-2.023167579865514654e+02,-8.629836261753917270e+00
2.059999999999978293e+00,-1.440672375008128281e+00,1.289040238741686162e+00,1.144764174319086436e+02,-9.247248144420847638e+00
2.064999999999978186e+00,-1.434428355768646801e+00,1.023291048951607829e+00,-4.225029836601220836e+02,-9.828140553800588819e+00
2.069999999999978080e+00,-1.427771676929788347e+00,1.587410509952485560e+00,1.177663871394451860e+02,-9.218856754059629566e+00
2.074999999999977973e+00,-1.422065066380628462e+00,1.380476199253996228e+00,2.180958342823041960e+02,-9.320641289642123795e+00
2.079999999999977867e+00,-1.416848009846420231e+00,8.731612777019821525e-01,9.748041128705695257e+01,-9.719884506322424400e+00
2.084999999999977760e+00,-1.410595249427429865e+00,1.444443099938547803e+00,4.527266684616294157e+01,-9.671540226477032931e+00
2.089999999999977653e+00,-1.406777540432550655e+00,7.570515731477873711e-01,1.934910674224596505e+02,-9.542864272838244233e+00
2.094999999999977547e+00,-1.401711322171533380e+00,1.211485105360896819e+00,7.234432956808296922e+01,-9.708756922725170213e+00
2.099999999999977440e+00,-1.396512800042848168e+00,6.612992710690973608e-01,5.354308813119586574e+01,-9.640104755904117084e+00
2.104999999999977334e+00,-1.392538318043617274e+00,8.889071824935059762e-01,2.869590756944470300e+01,-1.088928400635270499e+01
2.109999999999977227e+00,-1.387411727119401084e+00,1.077256722297337044e+00,2.346327634708146037e-01,-1.017882168464518777e+01
2.114999999999977121e+00,-1.382083429024723698e+00,9.435549626398859191e-01,-5.183254320236807544e+00,-1.004374688051950493e+01
2.119999999999977014e+00,-1.378158434818204325e+00,7.230429262493012210e-01,-3.659281148806530126e+01,-1.079057478079694121e+01
2.124999999999976907e+00,-1.374888950300133361e+00,5.918705827929726659e-01,-3.111192100904494851e+01,-1.038956784898678443e+01
2.129999999999976801e+00,-1.373107317488181600e+00,1.915715975683656147e-01,-1.010847877491598581e+02,-1.105119588799793284e+01
2.134999999999976694e+00,-1.373594756746928214e+00,-3.110420555263898046e-01,-1.123838716154120192e+02,-1.066296232559645141e+01
2.139999999999976588e+00,-1.376542288876374975e+00,-7.919727744955596949e-01,-8.200974806251859661e+01,-9.699858760012617154e+00
2.144999999999976481e+00,-1.383102166634986752e+00,-1.648817327969051449e+00,-1.762575902157475696e+02,-1.045245333690433576e+01
2.149999999999976374e+00,-1.393708992685978032e+00,-2.424368950729953731e+00,-1.479271195570778161e+02,-9.436586616049931209e+00
2.154999999999976268e+00,-1.408011580890235370e+00,-3.164249444532909017e+00,-1.734024238557584283e+02,-8.972265866969943104e+00
2.159999999999976161e+00,-1.425385119054294325e+00,-3.692415211333302416e+00,-5.145969889846175249e+01,-7.831899913264109614e+00
2.164999999999976055e+00,-1.446000107141675706e+00,-4.342384252413645562e+00,-5.943109599709602975e+01,-8.029418579331396799e+00
2.169999999999975948e+00,-1.469002694618358751e+00,-4.708125566603556855e+00,-6.600692507660417618e+01,-7.130408852163276023e+00
2.174999999999975842e+00,-1.493039769801025374e+00,-4.828112433474046838e+00,1.223213335964827664e+01,-6.251071033422327616e+00
2.179999999999975735e+00,-1.517840448684163679e+00,-5.030869022925900325e+00,1.054965801798022937e+02,-5.495105021339238505e+00
2.184999999999975628e+00,-1.543023711549514454e+00,-5.237163125262020102e+00,-2.398347321186640215e+02,-4.563545653581944528e+00
2.189999999999975522e+00,-1.568008662401803255e+00,-4.946078595523567323e+00,3.064380213972158273e+01,-3.797687968181718610e+00
2.194999999999975415e+00,-1.593291109561841612e+00,-4.953669559351916440e+00,1.860421939668693270e+01,-2.954318864618731499e+00
2.199999999999975309e+00,-1.617832957707261432e+00,-4.850806706144729752e+00,2.339529637502500492e+01,-1.079682578395217973e+00
2.204999999999975202e+00,-1.637330928044196554e+00,-3.354977219523930465e+00,2.705542450607753153e+02,1.264774346025907992e+00
2.209999999999975095e+00,-1.644724580582666462e+00,-4.027816820795886432e-01,4.947378332490629305e+02,4.784306256508719990e+00
2.214999999999974989e+00,-1.637701233122998312e+00,1.838758172932773105e+00,3.461334878968121416e+02,8.022566138132741997e+00
2.219999999999974882e+00,-1.629492680256531489e+00,1.938162975634693419e+00,6.930424804644578671e+02,1.196626688715490872e+01
2.224999999999974776e+00,-1.620742887780873609e+00,2.275450606165954515e+00,8.776626352109187792e+02,1.373661311163182930e+01
2.229999999999974669e+00,-1.612346370462497180e+00,1.101801750298978977e+00,-8.267067216834939245e+02,1.416711497586426560e+01
2.234999999999974563e+00,-1.600455341159834788e+00,2.427930491647230404e+00,-7.012849440007837529e+02,1.413680049337393996e+01
2.239999999999974456e+00,-1.589985232259333525e+00,1.010219456904704716e+00,-8.444484121217101347e+02,1.341167707162562195e+01
2.244999999999974349e+00,-1.577562193882614094e+00,2.569540021151007547e+00,-7.722091416766548946e+02,1.373825814298443682e+01
2.249999999999974243e+00,-1.566167349324951941e+00,1.201589635341345552e+00,-8.288085719987152515e+02,1.254217804286158611e+01
2.254999999999974136e+00,-1.552525732989469498e+00,2.852308778154495794e+00,-7.317964110341066544e+02,1.250744660196760272e+01
2.259999999999974030e+00,-1.542179556701148702e+00,1.556784883793907337e+00,-8.361808747864133693e+02,1.160998518990703054e+01
2.264999999999973923e+00,-1.529407630655277961e+00,3.258014323543564572e+00,2.154019376488083253e+03,1.289784733733512212e+01
2.269999999999973817e+00,-1.516613039838580423e+00,2.069891893558818641e+00,-8.415846363997433173e+02,1.034249997642790575e+01
2.274999999999973710e+00,-1.503828285525960595e+00,3.896913845042172309e+00,2.178099916816944642e+03,1.161592545744169946e+01
2.279999999999973603e+00,-1.490555197628579576e+00,2.745903725577656385e+00,-7.606795696968434868e+02,8.964287576491575038e+00
2.284999999999973497e+00,-1.481078496027148583e+00,1.164632639580727158e+00,-8.062267035754365452e+02,1.040898059755956062e+01
2.289999999999973390e+00,-1.465882829051279090e+00,3.289224105430919032e+00,-7.182942506569966099e+02,1.027340248405498357e+01
2.294999999999973284e+00,-1.452764655249554560e+00,2.188526191204678284e+00,-8.755727335277661041e+02,9.264341023985874557e+00
2.299999999999973177e+00,-1.441379586998772000e+00,1.213092246797538243e+00,-8.779153737178950223e+02,1.014881111670321800e+01
2.304999999999973070e+00,-1.427343013496959578e+00,3.929387093535184228e+00,2.758004499921184561e+03,1.110760418489066126e+01
2.309999999999972964e+00,-1.413691316022450906e+00,3.014407235994109868e+00,-7.839998510248321963e+02,7.716746837179038643e+00
2.314999999999972857e+00,-1.401644238629449868e+00,2.038334307475584417e+00,-9.261630095126023434e+02,8.383669124569633979e+00
2.319999999999972751e+00,-1.390098581120772447e+00,1.331199850772315507e+00,-8.377489342175206275e+02,9.086441903030369360e+00
2.324999999999972644e+00,-1.374488288977018691e+00,4.383120370833450963e+00,2.878971236696326287e+03,9.724679671156659211e+00
2.329999999999972538e+00,-1.358391540285553534e+00,3.590202297211761095e+00,-7.097489942086059500e+02,6.151410897081651896e+00
2.334999999999972431e+00,-1.343652365114258007e+00,2.623577211190200931e+00,-8.990563556591157521e+02,6.610446658746023552e+00
2.339999999999972324e+00,-1.329843020026010070e+00,1.645803752554543031e+00,-9.771802700054672641e+02,7.014195110941810363e+00
2.344999999999972218e+00,-1.313029485560220921e+00,3.456274029818150684e+00,1.432747593662350937e+03,7.564710290915152235e+00
2.349999999999972111e+00,-1.299590140194457621e+00,3.073888842069145699e+00,-8.500488404415171999e+02,5.467622291456649464e+00
2.354999999999972005e+00,-1.286973689887236594e+00,3.612580764253598975e+00,1.554861593063541022e+03,6.011145727868610678e+00
2.359999999999971898e+00,-1.273136738631127196e+00,3.084449015365783087e+00,-8.560625023780798983e+02,4.145937203070413801e+00
2.364999999999971791e+00,-1.260208135979341337e+00,3.808402356558874935e+00,1.984079869237644516e+03,5.087118323908992323e+00
2.369999999999971685e+00,-1.247538246913928450e+00,2.571544125273310222e+00,2.886718697142252381e+02,3.910796389895557112e+00
2.374999999999971578e+00,-1.234645835944373715e+00,2.298959179629888272e+00,-6.914545163381529846e+02,3.868125190345390152e+00
2.379999999999971472e+00,-1.221165063667495776e+00,2.757416363939761528e+00,3.891135730009590361e+02,3.991138276799121254e+00
2.384999999999971365e+00,-1.207188451468248491e+00,2.674204582495837368e+00,-8.707099125085898095e+02,2.916949027712614662e+00
2.389999999999971259e+00,-1.192312366110053645e+00,2.472835692957207510e+00,-1.689642317810874772e+02,2.810105216758299385e+00
2.394999999999971152e+00,-1.176284397926350866e+00,3.589861273053743584e+00,-7.531505918409327478e+02,1.179723810293712649e+00
2.399999999999971045e+00,-1.162193092996654409e+00,2.781586229611414662e+00,1.822657761085954746e+02,2.735253844602696383e-01
2.404999999999970939e+00,-1.149755687924416847e+00,2.265942857825600232e+00,-5.038733934152095344e+02,-1.312908458036020853e+00
2.409999999999970832e+00,-1.139536631658360388e+00,1.888629164640980518e+00,-3.124965729802302405e+01,-2.392880199742025482e+00
2.414999999999970726e+00,-1.132099480590788687e+00,9.212003556413174143e-01,-4.949053258479383999e+02,-4.849494828375384259e+00
2.419999999999970619e+00,-1.137744507846109032e+00,-2.543167654226774488e+00,-6.475879044955769359e+02,-5.773756433079469730e+00
2.424999999999970512e+00,-1.161351589816380425e+00,-5.408684699192164658e+00,-5.196198062526750618e+02,-6.008267746167462953e+00
2.429999999999970406e+00,-1.195936713265164597e+00,-7.728413060661921463e+00,1.488845545128634456e+02,-5.639751495666351033e+00
2.434999999999970299e+00,-1.237253199149393357e+00,-8.625174784105261949e+00,-2.233890739362647366e+02,-5.478182183158601504e+00
2.439999999999970193e+00,-1.281975338960934074e+00,-8.888267079498987755e+00,-5.081285397852570895e+01,-5.673145907389437248e+00
2.444999999999970086e+00,-1.326091592468703118e+00,-8.547384583769439104e+00,2.169383711230431402e+02,-5.293434123576733263e+00
2.449999999999969980e+00,-1.366645854420938111e+00,-8.376855236785011982e+00,-5.721818932276567011e+02,-5.574587541993775375e+00
2.454999999999969873e+00,-1.401958233553997735e+00,-6.581715462655091997e+00,1.893797775768624092e+02,-5.665989175622033081e+00
2.459999999999969766e+00,-1.432338082975232574e+00,-5.470454029210318758e+00,2.661700289011667451e+02,-5.834065719471929867e+00
2.464999999999969660e+00,-1.456104736571181002e+00,-4.270509848925041041e+00,5.681993794011862065e+02,-6.198120581066013379e+00
2.469999999999969553e+00,-1.472861365987844673e+00,-2.820530160976957301e+00,2.673582532291846405e+02,-6.929755671437678899e+00
2.474999999999969447e+00,-1.484180121537719721e+00,-1.696591635171312840e+00,3.080634782035655235e+02,-7.162094068349697196e+00
2.479999999999969340e+00,-1.490239724408623623e+00,-7.025886575115229959e-01,3.076648146623737148e+02,-7.316737881910876595e+00
2.484999999999969233e+00,-1.491785264791642751e+00,9.065972279329068129e-02,2.565186604858036503e+02,-7.293955177819211322e+00
2.489999999999969127e+00,-1.489578064333842100e+00,7.300717050049722046e-01,1.550674768699437038e+02,-7.086595035421477284e+00
2.494999999999969020e+00,-1.484171377088525423e+00,1.309740381804941123e+00,1.235051689803114243e+02,-7.478796946559547187e+00
2.499999999999968914e+00,-1.478502310440193757e+00,5.638541806183008376e-01,1.182388130193496778e+01,-7.216140998329338530e+00
2.504999999999968807e+00,-1.474357134014090853e+00,9.960832499727217959e-01,6.390513418454711569e+01,-7.864394524590226254e+00
2.509999999999968701e+00,-1.468079925328683144e+00,1.282061371734009914e+00,-1.123944354647609032e+02,-8.474633399527496280e+00
2.514999999999968594e+00,-1.462001777686632309e+00,1.336995806318362456e+00,1.147896574007493626e+02,-8.506779407691800188e+00
2.519999999999968487e+00,-1.456278723975642730e+00,1.011434497766299900e+00,5.916692440863750591e+01,-7.974992097306756733e+00
2.524999999999968381e+00,-1.450510316656632215e+00,1.222991858628511563e+00,1.392800875748980083e+01,-7.923239343769491683e+00
2.529999999999968274e+00,-1.444043744783064520e+00,1.331347201171001693e+00,4.375539077215404404e+01,-8.393019541021393692e+00
2.534999999999968168e+00,-1.437730869854188631e+00,1.150017292683900072e+00,-1.120371061706289737e+02,-8.896823623928574065e+00
2.539999999999968061e+00,-1.432042601848747543e+00,1.100392941899098975e+00,-3.142069695094991033e+01,-8.340267559882969195e+00
2.544999999999967955e+00,-1.427396269736774803e+00,8.456005482647122040e-01,-1.149957114873893715e+01,-8.539928824057685830e+00
2.549999999999967848e+00,-1.424384443056417426e+00,4.505661711839955563e-01,-8.843857647745616646e+01,-8.883002146791522335e+00
2.554999999999967741e+00,-1.423460338281509419e+00,-2.083169525153678089e-03,-1.100828508581065250e+02,-8.122861075671147901e+00
2.559999999999967635e+00,-1.433157699765020388e+00,-4.327298527724855681e+00,-1.111398541213349290e+03,-6.687463697894715509e+00
2.564999999999967528e+00,-1.468785907048325123e+00,-8.465388998772272799e+00,-5.465074900730058971e+02,-4.313180678921826328e+00
2.569999999999967422e+00,-1.514963099931579515e+00,-9.532102350664699131e+00,-1.055936168959691059e+02,-2.285506871824678043e+00
2.574999999999967315e+00,-1.563605440928360846e+00,-9.711906775905337241e+00,4.820863674796945020e+01,-1.514946719194122160e+00
2.579999999999967208e+00,-1.609578481192627475e+00,-8.831056177740148172e+00,1.811169473756251307e+02,-5.323893826360119874e-01
2.584999999999967102e+00,-1.651435754689196456e+00,-8.049088834982001117e+00,1.559800073481870015e+02,-4.178064435068620242e-01
2.589999999999966995e+00,-1.688022932263229858e+00,-6.869832154042454064e+00,1.982739187353359398e+02,1.300133232632250113e-01
2.594999999999966889e+00,-1.719726975729682694e+00,-6.010380545838875932e+00,1.509834924093933921e+02,1.887947491208130657e-03
2.599999999999966782e+00,-1.745560859696002387e+00,-4.686998377467062937e+00,1.947845920321473443e+02,5.957079180303601618e-01
2.604999999999966676e+00,-1.765549821943884989e+00,-3.597809857778510700e+00,1.815971984543645306e+02,4.790832077550131185e-01
2.609999999999966569e+00,-1.778119186832181065e+00,-1.921459851981694333e+00,2.427505991980102351e+02,1.102275120089805549e+00
2.614999999999966462e+00,-1.782150626078045752e+00,-2.303293863995821700e-01,2.335108561238226628e+02,1.172932407937240740e+00
2.619999999999966356e+00,-1.775142351875364399e+00,2.235991850165423234e+00,3.563676881316870890e+02,1.840789773750848290e+00
2.624999999999966249e+00,-1.754384430443164611e+00,5.107236073681206356e+00,3.901277453885902560e+02,2.370914004448056556e+00
2.629999999999966143e+00,-1.720989018823000816e+00,7.421457933327968881e+00,2.890322490728754588e+02,2.096249440398259445e+00
2.634999999999966036e+00,-1.686738063364587425e+00,1.356976873725491695e-01,-8.880927842847093416e+03,1.848450944368505766e+00
2.639999999999965929e+00,-1.684400154498552959e+00,5.101798633809645489e-01,-1.039915444766518249e+02,1.197048480050110619e+01
2.644999999999965823e+00,-1.681862157165291194e+00,5.047353113804107227e-01,-5.121185060379448117e+01,1.443975034465461427e+01
2.649999999999965716e+00,-1.678824097677875438e+00,6.368433219982692073e-01,-4.496471582841026216e-01,1.713203897778275930e+01
2.654999999999965610e+00,-1.675713404781856708e+00,5.475565200344941763e-01,-2.152119376528607688e+02,1.747165781492811476e+01
2.659999999999965503e+00,-1.671695706856960006e+00,7.526120936514483217e-01,-6.308959031260697259e+01,1.808424298910890826e+01
2.664999999999965397e+00,-1.667482285951315202e+00,5.994789255668394601e-01,-2.978780006109340661e+02,1.682438409195537332e+01
2.669999999999965290e+00,-1.662715860932818313e+00,7.049573207935520003e-01,-2.824140533099542836e+02,1.705487583295639453e+01
2.674999999999965183e+00,-1.657969208413598183e+00,6.676105322171037582e-01,-3.048015151166051737e+02,1.748805276913597595e+01
2.679999999999965077e+00,-1.652255694346308035e+00,8.130552514909660244e-01,-4.257649963085376612e+02,1.754162383293557781e+01
2.684999999999964970e+00,-1.646419932528883967e+00,1.087567788127837387e+00,-3.563090434367919670e+02,1.669062776096470913e+01
2.689999999999964864e+00,-1.640478576430629110e+00,1.288101237336495064e+00,-3.183150204667985577e+02,1.591187636879981149e+01
2.694999999999964757e+00,-1.634458049616678288e+00,1.525119503910900676e+00,7.116353836756451301e+02,1.580572962065589948e+01
2.699999999999964650e+00,-1.629237918031991805e+00,6.522684785217097714e-01,-4.814937594758989690e+02,1.500399990752855750e+01
2.704999999999964544e+00,-1.623415845789034639e+00,1.012350700370161949e+00,-4.704671119743153440e+02,1.551396353238623149e+01
2.709999999999964437e+00,-1.617778652700512687e+00,1.174467197624607051e+00,-4.728618859565651746e+02,1.490488921270833345e+01
2.714999999999964331e+00,-1.611997790223058225e+00,1.579122334010051976e+00,9.129979111966968048e+02,1.497038070856236658e+01
2.719999999999964224e+00,-1.606769892695808943e+00,6.065631504536411756e-01,-5.534389263038812032e+02,1.421834690173389504e+01
2.724999999999964118e+00,-1.600236354721163101e+00,1.222332613332498763e+00,-5.153428722844292906e+02,1.476219341812545238e+01
2.729999999999964011e+00,-1.593927828247456047e+00,1.798794953414135200e+00,1.076206964957294076e+03,1.471020557222778180e+01
2.734999999999963904e+00,-1.587806924421328647e+00,7.696775756740592556e-01,-5.932213252529124929e+02,1.368217772278050859e+01
2.739999999999963798e+00,-1.580012602798406274e+00,1.501691735748325707e+00,-5.256607837046434497e+02,1.392970153354195695e+01
2.744999999999963691e+00,-1.573149414082630537e+00,1.429703298557413849e+00,4.647031990508696708e+02,1.387018580261512568e+01
2.749999999999963585e+00,-1.567418296353467966e+00,6.289703251656495464e-01,-6.631879812808725774e+02,1.371902729149068101e+01
2.754999999999963478e+00,-1.559271648619928063e+00,1.635054806846405251e+00,-5.883715952365326984e+02,1.329314137385128092e+01
2.759999999999963372e+00,-1.554561512181092509e+00,4.265796197862703476e-01,-7.041536332374608946e+02,1.316521786256124571e+01
2.764999999999963265e+00,-1.546512377238697278e+00,1.666878595868625412e+00,-6.349612409999281226e+02,1.329981338181449679e+01
2.769999999999963158e+00,-1.539932801120954986e+00,4.080437721534865281e-01,-7.321413934449939234e+02,1.285087435537690936e+01
2.774999999999963052e+00,-1.531412161568865837e+00,1.798676208023795686e+00,-6.649512119695225465e+02,1.275670295448053260e+01
2.779999999999962945e+00,-1.524624208082354215e+00,2.547936257588031328e+00,1.751016129065076257e+03,1.248057289870245157e+01
2.784999999999962839e+00,-1.517846443927990174e+00,1.278406646874202801e+00,-7.091896562490890119e+02,1.066552210036591752e+01
2.789999999999962732e+00,-1.510040807447313949e+00,2.526259628444403660e+00,1.687831457908254833e+03,1.144046433495786630e+01
2.794999999999962625e+00,-1.503709131312438219e+00,7.516623908444934887e-01,-6.614386761406649384e+02,1.006366741616344918e+01
2.799999999999962519e+00,-1.493635478049966769e+00,2.029514167781567568e+00,-6.996320166404213978e+02,1.011887031140022231e+01
2.804999999999962412e+00,-1.487119710073249612e+00,8.238979364772058833e-01,-6.861788952443217795e+02,9.273380211039128795e+00
2.809999999999962306e+00,-1.478027487442633792e+00,1.433667626886614643e+00,-5.608891011579177075e+02,8.984084844495043853e+00
2.814999999999962199e+00,-1.469849412917784370e+00,2.680423804960969214e+00,1.783599034376425607e+03,8.732590137138771524e+00
2.819999999999962093e+00,-1.462464192292951326e+00,6.772389143744276252e-01,-7.799246534479792672e+02,7.221716776561121875e+00
2.824999999999961986e+00,-1.451995964507736270e+00,2.133857887792352415e+00,-7.722400258317095449e+02,7.362547284806486125e+00
2.829999999999961879e+00,-1.444388437486868293e+00,1.294192196767768088e+00,-6.723962999481655061e+02,6.486919813738973417e+00
2.834999999999961773e+00,-1.435181456027098568e+00,1.875743950797805759e+00,-7.020597859555233526e+02,6.033317796171738578e+00
2.839999999999961666e+00,-1.425373038041115592e+00,2.578616063176522033e+00,1.307393279679096850e+03,5.521454593626239138e+00
2.844999999999961560e+00,-1.416761412126992914e+00,1.149148456853070988e+00,-6.156040987093645072e+02,3.968571261556941288e+00
2.849999999999961453e+00,-1.407252778025683826e+00,1.860445240090800034e+00,-5.357234499952695614e+02,2.783063556358257973e+00
2.854999999999961346e+00,-1.398646523394904362e+00,1.727334149229145854e+00,1.166445276217772715e+02,1.943481555966278140e+00
2.859999999999961240e+00,-1.390406667882503333e+00,1.517954385465998035e+00,-3.725372676068500937e+02,3.015284125857287112e-01
2.864999999999961133e+00,-1.385186440870948887e+00,7.632519542446544181e-01,-1.533944825779266807e+02,-1.593403840969583429e+00
2.869999999999961027e+00,-1.382665020546396617e+00,8.351806047054689541e-01,9.042236134753086674e+01,-4.953883343881210877e+00
2.874999999999960920e+00,-1.377132176844354294e+00,1.280337641711736030e+00,4.559348632269138761e+02,-7.611445328606263772e+00
2.879999999999960814e+00,-1.371690748962770545e+00,9.105761386096365984e-01,1.335789275323639629e+02,-8.113657671937293259e+00
2.884999999999960707e+00,-1.366738774849866500e+00,1.202221554946850401e-01,-1.408118652763971795e+03,-9.580030411614124830e+00
2.889999999999960600e+00,-1.364246988190189969e+00,8.472100630003073229e-01,1.467675978357670488e+02,-9.832504603975776192e+00
2.894999999999960494e+00,-1.358412038910626674e+00,1.095886497425995199e+00,-3.461272342576247070e+02,-9.878566610866197806e+00
2.899999999999960387e+00,-1.353491338678620037e+00,1.222495800183887704e+00,1.654635884291557772e+02,-1.014785394255811468e+01
2.904999999999960281e+00,-1.349155547704663949e+00,6.298213251532854828e-01,8.269225616406703239e+01,-1.020488490434235551e+01
2.909999999999960174e+00,-1.345203588631962877e+00,8.724078336954879109e-01,7.470769835975441531e+00,-1.010975028066336989e+01
2.914999999999960067e+00,-1.340674935430464787e+00,9.315997540458665904e-01,1.685868075355739748e+01,-1.051294761492157015e+01
2.919999999999959961e+00,-1.336036330278762563e+00,9.135884566361777148e-01,-4.288442080260646350e+01,-1.006467376806216052e+01
2.924999999999959854e+00,-1.332254103613512930e+00,6.326948079321230711e-01,-5.673528055409899196e+01,-1.057941707036085077e+01
2.929999999999959748e+00,-1.330164734680569172e+00,2.565183735020294953e-01,-5.582198734663030848e+01,-1.005990782937616146e+01
2.934999999999959641e+00,-1.330766499628049271e+00,-3.910833741325082658e-01,-1.417066183053244117e+02,-1.038599499374203461e+01
2.939999999999959535e+00,-1.340394384107292503e+00,-4.707923022322894724e+00,-1.772321565256815120e+03,-8.685558672762345722e+00
2.944999999999959428e+00,-1.383744365725650738e+00,-1.051501868283580876e+01,-7.473100430874828817e+02,-5.135639388936177774e+00
2.949999999999959321e+00,-1.442645643802617839e+00,-1.224656195133876047e+01,-1.432941645438120304e+02,-2.769376665366615420e+00
2.954999999999959215e+00,-1.504883163016380365e+00,-1.238821503665905865e+01,7.570721340733274474e+01,-1.637765175591558986e+00
2.959999999999959108e+00,-1.564620572820706101e+00,-1.156712982809803414e+01,2.460073800667078388e+02,-7.366323426674741270e-01
2.964999999999959002e+00,-1.620002795779118099e+00,-1.068167369019115576e+01,2.022828237305776042e+02,-5.228500595085554536e-01
2.969999999999958895e+00,-1.669571185743351061e+00,-9.406901945994716741e+00,2.372044786252159838e+02,6.616042946666844671e-03
2.974999999999958789e+00,-1.711999257933000784e+00,-7.921843923361620021e+00,2.702397606154605114e+02,3.841564003086430645e-01
2.979999999999958682e+00,-1.747436717582957266e+00,-6.595533512867356229e+00,2.246480299974076331e+02,4.946706224497696702e-01
2.984999999999958575e+00,-1.776278767533413960e+00,-5.300568146516178025e+00,2.009558745429943372e+02,5.356386715271881371e-01
2.989999999999958469e+00,-1.798495682872347734e+00,-3.951149441752780600e+00,2.126916113262774672e+02,7.198594202786319229e-01
2.994999999999958362e+00,-1.811725332507528874e+00,-1.943540706592652434e+00,3.052804632227861248e+02,1.382623148228834919e+00
2.999999999999958256e+00,-1.812294624818308497e+00,8.548214449615623156e-01,4.206762744696471827e+02,2.179710041021341915e+00
3.004999999999958149e+00,-1.795179258757204410e+00,4.763796635995754869e+00,5.837722419297142551e+02,3.057549954143787829e+00
3.009999999999958042e+00,-1.756452326728780822e+00,9.246091274166714058e+00,5.986872179858845584e+02,4.256969504847361030e+00
3.014999999999957936e+00,-1.700430792199322472e+00,1.210776231555295013e+01,3.305818779177251372e+02,3.386719297241991278e+00
3.019999999999957829e+00,-1.691168608009027352e+00,-6.021479552248122369e-01,1.313724450021607026e+02,1.011127941900038607e+01
3.024999999999957723e+00,-1.692015009679641357e+00,-6.816179652791426458e-02,8.349264066113825322e+01,1.807282594285104693e+01
3.029999999999957616e+00,-1.692100790189986270e+00,2.236346176743343184e-01,4.071157442119131815e+02,1.844903466717920182e+01
3.034999999999957510e+00,-1.690871666552847374e+00,4.819037180994307223e-01,4.215271740784694998e+02,1.809765031618550779e+01
3.039999999999957403e+00,-1.689295030808683817e+00,5.808879332067001799e-01,4.439488419305861839e+02,1.772050366848619163e+01
3.044999999999957296e+00,-1.686406490735447461e+00,8.214049019222219306e-01,4.799034634512752859e+02,1.730333061161213948e+01
3.049999999999957190e+00,-1.683104266726490827e+00,1.036787340830861881e+00,4.613956259548438084e+02,1.675947360066073344e+01
3.054999999999957083e+00,-1.679349917042700202e+00,5.121050558540762854e-01,-3.356542280515843686e+02,1.621419903893637482e+01
3.059999999999956977e+00,-1.675037118587856311e+00,8.369745178075757019e-01,-2.832980399453090854e+02,1.668159160745134173e+01
3.064999999999956870e+00,-1.670985358504282203e+00,1.104050236974080335e+00,5.874097282024101787e+02,1.655989580844862985e+01
3.069999999999956763e+00,-1.665791734210285924e+00,1.264251557433503370e+00,4.545114918638653307e+02,1.571248842671485413e+01
3.074999999999956657e+00,-1.660900222009297877e+00,6.954722485066838766e-01,-4.010902696012117872e+02,1.548544907992022068e+01
3.079999999999956550e+00,-1.655140104029377612e+00,1.130399598266135008e+00,-3.384604096938999191e+02,1.558035784785373323e+01
3.084999999999956444e+00,-1.649412396802828473e+00,1.567475819004736204e+00,7.879032181251678821e+02,1.539822633109642780e+01
3.089999999999956337e+00,-1.643704233083068011e+00,8.198855360925313418e-01,-4.473446706880643546e+02,1.437769112530704874e+01
3.094999999999956231e+00,-1.636784714471251956e+00,1.354933453739502802e+00,-3.753004891900604321e+02,1.466870065984476490e+01
3.099999999999956124e+00,-1.630007434027904711e+00,1.795341891950888114e+00,8.370173234325575322e+02,1.450360900421839716e+01
3.104999999999956017e+00,-1.623279664017560853e+00,1.003028871444107573e+00,-4.686380724903802388e+02,1.360565987071610117e+01
3.109999999999955911e+00,-1.615537888516591858e+00,1.471301157231639678e+00,-3.419566560771959303e+02,1.383608210793983062e+01
3.114999999999955804e+00,-1.608248836324664088e+00,1.959825220836243220e+00,9.846580937000456970e+02,1.390778492358299800e+01
3.119999999999955698e+00,-1.600886029651117815e+00,1.096959809382468398e+00,-4.985693529372666717e+02,1.303232216693923462e+01
3.124999999999955591e+00,-1.592088462769700730e+00,1.668116348142186567e+00,-3.603752163855724575e+02,1.306294225885629068e+01
3.129999999999955484e+00,-1.584226113866144203e+00,2.071545771341955167e+00,9.745893688044084229e+02,1.261145520405568199e+01
3.134999999999955378e+00,-1.576505695980316313e+00,1.119405339646905251e+00,-5.685520394699348117e+02,1.154941373137277871e+01
3.139999999999955271e+00,-1.566909948331872693e+00,1.797536621891438591e+00,-4.947403712754701246e+02,1.210557046944081883e+01
3.144999999999955165e+00,-1.558296525501218444e+00,2.253261665626305366e+00,1.095491730896912486e+03,1.173852771728186362e+01
3.149999999999955058e+00,-1.550350315585805605e+00,1.039536507969184287e+00,-6.978972385327820120e+02,1.056205166361667303e+01
3.154999999999954952e+00,-1.540403784225097716e+00,1.920859364122040613e+00,-6.178687131295581594e+02,1.035824169517991322e+01
3.159999999999954845e+00,-1.531701695010870612e+00,2.374849364545959851e+00,1.338876130874300998e+03,9.783009089255644497e+00
3.164999999999954738e+00,-1.523472377718866788e+00,1.113083861930800778e+00,-6.845164828828902728e+02,8.388768861971334090e+00
3.169999999999954632e+00,-1.513100565652009344e+00,1.946054298092291690e+00,-6.790398719969886088e+02,8.288214308611033587e+00
3.174999999999954525e+00,-1.503650530567415045e+00,2.621762179384964142e+00,1.443545996146074231e+03,8.117062929426420936e+00
3.179999999999954419e+00,-1.494586239953607620e+00,1.271647495261744920e+00,-6.879025485449978987e+02,7.211060545761449170e+00
3.184999999999954312e+00,-1.483418276063471097e+00,2.112159923647526583e+00,-7.182236458439392663e+02,6.911020378960445854e+00
3.189999999999954206e+00,-1.473031817616192507e+00,2.790109444865273236e+00,1.426278044537158848e+03,6.780046072523856715e+00
3.194999999999954099e+00,-1.463258513084127799e+00,1.420269172178915795e+00,-6.436106913480873573e+02,5.404200956063939465e+00
3.199999999999953992e+00,-1.451614435565687922e+00,2.290784067033412086e+00,-5.830330765739420258e+02,4.741563366493496190e+00
3.204999999999953886e+00,-1.441760898632739707e+00,1.995159210506596059e+00,1.230828945564488350e+02,3.585068591654384740e+00
3.209999999999953779e+00,-1.431877533347726494e+00,2.226553820606947731e+00,3.624146165149365970e+02,2.570649789176284727e+00
3.214999999999953673e+00,-1.421925427044027801e+00,1.829192467142914946e+00,-4.198378129172327817e+02,7.926238894299801885e-01
3.219999999999953566e+00,-1.412248010065588533e+00,1.885659524134865483e+00,-9.185025600296918924e+01,-6.970235147249129737e-01
3.224999999999953459e+00,-1.404245162107607747e+00,1.513111049135654085e+00,-1.014814560802181020e+01,-2.938319487742325098e+00
3.229999999999953353e+00,-1.395715580118615406e+00,1.025634309933690202e+00,-1.071608404010693221e+03,-5.986631306855586310e+00
3.234999999999953246e+00,-1.387445106635134762e+00,1.580659669740411832e+00,3.100729525578143253e+01,-7.277591273074103917e+00
3.239999999999953140e+00,-1.379803284038714217e+00,1.332554523376366040e+00,2.235673809724931402e+02,-8.097470608971047312e+00
3.244999999999953033e+00,-1.374254004842017984e+00,2.494434241581690581e-01,2.404771285420363824e+02,-8.279702058975525247e+00
3.249999999999952927e+00,-1.369692795078125913e+00,1.444833830718714740e+00,3.105762515850655063e+02,-9.426825038925276345e+00
3.254999999999952820e+00,-1.365827462458374608e+00,3.519345979235722899e-01,2.931763228224875206e+02,-8.629372323173564396e+00
3.259999999999952713e+00,-1.360220204518144183e+00,1.621454238280288784e+00,2.383178021492582559e+02,-9.491627072341104920e+00
3.264999999999952607e+00,-1.359085739371208801e+00,9.197107443079936828e-02,1.472517564925000215e+02,-8.960034329631113792e+00
3.269999999999952500e+00,-1.355147749005688684e+00,1.255330379454272727e+00,2.566097947803831403e+02,-9.915483474811749076e+00
3.274999999999952394e+00,-1.354305407644173176e+00,-5.872090824742451920e-01,2.102906978440436205e+02,-9.292170560488047570e+00
3.279999999999952287e+00,-1.354452046657010467e+00,3.363048767303348230e-01,1.804496783174479333e+02,-9.376122493672866653e+00
3.284999999999952180e+00,-1.349904367294581409e+00,1.325020424089244031e+00,2.520837319252262034e+02,-1.022758131953194294e+01
3.289999999999952074e+00,-1.346307870563208109e+00,6.424904211664060893e-01,1.585560910794630729e+02,-1.024628838427579502e+01
3.294999999999951967e+00,-1.340783829606885247e+00,1.409799994188585037e+00,1.532047806025297234e+02,-1.020628682018408284e+01
3.299999999999951861e+00,-1.341070479070421539e+00,2.097645720224144417e-01,1.933920533315242665e+02,-9.957726918432051377e+00
3.304999999999951754e+00,-1.338109964304789568e+00,8.486018597988118639e-01,1.307022665482110710e+02,-1.082800853293703014e+01
3.309999999999951648e+00,-1.333570378768368148e+00,5.224777557990419874e-01,-1.937953990172876502e+02,-1.040963504477944923e+01
3.314999999999951541e+00,-1.329454298293635928e+00,1.043442851317371689e+00,1.489716001969219121e+02,-1.090085566725600330e+01
3.319999999999951434e+00,-1.325800364208553406e+00,3.301933542973175539e-01,-2.831823530937758449e+01,-1.090999589450007790e+01
3.324999999999951328e+00,-1.323440362278853755e+00,5.114730590615779171e-01,5.324423233524812105e+01,-1.061184790215194162e+01
3.329999999999951221e+00,-1.320828449135072136e+00,5.089929306645974982e-01,-2.272934092860552724e+01,-1.106463058206258232e+01
3.334999999999951115e+00,-1.319339843429435444e+00,1.588606077339905220e-01,-2.380120814008681052e+01,-1.052915711889620454e+01
3.339999999999951008e+00,-1.320360031880962959e+00,-4.563875722501190002e-01,-1.343932381052803464e+02,-1.070879604927896800e+01
3.344999999999950901e+00,-1.350410670521039247e+00,-8.688055463585657279e+00,-1.035982681789222170e+03,-6.276899606325236469e+00
3.349999999999950795e+00,-1.406158076138209756e+00,-1.220830364238332777e+01,-4.179079861688914548e+02,-3.882191520162741050e+00
3.354999999999950688e+00,-1.469243583303042167e+00,-1.265898692037621664e+01,1.647506369025047945e+01,-1.926435544442406389e+00
3.359999999999950582e+00,-1.530550782449423552e+00,-1.188739062956300074e+01,2.402531113657836670e+02,-9.235281335077294429e-01
3.364999999999950475e+00,-1.588841744971338121e+00,-1.138127939128239241e+01,1.674618446320098997e+02,-9.663361526614808739e-01
3.369999999999950369e+00,-1.642700510955592996e+00,-1.033216221838547888e+01,2.212165717728902337e+02,-3.294744863691141390e-01
3.374999999999950262e+00,-1.690073627134425660e+00,-8.938666101952497556e+00,2.650644396705094437e+02,2.290656816127931705e-01
3.379999999999950155e+00,-1.730500178963658708e+00,-7.591387359782677535e+00,2.282380438780664065e+02,4.136580240989413682e-01
3.384999999999950049e+00,-1.764101624740896046e+00,-6.221503872728241902e+00,2.154094202481494733e+02,4.761848902010847873e-01
3.389999999999949942e+00,-1.790730188189036287e+00,-4.809275735172906963e+00,2.272065272090821679e+02,6.746977949765939897e-01
3.394999999999949836e+00,-1.808057434121654650e+00,-2.729283182127541174e+00,3.297217937823886018e+02,1.362178793205141014e+00
3.399999999999949729e+00,-1.812351914056110402e+00,1.636498629041738540e-01,4.654120193159587870e+02,2.211427799667692540e+00
3.404999999999949623e+00,-1.800641834902676708e+00,3.464430301497153586e+00,4.551265552521714994e+02,2.565545351989446665e+00
3.409999999999949516e+00,-1.769349001937691401e+00,7.697017733322230271e+00,6.269681422271662541e+02,3.758480660677716134e+00
3.414999999999949409e+00,-1.718993620707643721e+00,1.124668489703509344e+01,4.994311506559130862e+02,3.832306378123432999e+00
3.419999999999949303e+00,-1.696717855679439557e+00,-4.617041854333425177e-01,1.931542251147278648e+02,1.017015231891653571e+01
3.424999999999949196e+00,-1.696814552090434969e+00,6.411260818650470206e-02,5.203425335163043286e-01,1.807982604860214693e+01
3.429999999999949090e+00,-1.695947299273865116e+00,3.550453493805469929e-01,2.953365842125978133e+02,1.867883225060625563e+01
3.434999999999948983e+00,-1.694093712965019538e+00,4.807519424980311595e-01,-8.050379197138886056e+00,1.808304933381034729e+01
3.439999999999948876e+00,-1.691355322143045958e+00,6.433853078020872474e-01,1.295478394132436790e+02,1.838713613431594851e+01
3.444999999999948770e+00,-1.688120091017038638e+00,7.192598923267444766e-01,-1.282742189015270355e+02,1.752561925655440689e+01
3.449999999999948663e+00,-1.684180767762196940e+00,8.503886210054283357e-01,-1.629257820892086528e+01,1.751083402050904780e+01
3.454999999999948557e+00,-1.680184473917340160e+00,1.058501126145776405e+00,5.255212078678599710e+02,1.709369844220987744e+01
3.459999999999948450e+00,-1.675115403259922031e+00,1.335620384192364618e+00,6.954541232535683548e+02,1.652067273399252656e+01
3.464999999999948344e+00,-1.670482930509838315e+00,6.500851939138054814e-01,-3.177050241111809328e+02,1.561169972569416942e+01
3.469999999999948237e+00,-1.665206177412971389e+00,1.014639326489956028e+00,-3.051489494259747062e+02,1.631470110054011258e+01
3.474999999999948130e+00,-1.660264261103138628e+00,1.318010762970197369e+00,6.750636628062358113e+02,1.595652593704917521e+01
3.479999999999948024e+00,-1.654987600531738545e+00,1.602485965652801214e+00,7.247092137829725971e+02,1.505468779475277152e+01
3.484999999999947917e+00,-1.649181417997125587e+00,8.352634786006131185e-01,-4.475957700106007451e+02,1.417874586336648157e+01
3.489999999999947811e+00,-1.642343614366011950e+00,1.328741253297272662e+00,-3.661040735037292393e+02,1.474168239015531334e+01
3.494999999999947704e+00,-1.635731795028840363e+00,1.744723208612611209e+00,7.910039198057903604e+02,1.462359344246832116e+01
3.499999999999947597e+00,-1.629213660152328380e+00,9.851489453310058320e-01,-4.125348967389808763e+02,1.378462606204461771e+01
3.504999999999947491e+00,-1.621721839313059910e+00,1.387199107545821652e+00,-2.467484237546605073e+02,1.421823216897084841e+01
3.509999999999947384e+00,-1.614701382670769458e+00,1.889287552675110726e+00,9.251470807167534076e+02,1.396033038404806881e+01
3.514999999999947278e+00,-1.607482818248274548e+00,1.089500416282062734e+00,-5.232764691933314225e+02,1.309085199973866587e+01
3.519999999999947171e+00,-1.599544318299382262e+00,1.490375275394175469e+00,-2.866844642439288577e+02,1.320602288604830576e+01
3.524999999999947065e+00,-1.591820653000799002e+00,2.114786392091980272e+00,1.070569077555443300e+03,1.324992598146322997e+01
3.529999999999946958e+00,-1.583751476387688539e+00,1.238554331504312600e+00,-5.303374255393260910e+02,1.221998824737434575e+01
3.534999999999946851e+00,-1.575558578543501786e+00,1.665385190378606772e+00,-3.843623084523902662e+02,1.217352583970829905e+01
3.539999999999946745e+00,-1.566965460705548319e+00,2.379227888123378598e+00,1.250976831207600071e+03,1.239452939110815777e+01
3.544999999999946638e+00,-1.558805418661060926e+00,1.201000350624810364e+00,-5.113774453243285620e+02,1.108968656154536703e+01
3.549999999999946532e+00,-1.548872021412746047e+00,1.919485296241481675e+00,-5.503879568611389459e+02,1.128667720500897076e+01
3.554999999999946425e+00,-1.540658976292422100e+00,2.323814368258247054e+00,1.337716287670408519e+03,1.127696155183228477e+01
3.559999999999946318e+00,-1.532441319698629068e+00,1.111234221217132889e+00,-7.219830313197568330e+02,9.753267040031754931e+00
3.564999999999946212e+00,-1.522315121462650689e+00,1.880649420118473358e+00,-6.065285987866578807e+02,9.493361201657815940e+00
3.569999999999946105e+00,-1.513181531874810970e+00,2.510369778062614188e+00,1.386546258386378213e+03,8.967958256687655449e+00
3.574999999999945999e+00,-1.504659250627383482e+00,1.127889593562864112e+00,-7.081214663784379582e+02,7.813784175267597831e+00
3.579999999999945892e+00,-1.493958599385622366e+00,2.028855087700311532e+00,-7.232130694594982288e+02,7.701229580288272203e+00
3.584999999999945786e+00,-1.484066535077405602e+00,2.707243295556751583e+00,1.496374604338111112e+03,7.910236899626756468e+00
3.589999999999945679e+00,-1.475066907903024527e+00,1.203631762290185758e+00,-7.394077579028577247e+02,6.656780088527296080e+00
3.594999999999945572e+00,-1.463434086989248817e+00,2.242733339552434035e+00,-7.019057668440078714e+02,6.745416450388590057e+00
3.599999999999945466e+00,-1.453188311366890417e+00,2.792855244676751170e+00,1.528532226473564606e+03,6.370908034819613874e+00
3.604999999999945359e+00,-1.443000842168397524e+00,1.512690669422265710e+00,-6.848239371811316687e+02,5.147551446445814527e+00
3.609999999999945253e+00,-1.431355634140156763e+00,2.244156809338811787e+00,-5.952758218077109404e+02,4.190174324186067167e+00
3.614999999999945146e+00,-1.420695174462498489e+00,2.598155356439784125e+00,9.817978870624905312e+02,3.283240990352045863e+00
3.619999999999945040e+00,-1.410324028018412834e+00,2.011997252020070626e+00,3.055901124166306460e+01,1.666811823853882935e+00
3.624999999999944933e+00,-1.400594431246022342e+00,1.813254870664397833e+00,-3.184141313770309694e+02,3.136037391442099143e-01
3.629999999999944826e+00,-1.392496371696859914e+00,1.482817408866670350e+00,-3.639661344379624808e+01,-1.179645765357550946e+00
3.634999999999944720e+00,-1.385024347121501798e+00,1.931591415238813614e+00,8.630516744108382454e+01,-3.949043512683741763e+00
3.639999999999944613e+00,-1.378711288978062610e+00,8.034217990967241763e-01,-4.883639235303967325e+02,-5.932052078168768894e+00
3.644999999999944507e+00,-1.370651069907232067e+00,1.180489819244012084e+00,-7.085527804002075527e+02,-7.752427489694467155e+00
3.649999999999944400e+00,-1.363591030125701709e+00,3.191422899419315562e-01,-1.764737490820474250e+03,-9.113630019844473296e+00
3.654999999999944293e+00,-1.358111869137170524e+00,1.712199850455173644e+00,3.833329896567782384e+02,-9.116655681824717306e+00
3.659999999999944187e+00,-1.352401856665133018e+00,1.256843090336142943e+00,2.795826190001685063e+02,-9.553626073310489630e+00
3.664999999999944080e+00,-1.346847173428533884e+00,3.439590629598415217e-01,1.262300313225960764e+02,-8.815938932568988307e+00
3.669999999999943974e+00,-1.342481717485832560e+00,1.274365428714175685e+00,1.931418141631958747e+02,-9.576916779685223702e+00
3.674999999999943867e+00,-1.337368865726052514e+00,6.544381122307275644e-01,6.169605775780652124e+01,-9.465122363044134346e+00
3.679999999999943761e+00,-1.331340764955212475e+00,1.563199615056716452e+00,1.644611128116971486e+02,-1.020590280203708566e+01
3.684999999999943654e+00,-1.327536355840666760e+00,1.006255391021533052e+00,1.903057004043985785e+02,-1.039316156017082982e+01
3.689999999999943547e+00,-1.324402134039988743e+00,-5.251848292600607149e-01,8.712556093169801841e+01,-9.313775117498058975e+00
3.694999999999943441e+00,-1.324041492017902666e+00,3.990303898251971182e-01,1.149110789357424665e+02,-1.019428918461123246e+01
3.699999999999943334e+00,-1.319209253008422955e+00,1.362772208234741989e+00,2.281059874425192504e+02,-1.104445157226382257e+01
3.704999999999943228e+00,-1.321079464543911230e+00,-7.316501233652167313e-01,5.582779292603483867e+01,-1.027786636390572816e+01
3.709999999999943121e+00,-1.322797372829525919e+00,-1.078723805498622568e-01,7.521669859532994451e+01,-1.023346352886334643e+01
3.714999999999943014e+00,-1.321195288998576522e+00,6.240135415551573139e-01,1.851809367851747083e+02,-1.095302322416456242e+01
3.719999999999942908e+00,-1.317174061246972450e+00,4.074382571170681033e-01,-5.078483253649411608e+02,-1.157368159658641815e+01
3.724999999999942801e+00,-1.314830051131722577e+00,6.391374628423598381e-01,6.233709037393393970e+01,-1.103784435525529872e+01
3.729999999999942695e+00,-1.311419940554091612e+00,4.031026388266978899e-01,-2.320532540546903419e+02,-1.150107770755466419e+01
3.734999999999942588e+00,-1.309476587119019930e+00,4.395483049025249445e-01,-2.709952756238524074e+01,-1.095242307414306282e+01
3.739999999999942482e+00,-1.307218035096400222e+00,4.117133825650591827e-01,-4.975746530899624531e+01,-1.149868751593761296e+01
3.744999999999942375e+00,-1.305102275469759210e+00,3.762580246815318552e-01,-5.427336798171796062e+01,-1.101311046511721692e+01
3.749999999999942268e+00,-1.304881344832309331e+00,-1.858905080987669489e-01,-1.339698588658816618e+02,-1.135317497814946286e+01
3.754999999999942162e+00,-1.314190894112093888e+00,-5.026077122208730152e+00,-1.993727675830054523e+03,-9.396365615383578174e+00
3.759999999999942055e+00,-1.361975706048651924e+00,-1.163620300750320524e+01,-8.209968680375966414e+02,-5.468165402898683247e+00
3.764999999999941949e+00,-1.427108238517334371e+00,-1.354927580961134836e+01,-1.579930557444560293e+02,-2.869496911652593241e+00
3.769999999999941842e+00,-1.494725140457610513e+00,-1.332916013867343885e+01,1.662080278173038437e+02,-1.449987599736153321e+00
3.774999999999941735e+00,-1.560003102052617052e+00,-1.275060982027119216e+01,1.568195302324710667e+02,-1.017525473521539325e+00
3.779999999999941629e+00,-1.620190324228198087e+00,-1.152608274322321158e+01,2.587587835323625427e+02,-2.868693519329310604e-01
3.784999999999941522e+00,-1.674739711472544412e+00,-1.045623807259287474e+01,2.327732952233383230e+02,-1.351405432969432496e-01
3.789999999999941416e+00,-1.723193556445973273e+00,-9.210018365707185239e+00,2.284796709765997207e+02,2.415968352959305676e-01
3.794999999999941309e+00,-1.765255137330286273e+00,-7.912111101175646866e+00,2.704830587402149717e+02,3.474805865148615780e-01
3.799999999999941203e+00,-1.801057736716531688e+00,-6.669822523125891855e+00,2.638694167397492834e+02,3.568746367596928870e-01
3.804999999999941096e+00,-1.829591105503868942e+00,-5.138238815061171749e+00,2.472566383524904552e+02,7.136921003928495821e-01
3.809999999999940989e+00,-1.849057840556765697e+00,-3.186408284827443538e+00,3.045434689935371466e+02,1.184205047311885473e+00
3.814999999999940883e+00,-1.856884685699619508e+00,-6.947577235509229121e-01,3.725572119009707990e+02,1.736534643496596253e+00
3.819999999999940776e+00,-1.849172935418046393e+00,2.717898245516323641e+00,5.016056866598686952e+02,2.639020578578909593e+00
3.824999999999940670e+00,-1.820863228364673292e+00,7.165886007110605860e+00,5.887380863389213346e+02,3.931975842549115363e+00
3.829999999999940563e+00,-1.770269613716322521e+00,1.162009206791150895e+01,6.438569187618356864e+02,4.720842972665952431e+00
3.834999999999940457e+00,-1.704250150764870408e+00,1.391913979877160124e+01,2.848242456628850618e+02,3.144490081903611234e+00
3.839999999999940350e+00,-1.697093380496660586e+00,-1.469939014310783332e+00,1.785145682332268109e+02,9.760541905972806020e+00
3.844999999999940243e+00,-1.700611546519293915e+00,-3.692234637416244580e-01,2.365439895725839676e+02,2.000943901267117297e+01
3.849999999999940137e+00,-1.702297971933773635e+00,-5.798568910074591853e-02,4.052543535456997574e+02,1.883382307873177197e+01
3.854999999999940030e+00,-1.702418201736409342e+00,1.886316020285701833e-01,3.623131751848773661e+02,1.852971069663260550e+01
3.859999999999939924e+00,-1.701950813135403751e+00,3.307786528789589120e-01,3.484859826715479585e+02,1.840821618153977113e+01
3.864999999999939817e+00,-1.700604401898399010e+00,3.527488586291547823e-01,6.534710786548561146e+01,1.738457733595777555e+01
3.869999999999939710e+00,-1.698761532357579984e+00,5.490902663224278557e-01,2.818318844436731752e+02,1.785127050830093154e+01
3.874999999999939604e+00,-1.696413294855675158e+00,4.732708889483853154e-01,-4.420146293574298824e+01,1.684535349654744252e+01
3.879999999999939497e+00,-1.693577731099327188e+00,7.114599196018220884e-01,2.308625002069745733e+02,1.743714394500659992e+01
3.884999999999939391e+00,-1.690514481789353818e+00,5.185630179512303872e-01,-1.549413503827025238e+02,1.622894927050304403e+01
3.889999999999939284e+00,-1.686835147687715919e+00,7.343940970018479897e-01,1.789387715327737993e+01,1.697855076540915675e+01
3.894999999999939178e+00,-1.683150185311532931e+00,6.546133953618480383e-01,-2.062698244539714381e+02,1.583298228749007919e+01
3.899999999999939071e+00,-1.678810095022502891e+00,8.530731286795778523e-01,-1.324459650324307063e+02,1.625916135457705280e+01
3.904999999999938964e+00,-1.674721793023848271e+00,8.225896240318668617e-01,-2.182027701671472641e+02,1.532470350460899411e+01
3.909999999999938858e+00,-1.669843200264254923e+00,1.005831769819931054e+00,-1.343522225269502144e+02,1.545620356161938425e+01
3.914999999999938751e+00,-1.664907096217181470e+00,1.322159079830901085e+00,6.531509292830630784e+02,1.481823295522306161e+01
3.919999999999938645e+00,-1.659959076394532884e+00,7.419638067285274641e-01,-3.341323955819476055e+02,1.358351540628671295e+01
3.924999999999938538e+00,-1.654058038955807719e+00,1.148919149632356973e+00,-3.123577744766766955e+02,1.364121996580435692e+01
3.929999999999938431e+00,-1.648279991423542645e+00,1.513902047654752892e+00,7.073472117434598658e+02,1.335426194040983106e+01
3.934999999999938325e+00,-1.642722368705508362e+00,7.803652920395535153e-01,-4.502573908295365186e+02,1.383223747950654392e+01
3.939999999999938218e+00,-1.635745917395343030e+00,1.359247213204115790e+00,-3.877109174453344735e+02,1.366229606270492170e+01
3.944999999999938112e+00,-1.628581069719126750e+00,1.892225546153142313e+00,8.494043422302554518e+02,1.320956314004031462e+01
3.949999999999938005e+00,-1.621901521923188039e+00,1.039760488160048402e+00,-3.633682315096279467e+02,1.219401550491145159e+01
3.954999999999937899e+00,-1.614510361108547176e+00,1.455070042192491586e+00,-3.857805063970359924e+02,1.258154556273906621e+01
3.959999999999937792e+00,-1.607102253777089151e+00,2.020506246960422470e+00,1.037206301316181680e+03,1.267823832250697258e+01
3.964999999999937685e+00,-1.599691146772644901e+00,1.092546464832853781e+00,-5.129019277916526107e+02,1.181267252166190218e+01
3.969999999999937579e+00,-1.590702353092971366e+00,1.787015819221163149e+00,-4.411118452011318709e+02,1.157004906236987729e+01
3.974999999999937472e+00,-1.582571094525062172e+00,2.172968269864046675e+00,1.118159279341962929e+03,1.179011277158982907e+01
3.979999999999937366e+00,-1.574832104616553430e+00,1.110239767594633387e+00,-5.622673605044609531e+02,1.025020691340060530e+01
3.984999999999937259e+00,-1.565034309540090929e+00,1.928281896597899170e+00,-5.373556620337144523e+02,1.024459899633732363e+01
3.989999999999937152e+00,-1.556483418476529268e+00,2.288769418376872977e+00,1.192258275453264105e+03,9.457997773759046822e+00
3.994999999999937046e+00,-1.547861298287699361e+00,1.361324583449177617e+00,-4.893004511118603546e+02,8.580243787179700377e+00
3.999999999999936939e+00,-1.537438009870168987e+00,1.896934685215149630e+00,-5.812722240442369639e+02,8.307804518823079576e+00
4.004999999999936833e+00,-1.527684932878089930e+00,2.680385779287188353e+00,1.319818573148473661e+03,8.527746511042723299e+00
4.009999999999936726e+00,-1.518146241206212554e+00,1.375615315502070057e+00,-6.157630869571661378e+02,7.002021981014644680e+00
4.014999999999936620e+00,-1.506780266696158055e+00,2.259334712727368188e+00,-5.686772517377082750e+02,6.873654306550498028e+00
4.019999999999936513e+00,-1.496417033568229416e+00,2.632562576545106836e+00,1.129019770202565496e+03,6.097189555622968271e+00
4.024999999999936406e+00,-1.485778688236233380e+00,1.773228424997538299e+00,-4.623412758565980880e+02,4.566416647001575235e+00
4.029999999999936300e+00,-1.474460130852415896e+00,2.200925719788203061e+00,-4.015391313457006390e+02,3.282905373400066829e+00
4.034999999999936193e+00,-1.463776777111190919e+00,2.285934948193372396e+00,2.978130217590445454e+02,2.323508269091951295e+00
4.039999999999936087e+00,-1.453392810066650886e+00,2.155342043055331835e+00,2.310912353761491431e+02,8.285670990602977959e-01
4.044999999999935980e+00,-1.444041118196853768e+00,2.029084482783073629e+00,4.455512073895492904e+02,-1.151919191928887587e+00
4.049999999999935874e+00,-1.434907565917043604e+00,2.046325041818757740e+00,3.714586849165589655e+01,-4.326163556724669235e+00
4.054999999999935767e+00,-1.426899547601274243e+00,8.122660965443404546e-01,-1.273427672621890679e+03,-6.300902295849535761e+00
4.059999999999935660e+00,-1.419189652976424076e+00,1.981725721185701783e+00,2.866938199715121414e+02,-7.455635942118870929e+00
4.064999999999935554e+00,-1.413350686223918240e+00,1.570435324191267856e+00,9.477475604567715095e+01,-7.720048045974682971e+00
4.069999999999935447e+00,-1.408985786830004860e+00,9.718387323211393758e-01,1.390157433736154360e+02,-8.070335033276437642e+00
4.074999999999935341e+00,-1.403223177824155510e+00,6.137184843450230742e-01,2.413876953323886028e+02,-8.038594793116326187e+00
4.079999999999935234e+00,-1.397956503978827980e+00,-1.161272557970583208e-01,-1.971887984576298095e+03,-9.363978583598527194e+00
4.084999999999935127e+00,-1.393665561840392586e+00,1.531413243832520310e+00,3.618892261504929024e+02,-9.035915119950084673e+00
4.089999999999935021e+00,-1.390174161234428718e+00,8.943468421694302783e-01,3.587384002641767893e+02,-9.220091923838509729e+00
4.094999999999934914e+00,-1.386128343237538640e+00,-7.605162368294729469e-02,2.807500846493401241e+02,-8.971895907950177218e+00
4.099999999999934808e+00,-1.382289198573968481e+00,1.314154104561362058e+00,2.766666869815936138e+02,-9.241027277215081881e+00
4.104999999999934701e+00,-1.381064143692771751e+00,3.034181327588776345e-01,2.590935464770976182e+02,-8.700457958103166689e+00
4.109999999999934595e+00,-1.377383623037600424e+00,-7.407887689507477447e-01,-2.327374549255966940e+03,-1.015656506130513925e+01
4.114999999999934488e+00,-1.376252165548289108e+00,9.177676720635403740e-01,3.904492571302025681e+02,-1.007155655713311582e+01
4.119999999999934381e+00,-1.373502512801403785e+00,3.524965799846201397e-01,3.353849006179194134e+02,-1.004933704673467609e+01
4.124999999999934275e+00,-1.372752474878621287e+00,-9.244733786390251229e-01,2.183609205042627366e+02,-8.937422876638160929e+00
4.129999999999934168e+00,-1.373250312266897977e+00,4.919817705562595789e-01,3.387233429894817505e+02,-9.965019304093623020e+00
4.134999999999934062e+00,-1.371233306667143159e+00,2.842221149961997040e-01,2.690345936008867511e+02,-1.018001828309467882e+01
4.139999999999933955e+00,-1.371427816800419697e+00,-1.212027238601270041e+00,1.567590946222323680e+02,-8.951491106187605240e+00
4.144999999999933848e+00,-1.373051551847127572e+00,2.709350967297400326e-01,3.378639912056179355e+02,-1.021192071157230252e+01
4.149999999999933742e+00,-1.391662348093364754e+00,-7.367218658560641842e+00,-1.525213604432277862e+03,-7.516424187015682712e+00
4.154999999999933635e+00,-1.442290371128630122e+00,-1.136565974411300139e+01,-4.268259662751267456e+02,-3.832276791882347489e+00
4.159999999999933529e+00,-1.504107480000435038e+00,-1.270673571898334409e+01,-1.069296804536729582e+02,-2.275203616508722604e+00
4.164999999999933422e+00,-1.566495457438751293e+00,-1.219603879903856303e+01,2.066153522005890011e+02,-9.721859103995988960e-01
4.169999999999933316e+00,-1.625794460221142046e+00,-1.155100204489408533e+01,1.597339072238345921e+02,-6.733856461128215898e-01
4.174999999999933209e+00,-1.680334075247383652e+00,-1.046065323717932394e+01,2.315117936697284904e+02,-1.295158141769841009e-01
4.179999999999933102e+00,-1.729082465535542124e+00,-9.246229083415126837e+00,2.984429119254162401e+02,1.387958466135792435e-01
4.184999999999932996e+00,-1.772838303288945649e+00,-8.373174453390721084e+00,1.805559182524526136e+02,2.699077474504640861e-02
4.189999999999932889e+00,-1.811587450473524985e+00,-7.338928646103460629e+00,1.918159171893860844e+02,2.831015013822129056e-01
4.194999999999932783e+00,-1.844641279513728360e+00,-6.180514075407157470e+00,1.936566697851775700e+02,4.928835358734424688e-01
4.199999999999932676e+00,-1.871504320437256119e+00,-4.892579121532941500e+00,2.559073135780462849e+02,6.337279256548895567e-01
4.204999999999932569e+00,-1.892826502701436819e+00,-3.881003486979487160e+00,1.727671839559002933e+02,3.854135488993968295e-01
4.209999999999932463e+00,-1.908790947030176266e+00,-2.792863651688906046e+00,1.798097004460421999e+02,5.143778977909729822e-01
4.214999999999932356e+00,-1.918730830388318598e+00,-1.542905698937490744e+00,1.863773928256322847e+02,7.692696481380931761e-01
4.219999999999932250e+00,-1.922008803883116235e+00,-1.884865859956476597e-01,2.238955190755166313e+02,9.177318949132793335e-01
4.224999999999932143e+00,-1.918575482096166906e+00,1.156958674701807688e+00,2.204747125401034964e+02,8.781926892177294164e-01
4.229999999999932037e+00,-1.905412573785563835e+00,3.391088295742836767e+00,3.169622387606412417e+02,1.708658708202553056e+00
4.234999999999931930e+00,-1.877757950857539715e+00,6.624636681348252232e+00,4.443726745110839147e+02,2.591581384163169410e+00
4.239999999999931823e+00,-1.833292769274825096e+00,1.003420407822514449e+01,4.767870605167219651e+02,3.177276947075088565e+00
4.244999999999931717e+00,-1.773917474723509802e+00,1.273933387300735198e+01,3.292309215011615606e+02,3.158203402021259265e+00
4.249999999999931610e+00,-1.705635404536668620e+00,1.397560100083565970e+01,6.123909864560432226e+01,2.120434946312246716e+00
4.254999999999931504e+00,-1.635704422339797848e+00,1.378688410824364041e+01,-1.688494907249471453e+02,7.114686471899061004e-01
4.259999999999931397e+00,-1.627875370450148962e+00,-1.469667800590230167e+00,-1.204213353132312569e+01,8.080256388280306012e+00
4.264999999999931291e+00,-1.633981365065947156e+00,-1.091175042238221815e+00,4.626153737798225052e+01,1.722241392045166819e+01
4.269999999999931184e+00,-1.638690626016020557e+00,-7.021111857835515835e-01,3.931777013393019047e+02,1.733050299673407224e+01
4.274999999999931077e+00,-1.641968582020687517e+00,-6.462011163573651018e-01,-9.492798213732329771e+01,1.685284713616345442e+01
4.279999999999930971e+00,-1.644551553813774492e+00,-3.150037744757267499e-01,3.961925911357182031e+02,1.709841150033178536e+01
4.284999999999930864e+00,-1.646318745084960122e+00,-3.979809873773796913e-01,-2.889312967361551614e+02,1.648732297297163285e+01
4.289999999999930758e+00,-1.647226649330882031e+00,-4.108891680405200864e-02,2.830788895019047686e+02,1.687077853699091889e+01
4.294999999999930651e+00,-1.647834515027732927e+00,-1.915177077979472176e-01,-3.130228233311387953e+02,1.607190431192633184e+01
4.299999999999930544e+00,-1.647543936824392041e+00,1.693081796339547251e-01,2.397641052226443605e+02,1.642545864224933538e+01
4.304999999999930438e+00,-1.647213257897985672e+00,-3.939797007413402274e-02,-3.229884351506830740e+02,1.563319343996496258e+01
4.309999999999930331e+00,-1.646058884695241531e+00,2.974190748583849797e-01,2.000032100557833985e+02,1.589214461235571285e+01
4.314999999999930225e+00,-1.645047564719881228e+00,8.727213589771735947e-02,-3.311372559629244279e+02,1.488882167914980847e+01
4.319999999999930118e+00,-1.643196648074743083e+00,3.838303746144201556e-01,1.159804677948208109e+02,1.527343905040466154e+01
4.324999999999930012e+00,-1.641581067457728027e+00,2.377171328798041994e-01,-3.405760729577490906e+02,1.449148847897369485e+01
4.329999999999929905e+00,-1.639122504265420499e+00,4.524564415019547425e-01,-2.351811007275125931e+01,1.472204812288741493e+01
4.334999999999929798e+00,-1.636812152054273550e+00,4.277425479104845496e-01,-3.436998698107500445e+02,1.413522713873403980e+01
4.339999999999929692e+00,-1.634338426856560167e+00,6.676785825311020162e-01,4.685056068475763027e+02,1.441469238871038705e+01
4.344999999999929585e+00,-1.631446254227453263e+00,6.048376762072334989e-01,6.607208566535736338e+01,1.380801438651166357e+01
4.349999999999929479e+00,-1.628541245362238099e+00,9.373069320070388510e-01,5.687980561915668432e+02,1.391853785537094623e+01
4.354999999999929372e+00,-1.625619845502421557e+00,3.018794912245664763e-01,-3.713610678736569071e+02,1.297995258146601394e+01
4.359999999999929265e+00,-1.621820236760799450e+00,6.992264500418386985e-01,-3.378581855688701694e+02,1.377634128622440812e+01
4.364999999999929159e+00,-1.618254848675831692e+00,9.980693322910674237e-01,5.833463518908282595e+02,1.359589401622356952e+01
4.369999999999929052e+00,-1.614800487830052367e+00,4.039633924082361438e-01,-3.944897872239788512e+02,1.298115421986902263e+01
4.374999999999928946e+00,-1.610345558310143810e+00,8.423340050655393485e-01,-3.607138327828359365e+02,1.302040867814131886e+01
4.379999999999928839e+00,-1.606059778842324093e+00,1.274059108050872968e+00,8.175617314685329120e+02,1.362316859401456171e+01
4.384999999999928733e+00,-1.601846070491890872e+00,5.115647859580800816e-01,-4.382435674187113932e+02,1.205143876236186173e+01
4.389999999999928626e+00,-1.596485965261051021e+00,1.020488206633906270e+00,-4.250969295685808333e+02,1.322111781755800308e+01
4.394999999999928519e+00,-1.590547948558111324e+00,1.280990556262235236e+00,-3.887953058181647066e+02,1.203601477773887396e+01
4.399999999999928413e+00,-1.584061281815216660e+00,1.768569479424273228e+00,9.230758198488114203e+02,1.246710443437020643e+01
4.404999999999928306e+00,-1.577632506587524741e+00,9.239424397361584163e-01,-4.721279515909825477e+02,1.092929497501542180e+01
4.409999999999928200e+00,-1.569790947215268018e+00,1.527413111296324955e+00,-4.535650809922026951e+02,1.152652984010095949e+01
4.414999999999928093e+00,-1.561952151826064839e+00,2.034944247335805478e+00,9.414583697129023676e+02,1.096226223742557693e+01
4.419999999999927986e+00,-1.554429326640350384e+00,1.087895009589596063e+00,-5.392102101253464070e+02,1.005508065955411467e+01
4.424999999999927880e+00,-1.545530460117266580e+00,1.757784414641558435e+00,-4.654545360917695689e+02,9.594436986480490148e+00
4.429999999999927773e+00,-1.536972592612071198e+00,2.238485331152394231e+00,1.048014844709139197e+03,9.368709554571582387e+00
4.434999999999927667e+00,-1.528774727411215784e+00,1.224969987378572434e+00,-5.181663501118899831e+02,8.020058870491565628e+00
4.439999999999927560e+00,-1.518697200766114808e+00,1.985342134935766945e+00,-4.720344814175601300e+02,8.115152157746221562e+00
4.444999999999927454e+00,-1.509614497722056026e+00,2.389354464352487106e+00,1.082668299427725742e+03,7.475449225503468575e+00
4.449999999999927347e+00,-1.500021231856508708e+00,1.567240275985956721e+00,-4.799997228225917638e+02,6.232919024936211194e+00
4.454999999999927240e+00,-1.489719430355715746e+00,2.047990170072635951e+00,-3.913031971368493487e+02,4.910390904823350056e+00
4.459999999999927134e+00,-1.479933260281862450e+00,2.326729420795168757e+00,7.406475231983068852e+02,4.162622744224387716e+00
4.464999999999927027e+00,-1.470130668005818819e+00,1.928419082777225402e+00,7.023036157968026316e+01,2.670329060371818830e+00
4.469999999999926921e+00,-1.460713331280959926e+00,1.812680953637874959e+00,-2.085480602644131523e+02,9.765719235906822338e-01
4.474999999999926814e+00,-1.452273811591426655e+00,1.727372054739770624e+00,-9.925855460292567045e+01,-1.673570284258369956e+00
4.479999999999926708e+00,-1.444003987108879228e+00,1.775820344012666752e+00,6.278993456224314684e+01,-4.311805904521023081e+00
4.484999999999926601e+00,-1.435956908419750544e+00,1.770001758843485984e+00,7.365815445876989997e+01,-6.049892057000956669e+00
4.489999999999926494e+00,-1.429067555241956056e+00,1.379071047482795631e+00,-3.438411688024148702e+02,-7.153346624668469822e+00
4.494999999999926388e+00,-1.422210712111368736e+00,1.201859005436087147e+00,-2.759873819382828515e+02,-7.804643609869262200e+00
4.499999999999926281e+00,-1.415217550432042115e+00,1.522899037297472224e+00,1.433081959912404102e+02,-8.180890105449671879e+00
4.504999999999926175e+00,-1.409633550258486245e+00,7.472088960537265345e-01,-8.520530201848054048e+02,-8.725477366259731582e+00
4.509999999999926068e+00,-1.405357222628938585e+00,4.756233466501797458e-01,1.199060253589166507e+02,-8.606597694656903386e+00
4.514999999999925961e+00,-1.402457541349748871e+00,-5.146993523532183978e-02,2.514631178678696415e+02,-8.449140797833024408e+00
4.519999999999925855e+00,-1.399687029181459819e+00,-5.008123198527624220e-01,-1.918185912116243571e+03,-9.676938401676798307e+00
4.524999999999925748e+00,-1.396787719502650127e+00,1.271838604728095179e+00,2.568404645041829326e+02,-9.874055362487109022e+00
4.529999999999925642e+00,-1.395379613203216351e+00,9.030206557537988621e-01,3.339956558662719885e+02,-9.435809992263900270e+00
4.534999999999925535e+00,-1.395376859629790189e+00,2.445544621720719125e-01,4.208959942077271990e+02,-9.443954279307609667e+00
4.539999999999925429e+00,-1.395947233323584502e+00,-3.489302235988320788e-01,4.072685626990603964e+02,-9.610129381891111322e+00
4.544999999999925322e+00,-1.394942485304971225e+00,-1.186811000202058208e+00,-2.318789547223997033e+03,-1.039330538994248165e+01
4.549999999999925215e+00,-1.395793444314455956e+00,4.927732731102335562e-01,3.125949239107333710e+02,-9.659968425226065136e+00
4.554999999999925109e+00,-1.398030640564209337e+00,-4.476446727257823999e-01,2.307523903814522725e+02,-8.549143872644629383e+00
4.559999999999925002e+00,-1.397837690800697974e+00,4.320148994501351591e-01,2.337839772481966065e+02,-8.766385590255163507e+00
4.564999999999924896e+00,-1.396857937865237043e+00,9.468954445912249052e-02,7.023500867887898380e+01,-7.746850262122410236e+00
4.569999999999924789e+00,-1.395370816917463674e+00,2.258028463691384435e-01,-1.170595927124057312e+02,-7.800201265741864454e+00
4.574999999999924682e+00,-1.394011817729769787e+00,2.887727149626990730e-01,-5.724724063465795609e+01,-8.050853205351025110e+00
4.579999999999924576e+00,-1.393408152357499707e+00,1.508733159439133442e-01,4.912211439895830978e+01,-8.387697673936976628e+00
4.584999999999924469e+00,-1.392700712201490276e+00,-5.257611084086323272e-01,-9.211046711008947341e+02,-9.154714667348283541e+00
4.589999999999924363e+00,-1.395074023246475337e+00,-4.203719017306219996e-01,-1.166436992120134693e-02,-8.908064963364253686e+00
4.594999999999924256e+00,-1.397007996923047335e+00,-3.896102443398847259e-01,-7.820758895930673305e+00,-8.394395670237535967e+00
4.599999999999924150e+00,-1.399197710999871225e+00,-5.047308825437849533e-01,-5.455958476094316723e+01,-8.738460707289821272e+00
4.604999999999924043e+00,-1.402245313238920321e+00,-6.916406864740428651e-01,6.101241399046072544e+00,-8.916643834562689719e+00
4.609999999999923936e+00,-1.406582997575469784e+00,-9.604889976740524915e-01,-2.204291889468535715e+01,-8.957160154700504862e+00
4.614999999999923830e+00,-1.412540983203650402e+00,-1.326052260334184441e+00,-4.489334536843470858e+01,-8.155056232013418338e+00
4.619999999999923723e+00,-1.420805389478418279e+00,-1.846991929816492073e+00,-9.982496853005307003e+01,-8.064791106424667788e+00
4.624999999999923617e+00,-1.431814994963805043e+00,-2.416529475338143662e+00,-9.745727510396639559e+01,-7.990230626451531037e+00
4.629999999999923510e+00,-1.445539129112647148e+00,-2.927699589283334625e+00,-8.002348434228042606e+01,-8.035037269868325893e+00
4.634999999999923403e+00,-1.461622714115508703e+00,-3.371046024363564708e+00,-6.350813345282137590e+01,-6.894927178902304554e+00
4.639999999999923297e+00,-1.479744611307094670e+00,-3.762906720253562654e+00,-1.071064282092129361e+02,-6.778177823902540311e+00
4.644999999999923190e+00,-1.499615713052609767e+00,-4.030687656871879021e+00,-6.958961465955444403e+00,-6.513004590978943575e+00
4.649999999999923084e+00,-1.520431536235975267e+00,-4.152714969841041714e+00,6.055951533084238392e+00,-6.262361095295728930e+00
4.654999999999922977e+00,-1.541516220652976887e+00,-4.165818898363866651e+00,1.506351219033603073e+01,-5.234373527602050657e+00
4.659999999999922871e+00,-1.562375349516534007e+00,-4.048605511981140381e+00,8.159723186853392463e+01,-5.138214665575853601e+00
4.664999999999922764e+00,-1.582306936685245802e+00,-3.842016746142776995e+00,1.014322667987789686e+02,-5.072215314529143093e+00
4.669999999999922657e+00,-1.600950226677982480e+00,-3.618370895979669655e+00,1.775062896156643717e+02,-4.232463979889326211e+00
4.674999999999922551e+00,-1.617834059707275784e+00,-3.188431869023692133e+00,1.314233663255997158e+02,-4.448725366933556025e+00
4.679999999999922444e+00,-1.633115628020834986e+00,-2.838612769803368074e+00,8.107379308174795085e+01,-4.493235422919227950e+00
4.684999999999922338e+00,-1.646515736017617915e+00,-2.500598299802102797e+00,1.020944981762843611e+02,-3.916602634753757251e+00
4.689999999999922231e+00,-1.658023582903876969e+00,-2.256506187642719929e+00,-2.831200249983864126e+01,-4.063343642278155698e+00
4.694999999999922125e+00,-1.667728621359007235e+00,-1.780421323367782582e+00,6.786573746861553502e+01,-4.245363940838529970e+00
4.699999999999922018e+00,-1.675868167166310929e+00,-1.457004389928450161e+00,5.688678305698995530e+01,-3.743508133524907855e+00
4.704999999999921911e+00,-1.682489302479490023e+00,-1.217297342466703958e+00,1.738463760277660413e+02,-3.706012254824939678e+00
4.709999999999921805e+00,-1.688053229855275728e+00,-1.046459231357346198e+00,3.267803587269318655e+01,-3.045282361307754648e+00
4.714999999999921698e+00,-1.693064959753576737e+00,-9.568557066601172112e-01,-8.776298478750462095e+00,-2.169687102134916667e+00
4.719999999999921592e+00,-1.697750227237063925e+00,-8.988769331027990361e-01,3.459711673658429021e+01,-1.976951245763592713e+00
4.724999999999921485e+00,-1.701847807420823422e+00,-8.301218098998469630e-01,-4.946477896197285418e+01,-1.219639175098985895e+00
4.729999999999921378e+00,-1.705544800984250209e+00,-6.450351678865725580e-01,1.077301809447696144e+02,-1.007236959306258894e+00
4.734999999999921272e+00,-1.708885301488822117e+00,-6.337641637027269237e-01,5.681682154644124694e+01,-5.297758800778924471e-01
4.739999999999921165e+00,-1.711304538442311340e+00,-4.269737825426799249e-01,3.123751277119751535e+00,2.595311299865944443e-01
4.744999999999921059e+00,-1.712635947427185945e+00,-1.864169629143205276e-01,2.438557438448562564e+01,7.454284161662574348e-01
4.749999999999920952e+00,-1.712074999680304854e+00,2.755884461198185864e-01,7.846750101442195557e+01,2.573620270974874558e+00
4.754999999999920846e+00,-1.708849935413512267e+00,9.082700233658239641e-01,1.550038256780171935e+02,4.589846105571696810e+00
4.759999999999920739e+00,-1.703529299137862330e+00,1.134174524548695828e+00,1.338593248652680643e+02,7.816649309536356505e+00
4.764999999999920632e+00,-1.698051693278087804e+00,1.046041534141250562e+00,-1.834498250586156871e+02,1.049461558352705914e+01
4.769999999999920526e+00,-1.692356867943375365e+00,1.111677857302431960e+00,-1.504320632950558689e+01,1.341283256515754729e+01
4.774999999999920419e+00,-1.686504216205920281e+00,1.134735068333455832e+00,-2.160350318700610615e+02,1.627255578629006649e+01
4.779999999999920313e+00,-1.680745631505960569e+00,1.137620618317549903e+00,-2.839758353155085047e+02,1.723402123173874401e+01
4.784999999999920206e+00,-1.674435635719484505e+00,1.254620918333170243e+00,-3.230847847032480900e+02,1.771399574816256006e+01
4.789999999999920099e+00,-1.667782967638331337e+00,1.394912678576508247e+00,-3.432660296371205959e+02,1.680424552757863310e+01
4.794999999999919993e+00,-1.661496430686245418e+00,1.402420556581061017e+00,3.833533137851713377e+02,1.667923499189826941e+01
4.799999999999919886e+00,-1.655061068020991177e+00,1.562850105597212602e+00,7.217460466957967355e+02,1.622149788401147319e+01
4.804999999999919780e+00,-1.648227787375001530e+00,1.650222572808125898e+00,7.301523946815003683e+02,1.572170292138257430e+01
4.809999999999919673e+00,-1.642131129453719307e+00,1.648709039822003009e+00,7.237438841431346646e+02,1.586682186776797998e+01
4.814999999999919567e+00,-1.635926500688954510e+00,1.828731952081263268e+00,9.138299842248875393e+02,1.537787626387251372e+01
4.819999999999919460e+00,-1.630182644613777709e+00,6.727614535349413227e-01,-5.576708933414225839e+02,1.508216939007076540e+01
4.824999999999919353e+00,-1.624035547588853490e+00,1.070770926665236988e+00,-5.751206949700601854e+02,1.602088777436136269e+01
4.829999999999919247e+00,-1.617892692832114676e+00,1.319349867595474013e+00,-5.678907845792633680e+02,1.532962451086544853e+01
4.834999999999919140e+00,-1.611601018262706519e+00,1.762330538520472833e+00,1.085313580969027271e+03,1.534169182961829669e+01
4.839999999999919034e+00,-1.606337969569655577e+00,5.043483979546147244e-01,-6.534786467828098466e+02,1.436147305507548388e+01
4.844999999999918927e+00,-1.600045852951638814e+00,1.121693927568934157e+00,-6.246534665902304369e+02,1.500368070364898188e+01
4.849999999999918820e+00,-1.594425215129580575e+00,1.724661988622877562e+00,1.248204775397836784e+03,1.514482807737539893e+01
4.854999999999918714e+00,-1.589480987560398573e+00,4.164455153653480179e-01,-7.101443772920526953e+02,1.404289077878425829e+01
4.859999999999918607e+00,-1.582899310399098480e+00,1.210686853978354183e+00,-6.673894583885630709e+02,1.451236401013181698e+01
4.864999999999918501e+00,-1.576645628875730454e+00,1.896637125589978101e+00,1.326493215522734317e+03,1.462608551378089317e+01
4.869999999999918394e+00,-1.571127425842326897e+00,5.017156000122378057e-01,-7.420426557791913638e+02,1.367163723109334228e+01
4.874999999999918288e+00,-1.563875974409641989e+00,1.353088506547588388e+00,-6.694427986093298841e+02,1.399700031468566586e+01
4.879999999999918181e+00,-1.558169225684135295e+00,1.845355162827497342e+00,1.365689571814800274e+03,1.432718296335216301e+01
4.884999999999918074e+00,-1.552652732877021657e+00,5.034475578272141760e-01,-7.976058952643439852e+02,1.332631032907312552e+01
4.889999999999917968e+00,-1.546796137552301831e+00,1.521068333338184919e+00,1.410398042493275852e+03,1.447787250857953012e+01
4.894999999999917861e+00,-1.542919259154890810e+00,2.383496161386585432e-01,-8.448490101679973350e+02,1.331277738253737297e+01
4.899999999999917755e+00,-1.536210113551194967e+00,1.022269567637468679e+00,-3.727060201944556184e+02,1.405070004472529810e+01
4.904999999999917648e+00,-1.529643483126825299e+00,2.421311108235649101e+00,1.923169074781695372e+03,1.413899300295940620e+01
4.909999999999917542e+00,-1.523997452003413855e+00,1.195280272246469044e+00,-7.457043514165202396e+02,1.209841121553036203e+01
4.914999999999917435e+00,-1.519005364737494146e+00,5.975756064989866390e-02,-6.380876032954145103e+02,1.318807140725148663e+01
4.919999999999917328e+00,-1.511445688703144441e+00,1.694133963295162193e+00,-8.552074875272776353e+02,1.320954239572553846e+01
4.924999999999917222e+00,-1.506410423381655095e+00,5.321053348342571487e-01,-8.965219781062563698e+02,1.234084673682312072e+01
4.929999999999917115e+00,-1.497452052472113548e+00,2.646846222237386304e+00,2.376745543291778631e+03,1.330777501756655390e+01
4.934999999999917009e+00,-1.490620318317277704e+00,1.525335937426575805e+00,-8.225809569407882691e+02,1.048405548825907729e+01
4.939999999999916902e+00,-1.484467238952657864e+00,5.527280509953205051e-02,-9.470850464908286312e+02,1.118181165935108901e+01
4.944999999999916795e+00,-1.475734206086704914e+00,1.560189642431867973e+00,-7.076909671680955398e+02,1.102066992412872715e+01
4.949999999999916689e+00,-1.468062693032591071e+00,2.649785233572630627e+00,2.093195663565718405e+03,1.033777153061831555e+01
4.954999999999916582e+00,-1.461885776003281290e+00,2.807698207295245552e-01,-9.785206303205261520e+02,8.644913745009295880e+00
4.959999999999916476e+00,-1.451934984027413833e+00,1.968869982392070561e+00,-8.835761057087438530e+02,8.758845775875085948e+00
4.964999999999916369e+00,-1.444805428178671303e+00,2.488623138022960202e+00,1.856489643895719155e+03,8.696011187620594995e+00
4.969999999999916263e+00,-1.435789002960138783e+00,1.231797226421651015e+00,-9.030482621728116328e+02,7.107764788861627103e+00
4.974999999999916156e+00,-1.428124436977304068e+00,2.659168310487495024e+00,1.863219028904660945e+03,8.199849433375883123e+00
4.979999999999916049e+00,-1.420108977054991062e+00,7.735814360903761067e-01,-9.353717985819880596e+02,6.499107650532589098e+00
4.984999999999915943e+00,-1.409365804776986364e+00,1.942907956016788118e+00,-7.431367271186009020e+02,6.315071954719808645e+00
4.989999999999915836e+00,-1.399533845388486242e+00,2.869948619271164958e+00,1.729973928631121680e+03,6.042424817143391635e+00
4.994999999999915730e+00,-1.391070765757375982e+00,1.158856815359554870e+00,-3.998082565962116632e+02,4.535085630780498533e+00
4.999999999999915623e+00,-1.380219555287422573e+00,2.309989243191005404e+00,-6.113932422295708875e+02,3.472719385100858425e+00
