5.000000000000000104e-03,-1.234220860634708693e-04,3.537689367187143996e-02,4.379110783460608047e+01,-1.992616942142899195e+00
1.000000000000000021e-02,4.434158389426467312e-03,1.425581506148156929e+00,2.419835980072355142e+02,1.878107737609398864e+00
1.499999999999999944e-02,1.225407971430399375e-02,1.649687868305921734e+00,3.986310078332160600e+01,-1.131852903574914748e+00
2.000000000000000042e-02,2.013362624129731715e-02,1.516806729831661649e+00,-3.326473537298931404e+01,-1.270501341284390406e+00
2.500000000000000139e-02,2.592847002870797210e-02,9.236681331242008186e-01,-1.157104331136667952e+02,-5.548302198824046627e-01
3.000000000000000236e-02,2.881066857899155023e-02,3.744175471824955914e-01,-9.162713817564483065e+01,1.975745026172398111e+00
3.500000000000000333e-02,2.972377424951603425e-02,9.103084359043885077e-02,-3.574779694828793453e+01,2.169436504027483892e+00
4.000000000000000083e-02,3.097740595142409181e-02,3.607561582701800384e-01,5.574105708763334377e+01,2.510161668578263949e+00
4.499999999999999833e-02,3.389122604150730106e-02,7.193689875520961063e-01,6.518274144508055201e+01,2.187390839329127701e+00
4.999999999999999584e-02,3.843353382341837404e-02,1.020918889821854636e+00,5.258993141980712238e+01,1.703496301835714988e+00
5.499999999999999334e-02,4.431514063674592274e-02,1.267925097497861087e+00,4.257049199832924558e+01,1.382842002353795507e+00
5.999999999999999084e-02,5.126821160342224376e-02,1.462347180601459851e+00,3.312561622449426579e+01,1.087427859814466657e+00
6.499999999999998834e-02,5.904103253118923866e-02,1.606740503970263578e+00,2.354546317871761119e+01,7.557137611540587496e-01
6.999999999999999278e-02,6.740603193666767912e-02,1.707355933721542263e+00,1.451151789812190351e+01,4.084014966241086286e-01
7.499999999999999722e-02,7.616425621890700326e-02,1.770375595053745643e+00,6.457362610306903505e+00,9.262953849785593441e-02
8.000000000000000167e-02,8.513795134024948474e-02,1.799362494192536133e+00,-7.959291212858200515e-01,-1.745995745231351259e-01
8.500000000000000611e-02,9.415934182802351837e-02,1.795527437914081981e+00,-7.570977632323578455e+00,-3.948295117563151990e-01
9.000000000000001055e-02,1.030677074683439831e-01,1.760469394157422318e+00,-1.376054172960658839e+01,-5.690201034919417644e-01
9.500000000000001499e-02,1.117128682602701456e-01,1.696553995057341613e+00,-1.925766855534581978e+01,-7.028344707717875117e-01
1.000000000000000194e-01,1.199595563477955651e-01,1.607051894330989938e+00,-2.395043771017529721e+01,-8.011012819317259170e-01
1.050000000000000239e-01,1.276888162005316296e-01,1.495150652420364601e+00,-2.789361862849522566e+01,-8.696289649267889832e-01
1.100000000000000283e-01,1.348000989779669923e-01,1.364806900603996231e+00,-3.096544405474015349e+01,-9.104689911044703265e-01
1.150000000000000328e-01,1.412134324636843408e-01,1.220227260014223880e+00,-3.312595617585643737e+01,-9.260049076932445056e-01
1.200000000000000372e-01,1.468683953990252700e-01,1.065105218376960261e+00,-3.448957187312557693e+01,-9.223768681974265915e-01
1.250000000000000278e-01,1.517262895695191960e-01,9.040868529389642916e-01,-3.494258086256039775e+01,-9.036125857335602918e-01
1.300000000000000322e-01,1.557694256439459135e-01,7.410766424708923328e-01,-3.463328275698017933e+01,-8.718501669615603689e-01
1.350000000000000366e-01,1.589962468364081172e-01,5.788937837001190134e-01,-3.375395827598767795e+01,-8.305981649879202733e-01
1.400000000000000411e-01,1.614189293470658648e-01,4.202351417885119012e-01,-3.233053688441947315e+01,-7.801916282400667146e-01
1.450000000000000455e-01,1.630626334178295056e-01,2.676067456926503607e-01,-3.041454645192884954e+01,-7.215124564448401889e-01
1.500000000000000500e-01,1.639653278716222962e-01,1.235441818000832942e-01,-2.803499309877394907e+01,-6.559341059201614366e-01
1.550000000000000544e-01,1.643741597955303002e-01,-2.622054086274075435e-01,-2.112446146081651364e+02,-5.596105506663405782e-01
1.600000000000000588e-01,1.606307047416902778e-01,-9.424147117648212779e-01,-1.294828429311023115e+02,-1.449617004744450766e+00
1.650000000000000633e-01,1.565439442591715913e-01,-7.181348675415202276e-01,1.530179189001070768e+02,-9.513452176612262612e-01
1.700000000000000677e-01,1.529198244288432207e-01,-7.534772994354934639e-01,-1.288802123677085945e+02,-1.284153694901872811e+00
1.750000000000000722e-01,1.493550337360728952e-01,-6.311764028779744962e-01,3.504310551531708597e+02,-1.182759324118321853e+00
1.800000000000000766e-01,1.497345903652970434e-01,3.735166029558670275e-01,7.950932697256280335e+01,-2.863617852090613258e+00
1.850000000000000810e-01,1.532280805325036965e-01,8.378075816730778946e-01,3.082729696823317056e+01,-3.151955727364324389e+00
1.900000000000000855e-01,1.570401076253853390e-01,6.393459668316366917e-01,-1.196653108187935430e+02,-3.710626402804130919e+00
1.950000000000000899e-01,1.600828164223002670e-01,6.500937413822812649e-01,2.244593695068136583e+02,-3.655778066722792818e+00
2.000000000000000944e-01,1.612409700542818403e-01,-5.900251486921168076e-02,-3.583509901877877724e+02,-3.676865419159249360e+00
2.050000000000000988e-01,1.605007857954906247e-01,-1.536420084750547976e-01,2.757986015980540060e+02,-3.440850254047259860e+00
2.100000000000001033e-01,1.569320743758445269e-01,-1.069660064706549729e+00,-4.359563500202849582e+02,-3.519473088085311119e+00
2.150000000000001077e-01,1.507128704923989815e-01,-1.321577849670859450e+00,2.393417128031205436e+02,-3.212989495604207768e+00
2.200000000000001121e-01,1.414953285536559580e-01,-2.147641030957618824e+00,-4.017798039646974075e+02,-3.147025484877329138e+00
2.250000000000001166e-01,1.301030767612329775e-01,-2.341944104861627629e+00,2.402011754686453173e+02,-2.845762291062444049e+00
2.300000000000001210e-01,1.158426529802033950e-01,-3.111695052534827255e+00,-3.781452721949635816e+02,-2.778631897473063717e+00
2.350000000000001255e-01,9.987265966998223887e-02,-3.218303610132226211e+00,2.641943803564461177e+02,-2.448955317128043596e+00
2.400000000000001299e-01,8.117936075712092747e-02,-3.951073063437295918e+00,-3.030960380071429654e+02,-2.287410830358131086e+00
2.450000000000001343e-01,6.151026920883646831e-02,-3.966463536259373424e+00,1.971869769978029012e+02,-1.931181090399513689e+00
2.500000000000001110e-01,4.033890231202610227e-02,-4.351190002631213360e+00,-2.871325972113106104e+02,-1.731440153556521366e+00
2.550000000000001155e-01,1.905557621127633786e-02,-4.229316557062214876e+00,1.790970416192753305e+02,-1.255423079495630478e+00
2.600000000000001199e-01,-1.518075045070375623e-03,-3.845334577024482225e+00,3.150081624422507502e+02,-9.085595959108072606e-01
2.650000000000001243e-01,-2.113149365893332923e-02,-3.838375697789112362e+00,-7.034445855210751120e+01,-8.183691712050997769e-01
2.700000000000001288e-01,-3.842668710328919768e-02,-3.283737578567423654e+00,5.654309079107844127e+01,-4.952088075805782807e-01
2.750000000000001332e-01,-5.323942766260519183e-02,-2.748644604767689348e+00,1.239489914962532850e+02,4.651781617634354049e-03
2.800000000000001377e-01,-6.534597874360917324e-02,-2.228634350776870221e+00,2.475777020133221384e+01,3.297056682490566715e-01
2.850000000000001421e-01,-6.531648463531521120e-02,3.974425112539153176e-02,1.168466559562934748e+02,-1.153803900493644841e-01
2.900000000000001465e-01,-6.434885754562298665e-02,2.181995938495615850e-01,-9.732608306775475171e+01,-6.799345496168229808e-02
2.950000000000001510e-01,-6.168716510217372995e-02,7.931686843650899155e-01,3.486529904461316391e+02,1.868671514527921740e-01
3.000000000000001554e-01,-5.904505910895056081e-02,6.815267038989597514e-01,3.082492765097060214e+02,4.822335227243890743e-01
3.050000000000001599e-01,-5.709305291532805471e-02,6.189258036636194893e-01,5.863072595844787429e+02,1.114036886234369916e+00
3.100000000000001643e-01,-5.582599895013332786e-02,5.722819161540900756e-01,5.539437765632637820e+02,1.439515729989990112e+00
3.150000000000001688e-01,-5.343522678550839677e-02,5.190903838368410295e-01,6.639514443209624233e+02,1.722216596581983783e+00
3.200000000000001732e-01,-5.148888786919677413e-02,4.120001234377450583e-01,8.166294943548830361e+02,2.127638929760159225e+00
3.250000000000001776e-01,-4.930942781775958517e-02,5.516526528008455221e-01,2.816673709876922658e+02,2.041561253041918711e+00
3.300000000000001821e-01,-4.704162288943989495e-02,1.089132202244070535e-01,-7.428377628090514690e+02,1.761818047037286172e+00
3.350000000000001865e-01,-4.516496662713501836e-02,6.735485670640314337e-01,7.700554066229963155e+02,2.495750723133953741e+00
3.400000000000001910e-01,-4.387846556608084037e-02,-2.176611973103161901e-01,-1.022886275262565277e+03,2.166298022279336433e+00
3.450000000000001954e-01,-4.275121390643244618e-02,5.371609802744515827e-01,8.246569485313141286e+02,2.715116550154526021e+00
3.500000000000001998e-01,-4.308491863793759147e-02,-5.433444745122488762e-01,-1.000794441071543702e+03,2.394156610835068477e+00
3.550000000000002043e-01,-4.312027551253536095e-02,3.718711485655256110e-01,9.501164209155325580e+02,3.122054834662375988e+00
3.600000000000002087e-01,-4.518479597932124198e-02,-7.280211903680869900e-01,-8.611436398803784869e+02,2.720867019777185813e+00
3.650000000000002132e-01,-4.645085342018705904e-02,1.007619927420045775e-01,1.127242991855325954e+03,3.654607514388923839e+00
3.700000000000002176e-01,-4.892378846233794154e-02,-8.411125195768226481e-01,-1.006647582377878280e+03,3.002685458799366103e+00
3.750000000000002220e-01,-5.010741883605935448e-02,1.916746080471288527e-01,1.113489287048897040e+03,3.746132838292412615e+00
3.800000000000002265e-01,-5.212856572526965854e-02,-8.199636696748093811e-01,-1.071333789616992135e+03,2.924528244902403706e+00
3.850000000000002309e-01,-5.276984293995527070e-02,3.763228662089673771e-01,1.123760569796005029e+03,3.314511092673163350e+00
3.900000000000002354e-01,-5.412080884345232129e-02,-6.045556401741585262e-01,-8.952727223140449269e+02,2.341901996535606045e+00
3.950000000000002398e-01,-5.449298078706028836e-02,2.943387245280007503e-01,1.014062011920700456e+03,2.729290897245088665e+00
4.000000000000002442e-01,-5.597277765250125575e-02,-6.224255860195209156e-01,-8.525404901984650223e+02,2.013404966235976090e+00
4.050000000000002487e-01,-5.683402737947478023e-02,1.427639227269398847e-01,8.899178453539573184e+02,2.464145576590598630e+00
4.100000000000002531e-01,-5.878286255518972575e-02,-7.874636162335458822e-01,-9.067950432439034785e+02,1.933537102762974413e+00
4.150000000000002576e-01,-6.013411941606317673e-02,7.007919945367629966e-02,8.322350483462762440e+02,2.386392721993465305e+00
4.200000000000002620e-01,-6.284073520819587200e-02,-7.905621271059127819e-01,-6.646946301108043826e+02,2.062670514622198858e+00
4.250000000000002665e-01,-6.490981566191578178e-02,-1.643784641117963519e-01,8.389259574736921650e+02,2.555025462295525518e+00
4.300000000000002709e-01,-6.814378147048943957e-02,-9.049367913630078641e-01,-6.825737299163495209e+02,2.249197160698621190e+00
4.350000000000002753e-01,-7.116735012099444091e-02,-3.930851430468016994e-01,7.396619541491247674e+02,2.830379138011698714e+00
4.400000000000002798e-01,-7.488042870684925856e-02,-1.239951534685676870e+00,-1.043942690414690333e+03,2.488185932495275754e+00
4.450000000000002842e-01,-7.835093258618316958e-02,-3.497979199385393145e-01,6.979028500586666723e+02,3.110604704637702778e+00
4.500000000000002887e-01,-8.312334720763024654e-02,-1.293542564997403499e+00,-7.312992509998603055e+02,3.036495025367265121e+00
4.550000000000002931e-01,-8.661489819428408454e-02,-3.487477370826124190e-01,7.520684983070284488e+02,3.474603054008168712e+00
4.600000000000002975e-01,-9.209010784306422004e-02,-1.024070483825512801e+00,1.368043230453411354e+02,3.683822672949363497e+00
4.650000000000003020e-01,-9.754274999083903386e-02,-1.476724468518719080e+00,-6.710615838932842507e+02,3.798551998289920739e+00
4.700000000000003064e-01,-1.022890384660063989e-01,-9.668246552168198171e-01,-2.108172352433291792e+02,4.014748702700704719e+00
4.750000000000003109e-01,-1.065598753673937110e-01,-7.810295107403846249e-01,1.782152118993484180e+02,4.140882892913531066e+00
4.800000000000003153e-01,-1.113327623603613120e-01,-8.465385513962172537e-01,8.456440659924624015e+01,4.201522788906214778e+00
4.850000000000003197e-01,-1.162044742092165767e-01,-6.420032635622924255e-01,2.246182456692413894e+02,3.904079288975069062e+00
4.900000000000003242e-01,-1.213048420969651819e-01,-7.101733298295620500e-01,3.117304922708468098e+02,3.985997401928009332e+00
4.950000000000003286e-01,-1.254017536488382101e-01,-1.130208169061324375e+00,-4.780994795467924519e+02,3.545346438165198677e+00
5.000000000000003331e-01,-1.289437839058882873e-01,-7.115439920190581580e-01,-2.704744524144347793e+02,3.529194997404301315e+00
5.050000000000003375e-01,-1.322957618281257186e-01,-6.404702382903577629e-01,8.263522792678193696e+01,3.678313562716918561e+00
5.100000000000003419e-01,-1.363191057923496818e-01,-1.293553576134074179e+00,-6.915923469308461335e+02,3.532941429523471566e+00
5.150000000000003464e-01,-1.396593206234897078e-01,-3.765341996162014371e-01,4.751917560333113784e+02,3.835528230335990774e+00
5.200000000000003508e-01,-1.436289117654178660e-01,-7.300831775271909851e-01,3.508907853746395489e+01,3.893805024925439451e+00
5.250000000000003553e-01,-1.472610212003593599e-01,-5.627652718047987390e-01,1.848215495574961551e+02,3.814849966333089704e+00
5.300000000000003597e-01,-1.510419082299399862e-01,-1.027475800982850185e+00,-4.862409489258448616e+02,4.002317505775150330e+00
5.350000000000003642e-01,-1.550093238722776989e-01,-7.523998240591671660e-01,4.683884227095128949e+02,4.493880354134675237e+00
5.400000000000003686e-01,-1.585175979543659019e-01,-7.511678567644808346e-01,-1.536951114053323977e+02,4.434414013949654176e+00
5.450000000000003730e-01,-1.617571271239960917e-01,-5.914583154936741138e-01,2.246311013205921938e+02,4.387016093570403008e+00
5.500000000000003775e-01,-1.654339123409234724e-01,-6.856650057334959802e-01,6.572482878174215060e+00,4.853906940462572983e+00
5.550000000000003819e-01,-1.691517012432420808e-01,-6.825781678999911506e-01,-3.361981908276773368e+01,4.989319871315907484e+00
5.600000000000003864e-01,-1.721486740635647938e-01,-4.588529025152185969e-01,2.254523530450298097e+02,5.361294778004681127e+00
5.650000000000003908e-01,-1.766351558913943076e-01,-7.898866502570286441e-01,2.168789310584180896e+02,5.648112647902198802e+00
5.700000000000003952e-01,-1.789412520365456227e-01,-2.622907772174464247e-01,2.599739050988227405e+02,5.489349480374643875e+00
5.750000000000003997e-01,-1.823874852795993040e-01,-6.906485725033205680e-01,-2.632624234611125758e+01,5.232161812287509761e+00
5.800000000000004041e-01,-1.846030986256706197e-01,-3.419815778111466864e-01,1.504952945807687001e+02,5.710933468596970819e+00
5.850000000000004086e-01,-1.884027474438802474e-01,-9.862528317461559668e-01,-9.054084131746167259e+02,4.997857207227789367e+00
5.900000000000004130e-01,-1.907313510151074643e-01,-1.106391839804471283e-01,4.574750560231397571e+02,5.490444155039579499e+00
5.950000000000004174e-01,-1.924912257813740923e-01,-9.185976994659755812e-01,-1.312086492048862056e+03,4.042166544917320969e+00
6.000000000000004219e-01,-1.930413676175229409e-01,1.170473029285730611e-02,4.825303429252702472e+02,4.538504550710459107e+00
6.050000000000004263e-01,-1.936103945000215709e-01,-2.455103391571516469e-01,-4.130007715119609202e+02,3.366212506511264468e+00
6.100000000000004308e-01,-1.933844819257712622e-01,5.467560316693106937e-02,3.644169259696479912e+02,4.111494237396123630e+00
6.150000000000004352e-01,-1.927371161645662634e-01,6.391576276880293062e-01,4.651289815460797286e+02,3.308968663386874898e+00
6.200000000000004396e-01,-1.938039820784661915e-01,-2.383267336152711247e-01,4.152067358065959866e+02,4.035756628109938404e+00
6.250000000000004441e-01,-1.941766719299702626e-01,-3.800606973998717913e-02,1.310306565373907688e+02,3.520489317652540251e+00
6.300000000000004485e-01,-1.949791666089026598e-01,-6.594485127143389080e-01,-6.379820353770857082e+02,3.497402312842457395e+00
6.350000000000004530e-01,-1.958220817250005963e-01,-1.228039687655223394e-01,2.475208688012041591e+01,3.546903948513455251e+00
6.400000000000004574e-01,-1.949741384908355579e-01,2.443144785329558755e-01,1.678807992329270178e+02,3.013193505923108972e+00
6.450000000000004619e-01,-1.932316306364905700e-01,4.300587852000335443e-01,-7.791185704370985832e+01,1.347322032899104016e+00
6.500000000000004663e-01,-1.911693626568491122e-01,2.603992902735041137e-01,-8.325021346871393746e+01,2.481300566345978620e-02
6.550000000000004707e-01,-1.910579504363776049e-01,-1.582142304259616938e-01,4.180067233636841451e+01,-3.093922784913466506e-01
6.600000000000004752e-01,-1.927264507094737234e-01,-3.012018329163733688e-01,1.167884885197327236e+02,1.450843004586092722e+00
6.650000000000004796e-01,-1.948032382520261119e-01,-8.189813190689556599e-01,-5.143834083991562238e+02,3.269454573573428835e+00
6.700000000000004841e-01,-1.952970475311429366e-01,3.573542475534701723e-01,2.115321950177085739e+02,3.279595323358647896e+00
6.750000000000004885e-01,-1.900600238002430054e-01,1.396245416671495265e+00,1.822336074601674625e+02,2.603709200868659313e+00
6.800000000000004929e-01,-1.811397441637723205e-01,2.064994801703993410e+00,1.977697230187128241e+02,2.193497845574077232e+00
6.850000000000004974e-01,-1.696886584184529589e-01,2.435821761743400149e+00,4.594614491280049151e+01,2.075900335213270775e+00
6.900000000000005018e-01,-1.573797061342765702e-01,2.478448259725171354e+00,5.108119097305831247e+01,2.021342269515311152e+00
6.950000000000005063e-01,-1.451987440337852431e-01,2.415344565426698509e+00,5.442455556975148312e+01,1.828463957351347702e+00
7.000000000000005107e-01,-1.344429222408053681e-01,2.107816750615091106e+00,2.184700222195806774e+01,1.970302935224979013e+00
7.050000000000005151e-01,-1.255551184751360350e-01,1.736883788747253909e+00,2.457337108229233635e+01,1.800864527044889307e+00
7.100000000000005196e-01,-1.173026402528358908e-01,2.136896423904341535e+00,1.797761119589559939e+02,1.242862685909249088e+00
7.150000000000005240e-01,-1.086087378236383627e-01,1.640896382244772855e+00,-4.481372390611679180e+01,1.439935717340174115e+00
7.200000000000005285e-01,-9.943990429336978243e-02,2.212957215090075813e+00,1.932512073949567366e+02,7.608886280997426699e-01
7.250000000000005329e-01,-9.053661891809994255e-02,1.755558400921304774e+00,6.249859006208602352e+01,6.807631678672465547e-01
7.300000000000005373e-01,-8.151449589250153727e-02,2.123450561553344773e+00,1.967155242256804968e+02,5.870865136795780925e-01
7.350000000000005418e-01,-7.304689389219927442e-02,1.767650473548811219e+00,2.317204918175175976e+02,5.072428714514941595e-01
7.400000000000005462e-01,-6.483649110405188820e-02,1.657841798090392782e+00,-8.506937331060734664e+01,3.834460491595192977e-03
7.450000000000005507e-01,-5.746519128770721102e-02,1.552138547227453591e+00,-2.746630173389085599e+02,-4.986119600595476653e-01
7.500000000000005551e-01,-4.996983285557724669e-02,1.618591808904064289e+00,1.025693835791893491e+02,-1.115270696978129639e+00
7.550000000000005596e-01,-4.269113548584168444e-02,1.584171135179150092e+00,1.181546385989209114e+02,-1.513765577607532720e+00
7.600000000000005640e-01,-3.557836306866914156e-02,1.508851353501904358e+00,9.404923276544145949e+01,-1.649694609486992425e+00
7.650000000000005684e-01,-2.893239382726177020e-02,1.386150573802552133e+00,6.499064681353428341e+01,-1.555664745656329728e+00
7.700000000000005729e-01,-2.291960844247600826e-02,1.071018414914415740e+00,-1.847050689703366686e+02,-1.272874803996177917e+00
7.750000000000005773e-01,-1.642924022934112369e-02,1.237626166678637007e+00,-1.447545615917805435e+02,-8.251659001533536708e-01
7.800000000000005818e-01,-9.141668480871287597e-03,1.392939542570324374e+00,-1.490931599934792189e+02,-5.565607902718576749e-01
7.850000000000005862e-01,-1.180592835127768862e-03,1.514040010502134992e+00,-1.500480791982391224e+02,-4.807135144032952390e-01
7.900000000000005906e-01,7.120503081380816397e-03,1.612958709312488637e+00,-1.772416921747028482e+02,-5.079077271253803483e-01
7.950000000000005951e-01,1.570622888797290964e-02,1.660252510227597345e+00,-1.661289043796313365e+02,-6.011237679235001963e-01
8.000000000000005995e-01,2.420307502224542523e-02,1.739167628281696576e+00,1.325727303029849793e+02,-6.033870111448162987e-01
8.050000000000006040e-01,3.259756389579375468e-02,1.682172998413648646e+00,1.315351819041828207e+02,-7.853820567227932647e-01
8.100000000000006084e-01,4.053426497056199229e-02,1.547558936030256183e+00,1.223486258868495895e+02,-9.333250579871612551e-01
8.150000000000006128e-01,4.780587499671445917e-02,1.403971506707737849e+00,9.416429657568777145e+01,-1.236038032891138672e+00
8.200000000000006173e-01,5.430221964534082818e-02,1.273431567355573835e+00,1.268925517533095473e+02,-1.366791135989092076e+00
8.250000000000006217e-01,5.992571708557085236e-02,1.072528726629275564e+00,1.081007416033154271e+02,-1.527050075278638896e+00
8.300000000000006262e-01,6.434281878662577447e-02,7.995982855987711080e-01,8.230793406705463156e+01,-1.591344436562529552e+00
8.350000000000006306e-01,6.709854634526207784e-02,4.949825249486232703e-01,7.752089605686651907e+01,-1.787908644210007836e+00
8.400000000000006350e-01,6.847143028964353118e-02,2.391676385094154422e-01,8.722655459538268019e+01,-1.813244960946521100e+00
8.450000000000006395e-01,6.823871493468634808e-02,-1.441848090043110382e-02,5.819353169551950344e+01,-1.745561661006162169e+00
8.500000000000006439e-01,6.687520033194006841e-02,-2.420272123765688788e-01,7.027376767936002011e+01,-1.755494563084981863e+00
8.550000000000006484e-01,6.439502026995289063e-02,-4.369109214105674210e-01,8.537714552906957977e+01,-1.630800002952820016e+00
8.600000000000006528e-01,6.102416877653611682e-02,-7.621109137673411915e-01,-1.295428283990931106e+02,-1.574818461881799303e+00
8.650000000000006573e-01,5.802656818190237570e-02,-6.213153834375586548e-01,-9.548752007936272435e+01,-1.096418075492183952e+00
8.700000000000006617e-01,5.578230683041090349e-02,-4.166811734985056970e-01,1.495532082650868411e+01,-7.037441042884635678e-01
8.750000000000006661e-01,5.447963357693635239e-02,-2.054709529384935729e-01,1.209810171211279872e+01,-1.443229433298007236e-01
8.800000000000006706e-01,5.439595811393659747e-02,1.360842253097752919e-01,1.348544655209895495e+02,7.953926348670560253e-01
8.850000000000006750e-01,5.655131372560994601e-02,6.191653112964445871e-01,1.895969609823060864e+02,6.790523099417793418e-01
8.900000000000006795e-01,5.907459035950513720e-02,1.727456701578199971e-01,-6.235222084938704938e+02,1.173250166299040664e+00
8.950000000000006839e-01,6.093447270615233446e-02,5.650954056064531050e-01,1.181984040882944782e+03,2.602163869349961356e+00
9.000000000000006883e-01,6.070235169126741298e-02,-4.403828952720287293e-01,-8.727473925073284136e+02,2.220039153596000236e+00
9.050000000000006928e-01,6.068517714089217974e-02,4.004859634222087128e-01,1.294922904080179251e+03,3.785864427530984067e+00
9.100000000000006972e-01,5.805008760025200110e-02,-9.100559537960786205e-01,-1.023413442161542548e+03,3.521388004834859586e+00
9.150000000000007017e-01,5.687420844412783422e-02,3.176439844521614098e-01,1.283184666651025509e+03,4.651342545087216784e+00
9.200000000000007061e-01,5.358228435528178402e-02,-1.238864645782816298e+00,-1.323265591092664863e+03,4.044112465974892601e+00
9.250000000000007105e-01,5.194266538412454365e-02,2.941918302420430953e-01,1.311623705603377175e+03,4.779194926376622021e+00
9.300000000000007150e-01,4.865139844124820312e-02,-1.243545515600920970e+00,-1.378345252946209484e+03,3.758784101226034569e+00
9.350000000000007194e-01,4.706895720664457800e-02,2.936327626642570854e-01,1.308039073246356566e+03,4.539492298341535559e+00
9.400000000000007239e-01,4.389170948267199363e-02,-1.218715830480416207e+00,-1.378648918501711250e+03,3.728244721041192644e+00
9.450000000000007283e-01,4.251318105130131447e-02,3.647834804420625465e-01,1.360567613134907560e+03,4.361941676532156364e+00
9.500000000000007327e-01,3.930585292752292875e-02,-1.185188836823798386e+00,-1.333087563271292765e+03,3.569107439941145543e+00
9.550000000000007372e-01,3.815928750559857002e-02,4.246003941825777783e-01,1.387009607105716441e+03,4.333971976609761967e+00
9.600000000000007416e-01,3.491632596418696444e-02,-1.146717588321787495e+00,-1.263133866662213677e+03,3.515009285556592200e+00
9.650000000000007461e-01,3.401387185299385024e-02,4.884912757378632731e-01,1.412236988912646211e+03,4.353889814979395645e+00
9.700000000000007505e-01,3.077439625363704440e-02,-1.089519798133819384e+00,-1.195711362412194603e+03,3.575366409654782363e+00
9.750000000000007550e-01,3.006960411925033855e-02,5.106935274191943819e-01,1.408569762520161476e+03,4.288139186299764205e+00
9.800000000000007594e-01,2.681049958871255939e-02,-1.026455945269179715e+00,-1.118823148165635530e+03,3.661126817306664893e+00
9.850000000000007638e-01,2.624315569508719678e-02,4.954944130293220117e-01,1.403242729277328635e+03,4.350064599609996030e+00
9.900000000000007683e-01,2.292304654514907419e-02,-9.554355581015804288e-01,-1.020339834913675759e+03,3.747122551141610192e+00
9.950000000000007727e-01,2.235686693807450998e-02,4.094908903096221575e-01,1.386782160583692530e+03,4.452520375319771517e+00
1.000000000000000666e+00,1.899638654076481886e-02,-8.672929706878982348e-01,-8.935162755376690029e+02,3.902692087806961307e+00
1.005000000000000560e+00,1.817090105962636606e-02,2.038375945718118865e-01,1.361725141821587158e+03,4.625440759695895743e+00
1.010000000000000453e+00,1.494106446663818859e-02,-7.049326148846837281e-01,-6.760784397513816657e+02,4.043595845300788305e+00
1.015000000000000346e+00,1.352249258425819445e-02,-1.431487658948606689e-01,1.178510914720337496e+03,4.775932829501282839e+00
1.020000000000000240e+00,1.143880177622898751e-02,-7.245633986019491823e-01,-1.107119526943787605e+03,4.014100938581711020e+00
1.025000000000000133e+00,9.372149524923897509e-03,-1.633591765243505300e-01,5.626169029285657643e+02,4.747608482208177882e+00
1.030000000000000027e+00,7.247069401391176453e-03,-1.572292561827385970e+00,-1.812103433052842547e+03,4.078266250281364691e+00
1.034999999999999920e+00,5.375458478327180441e-03,-1.906842921496904875e-01,2.751154927677973774e+02,4.731219662530494752e+00
1.039999999999999813e+00,2.308436015414732506e-03,-5.315807580052077652e-01,5.053671380158403963e+02,4.897791620596628981e+00
1.044999999999999707e+00,-5.207035604905880426e-04,-7.035818026431762684e-01,-2.787945630151305636e+02,4.486940496534607803e+00
1.049999999999999600e+00,-3.149091505430491860e-03,-4.522111558987137458e-01,2.935263375845849865e+01,4.934598371554423046e+00
1.054999999999999494e+00,-4.673232426867002937e-03,-5.838459022761257611e-01,5.866243767948328696e+02,5.070147323384381011e+00
1.059999999999999387e+00,-7.601400362223473782e-03,-5.473169381603637529e-01,-1.047711251221904831e+02,4.772480188808903456e+00
1.064999999999999281e+00,-9.202696958205155639e-03,-6.139996874317655839e-01,-2.963409368261177406e+02,4.576630194775808569e+00
1.069999999999999174e+00,-1.181441104288027955e-02,-6.787244905765703606e-01,1.132081987317200031e+02,4.735877471051911591e+00
1.074999999999999067e+00,-1.364152602026194767e-02,4.024701293221794596e-01,9.593408183438559718e+02,4.888602081673203870e+00
1.079999999999998961e+00,-1.646811421776431597e-02,-4.804485185119642954e-01,1.029547787194508999e+02,4.539815306633434133e+00
1.084999999999998854e+00,-1.978616157068463152e-02,-6.523082471125885018e-01,2.154284005353568432e+02,4.647142792209523421e+00
1.089999999999998748e+00,-2.290622425231632342e-02,-1.552428732026117419e+00,-1.238544231955593432e+03,4.186569980158121318e+00
1.094999999999998641e+00,-2.539852139389569413e-02,-3.765986658155391353e-01,2.457232604134249812e+02,4.166774677302695018e+00
1.099999999999998535e+00,-2.773057162302598397e-02,-6.335823105769627928e-01,-9.622738320030987325e+02,3.375398902053202033e+00
1.104999999999998428e+00,-3.076714952228141661e-02,-7.045380974365809124e-01,-2.362797778836627174e+02,3.961828594217843058e+00
1.109999999999998321e+00,-3.366026325824891113e-02,-5.215965609512374090e-01,4.093765082853836645e+01,4.022979172278294158e+00
1.114999999999998215e+00,-3.630026620990911557e-02,-5.712141619145060245e-01,8.555660204729701945e+01,3.882821391585654425e+00
1.119999999999998108e+00,-3.891582915466865189e-02,-7.515708269294858468e-01,-3.718118036667714250e+02,3.740326754403278109e+00
1.124999999999998002e+00,-4.126317293986667134e-02,-3.110857368695572056e-01,2.681496156447515204e+02,4.009553124890672393e+00
1.129999999999997895e+00,-4.446933050432157197e-02,-7.054147252674520807e-01,-1.110276296436152847e+02,3.785245663440331754e+00
1.134999999999997788e+00,-4.698654279490794422e-02,-4.219600928878762258e-01,7.777951980690369282e+01,3.787080721585479814e+00
1.139999999999997682e+00,-4.955998538359457362e-02,-3.529198971806083440e-01,1.864604582266804869e+02,3.960895069046340922e+00
1.144999999999997575e+00,-5.296101826379055744e-02,-6.853942926170755179e-01,2.842894241048741719e+02,3.957324541347096769e+00
1.149999999999997469e+00,-5.574177445456468538e-02,-7.717317963814745996e-01,-3.958316910252527236e+02,3.739995484798896985e+00
1.154999999999997362e+00,-5.817401215156005334e-02,-2.720330427982450838e-01,3.364985019322289190e+02,4.045440159450139461e+00
1.159999999999997256e+00,-6.169503641039697506e-02,-7.754419490632288303e-01,-2.097294728020460042e+01,3.995630263722484532e+00
1.164999999999997149e+00,-6.453675017473523012e-02,-5.692909658205543844e-01,-6.923536287664283861e+01,3.852287893353462334e+00
1.169999999999997042e+00,-6.714645692957511847e-02,-2.729686590051743633e-01,2.953672280941333383e+02,4.179369617477848742e+00
1.174999999999996936e+00,-7.077298852699580312e-02,-7.289694353843786390e-01,3.024144462770419182e+02,4.142559565826514856e+00
1.179999999999996829e+00,-7.379623479404347208e-02,-8.418741609525666192e-01,-4.626724529998916751e+02,3.974569369754334502e+00
1.184999999999996723e+00,-7.639928137061438584e-02,-2.185200361563693072e-01,4.491532459370258152e+02,4.271742376571634026e+00
1.189999999999996616e+00,-8.068901334994069141e-02,-9.083532733598191911e-01,2.945027751926706117e+01,4.402041559070345222e+00
1.194999999999996509e+00,-8.398281741024300751e-02,-3.134553543691739330e-01,4.205106638496039864e+02,3.193359390270518627e+00
1.199999999999996403e+00,-8.770281793150788707e-02,-6.106298349338754594e-01,2.101571467187414441e+02,2.590303245272448596e+00
1.204999999999996296e+00,-9.270286096005894705e-02,-1.246411505846915624e+00,-6.301476624668816839e+02,1.249463594190083127e+00
1.209999999999996190e+00,-9.740026573576304747e-02,-1.011788965116945160e+00,-5.809742982596879983e+02,3.956233736203662033e-01
1.214999999999996083e+00,-1.021225369023162632e-01,-9.092743132820040319e-01,2.386247104638615113e+01,7.750177782017697581e-02
1.219999999999995977e+00,-1.066949018629114315e-01,-7.935773661928318123e-01,1.172554573021431708e+02,-3.091469697341159284e-02
1.224999999999995870e+00,-1.119596694593838343e-01,-9.673271274237728035e-01,3.034420100473638513e+02,3.991603468889851625e-01
1.229999999999995763e+00,-1.170713381944987613e-01,-1.089655307690172048e+00,-8.790585558350947792e+01,7.728419507566686164e-01
1.234999999999995657e+00,-1.227301785808100204e-01,-9.612746727485584897e-01,-3.447162285418668404e+01,9.063416670454331747e-01
1.239999999999995550e+00,-1.266057038409906521e-01,-6.389598308153837669e-01,1.035776042177635219e+02,3.427110073548799707e-01
1.244999999999995444e+00,-1.291977549825365501e-01,-4.509525021966181435e-01,-8.085413440959726472e+01,-2.586252765394153608e-02
1.249999999999995337e+00,-1.298176293079874588e-01,1.033540187481454264e-01,2.290929626643279562e+02,2.703441864001498995e-01
1.254999999999995230e+00,-1.276222879163396162e-01,6.577608569624245893e-01,9.640096037336980395e-01,2.179260505714073481e-01
1.259999999999995124e+00,-1.218002808218072858e-01,1.462589315344639873e+00,2.377604031453506934e+02,6.187107098406959826e-01
1.264999999999995017e+00,-1.134105797837277330e-01,1.783809378073820007e+00,-6.662300480860821494e+01,3.896316836615163481e-01
1.269999999999994911e+00,-1.026147966600062522e-01,2.341459025543454864e+00,1.922740003922428969e+02,6.652488639020024408e-01
1.274999999999994804e+00,-9.075096728304725413e-02,2.354499565681914763e+00,-1.467705684060182705e+02,3.496075892555268183e-01
1.279999999999994698e+00,-7.801312650111613678e-02,2.648274767108683481e+00,1.984696221951591326e+02,6.125141044916249111e-01
1.284999999999994591e+00,-6.567235972519998299e-02,2.334724602440175101e+00,-1.977524923973491582e+02,3.534534220548932737e-01
1.289999999999994484e+00,-5.386263969592453710e-02,2.349903634557879428e+00,1.052571380069336868e+02,6.244445713865169889e-01
1.294999999999994378e+00,-4.363534569219384984e-02,1.825510265778538033e+00,-2.648532553189434680e+02,3.470082983781279662e-01
1.299999999999994271e+00,-3.476275544440714238e-02,1.727264866200008075e+00,1.417006048662168496e+02,6.773187787350186673e-01
1.304999999999994165e+00,-2.812262234830833346e-02,1.081055335558756880e+00,-2.975845993609528932e+02,4.444202641441787893e-01
1.309999999999994058e+00,-2.312808957904886886e-02,9.011979466564827845e-01,1.157104849995329658e+02,8.650497397574398173e-01
1.314999999999993952e+00,-2.002174936056201268e-02,8.771526145707787547e-01,5.283462720979368896e+02,7.506960862415417157e-01
1.319999999999993845e+00,-1.610942002819409566e-02,7.148550304551362089e-01,-2.147177784202844748e+02,6.797551777089629876e-01
1.324999999999993738e+00,-1.178477753313708805e-02,8.223118672493614500e-01,-3.772931294531238677e+01,3.959879573531246422e-01
1.329999999999993632e+00,-7.053448038379236777e-03,1.001966814339502188e+00,-2.054971861704497371e+01,6.740951171582466595e-01
1.334999999999993525e+00,-2.093618250352074790e-03,1.110464243936797102e+00,2.060938404244314199e+02,4.611765856319365864e-01
1.339999999999993419e+00,3.143691132641195009e-03,1.014691948284442979e+00,-1.634624831671414427e+02,5.100540078819286727e-01
1.344999999999993312e+00,8.752843729854261831e-03,1.083850307165544091e+00,-6.130418773950856348e+01,1.805121581611534021e-01
1.349999999999993205e+00,1.440450596617590638e-02,1.090958210380212234e+00,-1.209694033357385905e+02,4.763933582480640583e-01
1.354999999999993099e+00,2.088758042608350809e-02,1.336693527209063204e+00,6.216256142869983137e+01,1.424706340732492249e-01
1.359999999999992992e+00,2.740056696095961516e-02,1.256435740222231923e+00,-7.021680815482018545e+01,1.510239907357310285e-01
1.364999999999992886e+00,3.435292255006661827e-02,1.349837303256025578e+00,-2.027386677564639967e+02,-6.015236899544962323e-02
1.369999999999992779e+00,4.199968014854311982e-02,1.623954225596208722e+00,2.501492722295613191e+02,1.226757700596268208e-01
1.374999999999992673e+00,4.950986542350273995e-02,1.469728178425941945e+00,-2.108099493930233166e+02,-3.092525213979299137e-01
1.379999999999992566e+00,5.845716621932379314e-02,1.827909624441375058e+00,-2.191806707807714361e+01,-1.736817424885459538e-01
1.384999999999992459e+00,6.760552827115973162e-02,1.868272671616451275e+00,2.197896979935686446e+01,-3.864665621266896167e-01
1.389999999999992353e+00,7.755457017601186109e-02,2.223088647296551201e+00,2.931228996785797563e+02,-5.646004406524273156e-01
1.394999999999992246e+00,8.732234523883533606e-02,1.886259536072030452e+00,-2.113319507108212179e+02,-8.906875655554749027e-01
1.399999999999992140e+00,9.781795950319893684e-02,2.192745135393924905e+00,2.171514676031601994e+02,-7.341861668786725525e-01
1.404999999999992033e+00,1.084727502136491328e-01,2.133719121514908945e+00,1.141366271782616693e+01,-1.051629080637966007e+00
1.409999999999991926e+00,1.182411701740318927e-01,1.829021796714680903e+00,-7.981918779438910860e+01,-1.494736084741635773e+00
1.414999999999991820e+00,1.274516789771874270e-01,1.628693674070951669e+00,-3.386198441143160380e+02,-1.809395621939561050e+00
1.419999999999991713e+00,1.354076414079667112e-01,1.588622116401776196e+00,2.336744467004029104e+02,-1.756110283346341561e+00
1.424999999999991607e+00,1.422589018379590009e-01,1.248339187624712299e+00,-9.094113508386413969e+01,-1.867195106423721551e+00
1.429999999999991500e+00,1.472819960119154670e-01,8.849154927324847097e-01,-4.737492729523731327e+01,-1.720089705835481819e+00
1.434999999999991394e+00,1.513831297902974160e-01,5.622994953782174399e-01,-3.520710642158817905e+02,-1.665066648465007404e+00
1.439999999999991287e+00,1.544650339406093420e-01,6.986854353087708080e-01,2.588104036331713473e+02,-1.278025033100658403e+00
1.444999999999991180e+00,1.572153234057650228e-01,5.052194743477127492e-01,-8.704998228305083074e+00,-1.228388500512558323e+00
1.449999999999991074e+00,1.596702342390058371e-01,6.749164124313637991e-01,2.141127022920618970e+02,-1.235623681370392690e+00
1.454999999999990967e+00,1.613365783052268798e-01,1.558290134755154210e-01,-2.469063262363845013e+02,-1.314631201660035442e+00
1.459999999999990861e+00,1.630587233038158779e-01,3.791584362863051338e-01,1.265046381814539558e+02,-1.336481888470396839e+00
1.464999999999990754e+00,1.642998663823379835e-01,2.342681120961407348e-01,-5.171940528237472989e+01,-1.408689884080351895e+00
1.469999999999990647e+00,1.653877888861920165e-01,1.551616801680901492e-01,-8.208950503628595641e+01,-1.581897995676716739e+00
1.474999999999990541e+00,1.663829047734005639e-01,2.682761931454553661e-01,1.249124348710952432e+02,-1.316928865524627179e+00
1.479999999999990434e+00,1.673413887839987346e-01,1.296027803334721673e-01,-1.037278754409037305e+02,-1.423720243156113563e+00
1.484999999999990328e+00,1.686060071711696640e-01,2.326725322178981314e-01,-1.852817543734459349e+01,-1.403128382949969888e+00
1.489999999999990221e+00,1.695229111097528718e-01,1.448953257288772833e-01,-1.258673608694730106e+01,-1.764936386349833075e+00
1.494999999999990115e+00,1.698089453797647363e-01,-2.343926580542519955e-02,-1.541782293660691892e+02,-1.752470283703101428e+00
1.499999999999990008e+00,1.695033419434306410e-01,-9.337141759992403922e-02,9.787622569319502919e-01,-1.858822086707874854e+00
1.504999999999989901e+00,1.687978737021464670e-01,-1.273895559491287077e-01,6.779496437561591904e+01,-1.783384597469936272e+00
1.509999999999989795e+00,1.671866122559772794e-01,-4.375341699254592931e-01,-1.501299749369299548e+02,-2.249899895942057526e+00
1.514999999999989688e+00,1.650572761378015785e-01,-4.383015558196670103e-01,7.410568771809465716e+00,-2.000328849934545516e+00
1.519999999999989582e+00,1.624821296941070525e-01,-5.099966787731085027e-01,1.141697715373045554e+02,-2.019030266489709735e+00
1.524999999999989475e+00,1.593055591610192390e-01,-5.923231567420530475e-01,6.240484669023047815e+01,-2.067040920180030827e+00
1.529999999999989369e+00,1.553141046147333837e-01,-9.179209350757565611e-01,-1.497230215466952359e+02,-2.403457016061524953e+00
1.534999999999989262e+00,1.509518152323285622e-01,-8.802664767218217889e-01,-3.159606478263701490e+01,-2.082600687929239136e+00
1.539999999999989155e+00,1.465493304863636770e-01,-7.953813346122375894e-01,1.685999517009228157e+02,-1.984633048004662115e+00
1.544999999999989049e+00,1.419694316430043235e-01,-8.564178011286014414e-01,6.760499356288883632e+01,-2.040762000816058297e+00
1.549999999999988942e+00,1.369462453440246086e-01,-1.075137187566715724e+00,-1.029710525205219369e+02,-2.270392192938993414e+00
1.554999999999988836e+00,1.319137404408975145e-01,-1.017380792430343739e+00,-4.616580277227804174e+01,-1.970285073040928703e+00
1.559999999999988729e+00,1.270934691818747519e-01,-8.711092008892536986e-01,1.325477490320272977e+02,-1.823979473365805237e+00
1.564999999999988622e+00,1.226427732976947405e-01,-8.325081761306500905e-01,3.887014772690791631e+01,-1.824735141333425847e+00
1.569999999999988516e+00,1.185190904346751506e-01,-8.117283839643008037e-01,-8.984447786286246185e+00,-1.824637007849108539e+00
1.574999999999988409e+00,1.145746330392409251e-01,-8.132514673146360451e-01,-9.348695023488434686e+01,-1.903482933196229965e+00
1.579999999999988303e+00,1.106821444121548342e-01,-6.953209211583941673e-01,1.720980324122345735e+02,-1.722563996362660221e+00
1.584999999999988196e+00,1.067863993718010662e-01,-7.573469351182136045e-01,2.174880339959771547e+01,-1.727639851281470129e+00
1.589999999999988090e+00,1.028745086358024419e-01,-7.923770677991039957e-01,-1.475475969623086847e+01,-1.701316144544849251e+00
1.594999999999987983e+00,9.907466650147701837e-02,-7.780752689371269737e-01,-8.595184952262007982e+01,-1.749177323274030638e+00
1.599999999999987876e+00,9.537660181223284184e-02,-6.675866885599704981e-01,1.454400654111126983e+02,-1.558294247058728654e+00
1.604999999999987770e+00,9.166215784307474301e-02,-7.284302053986043690e-01,-1.687945478253324438e+01,-1.549730104885415738e+00
1.609999999999987663e+00,8.820344049945670617e-02,-6.658384594472458451e-01,2.770887537884167884e+01,-1.441539230086504197e+00
1.614999999999987557e+00,8.486063979307094385e-02,-6.858481297503772334e-01,-7.184741923855764867e+01,-1.499275822769918554e+00
1.619999999999987450e+00,8.167287836249609301e-02,-5.797326286040983545e-01,1.044750142454456920e+02,-1.311979692550042875e+00
1.624999999999987343e+00,7.849131919788586431e-02,-6.575841440334821986e-01,-6.216446773442582696e+01,-1.270126707748191253e+00
1.629999999999987237e+00,7.579929757381034805e-02,-4.839900442603427000e-01,2.981147302794969534e+01,-1.166746574492712352e+00
1.634999999999987130e+00,7.338819817589270489e-02,-4.957186471706606090e-01,-6.751808235076477160e+01,-1.150724851190691345e+00
1.639999999999987024e+00,7.173264002861834410e-02,-3.307963171373929923e-01,4.376557504918510944e+01,-9.873997440342082710e-01
1.644999999999986917e+00,6.995563654008200849e-02,-3.889962178051780128e-01,-6.865730417473545799e+01,-7.617632638977349657e-01
1.649999999999986811e+00,6.902957150847792434e-02,-5.964641632210058303e-02,9.185252472509964150e+01,-3.988860187656970702e-01
1.654999999999986704e+00,6.906814210492048800e-02,8.127829399786683229e-02,-1.410730388541793978e+01,-1.025939115576345317e-01
1.659999999999986597e+00,7.080177306788902614e-02,4.467548780514148943e-01,-1.069951891681066769e+01,2.955004607033973052e-01
1.664999999999986491e+00,7.416537214813892498e-02,7.756573593675376577e-01,1.948095524141053261e+02,3.649038593782149009e-01
1.669999999999986384e+00,7.693446282511376411e-02,4.123011205039106009e-01,-3.852882191758981207e+02,5.058897353499516303e-01
1.674999999999986278e+00,8.062545679342150717e-02,1.078700707956145255e+00,8.159686419333254435e+02,1.487290946834819216e+00
1.679999999999986171e+00,8.231877364651273010e-02,4.969868917487772764e-02,-7.674066172943795436e+02,1.350342812252979252e+00
1.684999999999986064e+00,8.502977230713294754e-02,9.069302498742346508e-01,8.966528997194072872e+02,2.106485098876419659e+00
1.689999999999985958e+00,8.610875853109224709e-02,-1.824481897222902660e-01,-9.363124499820064557e+02,1.533667084289816351e+00
1.694999999999985851e+00,8.827275022878572353e-02,8.488768836033937504e-01,9.375459204326858753e+02,2.560754159654363704e+00
1.699999999999985745e+00,8.911319656628445551e-02,-2.915307586937049833e-01,-1.050578671540287587e+03,2.021038302116667129e+00
1.704999999999985638e+00,9.091771028278985978e-02,8.012788534523833661e-01,9.820723757133112031e+02,2.871999698036119764e+00
1.709999999999985532e+00,9.145826150359184781e-02,-3.609278993251006096e-01,-1.093493464844709706e+03,2.282123987876258031e+00
1.714999999999985425e+00,9.308707079316755340e-02,7.833375263990354220e-01,1.043024894855914681e+03,3.143530615603760570e+00
1.719999999999985318e+00,9.328846095234950841e-02,-4.506440780194179707e-01,-1.143330530290994375e+03,2.476874619840394587e+00
1.724999999999985212e+00,9.469613852361165318e-02,7.753878492662510391e-01,1.118552309869758119e+03,3.477848038337669312e+00
1.729999999999985105e+00,9.455785639505941143e-02,-5.555618452742777658e-01,-1.226191317479062945e+03,2.675031712330070643e+00
1.734999999999984999e+00,9.567974626293786200e-02,7.532331693739747758e-01,1.187337400872576154e+03,3.730065702758054158e+00
1.739999999999984892e+00,9.514619518896048900e-02,-6.709297233769142554e-01,-1.302279475605323569e+03,2.861201301225479998e+00
1.744999999999984786e+00,9.596301178212403304e-02,7.279234617938196150e-01,1.256700933273928058e+03,3.959473611556484585e+00
1.749999999999984679e+00,9.495536761822784277e-02,-7.910293671092791801e-01,-1.367213553575556489e+03,3.049479540479314910e+00
1.754999999999984572e+00,9.542655289119778006e-02,7.134617000102905227e-01,1.349511924456949373e+03,4.282843844395335609e+00
1.759999999999984466e+00,9.386346813868511052e-02,-9.401898276409662580e-01,-1.457283711771945036e+03,3.311948959469483533e+00
1.764999999999984359e+00,9.392252420952190706e-02,6.268901784400183752e-01,1.371078510731988899e+03,4.483158241619016771e+00
1.769999999999984253e+00,9.185399637603720857e-02,-1.076336029279613360e+00,-1.526500931646857225e+03,3.579660525124247261e+00
1.774999999999984146e+00,9.154585568581852240e-02,6.023031970050529704e-01,1.455929141056809613e+03,4.755869569711029143e+00
1.779999999999984039e+00,8.892070086592103462e-02,-1.204392766194060993e+00,-1.565480283916295321e+03,3.864161672963043248e+00
1.784999999999983933e+00,8.825242610377530272e-02,5.541163870390728441e-01,1.495690232510200985e+03,5.002423187701782403e+00
1.789999999999983826e+00,8.510675924882800392e-02,-1.307448372942950909e+00,-1.582318509074033045e+03,4.135803913552881461e+00
1.794999999999983720e+00,8.414554596384898888e-02,5.053144548872554598e-01,1.506901435204562404e+03,5.216005812333902369e+00
1.799999999999983613e+00,8.052126203987650110e-02,-1.378573929056922776e+00,-1.562930989555173483e+03,4.372349743511658282e+00
1.804999999999983507e+00,7.942651754016150090e-02,5.002250352377926035e-01,1.536230535452815730e+03,5.151081392543416904e+00
1.809999999999983400e+00,7.552557417973802811e-02,-1.260091363491640415e+00,-1.316187042657920983e+03,4.146733962840844612e+00
1.814999999999983293e+00,7.481235610029049465e-02,4.976955957989078194e-01,1.442701271856718449e+03,4.646516450370360651e+00
1.819999999999983187e+00,7.139228259354662987e-02,-1.091190187621835950e+00,-1.291268252645281336e+03,3.740893359302242871e+00
1.824999999999983080e+00,7.124970742603750629e-02,5.925698959789749143e-01,1.553027386082260591e+03,4.101790807126043603e+00
1.829999999999982974e+00,6.846018292487254797e-02,-9.046587622419316466e-01,-1.254301182010901130e+03,3.003440387041299786e+00
1.834999999999982867e+00,6.860330205617905241e-02,5.755456242477471340e-01,1.546431293206490182e+03,3.734058863930922456e+00
1.839999999999982760e+00,6.624278327173277470e-02,-8.269682550269243926e-01,-1.241603023672957988e+03,2.540316417591536702e+00
1.844999999999982654e+00,6.622681114233402999e-02,4.967307655943327682e-01,1.519753931977687671e+03,3.385647849366717033e+00
1.849999999999982547e+00,6.401115231831135122e-02,-8.464937513453839601e-01,-1.284194847535103918e+03,2.308426635771342994e+00
1.854999999999982441e+00,6.362467279372813200e-02,4.158858816229997202e-01,1.480529180498019741e+03,3.145550842815532988e+00
1.859999999999982334e+00,6.133549158470469331e-02,-9.169169132179639803e-01,-1.335217061246464027e+03,2.138038391329014409e+00
1.864999999999982228e+00,6.044546060182114794e-02,2.986541146982852890e-01,1.222407831716402370e+03,2.856354034787197627e+00
1.869999999999982121e+00,5.837984213461789446e-02,-8.317476817131551625e-01,-1.110302122590198451e+03,2.153061826365181730e+00
1.874999999999982014e+00,5.701884805451887944e-02,2.542027915090381285e-01,1.387455770558404538e+03,2.598847794350264806e+00
1.879999999999981908e+00,5.421148503461059587e-02,-1.055799892968215747e+00,-1.315488585450113305e+03,1.845933185090066875e+00
1.884999999999981801e+00,5.273871882116228094e-02,2.064266020813978197e-01,1.290861704099241706e+03,2.365009711647003687e+00
1.889999999999981695e+00,4.950220847079915554e-02,-9.189532373338563653e-01,-8.933769844287924116e+02,1.749248191182528389e+00
1.894999999999981588e+00,4.737865423551636257e-02,-1.105963254852235927e-01,1.040843452046188077e+03,2.164820959043809445e+00
1.899999999999981481e+00,4.427910115413864062e-02,-1.242018720902039464e+00,-1.328146365778789232e+03,1.531829130500775404e+00
1.904999999999981375e+00,4.167771409631632062e-02,-3.534703880568324658e-02,1.092944817832263197e+03,1.952199641773057603e+00
1.909999999999981268e+00,3.794305769623397551e-02,-1.164055425708829583e+00,-9.262571226207179507e+02,1.430054881461631844e+00
1.914999999999981162e+00,3.544320382786655954e-02,-7.753835915469353690e-02,9.333449106039843173e+02,1.697117271966941399e+00
1.919999999999981055e+00,3.125329452817630915e-02,-1.105587456574449901e+00,-7.904281283759370353e+02,1.362190345802644753e+00
1.924999999999980949e+00,2.827158977475664747e-02,-2.958159998104437638e-01,1.059883486046642702e+03,1.674176086886226766e+00
1.929999999999980842e+00,2.422355153452153062e-02,-1.011060009976776808e+00,-7.608241584320211359e+02,1.087896973520980470e+00
1.934999999999980735e+00,2.020494945250905436e-02,-7.012576556666251237e-01,2.760155148754862466e+02,1.228263707405004457e+00
1.939999999999980629e+00,1.495239592577586943e-02,-8.432743158956464979e-01,2.994781419751874409e+02,1.150429136942894726e+00
1.944999999999980522e+00,1.012506798383173284e-02,-1.354397330103844554e+00,-5.408647678562874717e+02,3.104039571616107329e-01
1.949999999999980416e+00,4.340167587627783916e-03,-1.383363305625892936e+00,-5.931908464966874135e+02,-3.749560374475161550e-01
1.954999999999980309e+00,-1.533172769034612430e-03,-1.022419456756564982e+00,1.910392170673488010e+02,-9.310477963338996688e-01
1.959999999999980203e+00,-7.110150778553067479e-03,-1.159116343882175881e+00,-1.403040560052187402e+02,-2.292156637075764003e+00
1.964999999999980096e+00,-1.196898619844202066e-02,-8.476252620112205705e-01,1.587125481821729522e+02,-3.359874296603699406e+00
1.969999999999979989e+00,-1.615548255818986464e-02,-7.556302003142665313e-01,2.059165794432708196e+02,-2.825069303520860053e+00
1.974999999999979883e+00,-2.047007082368433595e-02,-1.045862676467642194e+00,-1.931646260506269925e+02,-3.970432245553067174e-01
1.979999999999979776e+00,-2.558740930768671831e-02,-1.062840663134516195e+00,1.897155980795926666e+02,1.264368348221980298e+00
1.984999999999979670e+00,-3.184345417241400689e-02,-1.366366537867082176e+00,-1.197984339057611862e+02,1.864919821041288284e+00
1.989999999999979563e+00,-4.075184406746727023e-02,-1.683054416437060663e+00,1.594309497438228220e+02,2.185173115409468902e+00
1.994999999999979456e+00,-4.814907775563987552e-02,-1.276031444361352296e+00,1.440669981734989733e+02,2.652112043453013879e+00
1.999999999999979350e+00,-5.294989009355837578e-02,-8.311457138593300042e-01,-7.363316397164524574e+01,2.100144463860125210e+00
2.004999999999979465e+00,-5.571188767651864826e-02,-3.592386271090008409e-01,1.951403173290681821e+02,2.567881484559292993e+00
2.009999999999979359e+00,-5.650787193653382390e-02,-9.801628183347915746e-02,-4.898570541951379198e+01,2.549208251470239439e+00
2.014999999999979252e+00,-5.583755426511583658e-02,2.791403161291683421e-01,8.898669330832858293e+01,2.774733086783428337e+00
2.019999999999979146e+00,-5.432825661354742652e-02,4.422984743806392949e-01,9.326717700403730760e+01,2.701084271167519812e+00
2.024999999999979039e+00,-5.198592415582401621e-02,5.432429594347004675e-01,1.049732607855951017e+00,2.729386949748825675e+00
2.029999999999978932e+00,-4.903804134972118700e-02,7.419563711795789107e-01,2.239278795490316725e+02,2.635244411749333437e+00
2.034999999999978826e+00,-4.585867945410432300e-02,6.382478574937359150e-01,-2.356072250205822272e+01,2.604139692788402627e+00
2.039999999999978719e+00,-4.211890218843258177e-02,8.447948764439495717e-01,1.708937729762891422e+02,2.472799677419864395e+00
2.044999999999978613e+00,-3.846894908517049100e-02,5.933878376729444515e-01,-3.237803611379450786e+02,2.477447836919814961e+00
2.049999999999978506e+00,-3.422987217198421306e-02,9.564954801846202725e-01,2.312215264590345782e+02,2.643649500825256737e+00
2.054999999999978400e+00,-3.024358216224204074e-02,6.989529336055658737e-01,-3.281815516091306222e+02,2.096397862412935353e+00
2.059999999999978293e+00,-2.589501356864363016e-02,1.008097527278411620e+00,3.519001737770870477e+02,2.386367948688359331e+00
2.064999999999978186e+00,-2.163591524414558084e-02,6.573606166128941330e-01,-4.584807830986603108e+02,2.418909347631756468e+00
2.069999999999978080e+00,-1.739805659736885432e-02,7.668082937571124580e-01,2.055350876115055030e+02,2.207364925546598577e+00
2.074999999999977973e+00,-1.316377550867279915e-02,8.096418842157210305e-01,-1.092205686864729444e+02,2.110314683411472547e+00
2.079999999999977867e+00,-8.561353971025014581e-03,1.163368522051557941e+00,1.236208880461467743e+02,2.267317096634348772e+00
2.084999999999977760e+00,-4.475143504331697934e-03,6.859452903887016673e-01,3.152135089892910358e+01,2.136573778005459445e+00
2.089999999999977653e+00,2.027857958378154115e-04,1.078771735345314564e+00,-8.288262302475381205e+01,1.899912658526226705e+00
2.094999999999977547e+00,4.711833065709776502e-03,7.968216052023837648e-01,-4.861333972346704968e+01,1.961837657458706197e+00
2.099999999999977440e+00,8.380140713689568713e-03,9.184328018290304207e-01,3.316651760075110928e+02,2.010284629690323399e+00
2.104999999999977334e+00,1.278148607675295111e-02,7.725167644286533575e-01,-9.065636840454612866e+01,2.174356365889993370e+00
2.109999999999977227e+00,1.642538470878063608e-02,6.056297584083529806e-01,-1.701908170404777536e+02,1.946136081755165614e+00
2.114999999999977121e+00,1.989601214234011303e-02,8.061668750145684070e-01,2.850015069127141487e+02,1.943379536307457300e+00
2.119999999999977014e+00,2.396155913092627363e-02,7.916393885582552192e-01,-8.334056180129860536e+01,2.032541642094667367e+00
2.124999999999976907e+00,2.838688257274837520e-02,8.238249637651275936e-01,-1.106900577109217920e+02,1.755068380574881015e+00
2.129999999999976801e+00,3.341084091673211798e-02,1.062506755243263212e+00,1.995488015970002138e+01,1.815189121737878830e+00
2.134999999999976694e+00,3.916115849501079077e-02,1.204046683504280457e+00,8.574481479459160838e+00,1.381049613690146671e+00
2.139999999999976588e+00,4.555438679405545560e-02,1.356448966770275932e+00,2.546747796164154209e+01,9.622919317008745699e-01
2.144999999999976481e+00,5.287002355585518343e-02,1.597758570434609116e+00,1.138125317965071162e+02,9.763866389697314352e-01
2.149999999999976374e+00,6.104316567755344730e-02,1.743072757673162165e+00,9.702885405935427343e+01,3.856190688707994418e-01
2.154999999999976268e+00,6.975638676623294177e-02,1.836379424717037967e+00,8.826219344679641665e+01,1.321576818000181897e-01
2.159999999999976161e+00,7.880481306055567292e-02,1.851956510318185645e+00,6.682455248388400548e+01,-2.454906819396949214e-01
2.164999999999976055e+00,8.796208800471887190e-02,1.841032902132430982e+00,4.167692661254155695e+01,-2.924896415088116264e-01
2.169999999999975948e+00,9.703717184102307602e-02,1.680551089931888731e+00,-1.649039626357278223e+02,-8.035934379063449651e-01
2.174999999999975842e+00,1.057855889002801697e-01,1.791760812895364596e+00,5.977362842657276332e+01,-9.074892942314771727e-01
2.179999999999975735e+00,1.135490562661130715e-01,1.551579530053291744e+00,3.585309251984115519e+01,-1.208034804744602120e+00
2.184999999999975628e+00,1.200419994044536198e-01,1.253504525685696702e+00,7.559734909900646471e+01,-1.430537385310918230e+00
2.189999999999975522e+00,1.251372362696979990e-01,8.355864941499143717e-01,-2.214426209024934451e+02,-1.523537263428921484e+00
2.194999999999975415e+00,1.285456579367796059e-01,4.855493158000687703e-01,-1.773067428142400672e+02,-1.536866706132897331e+00
2.199999999999975309e+00,1.301213058750369245e-01,7.531013985631043739e-02,-1.982544637024547001e+02,-1.617849115664932391e+00
2.204999999999975202e+00,1.296727761608631180e-01,-1.031571849949231429e-01,1.019341997865954994e+02,-1.194821507141143657e+00
2.209999999999975095e+00,1.286853380410864223e-01,-2.488189342300082263e-01,-2.026792705226527502e+01,-9.561641020973927763e-01
2.214999999999974989e+00,1.294605815395827031e-01,6.638840785925369525e-01,6.813675798546674969e+02,-6.378239705322830133e-01
2.219999999999974882e+00,1.306897477299951704e-01,-4.945952370292289735e-01,-1.556904169478089898e+03,6.204006365306973247e-01
2.224999999999974776e+00,1.322471812165849636e-01,1.059632518110691812e+00,1.221889015500916003e+03,4.138348063911210239e+00
2.229999999999974669e+00,1.344568709906568404e-01,3.616883733391679234e-01,-1.460188638695686620e+02,3.911942011664024665e+00
2.234999999999974563e+00,1.374899971707888024e-01,4.740925614563344936e-01,-3.661780164472983756e+02,3.649888094405252303e+00
2.239999999999974456e+00,1.408078163026950935e-01,9.228290950709215901e-01,3.574411327241340359e+02,3.842912858455719061e+00
2.244999999999974349e+00,1.433646569151709460e-01,3.802502747702214414e-01,-2.608203157963758372e+02,3.720393455888635348e+00
2.249999999999974243e+00,1.453961370544862852e-01,2.572066918506539790e-01,-2.818869888093003055e+02,3.950712129011789475e+00
2.254999999999974136e+00,1.483951844628668137e-01,4.969132769527726534e-01,-3.778454505976493465e+02,3.690576976777359519e+00
2.259999999999974030e+00,1.506145188527852619e-01,2.686344674782203401e-01,-3.157076921513207139e+02,3.929146238771134669e+00
2.264999999999973923e+00,1.535479979746470214e-01,3.836815305878977789e-01,-3.194548845467940055e+02,3.827580084323477294e+00
2.269999999999973817e+00,1.561639254003055755e-01,3.914452373847490674e-01,-2.739093679570407289e+02,3.879780775347457578e+00
2.274999999999973710e+00,1.583417719301663806e-01,3.308554847581861580e-01,-1.336895943529905821e+02,3.901783699932590554e+00
2.279999999999973603e+00,1.608637160693381918e-01,5.152794888473974932e-01,-1.968827836946043703e+02,3.852818771691932209e+00
2.284999999999973497e+00,1.619817618477530918e-01,-1.470506661641901060e-02,-5.141538140534001968e+02,3.839656466339971264e+00
2.289999999999973390e+00,1.654779761593410115e-01,7.205557935335344943e-01,-4.351358408987094890e+02,3.380870182153230097e+00
2.294999999999973284e+00,1.682327002994556675e-01,3.903422690489657954e-01,-3.285204862318529990e+02,3.486412896812500328e+00
2.299999999999973177e+00,1.699940009434796617e-01,3.176354165037318517e-02,-4.231141179310301368e+02,3.574667944986780643e+00
2.304999999999973070e+00,1.721988814448492111e-01,3.742057742835120382e-01,1.908949889724777549e+01,3.513708997092346742e+00
2.309999999999972964e+00,1.742410864213773114e-01,4.355298983842394445e-01,-1.763047586605518973e+02,3.369633650700056826e+00
2.314999999999972857e+00,1.758747132273781599e-01,2.662712126623067443e-01,-2.277239481260901357e+02,3.309695300476572122e+00
2.319999999999972751e+00,1.770801142524223437e-01,-5.916715912411803224e-02,-4.383087202935183200e+02,3.277612943268529921e+00
2.324999999999972644e+00,1.788858546980166553e-01,2.559526616068243943e-01,-8.652865117348310875e+00,3.141544397209048878e+00
2.329999999999972538e+00,1.801814498881734450e-01,3.612853471967655272e-01,2.087657153463622990e+02,3.184414371241273134e+00
2.334999999999972431e+00,1.814082627692689409e-01,3.115801167960740581e-01,7.050989636918713188e+01,2.718672343236700151e+00
2.339999999999972324e+00,1.822711214798695689e-01,8.020176749778758565e-03,-1.484460477014999356e+02,2.324452862974752954e+00
2.344999999999972218e+00,1.839636906151962126e-01,9.491049705450138596e-01,8.776918133922110883e+02,2.055673498986806180e+00
2.349999999999972111e+00,1.845651824608581237e-01,-1.175088672103195009e-01,8.658282859390894259e+00,1.369475049414716095e+00
2.354999999999972005e+00,1.841501343132261603e-01,-8.817344900495652782e-01,-1.017280132892939378e+03,2.314143252149056806e-01
2.359999999999971898e+00,1.837266349220849360e-01,-1.532929419262069881e-01,3.633352021509455909e+01,-4.338516759516601318e-01
2.364999999999971791e+00,1.847005097713398380e-01,-3.974971236290034682e-01,-9.644501538145425457e+02,-1.751486010166664498e+00
2.369999999999971685e+00,1.863166396416604531e-01,7.127050186256139730e-01,6.045872147527356901e+02,-1.802271390541402951e+00
2.374999999999971578e+00,1.878582635416086999e-01,1.392106593702685524e-01,-6.599402511316708342e+02,-2.896424423455814523e+00
2.379999999999971472e+00,1.902353010521412036e-01,7.331365655865615949e-01,5.518459096486386670e+02,-2.759186844223590285e+00
2.384999999999971365e+00,1.918103105698935884e-01,1.933301991606768411e-01,-4.761312786614187189e+02,-2.992389309199258385e+00
2.389999999999971259e+00,1.928961118344197645e-01,5.711157338395652650e-01,4.702887016001390634e+02,-2.605779527771372006e+00
2.394999999999971152e+00,1.927025717717624487e-01,-1.114502530148149262e-01,7.955669862309338214e+01,-2.471182642073097568e+00
2.399999999999971045e+00,1.940060325373759165e-01,4.642744840439649856e-01,3.001812675687964429e+02,-2.062257156838273708e+00
2.404999999999970939e+00,1.951692685765964719e-01,3.061380796131542570e-01,1.424377512704324431e+02,-1.743130803230351855e+00
2.409999999999970832e+00,1.959153865373738368e-01,3.057108786061005223e-02,-2.321150223788746985e+02,-1.469756246283005163e+00
2.414999999999970726e+00,1.971606319457581413e-01,3.738152390355223842e-01,1.493606252048874978e+02,-8.327323425236575760e-01
2.419999999999970619e+00,1.995815152613185928e-01,5.361864514998117004e-01,-1.499770248712971750e+02,-4.273906917142722417e-01
2.424999999999970512e+00,2.043845656723593807e-01,1.160589024318368745e+00,3.428935167152159238e+02,2.204764976535709131e-01
2.429999999999970406e+00,2.109727754121883958e-01,1.489262556140706018e+00,-1.015738789056770628e+02,1.549562126335241041e-01
2.434999999999970299e+00,2.194207001988003058e-01,1.786846510986071834e+00,1.089419326213940593e+02,8.315638927780910628e-02
2.439999999999970193e+00,2.287208214643462190e-01,1.902590049995284582e+00,-3.584790473995980165e+01,-1.307735133943663808e-01
2.444999999999970086e+00,2.380488814156595523e-01,1.963034610182126105e+00,1.514297939497830043e+02,-3.673140868231001832e-01
2.449999999999969980e+00,2.470761507908796062e-01,1.931289722976324175e+00,1.843737214140931542e+02,-6.030434086061057242e-01
2.454999999999969873e+00,2.550709507108424590e-01,1.667151951780490471e+00,7.156097994248084149e+01,-8.562262562043453373e-01
2.459999999999969766e+00,2.621219028929295258e-01,1.263169413416171061e+00,-1.714372293066276143e+02,-9.882718000377260781e-01
2.464999999999969660e+00,2.682587250182951188e-01,1.147145934449975702e+00,-1.344825660393154294e+02,-8.627964639059102492e-01
2.469999999999969553e+00,2.733218996681691104e-01,9.506147701984011267e-01,6.545938915186820850e+01,-7.137804841443078363e-01
2.474999999999969447e+00,2.773927918088243683e-01,7.294183974346106769e-01,-8.994336310157463288e+01,-7.931279167037276201e-01
2.479999999999969340e+00,2.803129749235325208e-01,4.660451170354993899e-01,-1.310337326853639297e+02,-7.904397464025182396e-01
2.484999999999969233e+00,2.821346877126876262e-01,1.655930995864307587e-01,-2.219309296134950102e+02,-7.922563191196598797e-01
2.489999999999969127e+00,2.831085921334066113e-01,3.272967595760438442e-02,-1.593018146787649698e+02,-7.636812167940604246e-01
2.494999999999969020e+00,2.831244168697031327e-01,-1.159767715329655252e-01,-1.724003450775846886e+02,-6.825369916227401745e-01
2.499999999999968914e+00,2.831353492156365448e-01,2.182216431199271098e-02,-2.106368071876910619e+02,-6.592591502780346113e-01
2.504999999999968807e+00,2.828526649188747855e-01,-1.708039405916150777e-01,-9.795535479980695470e+01,-3.422837946770795892e-01
2.509999999999968701e+00,2.820146418781330766e-01,-3.923396072517389421e-01,-3.385107908536726882e+02,-1.183265277701267548e-01
2.514999999999968594e+00,2.813625122774329745e-01,-3.122079961777556867e-01,-2.213671402567170503e+02,-5.673850341351688309e-02
2.519999999999968487e+00,2.803298232256820621e-01,-2.268076295010185706e-01,-9.135765294046609597e+01,-1.932249745634550264e-01
2.524999999999968381e+00,2.796180400889194395e-01,-2.179804424354845060e-01,-1.038041769693233221e+02,-2.797077453688819881e-01
2.529999999999968274e+00,2.789498677097279611e-01,-1.958063170425256017e-01,-8.366539028649137322e+01,-8.536214076723486199e-02
2.534999999999968168e+00,2.784607959254933318e-01,-1.880798940134231212e-01,-2.514996985152532147e+02,2.946666175910580415e-02
2.539999999999968061e+00,2.783065026923972063e-01,3.353143832574888294e-02,7.150598807251132882e+01,-2.657700355090455990e-01
2.544999999999967955e+00,2.781586292949970729e-01,2.874658245740660881e-02,2.146166397912390877e+01,-3.082396205275673151e-01
2.549999999999967848e+00,2.782781391489451694e-01,1.437998543634814996e-01,1.021700219024293403e+02,-2.457597316494896655e-01
2.554999999999967741e+00,2.783673455473424374e-01,8.778434991767253281e-02,1.093540557615768307e+02,-5.831090402506537984e-01
2.559999999999967635e+00,2.795365158413636308e-01,5.019328192611790529e-01,1.076215591898367165e+02,-7.227237281709874006e-01
2.564999999999967528e+00,2.830604461853017950e-01,9.378403905669503438e-01,1.624845064937360632e+02,-1.098476334372625374e+00
2.569999999999967422e+00,2.863783316819834002e-01,5.850453920707862077e-01,8.810795825541460147e+01,-1.663785426207475382e+00
2.574999999999967315e+00,2.879787709914793381e-01,1.845128341088777268e-01,-1.485208233741081685e+01,-1.701869542388680046e+00
2.579999999999967208e+00,2.866345781369490364e-01,-5.042945145364817749e-01,1.915727783297953124e+01,-1.797529188111363752e+00
2.584999999999967102e+00,2.826107460374376323e-01,-1.053977385666857280e+00,-2.186655037195246223e+02,-1.635780456331148214e+00
2.589999999999966995e+00,2.758000022373617299e-01,-1.587499276782051494e+00,-1.172943172533834115e+02,-1.587968245274714807e+00
2.594999999999966889e+00,2.669043305229933383e-01,-1.986869959566863963e+00,-1.721216980446945968e+02,-1.305784696216958807e+00
2.599999999999966782e+00,2.561602621647701694e-01,-2.293994384520833485e+00,-5.237240129051230042e+01,-1.224143415541261382e+00
2.604999999999966676e+00,2.444787496773546120e-01,-2.430829227824141014e+00,-9.225901603591253775e+01,-9.357510394930679265e-01
2.609999999999966569e+00,2.320115017745524033e-01,-2.502885082840287545e+00,-2.517945570043749370e+01,-8.246737097941045924e-01
2.614999999999966462e+00,2.196595776167714342e-01,-2.380280481729228015e+00,1.454533237176612772e+02,-3.785677149152684162e-01
2.619999999999966356e+00,2.074813342166026420e-01,-2.397629178996892207e+00,7.486610621580277325e+01,-8.732916529541245865e-02
2.624999999999966249e+00,1.952551789371868296e-01,-2.380493783410249087e+00,6.643122493248230853e+01,1.171462205604252294e-01
2.629999999999966143e+00,1.838138095538878192e-01,-2.221574130702098415e+00,2.579482156854936648e+01,5.455923879671662480e-01
2.634999999999966036e+00,1.772089727863297715e-01,1.283402774634607280e+00,3.090233232926585515e+03,1.028159091083202359e+00
2.639999999999965929e+00,1.791336982531223088e-01,1.209042348237452796e-01,-4.372281190143584126e+02,-7.940888391546239156e-01
2.644999999999965823e+00,1.833472229179889113e-01,1.276308176131810912e+00,1.162172317933558134e+03,9.462212155250544487e-01
2.649999999999965716e+00,1.867184377380176619e-01,2.457777040014093861e-01,-1.433685383582715303e+03,1.414267420808839049e+00
2.654999999999965610e+00,1.923413900770129525e-01,1.339931661409754282e+00,1.073985461401819975e+03,3.049195232204719996e+00
2.659999999999965503e+00,1.945484880698226671e-01,-1.041295394140345359e-01,-1.385407837056976632e+03,2.376754764357421834e+00
2.664999999999965397e+00,2.001066646458689036e-01,6.513433922217896077e-01,-1.322306898586483612e+02,3.010235663401565009e+00
2.669999999999965290e+00,2.051688961698909797e-01,5.288818154744761024e-01,-3.006736365920414187e+02,2.711914776500567115e+00
2.674999999999965183e+00,2.110354334106427365e-01,1.336816555137375850e+00,7.488718971861758291e+02,2.632585938392717928e+00
2.679999999999965077e+00,2.145525500114970896e-01,5.614482508093681101e-01,-1.408526095864986871e+02,2.726042547551165818e+00
2.684999999999964970e+00,2.183916677607541934e-01,4.968452090743746274e-01,-5.657849281752156685e+02,2.718420163097167830e+00
2.689999999999964864e+00,2.228720982158746700e-01,7.468822979505517212e-01,-8.252406897474651259e+02,2.543845295507575877e+00
2.694999999999964757e+00,2.265529343781837179e-01,9.702686517883631900e-01,5.645766449385286023e+02,3.242283261416294859e+00
2.699999999999964650e+00,2.293432299983043654e-01,4.377016150312867393e-01,-6.516293768464024083e+01,3.299279601585900057e+00
2.704999999999964544e+00,2.323020088423805862e-01,3.012432645880176452e-01,-1.609994057426469567e+02,3.353673118727089175e+00
2.709999999999964437e+00,2.354091697761939161e-01,2.865418265814219101e-01,-8.297374766124860912e+01,3.494571827666567820e+00
2.714999999999964331e+00,2.380820536031205970e-01,7.152192984621520422e-01,3.893501939660293942e+02,3.495207358095397954e+00
2.719999999999964224e+00,2.403128233035785044e-01,2.035587776787625980e-01,-1.891991922897821325e+02,3.404489603697395506e+00
2.724999999999964118e+00,2.428322068207038609e-01,2.785402545707133526e-01,-4.125492210169642249e+02,3.207766185304065321e+00
2.729999999999964011e+00,2.452014660797972034e-01,7.642956738201414080e-01,5.829430972605774741e+02,3.496680867339043708e+00
2.734999999999963904e+00,2.473015907891731313e-01,3.337718447061725768e-02,-4.186525172518299769e+02,3.231448258007558749e+00
2.739999999999963798e+00,2.504436523832230810e-01,4.350463936646697949e-01,-5.866676371642498680e+02,2.959995494408279804e+00
2.744999999999963691e+00,2.541631704490158739e-01,1.559827182348424879e+00,1.436318964064425700e+03,3.367434198809483359e+00
2.749999999999963585e+00,2.555208709795626643e-01,-2.239150261599102409e-01,-5.241745467399667859e+02,3.074468388805090324e+00
2.754999999999963478e+00,2.577889914496889756e-01,3.084863787111096767e-01,-4.479348136940570271e+02,3.005559925845076030e+00
2.759999999999963372e+00,2.587585437697184076e-01,-1.207426299525065638e-01,-3.004984535501076266e+02,3.096694631736803149e+00
2.764999999999963265e+00,2.603552626485453048e-01,2.615451768215994455e-01,-4.193838254254258118e+02,2.730984322612466819e+00
2.769999999999963158e+00,2.619324923537910688e-01,-2.359900243937682329e-01,-3.826284105075315551e+02,2.901824289191424988e+00
2.774999999999963052e+00,2.634511414378666871e-01,2.771328054432495858e-01,-4.657936982730184354e+02,2.440301590392001785e+00
2.779999999999962945e+00,2.647981120740559025e-01,3.313528763769955088e-01,3.480798452901166229e+02,2.582204169849111608e+00
2.784999999999962839e+00,2.652296072271382310e-01,-8.770561353626955825e-02,-1.674673407254333597e+02,2.045900988430656486e+00
2.789999999999962732e+00,2.658212221053755653e-01,3.668211156913211424e-01,4.728732069594954623e+02,1.818148671134069971e+00
2.794999999999962625e+00,2.666147263709752746e-01,8.008892542693692163e-02,2.860200854052803834e+02,9.012163961620769381e-01
2.799999999999962519e+00,2.668694566561121140e-01,1.029396306076138246e-01,-5.042795044427464290e+02,-6.386651360078970940e-01
2.804999999999962412e+00,2.666667841025822661e-01,4.359399824962531533e-02,2.504305896559562541e+02,-1.062617654420834556e+00
2.809999999999962306e+00,2.675918194600825362e-01,9.754988575167367060e-02,-8.883179912286143463e+02,-2.435056686355148603e+00
2.814999999999962199e+00,2.680376028468116623e-01,2.090362131989738914e-01,6.835059354905743589e+01,-2.662493633524876113e+00
2.819999999999962093e+00,2.689819312770398430e-01,1.588499518800898236e-01,8.912049271185608745e+01,-2.834430404105506174e+00
2.824999999999961986e+00,2.696395337594527097e-01,2.596587921842349878e-02,-3.134095944309866013e+02,-3.215827443671510633e+00
2.829999999999961879e+00,2.709378418735428617e-01,-1.923031902955637390e-02,-6.618880014018841393e+02,-3.222625851054745194e+00
2.834999999999961773e+00,2.722455487316425282e-01,-6.298697334762887179e-02,-8.687587213045065937e+01,-2.910896364116820401e+00
2.839999999999961666e+00,2.737387318877546050e-01,4.206127698820065763e-01,2.540787977664742812e+02,-2.841858306795235212e+00
2.844999999999961560e+00,2.748830694625233328e-01,1.347535879803551939e-01,-6.093134372843938706e+01,-2.627347769450947723e+00
2.849999999999961453e+00,2.758245653269231767e-01,1.338482004314686669e-01,8.160931661773452861e-01,-2.567945030066086431e+00
2.854999999999961346e+00,2.767839817909312217e-01,-2.960571613547270317e-02,-4.636242415128129437e+02,-2.847989702848670479e+00
2.859999999999961240e+00,2.780054097879123276e-01,2.623678433050734005e-01,1.045526187862486864e+02,-2.364889398623342576e+00
2.864999999999961133e+00,2.784204884483733045e-01,8.155871743263004570e-02,1.405474443623620004e+02,-1.735152815025620798e+00
2.869999999999961027e+00,2.795277427927245206e-01,2.762639745290401683e-01,9.246090603337536606e+01,-9.975307905668120423e-01
2.874999999999960920e+00,2.810045496232835838e-01,2.943119076799879941e-01,2.544478461368981215e+01,3.214080006501121578e-02
2.879999999999960814e+00,2.819080843644919954e-01,2.029007719573844570e-01,1.634359907855609322e+02,2.270061454428933256e-01
2.884999999999960707e+00,2.820070645301797074e-01,-4.877320517644970765e-01,-6.449789720066368091e+02,3.864522410149776599e-01
2.889999999999960600e+00,2.826462073281753029e-01,2.951897240195402450e-01,7.358007476835251737e+01,4.668970835278823950e-01
2.894999999999960494e+00,2.828852984552516214e-01,-2.182319583520608564e-01,-3.316907691303515548e+02,1.838843138490515727e-01
2.899999999999960387e+00,2.838559449752373065e-01,1.660692429070071696e-01,-1.017389403477074552e+02,1.500353575514329352e-01
2.904999999999960281e+00,2.846205335475230913e-01,4.125540381071817198e-01,2.179596369014442416e+02,3.032607162741193796e-01
2.909999999999960174e+00,2.858265663444511939e-01,3.502907356097162417e-01,1.314842523890589518e+02,-4.442660120102753796e-02
2.914999999999960067e+00,2.871831892480619097e-01,3.211566024050149792e-01,2.252187318794683790e+01,-2.758654806679430860e-02
2.919999999999959961e+00,2.882328625531098143e-01,2.476525528916827534e-01,3.914406412214965769e+01,-2.789400526804025060e-01
2.924999999999959854e+00,2.895473113333319470e-01,3.249253778280825622e-01,1.563265941903790406e+02,-4.029154276459959161e-03
2.929999999999959748e+00,2.906229487570968217e-01,2.457698276826507100e-01,5.177084400934802488e+01,-2.613731941051328223e-01
2.934999999999959641e+00,2.920786799470310724e-01,3.306341427131950228e-01,8.229850357784061998e+01,-3.205538080468317563e-02
2.939999999999959535e+00,2.943068606734717263e-01,6.437575015751592078e-01,-2.968226604443557548e+01,-4.947280080043756634e-01
2.944999999999959428e+00,3.002820310825882189e-01,1.336770703885392653e+00,-1.605542674639204748e+01,-8.621789590621353749e-01
2.949999999999959321e+00,3.072173948657638265e-01,1.374960400516280323e+00,3.535903154195967346e+01,-1.593566717183001025e+00
2.954999999999959215e+00,3.120649095045908705e-01,8.717771841320119952e-01,4.756654024791760804e+00,-1.957570541302194878e+00
2.959999999999959108e+00,3.135724615098463564e-01,3.392373249696652854e-02,-1.071306565185951598e+02,-1.995572778254165236e+00
2.964999999999959002e+00,3.118206425409048577e-01,-5.972306903883972673e-01,-4.071380071733451445e+01,-1.633514773003678089e+00
2.969999999999958895e+00,3.068536129127978351e-01,-1.294911343929900704e+00,-2.324743358355162286e+02,-1.675441148860906893e+00
2.974999999999958789e+00,2.988421840749182490e-01,-1.755417499160301098e+00,-2.733723941480907627e+01,-1.527765857970251773e+00
2.979999999999958682e+00,2.879487893642407870e-01,-2.311625875651675877e+00,2.769897042943186349e+01,-1.447392226094949441e+00
2.984999999999958575e+00,2.745752159666159375e-01,-2.795525500917773964e+00,6.653930328941891048e+01,-1.180627591373179630e+00
2.989999999999958469e+00,2.600148972640750067e-01,-3.018964227872295236e+00,-1.029084198511479542e+02,-9.687356299062956921e-01
2.994999999999958362e+00,2.441592949410290592e-01,-3.255650473234680042e+00,-9.179361044764249300e+01,-7.234283308237954291e-01
2.999999999999958256e+00,2.271193740744782974e-01,-3.487361388139147422e+00,-4.785293416057468363e+01,-2.898324614770588781e-01
3.004999999999958149e+00,2.097944303985656844e-01,-3.370713697286817023e+00,2.066456340339960036e+02,3.360713674733961653e-01
3.009999999999958042e+00,1.926991864481621408e-01,-3.369724407208673167e+00,2.323501498263403420e+01,1.176485876366355487e+00
3.014999999999957936e+00,1.787519633724388157e-01,-2.466824383655894515e+00,9.507801816578866294e+01,2.339820944857105456e+00
3.019999999999957829e+00,1.903000003078902380e-01,2.069789488508456010e+00,-9.517210478673110856e+02,3.778095991552559152e-01
3.024999999999957723e+00,1.916230655272297412e-01,1.075211630754660863e+00,1.316858709964402578e+03,3.651314536038992031e+00
3.029999999999957616e+00,1.951494608203272196e-01,4.096040177273699845e-01,-6.160436639733234188e+02,2.818095718117671122e+00
3.034999999999957510e+00,1.985187731894679786e-01,6.838627947827612408e-01,-6.250779785978462399e+01,2.926521248222090588e+00
3.039999999999957403e+00,2.029159502749910415e-01,3.564410943667264964e-01,-8.654888933377764033e+02,2.706426710198255758e+00
3.044999999999957296e+00,2.059174947038962256e-01,6.330946092415441484e-01,-3.214846202744593029e+01,3.194156420657101592e+00
3.049999999999957190e+00,2.090523633948743742e-01,9.671977622535934405e-01,4.338725860791174682e+02,3.342789337343777145e+00
3.054999999999957083e+00,2.115238670700685941e-01,2.479774670220687982e-01,-2.752435391023038278e+02,3.377437554015473964e+00
3.059999999999956977e+00,2.141320015384542974e-01,2.694822628294233913e-01,-5.912309120118752617e+02,3.282620964147676901e+00
3.064999999999956870e+00,2.165748036376105023e-01,2.145838110461252002e-01,-7.515714019666443164e+02,3.293187010009681170e+00
3.069999999999956763e+00,2.205044374483675629e-01,1.314238065761307750e+00,1.072484760681152238e+03,3.657317750284851954e+00
3.074999999999956657e+00,2.224677700758103949e-01,5.340263436922543239e-02,-4.012418285480954410e+02,3.375066406387817519e+00
3.079999999999956550e+00,2.249097012954499319e-01,3.014229223435815896e-01,-6.204268574445580953e+02,3.248859731763399594e+00
3.084999999999956444e+00,2.270909147282194895e-01,6.687799258937930924e-01,3.786773828792630638e+02,3.531739247532425630e+00
3.089999999999956337e+00,2.287989849325910152e-01,1.587736055222156717e-01,-2.278501378704335423e+02,3.412721795353050425e+00
3.094999999999956231e+00,2.315420543666837083e-01,4.219948711737745439e-01,-6.450317691694076530e+02,2.991561799934683297e+00
3.099999999999956124e+00,2.343535850816340083e-01,1.038852565373793224e+00,8.819159247580428200e+02,3.420501754169366304e+00
3.104999999999956017e+00,2.364417933108570180e-01,8.038843078033788836e-02,-3.749745145537789313e+02,3.112918247360087154e+00
3.109999999999955911e+00,2.400661647746810679e-01,5.500445441246154532e-01,-9.264535585519638516e+02,2.583959836108391084e+00
3.114999999999955804e+00,2.426639576748226002e-01,1.134637696906623416e+00,1.273670855521437261e+03,3.281900481381832879e+00
3.119999999999955698e+00,2.443893250529715344e-01,7.118166312240932492e-02,-2.115286418151142129e+02,2.782047911243406446e+00
3.124999999999955591e+00,2.473173936526089078e-01,5.202936714057923018e-01,-7.491555805476556316e+02,2.157060652123116817e+00
3.129999999999955484e+00,2.495489750213514824e-01,8.883711282297875877e-01,1.104746849885360461e+03,2.811361427294676751e+00
3.134999999999955378e+00,2.506687476155654570e-01,-7.802739964435810582e-02,-3.098623337314334663e+02,2.196696486924544445e+00
3.139999999999955271e+00,2.526077609271917823e-01,2.272539482834479707e-01,-7.876498933203861270e+02,1.024359090800478267e+00
3.144999999999955165e+00,2.542554803378032635e-01,7.206388962891185912e-01,9.765719616730883672e+02,1.405743732591062445e+00
3.149999999999955058e+00,2.544445734996128028e-01,-2.706161727900857072e-01,-2.856135210871612458e+02,6.863820605454119816e-02
3.154999999999954952e+00,2.552047379883424227e-01,-6.871383941305053873e-03,-5.495309837548592213e+02,-1.019581832213993788e+00
3.159999999999954845e+00,2.561001797709686056e-01,3.394171255444124458e-01,5.136228241951836253e+02,-1.249320975417954616e+00
3.164999999999954738e+00,2.566364404623528439e-01,6.343087488606531654e-02,4.198057487613201033e+01,-1.941549431780175583e+00
3.169999999999954632e+00,2.577016351068133759e-01,3.786787800520807074e-02,-5.657203375023094623e+02,-2.781398805179600586e+00
3.174999999999954525e+00,2.586506113352826652e-01,3.111362783372860763e-01,2.058812694973251496e+02,-2.596309572824880174e+00
3.179999999999954419e+00,2.591059412391806815e-01,1.163201667560763430e-01,1.654781839610153895e+02,-2.636769947224828048e+00
3.184999999999954312e+00,2.600349327560991242e-01,1.765224283413814946e-02,-4.954719496871178421e+02,-2.914326748917960952e+00
3.189999999999954206e+00,2.611022260091515612e-01,3.806860445771001467e-01,3.085394972661687802e+02,-2.494728025930295523e+00
3.194999999999954099e+00,2.615935871610558516e-01,1.232467877400331424e-01,1.489968213304760809e+02,-2.551938928185426558e+00
3.199999999999953992e+00,2.622270745189440588e-01,-7.130480743665868273e-03,-3.219418177284972558e+02,-2.608551798062369809e+00
3.204999999999953886e+00,2.632110581959449247e-01,-2.059471277741601047e-01,-7.526565040744213775e+02,-2.492430254026650083e+00
3.209999999999953779e+00,2.639917635981456345e-01,3.227340938429598127e-01,2.293759655794400771e+02,-2.205164430944181131e+00
3.214999999999953673e+00,2.647298484202697533e-01,3.289958109984570528e-02,-1.839273065529243922e+02,-2.118814203308395872e+00
3.219999999999953566e+00,2.652862496848359397e-01,9.552593733055242398e-02,-1.143538021490665955e+02,-1.763390303461783715e+00
3.224999999999953459e+00,2.659442805669344212e-01,1.124961540396898219e-01,7.575432882056050232e+01,-1.106694824745132255e+00
3.229999999999953353e+00,2.663770185903887033e-01,4.836709073785123297e-02,-1.349027232391817677e+01,-4.025139488933116572e-01
3.234999999999953246e+00,2.663011217127049801e-01,1.338513015915183089e-02,-3.100423273976908334e+01,2.136091899242007208e-01
3.239999999999953140e+00,2.664566398014844850e-01,1.114151453553923754e-01,3.937280104103361396e+02,6.584533937757425237e-01
3.244999999999953033e+00,2.671895893136632671e-01,4.073745430251350386e-01,-8.575011795333738007e+01,3.510590476509944935e-01
3.249999999999952927e+00,2.683345750711316757e-01,-1.008497144798843614e-02,-2.739950029144654877e+02,5.390671278576808501e-01
3.254999999999952820e+00,2.687946035442055903e-01,1.181185830690691663e-01,-7.633643174078644122e+00,5.614891874455965048e-01
3.259999999999952713e+00,2.701575817361382970e-01,2.012048160451448686e-01,-6.727237966712000627e+01,3.055841330123350574e-01
3.264999999999952607e+00,2.712119314056627983e-01,3.578506883475126021e-01,3.960692376100214318e+01,2.587657780069441693e-01
3.269999999999952500e+00,2.731853386416883689e-01,2.661149280768577707e-01,-2.033775054727113059e+02,1.979348960133841817e-01
3.274999999999952394e+00,2.750796208126859432e-01,5.338430946716087311e-01,1.263808030212921807e+02,3.805269056803286531e-01
3.279999999999952287e+00,2.774453538978730038e-01,4.728409734309246271e-01,1.165919401806965965e+02,-7.346017085167572125e-02
3.284999999999952180e+00,2.793218294115292766e-01,3.189777837938388427e-01,1.168111924467928908e+01,3.965714494576710880e-02
3.289999999999952074e+00,2.819279097674115553e-01,4.269677522365710187e-01,6.106913418840299812e+01,1.694606293616663373e-01
3.294999999999951967e+00,2.834534934975652676e-01,4.055832864488825296e-01,2.960084075508619321e+02,-9.009059143085154653e-02
3.299999999999951861e+00,2.839825804985282587e-01,3.205383670276926167e-01,2.606650726009163321e+01,1.969837182500772110e-02
3.304999999999951754e+00,2.858383404712313003e-01,4.047512235316651497e-01,1.303048666763955907e+02,2.100072710556739886e-01
3.309999999999951648e+00,2.867872791359504792e-01,3.527789590625135530e-01,7.366226100865803801e+02,2.521744086224498860e-01
3.314999999999951541e+00,2.884361822346163673e-01,1.823910871535988909e-01,-3.251400638743020295e+02,-2.732351098359336872e-02
3.319999999999951434e+00,2.897350774939710938e-01,3.875686835219847581e-01,-1.252639068917014100e+02,1.950165666106488116e-01
3.324999999999951328e+00,2.915637940590079524e-01,2.344167377429549060e-01,-2.558242316072610549e+02,-7.151647643771308349e-02
3.329999999999951221e+00,2.935119096832414787e-01,4.866931656597714984e-01,1.188883289232474141e+02,2.155525782083407837e-01
3.334999999999951115e+00,2.949520734535397981e-01,3.264225620295747032e-01,-4.200102611470746439e+01,-2.651491721651666467e-01
3.339999999999951008e+00,2.965495313168964309e-01,3.813663045437476473e-01,1.343585352777228366e+02,-4.714948036062435732e-02
3.344999999999950901e+00,3.012575275372180172e-01,1.176501562317192384e+00,1.346194370833812002e+02,-7.133856480152948043e-01
3.349999999999950795e+00,3.084737014883450756e-01,1.428701430842949094e+00,-1.011643424100064266e+02,-1.228302193659143393e+00
3.354999999999950688e+00,3.149195298986742775e-01,1.075731454948586574e+00,-2.194355590741675144e+02,-1.855520827383219551e+00
3.359999999999950582e+00,3.188086057420013719e-01,5.625001646304538250e-01,-1.045475737235883997e+02,-1.931754109361899285e+00
3.364999999999950475e+00,3.194039186100411931e-01,-9.195664781421274137e-02,-4.343950948504060960e+01,-1.770564608255347006e+00
3.369999999999950369e+00,3.163115741134789327e-01,-8.702805192849720761e-01,-6.537158525598304948e+01,-1.816355151989660133e+00
3.374999999999950262e+00,3.096416035839638647e-01,-1.558205878804709510e+00,-6.140534243163811468e+00,-1.684408654822101337e+00
3.379999999999950155e+00,2.996950942414705610e-01,-2.131032589638545804e+00,-6.117086690896629264e+00,-1.534970156138542263e+00
3.384999999999950049e+00,2.869589347313883931e-01,-2.759243918330926082e+00,-1.359927085171679835e+02,-1.333778442849359314e+00
3.389999999999949942e+00,2.722721767346126254e-01,-3.102020939437038383e+00,-1.041237304807848716e+02,-1.077981574300334700e+00
3.394999999999949836e+00,2.558557872751988094e-01,-3.355184274749015927e+00,-1.447564012668854794e+01,-8.870626592897399298e-01
3.399999999999949729e+00,2.376540753249909432e-01,-3.653100300639977593e+00,7.335649453009403942e+01,-5.333923135664546678e-01
3.404999999999949623e+00,2.191259801745231162e-01,-3.750514487107374784e+00,-7.031493329278168858e+01,7.924436889133357198e-02
3.409999999999949516e+00,2.007287571207607979e-01,-3.525492469230325110e+00,1.829519370135766394e+02,8.917530396818716953e-01
3.414999999999949409e+00,1.848283280872075329e-01,-2.839299081542145498e+00,2.941021982538790667e+02,2.045826890868324810e+00
3.419999999999949303e+00,1.900420735302730812e-01,2.643893276198681086e+00,-7.886601740714263542e+02,-7.448204551179871125e-02
3.424999999999949196e+00,1.922555496802682562e-01,1.247399177758111932e+00,1.779917578043489357e+03,3.370753424307143753e+00
3.429999999999949090e+00,1.953306764920501037e-01,1.613620767734863237e-01,-1.399278292288197008e+03,2.326242001785590929e+00
3.434999999999948983e+00,1.986839504471668849e-01,1.381469086467332463e+00,1.747292943578394215e+03,3.153964640306940126e+00
3.439999999999948876e+00,2.027085422484959931e-01,4.618343063939877036e-01,-1.412699453589405039e+03,1.790779646886968557e+00
3.444999999999948770e+00,2.061923323360493887e-01,1.098533778221018498e+00,1.428836789642786016e+03,3.235229451485436503e+00
3.449999999999948663e+00,2.097983273855108799e-01,6.447138321636599612e-01,-1.146303618181881575e+03,2.004618027370202338e+00
3.454999999999948557e+00,2.130863148672478558e-01,3.016515809838185569e-01,-9.937749975440278831e+02,2.516874020613454110e+00
3.459999999999948450e+00,2.154997694117351259e-01,6.058358473852332171e-01,3.062781118539173519e+01,2.902267363827820468e+00
3.464999999999948344e+00,2.182587860428985005e-01,8.280142851536472781e-01,5.266430812696651174e+02,3.198292532362008167e+00
3.469999999999948237e+00,2.205230815185124649e-01,3.703042463570217491e-01,-1.067495821914765628e+02,2.896879821101152608e+00
3.474999999999948130e+00,2.232154550123746362e-01,2.214695169786061735e-01,-7.487350270309309508e+02,2.866933891717221794e+00
3.479999999999948024e+00,2.257963432103393953e-01,2.643990936722828144e-01,-2.834529691104984295e+02,3.083672581058531925e+00
3.484999999999947917e+00,2.275453426741350926e-01,2.795131659839408256e-01,-1.574513994456018509e+02,3.225463468777965748e+00
3.489999999999947811e+00,2.303225448334174086e-01,4.081847447366241943e-01,-6.986757594295803528e+02,2.715616432652376400e+00
3.494999999999947704e+00,2.330769274359804355e-01,9.626895442146570225e-01,7.614958205662409227e+02,3.239800369375734235e+00
3.499999999999947597e+00,2.348785619453481466e-01,1.287461096900464619e-01,-1.527420455343499270e+02,3.100279501958900674e+00
3.504999999999947491e+00,2.380429761416296697e-01,4.987824641148420612e-01,-8.707525068528514112e+02,2.491244252820519200e+00
3.509999999999947384e+00,2.402214883065025841e-01,9.381515326497117391e-01,1.036402783486349790e+03,3.345775408529769290e+00
3.514999999999947278e+00,2.416659187592254121e-01,-5.257176873483240115e-02,-4.538686521795581825e+02,2.894292543781871618e+00
3.519999999999947171e+00,2.448633205464334772e-01,4.192819632164169197e-01,-9.069199927035294877e+02,2.511771487696729643e+00
3.524999999999947065e+00,2.466346930271238191e-01,8.980306531543040816e-01,1.092053934365664873e+03,3.146873951429224991e+00
3.529999999999946958e+00,2.479129674923407911e-01,-3.657851129201494800e-02,-3.082331284370878848e+02,2.723362687369168533e+00
3.534999999999946851e+00,2.503884480932588863e-01,3.274699938913330777e-01,-4.611190443940296859e+02,2.404344956490869656e+00
3.539999999999946745e+00,2.516686573952686690e-01,8.304255831158936507e-01,1.092455967374121883e+03,2.533564944414804732e+00
3.544999999999946638e+00,2.526936511289244458e-01,-2.099612610368896681e-01,-4.303048487757329212e+02,1.809346277583178342e+00
3.549999999999946532e+00,2.537077556460139993e-01,2.264538037877285998e-02,-6.227547705877058206e+02,6.194265608242075505e-01
3.554999999999946425e+00,2.540863112838730453e-01,2.529503680376615771e-01,7.402907919195528166e+02,6.539735411236243801e-01
3.559999999999946318e+00,2.535876333013289963e-01,-2.914152260909906866e-01,-1.744292497090677898e+02,-4.329552169890439339e-01
3.564999999999946212e+00,2.543067014489823197e-01,6.232161415374493432e-03,-6.286971911264523669e+02,-1.525826544839207211e+00
3.569999999999946105e+00,2.549161033654687714e-01,3.297895489978337480e-01,4.111547212292009590e+02,-1.656824410680327153e+00
3.574999999999945999e+00,2.553551318432377149e-01,2.466914052301727445e-02,5.682885154005430905e+01,-2.227317766607668226e+00
3.579999999999945892e+00,2.560217922273392843e-01,-3.997006352940339624e-02,-5.113333285340930843e+02,-2.769773102748997129e+00
3.584999999999945786e+00,2.569912595198681204e-01,3.878992750272124423e-01,4.078712594190691334e+02,-2.419778875742115698e+00
3.589999999999945679e+00,2.574302161965574265e-01,8.849783253674584071e-02,7.509909289027039847e+01,-2.580956737570185844e+00
3.594999999999945572e+00,2.581888700637230971e-01,1.092711601297106233e-01,-3.413320537211710644e+02,-2.786594471884265900e+00
3.599999999999945466e+00,2.588403549561553718e-01,1.456478448121309166e-01,1.022096288668265629e+02,-2.645849928921895078e+00
3.604999999999945359e+00,2.591751171133733211e-01,2.071595919079562143e-02,-2.955837222883485271e+00,-2.394472404524465858e+00
3.609999999999945253e+00,2.596108922530576124e-01,-6.573414198182341017e-02,-3.206719753408374913e+02,-2.498752513172024958e+00
3.614999999999945146e+00,2.601101705218062943e-01,7.543755023187320718e-02,-1.013664424286320020e+01,-2.189408901384465533e+00
3.619999999999945040e+00,2.603152163847287093e-01,1.429784532998487345e-01,1.093095483832533006e+02,-2.100098247175369082e+00
3.624999999999944933e+00,2.604550633078963062e-01,4.298943314256992165e-02,6.149870651521408860e+01,-1.858398032273614442e+00
3.629999999999944826e+00,2.601295169612228286e-01,-2.146768295964120166e-01,-2.265268124229965849e+02,-1.511425992233968341e+00
3.634999999999944720e+00,2.603594349145312292e-01,8.371019340392871211e-02,1.500273500133112634e+02,-8.933301208578117159e-01
3.639999999999944613e+00,2.600750269976099260e-01,4.202915140053940790e-02,1.165006549953955073e+02,-1.620461438755441963e-01
3.644999999999944507e+00,2.605154980510761553e-01,-8.624769781387689460e-02,-4.989289782998259284e+02,1.616861065747950688e-01
3.649999999999944400e+00,2.602865695800462564e-01,-4.096218846168019900e-01,-7.060559361232653828e+02,5.567505674532645665e-01
3.654999999999944293e+00,2.607577147755137381e-01,-2.280859916280245786e-02,-1.824782297317912878e+02,7.389885555040511811e-01
3.659999999999944187e+00,2.624076995037137316e-01,1.002960617486202549e-01,-2.768738255985433625e+02,7.555747155145733363e-01
3.664999999999944080e+00,2.638708041652713665e-01,5.870341491185223637e-01,-6.813603309612035730e+01,2.661723050514422373e-01
3.669999999999943974e+00,2.653638529851574668e-01,2.679876404390650335e-01,1.320786019393164423e+01,2.573514157539880109e-01
3.674999999999943867e+00,2.675042361636921218e-01,4.304171022849973549e-01,-9.482561323866835323e+01,1.276762175852625969e-01
3.679999999999943761e+00,2.688249452169170217e-01,3.349151621222423714e-02,-3.313066118930539119e+02,2.609423281546832118e-01
3.684999999999943654e+00,2.716283237394219729e-01,2.942986989201925030e-01,-1.480385814493643011e+02,5.189362066003047058e-01
3.689999999999943547e+00,2.726039426033927127e-01,8.262477883516181065e-02,2.117086189225840087e+02,4.682447628100366299e-01
3.694999999999943441e+00,2.745546317171769779e-01,3.926194774837376000e-01,-2.503163320169848660e+01,1.638646361951339725e-01
3.699999999999943334e+00,2.765277387901304285e-01,2.481406070902687500e-01,-2.810519597584591907e+02,3.090823213179135776e-01
3.704999999999943228e+00,2.802070486550613526e-01,7.247273093610742123e-01,-1.477374356852747894e+02,3.150718997521083642e-01
3.709999999999943121e+00,2.830674067521408155e-01,4.966733470969533215e-01,-5.955389596337180791e+01,5.013184674536153018e-02
3.714999999999943014e+00,2.855102113457215207e-01,3.527517714839329965e-01,-2.492816289436595696e+02,1.551337028442059673e-01
3.719999999999942908e+00,2.878525725534462065e-01,8.643906713548282772e-01,7.013856179812024720e+02,6.069010544524506834e-01
3.724999999999942801e+00,2.901565459294788152e-01,4.013262010040708483e-01,-1.268758672041860507e+02,1.405937331738025819e-01
3.729999999999942695e+00,2.926242288068482411e-01,6.913344171602064936e-01,4.505408835599797612e+02,4.337705826111803442e-01
3.734999999999942588e+00,2.946059305859813904e-01,3.337089361836061974e-01,-8.158453547163458097e+01,1.506287506422848699e-02
3.739999999999942482e+00,2.968703904559083506e-01,3.741967256814943688e-01,-9.345328779030971589e+01,2.244188399689762969e-01
3.744999999999942375e+00,2.988391274866120662e-01,4.292950950072944027e-01,7.353844544711394349e+01,4.026606109945632395e-02
3.749999999999942268e+00,3.008929638789240024e-01,5.146163330254597268e-01,1.138255811391626793e+02,7.457642872663086675e-02
3.754999999999942162e+00,3.036360730364870975e-01,9.102680678508221490e-01,2.327050934776193571e+02,-3.904578075395985781e-01
3.759999999999942055e+00,3.111087145554494171e-01,1.767411493513470599e+00,2.129006279976279359e+02,-7.258707672147829415e-01
3.764999999999941949e+00,3.200416244875318172e-01,1.786113048388879854e+00,2.848999694702094487e+01,-1.557746039255084813e+00
3.769999999999941842e+00,3.273763559856410765e-01,1.148743355186378379e+00,-3.690439593318033644e+02,-1.981187915197415217e+00
3.774999999999941735e+00,3.320460710195466403e-01,5.953612507681574906e-01,-2.269238029479191425e+02,-1.707965243460186855e+00
3.779999999999941629e+00,3.335538518500664185e-01,1.220569176431874764e-01,-2.240855609964821937e+01,-1.760449378453917024e+00
3.784999999999941522e+00,3.315225538241305947e-01,-6.627859156808144636e-01,-4.222730480972327882e+01,-1.767158467930496801e+00
3.789999999999941416e+00,3.259475351818707511e-01,-1.373036816716070030e+00,-1.842631049425384333e+02,-1.742976829969683283e+00
3.794999999999941309e+00,3.170806383820065633e-01,-1.993927269072953701e+00,-1.333056176721163695e+02,-1.558973629496286595e+00
3.799999999999941203e+00,3.053312684940784894e-01,-2.568258026225574753e+00,-1.008172304401501407e+02,-1.333679967497262364e+00
3.804999999999941096e+00,2.907951394859368821e-01,-3.158753907166306885e+00,-1.774663570293610064e+02,-1.360142802242572779e+00
3.809999999999940989e+00,2.736464566221889494e-01,-3.587625529844556294e+00,-9.894042967878723616e+00,-1.153024365046447119e+00
3.814999999999940883e+00,2.536979064480217039e-01,-4.184739897166475764e+00,-1.109822665327928348e+02,-9.295478579622042936e-01
3.819999999999940776e+00,2.320834518230073806e-01,-4.417754499275738489e+00,-1.264377675782271666e+02,-3.238125726799387927e-01
3.824999999999940670e+00,2.105609706082884613e-01,-4.231063858948107104e+00,1.297904036770057168e+01,6.473365741237553372e-01
3.829999999999940563e+00,1.908084392855679545e-01,-3.629289795935345175e+00,2.929714541241295365e+02,2.290957992483195760e+00
3.834999999999940457e+00,1.759112443372837231e-01,-2.424871628494175368e+00,3.822235029494020750e+02,3.539097991958535694e+00
3.839999999999940350e+00,1.850867457703294916e-01,2.547499892212246486e+00,-1.333682500995334408e+02,1.037311520327156567e+00
3.844999999999940243e+00,1.886749230938173927e-01,6.722047055728131992e-01,7.860186704538116373e+02,2.805042059215359096e+00
3.849999999999940137e+00,1.918698799381764186e-01,3.247253963722283032e-01,-6.469105770270811036e+02,2.771556240471709565e+00
3.854999999999940030e+00,1.944957598897034401e-01,6.274633635629418560e-01,7.348972388849819026e+01,2.454129841653291066e+00
3.859999999999939924e+00,1.978770212908147474e-01,-4.474640349199873746e-02,-1.317969143123144022e+03,2.242376711591385963e+00
3.864999999999939817e+00,2.011468851850298223e-01,1.575251596326174841e+00,1.654239350025509566e+03,3.270809604107403068e+00
3.869999999999939710e+00,2.041782459383558734e-01,-7.255941343405743205e-02,-1.373886229090009920e+03,2.148713580124283151e+00
3.874999999999939604e+00,2.080542512942380184e-01,1.605073775129925329e+00,1.593552984082469038e+03,3.259813053320479881e+00
3.879999999999939497e+00,2.102191066490841365e-01,-2.028574533546849967e-01,-1.340818104760560573e+03,2.260523993773827733e+00
3.884999999999939391e+00,2.138961732723436149e-01,1.335712121031173982e+00,1.260750129864920609e+03,3.291810622486649240e+00
3.889999999999939284e+00,2.144593818483795378e-01,-2.968879408013777033e-01,-1.072095142668369590e+03,2.425239929234531466e+00
3.894999999999939178e+00,2.176566266208252720e-01,8.969527774961429945e-01,9.779751106909736791e+02,3.346927000981236855e+00
3.899999999999939071e+00,2.182100103663205115e-01,1.619364923512223997e-01,-6.640101855346866842e+02,2.403965854490122123e+00
3.904999999999938964e+00,2.208927128513669402e-01,6.821345189390600749e-01,9.536695483241816191e+02,3.294969926282337536e+00
3.909999999999938858e+00,2.219908965919707156e-01,3.170987322726721569e-01,-7.432267627706853546e+02,2.293314413204356583e+00
3.914999999999938751e+00,2.236379704651257905e-01,6.194060910393626163e-01,5.198344140240627667e+02,3.088003379101963208e+00
3.919999999999938645e+00,2.249913780031279897e-01,2.181818210173602779e-01,4.594045740017146784e+01,3.053928938134196081e+00
3.924999999999938538e+00,2.263103828664537742e-01,1.500490481546092325e-01,-1.626749968743606303e+02,2.893462487283189333e+00
3.929999999999938431e+00,2.278404202108087195e-01,6.635942843705697758e-01,6.209611576228195418e+02,3.149234285052778581e+00
3.934999999999938325e+00,2.286657957209269620e-01,-9.835310207128513879e-03,-9.332425244850689694e+01,2.678198508718393267e+00
3.939999999999938218e+00,2.300210003965674488e-01,8.115190671415609125e-02,-3.933299501377196634e+02,2.896543000473609908e+00
3.944999999999938112e+00,2.312770827571228593e-01,4.276619714145746820e-01,2.683818807565154998e+02,2.970244278105988567e+00
3.949999999999938005e+00,2.330202759631569143e-01,-2.192909118830676241e-01,-7.245491337034494563e+02,2.652199561961400054e+00
3.954999999999937899e+00,2.347988571697337545e-01,1.538188390500170588e-01,-5.954070340376949844e+02,2.319684501510001162e+00
3.959999999999937792e+00,2.357800954616106892e-01,6.077806062663766440e-01,7.863512542649289117e+02,2.603592558321896622e+00
3.964999999999937685e+00,2.361121675428597688e-01,-7.763141045593363598e-02,-7.394073528352448932e+01,1.878652223755105988e+00
3.969999999999937579e+00,2.366130753736773729e-01,5.060797980299629184e-02,-2.628921713248442984e+02,1.005344856834879508e+00
3.974999999999937472e+00,2.369235623858318152e-01,3.135401740782965962e-01,6.233272644017298489e+02,1.570424394854652572e-02
3.979999999999937366e+00,2.364528471072970817e-01,-5.054134793973080741e-02,1.692359368948399094e+02,-9.854253025526859000e-01
3.984999999999937259e+00,2.363847988706450631e-01,-9.370297043171910145e-02,-3.888136050237835093e+02,-2.082415552900136468e+00
3.989999999999937152e+00,2.371659592803176952e-01,6.464142922660422175e-02,-8.304658033162542097e+01,-2.245434957265117770e+00
3.994999999999937046e+00,2.372390126211496586e-01,1.657403835594264130e-01,3.452974182335736941e+02,-2.192045976790585993e+00
3.999999999999936939e+00,2.378784215279100833e-01,9.289092592664124903e-03,-6.036186874081409997e+02,-2.864610968067502927e+00
4.004999999999936833e+00,2.383888184690615697e-01,1.148781706628089344e-01,-6.016099927906214617e+01,-2.560558305828493530e+00
4.009999999999936726e+00,2.388067856019636115e-01,9.367617685133360073e-02,1.260239611747778525e+02,-2.412129794851594511e+00
4.014999999999936620e+00,2.390233948781995410e-01,-1.002826537923322825e-01,-2.265712301868884424e+02,-2.556780556595064979e+00
4.019999999999936513e+00,2.396337212974681552e-01,5.237353660718569413e-03,-1.346066746189290200e+02,-2.472189126234863643e+00
4.024999999999936406e+00,2.396693860160204470e-01,7.225466649861617130e-02,1.950576919545382850e+02,-2.204533817680683683e+00
4.029999999999936300e+00,2.395450893399843073e-01,-1.530645099815337862e-01,-1.588397459530856395e+02,-2.373655601293538364e+00
4.034999999999936193e+00,2.396559566151298948e-01,-1.933686469959539633e-01,-3.182060667484478813e+02,-2.287991105023546190e+00
4.039999999999936087e+00,2.391876167410673104e-01,-9.794422875242222992e-02,2.030286265836594595e+01,-1.816799181903322902e+00
4.044999999999935980e+00,2.388681195271288860e-01,-9.098964133078746297e-02,-1.202255918255460045e+02,-1.314364715433876896e+00
4.049999999999935874e+00,2.389553604392428421e-01,-9.336043172606534046e-02,-4.636223057682854254e+00,-5.999945316790817884e-01
4.054999999999935767e+00,2.393621546389961829e-01,9.165889358229237227e-02,2.584453497502944970e+02,1.347476528039484034e-01
4.059999999999935660e+00,2.394468508804331042e-01,-1.525723302231616063e-01,-1.021555194302453629e+02,3.225130645171559451e-01
4.064999999999935554e+00,2.406969147112140717e-01,1.386412697201032107e-01,1.301668829427071614e+02,4.436272029157751762e-01
4.069999999999935447e+00,2.418702345847671964e-01,2.553317091373956127e-01,4.017916138743674814e+00,3.015433983082462244e-01
4.074999999999935341e+00,2.433775747265462530e-01,5.487408147866552621e-01,1.190329574618434378e+02,2.151026181831252881e-01
4.079999999999935234e+00,2.444457174078116801e-01,-9.314040438187833060e-02,-2.888836755363148541e+02,3.274799331224481636e-01
4.084999999999935127e+00,2.460606943032345451e-01,2.794082728287692885e-01,-1.301425515142819052e+02,1.405539508550795180e-01
4.089999999999935021e+00,2.486447409223832283e-01,4.244729832350283560e-01,-1.701256775658404763e+02,2.285733006703256631e-01
4.094999999999934914e+00,2.508131089144848835e-01,6.879067335435402608e-01,1.089764538404743490e+02,2.478599299744881357e-01
4.099999999999934808e+00,2.529704645672253283e-01,2.968226309078578207e-01,-1.661184737296959497e+02,-2.424023786466959762e-01
4.104999999999934701e+00,2.551421528597127564e-01,4.772297663566101855e-01,-3.194558265550780618e+01,-1.328874315171474918e-01
4.109999999999934595e+00,2.572588686026584526e-01,4.105274838229630574e-01,8.507631840038662574e+00,3.474955951117633668e-02
4.114999999999934488e+00,2.599190159597943306e-01,4.475331707120488445e-01,-4.238293767850586136e+01,8.762856009170366667e-02
4.119999999999934381e+00,2.622587832882817827e-01,5.925172992139629002e-01,2.644146544872212417e+02,3.236273533294420357e-01
4.124999999999934275e+00,2.645660299810538851e-01,5.912424065942581963e-01,2.022362719388010532e+02,-1.939493915607681529e-01
4.129999999999934168e+00,2.673198701113004283e-01,5.235350819641180209e-01,-8.284165189917473526e+01,-3.125060761337342119e-01
4.134999999999934062e+00,2.686711299833609012e-01,6.000341919500442600e-01,3.439347883400243973e+02,8.041612803989314773e-02
4.139999999999933955e+00,2.707269666615239045e-01,3.855161557263953043e-01,1.945831062116864629e+01,-3.865554444288990532e-01
4.144999999999933848e+00,2.734581949248077182e-01,3.829406312372650723e-01,-2.674429511308294991e+02,-2.061202442104372867e-01
4.149999999999933742e+00,2.791070558703497295e-01,1.622093875083337799e+00,1.505882781283264933e+02,-2.747993276810098973e-01
4.154999999999933635e+00,2.890827424272771062e-01,2.003903626419090589e+00,-1.900375740717802842e+02,-1.249509361186974088e+00
4.159999999999933529e+00,2.998847769780825789e-01,2.062668515212876308e+00,-1.251568548880395753e+02,-1.560171187276100158e+00
4.164999999999933422e+00,3.090247420643404408e-01,1.495223163486891771e+00,-3.319582227791106561e+02,-2.020999481881053939e+00
4.169999999999933316e+00,3.156160110457452150e-01,1.074844017401750840e+00,-1.675617214241280806e+02,-1.822091312912553551e+00
4.174999999999933209e+00,3.194674810863428194e-01,6.253268196134104118e-01,-2.464371551033790908e+01,-1.942271793816715109e+00
4.179999999999933102e+00,3.194082744636341231e-01,-2.761423850315203321e-01,-1.829124554213293550e+02,-2.128350180090670563e+00
4.184999999999932996e+00,3.161399777492822083e-01,-8.653866147841299261e-01,1.776651718141664205e+01,-1.714363778233122027e+00
4.189999999999932889e+00,3.098077063833769573e-01,-1.454879514329797896e+00,-1.797748595842285013e+01,-1.660334505049372744e+00
4.194999999999932783e+00,3.005771227967081183e-01,-2.084127601756989190e+00,-1.992429132353572072e+02,-1.653349354107262803e+00
4.199999999999932676e+00,2.884428569431587430e-01,-2.680728720010004285e+00,-2.169422000856416162e+02,-1.503054451183819973e+00
4.204999999999932569e+00,2.743534263813964258e-01,-2.874552574988479048e+00,4.139922880039963360e+01,-1.094198198532747135e+00
4.209999999999932463e+00,2.582187281535350265e-01,-3.274932038996007932e+00,2.990575765828665311e+01,-1.108480614342235437e+00
4.214999999999932356e+00,2.405273296621256440e-01,-3.614391622756593314e+00,4.927548828812523851e+01,-9.450073044973621439e-01
4.219999999999932250e+00,2.213854890065316550e-01,-3.866748545939948212e+00,-5.158256052063753927e+00,-7.462372802747707645e-01
4.224999999999932143e+00,2.018760258110106898e-01,-3.914270358380369519e+00,1.695797391103833007e+01,-2.412161510765140626e-01
4.229999999999932037e+00,1.819290722930334558e-01,-3.979974789884143771e+00,6.432064817938683632e+01,1.071204854534228978e-01
4.234999999999931930e+00,1.617052904804176516e-01,-3.932242941213113241e+00,-2.100139148452070614e+01,6.003604385809826471e-01
4.239999999999931823e+00,1.427702093040974507e-01,-3.530090140196134652e+00,2.881039479336998284e+02,1.400652935026728496e+00
4.244999999999931717e+00,1.267867791933053323e-01,-2.956113582117499305e+00,7.641267473839857871e+01,2.600245130919336400e+00
4.249999999999931610e+00,1.157942726962715996e-01,-1.801012454650943395e+00,1.097843614877023413e+02,3.410538851388145165e+00
4.254999999999931504e+00,1.102683355743104138e-01,-7.346444404584422383e-01,9.568830795923574328e+01,3.350164751666153684e+00
4.259999999999931397e+00,1.106546980305099237e-01,3.929820219115248703e-01,1.217004777938368143e+01,2.946594024322082728e+00
4.264999999999931291e+00,1.124852555809872229e-01,3.875300127753738555e-01,-1.442343853309235313e-01,3.412360962113430762e+00
4.269999999999931184e+00,1.153540155580248250e-01,5.915889485259997332e-02,-1.269714753022842615e+03,3.017173637448690826e+00
4.274999999999931077e+00,1.175490588525482938e-01,7.809372682308900471e-01,6.845281103590677958e+02,3.355858406196505328e+00
4.279999999999930971e+00,1.210359695427924709e-01,8.836900524276150581e-02,-1.579441274259101874e+03,2.531322357664408607e+00
4.284999999999930864e+00,1.242450776747069524e-01,1.021135060327820865e+00,1.164773159790658838e+03,3.632642014983675338e+00
4.289999999999930758e+00,1.267417115784586490e-01,-3.482507190654449396e-03,-1.400209343480591770e+03,2.804943666273801206e+00
4.294999999999930651e+00,1.300808795360234305e-01,1.014248583584141272e+00,1.119436745784357072e+03,3.839574298777537642e+00
4.299999999999930544e+00,1.317947934815198452e-01,-1.277289159119319173e-01,-1.328427142044857874e+03,3.081817628575951318e+00
4.304999999999930438e+00,1.349563074615992841e-01,9.012744018544132096e-01,1.059768311257150572e+03,3.997669123344441022e+00
4.309999999999930331e+00,1.363136689437472460e-01,-2.246771910210568490e-01,-1.261557161287277722e+03,3.326860891341564042e+00
4.314999999999930225e+00,1.393644530768706202e-01,7.868212254839428432e-01,9.337680109656890863e+02,4.159848793854561855e+00
4.319999999999930118e+00,1.402646942817473985e-01,-1.971424522834643589e-01,-1.112486504363627319e+03,3.443324327225439241e+00
4.324999999999930012e+00,1.430044308805843989e-01,5.280720267287201120e-01,7.145832460296230693e+02,4.197664056324358128e+00
4.329999999999929905e+00,1.437564567646766878e-01,1.800846573172142431e-02,-8.242310789418772856e+02,3.539139191763068570e+00
4.334999999999929798e+00,1.455202034775478770e-01,3.855629632591862643e-01,8.698262632884276400e+02,4.312312647962153633e+00
4.339999999999929692e+00,1.471835856139493137e-01,-1.923528105461017323e-01,-1.322188158914963196e+03,3.397878113583250759e+00
4.344999999999929585e+00,1.482456286501415144e-01,6.705167413502378659e-01,9.762929025481657845e+02,4.259813176825174352e+00
4.349999999999929479e+00,1.498368046397943465e-01,-4.389469060844062298e-01,-1.089316491490493263e+03,3.605164265113955935e+00
4.354999999999929372e+00,1.514175929883194160e-01,3.998244239485350127e-01,1.970770590148174506e+02,4.085332594276040119e+00
4.359999999999929265e+00,1.524830719982626370e-01,7.803616994783260652e-02,-3.586679945177479567e+01,3.747399361378465521e+00
4.364999999999929159e+00,1.539053233450932145e-01,3.056870067567015181e-01,1.335974118181335655e+02,3.926907915810287530e+00
4.369999999999929052e+00,1.551579459022156271e-01,2.570498950785862768e-01,2.973122291463528555e+01,3.813460287032464979e+00
4.374999999999928946e+00,1.565041511831581078e-01,1.942532241733657405e-01,1.258484195104796299e+02,3.793885736828864541e+00
4.379999999999928839e+00,1.577756539071700770e-01,-6.980780878486135543e-02,-7.386018495636151329e+02,3.285061765536320788e+00
4.384999999999928733e+00,1.593682958404235017e-01,7.176944112878202997e-01,5.605200065239465630e+02,3.876553615670460751e+00
4.389999999999928626e+00,1.600626753428082416e-01,7.692115148096172715e-03,-1.248607988947267984e+02,3.119367065763945845e+00
4.394999999999928519e+00,1.604273650215332636e-01,8.314505300557492595e-02,8.441401985479100176e+02,4.025308953979765292e+00
4.399999999999928413e+00,1.612878206818406657e-01,8.334753905079435310e-02,-1.905876258498518609e+02,2.960137124894809624e+00
4.404999999999928306e+00,1.623941441928101470e-01,1.658052066641393651e-01,-1.286316437185788430e+01,3.065004548807703344e+00
4.409999999999928200e+00,1.630014436812449730e-01,-4.779159227680160327e-02,-2.487914910764031617e+02,2.025249948456741667e+00
4.414999999999928093e+00,1.637242887859834961e-01,2.648674085281845225e-01,1.807116378660418547e+02,1.672787655910611626e+00
4.419999999999927986e+00,1.640128118455092543e-01,5.737524998848639139e-03,3.685022630333065763e+01,3.690582531542967448e-01
4.424999999999927880e+00,1.641644933990660526e-01,-8.235902251461482693e-02,-1.309484335564497428e+02,-5.997214276769828878e-01
4.429999999999927773e+00,1.650042675479099774e-01,2.479555736706761937e-01,9.070845153643381309e+01,-1.325337984353915477e+00
4.434999999999927667e+00,1.655380208629323724e-01,2.137362390921211386e-01,2.318708968384929108e+02,-1.625738300550450655e+00
4.439999999999927560e+00,1.658741272609692841e-01,3.556252982319234833e-03,-2.359762243471025158e+02,-1.849522562666569003e+00
4.444999999999927454e+00,1.665246294433288810e-01,-1.837446381359251757e-01,-5.019783486986460730e+02,-2.059323692495699021e+00
4.449999999999927347e+00,1.667738952621341531e-01,6.816241052052506022e-02,1.158957474662007030e+02,-1.699931801119781927e+00
4.454999999999927240e+00,1.669567266318628118e-01,-1.310105642699012363e-01,-8.438325845610818021e+01,-1.843831268619784192e+00
4.459999999999927134e+00,1.674897537883542342e-01,7.592299574003178592e-03,-5.825577279963676602e+01,-1.818249771956955030e+00
4.464999999999927027e+00,1.676772907283536063e-01,1.999334245296795209e-01,2.709600408871055492e+02,-1.670207620777992119e+00
4.469999999999926921e+00,1.676133258582220287e-01,-3.389952596670332829e-02,1.270676902107853756e+01,-1.343559908510231882e+00
4.474999999999926814e+00,1.675159227525175598e-01,-7.934401408643777798e-02,-4.039790140885191505e+01,-7.969913568597614129e-01
4.479999999999926708e+00,1.678041808131719159e-01,4.636396597211744908e-02,7.574866100313147399e+01,-9.057974116269314202e-02
4.484999999999926601e+00,1.681368758252086981e-01,2.954550334386214505e-01,4.142841120743892702e+02,3.529015291642669250e-01
4.489999999999926494e+00,1.690474679803312119e-01,7.909521142920591386e-01,1.044882546285674607e+03,7.063779084727447310e-01
4.494999999999926388e+00,1.701064064894679817e-01,3.941763959628915431e-02,-5.578352244418308601e+02,2.067629990623044978e-01
4.499999999999926281e+00,1.718576511190595124e-01,7.247456835372034778e-01,7.904562942798140739e+02,5.040708905627983016e-01
4.504999999999926175e+00,1.741495716142535677e-01,1.171783831494894512e+00,1.177366149050108106e+03,4.167654346288664491e-01
4.509999999999926068e+00,1.778701561082259575e-01,8.840873405016321795e-01,-3.299515101297034221e+02,-3.679070916264207680e-01
4.514999999999925961e+00,1.814874904438039116e-01,9.943456008470203944e-01,1.848721754200677481e+02,-1.591709454443644423e-01
4.519999999999925855e+00,1.844986974766222865e-01,3.084014684413544094e-01,-1.811865032855831430e+02,-1.274585453949970693e-01
4.524999999999925748e+00,1.876700316273572644e-01,4.616618472628217229e-01,-9.218857184803151483e+01,-2.251463917573398588e-01
4.529999999999925642e+00,1.920798339554686263e-01,5.443781490746166796e-01,-2.515953438653566252e+02,-4.738720943891334692e-01
4.534999999999925535e+00,1.959773768683616690e-01,7.734999339945443086e-01,-2.761784188854876447e+02,-4.417510772177206668e-01
4.539999999999925429e+00,2.008749536453074969e-01,1.047439586363192454e+00,-5.826430739226649536e+01,-4.531875209028920493e-01
4.544999999999925322e+00,2.046060158624892211e-01,7.608549781862845585e-01,1.133334951548683023e+02,-6.169909511770321764e-01
4.549999999999925215e+00,2.084699499022621971e-01,7.075366184696607608e-01,8.552123985713502918e+01,-7.389743075981822784e-01
4.554999999999925109e+00,2.127371977575011341e-01,8.001850064702563659e-01,-2.326719195803647011e+01,-1.062671512123202433e+00
4.559999999999925002e+00,2.153792607082829769e-01,2.918991277467379297e-01,-2.903649505890774662e+02,-1.126964577234375042e+00
4.564999999999924896e+00,2.180426616540521445e-01,4.787510886993928128e-01,-2.677027810049255763e+01,-1.042096352850411689e+00
4.569999999999924789e+00,2.198035484501782710e-01,5.863388693211822877e-01,4.822728687461782897e+02,-9.248905483552251061e-01
4.574999999999924682e+00,2.211319704596981517e-01,1.999539204813277349e-01,-8.549413671202036369e+01,-7.720968382610388092e-01
4.579999999999924576e+00,2.222560355342695360e-01,1.296678479823007157e-01,-1.045886924094347421e+02,-4.746209088890122052e-01
4.584999999999924469e+00,2.225939770816204311e-01,-4.551299370360732399e-01,-7.737172488883558117e+02,-5.677731763949736554e-02
4.589999999999924363e+00,2.233283728929894851e-01,1.385610902167839220e-01,-1.434386642991706253e+02,1.371246984037065575e-01
4.594999999999924256e+00,2.237921534738822049e-01,1.181956018032149225e-01,1.375355060859460536e+02,2.358727478971869851e-02
4.599999999999924150e+00,2.242452871401610648e-01,1.375409584583627554e-01,1.663277884227115067e+02,1.726055245330539445e-01
4.604999999999924043e+00,2.247565389548754067e-01,1.499517387137506153e-01,2.772661203683297160e+01,2.134035015331676444e-01
4.609999999999923936e+00,2.257967714056554609e-01,2.565200295445437262e-01,7.384352545237817367e+01,2.547751650073137863e-01
4.614999999999923830e+00,2.268647220613908277e-01,3.327375582670069054e-01,4.610852782372994341e+01,-1.409744934541409811e-01
4.619999999999923723e+00,2.283715638483803101e-01,4.250660774003740539e-01,1.057970321739678354e+02,-1.697734422438868518e-01
4.624999999999923617e+00,2.301938011680758067e-01,4.677395353122360544e-01,6.525061107107909208e+01,-2.163742301702995807e-01
4.629999999999923510e+00,2.325345949320108963e-01,5.800609948896580104e-01,6.897989778222290624e+01,-2.470752960192614811e-01
4.634999999999923403e+00,2.349359298440010790e-01,5.753862753133480723e-01,7.384901987863516126e+01,-6.990151940577529199e-01
4.639999999999923297e+00,2.371376703166020172e-01,5.735924884060672468e-01,1.897053028445339180e+02,-6.885642943113788883e-01
4.644999999999923190e+00,2.392737376715765585e-01,4.785994317159143474e-01,4.553669778522477429e+01,-8.169827418088836390e-01
4.649999999999923084e+00,2.411610767834159730e-01,4.683659476880949746e-01,8.624542799738308929e+01,-8.951885313963749979e-01
4.654999999999922977e+00,2.424281258378711279e-01,3.039377253250578614e-01,8.619062839901572204e+01,-1.236617037997024493e+00
4.659999999999922871e+00,2.430298695224524796e-01,1.505372823816377714e-01,3.497999552413058666e+01,-1.209564518550217516e+00
4.664999999999922764e+00,2.432283952091898183e-01,1.044207068876664563e-01,7.253215759097072635e+01,-1.201438263067638346e+00
4.669999999999922657e+00,2.426200101148182353e-01,-9.165646041363939567e-02,6.901666133345996457e+01,-1.482366754055942648e+00
4.674999999999922551e+00,2.413612645161893056e-01,-2.491831887244520816e-01,-6.871422537910883754e+00,-1.407387545735489187e+00
4.679999999999922444e+00,2.398460338948626425e-01,-2.078360634061715839e-01,1.023172561878800764e+02,-1.362148391610604747e+00
4.684999999999922338e+00,2.377952004287704757e-01,-3.610207129741729859e-01,9.872010873309960743e+01,-1.553467005026095471e+00
4.689999999999922231e+00,2.355678346226178499e-01,-4.165479682339603973e-01,1.813198695199137944e+01,-1.489844271829922295e+00
4.694999999999922125e+00,2.332807805120169498e-01,-3.222945993499374273e-01,1.225547449980946482e+02,-1.443728680901663841e+00
4.699999999999922018e+00,2.307209439203634083e-01,-4.218042001180853373e-01,1.415093469091950737e+02,-1.600804882107615956e+00
4.704999999999921911e+00,2.283486627932878321e-01,-4.821829350630194022e-01,-4.319803417539266555e+00,-1.520246483133729676e+00
4.709999999999921805e+00,2.256945445787282567e-01,-5.085220224173856440e-01,8.557248811118337528e+01,-1.422254308606780260e+00
4.714999999999921698e+00,2.225499549281231282e-01,-6.268420316015427263e-01,9.273874268739535864e+01,-1.482681938073248329e+00
4.719999999999921592e+00,2.188908601425852418e-01,-7.453811385710057413e-01,4.674471224581956363e+01,-1.340425590998513883e+00
4.724999999999921485e+00,2.148518265274803885e-01,-7.441432938608337766e-01,1.823492872490389232e+02,-1.374660265867971631e+00
4.729999999999921378e+00,2.106853625367818006e-01,-8.307847674096844326e-01,4.771160741645169168e+01,-1.209264987305573413e+00
4.734999999999921272e+00,2.067359940445024080e-01,-7.545305606496186535e-01,2.438824273608713611e+01,-1.078089023019086712e+00
4.739999999999921165e+00,2.030411510803664943e-01,-6.477570386770101774e-01,1.391344538571104863e+02,-1.047271600834095207e+00
4.744999999999921059e+00,1.997990415640209516e-01,-5.298677460604382938e-01,8.260150330377459227e+01,-1.038617681221091882e+00
4.749999999999920952e+00,1.979841743457030345e-01,-1.562472574711320783e-01,1.743762332839099258e+02,-1.256268749026403508e+00
4.754999999999920846e+00,1.982478650367644479e-01,3.200484836029990343e-01,2.197729295847289848e+02,-1.604951586352543869e+00
4.759999999999920739e+00,1.994086279890034674e-01,4.577124281812857687e-01,5.564815415462845749e+02,-1.731487023700483352e+00
4.764999999999920632e+00,2.004046835161323592e-01,-4.804769562637941499e-02,-7.366780723928005727e+02,-1.765073877316747808e+00
4.769999999999920526e+00,2.037509273366416296e-01,9.794654898719764580e-01,1.086252918855767348e+03,-1.385405299066211349e-01
4.774999999999920419e+00,2.062598039180591203e-01,2.949784333047639207e-01,-1.202599995637074244e+03,4.255547656093315867e-01
4.779999999999920313e+00,2.098043127611449732e-01,7.110553906621850384e-01,6.171538364403966170e+02,2.461044896119486403e+00
4.784999999999920206e+00,2.122371254573276744e-01,6.252562875438369971e-01,-8.352297506326320899e+02,1.639341972180782037e+00
4.789999999999920099e+00,2.175629333932120879e-01,8.994998309925776869e-01,-9.828203822880603866e+02,1.596814936749491487e+00
4.794999999999919993e+00,2.221220574507672407e-01,4.220556272877816206e-01,-1.283012652345017614e+03,1.424393905931762960e+00
4.799999999999919886e+00,2.262711380422204044e-01,8.674812207558038057e-01,-1.578557478302815298e+02,1.999924978546731236e+00
4.804999999999919780e+00,2.315696762434782396e-01,1.431463743940191380e+00,1.200519507172194380e+03,2.370235282398661436e+00
4.809999999999919673e+00,2.356186779270013631e-01,4.220837911805094267e-01,-5.745352484529144022e+02,1.797333495937353254e+00
4.814999999999919567e+00,2.395640652479306687e-01,9.426229130260618261e-01,3.950014888089243072e+02,2.287791902798249843e+00
4.819999999999919460e+00,2.426945983175536892e-01,6.199543449110564985e-01,6.976439498284170782e+01,2.210254094845361728e+00
4.824999999999919353e+00,2.456807603460260392e-01,3.316988499879187091e-01,-3.982218576251420359e+02,2.206159072648161246e+00
4.829999999999919247e+00,2.487147017732104504e-01,3.478392417820102556e-01,-2.530613277425036927e+02,2.402300874205094861e+00
4.834999999999919140e+00,2.516107821327064897e-01,8.124932599378867915e-01,3.969510164812808171e+02,2.493405205272888558e+00
4.839999999999919034e+00,2.541502248940664122e-01,1.910588256437774357e-01,-2.725137982733901367e+02,2.509311156195201509e+00
4.844999999999918927e+00,2.570038588658303258e-01,3.094125194689875680e-01,-4.977255798397695798e+02,2.329011643806270904e+00
4.849999999999918820e+00,2.595931126852608628e-01,8.234297793964262535e-01,6.311480325585851006e+02,2.713419586885490453e+00
4.854999999999918714e+00,2.617496560235783032e-01,5.714819536244492709e-02,-3.721852161903863703e+02,2.529179793881524585e+00
4.859999999999918607e+00,2.645571707843386022e-01,3.313212635895983471e-01,-5.359867638149985396e+02,2.317842239539912974e+00
4.864999999999918501e+00,2.673538986368241832e-01,1.092959924366203373e+00,9.852829522202042654e+02,2.708359030677307544e+00
4.869999999999918394e+00,2.698266856777428169e-01,-8.883465129277771932e-02,-6.402765651948606092e+02,2.335081111750939353e+00
4.874999999999918288e+00,2.733078956210190369e-01,4.669607516525537405e-01,-7.359747600963795549e+02,2.106382221143128231e+00
4.879999999999918181e+00,2.764223373246556537e-01,1.080872910182558488e+00,1.257550317792901751e+03,2.748784010943385869e+00
4.884999999999918074e+00,2.781717477269856076e-01,-1.790299055486466451e-01,-6.002690895218477181e+02,2.393072674648965226e+00
4.889999999999917968e+00,2.803738105329979802e-01,-2.112269484333814673e-02,-7.233216005920246516e+02,2.329385958202896845e+00
4.894999999999917861e+00,2.806334520331837390e-01,-1.876843282977484206e-01,-3.621970072907554368e+02,2.549266474382003711e+00
4.899999999999917755e+00,2.833794084646821809e-01,3.557563765908646203e-01,-1.239506152675616477e+03,1.705658369383733053e+00
4.904999999999917648e+00,2.848132856189487527e-01,8.442193761559066978e-01,9.745088207185315241e+02,2.475709311423649250e+00
4.909999999999917542e+00,2.850822120173432395e-01,9.612414371879719754e-02,-1.917587762747587874e+02,2.134021515018447612e+00
4.914999999999917435e+00,2.856161725738332047e-01,4.697656669124459783e-01,6.930478463449751416e+02,2.241162033828586253e+00
4.919999999999917328e+00,2.849410018143992418e-01,-1.879950425467842301e-01,-2.407669862001133367e+02,1.743875233961058591e+00
4.924999999999917222e+00,2.844360646499210499e-01,-2.812584496382961596e-01,-2.577594188186766928e+02,2.044880604118282985e+00
4.929999999999917115e+00,2.848830638948099958e-01,1.765070531604546467e-01,3.950389305221445397e+02,1.763041632441919360e+00
4.934999999999917009e+00,2.844651460518833885e-01,-8.119002993246066113e-02,-2.998306355695630145e+02,1.189950273771169353e+00
4.939999999999916902e+00,2.844669268021317032e-01,-3.049428791113415471e-01,-1.646634400679918144e+02,4.417118955312411277e-01
4.944999999999916795e+00,2.850152480366563990e-01,1.541220990060772345e-01,-7.715460359481616024e+02,-1.337636711855259453e+00
4.949999999999916689e+00,2.853682146157122124e-01,4.344450287416134482e-01,7.701037059435423089e+02,-1.687554053344632488e+00
4.954999999999916582e+00,2.854376566213719935e-01,-3.085922029928990229e-01,-2.633204282643980605e+02,-2.676981900891588051e+00
4.959999999999916476e+00,2.857949700582428920e-01,6.568168572031785057e-02,-5.178263844089980239e+02,-3.409757035062076724e+00
4.964999999999916369e+00,2.864899691016531413e-01,-3.071970509005739758e-01,-7.525740728046777122e+02,-3.340988361157601449e+00
4.969999999999916263e+00,2.867547713886744454e-01,1.891803619676645995e-02,-2.418891010351881832e+01,-2.810158384541413312e+00
4.974999999999916156e+00,2.872825754770352846e-01,-1.901022700745018390e-01,-6.293218078149988060e+02,-3.492969706626418258e+00
4.979999999999916049e+00,2.880772729246070529e-01,-6.585632718041231626e-02,-2.788991540964141223e+02,-3.097965905300927414e+00
4.984999999999915943e+00,2.893373203067516330e-01,2.574262768374397936e-01,-3.888587354770320417e+02,-3.391227016747873524e+00
4.989999999999915836e+00,2.899512671907191197e-01,3.557376361997587333e-01,4.546489148221141932e+02,-3.162599628098724747e+00
4.994999999999915730e+00,2.910741061541466390e-01,3.452957029632058306e-01,1.960529805066057634e+02,-2.842090709122555570e+00
4.999999999999915623e+00,2.911406972425593653e-01,6.474057944712836854e-02,1.101679477853973488e+01,-2.939624889173069189e+00
