5.000000000000000104e-03,-2.163512999993180697e-01,-5.389221029457399226e+01,-1.888608103352898979e+03,-7.490170946282077580e-01
1.000000000000000021e-02,-4.127154496403571682e-01,-3.315968934724953243e+01,2.354456697290161173e+03,3.048682546847389929e+00
1.499999999999999944e-02,-5.527550846822822939e-01,-2.525228247970047946e+01,1.232020367390706724e+03,1.734743322707403834e+00
2.000000000000000042e-02,-6.634653639494306754e-01,-2.027543728349075636e+01,8.831409813480571529e+02,1.536757362390167359e+00
2.500000000000000139e-02,-7.502258116305258184e-01,-1.567742140533299988e+01,7.731489558394839605e+02,1.830598812509617979e+00
3.000000000000000236e-02,-8.082989933590212228e-01,-9.594836840883560924e+00,8.528148224490113307e+02,2.649513736595446201e+00
3.500000000000000333e-02,-8.458111679083646361e-01,-6.366261933840261733e+00,5.061012960158433884e+02,2.078597053717221588e+00
4.000000000000000083e-02,-8.726127922478620347e-01,-4.734366127998079321e+00,3.002619721554922307e+02,1.243454116220661820e+00
4.499999999999999833e-02,-8.916320104047794626e-01,-3.248079138303782809e+00,2.604381785878340452e+02,9.344399428536400709e-01
4.999999999999999584e-02,-9.040642205201826487e-01,-2.037756805240721114e+00,2.083994085457787264e+02,6.922652960315320847e-01
5.499999999999999334e-02,-9.119252093286618344e-01,-1.280649142521063766e+00,1.397908897342952343e+02,3.885143603268252921e-01
5.999999999999999084e-02,-9.170121957942495294e-01,-8.342994956737761481e-01,9.219477751499724150e+01,1.284618165101408804e-01
6.499999999999998834e-02,-9.203952853679586710e-01,-5.533390816522253397e-01,6.500386850703351627e+01,-5.821694823418321896e-02
6.999999999999999278e-02,-9.226307246228003800e-01,-3.559215459322792596e-01,4.956815494672127898e+01,-1.826375960883827587e-01
7.499999999999999722e-02,-9.240181434503070834e-01,-2.058776586111508433e-01,3.960379959123326898e+01,-2.634746484587227600e-01
8.000000000000000167e-02,-9.247959254667224016e-01,-1.022873477809049803e-01,3.059050033190995421e+01,-3.202045100105896935e-01
8.500000000000000611e-02,-9.252228242274262993e-01,-5.146183405750780204e-02,2.167966488218030463e+01,-3.610317728841813123e-01
9.000000000000001055e-02,-9.255524664547967184e-01,-4.909224472942257111e-02,1.411957422921381600e+01,-3.862476143117807847e-01
9.500000000000001499e-02,-9.260206193963982368e-01,-9.200694224615595107e-02,7.730692477141209551e+00,-3.994114492096080826e-01
1.000000000000000194e-01,-9.268386739000233909e-01,-1.746345802423903137e-01,2.751009197475785317e+00,-4.017379666006420935e-01
1.050000000000000239e-01,-9.281852533846022268e-01,-2.900980154447563297e-01,-7.398178516292712725e-01,-3.942713177939387026e-01
1.100000000000000283e-01,-9.301931598436560256e-01,-4.284262398787085924e-01,-2.511878105593478683e+00,-3.774089350862797621e-01
1.150000000000000328e-01,-9.329381485677490371e-01,-5.778666231222406857e-01,-2.539400744139438171e+00,-3.520084981467806462e-01
1.200000000000000372e-01,-9.364260814136409206e-01,-7.238133143524108082e-01,-7.128213950985109459e-01,-3.190222540607031143e-01
1.250000000000000278e-01,-9.405979779129423068e-01,-8.543462876393262961e-01,2.457710391546014783e+00,-2.803839477385143275e-01
1.300000000000000322e-01,-9.453727973741038459e-01,-9.685269113310969180e-01,5.611832998744987755e+00,-2.393910932339512465e-01
1.350000000000000366e-01,-9.506632610238785475e-01,-1.065031822824691332e+00,8.757264276928962587e+00,-1.972976648698212543e-01
1.400000000000000411e-01,-9.563720056573336015e-01,-1.141591898840377040e+00,1.196906950717857221e+01,-1.548042125341392294e-01
1.450000000000000455e-01,-9.623900020523601384e-01,-1.195898877440475294e+00,1.521747762527981251e+01,-1.126523580730351970e-01
1.500000000000000500e-01,-9.686028757519555832e-01,-1.227467994410207375e+00,1.826754782933713628e+01,-7.245334938620429099e-02
1.550000000000000544e-01,-1.033438829884756105e+00,-1.441806497881042759e+01,7.936118386061447154e+02,7.849072916118615240e+00
1.600000000000000588e-01,-1.098081817410863747e+00,-1.213392583454908369e+01,9.248747244000293222e+02,1.166821113159518575e+01
1.650000000000000633e-01,-1.157291363561737896e+00,-1.155719153676316679e+01,-3.295102507859607499e+01,1.262869666819539560e+01
1.700000000000000677e-01,-1.212676062277282751e+00,-1.078297956912310518e+01,9.053486828538093789e+01,1.341189946497070196e+01
1.750000000000000722e-01,-1.264134048711644143e+00,-1.011041051200951202e+01,-1.892338079638668091e+02,1.395474510798861623e+01
1.800000000000000766e-01,-1.313246949543412478e+00,-9.591576215974749076e+00,2.008954961804903974e+02,1.742779651862329970e+01
1.850000000000000810e-01,-1.359800220958480521e+00,-9.063516687188323928e+00,9.526412582012076768e+01,1.504359097296298842e+01
1.900000000000000855e-01,-1.403196851017528779e+00,-8.607410466501692170e+00,-7.792501974247862506e+01,1.629135206344193421e+01
1.950000000000000899e-01,-1.443533519783237518e+00,-7.784548018343500964e+00,2.416380060882108296e+02,1.751191978716615694e+01
2.000000000000000944e-01,-1.480816522173079353e+00,-7.030084099531221042e+00,5.140675279002314255e+02,1.562190623894633390e+01
2.050000000000000988e-01,-1.516015142880025923e+00,-6.715966412845329359e+00,4.346385339409619633e+02,1.774245230718116773e+01
2.100000000000001033e-01,-1.548726412258516039e+00,-6.301175304259328591e+00,1.039085773471827707e+02,1.521534374669328926e+01
2.150000000000001077e-01,-1.578986568495940990e+00,-5.946776331264626236e+00,-1.186712623506242466e+02,1.788041828343800432e+01
2.200000000000001121e-01,-1.607885424181042522e+00,-5.691969055987383896e+00,-1.867670770420881752e+02,1.547446971233578950e+01
2.250000000000001166e-01,-1.634244933618916651e+00,-5.262187827976702259e+00,-1.994267822528710496e+02,1.829953847892374341e+01
2.300000000000001210e-01,-1.659375713568342015e+00,-5.121222126784012119e+00,-2.084653405363210084e+02,1.570674123017931301e+01
2.350000000000001255e-01,-1.682273812445256977e+00,-4.576244146691179182e+00,-7.749998977627559782e+01,1.910218482811978902e+01
2.400000000000001299e-01,-1.703895235742016290e+00,-4.627119786290529113e+00,-3.903880272692612721e+02,1.598747173965328194e+01
2.450000000000001343e-01,-1.723119777389683582e+00,-4.248434445002253312e+00,-5.789821502499441976e+02,1.910647837195432075e+01
2.500000000000001110e-01,-1.741082790373109201e+00,-3.633652271690924085e+00,-4.151302717793398642e+02,1.674788189223500723e+01
2.550000000000001155e-01,-1.756609242331560461e+00,-3.055980554026254570e+00,-4.537446081014095398e+02,1.837197514463479919e+01
2.600000000000001199e-01,-1.771232199935387497e+00,-2.302020972455202319e+00,1.127279657893606327e+03,1.905070869053091798e+01
2.650000000000001243e-01,-1.785091306634702946e+00,-3.109619985643697682e+00,-4.961049844883793867e+02,1.732682170508929431e+01
2.700000000000001288e-01,-1.796737283854601186e+00,-2.402829861021123392e+00,-5.557851036091357173e+02,1.825958905015378164e+01
2.750000000000001332e-01,-1.808160160783758297e+00,-2.008537360907021174e+00,3.973134175351312933e+02,1.813641778479290778e+01
2.800000000000001377e-01,-1.817648277689941416e+00,-1.166153781898661146e+00,1.358802605049095973e+03,1.934224901086738413e+01
2.850000000000001421e-01,-1.825206580969329861e+00,-1.009978897076899695e+00,6.367775939697280592e+02,1.898514344177042545e+01
2.900000000000001465e-01,-1.830783974692423044e+00,-1.298283607430847475e+00,-2.964239764669054011e+02,1.866353422998032485e+01
2.950000000000001510e-01,-1.833822404602892142e+00,-6.657282307706552382e-01,-3.603467810683985135e+02,2.000099637016629117e+01
3.000000000000001554e-01,-1.834991697241150632e+00,-9.953603233120278393e-02,-3.861303014026085521e+02,1.679025503569947020e+01
3.050000000000001599e-01,-1.834229751618378756e+00,1.003161969219604543e+00,1.340826658283076313e+03,1.677422029003880866e+01
3.100000000000001643e-01,-1.831250868802063669e+00,3.158229034494163256e-01,-5.006912380467135222e+02,1.445980446072836578e+01
3.150000000000001688e-01,-1.827183799858909996e+00,9.736856781604886768e-01,-3.886768352017907091e+02,1.351869193518949430e+01
3.200000000000001732e-01,-1.821314220288884123e+00,1.782872028291260680e+00,1.075971313466257016e+03,1.345469240904988162e+01
3.250000000000001776e-01,-1.815184990623091910e+00,8.551697751199720532e-01,-4.676508239619950587e+02,1.236029012263840876e+01
3.300000000000001821e-01,-1.806089779363417414e+00,1.914743898213083328e+00,-4.649974459736097288e+02,1.174440442040556221e+01
3.350000000000001865e-01,-1.797821778614306254e+00,1.992944331208310160e+00,5.471059850078790987e+02,1.123148155391594294e+01
3.400000000000001910e-01,-1.788293612598232718e+00,1.669176422237910185e+00,-4.290255697742878738e+02,9.385257531052403124e+00
3.450000000000001954e-01,-1.776521538303266645e+00,2.375840833498590765e+00,-2.878683742411060962e+02,8.100782560698798207e+00
3.500000000000001998e-01,-1.765413789678232259e+00,2.320124097608150304e+00,1.671425004056970636e+02,6.252276467467743792e+00
3.550000000000002043e-01,-1.753469124872392149e+00,2.470769195688162778e+00,1.192178509531755140e+02,4.463423188748796733e+00
3.600000000000002087e-01,-1.741315818320624320e+00,2.396922538863850871e+00,-2.919992927129725331e+02,1.880173355792466472e+00
3.650000000000002132e-01,-1.728677308936394708e+00,2.505061842473924383e+00,-7.209983235721543338e+01,-9.392903155699383611e-02
3.700000000000002176e-01,-1.717630255419628993e+00,1.996913795712525141e+00,-1.448926831546010305e+02,-1.797113887555343847e+00
3.750000000000002220e-01,-1.709620993825023527e+00,1.343733016886942577e+00,-8.774370753220567565e+01,-2.024927527335375288e+00
3.800000000000002265e-01,-1.705202138290485392e+00,1.156697625383843242e+00,1.607827553872438102e+02,-2.442789456373676948e+00
3.850000000000002309e-01,-1.700972446913679326e+00,5.505320028564555379e-01,-1.266928498031988113e+02,-2.102604281039228251e+00
3.900000000000002354e-01,-1.700295464030584736e+00,5.646266189883847320e-02,2.942396447953713619e+02,-1.802460557870411151e+00
3.950000000000002398e-01,-1.700380210347408383e+00,-1.374415816560440873e-01,-2.794008560109477912e+01,-1.363353165267277678e+00
4.000000000000002442e-01,-1.702132397106228989e+00,-3.944469648685057228e-01,1.482870941970599290e+02,-1.410078435174798583e+00
4.050000000000002487e-01,-1.704076351539727030e+00,-4.152543499380377257e-01,1.751547487715144413e+01,-9.801588165146086773e-01
4.100000000000002531e-01,-1.706402360537207619e+00,-4.023943114131258159e-01,2.715251713435153746e+01,-1.286243129416251074e+00
4.150000000000002576e-01,-1.708079228368086122e+00,-2.913012092230484740e-01,5.502817559158145855e+01,-7.584164875083490021e-01
4.200000000000002620e-01,-1.709400364079167511e+00,-1.443106593414906769e-01,2.321452963035374140e+01,-1.111870742548677793e+00
4.250000000000002665e-01,-1.709505936039859009e+00,5.535391359063819572e-02,7.236608954376538350e+01,-4.745501779418289656e-01
4.300000000000002709e-01,-1.708991965461929219e+00,2.254244586688266827e-01,6.200557409959472466e+01,-6.121391879776865164e-01
4.350000000000002753e-01,-1.706902742631683179e+00,5.243658836768249065e-01,8.040002888068040932e+01,8.357077614223690221e-03
4.400000000000002798e-01,-1.703636826274256499e+00,7.171254606137413834e-01,-9.651039519240375952e+00,-4.103914426706034568e-02
4.450000000000002842e-01,-1.699117012753583955e+00,1.013698026197823676e+00,7.683431426787612395e+01,7.197934710140621029e-01
4.500000000000002887e-01,-1.693573147085602137e+00,1.161565953226862957e+00,-4.613663599279414385e+00,7.138425182368687283e-01
4.550000000000002931e-01,-1.687107831718487327e+00,1.363190151229360936e+00,5.842407842487118330e+01,1.684951482178300930e+00
4.600000000000002975e-01,-1.680240285579028603e+00,1.396153637905992229e+00,1.331020137578031104e+01,1.952224388156713841e+00
4.650000000000003020e-01,-1.673303031676985464e+00,1.354656035422553195e+00,-4.269989861091529093e+01,2.542821900907684896e+00
4.700000000000003064e-01,-1.666731313555841032e+00,1.263376459058956458e+00,-3.710579683132662865e+01,2.637616473669261996e+00
4.750000000000003109e-01,-1.660964830851695107e+00,1.072367423597586855e+00,-3.105105945770278808e+01,3.567971846158563665e+00
4.800000000000003153e-01,-1.656521003476628451e+00,7.677968750359543959e-01,-6.216569220819769725e+01,3.824463658303900893e+00
4.850000000000003197e-01,-1.653355762881850710e+00,6.770622865586328754e-01,-8.617406949133385297e+01,4.871517938329644082e+00
4.900000000000003242e-01,-1.650510242271534089e+00,5.222184550542116055e-01,-9.059540868622798371e+01,5.163792850314256277e+00
4.950000000000003286e-01,-1.647723019320086690e+00,6.092016939294793154e-01,8.198238827717472077e+01,6.124689444761191481e+00
5.000000000000003331e-01,-1.644806039744630244e+00,6.531993991025428770e-01,1.119297938694857919e+02,6.380748913785174281e+00
5.050000000000003375e-01,-1.641775183164632113e+00,5.257029245310705923e-01,-1.342398496278982805e+02,6.772216061544058974e+00
5.100000000000003419e-01,-1.638280466415528824e+00,7.862692516390399344e-01,2.991113975492375516e+02,7.195577438078309740e+00
5.150000000000003464e-01,-1.634600436387676936e+00,6.827824096353108940e-01,-1.189327668940220519e+02,7.055058533161467693e+00
5.200000000000003508e-01,-1.631228193261395454e+00,5.228640454522512915e-01,-1.245626591467888602e+02,6.828851043918933605e+00
5.250000000000003553e-01,-1.627466838257643600e+00,9.080467143093728932e-01,3.773478306119778836e+02,6.609876064018612496e+00
5.300000000000003597e-01,-1.623613558800063306e+00,8.234545733971547765e-01,-1.194319154612510516e+02,5.645498500901145356e+00
5.350000000000003642e-01,-1.619980612799966302e+00,7.942760371340690240e-01,-5.479522955452177513e+01,4.431929697086574471e+00
5.400000000000003686e-01,-1.616611227039780774e+00,5.943617942657335451e-01,-4.743195292679374830e+01,2.735509448394778609e+00
5.450000000000003730e-01,-1.613466573696142881e+00,6.412884301743492221e-01,1.446472049833501750e+01,1.436597488108606768e+00
5.500000000000003775e-01,-1.610976997186838400e+00,4.428757395497436855e-01,3.830097469024645420e+02,-8.381633078441524942e-01
5.550000000000003819e-01,-1.608371847211170991e+00,4.925002483438469247e-01,-1.802270038135815255e+01,-2.788422320037889257e+00
5.600000000000003864e-01,-1.606855527075752743e+00,3.302752467897401289e-01,9.822829636474473602e+00,-4.409396809622481150e+00
5.650000000000003908e-01,-1.605831636776275717e+00,1.359965643800855328e-01,1.543717708114826905e+02,-5.093230015337266714e+00
5.700000000000003952e-01,-1.605062856409466665e+00,4.386080193299185526e-02,-7.566887694544568888e+01,-5.799022063840700625e+00
5.750000000000003997e-01,-1.604928780826761159e+00,-2.883366646487365431e-02,-1.983349598482059406e+01,-6.276736238693390924e+00
5.800000000000004041e-01,-1.605316965396023754e+00,-1.426896583694313159e-01,8.189217612562709192e+00,-6.474382001403109932e+00
5.850000000000004086e-01,-1.606162557372919686e+00,-2.420352710811320418e-01,-2.562219568628681898e+01,-6.848469124914094763e+00
5.900000000000004130e-01,-1.607982258842629575e+00,-4.246884304074733385e-01,5.224823097010101236e+01,-6.816439215744829028e+00
5.950000000000004174e-01,-1.610432619818602085e+00,-5.571292982804258997e-01,-8.930840304531677987e+00,-6.559028668102296677e+00
6.000000000000004219e-01,-1.613731181657514169e+00,-6.847240017887673558e-01,6.786577396482940117e+01,-6.568005193425800137e+00
6.050000000000004263e-01,-1.617474591070917622e+00,-7.532107076231306930e-01,8.291957211811218542e+01,-6.209244340506555382e+00
6.100000000000004308e-01,-1.621146100482880215e+00,-9.157979740198894936e-01,-2.776865831678313725e+02,-6.351727053543483770e+00
6.150000000000004352e-01,-1.625556643619246788e+00,-8.605470366675689320e-01,2.307792566727686534e+01,-5.009445430067667182e+00
6.200000000000004396e-01,-1.631043791930902875e+00,-1.241459875667945578e+00,-6.899067830749011421e+01,-3.955393900960102016e+00
6.250000000000004441e-01,-1.638192112101412468e+00,-1.543617553059417613e+00,-4.508126098458888720e+01,-1.141756576833937054e+00
6.300000000000004485e-01,-1.643310035976916827e+00,-6.998733308593813041e-01,1.432561568672123542e+02,2.006313452367059824e+00
6.350000000000004530e-01,-1.644121594276745313e+00,-2.517541710145370093e-01,-4.574941192460027395e+01,8.452606330326714712e+00
6.400000000000004574e-01,-1.643249929737305770e+00,1.699307843436502763e-01,-2.393528485978252434e+02,1.606308219321996944e+01
6.450000000000004619e-01,-1.639050601887636294e+00,1.097168146226001006e+00,-7.670128370483373601e+02,2.251415633626636037e+01
6.500000000000004663e-01,-1.633509102374355759e+00,2.237162384110653879e-01,-5.867197612980685335e+02,2.619471831086226032e+01
6.550000000000004707e-01,-1.626307338242814593e+00,1.540046352157497855e+00,-7.001679268112014825e+02,2.726798658816821330e+01
6.600000000000004752e-01,-1.617288903905736541e+00,3.085708747565377941e+00,2.175152418140311056e+03,2.100900129365140145e+01
6.650000000000004796e-01,-1.607732212946368033e+00,2.019332767321766475e+00,-5.403966699256524180e+02,1.476487871176389710e+01
6.700000000000004841e-01,-1.598961392684546068e+00,9.340928477105651107e-01,-5.179845844684064105e+02,1.785009313819401910e+01
6.750000000000004885e-01,-1.590840379796550241e+00,9.603443455372544513e-01,-8.496347252891447397e+02,1.911988154517145588e+01
6.800000000000004929e-01,-1.580090908329094157e+00,2.152701869428398140e+00,-5.982682339669030398e+02,1.732238793735055538e+01
6.850000000000004974e-01,-1.572312703110644971e+00,2.798776187328396503e+00,1.779686758791761577e+03,1.758153264779664582e+01
6.900000000000005018e-01,-1.563446547580265467e+00,9.691109484105588923e-01,-1.063592951593667522e+03,1.549210717515153135e+01
6.950000000000005063e-01,-1.552194624176552740e+00,3.133045323176833818e+00,2.682412790962378949e+03,1.821439289970912512e+01
7.000000000000005107e-01,-1.544147415401317280e+00,1.707548072001397133e+00,-9.584348145096454346e+02,1.476276493354828467e+01
7.050000000000005151e-01,-1.536042585678903505e+00,2.749629364949754406e-01,-1.110695844934436991e+03,1.624937136478948574e+01
7.100000000000005196e-01,-1.525693180188706366e+00,3.158601790032322221e+00,2.850858503571075744e+03,1.792491035593770476e+01
7.150000000000005240e-01,-1.516513716473712581e+00,2.102481726841770815e+00,-9.396094004262106409e+02,1.405346827478062188e+01
7.200000000000005285e-01,-1.509787417868927895e+00,7.800880961411597037e-01,-9.205631822427081943e+02,1.508044349007878893e+01
7.250000000000005329e-01,-1.497825245205077316e+00,2.930456200285799895e+00,1.993053859503768081e+03,1.626443799394519374e+01
7.300000000000005373e-01,-1.486839611056220090e+00,2.716521929496083398e+00,-8.689029835257091463e+02,1.365182500470803184e+01
7.350000000000005418e-01,-1.476571083951267349e+00,1.729081236482158390e+00,-8.553246482746279753e+02,1.340085041617757788e+01
7.400000000000005462e-01,-1.468221226529529799e+00,2.991084436186465023e+00,2.148840492879455269e+03,1.477391832084769341e+01
7.450000000000005507e-01,-1.456474258402654653e+00,3.011891168944947239e+00,-8.670293552617441719e+02,1.221159808892433141e+01
7.500000000000005551e-01,-1.446925933749681370e+00,2.562702310856304067e+00,-8.911577368865073367e+02,1.138086635043811690e+01
7.550000000000005596e-01,-1.435706081780796284e+00,2.111106338726388643e+00,-8.837221693248820884e+02,1.137619549424677778e+01
7.600000000000005640e-01,-1.426275602490318262e+00,1.693676982125672081e+00,-8.755730192649695027e+02,1.164059247047046597e+01
7.650000000000005684e-01,-1.413656200438040189e+00,1.645039930411729578e+00,-9.138703027969912682e+02,1.134882833731969320e+01
7.700000000000005729e-01,-1.401045612014064634e+00,1.730335205573012569e+00,-8.300105472973272072e+02,1.092884274184105386e+01
7.750000000000005773e-01,-1.388776531611234377e+00,1.615775912870123898e+00,-8.401876789446829434e+02,1.113755209043131700e+01
7.800000000000005818e-01,-1.377500940302294197e+00,1.329634592770853274e+00,-8.687100576943436181e+02,1.066303429443536466e+01
7.850000000000005862e-01,-1.362042514155651807e+00,1.355093866040860018e+00,-8.801865621198273857e+02,1.003978646047993628e+01
7.900000000000005906e-01,-1.346972743832979935e+00,1.239042507422339012e+00,-8.948582604654359329e+02,9.216431686026730574e+00
7.950000000000005951e-01,-1.332461224968885860e+00,1.132545344454500835e+00,-8.978131287584246820e+02,8.758490649870337208e+00
8.000000000000005995e-01,-1.318440062016175807e+00,1.232472878536976735e+00,-6.739521487083297870e+02,8.192436817266898430e+00
8.050000000000006040e-01,-1.303766228040282193e+00,4.388151280341117122e+00,3.091481510803530455e+03,7.694956790184990680e+00
8.100000000000006084e-01,-1.288971190217466312e+00,3.162308357752655841e+00,-8.336810985116402435e+02,4.021174907437860213e+00
8.150000000000006128e-01,-1.275811375056341346e+00,2.307814486696302403e+00,-9.490316310925120433e+02,4.850915815824705213e+00
8.200000000000006173e-01,-1.262891923737420985e+00,1.538563537354260324e+00,-9.427591852203905773e+02,5.293813937043745810e+00
8.250000000000006217e-01,-1.246038991011009456e+00,4.628943062968517097e+00,2.912241303726956630e+03,5.737667022378393433e+00
8.300000000000006262e-01,-1.231394642429016084e+00,2.944535365644168845e+00,-9.617475456509299647e+02,2.414807037131754264e+00
8.350000000000006306e-01,-1.217051951274365607e+00,1.593459279714024124e+00,-1.029922845878955059e+03,3.668026831672726473e+00
8.400000000000006350e-01,-1.200701108162987696e+00,4.397333070504202190e+00,2.873588216499352711e+03,4.552734847778418192e+00
8.450000000000006395e-01,-1.187996242788373680e+00,2.292479305029520020e+00,-1.109643541052719684e+03,1.717304101675042327e+00
8.500000000000006439e-01,-1.173853810210047754e+00,4.307986839670196133e+00,2.581307070092764206e+03,3.331050744673721642e+00
8.550000000000006484e-01,-1.159700777838119645e+00,1.868241485509311461e+00,-1.107413962156939533e+03,1.289212594089523378e+00
8.600000000000006528e-01,-1.144308620185104042e+00,3.932225606149250652e+00,2.633285382730965921e+03,3.078509156550944592e+00
8.650000000000006573e-01,-1.128753735465554575e+00,2.564167054900848175e+00,-1.054085910610536303e+03,1.978406287270442876e+00
8.700000000000006617e-01,-1.113077504448914068e+00,3.641935006894370552e+00,1.174130995038174433e+03,2.552093471601443397e+00
8.750000000000006661e-01,-1.096987949102353088e+00,2.630681046233848797e+00,-9.549995678055503276e+02,1.828132599382701340e+00
8.800000000000006706e-01,-1.079532983964293535e+00,3.564017210994921747e+00,-7.270637635143665420e+02,9.637290396799791381e-01
8.850000000000006750e-01,-1.063379661850020863e+00,2.944043570342940619e+00,-9.724888606399360924e+02,-1.527075342886398790e+00
8.900000000000006795e-01,-1.049666879495468219e+00,2.567361929543044319e+00,-1.134216576818667193e+02,-3.591393213793605099e+00
8.950000000000006839e-01,-1.052973472278042388e+00,-1.957631194230768035e+00,-3.970326201956798968e+02,-4.703354489860269716e+00
9.000000000000006883e-01,-1.075912453595445850e+00,-5.158920081932328650e+00,-7.488390104972867221e+02,-6.215405641243396673e+00
9.050000000000006928e-01,-1.119512160125891498e+00,-1.074652107306393489e+01,-8.376655999384053075e+02,-5.587033814103953056e+00
9.100000000000006972e-01,-1.182873322519114812e+00,-1.319368711898798985e+01,-3.365278957113175693e+02,-5.737396286010478796e+00
9.150000000000007017e-01,-1.252679283092632989e+00,-1.476878496190021828e+01,-7.759165667958149015e+02,-5.395421105593592337e+00
9.200000000000007061e-01,-1.318711665833992353e+00,-1.280544018587116284e+01,1.428454698852533227e+02,-5.922044918175810579e+00
9.250000000000007105e-01,-1.380533219386271382e+00,-1.140911793910352046e+01,5.758058585945401546e+02,-5.341746676576636155e+00
9.300000000000007150e-01,-1.432991343742877621e+00,-9.938727237658401492e+00,2.383847820591202264e+02,-5.450130534293421647e+00
9.350000000000007194e-01,-1.479109904025622590e+00,-8.288170287989247598e+00,3.302973428863699610e+02,-5.144080054514018840e+00
9.400000000000007239e-01,-1.518478071622342052e+00,-7.416916089524245415e+00,1.067857082599054138e+03,-4.610127026838713782e+00
9.450000000000007283e-01,-1.550792120374652860e+00,-6.006845834201583578e+00,2.499505518429740789e+02,-4.728724354793678586e+00
9.500000000000007327e-01,-1.579386111040316454e+00,-5.101290050830900036e+00,2.207442107907742184e+02,-4.846371868406902372e+00
9.550000000000007372e-01,-1.603021307810925000e+00,-4.944646225663259287e+00,-4.757910443079891820e+02,-4.413199156096311526e+00
9.600000000000007416e-01,-1.622428374010589813e+00,-3.507051224928240618e+00,1.187846255562851212e+02,-4.828188553106522285e+00
9.650000000000007461e-01,-1.638852044595004775e+00,-2.969563329196649892e+00,2.618051339394665433e+02,-4.240367099596186407e+00
9.700000000000007505e-01,-1.652186532081816095e+00,-2.690206039222402534e+00,-2.378636301208944985e+02,-4.703654443026530352e+00
9.750000000000007550e-01,-1.662976557195156468e+00,-1.949423582041981629e+00,1.361900041172843316e+02,-4.221504080670351655e+00
9.800000000000007594e-01,-1.671949474189593943e+00,-1.588720576196972045e+00,5.493710181026856532e+01,-4.655294639860069417e+00
9.850000000000007638e-01,-1.679094907410241921e+00,-1.314527238938506759e+00,1.918528121707287823e+02,-4.107473050376817092e+00
9.900000000000007683e-01,-1.684824162026893113e+00,-1.091822698003173553e+00,-6.075576173970406302e+01,-4.648620803978473326e+00
9.950000000000007727e-01,-1.689224941149884751e+00,-7.804924829875923287e-01,9.362922178558167730e+01,-4.190017460032416707e+00
1.000000000000000666e+00,-1.692730967537039666e+00,-5.994288113651065064e-01,1.017054253543207309e+01,-4.651402313251742804e+00
1.005000000000000560e+00,-1.695291820612685907e+00,-4.454575803627842667e-01,7.882057256174594784e+01,-4.202492497799653393e+00
1.010000000000000453e+00,-1.697237181443591370e+00,-3.202907846994227925e-01,-2.700926557182132814e+00,-4.599070442842709383e+00
1.015000000000000346e+00,-1.698531485550549780e+00,-2.277044196428151812e-01,6.582193180690320844e+01,-4.251693160616447642e+00
1.020000000000000240e+00,-1.699503935056092097e+00,-1.674364173969218605e-01,-2.701505113034488659e+01,-4.424158934172152335e+00
1.025000000000000133e+00,-1.700263281023247863e+00,-1.417615201667316860e-01,1.903920565276665400e+01,-4.254304549783961775e+00
1.030000000000000027e+00,-1.700738516173590620e+00,-1.150565995121775598e-01,-6.648645900843432344e+01,-4.608322485678932878e+00
1.034999999999999920e+00,-1.701125129129771540e+00,-7.751934593269214913e-02,1.081494406454038248e+01,-4.175868907712188438e+00
1.039999999999999813e+00,-1.701605314195677732e+00,-9.392933874229324187e-02,1.493803190474902642e+01,-4.111959552411240892e+00
1.044999999999999707e+00,-1.701972104559133392e+00,-7.307819206002753865e-02,-1.924819734430252893e+01,-4.260416609476700422e+00
1.049999999999999600e+00,-1.702243288459812431e+00,-4.233041867823161830e-02,1.350074769330504409e+01,-4.648034047659619361e+00
1.054999999999999494e+00,-1.706006287603986094e+00,-1.781801440562102989e+00,-4.872795293739400790e+02,-3.689236352609967184e+00
1.059999999999999387e+00,-1.721780566154783143e+00,-3.873128202018225608e+00,-3.133579736278285282e+02,-2.669682226462517960e+00
1.064999999999999281e+00,-1.745679530340594754e+00,-5.238721005450285517e+00,-1.858700830031898192e+02,-1.926218273482812382e+00
1.069999999999999174e+00,-1.772704167502411776e+00,-5.444950325567464944e+00,7.234689085562138189e+00,-8.590055479797080729e-01
1.074999999999999067e+00,-1.800402837616251750e+00,-5.508347541447999873e+00,5.985043768635769368e+01,-7.453011032211303011e-01
1.079999999999998961e+00,-1.828527966880070466e+00,-5.598128331540354274e+00,3.754420417140831034e+01,-5.231737029130498762e-01
1.084999999999998854e+00,-1.854426006132376736e+00,-4.896893326852451267e+00,1.436657343710246550e+02,1.394094618134253949e-01
1.089999999999998748e+00,-1.876964871243000710e+00,-4.295431840964774040e+00,7.239680125804051158e+01,1.201126989269565293e-01
1.094999999999998641e+00,-1.894258821166496132e+00,-3.000468884593802343e+00,2.143450384621048670e+02,6.412658090550964474e-01
1.099999999999998535e+00,-1.906090856151106072e+00,-2.013699009718545430e+00,1.201460055428131426e+02,4.852812160668047436e-01
1.104999999999998428e+00,-1.913607311075286255e+00,-1.222464563117449998e+00,1.174926236344459767e+02,2.958877094458163270e-01
1.109999999999998321e+00,-1.918705812957903323e+00,-9.119834089642653296e-01,4.853858155467406021e+01,-9.614518979852099134e-02
1.114999999999998215e+00,-1.921290508917666839e+00,-3.118967743321195973e-01,8.750387709006257353e+01,2.086924865120707850e-01
1.119999999999998108e+00,-1.921656281691068502e+00,3.679990605069261012e-02,3.941620402736324280e+01,-2.094184004145158845e-03
1.124999999999998002e+00,-1.920275658488180159e+00,3.895422806240248503e-01,4.949181131804182598e+01,-5.143716870048667400e-02
1.129999999999997895e+00,-1.916816615547310754e+00,8.399411914359686815e-01,5.409977203904415433e+01,1.477674948075429207e-01
1.134999999999997788e+00,-1.910448091327684894e+00,1.484755806366485631e+00,8.849537912018506347e+01,2.031445586274693849e-01
1.139999999999997682e+00,-1.901958570071397459e+00,1.791158296790472670e+00,3.562443551880368631e+01,-5.257628121616786387e-02
1.144999999999997575e+00,-1.890338088268207484e+00,2.581868935895144990e+00,1.092840345942487517e+02,3.892173383555947996e-01
1.149999999999997469e+00,-1.875248361105632311e+00,3.197614612654986921e+00,5.593985944383825171e+01,1.876011350027622093e-01
1.154999999999997362e+00,-1.857035435647812260e+00,3.830278627365490962e+00,7.128940266920511704e+01,1.278909281423548094e-01
1.159999999999997256e+00,-1.835669687369960723e+00,4.455316575647414012e+00,5.807009231857306020e+01,2.432187170885122818e-01
1.164999999999997149e+00,-1.810921897446445827e+00,5.142334607324822393e+00,6.017889201490611839e+01,1.737257677942918299e-01
1.169999999999997042e+00,-1.784125988860683520e+00,5.406905486199372390e+00,3.496918589300994640e+00,-1.476732731838565904e-01
1.174999999999996936e+00,-1.754709185856313081e+00,6.064553206482790060e+00,6.014706352436132164e+01,2.504338865852182572e-01
1.179999999999996829e+00,-1.723230261178718470e+00,6.316616556696975415e+00,-3.096423515271577287e+01,-1.105456220454397176e-01
1.184999999999996723e+00,-1.690458773896830857e+00,6.590363042910651892e+00,-5.643415516589695535e+00,-1.459445384303421633e-01
1.189999999999996616e+00,-1.693269982275063423e+00,-5.944429468574453646e-01,-1.284818020806568839e+01,4.155218221402336098e+00
1.194999999999996509e+00,-1.697863738237408882e+00,-1.118660033771681439e+00,-8.493273210264520401e+01,7.567877080303907711e+00
1.199999999999996403e+00,-1.702692592825103102e+00,-8.498980157658904133e-01,-2.013715472224859298e+02,1.156234054098032793e+01
1.204999999999996296e+00,-1.706295929334005423e+00,-6.594242604147885212e-01,-3.587830661336610092e+02,1.588406339999327876e+01
1.209999999999996190e+00,-1.708566059248977975e+00,-3.856823287298424829e-01,-4.286093974600236720e+02,1.894728211353416114e+01
1.214999999999996083e+00,-1.709599710354401836e+00,-1.946626746854597245e-01,-4.151357885451403718e+02,2.062943289466426577e+01
1.219999999999995977e+00,-1.708972994447946148e+00,2.225803878559907134e-01,-3.765053878430948089e+02,2.077674932303295563e+01
1.224999999999995870e+00,-1.707635338932707914e+00,4.631473673408313396e-01,3.089061324412220984e+02,2.031860206599829510e+01
1.229999999999995763e+00,-1.705708740796518574e+00,3.846445356973249297e-01,-4.846542082594606882e+01,1.897440870180932038e+01
1.234999999999995657e+00,-1.702122825567054631e+00,4.849837055423353305e-01,-2.288849517437796806e+02,1.956210094226927865e+01
1.239999999999995550e+00,-1.698116396097881120e+00,8.304135124396672119e-01,1.999183616451946364e+02,2.059155911890311685e+01
1.244999999999995444e+00,-1.694854240821289437e+00,5.776018191544094460e-01,-3.704021182105601042e+02,1.991867245092880978e+01
1.249999999999995337e+00,-1.690819292080605551e+00,9.196164259589791889e-01,3.944937632667580374e+02,2.058467706393654950e+01
1.254999999999995230e+00,-1.687885376721941055e+00,3.918712245925908277e-01,-4.281588190743682389e+02,1.960667067599560909e+01
1.259999999999995124e+00,-1.684596311291650661e+00,8.193883060628180948e-01,4.250799052488710004e+02,2.072191869004909037e+01
1.264999999999995017e+00,-1.682140873635829870e+00,2.849020575509675912e-01,-4.175477001062337763e+02,1.948149300353547986e+01
1.269999999999994911e+00,-1.679596274239144371e+00,6.587773425102135816e-01,4.066633241453585015e+02,2.061170772645196791e+01
1.274999999999994804e+00,-1.677852201087425943e+00,1.522214334941752456e-01,-3.969420922042252755e+02,1.923403826534304528e+01
1.279999999999994698e+00,-1.676121061171252702e+00,4.762260849211343294e-01,3.800056300838932657e+02,2.046541934061362511e+01
1.284999999999994591e+00,-1.675280185742318961e+00,-2.763170350712571693e-02,-3.835084392894488587e+02,1.913190531725678412e+01
1.289999999999994484e+00,-1.674543471404007056e+00,2.641317358056546882e-01,3.628063632995323360e+02,2.052914031630319514e+01
1.294999999999994378e+00,-1.674730965725116594e+00,-2.307892557059842975e-01,-3.737206499676129283e+02,1.918708964042393461e+01
1.299999999999994271e+00,-1.675028952335599230e+00,5.068034941965344348e-02,3.524868736083762428e+02,2.076633178836836535e+01
1.304999999999994165e+00,-1.676325322744735002e+00,-4.574535984004690081e-01,-3.715999863048043608e+02,1.951030832736772425e+01
1.309999999999994058e+00,-1.677701205094018544e+00,-1.618039164329264368e-01,3.511713571962649780e+02,2.118286301432094376e+01
1.314999999999993952e+00,-1.680039547650205689e+00,-6.468079287283766687e-01,-3.386488384830422547e+02,1.986063846525960841e+01
1.319999999999993845e+00,-1.682314627666414486e+00,-3.369343152363268312e-01,3.424328184191522837e+02,2.170464810576201131e+01
1.324999999999993738e+00,-1.685396561538637261e+00,-8.062964530170850797e-01,-3.707154332591200045e+02,2.021625009212279878e+01
1.329999999999993632e+00,-1.688284403363259356e+00,-4.373702061530462259e-01,3.671557887573546282e+02,2.198728342283129322e+01
1.334999999999993525e+00,-1.691982971880336750e+00,-9.338463445526064000e-01,-3.932851332907748088e+02,2.048188128477011460e+01
1.339999999999993419e+00,-1.695361458896724738e+00,-5.206301587498161076e-01,3.843892247660413659e+02,2.176287369518347603e+01
1.344999999999993312e+00,-1.699307678549071943e+00,-9.728972688353423326e-01,-3.929514559709851937e+02,2.067615084674446635e+01
1.349999999999993205e+00,-1.702786644142214589e+00,-5.485794892507668274e-01,3.799691443174325514e+02,2.253499343177098169e+01
1.354999999999993099e+00,-1.707001098702921382e+00,-1.066402161196922327e+00,-4.651134322639470611e+02,2.095111457003425670e+01
1.359999999999992992e+00,-1.710527572200285951e+00,-4.893604474253955838e-01,4.848858774429248228e+02,2.202990106708599072e+01
1.364999999999992886e+00,-1.714656664408103603e+00,-1.033722385442287450e+00,-4.309778264063821211e+02,2.169014776555010471e+01
1.369999999999992779e+00,-1.718076998810121880e+00,-4.816009883841568806e-01,4.493529618394785530e+02,2.285623896633282826e+01
1.374999999999992673e+00,-1.721929902957607172e+00,-9.767055328484619547e-01,-4.458929468380059689e+02,2.099645437543993154e+01
1.379999999999992566e+00,-1.724883459284634046e+00,-4.079588644535480646e-01,4.725853861511953937e+02,2.320088565849957263e+01
1.384999999999992459e+00,-1.728549107665077411e+00,-9.690275926953579866e-01,-5.502746600128707541e+02,2.161594142098348570e+01
1.389999999999992353e+00,-1.730792538454257512e+00,-3.683220749143154005e-01,3.106875153457434635e+02,2.264334150063469764e+01
1.394999999999992246e+00,-1.733822157080451731e+00,-7.907156762502371983e-01,-4.886044050452317720e+02,2.086343587226567564e+01
1.399999999999992140e+00,-1.735134161516650897e+00,-2.177930928554816514e-01,2.402748726072798604e+02,2.326630418507071241e+01
1.404999999999992033e+00,-1.737254038205665374e+00,-5.447288389515350104e-01,-5.801624942820166098e+02,2.159240752952236519e+01
1.409999999999991926e+00,-1.737564872586605302e+00,6.764712186587681702e-04,2.049759076357039191e+02,2.195374607934981270e+01
1.414999999999991820e+00,-1.737769639273251343e+00,-2.192159404770326753e-02,-4.949865534607138216e+02,2.117076508287875214e+01
1.419999999999991713e+00,-1.736557115865465795e+00,4.562858054678896602e-01,4.666080900615258997e+02,2.154647293629966498e+01
1.424999999999991607e+00,-1.734661157431944378e+00,3.306156436133466103e-01,-4.653167063498823381e+02,1.990692429605015690e+01
1.429999999999991500e+00,-1.731876440859938304e+00,9.031793571630851725e-01,7.562765120473220577e+02,1.986545848487313748e+01
1.434999999999991394e+00,-1.728194962599202356e+00,7.215007745612568302e-01,-2.130512936832934372e+02,1.945490521230084369e+01
1.439999999999991287e+00,-1.724030742607688182e+00,1.280016334280576595e+00,8.652806269731061093e+02,1.950933252607496726e+01
1.444999999999991180e+00,-1.719160036533176728e+00,9.539936473669148320e-01,-6.348350309091771493e+01,1.751947609742902401e+01
1.449999999999991074e+00,-1.713937757799842476e+00,1.590406207501968927e+00,8.761464741027709806e+02,1.766842342385012543e+01
1.454999999999990967e+00,-1.708873915785136255e+00,6.580988522599083845e-01,-4.628454012305074912e+02,1.580065572020351183e+01
1.459999999999990861e+00,-1.702624398710648412e+00,1.138148784309699790e+00,-6.714312437733584105e+00,1.794118566254506320e+01
1.464999999999990754e+00,-1.697221295917202388e+00,6.788801042863324975e-01,-6.209332368233684747e+02,1.626000371271889833e+01
1.469999999999990647e+00,-1.690330621544360090e+00,1.304406220998478361e+00,-4.261007555667547990e+02,1.698080267080578309e+01
1.474999999999990541e+00,-1.684189003828715281e+00,1.742950629449545374e+00,1.083547047861179180e+03,1.587348995871058399e+01
1.479999999999990434e+00,-1.678230959751605411e+00,1.170762315267163567e+00,-2.280097458347349004e+01,1.476373750706601307e+01
1.484999999999990328e+00,-1.672180289353419447e+00,6.777515949443913001e-01,-6.626803233907040749e+02,1.486752958018123394e+01
1.489999999999990221e+00,-1.665000178677041642e+00,1.348156870985361744e+00,-5.430104672128551329e+02,1.533094241170934069e+01
1.494999999999990115e+00,-1.657106331790845877e+00,1.751769429311716531e+00,-6.068287896946576438e+02,1.327245638146201046e+01
1.499999999999990008e+00,-1.648765418108640413e+00,2.218306216562101252e+00,1.158043038065733981e+03,1.418415034019233900e+01
1.504999999999989901e+00,-1.641425510405209121e+00,9.387209450299477398e-01,-6.271158994575372390e+02,1.238719202288494436e+01
1.509999999999989795e+00,-1.633007490398163064e+00,1.594684721436312458e+00,-6.004585747953826740e+02,1.343767371125025178e+01
1.514999999999989688e+00,-1.625561093443622651e+00,2.060970391305568583e+00,1.230481598794639240e+03,1.300647201953115406e+01
1.519999999999989582e+00,-1.615729536410395628e+00,2.521114783425666861e+00,1.209328593454258225e+03,1.229218170482189976e+01
1.524999999999989475e+00,-1.607319692860487370e+00,1.099151265149969747e+00,-6.697660372718157760e+02,1.062846974025112523e+01
1.529999999999989369e+00,-1.597713177945321084e+00,1.835065505540601771e+00,-6.221529773439026485e+02,1.202332027665917735e+01
1.534999999999989262e+00,-1.589128999938226761e+00,2.343897192133853391e+00,1.344071324637694033e+03,1.159459598525191382e+01
1.539999999999989155e+00,-1.580007174973092399e+00,2.727409626168449730e+00,1.245233797015964910e+03,1.088010781561726503e+01
1.544999999999989049e+00,-1.570964568753876245e+00,1.174121504475568178e+00,-7.161575223630158007e+02,9.288351395941509381e+00
1.549999999999988942e+00,-1.560609520829574492e+00,1.975244019519505789e+00,-6.649907849146055696e+02,1.080085662669544000e+01
1.554999999999988836e+00,-1.551474046858597911e+00,2.460013266882287830e+00,1.380415710064209406e+03,1.021863133704488824e+01
1.559999999999988729e+00,-1.542174423709052888e+00,2.571773580118474456e+00,1.370472215628088179e+03,1.011686586933738496e+01
1.564999999999988622e+00,-1.532205579654129846e+00,2.750713113008945054e+00,9.994482731070737600e+02,8.785094643786617752e+00
1.569999999999988516e+00,-1.522428766454515303e+00,1.298321316796518188e+00,-7.811692449864589207e+02,9.162260188285300089e+00
1.574999999999988409e+00,-1.511596294604474311e+00,2.021213550956028726e+00,-7.333768479044354081e+02,9.057793428084762510e+00
1.579999999999988303e+00,-1.501627787800298153e+00,2.619089986394015135e+00,1.244443603042029736e+03,9.610173882001605605e+00
1.584999999999988196e+00,-1.489489075304767818e+00,2.968571610304939323e+00,1.309760993855375091e+03,7.835956332844185468e+00
1.589999999999988090e+00,-1.479362790851320053e+00,1.359065481042869283e+00,-8.261683458884339188e+02,8.214887277013893652e+00
1.594999999999987983e+00,-1.467582796419959701e+00,2.215347519288590306e+00,-7.721279961689502898e+02,8.158561969411803005e+00
1.599999999999987876e+00,-1.456541863037308815e+00,2.992249676995384355e+00,1.541750007654035016e+03,8.651452418057937521e+00
1.604999999999987770e+00,-1.444765639828461623e+00,3.204509490078420786e+00,1.115121328216780739e+03,6.679197579853216382e+00
1.609999999999987663e+00,-1.433155475082812380e+00,1.620307381131408153e+00,-8.576510899157036647e+02,7.325649376779525213e+00
1.614999999999987557e+00,-1.420207946303036817e+00,2.463156403597210442e+00,-7.580941877722240179e+02,6.920205253077793550e+00
1.619999999999987450e+00,-1.407968698256293116e+00,3.296933959582315055e+00,1.678873049468598538e+03,7.669904640423264475e+00
1.624999999999987343e+00,-1.396461505766227962e+00,1.756365302674440576e+00,-6.135578491179314824e+02,5.681707024567469233e+00
1.629999999999987237e+00,-1.383731880689760052e+00,2.097586662563908355e+00,-8.808732610474113471e+02,7.484052984397841612e+00
1.634999999999987130e+00,-1.368717262310490179e+00,2.837862617572274537e+00,-7.472129553158313229e+02,5.454917986558527332e+00
1.639999999999987024e+00,-1.354683676581179386e+00,3.639213209068152821e+00,1.653077745792090127e+03,6.551672076076847873e+00
1.644999999999986917e+00,-1.341645436366496247e+00,1.894147101803694166e+00,-8.280414181486929692e+02,4.816225972634859964e+00
1.649999999999986811e+00,-1.326023058817823452e+00,3.085810877051634371e+00,-7.729340980654388886e+02,5.566399783140594693e+00
1.654999999999986704e+00,-1.310995542104704370e+00,3.651887503506239252e+00,1.372620655586849352e+03,4.547274183580721996e+00
1.659999999999986597e+00,-1.297339844026132782e+00,2.091178375952214896e+00,-7.481372668892321371e+02,3.360464142408469357e+00
1.664999999999986491e+00,-1.282509618503996585e+00,2.421534159141190301e+00,-5.635679864822729996e+02,2.451611629628421163e+00
1.669999999999986384e+00,-1.268787981823648492e+00,2.937863598459708125e+00,4.352180016602536625e+02,5.392259930912182142e-01
1.674999999999986278e+00,-1.257872021040681298e+00,1.800163101133712251e+00,-1.355700384134022443e+02,-1.867412331734597419e+00
1.679999999999986171e+00,-1.249010513077704942e+00,2.286772198452485139e+00,1.634992155322385443e+01,-4.884456740498556826e+00
1.684999999999986064e+00,-1.239443430298172721e+00,1.018611524848764827e+00,-9.560048354146275642e+02,-5.840204386961617367e+00
1.689999999999985958e+00,-1.230649242740916804e+00,1.855698820437811314e+00,-3.171105895666218544e+01,-7.088243316141822348e+00
1.694999999999985851e+00,-1.222496108645469981e+00,1.649906433272323225e+00,3.022486656658969650e+01,-7.106017571044760395e+00
1.699999999999985745e+00,-1.214906588087325545e+00,1.421811452030961931e+00,-8.253423350793248403e+01,-7.582223451586469487e+00
1.704999999999985638e+00,-1.209037223873747013e+00,1.052698227901454509e+00,-7.566111655904250277e+00,-7.433613666002937492e+00
1.709999999999985532e+00,-1.204362228626370435e+00,8.458641499454072621e-01,-9.035154838577746261e+01,-7.854670097229591086e+00
1.714999999999985425e+00,-1.201293490317066670e+00,4.426120102100413178e-01,-5.252080809881076107e+01,-7.709958082274404489e+00
1.719999999999985318e+00,-1.200152935948827659e+00,7.049292599228186573e-02,-1.244206998147632532e+02,-8.032988301800763509e+00
1.724999999999985212e+00,-1.201432635700935725e+00,-5.046308011925130232e-01,-9.469576653784379516e+01,-7.728841569749825169e+00
1.729999999999985105e+00,-1.205415370729265856e+00,-1.015313641506829123e+00,-1.593936533449512183e+02,-7.926024379079192883e+00
1.734999999999984999e+00,-1.212430129867773099e+00,-1.685263612071989048e+00,-1.055198857792487246e+02,-7.524846937889450693e+00
1.739999999999984892e+00,-1.222387960089209358e+00,-2.211696892003454540e+00,-1.587792973356974358e+02,-7.679642273758215509e+00
1.744999999999984786e+00,-1.235219888610949113e+00,-2.820236295128592641e+00,-8.843492672821648171e+01,-7.267059922196753341e+00
1.749999999999984679e+00,-1.250410204796938540e+00,-3.193831281585663096e+00,-1.298257198153205252e+02,-7.449521487023954336e+00
1.754999999999984572e+00,-1.267729883354933529e+00,-3.641926782409317553e+00,-2.838156568582746075e+01,-6.927279757444104291e+00
1.759999999999984466e+00,-1.286548707874593855e+00,-3.844196870986174464e+00,-8.748084232045287933e+01,-7.088438272385601202e+00
1.764999999999984359e+00,-1.306515289017196491e+00,-4.070736099400827257e+00,1.113115787872366447e+01,-6.681637165633851794e+00
1.769999999999984253e+00,-1.327049109916326630e+00,-4.146724395933052421e+00,-1.176022548782178916e+02,-6.891153734995240754e+00
1.774999999999984146e+00,-1.347804446500791897e+00,-4.236852813874107504e+00,-4.266002111132176111e+01,-6.437654898491161681e+00
1.779999999999984039e+00,-1.368458483709706464e+00,-4.154504456118400135e+00,-1.205273308005351538e+02,-6.587885349546221292e+00
1.784999999999983933e+00,-1.388865167535921152e+00,-4.134365235407180705e+00,-3.489720850806065044e+01,-6.148000630593850602e+00
1.789999999999983826e+00,-1.408759982407975508e+00,-3.978178582956759524e+00,-1.101328558754247666e+02,-6.335781008920299051e+00
1.794999999999983720e+00,-1.428074870917430017e+00,-3.889893477461072724e+00,-2.143885935605524651e+01,-5.891792442307811406e+00
1.799999999999983613e+00,-1.446665316284208247e+00,-3.701701807336750694e+00,-9.903846034907141416e+01,-6.114706388866700593e+00
1.804999999999983507e+00,-1.464453907299967605e+00,-3.563534248732199483e+00,-7.833903756600453683e+00,-5.744014077493586612e+00
1.809999999999983400e+00,-1.481270466710595146e+00,-3.317866915093314439e+00,-8.013126130591979290e+01,-6.207131997169110349e+00
1.814999999999983293e+00,-1.497080702384414153e+00,-3.150438405887410198e+00,1.215730531366479106e+01,-5.851618171399785240e+00
1.819999999999983187e+00,-1.512089517502948288e+00,-2.965913599302297143e+00,-6.843909951783017220e+01,-6.345335445840469824e+00
1.824999999999983080e+00,-1.526423776293726053e+00,-2.876482346374648280e+00,8.103012778019300200e+00,-5.847792653021125275e+00
1.829999999999982974e+00,-1.540151045458361345e+00,-2.705340957557163417e+00,-5.492030340568665281e+01,-6.372336391469677785e+00
1.834999999999982867e+00,-1.553188915050794483e+00,-2.604058025552128175e+00,2.293801783008234807e+01,-6.067938686405657478e+00
1.839999999999982760e+00,-1.565637684350788650e+00,-2.450983858125700632e+00,-4.835216167269338428e+01,-6.527570847901481343e+00
1.844999999999982654e+00,-1.577492106150349294e+00,-2.367896323221459376e+00,2.810508996977081964e+01,-6.194596479943074385e+00
1.849999999999982547e+00,-1.588931646641020379e+00,-2.244359089355983272e+00,-5.255402110351171885e+00,-6.575493327328354454e+00
1.854999999999982441e+00,-1.600075283021051398e+00,-2.222978436046052497e+00,5.239691944883959707e+01,-6.137581245176883193e+00
1.859999999999982334e+00,-1.611160557069585719e+00,-2.203910424269223345e+00,-3.893156517572658970e+01,-6.420733921126565491e+00
1.864999999999982228e+00,-1.622448496809374197e+00,-2.300808552860302836e+00,1.524393681620046870e+01,-5.810929029731594753e+00
1.869999999999982121e+00,-1.634375149487356405e+00,-2.448822387767390474e+00,-6.764233641791720686e+01,-5.841740751563805567e+00
1.874999999999982014e+00,-1.646945587616873263e+00,-2.561129572615952199e+00,2.518760971056447673e+01,-5.170731219265709555e+00
1.879999999999981908e+00,-1.660340784838657990e+00,-2.739775471233166559e+00,-6.595095217973704393e+01,-5.047158585973740230e+00
1.884999999999981801e+00,-1.674725502388979770e+00,-2.942767472453373667e+00,1.715530952359015870e+01,-4.093157518759793057e+00
1.889999999999981695e+00,-1.689861591078051894e+00,-3.058153507749314937e+00,-4.816580205216223476e+01,-4.052742740751677175e+00
1.894999999999981588e+00,-1.705467461717559363e+00,-3.144077208996025163e+00,1.001926847972361543e+02,-3.157685452220111877e+00
1.899999999999981481e+00,-1.721288293729915653e+00,-3.173559458681119771e+00,-4.802123879772261006e+01,-2.905368234009817918e+00
1.904999999999981375e+00,-1.737381386990454857e+00,-3.166526864678569364e+00,5.381002131261309529e+01,-1.779669726181016376e+00
1.909999999999981268e+00,-1.753047270419980208e+00,-3.073626260489262130e+00,1.048079445065971385e+02,-1.389381925246281346e+00
1.914999999999981162e+00,-1.767125469368437285e+00,-2.657926617328455698e+00,1.217688313019736910e+02,-5.185462178912727538e-01
1.919999999999981055e+00,-1.779294774878076302e+00,-2.270111545347856641e+00,5.188678121825595468e+01,-1.060851705851770799e-01
1.924999999999980949e+00,-1.788834714764061751e+00,-1.688737480244971723e+00,1.431575925364369652e+02,1.064537304379349347e+00
1.929999999999980842e+00,-1.795776923542813153e+00,-1.213991163875754120e+00,4.292184525414332086e+01,1.665458111925320228e+00
1.934999999999980735e+00,-1.800375340815437708e+00,-7.528938433674082775e-01,9.233001532248138687e+01,3.019415302937696666e+00
1.939999999999980629e+00,-1.803113356012073565e+00,-4.132998269163601357e-01,7.687162118691921364e+01,4.652761273463797309e+00
1.944999999999980522e+00,-1.804248260931442971e+00,-1.403060212894633729e-01,2.035428270448853993e+01,8.284164280332745989e+00
1.949999999999980416e+00,-1.804250799216222001e+00,7.704604810111280455e-02,-1.011845497629712121e+01,1.427796666931303626e+01
1.954999999999980309e+00,-1.803244763532760864e+00,3.499029775803261799e-01,4.929109500355990292e+01,2.199136678468374129e+01
1.959999999999980203e+00,-1.800905572949231148e+00,5.434142757788327227e-01,-4.222167189519634434e+01,2.741414675505588505e+01
1.964999999999980096e+00,-1.797380878412732530e+00,7.977399215601587157e-01,4.717003106254450273e+01,2.992680454254289302e+01
1.969999999999979989e+00,-1.793033531139565762e+00,9.345220519875738763e-01,3.682542222307779411e+01,2.662116527513162367e+01
1.974999999999979883e+00,-1.787880685348726351e+00,1.118782332553081682e+00,7.076657396801434174e+01,2.357685419116741699e+01
1.979999999999979776e+00,-1.781953328277817494e+00,1.207746686845699635e+00,-2.826392014056198576e+01,1.993622129816976241e+01
1.984999999999979670e+00,-1.775220541265737806e+00,1.453518261071635953e+00,1.193304488971082549e+02,1.971476493062303703e+01
1.989999999999979563e+00,-1.767407883033640381e+00,1.534093616633318558e+00,-9.010778051591901772e+01,1.755089970746213979e+01
1.994999999999979456e+00,-1.759386711419722138e+00,1.580117149595608561e+00,3.730508414738254430e+01,2.173826516606628800e+01
1.999999999999979350e+00,-1.752173630054482789e+00,1.362714392976268618e+00,-1.397340239820422312e+02,2.232809432064684430e+01
2.004999999999979465e+00,-1.745188982989341886e+00,1.376378279587026965e+00,2.824037322249528614e+01,2.321695473626393635e+01
2.009999999999979359e+00,-1.738854758363667097e+00,1.202310744256258834e+00,-1.447492063385458039e+02,2.205368765354263516e+01
2.014999999999979252e+00,-1.732484628222361378e+00,1.268858588438533719e+00,2.013072832873378815e+01,2.308324005498520393e+01
2.019999999999979146e+00,-1.726623653476838438e+00,1.115796862954428592e+00,-1.993174623292339902e+02,2.183823206891834090e+01
2.024999999999979039e+00,-1.720389613763001924e+00,1.219214293967174623e+00,-8.684903952625903401e+01,2.270093251724819439e+01
2.029999999999978932e+00,-1.714307048168285164e+00,1.235481988681590648e+00,-3.373103586717813869e+02,2.143813087064013345e+01
2.034999999999978826e+00,-1.708278290201398208e+00,1.279337780972923833e+00,2.481856340946816886e+02,2.198319069117736646e+01
2.039999999999978719e+00,-1.701928992070504743e+00,1.517464060276420224e+00,3.293679877991540934e+02,2.108675059820982867e+01
2.044999999999978613e+00,-1.694905086994498600e+00,1.896817803408512138e+00,9.965884522831289587e+02,2.158282094239016757e+01
2.049999999999978506e+00,-1.688231510531957413e+00,8.755978081905900767e-01,-5.996808402475636512e+02,2.047869431489770164e+01
2.054999999999978400e+00,-1.679607490309179330e+00,1.730669114446066192e+00,-5.265690657182409495e+02,2.074366090786025651e+01
2.059999999999978293e+00,-1.670955869612103406e+00,2.350099837059555608e+00,1.237530778559643295e+03,2.006910114905575782e+01
2.064999999999978186e+00,-1.662582137368619595e+00,1.165153183636832068e+00,-6.714925128304637383e+02,1.931605012734354432e+01
2.069999999999978080e+00,-1.653101139740162706e+00,1.738466812096710168e+00,-2.999952800243329989e+02,1.920778325542855924e+01
2.074999999999977973e+00,-1.643998858747420133e+00,2.600551077021013402e+00,1.407644666949846624e+03,1.934112980685221217e+01
2.079999999999977867e+00,-1.634642774938902088e+00,1.364569116809912996e+00,-7.111489581017757473e+02,1.812714918419863608e+01
2.084999999999977760e+00,-1.624699084550761174e+00,1.960583059122317673e+00,-4.751823187105607644e+02,1.783007906460074921e+01
2.089999999999977653e+00,-1.615786369995413363e+00,1.206471482751909186e+00,-2.606438189782345489e+02,1.791024226230499750e+01
2.094999999999977547e+00,-1.605531031825386368e+00,1.481039824017392537e+00,-9.730526505105840442e+02,1.830911897034525992e+01
2.099999999999977440e+00,-1.595906949861632063e+00,3.241292525910960620e+00,2.185513709933117298e+03,1.781176648538591323e+01
2.104999999999977334e+00,-1.586427686452445363e+00,1.952002011361207545e+00,-8.101889266885806364e+02,1.482108458367606652e+01
2.109999999999977227e+00,-1.577471357527310936e+00,5.976902387459058774e-01,-9.653121332782883428e+02,1.653838680648959070e+01
2.114999999999977121e+00,-1.564237431628761943e+00,2.964186021972404550e+00,-7.893149519382163817e+02,1.590933697752485898e+01
2.119999999999977014e+00,-1.554020150908642872e+00,1.516034076729293911e+00,-9.671009833787520620e+02,1.447248433399394330e+01
2.124999999999976907e+00,-1.539968553894668357e+00,3.750076090602052936e+00,2.669762685228243299e+03,1.555237117785379830e+01
2.129999999999976801e+00,-1.528515283629751975e+00,2.476596946036295321e+00,-8.800020714346968589e+02,1.252868455627084288e+01
2.134999999999976694e+00,-1.516340543761269810e+00,1.213130720318015054e+00,-9.981718838777775318e+02,1.313312864841136296e+01
2.139999999999976588e+00,-1.501122670324679831e+00,4.232261131086321626e+00,2.954622888067746771e+03,1.479293635255661066e+01
2.144999999999976481e+00,-1.486682170616342891e+00,3.152672783766534259e+00,-8.814328035208012579e+02,1.034760232512228306e+01
2.149999999999976374e+00,-1.473900044110427077e+00,2.203261639175536413e+00,-9.659597460211723501e+02,1.146290154749734747e+01
2.154999999999976268e+00,-1.461572522048381284e+00,1.355354632208434884e+00,-9.621478209878221151e+02,1.155579272007538805e+01
2.159999999999976161e+00,-1.444086807542895423e+00,4.936975315867743852e+00,3.176427270768699600e+03,1.249001670416886611e+01
2.164999999999976055e+00,-1.429118628570948735e+00,3.981222634417189710e+00,2.586203115435383097e+03,9.636840883631874632e+00
2.169999999999975948e+00,-1.415551607659863320e+00,2.807709343183875106e+00,-7.168078007609543647e+02,9.125375428699127767e+00
2.174999999999975842e+00,-1.399848440993001875e+00,2.161939878654347780e+00,-8.967864835172074436e+02,9.729598493811081994e+00
2.179999999999975735e+00,-1.382567621694120730e+00,1.862245176707936434e+00,-7.987617677014844730e+02,9.076642147748206213e+00
2.184999999999975628e+00,-1.365378425632422843e+00,2.145633744127541487e+00,-4.499880308262542030e+02,9.342696910267902055e+00
2.189999999999975522e+00,-1.347382863946727571e+00,5.118612697127248090e+00,3.061512495301386934e+03,8.824895564624029021e+00
2.194999999999975415e+00,-1.327908543946733744e+00,4.138690320235297371e+00,-5.589419177475066363e+02,5.719269866800276603e+00
2.199999999999975309e+00,-1.308713265979323248e+00,3.666648620376828482e+00,-8.010036983616938642e+02,5.756606903836557265e+00
2.204999999999975202e+00,-1.291487487713626203e+00,2.487414928559525062e+00,-8.399883257159885943e+02,5.644205997998859914e+00
2.209999999999975095e+00,-1.271538886766795828e+00,4.871451107854492868e+00,1.839693864069411802e+03,3.980556224038995339e+00
2.214999999999974989e+00,-1.251898559610415296e+00,3.236806029711215782e+00,-3.289194521401855695e+02,-1.388481399813996209e+00
2.219999999999974882e+00,-1.242528825362338329e+00,1.506022015177253426e+00,-1.210262895927755551e+02,-6.261835316109627847e+00
2.224999999999974776e+00,-1.244517344425876582e+00,-1.760839178842426689e+00,-6.327590817474322193e+02,-8.840611649062415367e+00
2.229999999999974669e+00,-1.266233513306012970e+00,-5.117405538072244298e+00,-5.598558802175980418e+02,-9.137333907862910110e+00
2.234999999999974563e+00,-1.299258143509428587e+00,-7.408289236403662770e+00,2.350096652220831857e+02,-8.291413814051999509e+00
2.239999999999974456e+00,-1.338356245800404576e+00,-8.101339919007100931e+00,-9.636342484647114759e+01,-8.403612022574124651e+00
2.244999999999974349e+00,-1.379752758669412049e+00,-7.993784993019589891e+00,8.889043845699299595e+01,-8.065526504769799487e+00
2.249999999999974243e+00,-1.419853451383880305e+00,-7.732595572449278976e+00,2.409861408635006796e+02,-7.682649130908480117e+00
2.254999999999974136e+00,-1.456013437898756369e+00,-7.393974831230963218e+00,-5.068455752659571658e+02,-7.706636932912651616e+00
2.259999999999974030e+00,-1.487546735159497757e+00,-5.903196896103405145e+00,1.811784740583542259e+02,-7.616691497476412387e+00
2.264999999999973923e+00,-1.515217618551549128e+00,-5.015134377146162059e+00,2.434599813495310627e+02,-7.435582347991104513e+00
2.269999999999973817e+00,-1.539059415081429627e+00,-4.551425960713014973e+00,4.491020944462196098e+02,-7.058101979078616139e+00
2.274999999999973710e+00,-1.558942923497669275e+00,-3.661829170519428800e+00,1.651229562488267391e+02,-7.254743766365961299e+00
2.279999999999973603e+00,-1.576632572543400279e+00,-3.249070498799783380e+00,1.045660014112770426e+02,-7.095636611355717882e+00
2.284999999999973497e+00,-1.591901641485599317e+00,-2.821705841198520748e+00,1.443727167348583293e+02,-6.948994012938147335e+00
2.289999999999973390e+00,-1.604480245300426100e+00,-2.325984101804910775e+00,2.124682861221256758e+02,-6.897296237596245660e+00
2.294999999999973284e+00,-1.615345280617312307e+00,-2.178255658276054163e+00,-8.758959386684911408e+01,-6.844581648745238667e+00
2.299999999999973177e+00,-1.624873813059313221e+00,-1.795951122465083039e+00,4.784815172117666293e+01,-6.656282524803497580e+00
2.304999999999973070e+00,-1.633144899645644799e+00,-1.515526655158083491e+00,8.065591026489964577e+01,-6.553971718556792503e+00
2.309999999999972964e+00,-1.640797826147190941e+00,-1.484509562051339993e+00,2.131887833714304392e+01,-6.267140003993423747e+00
2.314999999999972857e+00,-1.648069769866629342e+00,-1.400179108985223575e+00,2.640479203187084778e+01,-5.947625461261429436e+00
2.319999999999972751e+00,-1.654839030025615276e+00,-1.307473368488118570e+00,2.031264372380731942e+01,-5.814757368911054769e+00
2.324999999999972644e+00,-1.661010045893229536e+00,-1.170030695038585478e+00,5.319610346470137330e+01,-5.630720822656314795e+00
2.329999999999972538e+00,-1.667125713096804462e+00,-1.233111373349593753e+00,-1.863080330995725120e+01,-5.246820296105278558e+00
2.334999999999972431e+00,-1.673263811880463692e+00,-1.212874107850064886e+00,-2.374955757373074849e+00,-4.796648094370441484e+00
2.339999999999972324e+00,-1.679198369350754172e+00,-1.156926084503797414e+00,1.513809597675369290e+01,-4.548283614259249319e+00
2.344999999999972218e+00,-1.684855122141397432e+00,-1.052952917430521884e+00,7.831657098097957714e+01,-4.202850368158955519e+00
2.349999999999972111e+00,-1.690357771446527657e+00,-1.087733297943145327e+00,1.375964701689059844e+01,-3.883094763806635985e+00
2.354999999999972005e+00,-1.695894302321006020e+00,-1.138407736023423267e+00,-2.844789857601430683e+01,-2.906316874225798763e+00
2.359999999999971898e+00,-1.701640712074917516e+00,-1.214157546499286422e+00,-6.131219555582308089e+01,-1.855225484701359173e+00
2.364999999999971791e+00,-1.707432353021588245e+00,-1.178411081387373827e+00,-3.760209003902824776e+01,-1.088367749312191712e+00
2.369999999999971685e+00,-1.713082431633133007e+00,-1.089787627673246551e+00,4.917091815448004155e+01,-3.158399595204441912e-01
2.374999999999971578e+00,-1.718070949952055226e+00,-9.394963068810053830e-01,-1.152864560099698465e+01,3.721894614642178856e-01
2.379999999999971472e+00,-1.721936320447408741e+00,-6.668210360020239147e-01,7.921998508943138972e+01,1.095860564784455038e+00
2.384999999999971365e+00,-1.724715736680963341e+00,-4.723223445905661011e-01,2.555907071817820508e+01,1.762190820828252846e+00
2.389999999999971259e+00,-1.726430907997305253e+00,-2.522892471868295461e-01,5.608489042078933551e+01,2.866359986775813606e+00
2.394999999999971152e+00,-1.726847054726509123e+00,3.186611032608122063e-02,4.169555012032303409e+01,4.425389083253921108e+00
2.399999999999971045e+00,-1.726022972843268555e+00,2.436981413351259340e-01,9.002503947640032322e+01,7.059876490747613254e+00
2.404999999999970939e+00,-1.724868745360812916e+00,2.472225565464688801e-01,-4.446627943211328216e+01,1.017759804371231169e+01
2.409999999999970832e+00,-1.723303282976408557e+00,3.385085089109838852e-01,5.620790252496242800e+01,1.319557329945986091e+01
2.414999999999970726e+00,-1.721480036325535590e+00,3.567638826801581842e-01,-7.935248322345897520e+01,1.665808251793392003e+01
2.419999999999970619e+00,-1.719443217015735659e+00,4.357136625181353695e-01,2.497031255686521334e+01,1.870981573427400591e+01
2.424999999999970512e+00,-1.716850101886065794e+00,5.440933733670753059e-01,-3.525002979316214180e+01,2.013789666987302951e+01
2.429999999999970406e+00,-1.714123444523153683e+00,4.935115867618529717e-01,-1.629951541812169751e+02,1.902598157140129231e+01
2.434999999999970299e+00,-1.710584677624452432e+00,6.716020296498630415e-01,-5.635562698428297779e+01,1.947180922574239403e+01
2.439999999999970193e+00,-1.706589102305319905e+00,5.671245501806627676e-01,-2.602869653197695925e+02,1.801557906142796384e+01
2.444999999999970086e+00,-1.701909634170977403e+00,6.657578997064090842e-01,-3.270015919657017776e+02,1.791943835388120831e+01
2.449999999999969980e+00,-1.697377711780596599e+00,5.796036878066758158e-01,-3.841420703155681053e+02,1.762606768311639271e+01
2.454999999999969873e+00,-1.692134784898558397e+00,7.276802370685895305e-01,-3.406250999389807248e+02,1.757998737703701408e+01
2.459999999999969766e+00,-1.686920436298248616e+00,9.008913011386179281e-01,-3.644113786241397861e+02,1.741759838456722420e+01
2.464999999999969660e+00,-1.680406922120692093e+00,1.207131312905888487e+00,-3.663756997543027865e+02,1.738271887656632941e+01
2.469999999999969553e+00,-1.674838115702130592e+00,1.490800694071078958e+00,8.033077881243536922e+02,1.739040955957444723e+01
2.474999999999969447e+00,-1.668678621408490104e+00,1.551303523724989919e+00,7.074764351020185131e+02,1.682077820438367155e+01
2.479999999999969340e+00,-1.662901538603632545e+00,1.301377634975356301e+00,2.116807395513389167e+02,1.667754000006413051e+01
2.484999999999969233e+00,-1.657219703647921705e+00,1.016716364369008474e+00,-1.229563524162690982e+02,1.723251109801811154e+01
2.489999999999969127e+00,-1.651542136632226709e+00,6.391417200880105121e-01,-5.457239401117976740e+02,1.790069279974612471e+01
2.494999999999969020e+00,-1.645499074786509475e+00,8.366111604222186138e-01,-4.832080228505525952e+02,1.715630424948492916e+01
2.499999999999968914e+00,-1.638479961874402369e+00,1.305836269874054212e+00,-5.603646573357322040e+02,1.664667967677000249e+01
2.504999999999968807e+00,-1.632219781336510911e+00,1.828666016540510197e+00,1.163210174858616483e+03,1.624105731214753945e+01
2.509999999999968701e+00,-1.625918945149454453e+00,1.913729344470398663e+00,1.116596171620092036e+03,1.538970407118464934e+01
2.514999999999968594e+00,-1.619911610025433157e+00,9.952382434170294889e-01,-1.982531846850554871e+02,1.460855434315776868e+01
2.519999999999968487e+00,-1.613331140686071752e+00,7.564588158046713362e-01,-6.448331227249959738e+02,1.574779492272310577e+01
2.524999999999968381e+00,-1.605391131942489169e+00,1.497216047855063126e+00,-6.821288524715035919e+02,1.550893819194324053e+01
2.529999999999968274e+00,-1.598061107889628074e+00,2.252746759922676034e+00,1.569232070333227739e+03,1.517960353084831127e+01
2.534999999999968168e+00,-1.591533945615797307e+00,6.636143927968638501e-01,-7.942300419011331769e+02,1.372482069161594431e+01
2.539999999999968061e+00,-1.583092468163928901e+00,1.581059109736594692e+00,-7.832455981066121922e+02,1.412654721302765637e+01
2.544999999999967955e+00,-1.574951031544526536e+00,2.467001715858141431e+00,1.666731265180241508e+03,1.417178905313493154e+01
2.549999999999967848e+00,-1.567375724793516500e+00,7.925256655323236199e-01,-9.163418990114735152e+02,1.285647198621063225e+01
2.554999999999967741e+00,-1.557218580283730835e+00,1.971685824536687726e+00,-8.048486027038105703e+02,1.318660127609777888e+01
2.559999999999967635e+00,-1.547213561260022185e+00,2.872116310403015849e+00,1.720484546499223825e+03,1.313442681823451430e+01
2.564999999999967528e+00,-1.537891036679911672e+00,1.192867135072069651e+00,-8.059484184516094274e+02,1.157035229186305436e+01
2.569999999999967422e+00,-1.525687193710706158e+00,2.466112031251580738e+00,-7.050220603986234664e+02,1.143319844797749596e+01
2.574999999999967315e+00,-1.517372341620446763e+00,1.044286212571652106e+00,-9.060447105319298089e+02,1.116578056043128342e+01
2.579999999999967208e+00,-1.503714221874693058e+00,2.899402986738978782e+00,-7.564473644225248563e+02,1.074163245456658800e+01
2.584999999999967102e+00,-1.493497996493085678e+00,1.505769631235406081e+00,-8.415529681011375942e+02,9.864959251825066389e+00
2.589999999999966995e+00,-1.477815505170065880e+00,3.292765993260530877e+00,-7.150726682302901054e+02,9.411294426748810338e+00
2.594999999999966889e+00,-1.465936523931680835e+00,1.818437691402714051e+00,-8.543574970822915020e+02,8.335673138896689593e+00
2.599999999999966782e+00,-1.449333734650945837e+00,3.308554345129214536e+00,-7.078406669456185227e+02,8.402426517003100059e+00
2.604999999999966676e+00,-1.437450144649421668e+00,1.774952949188516538e+00,-8.970679699773271523e+02,7.492436790383623091e+00
2.609999999999966569e+00,-1.420924911103439658e+00,3.323198256017922070e+00,-7.820591950113797566e+02,7.099893551975547723e+00
2.614999999999966462e+00,-1.407785390386476987e+00,3.588058585613955298e+00,1.459115917733316337e+03,6.694855462208583852e+00
2.619999999999966356e+00,-1.393509147399119241e+00,2.237347502049219283e+00,-8.836398171876074912e+02,4.999431892939950828e+00
2.624999999999966249e+00,-1.379148307213541313e+00,2.749724004549348955e+00,-7.732251364501805710e+02,4.389769746452435228e+00
2.629999999999966143e+00,-1.366088321781492088e+00,3.299159353515049631e+00,1.442170420709414657e+03,3.891343998437066354e+00
2.634999999999966036e+00,-1.354392671209986077e+00,2.324429384126480702e+00,2.322748847267746157e+02,1.930914692742240035e+00
2.639999999999965929e+00,-1.343880103169208917e+00,2.119157123190741121e+00,1.044400021474009606e+02,-6.417385235859214276e-01
2.644999999999965823e+00,-1.336881618422947948e+00,9.287563943315638726e-01,2.694045333932424313e+01,-4.519898173310335387e+00
2.649999999999965716e+00,-1.334003146673696349e+00,-2.944640142783866432e-01,-1.016134069536119796e+03,-7.893931525534965132e+00
2.654999999999965610e+00,-1.333323133564662699e+00,2.496619495384804280e-02,-4.366843094980410456e+01,-9.332955331687539768e+00
2.659999999999965503e+00,-1.336351555563845883e+00,-8.350463080260136506e-01,-1.753814339289502300e+02,-9.303883965661894351e+00
2.664999999999965397e+00,-1.342794512785809857e+00,-1.577456093272586513e+00,-1.222521796615406515e+02,-9.158898556636076549e+00
2.669999999999965290e+00,-1.351982870418698246e+00,-2.027879333465377076e+00,-1.085338677896384070e+02,-9.006077854316773212e+00
2.674999999999965183e+00,-1.362441451775308066e+00,-2.141642138981530330e+00,-2.633295917696564015e+00,-8.865917806740251095e+00
2.679999999999965077e+00,-1.373440441069938789e+00,-2.197803361385866516e+00,1.114916286405995827e+01,-8.843355404323951063e+00
2.684999999999964970e+00,-1.384615076502689224e+00,-2.269162236424034251e+00,-4.181447223429352533e+01,-8.772152177655431871e+00
2.689999999999964864e+00,-1.395719576736573986e+00,-2.194961342779057301e+00,2.038137884690666368e+01,-8.738217813692845226e+00
2.694999999999964757e+00,-1.406612924213136218e+00,-2.125014407578608377e+00,7.227746023344174375e+01,-8.652882459831284123e+00
2.699999999999964650e+00,-1.417375454183363415e+00,-2.125232055623508476e+00,2.410986164573730051e+01,-8.570909414801302972e+00
2.704999999999964544e+00,-1.427428149630451282e+00,-1.925833942345157146e+00,2.194418047784049008e+01,-8.531186975833124464e+00
2.709999999999964437e+00,-1.436462538793937593e+00,-1.732199559644052256e+00,6.731614195241157006e+01,-8.583063563527096207e+00
2.714999999999964331e+00,-1.444828072647855954e+00,-1.585971723064186767e+00,7.357593633816127010e+01,-8.521672206829176588e+00
2.719999999999964224e+00,-1.452782241192105417e+00,-1.550385260579424607e+00,2.035973137504606356e+01,-8.434686013913356817e+00
2.724999999999964118e+00,-1.459908317119757104e+00,-1.333573466355092219e+00,2.235101267578717099e+01,-8.412237769818354138e+00
2.729999999999964011e+00,-1.466229543044325956e+00,-1.182973312274935518e+00,8.327676335595812418e+01,-8.435475181104246545e+00
2.734999999999963904e+00,-1.472309044340947004e+00,-1.220280522419513680e+00,-1.770968184855336247e+01,-8.325804792557315537e+00
2.739999999999963798e+00,-1.477862651231398150e+00,-1.038309575139831908e+00,2.047780856062033195e+01,-8.285693405751127116e+00
2.744999999999963691e+00,-1.483010367988795153e+00,-9.630875777385377035e-01,1.027724881255847293e+02,-8.236690201633189545e+00
2.749999999999963585e+00,-1.488320996701078869e+00,-1.086429643779003751e+00,-2.734555156367912687e+01,-8.071074899626818677e+00
2.754999999999963478e+00,-1.493583176384589040e+00,-1.026990717379170137e+00,1.186270780937712432e+00,-7.960397944004252935e+00
2.759999999999963372e+00,-1.499093876622842325e+00,-1.144756819895242028e+00,-1.070925861790077072e+01,-7.807343040500731135e+00
2.764999999999963265e+00,-1.504629130041585050e+00,-1.096291752040876588e+00,-7.899473186221723786e+00,-7.617840757717829980e+00
2.769999999999963158e+00,-1.510470682678993537e+00,-1.242706207467215940e+00,-2.720929008508558056e+01,-7.425582261607577728e+00
2.774999999999963052e+00,-1.516674066286547884e+00,-1.244603512611283103e+00,1.827553327339825451e+00,-7.127632474355046099e+00
2.779999999999962945e+00,-1.523433196531942757e+00,-1.427425897194525950e+00,-4.507806650610614696e+01,-6.864432948913138155e+00
2.784999999999962839e+00,-1.531222287127075088e+00,-1.638390623128836987e+00,-3.862802907044728329e+01,-6.363257730101576470e+00
2.789999999999962732e+00,-1.539825050627340985e+00,-1.729453636985888387e+00,2.431600833001634854e+01,-5.661668263213778474e+00
2.794999999999962625e+00,-1.549046839134785136e+00,-1.907120001262873954e+00,-3.770413216199481354e+01,-5.128293965671998578e+00
2.799999999999962519e+00,-1.558712578716155539e+00,-1.977642971503551061e+00,-7.214116805161756929e+01,-3.864963238211752028e+00
2.804999999999962412e+00,-1.569185892431942841e+00,-2.163757531195056760e+00,-2.120038600604594592e+01,-2.933293956069230379e+00
2.809999999999962306e+00,-1.581075268107231757e+00,-2.469407931601330652e+00,-8.415150871066383331e+01,-1.566795384797319057e+00
2.814999999999962199e+00,-1.593724592695926701e+00,-2.539376887221380663e+00,1.085147144958609999e+01,-6.661993087459185947e-01
2.819999999999962093e+00,-1.605630767499784950e+00,-2.280745826781466867e+00,4.139552778325045068e+01,1.254129629349165498e-02
2.824999999999961986e+00,-1.614845324267751847e+00,-1.583594588397240654e+00,9.998546124013830649e+01,1.244153010766692713e+00
2.829999999999961879e+00,-1.620991052330285731e+00,-1.028053344272052527e+00,5.775740713973395657e+01,1.148394577187129340e+00
2.834999999999961773e+00,-1.623812313167216415e+00,-2.948765113836988583e-01,1.338340934723151179e+02,1.802569600232889924e+00
2.839999999999961666e+00,-1.622730251631326892e+00,5.618650513745554465e-01,2.144209250632418389e+02,2.055127432366083529e+00
2.844999999999961560e+00,-1.619243018477811935e+00,8.300147415568692733e-01,2.513592016650715379e+02,3.031162603493473107e+00
2.849999999999961453e+00,-1.615455417290862616e+00,6.986220434076320096e-01,-2.834998967608854628e+02,4.583532319373869512e+00
2.854999999999961346e+00,-1.611345519161853979e+00,7.201721138119655530e-01,-3.359938161828897591e+02,6.210754140146055313e+00
2.859999999999961240e+00,-1.606724738527771645e+00,8.582755251517117934e-01,-3.726875277669042816e+02,8.340566300263873245e+00
2.864999999999961133e+00,-1.602317173768454506e+00,1.050184809819754150e+00,3.499115271793065176e+02,1.084858247881559556e+01
2.869999999999961027e+00,-1.596936178418273622e+00,1.642048032273235814e+00,1.133738433840544076e+03,1.316255533409401224e+01
2.874999999999960920e+00,-1.592514305556549603e+00,3.135490567473768198e-01,-7.572295502460244734e+02,1.415522437688252211e+01
2.879999999999960814e+00,-1.585453968010623882e+00,1.361258776301092155e+00,-7.290058208475230686e+02,1.501021419770157728e+01
2.884999999999960707e+00,-1.578455767694903589e+00,2.229693069430010777e+00,1.627427624447201651e+03,1.518691415132223277e+01
2.889999999999960600e+00,-1.571818801066736881e+00,6.301953294702624664e-01,-9.058976614633000963e+02,1.404189624769580824e+01
2.894999999999960494e+00,-1.562564053873235714e+00,1.758866275204371554e+00,-8.322459449183010065e+02,1.418321166330036220e+01
2.899999999999960387e+00,-1.554448687466395640e+00,2.216456999244786896e+00,1.366451775245559475e+03,1.437176721038459881e+01
2.904999999999960281e+00,-1.547524714881502783e+00,6.398568096885479672e-01,-9.816366862627497767e+02,1.408980690873654140e+01
2.909999999999960174e+00,-1.539958330994213531e+00,1.671244654796110618e+00,1.200801632105377394e+03,1.475314172509681931e+01
2.914999999999960067e+00,-1.533362650302789065e+00,-2.502133084778606839e-02,-1.006263499105899541e+03,1.372170186140798620e+01
2.919999999999959961e+00,-1.523896543838322071e+00,2.046182550970141900e+00,-9.280411788182907458e+02,1.398119313611102221e+01
2.924999999999959854e+00,-1.518740495409908853e+00,3.572374216792791324e-01,-1.094795272796840663e+03,1.340429435410341164e+01
2.929999999999959748e+00,-1.510296271344141905e+00,2.579484745034854143e+00,2.658043141529395143e+03,1.493181362408484247e+01
2.934999999999959641e+00,-1.502044293659480445e+00,9.965484130204577129e-01,-1.117110115613251082e+03,1.247589133576829390e+01
2.939999999999959535e+00,-1.493725552849852090e+00,3.438535100234586306e+00,2.844047168065155802e+03,1.392979378545633828e+01
2.944999999999959428e+00,-1.483894328939711071e+00,2.245794101440210078e+00,-8.520409366878660649e+02,1.113961769358053644e+01
2.949999999999959321e+00,-1.475816076574637314e+00,1.255161875030810448e+00,-9.485092549565812305e+02,1.150343596149467196e+01
2.954999999999959215e+00,-1.467817146414639229e+00,6.238573330841337139e-01,-8.197432157458491702e+02,1.162779906451457634e+01
2.959999999999959108e+00,-1.455230587239928708e+00,3.784798876294060310e+00,2.780824029968855484e+03,1.215455613339925200e+01
2.964999999999959002e+00,-1.441439914942707290e+00,3.218030428393744202e+00,-7.226135854213350740e+02,8.959657415603793140e+00
2.969999999999958895e+00,-1.427222135763075217e+00,2.657108209381784825e+00,-7.816195514407183964e+02,8.925609460824858843e+00
2.974999999999958789e+00,-1.412263764240494712e+00,2.062050705076324597e+00,-8.566337252228584020e+02,8.966825783326900279e+00
2.979999999999958682e+00,-1.400080775449327408e+00,1.783988977514754160e+00,-4.009921316173208083e+02,9.195750065175843702e+00
2.984999999999958575e+00,-1.383780120721944229e+00,3.548803007911017104e+00,-5.964054621907746423e+02,7.722982509769076742e+00
2.989999999999958469e+00,-1.368081172812941393e+00,2.856244287510855795e+00,-8.253134965253068458e+02,6.935823997630246929e+00
2.994999999999958362e+00,-1.353400714214101574e+00,1.871809410977109955e+00,-8.915204707063604701e+02,6.849646915225999777e+00
2.999999999999958256e+00,-1.336491183728652832e+00,4.367451591093498564e+00,2.520518423940162393e+03,6.716047560061277899e+00
3.004999999999958149e+00,-1.321774502609951218e+00,2.722361811307587143e+00,-8.291487873811151985e+02,2.216573314056017985e+00
3.009999999999958042e+00,-1.310605760080330917e+00,1.811030975457097458e+00,-6.103061645622076412e+02,1.204938384245275218e+00
3.014999999999957936e+00,-1.302902556405549861e+00,1.378057159337438220e+00,-6.996000009280952270e+01,-1.872702659306397344e+00
3.019999999999957829e+00,-1.302025728490659340e+00,-3.302162407098467312e-01,-5.266940982535443254e+02,-5.997028373254016387e+00
3.024999999999957723e+00,-1.309771177265019126e+00,-2.834899439237531737e+00,-1.050256210977506726e+03,-8.701937370748851208e+00
3.029999999999957616e+00,-1.327490992869924114e+00,-4.342497398371509831e+00,-4.166632414163876774e+02,-8.538355465353694385e+00
3.034999999999957510e+00,-1.354714062957329546e+00,-5.957236573128822599e+00,-2.321246266370662852e+02,-7.786528322071038843e+00
3.039999999999957403e+00,-1.387265543656762246e+00,-6.751928616294116559e+00,-7.633528622649819795e+01,-7.287159018192763682e+00
3.044999999999957296e+00,-1.421854393152390816e+00,-6.954955904653629339e+00,2.424447716452711745e+02,-6.779460637723858873e+00
3.049999999999957190e+00,-1.455914574475571044e+00,-6.961719112459446634e+00,-2.674539043432190510e+02,-6.691637626300066977e+00
3.054999999999957083e+00,-1.487633290336226599e+00,-6.085880151330088417e+00,1.347774641046711679e+02,-6.500704322191953821e+00
3.059999999999956977e+00,-1.516596882420574666e+00,-5.390187866779577064e+00,1.871747106367212155e+02,-6.266667044580190193e+00
3.064999999999956870e+00,-1.542014461394339397e+00,-4.842034108681103177e+00,4.149588757828645953e+02,-6.071995958030372620e+00
3.069999999999956763e+00,-1.563635470109246306e+00,-4.018246449977587176e+00,2.089001112472384705e+02,-6.198662675547268464e+00
3.074999999999956657e+00,-1.582823913054957066e+00,-3.512362635628127894e+00,1.299200736061620773e+02,-6.078451669335278140e+00
3.079999999999956550e+00,-1.598975817894113138e+00,-2.954757064427919300e+00,1.734566247172857913e+02,-5.963137107798872627e+00
3.084999999999956444e+00,-1.612367453162916631e+00,-2.644756631274586489e+00,-8.942819050543607773e+01,-6.087603766347151613e+00
3.089999999999956337e+00,-1.623565670739136380e+00,-2.070197321133924628e+00,7.870180119284508180e+01,-6.057797152132988749e+00
3.094999999999956231e+00,-1.632921748733902056e+00,-1.672271128072611468e+00,7.174110441783172121e+01,-5.966619739853453730e+00
3.099999999999956124e+00,-1.640549499517657939e+00,-1.351332620059270573e+00,1.242991861956332968e+02,-5.976688200600118961e+00
3.104999999999956017e+00,-1.646913513088270831e+00,-1.189923004893391090e+00,4.103161526101133916e+01,-5.874147487708741622e+00
3.109999999999955911e+00,-1.652067821536932879e+00,-9.443206837111044472e-01,6.444542970624605971e+01,-5.719944486588143029e+00
3.114999999999955804e+00,-1.656248549847530338e+00,-7.513573301452507458e-01,9.523100198981572362e+01,-5.686608708853719385e+00
3.119999999999955698e+00,-1.659775460119307766e+00,-6.812790431349386999e-01,4.887283162771676182e+00,-5.527443340466062338e+00
3.124999999999955591e+00,-1.662586875471573356e+00,-5.167455592104924778e-01,9.880862783543298278e-01,-5.276938906844963029e+00
3.129999999999955484e+00,-1.664972318827015130e+00,-4.218184333720136348e-01,8.858260305641012167e+01,-5.198222399724700793e+00
3.134999999999955378e+00,-1.667194410288182604e+00,-4.483374539247457768e-01,-1.756553974614589819e+01,-4.996939041924592928e+00
3.139999999999955271e+00,-1.669038875745040951e+00,-3.298280130400370602e-01,-8.778504675208406383e+00,-4.412329125580023437e+00
3.144999999999955165e+00,-1.670709671191638268e+00,-2.965088259293378048e-01,5.674200611993064314e+01,-4.170476706107236531e+00
3.149999999999955058e+00,-1.672425181516264736e+00,-3.587966641724625316e-01,-8.047480663912327969e+00,-3.608026765907649480e+00
3.154999999999954952e+00,-1.674416868979923478e+00,-4.299422218499969195e-01,-2.672293997844495195e+01,-2.331320426662811585e+00
3.159999999999954845e+00,-1.676972763046110426e+00,-5.392872883416789387e-01,2.396758541921371943e+01,-1.857255990404555135e+00
3.164999999999954738e+00,-1.680224043194634920e+00,-7.066960880800982059e-01,-3.164923260747340805e+01,-1.254674812711869203e+00
3.169999999999954632e+00,-1.683568540635095756e+00,-6.408054885786540478e-01,3.469750763027598328e+00,-1.979175221955134512e-01
3.174999999999954525e+00,-1.686545779276454216e+00,-5.569934180246398636e-01,2.635423742450353757e+01,5.171988284251372026e-02
3.179999999999954419e+00,-1.688829502775906821e+00,-4.006781588480116674e-01,1.962157250254710661e+01,5.778736875072056911e-01
3.184999999999954312e+00,-1.690087785219154259e+00,-1.554943419414418770e-01,4.999949277416108373e+01,1.295706552311421955e+00
3.189999999999954206e+00,-1.690220816144822225e+00,6.112581710159697979e-02,4.765454120034782193e+01,1.590732310165520191e+00
3.194999999999954099e+00,-1.688985968404637550e+00,3.635160175805293714e-01,5.030756119797942461e+01,2.095789965420812528e+00
3.199999999999953992e+00,-1.686046132251393992e+00,6.944294624833678986e-01,1.176022880371903341e+02,3.636906006215392395e+00
3.204999999999953886e+00,-1.682676531865419989e+00,6.595350834801252393e-01,-1.051062366580746357e+02,4.940098469775783485e+00
3.209999999999953779e+00,-1.678771423728999013e+00,8.313956182578331466e-01,1.106498407606289192e+02,6.876924754694167419e+00
3.214999999999953673e+00,-1.674641849558258455e+00,8.109937429339275639e-01,-1.153195906276983607e+02,9.002139873149427984e+00
3.219999999999953566e+00,-1.670432780329194955e+00,8.806277301173360827e-01,1.889555265650583138e+01,1.118185207058925457e+01
3.224999999999953459e+00,-1.665586318521600662e+00,9.639386605984840983e-01,-2.376917975482248835e+02,1.370137248083508830e+01
3.229999999999953353e+00,-1.660676470447653097e+00,9.760799833055715524e-01,-1.860152925990784070e+02,1.550047118785724187e+01
3.234999999999953246e+00,-1.655475380674422681e+00,1.064486908595147385e+00,-2.907827706550064590e+02,1.636460645874889508e+01
3.239999999999953140e+00,-1.650539462561340098e+00,1.222317629509443782e+00,5.620898744701607939e+02,1.698068567030991005e+01
3.244999999999953033e+00,-1.644771092343331187e+00,1.514174304415802252e+00,8.568995542130974172e+02,1.654602586584980628e+01
3.249999999999952927e+00,-1.640059636020034572e+00,8.117916709532049246e-01,-9.702289053728054569e+01,1.630805468633096567e+01
3.254999999999952820e+00,-1.635600695655052839e+00,5.128955011782323492e-01,-3.788785077674138506e+02,1.743948337009950222e+01
3.259999999999952713e+00,-1.629946709049160392e+00,6.269879300585546877e-01,-6.103766671959930363e+02,1.705140319373087721e+01
3.264999999999952607e+00,-1.623950708384078068e+00,1.071877716356625987e+00,-5.281098703162273296e+02,1.619401870273095057e+01
3.269999999999952500e+00,-1.619143983391367003e+00,1.529019920949332256e+00,1.231768500786524328e+03,1.646178693191735221e+01
3.274999999999952394e+00,-1.615582612631309978e+00,1.397443901928938081e-01,-7.099113321817218321e+02,1.613478840204170339e+01
3.279999999999952287e+00,-1.610774498728319681e+00,8.571191550516947810e-01,-6.707388191531413213e+02,1.626545028518059866e+01
3.284999999999952180e+00,-1.606578417347594989e+00,1.537256490032678613e+00,1.391101622999874962e+03,1.655864860652332382e+01
3.289999999999952074e+00,-1.603171168661487567e+00,5.866554794767932235e-02,-8.022350119267599666e+02,1.601876295149518015e+01
3.294999999999951967e+00,-1.597754698048965416e+00,1.024148220018326505e+00,-7.232304809335550999e+02,1.627254278346501337e+01
3.299999999999951861e+00,-1.592530983264407896e+00,1.913275406778894849e+00,1.628381748718094059e+03,1.656992275139803539e+01
3.304999999999951754e+00,-1.587478029267587409e+00,3.561782529606841163e-01,-8.847141056387931712e+02,1.552719762437991413e+01
3.309999999999951648e+00,-1.580247116441863886e+00,1.302474342936348339e+00,-6.773951902099202016e+02,1.588523093524380236e+01
3.314999999999951541e+00,-1.574436494917769158e+00,2.016630371485077955e+00,1.684850124245683446e+03,1.644437051858561460e+01
3.319999999999951434e+00,-1.568855000071642802e+00,4.434846470563515441e-01,-9.202022431263685576e+02,1.577081185381756967e+01
3.324999999999951328e+00,-1.562643868420148463e+00,1.951358834762258798e+00,2.283117376758183582e+03,1.691045727542727661e+01
3.329999999999951221e+00,-1.557865346214242441e+00,2.445923692725344156e-01,-1.057920033064810013e+03,1.528987363584437453e+01
3.334999999999951115e+00,-1.551020583330125380e+00,2.123904680312372673e+00,2.400475296646354309e+03,1.648911797634612597e+01
3.339999999999951008e+00,-1.544876709235082579e+00,5.775301264822796377e-01,-1.066186592615464406e+03,1.465661618474769057e+01
3.344999999999950901e+00,-1.538750229905316846e+00,2.896095112677307348e+00,2.615308045307421708e+03,1.595980852598418842e+01
3.349999999999950795e+00,-1.530946338734020973e+00,1.824428190479672196e+00,-7.756360478323709913e+02,1.282329339417472980e+01
3.354999999999950688e+00,-1.524752472774760115e+00,9.178668726537547728e-01,-8.417147049766660984e+02,1.352440208629738549e+01
3.359999999999950582e+00,-1.512404547118167075e+00,3.541792916825951210e+00,2.615195628026982376e+03,1.395306834377742788e+01
3.364999999999950475e+00,-1.499863522417723471e+00,2.803392757262053170e+00,-7.181876066771857268e+02,1.039300490867427129e+01
3.369999999999950369e+00,-1.488091395557679553e+00,2.092528300434146615e+00,-8.122044168292372888e+02,1.052065283479089786e+01
3.374999999999950262e+00,-1.475963649668459610e+00,1.550324518802915774e+00,-8.097332211715892072e+02,1.112305287397946962e+01
3.379999999999950155e+00,-1.462306308408633626e+00,1.665223207532833483e+00,-2.012363063695409835e+02,1.111418540703112967e+01
3.384999999999950049e+00,-1.448291161947018679e+00,3.296902742081217141e+00,-6.251324715741426417e+02,9.199060812378252905e+00
3.389999999999949942e+00,-1.434543371934703826e+00,2.445137620819474833e+00,-8.148966595920646796e+02,8.415900541768541743e+00
3.394999999999949836e+00,-1.422230400891909108e+00,1.369841662842633312e+00,-9.159606717324020337e+02,8.542247710869641963e+00
3.399999999999949729e+00,-1.407395302065897136e+00,3.965209400768821002e+00,2.480436548151230454e+03,8.857314910939614094e+00
3.404999999999949623e+00,-1.393444620550802204e+00,2.882264267917127309e+00,-7.112121903370898508e+02,4.650521837654030932e+00
3.409999999999949516e+00,-1.382292972587344959e+00,1.838447782334373226e+00,-4.753117250854366489e+02,2.779282011897969085e+00
3.414999999999949409e+00,-1.373603094567001470e+00,1.850620329161463795e+00,3.400400226295589050e+02,1.692351931287571221e-01
3.419999999999949303e+00,-1.370931370145810124e+00,5.117591412690636332e-01,-1.469111382401579533e+02,-4.483331140113133273e+00
3.424999999999949196e+00,-1.370083516246686006e+00,-9.364521022477534373e-02,-1.006339887066038585e+02,-8.619782116390885207e+00
3.429999999999949090e+00,-1.376892405181995294e+00,-1.889087719914950725e+00,-4.108724572015236731e+02,-8.741226103367912614e+00
3.434999999999948983e+00,-1.390736338044651577e+00,-3.263380085277776121e+00,-1.557048035973822095e+02,-8.252354859468885806e+00
3.439999999999948876e+00,-1.409548760840029002e+00,-4.094691294847315532e+00,-1.227561364514402271e+02,-7.988969246682159131e+00
3.444999999999948770e+00,-1.431120137438002926e+00,-4.584531776968218786e+00,-1.812327352362275406e+02,-7.809522768259267167e+00
3.449999999999948663e+00,-1.453577569449575835e+00,-4.484923673896579643e+00,-5.885351389884473861e+01,-7.668985452942525427e+00
3.454999999999948557e+00,-1.475913305086282712e+00,-4.391148424489867530e+00,-3.218737161554946624e+01,-7.500975274762730294e+00
3.459999999999948450e+00,-1.497374368274180911e+00,-4.143871708736767800e+00,4.373460510275875635e+01,-7.315502166106814030e+00
3.464999999999948344e+00,-1.517521664647103696e+00,-3.879139811524473291e+00,9.434673954037442911e+01,-7.180008088613087480e+00
3.469999999999948237e+00,-1.535734178451272358e+00,-3.481203572566936799e+00,1.831570165320634942e+02,-6.944347156127224530e+00
3.474999999999948130e+00,-1.551847858858224738e+00,-3.200679866435701904e+00,-1.151192897059275566e+02,-7.056278986645943441e+00
3.479999999999948024e+00,-1.566178850069818163e+00,-2.725198504882262895e+00,8.251652713497767877e+01,-6.936177404025920978e+00
3.484999999999947917e+00,-1.579330507688963880e+00,-2.485311716321332742e+00,7.556411720975410162e+01,-6.779461336890217460e+00
3.489999999999947811e+00,-1.590837927270674745e+00,-2.127941968311939380e+00,7.771048391353843954e+01,-6.647195476406824177e+00
3.494999999999947704e+00,-1.600824137256498414e+00,-1.847034073290032774e+00,1.377834342983482543e+02,-6.602972690982841009e+00
3.499999999999947597e+00,-1.609721076687228747e+00,-1.735810973166072468e+00,4.929271329316414096e+01,-6.446546450811023732e+00
3.504999999999947491e+00,-1.617461141530513125e+00,-1.455590944464046244e+00,4.503771209781780271e+01,-6.296051190935027186e+00
3.509999999999947384e+00,-1.624260173003667207e+00,-1.270100495976984156e+00,1.156852349567232920e+02,-6.266503718762992392e+00
3.514999999999947278e+00,-1.630445746303745169e+00,-1.207627625486303868e+00,4.221964980534629319e+01,-6.074581411430359346e+00
3.519999999999947171e+00,-1.635877694976461072e+00,-1.034494120513562931e+00,2.091522253541733889e+01,-5.918037568805799786e+00
3.524999999999947065e+00,-1.640778367306924945e+00,-9.155477278815604691e-01,8.870791243131299098e+01,-5.785267258166586934e+00
3.529999999999946958e+00,-1.645318724972202107e+00,-9.034158182262983505e-01,2.769092879442208055e+00,-5.600180225659359579e+00
3.534999999999946851e+00,-1.649408880926106047e+00,-8.053819071086575354e-01,-1.453273655118677610e+01,-5.353697317100124309e+00
3.539999999999946745e+00,-1.653175019340276108e+00,-7.027296530723891044e-01,6.874154613450696161e+01,-5.148175940656870786e+00
3.544999999999946638e+00,-1.656647866197975105e+00,-7.124792699090941595e-01,-2.019163700908431025e+01,-4.981090846217703039e+00
3.549999999999946532e+00,-1.659772569551711152e+00,-5.998861376087814001e-01,4.675198480846441740e+00,-4.192195060721489952e+00
3.554999999999946425e+00,-1.662791893789281383e+00,-5.842317763069736491e-01,6.520509694807130074e+01,-3.587457470173567309e+00
3.559999999999946318e+00,-1.666027073363747890e+00,-6.686894849102553717e-01,3.016848831877371850e+00,-2.968889009580612637e+00
3.564999999999946212e+00,-1.669668171009810909e+00,-7.899174001332244233e-01,-6.744131600690181472e+01,-1.843539027116802842e+00
3.569999999999946105e+00,-1.673929389898129116e+00,-8.714987380079277646e-01,1.636308860186147029e+01,-1.439521475462265165e+00
3.574999999999945999e+00,-1.678639374620809699e+00,-9.539355056832837798e-01,-7.621020068344816600e+00,-7.652997239488230630e-01
3.579999999999945892e+00,-1.682993306632625474e+00,-7.935325339666433608e-01,3.160452584179131108e+01,1.001960596893476385e-01
3.584999999999945786e+00,-1.686537919199474711e+00,-6.358642354428055699e-01,4.629433640289765606e+01,3.348648486193483431e-01
3.589999999999945679e+00,-1.689249684354661607e+00,-4.654960730574041472e-01,5.650555557621805036e+01,4.945093095352049439e-01
3.594999999999945572e+00,-1.690850754972959225e+00,-2.414387520391753361e-01,1.039357340837611332e+01,1.473729385911376255e+00
3.599999999999945466e+00,-1.691252698652970565e+00,1.039488213968806085e-02,4.146825268971491596e+01,1.595884978982164970e+00
3.604999999999945359e+00,-1.690332609922589491e+00,3.155465572932938390e-01,8.474942638430054842e+01,2.582955319073623635e+00
3.609999999999945253e+00,-1.687724892305841218e+00,6.211197679372078007e-01,9.684244677007944802e+01,3.834388106384698069e+00
3.614999999999945146e+00,-1.684635137864228138e+00,6.184038107217857405e-01,-8.843285710093917373e+01,5.387074797989530595e+00
3.619999999999945040e+00,-1.680907229794478264e+00,8.301259156001413730e-01,1.517544435889023760e+02,7.310380033583819603e+00
3.624999999999944933e+00,-1.676989340637351500e+00,7.753504359280026792e-01,-9.371747807925829932e+01,9.938672897136148876e+00
3.629999999999944826e+00,-1.672903354036804346e+00,8.774711595794593144e-01,8.819386958353473460e+01,1.220759811345184787e+01
3.634999999999944720e+00,-1.668291080443404129e+00,8.925181066906127114e-01,-2.129927854917841330e+02,1.475761280680483445e+01
3.639999999999944613e+00,-1.663272445716815318e+00,1.083159882979825905e+00,-2.486086487472314843e+02,1.606853995851294670e+01
3.644999999999944507e+00,-1.658433102401929204e+00,1.226600030305672773e+00,5.787283728514084942e+02,1.726752429590569804e+01
3.649999999999944400e+00,-1.652903971207685396e+00,1.369352597987354647e+00,6.943973727985769528e+02,1.686460030183883063e+01
3.654999999999944293e+00,-1.648005942038847538e+00,1.375357258561518581e+00,5.550872771350399262e+02,1.723770136218790938e+01
3.659999999999944187e+00,-1.643654084502534030e+00,6.224485134106334527e-01,-2.133261670835883024e+02,1.715518735139580286e+01
3.664999999999944080e+00,-1.639135395126289918e+00,4.272022896844582251e-01,-5.884277007662934693e+02,1.764097656526866942e+01
3.669999999999943974e+00,-1.634500955036873204e+00,7.457703091561427300e-01,-5.380631589160956310e+02,1.668979251502544514e+01
3.674999999999943867e+00,-1.629986966199439280e+00,9.827483513697170547e-01,-5.530200134234250982e+02,1.646972206555043172e+01
3.679999999999943761e+00,-1.625606372727699034e+00,1.395822935646833240e+00,1.143325988909403350e+03,1.697330161078199140e+01
3.684999999999943654e+00,-1.622616312642359837e+00,7.935731935583946461e-02,-5.928763077226607265e+02,1.674059096645582656e+01
3.689999999999943547e+00,-1.619061819524946877e+00,4.787893430525013150e-01,-6.041136595285855719e+02,1.731866138194055793e+01
3.694999999999943441e+00,-1.613213016054655613e+00,1.048947445847543625e+00,-5.859359308458133455e+02,1.636480191585446775e+01
3.699999999999943334e+00,-1.608562856418461973e+00,1.582588351642314484e+00,1.400805883708562078e+03,1.698570705725405716e+01
3.704999999999943228e+00,-1.605054164475839151e+00,7.288870359140013633e-02,-7.732582514649909626e+02,1.675005968134967205e+01
3.709999999999943121e+00,-1.599708697239810240e+00,9.987113350870640005e-01,-6.860328867626342344e+02,1.658355471015835647e+01
3.714999999999943014e+00,-1.594729495388449658e+00,1.839814939872415955e+00,1.674825848942731909e+03,1.696307268327095130e+01
3.719999999999942908e+00,-1.590253161109357549e+00,2.388076777689106256e-01,-8.287977317645346602e+02,1.635746966404697389e+01
3.724999999999942801e+00,-1.585520949818191916e+00,1.406009682505693359e+00,1.814747154530980652e+03,1.768976248353818903e+01
3.729999999999942695e+00,-1.583434523860699938e+00,-2.350357786725429388e-01,-8.950706828603686063e+02,1.647117261994803883e+01
3.734999999999942588e+00,-1.576947954378020045e+00,1.362308703841180746e+00,-8.038049877906114489e+02,1.664998075402608535e+01
3.739999999999942482e+00,-1.575299135789526739e+00,-3.164735779053662323e-01,-9.744345244108438919e+02,1.660641605986599956e+01
3.744999999999942375e+00,-1.567948605303025378e+00,1.596363388555429141e+00,-9.113626323142227648e+02,1.662135164256081410e+01
3.749999999999942268e+00,-1.564770368895192609e+00,-2.970987316471501022e-02,-1.069224731868024264e+03,1.613878827167989627e+01
3.754999999999942162e+00,-1.558303393264945491e+00,2.223312772078551269e+00,2.658526409203314415e+03,1.761262117076755018e+01
3.759999999999942055e+00,-1.554248595313368009e+00,1.060410499538854578e+00,-9.067665739446892985e+02,1.491517447881709835e+01
3.764999999999941949e+00,-1.548218559853148601e+00,1.716188818321908172e-01,-8.943411827211464242e+02,1.534346502753986918e+01
3.769999999999941842e+00,-1.538623448309706765e+00,3.112335466979661902e+00,2.769986689234026016e+03,1.581027358371916769e+01
3.774999999999941735e+00,-1.528236327430939401e+00,2.579311946997044913e+00,-6.768295308971777331e+02,1.278567398106566522e+01
3.779999999999941629e+00,-1.517096109221826694e+00,2.047335042805542127e+00,-8.170767204458728656e+02,1.284267563889867603e+01
3.784999999999941522e+00,-1.505875826081983337e+00,1.366674905011635133e+00,-7.857339735307995170e+02,1.275355596273852754e+01
3.789999999999941416e+00,-1.492793022114424328e+00,1.194166440940030993e+00,-6.484628518969454944e+02,1.298312172347534954e+01
3.794999999999941309e+00,-1.477480838193759194e+00,4.345731528932825327e+00,2.664410720500354728e+03,1.232630878649514372e+01
3.799999999999941203e+00,-1.462922917613218132e+00,3.982395166484773874e+00,2.409146824579378062e+03,1.045694469005174199e+01
3.804999999999941096e+00,-1.447235412584345848e+00,3.636725321123154497e+00,-5.849971247486352013e+02,8.354658229840300265e+00
3.809999999999940989e+00,-1.434390909862538477e+00,2.938434377461081937e+00,-7.046190078524294904e+02,8.092344292153935470e+00
3.814999999999940883e+00,-1.422029079733515111e+00,2.193905313673999657e+00,-7.821059259402709358e+02,7.598806637123036722e+00
3.819999999999940776e+00,-1.408583081549888538e+00,3.982238234514612341e+00,2.077805083198980810e+03,6.826565597567546106e+00
3.824999999999940670e+00,-1.396377643798085710e+00,1.783675571815917849e+00,-4.733497463894706812e+02,2.924963714058713027e+00
3.829999999999940563e+00,-1.387549118950311300e+00,1.646386771476203492e+00,-7.594246569791864943e+01,-1.824071163002916052e-01
3.834999999999940457e+00,-1.386116750565585143e+00,-9.454555124300902114e-02,-4.077253511753621069e+02,-5.625099205194443286e+00
3.839999999999940350e+00,-1.392702542375748642e+00,-2.644095382332741107e+00,-1.128832341542639142e+03,-8.126456428866090320e+00
3.844999999999940243e+00,-1.405526932747702906e+00,-2.843148045501225241e+00,-1.471409754192171135e+02,-8.012947826028133491e+00
3.849999999999940137e+00,-1.424747904674060539e+00,-4.385414186213705712e+00,-3.202431333318699558e+02,-7.405921645004957199e+00
3.854999999999940030e+00,-1.449397730517758776e+00,-5.271727607136719840e+00,-3.182288981926491900e+01,-6.652532552061251714e+00
3.859999999999939924e+00,-1.476435299782343780e+00,-5.698899157380651559e+00,-3.313529259973228136e+02,-6.581339433777439574e+00
3.864999999999939817e+00,-1.503721694379888341e+00,-5.378405427569072472e+00,7.710666087871017282e+01,-6.403793546170870599e+00
3.869999999999939710e+00,-1.530167472059090761e+00,-5.123061923352337566e+00,-5.972675096734546329e+00,-6.228921074865123586e+00
3.874999999999939604e+00,-1.554809461938045700e+00,-4.675112435853987058e+00,1.563572371924892650e+02,-6.039113908304427625e+00
3.879999999999939497e+00,-1.577117510660084765e+00,-4.246945902905783221e+00,7.934329747801801602e+01,-5.932445004958017520e+00
3.884999999999939391e+00,-1.596844926600565984e+00,-3.955678789470589152e+00,-1.379244183688354610e+02,-5.898784128583164588e+00
3.889999999999939284e+00,-1.614003602391441028e+00,-3.222086645342339128e+00,3.983427075450690324e+01,-5.846667018036787233e+00
3.894999999999939178e+00,-1.628947372779652403e+00,-2.766848340867301470e+00,1.221921468689011618e+02,-5.808218332398905837e+00
3.899999999999939071e+00,-1.641822126457090247e+00,-2.429321630594587056e+00,1.595946877213853554e+02,-5.660591832265131629e+00
3.904999999999938964e+00,-1.652651192607701436e+00,-2.148017920838633188e+00,-5.306303054947934328e+01,-5.741517497390205449e+00
3.909999999999938858e+00,-1.661847341026402747e+00,-1.695404146467323958e+00,2.037606262618448838e+01,-5.663890816458677868e+00
3.914999999999938751e+00,-1.669757851181939978e+00,-1.448495936219408087e+00,6.701347009152158307e+01,-5.597165674325832896e+00
3.919999999999938645e+00,-1.676741465784403973e+00,-1.317972616101029670e+00,3.388129447195856869e+01,-5.467705174084678710e+00
3.924999999999938538e+00,-1.682876026211303389e+00,-1.149153168905046041e+00,4.244420793274323955e+01,-5.238665142216516024e+00
3.929999999999938431e+00,-1.688246562924520022e+00,-1.008846944396244449e+00,8.560143234455644290e+01,-5.162104930241969925e+00
3.934999999999938325e+00,-1.692798408447110825e+00,-8.360667145911676590e-01,7.163826892792022250e+01,-4.943970755347349311e+00
3.939999999999938218e+00,-1.696517251667514437e+00,-6.727243280258227154e-01,5.459282188733165242e+01,-4.921907349380438390e+00
3.944999999999938112e+00,-1.699605024037399881e+00,-5.593582167405716232e-01,7.631922909057180959e+01,-4.823667311993982132e+00
3.949999999999938005e+00,-1.702203025149974458e+00,-5.046958882168316451e-01,1.684773370160239381e+01,-4.614825616434669264e+00
3.954999999999937899e+00,-1.704273567219858565e+00,-3.806574436899080038e-01,2.052944911569083786e+01,-4.276932035195537551e+00
3.959999999999937792e+00,-1.705879583793735055e+00,-2.729103494037657951e-01,5.180187910462282730e+01,-4.187438779662329580e+00
3.964999999999937685e+00,-1.707055531996400699e+00,-2.137175009248341584e-01,1.434591971370813113e+01,-4.000846704529322118e+00
3.969999999999937579e+00,-1.707841432626387768e+00,-1.457362899900914444e-01,-2.772155262454302438e+00,-3.428355378692935940e+00
3.974999999999937472e+00,-1.708386890944944003e+00,-8.520569865083409133e-02,4.773379720629630185e+01,-2.656856498108749243e+00
3.979999999999937366e+00,-1.708915472553498738e+00,-1.258000805428197977e-01,-1.975110328208300103e+01,-1.952360154768634226e+00
3.984999999999937259e+00,-1.709617894936257043e+00,-1.638556841269899478e-01,-3.147212983493223959e+01,-6.664450808380162350e-01
3.989999999999937152e+00,-1.710393390789979984e+00,-1.326921038397324837e-01,3.652632137635403353e+01,-4.963344178700140330e-01
3.994999999999937046e+00,-1.710943635793189754e+00,-6.985201310640237748e-02,3.186342193640380671e+01,6.697126492650874729e-02
3.999999999999936939e+00,-1.710880018574059802e+00,6.160027520715515015e-02,1.431018635186417143e+00,6.418922951189536263e-01
4.004999999999936833e+00,-1.710171687751371072e+00,1.889523676413943643e-01,1.974355984443504397e+01,1.124671183712721012e+00
4.009999999999936726e+00,-1.708822591611796282e+00,3.176432255597612109e-01,1.725887562619914206e+01,1.309014020950367563e+00
4.014999999999936620e+00,-1.706725089311659893e+00,4.792611530150062693e-01,1.905748466035568356e+01,2.624262237409136667e+00
4.019999999999936513e+00,-1.703548257957191892e+00,7.330334555293611665e-01,4.219016406564969657e+01,3.341871095436788508e+00
4.024999999999936406e+00,-1.699773127428463981e+00,7.602469077317255408e-01,-3.523377784327984585e+01,4.910792025428167840e+00
4.029999999999936300e+00,-1.695633102815795379e+00,8.399107409076456143e-01,2.039687022537142269e+01,6.916750852543917638e+00
4.034999999999936193e+00,-1.691215616120641529e+00,8.663113132278366102e-01,-8.216836392169605574e+01,9.510985314017560199e+00
4.039999999999936087e+00,-1.686611168626391599e+00,9.577775445419650646e-01,2.682855537617483321e+01,1.199692774969877540e+01
4.044999999999935980e+00,-1.681582297993750696e+00,1.005060540152713511e+00,-8.457654117715486564e+01,1.477597310213311133e+01
4.049999999999935874e+00,-1.676220744152705944e+00,1.099855753668212754e+00,-1.415076605935545331e+02,1.639059716551571455e+01
4.054999999999935767e+00,-1.671053093237397036e+00,1.091614451149959253e+00,1.829442171186639712e+02,1.739187596798948832e+01
4.059999999999935660e+00,-1.665974219535267808e+00,1.021995792381546808e+00,1.099720250586253201e+02,1.695895560323651807e+01
4.064999999999935554e+00,-1.660867945889368924e+00,9.948644406458925227e-01,-2.281437553392549376e+02,1.710244955252756682e+01
4.069999999999935447e+00,-1.656114405353911634e+00,9.372956197375774678e-01,-6.618938257016166915e+01,1.672660373286733204e+01
4.074999999999935341e+00,-1.651419744828098723e+00,9.458919733228673410e-01,-3.091985170776799237e+02,1.683669100739452773e+01
4.079999999999935234e+00,-1.647390832544804784e+00,9.619570776105387244e-01,4.554379771833376935e+02,1.675048026810386048e+01
4.084999999999935127e+00,-1.643124414182571602e+00,1.140479307785553065e+00,7.093550701474716789e+02,1.692164619397040681e+01
4.089999999999935021e+00,-1.639158328711794343e+00,1.290367391372569283e+00,7.003064640349838328e+02,1.659523675456773617e+01
4.094999999999934914e+00,-1.635802936427205756e+00,2.036581064300728161e-01,-5.295875734253384053e+02,1.679115942873102441e+01
4.099999999999934808e+00,-1.632541724755522949e+00,3.717030164186349572e-01,-4.328511412366059972e+02,1.684089397671507271e+01
4.104999999999934701e+00,-1.628467010203006993e+00,7.050631423458149083e-01,-4.712337043353325043e+02,1.718323597780608480e+01
4.109999999999934595e+00,-1.625565934088336828e+00,1.043596904527399838e+00,1.039101581776364128e+03,1.719161745850945167e+01
4.114999999999934488e+00,-1.622432508990210742e+00,1.360089772482255155e+00,1.013428525337005567e+03,1.681487666215702248e+01
4.119999999999934381e+00,-1.619419132379906534e+00,5.836619563243436448e-02,-6.622784112613678644e+02,1.671861467250913691e+01
4.124999999999934275e+00,-1.615594742463528632e+00,6.533686706115910958e-01,-5.894718670896809272e+02,1.688583914031976363e+01
4.129999999999934168e+00,-1.612405860889960296e+00,1.234191515419359009e+00,1.247023854085596440e+03,1.715862152690765186e+01
4.134999999999934062e+00,-1.610153127595847833e+00,-1.352821994620269641e-01,-7.294386514538869051e+02,1.698112586182756445e+01
4.139999999999933955e+00,-1.605927996651563827e+00,8.215997493730990975e-01,-6.018913956386570590e+02,1.713950101782656432e+01
4.144999999999933848e+00,-1.601939796661505655e+00,1.558947773007484772e+00,1.499547044226089383e+03,1.739813246365748256e+01
4.149999999999933742e+00,-1.598307504219154795e+00,2.014290122133817751e-01,-7.281463210632139180e+02,1.699467471594786971e+01
4.154999999999933635e+00,-1.593540788663882601e+00,1.562951502441288776e+00,1.823075074580958017e+03,1.749742477388235073e+01
4.159999999999933529e+00,-1.588615668206262210e+00,6.314206294798754282e-01,-6.638163450162044228e+02,1.594923594136389866e+01
4.164999999999933422e+00,-1.580500791886578105e+00,2.326019799234572805e+00,1.879798278022250088e+03,1.649888563788980278e+01
4.169999999999933316e+00,-1.571173907172114692e+00,1.585426130681559798e+00,-6.332090680487881400e+02,1.469153745312636516e+01
4.174999999999933209e+00,-1.562919602592292900e+00,8.592323330684579208e-01,-6.745114274440702502e+02,1.492055455634984895e+01
4.179999999999933102e+00,-1.552326657578404268e+00,2.870972837280204359e+00,1.824883938862167952e+03,1.509486912268605430e+01
4.184999999999932996e+00,-1.541929116655370802e+00,2.371854769278754826e+00,-6.039776606409249098e+02,1.330047988894928679e+01
4.189999999999932889e+00,-1.531676896520147713e+00,1.822381679141948263e+00,-6.284250730588033775e+02,1.328497960314883031e+01
4.194999999999932783e+00,-1.521299078752286649e+00,1.386801791902884107e+00,-5.782921720707744271e+02,1.344100191199866501e+01
4.199999999999932676e+00,-1.507595229241430967e+00,3.658092835514845209e+00,2.083961055690329431e+03,1.346103017323489404e+01
4.204999999999932569e+00,-1.493475499094808479e+00,3.114009160923867814e+00,-6.134176276083171615e+02,1.061560052516298214e+01
4.209999999999932463e+00,-1.479484269240911365e+00,2.559084570050721208e+00,-6.649842627854446846e+02,1.029140455481567429e+01
4.214999999999932356e+00,-1.467495354250340389e+00,1.593065987157226138e+00,-6.470744406800153001e+02,1.087533673033013315e+01
4.219999999999932250e+00,-1.452295335521249342e+00,4.005093073294989203e+00,2.153003175878514412e+03,1.112447376469296323e+01
4.224999999999932143e+00,-1.439353590924735471e+00,3.363858615774347083e+00,2.011952947031044914e+03,9.555892822424542743e+00
4.229999999999932037e+00,-1.427345270406061628e+00,2.563554782626550121e+00,-6.600797446123394820e+02,7.944571807685974818e+00
4.234999999999931930e+00,-1.415039420490253441e+00,1.635124714901404541e+00,-6.271360613512488271e+02,6.776206348665494872e+00
4.239999999999931823e+00,-1.402451235820297626e+00,2.473365007086449463e+00,-5.677871903083006373e+02,3.980087990206901072e+00
4.244999999999931717e+00,-1.393088043225307882e+00,1.943953656975048849e+00,3.442166277635238316e+02,1.296466336808621778e+00
4.249999999999931610e+00,-1.390154718875282525e+00,4.716304406041026964e-01,-6.685764170369142789e+01,-3.934239913065064709e+00
4.254999999999931504e+00,-1.392000180968856249e+00,-1.025831989642070230e+00,-3.358461310834215396e+02,-7.178046509320810564e+00
4.259999999999931397e+00,-1.403454011442184735e+00,-2.758965383543206862e+00,-2.809330073829724483e+02,-7.190988585169450609e+00
4.264999999999931291e+00,-1.419692267495383131e+00,-3.469964513409877327e+00,-4.820386952211296006e+01,-6.735961456664544933e+00
4.269999999999931184e+00,-1.439761476630964321e+00,-4.498405587882918333e+00,-3.705834386419218731e+02,-6.517099516468803699e+00
4.274999999999931077e+00,-1.463224954541139544e+00,-4.860723024773868417e+00,-3.826152172287804376e+01,-6.053554186276759452e+00
4.279999999999930971e+00,-1.488364593675851832e+00,-5.050803742846254885e+00,-6.740661137602904773e+01,-5.890741226865248592e+00
4.284999999999930864e+00,-1.513685535870987531e+00,-4.959461177420686262e+00,1.170914040802905589e+02,-5.570957993879540382e+00
4.289999999999930758e+00,-1.538159554694318309e+00,-4.754049559453014773e+00,6.225667969915712519e+01,-5.485877228288880580e+00
4.294999999999930651e+00,-1.561038227175612469e+00,-4.425591916850692975e+00,2.982752793607052695e+02,-5.200755683797815720e+00
4.299999999999930544e+00,-1.582022303213033831e+00,-4.204633214839202715e+00,-1.776659082873051148e+02,-5.306112305317819633e+00
4.304999999999930438e+00,-1.600677924418799192e+00,-3.505930642707889344e+00,1.598265687984093688e+02,-5.176291999830869628e+00
4.309999999999930331e+00,-1.617572714905660902e+00,-3.157130311395847322e+00,5.747461117265706321e+01,-5.167305448054667849e+00
4.314999999999930225e+00,-1.632437529506395091e+00,-2.817229506682356277e+00,2.632385354354370861e+02,-4.939687587848359485e+00
4.319999999999930118e+00,-1.645413356225781110e+00,-2.440667884678083155e+00,3.530369884670568581e+01,-5.038276396419171022e+00
4.324999999999930012e+00,-1.656884074015239516e+00,-2.105764051097613887e+00,1.171264668435375285e+02,-4.923652410667735957e+00
4.329999999999929905e+00,-1.666949190203808717e+00,-1.847884116194030035e+00,4.640631179405588114e+01,-4.912098325475762195e+00
4.334999999999929798e+00,-1.675582856834070267e+00,-1.592014222969343029e+00,1.307664864944643739e+02,-4.807371433277339179e+00
4.339999999999929692e+00,-1.683009929261290116e+00,-1.404482101068231348e+00,4.969929942350046304e+01,-4.781649465993274006e+00
4.344999999999929585e+00,-1.689401769241728690e+00,-1.218853653934534043e+00,3.441927633307266632e+01,-4.699861773778136964e+00
4.349999999999929479e+00,-1.694787096095850210e+00,-1.018533963238569262e+00,-3.552047510180990297e+00,-4.684086685637478098e+00
4.354999999999929372e+00,-1.699483075316628344e+00,-8.494559424121812530e-01,5.301542044815821697e+01,-4.533458867901332567e+00
4.359999999999929265e+00,-1.703411543781550241e+00,-7.013921304525553291e-01,4.884824603579616564e+01,-4.402063338589744745e+00
4.364999999999929159e+00,-1.706604852637348957e+00,-5.638408914719760245e-01,5.665109911974650458e+01,-4.374978818034808370e+00
4.369999999999929052e+00,-1.709174928998333565e+00,-4.545118973545959618e-01,4.355129560870806671e+01,-4.258727585139312488e+00
4.374999999999928946e+00,-1.711162136870154615e+00,-3.477075427675537234e-01,3.565095901395046241e+01,-4.077153882967293974e+00
4.379999999999928839e+00,-1.712549199653833121e+00,-2.360527667687288556e-01,1.969423621780684197e+00,-3.983295833398828645e+00
4.384999999999928733e+00,-1.713460003570079104e+00,-1.207152817648803195e-01,5.184828210014361360e+01,-3.937075461331520199e+00
4.389999999999928626e+00,-1.713876225801288067e+00,-3.510810267340819940e-02,2.972699875316640217e+01,-3.640639263654848357e+00
4.394999999999928519e+00,-1.713880570429160199e+00,3.193633225696585615e-02,5.909662433698983364e+01,-3.605632562793991358e+00
4.399999999999928413e+00,-1.713461847023561191e+00,1.221840293039419822e-01,2.201357384883531410e+01,-3.395592109074636156e+00
4.404999999999928306e+00,-1.712681965187845545e+00,1.861363325520118128e-01,1.691273862207289014e+01,-3.339778667570119541e+00
4.409999999999928200e+00,-1.711575725413018167e+00,2.443042262314312485e-01,1.037489683147498098e+01,-2.880404812392340475e+00
4.414999999999928093e+00,-1.710289563621842035e+00,2.841514917540826080e-01,2.433364734651961925e+01,-2.538536552472146823e+00
4.419999999999927986e+00,-1.708892981904720942e+00,2.882076440522248206e-01,9.443531540317009032e+00,-1.872964078040828095e+00
4.424999999999927880e+00,-1.707478695327954821e+00,2.635066047983804505e-01,-2.447834246172855899e+01,-7.783053543882798575e-01
4.429999999999927773e+00,-1.705975312546660350e+00,3.126569907911040391e-01,8.549238264119130903e+00,-1.150825298735258795e-01
4.434999999999927667e+00,-1.704174724292561560e+00,4.076929800034549412e-01,4.842471234386526646e+01,4.591314255472347394e-01
4.439999999999927560e+00,-1.702101818985662263e+00,4.184056287861869228e-01,-2.102617882759177093e+01,1.830866896363966490e+00
4.444999999999927454e+00,-1.699717927281804153e+00,4.838761395328469717e-01,-2.089982891234605233e+01,2.502344238205157279e+00
4.449999999999927347e+00,-1.697092565755860871e+00,5.643549303442443321e-01,3.036196199934269657e+01,3.994250242029282028e+00
4.454999999999927240e+00,-1.693980068512947135e+00,6.373043736757716404e-01,-2.142493090108472487e+01,5.801866760850712623e+00
4.459999999999927134e+00,-1.690456832521093355e+00,7.238578630632179767e-01,-1.054616925630201862e+01,8.293309600795263137e+00
4.464999999999927027e+00,-1.686752590149363407e+00,7.644270078346941943e-01,-4.083235927522128605e+01,1.095141320371013727e+01
4.469999999999926921e+00,-1.682594589827345999e+00,8.595096815086223918e-01,4.324635635694392022e+01,1.397141023151109529e+01
4.474999999999926814e+00,-1.678288611536727037e+00,8.737826945521887101e-01,-7.290664512594462110e+01,1.581494557125329870e+01
4.479999999999926708e+00,-1.673943045745962310e+00,8.576806276568902376e-01,-1.739907306065628845e+01,1.720480500196986284e+01
4.484999999999926601e+00,-1.669724033108342720e+00,8.822377901601112793e-01,7.144272226468729947e+00,1.703743389009976994e+01
4.489999999999926494e+00,-1.665882185327444809e+00,7.738372211383538479e-01,5.547926565219729866e+01,1.724519359667159435e+01
4.494999999999926388e+00,-1.662240457597174759e+00,7.434005575727935522e-01,-1.053998911654093149e+02,1.685089070463675398e+01
4.499999999999926281e+00,-1.658975645451755687e+00,6.462161308913502156e-01,-2.062354755528981443e+01,1.707674217178401221e+01
4.504999999999926175e+00,-1.656027663458754962e+00,5.987707711612171302e-01,-6.727094378230327720e+01,1.696749610018002485e+01
4.509999999999926068e+00,-1.653232233103908655e+00,5.836270049525141834e-01,-5.682787572441874602e+01,1.664953308874903115e+01
4.514999999999925961e+00,-1.650773238152763112e+00,4.773822253343472655e-01,-5.180951142704379464e+01,1.712598467346016307e+01
4.519999999999925855e+00,-1.648530987448581175e+00,4.189584188007829946e-01,-1.222925797261083289e+02,1.693007382686919016e+01
4.524999999999925748e+00,-1.646901417440320481e+00,3.942165292634511875e-01,2.848818985103861792e+02,1.699044274016270251e+01
4.529999999999925642e+00,-1.645391487258806462e+00,5.187294049255795070e-01,5.895381907748286494e+02,1.738195727085116005e+01
4.534999999999925535e+00,-1.643638796248604317e+00,5.648431793054897732e-01,5.304612218868569471e+02,1.772132488204758971e+01
4.539999999999925429e+00,-1.642965885873802323e+00,-2.177407742355486064e-01,-4.394926755132334506e+02,1.782600517781899185e+01
4.544999999999925322e+00,-1.641352122409168501e+00,-1.188714704388463793e-02,-3.886453893815433389e+02,1.828747004266481824e+01
4.549999999999925215e+00,-1.639528508605182955e+00,2.602873270852182341e-01,-3.792307394142221142e+02,1.778227144888013100e+01
4.554999999999925109e+00,-1.638536097565188587e+00,5.683885251029067165e-01,8.021615513766665799e+02,1.745680277052318274e+01
4.559999999999925002e+00,-1.637983989185213041e+00,-3.493177977475946799e-02,-1.603810393177703304e+02,1.649238452798790888e+01
4.564999999999924896e+00,-1.637314443461176827e+00,-2.150670036623295589e-01,-3.497199735028078180e+02,1.825189977961744603e+01
4.569999999999924789e+00,-1.635571755935617988e+00,-1.079068062577327389e-02,-4.381764941071281783e+02,1.706537356301697628e+01
4.574999999999924682e+00,-1.633498909119258213e+00,3.170261832813184300e-01,-4.811626614201948655e+02,1.663785829987025267e+01
4.579999999999924576e+00,-1.632096800873397147e+00,7.795452317509868889e-01,1.066485088960769417e+03,1.677989657870553231e+01
4.584999999999924469e+00,-1.630343749924644481e+00,1.064488978482929449e+00,9.853120874971936018e+02,1.620963598724853583e+01
4.589999999999924363e+00,-1.628520719960258933e+00,-1.643692896423991634e-01,-6.075459841242030734e+02,1.594790984562071579e+01
4.594999999999924256e+00,-1.625931533264316275e+00,3.965389500192667560e-01,-6.109571768018049625e+02,1.628973218810251922e+01
4.599999999999924150e+00,-1.624347185506274771e+00,8.433411727146756798e-01,1.100616714884545218e+03,1.636672224818237353e+01
4.604999999999924043e+00,-1.621426136760645287e+00,1.040820547156326104e+00,1.036617032569580488e+03,1.551529826439846005e+01
4.609999999999923936e+00,-1.620129386337812560e+00,-3.480240198120334583e-01,-7.363960681996068161e+02,1.541879265088842033e+01
4.614999999999923830e+00,-1.617815779949435484e+00,1.341510258358560859e-01,-7.104004797866934950e+02,1.611450894021065849e+01
4.619999999999923723e+00,-1.613067381434379666e+00,7.835651715696113628e-01,-7.414882652630534494e+02,1.518259407620721113e+01
4.624999999999923617e+00,-1.609391266598867221e+00,1.414440085005070014e+00,1.447307060360550622e+03,1.500634990407330349e+01
4.629999999999923510e+00,-1.606868548118614237e+00,-1.540754124616408316e-01,-7.969086968000677871e+02,1.383550515889151988e+01
4.634999999999923403e+00,-1.602569772234909484e+00,6.819203935465689703e-01,-8.019474470583971879e+02,1.470248884474358775e+01
4.639999999999923297e+00,-1.599179334767419913e+00,1.241911286746387066e+00,1.167628928990631039e+03,1.442408877932420808e+01
4.644999999999923190e+00,-1.592952798281972226e+00,1.949439806434413169e+00,1.505608989926334289e+03,1.339212203425658387e+01
4.649999999999923084e+00,-1.587878908213308016e+00,3.011200552821602372e-01,-8.847370572589447875e+02,1.269811009659069434e+01
4.654999999999922977e+00,-1.580464669987107440e+00,1.395968020816350075e+00,-8.101731613831783534e+02,1.324340200818765645e+01
4.659999999999922871e+00,-1.573197010671278484e+00,2.313064961383517915e+00,1.704807346813182448e+03,1.316280139091334433e+01
4.664999999999922764e+00,-1.566378346916994957e+00,6.491940492285589448e-01,-9.224916800334156051e+02,1.201488218414196041e+01
4.669999999999922657e+00,-1.556535192579574289e+00,1.929406667247646423e+00,-8.171039134896204814e+02,1.239637384741987169e+01
4.674999999999922551e+00,-1.546685807972367765e+00,2.768239587729175888e+00,1.627918534633492754e+03,1.212053405145700680e+01
4.679999999999922444e+00,-1.537621207161266268e+00,1.086579486693077801e+00,-9.229000666796127916e+02,1.119285580893768106e+01
4.684999999999922338e+00,-1.525727966776792677e+00,2.343859664584368563e+00,-8.001249420689680392e+02,1.124302784383176324e+01
4.689999999999922231e+00,-1.514932848063396342e+00,3.024939185462653057e+00,1.689464449701466947e+03,1.123942247397157423e+01
4.694999999999922125e+00,-1.504576940903250115e+00,1.331085054659920441e+00,-9.575269444280033895e+02,9.947166076348437969e+00
4.699999999999922018e+00,-1.491241942757209227e+00,2.551726371062390086e+00,-7.524835140691902780e+02,1.021284333708570990e+01
4.704999999999921911e+00,-1.480521453742054350e+00,3.201153426046309924e+00,1.896420003545332065e+03,1.052860949519013367e+01
4.709999999999921805e+00,-1.469093931767484484e+00,1.603776519245181165e+00,-1.006502433224891547e+03,9.251268749679324443e+00
4.714999999999921698e+00,-1.456098326902190987e+00,3.233176115929162542e+00,2.021845683546294367e+03,1.052274700581458688e+01
4.719999999999921592e+00,-1.444008002946487679e+00,1.825777592242118885e+00,-9.822502548727675276e+02,8.224498442409203136e+00
4.724999999999921485e+00,-1.430158870790052106e+00,2.619010177606842849e+00,-7.145807290066720725e+02,8.599456075944470257e+00
4.729999999999921378e+00,-1.417098853682809745e+00,2.881433382026879819e+00,9.562769121119387137e+02,8.600076022018741995e+00
4.734999999999921272e+00,-1.405341975795937337e+00,1.685841961903463915e+00,-1.037863932542843713e+03,8.020729437537758244e+00
4.739999999999921165e+00,-1.391101757059137078e+00,3.540664933076133725e+00,2.077833453353119694e+03,8.410899720174741745e+00
4.744999999999921059e+00,-1.377917862973993657e+00,1.985588754793291555e+00,-8.890333871157512249e+02,5.707018742270969724e+00
4.749999999999920952e+00,-1.363756293381241713e+00,2.968353977396612997e+00,-7.400356705197776819e+02,5.615269214567025102e+00
4.754999999999920846e+00,-1.351281895358147134e+00,2.181326382123534469e+00,-6.746103445472306248e+02,4.416740039996333245e+00
4.759999999999920739e+00,-1.337390976254875241e+00,2.745026912920383477e+00,-3.278641002935224265e+02,2.626182166532534001e+00
4.764999999999920632e+00,-1.325793044315344504e+00,2.407957201769018507e+00,1.853565236210772582e+02,-1.253738550729792678e-01
4.769999999999920526e+00,-1.317309045895659558e+00,1.466278024750932607e+00,-1.863623322858246567e+01,-3.089937830017844611e+00
4.774999999999920419e+00,-1.311730896756195364e+00,3.019230021432663946e-01,-9.474682737849171872e+02,-6.652892440951363007e+00
4.779999999999920313e+00,-1.307912414670193035e+00,6.822187699712325415e-01,-5.732734629514360591e+01,-9.256872302844810108e+00
4.784999999999920206e+00,-1.307140488498920172e+00,-3.057391576290307417e-02,-1.491015594517355112e+02,-9.752627284347951786e+00
4.789999999999920099e+00,-1.309536510164551526e+00,-7.486128166515679805e-01,-1.449838649913244240e+02,-9.814286712299168158e+00
4.794999999999919993e+00,-1.315197573971004230e+00,-1.383549718273448859e+00,-1.524623879561798674e+02,-9.651299517923527915e+00
4.799999999999919886e+00,-1.323557663321350608e+00,-1.832695493495318129e+00,-7.996191467199122371e+01,-9.538541894431970647e+00
4.804999999999919780e+00,-1.333837965539642845e+00,-2.163117684888021586e+00,-1.025841744035639991e+00,-9.413452458927185518e+00
4.809999999999919673e+00,-1.345089387153557192e+00,-2.326231605063933117e+00,-7.884623475910416346e+01,-9.325812560044756339e+00
4.814999999999919567e+00,-1.356638797867261603e+00,-2.306489729781184828e+00,6.060355813502514621e+00,-9.250889227031805717e+00
4.819999999999919460e+00,-1.368130312779511693e+00,-2.282065577859885952e+00,1.833413162922213679e+00,-9.198896955145293930e+00
4.824999999999919353e+00,-1.378550423537398206e+00,-1.969826350841775264e+00,8.133467627718185611e+01,-9.176917687753599395e+00
4.829999999999919247e+00,-1.387725645013044629e+00,-1.746809628451791996e+00,5.391044685694562588e+01,-9.310480159553362611e+00
4.834999999999919140e+00,-1.396068381899798538e+00,-1.581292733997602840e+00,7.109247143430236804e+01,-9.293043855957572319e+00
4.839999999999919034e+00,-1.404036881668557113e+00,-1.565896988181478600e+00,1.964079534557112083e+01,-9.257934701421261181e+00
4.844999999999918927e+00,-1.411135843093408671e+00,-1.326241687430843363e+00,2.527265853866959233e+01,-9.231540585364438556e+00
4.849999999999918820e+00,-1.417455890401215113e+00,-1.184212429782961262e+00,7.414216345107246298e+01,-9.296507734286727498e+00
4.854999999999918714e+00,-1.423704251474633198e+00,-1.266157996494271076e+00,-1.135239176288443552e+01,-9.219602564796977262e+00
4.859999999999918607e+00,-1.429562806194208724e+00,-1.110438853554569283e+00,1.212562835744591894e+01,-9.173846685990531213e+00
4.864999999999918501e+00,-1.435135580606901939e+00,-1.065610908847402172e+00,7.186174708705995329e+01,-9.177667742941020279e+00
4.869999999999918394e+00,-1.441041507914266440e+00,-1.240725109214846578e+00,-4.804543788029075557e+01,-9.037848836069322545e+00
4.874999999999918288e+00,-1.446953954314319946e+00,-1.153314060429516452e+00,-7.401147177749705541e+00,-8.937911518040387193e+00
4.879999999999918181e+00,-1.452998664845203569e+00,-1.208545049260895787e+00,6.071834838607906448e+01,-8.850939115487209463e+00
4.884999999999918074e+00,-1.459876371464563727e+00,-1.462997160561756216e+00,-5.557679494679397436e+01,-8.639362863777821033e+00
4.889999999999917968e+00,-1.467276292477993405e+00,-1.521073632253207908e+00,-3.081531511886244346e+01,-8.433454484697927356e+00
4.894999999999917861e+00,-1.475453073642218893e+00,-1.717712052080609952e+00,-4.777891608591088612e+01,-8.269656542058477555e+00
4.899999999999917755e+00,-1.483849769004978780e+00,-1.672755612242777357e+00,-3.303546796899923521e+01,-8.090671933254228065e+00
4.904999999999917648e+00,-1.492668227373081580e+00,-1.772742793707435816e+00,5.996288979115134055e+01,-7.845969008028402136e+00
4.909999999999917542e+00,-1.502612279180161270e+00,-2.119807628275735212e+00,-1.073279094442535637e+02,-7.483122807748408434e+00
4.914999999999917435e+00,-1.513471947400583995e+00,-2.215975874147550151e+00,8.644689391645929533e+00,-6.986015381800672053e+00
4.919999999999917328e+00,-1.524532938174421925e+00,-2.193053551592565320e+00,4.076173751251848998e+00,-6.728214833438581621e+00
4.924999999999917222e+00,-1.536070202050261679e+00,-2.349818287661438632e+00,-2.808328523901123930e+01,-6.438407094937195652e+00
4.929999999999917115e+00,-1.547860454168779931e+00,-2.342756568837727649e+00,4.270049630484854930e+01,-6.018398094599447745e+00
4.934999999999917009e+00,-1.560263362318351055e+00,-2.527675979204535128e+00,-2.735025585995673936e+01,-5.670491336147745365e+00
4.939999999999916902e+00,-1.573234504979148740e+00,-2.629341985775174084e+00,-9.114268022396727176e+00,-4.639320612600465132e+00
4.944999999999916795e+00,-1.586542939921611106e+00,-2.670816308702014918e+00,-3.300057595295034218e+01,-3.414366775774824170e+00
4.949999999999916689e+00,-1.600661928280130875e+00,-2.959474497365605750e+00,-8.795694532422204759e+01,-2.340204963318829101e+00
4.954999999999916582e+00,-1.615882433775235327e+00,-3.115654169891914904e+00,-4.462678039669145136e+01,-9.474376282114764791e-01
4.959999999999916476e+00,-1.629600388906010000e+00,-2.543989936857744549e+00,6.150131772941131914e+01,5.196086704759359520e-01
4.964999999999916369e+00,-1.641019177444502652e+00,-2.117831670533306898e+00,8.202921486160809650e+01,4.967745283482152274e-01
4.969999999999916263e+00,-1.650184422077780599e+00,-1.676783342710872926e+00,5.301711783732935146e+01,8.321806788939546395e-01
4.974999999999916156e+00,-1.656620085703380152e+00,-1.077350117265500007e+00,5.651678155584750129e+01,1.296863986298308014e+00
4.979999999999916049e+00,-1.660323070499042375e+00,-5.438307474604053837e-01,9.885112440041089599e+01,1.261733942951902998e+00
4.984999999999915943e+00,-1.660840607380783984e+00,1.582497759630864809e-01,8.652687354868203329e+01,1.827966971743820723e+00
4.989999999999915836e+00,-1.658768529646082346e+00,3.660565596431520907e-01,-1.516385461112440396e+02,2.131655519887551975e+00
4.994999999999915730e+00,-1.656203958761560235e+00,6.501001881216830203e-01,2.883221108485298600e+02,3.284642341132081089e+00
4.999999999999915623e+00,-1.653388745624481793e+00,5.085684554969831517e-01,-3.031805854520421235e+02,4.663818175789582021e+00
