5.000000000000000104e-03,-2.076649014818817141e-01,-5.176606555056076786e+01,-1.839861870473838053e+03,-1.918917839266867986e+00
1.000000000000000021e-02,-4.430887700096312609e-01,-4.371417157438252588e+01,1.682901014155704615e+03,-5.355288968757534462e-01
1.499999999999999944e-02,-6.188251616077661277e-01,-3.107522728449222171e+01,1.702807570715398015e+03,1.322210409028649281e+00
2.000000000000000042e-02,-7.352670862129270235e-01,-1.966788546992948028e+01,1.476591329010443587e+03,2.647682300252922616e+00
2.500000000000000139e-02,-8.164168392367594507e-01,-1.436609977229873536e+01,8.324051955929143105e+02,2.534412865869157372e+00
3.000000000000000236e-02,-8.832325643147829197e-01,-1.254522746174047221e+01,4.396807708077285497e+02,2.553998277564655695e+00
3.500000000000000333e-02,-9.380191123434191702e-01,-9.933298229571622784e+00,5.004570947369425653e+02,2.668444248534526775e+00
4.000000000000000083e-02,-9.774584564807812237e-01,-6.734071097954711149e+00,5.239198908572095661e+02,2.277600444168559779e+00
4.499999999999999833e-02,-1.006715681928956885e+00,-5.269977046662098985e+00,2.869466299808482290e+02,1.415532443401590790e+00
4.999999999999999584e-02,-1.031280347370227224e+00,-4.596652894669421840e+00,1.756002908102499589e+02,9.293047649385868247e-01
5.499999999999999334e-02,-1.052110827897961620e+00,-3.835362536917298115e+00,1.745388580826989084e+02,7.679838919954109500e-01
5.999999999999999084e-02,-1.068642793069398245e+00,-2.951383168692731207e+00,1.766256801930556435e+02,6.406019870696588736e-01
6.499999999999998834e-02,-1.080929820370080341e+00,-2.140507162898025229e+00,1.541024268909436614e+02,4.587519262628343419e-01
6.999999999999999278e-02,-1.089794116849338357e+00,-1.534345090370262676e+00,1.166037770196602850e+02,2.408025821966404134e-01
7.499999999999999722e-02,-1.096351093401289889e+00,-1.155779848382521457e+00,7.877650300775906089e+01,2.512109653145977450e-02
8.000000000000000167e-02,-1.101610751674240163e+00,-9.628979131840148531e-01,4.888218813015821951e+01,-1.620407970681151388e-01
8.500000000000000611e-02,-1.106349477370472956e+00,-9.073584961191897280e-01,2.732264759297952139e+01,-3.138267392976094028e-01
9.000000000000001055e-02,-1.111106676610369215e+00,-9.430384165602561097e-01,1.330277840667119094e+01,-4.274584645302240138e-01
9.500000000000001499e-02,-1.116220162225722845e+00,-1.033237780607812129e+00,5.086467263688212448e+00,-5.073562070736239438e-01
1.000000000000000194e-01,-1.121892385945941095e+00,-1.156104073930993570e+00,3.784692960259465888e-01,-5.609170325571520843e-01
1.050000000000000239e-01,-1.128250309424499553e+00,-1.300121614888603006e+00,-2.371613526669790417e+00,-5.936568106809387846e-01
1.100000000000000283e-01,-1.135365876334678337e+00,-1.454777607823026786e+00,-3.443495964939902620e+00,-6.079899050857938692e-01
1.150000000000000328e-01,-1.143246050726620666e+00,-1.606141372045211346e+00,-2.550280801915380202e+00,-6.039354603546588374e-01
1.200000000000000372e-01,-1.151835228302286795e+00,-1.742603460722798703e+00,-1.309201843784582320e-01,-5.828138072413279192e-01
1.250000000000000278e-01,-1.161026362182359328e+00,-1.854701020738923845e+00,3.417571559127849046e+00,-5.470409788313006505e-01
1.300000000000000322e-01,-1.170673746027519169e+00,-1.935670408177655233e+00,7.658283981642893146e+00,-4.998275239650096236e-01
1.350000000000000366e-01,-1.180610249618728291e+00,-1.982464125528110133e+00,1.207705755952234306e+01,-4.437396855185126165e-01
1.400000000000000411e-01,-1.190656008040021918e+00,-1.992797082550847199e+00,1.655968435937151639e+01,-3.803291353289997012e-01
1.450000000000000455e-01,-1.200623279614114969e+00,-1.965455006635514534e+00,2.095321102777717570e+01,-3.113016033164309748e-01
1.500000000000000500e-01,-1.210314269607206006e+00,-1.898088232918866858e+00,2.537755827410808962e+01,-2.379806101191925816e-01
1.550000000000000544e-01,-1.219473661531972564e+00,-1.731529940693572911e+00,5.267575552259944516e+01,-1.776922210155960080e-01
1.600000000000000588e-01,-1.236819090634826646e+00,-4.290305063939827690e+00,-3.096980900975744930e+02,-9.180028733040723754e-01
1.650000000000000633e-01,-1.260740528861550080e+00,-4.969654596461258400e+00,-7.141247758740340146e+01,-6.467851407936655583e-01
1.700000000000000677e-01,-1.289236238549946512e+00,-5.972728670837332388e+00,-6.610603546591624990e+01,-7.136927746586341215e-01
1.750000000000000722e-01,-1.320429616361559200e+00,-6.251953990405202610e+00,1.082136692826945961e+02,-3.710795191033580132e-01
1.800000000000000766e-01,-1.353475556765046051e+00,-6.709967767956539930e+00,4.581182018662901356e+01,-8.969476778452389887e-01
1.850000000000000810e-01,-1.383933790692758237e+00,-5.719033989800495377e+00,1.042584602291258307e+02,-4.406601626501571722e-01
1.900000000000000855e-01,-1.413049516313565679e+00,-5.809113545815935531e+00,8.604468503512808297e+01,-7.825645928439457499e-01
1.950000000000000899e-01,-1.441928702043275834e+00,-5.647168277703693562e+00,9.541072025661496525e+01,-6.776500130645772835e-01
2.000000000000000944e-01,-1.467455864692280398e+00,-4.778620186268056180e+00,1.181620334631074911e+02,-2.902442458618401666e-01
2.050000000000000988e-01,-1.489928025196563866e+00,-4.286808886502311289e+00,1.536228269281924383e+02,-4.152420396166602856e-01
2.100000000000001033e-01,-1.509346396729195350e+00,-3.630200077889299770e+00,7.315202730899787298e+01,-2.287596487661778255e-01
2.150000000000001077e-01,-1.526011522681829602e+00,-3.134732827319409942e+00,1.465669042575871117e+02,-2.906489066662549803e-01
2.200000000000001121e-01,-1.540644649293603452e+00,-2.787586820642962593e+00,1.974259028556658535e+01,-2.635932500744120333e-01
2.250000000000001166e-01,-1.552885109312298839e+00,-2.234044546747079973e+00,1.522988256586185116e+02,-1.489812402854606699e-01
2.300000000000001210e-01,-1.570611585767421214e+00,-5.412938870831744076e+00,5.462659050157084550e+01,1.337505646610081644e+00
2.350000000000001255e-01,-1.596089830707118296e+00,-4.886765682128164201e+00,1.486388370949019873e+02,2.188306820868388680e+00
2.400000000000001299e-01,-1.619762631509521267e+00,-4.635024102714809580e+00,2.998235810629838460e-01,2.019224074283215487e+00
2.450000000000001343e-01,-1.641740808413358454e+00,-4.233726276421363011e+00,1.312943754799197222e+02,3.146001485189495739e+00
2.500000000000001110e-01,-1.662513876476760633e+00,-4.104328821671567873e+00,-3.783859428542692882e+01,3.282482075902827923e+00
2.550000000000001155e-01,-1.682201807863183074e+00,-3.860893837415408925e+00,6.651490191773562799e+01,4.505606968484240582e+00
2.600000000000001199e-01,-1.701054435323563041e+00,-3.665089429517330633e+00,9.632808592548904869e+01,5.337966456912004887e+00
2.650000000000001243e-01,-1.719369752484946723e+00,-3.636354933164215542e+00,-1.588984774590995208e+01,5.481842955532572503e+00
2.700000000000001288e-01,-1.737312958823392872e+00,-3.575549444208814709e+00,9.135724517910368547e+00,8.276254128376717034e+00
2.750000000000001332e-01,-1.755302031258652251e+00,-3.611754410908111002e+00,-2.626681846244702712e+01,9.950064290583014781e+00
2.800000000000001377e-01,-1.771949462968617217e+00,-3.262284392274577893e+00,4.441305614612383046e+00,1.098723345790597250e+01
2.850000000000001421e-01,-1.786211808880786567e+00,-2.608021546989150785e+00,3.724089634891711853e+02,1.198669866462062927e+01
2.900000000000001465e-01,-1.798634341952850546e+00,-2.273189453541663685e+00,-4.250620221325922188e+01,1.144989910138636446e+01
2.950000000000001510e-01,-1.809218039851145710e+00,-1.989473760182156381e+00,-7.484941301767626953e+01,1.313772650317677915e+01
3.000000000000001554e-01,-1.817678562213248528e+00,-1.295830714588842580e+00,4.866115113664409364e+02,1.233185761361324317e+01
3.050000000000001599e-01,-1.824075538267825980e+00,-1.326902297868592484e+00,-1.701136053885136903e+02,1.293549054258538611e+01
3.100000000000001643e-01,-1.829465845017572478e+00,-9.201434458294429630e-01,2.513932577629979548e+01,1.270453278727938695e+01
3.150000000000001688e-01,-1.833607831449545422e+00,-5.647808954371025258e-01,3.972884420851762570e+02,1.265173475317072338e+01
3.200000000000001732e-01,-1.836158026477981098e+00,-2.705011048025589004e-01,4.382118745720545121e+02,1.276101273112388412e+01
3.250000000000001776e-01,-1.837772487624158790e+00,-3.350504856012544996e-01,-1.273141413013017882e+02,1.235954726766783018e+01
3.300000000000001821e-01,-1.838554875218304963e+00,-2.179848500705982572e-01,-2.958555983093071973e+02,1.180526224534797741e+01
3.350000000000001865e-01,-1.838658603025438154e+00,1.510074847530849251e-01,2.732564698089872763e+02,1.162596101932240700e+01
3.400000000000001910e-01,-1.838310122766722676e+00,6.882495488176754161e-02,-1.258635913479647712e+02,1.100009011991062913e+01
3.450000000000001954e-01,-1.837163623295478221e+00,3.402506574293368558e-01,1.936534932936853011e+02,1.083073387794134312e+01
3.500000000000001998e-01,-1.835694418845107423e+00,2.689923857288979425e-01,-1.428138005622858202e+02,1.109886012011346068e+01
3.550000000000002043e-01,-1.833737764769389988e+00,4.730757304908899674e-01,1.731273768677518206e+02,1.146743297560787234e+01
3.600000000000002087e-01,-1.831743741943223869e+00,3.426927038815738014e-01,-1.669345505171959303e+02,1.199182589994450332e+01
3.650000000000002132e-01,-1.829390076541822507e+00,5.526889851576067825e-01,1.957983636111646035e+02,1.264846833616499389e+01
3.700000000000002176e-01,-1.827067405575596881e+00,3.930954306917550656e-01,-1.946538099509103859e+02,1.283675625735345882e+01
3.750000000000002220e-01,-1.824330068006131178e+00,6.456000729064315102e-01,2.173879783878686283e+02,1.292720533338013489e+01
3.800000000000002265e-01,-1.821604986107705049e+00,4.955150506788514875e-01,-1.625706425272868216e+02,1.255802210608051084e+01
3.850000000000002309e-01,-1.818455583172823076e+00,7.269647807593210276e-01,1.830317865179480634e+02,1.235521377865682702e+01
3.900000000000002354e-01,-1.814887673149955916e+00,7.301906216793657700e-01,-5.538707013047925187e+01,1.209387518401018902e+01
3.950000000000002398e-01,-1.810811667807632253e+00,8.750727679857723817e-01,8.179964949113009709e+01,1.163356411611780494e+01
4.000000000000002442e-01,-1.806345741703530683e+00,9.119767746443057099e-01,-3.143120752995807621e+01,1.143711924007287450e+01
4.050000000000002487e-01,-1.801401914496826517e+00,1.025118403361032327e+00,2.679291600099352522e+01,1.102664658864499003e+01
4.100000000000002531e-01,-1.796130174070343255e+00,1.061088805701572602e+00,-2.673757499024245377e+01,1.087339687058846316e+01
4.150000000000002576e-01,-1.790504705323880730e+00,1.143589390283786589e+00,6.671030556381476462e-01,1.052977330095563246e+01
4.200000000000002620e-01,-1.784610915628008998e+00,1.184471565540384130e+00,-1.055490818384814133e+01,1.046271841033323113e+01
4.250000000000002665e-01,-1.778511381913421063e+00,1.231499235315812069e+00,-8.453167921500707394e+00,1.019584295010939456e+01
4.300000000000002709e-01,-1.772296272630180081e+00,1.232269388090801998e+00,-2.689642101926942530e+01,1.019865371273176358e+01
4.350000000000002753e-01,-1.765985634955327122e+00,1.271270485956252916e+00,8.147487019281307141e+00,1.007815671191817586e+01
4.400000000000002798e-01,-1.759698230327081170e+00,1.246710184764419971e+00,-1.279889462079128037e+01,1.013889673820368742e+01
4.450000000000002842e-01,-1.753479116990928066e+00,1.244370718412721066e+00,2.629839698457683639e+01,1.006944939617268631e+01
4.500000000000002887e-01,-1.747503118435073777e+00,1.161243923813863876e+00,-5.700557561413028651e+01,1.018179968274728431e+01
4.550000000000002931e-01,-1.741698355469301740e+00,1.146429552654120609e+00,4.630285533252983754e+00,1.009011038411283678e+01
4.600000000000002975e-01,-1.736314140612550627e+00,1.003622506681591808e+00,-1.189863442094618762e+02,1.013521541325436637e+01
4.650000000000003020e-01,-1.731206929081358314e+00,1.039090978531236331e+00,9.435734736446629256e+01,1.035499527265324282e+01
4.700000000000003064e-01,-1.726648339538118915e+00,8.200149336933789668e-01,-1.373146233826064133e+02,1.049266868192282942e+01
4.750000000000003109e-01,-1.722415495820971421e+00,8.503502843260741795e-01,6.421370667084174499e+01,1.082260815188353931e+01
4.800000000000003153e-01,-1.718644151556862898e+00,6.742783729292823880e-01,-1.248476197277392572e+02,1.086202004203835081e+01
4.850000000000003197e-01,-1.715140100330714068e+00,7.057991638609795171e-01,9.583053469325176366e+01,1.110234962240859247e+01
4.900000000000003242e-01,-1.712126825595267299e+00,5.370059822350620182e-01,-1.143803401916395899e+02,1.119553533373511378e+01
4.950000000000003286e-01,-1.709273627930698591e+00,6.087288230711814796e-01,1.324452343563882835e+02,1.144580341866262962e+01
5.000000000000003331e-01,-1.706801597261625503e+00,4.273605879462782364e-01,-1.217696938851078841e+02,1.155757544244399249e+01
5.050000000000003375e-01,-1.704408087697082852e+00,5.124484333953405191e-01,1.191960868901242918e+02,1.191156638325531247e+01
5.100000000000003419e-01,-1.702277484964218601e+00,3.872989666759075744e-01,-9.844953925598015587e+01,1.185700071555922719e+01
5.150000000000003464e-01,-1.700200048130076302e+00,4.425530572187542089e-01,1.185169848854895918e+02,1.235522708647830470e+01
5.200000000000003508e-01,-1.698438129676953956e+00,2.990951957152644392e-01,-1.161577602077868221e+02,1.244924495985027058e+01
5.250000000000003553e-01,-1.696744694160990052e+00,3.626996716805283572e-01,1.115611068468440124e+02,1.267479201754177609e+01
5.300000000000003597e-01,-1.695448254988665582e+00,2.048347197413900866e-01,-1.035476180926539627e+02,1.279139659577107579e+01
5.350000000000003642e-01,-1.694307584552352308e+00,2.451829333791931964e-01,9.888877994415345540e+01,1.336986254146456687e+01
5.400000000000003686e-01,-1.693713119950323254e+00,6.201779430308044377e-02,-1.021862977242897585e+02,1.363589898077749041e+01
5.450000000000003730e-01,-1.693356075332340449e+00,8.327981881871698855e-02,8.543171525726231152e+01,1.417196323286114890e+01
5.500000000000003775e-01,-1.693643823458593323e+00,-1.657000491494248495e-01,-1.652223505822911989e+02,1.474870160559278887e+01
5.550000000000003819e-01,-1.694124028119828207e+00,-1.128955623066606739e-01,4.535555761964305077e+01,1.563964368123349225e+01
5.600000000000003864e-01,-1.694892698381011531e+00,-1.449252239037481793e-01,7.433186463028000901e+01,1.613640612928431040e+01
5.650000000000003908e-01,-1.696205583212287982e+00,-3.396049954348028255e-01,-1.190191509203263109e+02,1.637002857515611254e+01
5.700000000000003952e-01,-1.697976696651264383e+00,-3.715928857266987406e-01,3.772949022774434269e+01,1.700388165102615901e+01
5.750000000000003997e-01,-1.700148746959931456e+00,-4.739422952949619017e-01,-4.113577855723941212e+01,1.742806509699649808e+01
5.800000000000004041e-01,-1.702688277876987843e+00,-5.430934609570784444e-01,-1.750425823594521191e+01,1.791422667847895411e+01
5.850000000000004086e-01,-1.705337048739881123e+00,-4.892269029074574060e-01,6.977513938400329607e+01,1.836639968879902796e+01
5.900000000000004130e-01,-1.707770758735208894e+00,-4.891807379276801315e-01,-5.978789513654842125e+01,1.846275237615811093e+01
5.950000000000004174e-01,-1.709506667692539450e+00,-2.070253708651102476e-01,1.845613410909493552e+02,1.838338707609327116e+01
6.000000000000004219e-01,-1.710499390193098934e+00,-2.031225298750580499e-01,-9.844014787079007078e+01,1.772787437713897063e+01
6.050000000000004263e-01,-1.710350702314373139e+00,1.947945991006171385e-01,2.340507054864836221e+02,1.711850940539958188e+01
6.100000000000004308e-01,-1.709530618668801960e+00,1.197037626760436846e-01,-1.948707806344524442e+02,1.579248143416903183e+01
6.150000000000004352e-01,-1.707730480910395032e+00,5.158922626746625939e-01,2.450734030561870895e+02,1.502695521668530354e+01
6.200000000000004396e-01,-1.705140502125117141e+00,4.786180455222917018e-01,-2.261947005891037179e+02,1.393135367025821481e+01
6.250000000000004441e-01,-1.701589437980428388e+00,8.776308281626082897e-01,2.766274537454683013e+02,1.267419166464537561e+01
6.300000000000004485e-01,-1.697399502216323519e+00,8.172765958638136263e-01,-2.065313181435394938e+02,1.181091967575369495e+01
6.350000000000004530e-01,-1.692214851314500779e+00,1.202722415731765304e+00,2.498654620946093985e+02,1.100634701995746312e+01
6.400000000000004574e-01,-1.686582724972628400e+00,1.152403656505019081e+00,-8.131215639536263495e+01,9.955161622518929221e+00
6.450000000000004619e-01,-1.679757890888016414e+00,1.413300964519285996e+00,5.160533645468316166e+01,6.361853652782388124e+00
6.500000000000004663e-01,-1.672412629061156508e+00,1.513575191745490045e+00,2.041509768859613416e+01,2.293132256396686053e+00
6.550000000000004707e-01,-1.664620347185256533e+00,1.595869182033330613e+00,4.841865679072459017e-01,-7.490588343940737248e-01
6.600000000000004752e-01,-1.658596174213879726e+00,1.331818833127617285e+00,6.433059006628831789e+00,-2.821425116964056734e+00
6.650000000000004796e-01,-1.653772725832473256e+00,5.478613022969064383e-01,-3.604216579641390581e+02,-4.578056188457193088e+00
6.700000000000004841e-01,-1.653038540010326019e+00,1.287082752002861596e-01,-2.559406388043930392e+01,-5.750268823812501928e+00
6.750000000000004885e-01,-1.653329300718103800e+00,-8.567479661994645279e-02,4.577927692933803527e+00,-6.666545683446152282e+00
6.800000000000004929e-01,-1.653830833153265178e+00,-1.103228902841136561e-01,4.927400686138626185e+01,-7.257521153551445003e+00
6.850000000000004974e-01,-1.654266632526709246e+00,-9.532846920465329332e-02,-1.534845500272885133e+01,-8.049603318399910279e+00
6.900000000000005018e-01,-1.654889952945028941e+00,-1.623469738156173847e-01,3.738883221890996822e+01,-8.816368887951702149e+00
6.950000000000005063e-01,-1.655934524551649467e+00,-1.535175808660178276e-01,1.013293750240754747e+02,-9.417393000570729811e+00
7.000000000000005107e-01,-1.657857704658212139e+00,-3.267308397885622107e-01,1.017965489427483590e+02,-9.948128928883223310e+00
7.050000000000005151e-01,-1.660044089701996795e+00,-4.035498840307399360e-01,1.347787121046016239e+02,-1.034731480361618594e+01
7.100000000000005196e-01,-1.662504620848549219e+00,-3.738223289405053773e-01,1.766004455020400599e+02,-1.061002313570588385e+01
7.150000000000005240e-01,-1.666657135173683857e+00,-7.834258271816533226e-01,1.273869029677365461e+02,-1.076520722204563363e+01
7.200000000000005285e-01,-1.670012030562117999e+00,-7.823713279577525492e-01,-1.664524877297519083e+02,-1.130299366534384831e+01
7.250000000000005329e-01,-1.673635609458559603e+00,-8.250558150744216057e-01,-3.617589436971841366e+01,-1.138432947709242526e+01
7.300000000000005373e-01,-1.677601161225447335e+00,-9.509213729934821169e-01,-1.375900994455257091e+02,-1.187363724306257851e+01
7.350000000000005418e-01,-1.681899022616680561e+00,-1.025493758815102296e+00,-2.488136635855562133e+02,-1.238882828452539719e+01
7.400000000000005462e-01,-1.698777071149678353e+00,-6.721973726671252258e+00,-1.638533830438903351e+03,-1.063249603449808234e+01
7.450000000000005507e-01,-1.752457009283197698e+00,-1.267410565957975876e+01,-7.683038418825614144e+02,-6.825270954420384228e+00
7.500000000000005551e-01,-1.821957100556768072e+00,-1.433417230501504669e+01,-1.199339485042988684e+02,-3.565247327692878443e+00
7.550000000000005596e-01,-1.889384284829949801e+00,-1.283638953515163550e+01,3.451181666500414735e+02,-8.715867559539285381e-01
7.600000000000005640e-01,-1.943464428139560773e+00,-9.565194482933007336e+00,5.971937415433834531e+02,8.361562518993777005e-01
7.650000000000005684e-01,-1.979161734079785351e+00,-5.710235623317572617e+00,6.627134950760157608e+02,1.591546151505320417e+00
7.700000000000005729e-01,-1.996079589975328750e+00,-2.108605826200297795e+00,5.278835602816735673e+02,1.631890862956041799e+00
7.750000000000005773e-01,-1.996477339368800452e+00,9.503746086447564245e-01,4.092047562152206410e+02,1.206683169778103526e+00
7.800000000000005818e-01,-1.983329067225155562e+00,3.435786713804704018e+00,2.995961519658381462e+02,8.393091587215881777e-01
7.850000000000005862e-01,-1.959810419099245582e+00,5.261203342230339253e+00,1.817014529180706290e+02,3.889890115656116087e-01
7.900000000000005906e-01,-1.929183600874957216e+00,6.463636511802556939e+00,6.802962595341659835e+01,-4.599257271589918261e-02
7.950000000000005951e-01,-1.894508301160608976e+00,7.048916764963337300e+00,-2.989959608252822321e+01,-4.618541752916565102e-01
8.000000000000005995e-01,-1.858331000524442000e+00,7.212697212331673491e+00,-1.595870869169622708e+01,-6.801311155470703973e-01
8.050000000000006040e-01,-1.822708493427807941e+00,6.947592282950890485e+00,-8.200539369677692036e+01,-9.229997409883967663e-01
8.100000000000006084e-01,-1.789161822287802517e+00,6.456708923224334207e+00,-1.105326268569372417e+02,-1.082136618863021038e+00
8.150000000000006128e-01,-1.758229570805031727e+00,5.925943226053303370e+00,-1.143224033255030605e+02,-1.005818724127745423e+00
8.200000000000006173e-01,-1.729239031979901586e+00,5.622690694785205778e+00,-7.288838426729959963e+01,-7.323871590074002569e-01
8.250000000000006217e-01,-1.701083919977287140e+00,5.531945941143903589e+00,-3.941437792655696626e+01,-4.750059524230896280e-01
8.300000000000006262e-01,-1.673084459671215551e+00,5.539017995906922565e+00,-2.238933196605535159e+01,-3.753937441188681667e-01
8.350000000000006306e-01,-1.645205280583514895e+00,5.527183615284836371e+00,-2.208658951367834433e+01,-2.675672753747084798e-01
8.400000000000006350e-01,-1.617015891999056043e+00,5.627257491031978809e+00,-1.107048399619266377e+01,-1.161546747325017392e-01
8.450000000000006395e-01,-1.588924939208018028e+00,5.570529295137010450e+00,-2.752304864003833274e+01,-1.452260670006215726e-01
8.500000000000006439e-01,-1.561307272415037639e+00,5.462435484497230931e+00,-3.849552819433545636e+01,-6.328335861946587926e-02
8.550000000000006484e-01,-1.534468302496101444e+00,5.283945175454167753e+00,-4.391753789787624385e+01,-3.944599404499804507e-02
8.600000000000006528e-01,-1.508341939814360932e+00,5.112975142736100764e+00,-1.075344848751627183e+02,1.153366267400977030e-01
8.650000000000006573e-01,-1.480361541223905064e+00,5.724176283847515201e+00,-3.834174715938615474e+00,6.066145834688856375e-01
8.700000000000006617e-01,-1.470344543423764305e+00,8.498390016798611502e-01,-8.806365527769399648e+01,4.139231496776210939e+00
8.750000000000006661e-01,-1.468400066327741227e+00,7.744787227327093460e-02,-1.581586821748906289e+02,6.753878453315856234e+00
8.800000000000006706e-01,-1.472025231303545345e+00,-1.234057793634543598e+00,-2.318381448115937360e+02,8.945768632736658788e+00
8.850000000000006750e-01,-1.479410616830479475e+00,-1.446783704579880592e+00,7.265432812656199246e+01,9.991534996329463070e+00
8.900000000000006795e-01,-1.486710804876549608e+00,-1.482264404508643718e+00,-1.950101112389119180e+02,1.048886134802110703e+01
8.950000000000006839e-01,-1.492863468143719174e+00,-1.041992605348630807e+00,3.832631137410370457e+02,1.167580461246851975e+01
9.000000000000006883e-01,-1.499017113778125410e+00,-1.329930819911334439e+00,-3.205950153693739253e+02,1.177470742509926005e+01
9.050000000000006928e-01,-1.504464429100268896e+00,-9.570915768410256375e-01,2.882837882528275486e+02,1.154029217224437431e+01
9.100000000000006972e-01,-1.509862646008482301e+00,-1.143989557125861589e+00,-2.149213870488927682e+02,1.152191664978944630e+01
9.150000000000007017e-01,-1.515086025888043419e+00,-1.216750242722496766e+00,-1.057950740543252266e+02,1.131206423984933274e+01
9.200000000000007061e-01,-1.520546033586551271e+00,-1.054335266288963346e+00,2.395762212007917356e+02,1.210891633984574689e+01
9.250000000000007105e-01,-1.525740617721572656e+00,-9.880884973580584818e-01,9.519057537459383411e+01,1.137452574036650965e+01
9.300000000000007150e-01,-1.530973677827091928e+00,-1.044066541022994343e+00,-4.440054762274485967e+01,1.180966837763560839e+01
9.350000000000007194e-01,-1.536445377132767298e+00,-1.252268154010652834e+00,-1.948547806989886055e+02,1.132987108559618505e+01
9.400000000000007239e-01,-1.541675338264516304e+00,-1.032973814080756281e+00,-1.219163079844864939e+00,1.196548342891438566e+01
9.450000000000007283e-01,-1.546824223201284321e+00,-9.841121121217065726e-01,8.293470270750202644e+01,1.138520639774825405e+01
9.500000000000007327e-01,-1.551909163986457951e+00,-1.029591261171836303e+00,-4.388832518348666412e+01,1.188618823005390013e+01
9.550000000000007372e-01,-1.556988602470447125e+00,-9.859727981023936882e-01,6.017510769034431206e+01,1.146558102687826164e+01
9.600000000000007416e-01,-1.561986323062470650e+00,-1.012609051476128341e+00,-4.676275912250245881e+01,1.192680654519393002e+01
9.650000000000007461e-01,-1.566956297237133588e+00,-9.551778149537517582e-01,7.253564191575048881e+01,1.163404145305354476e+01
9.700000000000007505e-01,-1.571818341125548635e+00,-9.960658243428607284e-01,-6.998456828112807671e+01,1.206188948049856791e+01
9.750000000000007550e-01,-1.576646530420340975e+00,-9.170332155173199773e-01,8.943432974763081234e+01,1.178378251981331637e+01
9.800000000000007594e-01,-1.581365783630371835e+00,-9.728357264002024385e-01,-7.577747670254497336e+01,1.224700018450090333e+01
9.850000000000007638e-01,-1.586058774486489131e+00,-8.865371243353317166e-01,8.957112923348500999e+01,1.203375161967034046e+01
9.900000000000007683e-01,-1.590648493892430348e+00,-9.453519542543560306e-01,-4.703645325580156111e+01,1.247368555132978329e+01
9.950000000000007727e-01,-1.595218452635390749e+00,-8.556058136755592125e-01,8.477951172562953275e+01,1.232121237228293609e+01
1.000000000000000666e+00,-1.599862527127725809e+00,-9.062402096018110642e-01,1.819407418293395722e+02,1.285816694199108667e+01
1.005000000000000560e+00,-1.604336744220696609e+00,-7.721492136442127396e-01,1.396504232358536797e+02,1.264542588707833559e+01
1.010000000000000453e+00,-1.608991172670569680e+00,-7.834257268354146708e-01,5.360956192949677188e+02,1.323110835299385890e+01
1.015000000000000346e+00,-1.613724261976749341e+00,-1.054857348787638927e+00,-4.760933283881419129e+02,1.280443214802366469e+01
1.020000000000000240e+00,-1.617711819815763175e+00,-1.256949172284016036e+00,-4.001258941306435304e+02,1.335412784437317768e+01
1.025000000000000133e+00,-1.621586940924324649e+00,-5.797982241780678114e-01,3.593262351625839415e+02,1.361155071847464981e+01
1.030000000000000027e+00,-1.625671467262853609e+00,-8.048430265311777854e-01,-2.880828546743638441e+01,1.358122815743048406e+01
1.034999999999999920e+00,-1.630444911426751631e+00,-1.124226063327275149e+00,-4.307338822911608531e+02,1.360076765124900611e+01
1.039999999999999813e+00,-1.633839167893659239e+00,-4.132139918460941419e-01,4.991622312148036258e+02,1.398637458901093211e+01
1.044999999999999707e+00,-1.637852493231505502e+00,-7.277487881816633308e-01,3.053077773062550477e+02,1.381516552860564850e+01
1.049999999999999600e+00,-1.641906419984458187e+00,-8.726852808194500710e-01,-3.326169955098886248e+02,1.409004155510479706e+01
1.054999999999999494e+00,-1.645375015411697062e+00,-7.498612835875826388e-01,1.183414556631191950e+01,1.424498041907237322e+01
1.059999999999999387e+00,-1.649462704440028071e+00,-5.140927813499736043e-01,5.115047050326355702e+02,1.444270586655305699e+01
1.064999999999999281e+00,-1.652697340454953201e+00,-6.941711158730006215e-01,-2.959187265543427543e+02,1.405603549909849903e+01
1.069999999999999174e+00,-1.655748068149763608e+00,-8.955808063022080434e-01,-2.655056413600386804e+02,1.399259487359680953e+01
1.074999999999999067e+00,-1.658734536446928587e+00,-2.973103304434099869e-01,5.180668822432713796e+02,1.411715335662107051e+01
1.079999999999998961e+00,-1.661010886375770879e+00,-5.556635525956252764e-01,-3.689669746883484436e+02,1.329973955893261994e+01
1.084999999999998854e+00,-1.662426815126534230e+00,-1.003407457826371307e-01,3.751523762794240042e+02,1.311165165366557872e+01
1.089999999999998748e+00,-1.663772585522220959e+00,-3.412820377457092547e-01,-3.095775427523701637e+02,1.243981136101561269e+01
1.094999999999998641e+00,-1.664721526142113550e+00,7.577817078543765822e-03,3.707403570185024932e+02,1.237159153052950344e+01
1.099999999999998535e+00,-1.665753291608733200e+00,-3.541386214042581693e-01,-3.356687175813252111e+02,1.179559964655116389e+01
1.104999999999998428e+00,-1.666294965906901959e+00,2.556479948291346879e-02,3.197568822776354409e+02,1.199690886963313297e+01
1.109999999999998321e+00,-1.667065544760964579e+00,-2.336762044249645898e-01,-2.124043034126314922e+02,1.159732148402077456e+01
1.114999999999998215e+00,-1.667511119262119479e+00,4.804835701489243438e-02,2.811937783099353396e+02,1.174724415039163361e+01
1.119999999999998108e+00,-1.668041407213192606e+00,-2.029256747180555043e-01,-2.587439348236983392e+02,1.133643934035256251e+01
1.124999999999998002e+00,-1.668138173965241666e+00,6.686095759404901695e-02,2.222433742302135613e+02,1.162155427092572246e+01
1.129999999999997895e+00,-1.668434849212936610e+00,-1.625087409986767373e-01,-2.621927425703336212e+02,1.135602579718883831e+01
1.134999999999997788e+00,-1.668251512311483831e+00,1.569281463778358088e-01,2.750984568473664922e+02,1.156624675143324055e+01
1.139999999999997682e+00,-1.668213355222545768e+00,-8.753481525635607718e-02,-2.411281897384756121e+02,1.131606513244480716e+01
1.144999999999997575e+00,-1.667838411957001554e+00,2.080048054803666779e-01,2.799309604011232864e+02,1.166126614644206327e+01
1.149999999999997469e+00,-1.667532677683446041e+00,-3.018220645363690544e-02,-2.597184275208322788e+02,1.125750665875240486e+01
1.154999999999997362e+00,-1.666768041669711709e+00,2.186075544798176395e-01,1.891622413139231469e+02,1.165608981078986872e+01
1.159999999999997256e+00,-1.666212069623258296e+00,1.918778495934323619e-02,-2.346872306712821796e+02,1.139606328921673395e+01
1.164999999999997149e+00,-1.665181954760065253e+00,3.204576793966663617e-01,2.555026035463017422e+02,1.164080809169324304e+01
1.169999999999997042e+00,-1.664340456917978495e+00,7.839887087706784441e-02,-2.064943218924763642e+02,1.138431280503832355e+01
1.174999999999996936e+00,-1.663212350024082520e+00,3.598552929215655949e-01,2.700372400235479518e+02,1.166541313859437423e+01
1.179999999999996829e+00,-1.662078151451310326e+00,1.462451172267176802e-01,-2.393846076753232524e+02,1.124281508320342304e+01
1.184999999999996723e+00,-1.660584543933490531e+00,3.345366772387808885e-01,1.364381586111028639e+02,1.164898351533809340e+01
1.189999999999996616e+00,-1.659326359090576908e+00,1.395643853324757544e-01,-2.464707765034125373e+02,1.127855215637466380e+01
1.194999999999996509e+00,-1.657491456571671629e+00,4.783294954199418525e-01,2.100660235610724271e+02,1.083461685967754562e+01
1.199999999999996403e+00,-1.655618324048299783e+00,5.492902416192182447e-01,2.554941653017904173e+02,9.084540356743351808e+00
1.204999999999996296e+00,-1.653562053047701319e+00,4.259638570856430495e-01,7.497926563656099574e+01,7.212751613796187122e+00
1.209999999999996190e+00,-1.651549146185849803e+00,3.644620541059436780e-01,-5.952219285818127048e+01,6.272386903504373556e+00
1.214999999999996083e+00,-1.649489655207843741e+00,3.329894312097073095e-01,-8.687334553133491966e+01,5.531074536430888422e+00
1.219999999999995977e+00,-1.647449391081387882e+00,3.460995392171131724e-01,-5.501588255129784244e+01,5.024059811391241581e+00
1.224999999999995870e+00,-1.645374708873418967e+00,4.518047481691968015e-01,9.805660350781722912e+01,4.813695177854192764e+00
1.229999999999995763e+00,-1.643603671357789953e+00,3.315469739298348983e-01,-5.590035212998932934e+01,4.659267713493715490e+00
1.234999999999995657e+00,-1.642236735683803461e+00,2.924702892789033948e-01,-6.285867697076507454e+01,5.044226054066099252e+00
1.239999999999995550e+00,-1.641098011014786584e+00,2.280598814283645026e-01,1.738100835800265287e+01,2.601226435374311308e+00
1.244999999999995444e+00,-1.639870748192291172e+00,2.656739727654810479e-01,1.346135879409102110e+01,4.823462782447567321e-01
1.249999999999995337e+00,-1.639321863653160793e+00,2.196500917065016545e-01,4.725165490277192504e+01,-7.800019155651645164e-01
1.254999999999995230e+00,-1.638503716823904721e+00,-9.061573757830377078e-04,-2.327611433703517605e+02,-2.374648408054752302e+00
1.259999999999995124e+00,-1.637610320036983813e+00,1.794281184223044667e-01,-5.799526662718089653e+01,-3.408568173673373281e+00
1.264999999999995017e+00,-1.636879321690897671e+00,1.502593248027908335e-01,-2.681434827402906507e+01,-4.336771018120481713e+00
1.269999999999994911e+00,-1.636236219568078409e+00,4.279088719925705497e-02,-1.275352195623222542e+02,-5.051643328739014116e+00
1.274999999999994804e+00,-1.635783576493084368e+00,1.120922158116350459e-01,5.037276144973890979e+01,-5.544805562096986051e+00
1.279999999999994698e+00,-1.635362374916548678e+00,2.400992740493416988e-02,-8.735109117546839741e+01,-6.038109752947084630e+00
1.284999999999994591e+00,-1.635017611607518351e+00,8.838615394596255337e-02,6.592698349141407732e+01,-6.316577854182171770e+00
1.289999999999994484e+00,-1.635102269721568025e+00,-1.096696285567428375e-01,-2.330257938514002660e+02,-6.745387703670211010e+00
1.294999999999994378e+00,-1.635429409471393258e+00,-6.421085510051541267e-02,4.921294524950366878e+01,-6.877385888533975589e+00
1.299999999999994271e+00,-1.635884458390013840e+00,6.341212394259957731e-03,9.768724153856737757e+01,-7.207247491502242198e+00
1.304999999999994165e+00,-1.636812340986009362e+00,-3.243841576044350639e-01,-2.963936688732142670e+02,-7.372221951057621681e+00
1.309999999999994058e+00,-1.637867641905749627e+00,-2.660669393076008915e-01,8.781965646341133436e+01,-7.514469422596836701e+00
1.314999999999993952e+00,-1.639132755856653079e+00,-2.615126004141937743e-01,5.424096290558389910e+01,-7.590735546636172337e+00
1.319999999999993845e+00,-1.640560314926349461e+00,-1.779406079223039838e-01,1.313978047740859267e+02,-7.810769830498603739e+00
1.324999999999993738e+00,-1.642743196963234453e+00,-5.596275958835604802e-01,-2.944601139399141516e+02,-7.877736363526151031e+00
1.329999999999993632e+00,-1.645125026258326129e+00,-5.433157599618102518e-01,4.438189495964609677e+01,-7.877715952798766352e+00
1.334999999999993525e+00,-1.647539824699690403e+00,-4.560762593985639990e-01,8.710992730814110985e+01,-7.903908897443481685e+00
1.339999999999993419e+00,-1.650304630895049085e+00,-4.527138882500316153e-01,1.145751248005173721e+02,-7.956227915018959429e+00
1.344999999999993312e+00,-1.653015112558894550e+00,-6.255526097210613035e-01,-1.011934327092995858e+02,-8.066047689323680103e+00
1.349999999999993205e+00,-1.656183186379111438e+00,-6.949186206885668016e-01,3.676301277990729233e+01,-8.146398254559070295e+00
1.354999999999993099e+00,-1.659723133139198392e+00,-7.147084771459709662e-01,1.165317724572091436e+02,-8.141214613007493384e+00
1.359999999999992992e+00,-1.663361502731157904e+00,-7.532924552867680257e-01,2.287050709346412347e+01,-8.192282342277186657e+00
1.364999999999992886e+00,-1.667269861251833740e+00,-7.273723551234627660e-01,6.300753436868783552e+01,-8.392137606199497668e+00
1.369999999999992779e+00,-1.671443070968466449e+00,-7.783000138799018863e-01,1.023467485603865299e+02,-8.476584146669935649e+00
1.374999999999992673e+00,-1.676120855040346580e+00,-9.004400810319492798e-01,4.388243985780778900e+01,-8.410439001962375372e+00
1.379999999999992566e+00,-1.680408712377090330e+00,-8.222762815027280237e-01,2.060620353045619524e+01,-8.716789421439100849e+00
1.384999999999992459e+00,-1.685260349735524743e+00,-9.088402634201165897e-01,3.419751636011552876e+01,-8.698353864721305229e+00
1.389999999999992353e+00,-1.690184841957760309e+00,-9.017963678860755339e-01,3.858541009924785925e+01,-8.831649589337377648e+00
1.394999999999992246e+00,-1.695021223044745451e+00,-9.105780658762887558e-01,8.053995181998306663e+00,-8.603402933637715577e+00
1.399999999999992140e+00,-1.700381459621828739e+00,-1.027320570182753245e+00,-7.703869426837433032e+00,-8.875115148336849558e+00
1.404999999999992033e+00,-1.724043266488710646e+00,-6.677232621863539386e+00,-7.840002322947813127e+02,-6.264426093060452949e+00
1.409999999999991926e+00,-1.766622851249849413e+00,-9.413933359542067336e+00,-4.133057859182158040e+02,-3.902049916466509671e+00
1.414999999999991820e+00,-1.815073861120468202e+00,-9.785050893678706174e+00,-2.428505037600965366e+01,-2.099948447617632219e+00
1.419999999999991713e+00,-1.860834758909518438e+00,-8.726081497988230851e+00,2.267828512892637320e+02,-8.035340716785581705e-01
1.424999999999991607e+00,-1.898147810694651216e+00,-6.688356446505773434e+00,4.016202800967654980e+02,1.448806000179958531e-01
1.429999999999991500e+00,-1.924328151727789260e+00,-4.415117726779248741e+00,3.269452574631919788e+02,5.442969242581567890e-01
1.434999999999991394e+00,-1.939185211202235637e+00,-2.209639666876828556e+00,3.223362809484599438e+02,5.845225556906892272e-01
1.439999999999991287e+00,-1.943103964712884268e+00,-2.496192200253656915e-02,3.445987410432687739e+02,6.592537851647759517e-01
1.444999999999991180e+00,-1.937161852016446639e+00,1.836972495179103992e+00,3.048198816762393903e+02,5.027300808663035525e-01
1.449999999999991074e+00,-1.923505473285215706e+00,3.203994771019035515e+00,1.960073367703151064e+02,1.330900217517529960e-01
1.454999999999990967e+00,-1.904567377563358477e+00,4.027726500145952571e+00,5.552977309603866019e+01,-1.807190537706868660e-01
1.459999999999990861e+00,-1.882686345722102361e+00,4.480484402313066994e+00,2.404351885894054419e+01,-4.782904760093469321e-01
1.464999999999990754e+00,-1.859036819506164173e+00,4.783735823219677386e+00,5.738638582034756297e+00,-4.891085804488120026e-01
1.469999999999990647e+00,-1.835575337267047580e+00,4.551337847267313386e+00,-1.054449284455499765e+02,-8.059511699466654910e-01
1.474999999999990541e+00,-1.812691273379767765e+00,4.501237106190887793e+00,-5.452514529598099102e+01,-6.880806311689222632e-01
1.479999999999990434e+00,-1.791498651379300311e+00,4.017725734454689501e+00,-1.279464034180478933e+02,-9.447303570591243371e-01
1.484999999999990328e+00,-1.772000893100947216e+00,3.767770446897542147e+00,-7.351904077105554336e+01,-7.385976724242608871e-01
1.489999999999990221e+00,-1.754674042659673416e+00,3.239634762054254935e+00,-1.141968677427043701e+02,-7.304552254638712050e-01
1.494999999999990115e+00,-1.738982670154069821e+00,3.016065544799225506e+00,-8.301112807487074008e+01,-5.410698803518747546e-01
1.499999999999990008e+00,-1.725331566256581350e+00,2.504528220671609517e+00,-1.284984841450212514e+02,-7.100847134972090302e-01
1.504999999999989901e+00,-1.713116846708864216e+00,2.368277984312917361e+00,-2.580790055506954417e+01,-4.826211518234826414e-01
1.509999999999989795e+00,-1.702380723582614497e+00,1.982545894664567987e+00,-1.048878007374466961e+02,-4.524570215118945971e-01
1.514999999999989688e+00,-1.691399216121761029e+00,2.243893411980443009e+00,-1.840955222521151669e+01,-7.968235446262217359e-02
1.519999999999989582e+00,-1.680190068460813313e+00,2.195296838771882975e+00,-2.236861570504004959e+01,-2.464625040572252512e-01
1.524999999999989475e+00,-1.669115512201446938e+00,2.210966459771075865e+00,3.948261950288479927e+00,-2.384059371826430240e-01
1.529999999999989369e+00,-1.658990413644896300e+00,1.885976691799283511e+00,-9.360560699266714835e+01,-3.135815698828593456e-01
1.534999999999989262e+00,-1.647782482146570526e+00,2.370736211649311809e+00,1.616991573270844995e+01,1.521443655835283959e-01
1.539999999999989155e+00,-1.635444805643107014e+00,2.473609560957825249e+00,8.219110500650661066e+00,-7.030382318982675294e-02
1.544999999999989049e+00,-1.623215671520399583e+00,2.418173380721387655e+00,-6.668491404064201156e+00,-1.983152328829984601e-01
1.549999999999988942e+00,-1.612053973354748537e+00,2.099456793282441947e+00,-8.425171911940891789e+01,-2.635640816570219425e-01
1.554999999999988836e+00,-1.599394678270622094e+00,2.695840480924702298e+00,2.893584049839453698e+01,2.566779480204710584e-01
1.559999999999988729e+00,-1.585267104999344756e+00,2.844261236410862814e+00,5.221932283257003427e+00,-7.167775175555002320e-03
1.564999999999988622e+00,-1.570693805649673092e+00,2.915649478891534585e+00,-1.038598424168946721e+01,-6.964610723093267453e-02
1.569999999999988516e+00,-1.556525276964771942e+00,2.750109585126557121e+00,-5.291095162211437497e+01,-2.330957936362592076e-01
1.574999999999988409e+00,-1.541825661803673864e+00,2.990551339342331527e+00,-5.479119187386777945e+00,9.174843387194808741e-02
1.579999999999988303e+00,-1.526850576345112342e+00,2.950308100001020506e+00,-2.370682201548581247e+01,-8.972551753104807126e-02
1.584999999999988196e+00,-1.512570433068947118e+00,2.770996848140691693e+00,-5.884915357822526261e+01,-1.944515503303245740e-01
1.589999999999988090e+00,-1.499818401214977115e+00,2.396334428835857011e+00,-7.775567787462426850e+01,-3.351452626811615154e-01
1.594999999999987983e+00,-1.486604162398250439e+00,2.732850439357910055e+00,1.478049015419000156e+01,1.332389123712425238e-01
1.599999999999987876e+00,-1.472988842248115438e+00,2.677771023914818915e+00,-2.243426623588868551e+01,-1.003543265192017309e-01
1.604999999999987770e+00,-1.459924148686278178e+00,2.546528808073009298e+00,-4.652242081550158304e+01,-1.693495399010369606e-01
1.609999999999987663e+00,-1.447430883732973017e+00,2.444424428427072638e+00,-2.815819359020916579e+01,-1.678486481290846211e-01
1.614999999999987557e+00,-1.434781344534894698e+00,2.540687517242698146e+00,-1.743853853822826139e+01,3.158860325024548388e-03
1.619999999999987450e+00,-1.422266531836413384e+00,2.450037663079442485e+00,-2.500891495203632076e+01,-1.330645111861883390e-01
1.624999999999987343e+00,-1.409900283933620102e+00,2.460370491735828224e+00,-2.063448643915667802e+01,-9.656141110765670277e-02
1.629999999999987237e+00,-1.397021092435976497e+00,2.615794108665531414e+00,2.220772815911855247e+01,2.775077125121505617e-02
1.634999999999987130e+00,-1.383725233179520897e+00,2.649916169829343193e+00,-2.833412052237903112e+01,-6.681513153444362807e-02
1.639999999999987024e+00,-1.388513148112662021e+00,-1.043748143833818753e+00,-3.836449086502334183e+01,1.842995031055020938e+00
1.644999999999986917e+00,-1.394098976081321828e+00,-1.161952463032890792e+00,-8.951009453013696771e+01,3.071632687288555097e+00
1.649999999999986811e+00,-1.399694297469647575e+00,-1.078279933924740197e+00,5.973454758862922986e+00,3.862271145395685057e+00
1.654999999999986704e+00,-1.405305737585731629e+00,-1.144096849097690605e+00,-1.872168194242471202e+02,4.560362962765879047e+00
1.659999999999986597e+00,-1.410505794666145896e+00,-1.052056697782024930e+00,-4.954272860981144078e+01,6.361058522026469042e+00
1.664999999999986491e+00,-1.415652713825151343e+00,-8.864867985498550151e-01,2.498340112187870830e+02,6.935963729424279300e+00
1.669999999999986384e+00,-1.421251131027871706e+00,-1.070652040767727131e+00,-1.238685700694517244e+01,7.461656624843106655e+00
1.674999999999986278e+00,-1.426649411172974391e+00,-1.005821000962489720e+00,1.682315615150507142e+02,8.238761198284660026e+00
1.679999999999986171e+00,-1.432222064223128699e+00,-1.143449599788746385e+00,-9.271137155529750373e+01,8.928549991209457914e+00
1.684999999999986064e+00,-1.437723908793605343e+00,-1.073212022391434539e+00,9.622577733062725258e+01,9.107872055134523137e+00
1.689999999999985958e+00,-1.443405047001375507e+00,-1.190699613557890224e+00,-1.120846983187406352e+02,9.338957689362620940e+00
1.694999999999985851e+00,-1.449186635024593883e+00,-1.133718510079410713e+00,9.447796592268568361e+01,9.469353571147911097e+00
1.699999999999985745e+00,-1.455247196021441480e+00,-1.283915750708478853e+00,-1.411791528350743761e+02,9.990144369199628116e+00
1.704999999999985638e+00,-1.461480455715762572e+00,-1.216925088962899748e+00,1.192660589608337318e+02,9.847190221211203465e+00
1.709999999999985532e+00,-1.468103188146140381e+00,-1.417890521615357224e+00,-1.833782430850742458e+02,1.041296131583323437e+01
1.714999999999985425e+00,-1.474858269592748128e+00,-1.302094867505586562e+00,1.651136553661960136e+02,1.028737556353618920e+01
1.719999999999985318e+00,-1.482080912781682080e+00,-1.553905883859908910e+00,-2.315762727060855752e+02,1.079192242705239657e+01
1.724999999999985212e+00,-1.489341284340179428e+00,-1.377418100479468999e+00,2.221513662938287723e+02,1.078225046746151072e+01
1.729999999999985105e+00,-1.497029850180695565e+00,-1.647412111328943274e+00,-2.543157208150615247e+02,1.116063976937805435e+01
1.734999999999984999e+00,-1.504649770909237239e+00,-1.436398567304684626e+00,2.434698239388041827e+02,1.116615334170744944e+01
1.739999999999984892e+00,-1.512642305701079826e+00,-1.704105724174210801e+00,-2.546626255441317426e+02,1.150773299313393494e+01
1.744999999999984786e+00,-1.520500561143037777e+00,-1.482919229982906817e+00,2.366257455136241958e+02,1.151114886249766478e+01
1.749999999999984679e+00,-1.528687317439407778e+00,-1.732975890426084131e+00,-2.363341421639877353e+02,1.187347044086104475e+01
1.754999999999984572e+00,-1.536750749922809467e+00,-1.535422684633447776e+00,2.131970705029974056e+02,1.195296820338487365e+01
1.759999999999984466e+00,-1.545137661496049031e+00,-1.764169342521880068e+00,-2.171312169520259374e+02,1.228506006706173714e+01
1.764999999999984359e+00,-1.553392871367963446e+00,-1.598956421325592236e+00,1.691013202397128907e+02,1.226165284466568650e+01
1.769999999999984253e+00,-1.561905355951937358e+00,-1.779448382028993914e+00,-1.968051910187877525e+02,1.269591814364523152e+01
1.774999999999984146e+00,-1.570299880529642422e+00,-1.640189617660664734e+00,1.382071114970869701e+02,1.266928455506540629e+01
1.779999999999984039e+00,-1.578840058176021355e+00,-1.773216003298360155e+00,-1.716109810798383535e+02,1.317088595512024085e+01
1.784999999999983933e+00,-1.587388482289372460e+00,-1.702116324596509411e+00,7.431500225725889663e+01,1.308519606147179815e+01
1.789999999999983826e+00,-1.595944875394942342e+00,-1.757728723623379619e+00,-1.254037366588165696e+02,1.365354640184836299e+01
1.794999999999983720e+00,-1.604702520316681369e+00,-1.740985789556281249e+00,2.515308511690004778e+01,1.350195681086003496e+01
1.799999999999983613e+00,-1.613195084517843103e+00,-1.735506732254234352e+00,-1.123936972722404732e+02,1.407155560580148546e+01
1.804999999999983507e+00,-1.621784442367370183e+00,-1.624614810625552686e+00,1.082861511717891290e+02,1.379333710874790597e+01
1.809999999999983400e+00,-1.629982560111912671e+00,-1.581570399563420937e+00,4.076229015237602198e+02,1.433060923401045450e+01
1.814999999999983293e+00,-1.638665657311712653e+00,-1.820456255980799742e+00,-3.172532060629881698e+02,1.355898449771434855e+01
1.819999999999983187e+00,-1.646631054504305469e+00,-1.639377183192046061e+00,-8.259254978203845354e+00,1.399688047094971566e+01
1.824999999999983080e+00,-1.654585750016768220e+00,-1.431339464395285699e+00,2.999671106935249441e+02,1.351759820378838306e+01
1.829999999999982974e+00,-1.662286807696229163e+00,-1.628169884681676560e+00,-2.833731888317221888e+02,1.342596700769119877e+01
1.834999999999982867e+00,-1.669255953554682481e+00,-1.253867376297712610e+00,2.804123928276962943e+02,1.333951577913794395e+01
1.839999999999982760e+00,-1.676086404701180754e+00,-1.451367521215827017e+00,-2.578419028272371065e+02,1.322778553573426485e+01
1.844999999999982654e+00,-1.682374459845400017e+00,-1.148646240003279084e+00,2.300237340898460161e+02,1.328860131927946320e+01
1.849999999999982547e+00,-1.688557508143008423e+00,-1.310738038542173856e+00,-2.191442827379619018e+02,1.327449463410884611e+01
1.854999999999982441e+00,-1.694281847308050093e+00,-1.007888910572464436e+00,2.444277750836589007e+02,1.339083987501062900e+01
1.859999999999982334e+00,-1.699790515549157277e+00,-1.165027005710766339e+00,-2.523202187084517618e+02,1.333357304950886757e+01
1.864999999999982228e+00,-1.706184208879156339e+00,-1.360221825190046196e+00,-3.902813267099410268e+02,1.346000311315002307e+01
1.869999999999982121e+00,-1.710989159693472095e+00,-7.488553070122956346e-01,4.069677559161140721e+02,1.388701955550125078e+01
1.874999999999982014e+00,-1.716659829401607773e+00,-9.300616932810473747e-01,3.738789741836762346e+02,1.371004262400348672e+01
1.879999999999981908e+00,-1.721704421074725211e+00,-1.060875181945239332e+00,-2.814094128509424309e+02,1.365361478510815552e+01
1.884999999999981801e+00,-1.725526337256999776e+00,-6.117483206826259678e-01,2.811767718081747489e+02,1.382290431593245827e+01
1.889999999999981695e+00,-1.729876697559279641e+00,-6.661925364681394734e-01,4.385862120841179603e+02,1.380032777485463136e+01
1.894999999999981588e+00,-1.733728531282409335e+00,-8.388349807206723074e-01,-3.489993561131232127e+02,1.347909304077729331e+01
1.899999999999981481e+00,-1.736844949873279198e+00,-8.995078120206868588e-01,-2.280870555492896870e+02,1.379486585948748356e+01
1.904999999999981375e+00,-1.739578662766014583e+00,-3.079189999893964247e-01,3.679444211006220939e+02,1.394657685445385376e+01
1.909999999999981268e+00,-1.742075008397402147e+00,-3.826650035249433146e-01,4.187809832570441699e+02,1.351397695362371820e+01
1.914999999999981162e+00,-1.744356284890753228e+00,-5.033540022918566725e-01,-3.147334908679350747e+02,1.321810543700244800e+01
1.919999999999981055e+00,-1.746150736691697736e+00,-5.000028016543521803e-01,-2.569161986017062986e+02,1.341423917035313096e+01
1.924999999999980949e+00,-1.746912034057714891e+00,-2.579915292434529356e-02,2.109840973774004738e+02,1.357023451875608799e+01
1.929999999999980842e+00,-1.747785149681213790e+00,2.823711391106739632e-02,3.543028723578406129e+02,1.322950436546678255e+01
1.934999999999980735e+00,-1.747856503902502467e+00,-5.715462142598644324e-02,-2.752644320117249777e+02,1.302200472167959866e+01
1.939999999999980629e+00,-1.747990362399155506e+00,-3.005277334265544012e-02,-2.514981253181937291e+02,1.334874239350867953e+01
1.944999999999980522e+00,-1.746859790603895402e+00,3.236950972600716736e-01,2.164364609766620902e+02,1.324637078124650635e+01
1.949999999999980416e+00,-1.745649731502809443e+00,2.193732520235017192e-01,-1.656448763263666990e+02,1.240527473712346840e+01
1.954999999999980309e+00,-1.743134726537819867e+00,6.413432561599814452e-01,2.337419553548598117e+02,1.140624451005825613e+01
1.959999999999980203e+00,-1.739912393954431646e+00,7.168954660673552137e-01,4.186344120502378274e+01,7.500134215410993122e+00
1.964999999999980096e+00,-1.735854333622975254e+00,8.717978730315507629e-01,1.620168374938222655e+01,3.616977171674492730e+00
1.969999999999979989e+00,-1.730923212536110034e+00,1.071818445153613242e+00,5.310593902854113679e+01,1.026438996639963186e+00
1.974999999999979883e+00,-1.724787559621498767e+00,1.323862473558581554e+00,3.784005993852711924e+01,1.219897898445360340e+00
1.979999999999979776e+00,-1.717633134811998197e+00,1.485050772492371163e+00,2.643744004926184843e+01,1.109585020215312356e+00
1.984999999999979670e+00,-1.710078087603536412e+00,1.502921629923748226e+00,-1.940310296149432645e+01,1.839115599288774217e+00
1.989999999999979563e+00,-1.703629308652520713e+00,1.217667180618229095e+00,-3.151643861828577187e+01,2.456142539977031802e+00
1.994999999999979456e+00,-1.697767196606918327e+00,1.157890455065539337e+00,-2.975030780226245852e+01,9.843943941221824367e-01
1.999999999999979350e+00,-1.692400682896556097e+00,1.008007443088531740e+00,2.732683577375041750e+02,-6.858217670493149676e-01
2.004999999999979465e+00,-1.686752585941826643e+00,1.142267827709529060e+00,2.881700321363106276e+00,-1.421984930858014362e+00
2.009999999999979359e+00,-1.681747542536371043e+00,9.717258772138892553e-01,5.271529435113878392e+00,-1.812992352024709097e+00
2.014999999999979252e+00,-1.677175750946867439e+00,8.629030938755398727e-01,-2.152417786629445118e+01,-1.909915280036019514e+00
2.019999999999979146e+00,-1.673555927299665180e+00,6.701094609037977490e-01,-4.636344749038656943e+01,-2.007487805868325204e+00
2.024999999999979039e+00,-1.670630078246596151e+00,5.429347066160894464e-01,-7.134320005524964259e+00,-2.010494631547905531e+00
2.029999999999978932e+00,-1.668406823647874182e+00,3.641947128388207111e-01,-6.675443478527799357e+01,-2.036027168272554366e+00
2.034999999999978826e+00,-1.666726364002611094e+00,3.052219454362238849e-01,-7.602664560573357377e+00,-2.071155516254589379e+00
2.039999999999978719e+00,-1.665578100073969781e+00,1.910914540834121045e-01,-3.009635681773976756e+01,-2.052838051174050271e+00
2.044999999999978613e+00,-1.664692629174092886e+00,1.762095147780935456e-01,3.259828594476027774e+01,-2.002070908113268377e+00
2.049999999999978506e+00,-1.664066181864038096e+00,9.143766463562373603e-02,-4.449602419432180511e+01,-1.813331709578741124e+00
2.054999999999978400e+00,-1.665962565377470339e+00,-8.212109826818223546e-01,-2.050439431904465835e+02,-1.634455445058088152e+00
2.059999999999978293e+00,-1.671460692158169836e+00,-1.256673857394296823e+00,-7.950990015966321778e+01,-1.169838882380177525e+00
2.064999999999978186e+00,-1.677393170694261970e+00,-1.158136312955834635e+00,-7.963637151864563002e+00,-7.655754564234128479e-01
2.069999999999978080e+00,-1.683508011273670224e+00,-1.254966583894151944e+00,-1.011000659620671627e+01,-6.667905351645233569e-01
2.074999999999977973e+00,-1.689134881565533375e+00,-1.038627259512141077e+00,7.529960187880307387e+01,-4.585475205443080293e-01
2.079999999999977867e+00,-1.692686659086183765e+00,-5.294867568120980028e-01,8.938502459594704419e+01,-2.546308485496603380e-01
2.084999999999977760e+00,-1.694893563811906256e+00,-3.934372794677518659e-01,2.466880574334572529e+01,-3.739152826959368792e-01
2.089999999999977653e+00,-1.695926324700534282e+00,-7.968298220971213597e-02,7.784266875541140962e+01,-2.460378491931654032e-01
2.094999999999977547e+00,-1.695519569183048914e+00,1.923930898460032290e-01,5.533252673283393364e+01,-1.910561712061520645e-01
2.099999999999977440e+00,-1.693723694452385464e+00,4.516510314176283569e-01,3.358244178524586943e+01,-1.675236836460005929e-01
2.104999999999977334e+00,-1.689426103359340958e+00,1.055158977621552197e+00,6.225635721951689305e+01,-1.077943800348102332e-01
2.109999999999977227e+00,-1.684097120786684165e+00,1.024532249439220610e+00,-4.163410627643515483e+01,-3.294954514296311032e-01
2.114999999999977121e+00,-1.678218534278132168e+00,1.193098882557259710e+00,-3.568857033835168835e+01,-1.276580014065958890e-01
2.119999999999977014e+00,-1.670593502199188896e+00,1.633287030186445943e+00,1.180208441855020318e+01,-7.066999805088636233e-02
2.124999999999976907e+00,-1.661850723060040558e+00,1.748444839650469262e+00,-2.650498396708139026e+01,-1.661700696644885511e-01
2.129999999999976801e+00,-1.651857241439156354e+00,2.078617004418652492e+00,1.073558402716082760e+01,-1.742332063256608610e-01
2.134999999999976694e+00,-1.641835776854291717e+00,1.914629347916285695e+00,-5.727984367413694144e+01,-3.835477806803543332e-01
2.139999999999976588e+00,-1.633876218870015107e+00,1.395976147557671299e+00,-8.578443069829218359e+01,-5.128987810195362318e-01
2.144999999999976481e+00,-1.626604035381803648e+00,1.472714628970963835e+00,8.750917340533856503e+00,-3.306527883658400002e-01
2.149999999999976374e+00,-1.620720539320880560e+00,1.010173026852928091e+00,-7.418468929457415584e+01,-5.607750381919750504e-01
2.154999999999976268e+00,-1.615837906168237303e+00,9.494321685242340658e-01,-7.258976668149308864e+00,-2.947223289938638580e-01
2.159999999999976161e+00,-1.611251515801479073e+00,8.897577810196634074e-01,6.327772619688191158e-01,-2.141663418859757195e-01
2.164999999999976055e+00,-1.605540030053147937e+00,1.262084038563714428e+00,6.729397843948885338e+01,-1.066270108926843374e-01
2.169999999999975948e+00,-1.597937723213439520e+00,1.599700902697032356e+00,-2.192026473765172767e+01,-6.669576338125415838e-02
2.174999999999975842e+00,-1.595229349128232332e+00,2.090081092475750968e-01,1.204105679148696950e+01,1.590297167273000412e+00
2.179999999999975735e+00,-1.594450719439022945e+00,1.438656336404075531e-01,7.784886651706146132e+00,1.975626205655914402e+00
2.184999999999975628e+00,-1.594029038372317908e+00,5.242586074114054251e-02,-1.202172756258865549e+00,2.667705795955642945e+00
2.189999999999975522e+00,-1.594009637849716610e+00,-5.283293742569907664e-02,-5.536247653391223622e+01,3.923264318640691695e+00
2.194999999999975415e+00,-1.594753394982166173e+00,-2.427249033271414169e-01,-8.003430523584091816e+01,6.000937602827150386e+00
2.199999999999975309e+00,-1.597159151210504113e+00,-6.726571174713334988e-01,-1.176638115312462816e+02,8.967647356857659346e+00
2.204999999999975202e+00,-1.601998322820348930e+00,-6.118147492976010460e-01,6.793835330688661998e+02,1.187552592604446922e+01
2.209999999999975095e+00,-1.605655533093771847e+00,-8.411473347940229273e-01,-2.447786522660856008e+02,1.286024540911250114e+01
2.214999999999974989e+00,-1.608733588784933222e+00,-5.920560304341888624e-01,-2.860901835903087544e+02,1.358009127801097726e+01
2.219999999999974882e+00,-1.611682539342794929e+00,-5.809367606331050649e-01,-3.782959024842800773e+02,1.417471208959885409e+01
2.224999999999974776e+00,-1.613572442733884227e+00,-5.972927963745958690e-01,-4.562699369745780018e+02,1.506464453864029451e+01
2.229999999999974669e+00,-1.615311139585611899e+00,-5.353937761880417368e-01,-4.257093931795255912e+02,1.512051158480359980e+01
2.234999999999974563e+00,-1.617069786689591115e+00,-5.497562226151075926e-01,-4.121190179024264353e+02,1.502904528212315505e+01
2.239999999999974456e+00,-1.618566930252396396e+00,-4.751757743277890689e-01,-4.405369300260097702e+02,1.514596516734938270e+01
2.244999999999974349e+00,-1.619941502373974496e+00,-4.733930564965231347e-01,-4.171654105049746590e+02,1.519538028169645116e+01
2.249999999999974243e+00,-1.621015614697437268e+00,-3.800140769790067985e-01,-4.284830282239544204e+02,1.507787367973594250e+01
2.254999999999974136e+00,-1.621893078035316682e+00,-3.719785384365842384e-01,-4.190717808508950384e+02,1.509692001014846419e+01
2.259999999999974030e+00,-1.622456240249513737e+00,-2.778939683629987889e-01,-4.208098104669830377e+02,1.489421994354059819e+01
2.264999999999973923e+00,-1.622849062760826078e+00,-2.684434971451067908e-01,-4.168753695242830304e+02,1.485447727106446791e+01
2.269999999999973817e+00,-1.622978041078906752e+00,-1.883785254491233963e-01,-4.093724180241110844e+02,1.459017769561762634e+01
2.274999999999973710e+00,-1.622997835748486883e+00,-1.851379458544838152e-01,-3.958962491307030973e+02,1.446480717526992343e+01
2.279999999999973603e+00,-1.622804584450991072e+00,-1.213377629573381550e-01,-3.933176705836360725e+02,1.422395668722344375e+01
2.284999999999973497e+00,-1.622638938942755571e+00,-1.153233159994459384e-01,-3.421220670670482491e+02,1.413226231651787046e+01
2.289999999999973390e+00,-1.622580819803947527e+00,-1.598743120527228168e-01,-3.592627992236813270e+02,1.405453449752351247e+01
2.294999999999973284e+00,-1.622266803881025732e+00,-9.319320790093947593e-02,-3.853804497070777302e+02,1.370595317078496223e+01
2.299999999999973177e+00,-1.621666524218807748e+00,-3.753051028493179647e-02,-3.662885159752675008e+02,1.365023707431151578e+01
2.304999999999973070e+00,-1.621029833426575362e+00,-2.352562268001057513e-02,-3.510212634754773262e+02,1.359260836741224487e+01
2.309999999999972964e+00,-1.620626055513735508e+00,-1.576365545823170747e-02,-3.339189968922843832e+02,1.328026281250609841e+01
2.314999999999972857e+00,-1.620707400672361187e+00,-7.169144840527771900e-02,-4.030087743659541957e+02,1.318463538265148038e+01
2.319999999999972751e+00,-1.620153120989720197e+00,-2.254557596500606637e-02,-3.947347183485210280e+02,1.320458669542810348e+01
2.324999999999972644e+00,-1.618883330190917125e+00,9.726505426412034028e-02,-4.062529439228401316e+02,1.301654738348288554e+01
2.329999999999972538e+00,-1.618738649869161605e+00,3.457548506921613307e-01,7.012859474004013691e+02,1.297517825923721624e+01
2.334999999999972431e+00,-1.618701578691604581e+00,3.132328793340065642e-01,4.423403930773982893e+02,1.216263396065438940e+01
2.339999999999972324e+00,-1.618973263910547189e+00,-3.833490844549343191e-01,-3.738677026778943286e+02,1.168160366559800956e+01
2.344999999999972218e+00,-1.618330480326162446e+00,-2.289630650812088386e-01,-4.027883411473249566e+02,1.150017387601996255e+01
2.349999999999972111e+00,-1.617929724265362079e+00,-2.638773809786593150e-02,-3.317303004103098374e+02,1.007293674374871451e+01
2.354999999999972005e+00,-1.617919602572306603e+00,1.272869884082271710e-02,-2.802851968996945971e+02,8.781787449196242434e+00
2.359999999999971898e+00,-1.617765408691385076e+00,1.579267634708411347e-02,-2.576493917030138050e+02,7.825213344732926402e+00
2.364999999999971791e+00,-1.617562146866172501e+00,4.103493470301827761e-02,-1.041050884466804121e+02,7.022061157162200473e+00
2.369999999999971685e+00,-1.617098328707919253e+00,3.386205715772030306e-02,-2.722582614256119200e+02,6.577422486709258997e+00
2.374999999999971578e+00,-1.616130915117172107e+00,1.930791312696804596e-01,3.773118525835794657e+01,5.917154695519795560e+00
2.379999999999971472e+00,-1.615180118988659208e+00,6.844456277251445564e-02,-2.288268045439545801e+02,5.617603532407032141e+00
2.384999999999971365e+00,-1.613652987212001122e+00,3.986831148009729042e-01,1.867829671493886394e+02,5.208015600670727885e+00
2.389999999999971259e+00,-1.612026514360875185e+00,2.764767838511842935e-01,-1.282017432613465360e+02,5.051602191730645508e+00
2.394999999999971152e+00,-1.610002456554692207e+00,5.275348191603634884e-01,2.239186552177179124e+02,4.532525153754905389e+00
2.399999999999971045e+00,-1.607737346334741080e+00,4.086965617811925133e-01,-1.359186350092625730e+02,4.505891014041011999e+00
2.404999999999970939e+00,-1.604825826797986910e+00,6.992703379100050354e-01,1.759392865106884472e+02,3.982801880866725597e+00
2.409999999999970832e+00,-1.601470212431198359e+00,6.533851782279780362e-01,-1.258349221060079799e+02,2.974618726393121193e+00
2.414999999999970726e+00,-1.597412924411981239e+00,9.183686803085403527e-01,1.572374903145005760e+02,2.267741863498369259e+00
2.419999999999970619e+00,-1.592986566235262025e+00,8.966932466851451622e-01,1.275638861423714943e+01,-3.306184668285050421e-02
2.424999999999970512e+00,-1.589507752877622027e+00,7.389969045334445763e-01,-1.056598348735479531e+00,-1.593250905169200760e+00
2.429999999999970406e+00,-1.586631316729426810e+00,3.573492225018011781e-01,-2.119846553871178969e+02,-2.898512242327115906e+00
2.434999999999970299e+00,-1.584503216610540610e+00,3.795549079702309481e-01,-5.286055684156887935e+01,-3.757397652350270789e+00
2.439999999999970193e+00,-1.583093307601438626e+00,2.159652872802173551e-01,-5.686782218106117170e+01,-4.222279592490803424e+00
2.444999999999970086e+00,-1.582437669137765512e+00,6.996209605907277584e-02,-1.451848551791777986e+01,-4.541901796907968247e+00
2.449999999999969980e+00,-1.582443219086267394e+00,-5.854233163697015324e-02,-1.651894766735360420e+01,-4.748762365562708254e+00
2.454999999999969873e+00,-1.583123424087764741e+00,-1.803445045582865447e-01,-2.375109038286067786e+01,-4.881422511705133083e+00
2.459999999999969766e+00,-1.584375909120218973e+00,-3.109419603351678552e-01,-4.509880394032282425e+01,-4.971181361528497433e+00
2.464999999999969660e+00,-1.588300871221060229e+00,-1.780711732214961929e+00,-6.935899441932562013e+02,-4.523583137558857103e+00
2.469999999999969553e+00,-1.604374002811777888e+00,-3.945046050453456132e+00,-2.820619065958628084e+02,-2.994222830679924119e+00
2.474999999999969447e+00,-1.627300472157674260e+00,-4.852667819263468019e+00,-5.911295449816433489e+01,-2.012518783910536069e+00
2.479999999999969340e+00,-1.651884900884197815e+00,-4.846309703672979197e+00,7.532122139188994936e+01,-1.254068911502421280e+00
2.484999999999969233e+00,-1.674438042733469301e+00,-4.251065592352668787e+00,1.315985850544186917e+02,-6.246104234020131152e-01
2.489999999999969127e+00,-1.692617403605180870e+00,-3.281006998927877394e+00,1.487385381353729485e+02,-1.734335739758405825e-01
2.494999999999969020e+00,-1.704837736593707520e+00,-2.010655157942504712e+00,1.787024211088416905e+02,1.470696115522893699e-01
2.499999999999968914e+00,-1.710536532135482179e+00,-7.074747452367519118e-01,1.663845189011798027e+02,2.549845820574794253e-01
2.504999999999968807e+00,-1.709841954180525203e+00,5.373708885210510822e-01,1.421566196709231065e+02,1.940661584885443602e-01
2.509999999999968701e+00,-1.703071061348320869e+00,1.726015522953764592e+00,1.322826356256137785e+02,1.959714035736027649e-01
2.514999999999968594e+00,-1.691054364451429759e+00,2.694446236823103025e+00,9.650606215781294850e+01,1.264625625853903479e-01
2.519999999999968487e+00,-1.674690692608485909e+00,3.495259373390556146e+00,5.727770804191652587e+01,1.823330710984591985e-01
2.524999999999968381e+00,-1.656035444037940119e+00,3.752435839146620378e+00,-3.719030641971596651e+01,-7.577269546667397826e-02
2.529999999999968274e+00,-1.636623924079397385e+00,3.843368580253768485e+00,-6.149391602275137103e+01,-2.006817002311678255e-01
2.534999999999968168e+00,-1.616304339715996852e+00,4.074730144146133881e+00,-3.750176954936921447e+01,-1.098412162112549773e-01
2.539999999999968061e+00,-1.596423177367488400e+00,3.848779715455838524e+00,-7.264398056564934336e+01,-2.129960954120302397e-01
2.544999999999967955e+00,-1.579447028669094033e+00,3.120141790746743027e+00,-1.237543994235066691e+02,-5.398124186844992511e-01
2.549999999999967848e+00,-1.565606877260892649e+00,2.557963712546186930e+00,-9.652785942960227317e+01,-4.612472999620658154e-01
2.554999999999967741e+00,-1.555286275758250181e+00,1.783551559715114809e+00,-1.270956771728477150e+02,-3.915295720945896063e-01
2.559999999999967635e+00,-1.547354745596125625e+00,1.471143832230700443e+00,-4.239840757254563641e+01,-1.829877244723896457e-01
2.564999999999967528e+00,-1.540128782841133193e+00,1.430543165139942285e+00,-5.528408310653791347e+00,-9.624286931915970733e-02
2.569999999999967422e+00,-1.533640388356267037e+00,1.208639104441078027e+00,-3.176776978577906974e+01,-1.251658979356427004e-01
2.574999999999967315e+00,-1.530129502536755393e+00,2.297997470657039132e-01,-9.307982288610806565e-01,8.990039344377637187e-01
2.579999999999967208e+00,-1.529326792719721606e+00,1.064208833472102822e-01,-8.337290229779629414e+00,1.616733449156348978e+00
2.584999999999967102e+00,-1.528842647488094064e+00,6.500290453727286533e-02,-4.155501050327387702e+01,2.796821910219075225e+00
2.589999999999966995e+00,-1.528850112264415806e+00,-7.085629138603785626e-02,-4.903334942141593444e+01,3.888705968455556050e+00
2.594999999999966889e+00,-1.529551657338281689e+00,-2.207592699307888706e-01,-6.180326082599083293e+01,5.143885378185782287e+00
2.599999999999966782e+00,-1.531474640294085754e+00,-5.198085999411828917e-01,-8.037300237445153073e+01,6.218097882520465802e+00
2.604999999999966676e+00,-1.534972296370758160e+00,-8.351397257339142621e-01,-7.852994863280022741e+01,7.771422383992073968e+00
2.609999999999966569e+00,-1.539920986458369390e+00,-7.063781656767452732e-01,4.585590047999499461e+02,8.837232611470103194e+00
2.614999999999966462e+00,-1.544088774044789503e+00,-5.825900556991089330e-01,4.529706538314380282e+02,9.615054476559418362e+00
2.619999999999966356e+00,-1.547515870163872265e+00,-6.095516396332743003e-01,-5.634766687319488199e+01,9.619135859400788746e+00
2.624999999999966249e+00,-1.549991365908077512e+00,-1.825263720165392900e-01,4.898598811281909775e+02,1.003217327269138970e+01
2.629999999999966143e+00,-1.552025655023388184e+00,-5.860709482405074278e-01,-2.511584969491582058e+02,9.570681428653758260e+00
2.634999999999966036e+00,-1.553299783573309556e+00,-3.340316647335595523e-01,-3.097361002189580859e+02,9.826686571583810093e+00
2.639999999999965929e+00,-1.555218228681266135e+00,-3.694848221591104931e-01,-2.428864697859029604e+02,9.889510180143719964e+00
2.644999999999965823e+00,-1.556283661487793291e+00,-3.311394066848758477e-01,-2.328550618914403287e+02,1.077025531715582929e+01
2.649999999999965716e+00,-1.557539968921629159e+00,-3.869809766014262742e-01,-2.417581759206097445e+02,1.129587755615633782e+01
2.654999999999965610e+00,-1.558480316602641302e+00,-4.581311291745631120e-01,-2.718366121656096084e+02,1.186292568163809591e+01
2.659999999999965503e+00,-1.560000722674349749e+00,-6.990350501014328533e-01,-4.046544395923872344e+02,1.198911119972999550e+01
2.664999999999965397e+00,-1.561476206638347852e+00,-5.739592011969395502e-01,-2.602167588797726694e+02,1.226249012746821698e+01
2.669999999999965290e+00,-1.562916513291092491e+00,7.417909222944385483e-02,6.053050840134524151e+02,1.240260466896690872e+01
2.674999999999965183e+00,-1.564534353284467105e+00,-2.460032044941548868e-01,2.655795117028428081e+02,1.204876410111140572e+01
2.679999999999965077e+00,-1.565943070165087381e+00,-3.111986403846716542e-01,-2.225515714750357006e+02,1.213410778194427841e+01
2.684999999999964970e+00,-1.567684432650797710e+00,-3.712720901544336316e-01,-2.755508693238650721e+02,1.234893181845258425e+01
2.689999999999964864e+00,-1.569313635536879303e+00,-4.680780893823320299e-01,-3.065238358557579090e+02,1.266938394726952488e+01
2.694999999999964757e+00,-1.570966413564622188e+00,-5.405781573762881154e-01,-4.679327402381989032e+02,1.287330764440513953e+01
2.699999999999964650e+00,-1.572367979213621814e+00,-5.247864720843086195e-01,-4.469514845317170852e+02,1.311292901388078391e+01
2.704999999999964544e+00,-1.573142234917546123e+00,-6.340718096298103568e-01,-4.540454092423408383e+02,1.302747447960457983e+01
2.709999999999964437e+00,-1.573954711396098105e+00,-5.935901129632265016e-01,-4.528361237567085595e+02,1.315137133950948112e+01
2.714999999999964331e+00,-1.574494655325923809e+00,-5.367109506281069198e-01,-4.566457078504296305e+02,1.316813255026081642e+01
2.719999999999964224e+00,-1.574734538890389945e+00,-4.378184452360452394e-01,-4.130621479332567674e+02,1.317776640748664896e+01
2.724999999999964118e+00,-1.574879561418609519e+00,-4.052902592142686444e-01,-3.851517410119253668e+02,1.299013333380208479e+01
2.729999999999964011e+00,-1.574982577629729708e+00,-3.752272947639107570e-01,-3.836301636094484024e+02,1.301491405131144496e+01
2.734999999999963904e+00,-1.575035112424541639e+00,-3.469743349248494146e-01,-3.620879976817780062e+02,1.301507818175931241e+01
2.739999999999963798e+00,-1.574868743932297477e+00,-3.164498810011364682e-01,-3.697733908303462158e+02,1.290465407294974653e+01
2.744999999999963691e+00,-1.575211426237059564e+00,-3.832016669031386158e-01,-4.860897153857790727e+02,1.289333928937894136e+01
2.749999999999963585e+00,-1.574702707658973466e+00,-3.528538498067327889e-01,-4.501030901676822396e+02,1.282863648955201086e+01
2.754999999999963478e+00,-1.573844261308280146e+00,-1.783321378557865267e-01,-3.706733793059131585e+02,1.272769384439034646e+01
2.759999999999963372e+00,-1.573228550365688871e+00,8.366553408146005372e-03,-4.220793097791410560e+02,1.245803413113843305e+01
2.764999999999963265e+00,-1.572783365642892672e+00,2.986581888831869522e-02,-2.929600571203071695e+02,1.233765162441086005e+01
2.769999999999963158e+00,-1.572445107093971339e+00,6.787045637706780321e-02,-4.353928366695109844e+02,1.211491696442148047e+01
2.774999999999963052e+00,-1.571614783873731103e+00,2.481460940000838056e-01,-4.404651221348396462e+02,1.184895913536297840e+01
2.779999999999962945e+00,-1.570775259827583037e+00,5.262259232884974880e-01,7.853917053832100237e+02,1.195914090472459179e+01
2.784999999999962839e+00,-1.570619415572070965e+00,-2.706892893695049263e-01,-3.485879361859958294e+02,1.097881879220428836e+01
2.789999999999962732e+00,-1.569683709209314992e+00,-2.026781146010846191e-01,-4.394314414153014923e+02,1.056463804497164105e+01
2.794999999999962625e+00,-1.568556063589110261e+00,-3.647787226777648995e-02,-2.885769973308508156e+02,9.281997498723299600e+00
2.799999999999962519e+00,-1.567196066762971185e+00,5.972021660460212662e-03,-2.934466187899514011e+02,8.067982000877918836e+00
2.804999999999962412e+00,-1.565540879240096661e+00,3.134631924980714468e-02,-3.331637021539841044e+02,7.175937658835439770e+00
2.809999999999962306e+00,-1.563088562834189288e+00,2.064486792138250093e-01,-3.117850525720313044e+02,7.002805584211223788e+00
2.814999999999962199e+00,-1.560203262642160249e+00,5.233959771636751412e-01,-3.623621364122668354e+01,6.327275634800400894e+00
2.819999999999962093e+00,-1.557230346354165240e+00,4.935664679485073369e-01,-2.164526225841382541e+02,5.623079478077245952e+00
2.824999999999961986e+00,-1.553693642624826898e+00,5.696797726108979720e-01,-1.222938044299417157e+02,5.380938912878967528e+00
2.829999999999961879e+00,-1.550047074957419557e+00,6.172943861835139545e-01,-2.621503631418022451e+02,5.298768515843753413e+00
2.834999999999961773e+00,-1.545678855371937388e+00,8.605540093455603667e-01,-3.685950645833337802e+01,5.066620341042121112e+00
2.839999999999961666e+00,-1.541084566122506772e+00,8.896382781503916481e-01,-2.857628627011546314e+02,4.961153614249320221e+00
2.844999999999961560e+00,-1.536000680702229948e+00,1.184735298458158281e+00,3.090555908209281029e+02,4.911423944160078214e+00
2.849999999999961453e+00,-1.530597745325686709e+00,1.023016281951825812e+00,-1.897638490614945965e+02,4.640030233654441005e+00
2.854999999999961346e+00,-1.524629097115988818e+00,1.293413066227330877e+00,1.891451289729470489e+02,3.321220851894387316e+00
2.859999999999961240e+00,-1.518424715152626003e+00,1.212873083589494527e+00,-1.882964927356652254e+02,2.511314058191183030e+00
2.864999999999961133e+00,-1.511804307544159620e+00,1.436954072065704358e+00,2.185978520009059025e+02,1.525099077191502506e+00
2.869999999999961027e+00,-1.505112765544541098e+00,1.356424397598710252e+00,1.825308019873900278e+01,-2.984246896506221880e-01
2.874999999999960920e+00,-1.500575699996216539e+00,7.230596789658345624e-01,2.200693727872596526e+02,-1.949684449476092096e+00
2.879999999999960814e+00,-1.497987835851542604e+00,3.234139422948585918e-01,-9.711327136872326093e+01,-3.364711323111394314e+00
2.884999999999960707e+00,-1.498379150424116180e+00,-1.990026844100887815e-01,-4.090046268655228801e+01,-3.741082147622965426e+00
2.889999999999960600e+00,-1.501092515876192746e+00,-7.294923589810307085e-01,-1.622947900324841441e+01,-3.815871749346285924e+00
2.894999999999960494e+00,-1.505649401159133260e+00,-1.050974392130937352e+00,-9.080599031781285646e+01,-3.923541459735659487e+00
2.899999999999960387e+00,-1.511660360436617889e+00,-1.280325339016895825e+00,-1.853920200732439483e+01,-3.812766087015147853e+00
2.904999999999960281e+00,-1.518912397097906153e+00,-1.510202169964878216e+00,-2.683823909495331961e+01,-3.549906141428370798e+00
2.909999999999960174e+00,-1.526968275769478467e+00,-1.631152357718848922e+00,-2.654477265792649199e+00,-3.343948525589904186e+00
2.914999999999960067e+00,-1.535608300373532131e+00,-1.741331783952070333e+00,1.259018181846845508e+01,-3.174592815504744703e+00
2.919999999999959961e+00,-1.544420044456835006e+00,-1.746332860073386062e+00,5.018784422571806658e+01,-2.916204411147823805e+00
2.924999999999959854e+00,-1.553254403761285207e+00,-1.807743086044891090e+00,-4.206305371057714382e+01,-2.683586417178527306e+00
2.929999999999959748e+00,-1.561955761554514099e+00,-1.707839967084482602e+00,3.098862994607951649e+01,-2.398430260991780028e+00
2.934999999999959641e+00,-1.570511692488451017e+00,-1.682505651982949768e+00,1.698704592542608793e+01,-2.155943088722483747e+00
2.939999999999959535e+00,-1.578756732333445489e+00,-1.621443364927454445e+00,-5.575458725737804100e-01,-1.877092210150565155e+00
2.944999999999959428e+00,-1.586820595285062918e+00,-1.675420373120215523e+00,-1.006217768280077962e+02,-1.911697397505862650e+00
2.949999999999959321e+00,-1.594655529646511916e+00,-1.533547351473629528e+00,1.956333186757029097e+01,-1.793305882891592873e+00
2.954999999999959215e+00,-1.602240668485590991e+00,-1.446773464993180935e+00,4.189348628179811840e+01,-1.572597499942822274e+00
2.959999999999959108e+00,-1.609179552287930415e+00,-1.391325942498181423e+00,-3.322777232730742725e+01,-1.207899569762506342e+00
2.964999999999959002e+00,-1.615061417796476384e+00,-1.076811497755629565e+00,5.014014437530725132e+01,-5.745310979828310849e-01
2.969999999999958895e+00,-1.619417686406700474e+00,-7.623942093757277716e-01,2.656789769313030547e+01,5.039122657793015936e-01
2.974999999999958789e+00,-1.621981858393028109e+00,-3.682210671820692061e-01,7.613288254037480840e+01,2.094657215077366796e+00
2.979999999999958682e+00,-1.622976416904788000e+00,-9.533494328814563767e-02,5.778703189447395516e+01,3.088269790315278485e+00
2.984999999999958575e+00,-1.622885739884700307e+00,6.594546454182055595e-02,3.058394229320823854e+01,4.281868080390526465e+00
2.989999999999958469e+00,-1.622479835288089811e+00,5.524906733774078565e-02,-3.701311641708855404e+01,6.508471967954650772e+00
2.994999999999958362e+00,-1.623146342501703199e+00,-2.941034098744641501e-01,-1.015672110326638773e+02,8.935885547221531056e+00
2.999999999999958256e+00,-1.626802500089515879e+00,-1.048102185644679052e+00,-1.579701887730464591e+02,1.170571941290030793e+01
3.004999999999958149e+00,-1.629161414834975785e+00,-3.903564637629038103e-02,8.867191943881783800e+02,1.367657164875182296e+01
3.009999999999958042e+00,-1.631292887826219618e+00,-6.746294578949996179e-01,-3.190860078132021158e+02,1.249076186261253874e+01
3.014999999999957936e+00,-1.632648517184648984e+00,-3.247728333728761019e-01,-2.766979625266306471e+02,1.303322446779172772e+01
3.019999999999957829e+00,-1.633983926003661269e+00,-3.467903598777264396e-01,-2.682665349482357442e+02,1.262210174811206898e+01
3.024999999999957723e+00,-1.635490031416394485e+00,-3.270006019044776613e-01,-3.602836115557043399e+02,1.433978016013543311e+01
3.029999999999957616e+00,-1.636987870577951254e+00,-2.757884491725763887e-01,-3.857858358480844458e+02,1.362698541085569026e+01
3.034999999999957510e+00,-1.638298755571854892e+00,-2.426033555410029019e-01,-3.732940445688851696e+02,1.349770574130004874e+01
3.039999999999957403e+00,-1.639504153881244264e+00,-2.074135636948591377e-01,-3.114525607621020526e+02,1.358133480620771394e+01
3.044999999999957296e+00,-1.640623975950159741e+00,-2.062754906821064049e-01,-2.860648807128037561e+02,1.365900396577065656e+01
3.049999999999957190e+00,-1.641559874783353301e+00,-1.665327222906695381e-01,-3.501710249916962994e+02,1.372596997120100148e+01
3.054999999999957083e+00,-1.642184395560233545e+00,-8.080041907366738996e-02,-3.500015033307882959e+02,1.370848725474348129e+01
3.059999999999956977e+00,-1.642572148627211792e+00,-5.645742236219279675e-02,-4.024505696699459918e+02,1.341950951073001086e+01
3.064999999999956870e+00,-1.642752438597374853e+00,-3.652640181856579675e-03,-3.809424905322335349e+02,1.341195389612739142e+01
3.069999999999956763e+00,-1.642628107450784247e+00,5.107845025470854339e-02,-4.321587199387409441e+02,1.335854905177736640e+01
3.074999999999956657e+00,-1.642074477858513903e+00,1.571016944193743547e-01,-4.009832642568144934e+02,1.322573794165961480e+01
3.079999999999956550e+00,-1.641253158403484180e+00,1.921629049175660464e-01,-4.020293942126903630e+02,1.301985426927835476e+01
3.084999999999956444e+00,-1.640208945396457896e+00,2.383144875306793531e-01,-3.675468145379224438e+02,1.301378409546958892e+01
3.089999999999956337e+00,-1.639035350407098468e+00,2.773294644319312940e-01,-2.319398603559691310e+02,1.304797156034916661e+01
3.094999999999956231e+00,-1.637546836786966997e+00,3.415109633283754387e-01,-3.674396091004093705e+02,1.282214776394924094e+01
3.099999999999956124e+00,-1.635881710168818781e+00,3.650161436251337377e-01,-2.614768156259044076e+02,1.282341781423401983e+01
3.104999999999956017e+00,-1.634265077872055771e+00,3.891384180312225105e-01,-2.167082272730147707e+01,1.287219401235361715e+01
3.109999999999955911e+00,-1.631938462447081184e+00,5.369322032083049256e-01,-4.526381942968028511e+02,1.248409665147220338e+01
3.114999999999955804e+00,-1.629963861101801470e+00,7.360741045765804014e-01,8.120635255291535941e+02,1.288344065647606307e+01
3.119999999999955698e+00,-1.626860957684714837e+00,9.725878503747241721e-01,8.306595311028146398e+02,1.241757144794253520e+01
3.124999999999955591e+00,-1.624346611965828746e+00,7.725163227208126093e-01,4.093403770168162623e+02,1.199985929631825954e+01
3.129999999999955484e+00,-1.621770442595239059e+00,4.188054277964943228e-01,-8.339013852455907738e+01,1.188604034531243592e+01
3.134999999999955378e+00,-1.618924262507447587e+00,6.471911125018088295e-01,1.629162359426003661e+02,1.148810915264242283e+01
3.139999999999955271e+00,-1.616355134733809207e+00,1.416511068843518129e-01,-4.148784237603908309e+02,1.020097533491443720e+01
3.144999999999955165e+00,-1.612697167194064862e+00,3.207747332948627239e-01,-4.779741044736111348e+02,9.765838235295897007e+00
3.149999999999955058e+00,-1.608773043530546731e+00,4.119607455043499677e-01,-3.950798800153925185e+02,8.331388261508244852e+00
3.154999999999954952e+00,-1.604626953724020977e+00,4.634981184698711565e-01,-3.884515221800202767e+02,7.882124934841802322e+00
3.159999999999954845e+00,-1.599837242589495778e+00,6.611540913340756553e-01,-3.084270997667370011e+02,7.284130429356602043e+00
3.164999999999954738e+00,-1.594105554314269035e+00,8.516350521646153249e-01,-3.339977954346209685e+02,6.700352205904611225e+00
3.169999999999954632e+00,-1.588025943145940033e+00,1.195673782314345512e+00,-1.890901243350319394e+00,6.437005137710273495e+00
3.174999999999954525e+00,-1.581958561774876371e+00,1.125514541506619670e+00,-3.781716717800229048e+02,5.777613836602346176e+00
3.179999999999954419e+00,-1.574898772117307111e+00,1.526851334959337114e+00,2.791592784922844430e+02,5.275291403820579816e+00
3.184999999999954312e+00,-1.567835929336701684e+00,1.313975933857278289e+00,-3.248592632106389715e+02,5.119506795947923905e+00
3.189999999999954206e+00,-1.559967520810831010e+00,1.744989913642801982e+00,3.582007638205537319e+02,5.174263169929769646e+00
3.194999999999954099e+00,-1.552187464820192542e+00,1.422132184874383087e+00,-3.536034475241206678e+02,4.450998623061212633e+00
3.199999999999953992e+00,-1.543504693803281258e+00,1.892502142390299680e+00,3.347620906332328445e+02,4.495593284445742022e+00
3.204999999999953886e+00,-1.534791139532893256e+00,1.632509750702150209e+00,-3.894109008966366900e+02,4.269817380664921558e+00
3.209999999999953779e+00,-1.525314145020135292e+00,2.086383754947434888e+00,3.916463340547920779e+02,3.530478636810169046e+00
3.214999999999953673e+00,-1.515694988642475316e+00,1.822211543086997398e+00,-3.600087271412132282e+02,2.665825263089975028e+00
3.219999999999953566e+00,-1.505362480632960631e+00,2.172134128485482929e+00,2.520098295356434903e+02,1.632413036853859856e+00
3.224999999999953459e+00,-1.494828291080050553e+00,2.076716244425624414e+00,-1.329039746102494917e+02,4.135450486515745983e-01
3.229999999999953353e+00,-1.485729842380415056e+00,1.639809241970539899e+00,-9.424113514374101896e+01,-1.734525620530785961e+00
3.234999999999953246e+00,-1.480121263320119729e+00,1.106520157734053766e+00,-6.926587267985892993e+01,-3.473617955929172219e+00
3.239999999999953140e+00,-1.476491860254690369e+00,4.819491319818503539e-01,-1.219490098113897432e+02,-4.273234166278331969e+00
3.244999999999953033e+00,-1.476513557688878375e+00,-1.009771484082047505e-01,-7.059270266164296004e+01,-4.621652446164571160e+00
3.249999999999952927e+00,-1.478797160999239191e+00,-6.149264575049216974e-01,-5.610835660688566406e+01,-4.771127679249274500e+00
3.254999999999952820e+00,-1.482637296701531993e+00,-9.428084067763204956e-01,-1.465380287499290262e+02,-4.741234019341456829e+00
3.259999999999952713e+00,-1.487472068516582979e+00,-1.036842894594939724e+00,-5.181722456969161783e+01,-4.722765936128364928e+00
3.264999999999952607e+00,-1.493212816195883530e+00,-1.211774638083251920e+00,-6.149846785395713056e+01,-4.587749424023199296e+00
3.269999999999952500e+00,-1.499788286696430051e+00,-1.360286197125265995e+00,-2.871093666785458254e+01,-4.526291186638592201e+00
3.274999999999952394e+00,-1.507100610788510320e+00,-1.509281879500897761e+00,-1.546448400466233153e+01,-4.312024345062501318e+00
3.279999999999952287e+00,-1.514692901796895974e+00,-1.510684589890807006e+00,7.753478747991062292e+00,-4.285666386092229274e+00
3.284999999999952180e+00,-1.522399876630251336e+00,-1.536706217687329401e+00,1.938938225215316535e+01,-4.181446785775149166e+00
3.289999999999952074e+00,-1.530321710848289163e+00,-1.590956952944763803e+00,5.485206202719615121e+00,-3.951345770398638990e+00
3.294999999999951967e+00,-1.538121471523874906e+00,-1.531897001337637176e+00,1.609177582612595003e+01,-3.858846171578267814e+00
3.299999999999951861e+00,-1.545789046555196222e+00,-1.523659550489455672e+00,2.668828383996515186e+01,-3.692484616676315667e+00
3.304999999999951754e+00,-1.553580368648416643e+00,-1.563944762641079178e+00,4.437042096557892279e+00,-3.466656005038329269e+00
3.309999999999951648e+00,-1.561288179874721571e+00,-1.525328218898697852e+00,9.204322164844825904e-01,-3.294594631197179879e+00
3.314999999999951541e+00,-1.568896896725997303e+00,-1.512244456689477934e+00,1.650120820164120206e+00,-3.085839041231053681e+00
3.319999999999951434e+00,-1.576479941287744602e+00,-1.534152847271510467e+00,-8.381234769141867602e+00,-2.630058591562400849e+00
3.324999999999951328e+00,-1.583915086101191694e+00,-1.517705375744762053e+00,-4.552841729168601148e+01,-2.455403007766805423e+00
3.329999999999951221e+00,-1.591185624041570268e+00,-1.423839296575598601e+00,2.356590680037300700e+01,-2.072402461669173857e+00
3.334999999999951115e+00,-1.598332073342534576e+00,-1.381330585308699899e+00,4.009887038259712000e+01,-1.971039190981113798e+00
3.339999999999951008e+00,-1.605264982269212437e+00,-1.357789451902028377e+00,2.461641422907649712e+01,-1.738595211040289801e+00
3.344999999999950901e+00,-1.611994473560188101e+00,-1.343433671789638240e+00,5.517720195042606690e+01,-1.464149411157225078e+00
3.349999999999950795e+00,-1.618643193694697002e+00,-1.343368500595652826e+00,-3.767834981302150510e+01,-1.582960212927888133e+00
3.354999999999950688e+00,-1.625236340966907500e+00,-1.301381052180921705e+00,-2.693537774080999725e+01,-1.331280582477822438e+00
3.359999999999950582e+00,-1.631144296823438200e+00,-1.099571795814331621e+00,5.717387191635951638e+01,-6.698336922151230111e-01
3.364999999999950475e+00,-1.636205771697021749e+00,-8.964948764994141728e-01,5.863616574877814003e+01,-2.329087552420236462e-01
3.369999999999950369e+00,-1.639982794878536598e+00,-6.605796310233134072e-01,5.270643356136175584e+01,4.939517610166000994e-01
3.374999999999950262e+00,-1.642485455112875137e+00,-4.094583461497371957e-01,5.895843432833867581e+01,1.611657069340519888e+00
3.379999999999950155e+00,-1.643888494955970447e+00,-2.136178237250976053e-01,3.672194920871287138e+01,2.870176525745261387e+00
3.384999999999950049e+00,-1.644551234502984682e+00,-1.106745943589835524e-01,-1.391664188674214842e+01,4.151136529651694218e+00
3.389999999999949942e+00,-1.645147870098852438e+00,-1.674355815830417260e-01,-4.298623330830048417e+01,6.496796514944858991e+00
3.394999999999949836e+00,-1.646931879245435493e+00,-5.070384177204919629e-01,-7.554318024558575928e+01,9.261795779694596220e+00
3.399999999999949729e+00,-1.650768029971067641e+00,-3.590157763414957848e-01,7.455020223963754233e+02,1.177537550437931024e+01
3.404999999999949623e+00,-1.653133220862319508e+00,-5.642515397764820140e-01,-2.676999461914569451e+02,1.327577270305987511e+01
3.409999999999949516e+00,-1.655360417253157301e+00,-2.098679759707735848e-01,3.169502812716967810e+02,1.390439614370787780e+01
3.414999999999949409e+00,-1.656337719843402168e+00,9.501407523408750277e-02,5.647287267038626624e+02,1.351765678788372504e+01
3.419999999999949303e+00,-1.657396050392576425e+00,1.142705594445470318e-01,5.370765442933318354e+02,1.322720813961322861e+01
3.424999999999949196e+00,-1.658476487484641826e+00,7.874977568482972867e-02,4.529455405426235757e+02,1.449538655956462918e+01
3.429999999999949090e+00,-1.659695930543851894e+00,1.275850841758064402e-01,5.761096588523015498e+02,1.412458839832640223e+01
3.434999999999948983e+00,-1.660866874488663436e+00,1.398543635445250732e-01,5.441947652701992411e+02,1.377455636870670475e+01
3.439999999999948876e+00,-1.662148444752546972e+00,9.609553976691359578e-02,5.577685982444213550e+02,1.371048267111330965e+01
3.444999999999948770e+00,-1.663435308768728138e+00,1.398744760131759857e-01,5.744646612977442146e+02,1.386032053447702772e+01
3.449999999999948663e+00,-1.664752566770825615e+00,1.063621278829902511e-01,5.808394699676920254e+02,1.387929335534277797e+01
3.454999999999948557e+00,-1.666081097416242773e+00,1.333646212643259388e-01,6.560669416456347562e+02,1.406031872326723331e+01
3.459999999999948450e+00,-1.666730847156338013e+00,8.947201683901014058e-02,6.495132595116753009e+02,1.411180362657295362e+01
3.464999999999948344e+00,-1.667233193683767212e+00,1.522822751130792629e-01,6.914215848229621315e+02,1.428547708548961914e+01
3.469999999999948237e+00,-1.667525479377496289e+00,1.222486326087422887e-01,5.459788361153139249e+02,1.396569071788330163e+01
3.474999999999948130e+00,-1.667426521841205211e+00,6.486584462039902965e-02,3.834949840335078619e+01,1.382537535122478545e+01
3.479999999999948024e+00,-1.666894764382112593e+00,1.441322723478132839e-01,-4.427345716696627846e+02,1.363629203278404312e+01
3.484999999999947917e+00,-1.665866938217548832e+00,2.507779879216536223e-01,-4.355817313419731249e+02,1.363611775545949101e+01
3.489999999999947811e+00,-1.664469093514361786e+00,3.053085100220424564e-01,-4.404768079521476807e+02,1.339703520481717192e+01
3.494999999999947704e+00,-1.662720706971817286e+00,3.846009331325060399e-01,-4.234206017578665069e+02,1.332017199793522089e+01
3.499999999999947597e+00,-1.661497507979137200e+00,5.107146085860569951e-01,6.542732565400433487e+02,1.375386097404534347e+01
3.504999999999947491e+00,-1.659931191012784746e+00,4.261358628588307051e-01,3.269680741100200407e+02,1.345675172958364385e+01
3.509999999999947384e+00,-1.658036241583414894e+00,4.203697493475174740e-01,-7.270340603998414863e+00,1.337426367127590687e+01
3.514999999999947278e+00,-1.655862037995732283e+00,4.790213391341750504e-01,-2.116118056996468511e+02,1.309151191151805094e+01
3.519999999999947171e+00,-1.653419420810732676e+00,5.504695675790568510e-01,-1.897015433067576851e+02,1.305071092099238506e+01
3.524999999999947065e+00,-1.650987435504574385e+00,5.775049748073591838e-01,1.155145756388542395e+02,1.303352701218709875e+01
3.529999999999946958e+00,-1.648529986965511451e+00,7.405412510732000131e-01,5.649475635665569371e+02,1.291174596382414919e+01
3.534999999999946851e+00,-1.645573990335130299e+00,9.608654845755303375e-01,8.190456814729415100e+02,1.277024193237325456e+01
3.539999999999946745e+00,-1.642354332287543350e+00,1.033467784727670757e+00,7.747803950708024558e+02,1.209819637061729125e+01
3.544999999999946638e+00,-1.638867201440122656e+00,1.149586192780644112e+00,6.174695666608830606e+02,1.123219942848937158e+01
3.549999999999946532e+00,-1.635532398968720713e+00,3.029177774061830863e-01,-3.711926596049198110e+02,9.799389883180429806e+00
3.554999999999946425e+00,-1.631745328465052491e+00,3.838336263171161500e-01,-4.353306413245359749e+02,9.203919282780956834e+00
3.559999999999946318e+00,-1.627318144304549463e+00,5.164194503122719881e-01,-3.989909001319964545e+02,8.181842751255683055e+00
3.564999999999946212e+00,-1.622527214620790526e+00,7.333805025604478445e-01,-2.109730634208123661e+02,8.052564897908998987e+00
3.569999999999946105e+00,-1.617508306007137353e+00,7.807889378594075058e-01,-3.677159766464344557e+02,7.353067182320675244e+00
3.574999999999945999e+00,-1.611219827258061565e+00,1.242861490798027102e+00,8.628966397908126851e+01,6.687528399095380216e+00
3.579999999999945892e+00,-1.605103757947172305e+00,1.081014741738032026e+00,-3.547100574162875546e+02,6.294029026992800979e+00
3.584999999999945786e+00,-1.597951397117922889e+00,1.585956768569679154e+00,3.194306276260272739e+02,5.959696859526729895e+00
3.589999999999945679e+00,-1.590855808792027259e+00,1.279236552664199777e+00,-3.611918415573243806e+02,5.135483742210667835e+00
3.594999999999945572e+00,-1.582904303489786280e+00,1.768505157538800221e+00,3.629454833781612137e+02,5.324839957373557198e+00
3.599999999999945466e+00,-1.575101674981876920e+00,1.407379247796321176e+00,-3.807963278794556459e+02,4.716069366097427107e+00
3.604999999999945359e+00,-1.566412436532218955e+00,1.913074644323216056e+00,3.804821043429130896e+02,4.754347688394041427e+00
3.609999999999945253e+00,-1.557723184286198714e+00,1.600156815534984345e+00,-3.788692438014393815e+02,4.537738321550149223e+00
3.614999999999945146e+00,-1.548142206961312217e+00,2.129998712894736190e+00,4.401794739881948431e+02,4.365687414718474990e+00
3.619999999999945040e+00,-1.538582102472343616e+00,1.763045372753933249e+00,-3.976572846213820753e+02,3.252976979878717589e+00
3.624999999999944933e+00,-1.528019475110710790e+00,2.276042446680970333e+00,3.383294577451428609e+02,2.761045267865882114e+00
3.629999999999944826e+00,-1.517357248082473742e+00,2.053898907593433965e+00,-2.934424768413055062e+02,1.383555710329412047e+00
3.634999999999944720e+00,-1.506278466453499387e+00,2.249073777758978654e+00,2.447208707647493497e+01,1.221594492261939280e-01
3.639999999999944613e+00,-1.497392514479558789e+00,1.451842240823612018e+00,-1.884158331818198064e+02,-2.265442132913729090e+00
3.644999999999944507e+00,-1.492477289398641549e+00,9.638090335354946303e-01,-7.483494610433557170e+01,-3.710623942500245853e+00
3.649999999999944400e+00,-1.490105149917660965e+00,2.067758667392680660e-01,1.257191067626287406e+02,-4.177640181267346264e+00
3.654999999999944293e+00,-1.489990168960243277e+00,-1.237715591415225885e-01,-5.473128406457544770e+01,-4.721427017865514664e+00
3.659999999999944187e+00,-1.492226599804344467e+00,-5.525165771713081986e-01,-7.165882761856791205e+01,-4.612244719747431887e+00
3.664999999999944080e+00,-1.495657048577289761e+00,-7.359519086810991650e-01,-7.150659070830452713e+00,-4.766955790854081165e+00
3.669999999999943974e+00,-1.499828125890981800e+00,-8.760680780392080536e-01,-1.907937055400796567e+01,-4.877159926910232812e+00
3.674999999999943867e+00,-1.504587429778622143e+00,-9.839723060963954104e-01,-1.361877623624004485e+01,-4.900181350833280547e+00
3.679999999999943761e+00,-1.509806032290249345e+00,-1.074674991067577690e+00,-1.238697976537017276e+01,-4.897220173660542741e+00
3.684999999999943654e+00,-1.515495196490005858e+00,-1.178593146520143131e+00,-3.146595836750274700e+01,-4.712661521242392126e+00
3.689999999999943547e+00,-1.521149343095183459e+00,-1.119415603666339409e+00,-1.644509719511605894e+01,-4.699072841652030874e+00
3.694999999999943441e+00,-1.526728579347979897e+00,-1.135590644562972207e+00,-3.016633783394444990e+01,-4.726321872802387247e+00
3.699999999999943334e+00,-1.532546553862545569e+00,-1.177639412518401985e+00,-1.062614017507780062e+01,-4.590139280223412221e+00
3.704999999999943228e+00,-1.538696330607837393e+00,-1.266343053962083465e+00,-3.908692567110065852e+01,-4.370098466350656352e+00
3.709999999999943121e+00,-1.544922040889742165e+00,-1.247074812747768213e+00,-2.605366179554625816e+01,-4.386780362605191996e+00
3.714999999999943014e+00,-1.551267299884090622e+00,-1.283474705356313361e+00,-1.197028817247412746e+01,-4.317456224729061987e+00
3.719999999999942908e+00,-1.557936468002969921e+00,-1.384418262636895713e+00,-6.223113995190084324e+01,-4.074695595555227534e+00
3.724999999999942801e+00,-1.564787538032060610e+00,-1.378394995236989606e+00,-2.177398952538520049e+01,-3.955961280618802700e+00
3.729999999999942695e+00,-1.571840458144798891e+00,-1.462071752692021054e+00,-6.724415148221163463e+01,-3.769613911087402958e+00
3.734999999999942588e+00,-1.578975653228579024e+00,-1.433580492624407787e+00,-2.392117980828751200e+01,-3.669841000192903380e+00
3.739999999999942482e+00,-1.586248304162149125e+00,-1.497383222938038605e+00,-4.318859672207774025e+01,-3.447978386504110926e+00
3.744999999999942375e+00,-1.593528512178729262e+00,-1.432237942195521807e+00,1.484273093258059717e+01,-3.296841534655501782e+00
3.749999999999942268e+00,-1.601012963370657571e+00,-1.502819952443991802e+00,3.353381687320881266e+00,-3.117613544818851334e+00
3.754999999999942162e+00,-1.608630377723873295e+00,-1.523215461868829612e+00,2.010816269486926799e+01,-2.992595445347862260e+00
3.759999999999942055e+00,-1.616763217899376937e+00,-1.674429096271740081e+00,-1.977085377768597851e+01,-3.078244262876060233e+00
3.764999999999941949e+00,-1.625510561336848570e+00,-1.802978345339562694e+00,-2.051977048102616408e+01,-3.155650783081612065e+00
3.769999999999941842e+00,-1.634725148164985598e+00,-1.878026449189820202e+00,-3.810795076923244551e+01,-2.945610651341700859e+00
3.774999999999941735e+00,-1.644244207158036541e+00,-1.938497791054379027e+00,-4.588958870567743276e+01,-2.478512414137792774e+00
3.779999999999941629e+00,-1.653674726042059673e+00,-1.836187324269249466e+00,3.363596732112718257e+01,-1.716693953854799615e+00
3.784999999999941522e+00,-1.662499819424808178e+00,-1.693574534200210202e+00,7.496335312852902177e+01,-1.208613276399851388e+00
3.789999999999941416e+00,-1.670087509538719095e+00,-1.424685500632658197e+00,2.670234514961120098e+01,-4.927505607663926757e-01
3.794999999999941309e+00,-1.676095906355325793e+00,-1.066391781917363391e+00,7.556172888490685580e+01,6.601882743992047997e-01
3.799999999999941203e+00,-1.680433153891694564e+00,-7.387834782129213407e-01,7.448979297183910830e+01,2.320786599763901226e+00
3.804999999999941096e+00,-1.683302418859493610e+00,-4.986073180913094260e-01,1.000859242809958616e+01,4.493188976724122874e+00
3.809999999999940989e+00,-1.685494060736027588e+00,-4.305281300515388931e-01,-1.504558072553552783e+00,7.410114346036928978e+00
3.814999999999940883e+00,-1.688553662213601703e+00,-7.844830065300197885e-01,-1.106234228981563916e+02,1.055253180940457902e+01
3.819999999999940776e+00,-1.692237380957319681e+00,-7.635054336821278653e-01,-2.371050508490297659e+02,1.481495727993980438e+01
3.824999999999940670e+00,-1.693507483405402025e+00,-1.514632799349136527e-01,-3.203049018693562289e+02,1.576956916403273645e+01
3.829999999999940563e+00,-1.694470699457834906e+00,8.070220604972926093e-02,5.117725937228818793e+02,1.520549406958182637e+01
3.834999999999940457e+00,-1.694844658096781309e+00,2.249067570241722880e-01,5.479358569609412370e+02,1.474842483988842545e+01
3.839999999999940350e+00,-1.695368129539451818e+00,3.030688384652624467e-01,6.009015143113143722e+02,1.373343953034220810e+01
3.844999999999940243e+00,-1.695759187463911966e+00,2.481911551632943747e-01,4.486265258940646845e+02,1.454874017989355650e+01
3.849999999999940137e+00,-1.695861699278411683e+00,4.364576157630310482e-01,6.724777123531905545e+02,1.419936850238389248e+01
3.854999999999940030e+00,-1.696119438518375766e+00,5.996749452366625238e-02,2.379023779355563306e+02,1.357630201815749516e+01
3.859999999999939924e+00,-1.696459283396353879e+00,3.585132701285875245e-01,6.284891216833389080e+02,1.377596235214815223e+01
3.864999999999939817e+00,-1.696565150289381485e+00,4.258615571657712873e-01,6.426760305495506600e+02,1.387458965842136394e+01
3.869999999999939710e+00,-1.696453524687763670e+00,4.823569061780113576e-01,6.836048868364269993e+02,1.369421646416383354e+01
3.874999999999939604e+00,-1.696162045050050304e+00,5.164234519057375739e-01,6.583333677119053391e+02,1.373328985319741413e+01
3.879999999999939497e+00,-1.695607908843599576e+00,5.705936687373264204e-01,6.828202270152885376e+02,1.351872487098741082e+01
3.884999999999939391e+00,-1.694829520230109132e+00,6.322011599186795339e-01,6.801943088727128952e+02,1.360613503401971869e+01
3.889999999999939284e+00,-1.693682348166153373e+00,6.862375987611838424e-01,6.775883215143780944e+02,1.326831338241969327e+01
3.894999999999939178e+00,-1.692317224223083727e+00,7.609502357655895111e-01,6.918967132037481633e+02,1.338761935170832373e+01
3.899999999999939071e+00,-1.690552080195363294e+00,8.190595576415722334e-01,6.920080717366987528e+02,1.308794221191292984e+01
3.904999999999938964e+00,-1.688454837270116249e+00,9.452018983434782307e-01,7.329849378654273551e+02,1.314623483151234851e+01
3.909999999999938858e+00,-1.685908393595714205e+00,9.625600587314244727e-01,6.781888779333648927e+02,1.289318846551016229e+01
3.914999999999938751e+00,-1.683186853957298057e+00,8.647523622692702139e-01,4.860686365330874992e+02,1.302693136045977340e+01
3.919999999999938645e+00,-1.680215808861689641e+00,9.358400098933651323e-01,4.970150531221175925e+02,1.319040273159986931e+01
3.924999999999938538e+00,-1.677067794340483253e+00,8.569875008217785473e-01,3.647992254375411676e+02,1.304633112162725084e+01
3.929999999999938431e+00,-1.673945203700707651e+00,6.113967528582985311e-01,3.739665109055047765e+01,1.308363512973666154e+01
3.934999999999938325e+00,-1.670987890338118786e+00,1.256721303665246370e-01,-5.215361279585329157e+02,1.255444568255804860e+01
3.939999999999938218e+00,-1.666735549037448916e+00,3.518714069889495311e-01,-5.542184261293313057e+02,1.284018529887529070e+01
3.944999999999938112e+00,-1.662331841669494992e+00,7.177454073673951163e-01,-4.314595361958690205e+02,1.265291290206156383e+01
3.949999999999938005e+00,-1.657659745447083166e+00,9.139992161808148108e-01,-5.377499636064297874e+02,1.222873465999935583e+01
3.954999999999937899e+00,-1.653164925666292140e+00,1.046917195103895803e+00,1.293640687631005335e+02,1.208984572109122269e+01
3.959999999999937792e+00,-1.648434646330988240e+00,1.178781342752479366e+00,5.260417873595107494e+02,1.184950096513912854e+01
3.964999999999937685e+00,-1.643418589167285004e+00,1.424240204771857199e+00,8.098327815674635985e+02,1.091886306485605829e+01
3.969999999999937579e+00,-1.638412172434229319e+00,1.158592623085288764e+00,2.476133392318446056e+02,9.824519529627423253e+00
3.974999999999937472e+00,-1.632857626726001321e+00,1.449933614567569418e+00,5.021066255812993973e+02,8.194715306287427836e+00
3.979999999999937366e+00,-1.627126601680230822e+00,1.054772481527250783e+00,-1.996448395211291427e+02,7.230798924408835759e+00
3.984999999999937259e+00,-1.620402417692033081e+00,1.647405248862237270e+00,5.055180799329753540e+02,7.026960846920742298e+00
3.989999999999937152e+00,-1.613331654891026368e+00,1.250502309814019997e+00,-4.402017604203966243e+02,6.285911650629004477e+00
3.994999999999937046e+00,-1.605241873999524449e+00,1.885634085118314429e+00,5.216161619591008503e+02,6.094065537531739629e+00
3.999999999999936939e+00,-1.596882765694548789e+00,1.527013125247740133e+00,-4.279455469459583128e+02,5.385195001719901065e+00
4.004999999999936833e+00,-1.587514237653222082e+00,2.098536865431053666e+00,4.822984825502009016e+02,5.285898812848829564e+00
4.009999999999936726e+00,-1.578330379015381757e+00,1.655970941273015251e+00,-4.929491651170543491e+02,4.605314535756861005e+00
4.014999999999936620e+00,-1.567937723147949880e+00,2.305934528919823201e+00,4.703619418731118458e+02,4.586925534401112614e+00
4.019999999999936513e+00,-1.557671693275957336e+00,1.892039614382838186e+00,-4.940687403472547317e+02,4.134265440358633192e+00
4.024999999999936406e+00,-1.546347597251006567e+00,2.496233392867283296e+00,5.038109412415503243e+02,3.771303758785717886e+00
4.029999999999936300e+00,-1.535232862151531652e+00,2.100863875865423225e+00,-3.861846930474357578e+02,2.388026958474547268e+00
4.034999999999936193e+00,-1.523133059676194501e+00,2.571342525204013185e+00,3.441747434003858075e+02,1.585557913812849051e+00
4.039999999999936087e+00,-1.510932506080738591e+00,2.464013979720869774e+00,-3.314303362152607946e+01,8.825627842459149441e-02
4.044999999999935980e+00,-1.498798245603511159e+00,2.365388771044084404e+00,-4.068596994193219984e+01,-1.247237243718124500e+00
4.049999999999935874e+00,-1.489913109584039441e+00,1.701577338612185297e+00,-5.829020139214221574e-01,-3.149452210378838490e+00
4.054999999999935767e+00,-1.483385488400166485e+00,1.015928917047906221e+00,-1.563929046628705350e+02,-4.498381856594700245e+00
4.059999999999935660e+00,-1.480920840850369347e+00,3.465363374430426302e-01,-1.338097956982875303e+02,-5.273317144343502072e+00
4.064999999999935554e+00,-1.480843315551843453e+00,-1.312907334607597842e-01,-5.141794951919978018e+01,-5.610882576539681033e+00
4.069999999999935447e+00,-1.482817943195408050e+00,-5.664864817158369314e-01,-6.263764108480774695e+01,-5.736250363661680396e+00
4.074999999999935341e+00,-1.486308459452219122e+00,-7.935965017960338042e-01,-1.877371117964564817e+01,-5.866250901578680121e+00
4.079999999999935234e+00,-1.490952720090727102e+00,-1.009286316714069320e+00,-2.652416321423271484e+01,-5.832193714960401287e+00
4.084999999999935127e+00,-1.496356772465028406e+00,-1.119311659348894317e+00,1.805381934597195936e+01,-5.877855139711336108e+00
4.089999999999935021e+00,-1.502414441849135640e+00,-1.248401925099028587e+00,2.409681566150382537e+01,-5.696454242304994864e+00
4.094999999999934914e+00,-1.508957601974469043e+00,-1.339928506310562817e+00,1.598098020332429492e+01,-5.609167442062922504e+00
4.099999999999934808e+00,-1.515516810066612541e+00,-1.308149736706797350e+00,1.021941978603432766e+01,-5.571334186369861996e+00
4.104999999999934701e+00,-1.521644825259884204e+00,-1.208323749035363770e+00,8.710393263948914111e+00,-5.646117984515719002e+00
4.109999999999934595e+00,-1.527545373326682610e+00,-1.172174814034499413e+00,9.268506423374997638e+00,-5.569932107980892333e+00
4.114999999999934488e+00,-1.533508451106155412e+00,-1.196485696887869876e+00,4.072806211222865613e+01,-5.502583882973027585e+00
4.119999999999934381e+00,-1.539640130358298720e+00,-1.247527172047325328e+00,1.862661097399215704e+00,-5.363026535428907948e+00
4.124999999999934275e+00,-1.545703245459981723e+00,-1.178445197674489631e+00,1.742045204634592892e+01,-5.307201399814267084e+00
4.129999999999934168e+00,-1.551731086392575731e+00,-1.191497123281406889e+00,1.686715230720794523e+01,-5.347811590679707905e+00
4.134999999999934062e+00,-1.557818560771767613e+00,-1.226054365649100086e+00,2.985174839809861425e+00,-5.244947174975289172e+00
4.139999999999933955e+00,-1.563828785290201084e+00,-1.199507780309870375e+00,-2.741778824086106425e+01,-5.176740608466658955e+00
4.144999999999933848e+00,-1.569828153396339410e+00,-1.219639511131976439e+00,-1.551325004061717472e+01,-5.201529101871782856e+00
4.149999999999933742e+00,-1.576185993029303845e+00,-1.351270377858105887e+00,-7.260531565982205393e+01,-4.973951078926837965e+00
4.154999999999933635e+00,-1.583141099238792426e+00,-1.457803952449977070e+00,-3.652580743880046299e+01,-4.991829795384547630e+00
4.159999999999933529e+00,-1.590952892565106414e+00,-1.667935840561295180e+00,-7.746921742945048095e+01,-4.958535238542909340e+00
4.164999999999933422e+00,-1.599611537517737325e+00,-1.802014445257872577e+00,-4.209278882037238390e+01,-4.676711269988161668e+00
4.169999999999933316e+00,-1.609104460780260926e+00,-1.993348448529623340e+00,-7.447045026996788408e+01,-4.364483209322846946e+00
4.174999999999933209e+00,-1.619225290878382406e+00,-2.046367189531172581e+00,8.152274344109205373e+00,-3.921928250653983206e+00
4.179999999999933102e+00,-1.629602868473176924e+00,-2.053642012752624257e+00,3.668829949028749837e+01,-3.679908414426994678e+00
4.184999999999932996e+00,-1.640053742699876249e+00,-2.079201508310493995e+00,1.860464885767586551e+01,-3.314136962488536842e+00
4.189999999999932889e+00,-1.650338885128779465e+00,-2.018733940066217425e+00,2.946697005199872521e+01,-2.841972127033128181e+00
4.194999999999932783e+00,-1.660017757064048416e+00,-1.892878626800198472e+00,2.722342470877486420e+01,-2.304019388376266519e+00
4.199999999999932676e+00,-1.668638589742206468e+00,-1.630646172372444802e+00,4.438939890138868094e+01,-1.583710636998681753e+00
4.204999999999932569e+00,-1.675716376495660409e+00,-1.233029382491006576e+00,9.233032896885804064e+01,-1.131116729623432571e-01
4.209999999999932463e+00,-1.680667053017683488e+00,-8.082826181069201477e-01,9.758931345994719209e+01,1.114105917536762691e+00
4.214999999999932356e+00,-1.683426791877450146e+00,-3.877537077147533151e-01,8.583688335545565451e+01,2.658147647922931789e+00
4.219999999999932250e+00,-1.684354394805649635e+00,-6.577098503012977770e-02,6.554334185097793863e+01,4.099408746507739565e+00
4.224999999999932143e+00,-1.684187461714783840e+00,7.184512766483291957e-02,2.463878594634270414e+01,6.683469302519559285e+00
4.229999999999932037e+00,-1.684369544346995262e+00,-1.537280534670848464e-01,-6.207419071350174278e+01,9.569138240927598460e+00
4.234999999999931930e+00,-1.685834583766752992e+00,-1.437334276841465697e-01,-2.486448991778255504e+02,1.260644727279714239e+01
4.239999999999931823e+00,-1.685877048684223611e+00,4.348328787164366105e-01,7.102581660805306001e+02,1.371197991593602694e+01
4.244999999999931717e+00,-1.685618724169758220e+00,-2.050547454974175898e-01,-3.036512107115747767e+02,1.288729287479100627e+01
4.249999999999931610e+00,-1.684827199104324214e+00,4.901283300690001399e-02,-3.895368844561003812e+02,1.411847595519133058e+01
4.254999999999931504e+00,-1.683299101792574248e+00,1.613119897489833643e-01,-3.850007269422954437e+02,1.294356681645337126e+01
4.259999999999931397e+00,-1.682299534826663390e+00,1.679013286664220450e-01,-3.573148922926103523e+02,1.274125567779119272e+01
4.264999999999931291e+00,-1.681896870586064185e+00,-6.436027870956173569e-02,-4.696592498386832517e+02,1.364195056031589104e+01
4.269999999999931184e+00,-1.681217492104335243e+00,-6.815099162685021861e-02,-4.054965927375610590e+02,1.298809362367073916e+01
4.274999999999931077e+00,-1.680493085575032186e+00,-6.859155620444551404e-02,-4.213682878241140202e+02,1.270224501169499476e+01
4.279999999999930971e+00,-1.679925154008953259e+00,-7.659366292086164374e-02,-4.102752086797216293e+02,1.276219600594765424e+01
4.284999999999930864e+00,-1.679232036414087137e+00,-8.991883615641728389e-02,-4.770848167078480060e+02,1.275953866317730068e+01
4.289999999999930758e+00,-1.678503128743836115e+00,-6.619541274223242344e-02,-4.303168521156339921e+02,1.283206386836295287e+01
4.294999999999930651e+00,-1.677671304890216097e+00,-6.283609008744381330e-02,-4.799496241599184714e+02,1.284535591320890902e+01
4.299999999999930544e+00,-1.676788557621464504e+00,-4.514746013085477183e-02,-4.579658908065091509e+02,1.288961381497724012e+01
4.304999999999930438e+00,-1.675239780455843208e+00,-1.870431214325219416e-01,-5.249238026545808680e+02,1.291804566742091787e+01
4.309999999999930331e+00,-1.673424187889147374e+00,-1.019528694962572313e-01,-4.444898075694179056e+02,1.303464428514018358e+01
4.314999999999930225e+00,-1.671388412499791976e+00,-8.017913162630915802e-02,-5.175000647777894756e+02,1.299989640615711828e+01
4.319999999999930118e+00,-1.668954751464859720e+00,2.036159258328539608e-03,-4.727184454461989276e+02,1.294197316593102265e+01
4.324999999999930012e+00,-1.666203661175439610e+00,4.930396944561964839e-02,-5.314699516494617910e+02,1.285256102806232903e+01
4.329999999999929905e+00,-1.662977924425343312e+00,1.336182370091861527e-01,-5.057182099214143136e+02,1.276577997538156772e+01
4.334999999999929798e+00,-1.659312051318313719e+00,2.030953519537549157e-01,-5.684896692131142117e+02,1.263490894546134946e+01
4.339999999999929692e+00,-1.655215334294995566e+00,2.622077188556281580e-01,-5.652071183551067861e+02,1.254612844698094776e+01
4.344999999999929585e+00,-1.651084277624732533e+00,2.196962777328705096e-01,-6.323513101576409099e+02,1.251329035643821008e+01
4.349999999999929479e+00,-1.646724319651153401e+00,3.162790196623166961e-01,-5.721384840242283190e+02,1.245567386178507263e+01
4.354999999999929372e+00,-1.641904125999950281e+00,3.368716623841793711e-01,-6.581688382773344301e+02,1.244556866519343785e+01
4.359999999999929265e+00,-1.637113491392766962e+00,3.551897016850657507e-01,-6.222153034224522798e+02,1.218956988858510471e+01
4.364999999999929159e+00,-1.631674670475719902e+00,4.457247387340084743e-01,-6.869080043146237813e+02,1.209265803579384979e+01
4.369999999999929052e+00,-1.626248465754014383e+00,9.449456755015777087e-01,-8.503550661652994336e+01,1.208672871184083952e+01
4.374999999999928946e+00,-1.621208856959482691e+00,8.135323837238397360e-01,-4.741127907959942718e+02,1.170949744359742262e+01
4.379999999999928839e+00,-1.615443476229911912e+00,1.076158041530005161e+00,3.734028556367776019e+01,1.150619664595480174e+01
4.384999999999928733e+00,-1.610008825829826407e+00,8.219908767984361875e-01,-5.569270655929138911e+02,1.160017772502316902e+01
4.389999999999928626e+00,-1.603837237044442920e+00,1.047944126258583353e+00,-1.017917974693196470e+02,1.104799167376894964e+01
4.394999999999928519e+00,-1.597911838049831390e+00,8.973124629864789314e-01,-5.786570837043817619e+02,1.112694962705231738e+01
4.399999999999928413e+00,-1.591183146933544457e+00,1.113239767110425493e+00,-1.330420100062848121e+02,1.060946458123139990e+01
4.404999999999928306e+00,-1.584854685593011903e+00,9.516064909108759018e-01,-6.745518782752255902e+02,1.042730373118264886e+01
4.409999999999928200e+00,-1.577750771796856633e+00,1.050496247524481452e+00,-3.151611518665538370e+02,9.319402758932938013e+00
4.414999999999928093e+00,-1.570827678854428200e+00,8.792354662051395930e-01,-7.293058998011708809e+02,8.635639213200901665e+00
4.419999999999927986e+00,-1.562480680876908279e+00,1.762195136680313912e+00,2.913486730996499432e+02,7.161677925232071473e+00
4.424999999999927880e+00,-1.554150069333511075e+00,1.492849610296733243e+00,-5.191747936096541025e+02,6.406484791022804437e+00
4.429999999999927773e+00,-1.544612793581985777e+00,2.248749473930806264e+00,6.814361356577323932e+02,5.534504988888631516e+00
4.434999999999927667e+00,-1.535146271552682684e+00,1.631563760287055409e+00,-6.815444361161485176e+02,4.389280936655672427e+00
4.439999999999927560e+00,-1.524383531807451009e+00,2.501704099409034932e+00,7.078886039094772968e+02,4.370873650301564162e+00
4.444999999999927454e+00,-1.513885965729080629e+00,1.856458863898703848e+00,-6.395420478354658371e+02,3.341938690121007305e+00
4.449999999999927347e+00,-1.502094455153154984e+00,2.653281120058085918e+00,6.642028071428867406e+02,3.233501645816152958e+00
4.454999999999927240e+00,-1.490606340950441755e+00,2.104743555909223129e+00,-5.470111146073259079e+02,1.932570631265786432e+00
4.459999999999927134e+00,-1.478029020505263524e+00,2.656450604603073362e+00,3.726836812281908351e+02,8.828432826238119535e-01
4.464999999999927027e+00,-1.465398339194312394e+00,2.576156790749239978e+00,-6.088216044034491681e+00,-8.075319567978638258e-01
4.469999999999926921e+00,-1.453992399954356030e+00,2.084834615931673074e+00,-1.140855036019908795e+02,-2.111522881017962483e+00
4.474999999999926814e+00,-1.446441051648119869e+00,1.453212847664666851e+00,-1.345444497166658948e+02,-3.903127786156753043e+00
4.479999999999926708e+00,-1.442230496206789780e+00,9.871683755678986594e-02,-6.764733653291925748e+02,-5.332324013130948615e+00
4.484999999999926601e+00,-1.441806418506887066e+00,-1.491678777241634002e-01,-1.680058223282211998e+02,-6.314997810814777068e+00
4.489999999999926494e+00,-1.444477932880116278e+00,-6.945504542119552704e-01,-1.021138006713647286e+02,-7.025061051267654122e+00
4.494999999999926388e+00,-1.449202078140329197e+00,-1.077319313807885814e+00,-6.655385738812773866e+01,-7.427079904056766324e+00
4.499999999999926281e+00,-1.455167846818330224e+00,-1.255990995374267616e+00,-3.377729384537237678e+01,-7.818189731301904644e+00
4.504999999999926175e+00,-1.461660970740823018e+00,-1.315376072933250207e+00,-2.049689909886909689e+01,-8.025229563978207636e+00
4.509999999999926068e+00,-1.468425927979994050e+00,-1.373752259115066598e+00,-3.625498760652902064e+01,-8.131026504845490166e+00
4.514999999999925961e+00,-1.475055396615039927e+00,-1.307765566374248012e+00,-7.917455850528781980e+00,-8.337182440491753610e+00
4.519999999999925855e+00,-1.481204794880732978e+00,-1.174836350917260130e+00,2.103956608788431026e+01,-8.456254871245214133e+00
4.524999999999925748e+00,-1.486798515265501885e+00,-1.066651960993623138e+00,3.058846025304292837e+01,-8.590959805165516272e+00
4.529999999999925642e+00,-1.491721880017105928e+00,-9.149938676092891354e-01,1.999537799005838679e+01,-8.742289303440053061e+00
4.534999999999925535e+00,-1.495544374334258242e+00,-6.752678746744906757e-01,3.836680727856148110e+01,-9.077656207152184464e+00
4.539999999999925429e+00,-1.498270958405082620e+00,-4.496590489847692163e-01,7.428074054473813703e+01,-9.348502407405900883e+00
4.544999999999925322e+00,-1.504930507398635875e+00,-3.637682089003326791e+00,-1.599435734728209809e+03,-8.663412593600986256e+00
4.549999999999925215e+00,-1.540560584235532771e+00,-8.856166402993924436e+00,-6.919642549029975953e+02,-5.370930139173822226e+00
4.554999999999925109e+00,-1.591801161233835860e+00,-1.081259144859486909e+01,-1.660919457897749680e+02,-3.120965175399429192e+00
4.559999999999925002e+00,-1.645665204116155911e+00,-1.060675542709503105e+01,1.039972253978197898e+02,-1.555455910529270902e+00
4.564999999999924896e+00,-1.694710733516167078e+00,-9.297487851154480509e+00,2.287909678704923522e+02,-5.065271704559233257e-01
4.569999999999924789e+00,-1.734866985810997964e+00,-7.299344445914425883e+00,3.499049188497626233e+02,2.705783310425315946e-01
4.574999999999924682e+00,-1.764323877595806556e+00,-5.074992477668711643e+00,3.853955244448255826e+02,5.806631726295763407e-01
4.579999999999924576e+00,-1.782713632987884100e+00,-2.890878081712468184e+00,3.389421923495981446e+02,7.229423653069424471e-01
4.584999999999924469e+00,-1.790142285355253549e+00,-7.421008696499969970e-01,3.193142286938622192e+02,7.025997392418439347e-01
4.589999999999924363e+00,-1.787956803063112110e+00,1.036326151054488776e+00,2.220415272037194541e+02,5.696728395341624784e-01
4.594999999999924256e+00,-1.778873430694986491e+00,2.185628910345042364e+00,1.629364472777494655e+02,3.305951839992296026e-01
4.599999999999924150e+00,-1.764732356792138690e+00,3.107975704671262385e+00,1.174614949275766236e+02,1.578067033563901322e-01
4.604999999999924043e+00,-1.747118927045639980e+00,3.690955492240012958e+00,7.821847267347006039e+01,-3.355838123823318142e-02
4.609999999999923936e+00,-1.727281060883905539e+00,4.062292780581440610e+00,3.821969353523098079e+01,-1.295539355716055496e-01
4.614999999999923830e+00,-1.707063374249972565e+00,3.993134908101217295e+00,-2.853128769006219656e+01,-2.230939595699386047e-01
4.619999999999923723e+00,-1.687537603778665130e+00,3.819981587493225916e+00,-4.866355858678377189e+01,-2.927685559866610721e-01
4.624999999999923617e+00,-1.669282178892198543e+00,3.522171381011690361e+00,-6.911362729415199624e+01,-3.789691023160277616e-01
4.629999999999923510e+00,-1.652144499748962714e+00,3.345812571203846009e+00,-4.032053591180734742e+01,-3.419407461921926128e-01
4.634999999999923403e+00,-1.636679170592107102e+00,2.937051039709159816e+00,-7.141358324351541853e+01,-2.865339200174927825e-01
4.639999999999923297e+00,-1.622668555569267035e+00,2.705064053179123018e+00,-5.719612798794963737e+01,-2.348514263468037822e-01
4.644999999999923190e+00,-1.609570872850434098e+00,2.558792732287089589e+00,-2.871420563770872647e+01,-2.137488374200082752e-01
4.649999999999923084e+00,-1.596892257677765103e+00,2.515639643184028884e+00,-8.438198762543377640e+00,-1.611987363958184982e-01
4.654999999999922977e+00,-1.584842936618365616e+00,2.349578601900609076e+00,-2.546361439152560635e+01,-7.394950693179813683e-02
4.659999999999922871e+00,-1.572848013619668306e+00,2.421729431192115367e+00,1.040652295331308075e+01,-1.182973085519423151e-02
4.664999999999922764e+00,-1.559947103395064261e+00,2.656067798230372201e+00,3.329335142410778303e+01,4.454788516126462206e-02
4.669999999999922657e+00,-1.546794786105559316e+00,2.608498564105503625e+00,-1.045388112617610332e+01,1.410864325914729100e-02
4.674999999999922551e+00,-1.532900014738036276e+00,2.856872114920862682e+00,3.289629310900514270e+01,8.341739772578993239e-02
4.679999999999922444e+00,-1.517061711724762452e+00,3.316558565247577750e+00,6.202723509052719209e+01,1.872123985505644850e-01
4.684999999999922338e+00,-1.500704014456476498e+00,3.229055612296346744e+00,-2.301129919754682263e+01,-1.410470643289740700e-02
4.689999999999922231e+00,-1.483611794486026092e+00,3.486956931267376714e+00,3.094349724462414031e+01,8.330790919798403138e-02
4.694999999999922125e+00,-1.464581205193977054e+00,3.954567011171497448e+00,6.040039158985182866e+01,1.789544240770970518e-01
4.699999999999922018e+00,-1.445935693127030186e+00,3.591975110641345559e+00,-6.460410005885368889e+01,-1.687477160444532664e-01
4.704999999999921911e+00,-1.446388474543985225e+00,-1.033780107864324505e+00,8.081277397706971399e+00,2.683406171230755977e+00
4.709999999999921805e+00,-1.452031773714308027e+00,-1.184725673647465616e+00,-1.348683786807751694e+01,4.041091787749496511e+00
4.714999999999921698e+00,-1.458870312788301815e+00,-1.481274543326446036e+00,-4.931516218224412995e+01,4.967000474198526305e+00
4.719999999999921592e+00,-1.466925980193349854e+00,-1.638206246929890586e+00,3.988999012420183732e+01,5.880558609400366343e+00
4.724999999999921485e+00,-1.474021892592147109e+00,-1.250553168645749169e+00,2.895953835200950834e+02,6.446938544779799329e+00
4.729999999999921378e+00,-1.480347481258788678e+00,-1.084012735264122451e+00,2.654950553932477533e+02,7.132162253222098514e+00
4.734999999999921272e+00,-1.485720279046140346e+00,-9.393058921903262304e-01,-1.773455840340607104e+00,7.846978552821036956e+00
4.739999999999921165e+00,-1.490473719587958268e+00,-9.406543852262938543e-01,-9.154825677941784079e+01,7.482637047271570196e+00
4.744999999999921059e+00,-1.494707512178296671e+00,-8.778496390199068689e-01,-1.306951094555167714e+01,7.392566212809550841e+00
4.749999999999920952e+00,-1.498161593439284234e+00,-6.060156815227109028e-01,2.462561547444458654e+01,7.672385614434962697e+00
4.754999999999920846e+00,-1.501111011493338143e+00,-2.733254447617103344e-01,4.991377255166302120e+02,8.298519380467162421e+00
4.759999999999920739e+00,-1.504147593620908330e+00,-8.159558397150836750e-01,-2.572356514975059554e+02,8.433682734596397168e+00
4.764999999999920632e+00,-1.506470563914663385e+00,-6.939106842476758796e-01,-2.264245579155056873e+02,9.327218604938847690e+00
4.769999999999920526e+00,-1.508499204843564367e+00,-3.315439994884947228e-01,1.679648380943782797e+02,9.705409768268378201e+00
4.774999999999920419e+00,-1.511379283318897038e+00,-5.659558066352643468e-01,-3.129454170791715839e+01,1.001827803828266106e+01
4.779999999999920313e+00,-1.513411269479418397e+00,-1.159248438954881971e-01,4.275121477741922718e+02,1.096037373278127269e+01
4.784999999999920206e+00,-1.516177966773679220e+00,-6.932288075860042476e-01,-1.428844795577946343e+02,1.088500492296512334e+01
4.789999999999920099e+00,-1.519528515469452001e+00,-6.921525849863296997e-01,3.012386134730179066e+01,1.137699774246793538e+01
4.794999999999919993e+00,-1.523229088073012161e+00,-8.500074425104569009e-01,-2.137150176391517391e+02,1.137361534284077003e+01
4.799999999999919886e+00,-1.526803652312967774e+00,-1.044879203197955908e+00,-3.283081590888909318e+02,1.173133875258878511e+01
4.804999999999919780e+00,-1.530255388090091317e+00,-6.714603600596463773e-01,8.641814947977744055e+01,1.205678377114003297e+01
4.809999999999919673e+00,-1.534126824540345435e+00,-5.905297553709870639e-01,3.189349096196010009e+02,1.208422163377725411e+01
4.814999999999919567e+00,-1.538070764127171364e+00,-6.249413678079487333e-01,5.193239095536193872e+02,1.240514912899042166e+01
4.819999999999919460e+00,-1.541620169386039407e+00,-7.270284791621854925e-01,-1.936342434847607024e+02,1.223940708525069176e+01
4.824999999999919353e+00,-1.545635175414077356e+00,-8.299200532732380342e-01,-2.711624891310931389e+02,1.216383380416503535e+01
4.829999999999919247e+00,-1.549298349383932960e+00,-8.963267193329566007e-01,-3.041709447984448502e+02,1.242794433332699100e+01
4.834999999999919140e+00,-1.553346397010142432e+00,-1.046291584226252347e+00,-4.441202164617199060e+02,1.262860315973093961e+01
4.839999999999919034e+00,-1.556502281045025304e+00,-1.012168794821193929e+00,-3.833594404810668834e+02,1.290053649963915383e+01
4.844999999999918927e+00,-1.559937024919300086e+00,-1.044244497599921218e+00,-3.403756212164134922e+02,1.286063662222545645e+01
4.849999999999918820e+00,-1.563529682375612628e+00,-1.113723826284238383e+00,-4.252689157328280203e+02,1.301151151472356915e+01
4.854999999999918714e+00,-1.566888202643823558e+00,-1.040613849617179731e+00,-3.884668353404652521e+02,1.314720334777499744e+01
4.859999999999918607e+00,-1.570216596602101333e+00,-1.024466162491239007e+00,-3.504728480092383052e+02,1.311855628731585810e+01
4.864999999999918501e+00,-1.573474085390631272e+00,-1.012056170985967896e+00,-3.908538661841161570e+02,1.318455011696495305e+01
4.869999999999918394e+00,-1.576482992198739108e+00,-9.119303804578441364e-01,-3.249912312816935582e+02,1.319588202941638322e+01
4.874999999999918288e+00,-1.579347002229058550e+00,-8.913507273874609060e-01,-3.169877439080718773e+02,1.323076094594794583e+01
4.879999999999918181e+00,-1.582886663445655762e+00,-9.597190411997256199e-01,-4.650058843257476724e+02,1.324776027427821923e+01
4.884999999999918074e+00,-1.585274717782483966e+00,-8.881356089745325866e-01,-4.048364695215971665e+02,1.327786239386462519e+01
4.889999999999917968e+00,-1.588134603594267613e+00,-7.422428092430424229e-01,-2.374188098178021278e+02,1.336458331023343327e+01
4.894999999999917861e+00,-1.590905768867106218e+00,-6.540170243927008187e-01,-3.402247379062186496e+02,1.319023151841783736e+01
4.899999999999917755e+00,-1.593197652329355396e+00,-5.741810446595337902e-01,-2.720754840511854695e+02,1.310589224174326972e+01
4.904999999999917648e+00,-1.595668650069509642e+00,-4.583452185450535565e-01,-2.965594025846591535e+02,1.295994252233162847e+01
4.909999999999917542e+00,-1.598232971888115639e+00,-2.382262686369733262e-01,6.339071749994359379e+02,1.311984235961001666e+01
4.914999999999917435e+00,-1.600863758842567375e+00,-2.836235219975956623e-01,3.480554901978999283e+02,1.275773426896269314e+01
4.919999999999917328e+00,-1.603654226757107448e+00,-7.855042479529634747e-01,-2.498496934733335308e+02,1.239620278403339881e+01
4.924999999999917222e+00,-1.605708011194203255e+00,-6.334937046148583217e-01,-2.562876717283953099e+02,1.245787448606870740e+01
4.929999999999917115e+00,-1.607808183529666035e+00,-4.969446464529287399e-01,-2.839066273272986223e+02,1.203567321733387274e+01
4.934999999999917009e+00,-1.610077966863571852e+00,-4.295570081348265568e-01,-3.174164935274242225e+02,1.128127599054674057e+01
4.939999999999916902e+00,-1.611799849673176244e+00,-2.711316140228417493e-01,-2.965004118852440342e+02,1.011035555040343503e+01
4.944999999999916795e+00,-1.613359832587628606e+00,-2.769273074243916444e-01,1.801934785269504147e+01,9.148595259540835301e+00
4.949999999999916689e+00,-1.614423618830211682e+00,-1.725128930526286242e-01,-1.797456163076084579e+01,7.982382254393839638e+00
4.954999999999916582e+00,-1.615239495115452950e+00,-7.104029338540217287e-02,1.265644571702042072e+02,7.130882132582177846e+00
4.959999999999916476e+00,-1.615577776458515524e+00,-4.981300868612918015e-02,-1.715760388144872479e+02,7.049501509077273020e+00
4.964999999999916369e+00,-1.615760750574195104e+00,1.223366276003896684e-02,3.226916335412059311e+01,6.657159164284729869e+00
4.969999999999916263e+00,-1.615769097862251202e+00,2.209257392934718123e-01,4.523872200628452447e+02,6.849531743587943033e+00
4.974999999999916156e+00,-1.615228479215319757e+00,2.840298523667909580e-01,4.202100591683950483e+02,6.412303978216796985e+00
4.979999999999916049e+00,-1.614683614306978043e+00,3.235313071494789194e-01,4.149251091964449643e+02,6.434077107947290486e+00
4.984999999999915943e+00,-1.613319694936416804e+00,4.632998812003686906e-01,4.343484076324734815e+02,6.564274730108584421e+00
4.989999999999915836e+00,-1.612314244219290593e+00,2.491978238893009096e-02,-2.096211221820745720e+02,5.975924532069839756e+00
4.994999999999915730e+00,-1.610659984102222220e+00,3.026511053759023961e-01,-2.357981349631197929e+02,6.105754503051477045e+00
4.999999999999915623e+00,-1.608804363709050333e+00,6.379543057261247707e-01,4.813933096988714055e+02,6.271282385316689911e+00
