5.000000000000000104e-03,8.592265693634565382e-02,2.173296637835823475e+01,9.734281940654442451e+02,8.336437090441677356e+00
1.000000000000000021e-02,1.667729247969621520e-01,1.378190540528182773e+01,-9.365994907471616671e+02,-9.889389467918912047e-01
1.499999999999999944e-02,2.256241578983283202e-01,1.069343475080636807e+01,-4.814025065177815463e+02,-1.030307579450244759e-01
2.000000000000000042e-02,2.733901857244789846e-01,8.881732643953631268e+00,-3.147290538552821317e+02,3.326987843298843117e-01
2.500000000000000139e-02,3.130950262786952321e-01,7.425592872690984336e+00,-2.319396350148129500e+02,8.680789190126048105e-01
3.000000000000000236e-02,3.442664615596280342e-01,5.699381838510336529e+00,-2.090344248365349245e+02,1.652812222102082451e+00
3.500000000000000333e-02,3.707590738633123051e-01,5.123376152030523656e+00,-6.635557045165043633e+01,1.991345469818956548e+00
4.000000000000000083e-02,3.957898324882705432e-01,4.932781796811198660e+00,-3.560516401252350960e+01,9.939340178254250091e-01
4.499999999999999833e-02,4.195813751755925747e-01,4.652287913232663996e+00,-5.060576402970480103e+01,3.382782389012679580e-01
4.999999999999999584e-02,4.420253172950721066e-01,4.388070229735570926e+00,-4.846846995965545091e+01,3.483388189244385202e-02
5.499999999999999334e-02,4.634297553092744937e-01,4.203417786686331148e+00,-4.032639227529718795e+01,-2.429265062302379263e-01
5.999999999999999084e-02,4.840240976414432739e-01,4.047578211808243509e+00,-3.941358378542174989e+01,-5.269330503530904597e-01
6.499999999999998834e-02,5.038189239779626849e-01,3.881865131838067473e+00,-4.306648434635765454e+01,-7.633842776662218554e-01
6.999999999999999278e-02,5.227201311230156300e-01,3.694314744960227159e+00,-4.749482645968254246e+01,-9.283979709966756477e-01
7.499999999999999722e-02,5.406205837373955214e-01,3.486757082296961130e+00,-5.092729229540700686e+01,-1.022833000456003116e+00
8.000000000000000167e-02,5.574529173514841673e-01,3.269609406119063699e+00,-5.253246209038812964e+01,-1.062238596173440852e+00
8.500000000000000611e-02,5.732029031578761424e-01,3.053254992392057332e+00,-5.252733041193703656e+01,-1.062217075817252443e+00
9.000000000000001055e-02,5.878911842914702479e-01,2.842966770971986801e+00,-5.162359553209554974e+01,-1.033131329741093118e+00
9.500000000000001499e-02,6.015621872374847801e-01,2.643093373066956353e+00,-5.004050753509055482e+01,-9.833418873643908764e-01
1.000000000000000194e-01,6.142767394912513890e-01,2.456332021705915913e+00,-4.803726297761444641e+01,-9.183303393649828728e-01
1.050000000000000239e-01,6.261060299130545292e-01,2.284429568659610332e+00,-4.575415020991656689e+01,-8.419478380745872848e-01
1.100000000000000283e-01,6.371242598622115505e-01,2.127477617956910372e+00,-4.338590172248390786e+01,-7.573718641395366102e-01
1.150000000000000328e-01,6.474019798834920181e-01,1.984420921592840115e+00,-4.104247896386016947e+01,-6.673667278904773514e-01
1.200000000000000372e-01,6.569985667040376676e-01,1.852557600112223701e+00,-3.888160820411761165e+01,-5.756510623741365462e-01
1.250000000000000278e-01,6.659620630963096755e-01,1.729879357191848710e+00,-3.678343548211342551e+01,-4.837806794784724751e-01
1.300000000000000322e-01,6.743442813265105862e-01,1.618407590631476989e+00,-3.425554295393860826e+01,-3.898752400423379783e-01
1.350000000000000366e-01,6.822039849312063753e-01,1.519186805668704787e+00,-3.145288993284439272e+01,-2.974388524053549476e-01
1.400000000000000411e-01,6.896019303506282228e-01,1.432273358171727295e+00,-2.852494144754415473e+01,-2.090150932802714578e-01
1.450000000000000455e-01,6.965975607619347976e-01,1.357216675561460528e+00,-2.555913219947433745e+01,-1.261602863525206342e-01
1.500000000000000500e-01,7.032483879258071280e-01,1.293572212431646662e+00,-2.260808316940990892e+01,-5.107141039054519105e-02
1.550000000000000544e-01,7.226970615009383758e-01,5.217316250283573709e+00,5.300738946838021093e+02,-1.881666667429661377e+00
1.600000000000000588e-01,7.567528440421377178e-01,7.338191114071002552e+00,1.021227943745670018e+03,2.049779529315287618e-02
1.650000000000000633e-01,7.896539539608571356e-01,5.989365381968836388e+00,-1.030867870974668904e+03,-5.971281249099860133e-01
1.700000000000000677e-01,8.195433594647293374e-01,5.912922618984703504e+00,4.190627363604168636e+02,1.106442672631920310e+00
1.750000000000000722e-01,8.458117228567002543e-01,4.749313364514646807e+00,-8.553128242319764922e+02,1.294033091460723206e+00
1.800000000000000766e-01,8.731268655208970220e-01,5.839068811906814815e+00,1.021580569876382356e+03,7.323893411794895059e-01
1.850000000000000810e-01,8.981448581673293630e-01,4.447733151169424914e+00,-1.058273187771796984e+03,-1.829432575855882259e+00
1.900000000000000855e-01,9.224874167919390189e-01,4.790360740402188178e+00,4.581895863441444021e+02,-1.365446635607310277e-01
1.950000000000000899e-01,9.435865090033661584e-01,3.835563755289786769e+00,-5.703268405437696629e+02,1.477937655243883874e-01
2.000000000000000944e-01,9.643935254329313311e-01,4.681168592714078258e+00,1.082420537854156009e+03,-3.146942908813703532e-01
2.050000000000000988e-01,9.836529819711792300e-01,3.679107072428937641e+00,-1.135357752887486242e+02,3.135952159877402057e-01
2.100000000000001033e-01,1.001363303090766932e+00,3.743888603333271003e+00,4.782541611159540480e+02,-2.755991891360993762e-01
2.150000000000001077e-01,1.018821490102875371e+00,3.244375359881546128e+00,-8.489438887608644109e+02,3.811272710100923611e-01
2.200000000000001121e-01,1.034781953786335418e+00,3.119295058097795170e+00,-6.946298761609200767e+01,-1.579786344485101246e-01
2.250000000000001166e-01,1.050199678532695469e+00,2.740942045263613291e+00,-8.948859041568022121e+02,8.041901622368943237e-01
2.300000000000001210e-01,1.065577210126375185e+00,2.788376741066456166e+00,-1.019763475184067829e+02,1.277601962150818338e-01
2.350000000000001255e-01,1.079562647687672294e+00,2.320367187076135984e+00,-7.472937720607766323e+02,1.358741485458850207e+00
2.400000000000001299e-01,1.093575212939883912e+00,2.106887729245062069e+00,-6.386836230988270700e+02,7.496206729884453690e-01
2.450000000000001343e-01,1.107172625188038051e+00,1.999118360540788952e+00,-9.472725601745970607e+02,1.976007654036337158e+00
2.500000000000001110e-01,1.121031685413399925e+00,2.337993751687076571e+00,-9.283229338315105679e+02,1.055128127976198593e+00
2.550000000000001155e-01,1.135143686704225940e+00,2.702264705328553784e+00,-1.043541721937762304e+03,1.418955892757609361e+00
2.600000000000001199e-01,1.148553483026053534e+00,3.544664753866973328e+00,1.743858611758162851e+03,2.491522842271781002e+00
2.650000000000001243e-01,1.160322359404515113e+00,1.654189926003756472e+00,-8.161883038122696234e+02,1.379554174237321851e+00
2.700000000000001288e-01,1.172802341076881305e+00,2.151372688979834802e+00,-8.426811510966326750e+02,1.054430684218057968e+00
2.750000000000001332e-01,1.183914412851087006e+00,2.123204366008735633e+00,-4.363593792780263811e+02,9.092053365488677041e-01
2.800000000000001377e-01,1.194466971932331534e+00,2.996164913139667263e+00,1.814759941713413809e+03,1.821360262874044844e+00
2.850000000000001421e-01,1.203231315483582087e+00,1.669229920710821435e+00,3.949801871355828808e+01,1.013569589911738067e+00
2.900000000000001465e-01,1.211445739746740191e+00,1.381332757197097028e+00,-2.868288950232227297e+00,1.935996661160204191e+00
2.950000000000001510e-01,1.218351632835083187e+00,9.875969193444246175e-01,-9.941246655113880024e+02,2.150602497151078651e+00
3.000000000000001554e-01,1.225190036843905039e+00,1.085744277046834849e+00,-7.131744103516602991e+02,1.923948123634509511e+00
3.050000000000001599e-01,1.231141280604490573e+00,1.996141706513655523e+00,1.559726870426215328e+03,2.077141814988753055e+00
3.100000000000001643e-01,1.236595926263832412e+00,4.664164615623258014e-01,-7.215720014314999844e+02,9.970971499544507566e-01
3.150000000000001688e-01,1.240992942937091614e+00,6.507821217061281471e-01,-9.432364527215371481e+02,5.433055984481276468e-01
3.200000000000001732e-01,1.244827448268062575e+00,1.499154801749470023e+00,1.369902008867228687e+03,9.911395411478324258e-01
3.250000000000001776e-01,1.246551582539513703e+00,-3.198025160656412513e-01,-6.679925605355714424e+02,5.476545792612625974e-01
3.300000000000001821e-01,1.249147164317009340e+00,4.159902601344018791e-01,-6.318074772918510007e+02,3.154243400090653848e-01
3.350000000000001865e-01,1.249059590599803204e+00,-1.116556896759813844e-01,-2.202673953850456101e+01,6.225816004907103185e-01
3.400000000000001910e-01,1.248540520789946040e+00,-4.116819549293762592e-01,-3.074204761231607677e+02,8.016533311835112308e-01
3.450000000000001954e-01,1.248759459628669077e+00,-1.568419686121541867e-01,-6.275528723967510132e+02,-1.934349810754246446e-01
3.500000000000001998e-01,1.246876339902843078e+00,-4.901983636581759840e-01,-2.119372678316415204e+01,-1.553976689018706780e-01
3.550000000000002043e-01,1.244220232829602368e+00,-5.450602481193514981e-01,6.477193745514662737e+01,-1.462466751459045256e+00
3.600000000000002087e-01,1.240528995234901677e+00,-8.297758998938474795e-01,-2.118234140463016217e+02,-2.290919036983835255e+00
3.650000000000002132e-01,1.236169994101491865e+00,-9.867635036152460071e-01,-2.259136682524668913e+02,-3.835359331736025279e+00
3.700000000000002176e-01,1.229573357615697748e+00,-1.535905496948019033e+00,-2.160507667626967887e+01,-3.872787145890034033e+00
3.750000000000002220e-01,1.219292440998465343e+00,-2.387688710866395336e+00,-2.508780325876018651e+02,-4.102937786264605258e+00
3.800000000000002265e-01,1.208063709977150513e+00,-2.175078811321792926e+00,-6.120087180622936529e+01,-3.759692513015754578e+00
3.850000000000002309e-01,1.194259144996637545e+00,-3.089967133667199217e+00,-2.214302828726636392e+02,-3.489116943090186496e+00
3.900000000000002354e-01,1.178156030874739191e+00,-3.199142518840762506e+00,-3.978856016158425035e+01,-2.871074900929917462e+00
3.950000000000002398e-01,1.159711009511823043e+00,-3.949721174903319199e+00,-1.965568552696337576e+02,-2.584385976428633214e+00
4.000000000000002442e-01,1.139316345434290056e+00,-4.104003767106148004e+00,1.120040548357540722e+01,-1.887771291026087095e+00
4.050000000000002487e-01,1.116923036973153760e+00,-4.685891866454960919e+00,-1.654487507726524314e+02,-1.661770842439342477e+00
4.100000000000002531e-01,1.093259955883984613e+00,-4.732391445833974863e+00,6.919724890905800407e+01,-1.062272831398420880e+00
4.150000000000002576e-01,1.068244827797860008e+00,-5.151182727544496132e+00,-1.310398808928448773e+02,-9.293703132157133950e-01
4.200000000000002620e-01,1.042798446180590366e+00,-5.051695072105020223e+00,8.134920005927979503e+01,-4.505296560666254280e-01
4.250000000000002665e-01,1.016739330844580458e+00,-5.308255855736545570e+00,-1.140279823488166073e+02,-3.931104909907245926e-01
4.300000000000002709e-01,9.905160356583002645e-01,-5.172299092862266967e+00,8.138038012657995068e+01,5.939783351545546708e-03
4.350000000000002753e-01,9.646043373801356235e-01,-5.180366421906420271e+00,-6.201700943591437465e+01,-5.535790518940597593e-03
4.400000000000002798e-01,9.391397604207839533e-01,-5.015509779243648047e+00,1.149034711317148805e+02,3.799997777387149611e-01
4.450000000000002842e-01,9.150211461661076351e-01,-4.701090421751916715e+00,2.655542759440188583e+00,2.657759398660362038e-01
4.500000000000002887e-01,8.930691554501237750e-01,-4.192212235283117927e+00,1.575710523701338275e+02,5.493962914998262725e-01
4.550000000000002931e-01,8.741226120155689561e-01,-3.530954154597953920e+00,6.686957733328686970e+01,3.080621204511018174e-01
4.600000000000002975e-01,8.594195264623465391e-01,-2.602753852724923878e+00,1.767155631567458727e+02,5.277411432946346181e-01
4.650000000000003020e-01,8.493141182483628926e-01,-1.629697655891836572e+00,2.028612239468766916e+02,1.266294282414611727e-01
4.700000000000003064e-01,8.439724628817535379e-01,-6.885063832308632170e-01,2.198494188943986103e+02,1.400718097676355578e-01
4.750000000000003109e-01,8.437504433518796532e-01,3.448845528972435681e-01,1.430628926355848023e+02,-1.731436176978626840e-01
4.800000000000003153e-01,8.485228512539929602e-01,1.282186091871288847e+00,1.655447707699526347e+02,-1.152812987624658447e-01
4.850000000000003197e-01,8.561241001164612285e-01,1.479136465226141617e+00,-1.561654129527777490e+00,-9.667514537544896758e-02
4.900000000000003242e-01,8.641615342283822665e-01,1.576781263728161742e+00,-9.240057457832410392e+00,4.415435696814449251e-01
4.950000000000003286e-01,8.721498602423227720e-01,1.752558392572742596e+00,4.836989160072247387e+02,6.807293596629285792e-01
5.000000000000003331e-01,8.799697890470027373e-01,1.234618984718596657e+00,-4.449016108365216837e+02,9.631052279969967156e-01
5.050000000000003375e-01,8.881316367098073261e-01,1.566164383470185939e+00,-2.098197347869685814e+00,9.830480026697968610e-01
5.100000000000003419e-01,8.960435921450073948e-01,1.905719994965249908e+00,4.998170624109759501e+02,1.615621265512865223e+00
5.150000000000003464e-01,9.040824422993766207e-01,1.542896935545997383e+00,-1.193972733502568815e+02,1.096936859297937605e+00
5.200000000000003508e-01,9.119216809661838674e-01,1.519982242232600589e+00,-7.454198491945636817e+01,1.644690017591011078e+00
5.250000000000003553e-01,9.199569167548745652e-01,1.482742391069074683e+00,-1.094296921362709440e+02,1.079789392670585269e+00
5.300000000000003597e-01,9.280840029132323421e-01,1.666344148905340772e+00,-8.436491020229827598e+01,9.741285099416825410e-01
5.350000000000003642e-01,9.357180622916309032e-01,1.500697101678607037e+00,-7.755444543995753293e+01,3.138348889363223870e-01
5.400000000000003686e-01,9.433338387871345043e-01,1.556896920933038109e+00,6.958438352142417216e+01,1.517303771771068011e-01
5.450000000000003730e-01,9.506289833562923119e-01,1.411780992423181669e+00,-7.808866075098835324e+01,-9.471305488841031961e-01
5.500000000000003775e-01,9.569676291867587059e-01,1.266570029083441629e+00,-6.800904059563552551e+01,-1.579103645048238747e+00
5.550000000000003819e-01,9.621123685458923269e-01,9.020400670937029908e-01,-7.816202411431569885e+01,-2.470291695835648671e+00
5.600000000000003864e-01,9.675291477365076664e-01,1.184282476062151535e+00,5.745857061482993799e+00,-2.660389718801665193e+00
5.650000000000003908e-01,9.748243521816357671e-01,1.449578347173636761e+00,1.356526368940591283e+02,-2.685784428548990022e+00
5.700000000000003952e-01,9.818167033621468809e-01,1.343301488742782990e+00,2.909609702258893904e+01,-3.326123697618379893e+00
5.750000000000003997e-01,9.893101054412151152e-01,1.568003788551077138e+00,2.361220262351360475e+02,-2.842176386866098081e+00
5.800000000000004041e-01,9.964632292232156185e-01,1.337115035529920171e+00,5.921586418487231640e+01,-3.760892837698556868e+00
5.850000000000004086e-01,1.004098269125252907e+00,1.635804187167485990e+00,2.956202494100447780e+02,-3.181028669061980896e+00
5.900000000000004130e-01,1.012139022802719168e+00,1.585497522569254913e+00,9.797959531404266897e+01,-3.687731118027508970e+00
5.950000000000004174e-01,1.021188340981725506e+00,1.971643756987853768e+00,3.472446987849933748e+02,-2.701199185789517010e+00
6.000000000000004219e-01,1.031132567715380421e+00,1.975275193757971781e+00,4.298978482459158101e+01,-3.963555740821824713e+00
6.050000000000004263e-01,1.041882140745573393e+00,2.211507342458789438e+00,1.957606298580720363e+02,-3.205391612987155803e+00
6.100000000000004308e-01,1.053499744576652297e+00,2.242159036495937841e+00,-2.016399148603257743e+02,-4.787943973306410861e+00
6.150000000000004352e-01,1.064513849658377920e+00,2.197303252116224126e+00,5.784933773225486853e+00,-4.254073816150574672e+00
6.200000000000004396e-01,1.074146272095339638e+00,1.699255746229000774e+00,-1.699757187334626849e+02,-5.017914696963038601e+00
6.250000000000004441e-01,1.080768080355538618e+00,1.097156904466281002e+00,-9.183402987734274348e+01,-4.363031837111289946e+00
6.300000000000004485e-01,1.089151399638130568e+00,2.058004279585050611e+00,1.804208577374744493e+02,-4.201777481703805606e+00
6.350000000000004530e-01,1.102097809741371393e+00,2.679398447179717202e+00,4.454236671557894738e+02,-2.405309459912994274e+00
6.400000000000004574e-01,1.113120347147880551e+00,1.770603147301282210e+00,-1.159326734664995229e+03,-5.348472371105186252e-01
6.450000000000004619e-01,1.125895840679465909e+00,2.277632000769254983e+00,-7.901635534761243207e+02,2.596630849287379750e+00
6.500000000000004663e-01,1.137238549566249368e+00,1.996417763036116844e+00,2.796731336458876171e+02,4.912144611657316418e+00
6.550000000000004707e-01,1.146989091412481399e+00,1.838652672286055667e+00,-1.450033131809208726e+03,4.524803974356914615e+00
6.600000000000004752e-01,1.157115603789139024e+00,2.977281627681264364e+00,1.638845283019370299e+03,3.544822716364583126e+00
6.650000000000004796e-01,1.165774899361374572e+00,1.324093377063213950e+00,-1.040617156608353071e+03,5.684158184953214121e-01
6.700000000000004841e-01,1.172435822602466260e+00,1.240055682342110721e+00,4.054490259763923632e+02,2.819242551720162027e+00
6.750000000000004885e-01,1.177226323210460723e+00,5.142448316334917724e-01,-8.817651786652170358e+02,2.301075573808791130e+00
6.800000000000004929e-01,1.186092060663202608e+00,1.684240242667552012e+00,-8.554634290078918184e+02,1.202491673912500669e+00
6.850000000000004974e-01,1.191468263739365430e+00,1.286662906986339561e+00,4.111157847671083800e+02,1.569374009642301004e+00
6.900000000000005018e-01,1.196742895572153964e+00,7.046094863540018904e-01,-4.255507049361778513e+02,7.938142831338761418e-01
6.950000000000005063e-01,1.203478928513852297e+00,1.998485891116586144e+00,1.634581384802944740e+03,2.292416590020456280e+00
7.000000000000005107e-01,1.208391460792436867e+00,1.038683658977611168e+00,-5.342614604450707247e+02,9.507458368934562642e-02
7.050000000000005151e-01,1.213163797455158566e+00,3.454268169286461854e-01,-4.611998408025595495e+02,1.293273358760492320e+00
7.100000000000005196e-01,1.219202615178896831e+00,1.868805960553103773e+00,1.654227986212423957e+03,2.473105404633688220e+00
7.150000000000005240e-01,1.224125573872762551e+00,1.146881118857299819e+00,-4.201604369583633343e+02,1.803529374022557752e-01
7.200000000000005285e-01,1.227344794338794509e+00,3.690464956488050396e-01,-4.786927022350002972e+02,9.857356126914007532e-01
7.250000000000005329e-01,1.233451509686110503e+00,1.832956532732826771e+00,1.422037282112553839e+03,1.926550213391764910e+00
7.300000000000005373e-01,1.238186930709460620e+00,1.111564475467798907e+00,-3.936435448818943996e+02,1.457059107335595405e-01
7.350000000000005418e-01,1.242459117257197043e+00,7.474306878318164316e-01,-3.644623454399243201e+02,3.289613585782006355e-01
7.400000000000005462e-01,1.245109138387772374e+00,1.507718476240929917e+00,1.273525505664561479e+03,1.293643345522294208e+00
7.450000000000005507e-01,1.248895792648291980e+00,9.468156220471991569e-01,-2.177023770473203967e+02,-3.621389508028198811e-01
7.500000000000005551e-01,1.250893901785876672e+00,5.574945290527028030e-01,-1.747880021346308013e+02,-4.971812074828889094e-01
7.550000000000005596e-01,1.252709310413848698e+00,3.315406909245191547e-01,-1.951750378179557401e+02,-3.530157976512007800e-01
7.600000000000005640e-01,1.253313510944017661e+00,1.161038182063675733e-01,-1.737680989221534844e+02,-1.741132404494893648e-01
7.650000000000005684e-01,1.254145087495231348e+00,6.550573301393511350e-02,-9.972593492158401318e+01,-1.238742488456855417e-01
7.700000000000005729e-01,1.254728157523048671e+00,-6.284591235570574641e-02,-2.132047771241050498e+02,-2.591047357400521611e-01
7.750000000000005773e-01,1.255215940861475143e+00,-1.082443089017889049e-01,-2.212456842365846228e+02,-5.455699405781510025e-01
7.800000000000005818e-01,1.255316127810498061e+00,-1.485155808757561147e-01,-1.868331410157711900e+02,-8.786357146396441831e-01
7.850000000000005862e-01,1.255735995069099387e+00,-1.143858881380229453e-01,-1.452095309972474411e+02,-1.234258988399726809e+00
7.900000000000005906e-01,1.255901274968726611e+00,-8.990850122301898006e-02,-1.224891477166774649e+02,-1.765595313067444216e+00
7.950000000000005951e-01,1.256005525410514467e+00,-5.649193854236910645e-02,-8.389205647176326863e+01,-2.052512430879977146e+00
8.000000000000005995e-01,1.255780136057693230e+00,-2.038848514998701233e-01,-1.105876970097834828e+02,-2.420577439366071726e+00
8.050000000000006040e-01,1.255830300392395182e+00,-1.933146945578844908e-02,7.487799188015473817e+01,-2.833791023583579261e+00
8.100000000000006084e-01,1.255652970424605108e+00,-2.863338163531747513e-02,1.886332079597709876e+00,-4.146414513450795702e+00
8.150000000000006128e-01,1.255108417020702305e+00,-1.245735351491420867e-01,5.154570597870341686e+01,-4.010392703489508825e+00
8.200000000000006173e-01,1.254396814876217015e+00,-1.609725179807555417e-01,4.280972199098366815e+01,-4.188678859138835087e+00
8.250000000000006217e-01,1.253492330481012829e+00,-2.731106487851232556e-01,-6.998584052829147595e+01,-4.342795458506784279e+00
8.300000000000006262e-01,1.252431359719411441e+00,-2.109397341971749607e-01,6.267573467756225369e+01,-5.511501749256304983e+00
8.350000000000006306e-01,1.251061645309460957e+00,-1.868846878997320882e-01,9.982371567011105640e+01,-5.373498942119703692e+00
8.400000000000006350e-01,1.249546188108383138e+00,-4.108915627506035118e-01,-2.311961370344861848e+02,-5.470640868352815822e+00
8.450000000000006395e-01,1.248154058568531344e+00,-2.340570981449847099e-01,1.876612495713025908e+02,-6.246207420747128758e+00
8.500000000000006439e-01,1.246552450818050994e+00,-3.995569646449714241e-01,-1.755832012854045274e+02,-6.240985109064831171e+00
8.550000000000006484e-01,1.245047286644444418e+00,-1.830439802209416766e-01,1.148858348167684937e+02,-6.843516108750160143e+00
8.600000000000006528e-01,1.243218312830881134e+00,-4.969120438125162464e-01,-2.967339255780665894e+02,-6.697249626057358185e+00
8.650000000000006573e-01,1.241120941062294980e+00,-4.060316514762552509e-01,7.160527164805446887e+01,-6.769120382434478778e+00
8.700000000000006617e-01,1.238907012956525389e+00,-3.424430343076731997e-01,8.360829292566680238e+01,-6.694890157313547085e+00
8.750000000000006661e-01,1.236144378495455332e+00,-5.469176199988154963e-01,6.967475105741858954e+01,-6.888881215383811707e+00
8.800000000000006706e-01,1.233148153914069400e+00,-6.372749967833172269e-01,6.971653916649066218e+01,-5.929055086757527349e+00
8.850000000000006750e-01,1.229673370842283786e+00,-7.059731945049336765e-01,9.299143435612035091e+01,-5.851293755357934501e+00
8.900000000000006795e-01,1.226357179617192816e+00,-6.070094917964404813e-01,8.477504628689126775e+01,-5.750710676453083536e+00
8.950000000000006839e-01,1.226208801802101123e+00,1.598109940010649099e-01,-5.362467296266790839e+01,-6.252588218906449669e+00
9.000000000000006883e-01,1.230484392648639069e+00,8.747326844215257413e-01,7.038946487568797750e+01,-5.753326350410229217e+00
9.050000000000006928e-01,1.237058075927606637e+00,1.446845927288537004e+00,-8.990701123978730891e+01,-5.693756460724441304e+00
9.100000000000006972e-01,1.245277187627173543e+00,1.443209255027228854e+00,-2.220519622035880403e+01,-4.285135592179091901e+00
9.150000000000007017e-01,1.250961894038336686e+00,1.114064307682486987e+00,1.178444089822428538e+02,-3.695594859973883928e+00
9.200000000000007061e-01,1.252738119958880514e+00,6.103358823109667625e-02,-5.213040700100577851e+01,-2.787421625087631583e+00
9.250000000000007105e-01,1.250831388212172657e+00,-8.271414870809759012e-01,-3.478020275062132214e+02,-2.952459901268626563e+00
9.300000000000007150e-01,1.244820629746079765e+00,-1.410720204158422586e+00,2.390124177654891380e+00,-2.426099544001125707e+00
9.350000000000007194e-01,1.236439678775637985e+00,-2.013667154425593520e+00,-2.044265137866968018e+02,-2.537928911000908005e+00
9.400000000000007239e-01,1.225830330239114252e+00,-2.195825409907442349e+00,-9.825502259275437211e+01,-2.367579167326518075e+00
9.450000000000007283e-01,1.213246748249718898e+00,-2.672553803374166925e+00,-1.617468945131103908e+02,-2.307441417510229797e+00
9.500000000000007327e-01,1.200017850323292112e+00,-2.663207479485200757e+00,1.076823968673629111e+02,-2.007110957397409301e+00
9.550000000000007372e-01,1.185985768501648163e+00,-2.842672200420688799e+00,-7.446813487154760480e+01,-2.162307962082537394e+00
9.600000000000007416e-01,1.172274368020612467e+00,-2.626441545651649445e+00,1.601207532446053676e+02,-1.812895674801597634e+00
9.650000000000007461e-01,1.158865020695389658e+00,-2.722524461656537387e+00,-1.147232963109620414e+02,-2.124227483791253590e+00
9.700000000000007505e-01,1.146371673243896661e+00,-2.346819386099548321e+00,1.776851279691841796e+02,-1.963534024612979101e+00
9.750000000000007550e-01,1.134505544871612148e+00,-2.367574805117466763e+00,-9.072174150214011945e+01,-2.143325149983585920e+00
9.800000000000007594e-01,1.123989517834770302e+00,-1.950276908757463845e+00,1.676650865678084585e+02,-2.088899654667237371e+00
9.850000000000007638e-01,1.114245276552485064e+00,-1.942793996792001154e+00,-9.745020709395451775e+01,-2.325022852350594249e+00
9.900000000000007683e-01,1.105911194749823911e+00,-1.512260874256788679e+00,1.602506003446241039e+02,-2.267187735134171600e+00
9.950000000000007727e-01,1.098388260272372241e+00,-1.489423753643197346e+00,-9.180897401351798237e+01,-2.492658005203612692e+00
1.000000000000000666e+00,1.092244226520422412e+00,-1.094312127062785578e+00,1.343775973720959769e+02,-2.498081664273565927e+00
1.005000000000000560e+00,1.086780075532470358e+00,-1.083218500640680482e+00,-1.001788389287992942e+02,-2.719994330486642742e+00
1.010000000000000453e+00,1.082456366805174763e+00,-7.708592891727436003e-01,7.913662042561705334e+01,-2.724928760209616829e+00
1.015000000000000346e+00,1.078751867546066334e+00,-7.041124124890246749e-01,-4.620197336476182670e+01,-2.904489558320328513e+00
1.020000000000000240e+00,1.075575486639316791e+00,-5.479097085089805752e-01,1.218610303675121855e+02,-2.965265979422210041e+00
1.025000000000000133e+00,1.072632476123125400e+00,-6.151617605455665938e-01,-6.696842973450466729e+01,-3.153486799734014578e+00
1.030000000000000027e+00,1.070146837663328521e+00,-3.482922915418180110e-01,1.853666398880968984e+02,-3.079663755500039457e+00
1.034999999999999920e+00,1.067904061287135553e+00,-4.566138354852969927e-01,-6.144913127833276256e+00,-3.221359760630840174e+00
1.039999999999999813e+00,1.065687263815192631e+00,-4.661903736010285515e-01,-6.976345813125230677e+01,-3.093529070965518990e+00
1.044999999999999707e+00,1.063627243375026010e+00,-3.871062889213659486e-01,-3.649863183402869415e-01,-3.101999153269482168e+00
1.049999999999999600e+00,1.061910593654127100e+00,-3.101542881716493616e-01,4.363625274678379640e+01,-3.385578868443098521e+00
1.054999999999999494e+00,1.060083829548206236e+00,-4.265644335385970765e-01,-1.216381325765140957e+02,-3.214624608031082076e+00
1.059999999999999387e+00,1.057180632573252010e+00,-7.759262980731922443e-01,-1.290052698736309651e+02,-2.806824827369871933e+00
1.064999999999999281e+00,1.052073180194622370e+00,-1.191991898388941706e+00,-5.695479199515607860e+01,-2.232848593967605488e+00
1.069999999999999174e+00,1.044397318131645269e+00,-1.738814634671246306e+00,-1.216699850107858651e+02,-1.435595976597285883e+00
1.074999999999999067e+00,1.033924568838733737e+00,-2.388163276696309900e+00,-2.088970696004450076e+02,-1.240502632713929909e+00
1.079999999999998961e+00,1.021135856540669407e+00,-2.718659659714891319e+00,-5.659866285992236357e+01,-6.631327140740168602e-01
1.084999999999998854e+00,1.006001189512246263e+00,-3.215104771825668450e+00,-1.261443554259955846e+02,-2.092621964031946558e-01
1.089999999999998748e+00,9.887794682742302443e-01,-3.504567247577902389e+00,5.674918698095223135e+01,2.995826118863798015e-02
1.094999999999998641e+00,9.695277049601571662e-01,-3.997624636740027437e+00,-9.541632381477387526e+01,3.536513633637383691e-01
1.099999999999998535e+00,9.489607302566203106e-01,-4.140161905815854304e+00,8.149832090444863297e+01,7.526152676161284028e-01
1.104999999999998428e+00,9.275513376488500050e-01,-4.329662353404117425e+00,-2.731744242758817975e+01,5.651557323837241853e-01
1.109999999999998321e+00,9.057206642473764058e-01,-4.360402675298688635e+00,3.457253023272961912e+01,4.960169088422414774e-01
1.114999999999998215e+00,8.837810027592967188e-01,-4.369445981304965088e+00,-1.214899986419470856e+01,8.428473351425549431e-01
1.119999999999998108e+00,8.621622113920610619e-01,-4.249371119633460481e+00,8.438507669464387106e+01,8.716291180052420096e-01
1.124999999999998002e+00,8.407396153476706102e-01,-4.274083941537286435e+00,-2.179834331303565165e+01,6.642010333536112476e-01
1.129999999999997895e+00,8.199820624319081874e-01,-4.048303606057736204e+00,9.141288431428526451e+01,1.175046169195664625e+00
1.134999999999997788e+00,7.996589226404074990e-01,-4.036879849523204555e+00,-7.079674094839229603e+00,9.458749589081967279e-01
1.139999999999997682e+00,7.799149707233861140e-01,-3.875040123821900551e+00,6.445900766655952907e+01,9.411932137170184731e-01
1.144999999999997575e+00,7.608110721993275316e-01,-3.758157927942795684e+00,-1.063467258587470710e+00,1.225051104376053246e+00
1.149999999999997469e+00,7.423681762450389243e-01,-3.588509924386240613e+00,1.015006221776132804e+02,1.168175961979171618e+00
1.154999999999997362e+00,7.243163683950616383e-01,-3.582214221060883830e+00,-1.199563703751918986e+01,9.098403543785371639e-01
1.159999999999997256e+00,7.071137913714286016e-01,-3.317899170760496563e+00,9.841026345039787770e+01,1.424390087898865787e+00
1.164999999999997149e+00,6.905588036244463268e-01,-3.256225704634314155e+00,1.337931844167084705e+01,1.138444100798562841e+00
1.169999999999997042e+00,6.748361507860773933e-01,-3.049589281933614782e+00,7.122507006431416698e+01,1.133873156136285365e+00
1.174999999999996936e+00,6.600819118846499300e-01,-2.860576881013296546e+00,1.329043278826978280e+01,1.494383578932145573e+00
1.179999999999996829e+00,6.464601698577692179e-01,-2.581854171422299782e+00,1.241135557594333676e+02,1.411325423474445895e+00
1.184999999999996723e+00,6.338022970614430873e-01,-2.459744033146474607e+00,8.898538344717252357e+00,1.182007301936487842e+00
1.189999999999996616e+00,6.370911716751862519e-01,9.585895859812694209e-01,1.701770638814592758e+02,1.859672848164939385e-02
1.194999999999996509e+00,6.468932458740422886e-01,2.559020265624411650e+00,2.381300895068925172e+02,9.578614458347629590e-01
1.199999999999996403e+00,6.594422010306699722e-01,2.379386266649348158e+00,2.690358507442718405e+02,3.374416840367040482e+00
1.204999999999996296e+00,6.712142025457036310e-01,2.377043416179549506e+00,6.779405191673761237e+02,6.078165815234736868e+00
1.209999999999996190e+00,6.820941235841188055e-01,2.223838952610362352e+00,8.647587795968656792e+02,7.433178197461443482e+00
1.214999999999996083e+00,6.920914730857878894e-01,2.226689110672212202e+00,1.228496608657835623e+03,8.355735770010213059e+00
1.219999999999995977e+00,7.010961971518633318e-01,1.851443039819395509e+00,6.587758821762924981e+02,8.541256022439309703e+00
1.224999999999995870e+00,7.101211013647203973e-01,1.965032667592249371e+00,3.654394239924818066e+02,8.355203344640731444e+00
1.229999999999995763e+00,7.183940900171981170e-01,1.283433527690521769e+00,-3.729214047777654173e+02,8.085557983290021511e+00
1.234999999999995657e+00,7.249688647592835711e-01,1.506961692205694980e+00,1.108590785648313641e+02,8.014597035306533002e+00
1.239999999999995550e+00,7.311619504133021197e-01,9.747362228941779394e-01,-9.768613703219059516e+02,8.104035856264408366e+00
1.244999999999995444e+00,7.393678751809270588e-01,1.678572590901332262e+00,4.986767475039190458e+02,9.014195169998499679e+00
1.249999999999995337e+00,7.450602282289200406e-01,7.732296132162101987e-01,-1.129958334344125888e+03,8.147055334009277061e+00
1.254999999999995230e+00,7.531062284366035753e-01,1.966511335775835256e+00,8.669630264097925192e+02,8.538218296638676819e+00
1.259999999999995124e+00,7.599266303369134334e-01,9.481176374730456713e-01,-9.800080874088927203e+02,7.546425935601540402e+00
1.264999999999995017e+00,7.680485493373118144e-01,2.057750640057215197e+00,9.519201233856857698e+02,7.830154775409900125e+00
1.269999999999994911e+00,7.754664504695156779e-01,1.122893357041512941e+00,-9.134049091174618979e+02,6.930040507116211224e+00
1.274999999999994804e+00,7.840608849551544690e-01,2.106169639710540942e+00,8.706758725069106504e+02,7.244769458223466074e+00
1.279999999999994698e+00,7.920657809240360114e-01,1.271441773644713225e+00,-8.512085437271334740e+02,6.641528918382803681e+00
1.284999999999994591e+00,8.012471640748942692e-01,2.177969051033983749e+00,7.650531392591625490e+02,6.880211244139671223e+00
1.289999999999994484e+00,8.100126463566946766e-01,1.470383209843309835e+00,-7.386741211093299171e+02,6.482250349821181423e+00
1.294999999999994378e+00,8.198478397636159709e-01,2.254956597511551752e+00,6.593226479916206699e+02,6.655561990073998402e+00
1.299999999999994271e+00,8.292852884578141293e-01,1.629766352958960995e+00,-6.761690236471284834e+02,6.401921216505700230e+00
1.304999999999994165e+00,8.397872633236619366e-01,2.326735619523980780e+00,5.383566730765753618e+02,6.691216388650231828e+00
1.309999999999994058e+00,8.498868072851079036e-01,1.780467672061650797e+00,-6.183364207466634070e+02,6.303530799223603154e+00
1.314999999999993952e+00,8.609120594446731944e-01,2.354661929071816484e+00,4.040303076795993320e+02,6.536091144704211153e+00
1.319999999999993845e+00,8.714373588425532446e-01,1.893603311902378961e+00,-5.245270878388618030e+02,6.466396531652529589e+00
1.324999999999993738e+00,8.825719206843798403e-01,2.324832943876820046e+00,3.256590803671016374e+02,6.515581517907315323e+00
1.329999999999993632e+00,8.931782356755214591e-01,1.895188254925499249e+00,-5.031284925071168459e+02,6.225462076638089925e+00
1.334999999999993525e+00,9.044686821211269656e-01,2.341344302337110772e+00,3.376761353627418316e+02,6.272813311106620660e+00
1.339999999999993419e+00,9.150590758177080675e-01,1.933642730158182221e+00,-4.018686368567602472e+02,5.971980177711061266e+00
1.344999999999993312e+00,9.259417048795163252e-01,2.201938677058585370e+00,2.080050655152092247e+02,6.291405913202424927e+00
1.349999999999993205e+00,9.362443680492635867e-01,1.838886679573142446e+00,-4.742979349554532291e+02,6.161928737404541501e+00
1.354999999999993099e+00,9.469481740328583586e-01,2.212854294258936427e+00,3.288683387013258539e+02,6.151693186782174472e+00
1.359999999999992992e+00,9.566933114009519290e-01,1.684012010692043093e+00,-5.175578881918989964e+02,5.921688467973338810e+00
1.364999999999992886e+00,9.669147979701342432e-01,2.099443341862259782e+00,2.559213162365658434e+02,6.294053773353128101e+00
1.369999999999992779e+00,9.763071292668310530e-01,1.649791592319690636e+00,-4.429255629817315025e+02,6.175147236586985500e+00
1.374999999999992673e+00,9.856917079069377197e-01,1.827311360134804108e+00,1.438732888370726926e+02,6.001335627937838701e+00
1.379999999999992566e+00,9.941390887423214862e-01,1.321319615328387487e+00,-7.737894531082556568e+02,6.018002239641613293e+00
1.384999999999992459e+00,1.002808925389992112e+00,1.532157046172155646e+00,9.967250604568354433e+00,6.169226821718484466e+00
1.389999999999992353e+00,1.010183992496189287e+00,1.061937109754483632e+00,-8.169748314798486035e+02,6.067527853604521404e+00
1.394999999999992246e+00,1.017692406319321119e+00,1.127592901161345251e+00,-3.121900299419992848e+02,5.820331187691715868e+00
1.399999999999992140e+00,1.024078145507578474e+00,8.575372576610987840e-01,-9.321956302011810749e+02,6.267277545401395145e+00
1.404999999999992033e+00,1.030655423745148846e+00,1.092578987446895189e+00,-2.627332395196514199e+02,6.055265013660663165e+00
1.409999999999991926e+00,1.036046783247001946e+00,7.805751045261054566e-01,-1.154351904418888580e+03,5.345665580104212111e+00
1.414999999999991820e+00,1.040720792348903467e+00,1.009164935381980488e+00,1.581931500431983011e+02,5.200960539537867078e+00
1.419999999999991713e+00,1.044513676007058578e+00,5.781869941808411850e-01,-7.129202456311463720e+02,4.856127056806637476e+00
1.424999999999991607e+00,1.047594538548853871e+00,9.365068684954861444e-01,7.075073930659369807e+02,4.843533950220559881e+00
1.429999999999991500e+00,1.050119093598134157e+00,3.816272854237610090e-01,-3.055724863229565926e+02,4.174166939824108802e+00
1.434999999999991394e+00,1.052364248455944118e+00,9.674345726176655225e-01,1.126770042738543907e+03,4.753037336470993246e+00
1.439999999999991287e+00,1.054446012253062337e+00,4.291636929293451974e-01,1.374561806252319514e+02,3.935385354077815201e+00
1.444999999999991180e+00,1.056311048432208688e+00,1.155355278047454304e+00,1.427847171557797537e+03,3.692162537823343360e+00
1.449999999999991074e+00,1.057850772841118614e+00,4.705983487829359380e-01,2.731413228474944503e+02,3.164266108594644411e+00
1.454999999999990967e+00,1.059532540670252931e+00,4.985616247034342918e-01,3.346735168598054884e+02,2.765844485188592827e+00
1.459999999999990861e+00,1.060474434756777606e+00,-4.352528428263595650e-01,-9.582515752197275560e+02,3.247086041264406475e+00
1.464999999999990754e+00,1.063032265938510523e+00,2.783638293119135645e-02,-3.346985170078880856e+02,2.853237277142944617e+00
1.469999999999990647e+00,1.065744168949395609e+00,4.321086138463692827e-01,-8.666635193116403570e+02,2.838970074283128753e+00
1.474999999999990541e+00,1.067767988756913589e+00,9.798829388691757680e-01,1.202011808072328449e+03,2.390011776327344073e+00
1.479999999999990434e+00,1.070187306751846368e+00,1.341498041626339122e+00,1.131782682479258256e+03,1.907773007178585001e+00
1.484999999999990328e+00,1.071661301039240843e+00,-1.570123383638738490e-01,-4.641243516476034188e+02,1.376815462635275100e+00
1.489999999999990221e+00,1.074006979456110233e+00,3.356285585501345148e-01,-6.962867743775794906e+02,1.879609852762277544e+00
1.494999999999990115e+00,1.076425627458190037e+00,5.431530344016299860e-01,-3.907445688857242772e+02,7.108594058878017208e-01
1.499999999999990008e+00,1.079335447072089726e+00,1.162559481349216384e+00,1.165796525083405641e+03,1.560712221047116488e+00
1.504999999999989901e+00,1.080922221424535756e+00,-2.220519835490425975e-01,-5.634824246387029234e+02,1.989348820465813017e-01
1.509999999999989795e+00,1.083368457409568109e+00,3.257354486991233533e-01,-5.694574478651840082e+02,1.022981539934909145e+00
1.514999999999989688e+00,1.084939086597685565e+00,5.473424081337077141e-01,3.951341693507259833e+02,3.010042762841829145e-01
1.519999999999989582e+00,1.087546686660324946e+00,9.516117429184292043e-01,9.189616924208313549e+02,4.093638632366567998e-01
1.524999999999989475e+00,1.088964222125010872e+00,-1.529095433854278097e-01,-4.626727004852823484e+02,-5.832212691220681755e-01
1.529999999999989369e+00,1.091267898599509234e+00,3.155513054270955853e-01,-5.383409231061809805e+02,3.177266116349364844e-01
1.534999999999989262e+00,1.092771805271733010e+00,6.530294163636647387e-01,7.003324132647076112e+02,-3.023103196347738386e-01
1.539999999999989155e+00,1.094408294075781551e+00,6.586941313578930091e-01,5.609209220495124555e+02,-4.323248506445359074e-01
1.544999999999989049e+00,1.095643843169259002e+00,-9.218075837683512019e-02,-3.641812649381900542e+02,-1.142479462917006527e+00
1.549999999999988942e+00,1.097739995778340472e+00,2.875266443612539136e-01,-4.801933351287329970e+02,-3.667381593950748697e-01
1.554999999999988836e+00,1.099091120899927221e+00,5.852729025744405345e-01,6.606879757621024964e+02,-1.027546533752394575e+00
1.559999999999988729e+00,1.100825064003491560e+00,6.228057429681479462e-01,7.680769655550660673e+02,-9.274980402069292751e-01
1.564999999999988622e+00,1.102351886935147851e+00,9.548853683869924502e-01,9.002202894858202171e+02,-1.584181301218303028e+00
1.569999999999988516e+00,1.103235813507197349e+00,-1.942082768435679785e-01,-3.871426535344668878e+02,-1.502099466122181592e+00
1.574999999999988409e+00,1.104388305981012897e+00,6.387183243357671958e-02,-4.256182420718080834e+02,-1.565736053285335716e+00
1.579999999999988303e+00,1.105187030594007247e+00,2.223731502446427422e-01,3.948941763889955325e+01,-1.329025921993042481e+00
1.584999999999988196e+00,1.106113514608485282e+00,4.736655103223056384e-01,5.777852119470020398e+02,-1.904799449404145584e+00
1.589999999999988090e+00,1.106204103645262116e+00,-1.884466987413845884e-01,-2.029647213583918131e+02,-1.778657553224215704e+00
1.594999999999987983e+00,1.106618454440043031e+00,-6.188125757535036658e-02,-3.601148705923966986e+02,-1.882318598426690359e+00
1.599999999999987876e+00,1.106715546460591781e+00,1.875198088328723089e-01,2.957101634009814575e+02,-1.623434281297438053e+00
1.604999999999987770e+00,1.106786887511939765e+00,4.806385318249800642e-01,6.573699665918375104e+02,-2.355500892549377667e+00
1.609999999999987663e+00,1.106196645485946428e+00,-4.042042689308793513e-01,-3.000662492140501172e+02,-2.255788839674028434e+00
1.614999999999987557e+00,1.105821774126016122e+00,-1.900199517328938492e-01,-3.402034359407114152e+02,-2.162287579787875114e+00
1.619999999999987450e+00,1.105024086892715918e+00,9.091144194154698877e-02,4.872500162454429073e+02,-1.833434207069401412e+00
1.624999999999987343e+00,1.103953464479234148e+00,-1.213902574553840930e-01,1.580541845216781951e+02,-2.665864002045926551e+00
1.629999999999987237e+00,1.102860593757775565e+00,-3.469670688223038812e-01,-6.002461737522297369e+01,-1.919750158116546146e+00
1.634999999999987130e+00,1.101832086708470104e+00,-2.721644363269556388e-01,-2.570744962360511181e+02,-2.394363756505668572e+00
1.639999999999987024e+00,1.100195259233635925e+00,-9.001445968028096156e-02,4.999971070565374021e+02,-2.178748721765666030e+00
1.644999999999986917e+00,1.098011535847888576e+00,-6.521936030302759590e-01,-2.490831094083547441e+02,-2.978665714466651071e+00
1.649999999999986811e+00,1.096290142290363923e+00,-3.529425259219216016e-01,-1.674026990672289799e+02,-2.292688920223805660e+00
1.654999999999986704e+00,1.094286084087931155e+00,-2.528867557525494303e-01,3.063884472881037482e+02,-2.321482546049529194e+00
1.659999999999986597e+00,1.091825800260759927e+00,-5.590294117401370944e-01,-2.933937852306697280e+01,-3.093664811918159341e+00
1.664999999999986491e+00,1.089257855299775812e+00,-6.964344599646739020e-01,-2.106937528136051583e+02,-2.653498802393230882e+00
1.669999999999986384e+00,1.086549868810675612e+00,-4.843516819067930079e-01,1.073083368004407987e+02,-2.592000622696753798e+00
1.674999999999986278e+00,1.083630943616345155e+00,-6.410941273566138632e-01,-9.151467805736345440e+01,-3.341140570306288193e+00
1.679999999999986171e+00,1.082484672953746285e+00,-2.637984370673215895e-01,3.345254773484357003e+01,-3.091831062653034312e+00
1.684999999999986064e+00,1.081381497248810053e+00,-7.673901281671724472e-02,1.091304588091476546e+02,-3.593884845947444617e+00
1.689999999999985958e+00,1.081166051330012534e+00,3.258530659073241575e-02,1.099012365982978991e+02,-3.192267456883727039e+00
1.694999999999985851e+00,1.081746646053086902e+00,1.245389392295576103e-01,-5.117441029080226400e+01,-3.647680571947191641e+00
1.699999999999985745e+00,1.083150644886482716e+00,3.422787202872911161e-01,4.630032421329522663e+01,-3.492931346380204971e+00
1.704999999999985638e+00,1.085245487305078527e+00,4.392065674841071354e-01,-6.188933672354327342e+01,-3.826955737952668191e+00
1.709999999999985532e+00,1.088211931331829918e+00,6.853918372666591985e-01,1.194767029716650057e+02,-3.610086057711519913e+00
1.714999999999985425e+00,1.091795377828312708e+00,7.271186489709003942e-01,-7.622044714159608247e+01,-3.982530491115698901e+00
1.719999999999985318e+00,1.096172549670436425e+00,9.637632963527344998e-01,1.311007706246353450e+02,-3.775102356102098877e+00
1.724999999999985212e+00,1.101007100485574153e+00,9.611594223369195333e-01,-9.239400240450416391e+01,-4.115255783137778067e+00
1.729999999999985105e+00,1.106508505395296549e+00,1.180173922060092195e+00,1.317450270589632169e+02,-3.862390773023806290e+00
1.734999999999984999e+00,1.112250838613524806e+00,1.116873721335139624e+00,-1.123423497643674267e+02,-4.176981774458533359e+00
1.739999999999984892e+00,1.118437813225493516e+00,1.301017809027198435e+00,1.283217021762226864e+02,-3.855709938628741007e+00
1.744999999999984786e+00,1.124600331290734223e+00,1.173147455436344133e+00,-1.343477803769551144e+02,-4.155100653890324125e+00
1.749999999999984679e+00,1.130920277179498834e+00,1.310903311948832028e+00,1.291196154025856231e+02,-3.785073524235834874e+00
1.754999999999984572e+00,1.136856728057007437e+00,1.095087015318885859e+00,-1.600326473791146782e+02,-4.100304986197237156e+00
1.759999999999984466e+00,1.142623864667790867e+00,1.182791487141633402e+00,1.221608309021548564e+02,-3.697117071512850739e+00
1.764999999999984359e+00,1.147783043274431147e+00,8.997108753796904113e-01,-1.895591160462535356e+02,-4.017833228743192819e+00
1.769999999999984253e+00,1.152636710003074105e+00,9.992647865153841957e-01,1.359752386029880427e+02,-3.610283678741199154e+00
1.774999999999984146e+00,1.156700754988672974e+00,6.919607903926925374e-01,-1.679263451511979781e+02,-3.960689842315765929e+00
1.779999999999984039e+00,1.160333616947012425e+00,7.509927086418245468e-01,1.397306713765375150e+02,-3.564389162614965301e+00
1.784999999999983933e+00,1.163067211175077276e+00,4.239385047584512400e-01,-1.643771407893845549e+02,-3.896923148970434791e+00
1.789999999999983826e+00,1.165357562089801569e+00,4.864717527283163312e-01,1.410703250255451735e+02,-3.521227748738660956e+00
1.794999999999983720e+00,1.166765588927390240e+00,1.594113614479757135e-01,-1.627617427594634307e+02,-3.833710164479545934e+00
1.799999999999983613e+00,1.167795747942217410e+00,2.419644185061591568e-01,1.447502196629918103e+02,-3.480014387598363790e+00
1.804999999999983507e+00,1.168154014754810843e+00,-2.794326945647258864e-02,-1.544181964554931028e+02,-3.755442529822949460e+00
1.809999999999983400e+00,1.168709658914031335e+00,1.761541240515791806e-01,1.145259254068046602e+02,-3.502094484190636514e+00
1.814999999999983293e+00,1.169050336311399096e+00,1.279439801632541174e-02,-1.066456416434892134e+02,-3.841616141831246001e+00
1.819999999999983187e+00,1.169759953238733274e+00,2.180536113778024088e-01,1.409200582870261655e+02,-3.790135693934601147e+00
1.824999999999983080e+00,1.170236754503565235e+00,2.110032242092133026e-02,-1.540130888940611840e+02,-4.078050561303399490e+00
1.829999999999982974e+00,1.171111988708420926e+00,2.466210251318272095e-01,1.434895364645130087e+02,-3.920485621010454835e+00
1.834999999999982867e+00,1.171781405360764472e+00,6.752257231252803416e-02,-1.527716086491999476e+02,-4.279478866699702344e+00
1.839999999999982760e+00,1.172854759495593369e+00,2.843670462129325727e-01,1.394324405860986360e+02,-4.148355469458937961e+00
1.844999999999982654e+00,1.173757250970003607e+00,1.166288475379612943e-01,-1.514396153357378410e+02,-4.468828904849951655e+00
1.849999999999982547e+00,1.174947037692851914e+00,2.956738998799604556e-01,1.305853397333603994e+02,-4.386798001701404992e+00
1.854999999999982441e+00,1.175805841986604650e+00,8.654055827525755640e-02,-1.616292198375301155e+02,-4.659431836571966024e+00
1.859999999999982334e+00,1.176628244799484246e+00,1.987595018618787124e-01,1.233817246294235446e+02,-4.563190154549335631e+00
1.864999999999982228e+00,1.176878988624954214e+00,-4.883312249319948090e-02,-1.007255299328800220e+02,-4.754841990381347472e+00
1.869999999999982121e+00,1.176238609401209834e+00,-1.920744306275286306e-01,6.123135462159404518e+00,-4.736592212732886331e+00
1.874999999999982014e+00,1.174469007913228280e+00,-5.211543234468121177e-01,-1.934603493806023948e+02,-4.587964788118877202e+00
1.879999999999981908e+00,1.171364643892085278e+00,-6.944886586505735204e-01,6.831802784434273690e+01,-4.399854681794225009e+00
1.884999999999981801e+00,1.165961323251668125e+00,-1.338000313327385005e+00,-2.328572331938734408e+02,-4.304311187298849539e+00
1.889999999999981695e+00,1.158608589714215764e+00,-1.623987224597664536e+00,-4.574889418411797948e+01,-3.831311331059760406e+00
1.894999999999981588e+00,1.148706558011716838e+00,-2.210262400055185594e+00,-1.543795487393626331e+02,-3.531660736601538897e+00
1.899999999999981481e+00,1.135996400148785446e+00,-2.682961041426282556e+00,2.284038377615368631e+01,-3.202042098774339873e+00
1.904999999999981375e+00,1.119724192013684672e+00,-3.626107602454816448e+00,-2.684018078923295434e+02,-2.860894655367933304e+00
1.909999999999981268e+00,1.099971116686428552e+00,-4.151690967606322502e+00,-8.882153173211395369e+01,-2.037685642619983195e+00
1.914999999999981162e+00,1.077201564545025469e+00,-4.789315201035016401e+00,-1.359721478242942112e+02,-1.565262189559778694e+00
1.919999999999981055e+00,1.052409856607194216e+00,-5.049835892917576174e+00,1.916883601725877284e+01,-1.285513608375839834e+00
1.924999999999980949e+00,1.027474783583738560e+00,-4.937701644315839467e+00,-6.275747378278254018e+01,-1.308051773276957874e+00
1.929999999999980842e+00,1.004738176766073243e+00,-4.345915346311070238e+00,1.139754638401377775e+02,-9.314165008009158697e-01
1.934999999999980735e+00,9.863902961845402162e-01,-3.228970268371289531e+00,2.222872565457716689e+02,-9.999867521994356689e-01
1.939999999999980629e+00,9.755397579914284467e-01,-1.519814611096659052e+00,3.315304457724740246e+02,-1.434108081462968531e+00
1.944999999999980522e+00,9.771997239803864588e-01,1.513357163878494616e+00,5.726088697280835049e+02,-1.628510276023614978e+00
1.949999999999980416e+00,9.855532757441958225e-01,1.843879152438036240e+00,9.775986700611140350e+02,3.463131291232459663e-01
1.954999999999980309e+00,9.931537678155161197e-01,1.088386127183427643e+00,-1.634853063397921233e+03,1.674546599422221060e+00
1.959999999999980203e+00,1.002973460418293161e+00,2.438480514224706130e+00,1.510841236825740452e+03,4.790957154598134871e+00
1.964999999999980096e+00,1.009773737403298233e+00,6.204760422554234101e-01,-1.962661436320293205e+03,3.801793063026357444e+00
1.969999999999979989e+00,1.018413138280449770e+00,2.385366809223144813e+00,1.603614792577983508e+03,3.984138767231196532e+00
1.974999999999979883e+00,1.025364466769068006e+00,8.116716225911680960e-01,-1.308035324640343788e+03,1.555133824255404473e+00
1.979999999999979776e+00,1.032687410263343875e+00,1.723688936926009552e+00,7.825275832866300334e+02,2.297919832915646943e+00
1.984999999999979670e+00,1.038066150700206247e+00,7.250845610852082457e-01,-7.015832312157031083e+02,1.835988726104308633e+00
1.989999999999979563e+00,1.042076087876077528e+00,9.149586395878274159e-01,3.924055194555859316e+02,2.571256216556469187e+00
1.994999999999979456e+00,1.046001929079520831e+00,5.923965318666370994e-01,-6.624209396907822338e+02,4.712550423790490051e+00
1.999999999999979350e+00,1.050796646414825952e+00,1.123742515916950291e+00,3.301532984113280236e+02,5.545627243036443943e+00
2.004999999999979465e+00,1.055974888288846669e+00,9.052916613853378980e-01,-4.702296064701165506e+02,4.969682651874047785e+00
2.009999999999979359e+00,1.061285486416812418e+00,1.159332763837220837e+00,1.368615580219080528e+02,4.695604766135553554e+00
2.014999999999979252e+00,1.067215024227018194e+00,1.074255493425715358e+00,-4.072781327146497574e+02,4.439849475192155559e+00
2.019999999999979146e+00,1.072928142709506094e+00,1.133542585751780685e+00,-1.446586942646304692e+02,4.121255658941732847e+00
2.024999999999979039e+00,1.079607233174582070e+00,1.211721256092988641e+00,-5.596909017235060446e+02,3.972353125003926344e+00
2.029999999999978932e+00,1.085948837743214934e+00,1.249853534394227861e+00,-6.329274690953811842e+02,3.492619035203239797e+00
2.034999999999978826e+00,1.092353134368075462e+00,1.392751948331705902e+00,1.707190274235965433e+02,3.843617604635187313e+00
2.039999999999978719e+00,1.098801468902921075e+00,1.812754976673672136e+00,9.248055708443033609e+02,3.665230732628851129e+00
2.044999999999978613e+00,1.106838920575248686e+00,2.643305717779284247e+00,2.169282958405794488e+03,3.755917639561317412e+00
2.049999999999978506e+00,1.113283001052997045e+00,3.935821360613830922e-01,-1.129647617391230824e+03,2.491780242531992595e+00
2.054999999999978400e+00,1.122773072990765675e+00,1.775748207611728358e+00,-1.028072215117556425e+03,2.866241943656773650e+00
2.059999999999978293e+00,1.131677603068587779e+00,2.706444777691418668e+00,1.871102011651688372e+03,2.620080420765638518e+00
2.064999999999978186e+00,1.139389576762206424e+00,7.587230570612782943e-01,-9.820132212467711952e+02,1.617288786713115156e+00
2.069999999999978080e+00,1.148353582690945451e+00,1.542929588666447360e+00,-5.815646863119749241e+02,2.110846455765895691e+00
2.074999999999977973e+00,1.156222912353210841e+00,2.527332981967372660e+00,1.850183091681082033e+03,2.373102602373651226e+00
2.079999999999977867e+00,1.163623005475813654e+00,8.461346250922183732e-01,-7.738949740280926335e+02,1.147865360807667212e+00
2.084999999999977760e+00,1.171777595462727195e+00,1.575428345836497268e+00,-5.869637840242041875e+02,1.406619946970376178e+00
2.089999999999977653e+00,1.178449579833782845e+00,9.890194033963676246e-01,8.233770265313459902e+01,1.504575988310034251e+00
2.094999999999977547e+00,1.185560808455104809e+00,9.994192642916812641e-01,-6.988392766707390820e+02,1.572103651479507036e+00
2.099999999999977440e+00,1.192191204725671305e+00,2.379873943251807233e+00,1.740070113285609295e+03,1.589080202261075492e+00
2.104999999999977334e+00,1.198145313736872941e+00,1.169567466200078343e+00,-7.000644799830021157e+02,-6.992547393877424078e-01
2.109999999999977227e+00,1.203732087451001354e+00,3.441806559953500821e-01,-6.003761541014262093e+02,8.952918129107649836e-01
2.114999999999977121e+00,1.211893800019161915e+00,1.693751079169987017e+00,-6.905250969106980392e+02,2.534129024050852941e-01
2.119999999999977014e+00,1.217797186173786184e+00,7.937276311869215784e-01,-6.212024089955513091e+02,-7.014308311125715401e-01
2.124999999999976907e+00,1.225322553061654052e+00,1.988475369175396246e+00,1.366684546980536197e+03,1.906656204555688405e-01
2.129999999999976801e+00,1.231123184580287244e+00,1.185128389424531026e+00,-5.176973318837934812e+02,-1.741191793079712724e+00
2.134999999999976694e+00,1.236785111104787616e+00,5.630293644233360650e-01,-4.521837282059383938e+02,-1.099243555699694230e+00
2.139999999999976588e+00,1.243323587941319364e+00,1.787962535661324015e+00,1.217221382082111859e+03,-9.405129019517899369e-03
2.144999999999976481e+00,1.248676771850369294e+00,1.097690993672678417e+00,-3.612247538615848157e+02,-2.564408193312666562e+00
2.149999999999976374e+00,1.252742763327225894e+00,6.777604032891411112e-01,-2.990166037983504452e+02,-1.553462871876558182e+00
2.154999999999976268e+00,1.255961553256518926e+00,2.750231238507383491e-01,-2.827762195610988556e+02,-1.656024766103872281e+00
2.159999999999976161e+00,1.259913235695807376e+00,1.091683834677553699e+00,8.113891065987929778e+02,-9.325614508986189710e-01
2.164999999999976055e+00,1.262126627906434040e+00,6.205072066144594611e-01,6.361313413003589403e+02,-2.698296824340923550e+00
2.169999999999975948e+00,1.263183175344219089e+00,1.420715932440066165e-01,-3.190795439029801059e+02,-2.594065969891820256e+00
2.174999999999975842e+00,1.264045540635419629e+00,-3.894909168145519601e-02,-1.492238394771281662e+02,-2.179130462012097258e+00
2.179999999999975735e+00,1.264399506149650465e+00,-2.176842108177353685e-01,-1.157159746392123907e+02,-2.240137060500399624e+00
2.184999999999975628e+00,1.263990963790904587e+00,-3.403692948994233580e-01,-1.051393728219801034e+02,-1.895226517782346853e+00
2.189999999999975522e+00,1.263270485028036294e+00,-7.319340010729287471e-02,2.191911021245863651e+02,-2.180636896362536437e+00
2.194999999999975415e+00,1.262053234096137011e+00,-2.862478487951607975e-01,-1.932542947589447522e+02,-3.462340627140739091e+00
2.199999999999975309e+00,1.260294455235300370e+00,-4.188439070679551568e-01,-1.046691806270076341e+02,-3.453484638544860541e+00
2.204999999999975202e+00,1.258305417046441388e+00,-4.440996416836960337e-01,5.528899680343664080e+00,-3.081656247492369438e+00
2.209999999999975095e+00,1.256195419973695104e+00,-4.288117587653382801e-01,9.007829568806371867e+00,-1.818658459828480067e+00
2.214999999999974989e+00,1.253977353512102821e+00,-4.434295634808049225e-01,-4.562367143851872697e+00,-2.090304109618601469e+00
2.219999999999974882e+00,1.254238968571017132e+00,-6.237583896978096676e-02,8.206659764627826803e+01,-2.972289365079204604e+00
2.224999999999974776e+00,1.254183611134139342e+00,3.699277136115313586e-02,-3.000021567438332326e+01,-5.467116366717957199e+00
2.229999999999974669e+00,1.255541739041763805e+00,1.195486312052767841e-01,-2.528673436659987228e+00,-6.011264571243453148e+00
2.234999999999974563e+00,1.255789568949806867e+00,-3.628917871833626380e-02,-1.906789321849931866e+02,-5.489348743248613438e+00
2.239999999999974456e+00,1.253979504612026563e+00,-5.614912591790209850e-01,-1.058057596979965638e+02,-5.065080824455359121e+00
2.244999999999974349e+00,1.250050353744251108e+00,-1.001658743883313329e+00,-5.513275130654659506e+01,-4.323377186127127736e+00
2.249999999999974243e+00,1.243693690515634831e+00,-1.472666101536562300e+00,-7.974708711553694229e+01,-4.463756931434807562e+00
2.254999999999974136e+00,1.235242155772667383e+00,-1.677216547254452683e+00,1.297440894458136995e+02,-3.771825283952560781e+00
2.259999999999974030e+00,1.225444285256301669e+00,-2.021576903253229140e+00,1.647510917752890336e+01,-4.041904361281334346e+00
2.264999999999973923e+00,1.214954116305675402e+00,-2.116088123985973901e+00,3.823683258681137431e+01,-3.813168502613093924e+00
2.269999999999973817e+00,1.203959286736799861e+00,-2.211997957480646093e+00,-1.407932717559883073e+01,-4.299329098360813006e+00
2.274999999999973710e+00,1.192897479944555972e+00,-2.151604325371153870e+00,5.936952198550930149e+01,-3.973253299732352417e+00
2.279999999999973603e+00,1.181917994395081939e+00,-2.198408919561909869e+00,4.448466546399078680e+01,-4.499395479282324750e+00
2.284999999999973497e+00,1.171253205767126548e+00,-2.065385487812431364e+00,8.367996598136035402e+01,-4.273259291257536674e+00
2.289999999999973390e+00,1.161126866712444139e+00,-1.935075331373900864e+00,8.917849963682206749e+01,-4.183989222876368430e+00
2.294999999999973284e+00,1.151370800858037891e+00,-1.918111017039661359e+00,6.191810375272346789e+01,-4.819675152187384626e+00
2.299999999999973177e+00,1.141851432055723814e+00,-1.834182875355207853e+00,7.479518163887438220e+01,-4.595447763117929796e+00
2.304999999999973070e+00,1.132749171025334789e+00,-1.761300054928646164e+00,4.170264925873533457e+01,-4.540122675143906328e+00
2.309999999999972964e+00,1.123417823823407158e+00,-1.918152192665587341e+00,1.158298957311323463e+01,-5.104360607990062526e+00
2.314999999999972857e+00,1.113585286153984111e+00,-1.985005348838293937e+00,3.032844416827784784e+01,-4.729813769657770450e+00
2.319999999999972751e+00,1.103480520129158871e+00,-1.999392174537759415e+00,5.223526521038264292e+01,-4.573190497535028598e+00
2.324999999999972644e+00,1.093203318612839370e+00,-2.037891536110159940e+00,2.212099760380910851e+01,-4.411871877019583721e+00
2.329999999999972538e+00,1.082164455188268315e+00,-2.336680638163458834e+00,-9.678601932992938828e+01,-4.886828455626318402e+00
2.334999999999972431e+00,1.070023985508889552e+00,-2.512871590533421795e+00,-5.559388211400709423e+01,-4.263278771066479678e+00
2.339999999999972324e+00,1.057177691885373694e+00,-2.579049876201564562e+00,1.518093112096086905e+01,-3.969898633697976464e+00
2.344999999999972218e+00,1.043875474197347275e+00,-2.691223133399138323e+00,-4.408923478124190609e+01,-3.518979486560140479e+00
2.349999999999972111e+00,1.030112624496149820e+00,-2.784967545483046703e+00,-1.069467893653479384e+00,-3.578888557430099482e+00
2.354999999999972005e+00,1.015757044850938096e+00,-2.858611260250052410e+00,6.832214803120989188e+01,-2.668685661680878951e+00
2.359999999999971898e+00,1.000567545280104609e+00,-3.099926311974844584e+00,-1.615406435468025137e+01,-1.840834518969939548e+00
2.364999999999971791e+00,9.841903578376699491e-01,-3.316382276532951590e+00,3.698666894801625915e+01,-1.064941700582171746e+00
2.369999999999971685e+00,9.669418547409610598e-01,-3.520990503171097075e+00,-4.846889360035558525e+01,-6.799692885501598116e-01
2.374999999999971578e+00,9.500269636193318101e-01,-3.280079474394860473e+00,1.054328101631829497e+02,-4.600333042995208288e-02
2.379999999999971472e+00,9.350864199204967919e-01,-2.788786212538143516e+00,7.497619410345259894e+01,2.419651730804719403e-01
2.384999999999971365e+00,9.237721288067122227e-01,-1.939337815694305078e+00,1.650873768462290059e+02,2.713998293949817509e-01
2.389999999999971259e+00,9.181722840753225867e-01,-6.053991716344007123e-01,2.439531478292169027e+02,2.555233738263840149e-01
2.394999999999971152e+00,9.210949165713659958e-01,1.347452270525177687e+00,3.851716000384964786e+02,-2.320247785763152049e-02
2.399999999999971045e+00,9.296974897131978777e-01,1.945379498236787352e+00,5.884488718926070305e+02,3.285997944695049355e-01
2.404999999999970939e+00,9.385349023132520951e-01,1.602492996365163735e+00,-6.809574825694910487e+02,1.273100272527268428e+00
2.409999999999970832e+00,9.490714530439496865e-01,2.194821821302467058e+00,3.097341643945635496e+02,2.831624847182449223e+00
2.414999999999970726e+00,9.593937225425669402e-01,1.836592919702486393e+00,-7.149589682260010477e+02,2.741831100897862417e+00
2.419999999999970619e+00,9.696363053133655319e-01,2.035029015967611432e+00,1.581989857615095332e+02,3.015719042552300166e+00
2.424999999999970512e+00,9.793092734221552353e-01,1.754623956956586905e+00,-3.668294798532213008e+02,2.976704048054877205e+00
2.429999999999970406e+00,9.873268021474660427e-01,1.329971892102180808e+00,-5.372370815242153412e+02,2.776334203200556683e+00
2.434999999999970299e+00,9.956032384776785094e-01,1.198966159514803564e+00,-5.469210757932249862e+02,3.045237146695991548e+00
2.439999999999970193e+00,1.003552344505911575e+00,5.517434546862827194e-01,-1.046608081632475205e+03,2.327595636889101094e+00
2.444999999999970086e+00,1.011381815051606292e+00,6.243850672677460079e-01,-8.871920028754602754e+02,2.535279492936765688e+00
2.449999999999969980e+00,1.017636046652432125e+00,2.764517266825842201e-01,-9.728663619937933618e+02,2.510910230953995459e+00
2.454999999999969873e+00,1.024462257209597826e+00,5.262174319787653598e-01,-8.385553093415442163e+02,2.606843021751193312e+00
2.459999999999969766e+00,1.030523591200602995e+00,7.370665055014058442e-01,-1.002344442530735819e+03,2.409421361199909573e+00
2.464999999999969660e+00,1.038540536960911087e+00,1.260560087491859216e+00,-1.027127508628606847e+03,1.747128913195854727e+00
2.469999999999969553e+00,1.044006205332817183e+00,1.853645545031114006e+00,1.671913978197425195e+03,2.475449624211619515e+00
2.474999999999969447e+00,1.050296743321174064e+00,1.917546425929107734e+00,1.498080332660166505e+03,1.915506029981127067e+00
2.479999999999969340e+00,1.055531400907644857e+00,1.479537759654912854e+00,6.032713725778464777e+02,1.638120726754761947e+00
2.484999999999969233e+00,1.060422393648685846e+00,8.598500769454373582e-01,-9.127068288924283479e+01,1.974898862490906293e+00
2.489999999999969127e+00,1.065305445928678374e+00,1.846933283670381953e-01,-8.557939214544696824e+02,2.462643466532406400e+00
2.494999999999969020e+00,1.070872768076345682e+00,5.086504995333308576e-01,-7.680682610291927404e+02,2.067977577274619172e+00
2.499999999999968914e+00,1.077558743283671294e+00,1.073803431175524237e+00,-9.317104872091933885e+02,1.525919477768127086e+00
2.504999999999968807e+00,1.083175780739376259e+00,1.827287425412840838e+00,1.419263737295575083e+03,1.644419679970450687e+00
2.509999999999968701e+00,1.088876987657794393e+00,1.909393781496937725e+00,1.318795035811691378e+03,9.100637404303510980e-01
2.514999999999968594e+00,1.094110263348890166e+00,8.205347835831581227e-01,-1.984934062704122084e+02,3.624350466422805450e-01
2.519999999999968487e+00,1.099942013270207797e+00,5.028171478478025147e-01,-7.402975917816966103e+02,8.791625529747996159e-01
2.524999999999968381e+00,1.107189382873237982e+00,1.255897105903887034e+00,-8.652077092226671766e+02,5.402506459185072440e-01
2.529999999999968274e+00,1.113702920046936828e+00,2.037831722890563135e+00,1.500922667729781324e+03,5.439313758590209602e-01
2.534999999999968168e+00,1.119146773548605811e+00,4.361058392516726778e-01,-7.698261373040589888e+02,-6.580127210312586294e-01
2.539999999999968061e+00,1.126280375729468597e+00,1.323609434530859774e+00,-7.238627998486230126e+02,-3.354726264225831311e-01
2.544999999999967955e+00,1.132815250714711341e+00,2.059420792928821964e+00,1.467598199935044704e+03,-8.755587935164432789e-02
2.549999999999967848e+00,1.138410881916994688e+00,5.748183250352029150e-01,-6.545968646486466014e+02,-1.157199828913189954e+00
2.554999999999967741e+00,1.145654338020862584e+00,1.376948728853478965e+00,-6.349050343141609574e+02,-8.131952053920075141e-01
2.559999999999967635e+00,1.152174514100677172e+00,1.888275759777238605e+00,1.229332813905643206e+03,-8.540289715143609683e-01
2.564999999999967528e+00,1.156743107560698869e+00,3.972007939314022296e-01,-5.258067792469290680e+02,-1.589995068233484687e+00
2.569999999999967422e+00,1.161651759215426738e+00,8.697325579057533229e-01,-4.803882401777765381e+02,-9.637719628585800224e-01
2.574999999999967315e+00,1.162819802829164750e+00,-1.925542918262486136e-01,-4.757258862223585538e+02,-1.117644678047201579e+00
2.579999999999967208e+00,1.165552336455274007e+00,5.120694082706257477e-01,-4.243283346346707958e+02,-9.749053717182515344e-01
2.584999999999967102e+00,1.165620181638943098e+00,-3.341230464369877029e-01,-4.822580477225929485e+02,-1.563431669811103042e+00
2.589999999999966995e+00,1.167453469758766627e+00,3.453456680975270920e-01,-4.190353661407985442e+02,-1.491195850196390227e+00
2.594999999999966889e+00,1.167242590525369828e+00,-3.304368844092883117e-01,-4.035309784627697240e+02,-2.172985986197996766e+00
2.599999999999966782e+00,1.168711066159288769e+00,2.499116028580131710e-01,-3.401877765106001448e+02,-1.945229536000996129e+00
2.604999999999966676e+00,1.168634558273858426e+00,-2.167921366627069968e-01,-3.073240348398607011e+02,-2.530318985508713148e+00
2.609999999999966569e+00,1.170269173902959370e+00,3.318835198172018219e-01,-3.146465822022352086e+02,-2.440754184580216091e+00
2.614999999999966462e+00,1.171243457145622280e+00,4.761594905560729840e-01,4.187575944086115669e+02,-2.730266978180710957e+00
2.619999999999966356e+00,1.172863170351216899e+00,2.174388934575787746e-01,-1.551559258512678525e+02,-3.033011347947527359e+00
2.624999999999966249e+00,1.175032512722348432e+00,4.387599723750912895e-01,-1.830286786671784114e+02,-2.848954403689701653e+00
2.629999999999966143e+00,1.177747118757720202e+00,7.698473782759809314e-01,3.393574633214033724e+02,-2.880113682928017838e+00
2.634999999999966036e+00,1.181032693345417162e+00,5.947329309366129468e-01,-8.700032514084898594e+01,-3.794465411241750186e+00
2.639999999999965929e+00,1.184114192654417419e+00,6.296836684464416356e-01,4.445362757512459240e+01,-1.771450653891332161e+00
2.644999999999965823e+00,1.187789146423076314e+00,4.925136779944387366e-01,-1.132359156557807722e+02,-3.045618366483959782e+00
2.649999999999965716e+00,1.190305702837477497e+00,6.543346805009715439e-01,2.877470746559910708e+02,-4.127055354952679167e+00
2.654999999999965610e+00,1.192145681491198150e+00,3.218111004948554510e-01,-8.438456381473957890e+01,-5.069485090277661143e+00
2.659999999999965503e+00,1.193782332383234834e+00,2.993808192383828892e-01,7.894852680516954990e+01,-5.356049867464273362e+00
2.664999999999965397e+00,1.194389916299908538e+00,9.175351653707036759e-02,-2.802313261202970551e+01,-5.370097415293004772e+00
2.669999999999965290e+00,1.194294571330552168e+00,-6.205030711014022232e-02,-3.199563412229203152e+01,-5.036126588006688110e+00
2.674999999999965183e+00,1.193497602019819803e+00,-2.290982619212317828e-01,-9.938358788390291920e+01,-4.793209333634957936e+00
2.679999999999965077e+00,1.192254834383077222e+00,-2.917894198087429558e-01,-3.456912504301401068e+00,-4.750512686225007997e+00
2.684999999999964970e+00,1.190471958479579317e+00,-3.718659003511967653e-01,4.007628961518181399e+01,-4.815332861703835121e+00
2.689999999999964864e+00,1.188194295492258856e+00,-4.710347313902803479e-01,5.169098095775625268e+01,-4.849421893203248679e+00
2.694999999999964757e+00,1.185586828707799301e+00,-5.575705334631659849e-01,-3.693472469679348080e+01,-4.969401710010498796e+00
2.699999999999964650e+00,1.182651140171312010e+00,-6.011915464332791004e-01,6.136344884568818436e+00,-5.097048466407068545e+00
2.704999999999964544e+00,1.179595827893691995e+00,-5.571516907544763475e-01,4.138204126028942653e+01,-4.789402714646742609e+00
2.709999999999964437e+00,1.176615193329844100e+00,-5.474157161932452498e-01,2.379331703236371354e+01,-5.041407243499145707e+00
2.714999999999964331e+00,1.173689302935586154e+00,-5.794987574533725372e-01,-7.778337074186299382e+00,-5.192621223255741825e+00
2.719999999999964224e+00,1.170656275408404001e+00,-5.883358340294014832e-01,2.621554160123664445e+01,-5.380572427362869448e+00
2.724999999999964118e+00,1.167700381939125842e+00,-5.308803688238720175e-01,6.363627209706038457e+01,-5.062628821963002679e+00
2.729999999999964011e+00,1.164903125277677365e+00,-5.609023774309991328e-01,-2.414563021239791496e+01,-5.424315486742762538e+00
2.734999999999963904e+00,1.161935212502830383e+00,-5.754902223314228848e-01,3.758127977860006297e+01,-5.678823385334216489e+00
2.739999999999963798e+00,1.158862210523563308e+00,-5.696255207410626520e-01,6.743082282068489519e+01,-5.342312511000572250e+00
2.744999999999963691e+00,1.155720255979218791e+00,-6.915684710316358785e-01,-9.444090275772788345e+01,-5.729779606009025805e+00
2.749999999999963585e+00,1.152312232473569731e+00,-6.674178476729084597e-01,3.947740035537398029e+01,-5.860845173469783731e+00
2.754999999999963478e+00,1.148608440190070246e+00,-7.166284658868908863e-01,4.829872348256584758e+01,-5.539678583350481134e+00
2.759999999999963372e+00,1.144754293515399812e+00,-7.755281093311443552e-01,2.253902108587799091e+01,-5.833656346529639158e+00
2.764999999999963265e+00,1.140662303439592851e+00,-8.137950997617056093e-01,4.137529583665907040e+01,-5.463017936749672288e+00
2.769999999999963158e+00,1.136145741586695568e+00,-9.153886394731601817e-01,1.940675427922267815e+01,-5.839055267302335039e+00
2.774999999999963052e+00,1.131196589161814314e+00,-1.011383721254189405e+00,4.015011573260991895e+01,-5.382509769830646107e+00
2.779999999999962945e+00,1.125582750984586822e+00,-1.215482291782223445e+00,-9.086808044490952341e+01,-5.742156443678343436e+00
2.784999999999962839e+00,1.118944745333853241e+00,-1.398823825012656341e+00,-1.923864695832318361e+01,-5.625176493487794360e+00
2.789999999999962732e+00,1.111478752900259215e+00,-1.538396706286172533e+00,-4.005185061053724382e+01,-4.798359501726225496e+00
2.794999999999962625e+00,1.103389377362558266e+00,-1.655987859936784767e+00,-3.431165546042941372e+01,-4.533420055104570245e+00
2.799999999999962519e+00,1.094953749498335016e+00,-1.693341527539553582e+00,4.406664640630766883e+01,-3.250888755815254605e+00
2.804999999999962412e+00,1.085881819781244095e+00,-1.887547276321759115e+00,-4.249252067323320148e+01,-2.991232108004831858e+00
2.809999999999962306e+00,1.075325611307229812e+00,-2.224163509085564261e+00,1.251862171745551855e+01,-2.070701880471453205e+00
2.814999999999962199e+00,1.063230449862458959e+00,-2.521747208661226480e+00,-4.853929799825324665e+01,-1.507949926234659399e+00
2.819999999999962093e+00,1.050635013445268662e+00,-2.490102406379933520e+00,3.408320534275652136e+01,-1.073810181433411337e+00
2.824999999999961986e+00,1.040488822246513623e+00,-1.705029247373945234e+00,1.955465049429789701e+02,-1.218713225798172539e-01
2.829999999999961879e+00,1.034083833748055570e+00,-9.641736457317033882e-01,2.141794699680402232e+02,-5.808554421921361399e-01
2.834999999999961773e+00,1.032531733729080248e+00,1.402560623326088995e-01,2.203387751551410645e+02,-6.220170172775262296e-01
2.839999999999961666e+00,1.036911299931699837e+00,1.311580971653963035e+00,1.604633647951460489e+02,-1.262576459443607968e+00
2.844999999999961560e+00,1.044650902927480418e+00,1.641148386126916936e+00,2.423607961362259857e+02,-1.292264447012757778e+00
2.849999999999961453e+00,1.052632789038188355e+00,1.562735638126408810e+00,-3.185308020956760515e+02,-8.500667716303671462e-01
2.854999999999961346e+00,1.060795540257627234e+00,1.578237544958466243e+00,-3.301876634832054265e+02,2.294313077587961658e-01
2.859999999999961240e+00,1.069584532845059943e+00,1.696516489606917144e+00,-4.140555801284918402e+02,8.392142823657731121e-01
2.864999999999961133e+00,1.078109344168919792e+00,1.946428142703900743e+00,5.041756568202012545e+02,1.355538038991517702e+00
2.869999999999961027e+00,1.087399593356271899e+00,2.466300637816398300e+00,1.289641918575021919e+03,1.116813850156824106e+00
2.874999999999960920e+00,1.095108215331641155e+00,9.753185438122542461e-01,-6.946721376070730685e+02,4.355468301742855264e-01
2.879999999999960814e+00,1.105102636623588541e+00,1.928331503058227758e+00,-7.086643860327296807e+02,5.329777592973807820e-01
2.884999999999960707e+00,1.114756428801755517e+00,2.744597816674702262e+00,1.586775286099578125e+03,4.439846578452881776e-01
2.889999999999960600e+00,1.123534788116954175e+00,1.199758176186247693e+00,-6.822765995954733853e+02,-6.531856943717306851e-01
2.894999999999960494e+00,1.134168519895569327e+00,2.107103685290845796e+00,-5.859768222569520049e+02,-3.254231781103888999e-01
2.899999999999960387e+00,1.143437717112796514e+00,2.293432969473617078e+00,9.825220874904088078e+02,-3.978518610052432791e-01
2.904999999999960281e+00,1.151589462865305169e+00,1.176579148736268010e+00,-5.733898547976976943e+02,-8.606907185708045915e-01
2.909999999999960174e+00,1.159884277854744017e+00,1.847572554827946023e+00,8.812137119016163069e+02,2.757998362110136714e-02
2.914999999999960067e+00,1.167393000355365196e+00,7.482999345137980596e-01,-5.289413396364130904e+02,-8.310842045838564562e-01
2.919999999999959961e+00,1.176275123924077182e+00,1.863019943422566715e+00,-5.152844132541363251e+02,-4.844912317771428167e-01
2.924999999999959854e+00,1.182650211519484129e+00,9.337221067432863730e-01,-4.907182052923185438e+02,-1.189511313046163199e+00
2.929999999999959748e+00,1.190397595084830007e+00,1.993056062894439817e+00,1.324828546417977577e+03,-1.253945673224152735e-01
2.934999999999959641e+00,1.197691947042686333e+00,1.128276515065996577e+00,-4.612084642034413378e+02,-1.802002794001211772e+00
2.939999999999959535e+00,1.204622631027106872e+00,2.018287655980940620e+00,1.031720843205806659e+03,-9.011184970752329493e-01
2.944999999999959428e+00,1.210674966158871602e+00,1.110853074529616347e+00,-5.205371445262343286e+02,-2.210687482600736775e+00
2.949999999999959321e+00,1.214402196201401773e+00,5.129108163243162322e-01,-3.464743265872745610e+02,-1.285227558388752911e+00
2.954999999999959215e+00,1.216448441850522588e+00,4.022972478888379305e-02,-2.478015524534723113e+02,-7.460456101459733702e-01
2.959999999999959108e+00,1.218572424731129145e+00,7.296966657178594051e-01,8.384950197949461881e+02,-1.809801599637028691e-01
2.964999999999959002e+00,1.219643488840172152e+00,2.121234908357000348e-01,-2.605221353280969652e+02,-1.845189775699432433e+00
2.969999999999958895e+00,1.219657203981905358e+00,-1.566540399141415352e-01,-2.902920692601954897e+02,-1.760128058284855745e+00
2.974999999999958789e+00,1.219087049329921291e+00,-3.242674804895849250e-01,-1.505347235783565907e+02,-1.710620226357782325e+00
2.979999999999958682e+00,1.217591511263376836e+00,-3.966870507571916282e-01,-6.330591911832182284e+00,-1.384093389012980069e+00
2.984999999999958575e+00,1.216699965790072335e+00,-1.456571485927274090e-01,-7.148642922562615354e+01,-1.721477979755643650e+00
2.989999999999958469e+00,1.215826278520240722e+00,-2.245690080972029268e-01,-1.483236049277911377e+02,-2.494251841402930214e+00
2.994999999999958362e+00,1.215092927532913647e+00,-2.412911029755532843e-01,-1.154129529390122855e+02,-2.549502342442057312e+00
2.999999999999958256e+00,1.215303191831775154e+00,2.031894854576556109e-01,2.787709617488353615e+02,-2.432367839743309723e+00
3.004999999999958149e+00,1.215918979165980129e+00,1.440868484083527301e-01,-8.677206913402713440e+01,-3.536123305140828066e+00
3.009999999999958042e+00,1.217598899276259861e+00,4.707654975339487513e-01,6.328830596516411333e+01,-2.658562567358837558e+00
3.014999999999957936e+00,1.221223161561546533e+00,9.118270437659546923e-01,1.118675799016021699e+02,-3.793270792347709808e+00
3.019999999999957829e+00,1.225562998654176061e+00,7.410783959479850802e-01,1.194938434762768686e+01,-5.112367650621314930e+00
3.024999999999957723e+00,1.229680411878120383e+00,8.598870650763661416e-01,7.945450412403224050e+01,-4.989674701422559977e+00
3.029999999999957616e+00,1.232404862703230686e+00,4.125901675797364332e-01,-1.163981385761262288e+01,-6.015326282894625010e+00
3.034999999999957510e+00,1.233240693439881630e+00,-5.455183399478855805e-02,-8.922458542933021874e+01,-5.655272636261436503e+00
3.039999999999957403e+00,1.231368071099206318e+00,-5.771890604915675960e-01,-4.928642549090990599e+01,-5.081177129002598214e+00
3.044999999999957296e+00,1.226844997077532584e+00,-1.128060845184790661e+00,-1.414734646348346985e+02,-4.607065297442784590e+00
3.049999999999957190e+00,1.219628947904348504e+00,-1.616050392332345043e+00,-4.545792543617199755e+01,-4.276929932374265775e+00
3.054999999999957083e+00,1.209998833704794663e+00,-2.083260784157655365e+00,-4.306035529348984880e+01,-4.021978353909996251e+00
3.059999999999956977e+00,1.198765053865458396e+00,-2.340213949456822817e+00,1.427681607322498003e+01,-3.512281732131826040e+00
3.064999999999956870e+00,1.186477806000946877e+00,-2.497712851299210612e+00,1.079454921249616817e+01,-3.593414769189049451e+00
3.069999999999956763e+00,1.173302837540944887e+00,-2.705972451477223206e+00,-6.520131619575394666e+01,-3.644845597497122114e+00
3.074999999999956657e+00,1.159780748638078451e+00,-2.716408822562980774e+00,4.159135192390551339e+01,-3.699980670935674176e+00
3.079999999999956550e+00,1.146346891968845538e+00,-2.631505852909081788e+00,8.533744640962781602e+01,-3.338213032051898566e+00
3.084999999999956444e+00,1.133460061980992917e+00,-2.527080406096969156e+00,3.673751114112354088e+01,-3.608018710327793421e+00
3.089999999999956337e+00,1.121048238390328855e+00,-2.431693136234434061e+00,4.958286189671741084e+01,-3.866078710942141505e+00
3.094999999999956231e+00,1.109316329607023421e+00,-2.255612992108968484e+00,1.063255105658837749e+02,-3.580263565833328165e+00
3.099999999999956124e+00,1.098376624423843984e+00,-2.163175322635090048e+00,-1.802199418307079171e+01,-3.939962880415540880e+00
3.104999999999956017e+00,1.087857916438006445e+00,-2.064494171055660576e+00,3.567786889534448136e+01,-4.224620701797991984e+00
3.109999999999955911e+00,1.077771946639034972e+00,-1.937783547518928673e+00,1.198554165585131273e+02,-3.823416262490547002e+00
3.114999999999955804e+00,1.068365309008559416e+00,-1.896225924926142392e+00,-1.005008155813834918e+02,-4.173343475845731732e+00
3.119999999999955698e+00,1.059073457439730026e+00,-1.856418383958025276e+00,-1.719267021681719143e+01,-4.357805859335989851e+00
3.124999999999955591e+00,1.049947970723878798e+00,-1.785768951959096462e+00,6.494989928921478395e+01,-3.897726983703206471e+00
3.129999999999955484e+00,1.040977767043176350e+00,-1.815313985585430556e+00,-6.207464647382244749e+01,-4.255658251495657574e+00
3.134999999999955378e+00,1.031781300607700569e+00,-1.851905282088351479e+00,-2.702909340325668985e+00,-4.274573168147545843e+00
3.139999999999955271e+00,1.022837878303995751e+00,-1.700875106039771989e+00,1.060198853798213747e+02,-3.262925470632928704e+00
3.144999999999955165e+00,1.014379373636178361e+00,-1.668614535041134772e+00,-2.945383423860467076e+01,-3.370444448904851065e+00
3.149999999999955058e+00,1.006102938350339482e+00,-1.626656851998141917e+00,3.280834294705210397e+01,-3.154394522046943816e+00
3.154999999999954952e+00,9.976090905434794598e-01,-1.689056189372594829e+00,4.853791927572582665e+01,-2.036666916909104064e+00
3.159999999999954845e+00,9.884305622548676951e-01,-1.901449072425898779e+00,-5.039730508762408334e+01,-1.940491994933851272e+00
3.164999999999954738e+00,9.779774621285634018e-01,-2.184347302188660578e+00,-3.868265975310781357e+01,-1.571950204170634136e+00
3.169999999999954632e+00,9.668244195383693951e-01,-2.245095746329043518e+00,1.516527412789462659e+01,-7.013754648430137184e-01
3.174999999999954525e+00,9.558396440224394830e-01,-2.158746557755882201e+00,2.899685626715848485e+01,-4.871747512113171474e-01
3.179999999999954419e+00,9.460145524920987592e-01,-1.822993989150078376e+00,7.547721382124221634e+01,-1.405712097155107365e-01
3.184999999999954312e+00,9.390710202730010447e-01,-1.115063579919435721e+00,1.306280152744753309e+02,5.548708577844407852e-02
3.189999999999954206e+00,9.361075370451117372e-01,-2.619857563699993230e-01,1.558005688243136149e+02,-1.816003862179552952e-01
3.194999999999954099e+00,9.378913780500954811e-01,7.597201550700971584e-01,2.118736387189444486e+02,-4.433283045399853406e-01
3.199999999999953992e+00,9.455964720650044120e-01,1.802642485929789817e+00,3.107263807906346074e+02,-2.317654145917582564e-01
3.204999999999953886e+00,9.538480621630303080e-01,1.543758867746134023e+00,-3.536193150384096953e+02,5.789142805237734724e-02
3.209999999999953779e+00,9.628873155597676980e-01,1.796355367546448090e+00,3.649308037288399476e+01,1.329190270739380342e+00
3.214999999999953673e+00,9.720264969661964738e-01,1.726161752963627727e+00,-3.726810442704278330e+02,1.823705633879978638e+00
3.219999999999953566e+00,9.808214141035433986e-01,1.749812505818608255e+00,-2.007266430225636782e+02,2.613609829941229812e+00
3.224999999999953459e+00,9.904850827364445331e-01,1.844936920366196498e+00,-5.486920507638184290e+02,2.400703358199346660e+00
3.229999999999953353e+00,9.993767067512164815e-01,1.772229580705357854e+00,-2.272815179001335082e+02,2.503908217120219160e+00
3.234999999999953246e+00,1.008547287101521306e+00,1.860873137620100204e+00,-4.585634968038695547e+02,2.247033536906013929e+00
3.239999999999953140e+00,1.017078517514795610e+00,2.264265891744928094e+00,1.267482581314457320e+03,2.635489539991449082e+00
3.244999999999953033e+00,1.027020716857818039e+00,2.684045186589327336e+00,1.631918077940733610e+03,2.131777158407370365e+00
3.249999999999952927e+00,1.034790767831633262e+00,1.219941386043220222e+00,-3.402088746932205368e+02,1.435947832577117333e+00
3.254999999999952820e+00,1.042733737951637041e+00,8.409772395737759032e-01,-7.787208286160270063e+02,1.905588462524004267e+00
3.259999999999952713e+00,1.052558963606078590e+00,1.157523637731091126e+00,-9.525258326555967869e+02,1.576368729135057212e+00
3.264999999999952607e+00,1.062734470769982398e+00,1.770177390920521177e+00,-8.969886248099985551e+02,9.532861103184557816e-01
3.269999999999952500e+00,1.071049600395078460e+00,2.412556782536670497e+00,1.589196501381642520e+03,1.453918394514482682e+00
3.274999999999952394e+00,1.077642441526988959e+00,5.725724233034553690e-01,-8.536420152511469723e+02,8.263688213786730685e-01
3.279999999999952287e+00,1.085825045729448712e+00,1.510784760817597938e+00,-7.802344205827210999e+02,1.171431865311633347e+00
3.284999999999952180e+00,1.093344607701571825e+00,2.337684511493761441e+00,1.694333250913170559e+03,1.466226704811393278e+00
3.289999999999952074e+00,1.099841371801136169e+00,6.273599276867242169e-01,-7.993742062937922128e+02,6.621996557699824093e-01
3.294999999999951967e+00,1.108644966502791096e+00,1.675363948640150813e+00,-7.467636176370276644e+02,1.027626859969643647e+00
3.299999999999951861e+00,1.117295629515094868e+00,2.544608943690001901e+00,1.649498627395722906e+03,1.107576874137452982e+00
3.304999999999951754e+00,1.125314928410730220e+00,9.958349961436701037e-01,-7.360545957509503978e+02,3.166016599251186836e-02
3.309999999999951648e+00,1.135173249943489449e+00,1.806328707950147550e+00,-6.051156577814563207e+02,4.976191050035279062e-01
3.314999999999951541e+00,1.143736482942425470e+00,2.344084366110531281e+00,1.218682789291146946e+03,5.107156047621184136e-01
3.319999999999951434e+00,1.151931217872600000e+00,1.086210315033246721e+00,-7.442653831505821245e+02,-2.669888843672656442e-01
3.324999999999951328e+00,1.160513545718137474e+00,2.155029037599931030e+00,1.504219278286090912e+03,8.728379385172528870e-01
3.329999999999951221e+00,1.167970476185796080e+00,1.065309922066144388e+00,-6.189834935918174779e+02,-5.577540015815027896e-01
3.334999999999951115e+00,1.176516586630582228e+00,2.226197855441021112e+00,1.533047681125104191e+03,7.170369762274791947e-01
3.339999999999951008e+00,1.184322083473380305e+00,1.172782149203731361e+00,-5.486979444841026634e+02,-7.476717564442857400e-01
3.344999999999950901e+00,1.191310432599814950e+00,2.193378683377970706e+00,1.435520183415733527e+03,3.079645722215951231e-01
3.349999999999950795e+00,1.197240944714330180e+00,1.079244866339256426e+00,-6.245188378381553775e+02,-1.099454837453575307e+00
3.354999999999950688e+00,1.200288767279285906e+00,2.678555728809531300e-01,-5.578889644233710214e+02,-6.306700340568544005e-02
3.359999999999950582e+00,1.204512514465285511e+00,1.225660947108725640e+00,1.153646310343062396e+03,4.743974428673371491e-01
3.364999999999950475e+00,1.206865004586673784e+00,4.706462213368351466e-01,-3.633139401635556283e+02,-1.199935685105854688e+00
3.369999999999950369e+00,1.207435420295024375e+00,-6.499828233441382053e-02,-3.001809980915600136e+02,-9.224034933453523211e-01
3.374999999999950262e+00,1.207246462160091571e+00,-3.730982817520946404e-01,-2.233590472854095594e+02,-4.433977826698294322e-01
3.379999999999950155e+00,1.207006686348496727e+00,-3.577734599745494570e-01,3.839650366906577794e+00,-3.146323526396598291e-01
3.384999999999950049e+00,1.206543128678084331e+00,-6.753195820385863440e-03,-2.693064178923165741e+02,-9.957919110940689489e-01
3.389999999999949942e+00,1.205938227851388156e+00,-2.316376018564733907e-01,-2.368961948842555216e+02,-1.663258051186409681e+00
3.394999999999949836e+00,1.205258663402055230e+00,-3.239706796815242096e-01,-1.608351676166606126e+02,-1.625755146300791543e+00
3.399999999999949729e+00,1.205733122973831728e+00,3.220986113026331199e-01,4.885228388380268143e+02,-1.123878649199051782e+00
3.404999999999949623e+00,1.206656881211847221e+00,2.560274684713392812e-01,-1.252898253296586120e+02,-2.295961108903187942e+00
3.409999999999949516e+00,1.208333307115884603e+00,3.896300147876123332e-01,-2.544065368687979145e+01,-2.168582968514743303e+00
3.414999999999949409e+00,1.211718849239270090e+00,8.826689325774048633e-01,1.232588416753143150e+02,-2.374210138767530953e+00
3.419999999999949303e+00,1.216054109475141365e+00,6.986061819343319934e-01,-1.176827693627051588e+02,-4.117777611508610214e+00
3.424999999999949196e+00,1.219704442872187489e+00,5.906186080760743584e-01,-1.873625395746381059e+02,-4.687179212182513766e+00
3.429999999999949090e+00,1.222262624757434635e+00,3.458981368619931662e-01,1.299050216181921069e+00,-6.142575966799125098e+00
3.434999999999948983e+00,1.223008558829731252e+00,-7.961851144129994395e-02,-2.499258759405311139e+02,-5.850134640413183540e+00
3.439999999999948876e+00,1.221825398053630662e+00,-3.881228627597293479e-01,-2.934524633771824753e+01,-5.267988441389332088e+00
3.444999999999948770e+00,1.218882786909040838e+00,-7.525650102177706691e-01,-1.786347295347713100e+02,-4.995089687132814760e+00
3.449999999999948663e+00,1.214306194222638302e+00,-1.055560359065980114e+00,-7.925340359201656248e+00,-4.595448605053469748e+00
3.454999999999948557e+00,1.208347084397548787e+00,-1.293165400910893936e+00,-2.530239740611431642e+00,-4.509430077120649472e+00
3.459999999999948450e+00,1.201280386851329762e+00,-1.514946964016499198e+00,-6.549208013473629819e+01,-4.402063687923012836e+00
3.464999999999948344e+00,1.193177029788368815e+00,-1.732233614441791136e+00,-1.112189018083637961e+02,-4.495629013106536398e+00
3.469999999999948237e+00,1.184525954560620153e+00,-1.749538940344645965e+00,-4.340968855124459225e+01,-4.083206294808293890e+00
3.474999999999948130e+00,1.175579771861242184e+00,-1.762782190476407163e+00,7.115475060487302983e+01,-4.232701556824072675e+00
3.479999999999948024e+00,1.166431318982207976e+00,-1.818167570605324856e+00,4.546238993392508831e+01,-4.372746833478409201e+00
3.484999999999947917e+00,1.157080404004825702e+00,-1.891291491202236497e+00,2.511693544354388052e+01,-4.512373817830455103e+00
3.489999999999947811e+00,1.147675028978777378e+00,-1.847986175929606123e+00,8.637088133848241966e+01,-4.141162346987368181e+00
3.494999999999947704e+00,1.138387009033753339e+00,-1.881928712763229816e+00,-2.859212602725289898e+01,-4.441279834960260686e+00
3.499999999999947597e+00,1.128972108051514489e+00,-1.903851908387458103e+00,-3.658967171066307600e+01,-4.698094959578680729e+00
3.504999999999947491e+00,1.119509060386404631e+00,-1.850782024648009561e+00,7.110403662590591978e+01,-4.222491795062015996e+00
3.509999999999947384e+00,1.110252905663485778e+00,-1.885982251889057881e+00,-7.683118469158856101e+01,-4.582175477510686434e+00
3.514999999999947278e+00,1.100770212449017960e+00,-1.898936457995608507e+00,3.794522614812767358e+01,-4.692091255728082722e+00
3.519999999999947171e+00,1.091105656275616287e+00,-1.903887073228175408e+00,7.524852418989522107e+01,-4.304621889664359102e+00
3.524999999999947065e+00,1.081520626632981097e+00,-1.967179156331249068e+00,-9.282875903368649517e+01,-4.515042798253477763e+00
3.529999999999946958e+00,1.071543787155974536e+00,-2.020711097100917009e+00,-9.250533929358141449e+00,-4.616980275051877136e+00
3.534999999999946851e+00,1.061208641943929942e+00,-2.071585634992983316e+00,-3.982016632264046230e+00,-4.191999713432561059e+00
3.539999999999946745e+00,1.050818126489652338e+00,-2.135292411430943726e+00,-1.043481566832727196e+02,-4.183987600092615722e+00
3.544999999999946638e+00,1.040056128273873171e+00,-2.181489257294520367e+00,-1.652198481179435063e+01,-4.271003653808898015e+00
3.549999999999946532e+00,1.029370026816635697e+00,-2.071163868057926294e+00,7.795990571318020557e+01,-3.215660798969579126e+00
3.554999999999946425e+00,1.019074969721419865e+00,-2.030950971663181281e+00,-1.793493135556778029e+01,-2.914401825489921105e+00
3.559999999999946318e+00,1.008744701322263904e+00,-2.056924194530971750e+00,2.242902342849877684e+01,-2.637465263054938447e+00
3.564999999999946212e+00,9.977939669986986004e-01,-2.217769422082593422e+00,3.775708455381514028e+01,-1.740810278209141693e+00
3.569999999999946105e+00,9.858025987597797135e-01,-2.488180581387894108e+00,-5.313757242165047501e+01,-1.612521180325074077e+00
3.574999999999945999e+00,9.723016738956251626e-01,-2.836488413042135726e+00,-5.403452243044641534e+01,-1.067480817917787705e+00
3.579999999999945892e+00,9.584484677990529056e-01,-2.736464391970143240e+00,2.601591174106636473e+01,-2.587019871685758421e-01
3.584999999999945786e+00,9.455490145425921034e-01,-2.493209147473476328e+00,3.172872139560042015e+01,1.714898898032002350e-02
3.589999999999945679e+00,9.339961999760025835e-01,-2.212832982203044807e+00,2.700731662319897808e+01,-5.550858215971365972e-02
3.594999999999945572e+00,9.254880081743703801e-01,-1.357761181653569960e+00,1.982060161886550702e+02,3.917566865911377150e-01
3.599999999999945466e+00,9.210385376873059249e-01,-5.676580598554854529e-01,1.730125536431193325e+02,-2.913977049446514478e-03
3.604999999999945359e+00,9.220598086214760736e-01,6.757817799387696445e-01,1.959890876793085681e+02,-1.557892374334588770e-01
3.609999999999945253e+00,9.296250574684746804e-01,1.764366264674848361e+00,2.672209702968453939e+02,-1.499098563459967393e-01
3.614999999999945146e+00,9.378962102978134485e-01,1.553827057609426854e+00,-4.079715648119776006e+02,2.809864796697090217e-01
3.619999999999945040e+00,9.472820489002405919e-01,1.911386467396168021e+00,1.922342415988736377e+02,1.512586430187392139e+00
3.624999999999944933e+00,9.565647098322047626e-01,1.721263367094902685e+00,-3.419199996923392177e+02,2.155405738704519347e+00
3.629999999999944826e+00,9.655735475702613702e-01,1.811698079946710616e+00,-2.425525608047941617e+01,2.940824701474184621e+00
3.634999999999944720e+00,9.751572520304634395e-01,1.802970739365108654e+00,-4.307569753608651695e+02,2.725922629630190830e+00
3.639999999999944613e+00,9.848029305496914798e-01,1.973215087818674718e+00,-7.439890359167799261e+02,2.530388298873396558e+00
3.644999999999944507e+00,9.936112552599610792e-01,2.487198809108881914e+00,1.669205347434563009e+03,3.263359422945515842e+00
3.649999999999944400e+00,1.003786998415052922e+00,2.633363581709461609e+00,1.471816094877534624e+03,2.405410804067262820e+00
3.654999999999944293e+00,1.012810133736042006e+00,2.546221445945593409e+00,1.048330830776154471e+03,2.118633860857654039e+00
3.659999999999944187e+00,1.020772914584387570e+00,1.015228518482481856e+00,-5.948128452482453667e+02,1.617429991503791298e+00
3.664999999999944080e+00,1.029562787225998477e+00,8.942736970870167612e-01,-9.148751038705421479e+02,2.237789736788614370e+00
3.669999999999943974e+00,1.038705471105046518e+00,1.588846774775831472e+00,-9.106229768525440704e+02,1.573572998143939250e+00
3.674999999999943867e+00,1.047859005185149517e+00,1.975911063206895690e+00,-9.163918661709265052e+02,1.197778702810331941e+00
3.679999999999943761e+00,1.056994547225469150e+00,2.572191181396402904e+00,1.629366102685248052e+03,1.910480086233542041e+00
3.684999999999943654e+00,1.064025861410036189e+00,6.231006332888748833e-01,-9.398096785364089101e+02,9.945488844400147688e-01
3.689999999999943547e+00,1.072477618288663725e+00,1.368666758228780145e+00,-9.794003438838607281e+02,1.525422289837355727e+00
3.694999999999943441e+00,1.083737474322643779e+00,1.995833306433527188e+00,-8.505447929229530928e+02,6.396094339360991476e-01
3.699999999999943334e+00,1.093300835980175023e+00,2.644232676684469929e+00,1.510655959104211661e+03,1.132845804288309166e+00
3.704999999999943228e+00,1.101364018806545442e+00,8.792811681757725095e-01,-9.176523249303442071e+02,4.786028805884799953e-01
3.709999999999943121e+00,1.111359105587950147e+00,1.875350440856146772e+00,-8.323979000903134420e+02,7.426588170833952063e-01
3.714999999999943014e+00,1.120849019444899008e+00,2.668889093595433248e+00,1.512889840651457462e+03,8.722889935759254865e-01
3.719999999999942908e+00,1.129659002844851434e+00,1.096537251347759145e+00,-8.930571926004550960e+02,-3.338426173439046352e-02
3.724999999999942801e+00,1.138702925503778829e+00,2.224334609510631555e+00,1.563705918967455091e+03,1.407264983081308207e+00
3.729999999999942695e+00,1.145651192827288334e+00,7.858810258300877871e-01,-8.616779944998365863e+02,7.499091817327829812e-02
3.734999999999942588e+00,1.155973659470046710e+00,2.043160129185742857e+00,-7.495728264822367919e+02,4.409093206723604386e-01
3.739999999999942482e+00,1.162600809122868784e+00,7.819311043624056490e-01,-7.923915634552533902e+02,3.416879192297705981e-02
3.744999999999942375e+00,1.173276642835429318e+00,2.219834421676099900e+00,-6.455310578127571262e+02,2.721112689835065712e-01
3.749999999999942268e+00,1.180822884208104551e+00,1.120858413667582543e+00,-6.144258895617059579e+02,-1.504454237719408116e-01
3.754999999999942162e+00,1.190186394902978506e+00,2.397418147102924113e+00,1.612983101524436279e+03,1.054744504966886653e+00
3.759999999999942055e+00,1.196484067893071268e+00,1.219464920354272008e+00,-6.004076773402634899e+02,-5.672268652912293430e-01
3.764999999999941949e+00,1.201695949568287292e+00,3.185451817031711985e-01,-5.175870080656239907e+02,5.632882956512528239e-01
3.769999999999941842e+00,1.206498828772506027e+00,1.334042549137863132e+00,1.180450484274781047e+03,1.193967905089637460e+00
3.774999999999941735e+00,1.209232078618273087e+00,5.037126401674968390e-01,-5.500913159418732903e+02,-4.234914363447366270e-01
3.779999999999941629e+00,1.210285638117330365e+00,4.138743950226772550e-02,-3.421067343059558539e+02,1.162810995129096026e-01
3.784999999999941522e+00,1.210022314619578099e+00,-4.807584365207028809e-01,-2.891529135903035126e+02,5.114384492672401361e-01
3.789999999999941416e+00,1.209530273358935482e+00,-6.787146729559747627e-01,-2.861977635150296919e+02,6.546091525148435286e-01
3.794999999999941309e+00,1.209054809881086046e+00,3.082161013561069418e-01,8.778800019689265355e+02,3.798529040674945567e-01
3.799999999999941203e+00,1.207635848788729760e+00,3.850330616485696158e-03,7.138243860236407272e+02,-7.417132011104381473e-01
3.804999999999941096e+00,1.206217177254229833e+00,-2.051050512673417703e-01,-2.670383484635291325e+02,-1.286549483224544987e+00
3.809999999999940989e+00,1.204281564725041553e+00,-2.660236544301404216e-01,-1.531480720006995568e+02,-1.351677916151516445e+00
3.814999999999940883e+00,1.202731066728059073e+00,-3.288971218022088694e-01,-1.652163848809164506e+02,-1.361725562433627967e+00
3.819999999999940776e+00,1.202199462087606197e+00,2.109905392757236431e-01,4.381024018625557233e+02,-1.634927500720923632e+00
3.824999999999940670e+00,1.202622655781712124e+00,1.203292813908741765e-01,6.271709418265794511e+01,-1.972901315132244537e+00
3.829999999999940563e+00,1.204874753450267066e+00,6.332247053341553134e-01,7.339964811947815804e+01,-1.685929170857269233e+00
3.834999999999940457e+00,1.209776477616059553e+00,9.945628515263444935e-01,-2.012978496261760242e+01,-4.195099156721639133e+00
3.839999999999940350e+00,1.213890383998496469e+00,8.385628787890990754e-01,9.798444095154859212e+01,-5.393257810160344334e+00
3.844999999999940243e+00,1.217617307700755269e+00,6.292533530214892146e-01,-1.269553093380707338e+02,-4.842962460162262950e+00
3.849999999999940137e+00,1.219358189449630148e+00,1.065535296412943034e-01,-1.029032339173241724e+02,-5.997192370251767102e+00
3.854999999999940030e+00,1.218311356880541707e+00,-4.549957536465201735e-01,-1.603690716436535126e+02,-5.314592080310466926e+00
3.859999999999939924e+00,1.214482546356626669e+00,-9.111900815101179330e-01,1.993228068519039997e+00,-4.684527397233607005e+00
3.864999999999939817e+00,1.208224558899052781e+00,-1.521908418025611720e+00,-2.416958124222968820e+02,-4.414734484102701195e+00
3.869999999999939710e+00,1.199789680959354454e+00,-1.830951922949410449e+00,-7.000179905304902306e+00,-4.096679798714372822e+00
3.874999999999939604e+00,1.189520506740350037e+00,-2.261583448748868630e+00,-2.055593945547176986e+02,-3.911381432328718599e+00
3.879999999999939497e+00,1.178035711359665116e+00,-2.361228815177164986e+00,2.543502397938042492e+01,-3.674452364428189455e+00
3.884999999999939391e+00,1.165577122185647241e+00,-2.583541845521940328e+00,-1.232868988788880387e+02,-3.661730361933831279e+00
3.889999999999939284e+00,1.152995590559177996e+00,-2.504176926626187516e+00,5.472684435632609734e+01,-3.402835301397055812e+00
3.894999999999939178e+00,1.140257408268271710e+00,-2.580452970540493940e+00,-9.686678143657017870e+01,-3.564026475367105817e+00
3.899999999999939071e+00,1.127946555206764456e+00,-2.453228799023089213e+00,2.669481536490199503e+01,-3.461427670164997750e+00
3.904999999999938964e+00,1.115780978108671828e+00,-2.431192427674484957e+00,-8.319607602407315028e+01,-3.681591831368306700e+00
3.909999999999938858e+00,1.104129529384051622e+00,-2.309492551734954269e+00,5.067272466920028506e+01,-3.577991001689973860e+00
3.914999999999938751e+00,1.092721592533750785e+00,-2.286027488076455505e+00,-3.003898370451318200e+01,-3.860167504938296190e+00
3.919999999999938645e+00,1.081143772102501233e+00,-2.342832853789171388e+00,-2.236124951956853124e+01,-4.142909610397986775e+00
3.924999999999938538e+00,1.069465378721964566e+00,-2.314211819739942388e+00,1.690393843932881168e+01,-3.776721807985603974e+00
3.929999999999938431e+00,1.057711859881138583e+00,-2.386096993649870157e+00,-5.555925267213217467e+01,-3.908556722122354721e+00
3.934999999999938325e+00,1.046096243778736889e+00,-2.272071671193049980e+00,4.085131323395830805e+01,-3.637023519707937247e+00
3.939999999999938218e+00,1.034833002447269834e+00,-2.168011811546640466e+00,7.830341131997465709e+01,-3.433109650329165596e+00
3.944999999999938112e+00,1.023745687941754356e+00,-2.217248107669170132e+00,1.641734592906473367e+01,-3.744354932141829906e+00
3.949999999999938005e+00,1.012135815848588694e+00,-2.325037795277222763e+00,5.109618487816953092e+01,-3.881530783060877177e+00
3.954999999999937899e+00,1.000289785648600827e+00,-2.345934485861670638e+00,6.451710833371251397e+01,-3.274574689676608141e+00
3.959999999999937792e+00,9.884561739113086887e-01,-2.410434191663749726e+00,-8.577144837843431446e+01,-3.362848589781907371e+00
3.964999999999937685e+00,9.764263424954910953e-01,-2.415317389532135817e+00,-1.257764039657263666e+01,-3.331306992703456427e+00
3.969999999999937579e+00,9.644714561383956886e-01,-2.372637094567876748e+00,9.589659548855252069e+00,-2.624664143374062952e+00
3.974999999999937472e+00,9.528282039012677673e-01,-2.314677800039780742e+00,-2.354653806864119403e+01,-2.006624143959086393e+00
3.979999999999937366e+00,9.411432399673727023e-01,-2.362796257112787846e+00,-2.600997254378679813e+01,-1.620927285150273400e+00
3.984999999999937259e+00,9.288927202233293601e-01,-2.489204980585062010e+00,6.570630873277537809e+00,-4.957623044239942711e-01
3.989999999999937152e+00,9.159072201580902295e-01,-2.681089051858292382e+00,-6.888387142585997935e+01,-4.791285582545721233e-01
3.994999999999937046e+00,9.030105572272302261e-01,-2.546528451235077650e+00,-5.571706095896123756e+00,-5.443837927635630791e-02
3.999999999999936939e+00,8.915487032033838632e-01,-2.128836047806374587e+00,1.086335144147453633e+02,3.172049106535970164e-01
4.004999999999936833e+00,8.828047004059988989e-01,-1.498676054641442379e+00,1.259985585398504071e+02,4.331723048318532054e-01
4.009999999999936726e+00,8.772584354732884115e-01,-8.521961799265568294e-01,1.401611192020972680e+02,1.646866049484553285e-01
4.014999999999936620e+00,8.768001161156052659e-01,4.063753127915228358e-01,2.521893688812974972e+02,3.682907014633042264e-01
4.019999999999936513e+00,8.833034850980735486e-01,1.889132302433486954e+00,3.053117564428119408e+02,-2.028047457690929090e-02
4.024999999999936406e+00,8.918757380169061166e-01,1.606587388286810025e+00,-2.938028205979535414e+02,6.380339516116038112e-01
4.029999999999936300e+00,9.007416783135018257e-01,1.808645606919224491e+00,1.042124825252435443e+02,2.001523099537825701e+00
4.034999999999936193e+00,9.097545355342885331e-01,1.755242771590518336e+00,-2.856491015543731464e+02,3.000094396477884562e+00
4.039999999999936087e+00,9.184422761600987695e-01,1.820401314881461508e+00,-1.744740279195072574e+01,4.037190885916484895e+00
4.044999999999935980e+00,9.276976356252413236e-01,1.759356563396069717e+00,-3.383870287385751112e+02,4.151208423523793378e+00
4.049999999999935874e+00,9.369444367843585697e-01,1.916089404734710122e+00,-6.163837943109767821e+02,3.838364123635582104e+00
4.054999999999935767e+00,9.453422495260275227e-01,1.972814003607113564e+00,7.636883682954726282e+02,4.193436045320311223e+00
4.059999999999935660e+00,9.537108975674615241e-01,1.780000397028510983e+00,4.154830116800383166e+02,3.508865382694516200e+00
4.064999999999935554e+00,9.628182871989121594e-01,1.861011588144690476e+00,-5.312820789262564176e+02,2.890793715682130838e+00
4.069999999999935447e+00,9.713336167753490180e-01,1.636032075887454695e+00,-2.434132754755100905e+02,2.642299700175980259e+00
4.074999999999935341e+00,9.804172507769284284e-01,1.862305900953474813e+00,-6.945948279122808344e+02,2.271404761745134060e+00
4.079999999999935234e+00,9.885374282081443864e-01,2.147686764872223542e+00,1.201319182538851010e+03,2.646545050042283798e+00
4.084999999999935127e+00,9.978819210445522003e-01,2.565680422687016016e+00,1.656323609610000858e+03,2.650705029923077660e+00
4.089999999999935021e+00,1.006598865368912632e+00,2.809307407390529754e+00,1.520002708895531214e+03,1.957330815230142518e+00
4.094999999999934914e+00,1.014410479472839910e+00,6.988514239281883311e-01,-9.378268387611650496e+02,1.765115638372642515e+00
4.099999999999934808e+00,1.022333884107197388e+00,1.056516627404654241e+00,-9.225163686849524538e+02,2.385154196676269933e+00
4.104999999999934701e+00,1.032300298059198873e+00,1.693789387025997462e+00,-9.847419940045724616e+02,1.918590562137520106e+00
4.109999999999934595e+00,1.040344208158365369e+00,2.403750132841665721e+00,1.653265525938655401e+03,2.338710628227917976e+00
4.114999999999934488e+00,1.048868447274693638e+00,2.901164437416175801e+00,1.703323954636341796e+03,1.693458798160524470e+00
4.119999999999934381e+00,1.057425918223389605e+00,9.229018132876559699e-01,-8.806554967700637917e+02,1.192042543757725337e+00
4.124999999999934275e+00,1.067267037908757876e+00,1.837205067309494844e+00,-8.106388713428029860e+02,1.660648873148575788e+00
4.129999999999934168e+00,1.076135372488672637e+00,2.634011655891895121e+00,1.709555053448865692e+03,1.972053698269894850e+00
4.134999999999934062e+00,1.084026716535582802e+00,8.934712375687163810e-01,-8.581740467973376099e+02,1.304331008278045267e+00
4.139999999999933955e+00,1.094185011795301810e+00,1.912169438621272421e+00,-8.810741544813597557e+02,1.661216300882705443e+00
4.144999999999933848e+00,1.103805883239180385e+00,2.691808803951866391e+00,1.565808324425764113e+03,1.441789075975351109e+00
4.149999999999933742e+00,1.112254177737380445e+00,9.377897181583724207e-01,-9.055036754557252152e+02,6.717842731950484092e-01
4.154999999999933635e+00,1.119852269834272551e+00,1.864007887804510544e+00,1.583493005924041881e+03,2.428368282863751837e+00
4.159999999999933529e+00,1.124868771661743816e+00,3.811522052124171056e-01,-8.043455036049912223e+02,1.414080197671610417e+00
4.164999999999933422e+00,1.130075003302841496e+00,1.399210199943154986e+00,1.451501850499829743e+03,2.650200296552701840e+00
4.169999999999933316e+00,1.133598849336398873e+00,2.238616930022939433e-01,-6.647220881253583684e+02,1.360816854801021325e+00
4.174999999999933209e+00,1.134331844035454395e+00,-5.196738790965699240e-01,-4.922509640815381431e+02,2.176943972194651078e+00
4.179999999999933102e+00,1.135388603628095572e+00,7.305268330149593536e-01,1.323404166820549563e+03,3.012212749353313956e+00
4.184999999999932996e+00,1.135157218307104587e+00,6.383382181962563018e-02,-4.320988156957052979e+02,1.503522221142373327e+00
4.189999999999932889e+00,1.133931254245701847e+00,-4.238645686212287877e-01,-3.661705566980658659e+02,1.909856529712704365e+00
4.194999999999932783e+00,1.132414994106249573e+00,-7.598447877424389096e-01,-4.174490982750607486e+02,2.170596300200501982e+00
4.199999999999932676e+00,1.132533761297900066e+00,4.986346760250766064e-01,1.108536580355943215e+03,2.339224368800883358e+00
4.204999999999932569e+00,1.132415175525611772e+00,1.137204617112269195e-01,-3.231813993749231031e+02,3.461646638632371875e-01
4.209999999999932463e+00,1.131935671063727611e+00,-1.510973664251112902e-01,-2.395699623335214028e+02,8.424754800928897502e-01
4.214999999999932356e+00,1.130963207499017686e+00,-4.807213142397131489e-01,-1.955435144152990006e+02,1.207035855606778174e+00
4.219999999999932250e+00,1.131783253313199067e+00,6.164053682442292015e-01,9.106871620091035311e+02,1.526017433661911671e+00
4.224999999999932143e+00,1.132203720402304992e+00,4.059189465328459367e-01,7.686873519115167710e+02,2.129744616238399835e-01
4.229999999999932037e+00,1.132816876491116398e+00,2.334950358946724092e-01,-1.830360904200351229e+02,-2.774928220287315450e-01
4.234999999999931930e+00,1.134272252256806723e+00,1.150117710838896856e-01,-1.235081874969717148e+02,-3.646964144192162971e-01
4.239999999999931823e+00,1.136876665577631673e+00,5.885826833396564650e-01,-1.453698410196913358e+02,-9.347207654842456526e-01
4.244999999999931717e+00,1.140582140307661474e+00,9.662847795931539530e-01,2.018275819253012457e+02,-1.230425783724672151e+00
4.249999999999931610e+00,1.146255149901417525e+00,1.229954234261781743e+00,-2.735259548073236147e+01,-3.634721941559471592e+00
4.254999999999931504e+00,1.152595843058994429e+00,1.332196663939614334e+00,4.959948835294652980e+01,-5.200045279016510591e+00
4.259999999999931397e+00,1.159445420127642512e+00,1.248382142312980392e+00,-4.322520542615818329e+01,-5.785608676698477559e+00
4.264999999999931291e+00,1.165157276435221823e+00,1.020486828676250068e+00,-5.305096176124931162e+01,-4.884056781151353555e+00
4.269999999999931184e+00,1.168509664926517200e+00,5.091766336300918017e-01,2.650962800463613078e+01,-5.575751899557083391e+00
4.274999999999931077e+00,1.169042577361321333e+00,-1.469905357234968790e-01,-1.527368281144288176e+02,-5.197159165506954892e+00
4.279999999999930971e+00,1.166605340992223683e+00,-6.677624588218535884e-01,2.866379235264077252e+01,-4.737990673146207143e+00
4.284999999999930864e+00,1.161559906511020257e+00,-1.228205995180558174e+00,-1.656033932545076652e+02,-4.386275400219153298e+00
4.289999999999930758e+00,1.154285962379004049e+00,-1.578512502514731519e+00,4.458878776716763070e+01,-4.040659587822754695e+00
4.294999999999930651e+00,1.145092207638958692e+00,-1.979038808037317576e+00,-1.393833402922094820e+02,-3.841113611377032999e+00
4.299999999999930544e+00,1.134591917849562259e+00,-2.130790999255116169e+00,9.819467133403597359e+01,-3.603884048196990264e+00
4.304999999999930438e+00,1.123011785246926797e+00,-2.360740935327997114e+00,-7.260836936931661967e+01,-3.460933671915671361e+00
4.309999999999930331e+00,1.110956853163347358e+00,-2.386911316615452527e+00,1.095962243744502445e+02,-3.406251254468561918e+00
4.314999999999930225e+00,1.098370616334990890e+00,-2.520755518222162372e+00,-5.525530879864805911e+01,-3.410225624774594344e+00
4.319999999999930118e+00,1.085776840568295265e+00,-2.457411625217556406e+00,1.183043255327515197e+02,-3.298885262613016511e+00
4.324999999999930012e+00,1.073090600928687133e+00,-2.490916344716789688e+00,-1.151338078150493516e+01,-3.315682961132506712e+00
4.329999999999929905e+00,1.060735283816394592e+00,-2.409179700030630311e+00,1.055474033081063538e+02,-3.264557486568033795e+00
4.334999999999929798e+00,1.048563290892135180e+00,-2.380006619969109671e+00,-1.760400417176771981e+01,-3.333921704188523627e+00
4.339999999999929692e+00,1.036701268558928968e+00,-2.277934358210999211e+00,1.443220486960892117e+02,-3.291962775677611308e+00
4.344999999999929585e+00,1.025220841143484218e+00,-2.273030685813707041e+00,-2.357926244994912324e+01,-3.362770449273282836e+00
4.349999999999929479e+00,1.013919286553053523e+00,-2.159447298483781807e+00,1.240079334974286809e+02,-3.405204821748392341e+00
4.354999999999929372e+00,1.002701717495356748e+00,-2.214547558326976251e+00,2.274079233972755176e+01,-3.432623719326023615e+00
4.359999999999929265e+00,9.918503051517129077e-01,-2.095434203266370865e+00,5.383350795813866085e+01,-3.125138438312189848e+00
4.364999999999929159e+00,9.812723571613438667e-01,-2.068933679057143316e+00,3.527440915408089239e+01,-3.265657875241460228e+00
4.369999999999929052e+00,9.707324061838342732e-01,-2.096904230754174758e+00,2.683717359318409379e+01,-3.386033466241898715e+00
4.374999999999928946e+00,9.601621328169074321e-01,-2.095077629565307742e+00,-5.174337904024095103e+00,-3.143360690595408791e+00
4.379999999999928839e+00,9.498275428274921550e-01,-2.000292293581702907e+00,9.695159472734199824e+01,-2.963945048559263551e+00
4.384999999999928733e+00,9.393021070316804888e-01,-2.152994945553536876e+00,-4.998931949413251630e+01,-3.304137073743380171e+00
4.389999999999928626e+00,9.288709584637475647e-01,-2.036148143176943925e+00,5.031704837479443171e+01,-2.760834269055671975e+00
4.394999999999928519e+00,9.184031117122868348e-01,-2.097209660070550985e+00,-6.368466519931941860e+01,-2.988994683094627014e+00
4.399999999999928413e+00,9.078295921341467123e-01,-2.088189611414842162e+00,4.811951516965329034e+01,-2.739309229623603237e+00
4.404999999999928306e+00,8.968103049666539262e-01,-2.229376805808979345e+00,-1.117654209121790387e+01,-2.949419329372278131e+00
4.409999999999928200e+00,8.858231657782634771e-01,-2.140494253765079513e+00,6.179161593413050468e+01,-2.199390469692609873e+00
4.414999999999928093e+00,8.748061656953980414e-01,-2.197073644389510694e+00,2.373494250355388413e+00,-2.112086723689828638e+00
4.419999999999927986e+00,8.636627463455956999e-01,-2.223124887057865262e+00,1.411936464554790938e+01,-1.576120885266420357e+00
4.424999999999927880e+00,8.520680746875893830e-01,-2.350726011983259589e+00,-1.323123157706353226e+01,-5.966727312033406339e-01
4.429999999999927773e+00,8.404519605177865893e-01,-2.292925006584777048e+00,1.564272355137479487e+01,-4.664828237713214421e-02
4.434999999999927667e+00,8.297757711587420149e-01,-2.055159542767377445e+00,6.541133098711660487e+00,1.758478078718170856e-01
4.439999999999927560e+00,8.224729109486145218e-01,-1.080413371936127298e+00,2.106383830744950103e+02,7.982080180674462344e-01
4.444999999999927454e+00,8.203811287660415230e-01,5.414446458692377673e-02,2.730561651170509663e+02,7.858052569234940110e-01
4.449999999999927347e+00,8.257965557550629443e-01,1.741167073510119234e+00,3.054357704551954384e+02,7.417337352565220865e-01
4.454999999999927240e+00,8.351448943241902567e-01,1.709146373850883416e+00,-2.206794792049346370e+02,1.507978157710740730e+00
4.459999999999927134e+00,8.448706469138965724e-01,1.792087592096365478e+00,-4.309337363386954962e+02,2.983436675414838923e+00
4.464999999999927027e+00,8.540095418638268265e-01,1.818751582222992269e+00,-5.015831726963546089e+01,4.464620839945653508e+00
4.469999999999926921e+00,8.635607856734237586e-01,1.819322507811807377e+00,-4.141578388118240923e+02,5.180019951120243604e+00
4.474999999999926814e+00,8.726489901065166421e-01,1.828618823648863190e+00,-4.255343995136464059e+02,5.344989459787527153e+00
4.479999999999926708e+00,8.823332071970443335e-01,1.923111885582068359e+00,-5.853989304950134738e+02,4.960000384549294594e+00
4.484999999999926601e+00,8.923951481084398951e-01,2.038584946842194157e+00,-8.754441164642049671e+02,4.092940344454495616e+00
4.489999999999926494e+00,9.018304381730525288e-01,1.815917317094573935e+00,-3.468918128200786555e+02,3.995153905085898849e+00
4.494999999999926388e+00,9.115480631934238520e-01,1.992421748962411199e+00,-9.035918064013590083e+02,3.283591668336494962e+00
4.499999999999926281e+00,9.211176140235286525e-01,1.876645968283367827e+00,-5.539250400729137027e+02,3.306994782435823677e+00
4.504999999999926175e+00,9.307445707995215534e-01,1.921484044713423822e+00,-7.705115888858442759e+02,3.056656777114816315e+00
4.509999999999926068e+00,9.402197703533909934e-01,1.853981909393761285e+00,-7.032951135198161410e+02,2.849079002461662569e+00
4.514999999999925961e+00,9.493029984520291453e-01,1.780679260881093295e+00,-4.401612378897635267e+02,3.064555255165623215e+00
4.519999999999925855e+00,9.585054748834718197e-01,1.895271621813716445e+00,-6.738236176043312753e+02,2.797471599507145967e+00
4.524999999999925748e+00,9.666556821747526174e-01,1.866732322739075078e+00,6.288482716360690574e+02,3.132604449511827482e+00
4.529999999999925642e+00,9.744355970757024865e-01,2.260092691238297480e+00,1.643868480009728728e+03,3.960664733238299373e+00
4.534999999999925535e+00,9.839113722936326800e-01,2.537203161544347996e+00,1.525012392126367104e+03,3.477892832956221092e+00
4.539999999999925429e+00,9.908736691982000799e-01,7.774561524302598947e-01,-6.150771604274540323e+02,3.292187574006922191e+00
4.544999999999925322e+00,1.000352847446927651e+00,1.079488853171635787e+00,-1.010169779232722021e+03,3.764479650252364973e+00
4.549999999999925215e+00,1.010715974218951763e+00,1.849589469545411813e+00,-8.635977469132996021e+02,2.851490175710975628e+00
4.554999999999925109e+00,1.019115696754648415e+00,2.509007905493366497e+00,1.782876034916889239e+03,3.149905414701430484e+00
4.559999999999925002e+00,1.026253022245842361e+00,1.358477199173933503e+00,-1.450184078648777763e+01,2.122740115410397532e+00
4.564999999999924896e+00,1.032939399238150147e+00,4.788051154957568278e-01,-9.205845180439987416e+02,2.960050734015287066e+00
4.569999999999924789e+00,1.041851130248767188e+00,1.009805781906752742e+00,-8.568095507992352395e+02,2.594455179213817075e+00
4.574999999999924682e+00,1.051377530280429795e+00,1.732679000862391350e+00,-8.404622983952984896e+02,1.927907142865649348e+00
4.579999999999924576e+00,1.059473647903313775e+00,2.422959137298388299e+00,1.652593999995872764e+03,2.370166412885398532e+00
4.584999999999924469e+00,1.068402273998000584e+00,2.949380631774205064e+00,1.634657063460590280e+03,1.324517259844670392e+00
4.589999999999924363e+00,1.076886253746390798e+00,8.703466506170989270e-01,-9.589646704227433247e+02,7.328794060749217465e-01
4.594999999999924256e+00,1.086257393267676230e+00,1.660527396564306146e+00,-8.719572657917901779e+02,1.050482826390621849e+00
4.599999999999924150e+00,1.094368960499165322e+00,2.222882847389624938e+00,1.284048259419790611e+03,1.202830669840988520e+00
4.604999999999924043e+00,1.104066427224776437e+00,2.592352960812057461e+00,1.571945667987158231e+03,5.693551049636763617e-01
4.609999999999923936e+00,1.111133286849516288e+00,7.940859814774441361e-01,-6.546835397441446958e+02,6.794379968617647592e-02
4.614999999999923830e+00,1.118996587665464393e+00,1.249826424681916182e+00,-6.318032732678663024e+02,5.471901724177670179e-01
4.619999999999923723e+00,1.128620323568355621e+00,1.729089674867273718e+00,-8.171871140563360996e+02,-3.162953372133601171e-01
4.624999999999923617e+00,1.136528094620655738e+00,2.316869587373385109e+00,1.555886835854558967e+03,-3.150466863216339064e-02
4.629999999999923510e+00,1.142424488688620343e+00,6.058859164951317933e-01,-6.115136573218800322e+02,-1.040975740928081983e+00
4.634999999999923403e+00,1.149134785345002019e+00,1.135679996039156370e+00,-7.297699195715958922e+02,-4.240149313251156959e-01
4.639999999999923297e+00,1.154356740465091180e+00,1.431957383193281474e+00,7.792929424658212838e+02,-4.937475807663928018e-01
4.644999999999923190e+00,1.160747430055692364e+00,1.935134278353177750e+00,1.409604137765551741e+03,-9.687251034880337563e-01
4.649999999999923084e+00,1.164944056572181585e+00,2.245056724268546244e-01,-6.794610000453476459e+02,-1.542416377862407373e+00
4.654999999999922977e+00,1.170063914865765220e+00,9.032997278464468538e-01,-6.851755828515255189e+02,-1.027413729678801957e+00
4.659999999999922871e+00,1.174087852979077251e+00,1.481746182232869469e+00,1.367208366888191904e+03,-9.062034841573792798e-01
4.664999999999922764e+00,1.176766958996489087e+00,2.763254856372836937e-03,-6.155524126253793611e+02,-1.698002233115470716e+00
4.669999999999922657e+00,1.180762206520759028e+00,7.242022954524649503e-01,-6.127524139871096622e+02,-1.241273856685626953e+00
4.674999999999922551e+00,1.184041574423283727e+00,1.251397924872674539e+00,1.208053136895558282e+03,-1.324887747563990192e+00
4.679999999999922444e+00,1.185961264945451177e+00,-1.004937701039644721e-01,-5.551049616337916177e+02,-1.997516267045354343e+00
4.684999999999922338e+00,1.188946212131111624e+00,5.401391240725113008e-01,-5.255394341092742252e+02,-1.642922617399658280e+00
4.689999999999922231e+00,1.190912172714289508e+00,8.913485570039245687e-01,1.060602183653574457e+03,-1.657011852414342234e+00
4.694999999999922125e+00,1.191738081027277518e+00,-2.136406847861313796e-01,-4.504486096758579379e+02,-2.457814155761650188e+00
4.699999999999922018e+00,1.193626589207344102e+00,3.240928018606896166e-01,-4.208893653162019746e+02,-1.977324382223582200e+00
4.704999999999921911e+00,1.193930256733344741e+00,4.969998776546536434e-01,9.426075664346560643e+02,-1.921715871637381889e+00
4.709999999999921805e+00,1.193767999255833212e+00,-3.176778711569390179e-01,-3.559626749179540752e+02,-2.455855774338504105e+00
4.714999999999921698e+00,1.194245808673129128e+00,2.551998171034831620e-01,5.900945363384871598e+02,-1.473943354717237586e+00
4.719999999999921592e+00,1.194194523116933748e+00,-1.735331192958425861e-01,-2.425926388313483244e+02,-2.322300107730006946e+00
4.724999999999921485e+00,1.195116752104016022e+00,1.174775680088095964e-01,-3.015551383130365366e+02,-2.086625107140744007e+00
4.729999999999921378e+00,1.195850378971277994e+00,3.515309646944792532e-01,4.486850702785002341e+02,-2.147403960616660612e+00
4.734999999999921272e+00,1.196174239206160506e+00,-8.187687644661267861e-02,-1.991079367587713023e+02,-2.553965477510859561e+00
4.739999999999921165e+00,1.197309333028219847e+00,3.548959973454325345e-01,3.925468245191674441e+02,-2.134164842854811450e+00
4.744999999999921059e+00,1.198083914609147094e+00,5.574344608356896630e-02,-1.446823237065634089e+02,-2.938327867673363958e+00
4.749999999999920952e+00,1.198891615918262987e+00,1.507665781666948368e-01,-1.669647856901519560e+02,-2.470333998317876922e+00
4.754999999999920846e+00,1.198725661063198888e+00,-1.219196932506523556e-01,-1.078686645802849711e+02,-1.906174879847436721e+00
4.759999999999920739e+00,1.198379570215348133e+00,-9.617946987241422774e-02,-9.439871097530146926e+01,-1.100065253756169925e+00
4.764999999999920632e+00,1.197708306371232156e+00,-5.843732378566093150e-02,1.116808397961084864e+02,-1.467188174769571640e+00
4.769999999999920526e+00,1.198000039168434672e+00,-8.192716646493124200e-02,-1.008916364515924187e+02,-2.208264124622238089e+00
4.774999999999920419e+00,1.198097550972701431e+00,2.048687261865987930e-01,2.872239760649375171e+02,-3.085365270188596742e+00
4.779999999999920313e+00,1.198214246469194499e+00,1.984576235111987566e-02,-5.445194346317931888e+01,-4.322143778208175746e+00
4.784999999999920206e+00,1.198540910238209189e+00,1.239286483899669326e-02,3.371016207697863365e+01,-4.971114033871093518e+00
4.789999999999920099e+00,1.198317262299561037e+00,-6.861468942504495017e-02,5.114303276467617110e+01,-5.114953133771458660e+00
4.794999999999919993e+00,1.197771933958011736e+00,-1.004169969585620020e-01,8.977441722120406098e+01,-5.027359848466669945e+00
4.799999999999919886e+00,1.196929175311246762e+00,-1.791616331692391095e-01,1.750047659588840787e+01,-4.940316756519902874e+00
4.804999999999919780e+00,1.195646672484608208e+00,-3.261175134031388811e-01,-1.231528755559115069e+02,-4.943944545735263318e+00
4.809999999999919673e+00,1.194067555501470812e+00,-3.290563581518557990e-01,1.051229888620994402e+01,-4.757984284178855106e+00
4.814999999999919567e+00,1.192219170980336473e+00,-4.025584119903231062e-01,-6.099671091033604853e+01,-4.770926203888909534e+00
4.819999999999919460e+00,1.190238710811460487e+00,-4.044549909694898360e-01,1.008941245006541187e+01,-4.782714854497003287e+00
4.824999999999919353e+00,1.188384640740481224e+00,-3.271023262682360433e-01,5.179596875624622498e+01,-4.513726447880258341e+00
4.829999999999919247e+00,1.186747180488145315e+00,-2.811846061282919917e-01,4.308128952965202529e+01,-4.831647016250578019e+00
4.834999999999919140e+00,1.185317328981703833e+00,-2.787623245219580936e-01,-3.625482966926182549e+00,-5.060785936924685480e+00
4.839999999999919034e+00,1.183916806025589796e+00,-2.435643875802466496e-01,3.600060476736384629e+01,-5.323890732395692105e+00
4.844999999999918927e+00,1.182721655983729026e+00,-1.671311946711103447e-01,7.325407576346087524e+01,-5.022798517834764276e+00
4.849999999999918820e+00,1.181832720946835114e+00,-1.663013442088053517e-01,-1.965110730042422205e+01,-5.399187009889338640e+00
4.854999999999918714e+00,1.180934945794964497e+00,-1.486487708033317756e-01,3.952833928514523620e+01,-5.711874211554341940e+00
4.859999999999918607e+00,1.180083902068279400e+00,-1.130285500809374982e-01,6.875011588181131117e+01,-5.372112180177930796e+00
4.864999999999918501e+00,1.179320932958770607e+00,-1.779799001409105574e-01,-5.656888256111321311e+01,-5.745864577987769728e+00
4.869999999999918394e+00,1.178272873909261165e+00,-1.858482739584981502e-01,4.902008960705806118e+01,-5.977758868803910275e+00
4.874999999999918288e+00,1.177013613101745015e+00,-2.117873425065875115e-01,7.403326718907608495e+01,-5.575149010814672401e+00
4.879999999999918181e+00,1.175676411714020153e+00,-3.126596358583088597e-01,-8.598489913382724126e+01,-5.942817186165730625e+00
4.884999999999918074e+00,1.173873797517881012e+00,-3.583803619423540643e-01,3.568005531254285501e+01,-6.109416417913346109e+00
4.889999999999917968e+00,1.171708326859786098e+00,-4.006413446235245757e-01,6.111554966338525929e+01,-5.700183431735523776e+00
4.894999999999917861e+00,1.169349828281103898e+00,-4.850212717001871621e-01,2.672438762023638859e+01,-5.929054310665354599e+00
4.899999999999917755e+00,1.166487315084443699e+00,-5.667428789541889556e-01,9.772173302279433926e+01,-5.512472772203951266e+00
4.904999999999917648e+00,1.163304264296254109e+00,-7.326614894334946282e-01,-8.615027103846568934e+01,-5.808183479379760428e+00
4.909999999999917542e+00,1.159193606639947527e+00,-9.397889007698662089e-01,-6.464188800427265846e+01,-6.041800073812869876e+00
4.914999999999917435e+00,1.154133139602577574e+00,-1.108877838010737804e+00,-1.019295496940241463e+02,-5.446447193553095367e+00
4.919999999999917328e+00,1.148661113450218263e+00,-1.106271092878810647e+00,1.945644396671652743e+01,-5.035490130784538110e+00
4.924999999999917222e+00,1.142550614722215307e+00,-1.258863496216401145e+00,3.749892290358474156e+00,-5.224266163073481017e+00
4.929999999999917115e+00,1.135844643097241757e+00,-1.374271920351150644e+00,-3.299381028534509142e+01,-4.745614995339550113e+00
4.934999999999917009e+00,1.128397256767607271e+00,-1.580849555710592602e+00,-6.283048387321785277e+00,-5.001725496723886444e+00
4.939999999999916902e+00,1.120020426401784563e+00,-1.713904080137726549e+00,-2.452413881189722478e+00,-4.092177067019754588e+00
4.944999999999916795e+00,1.110948206675091532e+00,-1.866815540641433069e+00,3.051307052431058509e+01,-3.025291185774023006e+00
4.949999999999916689e+00,1.100600007080261289e+00,-2.229635856097071933e+00,-1.175435456576894637e+02,-2.799581017004457273e+00
4.954999999999916582e+00,1.087907638814488598e+00,-2.716864013522196419e+00,-6.456636300958108166e+01,-1.960629060687126390e+00
4.959999999999916476e+00,1.075025608465585814e+00,-2.436479132087179700e+00,1.278308947340734818e+02,-5.127193282335367197e-01
4.964999999999916369e+00,1.063757368748910581e+00,-2.131538355214364522e+00,6.167812501605623510e+01,-7.428604308904021014e-01
4.969999999999916263e+00,1.054699360612045167e+00,-1.592666621504504221e+00,1.088179359985307144e+02,-7.055008828838590373e-01
4.974999999999916156e+00,1.049060410356488227e+00,-8.038944710084936496e-01,1.921938302146414230e+02,-5.422681107106730458e-01
4.979999999999916049e+00,1.047296268119372931e+00,-7.608613345780632087e-02,9.967630517501319787e+01,-1.164054997344625253e+00
4.984999999999915943e+00,1.050313742335383216e+00,1.030677026822425235e+00,2.294526714630159745e+02,-1.300464257583049843e+00
4.989999999999915836e+00,1.056864043231530825e+00,1.149125228416225220e+00,-2.846341332148071501e+02,-1.750614037986925053e+00
4.994999999999915730e+00,1.063534886727332429e+00,1.423654285809565101e+00,2.701122801185257458e+02,-1.453380767639864457e+00
4.999999999999915623e+00,1.070307989709865737e+00,1.279109754679637945e+00,-3.884481712219204610e+02,-1.046436948719675186e+00
