600 0.6000 0.0010 2.731257 -5.886000 -9.810000 None [[0.0, 0.0, 0.0, 0.0, 0.0, 0.0], [0.0, 0.0, 0.0, 0.0, 0.0, 0.0]]
601 0.6010 0.0010 2.725361 -5.895810 -9.810000 None [[0.0, 0.0, 0.0, 0.0, 0.0, 0.0], [0.0, 0.0, 0.0, 0.0, 0.0, 0.0]]
602 0.6020 0.0010 2.719456 -5.905620 -9.810000 None [[0.0, 0.0, 0.0, 0.0, 0.0, 0.0], [0.0, 0.0, 0.0, 0.0, 0.0, 0.0]]
603 0.6030 0.0010 2.713540 -5.915430 -9.810000 None [[0.0, 0.0, 0.0, 0.0, 0.0, 0.0], [0.0, 0.0, 0.0, 0.0, 0.0, 0.0]]
604 0.6040 0.0010 2.707615 -5.925240 -9.810000 None [[0.0, 0.0, 0.0, 0.0, 0.0, 0.0], [0.0, 0.0, 0.0, 0.0, 0.0, 0.0]]
605 0.6050 0.0010 2.701680 -5.935050 -9.810000 None [[0.0, 0.0, 0.0, 0.0, 0.0, 0.0], [0.0, 0.0, 0.0, 0.0, 0.0, 0.0]]
606 0.6060 0.0010 2.695735 -5.944860 -9.810000 None [[0.0, 0.0, 0.0, 0.0, 0.0, 0.0], [0.0, 0.0, 0.0, 0.0, 0.0, 0.0]]
607 0.6070 0.0010 2.689780 -5.954670 -9.810000 None [[0.0, 0.0, 0.0, 0.0, 0.0, 0.0], [0.0, 0.0, 0.0, 0.0, 0.0, 0.0]]
608 0.6080 0.0010 2.683816 -5.964480 -9.810000 None [[0.0, 0.0, 0.0, 0.0, 0.0, 0.0], [0.0, 0.0, 0.0, 0.0, 0.0, 0.0]]
609 0.6090 0.0010 2.677842 -5.974290 -9.810000 None [[0.0, 0.0, 0.0, 0.0, 0.0, 0.0], [0.0, 0.0, 0.0, 0.0, 0.0, 0.0]]
610 0.6100 0.0010 2.671857 -5.984100 -9.810000 None [[0.0, 0.0, 0.0, 0.0, 0.0, 0.0], [0.0, 0.0, 0.0, 0.0, 0.0, 0.0]]
611 0.6110 0.0010 2.665864 -5.993910 -9.810000 None [[0.0, 0.0, 0.0, 0.0, 0.0, 0.0], [0.0, 0.0, 0.0, 0.0, 0.0, 0.0]]
612 0.6120 0.0010 2.659860 -6.003720 -9.810000 None [[0.0, 0.0, 0.0, 0.0, 0.0, 0.0], [0.0, 0.0, 0.0, 0.0, 0.0, 0.0]]
613 0.6130 0.0010 2.653846 -6.013530 -9.810000 None [[0.0, 0.0, 0.0, 0.0, 0.0, 0.0], [0.0, 0.0, 0.0, 0.0, 0.0, 0.0]]
614 0.6140 0.0010 2.647823 -6.023340 -9.810000 None [[0.0, 0.0, 0.0, 0.0, 0.0, 0.0], [0.0, 0.0, 0.0, 0.0, 0.0, 0.0]]
615 0.6150 0.0010 2.641790 -6.033150 -9.810000 None [[0.0, 0.0, 0.0, 0.0, 0.0, 0.0], [0.0, 0.0, 0.0, 0.0, 0.0, 0.0]]
616 0.6160 0.0010 2.635747 -6.042960 -9.810000 None [[0.0, 0.0, 0.0, 0.0, 0.0, 0.0], [0.0, 0.0, 0.0, 0.0, 0.0, 0.0]]
617 0.6170 0.0010 2.629694 -6.052770 -9.810000 None [[0.0, 0.0, 0.0, 0.0, 0.0, 0.0], [0.0, 0.0, 0.0, 0.0, 0.0, 0.0]]
618 0.6180 0.0010 2.623631 -6.062580 -9.810000 None [[0.0, 0.0, 0.0, 0.0, 0.0, 0.0], [0.0, 0.0, 0.0, 0.0, 0.0, 0.0]]
619 0.6190 0.0010 2.617559 -6.072390 -9.810000 None [[0.0, 0.0, 0.0, 0.0, 0.0, 0.0], [0.0, 0.0, 0.0, 0.0, 0.0, 0.0]]
620 0.6200 0.0010 2.611477 -6.082200 -9.810000 None [[0.0, 0.0, 0.0, 0.0, 0.0, 0.0], [0.0, 0.0, 0.0, 0.0, 0.0, 0.0]]
621 0.6210 0.0010 2.605385 -6.092010 -9.810000 None [[0.0, 0.0, 0.0, 0.0, 0.0, 0.0], [0.0, 0.0, 0.0, 0.0, 0.0, 0.0]]
622 0.6220 0.0010 2.599283 -6.101820 -9.810000 None [[0.0, 0.0, 0.0, 0.0, 0.0, 0.0], [0.0, 0.0, 0.0, 0.0, 0.0, 0.0]]
623 0.6230 0.0010 2.593171 -6.111630 -9.810000 None [[0.0, 0.0, 0.0, 0.0, 0.0, 0.0], [0.0, 0.0, 0.0, 0.0, 0.0, 0.0]]
624 0.6240 0.0010 2.587050 -6.121440 -9.810000 None [[0.0, 0.0, 0.0, 0.0, 0.0, 0.0], [0.0, 0.0, 0.0, 0.0, 0.0, 0.0]]
625 0.6250 0.0010 2.580919 -6.131250 -9.810000 None [[0.0, 0.0, 0.0, 0.0, 0.0, 0.0], [0.0, 0.0, 0.0, 0.0, 0.0, 0.0]]
626 0.6260 0.0010 2.574778 -6.141060 -9.810000 None [[0.0, 0.0, 0.0, 0.0, 0.0, 0.0], [0.0, 0.0, 0.0, 0.0, 0.0, 0.0]]
627 0.6270 0.0010 2.568627 -6.150870 -9.810000 None [[0.0, 0.0, 0.0, 0.0, 0.0, 0.0], [0.0, 0.0, 0.0, 0.0, 0.0, 0.0]]
628 0.6280 0.0010 2.562466 -6.160680 -9.810000 None [[0.0, 0.0, 0.0, 0.0, 0.0, 0.0], [0.0, 0.0, 0.0, 0.0, 0.0, 0.0]]
629 0.6290 0.0010 2.556296 -6.170490 -9.810000 None [[0.0, 0.0, 0.0, 0.0, 0.0, 0.0], [0.0, 0.0, 0.0, 0.0, 0.0, 0.0]]
630 0.6300 0.0010 2.550115 -6.180300 -9.810000 None [[0.0, 0.0, 0.0, 0.0, 0.0, 0.0], [0.0, 0.0, 0.0, 0.0, 0.0, 0.0]]
631 0.6310 0.0010 2.543925 -6.190110 -9.810000 None [[0.0, 0.0, 0.0, 0.0, 0.0, 0.0], [0.0, 0.0, 0.0, 0.0, 0.0, 0.0]]
632 0.6320 0.0010 2.537725 -6.199920 -9.810000 None [[0.0, 0.0, 0.0, 0.0, 0.0, 0.0], [0.0, 0.0, 0.0, 0.0, 0.0, 0.0]]
633 0.6330 0.0010 2.531516 -6.209730 -9.810000 None [[0.0, 0.0, 0.0, 0.0, 0.0, 0.0], [0.0, 0.0, 0.0, 0.0, 0.0, 0.0]]
634 0.6340 0.0010 2.525296 -6.219540 -9.810000 None [[0.0, 0.0, 0.0, 0.0, 0.0, 0.0], [0.0, 0.0, 0.0, 0.0, 0.0, 0.0]]
635 0.6350 0.0010 2.519067 -6.229350 -9.810000 None [[0.0, 0.0, 0.0, 0.0, 0.0, 0.0], [0.0, 0.0, 0.0, 0.0, 0.0, 0.0]]
636 0.6360 0.0010 2.512828 -6.239160 -9.810000 None [[0.0, 0.0, 0.0, 0.0, 0.0, 0.0], [0.0, 0.0, 0.0, 0.0, 0.0, 0.0]]
637 0.6370 0.0010 2.506579 -6.248970 -9.810000 None [[0.0, 0.0, 0.0, 0.0, 0.0, 0.0], [0.0, 0.0, 0.0, 0.0, 0.0, 0.0]]
638 0.6380 0.0010 2.500320 -6.258780 8668.328239 [{'depth': 0.00018020999999501797, 'geomIdA': 0, 'geomIdB': 1, 'modifiedDepth': 0.0, 'nhat_AB_W': [-0.0, -0.0, 1.0], 'p_WC': [0.0, 0.0, 2.0004098950000024], 'p_WCa': [0.0, 0.0, 2.0005], 'p_WCb': [0.0, 0.0, 2.000319790000005]}] [[0.0, 0.0, -8678.138239452664, 0.0, 0.0, 0.0], [0.0, 0.0, 8678.138239452664, 0.0, 0.0, 0.0]]
639 0.6390 0.0010 2.502729 2.409548 -9.810000 None [[0.0, 0.0, 0.0, 0.0, 0.0, 0.0], [0.0, 0.0, 0.0, 0.0, 0.0, 0.0]]
640 0.6400 0.0010 2.505129 2.399738 -9.810000 None [[0.0, 0.0, 0.0, 0.0, 0.0, 0.0], [0.0, 0.0, 0.0, 0.0, 0.0, 0.0]]
641 0.6410 0.0010 2.507519 2.389928 -9.810000 None [[0.0, 0.0, 0.0, 0.0, 0.0, 0.0], [0.0, 0.0, 0.0, 0.0, 0.0, 0.0]]
642 0.6420 0.0010 2.509899 2.380118 -9.810000 None [[0.0, 0.0, 0.0, 0.0, 0.0, 0.0], [0.0, 0.0, 0.0, 0.0, 0.0, 0.0]]
643 0.6430 0.0010 2.512269 2.370308 -9.810000 None [[0.0, 0.0, 0.0, 0.0, 0.0, 0.0], [0.0, 0.0, 0.0, 0.0, 0.0, 0.0]]
644 0.6440 0.0010 2.514630 2.360498 -9.810000 None [[0.0, 0.0, 0.0, 0.0, 0.0, 0.0], [0.0, 0.0, 0.0, 0.0, 0.0, 0.0]]
645 0.6450 0.0010 2.516981 2.350688 -9.810000 None [[0.0, 0.0, 0.0, 0.0, 0.0, 0.0], [0.0, 0.0, 0.0, 0.0, 0.0, 0.0]]
646 0.6460 0.0010 2.519321 2.340878 -9.810000 None [[0.0, 0.0, 0.0, 0.0, 0.0, 0.0], [0.0, 0.0, 0.0, 0.0, 0.0, 0.0]]
647 0.6470 0.0010 2.521653 2.331068 -9.810000 None [[0.0, 0.0, 0.0, 0.0, 0.0, 0.0], [0.0, 0.0, 0.0, 0.0, 0.0, 0.0]]
648 0.6480 0.0010 2.523974 2.321258 -9.810000 None [[0.0, 0.0, 0.0, 0.0, 0.0, 0.0], [0.0, 0.0, 0.0, 0.0, 0.0, 0.0]]
649 0.6490 0.0010 2.526285 2.311448 -9.810000 None [[0.0, 0.0, 0.0, 0.0, 0.0, 0.0], [0.0, 0.0, 0.0, 0.0, 0.0, 0.0]]
650 0.6500 0.0010 2.528587 2.301638 -9.810000 None [[0.0, 0.0, 0.0, 0.0, 0.0, 0.0], [0.0, 0.0, 0.0, 0.0, 0.0, 0.0]]
651 0.6510 0.0010 2.530879 2.291828 -9.810000 None [[0.0, 0.0, 0.0, 0.0, 0.0, 0.0], [0.0, 0.0, 0.0, 0.0, 0.0, 0.0]]
652 0.6520 0.0010 2.533161 2.282018 -9.810000 None [[0.0, 0.0, 0.0, 0.0, 0.0, 0.0], [0.0, 0.0, 0.0, 0.0, 0.0, 0.0]]
653 0.6530 0.0010 2.535433 2.272208 -9.810000 None [[0.0, 0.0, 0.0, 0.0, 0.0, 0.0], [0.0, 0.0, 0.0, 0.0, 0.0, 0.0]]
654 0.6540 0.0010 2.537695 2.262398 -9.810000 None [[0.0, 0.0, 0.0, 0.0, 0.0, 0.0], [0.0, 0.0, 0.0, 0.0, 0.0, 0.0]]
655 0.6550 0.0010 2.539948 2.252588 -9.810000 None [[0.0, 0.0, 0.0, 0.0, 0.0, 0.0], [0.0, 0.0, 0.0, 0.0, 0.0, 0.0]]
656 0.6560 0.0010 2.542191 2.242778 -9.810000 None [[0.0, 0.0, 0.0, 0.0, 0.0, 0.0], [0.0, 0.0, 0.0, 0.0, 0.0, 0.0]]
657 0.6570 0.0010 2.544424 2.232968 -9.810000 None [[0.0, 0.0, 0.0, 0.0, 0.0, 0.0], [0.0, 0.0, 0.0, 0.0, 0.0, 0.0]]
658 0.6580 0.0010 2.546647 2.223158 -9.810000 None [[0.0, 0.0, 0.0, 0.0, 0.0, 0.0], [0.0, 0.0, 0.0, 0.0, 0.0, 0.0]]
659 0.6590 0.0010 2.548860 2.213348 -9.810000 None [[0.0, 0.0, 0.0, 0.0, 0.0, 0.0], [0.0, 0.0, 0.0, 0.0, 0.0, 0.0]]
660 0.6600 0.0010 2.551064 2.203538 -9.810000 None [[0.0, 0.0, 0.0, 0.0, 0.0, 0.0], [0.0, 0.0, 0.0, 0.0, 0.0, 0.0]]
661 0.6610 0.0010 2.553257 2.193728 -9.810000 None [[0.0, 0.0, 0.0, 0.0, 0.0, 0.0], [0.0, 0.0, 0.0, 0.0, 0.0, 0.0]]
662 0.6620 0.0010 2.555441 2.183918 -9.810000 None [[0.0, 0.0, 0.0, 0.0, 0.0, 0.0], [0.0, 0.0, 0.0, 0.0, 0.0, 0.0]]
663 0.6630 0.0010 2.557615 2.174108 -9.810000 None [[0.0, 0.0, 0.0, 0.0, 0.0, 0.0], [0.0, 0.0, 0.0, 0.0, 0.0, 0.0]]
664 0.6640 0.0010 2.559780 2.164298 -9.810000 None [[0.0, 0.0, 0.0, 0.0, 0.0, 0.0], [0.0, 0.0, 0.0, 0.0, 0.0, 0.0]]
665 0.6650 0.0010 2.561934 2.154488 -9.810000 None [[0.0, 0.0, 0.0, 0.0, 0.0, 0.0], [0.0, 0.0, 0.0, 0.0, 0.0, 0.0]]
666 0.6660 0.0010 2.564079 2.144678 -9.810000 None [[0.0, 0.0, 0.0, 0.0, 0.0, 0.0], [0.0, 0.0, 0.0, 0.0, 0.0, 0.0]]
667 0.6670 0.0010 2.566214 2.134868 -9.810000 None [[0.0, 0.0, 0.0, 0.0, 0.0, 0.0], [0.0, 0.0, 0.0, 0.0, 0.0, 0.0]]
668 0.6680 0.0010 2.568339 2.125058 -9.810000 None [[0.0, 0.0, 0.0, 0.0, 0.0, 0.0], [0.0, 0.0, 0.0, 0.0, 0.0, 0.0]]
669 0.6690 0.0010 2.570454 2.115248 -9.810000 None [[0.0, 0.0, 0.0, 0.0, 0.0, 0.0], [0.0, 0.0, 0.0, 0.0, 0.0, 0.0]]
670 0.6700 0.0010 2.572560 2.105438 -9.810000 None [[0.0, 0.0, 0.0, 0.0, 0.0, 0.0], [0.0, 0.0, 0.0, 0.0, 0.0, 0.0]]
671 0.6710 0.0010 2.574655 2.095628 -9.810000 None [[0.0, 0.0, 0.0, 0.0, 0.0, 0.0], [0.0, 0.0, 0.0, 0.0, 0.0, 0.0]]
672 0.6720 0.0010 2.576741 2.085818 -9.810000 None [[0.0, 0.0, 0.0, 0.0, 0.0, 0.0], [0.0, 0.0, 0.0, 0.0, 0.0, 0.0]]
673 0.6730 0.0010 2.578817 2.076008 -9.810000 None [[0.0, 0.0, 0.0, 0.0, 0.0, 0.0], [0.0, 0.0, 0.0, 0.0, 0.0, 0.0]]
674 0.6740 0.0010 2.580883 2.066198 -9.810000 None [[0.0, 0.0, 0.0, 0.0, 0.0, 0.0], [0.0, 0.0, 0.0, 0.0, 0.0, 0.0]]
675 0.6750 0.0010 2.582940 2.056388 -9.810000 None [[0.0, 0.0, 0.0, 0.0, 0.0, 0.0], [0.0, 0.0, 0.0, 0.0, 0.0, 0.0]]
676 0.6760 0.0010 2.584986 2.046578 -9.810000 None [[0.0, 0.0, 0.0, 0.0, 0.0, 0.0], [0.0, 0.0, 0.0, 0.0, 0.0, 0.0]]
677 0.6770 0.0010 2.587023 2.036768 -9.810000 None [[0.0, 0.0, 0.0, 0.0, 0.0, 0.0], [0.0, 0.0, 0.0, 0.0, 0.0, 0.0]]
678 0.6780 0.0010 2.589050 2.026958 -9.810000 None [[0.0, 0.0, 0.0, 0.0, 0.0, 0.0], [0.0, 0.0, 0.0, 0.0, 0.0, 0.0]]
679 0.6790 0.0010 2.591067 2.017148 -9.810000 None [[0.0, 0.0, 0.0, 0.0, 0.0, 0.0], [0.0, 0.0, 0.0, 0.0, 0.0, 0.0]]
680 0.6800 0.0010 2.593074 2.007338 -9.810000 None [[0.0, 0.0, 0.0, 0.0, 0.0, 0.0], [0.0, 0.0, 0.0, 0.0, 0.0, 0.0]]
681 0.6810 0.0010 2.595072 1.997528 -9.810000 None [[0.0, 0.0, 0.0, 0.0, 0.0, 0.0], [0.0, 0.0, 0.0, 0.0, 0.0, 0.0]]
682 0.6820 0.0010 2.597060 1.987718 -9.810000 None [[0.0, 0.0, 0.0, 0.0, 0.0, 0.0], [0.0, 0.0, 0.0, 0.0, 0.0, 0.0]]
683 0.6830 0.0010 2.599038 1.977908 -9.810000 None [[0.0, 0.0, 0.0, 0.0, 0.0, 0.0], [0.0, 0.0, 0.0, 0.0, 0.0, 0.0]]
684 0.6840 0.0010 2.601006 1.968098 -9.810000 None [[0.0, 0.0, 0.0, 0.0, 0.0, 0.0], [0.0, 0.0, 0.0, 0.0, 0.0, 0.0]]
685 0.6850 0.0010 2.602964 1.958288 -9.810000 None [[0.0, 0.0, 0.0, 0.0, 0.0, 0.0], [0.0, 0.0, 0.0, 0.0, 0.0, 0.0]]
686 0.6860 0.0010 2.604912 1.948478 -9.810000 None [[0.0, 0.0, 0.0, 0.0, 0.0, 0.0], [0.0, 0.0, 0.0, 0.0, 0.0, 0.0]]
687 0.6870 0.0010 2.606851 1.938668 -9.810000 None [[0.0, 0.0, 0.0, 0.0, 0.0, 0.0], [0.0, 0.0, 0.0, 0.0, 0.0, 0.0]]
688 0.6880 0.0010 2.608780 1.928858 -9.810000 None [[0.0, 0.0, 0.0, 0.0, 0.0, 0.0], [0.0, 0.0, 0.0, 0.0, 0.0, 0.0]]
689 0.6890 0.0010 2.610699 1.919048 -9.810000 None [[0.0, 0.0, 0.0, 0.0, 0.0, 0.0], [0.0, 0.0, 0.0, 0.0, 0.0, 0.0]]
690 0.6900 0.0010 2.612608 1.909238 -9.810000 None [[0.0, 0.0, 0.0, 0.0, 0.0, 0.0], [0.0, 0.0, 0.0, 0.0, 0.0, 0.0]]
691 0.6910 0.0010 2.614508 1.899428 -9.810000 None [[0.0, 0.0, 0.0, 0.0, 0.0, 0.0], [0.0, 0.0, 0.0, 0.0, 0.0, 0.0]]
692 0.6920 0.0010 2.616397 1.889618 -9.810000 None [[0.0, 0.0, 0.0, 0.0, 0.0, 0.0], [0.0, 0.0, 0.0, 0.0, 0.0, 0.0]]
693 0.6930 0.0010 2.618277 1.879808 -9.810000 None [[0.0, 0.0, 0.0, 0.0, 0.0, 0.0], [0.0, 0.0, 0.0, 0.0, 0.0, 0.0]]
694 0.6940 0.0010 2.620147 1.869998 -9.810000 None [[0.0, 0.0, 0.0, 0.0, 0.0, 0.0], [0.0, 0.0, 0.0, 0.0, 0.0, 0.0]]
695 0.6950 0.0010 2.622007 1.860188 -9.810000 None [[0.0, 0.0, 0.0, 0.0, 0.0, 0.0], [0.0, 0.0, 0.0, 0.0, 0.0, 0.0]]
696 0.6960 0.0010 2.623858 1.850378 -9.810000 None [[0.0, 0.0, 0.0, 0.0, 0.0, 0.0], [0.0, 0.0, 0.0, 0.0, 0.0, 0.0]]
697 0.6970 0.0010 2.625698 1.840568 -9.810000 None [[0.0, 0.0, 0.0, 0.0, 0.0, 0.0], [0.0, 0.0, 0.0, 0.0, 0.0, 0.0]]
698 0.6980 0.0010 2.627529 1.830758 -9.810000 None [[0.0, 0.0, 0.0, 0.0, 0.0, 0.0], [0.0, 0.0, 0.0, 0.0, 0.0, 0.0]]
699 0.6990 0.0010 2.629350 1.820948 -9.810000 None [[0.0, 0.0, 0.0, 0.0, 0.0, 0.0], [0.0, 0.0, 0.0, 0.0, 0.0, 0.0]]
700 0.7000 0.0010 2.631161 1.811138 -9.810000 None [[0.0, 0.0, 0.0, 0.0, 0.0, 0.0], [0.0, 0.0, 0.0, 0.0, 0.0, 0.0]]
701 0.7010 0.0010 2.632962 1.801328 -9.810000 None [[0.0, 0.0, 0.0, 0.0, 0.0, 0.0], [0.0, 0.0, 0.0, 0.0, 0.0, 0.0]]
702 0.7020 0.0010 2.634754 1.791518 -9.810000 None [[0.0, 0.0, 0.0, 0.0, 0.0, 0.0], [0.0, 0.0, 0.0, 0.0, 0.0, 0.0]]
703 0.7030 0.0010 2.636536 1.781708 -9.810000 None [[0.0, 0.0, 0.0, 0.0, 0.0, 0.0], [0.0, 0.0, 0.0, 0.0, 0.0, 0.0]]
704 0.7040 0.0010 2.638308 1.771898 -9.810000 None [[0.0, 0.0, 0.0, 0.0, 0.0, 0.0], [0.0, 0.0, 0.0, 0.0, 0.0, 0.0]]
705 0.7050 0.0010 2.640070 1.762088 -9.810000 None [[0.0, 0.0, 0.0, 0.0, 0.0, 0.0], [0.0, 0.0, 0.0, 0.0, 0.0, 0.0]]
706 0.7060 0.0010 2.641822 1.752278 -9.810000 None [[0.0, 0.0, 0.0, 0.0, 0.0, 0.0], [0.0, 0.0, 0.0, 0.0, 0.0, 0.0]]
707 0.7070 0.0010 2.643564 1.742468 -9.810000 None [[0.0, 0.0, 0.0, 0.0, 0.0, 0.0], [0.0, 0.0, 0.0, 0.0, 0.0, 0.0]]
708 0.7080 0.0010 2.645297 1.732658 -9.810000 None [[0.0, 0.0, 0.0, 0.0, 0.0, 0.0], [0.0, 0.0, 0.0, 0.0, 0.0, 0.0]]
709 0.7090 0.0010 2.647020 1.722848 -9.810000 None [[0.0, 0.0, 0.0, 0.0, 0.0, 0.0], [0.0, 0.0, 0.0, 0.0, 0.0, 0.0]]
710 0.7100 0.0010 2.648733 1.713038 -9.810000 None [[0.0, 0.0, 0.0, 0.0, 0.0, 0.0], [0.0, 0.0, 0.0, 0.0, 0.0, 0.0]]
711 0.7110 0.0010 2.650436 1.703228 -9.810000 None [[0.0, 0.0, 0.0, 0.0, 0.0, 0.0], [0.0, 0.0, 0.0, 0.0, 0.0, 0.0]]
712 0.7120 0.0010 2.652130 1.693418 -9.810000 None [[0.0, 0.0, 0.0, 0.0, 0.0, 0.0], [0.0, 0.0, 0.0, 0.0, 0.0, 0.0]]
713 0.7130 0.0010 2.653813 1.683608 -9.810000 None [[0.0, 0.0, 0.0, 0.0, 0.0, 0.0], [0.0, 0.0, 0.0, 0.0, 0.0, 0.0]]
714 0.7140 0.0010 2.655487 1.673798 -9.810000 None [[0.0, 0.0, 0.0, 0.0, 0.0, 0.0], [0.0, 0.0, 0.0, 0.0, 0.0, 0.0]]
715 0.7150 0.0010 2.657151 1.663988 -9.810000 None [[0.0, 0.0, 0.0, 0.0, 0.0, 0.0], [0.0, 0.0, 0.0, 0.0, 0.0, 0.0]]
716 0.7160 0.0010 2.658805 1.654178 -9.810000 None [[0.0, 0.0, 0.0, 0.0, 0.0, 0.0], [0.0, 0.0, 0.0, 0.0, 0.0, 0.0]]
717 0.7170 0.0010 2.660449 1.644368 -9.810000 None [[0.0, 0.0, 0.0, 0.0, 0.0, 0.0], [0.0, 0.0, 0.0, 0.0, 0.0, 0.0]]
718 0.7180 0.0010 2.662084 1.634558 -9.810000 None [[0.0, 0.0, 0.0, 0.0, 0.0, 0.0], [0.0, 0.0, 0.0, 0.0, 0.0, 0.0]]
719 0.7190 0.0010 2.663709 1.624748 -9.810000 None [[0.0, 0.0, 0.0, 0.0, 0.0, 0.0], [0.0, 0.0, 0.0, 0.0, 0.0, 0.0]]
720 0.7200 0.0010 2.665324 1.614938 -9.810000 None [[0.0, 0.0, 0.0, 0.0, 0.0, 0.0], [0.0, 0.0, 0.0, 0.0, 0.0, 0.0]]
721 0.7210 0.0010 2.666929 1.605128 -9.810000 None [[0.0, 0.0, 0.0, 0.0, 0.0, 0.0], [0.0, 0.0, 0.0, 0.0, 0.0, 0.0]]
722 0.7220 0.0010 2.668524 1.595318 -9.810000 None [[0.0, 0.0, 0.0, 0.0, 0.0, 0.0], [0.0, 0.0, 0.0, 0.0, 0.0, 0.0]]
723 0.7230 0.0010 2.670110 1.585508 -9.810000 None [[0.0, 0.0, 0.0, 0.0, 0.0, 0.0], [0.0, 0.0, 0.0, 0.0, 0.0, 0.0]]
724 0.7240 0.0010 2.671685 1.575698 -9.810000 None [[0.0, 0.0, 0.0, 0.0, 0.0, 0.0], [0.0, 0.0, 0.0, 0.0, 0.0, 0.0]]
725 0.7250 0.0010 2.673251 1.565888 -9.810000 None [[0.0, 0.0, 0.0, 0.0, 0.0, 0.0], [0.0, 0.0, 0.0, 0.0, 0.0, 0.0]]
726 0.7260 0.0010 2.674807 1.556078 -9.810000 None [[0.0, 0.0, 0.0, 0.0, 0.0, 0.0], [0.0, 0.0, 0.0, 0.0, 0.0, 0.0]]
727 0.7270 0.0010 2.676354 1.546268 -9.810000 None [[0.0, 0.0, 0.0, 0.0, 0.0, 0.0], [0.0, 0.0, 0.0, 0.0, 0.0, 0.0]]
728 0.7280 0.0010 2.677890 1.536458 -9.810000 None [[0.0, 0.0, 0.0, 0.0, 0.0, 0.0], [0.0, 0.0, 0.0, 0.0, 0.0, 0.0]]
729 0.7290 0.0010 2.679417 1.526648 -9.810000 None [[0.0, 0.0, 0.0, 0.0, 0.0, 0.0], [0.0, 0.0, 0.0, 0.0, 0.0, 0.0]]
730 0.7300 0.0010 2.680934 1.516838 -9.810000 None [[0.0, 0.0, 0.0, 0.0, 0.0, 0.0], [0.0, 0.0, 0.0, 0.0, 0.0, 0.0]]
731 0.7310 0.0010 2.682441 1.507028 -9.810000 None [[0.0, 0.0, 0.0, 0.0, 0.0, 0.0], [0.0, 0.0, 0.0, 0.0, 0.0, 0.0]]
732 0.7320 0.0010 2.683938 1.497218 -9.810000 None [[0.0, 0.0, 0.0, 0.0, 0.0, 0.0], [0.0, 0.0, 0.0, 0.0, 0.0, 0.0]]
733 0.7330 0.0010 2.685425 1.487408 -9.810000 None [[0.0, 0.0, 0.0, 0.0, 0.0, 0.0], [0.0, 0.0, 0.0, 0.0, 0.0, 0.0]]
734 0.7340 0.0010 2.686903 1.477598 -9.810000 None [[0.0, 0.0, 0.0, 0.0, 0.0, 0.0], [0.0, 0.0, 0.0, 0.0, 0.0, 0.0]]
735 0.7350 0.0010 2.688371 1.467788 -9.810000 None [[0.0, 0.0, 0.0, 0.0, 0.0, 0.0], [0.0, 0.0, 0.0, 0.0, 0.0, 0.0]]
736 0.7360 0.0010 2.689829 1.457978 -9.810000 None [[0.0, 0.0, 0.0, 0.0, 0.0, 0.0], [0.0, 0.0, 0.0, 0.0, 0.0, 0.0]]
737 0.7370 0.0010 2.691277 1.448168 -9.810000 None [[0.0, 0.0, 0.0, 0.0, 0.0, 0.0], [0.0, 0.0, 0.0, 0.0, 0.0, 0.0]]
738 0.7380 0.0010 2.692715 1.438358 -9.810000 None [[0.0, 0.0, 0.0, 0.0, 0.0, 0.0], [0.0, 0.0, 0.0, 0.0, 0.0, 0.0]]
739 0.7390 0.0010 2.694144 1.428548 -9.810000 None [[0.0, 0.0, 0.0, 0.0, 0.0, 0.0], [0.0, 0.0, 0.0, 0.0, 0.0, 0.0]]
740 0.7400 0.0010 2.695562 1.418738 -9.810000 None [[0.0, 0.0, 0.0, 0.0, 0.0, 0.0], [0.0, 0.0, 0.0, 0.0, 0.0, 0.0]]
741 0.7410 0.0010 2.696971 1.408928 -9.810000 None [[0.0, 0.0, 0.0, 0.0, 0.0, 0.0], [0.0, 0.0, 0.0, 0.0, 0.0, 0.0]]
742 0.7420 0.0010 2.698370 1.399118 -9.810000 None [[0.0, 0.0, 0.0, 0.0, 0.0, 0.0], [0.0, 0.0, 0.0, 0.0, 0.0, 0.0]]
743 0.7430 0.0010 2.699760 1.389308 -9.810000 None [[0.0, 0.0, 0.0, 0.0, 0.0, 0.0], [0.0, 0.0, 0.0, 0.0, 0.0, 0.0]]
744 0.7440 0.0010 2.701139 1.379498 -9.810000 None [[0.0, 0.0, 0.0, 0.0, 0.0, 0.0], [0.0, 0.0, 0.0, 0.0, 0.0, 0.0]]
745 0.7450 0.0010 2.702509 1.369688 -9.810000 None [[0.0, 0.0, 0.0, 0.0, 0.0, 0.0], [0.0, 0.0, 0.0, 0.0, 0.0, 0.0]]
746 0.7460 0.0010 2.703869 1.359878 -9.810000 None [[0.0, 0.0, 0.0, 0.0, 0.0, 0.0], [0.0, 0.0, 0.0, 0.0, 0.0, 0.0]]
747 0.7470 0.0010 2.705219 1.350068 -9.810000 None [[0.0, 0.0, 0.0, 0.0, 0.0, 0.0], [0.0, 0.0, 0.0, 0.0, 0.0, 0.0]]
748 0.7480 0.0010 2.706559 1.340258 -9.810000 None [[0.0, 0.0, 0.0, 0.0, 0.0, 0.0], [0.0, 0.0, 0.0, 0.0, 0.0, 0.0]]
749 0.7490 0.0010 2.707890 1.330448 -9.810000 None [[0.0, 0.0, 0.0, 0.0, 0.0, 0.0], [0.0, 0.0, 0.0, 0.0, 0.0, 0.0]]
750 0.7500 0.0010 2.709210 1.320638 -9.810000 None [[0.0, 0.0, 0.0, 0.0, 0.0, 0.0], [0.0, 0.0, 0.0, 0.0, 0.0, 0.0]]
751 0.7510 0.0010 2.710521 1.310828 -9.810000 None [[0.0, 0.0, 0.0, 0.0, 0.0, 0.0], [0.0, 0.0, 0.0, 0.0, 0.0, 0.0]]
752 0.7520 0.0010 2.711822 1.301018 -9.810000 None [[0.0, 0.0, 0.0, 0.0, 0.0, 0.0], [0.0, 0.0, 0.0, 0.0, 0.0, 0.0]]
753 0.7530 0.0010 2.713113 1.291208 -9.810000 None [[0.0, 0.0, 0.0, 0.0, 0.0, 0.0], [0.0, 0.0, 0.0, 0.0, 0.0, 0.0]]
754 0.7540 0.0010 2.714395 1.281398 -9.810000 None [[0.0, 0.0, 0.0, 0.0, 0.0, 0.0], [0.0, 0.0, 0.0, 0.0, 0.0, 0.0]]
755 0.7550 0.0010 2.715666 1.271588 -9.810000 None [[0.0, 0.0, 0.0, 0.0, 0.0, 0.0], [0.0, 0.0, 0.0, 0.0, 0.0, 0.0]]
756 0.7560 0.0010 2.716928 1.261778 -9.810000 None [[0.0, 0.0, 0.0, 0.0, 0.0, 0.0], [0.0, 0.0, 0.0, 0.0, 0.0, 0.0]]
757 0.7570 0.0010 2.718180 1.251968 -9.810000 None [[0.0, 0.0, 0.0, 0.0, 0.0, 0.0], [0.0, 0.0, 0.0, 0.0, 0.0, 0.0]]
758 0.7580 0.0010 2.719422 1.242158 -9.810000 None [[0.0, 0.0, 0.0, 0.0, 0.0, 0.0], [0.0, 0.0, 0.0, 0.0, 0.0, 0.0]]
759 0.7590 0.0010 2.720655 1.232348 -9.810000 None [[0.0, 0.0, 0.0, 0.0, 0.0, 0.0], [0.0, 0.0, 0.0, 0.0, 0.0, 0.0]]
760 0.7600 0.0010 2.721877 1.222538 -9.810000 None [[0.0, 0.0, 0.0, 0.0, 0.0, 0.0], [0.0, 0.0, 0.0, 0.0, 0.0, 0.0]]
761 0.7610 0.0010 2.723090 1.212728 -9.810000 None [[0.0, 0.0, 0.0, 0.0, 0.0, 0.0], [0.0, 0.0, 0.0, 0.0, 0.0, 0.0]]
762 0.7620 0.0010 2.724293 1.202918 -9.810000 None [[0.0, 0.0, 0.0, 0.0, 0.0, 0.0], [0.0, 0.0, 0.0, 0.0, 0.0, 0.0]]
763 0.7630 0.0010 2.725486 1.193108 -9.810000 None [[0.0, 0.0, 0.0, 0.0, 0.0, 0.0], [0.0, 0.0, 0.0, 0.0, 0.0, 0.0]]
764 0.7640 0.0010 2.726669 1.183298 -9.810000 None [[0.0, 0.0, 0.0, 0.0, 0.0, 0.0], [0.0, 0.0, 0.0, 0.0, 0.0, 0.0]]
765 0.7650 0.0010 2.727843 1.173488 -9.810000 None [[0.0, 0.0, 0.0, 0.0, 0.0, 0.0], [0.0, 0.0, 0.0, 0.0, 0.0, 0.0]]
766 0.7660 0.0010 2.729006 1.163678 -9.810000 None [[0.0, 0.0, 0.0, 0.0, 0.0, 0.0], [0.0, 0.0, 0.0, 0.0, 0.0, 0.0]]
767 0.7670 0.0010 2.730160 1.153868 -9.810000 None [[0.0, 0.0, 0.0, 0.0, 0.0, 0.0], [0.0, 0.0, 0.0, 0.0, 0.0, 0.0]]
768 0.7680 0.0010 2.731304 1.144058 -9.810000 None [[0.0, 0.0, 0.0, 0.0, 0.0, 0.0], [0.0, 0.0, 0.0, 0.0, 0.0, 0.0]]
769 0.7690 0.0010 2.732438 1.134248 -9.810000 None [[0.0, 0.0, 0.0, 0.0, 0.0, 0.0], [0.0, 0.0, 0.0, 0.0, 0.0, 0.0]]
770 0.7700 0.0010 2.733563 1.124438 -9.810000 None [[0.0, 0.0, 0.0, 0.0, 0.0, 0.0], [0.0, 0.0, 0.0, 0.0, 0.0, 0.0]]
771 0.7710 0.0010 2.734678 1.114628 -9.810000 None [[0.0, 0.0, 0.0, 0.0, 0.0, 0.0], [0.0, 0.0, 0.0, 0.0, 0.0, 0.0]]
772 0.7720 0.0010 2.735782 1.104818 -9.810000 None [[0.0, 0.0, 0.0, 0.0, 0.0, 0.0], [0.0, 0.0, 0.0, 0.0, 0.0, 0.0]]
773 0.7730 0.0010 2.736877 1.095008 -9.810000 None [[0.0, 0.0, 0.0, 0.0, 0.0, 0.0], [0.0, 0.0, 0.0, 0.0, 0.0, 0.0]]
774 0.7740 0.0010 2.737963 1.085198 -9.810000 None [[0.0, 0.0, 0.0, 0.0, 0.0, 0.0], [0.0, 0.0, 0.0, 0.0, 0.0, 0.0]]
775 0.7750 0.0010 2.739038 1.075388 -9.810000 None [[0.0, 0.0, 0.0, 0.0, 0.0, 0.0], [0.0, 0.0, 0.0, 0.0, 0.0, 0.0]]
776 0.7760 0.0010 2.740104 1.065578 -9.810000 None [[0.0, 0.0, 0.0, 0.0, 0.0, 0.0], [0.0, 0.0, 0.0, 0.0, 0.0, 0.0]]
777 0.7770 0.0010 2.741159 1.055768 -9.810000 None [[0.0, 0.0, 0.0, 0.0, 0.0, 0.0], [0.0, 0.0, 0.0, 0.0, 0.0, 0.0]]
778 0.7780 0.0010 2.742205 1.045958 -9.810000 None [[0.0, 0.0, 0.0, 0.0, 0.0, 0.0], [0.0, 0.0, 0.0, 0.0, 0.0, 0.0]]
779 0.7790 0.0010 2.743241 1.036148 -9.810000 None [[0.0, 0.0, 0.0, 0.0, 0.0, 0.0], [0.0, 0.0, 0.0, 0.0, 0.0, 0.0]]
780 0.7800 0.0010 2.744268 1.026338 -9.810000 None [[0.0, 0.0, 0.0, 0.0, 0.0, 0.0], [0.0, 0.0, 0.0, 0.0, 0.0, 0.0]]
781 0.7810 0.0010 2.745284 1.016528 -9.810000 None [[0.0, 0.0, 0.0, 0.0, 0.0, 0.0], [0.0, 0.0, 0.0, 0.0, 0.0, 0.0]]
782 0.7820 0.0010 2.746291 1.006718 -9.810000 None [[0.0, 0.0, 0.0, 0.0, 0.0, 0.0], [0.0, 0.0, 0.0, 0.0, 0.0, 0.0]]
783 0.7830 0.0010 2.747288 0.996908 -9.810000 None [[0.0, 0.0, 0.0, 0.0, 0.0, 0.0], [0.0, 0.0, 0.0, 0.0, 0.0, 0.0]]
784 0.7840 0.0010 2.748275 0.987098 -9.810000 None [[0.0, 0.0, 0.0, 0.0, 0.0, 0.0], [0.0, 0.0, 0.0, 0.0, 0.0, 0.0]]
785 0.7850 0.0010 2.749252 0.977288 -9.810000 None [[0.0, 0.0, 0.0, 0.0, 0.0, 0.0], [0.0, 0.0, 0.0, 0.0, 0.0, 0.0]]
786 0.7860 0.0010 2.750220 0.967478 -9.810000 None [[0.0, 0.0, 0.0, 0.0, 0.0, 0.0], [0.0, 0.0, 0.0, 0.0, 0.0, 0.0]]
787 0.7870 0.0010 2.751177 0.957668 -9.810000 None [[0.0, 0.0, 0.0, 0.0, 0.0, 0.0], [0.0, 0.0, 0.0, 0.0, 0.0, 0.0]]
788 0.7880 0.0010 2.752125 0.947858 -9.810000 None [[0.0, 0.0, 0.0, 0.0, 0.0, 0.0], [0.0, 0.0, 0.0, 0.0, 0.0, 0.0]]
789 0.7890 0.0010 2.753063 0.938048 -9.810000 None [[0.0, 0.0, 0.0, 0.0, 0.0, 0.0], [0.0, 0.0, 0.0, 0.0, 0.0, 0.0]]
790 0.7900 0.0010 2.753992 0.928238 -9.810000 None [[0.0, 0.0, 0.0, 0.0, 0.0, 0.0], [0.0, 0.0, 0.0, 0.0, 0.0, 0.0]]
791 0.7910 0.0010 2.754910 0.918428 -9.810000 None [[0.0, 0.0, 0.0, 0.0, 0.0, 0.0], [0.0, 0.0, 0.0, 0.0, 0.0, 0.0]]
792 0.7920 0.0010 2.755819 0.908618 -9.810000 None [[0.0, 0.0, 0.0, 0.0, 0.0, 0.0], [0.0, 0.0, 0.0, 0.0, 0.0, 0.0]]
793 0.7930 0.0010 2.756717 0.898808 -9.810000 None [[0.0, 0.0, 0.0, 0.0, 0.0, 0.0], [0.0, 0.0, 0.0, 0.0, 0.0, 0.0]]
794 0.7940 0.0010 2.757606 0.888998 -9.810000 None [[0.0, 0.0, 0.0, 0.0, 0.0, 0.0], [0.0, 0.0, 0.0, 0.0, 0.0, 0.0]]
795 0.7950 0.0010 2.758486 0.879188 -9.810000 None [[0.0, 0.0, 0.0, 0.0, 0.0, 0.0], [0.0, 0.0, 0.0, 0.0, 0.0, 0.0]]
796 0.7960 0.0010 2.759355 0.869378 -9.810000 None [[0.0, 0.0, 0.0, 0.0, 0.0, 0.0], [0.0, 0.0, 0.0, 0.0, 0.0, 0.0]]
797 0.7970 0.0010 2.760215 0.859568 -9.810000 None [[0.0, 0.0, 0.0, 0.0, 0.0, 0.0], [0.0, 0.0, 0.0, 0.0, 0.0, 0.0]]
798 0.7980 0.0010 2.761064 0.849758 -9.810000 None [[0.0, 0.0, 0.0, 0.0, 0.0, 0.0], [0.0, 0.0, 0.0, 0.0, 0.0, 0.0]]
799 0.7990 0.0010 2.761904 0.839948 -9.810000 None [[0.0, 0.0, 0.0, 0.0, 0.0, 0.0], [0.0, 0.0, 0.0, 0.0, 0.0, 0.0]]
800 0.8000 0.0010 2.762734 0.830138 -9.810000 None [[0.0, 0.0, 0.0, 0.0, 0.0, 0.0], [0.0, 0.0, 0.0, 0.0, 0.0, 0.0]]
801 0.8010 0.0010 2.763555 0.820328 -9.810000 None [[0.0, 0.0, 0.0, 0.0, 0.0, 0.0], [0.0, 0.0, 0.0, 0.0, 0.0, 0.0]]
802 0.8020 0.0010 2.764365 0.810518 -9.810000 None [[0.0, 0.0, 0.0, 0.0, 0.0, 0.0], [0.0, 0.0, 0.0, 0.0, 0.0, 0.0]]
803 0.8030 0.0010 2.765166 0.800708 -9.810000 None [[0.0, 0.0, 0.0, 0.0, 0.0, 0.0], [0.0, 0.0, 0.0, 0.0, 0.0, 0.0]]
804 0.8040 0.0010 2.765957 0.790898 -9.810000 None [[0.0, 0.0, 0.0, 0.0, 0.0, 0.0], [0.0, 0.0, 0.0, 0.0, 0.0, 0.0]]
805 0.8050 0.0010 2.766738 0.781088 -9.810000 None [[0.0, 0.0, 0.0, 0.0, 0.0, 0.0], [0.0, 0.0, 0.0, 0.0, 0.0, 0.0]]
806 0.8060 0.0010 2.767509 0.771278 -9.810000 None [[0.0, 0.0, 0.0, 0.0, 0.0, 0.0], [0.0, 0.0, 0.0, 0.0, 0.0, 0.0]]
807 0.8070 0.0010 2.768271 0.761468 -9.810000 None [[0.0, 0.0, 0.0, 0.0, 0.0, 0.0], [0.0, 0.0, 0.0, 0.0, 0.0, 0.0]]
808 0.8080 0.0010 2.769022 0.751658 -9.810000 None [[0.0, 0.0, 0.0, 0.0, 0.0, 0.0], [0.0, 0.0, 0.0, 0.0, 0.0, 0.0]]
809 0.8090 0.0010 2.769764 0.741848 -9.810000 None [[0.0, 0.0, 0.0, 0.0, 0.0, 0.0], [0.0, 0.0, 0.0, 0.0, 0.0, 0.0]]
810 0.8100 0.0010 2.770496 0.732038 -9.810000 None [[0.0, 0.0, 0.0, 0.0, 0.0, 0.0], [0.0, 0.0, 0.0, 0.0, 0.0, 0.0]]
811 0.8110 0.0010 2.771218 0.722228 -9.810000 None [[0.0, 0.0, 0.0, 0.0, 0.0, 0.0], [0.0, 0.0, 0.0, 0.0, 0.0, 0.0]]
812 0.8120 0.0010 2.771931 0.712418 -9.810000 None [[0.0, 0.0, 0.0, 0.0, 0.0, 0.0], [0.0, 0.0, 0.0, 0.0, 0.0, 0.0]]
813 0.8130 0.0010 2.772633 0.702608 -9.810000 None [[0.0, 0.0, 0.0, 0.0, 0.0, 0.0], [0.0, 0.0, 0.0, 0.0, 0.0, 0.0]]
814 0.8140 0.0010 2.773326 0.692798 -9.810000 None [[0.0, 0.0, 0.0, 0.0, 0.0, 0.0], [0.0, 0.0, 0.0, 0.0, 0.0, 0.0]]
815 0.8150 0.0010 2.774009 0.682988 -9.810000 None [[0.0, 0.0, 0.0, 0.0, 0.0, 0.0], [0.0, 0.0, 0.0, 0.0, 0.0, 0.0]]
816 0.8160 0.0010 2.774682 0.673178 -9.810000 None [[0.0, 0.0, 0.0, 0.0, 0.0, 0.0], [0.0, 0.0, 0.0, 0.0, 0.0, 0.0]]
817 0.8170 0.0010 2.775346 0.663368 -9.810000 None [[0.0, 0.0, 0.0, 0.0, 0.0, 0.0], [0.0, 0.0, 0.0, 0.0, 0.0, 0.0]]
818 0.8180 0.0010 2.775999 0.653558 -9.810000 None [[0.0, 0.0, 0.0, 0.0, 0.0, 0.0], [0.0, 0.0, 0.0, 0.0, 0.0, 0.0]]
819 0.8190 0.0010 2.776643 0.643748 -9.810000 None [[0.0, 0.0, 0.0, 0.0, 0.0, 0.0], [0.0, 0.0, 0.0, 0.0, 0.0, 0.0]]
820 0.8200 0.0010 2.777277 0.633938 -9.810000 None [[0.0, 0.0, 0.0, 0.0, 0.0, 0.0], [0.0, 0.0, 0.0, 0.0, 0.0, 0.0]]
821 0.8210 0.0010 2.777901 0.624128 -9.810000 None [[0.0, 0.0, 0.0, 0.0, 0.0, 0.0], [0.0, 0.0, 0.0, 0.0, 0.0, 0.0]]
822 0.8220 0.0010 2.778516 0.614318 -9.810000 None [[0.0, 0.0, 0.0, 0.0, 0.0, 0.0], [0.0, 0.0, 0.0, 0.0, 0.0, 0.0]]
823 0.8230 0.0010 2.779120 0.604508 -9.810000 None [[0.0, 0.0, 0.0, 0.0, 0.0, 0.0], [0.0, 0.0, 0.0, 0.0, 0.0, 0.0]]
824 0.8240 0.0010 2.779715 0.594698 -9.810000 None [[0.0, 0.0, 0.0, 0.0, 0.0, 0.0], [0.0, 0.0, 0.0, 0.0, 0.0, 0.0]]
825 0.8250 0.0010 2.780300 0.584888 -9.810000 None [[0.0, 0.0, 0.0, 0.0, 0.0, 0.0], [0.0, 0.0, 0.0, 0.0, 0.0, 0.0]]
826 0.8260 0.0010 2.780875 0.575078 -9.810000 None [[0.0, 0.0, 0.0, 0.0, 0.0, 0.0], [0.0, 0.0, 0.0, 0.0, 0.0, 0.0]]
827 0.8270 0.0010 2.781440 0.565268 -9.810000 None [[0.0, 0.0, 0.0, 0.0, 0.0, 0.0], [0.0, 0.0, 0.0, 0.0, 0.0, 0.0]]
828 0.8280 0.0010 2.781995 0.555458 -9.810000 None [[0.0, 0.0, 0.0, 0.0, 0.0, 0.0], [0.0, 0.0, 0.0, 0.0, 0.0, 0.0]]
829 0.8290 0.0010 2.782541 0.545648 -9.810000 None [[0.0, 0.0, 0.0, 0.0, 0.0, 0.0], [0.0, 0.0, 0.0, 0.0, 0.0, 0.0]]
830 0.8300 0.0010 2.783077 0.535838 -9.810000 None [[0.0, 0.0, 0.0, 0.0, 0.0, 0.0], [0.0, 0.0, 0.0, 0.0, 0.0, 0.0]]
831 0.8310 0.0010 2.783603 0.526028 -9.810000 None [[0.0, 0.0, 0.0, 0.0, 0.0, 0.0], [0.0, 0.0, 0.0, 0.0, 0.0, 0.0]]
832 0.8320 0.0010 2.784119 0.516218 -9.810000 None [[0.0, 0.0, 0.0, 0.0, 0.0, 0.0], [0.0, 0.0, 0.0, 0.0, 0.0, 0.0]]
833 0.8330 0.0010 2.784626 0.506408 -9.810000 None [[0.0, 0.0, 0.0, 0.0, 0.0, 0.0], [0.0, 0.0, 0.0, 0.0, 0.0, 0.0]]
834 0.8340 0.0010 2.785122 0.496598 -9.810000 None [[0.0, 0.0, 0.0, 0.0, 0.0, 0.0], [0.0, 0.0, 0.0, 0.0, 0.0, 0.0]]
835 0.8350 0.0010 2.785609 0.486788 -9.810000 None [[0.0, 0.0, 0.0, 0.0, 0.0, 0.0], [0.0, 0.0, 0.0, 0.0, 0.0, 0.0]]
836 0.8360 0.0010 2.786086 0.476978 -9.810000 None [[0.0, 0.0, 0.0, 0.0, 0.0, 0.0], [0.0, 0.0, 0.0, 0.0, 0.0, 0.0]]
837 0.8370 0.0010 2.786553 0.467168 -9.810000 None [[0.0, 0.0, 0.0, 0.0, 0.0, 0.0], [0.0, 0.0, 0.0, 0.0, 0.0, 0.0]]
838 0.8380 0.0010 2.787010 0.457358 -9.810000 None [[0.0, 0.0, 0.0, 0.0, 0.0, 0.0], [0.0, 0.0, 0.0, 0.0, 0.0, 0.0]]
839 0.8390 0.0010 2.787458 0.447548 -9.810000 None [[0.0, 0.0, 0.0, 0.0, 0.0, 0.0], [0.0, 0.0, 0.0, 0.0, 0.0, 0.0]]
840 0.8400 0.0010 2.787896 0.437738 -9.810000 None [[0.0, 0.0, 0.0, 0.0, 0.0, 0.0], [0.0, 0.0, 0.0, 0.0, 0.0, 0.0]]
841 0.8410 0.0010 2.788324 0.427928 -9.810000 None [[0.0, 0.0, 0.0, 0.0, 0.0, 0.0], [0.0, 0.0, 0.0, 0.0, 0.0, 0.0]]
842 0.8420 0.0010 2.788742 0.418118 -9.810000 None [[0.0, 0.0, 0.0, 0.0, 0.0, 0.0], [0.0, 0.0, 0.0, 0.0, 0.0, 0.0]]
843 0.8430 0.0010 2.789150 0.408308 -9.810000 None [[0.0, 0.0, 0.0, 0.0, 0.0, 0.0], [0.0, 0.0, 0.0, 0.0, 0.0, 0.0]]
844 0.8440 0.0010 2.789549 0.398498 -9.810000 None [[0.0, 0.0, 0.0, 0.0, 0.0, 0.0], [0.0, 0.0, 0.0, 0.0, 0.0, 0.0]]
845 0.8450 0.0010 2.789937 0.388688 -9.810000 None [[0.0, 0.0, 0.0, 0.0, 0.0, 0.0], [0.0, 0.0, 0.0, 0.0, 0.0, 0.0]]
846 0.8460 0.0010 2.790316 0.378878 -9.810000 None [[0.0, 0.0, 0.0, 0.0, 0.0, 0.0], [0.0, 0.0, 0.0, 0.0, 0.0, 0.0]]
847 0.8470 0.0010 2.790685 0.369068 -9.810000 None [[0.0, 0.0, 0.0, 0.0, 0.0, 0.0], [0.0, 0.0, 0.0, 0.0, 0.0, 0.0]]
848 0.8480 0.0010 2.791044 0.359258 -9.810000 None [[0.0, 0.0, 0.0, 0.0, 0.0, 0.0], [0.0, 0.0, 0.0, 0.0, 0.0, 0.0]]
849 0.8490 0.0010 2.791394 0.349448 -9.810000 None [[0.0, 0.0, 0.0, 0.0, 0.0, 0.0], [0.0, 0.0, 0.0, 0.0, 0.0, 0.0]]
850 0.8500 0.0010 2.791734 0.339638 -9.810000 None [[0.0, 0.0, 0.0, 0.0, 0.0, 0.0], [0.0, 0.0, 0.0, 0.0, 0.0, 0.0]]
851 0.8510 0.0010 2.792063 0.329828 -9.810000 None [[0.0, 0.0, 0.0, 0.0, 0.0, 0.0], [0.0, 0.0, 0.0, 0.0, 0.0, 0.0]]
852 0.8520 0.0010 2.792383 0.320018 -9.810000 None [[0.0, 0.0, 0.0, 0.0, 0.0, 0.0], [0.0, 0.0, 0.0, 0.0, 0.0, 0.0]]
853 0.8530 0.0010 2.792694 0.310208 -9.810000 None [[0.0, 0.0, 0.0, 0.0, 0.0, 0.0], [0.0, 0.0, 0.0, 0.0, 0.0, 0.0]]
854 0.8540 0.0010 2.792994 0.300398 -9.810000 None [[0.0, 0.0, 0.0, 0.0, 0.0, 0.0], [0.0, 0.0, 0.0, 0.0, 0.0, 0.0]]
855 0.8550 0.0010 2.793285 0.290588 -9.810000 None [[0.0, 0.0, 0.0, 0.0, 0.0, 0.0], [0.0, 0.0, 0.0, 0.0, 0.0, 0.0]]
856 0.8560 0.0010 2.793565 0.280778 -9.810000 None [[0.0, 0.0, 0.0, 0.0, 0.0, 0.0], [0.0, 0.0, 0.0, 0.0, 0.0, 0.0]]
857 0.8570 0.0010 2.793836 0.270968 -9.810000 None [[0.0, 0.0, 0.0, 0.0, 0.0, 0.0], [0.0, 0.0, 0.0, 0.0, 0.0, 0.0]]
858 0.8580 0.0010 2.794098 0.261158 -9.810000 None [[0.0, 0.0, 0.0, 0.0, 0.0, 0.0], [0.0, 0.0, 0.0, 0.0, 0.0, 0.0]]
859 0.8590 0.0010 2.794349 0.251348 -9.810000 None [[0.0, 0.0, 0.0, 0.0, 0.0, 0.0], [0.0, 0.0, 0.0, 0.0, 0.0, 0.0]]
860 0.8600 0.0010 2.794590 0.241538 -9.810000 None [[0.0, 0.0, 0.0, 0.0, 0.0, 0.0], [0.0, 0.0, 0.0, 0.0, 0.0, 0.0]]
861 0.8610 0.0010 2.794822 0.231728 -9.810000 None [[0.0, 0.0, 0.0, 0.0, 0.0, 0.0], [0.0, 0.0, 0.0, 0.0, 0.0, 0.0]]
862 0.8620 0.0010 2.795044 0.221918 -9.810000 None [[0.0, 0.0, 0.0, 0.0, 0.0, 0.0], [0.0, 0.0, 0.0, 0.0, 0.0, 0.0]]
863 0.8630 0.0010 2.795256 0.212108 -9.810000 None [[0.0, 0.0, 0.0, 0.0, 0.0, 0.0], [0.0, 0.0, 0.0, 0.0, 0.0, 0.0]]
864 0.8640 0.0010 2.795458 0.202298 -9.810000 None [[0.0, 0.0, 0.0, 0.0, 0.0, 0.0], [0.0, 0.0, 0.0, 0.0, 0.0, 0.0]]
865 0.8650 0.0010 2.795651 0.192488 -9.810000 None [[0.0, 0.0, 0.0, 0.0, 0.0, 0.0], [0.0, 0.0, 0.0, 0.0, 0.0, 0.0]]
866 0.8660 0.0010 2.795834 0.182678 -9.810000 None [[0.0, 0.0, 0.0, 0.0, 0.0, 0.0], [0.0, 0.0, 0.0, 0.0, 0.0, 0.0]]
867 0.8670 0.0010 2.796006 0.172868 -9.810000 None [[0.0, 0.0, 0.0, 0.0, 0.0, 0.0], [0.0, 0.0, 0.0, 0.0, 0.0, 0.0]]
868 0.8680 0.0010 2.796170 0.163058 -9.810000 None [[0.0, 0.0, 0.0, 0.0, 0.0, 0.0], [0.0, 0.0, 0.0, 0.0, 0.0, 0.0]]
869 0.8690 0.0010 2.796323 0.153248 -9.810000 None [[0.0, 0.0, 0.0, 0.0, 0.0, 0.0], [0.0, 0.0, 0.0, 0.0, 0.0, 0.0]]
870 0.8700 0.0010 2.796466 0.143438 -9.810000 None [[0.0, 0.0, 0.0, 0.0, 0.0, 0.0], [0.0, 0.0, 0.0, 0.0, 0.0, 0.0]]
871 0.8710 0.0010 2.796600 0.133628 -9.810000 None [[0.0, 0.0, 0.0, 0.0, 0.0, 0.0], [0.0, 0.0, 0.0, 0.0, 0.0, 0.0]]
872 0.8720 0.0010 2.796724 0.123818 -9.810000 None [[0.0, 0.0, 0.0, 0.0, 0.0, 0.0], [0.0, 0.0, 0.0, 0.0, 0.0, 0.0]]
873 0.8730 0.0010 2.796838 0.114008 -9.810000 None [[0.0, 0.0, 0.0, 0.0, 0.0, 0.0], [0.0, 0.0, 0.0, 0.0, 0.0, 0.0]]
874 0.8740 0.0010 2.796942 0.104198 -9.810000 None [[0.0, 0.0, 0.0, 0.0, 0.0, 0.0], [0.0, 0.0, 0.0, 0.0, 0.0, 0.0]]
875 0.8750 0.0010 2.797036 0.094388 -9.810000 None [[0.0, 0.0, 0.0, 0.0, 0.0, 0.0], [0.0, 0.0, 0.0, 0.0, 0.0, 0.0]]
876 0.8760 0.0010 2.797121 0.084578 -9.810000 None [[0.0, 0.0, 0.0, 0.0, 0.0, 0.0], [0.0, 0.0, 0.0, 0.0, 0.0, 0.0]]
877 0.8770 0.0010 2.797196 0.074768 -9.810000 None [[0.0, 0.0, 0.0, 0.0, 0.0, 0.0], [0.0, 0.0, 0.0, 0.0, 0.0, 0.0]]
878 0.8780 0.0010 2.797261 0.064958 -9.810000 None [[0.0, 0.0, 0.0, 0.0, 0.0, 0.0], [0.0, 0.0, 0.0, 0.0, 0.0, 0.0]]
879 0.8790 0.0010 2.797316 0.055148 -9.810000 None [[0.0, 0.0, 0.0, 0.0, 0.0, 0.0], [0.0, 0.0, 0.0, 0.0, 0.0, 0.0]]
880 0.8800 0.0010 2.797361 0.045338 -9.810000 None [[0.0, 0.0, 0.0, 0.0, 0.0, 0.0], [0.0, 0.0, 0.0, 0.0, 0.0, 0.0]]
881 0.8810 0.0010 2.797397 0.035528 -9.810000 None [[0.0, 0.0, 0.0, 0.0, 0.0, 0.0], [0.0, 0.0, 0.0, 0.0, 0.0, 0.0]]
882 0.8820 0.0010 2.797422 0.025718 -9.810000 None [[0.0, 0.0, 0.0, 0.0, 0.0, 0.0], [0.0, 0.0, 0.0, 0.0, 0.0, 0.0]]
883 0.8830 0.0010 2.797438 0.015908 -9.810000 None [[0.0, 0.0, 0.0, 0.0, 0.0, 0.0], [0.0, 0.0, 0.0, 0.0, 0.0, 0.0]]
884 0.8840 0.0010 2.797444 0.006098 -9.810000 None [[0.0, 0.0, 0.0, 0.0, 0.0, 0.0], [0.0, 0.0, 0.0, 0.0, 0.0, 0.0]]
885 0.8850 0.0010 2.797441 -0.003712 -9.810000 None [[0.0, 0.0, 0.0, 0.0, 0.0, 0.0], [0.0, 0.0, 0.0, 0.0, 0.0, 0.0]]
886 0.8860 0.0010 2.797427 -0.013522 -9.810000 None [[0.0, 0.0, 0.0, 0.0, 0.0, 0.0], [0.0, 0.0, 0.0, 0.0, 0.0, 0.0]]
887 0.8870 0.0010 2.797404 -0.023332 -9.810000 None [[0.0, 0.0, 0.0, 0.0, 0.0, 0.0], [0.0, 0.0, 0.0, 0.0, 0.0, 0.0]]
888 0.8880 0.0010 2.797371 -0.033142 -9.810000 None [[0.0, 0.0, 0.0, 0.0, 0.0, 0.0], [0.0, 0.0, 0.0, 0.0, 0.0, 0.0]]
889 0.8890 0.0010 2.797328 -0.042952 -9.810000 None [[0.0, 0.0, 0.0, 0.0, 0.0, 0.0], [0.0, 0.0, 0.0, 0.0, 0.0, 0.0]]
890 0.8900 0.0010 2.797275 -0.052762 -9.810000 None [[0.0, 0.0, 0.0, 0.0, 0.0, 0.0], [0.0, 0.0, 0.0, 0.0, 0.0, 0.0]]
891 0.8910 0.0010 2.797212 -0.062572 -9.810000 None [[0.0, 0.0, 0.0, 0.0, 0.0, 0.0], [0.0, 0.0, 0.0, 0.0, 0.0, 0.0]]
892 0.8920 0.0010 2.797140 -0.072382 -9.810000 None [[0.0, 0.0, 0.0, 0.0, 0.0, 0.0], [0.0, 0.0, 0.0, 0.0, 0.0, 0.0]]
893 0.8930 0.0010 2.797058 -0.082192 -9.810000 None [[0.0, 0.0, 0.0, 0.0, 0.0, 0.0], [0.0, 0.0, 0.0, 0.0, 0.0, 0.0]]
894 0.8940 0.0010 2.796966 -0.092002 -9.810000 None [[0.0, 0.0, 0.0, 0.0, 0.0, 0.0], [0.0, 0.0, 0.0, 0.0, 0.0, 0.0]]
895 0.8950 0.0010 2.796864 -0.101812 -9.810000 None [[0.0, 0.0, 0.0, 0.0, 0.0, 0.0], [0.0, 0.0, 0.0, 0.0, 0.0, 0.0]]
896 0.8960 0.0010 2.796752 -0.111622 -9.810000 None [[0.0, 0.0, 0.0, 0.0, 0.0, 0.0], [0.0, 0.0, 0.0, 0.0, 0.0, 0.0]]
897 0.8970 0.0010 2.796631 -0.121432 -9.810000 None [[0.0, 0.0, 0.0, 0.0, 0.0, 0.0], [0.0, 0.0, 0.0, 0.0, 0.0, 0.0]]
898 0.8980 0.0010 2.796500 -0.131242 -9.810000 None [[0.0, 0.0, 0.0, 0.0, 0.0, 0.0], [0.0, 0.0, 0.0, 0.0, 0.0, 0.0]]
899 0.8990 0.0010 2.796359 -0.141052 -9.810000 None [[0.0, 0.0, 0.0, 0.0, 0.0, 0.0], [0.0, 0.0, 0.0, 0.0, 0.0, 0.0]]
900 0.9000 0.0010 2.796208 -0.150862 -9.810000 None [[0.0, 0.0, 0.0, 0.0, 0.0, 0.0], [0.0, 0.0, 0.0, 0.0, 0.0, 0.0]]
901 0.9010 0.0010 2.796047 -0.160672 -9.810000 None [[0.0, 0.0, 0.0, 0.0, 0.0, 0.0], [0.0, 0.0, 0.0, 0.0, 0.0, 0.0]]
902 0.9020 0.0010 2.795877 -0.170482 -9.810000 None [[0.0, 0.0, 0.0, 0.0, 0.0, 0.0], [0.0, 0.0, 0.0, 0.0, 0.0, 0.0]]
903 0.9030 0.0010 2.795696 -0.180292 -9.810000 None [[0.0, 0.0, 0.0, 0.0, 0.0, 0.0], [0.0, 0.0, 0.0, 0.0, 0.0, 0.0]]
904 0.9040 0.0010 2.795506 -0.190102 -9.810000 None [[0.0, 0.0, 0.0, 0.0, 0.0, 0.0], [0.0, 0.0, 0.0, 0.0, 0.0, 0.0]]
905 0.9050 0.0010 2.795306 -0.199912 -9.810000 None [[0.0, 0.0, 0.0, 0.0, 0.0, 0.0], [0.0, 0.0, 0.0, 0.0, 0.0, 0.0]]
906 0.9060 0.0010 2.795097 -0.209722 -9.810000 None [[0.0, 0.0, 0.0, 0.0, 0.0, 0.0], [0.0, 0.0, 0.0, 0.0, 0.0, 0.0]]
907 0.9070 0.0010 2.794877 -0.219532 -9.810000 None [[0.0, 0.0, 0.0, 0.0, 0.0, 0.0], [0.0, 0.0, 0.0, 0.0, 0.0, 0.0]]
908 0.9080 0.0010 2.794648 -0.229342 -9.810000 None [[0.0, 0.0, 0.0, 0.0, 0.0, 0.0], [0.0, 0.0, 0.0, 0.0, 0.0, 0.0]]
909 0.9090 0.0010 2.794409 -0.239152 -9.810000 None [[0.0, 0.0, 0.0, 0.0, 0.0, 0.0], [0.0, 0.0, 0.0, 0.0, 0.0, 0.0]]
910 0.9100 0.0010 2.794160 -0.248962 -9.810000 None [[0.0, 0.0, 0.0, 0.0, 0.0, 0.0], [0.0, 0.0, 0.0, 0.0, 0.0, 0.0]]
911 0.9110 0.0010 2.793901 -0.258772 -9.810000 None [[0.0, 0.0, 0.0, 0.0, 0.0, 0.0], [0.0, 0.0, 0.0, 0.0, 0.0, 0.0]]
912 0.9120 0.0010 2.793632 -0.268582 -9.810000 None [[0.0, 0.0, 0.0, 0.0, 0.0, 0.0], [0.0, 0.0, 0.0, 0.0, 0.0, 0.0]]
913 0.9130 0.0010 2.793354 -0.278392 -9.810000 None [[0.0, 0.0, 0.0, 0.0, 0.0, 0.0], [0.0, 0.0, 0.0, 0.0, 0.0, 0.0]]
914 0.9140 0.0010 2.793066 -0.288202 -9.810000 None [[0.0, 0.0, 0.0, 0.0, 0.0, 0.0], [0.0, 0.0, 0.0, 0.0, 0.0, 0.0]]
915 0.9150 0.0010 2.792768 -0.298012 -9.810000 None [[0.0, 0.0, 0.0, 0.0, 0.0, 0.0], [0.0, 0.0, 0.0, 0.0, 0.0, 0.0]]
916 0.9160 0.0010 2.792460 -0.307822 -9.810000 None [[0.0, 0.0, 0.0, 0.0, 0.0, 0.0], [0.0, 0.0, 0.0, 0.0, 0.0, 0.0]]
917 0.9170 0.0010 2.792142 -0.317632 -9.810000 None [[0.0, 0.0, 0.0, 0.0, 0.0, 0.0], [0.0, 0.0, 0.0, 0.0, 0.0, 0.0]]
918 0.9180 0.0010 2.791815 -0.327442 -9.810000 None [[0.0, 0.0, 0.0, 0.0, 0.0, 0.0], [0.0, 0.0, 0.0, 0.0, 0.0, 0.0]]
919 0.9190 0.0010 2.791477 -0.337252 -9.810000 None [[0.0, 0.0, 0.0, 0.0, 0.0, 0.0], [0.0, 0.0, 0.0, 0.0, 0.0, 0.0]]
920 0.9200 0.0010 2.791130 -0.347062 -9.810000 None [[0.0, 0.0, 0.0, 0.0, 0.0, 0.0], [0.0, 0.0, 0.0, 0.0, 0.0, 0.0]]
921 0.9210 0.0010 2.790774 -0.356872 -9.810000 None [[0.0, 0.0, 0.0, 0.0, 0.0, 0.0], [0.0, 0.0, 0.0, 0.0, 0.0, 0.0]]
922 0.9220 0.0010 2.790407 -0.366682 -9.810000 None [[0.0, 0.0, 0.0, 0.0, 0.0, 0.0], [0.0, 0.0, 0.0, 0.0, 0.0, 0.0]]
923 0.9230 0.0010 2.790030 -0.376492 -9.810000 None [[0.0, 0.0, 0.0, 0.0, 0.0, 0.0], [0.0, 0.0, 0.0, 0.0, 0.0, 0.0]]
924 0.9240 0.0010 2.789644 -0.386302 -9.810000 None [[0.0, 0.0, 0.0, 0.0, 0.0, 0.0], [0.0, 0.0, 0.0, 0.0, 0.0, 0.0]]
925 0.9250 0.0010 2.789248 -0.396112 -9.810000 None [[0.0, 0.0, 0.0, 0.0, 0.0, 0.0], [0.0, 0.0, 0.0, 0.0, 0.0, 0.0]]
926 0.9260 0.0010 2.788842 -0.405922 -9.810000 None [[0.0, 0.0, 0.0, 0.0, 0.0, 0.0], [0.0, 0.0, 0.0, 0.0, 0.0, 0.0]]
927 0.9270 0.0010 2.788426 -0.415732 -9.810000 None [[0.0, 0.0, 0.0, 0.0, 0.0, 0.0], [0.0, 0.0, 0.0, 0.0, 0.0, 0.0]]
928 0.9280 0.0010 2.788001 -0.425542 -9.810000 None [[0.0, 0.0, 0.0, 0.0, 0.0, 0.0], [0.0, 0.0, 0.0, 0.0, 0.0, 0.0]]
929 0.9290 0.0010 2.787565 -0.435352 -9.810000 None [[0.0, 0.0, 0.0, 0.0, 0.0, 0.0], [0.0, 0.0, 0.0, 0.0, 0.0, 0.0]]
930 0.9300 0.0010 2.787120 -0.445162 -9.810000 None [[0.0, 0.0, 0.0, 0.0, 0.0, 0.0], [0.0, 0.0, 0.0, 0.0, 0.0, 0.0]]
931 0.9310 0.0010 2.786665 -0.454972 -9.810000 None [[0.0, 0.0, 0.0, 0.0, 0.0, 0.0], [0.0, 0.0, 0.0, 0.0, 0.0, 0.0]]
932 0.9320 0.0010 2.786200 -0.464782 -9.810000 None [[0.0, 0.0, 0.0, 0.0, 0.0, 0.0], [0.0, 0.0, 0.0, 0.0, 0.0, 0.0]]
933 0.9330 0.0010 2.785726 -0.474592 -9.810000 None [[0.0, 0.0, 0.0, 0.0, 0.0, 0.0], [0.0, 0.0, 0.0, 0.0, 0.0, 0.0]]
934 0.9340 0.0010 2.785241 -0.484402 -9.810000 None [[0.0, 0.0, 0.0, 0.0, 0.0, 0.0], [0.0, 0.0, 0.0, 0.0, 0.0, 0.0]]
935 0.9350 0.0010 2.784747 -0.494212 -9.810000 None [[0.0, 0.0, 0.0, 0.0, 0.0, 0.0], [0.0, 0.0, 0.0, 0.0, 0.0, 0.0]]
936 0.9360 0.0010 2.784243 -0.504022 -9.810000 None [[0.0, 0.0, 0.0, 0.0, 0.0, 0.0], [0.0, 0.0, 0.0, 0.0, 0.0, 0.0]]
937 0.9370 0.0010 2.783729 -0.513832 -9.810000 None [[0.0, 0.0, 0.0, 0.0, 0.0, 0.0], [0.0, 0.0, 0.0, 0.0, 0.0, 0.0]]
938 0.9380 0.0010 2.783206 -0.523642 -9.810000 None [[0.0, 0.0, 0.0, 0.0, 0.0, 0.0], [0.0, 0.0, 0.0, 0.0, 0.0, 0.0]]
939 0.9390 0.0010 2.782672 -0.533452 -9.810000 None [[0.0, 0.0, 0.0, 0.0, 0.0, 0.0], [0.0, 0.0, 0.0, 0.0, 0.0, 0.0]]
940 0.9400 0.0010 2.782129 -0.543262 -9.810000 None [[0.0, 0.0, 0.0, 0.0, 0.0, 0.0], [0.0, 0.0, 0.0, 0.0, 0.0, 0.0]]
941 0.9410 0.0010 2.781576 -0.553072 -9.810000 None [[0.0, 0.0, 0.0, 0.0, 0.0, 0.0], [0.0, 0.0, 0.0, 0.0, 0.0, 0.0]]
942 0.9420 0.0010 2.781013 -0.562882 -9.810000 None [[0.0, 0.0, 0.0, 0.0, 0.0, 0.0], [0.0, 0.0, 0.0, 0.0, 0.0, 0.0]]
943 0.9430 0.0010 2.780440 -0.572692 -9.810000 None [[0.0, 0.0, 0.0, 0.0, 0.0, 0.0], [0.0, 0.0, 0.0, 0.0, 0.0, 0.0]]
944 0.9440 0.0010 2.779858 -0.582502 -9.810000 None [[0.0, 0.0, 0.0, 0.0, 0.0, 0.0], [0.0, 0.0, 0.0, 0.0, 0.0, 0.0]]
945 0.9450 0.0010 2.779266 -0.592312 -9.810000 None [[0.0, 0.0, 0.0, 0.0, 0.0, 0.0], [0.0, 0.0, 0.0, 0.0, 0.0, 0.0]]
946 0.9460 0.0010 2.778663 -0.602122 -9.810000 None [[0.0, 0.0, 0.0, 0.0, 0.0, 0.0], [0.0, 0.0, 0.0, 0.0, 0.0, 0.0]]
947 0.9470 0.0010 2.778052 -0.611932 -9.810000 None [[0.0, 0.0, 0.0, 0.0, 0.0, 0.0], [0.0, 0.0, 0.0, 0.0, 0.0, 0.0]]
948 0.9480 0.0010 2.777430 -0.621742 -9.810000 None [[0.0, 0.0, 0.0, 0.0, 0.0, 0.0], [0.0, 0.0, 0.0, 0.0, 0.0, 0.0]]
949 0.9490 0.0010 2.776798 -0.631552 -9.810000 None [[0.0, 0.0, 0.0, 0.0, 0.0, 0.0], [0.0, 0.0, 0.0, 0.0, 0.0, 0.0]]
950 0.9500 0.0010 2.776157 -0.641362 -9.810000 None [[0.0, 0.0, 0.0, 0.0, 0.0, 0.0], [0.0, 0.0, 0.0, 0.0, 0.0, 0.0]]
951 0.9510 0.0010 2.775506 -0.651172 -9.810000 None [[0.0, 0.0, 0.0, 0.0, 0.0, 0.0], [0.0, 0.0, 0.0, 0.0, 0.0, 0.0]]
952 0.9520 0.0010 2.774845 -0.660982 -9.810000 None [[0.0, 0.0, 0.0, 0.0, 0.0, 0.0], [0.0, 0.0, 0.0, 0.0, 0.0, 0.0]]
953 0.9530 0.0010 2.774174 -0.670792 -9.810000 None [[0.0, 0.0, 0.0, 0.0, 0.0, 0.0], [0.0, 0.0, 0.0, 0.0, 0.0, 0.0]]
954 0.9540 0.0010 2.773493 -0.680602 -9.810000 None [[0.0, 0.0, 0.0, 0.0, 0.0, 0.0], [0.0, 0.0, 0.0, 0.0, 0.0, 0.0]]
955 0.9550 0.0010 2.772803 -0.690412 -9.810000 None [[0.0, 0.0, 0.0, 0.0, 0.0, 0.0], [0.0, 0.0, 0.0, 0.0, 0.0, 0.0]]
956 0.9560 0.0010 2.772103 -0.700222 -9.810000 None [[0.0, 0.0, 0.0, 0.0, 0.0, 0.0], [0.0, 0.0, 0.0, 0.0, 0.0, 0.0]]
957 0.9570 0.0010 2.771393 -0.710032 -9.810000 None [[0.0, 0.0, 0.0, 0.0, 0.0, 0.0], [0.0, 0.0, 0.0, 0.0, 0.0, 0.0]]
958 0.9580 0.0010 2.770673 -0.719842 -9.810000 None [[0.0, 0.0, 0.0, 0.0, 0.0, 0.0], [0.0, 0.0, 0.0, 0.0, 0.0, 0.0]]
959 0.9590 0.0010 2.769943 -0.729652 -9.810000 None [[0.0, 0.0, 0.0, 0.0, 0.0, 0.0], [0.0, 0.0, 0.0, 0.0, 0.0, 0.0]]
960 0.9600 0.0010 2.769204 -0.739462 -9.810000 None [[0.0, 0.0, 0.0, 0.0, 0.0, 0.0], [0.0, 0.0, 0.0, 0.0, 0.0, 0.0]]
961 0.9610 0.0010 2.768454 -0.749272 -9.810000 None [[0.0, 0.0, 0.0, 0.0, 0.0, 0.0], [0.0, 0.0, 0.0, 0.0, 0.0, 0.0]]
962 0.9620 0.0010 2.767695 -0.759082 -9.810000 None [[0.0, 0.0, 0.0, 0.0, 0.0, 0.0], [0.0, 0.0, 0.0, 0.0, 0.0, 0.0]]
963 0.9630 0.0010 2.766926 -0.768892 -9.810000 None [[0.0, 0.0, 0.0, 0.0, 0.0, 0.0], [0.0, 0.0, 0.0, 0.0, 0.0, 0.0]]
964 0.9640 0.0010 2.766148 -0.778702 -9.810000 None [[0.0, 0.0, 0.0, 0.0, 0.0, 0.0], [0.0, 0.0, 0.0, 0.0, 0.0, 0.0]]
965 0.9650 0.0010 2.765359 -0.788512 -9.810000 None [[0.0, 0.0, 0.0, 0.0, 0.0, 0.0], [0.0, 0.0, 0.0, 0.0, 0.0, 0.0]]
966 0.9660 0.0010 2.764561 -0.798322 -9.810000 None [[0.0, 0.0, 0.0, 0.0, 0.0, 0.0], [0.0, 0.0, 0.0, 0.0, 0.0, 0.0]]
967 0.9670 0.0010 2.763753 -0.808132 -9.810000 None [[0.0, 0.0, 0.0, 0.0, 0.0, 0.0], [0.0, 0.0, 0.0, 0.0, 0.0, 0.0]]
968 0.9680 0.0010 2.762935 -0.817942 -9.810000 None [[0.0, 0.0, 0.0, 0.0, 0.0, 0.0], [0.0, 0.0, 0.0, 0.0, 0.0, 0.0]]
969 0.9690 0.0010 2.762107 -0.827752 -9.810000 None [[0.0, 0.0, 0.0, 0.0, 0.0, 0.0], [0.0, 0.0, 0.0, 0.0, 0.0, 0.0]]
970 0.9700 0.0010 2.761270 -0.837562 -9.810000 None [[0.0, 0.0, 0.0, 0.0, 0.0, 0.0], [0.0, 0.0, 0.0, 0.0, 0.0, 0.0]]
971 0.9710 0.0010 2.760422 -0.847372 -9.810000 None [[0.0, 0.0, 0.0, 0.0, 0.0, 0.0], [0.0, 0.0, 0.0, 0.0, 0.0, 0.0]]
972 0.9720 0.0010 2.759565 -0.857182 -9.810000 None [[0.0, 0.0, 0.0, 0.0, 0.0, 0.0], [0.0, 0.0, 0.0, 0.0, 0.0, 0.0]]
973 0.9730 0.0010 2.758698 -0.866992 -9.810000 None [[0.0, 0.0, 0.0, 0.0, 0.0, 0.0], [0.0, 0.0, 0.0, 0.0, 0.0, 0.0]]
974 0.9740 0.0010 2.757821 -0.876802 -9.810000 None [[0.0, 0.0, 0.0, 0.0, 0.0, 0.0], [0.0, 0.0, 0.0, 0.0, 0.0, 0.0]]
975 0.9750 0.0010 2.756935 -0.886612 -9.810000 None [[0.0, 0.0, 0.0, 0.0, 0.0, 0.0], [0.0, 0.0, 0.0, 0.0, 0.0, 0.0]]
976 0.9760 0.0010 2.756038 -0.896422 -9.810000 None [[0.0, 0.0, 0.0, 0.0, 0.0, 0.0], [0.0, 0.0, 0.0, 0.0, 0.0, 0.0]]
977 0.9770 0.0010 2.755132 -0.906232 -9.810000 None [[0.0, 0.0, 0.0, 0.0, 0.0, 0.0], [0.0, 0.0, 0.0, 0.0, 0.0, 0.0]]
978 0.9780 0.0010 2.754216 -0.916042 -9.810000 None [[0.0, 0.0, 0.0, 0.0, 0.0, 0.0], [0.0, 0.0, 0.0, 0.0, 0.0, 0.0]]
979 0.9790 0.0010 2.753290 -0.925852 -9.810000 None [[0.0, 0.0, 0.0, 0.0, 0.0, 0.0], [0.0, 0.0, 0.0, 0.0, 0.0, 0.0]]
980 0.9800 0.0010 2.752354 -0.935662 -9.810000 None [[0.0, 0.0, 0.0, 0.0, 0.0, 0.0], [0.0, 0.0, 0.0, 0.0, 0.0, 0.0]]
981 0.9810 0.0010 2.751409 -0.945472 -9.810000 None [[0.0, 0.0, 0.0, 0.0, 0.0, 0.0], [0.0, 0.0, 0.0, 0.0, 0.0, 0.0]]
982 0.9820 0.0010 2.750454 -0.955282 -9.810000 None [[0.0, 0.0, 0.0, 0.0, 0.0, 0.0], [0.0, 0.0, 0.0, 0.0, 0.0, 0.0]]
983 0.9830 0.0010 2.749489 -0.965092 -9.810000 None [[0.0, 0.0, 0.0, 0.0, 0.0, 0.0], [0.0, 0.0, 0.0, 0.0, 0.0, 0.0]]
984 0.9840 0.0010 2.748514 -0.974902 -9.810000 None [[0.0, 0.0, 0.0, 0.0, 0.0, 0.0], [0.0, 0.0, 0.0, 0.0, 0.0, 0.0]]
985 0.9850 0.0010 2.747529 -0.984712 -9.810000 None [[0.0, 0.0, 0.0, 0.0, 0.0, 0.0], [0.0, 0.0, 0.0, 0.0, 0.0, 0.0]]
986 0.9860 0.0010 2.746534 -0.994522 -9.810000 None [[0.0, 0.0, 0.0, 0.0, 0.0, 0.0], [0.0, 0.0, 0.0, 0.0, 0.0, 0.0]]
987 0.9870 0.0010 2.745530 -1.004332 -9.810000 None [[0.0, 0.0, 0.0, 0.0, 0.0, 0.0], [0.0, 0.0, 0.0, 0.0, 0.0, 0.0]]
988 0.9880 0.0010 2.744516 -1.014142 -9.810000 None [[0.0, 0.0, 0.0, 0.0, 0.0, 0.0], [0.0, 0.0, 0.0, 0.0, 0.0, 0.0]]
989 0.9890 0.0010 2.743492 -1.023952 -9.810000 None [[0.0, 0.0, 0.0, 0.0, 0.0, 0.0], [0.0, 0.0, 0.0, 0.0, 0.0, 0.0]]
990 0.9900 0.0010 2.742458 -1.033762 -9.810000 None [[0.0, 0.0, 0.0, 0.0, 0.0, 0.0], [0.0, 0.0, 0.0, 0.0, 0.0, 0.0]]
991 0.9910 0.0010 2.741415 -1.043572 -9.810000 None [[0.0, 0.0, 0.0, 0.0, 0.0, 0.0], [0.0, 0.0, 0.0, 0.0, 0.0, 0.0]]
992 0.9920 0.0010 2.740361 -1.053382 -9.810000 None [[0.0, 0.0, 0.0, 0.0, 0.0, 0.0], [0.0, 0.0, 0.0, 0.0, 0.0, 0.0]]
993 0.9930 0.0010 2.739298 -1.063192 -9.810000 None [[0.0, 0.0, 0.0, 0.0, 0.0, 0.0], [0.0, 0.0, 0.0, 0.0, 0.0, 0.0]]
994 0.9940 0.0010 2.738225 -1.073002 -9.810000 None [[0.0, 0.0, 0.0, 0.0, 0.0, 0.0], [0.0, 0.0, 0.0, 0.0, 0.0, 0.0]]
995 0.9950 0.0010 2.737142 -1.082812 -9.810000 None [[0.0, 0.0, 0.0, 0.0, 0.0, 0.0], [0.0, 0.0, 0.0, 0.0, 0.0, 0.0]]
996 0.9960 0.0010 2.736050 -1.092622 -9.810000 None [[0.0, 0.0, 0.0, 0.0, 0.0, 0.0], [0.0, 0.0, 0.0, 0.0, 0.0, 0.0]]
997 0.9970 0.0010 2.734947 -1.102432 -9.810000 None [[0.0, 0.0, 0.0, 0.0, 0.0, 0.0], [0.0, 0.0, 0.0, 0.0, 0.0, 0.0]]
998 0.9980 0.0010 2.733835 -1.112242 -9.810000 None [[0.0, 0.0, 0.0, 0.0, 0.0, 0.0], [0.0, 0.0, 0.0, 0.0, 0.0, 0.0]]
999 0.9990 0.0010 2.732713 -1.122052 -9.810000 None [[0.0, 0.0, 0.0, 0.0, 0.0, 0.0], [0.0, 0.0, 0.0, 0.0, 0.0, 0.0]]
1000 1.0000 0.0010 2.731581 -1.131862 -9.810000 None [[0.0, 0.0, 0.0, 0.0, 0.0, 0.0], [0.0, 0.0, 0.0, 0.0, 0.0, 0.0]]
1001 1.0010 0.0010 2.730439 -1.141672 -9.810000 None [[0.0, 0.0, 0.0, 0.0, 0.0, 0.0], [0.0, 0.0, 0.0, 0.0, 0.0, 0.0]]
1002 1.0020 0.0010 2.729288 -1.151482 -9.810000 None [[0.0, 0.0, 0.0, 0.0, 0.0, 0.0], [0.0, 0.0, 0.0, 0.0, 0.0, 0.0]]
1003 1.0030 0.0010 2.728127 -1.161292 -9.810000 None [[0.0, 0.0, 0.0, 0.0, 0.0, 0.0], [0.0, 0.0, 0.0, 0.0, 0.0, 0.0]]
1004 1.0040 0.0010 2.726955 -1.171102 -9.810000 None [[0.0, 0.0, 0.0, 0.0, 0.0, 0.0], [0.0, 0.0, 0.0, 0.0, 0.0, 0.0]]
1005 1.0050 0.0010 2.725775 -1.180912 -9.810000 None [[0.0, 0.0, 0.0, 0.0, 0.0, 0.0], [0.0, 0.0, 0.0, 0.0, 0.0, 0.0]]
1006 1.0060 0.0010 2.724584 -1.190722 -9.810000 None [[0.0, 0.0, 0.0, 0.0, 0.0, 0.0], [0.0, 0.0, 0.0, 0.0, 0.0, 0.0]]
1007 1.0070 0.0010 2.723383 -1.200532 -9.810000 None [[0.0, 0.0, 0.0, 0.0, 0.0, 0.0], [0.0, 0.0, 0.0, 0.0, 0.0, 0.0]]
1008 1.0080 0.0010 2.722173 -1.210342 -9.810000 None [[0.0, 0.0, 0.0, 0.0, 0.0, 0.0], [0.0, 0.0, 0.0, 0.0, 0.0, 0.0]]
1009 1.0090 0.0010 2.720953 -1.220152 -9.810000 None [[0.0, 0.0, 0.0, 0.0, 0.0, 0.0], [0.0, 0.0, 0.0, 0.0, 0.0, 0.0]]
1010 1.0100 0.0010 2.719723 -1.229962 -9.810000 None [[0.0, 0.0, 0.0, 0.0, 0.0, 0.0], [0.0, 0.0, 0.0, 0.0, 0.0, 0.0]]
1011 1.0110 0.0010 2.718483 -1.239772 -9.810000 None [[0.0, 0.0, 0.0, 0.0, 0.0, 0.0], [0.0, 0.0, 0.0, 0.0, 0.0, 0.0]]
1012 1.0120 0.0010 2.717234 -1.249582 -9.810000 None [[0.0, 0.0, 0.0, 0.0, 0.0, 0.0], [0.0, 0.0, 0.0, 0.0, 0.0, 0.0]]
1013 1.0130 0.0010 2.715974 -1.259392 -9.810000 None [[0.0, 0.0, 0.0, 0.0, 0.0, 0.0], [0.0, 0.0, 0.0, 0.0, 0.0, 0.0]]
1014 1.0140 0.0010 2.714705 -1.269202 -9.810000 None [[0.0, 0.0, 0.0, 0.0, 0.0, 0.0], [0.0, 0.0, 0.0, 0.0, 0.0, 0.0]]
1015 1.0150 0.0010 2.713426 -1.279012 -9.810000 None [[0.0, 0.0, 0.0, 0.0, 0.0, 0.0], [0.0, 0.0, 0.0, 0.0, 0.0, 0.0]]
1016 1.0160 0.0010 2.712137 -1.288822 -9.810000 None [[0.0, 0.0, 0.0, 0.0, 0.0, 0.0], [0.0, 0.0, 0.0, 0.0, 0.0, 0.0]]
1017 1.0170 0.0010 2.710838 -1.298632 -9.810000 None [[0.0, 0.0, 0.0, 0.0, 0.0, 0.0], [0.0, 0.0, 0.0, 0.0, 0.0, 0.0]]
1018 1.0180 0.0010 2.709530 -1.308442 -9.810000 None [[0.0, 0.0, 0.0, 0.0, 0.0, 0.0], [0.0, 0.0, 0.0, 0.0, 0.0, 0.0]]
1019 1.0190 0.0010 2.708212 -1.318252 -9.810000 None [[0.0, 0.0, 0.0, 0.0, 0.0, 0.0], [0.0, 0.0, 0.0, 0.0, 0.0, 0.0]]
1020 1.0200 0.0010 2.706884 -1.328062 -9.810000 None [[0.0, 0.0, 0.0, 0.0, 0.0, 0.0], [0.0, 0.0, 0.0, 0.0, 0.0, 0.0]]
1021 1.0210 0.0010 2.705546 -1.337872 -9.810000 None [[0.0, 0.0, 0.0, 0.0, 0.0, 0.0], [0.0, 0.0, 0.0, 0.0, 0.0, 0.0]]
1022 1.0220 0.0010 2.704198 -1.347682 -9.810000 None [[0.0, 0.0, 0.0, 0.0, 0.0, 0.0], [0.0, 0.0, 0.0, 0.0, 0.0, 0.0]]
1023 1.0230 0.0010 2.702841 -1.357492 -9.810000 None [[0.0, 0.0, 0.0, 0.0, 0.0, 0.0], [0.0, 0.0, 0.0, 0.0, 0.0, 0.0]]
1024 1.0240 0.0010 2.701473 -1.367302 -9.810000 None [[0.0, 0.0, 0.0, 0.0, 0.0, 0.0], [0.0, 0.0, 0.0, 0.0, 0.0, 0.0]]
1025 1.0250 0.0010 2.700096 -1.377112 -9.810000 None [[0.0, 0.0, 0.0, 0.0, 0.0, 0.0], [0.0, 0.0, 0.0, 0.0, 0.0, 0.0]]
1026 1.0260 0.0010 2.698709 -1.386922 -9.810000 None [[0.0, 0.0, 0.0, 0.0, 0.0, 0.0], [0.0, 0.0, 0.0, 0.0, 0.0, 0.0]]
1027 1.0270 0.0010 2.697313 -1.396732 -9.810000 None [[0.0, 0.0, 0.0, 0.0, 0.0, 0.0], [0.0, 0.0, 0.0, 0.0, 0.0, 0.0]]
1028 1.0280 0.0010 2.695906 -1.406542 -9.810000 None [[0.0, 0.0, 0.0, 0.0, 0.0, 0.0], [0.0, 0.0, 0.0, 0.0, 0.0, 0.0]]
1029 1.0290 0.0010 2.694490 -1.416352 -9.810000 None [[0.0, 0.0, 0.0, 0.0, 0.0, 0.0], [0.0, 0.0, 0.0, 0.0, 0.0, 0.0]]
1030 1.0300 0.0010 2.693064 -1.426162 -9.810000 None [[0.0, 0.0, 0.0, 0.0, 0.0, 0.0], [0.0, 0.0, 0.0, 0.0, 0.0, 0.0]]
1031 1.0310 0.0010 2.691628 -1.435972 -9.810000 None [[0.0, 0.0, 0.0, 0.0, 0.0, 0.0], [0.0, 0.0, 0.0, 0.0, 0.0, 0.0]]
1032 1.0320 0.0010 2.690182 -1.445782 -9.810000 None [[0.0, 0.0, 0.0, 0.0, 0.0, 0.0], [0.0, 0.0, 0.0, 0.0, 0.0, 0.0]]
1033 1.0330 0.0010 2.688726 -1.455592 -9.810000 None [[0.0, 0.0, 0.0, 0.0, 0.0, 0.0], [0.0, 0.0, 0.0, 0.0, 0.0, 0.0]]
1034 1.0340 0.0010 2.687261 -1.465402 -9.810000 None [[0.0, 0.0, 0.0, 0.0, 0.0, 0.0], [0.0, 0.0, 0.0, 0.0, 0.0, 0.0]]
1035 1.0350 0.0010 2.685786 -1.475212 -9.810000 None [[0.0, 0.0, 0.0, 0.0, 0.0, 0.0], [0.0, 0.0, 0.0, 0.0, 0.0, 0.0]]
1036 1.0360 0.0010 2.684301 -1.485022 -9.810000 None [[0.0, 0.0, 0.0, 0.0, 0.0, 0.0], [0.0, 0.0, 0.0, 0.0, 0.0, 0.0]]
1037 1.0370 0.0010 2.682806 -1.494832 -9.810000 None [[0.0, 0.0, 0.0, 0.0, 0.0, 0.0], [0.0, 0.0, 0.0, 0.0, 0.0, 0.0]]
1038 1.0380 0.0010 2.681301 -1.504642 -9.810000 None [[0.0, 0.0, 0.0, 0.0, 0.0, 0.0], [0.0, 0.0, 0.0, 0.0, 0.0, 0.0]]
1039 1.0390 0.0010 2.679787 -1.514452 -9.810000 None [[0.0, 0.0, 0.0, 0.0, 0.0, 0.0], [0.0, 0.0, 0.0, 0.0, 0.0, 0.0]]
1040 1.0400 0.0010 2.678262 -1.524262 -9.810000 None [[0.0, 0.0, 0.0, 0.0, 0.0, 0.0], [0.0, 0.0, 0.0, 0.0, 0.0, 0.0]]
1041 1.0410 0.0010 2.676728 -1.534072 -9.810000 None [[0.0, 0.0, 0.0, 0.0, 0.0, 0.0], [0.0, 0.0, 0.0, 0.0, 0.0, 0.0]]
1042 1.0420 0.0010 2.675184 -1.543882 -9.810000 None [[0.0, 0.0, 0.0, 0.0, 0.0, 0.0], [0.0, 0.0, 0.0, 0.0, 0.0, 0.0]]
1043 1.0430 0.0010 2.673631 -1.553692 -9.810000 None [[0.0, 0.0, 0.0, 0.0, 0.0, 0.0], [0.0, 0.0, 0.0, 0.0, 0.0, 0.0]]
1044 1.0440 0.0010 2.672067 -1.563502 -9.810000 None [[0.0, 0.0, 0.0, 0.0, 0.0, 0.0], [0.0, 0.0, 0.0, 0.0, 0.0, 0.0]]
1045 1.0450 0.0010 2.670494 -1.573312 -9.810000 None [[0.0, 0.0, 0.0, 0.0, 0.0, 0.0], [0.0, 0.0, 0.0, 0.0, 0.0, 0.0]]
1046 1.0460 0.0010 2.668911 -1.583122 -9.810000 None [[0.0, 0.0, 0.0, 0.0, 0.0, 0.0], [0.0, 0.0, 0.0, 0.0, 0.0, 0.0]]
1047 1.0470 0.0010 2.667318 -1.592932 -9.810000 None [[0.0, 0.0, 0.0, 0.0, 0.0, 0.0], [0.0, 0.0, 0.0, 0.0, 0.0, 0.0]]
1048 1.0480 0.0010 2.665715 -1.602742 -9.810000 None [[0.0, 0.0, 0.0, 0.0, 0.0, 0.0], [0.0, 0.0, 0.0, 0.0, 0.0, 0.0]]
1049 1.0490 0.0010 2.664103 -1.612552 -9.810000 None [[0.0, 0.0, 0.0, 0.0, 0.0, 0.0], [0.0, 0.0, 0.0, 0.0, 0.0, 0.0]]
1050 1.0500 0.0010 2.662480 -1.622362 -9.810000 None [[0.0, 0.0, 0.0, 0.0, 0.0, 0.0], [0.0, 0.0, 0.0, 0.0, 0.0, 0.0]]
1051 1.0510 0.0010 2.660848 -1.632172 -9.810000 None [[0.0, 0.0, 0.0, 0.0, 0.0, 0.0], [0.0, 0.0, 0.0, 0.0, 0.0, 0.0]]
1052 1.0520 0.0010 2.659206 -1.641982 -9.810000 None [[0.0, 0.0, 0.0, 0.0, 0.0, 0.0], [0.0, 0.0, 0.0, 0.0, 0.0, 0.0]]
1053 1.0530 0.0010 2.657554 -1.651792 -9.810000 None [[0.0, 0.0, 0.0, 0.0, 0.0, 0.0], [0.0, 0.0, 0.0, 0.0, 0.0, 0.0]]
1054 1.0540 0.0010 2.655893 -1.661602 -9.810000 None [[0.0, 0.0, 0.0, 0.0, 0.0, 0.0], [0.0, 0.0, 0.0, 0.0, 0.0, 0.0]]
1055 1.0550 0.0010 2.654221 -1.671412 -9.810000 None [[0.0, 0.0, 0.0, 0.0, 0.0, 0.0], [0.0, 0.0, 0.0, 0.0, 0.0, 0.0]]
1056 1.0560 0.0010 2.652540 -1.681222 -9.810000 None [[0.0, 0.0, 0.0, 0.0, 0.0, 0.0], [0.0, 0.0, 0.0, 0.0, 0.0, 0.0]]
1057 1.0570 0.0010 2.650849 -1.691032 -9.810000 None [[0.0, 0.0, 0.0, 0.0, 0.0, 0.0], [0.0, 0.0, 0.0, 0.0, 0.0, 0.0]]
1058 1.0580 0.0010 2.649148 -1.700842 -9.810000 None [[0.0, 0.0, 0.0, 0.0, 0.0, 0.0], [0.0, 0.0, 0.0, 0.0, 0.0, 0.0]]
1059 1.0590 0.0010 2.647437 -1.710652 -9.810000 None [[0.0, 0.0, 0.0, 0.0, 0.0, 0.0], [0.0, 0.0, 0.0, 0.0, 0.0, 0.0]]
1060 1.0600 0.0010 2.645717 -1.720462 -9.810000 None [[0.0, 0.0, 0.0, 0.0, 0.0, 0.0], [0.0, 0.0, 0.0, 0.0, 0.0, 0.0]]
1061 1.0610 0.0010 2.643987 -1.730272 -9.810000 None [[0.0, 0.0, 0.0, 0.0, 0.0, 0.0], [0.0, 0.0, 0.0, 0.0, 0.0, 0.0]]
1062 1.0620 0.0010 2.642247 -1.740082 -9.810000 None [[0.0, 0.0, 0.0, 0.0, 0.0, 0.0], [0.0, 0.0, 0.0, 0.0, 0.0, 0.0]]
1063 1.0630 0.0010 2.640497 -1.749892 -9.810000 None [[0.0, 0.0, 0.0, 0.0, 0.0, 0.0], [0.0, 0.0, 0.0, 0.0, 0.0, 0.0]]
1064 1.0640 0.0010 2.638737 -1.759702 -9.810000 None [[0.0, 0.0, 0.0, 0.0, 0.0, 0.0], [0.0, 0.0, 0.0, 0.0, 0.0, 0.0]]
1065 1.0650 0.0010 2.636968 -1.769512 -9.810000 None [[0.0, 0.0, 0.0, 0.0, 0.0, 0.0], [0.0, 0.0, 0.0, 0.0, 0.0, 0.0]]
1066 1.0660 0.0010 2.635188 -1.779322 -9.810000 None [[0.0, 0.0, 0.0, 0.0, 0.0, 0.0], [0.0, 0.0, 0.0, 0.0, 0.0, 0.0]]
1067 1.0670 0.0010 2.633399 -1.789132 -9.810000 None [[0.0, 0.0, 0.0, 0.0, 0.0, 0.0], [0.0, 0.0, 0.0, 0.0, 0.0, 0.0]]
1068 1.0680 0.0010 2.631600 -1.798942 -9.810000 None [[0.0, 0.0, 0.0, 0.0, 0.0, 0.0], [0.0, 0.0, 0.0, 0.0, 0.0, 0.0]]
1069 1.0690 0.0010 2.629791 -1.808752 -9.810000 None [[0.0, 0.0, 0.0, 0.0, 0.0, 0.0], [0.0, 0.0, 0.0, 0.0, 0.0, 0.0]]
1070 1.0700 0.0010 2.627973 -1.818562 -9.810000 None [[0.0, 0.0, 0.0, 0.0, 0.0, 0.0], [0.0, 0.0, 0.0, 0.0, 0.0, 0.0]]
1071 1.0710 0.0010 2.626144 -1.828372 -9.810000 None [[0.0, 0.0, 0.0, 0.0, 0.0, 0.0], [0.0, 0.0, 0.0, 0.0, 0.0, 0.0]]
1072 1.0720 0.0010 2.624306 -1.838182 -9.810000 None [[0.0, 0.0, 0.0, 0.0, 0.0, 0.0], [0.0, 0.0, 0.0, 0.0, 0.0, 0.0]]
1073 1.0730 0.0010 2.622458 -1.847992 -9.810000 None [[0.0, 0.0, 0.0, 0.0, 0.0, 0.0], [0.0, 0.0, 0.0, 0.0, 0.0, 0.0]]
1074 1.0740 0.0010 2.620601 -1.857802 -9.810000 None [[0.0, 0.0, 0.0, 0.0, 0.0, 0.0], [0.0, 0.0, 0.0, 0.0, 0.0, 0.0]]
1075 1.0750 0.0010 2.618733 -1.867612 -9.810000 None [[0.0, 0.0, 0.0, 0.0, 0.0, 0.0], [0.0, 0.0, 0.0, 0.0, 0.0, 0.0]]
1076 1.0760 0.0010 2.616855 -1.877422 -9.810000 None [[0.0, 0.0, 0.0, 0.0, 0.0, 0.0], [0.0, 0.0, 0.0, 0.0, 0.0, 0.0]]
1077 1.0770 0.0010 2.614968 -1.887232 -9.810000 None [[0.0, 0.0, 0.0, 0.0, 0.0, 0.0], [0.0, 0.0, 0.0, 0.0, 0.0, 0.0]]
1078 1.0780 0.0010 2.613071 -1.897042 -9.810000 None [[0.0, 0.0, 0.0, 0.0, 0.0, 0.0], [0.0, 0.0, 0.0, 0.0, 0.0, 0.0]]
1079 1.0790 0.0010 2.611164 -1.906852 -9.810000 None [[0.0, 0.0, 0.0, 0.0, 0.0, 0.0], [0.0, 0.0, 0.0, 0.0, 0.0, 0.0]]
1080 1.0800 0.0010 2.609248 -1.916662 -9.810000 None [[0.0, 0.0, 0.0, 0.0, 0.0, 0.0], [0.0, 0.0, 0.0, 0.0, 0.0, 0.0]]
1081 1.0810 0.0010 2.607321 -1.926472 -9.810000 None [[0.0, 0.0, 0.0, 0.0, 0.0, 0.0], [0.0, 0.0, 0.0, 0.0, 0.0, 0.0]]
1082 1.0820 0.0010 2.605385 -1.936282 -9.810000 None [[0.0, 0.0, 0.0, 0.0, 0.0, 0.0], [0.0, 0.0, 0.0, 0.0, 0.0, 0.0]]
1083 1.0830 0.0010 2.603439 -1.946092 -9.810000 None [[0.0, 0.0, 0.0, 0.0, 0.0, 0.0], [0.0, 0.0, 0.0, 0.0, 0.0, 0.0]]
1084 1.0840 0.0010 2.601483 -1.955902 -9.810000 None [[0.0, 0.0, 0.0, 0.0, 0.0, 0.0], [0.0, 0.0, 0.0, 0.0, 0.0, 0.0]]
1085 1.0850 0.0010 2.599517 -1.965712 -9.810000 None [[0.0, 0.0, 0.0, 0.0, 0.0, 0.0], [0.0, 0.0, 0.0, 0.0, 0.0, 0.0]]
1086 1.0860 0.0010 2.597542 -1.975522 -9.810000 None [[0.0, 0.0, 0.0, 0.0, 0.0, 0.0], [0.0, 0.0, 0.0, 0.0, 0.0, 0.0]]
1087 1.0870 0.0010 2.595556 -1.985332 -9.810000 None [[0.0, 0.0, 0.0, 0.0, 0.0, 0.0], [0.0, 0.0, 0.0, 0.0, 0.0, 0.0]]
1088 1.0880 0.0010 2.593561 -1.995142 -9.810000 None [[0.0, 0.0, 0.0, 0.0, 0.0, 0.0], [0.0, 0.0, 0.0, 0.0, 0.0, 0.0]]
1089 1.0890 0.0010 2.591556 -2.004952 -9.810000 None [[0.0, 0.0, 0.0, 0.0, 0.0, 0.0], [0.0, 0.0, 0.0, 0.0, 0.0, 0.0]]
1090 1.0900 0.0010 2.589542 -2.014762 -9.810000 None [[0.0, 0.0, 0.0, 0.0, 0.0, 0.0], [0.0, 0.0, 0.0, 0.0, 0.0, 0.0]]
1091 1.0910 0.0010 2.587517 -2.024572 -9.810000 None [[0.0, 0.0, 0.0, 0.0, 0.0, 0.0], [0.0, 0.0, 0.0, 0.0, 0.0, 0.0]]
1092 1.0920 0.0010 2.585483 -2.034382 -9.810000 None [[0.0, 0.0, 0.0, 0.0, 0.0, 0.0], [0.0, 0.0, 0.0, 0.0, 0.0, 0.0]]
1093 1.0930 0.0010 2.583438 -2.044192 -9.810000 None [[0.0, 0.0, 0.0, 0.0, 0.0, 0.0], [0.0, 0.0, 0.0, 0.0, 0.0, 0.0]]
1094 1.0940 0.0010 2.581384 -2.054002 -9.810000 None [[0.0, 0.0, 0.0, 0.0, 0.0, 0.0], [0.0, 0.0, 0.0, 0.0, 0.0, 0.0]]
1095 1.0950 0.0010 2.579321 -2.063812 -9.810000 None [[0.0, 0.0, 0.0, 0.0, 0.0, 0.0], [0.0, 0.0, 0.0, 0.0, 0.0, 0.0]]
1096 1.0960 0.0010 2.577247 -2.073622 -9.810000 None [[0.0, 0.0, 0.0, 0.0, 0.0, 0.0], [0.0, 0.0, 0.0, 0.0, 0.0, 0.0]]
1097 1.0970 0.0010 2.575164 -2.083432 -9.810000 None [[0.0, 0.0, 0.0, 0.0, 0.0, 0.0], [0.0, 0.0, 0.0, 0.0, 0.0, 0.0]]
1098 1.0980 0.0010 2.573070 -2.093242 -9.810000 None [[0.0, 0.0, 0.0, 0.0, 0.0, 0.0], [0.0, 0.0, 0.0, 0.0, 0.0, 0.0]]
1099 1.0990 0.0010 2.570967 -2.103052 -9.810000 None [[0.0, 0.0, 0.0, 0.0, 0.0, 0.0], [0.0, 0.0, 0.0, 0.0, 0.0, 0.0]]
1100 1.1000 0.0010 2.568854 -2.112862 -9.810000 None [[0.0, 0.0, 0.0, 0.0, 0.0, 0.0], [0.0, 0.0, 0.0, 0.0, 0.0, 0.0]]
1101 1.1010 0.0010 2.566732 -2.122672 -9.810000 None [[0.0, 0.0, 0.0, 0.0, 0.0, 0.0], [0.0, 0.0, 0.0, 0.0, 0.0, 0.0]]
1102 1.1020 0.0010 2.564599 -2.132482 -9.810000 None [[0.0, 0.0, 0.0, 0.0, 0.0, 0.0], [0.0, 0.0, 0.0, 0.0, 0.0, 0.0]]
1103 1.1030 0.0010 2.562457 -2.142292 -9.810000 None [[0.0, 0.0, 0.0, 0.0, 0.0, 0.0], [0.0, 0.0, 0.0, 0.0, 0.0, 0.0]]
1104 1.1040 0.0010 2.560305 -2.152102 -9.810000 None [[0.0, 0.0, 0.0, 0.0, 0.0, 0.0], [0.0, 0.0, 0.0, 0.0, 0.0, 0.0]]
1105 1.1050 0.0010 2.558143 -2.161912 -9.810000 None [[0.0, 0.0, 0.0, 0.0, 0.0, 0.0], [0.0, 0.0, 0.0, 0.0, 0.0, 0.0]]
1106 1.1060 0.0010 2.555971 -2.171722 -9.810000 None [[0.0, 0.0, 0.0, 0.0, 0.0, 0.0], [0.0, 0.0, 0.0, 0.0, 0.0, 0.0]]
1107 1.1070 0.0010 2.553790 -2.181532 -9.810000 None [[0.0, 0.0, 0.0, 0.0, 0.0, 0.0], [0.0, 0.0, 0.0, 0.0, 0.0, 0.0]]
1108 1.1080 0.0010 2.551598 -2.191342 -9.810000 None [[0.0, 0.0, 0.0, 0.0, 0.0, 0.0], [0.0, 0.0, 0.0, 0.0, 0.0, 0.0]]
1109 1.1090 0.0010 2.549397 -2.201152 -9.810000 None [[0.0, 0.0, 0.0, 0.0, 0.0, 0.0], [0.0, 0.0, 0.0, 0.0, 0.0, 0.0]]
1110 1.1100 0.0010 2.547186 -2.210962 -9.810000 None [[0.0, 0.0, 0.0, 0.0, 0.0, 0.0], [0.0, 0.0, 0.0, 0.0, 0.0, 0.0]]
1111 1.1110 0.0010 2.544965 -2.220772 -9.810000 None [[0.0, 0.0, 0.0, 0.0, 0.0, 0.0], [0.0, 0.0, 0.0, 0.0, 0.0, 0.0]]
1112 1.1120 0.0010 2.542735 -2.230582 -9.810000 None [[0.0, 0.0, 0.0, 0.0, 0.0, 0.0], [0.0, 0.0, 0.0, 0.0, 0.0, 0.0]]
1113 1.1130 0.0010 2.540494 -2.240392 -9.810000 None [[0.0, 0.0, 0.0, 0.0, 0.0, 0.0], [0.0, 0.0, 0.0, 0.0, 0.0, 0.0]]
1114 1.1140 0.0010 2.538244 -2.250202 -9.810000 None [[0.0, 0.0, 0.0, 0.0, 0.0, 0.0], [0.0, 0.0, 0.0, 0.0, 0.0, 0.0]]
1115 1.1150 0.0010 2.535984 -2.260012 -9.810000 None [[0.0, 0.0, 0.0, 0.0, 0.0, 0.0], [0.0, 0.0, 0.0, 0.0, 0.0, 0.0]]
1116 1.1160 0.0010 2.533714 -2.269822 -9.810000 None [[0.0, 0.0, 0.0, 0.0, 0.0, 0.0], [0.0, 0.0, 0.0, 0.0, 0.0, 0.0]]
1117 1.1170 0.0010 2.531435 -2.279632 -9.810000 None [[0.0, 0.0, 0.0, 0.0, 0.0, 0.0], [0.0, 0.0, 0.0, 0.0, 0.0, 0.0]]
1118 1.1180 0.0010 2.529145 -2.289442 -9.810000 None [[0.0, 0.0, 0.0, 0.0, 0.0, 0.0], [0.0, 0.0, 0.0, 0.0, 0.0, 0.0]]
1119 1.1190 0.0010 2.526846 -2.299252 -9.810000 None [[0.0, 0.0, 0.0, 0.0, 0.0, 0.0], [0.0, 0.0, 0.0, 0.0, 0.0, 0.0]]
1120 1.1200 0.0010 2.524537 -2.309062 -9.810000 None [[0.0, 0.0, 0.0, 0.0, 0.0, 0.0], [0.0, 0.0, 0.0, 0.0, 0.0, 0.0]]
1121 1.1210 0.0010 2.522218 -2.318872 -9.810000 None [[0.0, 0.0, 0.0, 0.0, 0.0, 0.0], [0.0, 0.0, 0.0, 0.0, 0.0, 0.0]]
1122 1.1220 0.0010 2.519889 -2.328682 -9.810000 None [[0.0, 0.0, 0.0, 0.0, 0.0, 0.0], [0.0, 0.0, 0.0, 0.0, 0.0, 0.0]]
1123 1.1230 0.0010 2.517551 -2.338492 -9.810000 None [[0.0, 0.0, 0.0, 0.0, 0.0, 0.0], [0.0, 0.0, 0.0, 0.0, 0.0, 0.0]]
1124 1.1240 0.0010 2.515203 -2.348302 -9.810000 None [[0.0, 0.0, 0.0, 0.0, 0.0, 0.0], [0.0, 0.0, 0.0, 0.0, 0.0, 0.0]]
1125 1.1250 0.0010 2.512845 -2.358112 -9.810000 None [[0.0, 0.0, 0.0, 0.0, 0.0, 0.0], [0.0, 0.0, 0.0, 0.0, 0.0, 0.0]]
1126 1.1260 0.0010 2.510477 -2.367922 -9.810000 None [[0.0, 0.0, 0.0, 0.0, 0.0, 0.0], [0.0, 0.0, 0.0, 0.0, 0.0, 0.0]]
1127 1.1270 0.0010 2.508099 -2.377732 -9.810000 None [[0.0, 0.0, 0.0, 0.0, 0.0, 0.0], [0.0, 0.0, 0.0, 0.0, 0.0, 0.0]]
1128 1.1280 0.0010 2.505711 -2.387542 -9.810000 None [[0.0, 0.0, 0.0, 0.0, 0.0, 0.0], [0.0, 0.0, 0.0, 0.0, 0.0, 0.0]]
1129 1.1290 0.0010 2.503314 -2.397352 -9.810000 None [[0.0, 0.0, 0.0, 0.0, 0.0, 0.0], [0.0, 0.0, 0.0, 0.0, 0.0, 0.0]]
1130 1.1300 0.0010 2.500907 -2.407162 -9.810000 None [[0.0, 0.0, 0.0, 0.0, 0.0, 0.0], [0.0, 0.0, 0.0, 0.0, 0.0, 0.0]]
1131 1.1310 0.0003 2.498490 -2.416972 13724.254368 [{'depth': 0.00201010794977341, 'geomIdA': 0, 'geomIdB': 1, 'modifiedDepth': 0.0, 'nhat_AB_W': [-0.0, -0.0, 1.0], 'p_WC': [0.0, 0.0, 1.9994949460251135], 'p_WCa': [0.0, 0.0, 2.0005], 'p_WCb': [0.0, 0.0, 1.9984898920502268]}] [[0.0, 0.0, -13734.064367620447, 0.0, 0.0, 0.0], [0.0, 0.0, 13734.064367620447, 0.0, 0.0, 0.0]]
1132 1.1313 0.0007 2.499091 1.908070 -9.810000 None [[0.0, 0.0, 0.0, 0.0, 0.0, 0.0], [0.0, 0.0, 0.0, 0.0, 0.0, 0.0]]
1133 1.1320 0.0010 2.500393 1.901352 -9.810000 None [[0.0, 0.0, 0.0, 0.0, 0.0, 0.0], [0.0, 0.0, 0.0, 0.0, 0.0, 0.0]]
1134 1.1330 0.0010 2.502285 1.891542 -9.810000 None [[0.0, 0.0, 0.0, 0.0, 0.0, 0.0], [0.0, 0.0, 0.0, 0.0, 0.0, 0.0]]
1135 1.1340 0.0010 2.504167 1.881732 -9.810000 None [[0.0, 0.0, 0.0, 0.0, 0.0, 0.0], [0.0, 0.0, 0.0, 0.0, 0.0, 0.0]]
1136 1.1350 0.0010 2.506039 1.871922 -9.810000 None [[0.0, 0.0, 0.0, 0.0, 0.0, 0.0], [0.0, 0.0, 0.0, 0.0, 0.0, 0.0]]
1137 1.1360 0.0010 2.507901 1.862112 -9.810000 None [[0.0, 0.0, 0.0, 0.0, 0.0, 0.0], [0.0, 0.0, 0.0, 0.0, 0.0, 0.0]]
1138 1.1370 0.0010 2.509753 1.852302 -9.810000 None [[0.0, 0.0, 0.0, 0.0, 0.0, 0.0], [0.0, 0.0, 0.0, 0.0, 0.0, 0.0]]
1139 1.1380 0.0010 2.511595 1.842492 -9.810000 None [[0.0, 0.0, 0.0, 0.0, 0.0, 0.0], [0.0, 0.0, 0.0, 0.0, 0.0, 0.0]]
1140 1.1390 0.0010 2.513428 1.832682 -9.810000 None [[0.0, 0.0, 0.0, 0.0, 0.0, 0.0], [0.0, 0.0, 0.0, 0.0, 0.0, 0.0]]
1141 1.1400 0.0010 2.515251 1.822872 -9.810000 None [[0.0, 0.0, 0.0, 0.0, 0.0, 0.0], [0.0, 0.0, 0.0, 0.0, 0.0, 0.0]]
1142 1.1410 0.0010 2.517064 1.813062 -9.810000 None [[0.0, 0.0, 0.0, 0.0, 0.0, 0.0], [0.0, 0.0, 0.0, 0.0, 0.0, 0.0]]
1143 1.1420 0.0010 2.518867 1.803252 -9.810000 None [[0.0, 0.0, 0.0, 0.0, 0.0, 0.0], [0.0, 0.0, 0.0, 0.0, 0.0, 0.0]]
1144 1.1430 0.0010 2.520661 1.793442 -9.810000 None [[0.0, 0.0, 0.0, 0.0, 0.0, 0.0], [0.0, 0.0, 0.0, 0.0, 0.0, 0.0]]
1145 1.1440 0.0010 2.522444 1.783632 -9.810000 None [[0.0, 0.0, 0.0, 0.0, 0.0, 0.0], [0.0, 0.0, 0.0, 0.0, 0.0, 0.0]]
1146 1.1450 0.0010 2.524218 1.773822 -9.810000 None [[0.0, 0.0, 0.0, 0.0, 0.0, 0.0], [0.0, 0.0, 0.0, 0.0, 0.0, 0.0]]
1147 1.1460 0.0010 2.525982 1.764012 -9.810000 None [[0.0, 0.0, 0.0, 0.0, 0.0, 0.0], [0.0, 0.0, 0.0, 0.0, 0.0, 0.0]]
1148 1.1470 0.0010 2.527736 1.754202 -9.810000 None [[0.0, 0.0, 0.0, 0.0, 0.0, 0.0], [0.0, 0.0, 0.0, 0.0, 0.0, 0.0]]
1149 1.1480 0.0010 2.529481 1.744392 -9.810000 None [[0.0, 0.0, 0.0, 0.0, 0.0, 0.0], [0.0, 0.0, 0.0, 0.0, 0.0, 0.0]]
1150 1.1490 0.0010 2.531215 1.734582 -9.810000 None [[0.0, 0.0, 0.0, 0.0, 0.0, 0.0], [0.0, 0.0, 0.0, 0.0, 0.0, 0.0]]
1151 1.1500 0.0010 2.532940 1.724772 -9.810000 None [[0.0, 0.0, 0.0, 0.0, 0.0, 0.0], [0.0, 0.0, 0.0, 0.0, 0.0, 0.0]]
1152 1.1510 0.0010 2.534655 1.714962 -9.810000 None [[0.0, 0.0, 0.0, 0.0, 0.0, 0.0], [0.0, 0.0, 0.0, 0.0, 0.0, 0.0]]
1153 1.1520 0.0010 2.536360 1.705152 -9.810000 None [[0.0, 0.0, 0.0, 0.0, 0.0, 0.0], [0.0, 0.0, 0.0, 0.0, 0.0, 0.0]]
1154 1.1530 0.0010 2.538056 1.695342 -9.810000 None [[0.0, 0.0, 0.0, 0.0, 0.0, 0.0], [0.0, 0.0, 0.0, 0.0, 0.0, 0.0]]
1155 1.1540 0.0010 2.539741 1.685532 -9.810000 None [[0.0, 0.0, 0.0, 0.0, 0.0, 0.0], [0.0, 0.0, 0.0, 0.0, 0.0, 0.0]]
1156 1.1550 0.0010 2.541417 1.675722 -9.810000 None [[0.0, 0.0, 0.0, 0.0, 0.0, 0.0], [0.0, 0.0, 0.0, 0.0, 0.0, 0.0]]
1157 1.1560 0.0010 2.543083 1.665912 -9.810000 None [[0.0, 0.0, 0.0, 0.0, 0.0, 0.0], [0.0, 0.0, 0.0, 0.0, 0.0, 0.0]]
1158 1.1570 0.0010 2.544739 1.656102 -9.810000 None [[0.0, 0.0, 0.0, 0.0, 0.0, 0.0], [0.0, 0.0, 0.0, 0.0, 0.0, 0.0]]
1159 1.1580 0.0010 2.546385 1.646292 -9.810000 None [[0.0, 0.0, 0.0, 0.0, 0.0, 0.0], [0.0, 0.0, 0.0, 0.0, 0.0, 0.0]]
1160 1.1590 0.0010 2.548022 1.636482 -9.810000 None [[0.0, 0.0, 0.0, 0.0, 0.0, 0.0], [0.0, 0.0, 0.0, 0.0, 0.0, 0.0]]
1161 1.1600 0.0010 2.549648 1.626672 -9.810000 None [[0.0, 0.0, 0.0, 0.0, 0.0, 0.0], [0.0, 0.0, 0.0, 0.0, 0.0, 0.0]]
1162 1.1610 0.0010 2.551265 1.616862 -9.810000 None [[0.0, 0.0, 0.0, 0.0, 0.0, 0.0], [0.0, 0.0, 0.0, 0.0, 0.0, 0.0]]
1163 1.1620 0.0010 2.552872 1.607052 -9.810000 None [[0.0, 0.0, 0.0, 0.0, 0.0, 0.0], [0.0, 0.0, 0.0, 0.0, 0.0, 0.0]]
1164 1.1630 0.0010 2.554470 1.597242 -9.810000 None [[0.0, 0.0, 0.0, 0.0, 0.0, 0.0], [0.0, 0.0, 0.0, 0.0, 0.0, 0.0]]
1165 1.1640 0.0010 2.556057 1.587432 -9.810000 None [[0.0, 0.0, 0.0, 0.0, 0.0, 0.0], [0.0, 0.0, 0.0, 0.0, 0.0, 0.0]]
1166 1.1650 0.0010 2.557635 1.577622 -9.810000 None [[0.0, 0.0, 0.0, 0.0, 0.0, 0.0], [0.0, 0.0, 0.0, 0.0, 0.0, 0.0]]
1167 1.1660 0.0010 2.559202 1.567812 -9.810000 None [[0.0, 0.0, 0.0, 0.0, 0.0, 0.0], [0.0, 0.0, 0.0, 0.0, 0.0, 0.0]]
1168 1.1670 0.0010 2.560760 1.558002 -9.810000 None [[0.0, 0.0, 0.0, 0.0, 0.0, 0.0], [0.0, 0.0, 0.0, 0.0, 0.0, 0.0]]
1169 1.1680 0.0010 2.562309 1.548192 -9.810000 None [[0.0, 0.0, 0.0, 0.0, 0.0, 0.0], [0.0, 0.0, 0.0, 0.0, 0.0, 0.0]]
1170 1.1690 0.0010 2.563847 1.538382 -9.810000 None [[0.0, 0.0, 0.0, 0.0, 0.0, 0.0], [0.0, 0.0, 0.0, 0.0, 0.0, 0.0]]
1171 1.1700 0.0010 2.565376 1.528572 -9.810000 None [[0.0, 0.0, 0.0, 0.0, 0.0, 0.0], [0.0, 0.0, 0.0, 0.0, 0.0, 0.0]]
1172 1.1710 0.0010 2.566894 1.518762 -9.810000 None [[0.0, 0.0, 0.0, 0.0, 0.0, 0.0], [0.0, 0.0, 0.0, 0.0, 0.0, 0.0]]
1173 1.1720 0.0010 2.568403 1.508952 -9.810000 None [[0.0, 0.0, 0.0, 0.0, 0.0, 0.0], [0.0, 0.0, 0.0, 0.0, 0.0, 0.0]]
1174 1.1730 0.0010 2.569902 1.499142 -9.810000 None [[0.0, 0.0, 0.0, 0.0, 0.0, 0.0], [0.0, 0.0, 0.0, 0.0, 0.0, 0.0]]
1175 1.1740 0.0010 2.571392 1.489332 -9.810000 None [[0.0, 0.0, 0.0, 0.0, 0.0, 0.0], [0.0, 0.0, 0.0, 0.0, 0.0, 0.0]]
1176 1.1750 0.0010 2.572871 1.479522 -9.810000 None [[0.0, 0.0, 0.0, 0.0, 0.0, 0.0], [0.0, 0.0, 0.0, 0.0, 0.0, 0.0]]
1177 1.1760 0.0010 2.574341 1.469712 -9.810000 None [[0.0, 0.0, 0.0, 0.0, 0.0, 0.0], [0.0, 0.0, 0.0, 0.0, 0.0, 0.0]]
1178 1.1770 0.0010 2.575801 1.459902 -9.810000 None [[0.0, 0.0, 0.0, 0.0, 0.0, 0.0], [0.0, 0.0, 0.0, 0.0, 0.0, 0.0]]
1179 1.1780 0.0010 2.577251 1.450092 -9.810000 None [[0.0, 0.0, 0.0, 0.0, 0.0, 0.0], [0.0, 0.0, 0.0, 0.0, 0.0, 0.0]]
1180 1.1790 0.0010 2.578691 1.440282 -9.810000 None [[0.0, 0.0, 0.0, 0.0, 0.0, 0.0], [0.0, 0.0, 0.0, 0.0, 0.0, 0.0]]
1181 1.1800 0.0010 2.580122 1.430472 -9.810000 None [[0.0, 0.0, 0.0, 0.0, 0.0, 0.0], [0.0, 0.0, 0.0, 0.0, 0.0, 0.0]]
1182 1.1810 0.0010 2.581542 1.420662 -9.810000 None [[0.0, 0.0, 0.0, 0.0, 0.0, 0.0], [0.0, 0.0, 0.0, 0.0, 0.0, 0.0]]
1183 1.1820 0.0010 2.582953 1.410852 -9.810000 None [[0.0, 0.0, 0.0, 0.0, 0.0, 0.0], [0.0, 0.0, 0.0, 0.0, 0.0, 0.0]]
1184 1.1830 0.0010 2.584354 1.401042 -9.810000 None [[0.0, 0.0, 0.0, 0.0, 0.0, 0.0], [0.0, 0.0, 0.0, 0.0, 0.0, 0.0]]
1185 1.1840 0.0010 2.585745 1.391232 -9.810000 None [[0.0, 0.0, 0.0, 0.0, 0.0, 0.0], [0.0, 0.0, 0.0, 0.0, 0.0, 0.0]]
1186 1.1850 0.0010 2.587127 1.381422 -9.810000 None [[0.0, 0.0, 0.0, 0.0, 0.0, 0.0], [0.0, 0.0, 0.0, 0.0, 0.0, 0.0]]
1187 1.1860 0.0010 2.588499 1.371612 -9.810000 None [[0.0, 0.0, 0.0, 0.0, 0.0, 0.0], [0.0, 0.0, 0.0, 0.0, 0.0, 0.0]]
1188 1.1870 0.0010 2.589860 1.361802 -9.810000 None [[0.0, 0.0, 0.0, 0.0, 0.0, 0.0], [0.0, 0.0, 0.0, 0.0, 0.0, 0.0]]
1189 1.1880 0.0010 2.591212 1.351992 -9.810000 None [[0.0, 0.0, 0.0, 0.0, 0.0, 0.0], [0.0, 0.0, 0.0, 0.0, 0.0, 0.0]]
1190 1.1890 0.0010 2.592554 1.342182 -9.810000 None [[0.0, 0.0, 0.0, 0.0, 0.0, 0.0], [0.0, 0.0, 0.0, 0.0, 0.0, 0.0]]
1191 1.1900 0.0010 2.593887 1.332372 -9.810000 None [[0.0, 0.0, 0.0, 0.0, 0.0, 0.0], [0.0, 0.0, 0.0, 0.0, 0.0, 0.0]]
1192 1.1910 0.0010 2.595209 1.322562 -9.810000 None [[0.0, 0.0, 0.0, 0.0, 0.0, 0.0], [0.0, 0.0, 0.0, 0.0, 0.0, 0.0]]
1193 1.1920 0.0010 2.596522 1.312752 -9.810000 None [[0.0, 0.0, 0.0, 0.0, 0.0, 0.0], [0.0, 0.0, 0.0, 0.0, 0.0, 0.0]]
1194 1.1930 0.0010 2.597825 1.302942 -9.810000 None [[0.0, 0.0, 0.0, 0.0, 0.0, 0.0], [0.0, 0.0, 0.0, 0.0, 0.0, 0.0]]
1195 1.1940 0.0010 2.599118 1.293132 -9.810000 None [[0.0, 0.0, 0.0, 0.0, 0.0, 0.0], [0.0, 0.0, 0.0, 0.0, 0.0, 0.0]]
1196 1.1950 0.0010 2.600402 1.283322 -9.810000 None [[0.0, 0.0, 0.0, 0.0, 0.0, 0.0], [0.0, 0.0, 0.0, 0.0, 0.0, 0.0]]
1197 1.1960 0.0010 2.601675 1.273512 -9.810000 None [[0.0, 0.0, 0.0, 0.0, 0.0, 0.0], [0.0, 0.0, 0.0, 0.0, 0.0, 0.0]]
1198 1.1970 0.0010 2.602939 1.263702 -9.810000 None [[0.0, 0.0, 0.0, 0.0, 0.0, 0.0], [0.0, 0.0, 0.0, 0.0, 0.0, 0.0]]
1199 1.1980 0.0010 2.604193 1.253892 -9.810000 None [[0.0, 0.0, 0.0, 0.0, 0.0, 0.0], [0.0, 0.0, 0.0, 0.0, 0.0, 0.0]]
1200 1.1990 0.0010 2.605437 1.244082 -9.810000 None [[0.0, 0.0, 0.0, 0.0, 0.0, 0.0], [0.0, 0.0, 0.0, 0.0, 0.0, 0.0]]
1201 1.2000 0.0010 2.606671 1.234272 -9.810000 None [[0.0, 0.0, 0.0, 0.0, 0.0, 0.0], [0.0, 0.0, 0.0, 0.0, 0.0, 0.0]]
1202 1.2010 0.0010 2.607895 1.224462 -9.810000 None [[0.0, 0.0, 0.0, 0.0, 0.0, 0.0], [0.0, 0.0, 0.0, 0.0, 0.0, 0.0]]
1203 1.2020 0.0010 2.609110 1.214652 -9.810000 None [[0.0, 0.0, 0.0, 0.0, 0.0, 0.0], [0.0, 0.0, 0.0, 0.0, 0.0, 0.0]]
1204 1.2030 0.0010 2.610315 1.204842 -9.810000 None [[0.0, 0.0, 0.0, 0.0, 0.0, 0.0], [0.0, 0.0, 0.0, 0.0, 0.0, 0.0]]
1205 1.2040 0.0010 2.611510 1.195032 -9.810000 None [[0.0, 0.0, 0.0, 0.0, 0.0, 0.0], [0.0, 0.0, 0.0, 0.0, 0.0, 0.0]]
1206 1.2050 0.0010 2.612695 1.185222 -9.810000 None [[0.0, 0.0, 0.0, 0.0, 0.0, 0.0], [0.0, 0.0, 0.0, 0.0, 0.0, 0.0]]
1207 1.2060 0.0010 2.613871 1.175412 -9.810000 None [[0.0, 0.0, 0.0, 0.0, 0.0, 0.0], [0.0, 0.0, 0.0, 0.0, 0.0, 0.0]]
1208 1.2070 0.0010 2.615036 1.165602 -9.810000 None [[0.0, 0.0, 0.0, 0.0, 0.0, 0.0], [0.0, 0.0, 0.0, 0.0, 0.0, 0.0]]
1209 1.2080 0.0010 2.616192 1.155792 -9.810000 None [[0.0, 0.0, 0.0, 0.0, 0.0, 0.0], [0.0, 0.0, 0.0, 0.0, 0.0, 0.0]]
1210 1.2090 0.0010 2.617338 1.145982 -9.810000 None [[0.0, 0.0, 0.0, 0.0, 0.0, 0.0], [0.0, 0.0, 0.0, 0.0, 0.0, 0.0]]
1211 1.2100 0.0010 2.618474 1.136172 -9.810000 None [[0.0, 0.0, 0.0, 0.0, 0.0, 0.0], [0.0, 0.0, 0.0, 0.0, 0.0, 0.0]]
1212 1.2110 0.0010 2.619601 1.126362 -9.810000 None [[0.0, 0.0, 0.0, 0.0, 0.0, 0.0], [0.0, 0.0, 0.0, 0.0, 0.0, 0.0]]
1213 1.2120 0.0010 2.620717 1.116552 -9.810000 None [[0.0, 0.0, 0.0, 0.0, 0.0, 0.0], [0.0, 0.0, 0.0, 0.0, 0.0, 0.0]]
1214 1.2130 0.0010 2.621824 1.106742 -9.810000 None [[0.0, 0.0, 0.0, 0.0, 0.0, 0.0], [0.0, 0.0, 0.0, 0.0, 0.0, 0.0]]
1215 1.2140 0.0010 2.622921 1.096932 -9.810000 None [[0.0, 0.0, 0.0, 0.0, 0.0, 0.0], [0.0, 0.0, 0.0, 0.0, 0.0, 0.0]]
1216 1.2150 0.0010 2.624008 1.087122 -9.810000 None [[0.0, 0.0, 0.0, 0.0, 0.0, 0.0], [0.0, 0.0, 0.0, 0.0, 0.0, 0.0]]
1217 1.2160 0.0010 2.625085 1.077312 -9.810000 None [[0.0, 0.0, 0.0, 0.0, 0.0, 0.0], [0.0, 0.0, 0.0, 0.0, 0.0, 0.0]]
1218 1.2170 0.0010 2.626153 1.067502 -9.810000 None [[0.0, 0.0, 0.0, 0.0, 0.0, 0.0], [0.0, 0.0, 0.0, 0.0, 0.0, 0.0]]
1219 1.2180 0.0010 2.627210 1.057692 -9.810000 None [[0.0, 0.0, 0.0, 0.0, 0.0, 0.0], [0.0, 0.0, 0.0, 0.0, 0.0, 0.0]]
1220 1.2190 0.0010 2.628258 1.047882 -9.810000 None [[0.0, 0.0, 0.0, 0.0, 0.0, 0.0], [0.0, 0.0, 0.0, 0.0, 0.0, 0.0]]
1221 1.2200 0.0010 2.629296 1.038072 -9.810000 None [[0.0, 0.0, 0.0, 0.0, 0.0, 0.0], [0.0, 0.0, 0.0, 0.0, 0.0, 0.0]]
1222 1.2210 0.0010 2.630325 1.028262 -9.810000 None [[0.0, 0.0, 0.0, 0.0, 0.0, 0.0], [0.0, 0.0, 0.0, 0.0, 0.0, 0.0]]
1223 1.2220 0.0010 2.631343 1.018452 -9.810000 None [[0.0, 0.0, 0.0, 0.0, 0.0, 0.0], [0.0, 0.0, 0.0, 0.0, 0.0, 0.0]]
1224 1.2230 0.0010 2.632352 1.008642 -9.810000 None [[0.0, 0.0, 0.0, 0.0, 0.0, 0.0], [0.0, 0.0, 0.0, 0.0, 0.0, 0.0]]
1225 1.2240 0.0010 2.633351 0.998832 -9.810000 None [[0.0, 0.0, 0.0, 0.0, 0.0, 0.0], [0.0, 0.0, 0.0, 0.0, 0.0, 0.0]]
1226 1.2250 0.0010 2.634340 0.989022 -9.810000 None [[0.0, 0.0, 0.0, 0.0, 0.0, 0.0], [0.0, 0.0, 0.0, 0.0, 0.0, 0.0]]
1227 1.2260 0.0010 2.635319 0.979212 -9.810000 None [[0.0, 0.0, 0.0, 0.0, 0.0, 0.0], [0.0, 0.0, 0.0, 0.0, 0.0, 0.0]]
1228 1.2270 0.0010 2.636288 0.969402 -9.810000 None [[0.0, 0.0, 0.0, 0.0, 0.0, 0.0], [0.0, 0.0, 0.0, 0.0, 0.0, 0.0]]
1229 1.2280 0.0010 2.637248 0.959592 -9.810000 None [[0.0, 0.0, 0.0, 0.0, 0.0, 0.0], [0.0, 0.0, 0.0, 0.0, 0.0, 0.0]]
1230 1.2290 0.0010 2.638198 0.949782 -9.810000 None [[0.0, 0.0, 0.0, 0.0, 0.0, 0.0], [0.0, 0.0, 0.0, 0.0, 0.0, 0.0]]
1231 1.2300 0.0010 2.639138 0.939972 -9.810000 None [[0.0, 0.0, 0.0, 0.0, 0.0, 0.0], [0.0, 0.0, 0.0, 0.0, 0.0, 0.0]]
1232 1.2310 0.0010 2.640068 0.930162 -9.810000 None [[0.0, 0.0, 0.0, 0.0, 0.0, 0.0], [0.0, 0.0, 0.0, 0.0, 0.0, 0.0]]
1233 1.2320 0.0010 2.640988 0.920352 -9.810000 None [[0.0, 0.0, 0.0, 0.0, 0.0, 0.0], [0.0, 0.0, 0.0, 0.0, 0.0, 0.0]]
1234 1.2330 0.0010 2.641899 0.910542 -9.810000 None [[0.0, 0.0, 0.0, 0.0, 0.0, 0.0], [0.0, 0.0, 0.0, 0.0, 0.0, 0.0]]
1235 1.2340 0.0010 2.642799 0.900732 -9.810000 None [[0.0, 0.0, 0.0, 0.0, 0.0, 0.0], [0.0, 0.0, 0.0, 0.0, 0.0, 0.0]]
1236 1.2350 0.0010 2.643690 0.890922 -9.810000 None [[0.0, 0.0, 0.0, 0.0, 0.0, 0.0], [0.0, 0.0, 0.0, 0.0, 0.0, 0.0]]
1237 1.2360 0.0010 2.644571 0.881112 -9.810000 None [[0.0, 0.0, 0.0, 0.0, 0.0, 0.0], [0.0, 0.0, 0.0, 0.0, 0.0, 0.0]]
1238 1.2370 0.0010 2.645443 0.871302 -9.810000 None [[0.0, 0.0, 0.0, 0.0, 0.0, 0.0], [0.0, 0.0, 0.0, 0.0, 0.0, 0.0]]
1239 1.2380 0.0010 2.646304 0.861492 -9.810000 None [[0.0, 0.0, 0.0, 0.0, 0.0, 0.0], [0.0, 0.0, 0.0, 0.0, 0.0, 0.0]]
1240 1.2390 0.0010 2.647156 0.851682 -9.810000 None [[0.0, 0.0, 0.0, 0.0, 0.0, 0.0], [0.0, 0.0, 0.0, 0.0, 0.0, 0.0]]
1241 1.2400 0.0010 2.647998 0.841872 -9.810000 None [[0.0, 0.0, 0.0, 0.0, 0.0, 0.0], [0.0, 0.0, 0.0, 0.0, 0.0, 0.0]]
1242 1.2410 0.0010 2.648830 0.832062 -9.810000 None [[0.0, 0.0, 0.0, 0.0, 0.0, 0.0], [0.0, 0.0, 0.0, 0.0, 0.0, 0.0]]
1243 1.2420 0.0010 2.649652 0.822252 -9.810000 None [[0.0, 0.0, 0.0, 0.0, 0.0, 0.0], [0.0, 0.0, 0.0, 0.0, 0.0, 0.0]]
1244 1.2430 0.0010 2.650464 0.812442 -9.810000 None [[0.0, 0.0, 0.0, 0.0, 0.0, 0.0], [0.0, 0.0, 0.0, 0.0, 0.0, 0.0]]
1245 1.2440 0.0010 2.651267 0.802632 -9.810000 None [[0.0, 0.0, 0.0, 0.0, 0.0, 0.0], [0.0, 0.0, 0.0, 0.0, 0.0, 0.0]]
1246 1.2450 0.0010 2.652060 0.792822 -9.810000 None [[0.0, 0.0, 0.0, 0.0, 0.0, 0.0], [0.0, 0.0, 0.0, 0.0, 0.0, 0.0]]
1247 1.2460 0.0010 2.652843 0.783012 -9.810000 None [[0.0, 0.0, 0.0, 0.0, 0.0, 0.0], [0.0, 0.0, 0.0, 0.0, 0.0, 0.0]]
1248 1.2470 0.0010 2.653616 0.773202 -9.810000 None [[0.0, 0.0, 0.0, 0.0, 0.0, 0.0], [0.0, 0.0, 0.0, 0.0, 0.0, 0.0]]
1249 1.2480 0.0010 2.654380 0.763392 -9.810000 None [[0.0, 0.0, 0.0, 0.0, 0.0, 0.0], [0.0, 0.0, 0.0, 0.0, 0.0, 0.0]]
1250 1.2490 0.0010 2.655133 0.753582 -9.810000 None [[0.0, 0.0, 0.0, 0.0, 0.0, 0.0], [0.0, 0.0, 0.0, 0.0, 0.0, 0.0]]
1251 1.2500 0.0010 2.655877 0.743772 -9.810000 None [[0.0, 0.0, 0.0, 0.0, 0.0, 0.0], [0.0, 0.0, 0.0, 0.0, 0.0, 0.0]]
1252 1.2510 0.0010 2.656611 0.733962 -9.810000 None [[0.0, 0.0, 0.0, 0.0, 0.0, 0.0], [0.0, 0.0, 0.0, 0.0, 0.0, 0.0]]
1253 1.2520 0.0010 2.657335 0.724152 -9.810000 None [[0.0, 0.0, 0.0, 0.0, 0.0, 0.0], [0.0, 0.0, 0.0, 0.0, 0.0, 0.0]]
1254 1.2530 0.0010 2.658049 0.714342 -9.810000 None [[0.0, 0.0, 0.0, 0.0, 0.0, 0.0], [0.0, 0.0, 0.0, 0.0, 0.0, 0.0]]
1255 1.2540 0.0010 2.658754 0.704532 -9.810000 None [[0.0, 0.0, 0.0, 0.0, 0.0, 0.0], [0.0, 0.0, 0.0, 0.0, 0.0, 0.0]]
1256 1.2550 0.0010 2.659449 0.694722 -9.810000 None [[0.0, 0.0, 0.0, 0.0, 0.0, 0.0], [0.0, 0.0, 0.0, 0.0, 0.0, 0.0]]
1257 1.2560 0.0010 2.660133 0.684912 -9.810000 None [[0.0, 0.0, 0.0, 0.0, 0.0, 0.0], [0.0, 0.0, 0.0, 0.0, 0.0, 0.0]]
1258 1.2570 0.0010 2.660809 0.675102 -9.810000 None [[0.0, 0.0, 0.0, 0.0, 0.0, 0.0], [0.0, 0.0, 0.0, 0.0, 0.0, 0.0]]
1259 1.2580 0.0010 2.661474 0.665292 -9.810000 None [[0.0, 0.0, 0.0, 0.0, 0.0, 0.0], [0.0, 0.0, 0.0, 0.0, 0.0, 0.0]]
1260 1.2590 0.0010 2.662129 0.655482 -9.810000 None [[0.0, 0.0, 0.0, 0.0, 0.0, 0.0], [0.0, 0.0, 0.0, 0.0, 0.0, 0.0]]
1261 1.2600 0.0010 2.662775 0.645672 -9.810000 None [[0.0, 0.0, 0.0, 0.0, 0.0, 0.0], [0.0, 0.0, 0.0, 0.0, 0.0, 0.0]]
1262 1.2610 0.0010 2.663411 0.635862 -9.810000 None [[0.0, 0.0, 0.0, 0.0, 0.0, 0.0], [0.0, 0.0, 0.0, 0.0, 0.0, 0.0]]
1263 1.2620 0.0010 2.664037 0.626052 -9.810000 None [[0.0, 0.0, 0.0, 0.0, 0.0, 0.0], [0.0, 0.0, 0.0, 0.0, 0.0, 0.0]]
1264 1.2630 0.0010 2.664653 0.616242 -9.810000 None [[0.0, 0.0, 0.0, 0.0, 0.0, 0.0], [0.0, 0.0, 0.0, 0.0, 0.0, 0.0]]
1265 1.2640 0.0010 2.665260 0.606432 -9.810000 None [[0.0, 0.0, 0.0, 0.0, 0.0, 0.0], [0.0, 0.0, 0.0, 0.0, 0.0, 0.0]]
1266 1.2650 0.0010 2.665856 0.596622 -9.810000 None [[0.0, 0.0, 0.0, 0.0, 0.0, 0.0], [0.0, 0.0, 0.0, 0.0, 0.0, 0.0]]
1267 1.2660 0.0010 2.666443 0.586812 -9.810000 None [[0.0, 0.0, 0.0, 0.0, 0.0, 0.0], [0.0, 0.0, 0.0, 0.0, 0.0, 0.0]]
1268 1.2670 0.0010 2.667020 0.577002 -9.810000 None [[0.0, 0.0, 0.0, 0.0, 0.0, 0.0], [0.0, 0.0, 0.0, 0.0, 0.0, 0.0]]
1269 1.2680 0.0010 2.667587 0.567192 -9.810000 None [[0.0, 0.0, 0.0, 0.0, 0.0, 0.0], [0.0, 0.0, 0.0, 0.0, 0.0, 0.0]]
1270 1.2690 0.0010 2.668145 0.557382 -9.810000 None [[0.0, 0.0, 0.0, 0.0, 0.0, 0.0], [0.0, 0.0, 0.0, 0.0, 0.0, 0.0]]
1271 1.2700 0.0010 2.668692 0.547572 -9.810000 None [[0.0, 0.0, 0.0, 0.0, 0.0, 0.0], [0.0, 0.0, 0.0, 0.0, 0.0, 0.0]]
1272 1.2710 0.0010 2.669230 0.537762 -9.810000 None [[0.0, 0.0, 0.0, 0.0, 0.0, 0.0], [0.0, 0.0, 0.0, 0.0, 0.0, 0.0]]
1273 1.2720 0.0010 2.669758 0.527952 -9.810000 None [[0.0, 0.0, 0.0, 0.0, 0.0, 0.0], [0.0, 0.0, 0.0, 0.0, 0.0, 0.0]]
1274 1.2730 0.0010 2.670276 0.518142 -9.810000 None [[0.0, 0.0, 0.0, 0.0, 0.0, 0.0], [0.0, 0.0, 0.0, 0.0, 0.0, 0.0]]
1275 1.2740 0.0010 2.670784 0.508332 -9.810000 None [[0.0, 0.0, 0.0, 0.0, 0.0, 0.0], [0.0, 0.0, 0.0, 0.0, 0.0, 0.0]]
1276 1.2750 0.0010 2.671283 0.498522 -9.810000 None [[0.0, 0.0, 0.0, 0.0, 0.0, 0.0], [0.0, 0.0, 0.0, 0.0, 0.0, 0.0]]
1277 1.2760 0.0010 2.671772 0.488712 -9.810000 None [[0.0, 0.0, 0.0, 0.0, 0.0, 0.0], [0.0, 0.0, 0.0, 0.0, 0.0, 0.0]]
1278 1.2770 0.0010 2.672251 0.478902 -9.810000 None [[0.0, 0.0, 0.0, 0.0, 0.0, 0.0], [0.0, 0.0, 0.0, 0.0, 0.0, 0.0]]
1279 1.2780 0.0010 2.672720 0.469092 -9.810000 None [[0.0, 0.0, 0.0, 0.0, 0.0, 0.0], [0.0, 0.0, 0.0, 0.0, 0.0, 0.0]]
1280 1.2790 0.0010 2.673179 0.459282 -9.810000 None [[0.0, 0.0, 0.0, 0.0, 0.0, 0.0], [0.0, 0.0, 0.0, 0.0, 0.0, 0.0]]
1281 1.2800 0.0010 2.673628 0.449472 -9.810000 None [[0.0, 0.0, 0.0, 0.0, 0.0, 0.0], [0.0, 0.0, 0.0, 0.0, 0.0, 0.0]]
1282 1.2810 0.0010 2.674068 0.439662 -9.810000 None [[0.0, 0.0, 0.0, 0.0, 0.0, 0.0], [0.0, 0.0, 0.0, 0.0, 0.0, 0.0]]
1283 1.2820 0.0010 2.674498 0.429852 -9.810000 None [[0.0, 0.0, 0.0, 0.0, 0.0, 0.0], [0.0, 0.0, 0.0, 0.0, 0.0, 0.0]]
1284 1.2830 0.0010 2.674918 0.420042 -9.810000 None [[0.0, 0.0, 0.0, 0.0, 0.0, 0.0], [0.0, 0.0, 0.0, 0.0, 0.0, 0.0]]
1285 1.2840 0.0010 2.675328 0.410232 -9.810000 None [[0.0, 0.0, 0.0, 0.0, 0.0, 0.0], [0.0, 0.0, 0.0, 0.0, 0.0, 0.0]]
1286 1.2850 0.0010 2.675729 0.400422 -9.810000 None [[0.0, 0.0, 0.0, 0.0, 0.0, 0.0], [0.0, 0.0, 0.0, 0.0, 0.0, 0.0]]
1287 1.2860 0.0010 2.676119 0.390612 -9.810000 None [[0.0, 0.0, 0.0, 0.0, 0.0, 0.0], [0.0, 0.0, 0.0, 0.0, 0.0, 0.0]]
1288 1.2870 0.0010 2.676500 0.380802 -9.810000 None [[0.0, 0.0, 0.0, 0.0, 0.0, 0.0], [0.0, 0.0, 0.0, 0.0, 0.0, 0.0]]
1289 1.2880 0.0010 2.676871 0.370992 -9.810000 None [[0.0, 0.0, 0.0, 0.0, 0.0, 0.0], [0.0, 0.0, 0.0, 0.0, 0.0, 0.0]]
1290 1.2890 0.0010 2.677232 0.361182 -9.810000 None [[0.0, 0.0, 0.0, 0.0, 0.0, 0.0], [0.0, 0.0, 0.0, 0.0, 0.0, 0.0]]
1291 1.2900 0.0010 2.677584 0.351372 -9.810000 None [[0.0, 0.0, 0.0, 0.0, 0.0, 0.0], [0.0, 0.0, 0.0, 0.0, 0.0, 0.0]]
1292 1.2910 0.0010 2.677925 0.341562 -9.810000 None [[0.0, 0.0, 0.0, 0.0, 0.0, 0.0], [0.0, 0.0, 0.0, 0.0, 0.0, 0.0]]
1293 1.2920 0.0010 2.678257 0.331752 -9.810000 None [[0.0, 0.0, 0.0, 0.0, 0.0, 0.0], [0.0, 0.0, 0.0, 0.0, 0.0, 0.0]]
1294 1.2930 0.0010 2.678579 0.321942 -9.810000 None [[0.0, 0.0, 0.0, 0.0, 0.0, 0.0], [0.0, 0.0, 0.0, 0.0, 0.0, 0.0]]
1295 1.2940 0.0010 2.678891 0.312132 -9.810000 None [[0.0, 0.0, 0.0, 0.0, 0.0, 0.0], [0.0, 0.0, 0.0, 0.0, 0.0, 0.0]]
1296 1.2950 0.0010 2.679193 0.302322 -9.810000 None [[0.0, 0.0, 0.0, 0.0, 0.0, 0.0], [0.0, 0.0, 0.0, 0.0, 0.0, 0.0]]
1297 1.2960 0.0010 2.679486 0.292512 -9.810000 None [[0.0, 0.0, 0.0, 0.0, 0.0, 0.0], [0.0, 0.0, 0.0, 0.0, 0.0, 0.0]]
1298 1.2970 0.0010 2.679768 0.282702 -9.810000 None [[0.0, 0.0, 0.0, 0.0, 0.0, 0.0], [0.0, 0.0, 0.0, 0.0, 0.0, 0.0]]
1299 1.2980 0.0010 2.680041 0.272892 -9.810000 None [[0.0, 0.0, 0.0, 0.0, 0.0, 0.0], [0.0, 0.0, 0.0, 0.0, 0.0, 0.0]]
1300 1.2990 0.0010 2.680304 0.263082 -9.810000 None [[0.0, 0.0, 0.0, 0.0, 0.0, 0.0], [0.0, 0.0, 0.0, 0.0, 0.0, 0.0]]
1301 1.3000 0.0010 2.680558 0.253272 -9.810000 None [[0.0, 0.0, 0.0, 0.0, 0.0, 0.0], [0.0, 0.0, 0.0, 0.0, 0.0, 0.0]]
1302 1.3010 0.0010 2.680801 0.243462 -9.810000 None [[0.0, 0.0, 0.0, 0.0, 0.0, 0.0], [0.0, 0.0, 0.0, 0.0, 0.0, 0.0]]
1303 1.3020 0.0010 2.681035 0.233652 -9.810000 None [[0.0, 0.0, 0.0, 0.0, 0.0, 0.0], [0.0, 0.0, 0.0, 0.0, 0.0, 0.0]]
1304 1.3030 0.0010 2.681259 0.223842 -9.810000 None [[0.0, 0.0, 0.0, 0.0, 0.0, 0.0], [0.0, 0.0, 0.0, 0.0, 0.0, 0.0]]
1305 1.3040 0.0010 2.681473 0.214032 -9.810000 None [[0.0, 0.0, 0.0, 0.0, 0.0, 0.0], [0.0, 0.0, 0.0, 0.0, 0.0, 0.0]]
1306 1.3050 0.0010 2.681677 0.204222 -9.810000 None [[0.0, 0.0, 0.0, 0.0, 0.0, 0.0], [0.0, 0.0, 0.0, 0.0, 0.0, 0.0]]
1307 1.3060 0.0010 2.681871 0.194412 -9.810000 None [[0.0, 0.0, 0.0, 0.0, 0.0, 0.0], [0.0, 0.0, 0.0, 0.0, 0.0, 0.0]]
1308 1.3070 0.0010 2.682056 0.184602 -9.810000 None [[0.0, 0.0, 0.0, 0.0, 0.0, 0.0], [0.0, 0.0, 0.0, 0.0, 0.0, 0.0]]
1309 1.3080 0.0010 2.682231 0.174792 -9.810000 None [[0.0, 0.0, 0.0, 0.0, 0.0, 0.0], [0.0, 0.0, 0.0, 0.0, 0.0, 0.0]]
1310 1.3090 0.0010 2.682396 0.164982 -9.810000 None [[0.0, 0.0, 0.0, 0.0, 0.0, 0.0], [0.0, 0.0, 0.0, 0.0, 0.0, 0.0]]
1311 1.3100 0.0010 2.682551 0.155172 -9.810000 None [[0.0, 0.0, 0.0, 0.0, 0.0, 0.0], [0.0, 0.0, 0.0, 0.0, 0.0, 0.0]]
1312 1.3110 0.0010 2.682696 0.145362 -9.810000 None [[0.0, 0.0, 0.0, 0.0, 0.0, 0.0], [0.0, 0.0, 0.0, 0.0, 0.0, 0.0]]
1313 1.3120 0.0010 2.682832 0.135552 -9.810000 None [[0.0, 0.0, 0.0, 0.0, 0.0, 0.0], [0.0, 0.0, 0.0, 0.0, 0.0, 0.0]]
1314 1.3130 0.0010 2.682958 0.125742 -9.810000 None [[0.0, 0.0, 0.0, 0.0, 0.0, 0.0], [0.0, 0.0, 0.0, 0.0, 0.0, 0.0]]
1315 1.3140 0.0010 2.683073 0.115932 -9.810000 None [[0.0, 0.0, 0.0, 0.0, 0.0, 0.0], [0.0, 0.0, 0.0, 0.0, 0.0, 0.0]]
1316 1.3150 0.0010 2.683180 0.106122 -9.810000 None [[0.0, 0.0, 0.0, 0.0, 0.0, 0.0], [0.0, 0.0, 0.0, 0.0, 0.0, 0.0]]
1317 1.3160 0.0010 2.683276 0.096312 -9.810000 None [[0.0, 0.0, 0.0, 0.0, 0.0, 0.0], [0.0, 0.0, 0.0, 0.0, 0.0, 0.0]]
1318 1.3170 0.0010 2.683362 0.086502 -9.810000 None [[0.0, 0.0, 0.0, 0.0, 0.0, 0.0], [0.0, 0.0, 0.0, 0.0, 0.0, 0.0]]
1319 1.3180 0.0010 2.683439 0.076692 -9.810000 None [[0.0, 0.0, 0.0, 0.0, 0.0, 0.0], [0.0, 0.0, 0.0, 0.0, 0.0, 0.0]]
1320 1.3190 0.0010 2.683506 0.066882 -9.810000 None [[0.0, 0.0, 0.0, 0.0, 0.0, 0.0], [0.0, 0.0, 0.0, 0.0, 0.0, 0.0]]
1321 1.3200 0.0010 2.683563 0.057072 -9.810000 None [[0.0, 0.0, 0.0, 0.0, 0.0, 0.0], [0.0, 0.0, 0.0, 0.0, 0.0, 0.0]]
1322 1.3210 0.0010 2.683610 0.047262 -9.810000 None [[0.0, 0.0, 0.0, 0.0, 0.0, 0.0], [0.0, 0.0, 0.0, 0.0, 0.0, 0.0]]
1323 1.3220 0.0010 2.683648 0.037452 -9.810000 None [[0.0, 0.0, 0.0, 0.0, 0.0, 0.0], [0.0, 0.0, 0.0, 0.0, 0.0, 0.0]]
1324 1.3230 0.0010 2.683675 0.027642 -9.810000 None [[0.0, 0.0, 0.0, 0.0, 0.0, 0.0], [0.0, 0.0, 0.0, 0.0, 0.0, 0.0]]
1325 1.3240 0.0010 2.683693 0.017832 -9.810000 None [[0.0, 0.0, 0.0, 0.0, 0.0, 0.0], [0.0, 0.0, 0.0, 0.0, 0.0, 0.0]]
1326 1.3250 0.0010 2.683701 0.008022 -9.810000 None [[0.0, 0.0, 0.0, 0.0, 0.0, 0.0], [0.0, 0.0, 0.0, 0.0, 0.0, 0.0]]
1327 1.3260 0.0010 2.683699 -0.001788 -9.810000 None [[0.0, 0.0, 0.0, 0.0, 0.0, 0.0], [0.0, 0.0, 0.0, 0.0, 0.0, 0.0]]
1328 1.3270 0.0010 2.683688 -0.011598 -9.810000 None [[0.0, 0.0, 0.0, 0.0, 0.0, 0.0], [0.0, 0.0, 0.0, 0.0, 0.0, 0.0]]
1329 1.3280 0.0010 2.683666 -0.021408 -9.810000 None [[0.0, 0.0, 0.0, 0.0, 0.0, 0.0], [0.0, 0.0, 0.0, 0.0, 0.0, 0.0]]
1330 1.3290 0.0010 2.683635 -0.031218 -9.810000 None [[0.0, 0.0, 0.0, 0.0, 0.0, 0.0], [0.0, 0.0, 0.0, 0.0, 0.0, 0.0]]
1331 1.3300 0.0010 2.683594 -0.041028 -9.810000 None [[0.0, 0.0, 0.0, 0.0, 0.0, 0.0], [0.0, 0.0, 0.0, 0.0, 0.0, 0.0]]
1332 1.3310 0.0010 2.683543 -0.050838 -9.810000 None [[0.0, 0.0, 0.0, 0.0, 0.0, 0.0], [0.0, 0.0, 0.0, 0.0, 0.0, 0.0]]
1333 1.3320 0.0010 2.683483 -0.060648 -9.810000 None [[0.0, 0.0, 0.0, 0.0, 0.0, 0.0], [0.0, 0.0, 0.0, 0.0, 0.0, 0.0]]
1334 1.3330 0.0010 2.683412 -0.070458 -9.810000 None [[0.0, 0.0, 0.0, 0.0, 0.0, 0.0], [0.0, 0.0, 0.0, 0.0, 0.0, 0.0]]
1335 1.3340 0.0010 2.683332 -0.080268 -9.810000 None [[0.0, 0.0, 0.0, 0.0, 0.0, 0.0], [0.0, 0.0, 0.0, 0.0, 0.0, 0.0]]
1336 1.3350 0.0010 2.683242 -0.090078 -9.810000 None [[0.0, 0.0, 0.0, 0.0, 0.0, 0.0], [0.0, 0.0, 0.0, 0.0, 0.0, 0.0]]
1337 1.3360 0.0010 2.683142 -0.099888 -9.810000 None [[0.0, 0.0, 0.0, 0.0, 0.0, 0.0], [0.0, 0.0, 0.0, 0.0, 0.0, 0.0]]
1338 1.3370 0.0010 2.683032 -0.109698 -9.810000 None [[0.0, 0.0, 0.0, 0.0, 0.0, 0.0], [0.0, 0.0, 0.0, 0.0, 0.0, 0.0]]
1339 1.3380 0.0010 2.682913 -0.119508 -9.810000 None [[0.0, 0.0, 0.0, 0.0, 0.0, 0.0], [0.0, 0.0, 0.0, 0.0, 0.0, 0.0]]
1340 1.3390 0.0010 2.682784 -0.129318 -9.810000 None [[0.0, 0.0, 0.0, 0.0, 0.0, 0.0], [0.0, 0.0, 0.0, 0.0, 0.0, 0.0]]
1341 1.3400 0.0010 2.682644 -0.139128 -9.810000 None [[0.0, 0.0, 0.0, 0.0, 0.0, 0.0], [0.0, 0.0, 0.0, 0.0, 0.0, 0.0]]
1342 1.3410 0.0010 2.682495 -0.148938 -9.810000 None [[0.0, 0.0, 0.0, 0.0, 0.0, 0.0], [0.0, 0.0, 0.0, 0.0, 0.0, 0.0]]
1343 1.3420 0.0010 2.682337 -0.158748 -9.810000 None [[0.0, 0.0, 0.0, 0.0, 0.0, 0.0], [0.0, 0.0, 0.0, 0.0, 0.0, 0.0]]
1344 1.3430 0.0010 2.682168 -0.168558 -9.810000 None [[0.0, 0.0, 0.0, 0.0, 0.0, 0.0], [0.0, 0.0, 0.0, 0.0, 0.0, 0.0]]
1345 1.3440 0.0010 2.681990 -0.178368 -9.810000 None [[0.0, 0.0, 0.0, 0.0, 0.0, 0.0], [0.0, 0.0, 0.0, 0.0, 0.0, 0.0]]
1346 1.3450 0.0010 2.681802 -0.188178 -9.810000 None [[0.0, 0.0, 0.0, 0.0, 0.0, 0.0], [0.0, 0.0, 0.0, 0.0, 0.0, 0.0]]
1347 1.3460 0.0010 2.681604 -0.197988 -9.810000 None [[0.0, 0.0, 0.0, 0.0, 0.0, 0.0], [0.0, 0.0, 0.0, 0.0, 0.0, 0.0]]
1348 1.3470 0.0010 2.681396 -0.207798 -9.810000 None [[0.0, 0.0, 0.0, 0.0, 0.0, 0.0], [0.0, 0.0, 0.0, 0.0, 0.0, 0.0]]
1349 1.3480 0.0010 2.681178 -0.217608 -9.810000 None [[0.0, 0.0, 0.0, 0.0, 0.0, 0.0], [0.0, 0.0, 0.0, 0.0, 0.0, 0.0]]
1350 1.3490 0.0010 2.680951 -0.227418 -9.810000 None [[0.0, 0.0, 0.0, 0.0, 0.0, 0.0], [0.0, 0.0, 0.0, 0.0, 0.0, 0.0]]
1351 1.3500 0.0010 2.680714 -0.237228 -9.810000 None [[0.0, 0.0, 0.0, 0.0, 0.0, 0.0], [0.0, 0.0, 0.0, 0.0, 0.0, 0.0]]
1352 1.3510 0.0010 2.680467 -0.247038 -9.810000 None [[0.0, 0.0, 0.0, 0.0, 0.0, 0.0], [0.0, 0.0, 0.0, 0.0, 0.0, 0.0]]
1353 1.3520 0.0010 2.680210 -0.256848 -9.810000 None [[0.0, 0.0, 0.0, 0.0, 0.0, 0.0], [0.0, 0.0, 0.0, 0.0, 0.0, 0.0]]
1354 1.3530 0.0010 2.679943 -0.266658 -9.810000 None [[0.0, 0.0, 0.0, 0.0, 0.0, 0.0], [0.0, 0.0, 0.0, 0.0, 0.0, 0.0]]
1355 1.3540 0.0010 2.679667 -0.276468 -9.810000 None [[0.0, 0.0, 0.0, 0.0, 0.0, 0.0], [0.0, 0.0, 0.0, 0.0, 0.0, 0.0]]
1356 1.3550 0.0010 2.679380 -0.286278 -9.810000 None [[0.0, 0.0, 0.0, 0.0, 0.0, 0.0], [0.0, 0.0, 0.0, 0.0, 0.0, 0.0]]
1357 1.3560 0.0010 2.679084 -0.296088 -9.810000 None [[0.0, 0.0, 0.0, 0.0, 0.0, 0.0], [0.0, 0.0, 0.0, 0.0, 0.0, 0.0]]
1358 1.3570 0.0010 2.678778 -0.305898 -9.810000 None [[0.0, 0.0, 0.0, 0.0, 0.0, 0.0], [0.0, 0.0, 0.0, 0.0, 0.0, 0.0]]
1359 1.3580 0.0010 2.678463 -0.315708 -9.810000 None [[0.0, 0.0, 0.0, 0.0, 0.0, 0.0], [0.0, 0.0, 0.0, 0.0, 0.0, 0.0]]
1360 1.3590 0.0010 2.678137 -0.325518 -9.810000 None [[0.0, 0.0, 0.0, 0.0, 0.0, 0.0], [0.0, 0.0, 0.0, 0.0, 0.0, 0.0]]
1361 1.3600 0.0010 2.677802 -0.335328 -9.810000 None [[0.0, 0.0, 0.0, 0.0, 0.0, 0.0], [0.0, 0.0, 0.0, 0.0, 0.0, 0.0]]
1362 1.3610 0.0010 2.677457 -0.345138 -9.810000 None [[0.0, 0.0, 0.0, 0.0, 0.0, 0.0], [0.0, 0.0, 0.0, 0.0, 0.0, 0.0]]
1363 1.3620 0.0010 2.677102 -0.354948 -9.810000 None [[0.0, 0.0, 0.0, 0.0, 0.0, 0.0], [0.0, 0.0, 0.0, 0.0, 0.0, 0.0]]
1364 1.3630 0.0010 2.676737 -0.364758 -9.810000 None [[0.0, 0.0, 0.0, 0.0, 0.0, 0.0], [0.0, 0.0, 0.0, 0.0, 0.0, 0.0]]
1365 1.3640 0.0010 2.676362 -0.374568 -9.810000 None [[0.0, 0.0, 0.0, 0.0, 0.0, 0.0], [0.0, 0.0, 0.0, 0.0, 0.0, 0.0]]
1366 1.3650 0.0010 2.675978 -0.384378 -9.810000 None [[0.0, 0.0, 0.0, 0.0, 0.0, 0.0], [0.0, 0.0, 0.0, 0.0, 0.0, 0.0]]
1367 1.3660 0.0010 2.675584 -0.394188 -9.810000 None [[0.0, 0.0, 0.0, 0.0, 0.0, 0.0], [0.0, 0.0, 0.0, 0.0, 0.0, 0.0]]
1368 1.3670 0.0010 2.675180 -0.403998 -9.810000 None [[0.0, 0.0, 0.0, 0.0, 0.0, 0.0], [0.0, 0.0, 0.0, 0.0, 0.0, 0.0]]
1369 1.3680 0.0010 2.674766 -0.413808 -9.810000 None [[0.0, 0.0, 0.0, 0.0, 0.0, 0.0], [0.0, 0.0, 0.0, 0.0, 0.0, 0.0]]
1370 1.3690 0.0010 2.674342 -0.423618 -9.810000 None [[0.0, 0.0, 0.0, 0.0, 0.0, 0.0], [0.0, 0.0, 0.0, 0.0, 0.0, 0.0]]
1371 1.3700 0.0010 2.673909 -0.433428 -9.810000 None [[0.0, 0.0, 0.0, 0.0, 0.0, 0.0], [0.0, 0.0, 0.0, 0.0, 0.0, 0.0]]
1372 1.3710 0.0010 2.673466 -0.443238 -9.810000 None [[0.0, 0.0, 0.0, 0.0, 0.0, 0.0], [0.0, 0.0, 0.0, 0.0, 0.0, 0.0]]
1373 1.3720 0.0010 2.673013 -0.453048 -9.810000 None [[0.0, 0.0, 0.0, 0.0, 0.0, 0.0], [0.0, 0.0, 0.0, 0.0, 0.0, 0.0]]
1374 1.3730 0.0010 2.672550 -0.462858 -9.810000 None [[0.0, 0.0, 0.0, 0.0, 0.0, 0.0], [0.0, 0.0, 0.0, 0.0, 0.0, 0.0]]
1375 1.3740 0.0010 2.672077 -0.472668 -9.810000 None [[0.0, 0.0, 0.0, 0.0, 0.0, 0.0], [0.0, 0.0, 0.0, 0.0, 0.0, 0.0]]
1376 1.3750 0.0010 2.671595 -0.482478 -9.810000 None [[0.0, 0.0, 0.0, 0.0, 0.0, 0.0], [0.0, 0.0, 0.0, 0.0, 0.0, 0.0]]
1377 1.3760 0.0010 2.671102 -0.492288 -9.810000 None [[0.0, 0.0, 0.0, 0.0, 0.0, 0.0], [0.0, 0.0, 0.0, 0.0, 0.0, 0.0]]
1378 1.3770 0.0010 2.670600 -0.502098 -9.810000 None [[0.0, 0.0, 0.0, 0.0, 0.0, 0.0], [0.0, 0.0, 0.0, 0.0, 0.0, 0.0]]
1379 1.3780 0.0010 2.670088 -0.511908 -9.810000 None [[0.0, 0.0, 0.0, 0.0, 0.0, 0.0], [0.0, 0.0, 0.0, 0.0, 0.0, 0.0]]
1380 1.3790 0.0010 2.669567 -0.521718 -9.810000 None [[0.0, 0.0, 0.0, 0.0, 0.0, 0.0], [0.0, 0.0, 0.0, 0.0, 0.0, 0.0]]
1381 1.3800 0.0010 2.669035 -0.531528 -9.810000 None [[0.0, 0.0, 0.0, 0.0, 0.0, 0.0], [0.0, 0.0, 0.0, 0.0, 0.0, 0.0]]
1382 1.3810 0.0010 2.668494 -0.541338 -9.810000 None [[0.0, 0.0, 0.0, 0.0, 0.0, 0.0], [0.0, 0.0, 0.0, 0.0, 0.0, 0.0]]
1383 1.3820 0.0010 2.667943 -0.551148 -9.810000 None [[0.0, 0.0, 0.0, 0.0, 0.0, 0.0], [0.0, 0.0, 0.0, 0.0, 0.0, 0.0]]
1384 1.3830 0.0010 2.667382 -0.560958 -9.810000 None [[0.0, 0.0, 0.0, 0.0, 0.0, 0.0], [0.0, 0.0, 0.0, 0.0, 0.0, 0.0]]
1385 1.3840 0.0010 2.666811 -0.570768 -9.810000 None [[0.0, 0.0, 0.0, 0.0, 0.0, 0.0], [0.0, 0.0, 0.0, 0.0, 0.0, 0.0]]
1386 1.3850 0.0010 2.666230 -0.580578 -9.810000 None [[0.0, 0.0, 0.0, 0.0, 0.0, 0.0], [0.0, 0.0, 0.0, 0.0, 0.0, 0.0]]
1387 1.3860 0.0010 2.665640 -0.590388 -9.810000 None [[0.0, 0.0, 0.0, 0.0, 0.0, 0.0], [0.0, 0.0, 0.0, 0.0, 0.0, 0.0]]
1388 1.3870 0.0010 2.665040 -0.600198 -9.810000 None [[0.0, 0.0, 0.0, 0.0, 0.0, 0.0], [0.0, 0.0, 0.0, 0.0, 0.0, 0.0]]
1389 1.3880 0.0010 2.664430 -0.610008 -9.810000 None [[0.0, 0.0, 0.0, 0.0, 0.0, 0.0], [0.0, 0.0, 0.0, 0.0, 0.0, 0.0]]
1390 1.3890 0.0010 2.663810 -0.619818 -9.810000 None [[0.0, 0.0, 0.0, 0.0, 0.0, 0.0], [0.0, 0.0, 0.0, 0.0, 0.0, 0.0]]
1391 1.3900 0.0010 2.663180 -0.629628 -9.810000 None [[0.0, 0.0, 0.0, 0.0, 0.0, 0.0], [0.0, 0.0, 0.0, 0.0, 0.0, 0.0]]
1392 1.3910 0.0010 2.662541 -0.639438 -9.810000 None [[0.0, 0.0, 0.0, 0.0, 0.0, 0.0], [0.0, 0.0, 0.0, 0.0, 0.0, 0.0]]
1393 1.3920 0.0010 2.661892 -0.649248 -9.810000 None [[0.0, 0.0, 0.0, 0.0, 0.0, 0.0], [0.0, 0.0, 0.0, 0.0, 0.0, 0.0]]
1394 1.3930 0.0010 2.661232 -0.659058 -9.810000 None [[0.0, 0.0, 0.0, 0.0, 0.0, 0.0], [0.0, 0.0, 0.0, 0.0, 0.0, 0.0]]
1395 1.3940 0.0010 2.660564 -0.668868 -9.810000 None [[0.0, 0.0, 0.0, 0.0, 0.0, 0.0], [0.0, 0.0, 0.0, 0.0, 0.0, 0.0]]
1396 1.3950 0.0010 2.659885 -0.678678 -9.810000 None [[0.0, 0.0, 0.0, 0.0, 0.0, 0.0], [0.0, 0.0, 0.0, 0.0, 0.0, 0.0]]
1397 1.3960 0.0010 2.659196 -0.688488 -9.810000 None [[0.0, 0.0, 0.0, 0.0, 0.0, 0.0], [0.0, 0.0, 0.0, 0.0, 0.0, 0.0]]
1398 1.3970 0.0010 2.658498 -0.698298 -9.810000 None [[0.0, 0.0, 0.0, 0.0, 0.0, 0.0], [0.0, 0.0, 0.0, 0.0, 0.0, 0.0]]
1399 1.3980 0.0010 2.657790 -0.708108 -9.810000 None [[0.0, 0.0, 0.0, 0.0, 0.0, 0.0], [0.0, 0.0, 0.0, 0.0, 0.0, 0.0]]
1400 1.3990 0.0010 2.657072 -0.717918 -9.810000 None [[0.0, 0.0, 0.0, 0.0, 0.0, 0.0], [0.0, 0.0, 0.0, 0.0, 0.0, 0.0]]
1401 1.4000 0.0010 2.656344 -0.727728 -9.810000 None [[0.0, 0.0, 0.0, 0.0, 0.0, 0.0], [0.0, 0.0, 0.0, 0.0, 0.0, 0.0]]
1402 1.4010 0.0010 2.655607 -0.737538 -9.810000 None [[0.0, 0.0, 0.0, 0.0, 0.0, 0.0], [0.0, 0.0, 0.0, 0.0, 0.0, 0.0]]
1403 1.4020 0.0010 2.654860 -0.747348 -9.810000 None [[0.0, 0.0, 0.0, 0.0, 0.0, 0.0], [0.0, 0.0, 0.0, 0.0, 0.0, 0.0]]
1404 1.4030 0.0010 2.654102 -0.757158 -9.810000 None [[0.0, 0.0, 0.0, 0.0, 0.0, 0.0], [0.0, 0.0, 0.0, 0.0, 0.0, 0.0]]
1405 1.4040 0.0010 2.653335 -0.766968 -9.810000 None [[0.0, 0.0, 0.0, 0.0, 0.0, 0.0], [0.0, 0.0, 0.0, 0.0, 0.0, 0.0]]
1406 1.4050 0.0010 2.652559 -0.776778 -9.810000 None [[0.0, 0.0, 0.0, 0.0, 0.0, 0.0], [0.0, 0.0, 0.0, 0.0, 0.0, 0.0]]
1407 1.4060 0.0010 2.651772 -0.786588 -9.810000 None [[0.0, 0.0, 0.0, 0.0, 0.0, 0.0], [0.0, 0.0, 0.0, 0.0, 0.0, 0.0]]
1408 1.4070 0.0010 2.650976 -0.796398 -9.810000 None [[0.0, 0.0, 0.0, 0.0, 0.0, 0.0], [0.0, 0.0, 0.0, 0.0, 0.0, 0.0]]
1409 1.4080 0.0010 2.650169 -0.806208 -9.810000 None [[0.0, 0.0, 0.0, 0.0, 0.0, 0.0], [0.0, 0.0, 0.0, 0.0, 0.0, 0.0]]
1410 1.4090 0.0010 2.649353 -0.816018 -9.810000 None [[0.0, 0.0, 0.0, 0.0, 0.0, 0.0], [0.0, 0.0, 0.0, 0.0, 0.0, 0.0]]
1411 1.4100 0.0010 2.648528 -0.825828 -9.810000 None [[0.0, 0.0, 0.0, 0.0, 0.0, 0.0], [0.0, 0.0, 0.0, 0.0, 0.0, 0.0]]
1412 1.4110 0.0010 2.647692 -0.835638 -9.810000 None [[0.0, 0.0, 0.0, 0.0, 0.0, 0.0], [0.0, 0.0, 0.0, 0.0, 0.0, 0.0]]
1413 1.4120 0.0010 2.646846 -0.845448 -9.810000 None [[0.0, 0.0, 0.0, 0.0, 0.0, 0.0], [0.0, 0.0, 0.0, 0.0, 0.0, 0.0]]
1414 1.4130 0.0010 2.645991 -0.855258 -9.810000 None [[0.0, 0.0, 0.0, 0.0, 0.0, 0.0], [0.0, 0.0, 0.0, 0.0, 0.0, 0.0]]
1415 1.4140 0.0010 2.645126 -0.865068 -9.810000 None [[0.0, 0.0, 0.0, 0.0, 0.0, 0.0], [0.0, 0.0, 0.0, 0.0, 0.0, 0.0]]
1416 1.4150 0.0010 2.644251 -0.874878 -9.810000 None [[0.0, 0.0, 0.0, 0.0, 0.0, 0.0], [0.0, 0.0, 0.0, 0.0, 0.0, 0.0]]
1417 1.4160 0.0010 2.643367 -0.884688 -9.810000 None [[0.0, 0.0, 0.0, 0.0, 0.0, 0.0], [0.0, 0.0, 0.0, 0.0, 0.0, 0.0]]
1418 1.4170 0.0010 2.642472 -0.894498 -9.810000 None [[0.0, 0.0, 0.0, 0.0, 0.0, 0.0], [0.0, 0.0, 0.0, 0.0, 0.0, 0.0]]
1419 1.4180 0.0010 2.641568 -0.904308 -9.810000 None [[0.0, 0.0, 0.0, 0.0, 0.0, 0.0], [0.0, 0.0, 0.0, 0.0, 0.0, 0.0]]
1420 1.4190 0.0010 2.640654 -0.914118 -9.810000 None [[0.0, 0.0, 0.0, 0.0, 0.0, 0.0], [0.0, 0.0, 0.0, 0.0, 0.0, 0.0]]
1421 1.4200 0.0010 2.639730 -0.923928 -9.810000 None [[0.0, 0.0, 0.0, 0.0, 0.0, 0.0], [0.0, 0.0, 0.0, 0.0, 0.0, 0.0]]
1422 1.4210 0.0010 2.638796 -0.933738 -9.810000 None [[0.0, 0.0, 0.0, 0.0, 0.0, 0.0], [0.0, 0.0, 0.0, 0.0, 0.0, 0.0]]
1423 1.4220 0.0010 2.637852 -0.943548 -9.810000 None [[0.0, 0.0, 0.0, 0.0, 0.0, 0.0], [0.0, 0.0, 0.0, 0.0, 0.0, 0.0]]
1424 1.4230 0.0010 2.636899 -0.953358 -9.810000 None [[0.0, 0.0, 0.0, 0.0, 0.0, 0.0], [0.0, 0.0, 0.0, 0.0, 0.0, 0.0]]
1425 1.4240 0.0010 2.635936 -0.963168 -9.810000 None [[0.0, 0.0, 0.0, 0.0, 0.0, 0.0], [0.0, 0.0, 0.0, 0.0, 0.0, 0.0]]
1426 1.4250 0.0010 2.634963 -0.972978 -9.810000 None [[0.0, 0.0, 0.0, 0.0, 0.0, 0.0], [0.0, 0.0, 0.0, 0.0, 0.0, 0.0]]
1427 1.4260 0.0010 2.633980 -0.982788 -9.810000 None [[0.0, 0.0, 0.0, 0.0, 0.0, 0.0], [0.0, 0.0, 0.0, 0.0, 0.0, 0.0]]
1428 1.4270 0.0010 2.632988 -0.992598 -9.810000 None [[0.0, 0.0, 0.0, 0.0, 0.0, 0.0], [0.0, 0.0, 0.0, 0.0, 0.0, 0.0]]
1429 1.4280 0.0010 2.631985 -1.002408 -9.810000 None [[0.0, 0.0, 0.0, 0.0, 0.0, 0.0], [0.0, 0.0, 0.0, 0.0, 0.0, 0.0]]
1430 1.4290 0.0010 2.630973 -1.012218 -9.810000 None [[0.0, 0.0, 0.0, 0.0, 0.0, 0.0], [0.0, 0.0, 0.0, 0.0, 0.0, 0.0]]
1431 1.4300 0.0010 2.629951 -1.022028 -9.810000 None [[0.0, 0.0, 0.0, 0.0, 0.0, 0.0], [0.0, 0.0, 0.0, 0.0, 0.0, 0.0]]
1432 1.4310 0.0010 2.628919 -1.031838 -9.810000 None [[0.0, 0.0, 0.0, 0.0, 0.0, 0.0], [0.0, 0.0, 0.0, 0.0, 0.0, 0.0]]
1433 1.4320 0.0010 2.627877 -1.041648 -9.810000 None [[0.0, 0.0, 0.0, 0.0, 0.0, 0.0], [0.0, 0.0, 0.0, 0.0, 0.0, 0.0]]
1434 1.4330 0.0010 2.626826 -1.051458 -9.810000 None [[0.0, 0.0, 0.0, 0.0, 0.0, 0.0], [0.0, 0.0, 0.0, 0.0, 0.0, 0.0]]
1435 1.4340 0.0010 2.625765 -1.061268 -9.810000 None [[0.0, 0.0, 0.0, 0.0, 0.0, 0.0], [0.0, 0.0, 0.0, 0.0, 0.0, 0.0]]
1436 1.4350 0.0010 2.624694 -1.071078 -9.810000 None [[0.0, 0.0, 0.0, 0.0, 0.0, 0.0], [0.0, 0.0, 0.0, 0.0, 0.0, 0.0]]
1437 1.4360 0.0010 2.623613 -1.080888 -9.810000 None [[0.0, 0.0, 0.0, 0.0, 0.0, 0.0], [0.0, 0.0, 0.0, 0.0, 0.0, 0.0]]
1438 1.4370 0.0010 2.622522 -1.090698 -9.810000 None [[0.0, 0.0, 0.0, 0.0, 0.0, 0.0], [0.0, 0.0, 0.0, 0.0, 0.0, 0.0]]
1439 1.4380 0.0010 2.621422 -1.100508 -9.810000 None [[0.0, 0.0, 0.0, 0.0, 0.0, 0.0], [0.0, 0.0, 0.0, 0.0, 0.0, 0.0]]
1440 1.4390 0.0010 2.620311 -1.110318 -9.810000 None [[0.0, 0.0, 0.0, 0.0, 0.0, 0.0], [0.0, 0.0, 0.0, 0.0, 0.0, 0.0]]
1441 1.4400 0.0010 2.619191 -1.120128 -9.810000 None [[0.0, 0.0, 0.0, 0.0, 0.0, 0.0], [0.0, 0.0, 0.0, 0.0, 0.0, 0.0]]
1442 1.4410 0.0010 2.618061 -1.129938 -9.810000 None [[0.0, 0.0, 0.0, 0.0, 0.0, 0.0], [0.0, 0.0, 0.0, 0.0, 0.0, 0.0]]
1443 1.4420 0.0010 2.616921 -1.139748 -9.810000 None [[0.0, 0.0, 0.0, 0.0, 0.0, 0.0], [0.0, 0.0, 0.0, 0.0, 0.0, 0.0]]
1444 1.4430 0.0010 2.615772 -1.149558 -9.810000 None [[0.0, 0.0, 0.0, 0.0, 0.0, 0.0], [0.0, 0.0, 0.0, 0.0, 0.0, 0.0]]
1445 1.4440 0.0010 2.614612 -1.159368 -9.810000 None [[0.0, 0.0, 0.0, 0.0, 0.0, 0.0], [0.0, 0.0, 0.0, 0.0, 0.0, 0.0]]
1446 1.4450 0.0010 2.613443 -1.169178 -9.810000 None [[0.0, 0.0, 0.0, 0.0, 0.0, 0.0], [0.0, 0.0, 0.0, 0.0, 0.0, 0.0]]
1447 1.4460 0.0010 2.612264 -1.178988 -9.810000 None [[0.0, 0.0, 0.0, 0.0, 0.0, 0.0], [0.0, 0.0, 0.0, 0.0, 0.0, 0.0]]
1448 1.4470 0.0010 2.611075 -1.188798 -9.810000 None [[0.0, 0.0, 0.0, 0.0, 0.0, 0.0], [0.0, 0.0, 0.0, 0.0, 0.0, 0.0]]
1449 1.4480 0.0010 2.609877 -1.198608 -9.810000 None [[0.0, 0.0, 0.0, 0.0, 0.0, 0.0], [0.0, 0.0, 0.0, 0.0, 0.0, 0.0]]
1450 1.4490 0.0010 2.608668 -1.208418 -9.810000 None [[0.0, 0.0, 0.0, 0.0, 0.0, 0.0], [0.0, 0.0, 0.0, 0.0, 0.0, 0.0]]
1451 1.4500 0.0010 2.607450 -1.218228 -9.810000 None [[0.0, 0.0, 0.0, 0.0, 0.0, 0.0], [0.0, 0.0, 0.0, 0.0, 0.0, 0.0]]
1452 1.4510 0.0010 2.606222 -1.228038 -9.810000 None [[0.0, 0.0, 0.0, 0.0, 0.0, 0.0], [0.0, 0.0, 0.0, 0.0, 0.0, 0.0]]
1453 1.4520 0.0010 2.604984 -1.237848 -9.810000 None [[0.0, 0.0, 0.0, 0.0, 0.0, 0.0], [0.0, 0.0, 0.0, 0.0, 0.0, 0.0]]
1454 1.4530 0.0010 2.603737 -1.247658 -9.810000 None [[0.0, 0.0, 0.0, 0.0, 0.0, 0.0], [0.0, 0.0, 0.0, 0.0, 0.0, 0.0]]
1455 1.4540 0.0010 2.602479 -1.257468 -9.810000 None [[0.0, 0.0, 0.0, 0.0, 0.0, 0.0], [0.0, 0.0, 0.0, 0.0, 0.0, 0.0]]
1456 1.4550 0.0010 2.601212 -1.267278 -9.810000 None [[0.0, 0.0, 0.0, 0.0, 0.0, 0.0], [0.0, 0.0, 0.0, 0.0, 0.0, 0.0]]
1457 1.4560 0.0010 2.599935 -1.277088 -9.810000 None [[0.0, 0.0, 0.0, 0.0, 0.0, 0.0], [0.0, 0.0, 0.0, 0.0, 0.0, 0.0]]
1458 1.4570 0.0010 2.598648 -1.286898 -9.810000 None [[0.0, 0.0, 0.0, 0.0, 0.0, 0.0], [0.0, 0.0, 0.0, 0.0, 0.0, 0.0]]
1459 1.4580 0.0010 2.597351 -1.296708 -9.810000 None [[0.0, 0.0, 0.0, 0.0, 0.0, 0.0], [0.0, 0.0, 0.0, 0.0, 0.0, 0.0]]
1460 1.4590 0.0010 2.596045 -1.306518 -9.810000 None [[0.0, 0.0, 0.0, 0.0, 0.0, 0.0], [0.0, 0.0, 0.0, 0.0, 0.0, 0.0]]
1461 1.4600 0.0010 2.594728 -1.316328 -9.810000 None [[0.0, 0.0, 0.0, 0.0, 0.0, 0.0], [0.0, 0.0, 0.0, 0.0, 0.0, 0.0]]
1462 1.4610 0.0010 2.593402 -1.326138 -9.810000 None [[0.0, 0.0, 0.0, 0.0, 0.0, 0.0], [0.0, 0.0, 0.0, 0.0, 0.0, 0.0]]
1463 1.4620 0.0010 2.592066 -1.335948 -9.810000 None [[0.0, 0.0, 0.0, 0.0, 0.0, 0.0], [0.0, 0.0, 0.0, 0.0, 0.0, 0.0]]
1464 1.4630 0.0010 2.590721 -1.345758 -9.810000 None [[0.0, 0.0, 0.0, 0.0, 0.0, 0.0], [0.0, 0.0, 0.0, 0.0, 0.0, 0.0]]
1465 1.4640 0.0010 2.589365 -1.355568 -9.810000 None [[0.0, 0.0, 0.0, 0.0, 0.0, 0.0], [0.0, 0.0, 0.0, 0.0, 0.0, 0.0]]
1466 1.4650 0.0010 2.588000 -1.365378 -9.810000 None [[0.0, 0.0, 0.0, 0.0, 0.0, 0.0], [0.0, 0.0, 0.0, 0.0, 0.0, 0.0]]
1467 1.4660 0.0010 2.586624 -1.375188 -9.810000 None [[0.0, 0.0, 0.0, 0.0, 0.0, 0.0], [0.0, 0.0, 0.0, 0.0, 0.0, 0.0]]
1468 1.4670 0.0010 2.585239 -1.384998 -9.810000 None [[0.0, 0.0, 0.0, 0.0, 0.0, 0.0], [0.0, 0.0, 0.0, 0.0, 0.0, 0.0]]
1469 1.4680 0.0010 2.583845 -1.394808 -9.810000 None [[0.0, 0.0, 0.0, 0.0, 0.0, 0.0], [0.0, 0.0, 0.0, 0.0, 0.0, 0.0]]
1470 1.4690 0.0010 2.582440 -1.404618 -9.810000 None [[0.0, 0.0, 0.0, 0.0, 0.0, 0.0], [0.0, 0.0, 0.0, 0.0, 0.0, 0.0]]
1471 1.4700 0.0010 2.581026 -1.414428 -9.810000 None [[0.0, 0.0, 0.0, 0.0, 0.0, 0.0], [0.0, 0.0, 0.0, 0.0, 0.0, 0.0]]
1472 1.4710 0.0010 2.579601 -1.424238 -9.810000 None [[0.0, 0.0, 0.0, 0.0, 0.0, 0.0], [0.0, 0.0, 0.0, 0.0, 0.0, 0.0]]
1473 1.4720 0.0010 2.578167 -1.434048 -9.810000 None [[0.0, 0.0, 0.0, 0.0, 0.0, 0.0], [0.0, 0.0, 0.0, 0.0, 0.0, 0.0]]
1474 1.4730 0.0010 2.576723 -1.443858 -9.810000 None [[0.0, 0.0, 0.0, 0.0, 0.0, 0.0], [0.0, 0.0, 0.0, 0.0, 0.0, 0.0]]
1475 1.4740 0.0010 2.575270 -1.453668 -9.810000 None [[0.0, 0.0, 0.0, 0.0, 0.0, 0.0], [0.0, 0.0, 0.0, 0.0, 0.0, 0.0]]
1476 1.4750 0.0010 2.573806 -1.463478 -9.810000 None [[0.0, 0.0, 0.0, 0.0, 0.0, 0.0], [0.0, 0.0, 0.0, 0.0, 0.0, 0.0]]
1477 1.4760 0.0010 2.572333 -1.473288 -9.810000 None [[0.0, 0.0, 0.0, 0.0, 0.0, 0.0], [0.0, 0.0, 0.0, 0.0, 0.0, 0.0]]
1478 1.4770 0.0010 2.570850 -1.483098 -9.810000 None [[0.0, 0.0, 0.0, 0.0, 0.0, 0.0], [0.0, 0.0, 0.0, 0.0, 0.0, 0.0]]
1479 1.4780 0.0010 2.569357 -1.492908 -9.810000 None [[0.0, 0.0, 0.0, 0.0, 0.0, 0.0], [0.0, 0.0, 0.0, 0.0, 0.0, 0.0]]
1480 1.4790 0.0010 2.567854 -1.502718 -9.810000 None [[0.0, 0.0, 0.0, 0.0, 0.0, 0.0], [0.0, 0.0, 0.0, 0.0, 0.0, 0.0]]
1481 1.4800 0.0010 2.566342 -1.512528 -9.810000 None [[0.0, 0.0, 0.0, 0.0, 0.0, 0.0], [0.0, 0.0, 0.0, 0.0, 0.0, 0.0]]
1482 1.4810 0.0010 2.564819 -1.522338 -9.810000 None [[0.0, 0.0, 0.0, 0.0, 0.0, 0.0], [0.0, 0.0, 0.0, 0.0, 0.0, 0.0]]
1483 1.4820 0.0010 2.563287 -1.532148 -9.810000 None [[0.0, 0.0, 0.0, 0.0, 0.0, 0.0], [0.0, 0.0, 0.0, 0.0, 0.0, 0.0]]
1484 1.4830 0.0010 2.561745 -1.541958 -9.810000 None [[0.0, 0.0, 0.0, 0.0, 0.0, 0.0], [0.0, 0.0, 0.0, 0.0, 0.0, 0.0]]
1485 1.4840 0.0010 2.560194 -1.551768 -9.810000 None [[0.0, 0.0, 0.0, 0.0, 0.0, 0.0], [0.0, 0.0, 0.0, 0.0, 0.0, 0.0]]
1486 1.4850 0.0010 2.558632 -1.561578 -9.810000 None [[0.0, 0.0, 0.0, 0.0, 0.0, 0.0], [0.0, 0.0, 0.0, 0.0, 0.0, 0.0]]
1487 1.4860 0.0010 2.557061 -1.571388 -9.810000 None [[0.0, 0.0, 0.0, 0.0, 0.0, 0.0], [0.0, 0.0, 0.0, 0.0, 0.0, 0.0]]
1488 1.4870 0.0010 2.555479 -1.581198 -9.810000 None [[0.0, 0.0, 0.0, 0.0, 0.0, 0.0], [0.0, 0.0, 0.0, 0.0, 0.0, 0.0]]
1489 1.4880 0.0010 2.553888 -1.591008 -9.810000 None [[0.0, 0.0, 0.0, 0.0, 0.0, 0.0], [0.0, 0.0, 0.0, 0.0, 0.0, 0.0]]
1490 1.4890 0.0010 2.552288 -1.600818 -9.810000 None [[0.0, 0.0, 0.0, 0.0, 0.0, 0.0], [0.0, 0.0, 0.0, 0.0, 0.0, 0.0]]
1491 1.4900 0.0010 2.550677 -1.610628 -9.810000 None [[0.0, 0.0, 0.0, 0.0, 0.0, 0.0], [0.0, 0.0, 0.0, 0.0, 0.0, 0.0]]
1492 1.4910 0.0010 2.549056 -1.620438 -9.810000 None [[0.0, 0.0, 0.0, 0.0, 0.0, 0.0], [0.0, 0.0, 0.0, 0.0, 0.0, 0.0]]
1493 1.4920 0.0010 2.547426 -1.630248 -9.810000 None [[0.0, 0.0, 0.0, 0.0, 0.0, 0.0], [0.0, 0.0, 0.0, 0.0, 0.0, 0.0]]
1494 1.4930 0.0010 2.545786 -1.640058 -9.810000 None [[0.0, 0.0, 0.0, 0.0, 0.0, 0.0], [0.0, 0.0, 0.0, 0.0, 0.0, 0.0]]
1495 1.4940 0.0010 2.544136 -1.649868 -9.810000 None [[0.0, 0.0, 0.0, 0.0, 0.0, 0.0], [0.0, 0.0, 0.0, 0.0, 0.0, 0.0]]
1496 1.4950 0.0010 2.542477 -1.659678 -9.810000 None [[0.0, 0.0, 0.0, 0.0, 0.0, 0.0], [0.0, 0.0, 0.0, 0.0, 0.0, 0.0]]
1497 1.4960 0.0010 2.540807 -1.669488 -9.810000 None [[0.0, 0.0, 0.0, 0.0, 0.0, 0.0], [0.0, 0.0, 0.0, 0.0, 0.0, 0.0]]
1498 1.4970 0.0010 2.539128 -1.679298 -9.810000 None [[0.0, 0.0, 0.0, 0.0, 0.0, 0.0], [0.0, 0.0, 0.0, 0.0, 0.0, 0.0]]
1499 1.4980 0.0010 2.537439 -1.689108 -9.810000 None [[0.0, 0.0, 0.0, 0.0, 0.0, 0.0], [0.0, 0.0, 0.0, 0.0, 0.0, 0.0]]
1500 1.4990 0.0010 2.535740 -1.698918 -9.810000 None [[0.0, 0.0, 0.0, 0.0, 0.0, 0.0], [0.0, 0.0, 0.0, 0.0, 0.0, 0.0]]
1501 1.5000 0.0010 2.534031 -1.708728 -9.810000 None [[0.0, 0.0, 0.0, 0.0, 0.0, 0.0], [0.0, 0.0, 0.0, 0.0, 0.0, 0.0]]
1502 1.5010 0.0010 2.532313 -1.718538 -9.810000 None [[0.0, 0.0, 0.0, 0.0, 0.0, 0.0], [0.0, 0.0, 0.0, 0.0, 0.0, 0.0]]
1503 1.5020 0.0010 2.530584 -1.728348 -9.810000 None [[0.0, 0.0, 0.0, 0.0, 0.0, 0.0], [0.0, 0.0, 0.0, 0.0, 0.0, 0.0]]
1504 1.5030 0.0010 2.528846 -1.738158 -9.810000 None [[0.0, 0.0, 0.0, 0.0, 0.0, 0.0], [0.0, 0.0, 0.0, 0.0, 0.0, 0.0]]
1505 1.5040 0.0010 2.527098 -1.747968 -9.810000 None [[0.0, 0.0, 0.0, 0.0, 0.0, 0.0], [0.0, 0.0, 0.0, 0.0, 0.0, 0.0]]
1506 1.5050 0.0010 2.525340 -1.757778 -9.810000 None [[0.0, 0.0, 0.0, 0.0, 0.0, 0.0], [0.0, 0.0, 0.0, 0.0, 0.0, 0.0]]
1507 1.5060 0.0010 2.523573 -1.767588 -9.810000 None [[0.0, 0.0, 0.0, 0.0, 0.0, 0.0], [0.0, 0.0, 0.0, 0.0, 0.0, 0.0]]
1508 1.5070 0.0010 2.521795 -1.777398 -9.810000 None [[0.0, 0.0, 0.0, 0.0, 0.0, 0.0], [0.0, 0.0, 0.0, 0.0, 0.0, 0.0]]
1509 1.5080 0.0010 2.520008 -1.787208 -9.810000 None [[0.0, 0.0, 0.0, 0.0, 0.0, 0.0], [0.0, 0.0, 0.0, 0.0, 0.0, 0.0]]
1510 1.5090 0.0010 2.518211 -1.797018 -9.810000 None [[0.0, 0.0, 0.0, 0.0, 0.0, 0.0], [0.0, 0.0, 0.0, 0.0, 0.0, 0.0]]
1511 1.5100 0.0010 2.516404 -1.806828 -9.810000 None [[0.0, 0.0, 0.0, 0.0, 0.0, 0.0], [0.0, 0.0, 0.0, 0.0, 0.0, 0.0]]
1512 1.5110 0.0010 2.514588 -1.816638 -9.810000 None [[0.0, 0.0, 0.0, 0.0, 0.0, 0.0], [0.0, 0.0, 0.0, 0.0, 0.0, 0.0]]
1513 1.5120 0.0010 2.512761 -1.826448 -9.810000 None [[0.0, 0.0, 0.0, 0.0, 0.0, 0.0], [0.0, 0.0, 0.0, 0.0, 0.0, 0.0]]
1514 1.5130 0.0010 2.510925 -1.836258 -9.810000 None [[0.0, 0.0, 0.0, 0.0, 0.0, 0.0], [0.0, 0.0, 0.0, 0.0, 0.0, 0.0]]
1515 1.5140 0.0010 2.509079 -1.846068 -9.810000 None [[0.0, 0.0, 0.0, 0.0, 0.0, 0.0], [0.0, 0.0, 0.0, 0.0, 0.0, 0.0]]
1516 1.5150 0.0010 2.507223 -1.855878 -9.810000 None [[0.0, 0.0, 0.0, 0.0, 0.0, 0.0], [0.0, 0.0, 0.0, 0.0, 0.0, 0.0]]
1517 1.5160 0.0010 2.505357 -1.865688 -9.810000 None [[0.0, 0.0, 0.0, 0.0, 0.0, 0.0], [0.0, 0.0, 0.0, 0.0, 0.0, 0.0]]
1518 1.5170 0.0010 2.503482 -1.875498 -9.810000 None [[0.0, 0.0, 0.0, 0.0, 0.0, 0.0], [0.0, 0.0, 0.0, 0.0, 0.0, 0.0]]
1519 1.5180 0.0010 2.501596 -1.885308 -9.810000 None [[0.0, 0.0, 0.0, 0.0, 0.0, 0.0], [0.0, 0.0, 0.0, 0.0, 0.0, 0.0]]
1520 1.5190 0.0010 2.499701 -1.895118 2624.882345 [{'depth': 0.00079865882972463, 'geomIdA': 0, 'geomIdB': 1, 'modifiedDepth': 0.0, 'nhat_AB_W': [-0.0, -0.0, 1.0], 'p_WC': [0.0, 0.0, 2.000100670585138], 'p_WCa': [0.0, 0.0, 2.0005], 'p_WCb': [0.0, 0.0, 1.9997013411702755]}] [[0.0, 0.0, -2634.692344560363, 0.0, 0.0, 0.0], [0.0, 0.0, 2634.692344560363, 0.0, 0.0, 0.0]]
1521 1.5200 0.0010 2.500431 0.729764 -9.810000 None [[0.0, 0.0, 0.0, 0.0, 0.0, 0.0], [0.0, 0.0, 0.0, 0.0, 0.0, 0.0]]
1522 1.5210 0.0010 2.501151 0.719954 -9.810000 None [[0.0, 0.0, 0.0, 0.0, 0.0, 0.0], [0.0, 0.0, 0.0, 0.0, 0.0, 0.0]]
1523 1.5220 0.0010 2.501861 0.710144 -9.810000 None [[0.0, 0.0, 0.0, 0.0, 0.0, 0.0], [0.0, 0.0, 0.0, 0.0, 0.0, 0.0]]
1524 1.5230 0.0010 2.502562 0.700334 -9.810000 None [[0.0, 0.0, 0.0, 0.0, 0.0, 0.0], [0.0, 0.0, 0.0, 0.0, 0.0, 0.0]]
1525 1.5240 0.0010 2.503252 0.690524 -9.810000 None [[0.0, 0.0, 0.0, 0.0, 0.0, 0.0], [0.0, 0.0, 0.0, 0.0, 0.0, 0.0]]
1526 1.5250 0.0010 2.503933 0.680714 -9.810000 None [[0.0, 0.0, 0.0, 0.0, 0.0, 0.0], [0.0, 0.0, 0.0, 0.0, 0.0, 0.0]]
1527 1.5260 0.0010 2.504604 0.670904 -9.810000 None [[0.0, 0.0, 0.0, 0.0, 0.0, 0.0], [0.0, 0.0, 0.0, 0.0, 0.0, 0.0]]
1528 1.5270 0.0010 2.505265 0.661094 -9.810000 None [[0.0, 0.0, 0.0, 0.0, 0.0, 0.0], [0.0, 0.0, 0.0, 0.0, 0.0, 0.0]]
1529 1.5280 0.0010 2.505916 0.651284 -9.810000 None [[0.0, 0.0, 0.0, 0.0, 0.0, 0.0], [0.0, 0.0, 0.0, 0.0, 0.0, 0.0]]
1530 1.5290 0.0010 2.506558 0.641474 -9.810000 None [[0.0, 0.0, 0.0, 0.0, 0.0, 0.0], [0.0, 0.0, 0.0, 0.0, 0.0, 0.0]]
1531 1.5300 0.0010 2.507189 0.631664 -9.810000 None [[0.0, 0.0, 0.0, 0.0, 0.0, 0.0], [0.0, 0.0, 0.0, 0.0, 0.0, 0.0]]
1532 1.5310 0.0010 2.507811 0.621854 -9.810000 None [[0.0, 0.0, 0.0, 0.0, 0.0, 0.0], [0.0, 0.0, 0.0, 0.0, 0.0, 0.0]]
1533 1.5320 0.0010 2.508423 0.612044 -9.810000 None [[0.0, 0.0, 0.0, 0.0, 0.0, 0.0], [0.0, 0.0, 0.0, 0.0, 0.0, 0.0]]
1534 1.5330 0.0010 2.509025 0.602234 -9.810000 None [[0.0, 0.0, 0.0, 0.0, 0.0, 0.0], [0.0, 0.0, 0.0, 0.0, 0.0, 0.0]]
1535 1.5340 0.0010 2.509618 0.592424 -9.810000 None [[0.0, 0.0, 0.0, 0.0, 0.0, 0.0], [0.0, 0.0, 0.0, 0.0, 0.0, 0.0]]
1536 1.5350 0.0010 2.510200 0.582614 -9.810000 None [[0.0, 0.0, 0.0, 0.0, 0.0, 0.0], [0.0, 0.0, 0.0, 0.0, 0.0, 0.0]]
1537 1.5360 0.0010 2.510773 0.572804 -9.810000 None [[0.0, 0.0, 0.0, 0.0, 0.0, 0.0], [0.0, 0.0, 0.0, 0.0, 0.0, 0.0]]
1538 1.5370 0.0010 2.511336 0.562994 -9.810000 None [[0.0, 0.0, 0.0, 0.0, 0.0, 0.0], [0.0, 0.0, 0.0, 0.0, 0.0, 0.0]]
1539 1.5380 0.0010 2.511889 0.553184 -9.810000 None [[0.0, 0.0, 0.0, 0.0, 0.0, 0.0], [0.0, 0.0, 0.0, 0.0, 0.0, 0.0]]
1540 1.5390 0.0010 2.512433 0.543374 -9.810000 None [[0.0, 0.0, 0.0, 0.0, 0.0, 0.0], [0.0, 0.0, 0.0, 0.0, 0.0, 0.0]]
1541 1.5400 0.0010 2.512966 0.533564 -9.810000 None [[0.0, 0.0, 0.0, 0.0, 0.0, 0.0], [0.0, 0.0, 0.0, 0.0, 0.0, 0.0]]
1542 1.5410 0.0010 2.513490 0.523754 -9.810000 None [[0.0, 0.0, 0.0, 0.0, 0.0, 0.0], [0.0, 0.0, 0.0, 0.0, 0.0, 0.0]]
1543 1.5420 0.0010 2.514004 0.513944 -9.810000 None [[0.0, 0.0, 0.0, 0.0, 0.0, 0.0], [0.0, 0.0, 0.0, 0.0, 0.0, 0.0]]
1544 1.5430 0.0010 2.514508 0.504134 -9.810000 None [[0.0, 0.0, 0.0, 0.0, 0.0, 0.0], [0.0, 0.0, 0.0, 0.0, 0.0, 0.0]]
1545 1.5440 0.0010 2.515002 0.494324 -9.810000 None [[0.0, 0.0, 0.0, 0.0, 0.0, 0.0], [0.0, 0.0, 0.0, 0.0, 0.0, 0.0]]
1546 1.5450 0.0010 2.515487 0.484514 -9.810000 None [[0.0, 0.0, 0.0, 0.0, 0.0, 0.0], [0.0, 0.0, 0.0, 0.0, 0.0, 0.0]]
1547 1.5460 0.0010 2.515962 0.474704 -9.810000 None [[0.0, 0.0, 0.0, 0.0, 0.0, 0.0], [0.0, 0.0, 0.0, 0.0, 0.0, 0.0]]
1548 1.5470 0.0010 2.516427 0.464894 -9.810000 None [[0.0, 0.0, 0.0, 0.0, 0.0, 0.0], [0.0, 0.0, 0.0, 0.0, 0.0, 0.0]]
1549 1.5480 0.0010 2.516882 0.455084 -9.810000 None [[0.0, 0.0, 0.0, 0.0, 0.0, 0.0], [0.0, 0.0, 0.0, 0.0, 0.0, 0.0]]
1550 1.5490 0.0010 2.517327 0.445274 -9.810000 None [[0.0, 0.0, 0.0, 0.0, 0.0, 0.0], [0.0, 0.0, 0.0, 0.0, 0.0, 0.0]]
1551 1.5500 0.0010 2.517762 0.435464 -9.810000 None [[0.0, 0.0, 0.0, 0.0, 0.0, 0.0], [0.0, 0.0, 0.0, 0.0, 0.0, 0.0]]
1552 1.5510 0.0010 2.518188 0.425654 -9.810000 None [[0.0, 0.0, 0.0, 0.0, 0.0, 0.0], [0.0, 0.0, 0.0, 0.0, 0.0, 0.0]]
1553 1.5520 0.0010 2.518604 0.415844 -9.810000 None [[0.0, 0.0, 0.0, 0.0, 0.0, 0.0], [0.0, 0.0, 0.0, 0.0, 0.0, 0.0]]
1554 1.5530 0.0010 2.519010 0.406034 -9.810000 None [[0.0, 0.0, 0.0, 0.0, 0.0, 0.0], [0.0, 0.0, 0.0, 0.0, 0.0, 0.0]]
1555 1.5540 0.0010 2.519406 0.396224 -9.810000 None [[0.0, 0.0, 0.0, 0.0, 0.0, 0.0], [0.0, 0.0, 0.0, 0.0, 0.0, 0.0]]
1556 1.5550 0.0010 2.519793 0.386414 -9.810000 None [[0.0, 0.0, 0.0, 0.0, 0.0, 0.0], [0.0, 0.0, 0.0, 0.0, 0.0, 0.0]]
1557 1.5560 0.0010 2.520169 0.376604 -9.810000 None [[0.0, 0.0, 0.0, 0.0, 0.0, 0.0], [0.0, 0.0, 0.0, 0.0, 0.0, 0.0]]
1558 1.5570 0.0010 2.520536 0.366794 -9.810000 None [[0.0, 0.0, 0.0, 0.0, 0.0, 0.0], [0.0, 0.0, 0.0, 0.0, 0.0, 0.0]]
1559 1.5580 0.0010 2.520893 0.356984 -9.810000 None [[0.0, 0.0, 0.0, 0.0, 0.0, 0.0], [0.0, 0.0, 0.0, 0.0, 0.0, 0.0]]
1560 1.5590 0.0010 2.521240 0.347174 -9.810000 None [[0.0, 0.0, 0.0, 0.0, 0.0, 0.0], [0.0, 0.0, 0.0, 0.0, 0.0, 0.0]]
1561 1.5600 0.0010 2.521577 0.337364 -9.810000 None [[0.0, 0.0, 0.0, 0.0, 0.0, 0.0], [0.0, 0.0, 0.0, 0.0, 0.0, 0.0]]
1562 1.5610 0.0010 2.521905 0.327554 -9.810000 None [[0.0, 0.0, 0.0, 0.0, 0.0, 0.0], [0.0, 0.0, 0.0, 0.0, 0.0, 0.0]]
1563 1.5620 0.0010 2.522223 0.317744 -9.810000 None [[0.0, 0.0, 0.0, 0.0, 0.0, 0.0], [0.0, 0.0, 0.0, 0.0, 0.0, 0.0]]
1564 1.5630 0.0010 2.522531 0.307934 -9.810000 None [[0.0, 0.0, 0.0, 0.0, 0.0, 0.0], [0.0, 0.0, 0.0, 0.0, 0.0, 0.0]]
1565 1.5640 0.0010 2.522829 0.298124 -9.810000 None [[0.0, 0.0, 0.0, 0.0, 0.0, 0.0], [0.0, 0.0, 0.0, 0.0, 0.0, 0.0]]
1566 1.5650 0.0010 2.523117 0.288314 -9.810000 None [[0.0, 0.0, 0.0, 0.0, 0.0, 0.0], [0.0, 0.0, 0.0, 0.0, 0.0, 0.0]]
1567 1.5660 0.0010 2.523396 0.278504 -9.810000 None [[0.0, 0.0, 0.0, 0.0, 0.0, 0.0], [0.0, 0.0, 0.0, 0.0, 0.0, 0.0]]
1568 1.5670 0.0010 2.523664 0.268694 -9.810000 None [[0.0, 0.0, 0.0, 0.0, 0.0, 0.0], [0.0, 0.0, 0.0, 0.0, 0.0, 0.0]]
1569 1.5680 0.0010 2.523923 0.258884 -9.810000 None [[0.0, 0.0, 0.0, 0.0, 0.0, 0.0], [0.0, 0.0, 0.0, 0.0, 0.0, 0.0]]
1570 1.5690 0.0010 2.524172 0.249074 -9.810000 None [[0.0, 0.0, 0.0, 0.0, 0.0, 0.0], [0.0, 0.0, 0.0, 0.0, 0.0, 0.0]]
1571 1.5700 0.0010 2.524412 0.239264 -9.810000 None [[0.0, 0.0, 0.0, 0.0, 0.0, 0.0], [0.0, 0.0, 0.0, 0.0, 0.0, 0.0]]
1572 1.5710 0.0010 2.524641 0.229454 -9.810000 None [[0.0, 0.0, 0.0, 0.0, 0.0, 0.0], [0.0, 0.0, 0.0, 0.0, 0.0, 0.0]]
1573 1.5720 0.0010 2.524861 0.219644 -9.810000 None [[0.0, 0.0, 0.0, 0.0, 0.0, 0.0], [0.0, 0.0, 0.0, 0.0, 0.0, 0.0]]
1574 1.5730 0.0010 2.525070 0.209834 -9.810000 None [[0.0, 0.0, 0.0, 0.0, 0.0, 0.0], [0.0, 0.0, 0.0, 0.0, 0.0, 0.0]]
1575 1.5740 0.0010 2.525271 0.200024 -9.810000 None [[0.0, 0.0, 0.0, 0.0, 0.0, 0.0], [0.0, 0.0, 0.0, 0.0, 0.0, 0.0]]
1576 1.5750 0.0010 2.525461 0.190214 -9.810000 None [[0.0, 0.0, 0.0, 0.0, 0.0, 0.0], [0.0, 0.0, 0.0, 0.0, 0.0, 0.0]]
1577 1.5760 0.0010 2.525641 0.180404 -9.810000 None [[0.0, 0.0, 0.0, 0.0, 0.0, 0.0], [0.0, 0.0, 0.0, 0.0, 0.0, 0.0]]
1578 1.5770 0.0010 2.525812 0.170594 -9.810000 None [[0.0, 0.0, 0.0, 0.0, 0.0, 0.0], [0.0, 0.0, 0.0, 0.0, 0.0, 0.0]]
1579 1.5780 0.0010 2.525973 0.160784 -9.810000 None [[0.0, 0.0, 0.0, 0.0, 0.0, 0.0], [0.0, 0.0, 0.0, 0.0, 0.0, 0.0]]
1580 1.5790 0.0010 2.526123 0.150974 -9.810000 None [[0.0, 0.0, 0.0, 0.0, 0.0, 0.0], [0.0, 0.0, 0.0, 0.0, 0.0, 0.0]]
1581 1.5800 0.0010 2.526265 0.141164 -9.810000 None [[0.0, 0.0, 0.0, 0.0, 0.0, 0.0], [0.0, 0.0, 0.0, 0.0, 0.0, 0.0]]
1582 1.5810 0.0010 2.526396 0.131354 -9.810000 None [[0.0, 0.0, 0.0, 0.0, 0.0, 0.0], [0.0, 0.0, 0.0, 0.0, 0.0, 0.0]]
1583 1.5820 0.0010 2.526518 0.121544 -9.810000 None [[0.0, 0.0, 0.0, 0.0, 0.0, 0.0], [0.0, 0.0, 0.0, 0.0, 0.0, 0.0]]
1584 1.5830 0.0010 2.526629 0.111734 -9.810000 None [[0.0, 0.0, 0.0, 0.0, 0.0, 0.0], [0.0, 0.0, 0.0, 0.0, 0.0, 0.0]]
1585 1.5840 0.0010 2.526731 0.101924 -9.810000 None [[0.0, 0.0, 0.0, 0.0, 0.0, 0.0], [0.0, 0.0, 0.0, 0.0, 0.0, 0.0]]
1586 1.5850 0.0010 2.526823 0.092114 -9.810000 None [[0.0, 0.0, 0.0, 0.0, 0.0, 0.0], [0.0, 0.0, 0.0, 0.0, 0.0, 0.0]]
1587 1.5860 0.0010 2.526906 0.082304 -9.810000 None [[0.0, 0.0, 0.0, 0.0, 0.0, 0.0], [0.0, 0.0, 0.0, 0.0, 0.0, 0.0]]
1588 1.5870 0.0010 2.526978 0.072494 -9.810000 None [[0.0, 0.0, 0.0, 0.0, 0.0, 0.0], [0.0, 0.0, 0.0, 0.0, 0.0, 0.0]]
1589 1.5880 0.0010 2.527041 0.062684 -9.810000 None [[0.0, 0.0, 0.0, 0.0, 0.0, 0.0], [0.0, 0.0, 0.0, 0.0, 0.0, 0.0]]
1590 1.5890 0.0010 2.527094 0.052874 -9.810000 None [[0.0, 0.0, 0.0, 0.0, 0.0, 0.0], [0.0, 0.0, 0.0, 0.0, 0.0, 0.0]]
1591 1.5900 0.0010 2.527137 0.043064 -9.810000 None [[0.0, 0.0, 0.0, 0.0, 0.0, 0.0], [0.0, 0.0, 0.0, 0.0, 0.0, 0.0]]
1592 1.5910 0.0010 2.527170 0.033254 -9.810000 None [[0.0, 0.0, 0.0, 0.0, 0.0, 0.0], [0.0, 0.0, 0.0, 0.0, 0.0, 0.0]]
1593 1.5920 0.0010 2.527193 0.023444 -9.810000 None [[0.0, 0.0, 0.0, 0.0, 0.0, 0.0], [0.0, 0.0, 0.0, 0.0, 0.0, 0.0]]
1594 1.5930 0.0010 2.527207 0.013634 -9.810000 None [[0.0, 0.0, 0.0, 0.0, 0.0, 0.0], [0.0, 0.0, 0.0, 0.0, 0.0, 0.0]]
1595 1.5940 0.0010 2.527211 0.003824 -9.810000 None [[0.0, 0.0, 0.0, 0.0, 0.0, 0.0], [0.0, 0.0, 0.0, 0.0, 0.0, 0.0]]
1596 1.5950 0.0010 2.527205 -0.005986 -9.810000 None [[0.0, 0.0, 0.0, 0.0, 0.0, 0.0], [0.0, 0.0, 0.0, 0.0, 0.0, 0.0]]
1597 1.5960 0.0010 2.527189 -0.015796 -9.810000 None [[0.0, 0.0, 0.0, 0.0, 0.0, 0.0], [0.0, 0.0, 0.0, 0.0, 0.0, 0.0]]
1598 1.5970 0.0010 2.527164 -0.025606 -9.810000 None [[0.0, 0.0, 0.0, 0.0, 0.0, 0.0], [0.0, 0.0, 0.0, 0.0, 0.0, 0.0]]
1599 1.5980 0.0010 2.527128 -0.035416 -9.810000 None [[0.0, 0.0, 0.0, 0.0, 0.0, 0.0], [0.0, 0.0, 0.0, 0.0, 0.0, 0.0]]
1600 1.5990 0.0010 2.527083 -0.045226 -9.810000 None [[0.0, 0.0, 0.0, 0.0, 0.0, 0.0], [0.0, 0.0, 0.0, 0.0, 0.0, 0.0]]
1601 1.6000 0.0010 2.527028 -0.055036 -9.810000 None [[0.0, 0.0, 0.0, 0.0, 0.0, 0.0], [0.0, 0.0, 0.0, 0.0, 0.0, 0.0]]
1602 1.6010 0.0010 2.526963 -0.064846 -9.810000 None [[0.0, 0.0, 0.0, 0.0, 0.0, 0.0], [0.0, 0.0, 0.0, 0.0, 0.0, 0.0]]
1603 1.6020 0.0010 2.526888 -0.074656 -9.810000 None [[0.0, 0.0, 0.0, 0.0, 0.0, 0.0], [0.0, 0.0, 0.0, 0.0, 0.0, 0.0]]
1604 1.6030 0.0010 2.526804 -0.084466 -9.810000 None [[0.0, 0.0, 0.0, 0.0, 0.0, 0.0], [0.0, 0.0, 0.0, 0.0, 0.0, 0.0]]
1605 1.6040 0.0010 2.526710 -0.094276 -9.810000 None [[0.0, 0.0, 0.0, 0.0, 0.0, 0.0], [0.0, 0.0, 0.0, 0.0, 0.0, 0.0]]
1606 1.6050 0.0010 2.526606 -0.104086 -9.810000 None [[0.0, 0.0, 0.0, 0.0, 0.0, 0.0], [0.0, 0.0, 0.0, 0.0, 0.0, 0.0]]
1607 1.6060 0.0010 2.526492 -0.113896 -9.810000 None [[0.0, 0.0, 0.0, 0.0, 0.0, 0.0], [0.0, 0.0, 0.0, 0.0, 0.0, 0.0]]
1608 1.6070 0.0010 2.526368 -0.123706 -9.810000 None [[0.0, 0.0, 0.0, 0.0, 0.0, 0.0], [0.0, 0.0, 0.0, 0.0, 0.0, 0.0]]
1609 1.6080 0.0010 2.526234 -0.133516 -9.810000 None [[0.0, 0.0, 0.0, 0.0, 0.0, 0.0], [0.0, 0.0, 0.0, 0.0, 0.0, 0.0]]
1610 1.6090 0.0010 2.526091 -0.143326 -9.810000 None [[0.0, 0.0, 0.0, 0.0, 0.0, 0.0], [0.0, 0.0, 0.0, 0.0, 0.0, 0.0]]
1611 1.6100 0.0010 2.525938 -0.153136 -9.810000 None [[0.0, 0.0, 0.0, 0.0, 0.0, 0.0], [0.0, 0.0, 0.0, 0.0, 0.0, 0.0]]
1612 1.6110 0.0010 2.525775 -0.162946 -9.810000 None [[0.0, 0.0, 0.0, 0.0, 0.0, 0.0], [0.0, 0.0, 0.0, 0.0, 0.0, 0.0]]
1613 1.6120 0.0010 2.525602 -0.172756 -9.810000 None [[0.0, 0.0, 0.0, 0.0, 0.0, 0.0], [0.0, 0.0, 0.0, 0.0, 0.0, 0.0]]
1614 1.6130 0.0010 2.525420 -0.182566 -9.810000 None [[0.0, 0.0, 0.0, 0.0, 0.0, 0.0], [0.0, 0.0, 0.0, 0.0, 0.0, 0.0]]
1615 1.6140 0.0010 2.525227 -0.192376 -9.810000 None [[0.0, 0.0, 0.0, 0.0, 0.0, 0.0], [0.0, 0.0, 0.0, 0.0, 0.0, 0.0]]
1616 1.6150 0.0010 2.525025 -0.202186 -9.810000 None [[0.0, 0.0, 0.0, 0.0, 0.0, 0.0], [0.0, 0.0, 0.0, 0.0, 0.0, 0.0]]
1617 1.6160 0.0010 2.524813 -0.211996 -9.810000 None [[0.0, 0.0, 0.0, 0.0, 0.0, 0.0], [0.0, 0.0, 0.0, 0.0, 0.0, 0.0]]
1618 1.6170 0.0010 2.524591 -0.221806 -9.810000 None [[0.0, 0.0, 0.0, 0.0, 0.0, 0.0], [0.0, 0.0, 0.0, 0.0, 0.0, 0.0]]
1619 1.6180 0.0010 2.524360 -0.231616 -9.810000 None [[0.0, 0.0, 0.0, 0.0, 0.0, 0.0], [0.0, 0.0, 0.0, 0.0, 0.0, 0.0]]
1620 1.6190 0.0010 2.524118 -0.241426 -9.810000 None [[0.0, 0.0, 0.0, 0.0, 0.0, 0.0], [0.0, 0.0, 0.0, 0.0, 0.0, 0.0]]
1621 1.6200 0.0010 2.523867 -0.251236 -9.810000 None [[0.0, 0.0, 0.0, 0.0, 0.0, 0.0], [0.0, 0.0, 0.0, 0.0, 0.0, 0.0]]
1622 1.6210 0.0010 2.523606 -0.261046 -9.810000 None [[0.0, 0.0, 0.0, 0.0, 0.0, 0.0], [0.0, 0.0, 0.0, 0.0, 0.0, 0.0]]
1623 1.6220 0.0010 2.523335 -0.270856 -9.810000 None [[0.0, 0.0, 0.0, 0.0, 0.0, 0.0], [0.0, 0.0, 0.0, 0.0, 0.0, 0.0]]
1624 1.6230 0.0010 2.523054 -0.280666 -9.810000 None [[0.0, 0.0, 0.0, 0.0, 0.0, 0.0], [0.0, 0.0, 0.0, 0.0, 0.0, 0.0]]
1625 1.6240 0.0010 2.522764 -0.290476 -9.810000 None [[0.0, 0.0, 0.0, 0.0, 0.0, 0.0], [0.0, 0.0, 0.0, 0.0, 0.0, 0.0]]
1626 1.6250 0.0010 2.522464 -0.300286 -9.810000 None [[0.0, 0.0, 0.0, 0.0, 0.0, 0.0], [0.0, 0.0, 0.0, 0.0, 0.0, 0.0]]
1627 1.6260 0.0010 2.522154 -0.310096 -9.810000 None [[0.0, 0.0, 0.0, 0.0, 0.0, 0.0], [0.0, 0.0, 0.0, 0.0, 0.0, 0.0]]
1628 1.6270 0.0010 2.521834 -0.319906 -9.810000 None [[0.0, 0.0, 0.0, 0.0, 0.0, 0.0], [0.0, 0.0, 0.0, 0.0, 0.0, 0.0]]
1629 1.6280 0.0010 2.521504 -0.329716 -9.810000 None [[0.0, 0.0, 0.0, 0.0, 0.0, 0.0], [0.0, 0.0, 0.0, 0.0, 0.0, 0.0]]
1630 1.6290 0.0010 2.521164 -0.339526 -9.810000 None [[0.0, 0.0, 0.0, 0.0, 0.0, 0.0], [0.0, 0.0, 0.0, 0.0, 0.0, 0.0]]
1631 1.6300 0.0010 2.520815 -0.349336 -9.810000 None [[0.0, 0.0, 0.0, 0.0, 0.0, 0.0], [0.0, 0.0, 0.0, 0.0, 0.0, 0.0]]
1632 1.6310 0.0010 2.520456 -0.359146 -9.810000 None [[0.0, 0.0, 0.0, 0.0, 0.0, 0.0], [0.0, 0.0, 0.0, 0.0, 0.0, 0.0]]
1633 1.6320 0.0010 2.520087 -0.368956 -9.810000 None [[0.0, 0.0, 0.0, 0.0, 0.0, 0.0], [0.0, 0.0, 0.0, 0.0, 0.0, 0.0]]
1634 1.6330 0.0010 2.519708 -0.378766 -9.810000 None [[0.0, 0.0, 0.0, 0.0, 0.0, 0.0], [0.0, 0.0, 0.0, 0.0, 0.0, 0.0]]
1635 1.6340 0.0010 2.519320 -0.388576 -9.810000 None [[0.0, 0.0, 0.0, 0.0, 0.0, 0.0], [0.0, 0.0, 0.0, 0.0, 0.0, 0.0]]
1636 1.6350 0.0010 2.518921 -0.398386 -9.810000 None [[0.0, 0.0, 0.0, 0.0, 0.0, 0.0], [0.0, 0.0, 0.0, 0.0, 0.0, 0.0]]
1637 1.6360 0.0010 2.518513 -0.408196 -9.810000 None [[0.0, 0.0, 0.0, 0.0, 0.0, 0.0], [0.0, 0.0, 0.0, 0.0, 0.0, 0.0]]
1638 1.6370 0.0010 2.518095 -0.418006 -9.810000 None [[0.0, 0.0, 0.0, 0.0, 0.0, 0.0], [0.0, 0.0, 0.0, 0.0, 0.0, 0.0]]
1639 1.6380 0.0010 2.517667 -0.427816 -9.810000 None [[0.0, 0.0, 0.0, 0.0, 0.0, 0.0], [0.0, 0.0, 0.0, 0.0, 0.0, 0.0]]
1640 1.6390 0.0010 2.517230 -0.437626 -9.810000 None [[0.0, 0.0, 0.0, 0.0, 0.0, 0.0], [0.0, 0.0, 0.0, 0.0, 0.0, 0.0]]
1641 1.6400 0.0010 2.516782 -0.447436 -9.810000 None [[0.0, 0.0, 0.0, 0.0, 0.0, 0.0], [0.0, 0.0, 0.0, 0.0, 0.0, 0.0]]
1642 1.6410 0.0010 2.516325 -0.457246 -9.810000 None [[0.0, 0.0, 0.0, 0.0, 0.0, 0.0], [0.0, 0.0, 0.0, 0.0, 0.0, 0.0]]
1643 1.6420 0.0010 2.515858 -0.467056 -9.810000 None [[0.0, 0.0, 0.0, 0.0, 0.0, 0.0], [0.0, 0.0, 0.0, 0.0, 0.0, 0.0]]
1644 1.6430 0.0010 2.515381 -0.476866 -9.810000 None [[0.0, 0.0, 0.0, 0.0, 0.0, 0.0], [0.0, 0.0, 0.0, 0.0, 0.0, 0.0]]
1645 1.6440 0.0010 2.514894 -0.486676 -9.810000 None [[0.0, 0.0, 0.0, 0.0, 0.0, 0.0], [0.0, 0.0, 0.0, 0.0, 0.0, 0.0]]
1646 1.6450 0.0010 2.514398 -0.496486 -9.810000 None [[0.0, 0.0, 0.0, 0.0, 0.0, 0.0], [0.0, 0.0, 0.0, 0.0, 0.0, 0.0]]
1647 1.6460 0.0010 2.513892 -0.506296 -9.810000 None [[0.0, 0.0, 0.0, 0.0, 0.0, 0.0], [0.0, 0.0, 0.0, 0.0, 0.0, 0.0]]
1648 1.6470 0.0010 2.513375 -0.516106 -9.810000 None [[0.0, 0.0, 0.0, 0.0, 0.0, 0.0], [0.0, 0.0, 0.0, 0.0, 0.0, 0.0]]
1649 1.6480 0.0010 2.512850 -0.525916 -9.810000 None [[0.0, 0.0, 0.0, 0.0, 0.0, 0.0], [0.0, 0.0, 0.0, 0.0, 0.0, 0.0]]
1650 1.6490 0.0010 2.512314 -0.535726 -9.810000 None [[0.0, 0.0, 0.0, 0.0, 0.0, 0.0], [0.0, 0.0, 0.0, 0.0, 0.0, 0.0]]
1651 1.6500 0.0010 2.511768 -0.545536 -9.810000 None [[0.0, 0.0, 0.0, 0.0, 0.0, 0.0], [0.0, 0.0, 0.0, 0.0, 0.0, 0.0]]
1652 1.6510 0.0010 2.511213 -0.555346 -9.810000 None [[0.0, 0.0, 0.0, 0.0, 0.0, 0.0], [0.0, 0.0, 0.0, 0.0, 0.0, 0.0]]
1653 1.6520 0.0010 2.510648 -0.565156 -9.810000 None [[0.0, 0.0, 0.0, 0.0, 0.0, 0.0], [0.0, 0.0, 0.0, 0.0, 0.0, 0.0]]
1654 1.6530 0.0010 2.510073 -0.574966 -9.810000 None [[0.0, 0.0, 0.0, 0.0, 0.0, 0.0], [0.0, 0.0, 0.0, 0.0, 0.0, 0.0]]
1655 1.6540 0.0010 2.509488 -0.584776 -9.810000 None [[0.0, 0.0, 0.0, 0.0, 0.0, 0.0], [0.0, 0.0, 0.0, 0.0, 0.0, 0.0]]
1656 1.6550 0.0010 2.508893 -0.594586 -9.810000 None [[0.0, 0.0, 0.0, 0.0, 0.0, 0.0], [0.0, 0.0, 0.0, 0.0, 0.0, 0.0]]
1657 1.6560 0.0010 2.508289 -0.604396 -9.810000 None [[0.0, 0.0, 0.0, 0.0, 0.0, 0.0], [0.0, 0.0, 0.0, 0.0, 0.0, 0.0]]
1658 1.6570 0.0010 2.507675 -0.614206 -9.810000 None [[0.0, 0.0, 0.0, 0.0, 0.0, 0.0], [0.0, 0.0, 0.0, 0.0, 0.0, 0.0]]
1659 1.6580 0.0010 2.507051 -0.624016 -9.810000 None [[0.0, 0.0, 0.0, 0.0, 0.0, 0.0], [0.0, 0.0, 0.0, 0.0, 0.0, 0.0]]
1660 1.6590 0.0010 2.506417 -0.633826 -9.810000 None [[0.0, 0.0, 0.0, 0.0, 0.0, 0.0], [0.0, 0.0, 0.0, 0.0, 0.0, 0.0]]
1661 1.6600 0.0010 2.505773 -0.643636 -9.810000 None [[0.0, 0.0, 0.0, 0.0, 0.0, 0.0], [0.0, 0.0, 0.0, 0.0, 0.0, 0.0]]
1662 1.6610 0.0010 2.505120 -0.653446 -9.810000 None [[0.0, 0.0, 0.0, 0.0, 0.0, 0.0], [0.0, 0.0, 0.0, 0.0, 0.0, 0.0]]
1663 1.6620 0.0010 2.504457 -0.663256 -9.810000 None [[0.0, 0.0, 0.0, 0.0, 0.0, 0.0], [0.0, 0.0, 0.0, 0.0, 0.0, 0.0]]
1664 1.6630 0.0010 2.503784 -0.673066 -9.810000 None [[0.0, 0.0, 0.0, 0.0, 0.0, 0.0], [0.0, 0.0, 0.0, 0.0, 0.0, 0.0]]
1665 1.6640 0.0010 2.503101 -0.682876 -9.810000 None [[0.0, 0.0, 0.0, 0.0, 0.0, 0.0], [0.0, 0.0, 0.0, 0.0, 0.0, 0.0]]
1666 1.6650 0.0010 2.502408 -0.692686 -9.810000 None [[0.0, 0.0, 0.0, 0.0, 0.0, 0.0], [0.0, 0.0, 0.0, 0.0, 0.0, 0.0]]
1667 1.6660 0.0010 2.501706 -0.702496 -9.810000 None [[0.0, 0.0, 0.0, 0.0, 0.0, 0.0], [0.0, 0.0, 0.0, 0.0, 0.0, 0.0]]
1668 1.6670 0.0010 2.500993 -0.712306 -9.810000 None [[0.0, 0.0, 0.0, 0.0, 0.0, 0.0], [0.0, 0.0, 0.0, 0.0, 0.0, 0.0]]
1669 1.6680 0.0003 2.500271 -0.722116 4096.984640 [{'depth': 0.00022885611959777563, 'geomIdA': 0, 'geomIdB': 1, 'modifiedDepth': 0.0, 'nhat_AB_W': [-0.0, -0.0, 1.0], 'p_WC': [0.0, 0.0, 2.0003855719402015], 'p_WCa': [0.0, 0.0, 2.0005], 'p_WCb': [0.0, 0.0, 2.0002711438804024]}] [[0.0, 0.0, -4106.794640367436, 0.0, 0.0, 0.0], [0.0, 0.0, 4106.794640367436, 0.0, 0.0, 0.0]]
1670 1.6683 0.0007 2.500451 0.569887 -9.810000 None [[0.0, 0.0, 0.0, 0.0, 0.0, 0.0], [0.0, 0.0, 0.0, 0.0, 0.0, 0.0]]
1671 1.6690 0.0010 2.500836 0.563171 -9.810000 None [[0.0, 0.0, 0.0, 0.0, 0.0, 0.0], [0.0, 0.0, 0.0, 0.0, 0.0, 0.0]]
1672 1.6700 0.0010 2.501390 0.553361 -9.810000 None [[0.0, 0.0, 0.0, 0.0, 0.0, 0.0], [0.0, 0.0, 0.0, 0.0, 0.0, 0.0]]
1673 1.6710 0.0010 2.501933 0.543551 -9.810000 None [[0.0, 0.0, 0.0, 0.0, 0.0, 0.0], [0.0, 0.0, 0.0, 0.0, 0.0, 0.0]]
1674 1.6720 0.0010 2.502467 0.533741 -9.810000 None [[0.0, 0.0, 0.0, 0.0, 0.0, 0.0], [0.0, 0.0, 0.0, 0.0, 0.0, 0.0]]
1675 1.6730 0.0010 2.502991 0.523931 -9.810000 None [[0.0, 0.0, 0.0, 0.0, 0.0, 0.0], [0.0, 0.0, 0.0, 0.0, 0.0, 0.0]]
1676 1.6740 0.0010 2.503505 0.514121 -9.810000 None [[0.0, 0.0, 0.0, 0.0, 0.0, 0.0], [0.0, 0.0, 0.0, 0.0, 0.0, 0.0]]
1677 1.6750 0.0010 2.504009 0.504311 -9.810000 None [[0.0, 0.0, 0.0, 0.0, 0.0, 0.0], [0.0, 0.0, 0.0, 0.0, 0.0, 0.0]]
1678 1.6760 0.0010 2.504504 0.494501 -9.810000 None [[0.0, 0.0, 0.0, 0.0, 0.0, 0.0], [0.0, 0.0, 0.0, 0.0, 0.0, 0.0]]
1679 1.6770 0.0010 2.504989 0.484691 -9.810000 None [[0.0, 0.0, 0.0, 0.0, 0.0, 0.0], [0.0, 0.0, 0.0, 0.0, 0.0, 0.0]]
1680 1.6780 0.0010 2.505464 0.474881 -9.810000 None [[0.0, 0.0, 0.0, 0.0, 0.0, 0.0], [0.0, 0.0, 0.0, 0.0, 0.0, 0.0]]
1681 1.6790 0.0010 2.505929 0.465071 -9.810000 None [[0.0, 0.0, 0.0, 0.0, 0.0, 0.0], [0.0, 0.0, 0.0, 0.0, 0.0, 0.0]]
1682 1.6800 0.0010 2.506384 0.455261 -9.810000 None [[0.0, 0.0, 0.0, 0.0, 0.0, 0.0], [0.0, 0.0, 0.0, 0.0, 0.0, 0.0]]
1683 1.6810 0.0010 2.506829 0.445451 -9.810000 None [[0.0, 0.0, 0.0, 0.0, 0.0, 0.0], [0.0, 0.0, 0.0, 0.0, 0.0, 0.0]]
1684 1.6820 0.0010 2.507265 0.435641 -9.810000 None [[0.0, 0.0, 0.0, 0.0, 0.0, 0.0], [0.0, 0.0, 0.0, 0.0, 0.0, 0.0]]
1685 1.6830 0.0010 2.507691 0.425831 -9.810000 None [[0.0, 0.0, 0.0, 0.0, 0.0, 0.0], [0.0, 0.0, 0.0, 0.0, 0.0, 0.0]]
1686 1.6840 0.0010 2.508107 0.416021 -9.810000 None [[0.0, 0.0, 0.0, 0.0, 0.0, 0.0], [0.0, 0.0, 0.0, 0.0, 0.0, 0.0]]
1687 1.6850 0.0010 2.508513 0.406211 -9.810000 None [[0.0, 0.0, 0.0, 0.0, 0.0, 0.0], [0.0, 0.0, 0.0, 0.0, 0.0, 0.0]]
1688 1.6860 0.0010 2.508909 0.396401 -9.810000 None [[0.0, 0.0, 0.0, 0.0, 0.0, 0.0], [0.0, 0.0, 0.0, 0.0, 0.0, 0.0]]
1689 1.6870 0.0010 2.509296 0.386591 -9.810000 None [[0.0, 0.0, 0.0, 0.0, 0.0, 0.0], [0.0, 0.0, 0.0, 0.0, 0.0, 0.0]]
1690 1.6880 0.0010 2.509673 0.376781 -9.810000 None [[0.0, 0.0, 0.0, 0.0, 0.0, 0.0], [0.0, 0.0, 0.0, 0.0, 0.0, 0.0]]
1691 1.6890 0.0010 2.510040 0.366971 -9.810000 None [[0.0, 0.0, 0.0, 0.0, 0.0, 0.0], [0.0, 0.0, 0.0, 0.0, 0.0, 0.0]]
1692 1.6900 0.0010 2.510397 0.357161 -9.810000 None [[0.0, 0.0, 0.0, 0.0, 0.0, 0.0], [0.0, 0.0, 0.0, 0.0, 0.0, 0.0]]
1693 1.6910 0.0010 2.510744 0.347351 -9.810000 None [[0.0, 0.0, 0.0, 0.0, 0.0, 0.0], [0.0, 0.0, 0.0, 0.0, 0.0, 0.0]]
1694 1.6920 0.0010 2.511082 0.337541 -9.810000 None [[0.0, 0.0, 0.0, 0.0, 0.0, 0.0], [0.0, 0.0, 0.0, 0.0, 0.0, 0.0]]
1695 1.6930 0.0010 2.511410 0.327731 -9.810000 None [[0.0, 0.0, 0.0, 0.0, 0.0, 0.0], [0.0, 0.0, 0.0, 0.0, 0.0, 0.0]]
1696 1.6940 0.0010 2.511727 0.317921 -9.810000 None [[0.0, 0.0, 0.0, 0.0, 0.0, 0.0], [0.0, 0.0, 0.0, 0.0, 0.0, 0.0]]
1697 1.6950 0.0010 2.512036 0.308111 -9.810000 None [[0.0, 0.0, 0.0, 0.0, 0.0, 0.0], [0.0, 0.0, 0.0, 0.0, 0.0, 0.0]]
1698 1.6960 0.0010 2.512334 0.298301 -9.810000 None [[0.0, 0.0, 0.0, 0.0, 0.0, 0.0], [0.0, 0.0, 0.0, 0.0, 0.0, 0.0]]
1699 1.6970 0.0010 2.512622 0.288491 -9.810000 None [[0.0, 0.0, 0.0, 0.0, 0.0, 0.0], [0.0, 0.0, 0.0, 0.0, 0.0, 0.0]]
1700 1.6980 0.0010 2.512901 0.278681 -9.810000 None [[0.0, 0.0, 0.0, 0.0, 0.0, 0.0], [0.0, 0.0, 0.0, 0.0, 0.0, 0.0]]
1701 1.6990 0.0010 2.513170 0.268871 -9.810000 None [[0.0, 0.0, 0.0, 0.0, 0.0, 0.0], [0.0, 0.0, 0.0, 0.0, 0.0, 0.0]]
1702 1.7000 0.0010 2.513429 0.259061 -9.810000 None [[0.0, 0.0, 0.0, 0.0, 0.0, 0.0], [0.0, 0.0, 0.0, 0.0, 0.0, 0.0]]
1703 1.7010 0.0010 2.513678 0.249251 -9.810000 None [[0.0, 0.0, 0.0, 0.0, 0.0, 0.0], [0.0, 0.0, 0.0, 0.0, 0.0, 0.0]]
1704 1.7020 0.0010 2.513918 0.239441 -9.810000 None [[0.0, 0.0, 0.0, 0.0, 0.0, 0.0], [0.0, 0.0, 0.0, 0.0, 0.0, 0.0]]
1705 1.7030 0.0010 2.514147 0.229631 -9.810000 None [[0.0, 0.0, 0.0, 0.0, 0.0, 0.0], [0.0, 0.0, 0.0, 0.0, 0.0, 0.0]]
1706 1.7040 0.0010 2.514367 0.219821 -9.810000 None [[0.0, 0.0, 0.0, 0.0, 0.0, 0.0], [0.0, 0.0, 0.0, 0.0, 0.0, 0.0]]
1707 1.7050 0.0010 2.514577 0.210011 -9.810000 None [[0.0, 0.0, 0.0, 0.0, 0.0, 0.0], [0.0, 0.0, 0.0, 0.0, 0.0, 0.0]]
1708 1.7060 0.0010 2.514777 0.200201 -9.810000 None [[0.0, 0.0, 0.0, 0.0, 0.0, 0.0], [0.0, 0.0, 0.0, 0.0, 0.0, 0.0]]
1709 1.7070 0.0010 2.514968 0.190391 -9.810000 None [[0.0, 0.0, 0.0, 0.0, 0.0, 0.0], [0.0, 0.0, 0.0, 0.0, 0.0, 0.0]]
1710 1.7080 0.0010 2.515148 0.180581 -9.810000 None [[0.0, 0.0, 0.0, 0.0, 0.0, 0.0], [0.0, 0.0, 0.0, 0.0, 0.0, 0.0]]
1711 1.7090 0.0010 2.515319 0.170771 -9.810000 None [[0.0, 0.0, 0.0, 0.0, 0.0, 0.0], [0.0, 0.0, 0.0, 0.0, 0.0, 0.0]]
1712 1.7100 0.0010 2.515480 0.160961 -9.810000 None [[0.0, 0.0, 0.0, 0.0, 0.0, 0.0], [0.0, 0.0, 0.0, 0.0, 0.0, 0.0]]
1713 1.7110 0.0010 2.515631 0.151151 -9.810000 None [[0.0, 0.0, 0.0, 0.0, 0.0, 0.0], [0.0, 0.0, 0.0, 0.0, 0.0, 0.0]]
1714 1.7120 0.0010 2.515773 0.141341 -9.810000 None [[0.0, 0.0, 0.0, 0.0, 0.0, 0.0], [0.0, 0.0, 0.0, 0.0, 0.0, 0.0]]
1715 1.7130 0.0010 2.515904 0.131531 -9.810000 None [[0.0, 0.0, 0.0, 0.0, 0.0, 0.0], [0.0, 0.0, 0.0, 0.0, 0.0, 0.0]]
1716 1.7140 0.0010 2.516026 0.121721 -9.810000 None [[0.0, 0.0, 0.0, 0.0, 0.0, 0.0], [0.0, 0.0, 0.0, 0.0, 0.0, 0.0]]
1717 1.7150 0.0010 2.516138 0.111911 -9.810000 None [[0.0, 0.0, 0.0, 0.0, 0.0, 0.0], [0.0, 0.0, 0.0, 0.0, 0.0, 0.0]]
1718 1.7160 0.0010 2.516240 0.102101 -9.810000 None [[0.0, 0.0, 0.0, 0.0, 0.0, 0.0], [0.0, 0.0, 0.0, 0.0, 0.0, 0.0]]
1719 1.7170 0.0010 2.516332 0.092291 -9.810000 None [[0.0, 0.0, 0.0, 0.0, 0.0, 0.0], [0.0, 0.0, 0.0, 0.0, 0.0, 0.0]]
1720 1.7180 0.0010 2.516415 0.082481 -9.810000 None [[0.0, 0.0, 0.0, 0.0, 0.0, 0.0], [0.0, 0.0, 0.0, 0.0, 0.0, 0.0]]
1721 1.7190 0.0010 2.516487 0.072671 -9.810000 None [[0.0, 0.0, 0.0, 0.0, 0.0, 0.0], [0.0, 0.0, 0.0, 0.0, 0.0, 0.0]]
1722 1.7200 0.0010 2.516550 0.062861 -9.810000 None [[0.0, 0.0, 0.0, 0.0, 0.0, 0.0], [0.0, 0.0, 0.0, 0.0, 0.0, 0.0]]
1723 1.7210 0.0010 2.516603 0.053051 -9.810000 None [[0.0, 0.0, 0.0, 0.0, 0.0, 0.0], [0.0, 0.0, 0.0, 0.0, 0.0, 0.0]]
1724 1.7220 0.0010 2.516646 0.043241 -9.810000 None [[0.0, 0.0, 0.0, 0.0, 0.0, 0.0], [0.0, 0.0, 0.0, 0.0, 0.0, 0.0]]
1725 1.7230 0.0010 2.516680 0.033431 -9.810000 None [[0.0, 0.0, 0.0, 0.0, 0.0, 0.0], [0.0, 0.0, 0.0, 0.0, 0.0, 0.0]]
1726 1.7240 0.0010 2.516703 0.023621 -9.810000 None [[0.0, 0.0, 0.0, 0.0, 0.0, 0.0], [0.0, 0.0, 0.0, 0.0, 0.0, 0.0]]
1727 1.7250 0.0010 2.516717 0.013811 -9.810000 None [[0.0, 0.0, 0.0, 0.0, 0.0, 0.0], [0.0, 0.0, 0.0, 0.0, 0.0, 0.0]]
1728 1.7260 0.0010 2.516721 0.004001 -9.810000 None [[0.0, 0.0, 0.0, 0.0, 0.0, 0.0], [0.0, 0.0, 0.0, 0.0, 0.0, 0.0]]
1729 1.7270 0.0010 2.516715 -0.005809 -9.810000 None [[0.0, 0.0, 0.0, 0.0, 0.0, 0.0], [0.0, 0.0, 0.0, 0.0, 0.0, 0.0]]
1730 1.7280 0.0010 2.516700 -0.015619 -9.810000 None [[0.0, 0.0, 0.0, 0.0, 0.0, 0.0], [0.0, 0.0, 0.0, 0.0, 0.0, 0.0]]
1731 1.7290 0.0010 2.516674 -0.025429 -9.810000 None [[0.0, 0.0, 0.0, 0.0, 0.0, 0.0], [0.0, 0.0, 0.0, 0.0, 0.0, 0.0]]
1732 1.7300 0.0010 2.516639 -0.035239 -9.810000 None [[0.0, 0.0, 0.0, 0.0, 0.0, 0.0], [0.0, 0.0, 0.0, 0.0, 0.0, 0.0]]
1733 1.7310 0.0010 2.516594 -0.045049 -9.810000 None [[0.0, 0.0, 0.0, 0.0, 0.0, 0.0], [0.0, 0.0, 0.0, 0.0, 0.0, 0.0]]
1734 1.7320 0.0010 2.516539 -0.054859 -9.810000 None [[0.0, 0.0, 0.0, 0.0, 0.0, 0.0], [0.0, 0.0, 0.0, 0.0, 0.0, 0.0]]
1735 1.7330 0.0010 2.516475 -0.064669 -9.810000 None [[0.0, 0.0, 0.0, 0.0, 0.0, 0.0], [0.0, 0.0, 0.0, 0.0, 0.0, 0.0]]
1736 1.7340 0.0010 2.516400 -0.074479 -9.810000 None [[0.0, 0.0, 0.0, 0.0, 0.0, 0.0], [0.0, 0.0, 0.0, 0.0, 0.0, 0.0]]
1737 1.7350 0.0010 2.516316 -0.084289 -9.810000 None [[0.0, 0.0, 0.0, 0.0, 0.0, 0.0], [0.0, 0.0, 0.0, 0.0, 0.0, 0.0]]
1738 1.7360 0.0010 2.516222 -0.094099 -9.810000 None [[0.0, 0.0, 0.0, 0.0, 0.0, 0.0], [0.0, 0.0, 0.0, 0.0, 0.0, 0.0]]
1739 1.7370 0.0010 2.516118 -0.103909 -9.810000 None [[0.0, 0.0, 0.0, 0.0, 0.0, 0.0], [0.0, 0.0, 0.0, 0.0, 0.0, 0.0]]
1740 1.7380 0.0010 2.516004 -0.113719 -9.810000 None [[0.0, 0.0, 0.0, 0.0, 0.0, 0.0], [0.0, 0.0, 0.0, 0.0, 0.0, 0.0]]
1741 1.7390 0.0010 2.515881 -0.123529 -9.810000 None [[0.0, 0.0, 0.0, 0.0, 0.0, 0.0], [0.0, 0.0, 0.0, 0.0, 0.0, 0.0]]
1742 1.7400 0.0010 2.515747 -0.133339 -9.810000 None [[0.0, 0.0, 0.0, 0.0, 0.0, 0.0], [0.0, 0.0, 0.0, 0.0, 0.0, 0.0]]
1743 1.7410 0.0010 2.515604 -0.143149 -9.810000 None [[0.0, 0.0, 0.0, 0.0, 0.0, 0.0], [0.0, 0.0, 0.0, 0.0, 0.0, 0.0]]
1744 1.7420 0.0010 2.515451 -0.152959 -9.810000 None [[0.0, 0.0, 0.0, 0.0, 0.0, 0.0], [0.0, 0.0, 0.0, 0.0, 0.0, 0.0]]
1745 1.7430 0.0010 2.515288 -0.162769 -9.810000 None [[0.0, 0.0, 0.0, 0.0, 0.0, 0.0], [0.0, 0.0, 0.0, 0.0, 0.0, 0.0]]
1746 1.7440 0.0010 2.515116 -0.172579 -9.810000 None [[0.0, 0.0, 0.0, 0.0, 0.0, 0.0], [0.0, 0.0, 0.0, 0.0, 0.0, 0.0]]
1747 1.7450 0.0010 2.514933 -0.182389 -9.810000 None [[0.0, 0.0, 0.0, 0.0, 0.0, 0.0], [0.0, 0.0, 0.0, 0.0, 0.0, 0.0]]
1748 1.7460 0.0010 2.514741 -0.192199 -9.810000 None [[0.0, 0.0, 0.0, 0.0, 0.0, 0.0], [0.0, 0.0, 0.0, 0.0, 0.0, 0.0]]
1749 1.7470 0.0010 2.514539 -0.202009 -9.810000 None [[0.0, 0.0, 0.0, 0.0, 0.0, 0.0], [0.0, 0.0, 0.0, 0.0, 0.0, 0.0]]
1750 1.7480 0.0010 2.514327 -0.211819 -9.810000 None [[0.0, 0.0, 0.0, 0.0, 0.0, 0.0], [0.0, 0.0, 0.0, 0.0, 0.0, 0.0]]
1751 1.7490 0.0010 2.514106 -0.221629 -9.810000 None [[0.0, 0.0, 0.0, 0.0, 0.0, 0.0], [0.0, 0.0, 0.0, 0.0, 0.0, 0.0]]
1752 1.7500 0.0010 2.513874 -0.231439 -9.810000 None [[0.0, 0.0, 0.0, 0.0, 0.0, 0.0], [0.0, 0.0, 0.0, 0.0, 0.0, 0.0]]
1753 1.7510 0.0010 2.513633 -0.241249 -9.810000 None [[0.0, 0.0, 0.0, 0.0, 0.0, 0.0], [0.0, 0.0, 0.0, 0.0, 0.0, 0.0]]
1754 1.7520 0.0010 2.513382 -0.251059 -9.810000 None [[0.0, 0.0, 0.0, 0.0, 0.0, 0.0], [0.0, 0.0, 0.0, 0.0, 0.0, 0.0]]
1755 1.7530 0.0010 2.513121 -0.260869 -9.810000 None [[0.0, 0.0, 0.0, 0.0, 0.0, 0.0], [0.0, 0.0, 0.0, 0.0, 0.0, 0.0]]
1756 1.7540 0.0010 2.512850 -0.270679 -9.810000 None [[0.0, 0.0, 0.0, 0.0, 0.0, 0.0], [0.0, 0.0, 0.0, 0.0, 0.0, 0.0]]
1757 1.7550 0.0010 2.512570 -0.280489 -9.810000 None [[0.0, 0.0, 0.0, 0.0, 0.0, 0.0], [0.0, 0.0, 0.0, 0.0, 0.0, 0.0]]
1758 1.7560 0.0010 2.512280 -0.290299 -9.810000 None [[0.0, 0.0, 0.0, 0.0, 0.0, 0.0], [0.0, 0.0, 0.0, 0.0, 0.0, 0.0]]
1759 1.7570 0.0010 2.511979 -0.300109 -9.810000 None [[0.0, 0.0, 0.0, 0.0, 0.0, 0.0], [0.0, 0.0, 0.0, 0.0, 0.0, 0.0]]
1760 1.7580 0.0010 2.511670 -0.309919 -9.810000 None [[0.0, 0.0, 0.0, 0.0, 0.0, 0.0], [0.0, 0.0, 0.0, 0.0, 0.0, 0.0]]
1761 1.7590 0.0010 2.511350 -0.319729 -9.810000 None [[0.0, 0.0, 0.0, 0.0, 0.0, 0.0], [0.0, 0.0, 0.0, 0.0, 0.0, 0.0]]
1762 1.7600 0.0010 2.511020 -0.329539 -9.810000 None [[0.0, 0.0, 0.0, 0.0, 0.0, 0.0], [0.0, 0.0, 0.0, 0.0, 0.0, 0.0]]
1763 1.7610 0.0010 2.510681 -0.339349 -9.810000 None [[0.0, 0.0, 0.0, 0.0, 0.0, 0.0], [0.0, 0.0, 0.0, 0.0, 0.0, 0.0]]
1764 1.7620 0.0010 2.510332 -0.349159 -9.810000 None [[0.0, 0.0, 0.0, 0.0, 0.0, 0.0], [0.0, 0.0, 0.0, 0.0, 0.0, 0.0]]
1765 1.7630 0.0010 2.509973 -0.358969 -9.810000 None [[0.0, 0.0, 0.0, 0.0, 0.0, 0.0], [0.0, 0.0, 0.0, 0.0, 0.0, 0.0]]
1766 1.7640 0.0010 2.509604 -0.368779 -9.810000 None [[0.0, 0.0, 0.0, 0.0, 0.0, 0.0], [0.0, 0.0, 0.0, 0.0, 0.0, 0.0]]
1767 1.7650 0.0010 2.509225 -0.378589 -9.810000 None [[0.0, 0.0, 0.0, 0.0, 0.0, 0.0], [0.0, 0.0, 0.0, 0.0, 0.0, 0.0]]
1768 1.7660 0.0010 2.508837 -0.388399 -9.810000 None [[0.0, 0.0, 0.0, 0.0, 0.0, 0.0], [0.0, 0.0, 0.0, 0.0, 0.0, 0.0]]
1769 1.7670 0.0010 2.508439 -0.398209 -9.810000 None [[0.0, 0.0, 0.0, 0.0, 0.0, 0.0], [0.0, 0.0, 0.0, 0.0, 0.0, 0.0]]
1770 1.7680 0.0010 2.508031 -0.408019 -9.810000 None [[0.0, 0.0, 0.0, 0.0, 0.0, 0.0], [0.0, 0.0, 0.0, 0.0, 0.0, 0.0]]
1771 1.7690 0.0010 2.507613 -0.417829 -9.810000 None [[0.0, 0.0, 0.0, 0.0, 0.0, 0.0], [0.0, 0.0, 0.0, 0.0, 0.0, 0.0]]
1772 1.7700 0.0010 2.507185 -0.427639 -9.810000 None [[0.0, 0.0, 0.0, 0.0, 0.0, 0.0], [0.0, 0.0, 0.0, 0.0, 0.0, 0.0]]
1773 1.7710 0.0010 2.506748 -0.437449 -9.810000 None [[0.0, 0.0, 0.0, 0.0, 0.0, 0.0], [0.0, 0.0, 0.0, 0.0, 0.0, 0.0]]
1774 1.7720 0.0010 2.506301 -0.447259 -9.810000 None [[0.0, 0.0, 0.0, 0.0, 0.0, 0.0], [0.0, 0.0, 0.0, 0.0, 0.0, 0.0]]
1775 1.7730 0.0010 2.505844 -0.457069 -9.810000 None [[0.0, 0.0, 0.0, 0.0, 0.0, 0.0], [0.0, 0.0, 0.0, 0.0, 0.0, 0.0]]
1776 1.7740 0.0010 2.505377 -0.466879 -9.810000 None [[0.0, 0.0, 0.0, 0.0, 0.0, 0.0], [0.0, 0.0, 0.0, 0.0, 0.0, 0.0]]
1777 1.7750 0.0010 2.504900 -0.476689 -9.810000 None [[0.0, 0.0, 0.0, 0.0, 0.0, 0.0], [0.0, 0.0, 0.0, 0.0, 0.0, 0.0]]
1778 1.7760 0.0010 2.504414 -0.486499 -9.810000 None [[0.0, 0.0, 0.0, 0.0, 0.0, 0.0], [0.0, 0.0, 0.0, 0.0, 0.0, 0.0]]
1779 1.7770 0.0010 2.503917 -0.496309 -9.810000 None [[0.0, 0.0, 0.0, 0.0, 0.0, 0.0], [0.0, 0.0, 0.0, 0.0, 0.0, 0.0]]
1780 1.7780 0.0010 2.503411 -0.506119 -9.810000 None [[0.0, 0.0, 0.0, 0.0, 0.0, 0.0], [0.0, 0.0, 0.0, 0.0, 0.0, 0.0]]
1781 1.7790 0.0010 2.502895 -0.515929 -9.810000 None [[0.0, 0.0, 0.0, 0.0, 0.0, 0.0], [0.0, 0.0, 0.0, 0.0, 0.0, 0.0]]
1782 1.7800 0.0010 2.502369 -0.525739 -9.810000 None [[0.0, 0.0, 0.0, 0.0, 0.0, 0.0], [0.0, 0.0, 0.0, 0.0, 0.0, 0.0]]
1783 1.7810 0.0010 2.501834 -0.535549 -9.810000 None [[0.0, 0.0, 0.0, 0.0, 0.0, 0.0], [0.0, 0.0, 0.0, 0.0, 0.0, 0.0]]
1784 1.7820 0.0010 2.501289 -0.545359 -9.810000 None [[0.0, 0.0, 0.0, 0.0, 0.0, 0.0], [0.0, 0.0, 0.0, 0.0, 0.0, 0.0]]
1785 1.7830 0.0010 2.500733 -0.555169 -9.810000 None [[0.0, 0.0, 0.0, 0.0, 0.0, 0.0], [0.0, 0.0, 0.0, 0.0, 0.0, 0.0]]
1786 1.7840 0.0003 2.500168 -0.564979 3204.405031 [{'depth': 0.0003316465678535607, 'geomIdA': 0, 'geomIdB': 1, 'modifiedDepth': 0.0, 'nhat_AB_W': [-0.0, -0.0, 1.0], 'p_WC': [0.0, 0.0, 2.0003341767160734], 'p_WCa': [0.0, 0.0, 2.0005], 'p_WCb': [0.0, 0.0, 2.0001683534321466]}] [[0.0, 0.0, -3214.21503065258, 0.0, 0.0, 0.0], [0.0, 0.0, 3214.21503065258, 0.0, 0.0, 0.0]]
1787 1.7843 0.0007 2.500309 0.445819 -9.810000 None [[0.0, 0.0, 0.0, 0.0, 0.0, 0.0], [0.0, 0.0, 0.0, 0.0, 0.0, 0.0]]
1788 1.7850 0.0010 2.500610 0.439103 -9.810000 None [[0.0, 0.0, 0.0, 0.0, 0.0, 0.0], [0.0, 0.0, 0.0, 0.0, 0.0, 0.0]]
1789 1.7860 0.0010 2.501039 0.429293 -9.810000 None [[0.0, 0.0, 0.0, 0.0, 0.0, 0.0], [0.0, 0.0, 0.0, 0.0, 0.0, 0.0]]
1790 1.7870 0.0010 2.501458 0.419483 -9.810000 None [[0.0, 0.0, 0.0, 0.0, 0.0, 0.0], [0.0, 0.0, 0.0, 0.0, 0.0, 0.0]]
1791 1.7880 0.0010 2.501868 0.409673 -9.810000 None [[0.0, 0.0, 0.0, 0.0, 0.0, 0.0], [0.0, 0.0, 0.0, 0.0, 0.0, 0.0]]
1792 1.7890 0.0010 2.502268 0.399863 -9.810000 None [[0.0, 0.0, 0.0, 0.0, 0.0, 0.0], [0.0, 0.0, 0.0, 0.0, 0.0, 0.0]]
1793 1.7900 0.0010 2.502658 0.390053 -9.810000 None [[0.0, 0.0, 0.0, 0.0, 0.0, 0.0], [0.0, 0.0, 0.0, 0.0, 0.0, 0.0]]
1794 1.7910 0.0010 2.503038 0.380243 -9.810000 None [[0.0, 0.0, 0.0, 0.0, 0.0, 0.0], [0.0, 0.0, 0.0, 0.0, 0.0, 0.0]]
1795 1.7920 0.0010 2.503409 0.370433 -9.810000 None [[0.0, 0.0, 0.0, 0.0, 0.0, 0.0], [0.0, 0.0, 0.0, 0.0, 0.0, 0.0]]
1796 1.7930 0.0010 2.503769 0.360623 -9.810000 None [[0.0, 0.0, 0.0, 0.0, 0.0, 0.0], [0.0, 0.0, 0.0, 0.0, 0.0, 0.0]]
1797 1.7940 0.0010 2.504120 0.350813 -9.810000 None [[0.0, 0.0, 0.0, 0.0, 0.0, 0.0], [0.0, 0.0, 0.0, 0.0, 0.0, 0.0]]
1798 1.7950 0.0010 2.504461 0.341003 -9.810000 None [[0.0, 0.0, 0.0, 0.0, 0.0, 0.0], [0.0, 0.0, 0.0, 0.0, 0.0, 0.0]]
1799 1.7960 0.0010 2.504792 0.331193 -9.810000 None [[0.0, 0.0, 0.0, 0.0, 0.0, 0.0], [0.0, 0.0, 0.0, 0.0, 0.0, 0.0]]
1800 1.7970 0.0010 2.505114 0.321383 -9.810000 None [[0.0, 0.0, 0.0, 0.0, 0.0, 0.0], [0.0, 0.0, 0.0, 0.0, 0.0, 0.0]]
1801 1.7980 0.0010 2.505425 0.311573 -9.810000 None [[0.0, 0.0, 0.0, 0.0, 0.0, 0.0], [0.0, 0.0, 0.0, 0.0, 0.0, 0.0]]
1802 1.7990 0.0010 2.505727 0.301763 -9.810000 None [[0.0, 0.0, 0.0, 0.0, 0.0, 0.0], [0.0, 0.0, 0.0, 0.0, 0.0, 0.0]]
1803 1.8000 0.0010 2.506019 0.291953 -9.810000 None [[0.0, 0.0, 0.0, 0.0, 0.0, 0.0], [0.0, 0.0, 0.0, 0.0, 0.0, 0.0]]
1804 1.8010 0.0010 2.506301 0.282143 -9.810000 None [[0.0, 0.0, 0.0, 0.0, 0.0, 0.0], [0.0, 0.0, 0.0, 0.0, 0.0, 0.0]]
1805 1.8020 0.0010 2.506573 0.272333 -9.810000 None [[0.0, 0.0, 0.0, 0.0, 0.0, 0.0], [0.0, 0.0, 0.0, 0.0, 0.0, 0.0]]
1806 1.8030 0.0010 2.506836 0.262523 -9.810000 None [[0.0, 0.0, 0.0, 0.0, 0.0, 0.0], [0.0, 0.0, 0.0, 0.0, 0.0, 0.0]]
1807 1.8040 0.0010 2.507089 0.252713 -9.810000 None [[0.0, 0.0, 0.0, 0.0, 0.0, 0.0], [0.0, 0.0, 0.0, 0.0, 0.0, 0.0]]
1808 1.8050 0.0010 2.507332 0.242903 -9.810000 None [[0.0, 0.0, 0.0, 0.0, 0.0, 0.0], [0.0, 0.0, 0.0, 0.0, 0.0, 0.0]]
1809 1.8060 0.0010 2.507565 0.233093 -9.810000 None [[0.0, 0.0, 0.0, 0.0, 0.0, 0.0], [0.0, 0.0, 0.0, 0.0, 0.0, 0.0]]
1810 1.8070 0.0010 2.507788 0.223283 -9.810000 None [[0.0, 0.0, 0.0, 0.0, 0.0, 0.0], [0.0, 0.0, 0.0, 0.0, 0.0, 0.0]]
1811 1.8080 0.0010 2.508001 0.213473 -9.810000 None [[0.0, 0.0, 0.0, 0.0, 0.0, 0.0], [0.0, 0.0, 0.0, 0.0, 0.0, 0.0]]
1812 1.8090 0.0010 2.508205 0.203663 -9.810000 None [[0.0, 0.0, 0.0, 0.0, 0.0, 0.0], [0.0, 0.0, 0.0, 0.0, 0.0, 0.0]]
1813 1.8100 0.0010 2.508399 0.193853 -9.810000 None [[0.0, 0.0, 0.0, 0.0, 0.0, 0.0], [0.0, 0.0, 0.0, 0.0, 0.0, 0.0]]
1814 1.8110 0.0010 2.508583 0.184043 -9.810000 None [[0.0, 0.0, 0.0, 0.0, 0.0, 0.0], [0.0, 0.0, 0.0, 0.0, 0.0, 0.0]]
1815 1.8120 0.0010 2.508757 0.174233 -9.810000 None [[0.0, 0.0, 0.0, 0.0, 0.0, 0.0], [0.0, 0.0, 0.0, 0.0, 0.0, 0.0]]
1816 1.8130 0.0010 2.508922 0.164423 -9.810000 None [[0.0, 0.0, 0.0, 0.0, 0.0, 0.0], [0.0, 0.0, 0.0, 0.0, 0.0, 0.0]]
1817 1.8140 0.0010 2.509076 0.154613 -9.810000 None [[0.0, 0.0, 0.0, 0.0, 0.0, 0.0], [0.0, 0.0, 0.0, 0.0, 0.0, 0.0]]
1818 1.8150 0.0010 2.509221 0.144803 -9.810000 None [[0.0, 0.0, 0.0, 0.0, 0.0, 0.0], [0.0, 0.0, 0.0, 0.0, 0.0, 0.0]]
1819 1.8160 0.0010 2.509356 0.134993 -9.810000 None [[0.0, 0.0, 0.0, 0.0, 0.0, 0.0], [0.0, 0.0, 0.0, 0.0, 0.0, 0.0]]
1820 1.8170 0.0010 2.509481 0.125183 -9.810000 None [[0.0, 0.0, 0.0, 0.0, 0.0, 0.0], [0.0, 0.0, 0.0, 0.0, 0.0, 0.0]]
1821 1.8180 0.0010 2.509597 0.115373 -9.810000 None [[0.0, 0.0, 0.0, 0.0, 0.0, 0.0], [0.0, 0.0, 0.0, 0.0, 0.0, 0.0]]
1822 1.8190 0.0010 2.509702 0.105563 -9.810000 None [[0.0, 0.0, 0.0, 0.0, 0.0, 0.0], [0.0, 0.0, 0.0, 0.0, 0.0, 0.0]]
1823 1.8200 0.0010 2.509798 0.095753 -9.810000 None [[0.0, 0.0, 0.0, 0.0, 0.0, 0.0], [0.0, 0.0, 0.0, 0.0, 0.0, 0.0]]
1824 1.8210 0.0010 2.509884 0.085943 -9.810000 None [[0.0, 0.0, 0.0, 0.0, 0.0, 0.0], [0.0, 0.0, 0.0, 0.0, 0.0, 0.0]]
1825 1.8220 0.0010 2.509960 0.076133 -9.810000 None [[0.0, 0.0, 0.0, 0.0, 0.0, 0.0], [0.0, 0.0, 0.0, 0.0, 0.0, 0.0]]
1826 1.8230 0.0010 2.510026 0.066323 -9.810000 None [[0.0, 0.0, 0.0, 0.0, 0.0, 0.0], [0.0, 0.0, 0.0, 0.0, 0.0, 0.0]]
1827 1.8240 0.0010 2.510083 0.056513 -9.810000 None [[0.0, 0.0, 0.0, 0.0, 0.0, 0.0], [0.0, 0.0, 0.0, 0.0, 0.0, 0.0]]
1828 1.8250 0.0010 2.510130 0.046703 -9.810000 None [[0.0, 0.0, 0.0, 0.0, 0.0, 0.0], [0.0, 0.0, 0.0, 0.0, 0.0, 0.0]]
1829 1.8260 0.0010 2.510166 0.036893 -9.810000 None [[0.0, 0.0, 0.0, 0.0, 0.0, 0.0], [0.0, 0.0, 0.0, 0.0, 0.0, 0.0]]
1830 1.8270 0.0010 2.510193 0.027083 -9.810000 None [[0.0, 0.0, 0.0, 0.0, 0.0, 0.0], [0.0, 0.0, 0.0, 0.0, 0.0, 0.0]]
1831 1.8280 0.0010 2.510211 0.017273 -9.810000 None [[0.0, 0.0, 0.0, 0.0, 0.0, 0.0], [0.0, 0.0, 0.0, 0.0, 0.0, 0.0]]
1832 1.8290 0.0010 2.510218 0.007463 -9.810000 None [[0.0, 0.0, 0.0, 0.0, 0.0, 0.0], [0.0, 0.0, 0.0, 0.0, 0.0, 0.0]]
1833 1.8300 0.0010 2.510216 -0.002347 -9.810000 None [[0.0, 0.0, 0.0, 0.0, 0.0, 0.0], [0.0, 0.0, 0.0, 0.0, 0.0, 0.0]]
1834 1.8310 0.0010 2.510204 -0.012157 -9.810000 None [[0.0, 0.0, 0.0, 0.0, 0.0, 0.0], [0.0, 0.0, 0.0, 0.0, 0.0, 0.0]]
1835 1.8320 0.0010 2.510182 -0.021967 -9.810000 None [[0.0, 0.0, 0.0, 0.0, 0.0, 0.0], [0.0, 0.0, 0.0, 0.0, 0.0, 0.0]]
1836 1.8330 0.0010 2.510150 -0.031777 -9.810000 None [[0.0, 0.0, 0.0, 0.0, 0.0, 0.0], [0.0, 0.0, 0.0, 0.0, 0.0, 0.0]]
1837 1.8340 0.0010 2.510108 -0.041587 -9.810000 None [[0.0, 0.0, 0.0, 0.0, 0.0, 0.0], [0.0, 0.0, 0.0, 0.0, 0.0, 0.0]]
1838 1.8350 0.0010 2.510057 -0.051397 -9.810000 None [[0.0, 0.0, 0.0, 0.0, 0.0, 0.0], [0.0, 0.0, 0.0, 0.0, 0.0, 0.0]]
1839 1.8360 0.0010 2.509996 -0.061207 -9.810000 None [[0.0, 0.0, 0.0, 0.0, 0.0, 0.0], [0.0, 0.0, 0.0, 0.0, 0.0, 0.0]]
1840 1.8370 0.0010 2.509925 -0.071017 -9.810000 None [[0.0, 0.0, 0.0, 0.0, 0.0, 0.0], [0.0, 0.0, 0.0, 0.0, 0.0, 0.0]]
1841 1.8380 0.0010 2.509844 -0.080827 -9.810000 None [[0.0, 0.0, 0.0, 0.0, 0.0, 0.0], [0.0, 0.0, 0.0, 0.0, 0.0, 0.0]]
1842 1.8390 0.0010 2.509753 -0.090637 -9.810000 None [[0.0, 0.0, 0.0, 0.0, 0.0, 0.0], [0.0, 0.0, 0.0, 0.0, 0.0, 0.0]]
1843 1.8400 0.0010 2.509653 -0.100447 -9.810000 None [[0.0, 0.0, 0.0, 0.0, 0.0, 0.0], [0.0, 0.0, 0.0, 0.0, 0.0, 0.0]]
1844 1.8410 0.0010 2.509543 -0.110257 -9.810000 None [[0.0, 0.0, 0.0, 0.0, 0.0, 0.0], [0.0, 0.0, 0.0, 0.0, 0.0, 0.0]]
1845 1.8420 0.0010 2.509423 -0.120067 -9.810000 None [[0.0, 0.0, 0.0, 0.0, 0.0, 0.0], [0.0, 0.0, 0.0, 0.0, 0.0, 0.0]]
1846 1.8430 0.0010 2.509293 -0.129877 -9.810000 None [[0.0, 0.0, 0.0, 0.0, 0.0, 0.0], [0.0, 0.0, 0.0, 0.0, 0.0, 0.0]]
1847 1.8440 0.0010 2.509153 -0.139687 -9.810000 None [[0.0, 0.0, 0.0, 0.0, 0.0, 0.0], [0.0, 0.0, 0.0, 0.0, 0.0, 0.0]]
1848 1.8450 0.0010 2.509003 -0.149497 -9.810000 None [[0.0, 0.0, 0.0, 0.0, 0.0, 0.0], [0.0, 0.0, 0.0, 0.0, 0.0, 0.0]]
1849 1.8460 0.0010 2.508844 -0.159307 -9.810000 None [[0.0, 0.0, 0.0, 0.0, 0.0, 0.0], [0.0, 0.0, 0.0, 0.0, 0.0, 0.0]]
1850 1.8470 0.0010 2.508675 -0.169117 -9.810000 None [[0.0, 0.0, 0.0, 0.0, 0.0, 0.0], [0.0, 0.0, 0.0, 0.0, 0.0, 0.0]]
1851 1.8480 0.0010 2.508496 -0.178927 -9.810000 None [[0.0, 0.0, 0.0, 0.0, 0.0, 0.0], [0.0, 0.0, 0.0, 0.0, 0.0, 0.0]]
1852 1.8490 0.0010 2.508307 -0.188737 -9.810000 None [[0.0, 0.0, 0.0, 0.0, 0.0, 0.0], [0.0, 0.0, 0.0, 0.0, 0.0, 0.0]]
1853 1.8500 0.0010 2.508109 -0.198547 -9.810000 None [[0.0, 0.0, 0.0, 0.0, 0.0, 0.0], [0.0, 0.0, 0.0, 0.0, 0.0, 0.0]]
1854 1.8510 0.0010 2.507900 -0.208357 -9.810000 None [[0.0, 0.0, 0.0, 0.0, 0.0, 0.0], [0.0, 0.0, 0.0, 0.0, 0.0, 0.0]]
1855 1.8520 0.0010 2.507682 -0.218167 -9.810000 None [[0.0, 0.0, 0.0, 0.0, 0.0, 0.0], [0.0, 0.0, 0.0, 0.0, 0.0, 0.0]]
1856 1.8530 0.0010 2.507454 -0.227977 -9.810000 None [[0.0, 0.0, 0.0, 0.0, 0.0, 0.0], [0.0, 0.0, 0.0, 0.0, 0.0, 0.0]]
1857 1.8540 0.0010 2.507217 -0.237787 -9.810000 None [[0.0, 0.0, 0.0, 0.0, 0.0, 0.0], [0.0, 0.0, 0.0, 0.0, 0.0, 0.0]]
1858 1.8550 0.0010 2.506969 -0.247597 -9.810000 None [[0.0, 0.0, 0.0, 0.0, 0.0, 0.0], [0.0, 0.0, 0.0, 0.0, 0.0, 0.0]]
1859 1.8560 0.0010 2.506712 -0.257407 -9.810000 None [[0.0, 0.0, 0.0, 0.0, 0.0, 0.0], [0.0, 0.0, 0.0, 0.0, 0.0, 0.0]]
1860 1.8570 0.0010 2.506444 -0.267217 -9.810000 None [[0.0, 0.0, 0.0, 0.0, 0.0, 0.0], [0.0, 0.0, 0.0, 0.0, 0.0, 0.0]]
1861 1.8580 0.0010 2.506167 -0.277027 -9.810000 None [[0.0, 0.0, 0.0, 0.0, 0.0, 0.0], [0.0, 0.0, 0.0, 0.0, 0.0, 0.0]]
1862 1.8590 0.0010 2.505880 -0.286837 -9.810000 None [[0.0, 0.0, 0.0, 0.0, 0.0, 0.0], [0.0, 0.0, 0.0, 0.0, 0.0, 0.0]]
1863 1.8600 0.0010 2.505584 -0.296647 -9.810000 None [[0.0, 0.0, 0.0, 0.0, 0.0, 0.0], [0.0, 0.0, 0.0, 0.0, 0.0, 0.0]]
1864 1.8610 0.0010 2.505277 -0.306457 -9.810000 None [[0.0, 0.0, 0.0, 0.0, 0.0, 0.0], [0.0, 0.0, 0.0, 0.0, 0.0, 0.0]]
1865 1.8620 0.0010 2.504961 -0.316267 -9.810000 None [[0.0, 0.0, 0.0, 0.0, 0.0, 0.0], [0.0, 0.0, 0.0, 0.0, 0.0, 0.0]]
1866 1.8630 0.0010 2.504635 -0.326077 -9.810000 None [[0.0, 0.0, 0.0, 0.0, 0.0, 0.0], [0.0, 0.0, 0.0, 0.0, 0.0, 0.0]]
1867 1.8640 0.0010 2.504299 -0.335887 -9.810000 None [[0.0, 0.0, 0.0, 0.0, 0.0, 0.0], [0.0, 0.0, 0.0, 0.0, 0.0, 0.0]]
1868 1.8650 0.0010 2.503953 -0.345697 -9.810000 None [[0.0, 0.0, 0.0, 0.0, 0.0, 0.0], [0.0, 0.0, 0.0, 0.0, 0.0, 0.0]]
1869 1.8660 0.0010 2.503598 -0.355507 -9.810000 None [[0.0, 0.0, 0.0, 0.0, 0.0, 0.0], [0.0, 0.0, 0.0, 0.0, 0.0, 0.0]]
1870 1.8670 0.0010 2.503233 -0.365317 -9.810000 None [[0.0, 0.0, 0.0, 0.0, 0.0, 0.0], [0.0, 0.0, 0.0, 0.0, 0.0, 0.0]]
1871 1.8680 0.0010 2.502857 -0.375127 -9.810000 None [[0.0, 0.0, 0.0, 0.0, 0.0, 0.0], [0.0, 0.0, 0.0, 0.0, 0.0, 0.0]]
1872 1.8690 0.0010 2.502473 -0.384937 -9.810000 None [[0.0, 0.0, 0.0, 0.0, 0.0, 0.0], [0.0, 0.0, 0.0, 0.0, 0.0, 0.0]]
1873 1.8700 0.0010 2.502078 -0.394747 -9.810000 None [[0.0, 0.0, 0.0, 0.0, 0.0, 0.0], [0.0, 0.0, 0.0, 0.0, 0.0, 0.0]]
1874 1.8710 0.0010 2.501673 -0.404557 -9.810000 None [[0.0, 0.0, 0.0, 0.0, 0.0, 0.0], [0.0, 0.0, 0.0, 0.0, 0.0, 0.0]]
1875 1.8720 0.0010 2.501259 -0.414367 -9.810000 None [[0.0, 0.0, 0.0, 0.0, 0.0, 0.0], [0.0, 0.0, 0.0, 0.0, 0.0, 0.0]]
1876 1.8730 0.0010 2.500835 -0.424177 -9.810000 None [[0.0, 0.0, 0.0, 0.0, 0.0, 0.0], [0.0, 0.0, 0.0, 0.0, 0.0, 0.0]]
1877 1.8740 0.0003 2.500401 -0.433987 2460.329207 [{'depth': 9.927185959979212e-05, 'geomIdA': 0, 'geomIdB': 1, 'modifiedDepth': 0.0, 'nhat_AB_W': [-0.0, -0.0, 1.0], 'p_WC': [0.0, 0.0, 2.0004503640702005], 'p_WCa': [0.0, 0.0, 2.0005], 'p_WCb': [0.0, 0.0, 2.0004007281404004]}] [[0.0, 0.0, -2470.139207154939, 0.0, 0.0, 0.0], [0.0, 0.0, 2470.139207154939, 0.0, 0.0, 0.0]]
1878 1.8743 0.0007 2.500509 0.342393 -9.810000 None [[0.0, 0.0, 0.0, 0.0, 0.0, 0.0], [0.0, 0.0, 0.0, 0.0, 0.0, 0.0]]
1879 1.8750 0.0010 2.500739 0.335678 -9.810000 None [[0.0, 0.0, 0.0, 0.0, 0.0, 0.0], [0.0, 0.0, 0.0, 0.0, 0.0, 0.0]]
1880 1.8760 0.0010 2.501064 0.325868 -9.810000 None [[0.0, 0.0, 0.0, 0.0, 0.0, 0.0], [0.0, 0.0, 0.0, 0.0, 0.0, 0.0]]
1881 1.8770 0.0010 2.501380 0.316058 -9.810000 None [[0.0, 0.0, 0.0, 0.0, 0.0, 0.0], [0.0, 0.0, 0.0, 0.0, 0.0, 0.0]]
1882 1.8780 0.0010 2.501687 0.306248 -9.810000 None [[0.0, 0.0, 0.0, 0.0, 0.0, 0.0], [0.0, 0.0, 0.0, 0.0, 0.0, 0.0]]
1883 1.8790 0.0010 2.501983 0.296438 -9.810000 None [[0.0, 0.0, 0.0, 0.0, 0.0, 0.0], [0.0, 0.0, 0.0, 0.0, 0.0, 0.0]]
1884 1.8800 0.0010 2.502270 0.286628 -9.810000 None [[0.0, 0.0, 0.0, 0.0, 0.0, 0.0], [0.0, 0.0, 0.0, 0.0, 0.0, 0.0]]
1885 1.8810 0.0010 2.502547 0.276818 -9.810000 None [[0.0, 0.0, 0.0, 0.0, 0.0, 0.0], [0.0, 0.0, 0.0, 0.0, 0.0, 0.0]]
1886 1.8820 0.0010 2.502814 0.267008 -9.810000 None [[0.0, 0.0, 0.0, 0.0, 0.0, 0.0], [0.0, 0.0, 0.0, 0.0, 0.0, 0.0]]
1887 1.8830 0.0010 2.503071 0.257198 -9.810000 None [[0.0, 0.0, 0.0, 0.0, 0.0, 0.0], [0.0, 0.0, 0.0, 0.0, 0.0, 0.0]]
1888 1.8840 0.0010 2.503318 0.247388 -9.810000 None [[0.0, 0.0, 0.0, 0.0, 0.0, 0.0], [0.0, 0.0, 0.0, 0.0, 0.0, 0.0]]
1889 1.8850 0.0010 2.503556 0.237578 -9.810000 None [[0.0, 0.0, 0.0, 0.0, 0.0, 0.0], [0.0, 0.0, 0.0, 0.0, 0.0, 0.0]]
1890 1.8860 0.0010 2.503784 0.227768 -9.810000 None [[0.0, 0.0, 0.0, 0.0, 0.0, 0.0], [0.0, 0.0, 0.0, 0.0, 0.0, 0.0]]
1891 1.8870 0.0010 2.504001 0.217958 -9.810000 None [[0.0, 0.0, 0.0, 0.0, 0.0, 0.0], [0.0, 0.0, 0.0, 0.0, 0.0, 0.0]]
1892 1.8880 0.0010 2.504210 0.208148 -9.810000 None [[0.0, 0.0, 0.0, 0.0, 0.0, 0.0], [0.0, 0.0, 0.0, 0.0, 0.0, 0.0]]
1893 1.8890 0.0010 2.504408 0.198338 -9.810000 None [[0.0, 0.0, 0.0, 0.0, 0.0, 0.0], [0.0, 0.0, 0.0, 0.0, 0.0, 0.0]]
1894 1.8900 0.0010 2.504597 0.188528 -9.810000 None [[0.0, 0.0, 0.0, 0.0, 0.0, 0.0], [0.0, 0.0, 0.0, 0.0, 0.0, 0.0]]
1895 1.8910 0.0010 2.504775 0.178718 -9.810000 None [[0.0, 0.0, 0.0, 0.0, 0.0, 0.0], [0.0, 0.0, 0.0, 0.0, 0.0, 0.0]]
1896 1.8920 0.0010 2.504944 0.168908 -9.810000 None [[0.0, 0.0, 0.0, 0.0, 0.0, 0.0], [0.0, 0.0, 0.0, 0.0, 0.0, 0.0]]
1897 1.8930 0.0010 2.505103 0.159098 -9.810000 None [[0.0, 0.0, 0.0, 0.0, 0.0, 0.0], [0.0, 0.0, 0.0, 0.0, 0.0, 0.0]]
1898 1.8940 0.0010 2.505253 0.149288 -9.810000 None [[0.0, 0.0, 0.0, 0.0, 0.0, 0.0], [0.0, 0.0, 0.0, 0.0, 0.0, 0.0]]
1899 1.8950 0.0010 2.505392 0.139478 -9.810000 None [[0.0, 0.0, 0.0, 0.0, 0.0, 0.0], [0.0, 0.0, 0.0, 0.0, 0.0, 0.0]]
1900 1.8960 0.0010 2.505522 0.129668 -9.810000 None [[0.0, 0.0, 0.0, 0.0, 0.0, 0.0], [0.0, 0.0, 0.0, 0.0, 0.0, 0.0]]
1901 1.8970 0.0010 2.505642 0.119858 -9.810000 None [[0.0, 0.0, 0.0, 0.0, 0.0, 0.0], [0.0, 0.0, 0.0, 0.0, 0.0, 0.0]]
1902 1.8980 0.0010 2.505752 0.110048 -9.810000 None [[0.0, 0.0, 0.0, 0.0, 0.0, 0.0], [0.0, 0.0, 0.0, 0.0, 0.0, 0.0]]
1903 1.8990 0.0010 2.505852 0.100238 -9.810000 None [[0.0, 0.0, 0.0, 0.0, 0.0, 0.0], [0.0, 0.0, 0.0, 0.0, 0.0, 0.0]]
1904 1.9000 0.0010 2.505942 0.090428 -9.810000 None [[0.0, 0.0, 0.0, 0.0, 0.0, 0.0], [0.0, 0.0, 0.0, 0.0, 0.0, 0.0]]
1905 1.9010 0.0010 2.506023 0.080618 -9.810000 None [[0.0, 0.0, 0.0, 0.0, 0.0, 0.0], [0.0, 0.0, 0.0, 0.0, 0.0, 0.0]]
1906 1.9020 0.0010 2.506094 0.070808 -9.810000 None [[0.0, 0.0, 0.0, 0.0, 0.0, 0.0], [0.0, 0.0, 0.0, 0.0, 0.0, 0.0]]
1907 1.9030 0.0010 2.506155 0.060998 -9.810000 None [[0.0, 0.0, 0.0, 0.0, 0.0, 0.0], [0.0, 0.0, 0.0, 0.0, 0.0, 0.0]]
1908 1.9040 0.0010 2.506206 0.051188 -9.810000 None [[0.0, 0.0, 0.0, 0.0, 0.0, 0.0], [0.0, 0.0, 0.0, 0.0, 0.0, 0.0]]
1909 1.9050 0.0010 2.506247 0.041378 -9.810000 None [[0.0, 0.0, 0.0, 0.0, 0.0, 0.0], [0.0, 0.0, 0.0, 0.0, 0.0, 0.0]]
1910 1.9060 0.0010 2.506279 0.031568 -9.810000 None [[0.0, 0.0, 0.0, 0.0, 0.0, 0.0], [0.0, 0.0, 0.0, 0.0, 0.0, 0.0]]
1911 1.9070 0.0010 2.506301 0.021758 -9.810000 None [[0.0, 0.0, 0.0, 0.0, 0.0, 0.0], [0.0, 0.0, 0.0, 0.0, 0.0, 0.0]]
1912 1.9080 0.0010 2.506313 0.011948 -9.810000 None [[0.0, 0.0, 0.0, 0.0, 0.0, 0.0], [0.0, 0.0, 0.0, 0.0, 0.0, 0.0]]
1913 1.9090 0.0010 2.506315 0.002138 -9.810000 None [[0.0, 0.0, 0.0, 0.0, 0.0, 0.0], [0.0, 0.0, 0.0, 0.0, 0.0, 0.0]]
1914 1.9100 0.0010 2.506307 -0.007672 -9.810000 None [[0.0, 0.0, 0.0, 0.0, 0.0, 0.0], [0.0, 0.0, 0.0, 0.0, 0.0, 0.0]]
1915 1.9110 0.0010 2.506289 -0.017482 -9.810000 None [[0.0, 0.0, 0.0, 0.0, 0.0, 0.0], [0.0, 0.0, 0.0, 0.0, 0.0, 0.0]]
1916 1.9120 0.0010 2.506262 -0.027292 -9.810000 None [[0.0, 0.0, 0.0, 0.0, 0.0, 0.0], [0.0, 0.0, 0.0, 0.0, 0.0, 0.0]]
1917 1.9130 0.0010 2.506225 -0.037102 -9.810000 None [[0.0, 0.0, 0.0, 0.0, 0.0, 0.0], [0.0, 0.0, 0.0, 0.0, 0.0, 0.0]]
1918 1.9140 0.0010 2.506178 -0.046912 -9.810000 None [[0.0, 0.0, 0.0, 0.0, 0.0, 0.0], [0.0, 0.0, 0.0, 0.0, 0.0, 0.0]]
1919 1.9150 0.0010 2.506121 -0.056722 -9.810000 None [[0.0, 0.0, 0.0, 0.0, 0.0, 0.0], [0.0, 0.0, 0.0, 0.0, 0.0, 0.0]]
1920 1.9160 0.0010 2.506055 -0.066532 -9.810000 None [[0.0, 0.0, 0.0, 0.0, 0.0, 0.0], [0.0, 0.0, 0.0, 0.0, 0.0, 0.0]]
1921 1.9170 0.0010 2.505979 -0.076342 -9.810000 None [[0.0, 0.0, 0.0, 0.0, 0.0, 0.0], [0.0, 0.0, 0.0, 0.0, 0.0, 0.0]]
1922 1.9180 0.0010 2.505892 -0.086152 -9.810000 None [[0.0, 0.0, 0.0, 0.0, 0.0, 0.0], [0.0, 0.0, 0.0, 0.0, 0.0, 0.0]]
1923 1.9190 0.0010 2.505796 -0.095962 -9.810000 None [[0.0, 0.0, 0.0, 0.0, 0.0, 0.0], [0.0, 0.0, 0.0, 0.0, 0.0, 0.0]]
1924 1.9200 0.0010 2.505691 -0.105772 -9.810000 None [[0.0, 0.0, 0.0, 0.0, 0.0, 0.0], [0.0, 0.0, 0.0, 0.0, 0.0, 0.0]]
1925 1.9210 0.0010 2.505575 -0.115582 -9.810000 None [[0.0, 0.0, 0.0, 0.0, 0.0, 0.0], [0.0, 0.0, 0.0, 0.0, 0.0, 0.0]]
1926 1.9220 0.0010 2.505450 -0.125392 -9.810000 None [[0.0, 0.0, 0.0, 0.0, 0.0, 0.0], [0.0, 0.0, 0.0, 0.0, 0.0, 0.0]]
1927 1.9230 0.0010 2.505315 -0.135202 -9.810000 None [[0.0, 0.0, 0.0, 0.0, 0.0, 0.0], [0.0, 0.0, 0.0, 0.0, 0.0, 0.0]]
1928 1.9240 0.0010 2.505170 -0.145012 -9.810000 None [[0.0, 0.0, 0.0, 0.0, 0.0, 0.0], [0.0, 0.0, 0.0, 0.0, 0.0, 0.0]]
1929 1.9250 0.0010 2.505015 -0.154822 -9.810000 None [[0.0, 0.0, 0.0, 0.0, 0.0, 0.0], [0.0, 0.0, 0.0, 0.0, 0.0, 0.0]]
1930 1.9260 0.0010 2.504850 -0.164632 -9.810000 None [[0.0, 0.0, 0.0, 0.0, 0.0, 0.0], [0.0, 0.0, 0.0, 0.0, 0.0, 0.0]]
1931 1.9270 0.0010 2.504676 -0.174442 -9.810000 None [[0.0, 0.0, 0.0, 0.0, 0.0, 0.0], [0.0, 0.0, 0.0, 0.0, 0.0, 0.0]]
1932 1.9280 0.0010 2.504491 -0.184252 -9.810000 None [[0.0, 0.0, 0.0, 0.0, 0.0, 0.0], [0.0, 0.0, 0.0, 0.0, 0.0, 0.0]]
1933 1.9290 0.0010 2.504297 -0.194062 -9.810000 None [[0.0, 0.0, 0.0, 0.0, 0.0, 0.0], [0.0, 0.0, 0.0, 0.0, 0.0, 0.0]]
1934 1.9300 0.0010 2.504093 -0.203872 -9.810000 None [[0.0, 0.0, 0.0, 0.0, 0.0, 0.0], [0.0, 0.0, 0.0, 0.0, 0.0, 0.0]]
1935 1.9310 0.0010 2.503880 -0.213682 -9.810000 None [[0.0, 0.0, 0.0, 0.0, 0.0, 0.0], [0.0, 0.0, 0.0, 0.0, 0.0, 0.0]]
1936 1.9320 0.0010 2.503656 -0.223492 -9.810000 None [[0.0, 0.0, 0.0, 0.0, 0.0, 0.0], [0.0, 0.0, 0.0, 0.0, 0.0, 0.0]]
1937 1.9330 0.0010 2.503423 -0.233302 -9.810000 None [[0.0, 0.0, 0.0, 0.0, 0.0, 0.0], [0.0, 0.0, 0.0, 0.0, 0.0, 0.0]]
1938 1.9340 0.0010 2.503180 -0.243112 -9.810000 None [[0.0, 0.0, 0.0, 0.0, 0.0, 0.0], [0.0, 0.0, 0.0, 0.0, 0.0, 0.0]]
1939 1.9350 0.0010 2.502927 -0.252922 -9.810000 None [[0.0, 0.0, 0.0, 0.0, 0.0, 0.0], [0.0, 0.0, 0.0, 0.0, 0.0, 0.0]]
1940 1.9360 0.0010 2.502664 -0.262732 -9.810000 None [[0.0, 0.0, 0.0, 0.0, 0.0, 0.0], [0.0, 0.0, 0.0, 0.0, 0.0, 0.0]]
1941 1.9370 0.0010 2.502392 -0.272542 -9.810000 None [[0.0, 0.0, 0.0, 0.0, 0.0, 0.0], [0.0, 0.0, 0.0, 0.0, 0.0, 0.0]]
1942 1.9380 0.0010 2.502109 -0.282352 -9.810000 None [[0.0, 0.0, 0.0, 0.0, 0.0, 0.0], [0.0, 0.0, 0.0, 0.0, 0.0, 0.0]]
1943 1.9390 0.0010 2.501817 -0.292162 -9.810000 None [[0.0, 0.0, 0.0, 0.0, 0.0, 0.0], [0.0, 0.0, 0.0, 0.0, 0.0, 0.0]]
1944 1.9400 0.0010 2.501515 -0.301972 -9.810000 None [[0.0, 0.0, 0.0, 0.0, 0.0, 0.0], [0.0, 0.0, 0.0, 0.0, 0.0, 0.0]]
1945 1.9410 0.0010 2.501203 -0.311782 -9.810000 None [[0.0, 0.0, 0.0, 0.0, 0.0, 0.0], [0.0, 0.0, 0.0, 0.0, 0.0, 0.0]]
1946 1.9420 0.0010 2.500882 -0.321592 -9.810000 None [[0.0, 0.0, 0.0, 0.0, 0.0, 0.0], [0.0, 0.0, 0.0, 0.0, 0.0, 0.0]]
1947 1.9430 0.0010 2.500550 -0.331402 -9.810000 None [[0.0, 0.0, 0.0, 0.0, 0.0, 0.0], [0.0, 0.0, 0.0, 0.0, 0.0, 0.0]]
1948 1.9440 0.0003 2.500209 -0.341212 1933.341969 [{'depth': 0.0002908186799110979, 'geomIdA': 0, 'geomIdB': 1, 'modifiedDepth': 0.0, 'nhat_AB_W': [-0.0, -0.0, 1.0], 'p_WC': [0.0, 0.0, 2.0003545906600446], 'p_WCa': [0.0, 0.0, 2.0005], 'p_WCb': [0.0, 0.0, 2.000209181320089]}] [[0.0, 0.0, -1943.1519692222435, 0.0, 0.0, 0.0], [0.0, 0.0, 1943.1519692222435, 0.0, 0.0, 0.0]]
1949 1.9443 0.0007 2.500294 0.269142 -9.810000 None [[0.0, 0.0, 0.0, 0.0, 0.0, 0.0], [0.0, 0.0, 0.0, 0.0, 0.0, 0.0]]
1950 1.9450 0.0010 2.500474 0.262429 -9.810000 None [[0.0, 0.0, 0.0, 0.0, 0.0, 0.0], [0.0, 0.0, 0.0, 0.0, 0.0, 0.0]]
1951 1.9460 0.0010 2.500726 0.252619 -9.810000 None [[0.0, 0.0, 0.0, 0.0, 0.0, 0.0], [0.0, 0.0, 0.0, 0.0, 0.0, 0.0]]
1952 1.9470 0.0010 2.500969 0.242809 -9.810000 None [[0.0, 0.0, 0.0, 0.0, 0.0, 0.0], [0.0, 0.0, 0.0, 0.0, 0.0, 0.0]]
1953 1.9480 0.0010 2.501202 0.232999 -9.810000 None [[0.0, 0.0, 0.0, 0.0, 0.0, 0.0], [0.0, 0.0, 0.0, 0.0, 0.0, 0.0]]
1954 1.9490 0.0010 2.501425 0.223189 -9.810000 None [[0.0, 0.0, 0.0, 0.0, 0.0, 0.0], [0.0, 0.0, 0.0, 0.0, 0.0, 0.0]]
1955 1.9500 0.0010 2.501639 0.213379 -9.810000 None [[0.0, 0.0, 0.0, 0.0, 0.0, 0.0], [0.0, 0.0, 0.0, 0.0, 0.0, 0.0]]
1956 1.9510 0.0010 2.501842 0.203569 -9.810000 None [[0.0, 0.0, 0.0, 0.0, 0.0, 0.0], [0.0, 0.0, 0.0, 0.0, 0.0, 0.0]]
1957 1.9520 0.0010 2.502036 0.193759 -9.810000 None [[0.0, 0.0, 0.0, 0.0, 0.0, 0.0], [0.0, 0.0, 0.0, 0.0, 0.0, 0.0]]
1958 1.9530 0.0010 2.502220 0.183949 -9.810000 None [[0.0, 0.0, 0.0, 0.0, 0.0, 0.0], [0.0, 0.0, 0.0, 0.0, 0.0, 0.0]]
1959 1.9540 0.0010 2.502394 0.174139 -9.810000 None [[0.0, 0.0, 0.0, 0.0, 0.0, 0.0], [0.0, 0.0, 0.0, 0.0, 0.0, 0.0]]
1960 1.9550 0.0010 2.502558 0.164329 -9.810000 None [[0.0, 0.0, 0.0, 0.0, 0.0, 0.0], [0.0, 0.0, 0.0, 0.0, 0.0, 0.0]]
1961 1.9560 0.0010 2.502713 0.154519 -9.810000 None [[0.0, 0.0, 0.0, 0.0, 0.0, 0.0], [0.0, 0.0, 0.0, 0.0, 0.0, 0.0]]
1962 1.9570 0.0010 2.502858 0.144709 -9.810000 None [[0.0, 0.0, 0.0, 0.0, 0.0, 0.0], [0.0, 0.0, 0.0, 0.0, 0.0, 0.0]]
1963 1.9580 0.0010 2.502993 0.134899 -9.810000 None [[0.0, 0.0, 0.0, 0.0, 0.0, 0.0], [0.0, 0.0, 0.0, 0.0, 0.0, 0.0]]
1964 1.9590 0.0010 2.503118 0.125089 -9.810000 None [[0.0, 0.0, 0.0, 0.0, 0.0, 0.0], [0.0, 0.0, 0.0, 0.0, 0.0, 0.0]]
1965 1.9600 0.0010 2.503233 0.115279 -9.810000 None [[0.0, 0.0, 0.0, 0.0, 0.0, 0.0], [0.0, 0.0, 0.0, 0.0, 0.0, 0.0]]
1966 1.9610 0.0010 2.503338 0.105469 -9.810000 None [[0.0, 0.0, 0.0, 0.0, 0.0, 0.0], [0.0, 0.0, 0.0, 0.0, 0.0, 0.0]]
1967 1.9620 0.0010 2.503434 0.095659 -9.810000 None [[0.0, 0.0, 0.0, 0.0, 0.0, 0.0], [0.0, 0.0, 0.0, 0.0, 0.0, 0.0]]
1968 1.9630 0.0010 2.503520 0.085849 -9.810000 None [[0.0, 0.0, 0.0, 0.0, 0.0, 0.0], [0.0, 0.0, 0.0, 0.0, 0.0, 0.0]]
1969 1.9640 0.0010 2.503596 0.076039 -9.810000 None [[0.0, 0.0, 0.0, 0.0, 0.0, 0.0], [0.0, 0.0, 0.0, 0.0, 0.0, 0.0]]
1970 1.9650 0.0010 2.503662 0.066229 -9.810000 None [[0.0, 0.0, 0.0, 0.0, 0.0, 0.0], [0.0, 0.0, 0.0, 0.0, 0.0, 0.0]]
1971 1.9660 0.0010 2.503719 0.056419 -9.810000 None [[0.0, 0.0, 0.0, 0.0, 0.0, 0.0], [0.0, 0.0, 0.0, 0.0, 0.0, 0.0]]
1972 1.9670 0.0010 2.503765 0.046609 -9.810000 None [[0.0, 0.0, 0.0, 0.0, 0.0, 0.0], [0.0, 0.0, 0.0, 0.0, 0.0, 0.0]]
1973 1.9680 0.0010 2.503802 0.036799 -9.810000 None [[0.0, 0.0, 0.0, 0.0, 0.0, 0.0], [0.0, 0.0, 0.0, 0.0, 0.0, 0.0]]
1974 1.9690 0.0010 2.503829 0.026989 -9.810000 None [[0.0, 0.0, 0.0, 0.0, 0.0, 0.0], [0.0, 0.0, 0.0, 0.0, 0.0, 0.0]]
1975 1.9700 0.0010 2.503846 0.017179 -9.810000 None [[0.0, 0.0, 0.0, 0.0, 0.0, 0.0], [0.0, 0.0, 0.0, 0.0, 0.0, 0.0]]
1976 1.9710 0.0010 2.503854 0.007369 -9.810000 None [[0.0, 0.0, 0.0, 0.0, 0.0, 0.0], [0.0, 0.0, 0.0, 0.0, 0.0, 0.0]]
1977 1.9720 0.0010 2.503851 -0.002441 -9.810000 None [[0.0, 0.0, 0.0, 0.0, 0.0, 0.0], [0.0, 0.0, 0.0, 0.0, 0.0, 0.0]]
1978 1.9730 0.0010 2.503839 -0.012251 -9.810000 None [[0.0, 0.0, 0.0, 0.0, 0.0, 0.0], [0.0, 0.0, 0.0, 0.0, 0.0, 0.0]]
1979 1.9740 0.0010 2.503817 -0.022061 -9.810000 None [[0.0, 0.0, 0.0, 0.0, 0.0, 0.0], [0.0, 0.0, 0.0, 0.0, 0.0, 0.0]]
1980 1.9750 0.0010 2.503785 -0.031871 -9.810000 None [[0.0, 0.0, 0.0, 0.0, 0.0, 0.0], [0.0, 0.0, 0.0, 0.0, 0.0, 0.0]]
1981 1.9760 0.0010 2.503743 -0.041681 -9.810000 None [[0.0, 0.0, 0.0, 0.0, 0.0, 0.0], [0.0, 0.0, 0.0, 0.0, 0.0, 0.0]]
1982 1.9770 0.0010 2.503692 -0.051491 -9.810000 None [[0.0, 0.0, 0.0, 0.0, 0.0, 0.0], [0.0, 0.0, 0.0, 0.0, 0.0, 0.0]]
1983 1.9780 0.0010 2.503630 -0.061301 -9.810000 None [[0.0, 0.0, 0.0, 0.0, 0.0, 0.0], [0.0, 0.0, 0.0, 0.0, 0.0, 0.0]]
1984 1.9790 0.0010 2.503559 -0.071111 -9.810000 None [[0.0, 0.0, 0.0, 0.0, 0.0, 0.0], [0.0, 0.0, 0.0, 0.0, 0.0, 0.0]]
1985 1.9800 0.0010 2.503478 -0.080921 -9.810000 None [[0.0, 0.0, 0.0, 0.0, 0.0, 0.0], [0.0, 0.0, 0.0, 0.0, 0.0, 0.0]]
1986 1.9810 0.0010 2.503388 -0.090731 -9.810000 None [[0.0, 0.0, 0.0, 0.0, 0.0, 0.0], [0.0, 0.0, 0.0, 0.0, 0.0, 0.0]]
1987 1.9820 0.0010 2.503287 -0.100541 -9.810000 None [[0.0, 0.0, 0.0, 0.0, 0.0, 0.0], [0.0, 0.0, 0.0, 0.0, 0.0, 0.0]]
1988 1.9830 0.0010 2.503177 -0.110351 -9.810000 None [[0.0, 0.0, 0.0, 0.0, 0.0, 0.0], [0.0, 0.0, 0.0, 0.0, 0.0, 0.0]]
1989 1.9840 0.0010 2.503057 -0.120161 -9.810000 None [[0.0, 0.0, 0.0, 0.0, 0.0, 0.0], [0.0, 0.0, 0.0, 0.0, 0.0, 0.0]]
1990 1.9850 0.0010 2.502927 -0.129971 -9.810000 None [[0.0, 0.0, 0.0, 0.0, 0.0, 0.0], [0.0, 0.0, 0.0, 0.0, 0.0, 0.0]]
1991 1.9860 0.0010 2.502787 -0.139781 -9.810000 None [[0.0, 0.0, 0.0, 0.0, 0.0, 0.0], [0.0, 0.0, 0.0, 0.0, 0.0, 0.0]]
1992 1.9870 0.0010 2.502637 -0.149591 -9.810000 None [[0.0, 0.0, 0.0, 0.0, 0.0, 0.0], [0.0, 0.0, 0.0, 0.0, 0.0, 0.0]]
1993 1.9880 0.0010 2.502478 -0.159401 -9.810000 None [[0.0, 0.0, 0.0, 0.0, 0.0, 0.0], [0.0, 0.0, 0.0, 0.0, 0.0, 0.0]]
1994 1.9890 0.0010 2.502309 -0.169211 -9.810000 None [[0.0, 0.0, 0.0, 0.0, 0.0, 0.0], [0.0, 0.0, 0.0, 0.0, 0.0, 0.0]]
1995 1.9900 0.0010 2.502130 -0.179021 -9.810000 None [[0.0, 0.0, 0.0, 0.0, 0.0, 0.0], [0.0, 0.0, 0.0, 0.0, 0.0, 0.0]]
1996 1.9910 0.0010 2.501941 -0.188831 -9.810000 None [[0.0, 0.0, 0.0, 0.0, 0.0, 0.0], [0.0, 0.0, 0.0, 0.0, 0.0, 0.0]]
1997 1.9920 0.0010 2.501742 -0.198641 -9.810000 None [[0.0, 0.0, 0.0, 0.0, 0.0, 0.0], [0.0, 0.0, 0.0, 0.0, 0.0, 0.0]]
1998 1.9930 0.0010 2.501534 -0.208451 -9.810000 None [[0.0, 0.0, 0.0, 0.0, 0.0, 0.0], [0.0, 0.0, 0.0, 0.0, 0.0, 0.0]]
1999 1.9940 0.0010 2.501315 -0.218261 -9.810000 None [[0.0, 0.0, 0.0, 0.0, 0.0, 0.0], [0.0, 0.0, 0.0, 0.0, 0.0, 0.0]]
2000 1.9950 0.0010 2.501087 -0.228071 -9.810000 None [[0.0, 0.0, 0.0, 0.0, 0.0, 0.0], [0.0, 0.0, 0.0, 0.0, 0.0, 0.0]]
2001 1.9960 0.0010 2.500850 -0.237881 -9.810000 None [[0.0, 0.0, 0.0, 0.0, 0.0, 0.0], [0.0, 0.0, 0.0, 0.0, 0.0, 0.0]]
2002 1.9970 0.0010 2.500602 -0.247691 -9.810000 None [[0.0, 0.0, 0.0, 0.0, 0.0, 0.0], [0.0, 0.0, 0.0, 0.0, 0.0, 0.0]]
2003 1.9980 0.0003 2.500344 -0.257501 1457.845527 [{'depth': 0.0001556655857899436, 'geomIdA': 0, 'geomIdB': 1, 'modifiedDepth': 0.0, 'nhat_AB_W': [-0.0, -0.0, 1.0], 'p_WC': [0.0, 0.0, 2.0004221672071054], 'p_WCa': [0.0, 0.0, 2.0005], 'p_WCb': [0.0, 0.0, 2.0003443344142102]}] [[0.0, 0.0, -1467.655527493017, 0.0, 0.0, 0.0], [0.0, 0.0, 1467.655527493017, 0.0, 0.0, 0.0]]
2004 1.9983 0.0007 2.500408 0.203047 -9.810000 None [[0.0, 0.0, 0.0, 0.0, 0.0, 0.0], [0.0, 0.0, 0.0, 0.0, 0.0, 0.0]]
2005 1.9990 0.0010 2.500543 0.196337 -9.810000 None [[0.0, 0.0, 0.0, 0.0, 0.0, 0.0], [0.0, 0.0, 0.0, 0.0, 0.0, 0.0]]
2006 2.0000 0.0010 2.500729 0.186527 -9.810000 None [[0.0, 0.0, 0.0, 0.0, 0.0, 0.0], [0.0, 0.0, 0.0, 0.0, 0.0, 0.0]]
2007 2.0010 0.0010 2.500906 0.176717 -9.810000 None [[0.0, 0.0, 0.0, 0.0, 0.0, 0.0], [0.0, 0.0, 0.0, 0.0, 0.0, 0.0]]
2008 2.0020 0.0010 2.501073 0.166907 -9.810000 None [[0.0, 0.0, 0.0, 0.0, 0.0, 0.0], [0.0, 0.0, 0.0, 0.0, 0.0, 0.0]]
2009 2.0030 0.0010 2.501230 0.157097 -9.810000 None [[0.0, 0.0, 0.0, 0.0, 0.0, 0.0], [0.0, 0.0, 0.0, 0.0, 0.0, 0.0]]
2010 2.0040 0.0010 2.501377 0.147287 -9.810000 None [[0.0, 0.0, 0.0, 0.0, 0.0, 0.0], [0.0, 0.0, 0.0, 0.0, 0.0, 0.0]]
2011 2.0050 0.0010 2.501515 0.137477 -9.810000 None [[0.0, 0.0, 0.0, 0.0, 0.0, 0.0], [0.0, 0.0, 0.0, 0.0, 0.0, 0.0]]
2012 2.0060 0.0010 2.501642 0.127667 -9.810000 None [[0.0, 0.0, 0.0, 0.0, 0.0, 0.0], [0.0, 0.0, 0.0, 0.0, 0.0, 0.0]]
2013 2.0070 0.0010 2.501760 0.117857 -9.810000 None [[0.0, 0.0, 0.0, 0.0, 0.0, 0.0], [0.0, 0.0, 0.0, 0.0, 0.0, 0.0]]
2014 2.0080 0.0010 2.501868 0.108047 -9.810000 None [[0.0, 0.0, 0.0, 0.0, 0.0, 0.0], [0.0, 0.0, 0.0, 0.0, 0.0, 0.0]]
2015 2.0090 0.0010 2.501967 0.098237 -9.810000 None [[0.0, 0.0, 0.0, 0.0, 0.0, 0.0], [0.0, 0.0, 0.0, 0.0, 0.0, 0.0]]
2016 2.0100 0.0010 2.502055 0.088427 -9.810000 None [[0.0, 0.0, 0.0, 0.0, 0.0, 0.0], [0.0, 0.0, 0.0, 0.0, 0.0, 0.0]]
2017 2.0110 0.0010 2.502134 0.078617 -9.810000 None [[0.0, 0.0, 0.0, 0.0, 0.0, 0.0], [0.0, 0.0, 0.0, 0.0, 0.0, 0.0]]
2018 2.0120 0.0010 2.502202 0.068807 -9.810000 None [[0.0, 0.0, 0.0, 0.0, 0.0, 0.0], [0.0, 0.0, 0.0, 0.0, 0.0, 0.0]]
2019 2.0130 0.0010 2.502261 0.058997 -9.810000 None [[0.0, 0.0, 0.0, 0.0, 0.0, 0.0], [0.0, 0.0, 0.0, 0.0, 0.0, 0.0]]
2020 2.0140 0.0010 2.502311 0.049187 -9.810000 None [[0.0, 0.0, 0.0, 0.0, 0.0, 0.0], [0.0, 0.0, 0.0, 0.0, 0.0, 0.0]]
2021 2.0150 0.0010 2.502350 0.039377 -9.810000 None [[0.0, 0.0, 0.0, 0.0, 0.0, 0.0], [0.0, 0.0, 0.0, 0.0, 0.0, 0.0]]
2022 2.0160 0.0010 2.502380 0.029567 -9.810000 None [[0.0, 0.0, 0.0, 0.0, 0.0, 0.0], [0.0, 0.0, 0.0, 0.0, 0.0, 0.0]]
2023 2.0170 0.0010 2.502399 0.019757 -9.810000 None [[0.0, 0.0, 0.0, 0.0, 0.0, 0.0], [0.0, 0.0, 0.0, 0.0, 0.0, 0.0]]
2024 2.0180 0.0010 2.502409 0.009947 -9.810000 None [[0.0, 0.0, 0.0, 0.0, 0.0, 0.0], [0.0, 0.0, 0.0, 0.0, 0.0, 0.0]]
2025 2.0190 0.0010 2.502409 0.000137 -9.810000 None [[0.0, 0.0, 0.0, 0.0, 0.0, 0.0], [0.0, 0.0, 0.0, 0.0, 0.0, 0.0]]
2026 2.0200 0.0010 2.502400 -0.009673 -9.810000 None [[0.0, 0.0, 0.0, 0.0, 0.0, 0.0], [0.0, 0.0, 0.0, 0.0, 0.0, 0.0]]
2027 2.0210 0.0010 2.502380 -0.019483 -9.810000 None [[0.0, 0.0, 0.0, 0.0, 0.0, 0.0], [0.0, 0.0, 0.0, 0.0, 0.0, 0.0]]
2028 2.0220 0.0010 2.502351 -0.029293 -9.810000 None [[0.0, 0.0, 0.0, 0.0, 0.0, 0.0], [0.0, 0.0, 0.0, 0.0, 0.0, 0.0]]
2029 2.0230 0.0010 2.502312 -0.039103 -9.810000 None [[0.0, 0.0, 0.0, 0.0, 0.0, 0.0], [0.0, 0.0, 0.0, 0.0, 0.0, 0.0]]
2030 2.0240 0.0010 2.502263 -0.048913 -9.810000 None [[0.0, 0.0, 0.0, 0.0, 0.0, 0.0], [0.0, 0.0, 0.0, 0.0, 0.0, 0.0]]
2031 2.0250 0.0010 2.502204 -0.058723 -9.810000 None [[0.0, 0.0, 0.0, 0.0, 0.0, 0.0], [0.0, 0.0, 0.0, 0.0, 0.0, 0.0]]
2032 2.0260 0.0010 2.502136 -0.068533 -9.810000 None [[0.0, 0.0, 0.0, 0.0, 0.0, 0.0], [0.0, 0.0, 0.0, 0.0, 0.0, 0.0]]
2033 2.0270 0.0010 2.502057 -0.078343 -9.810000 None [[0.0, 0.0, 0.0, 0.0, 0.0, 0.0], [0.0, 0.0, 0.0, 0.0, 0.0, 0.0]]
2034 2.0280 0.0010 2.501969 -0.088153 -9.810000 None [[0.0, 0.0, 0.0, 0.0, 0.0, 0.0], [0.0, 0.0, 0.0, 0.0, 0.0, 0.0]]
2035 2.0290 0.0010 2.501871 -0.097963 -9.810000 None [[0.0, 0.0, 0.0, 0.0, 0.0, 0.0], [0.0, 0.0, 0.0, 0.0, 0.0, 0.0]]
2036 2.0300 0.0010 2.501763 -0.107773 -9.810000 None [[0.0, 0.0, 0.0, 0.0, 0.0, 0.0], [0.0, 0.0, 0.0, 0.0, 0.0, 0.0]]
2037 2.0310 0.0010 2.501646 -0.117583 -9.810000 None [[0.0, 0.0, 0.0, 0.0, 0.0, 0.0], [0.0, 0.0, 0.0, 0.0, 0.0, 0.0]]
2038 2.0320 0.0010 2.501518 -0.127393 -9.810000 None [[0.0, 0.0, 0.0, 0.0, 0.0, 0.0], [0.0, 0.0, 0.0, 0.0, 0.0, 0.0]]
2039 2.0330 0.0010 2.501381 -0.137203 -9.810000 None [[0.0, 0.0, 0.0, 0.0, 0.0, 0.0], [0.0, 0.0, 0.0, 0.0, 0.0, 0.0]]
2040 2.0340 0.0010 2.501234 -0.147013 -9.810000 None [[0.0, 0.0, 0.0, 0.0, 0.0, 0.0], [0.0, 0.0, 0.0, 0.0, 0.0, 0.0]]
2041 2.0350 0.0010 2.501077 -0.156823 -9.810000 None [[0.0, 0.0, 0.0, 0.0, 0.0, 0.0], [0.0, 0.0, 0.0, 0.0, 0.0, 0.0]]
2042 2.0360 0.0010 2.500911 -0.166633 -9.810000 None [[0.0, 0.0, 0.0, 0.0, 0.0, 0.0], [0.0, 0.0, 0.0, 0.0, 0.0, 0.0]]
2043 2.0370 0.0010 2.500734 -0.176443 -9.810000 None [[0.0, 0.0, 0.0, 0.0, 0.0, 0.0], [0.0, 0.0, 0.0, 0.0, 0.0, 0.0]]
2044 2.0380 0.0010 2.500548 -0.186253 -9.810000 None [[0.0, 0.0, 0.0, 0.0, 0.0, 0.0], [0.0, 0.0, 0.0, 0.0, 0.0, 0.0]]
2045 2.0390 0.0003 2.500352 -0.196063 1108.862577 [{'depth': 0.00014794678360408042, 'geomIdA': 0, 'geomIdB': 1, 'modifiedDepth': 0.0, 'nhat_AB_W': [-0.0, -0.0, 1.0], 'p_WC': [0.0, 0.0, 2.0004260266081983], 'p_WCa': [0.0, 0.0, 2.0005], 'p_WCb': [0.0, 0.0, 2.000352053216396]}] [[0.0, 0.0, -1118.6725774157776, 0.0, 0.0, 0.0], [0.0, 0.0, 1118.6725774157776, 0.0, 0.0, 0.0]]
2046 2.0393 0.0007 2.500401 0.154538 -9.810000 None [[0.0, 0.0, 0.0, 0.0, 0.0, 0.0], [0.0, 0.0, 0.0, 0.0, 0.0, 0.0]]
2047 2.0400 0.0010 2.500502 0.147830 -9.810000 None [[0.0, 0.0, 0.0, 0.0, 0.0, 0.0], [0.0, 0.0, 0.0, 0.0, 0.0, 0.0]]
2048 2.0410 0.0010 2.500640 0.138020 -9.810000 None [[0.0, 0.0, 0.0, 0.0, 0.0, 0.0], [0.0, 0.0, 0.0, 0.0, 0.0, 0.0]]
2049 2.0420 0.0010 2.500768 0.128210 -9.810000 None [[0.0, 0.0, 0.0, 0.0, 0.0, 0.0], [0.0, 0.0, 0.0, 0.0, 0.0, 0.0]]
2050 2.0430 0.0010 2.500887 0.118400 -9.810000 None [[0.0, 0.0, 0.0, 0.0, 0.0, 0.0], [0.0, 0.0, 0.0, 0.0, 0.0, 0.0]]
2051 2.0440 0.0010 2.500995 0.108590 -9.810000 None [[0.0, 0.0, 0.0, 0.0, 0.0, 0.0], [0.0, 0.0, 0.0, 0.0, 0.0, 0.0]]
2052 2.0450 0.0010 2.501094 0.098780 -9.810000 None [[0.0, 0.0, 0.0, 0.0, 0.0, 0.0], [0.0, 0.0, 0.0, 0.0, 0.0, 0.0]]
2053 2.0460 0.0010 2.501183 0.088970 -9.810000 None [[0.0, 0.0, 0.0, 0.0, 0.0, 0.0], [0.0, 0.0, 0.0, 0.0, 0.0, 0.0]]
2054 2.0470 0.0010 2.501262 0.079160 -9.810000 None [[0.0, 0.0, 0.0, 0.0, 0.0, 0.0], [0.0, 0.0, 0.0, 0.0, 0.0, 0.0]]
2055 2.0480 0.0010 2.501331 0.069350 -9.810000 None [[0.0, 0.0, 0.0, 0.0, 0.0, 0.0], [0.0, 0.0, 0.0, 0.0, 0.0, 0.0]]
2056 2.0490 0.0010 2.501391 0.059540 -9.810000 None [[0.0, 0.0, 0.0, 0.0, 0.0, 0.0], [0.0, 0.0, 0.0, 0.0, 0.0, 0.0]]
2057 2.0500 0.0010 2.501441 0.049730 -9.810000 None [[0.0, 0.0, 0.0, 0.0, 0.0, 0.0], [0.0, 0.0, 0.0, 0.0, 0.0, 0.0]]
2058 2.0510 0.0010 2.501481 0.039920 -9.810000 None [[0.0, 0.0, 0.0, 0.0, 0.0, 0.0], [0.0, 0.0, 0.0, 0.0, 0.0, 0.0]]
2059 2.0520 0.0010 2.501511 0.030110 -9.810000 None [[0.0, 0.0, 0.0, 0.0, 0.0, 0.0], [0.0, 0.0, 0.0, 0.0, 0.0, 0.0]]
2060 2.0530 0.0010 2.501531 0.020300 -9.810000 None [[0.0, 0.0, 0.0, 0.0, 0.0, 0.0], [0.0, 0.0, 0.0, 0.0, 0.0, 0.0]]
2061 2.0540 0.0010 2.501542 0.010490 -9.810000 None [[0.0, 0.0, 0.0, 0.0, 0.0, 0.0], [0.0, 0.0, 0.0, 0.0, 0.0, 0.0]]
2062 2.0550 0.0010 2.501542 0.000680 -9.810000 None [[0.0, 0.0, 0.0, 0.0, 0.0, 0.0], [0.0, 0.0, 0.0, 0.0, 0.0, 0.0]]
2063 2.0560 0.0010 2.501533 -0.009130 -9.810000 None [[0.0, 0.0, 0.0, 0.0, 0.0, 0.0], [0.0, 0.0, 0.0, 0.0, 0.0, 0.0]]
2064 2.0570 0.0010 2.501514 -0.018940 -9.810000 None [[0.0, 0.0, 0.0, 0.0, 0.0, 0.0], [0.0, 0.0, 0.0, 0.0, 0.0, 0.0]]
2065 2.0580 0.0010 2.501485 -0.028750 -9.810000 None [[0.0, 0.0, 0.0, 0.0, 0.0, 0.0], [0.0, 0.0, 0.0, 0.0, 0.0, 0.0]]
2066 2.0590 0.0010 2.501447 -0.038560 -9.810000 None [[0.0, 0.0, 0.0, 0.0, 0.0, 0.0], [0.0, 0.0, 0.0, 0.0, 0.0, 0.0]]
2067 2.0600 0.0010 2.501399 -0.048370 -9.810000 None [[0.0, 0.0, 0.0, 0.0, 0.0, 0.0], [0.0, 0.0, 0.0, 0.0, 0.0, 0.0]]
2068 2.0610 0.0010 2.501340 -0.058180 -9.810000 None [[0.0, 0.0, 0.0, 0.0, 0.0, 0.0], [0.0, 0.0, 0.0, 0.0, 0.0, 0.0]]
2069 2.0620 0.0010 2.501272 -0.067990 -9.810000 None [[0.0, 0.0, 0.0, 0.0, 0.0, 0.0], [0.0, 0.0, 0.0, 0.0, 0.0, 0.0]]
2070 2.0630 0.0010 2.501195 -0.077800 -9.810000 None [[0.0, 0.0, 0.0, 0.0, 0.0, 0.0], [0.0, 0.0, 0.0, 0.0, 0.0, 0.0]]
2071 2.0640 0.0010 2.501107 -0.087610 -9.810000 None [[0.0, 0.0, 0.0, 0.0, 0.0, 0.0], [0.0, 0.0, 0.0, 0.0, 0.0, 0.0]]
2072 2.0650 0.0010 2.501010 -0.097420 -9.810000 None [[0.0, 0.0, 0.0, 0.0, 0.0, 0.0], [0.0, 0.0, 0.0, 0.0, 0.0, 0.0]]
2073 2.0660 0.0010 2.500902 -0.107230 -9.810000 None [[0.0, 0.0, 0.0, 0.0, 0.0, 0.0], [0.0, 0.0, 0.0, 0.0, 0.0, 0.0]]
2074 2.0670 0.0010 2.500785 -0.117040 -9.810000 None [[0.0, 0.0, 0.0, 0.0, 0.0, 0.0], [0.0, 0.0, 0.0, 0.0, 0.0, 0.0]]
2075 2.0680 0.0010 2.500658 -0.126850 -9.810000 None [[0.0, 0.0, 0.0, 0.0, 0.0, 0.0], [0.0, 0.0, 0.0, 0.0, 0.0, 0.0]]
2076 2.0690 0.0010 2.500522 -0.136660 -9.810000 None [[0.0, 0.0, 0.0, 0.0, 0.0, 0.0], [0.0, 0.0, 0.0, 0.0, 0.0, 0.0]]
2077 2.0700 0.0003 2.500375 -0.146470 827.159604 [{'depth': 0.00012473837177395808, 'geomIdA': 0, 'geomIdB': 1, 'modifiedDepth': 0.0, 'nhat_AB_W': [-0.0, -0.0, 1.0], 'p_WC': [0.0, 0.0, 2.000437630814113], 'p_WCa': [0.0, 0.0, 2.0005], 'p_WCb': [0.0, 0.0, 2.000375261628226]}] [[0.0, 0.0, -836.9696037524662, 0.0, 0.0, 0.0], [0.0, 0.0, 836.9696037524662, 0.0, 0.0, 0.0]]
2078 2.0703 0.0007 2.500412 0.115381 -9.810000 None [[0.0, 0.0, 0.0, 0.0, 0.0, 0.0], [0.0, 0.0, 0.0, 0.0, 0.0, 0.0]]
2079 2.0710 0.0010 2.500486 0.108677 -9.810000 None [[0.0, 0.0, 0.0, 0.0, 0.0, 0.0], [0.0, 0.0, 0.0, 0.0, 0.0, 0.0]]
2080 2.0720 0.0010 2.500585 0.098867 -9.810000 None [[0.0, 0.0, 0.0, 0.0, 0.0, 0.0], [0.0, 0.0, 0.0, 0.0, 0.0, 0.0]]
2081 2.0730 0.0010 2.500674 0.089057 -9.810000 None [[0.0, 0.0, 0.0, 0.0, 0.0, 0.0], [0.0, 0.0, 0.0, 0.0, 0.0, 0.0]]
2082 2.0740 0.0010 2.500753 0.079247 -9.810000 None [[0.0, 0.0, 0.0, 0.0, 0.0, 0.0], [0.0, 0.0, 0.0, 0.0, 0.0, 0.0]]
2083 2.0750 0.0010 2.500823 0.069437 -9.810000 None [[0.0, 0.0, 0.0, 0.0, 0.0, 0.0], [0.0, 0.0, 0.0, 0.0, 0.0, 0.0]]
2084 2.0760 0.0010 2.500882 0.059627 -9.810000 None [[0.0, 0.0, 0.0, 0.0, 0.0, 0.0], [0.0, 0.0, 0.0, 0.0, 0.0, 0.0]]
2085 2.0770 0.0010 2.500932 0.049817 -9.810000 None [[0.0, 0.0, 0.0, 0.0, 0.0, 0.0], [0.0, 0.0, 0.0, 0.0, 0.0, 0.0]]
2086 2.0780 0.0010 2.500972 0.040007 -9.810000 None [[0.0, 0.0, 0.0, 0.0, 0.0, 0.0], [0.0, 0.0, 0.0, 0.0, 0.0, 0.0]]
2087 2.0790 0.0010 2.501002 0.030197 -9.810000 None [[0.0, 0.0, 0.0, 0.0, 0.0, 0.0], [0.0, 0.0, 0.0, 0.0, 0.0, 0.0]]
2088 2.0800 0.0010 2.501023 0.020387 -9.810000 None [[0.0, 0.0, 0.0, 0.0, 0.0, 0.0], [0.0, 0.0, 0.0, 0.0, 0.0, 0.0]]
2089 2.0810 0.0010 2.501033 0.010577 -9.810000 None [[0.0, 0.0, 0.0, 0.0, 0.0, 0.0], [0.0, 0.0, 0.0, 0.0, 0.0, 0.0]]
2090 2.0820 0.0010 2.501034 0.000767 -9.810000 None [[0.0, 0.0, 0.0, 0.0, 0.0, 0.0], [0.0, 0.0, 0.0, 0.0, 0.0, 0.0]]
2091 2.0830 0.0010 2.501025 -0.009043 -9.810000 None [[0.0, 0.0, 0.0, 0.0, 0.0, 0.0], [0.0, 0.0, 0.0, 0.0, 0.0, 0.0]]
2092 2.0840 0.0010 2.501006 -0.018853 -9.810000 None [[0.0, 0.0, 0.0, 0.0, 0.0, 0.0], [0.0, 0.0, 0.0, 0.0, 0.0, 0.0]]
2093 2.0850 0.0010 2.500977 -0.028663 -9.810000 None [[0.0, 0.0, 0.0, 0.0, 0.0, 0.0], [0.0, 0.0, 0.0, 0.0, 0.0, 0.0]]
2094 2.0860 0.0010 2.500939 -0.038473 -9.810000 None [[0.0, 0.0, 0.0, 0.0, 0.0, 0.0], [0.0, 0.0, 0.0, 0.0, 0.0, 0.0]]
2095 2.0870 0.0010 2.500891 -0.048283 -9.810000 None [[0.0, 0.0, 0.0, 0.0, 0.0, 0.0], [0.0, 0.0, 0.0, 0.0, 0.0, 0.0]]
2096 2.0880 0.0010 2.500833 -0.058093 -9.810000 None [[0.0, 0.0, 0.0, 0.0, 0.0, 0.0], [0.0, 0.0, 0.0, 0.0, 0.0, 0.0]]
2097 2.0890 0.0010 2.500765 -0.067903 -9.810000 None [[0.0, 0.0, 0.0, 0.0, 0.0, 0.0], [0.0, 0.0, 0.0, 0.0, 0.0, 0.0]]
2098 2.0900 0.0010 2.500687 -0.077713 -9.810000 None [[0.0, 0.0, 0.0, 0.0, 0.0, 0.0], [0.0, 0.0, 0.0, 0.0, 0.0, 0.0]]
2099 2.0910 0.0010 2.500599 -0.087523 -9.810000 None [[0.0, 0.0, 0.0, 0.0, 0.0, 0.0], [0.0, 0.0, 0.0, 0.0, 0.0, 0.0]]
2100 2.0920 0.0010 2.500502 -0.097333 -9.810000 None [[0.0, 0.0, 0.0, 0.0, 0.0, 0.0], [0.0, 0.0, 0.0, 0.0, 0.0, 0.0]]
2101 2.0930 0.0003 2.500395 -0.107143 603.779327 [{'depth': 0.00010498325221375282, 'geomIdA': 0, 'geomIdB': 1, 'modifiedDepth': 0.0, 'nhat_AB_W': [-0.0, -0.0, 1.0], 'p_WC': [0.0, 0.0, 2.0004475083738935], 'p_WCa': [0.0, 0.0, 2.0005], 'p_WCb': [0.0, 0.0, 2.0003950167477864]}] [[0.0, 0.0, -613.5893271996412, 0.0, 0.0, 0.0], [0.0, 0.0, 613.5893271996412, 0.0, 0.0, 0.0]]
2102 2.0933 0.0007 2.500422 0.084330 -9.810000 None [[0.0, 0.0, 0.0, 0.0, 0.0, 0.0], [0.0, 0.0, 0.0, 0.0, 0.0, 0.0]]
2103 2.0940 0.0010 2.500475 0.077631 -9.810000 None [[0.0, 0.0, 0.0, 0.0, 0.0, 0.0], [0.0, 0.0, 0.0, 0.0, 0.0, 0.0]]
2104 2.0950 0.0010 2.500543 0.067821 -9.810000 None [[0.0, 0.0, 0.0, 0.0, 0.0, 0.0], [0.0, 0.0, 0.0, 0.0, 0.0, 0.0]]
2105 2.0960 0.0010 2.500601 0.058011 -9.810000 None [[0.0, 0.0, 0.0, 0.0, 0.0, 0.0], [0.0, 0.0, 0.0, 0.0, 0.0, 0.0]]
2106 2.0970 0.0010 2.500649 0.048201 -9.810000 None [[0.0, 0.0, 0.0, 0.0, 0.0, 0.0], [0.0, 0.0, 0.0, 0.0, 0.0, 0.0]]
2107 2.0980 0.0010 2.500687 0.038391 -9.810000 None [[0.0, 0.0, 0.0, 0.0, 0.0, 0.0], [0.0, 0.0, 0.0, 0.0, 0.0, 0.0]]
2108 2.0990 0.0010 2.500716 0.028581 -9.810000 None [[0.0, 0.0, 0.0, 0.0, 0.0, 0.0], [0.0, 0.0, 0.0, 0.0, 0.0, 0.0]]
2109 2.1000 0.0010 2.500735 0.018771 -9.810000 None [[0.0, 0.0, 0.0, 0.0, 0.0, 0.0], [0.0, 0.0, 0.0, 0.0, 0.0, 0.0]]
2110 2.1010 0.0010 2.500744 0.008961 -9.810000 None [[0.0, 0.0, 0.0, 0.0, 0.0, 0.0], [0.0, 0.0, 0.0, 0.0, 0.0, 0.0]]
2111 2.1020 0.0010 2.500743 -0.000849 -9.810000 None [[0.0, 0.0, 0.0, 0.0, 0.0, 0.0], [0.0, 0.0, 0.0, 0.0, 0.0, 0.0]]
2112 2.1030 0.0010 2.500732 -0.010659 -9.810000 None [[0.0, 0.0, 0.0, 0.0, 0.0, 0.0], [0.0, 0.0, 0.0, 0.0, 0.0, 0.0]]
2113 2.1040 0.0010 2.500712 -0.020469 -9.810000 None [[0.0, 0.0, 0.0, 0.0, 0.0, 0.0], [0.0, 0.0, 0.0, 0.0, 0.0, 0.0]]
2114 2.1050 0.0010 2.500681 -0.030279 -9.810000 None [[0.0, 0.0, 0.0, 0.0, 0.0, 0.0], [0.0, 0.0, 0.0, 0.0, 0.0, 0.0]]
2115 2.1060 0.0010 2.500641 -0.040089 -9.810000 None [[0.0, 0.0, 0.0, 0.0, 0.0, 0.0], [0.0, 0.0, 0.0, 0.0, 0.0, 0.0]]
2116 2.1070 0.0010 2.500591 -0.049899 -9.810000 None [[0.0, 0.0, 0.0, 0.0, 0.0, 0.0], [0.0, 0.0, 0.0, 0.0, 0.0, 0.0]]
2117 2.1080 0.0010 2.500532 -0.059709 -9.810000 None [[0.0, 0.0, 0.0, 0.0, 0.0, 0.0], [0.0, 0.0, 0.0, 0.0, 0.0, 0.0]]
2118 2.1090 0.0003 2.500462 -0.069519 390.071363 [{'depth': 3.796033862313308e-05, 'geomIdA': 0, 'geomIdB': 1, 'modifiedDepth': 0.0, 'nhat_AB_W': [-0.0, -0.0, 1.0], 'p_WC': [0.0, 0.0, 2.000481019830689], 'p_WCa': [0.0, 0.0, 2.0005], 'p_WCb': [0.0, 0.0, 2.000462039661377]}] [[0.0, 0.0, -399.88136280474293, 0.0, 0.0, 0.0], [0.0, 0.0, 399.88136280474293, 0.0, 0.0, 0.0]]
2119 2.1093 0.0007 2.500479 0.054622 -9.810000 None [[0.0, 0.0, 0.0, 0.0, 0.0, 0.0], [0.0, 0.0, 0.0, 0.0, 0.0, 0.0]]
2120 2.1100 0.0010 2.500512 0.047934 -9.810000 None [[0.0, 0.0, 0.0, 0.0, 0.0, 0.0], [0.0, 0.0, 0.0, 0.0, 0.0, 0.0]]
2121 2.1110 0.0010 2.500550 0.038124 -9.810000 None [[0.0, 0.0, 0.0, 0.0, 0.0, 0.0], [0.0, 0.0, 0.0, 0.0, 0.0, 0.0]]
2122 2.1120 0.0010 2.500579 0.028314 -9.810000 None [[0.0, 0.0, 0.0, 0.0, 0.0, 0.0], [0.0, 0.0, 0.0, 0.0, 0.0, 0.0]]
2123 2.1130 0.0010 2.500597 0.018504 -9.810000 None [[0.0, 0.0, 0.0, 0.0, 0.0, 0.0], [0.0, 0.0, 0.0, 0.0, 0.0, 0.0]]
2124 2.1140 0.0010 2.500606 0.008694 -9.810000 None [[0.0, 0.0, 0.0, 0.0, 0.0, 0.0], [0.0, 0.0, 0.0, 0.0, 0.0, 0.0]]
2125 2.1150 0.0010 2.500605 -0.001116 -9.810000 None [[0.0, 0.0, 0.0, 0.0, 0.0, 0.0], [0.0, 0.0, 0.0, 0.0, 0.0, 0.0]]
2126 2.1160 0.0010 2.500594 -0.010926 -9.810000 None [[0.0, 0.0, 0.0, 0.0, 0.0, 0.0], [0.0, 0.0, 0.0, 0.0, 0.0, 0.0]]
2127 2.1170 0.0010 2.500573 -0.020736 -9.810000 None [[0.0, 0.0, 0.0, 0.0, 0.0, 0.0], [0.0, 0.0, 0.0, 0.0, 0.0, 0.0]]
2128 2.1180 0.0010 2.500542 -0.030546 -9.810000 None [[0.0, 0.0, 0.0, 0.0, 0.0, 0.0], [0.0, 0.0, 0.0, 0.0, 0.0, 0.0]]
2129 2.1190 0.0010 2.500502 -0.040356 -9.810000 None [[0.0, 0.0, 0.0, 0.0, 0.0, 0.0], [0.0, 0.0, 0.0, 0.0, 0.0, 0.0]]
2130 2.1200 0.0003 2.500452 -0.050166 280.150544 [{'depth': 4.810360385798518e-05, 'geomIdA': 0, 'geomIdB': 1, 'modifiedDepth': 0.0, 'nhat_AB_W': [-0.0, -0.0, 1.0], 'p_WC': [0.0, 0.0, 2.000475948198071], 'p_WCa': [0.0, 0.0, 2.0005], 'p_WCb': [0.0, 0.0, 2.000451896396142]}] [[0.0, 0.0, -289.96054402642653, 0.0, 0.0, 0.0], [0.0, 0.0, 289.96054402642653, 0.0, 0.0, 0.0]]
2131 2.1203 0.0007 2.500464 0.039341 -9.810000 None [[0.0, 0.0, 0.0, 0.0, 0.0, 0.0], [0.0, 0.0, 0.0, 0.0, 0.0, 0.0]]
2132 2.1210 0.0010 2.500487 0.032665 -9.810000 None [[0.0, 0.0, 0.0, 0.0, 0.0, 0.0], [0.0, 0.0, 0.0, 0.0, 0.0, 0.0]]
2133 2.1220 0.0010 2.500510 0.022855 -9.810000 None [[0.0, 0.0, 0.0, 0.0, 0.0, 0.0], [0.0, 0.0, 0.0, 0.0, 0.0, 0.0]]
2134 2.1230 0.0010 2.500523 0.013045 -9.810000 None [[0.0, 0.0, 0.0, 0.0, 0.0, 0.0], [0.0, 0.0, 0.0, 0.0, 0.0, 0.0]]
2135 2.1240 0.0010 2.500526 0.003235 -9.810000 None [[0.0, 0.0, 0.0, 0.0, 0.0, 0.0], [0.0, 0.0, 0.0, 0.0, 0.0, 0.0]]
2136 2.1250 0.0010 2.500519 -0.006575 -9.810000 None [[0.0, 0.0, 0.0, 0.0, 0.0, 0.0], [0.0, 0.0, 0.0, 0.0, 0.0, 0.0]]
2137 2.1260 0.0010 2.500503 -0.016385 -9.810000 None [[0.0, 0.0, 0.0, 0.0, 0.0, 0.0], [0.0, 0.0, 0.0, 0.0, 0.0, 0.0]]
2138 2.1270 0.0003 2.500477 -0.026195 144.028084 [{'depth': 2.3327117478100234e-05, 'geomIdA': 0, 'geomIdB': 1, 'modifiedDepth': 0.0, 'nhat_AB_W': [-0.0, -0.0, 1.0], 'p_WC': [0.0, 0.0, 2.0004883364412613], 'p_WCa': [0.0, 0.0, 2.0005], 'p_WCb': [0.0, 0.0, 2.000476672882522]}] [[0.0, 0.0, -153.83808443636383, 0.0, 0.0, 0.0], [0.0, 0.0, 153.83808443636383, 0.0, 0.0, 0.0]]
2139 2.1273 0.0007 2.500483 0.020410 -9.810000 None [[0.0, 0.0, 0.0, 0.0, 0.0, 0.0], [0.0, 0.0, 0.0, 0.0, 0.0, 0.0]]
2140 2.1280 0.0010 2.500493 0.013775 -9.810000 None [[0.0, 0.0, 0.0, 0.0, 0.0, 0.0], [0.0, 0.0, 0.0, 0.0, 0.0, 0.0]]
2141 2.1290 0.0010 2.500497 0.003965 -9.810000 None [[0.0, 0.0, 0.0, 0.0, 0.0, 0.0], [0.0, 0.0, 0.0, 0.0, 0.0, 0.0]]
2142 2.1300 0.0002 2.500491 -0.005845 320.437607 [{'depth': 9.286033566979768e-06, 'geomIdA': 0, 'geomIdB': 1, 'modifiedDepth': 5.845369908552556e-06, 'nhat_AB_W': [-0.0, -0.0, 1.0], 'p_WC': [0.0, 0.0, 2.0004953569832167], 'p_WCa': [0.0, 0.0, 2.0005], 'p_WCb': [0.0, 0.0, 2.000490713966433]}] [[0.0, 0.0, -330.247606910417, 0.0, 0.0, 0.0], [0.0, 0.0, 330.247606910417, 0.0, 0.0, 0.0]]
2143 2.1302 0.0008 2.500500 0.050884 -9.810000 None [[0.0, 0.0, 0.0, 0.0, 0.0, 0.0], [0.0, 0.0, 0.0, 0.0, 0.0, 0.0]]
2144 2.1310 0.0010 2.500535 0.042810 -9.810000 None [[0.0, 0.0, 0.0, 0.0, 0.0, 0.0], [0.0, 0.0, 0.0, 0.0, 0.0, 0.0]]
2145 2.1320 0.0010 2.500568 0.033000 -9.810000 None [[0.0, 0.0, 0.0, 0.0, 0.0, 0.0], [0.0, 0.0, 0.0, 0.0, 0.0, 0.0]]
2146 2.1330 0.0010 2.500591 0.023190 -9.810000 None [[0.0, 0.0, 0.0, 0.0, 0.0, 0.0], [0.0, 0.0, 0.0, 0.0, 0.0, 0.0]]
2147 2.1340 0.0010 2.500605 0.013380 -9.810000 None [[0.0, 0.0, 0.0, 0.0, 0.0, 0.0], [0.0, 0.0, 0.0, 0.0, 0.0, 0.0]]
2148 2.1350 0.0010 2.500608 0.003570 -9.810000 None [[0.0, 0.0, 0.0, 0.0, 0.0, 0.0], [0.0, 0.0, 0.0, 0.0, 0.0, 0.0]]
2149 2.1360 0.0010 2.500602 -0.006240 -9.810000 None [[0.0, 0.0, 0.0, 0.0, 0.0, 0.0], [0.0, 0.0, 0.0, 0.0, 0.0, 0.0]]
2150 2.1370 0.0010 2.500586 -0.016050 -9.810000 None [[0.0, 0.0, 0.0, 0.0, 0.0, 0.0], [0.0, 0.0, 0.0, 0.0, 0.0, 0.0]]
2151 2.1380 0.0010 2.500560 -0.025860 -9.810000 None [[0.0, 0.0, 0.0, 0.0, 0.0, 0.0], [0.0, 0.0, 0.0, 0.0, 0.0, 0.0]]
2152 2.1390 0.0010 2.500524 -0.035670 -9.810000 None [[0.0, 0.0, 0.0, 0.0, 0.0, 0.0], [0.0, 0.0, 0.0, 0.0, 0.0, 0.0]]
2153 2.1400 0.0003 2.500479 -0.045480 253.536579 [{'depth': 2.1202446068180336e-05, 'geomIdA': 0, 'geomIdB': 1, 'modifiedDepth': 0.0, 'nhat_AB_W': [-0.0, -0.0, 1.0], 'p_WC': [0.0, 0.0, 2.000489398776966], 'p_WCa': [0.0, 0.0, 2.0005], 'p_WCb': [0.0, 0.0, 2.000478797553932]}] [[0.0, 0.0, -263.3465793239289, 0.0, 0.0, 0.0], [0.0, 0.0, 263.3465793239289, 0.0, 0.0, 0.0]]
2154 2.1403 0.0007 2.500490 0.035640 -9.810000 None [[0.0, 0.0, 0.0, 0.0, 0.0, 0.0], [0.0, 0.0, 0.0, 0.0, 0.0, 0.0]]
2155 2.1410 0.0010 2.500510 0.028969 -9.810000 None [[0.0, 0.0, 0.0, 0.0, 0.0, 0.0], [0.0, 0.0, 0.0, 0.0, 0.0, 0.0]]
2156 2.1420 0.0010 2.500529 0.019159 -9.810000 None [[0.0, 0.0, 0.0, 0.0, 0.0, 0.0], [0.0, 0.0, 0.0, 0.0, 0.0, 0.0]]
2157 2.1430 0.0010 2.500538 0.009349 -9.810000 None [[0.0, 0.0, 0.0, 0.0, 0.0, 0.0], [0.0, 0.0, 0.0, 0.0, 0.0, 0.0]]
2158 2.1440 0.0010 2.500538 -0.000461 -9.810000 None [[0.0, 0.0, 0.0, 0.0, 0.0, 0.0], [0.0, 0.0, 0.0, 0.0, 0.0, 0.0]]
2159 2.1450 0.0010 2.500528 -0.010271 -9.810000 None [[0.0, 0.0, 0.0, 0.0, 0.0, 0.0], [0.0, 0.0, 0.0, 0.0, 0.0, 0.0]]
2160 2.1460 0.0010 2.500508 -0.020081 -9.810000 None [[0.0, 0.0, 0.0, 0.0, 0.0, 0.0], [0.0, 0.0, 0.0, 0.0, 0.0, 0.0]]
2161 2.1470 0.0003 2.500478 -0.029891 165.012280 [{'depth': 2.2295398452332194e-05, 'geomIdA': 0, 'geomIdB': 1, 'modifiedDepth': 0.0, 'nhat_AB_W': [-0.0, -0.0, 1.0], 'p_WC': [0.0, 0.0, 2.000488852300774], 'p_WCa': [0.0, 0.0, 2.0005], 'p_WCb': [0.0, 0.0, 2.000477704601548]}] [[0.0, 0.0, -174.82227966979033, 0.0, 0.0, 0.0], [0.0, 0.0, 174.82227966979033, 0.0, 0.0, 0.0]]
2162 2.1473 0.0007 2.500485 0.023329 -9.810000 None [[0.0, 0.0, 0.0, 0.0, 0.0, 0.0], [0.0, 0.0, 0.0, 0.0, 0.0, 0.0]]
2163 2.1480 0.0010 2.500497 0.016683 -9.810000 None [[0.0, 0.0, 0.0, 0.0, 0.0, 0.0], [0.0, 0.0, 0.0, 0.0, 0.0, 0.0]]
2164 2.1490 0.0010 2.500503 0.006873 -9.810000 None [[0.0, 0.0, 0.0, 0.0, 0.0, 0.0], [0.0, 0.0, 0.0, 0.0, 0.0, 0.0]]
2165 2.1500 0.0010 2.500500 -0.002937 -9.810000 None [[0.0, 0.0, 0.0, 0.0, 0.0, 0.0], [0.0, 0.0, 0.0, 0.0, 0.0, 0.0]]
2166 2.1510 0.0003 2.500488 -0.012747 67.715114 [{'depth': 1.2278099230211836e-05, 'geomIdA': 0, 'geomIdB': 1, 'modifiedDepth': 0.0, 'nhat_AB_W': [-0.0, -0.0, 1.0], 'p_WC': [0.0, 0.0, 2.0004938609503853], 'p_WCa': [0.0, 0.0, 2.0005], 'p_WCb': [0.0, 0.0, 2.00048772190077]}] [[0.0, 0.0, -77.52511437348001, 0.0, 0.0, 0.0], [0.0, 0.0, 77.52511437348001, 0.0, 0.0, 0.0]]
2167 2.1513 0.0007 2.500491 0.009782 -9.810000 None [[0.0, 0.0, 0.0, 0.0, 0.0, 0.0], [0.0, 0.0, 0.0, 0.0, 0.0, 0.0]]
2168 2.1520 0.0010 2.500493 0.003236 -9.810000 None [[0.0, 0.0, 0.0, 0.0, 0.0, 0.0], [0.0, 0.0, 0.0, 0.0, 0.0, 0.0]]
2169 2.1530 0.0002 2.500487 -0.006574 361.610209 [{'depth': 1.3439085833066855e-05, 'geomIdA': 0, 'geomIdB': 1, 'modifiedDepth': 6.574445287288455e-06, 'nhat_AB_W': [-0.0, -0.0, 1.0], 'p_WC': [0.0, 0.0, 2.000493280457084], 'p_WCa': [0.0, 0.0, 2.0005], 'p_WCb': [0.0, 0.0, 2.000486560914167]}] [[0.0, 0.0, -371.42020862009, 0.0, 0.0, 0.0], [0.0, 0.0, 371.42020862009, 0.0, 0.0, 0.0]]
2170 2.1532 0.0008 2.500497 0.057358 -9.810000 None [[0.0, 0.0, 0.0, 0.0, 0.0, 0.0], [0.0, 0.0, 0.0, 0.0, 0.0, 0.0]]
2171 2.1540 0.0010 2.500537 0.049283 -9.810000 None [[0.0, 0.0, 0.0, 0.0, 0.0, 0.0], [0.0, 0.0, 0.0, 0.0, 0.0, 0.0]]
2172 2.1550 0.0010 2.500577 0.039473 -9.810000 None [[0.0, 0.0, 0.0, 0.0, 0.0, 0.0], [0.0, 0.0, 0.0, 0.0, 0.0, 0.0]]
2173 2.1560 0.0010 2.500606 0.029663 -9.810000 None [[0.0, 0.0, 0.0, 0.0, 0.0, 0.0], [0.0, 0.0, 0.0, 0.0, 0.0, 0.0]]
2174 2.1570 0.0010 2.500626 0.019853 -9.810000 None [[0.0, 0.0, 0.0, 0.0, 0.0, 0.0], [0.0, 0.0, 0.0, 0.0, 0.0, 0.0]]
2175 2.1580 0.0010 2.500636 0.010043 -9.810000 None [[0.0, 0.0, 0.0, 0.0, 0.0, 0.0], [0.0, 0.0, 0.0, 0.0, 0.0, 0.0]]
2176 2.1590 0.0010 2.500637 0.000233 -9.810000 None [[0.0, 0.0, 0.0, 0.0, 0.0, 0.0], [0.0, 0.0, 0.0, 0.0, 0.0, 0.0]]
2177 2.1600 0.0010 2.500627 -0.009577 -9.810000 None [[0.0, 0.0, 0.0, 0.0, 0.0, 0.0], [0.0, 0.0, 0.0, 0.0, 0.0, 0.0]]
2178 2.1610 0.0010 2.500608 -0.019387 -9.810000 None [[0.0, 0.0, 0.0, 0.0, 0.0, 0.0], [0.0, 0.0, 0.0, 0.0, 0.0, 0.0]]
2179 2.1620 0.0010 2.500578 -0.029197 -9.810000 None [[0.0, 0.0, 0.0, 0.0, 0.0, 0.0], [0.0, 0.0, 0.0, 0.0, 0.0, 0.0]]
2180 2.1630 0.0010 2.500539 -0.039007 -9.810000 None [[0.0, 0.0, 0.0, 0.0, 0.0, 0.0], [0.0, 0.0, 0.0, 0.0, 0.0, 0.0]]
2181 2.1640 0.0003 2.500491 -0.048817 272.491962 [{'depth': 9.449893546786825e-06, 'geomIdA': 0, 'geomIdB': 1, 'modifiedDepth': 0.0, 'nhat_AB_W': [-0.0, -0.0, 1.0], 'p_WC': [0.0, 0.0, 2.0004952750532268], 'p_WCa': [0.0, 0.0, 2.0005], 'p_WCb': [0.0, 0.0, 2.0004905501064534]}] [[0.0, 0.0, -282.3019621729009, 0.0, 0.0, 0.0], [0.0, 0.0, 282.3019621729009, 0.0, 0.0, 0.0]]
2182 2.1643 0.0007 2.500503 0.038276 -9.810000 None [[0.0, 0.0, 0.0, 0.0, 0.0, 0.0], [0.0, 0.0, 0.0, 0.0, 0.0, 0.0]]
2183 2.1650 0.0010 2.500524 0.031601 -9.810000 None [[0.0, 0.0, 0.0, 0.0, 0.0, 0.0], [0.0, 0.0, 0.0, 0.0, 0.0, 0.0]]
2184 2.1660 0.0010 2.500546 0.021791 -9.810000 None [[0.0, 0.0, 0.0, 0.0, 0.0, 0.0], [0.0, 0.0, 0.0, 0.0, 0.0, 0.0]]
2185 2.1670 0.0010 2.500558 0.011981 -9.810000 None [[0.0, 0.0, 0.0, 0.0, 0.0, 0.0], [0.0, 0.0, 0.0, 0.0, 0.0, 0.0]]
2186 2.1680 0.0010 2.500560 0.002171 -9.810000 None [[0.0, 0.0, 0.0, 0.0, 0.0, 0.0], [0.0, 0.0, 0.0, 0.0, 0.0, 0.0]]
2187 2.1690 0.0010 2.500553 -0.007639 -9.810000 None [[0.0, 0.0, 0.0, 0.0, 0.0, 0.0], [0.0, 0.0, 0.0, 0.0, 0.0, 0.0]]
2188 2.1700 0.0010 2.500535 -0.017449 -9.810000 None [[0.0, 0.0, 0.0, 0.0, 0.0, 0.0], [0.0, 0.0, 0.0, 0.0, 0.0, 0.0]]
2189 2.1710 0.0010 2.500508 -0.027259 -9.810000 None [[0.0, 0.0, 0.0, 0.0, 0.0, 0.0], [0.0, 0.0, 0.0, 0.0, 0.0, 0.0]]
2190 2.1720 0.0003 2.500471 -0.037069 205.771017 [{'depth': 2.9187056692858704e-05, 'geomIdA': 0, 'geomIdB': 1, 'modifiedDepth': 0.0, 'nhat_AB_W': [-0.0, -0.0, 1.0], 'p_WC': [0.0, 0.0, 2.000485406471654], 'p_WCa': [0.0, 0.0, 2.0005], 'p_WCb': [0.0, 0.0, 2.0004708129433073]}] [[0.0, 0.0, -215.5810165291154, 0.0, 0.0, 0.0], [0.0, 0.0, 215.5810165291154, 0.0, 0.0, 0.0]]
2191 2.1723 0.0007 2.500480 0.028998 -9.810000 None [[0.0, 0.0, 0.0, 0.0, 0.0, 0.0], [0.0, 0.0, 0.0, 0.0, 0.0, 0.0]]
2192 2.1730 0.0010 2.500495 0.022338 -9.810000 None [[0.0, 0.0, 0.0, 0.0, 0.0, 0.0], [0.0, 0.0, 0.0, 0.0, 0.0, 0.0]]
2193 2.1740 0.0010 2.500508 0.012528 -9.810000 None [[0.0, 0.0, 0.0, 0.0, 0.0, 0.0], [0.0, 0.0, 0.0, 0.0, 0.0, 0.0]]
2194 2.1750 0.0010 2.500511 0.002718 -9.810000 None [[0.0, 0.0, 0.0, 0.0, 0.0, 0.0], [0.0, 0.0, 0.0, 0.0, 0.0, 0.0]]
2195 2.1760 0.0010 2.500503 -0.007092 -9.810000 None [[0.0, 0.0, 0.0, 0.0, 0.0, 0.0], [0.0, 0.0, 0.0, 0.0, 0.0, 0.0]]
2196 2.1770 0.0003 2.500487 -0.016902 91.281777 [{'depth': 1.3458836885860137e-05, 'geomIdA': 0, 'geomIdB': 1, 'modifiedDepth': 0.0, 'nhat_AB_W': [-0.0, -0.0, 1.0], 'p_WC': [0.0, 0.0, 2.0004932705815572], 'p_WCa': [0.0, 0.0, 2.0005], 'p_WCb': [0.0, 0.0, 2.0004865411631143]}] [[0.0, 0.0, -101.09177653873998, 0.0, 0.0, 0.0], [0.0, 0.0, 101.09177653873998, 0.0, 0.0, 0.0]]
2197 2.1773 0.0007 2.500491 0.013068 -9.810000 None [[0.0, 0.0, 0.0, 0.0, 0.0, 0.0], [0.0, 0.0, 0.0, 0.0, 0.0, 0.0]]
2198 2.1780 0.0010 2.500495 0.006478 -9.810000 None [[0.0, 0.0, 0.0, 0.0, 0.0, 0.0], [0.0, 0.0, 0.0, 0.0, 0.0, 0.0]]
2199 2.1790 0.0002 2.500492 -0.003332 178.470536 [{'depth': 8.14850183328275e-06, 'geomIdA': 0, 'geomIdB': 1, 'modifiedDepth': 3.3315136529488143e-06, 'nhat_AB_W': [-0.0, -0.0, 1.0], 'p_WC': [0.0, 0.0, 2.0004959257490835], 'p_WCa': [0.0, 0.0, 2.0005], 'p_WCb': [0.0, 0.0, 2.000491851498167]}] [[0.0, 0.0, -188.2805357575784, 0.0, 0.0, 0.0], [0.0, 0.0, 188.2805357575784, 0.0, 0.0, 0.0]]
2200 2.1792 0.0008 2.500497 0.028555 -9.810000 None [[0.0, 0.0, 0.0, 0.0, 0.0, 0.0], [0.0, 0.0, 0.0, 0.0, 0.0, 0.0]]
2201 2.1800 0.0010 2.500514 0.020498 -9.810000 None [[0.0, 0.0, 0.0, 0.0, 0.0, 0.0], [0.0, 0.0, 0.0, 0.0, 0.0, 0.0]]
2202 2.1810 0.0010 2.500524 0.010688 -9.810000 None [[0.0, 0.0, 0.0, 0.0, 0.0, 0.0], [0.0, 0.0, 0.0, 0.0, 0.0, 0.0]]
2203 2.1820 0.0010 2.500525 0.000878 -9.810000 None [[0.0, 0.0, 0.0, 0.0, 0.0, 0.0], [0.0, 0.0, 0.0, 0.0, 0.0, 0.0]]
2204 2.1830 0.0010 2.500516 -0.008932 -9.810000 None [[0.0, 0.0, 0.0, 0.0, 0.0, 0.0], [0.0, 0.0, 0.0, 0.0, 0.0, 0.0]]
2205 2.1840 0.0003 2.500498 -0.018742 101.722853 [{'depth': 2.319835440189877e-06, 'geomIdA': 0, 'geomIdB': 1, 'modifiedDepth': 0.0, 'nhat_AB_W': [-0.0, -0.0, 1.0], 'p_WC': [0.0, 0.0, 2.00049884008228], 'p_WCa': [0.0, 0.0, 2.0005], 'p_WCb': [0.0, 0.0, 2.00049768016456]}] [[0.0, 0.0, -111.53285338615896, 0.0, 0.0, 0.0], [0.0, 0.0, 111.53285338615896, 0.0, 0.0, 0.0]]
2206 2.1843 0.0007 2.500502 0.014522 -9.810000 None [[0.0, 0.0, 0.0, 0.0, 0.0, 0.0], [0.0, 0.0, 0.0, 0.0, 0.0, 0.0]]
2207 2.1850 0.0010 2.500508 0.007920 -9.810000 None [[0.0, 0.0, 0.0, 0.0, 0.0, 0.0], [0.0, 0.0, 0.0, 0.0, 0.0, 0.0]]
2208 2.1860 0.0010 2.500506 -0.001890 -9.810000 None [[0.0, 0.0, 0.0, 0.0, 0.0, 0.0], [0.0, 0.0, 0.0, 0.0, 0.0, 0.0]]
2209 2.1870 0.0003 2.500494 -0.011700 61.784396 [{'depth': 5.831118803811819e-06, 'geomIdA': 0, 'geomIdB': 1, 'modifiedDepth': 0.0, 'nhat_AB_W': [-0.0, -0.0, 1.0], 'p_WC': [0.0, 0.0, 2.0004970844405983], 'p_WCa': [0.0, 0.0, 2.0005], 'p_WCb': [0.0, 0.0, 2.0004941688811964]}] [[0.0, 0.0, -71.59439634164053, 0.0, 0.0, 0.0], [0.0, 0.0, 71.59439634164053, 0.0, 0.0, 0.0]]
2210 2.1873 0.0007 2.500497 0.008954 -9.810000 None [[0.0, 0.0, 0.0, 0.0, 0.0, 0.0], [0.0, 0.0, 0.0, 0.0, 0.0, 0.0]]
2211 2.1880 0.0010 2.500499 0.002423 -9.810000 None [[0.0, 0.0, 0.0, 0.0, 0.0, 0.0], [0.0, 0.0, 0.0, 0.0, 0.0, 0.0]]
2212 2.1890 0.0002 2.500491 -0.007387 407.487893 [{'depth': 8.611685610393494e-06, 'geomIdA': 0, 'geomIdB': 1, 'modifiedDepth': 7.386841619716478e-06, 'nhat_AB_W': [-0.0, -0.0, 1.0], 'p_WC': [0.0, 0.0, 2.0004956941571947], 'p_WCa': [0.0, 0.0, 2.0005], 'p_WCb': [0.0, 0.0, 2.0004913883143898]}] [[0.0, 0.0, -417.29789266957397, 0.0, 0.0, 0.0], [0.0, 0.0, 417.29789266957397, 0.0, 0.0, 0.0]]
2213 2.1892 0.0008 2.500503 0.064573 -9.810000 None [[0.0, 0.0, 0.0, 0.0, 0.0, 0.0], [0.0, 0.0, 0.0, 0.0, 0.0, 0.0]]
2214 2.1900 0.0010 2.500549 0.056495 -9.810000 None [[0.0, 0.0, 0.0, 0.0, 0.0, 0.0], [0.0, 0.0, 0.0, 0.0, 0.0, 0.0]]
2215 2.1910 0.0010 2.500596 0.046685 -9.810000 None [[0.0, 0.0, 0.0, 0.0, 0.0, 0.0], [0.0, 0.0, 0.0, 0.0, 0.0, 0.0]]
2216 2.1920 0.0010 2.500633 0.036875 -9.810000 None [[0.0, 0.0, 0.0, 0.0, 0.0, 0.0], [0.0, 0.0, 0.0, 0.0, 0.0, 0.0]]
2217 2.1930 0.0010 2.500660 0.027065 -9.810000 None [[0.0, 0.0, 0.0, 0.0, 0.0, 0.0], [0.0, 0.0, 0.0, 0.0, 0.0, 0.0]]
2218 2.1940 0.0010 2.500677 0.017255 -9.810000 None [[0.0, 0.0, 0.0, 0.0, 0.0, 0.0], [0.0, 0.0, 0.0, 0.0, 0.0, 0.0]]
2219 2.1950 0.0010 2.500685 0.007445 -9.810000 None [[0.0, 0.0, 0.0, 0.0, 0.0, 0.0], [0.0, 0.0, 0.0, 0.0, 0.0, 0.0]]
2220 2.1960 0.0010 2.500682 -0.002365 -9.810000 None [[0.0, 0.0, 0.0, 0.0, 0.0, 0.0], [0.0, 0.0, 0.0, 0.0, 0.0, 0.0]]
2221 2.1970 0.0010 2.500670 -0.012175 -9.810000 None [[0.0, 0.0, 0.0, 0.0, 0.0, 0.0], [0.0, 0.0, 0.0, 0.0, 0.0, 0.0]]
2222 2.1980 0.0010 2.500648 -0.021985 -9.810000 None [[0.0, 0.0, 0.0, 0.0, 0.0, 0.0], [0.0, 0.0, 0.0, 0.0, 0.0, 0.0]]
2223 2.1990 0.0010 2.500616 -0.031795 -9.810000 None [[0.0, 0.0, 0.0, 0.0, 0.0, 0.0], [0.0, 0.0, 0.0, 0.0, 0.0, 0.0]]
2224 2.2000 0.0010 2.500575 -0.041605 -9.810000 None [[0.0, 0.0, 0.0, 0.0, 0.0, 0.0], [0.0, 0.0, 0.0, 0.0, 0.0, 0.0]]
2225 2.2010 0.0010 2.500523 -0.051415 -9.810000 None [[0.0, 0.0, 0.0, 0.0, 0.0, 0.0], [0.0, 0.0, 0.0, 0.0, 0.0, 0.0]]
2226 2.2020 0.0003 2.500462 -0.061225 342.962339 [{'depth': 3.792678386371762e-05, 'geomIdA': 0, 'geomIdB': 1, 'modifiedDepth': 0.0, 'nhat_AB_W': [-0.0, -0.0, 1.0], 'p_WC': [0.0, 0.0, 2.0004810366080683], 'p_WCa': [0.0, 0.0, 2.0005], 'p_WCb': [0.0, 0.0, 2.0004620732161364]}] [[0.0, 0.0, -352.77233925636756, 0.0, 0.0, 0.0], [0.0, 0.0, 352.77233925636756, 0.0, 0.0, 0.0]]
2227 2.2023 0.0007 2.500477 0.048073 -9.810000 None [[0.0, 0.0, 0.0, 0.0, 0.0, 0.0], [0.0, 0.0, 0.0, 0.0, 0.0, 0.0]]
2228 2.2030 0.0010 2.500506 0.041390 -9.810000 None [[0.0, 0.0, 0.0, 0.0, 0.0, 0.0], [0.0, 0.0, 0.0, 0.0, 0.0, 0.0]]
2229 2.2040 0.0010 2.500537 0.031580 -9.810000 None [[0.0, 0.0, 0.0, 0.0, 0.0, 0.0], [0.0, 0.0, 0.0, 0.0, 0.0, 0.0]]
2230 2.2050 0.0010 2.500559 0.021770 -9.810000 None [[0.0, 0.0, 0.0, 0.0, 0.0, 0.0], [0.0, 0.0, 0.0, 0.0, 0.0, 0.0]]
2231 2.2060 0.0010 2.500571 0.011960 -9.810000 None [[0.0, 0.0, 0.0, 0.0, 0.0, 0.0], [0.0, 0.0, 0.0, 0.0, 0.0, 0.0]]
2232 2.2070 0.0010 2.500573 0.002150 -9.810000 None [[0.0, 0.0, 0.0, 0.0, 0.0, 0.0], [0.0, 0.0, 0.0, 0.0, 0.0, 0.0]]
2233 2.2080 0.0010 2.500565 -0.007660 -9.810000 None [[0.0, 0.0, 0.0, 0.0, 0.0, 0.0], [0.0, 0.0, 0.0, 0.0, 0.0, 0.0]]
2234 2.2090 0.0010 2.500548 -0.017470 -9.810000 None [[0.0, 0.0, 0.0, 0.0, 0.0, 0.0], [0.0, 0.0, 0.0, 0.0, 0.0, 0.0]]
2235 2.2100 0.0010 2.500521 -0.027280 -9.810000 None [[0.0, 0.0, 0.0, 0.0, 0.0, 0.0], [0.0, 0.0, 0.0, 0.0, 0.0, 0.0]]
2236 2.2110 0.0003 2.500484 -0.037090 205.893956 [{'depth': 1.6450887195595953e-05, 'geomIdA': 0, 'geomIdB': 1, 'modifiedDepth': 0.0, 'nhat_AB_W': [-0.0, -0.0, 1.0], 'p_WC': [0.0, 0.0, 2.0004917745564024], 'p_WCa': [0.0, 0.0, 2.0005], 'p_WCb': [0.0, 0.0, 2.0004835491128046]}] [[0.0, 0.0, -215.7039556733233, 0.0, 0.0, 0.0], [0.0, 0.0, 215.7039556733233, 0.0, 0.0, 0.0]]
2237 2.2113 0.0007 2.500493 0.029015 -9.810000 None [[0.0, 0.0, 0.0, 0.0, 0.0, 0.0], [0.0, 0.0, 0.0, 0.0, 0.0, 0.0]]
2238 2.2120 0.0010 2.500508 0.022355 -9.810000 None [[0.0, 0.0, 0.0, 0.0, 0.0, 0.0], [0.0, 0.0, 0.0, 0.0, 0.0, 0.0]]
2239 2.2130 0.0010 2.500521 0.012545 -9.810000 None [[0.0, 0.0, 0.0, 0.0, 0.0, 0.0], [0.0, 0.0, 0.0, 0.0, 0.0, 0.0]]
2240 2.2140 0.0010 2.500523 0.002735 -9.810000 None [[0.0, 0.0, 0.0, 0.0, 0.0, 0.0], [0.0, 0.0, 0.0, 0.0, 0.0, 0.0]]
2241 2.2150 0.0010 2.500516 -0.007075 -9.810000 None [[0.0, 0.0, 0.0, 0.0, 0.0, 0.0], [0.0, 0.0, 0.0, 0.0, 0.0, 0.0]]
2242 2.2160 0.0003 2.500499 -0.016885 91.184977 [{'depth': 6.373701331163772e-07, 'geomIdA': 0, 'geomIdB': 1, 'modifiedDepth': 0.0, 'nhat_AB_W': [-0.0, -0.0, 1.0], 'p_WC': [0.0, 0.0, 2.000499681314934], 'p_WCa': [0.0, 0.0, 2.0005], 'p_WCb': [0.0, 0.0, 2.000499362629867]}] [[0.0, 0.0, -100.99497738878297, 0.0, 0.0, 0.0], [0.0, 0.0, 100.99497738878297, 0.0, 0.0, 0.0]]
2243 2.2163 0.0007 2.500504 0.013054 -9.810000 None [[0.0, 0.0, 0.0, 0.0, 0.0, 0.0], [0.0, 0.0, 0.0, 0.0, 0.0, 0.0]]
2244 2.2170 0.0010 2.500508 0.006465 -9.810000 None [[0.0, 0.0, 0.0, 0.0, 0.0, 0.0], [0.0, 0.0, 0.0, 0.0, 0.0, 0.0]]
2245 2.2180 0.0010 2.500505 -0.003345 -9.810000 None [[0.0, 0.0, 0.0, 0.0, 0.0, 0.0], [0.0, 0.0, 0.0, 0.0, 0.0, 0.0]]
2246 2.2190 0.0003 2.500491 -0.013155 70.029721 [{'depth': 8.50856367229369e-06, 'geomIdA': 0, 'geomIdB': 1, 'modifiedDepth': 0.0, 'nhat_AB_W': [-0.0, -0.0, 1.0], 'p_WC': [0.0, 0.0, 2.000495745718164], 'p_WCa': [0.0, 0.0, 2.0005], 'p_WCb': [0.0, 0.0, 2.000491491436328]}] [[0.0, 0.0, -79.8397208379547, 0.0, 0.0, 0.0], [0.0, 0.0, 79.8397208379547, 0.0, 0.0, 0.0]]
2247 2.2193 0.0007 2.500495 0.010105 -9.810000 None [[0.0, 0.0, 0.0, 0.0, 0.0, 0.0], [0.0, 0.0, 0.0, 0.0, 0.0, 0.0]]
2248 2.2200 0.0010 2.500497 0.003553 -9.810000 None [[0.0, 0.0, 0.0, 0.0, 0.0, 0.0], [0.0, 0.0, 0.0, 0.0, 0.0, 0.0]]
2249 2.2210 0.0002 2.500491 -0.006257 343.675831 [{'depth': 9.036211826352059e-06, 'geomIdA': 0, 'geomIdB': 1, 'modifiedDepth': 6.256866725173893e-06, 'nhat_AB_W': [-0.0, -0.0, 1.0], 'p_WC': [0.0, 0.0, 2.000495481894087], 'p_WCa': [0.0, 0.0, 2.0005], 'p_WCb': [0.0, 0.0, 2.000490963788174]}] [[0.0, 0.0, -353.48583081066135, 0.0, 0.0, 0.0], [0.0, 0.0, 353.48583081066135, 0.0, 0.0, 0.0]]
2250 2.2212 0.0008 2.500501 0.054538 -9.810000 None [[0.0, 0.0, 0.0, 0.0, 0.0, 0.0], [0.0, 0.0, 0.0, 0.0, 0.0, 0.0]]
2251 2.2220 0.0010 2.500539 0.046463 -9.810000 None [[0.0, 0.0, 0.0, 0.0, 0.0, 0.0], [0.0, 0.0, 0.0, 0.0, 0.0, 0.0]]
2252 2.2230 0.0010 2.500576 0.036653 -9.810000 None [[0.0, 0.0, 0.0, 0.0, 0.0, 0.0], [0.0, 0.0, 0.0, 0.0, 0.0, 0.0]]
2253 2.2240 0.0010 2.500602 0.026843 -9.810000 None [[0.0, 0.0, 0.0, 0.0, 0.0, 0.0], [0.0, 0.0, 0.0, 0.0, 0.0, 0.0]]
2254 2.2250 0.0010 2.500619 0.017033 -9.810000 None [[0.0, 0.0, 0.0, 0.0, 0.0, 0.0], [0.0, 0.0, 0.0, 0.0, 0.0, 0.0]]
2255 2.2260 0.0010 2.500627 0.007223 -9.810000 None [[0.0, 0.0, 0.0, 0.0, 0.0, 0.0], [0.0, 0.0, 0.0, 0.0, 0.0, 0.0]]
2256 2.2270 0.0010 2.500624 -0.002587 -9.810000 None [[0.0, 0.0, 0.0, 0.0, 0.0, 0.0], [0.0, 0.0, 0.0, 0.0, 0.0, 0.0]]
2257 2.2280 0.0010 2.500612 -0.012397 -9.810000 None [[0.0, 0.0, 0.0, 0.0, 0.0, 0.0], [0.0, 0.0, 0.0, 0.0, 0.0, 0.0]]
2258 2.2290 0.0010 2.500589 -0.022207 -9.810000 None [[0.0, 0.0, 0.0, 0.0, 0.0, 0.0], [0.0, 0.0, 0.0, 0.0, 0.0, 0.0]]
2259 2.2300 0.0010 2.500557 -0.032017 -9.810000 None [[0.0, 0.0, 0.0, 0.0, 0.0, 0.0], [0.0, 0.0, 0.0, 0.0, 0.0, 0.0]]
2260 2.2310 0.0010 2.500516 -0.041827 -9.810000 None [[0.0, 0.0, 0.0, 0.0, 0.0, 0.0], [0.0, 0.0, 0.0, 0.0, 0.0, 0.0]]
2261 2.2320 0.0003 2.500464 -0.051637 288.504529 [{'depth': 3.6059430483348365e-05, 'geomIdA': 0, 'geomIdB': 1, 'modifiedDepth': 0.0, 'nhat_AB_W': [-0.0, -0.0, 1.0], 'p_WC': [0.0, 0.0, 2.0004819702847585], 'p_WCa': [0.0, 0.0, 2.0005], 'p_WCb': [0.0, 0.0, 2.000463940569517]}] [[0.0, 0.0, -298.3145294105435, 0.0, 0.0, 0.0], [0.0, 0.0, 298.3145294105435, 0.0, 0.0, 0.0]]
2262 2.2323 0.0007 2.500477 0.040502 -9.810000 None [[0.0, 0.0, 0.0, 0.0, 0.0, 0.0], [0.0, 0.0, 0.0, 0.0, 0.0, 0.0]]
2263 2.2330 0.0010 2.500500 0.033825 -9.810000 None [[0.0, 0.0, 0.0, 0.0, 0.0, 0.0], [0.0, 0.0, 0.0, 0.0, 0.0, 0.0]]
2264 2.2340 0.0010 2.500524 0.024015 -9.810000 None [[0.0, 0.0, 0.0, 0.0, 0.0, 0.0], [0.0, 0.0, 0.0, 0.0, 0.0, 0.0]]
2265 2.2350 0.0010 2.500538 0.014205 -9.810000 None [[0.0, 0.0, 0.0, 0.0, 0.0, 0.0], [0.0, 0.0, 0.0, 0.0, 0.0, 0.0]]
2266 2.2360 0.0010 2.500543 0.004395 -9.810000 None [[0.0, 0.0, 0.0, 0.0, 0.0, 0.0], [0.0, 0.0, 0.0, 0.0, 0.0, 0.0]]
2267 2.2370 0.0010 2.500537 -0.005415 -9.810000 None [[0.0, 0.0, 0.0, 0.0, 0.0, 0.0], [0.0, 0.0, 0.0, 0.0, 0.0, 0.0]]
2268 2.2380 0.0010 2.500522 -0.015225 -9.810000 None [[0.0, 0.0, 0.0, 0.0, 0.0, 0.0], [0.0, 0.0, 0.0, 0.0, 0.0, 0.0]]
2269 2.2390 0.0003 2.500497 -0.025035 137.441085 [{'depth': 3.1616937166134562e-06, 'geomIdA': 0, 'geomIdB': 1, 'modifiedDepth': 0.0, 'nhat_AB_W': [-0.0, -0.0, 1.0], 'p_WC': [0.0, 0.0, 2.000498419153142], 'p_WCa': [0.0, 0.0, 2.0005], 'p_WCb': [0.0, 0.0, 2.0004968383062836]}] [[0.0, 0.0, -147.25108487374862, 0.0, 0.0, 0.0], [0.0, 0.0, 147.25108487374862, 0.0, 0.0, 0.0]]
2270 2.2393 0.0007 2.500503 0.019494 -9.810000 None [[0.0, 0.0, 0.0, 0.0, 0.0, 0.0], [0.0, 0.0, 0.0, 0.0, 0.0, 0.0]]
2271 2.2400 0.0010 2.500512 0.012862 -9.810000 None [[0.0, 0.0, 0.0, 0.0, 0.0, 0.0], [0.0, 0.0, 0.0, 0.0, 0.0, 0.0]]
2272 2.2410 0.0010 2.500515 0.003052 -9.810000 None [[0.0, 0.0, 0.0, 0.0, 0.0, 0.0], [0.0, 0.0, 0.0, 0.0, 0.0, 0.0]]
2273 2.2420 0.0010 2.500508 -0.006758 -9.810000 None [[0.0, 0.0, 0.0, 0.0, 0.0, 0.0], [0.0, 0.0, 0.0, 0.0, 0.0, 0.0]]
2274 2.2430 0.0003 2.500492 -0.016568 89.386488 [{'depth': 8.424995873390628e-06, 'geomIdA': 0, 'geomIdB': 1, 'modifiedDepth': 0.0, 'nhat_AB_W': [-0.0, -0.0, 1.0], 'p_WC': [0.0, 0.0, 2.0004957875020635], 'p_WCa': [0.0, 0.0, 2.0005], 'p_WCb': [0.0, 0.0, 2.0004915750041268]}] [[0.0, 0.0, -99.19648843704144, 0.0, 0.0, 0.0], [0.0, 0.0, 99.19648843704144, 0.0, 0.0, 0.0]]
2275 2.2433 0.0007 2.500496 0.012804 -9.810000 None [[0.0, 0.0, 0.0, 0.0, 0.0, 0.0], [0.0, 0.0, 0.0, 0.0, 0.0, 0.0]]
2276 2.2440 0.0010 2.500500 0.006217 -9.810000 None [[0.0, 0.0, 0.0, 0.0, 0.0, 0.0], [0.0, 0.0, 0.0, 0.0, 0.0, 0.0]]
2277 2.2450 0.0002 2.500496 -0.003593 193.234295 [{'depth': 3.636587920574641e-06, 'geomIdA': 0, 'geomIdB': 1, 'modifiedDepth': 3.5929313746407843e-06, 'nhat_AB_W': [-0.0, -0.0, 1.0], 'p_WC': [0.0, 0.0, 2.00049818170604], 'p_WCa': [0.0, 0.0, 2.0005], 'p_WCb': [0.0, 0.0, 2.0004963634120796]}] [[0.0, 0.0, -203.04429477270253, 0.0, 0.0, 0.0], [0.0, 0.0, 203.04429477270253, 0.0, 0.0, 0.0]]
2278 2.2452 0.0008 2.500502 0.030878 -9.810000 None [[0.0, 0.0, 0.0, 0.0, 0.0, 0.0], [0.0, 0.0, 0.0, 0.0, 0.0, 0.0]]
2279 2.2460 0.0010 2.500521 0.022818 -9.810000 None [[0.0, 0.0, 0.0, 0.0, 0.0, 0.0], [0.0, 0.0, 0.0, 0.0, 0.0, 0.0]]
2280 2.2470 0.0010 2.500534 0.013008 -9.810000 None [[0.0, 0.0, 0.0, 0.0, 0.0, 0.0], [0.0, 0.0, 0.0, 0.0, 0.0, 0.0]]
2281 2.2480 0.0010 2.500537 0.003198 -9.810000 None [[0.0, 0.0, 0.0, 0.0, 0.0, 0.0], [0.0, 0.0, 0.0, 0.0, 0.0, 0.0]]
2282 2.2490 0.0010 2.500530 -0.006612 -9.810000 None [[0.0, 0.0, 0.0, 0.0, 0.0, 0.0], [0.0, 0.0, 0.0, 0.0, 0.0, 0.0]]
2283 2.2500 0.0010 2.500514 -0.016422 -9.810000 None [[0.0, 0.0, 0.0, 0.0, 0.0, 0.0], [0.0, 0.0, 0.0, 0.0, 0.0, 0.0]]
2284 2.2510 0.0003 2.500488 -0.026232 144.239624 [{'depth': 1.2443524623151347e-05, 'geomIdA': 0, 'geomIdB': 1, 'modifiedDepth': 0.0, 'nhat_AB_W': [-0.0, -0.0, 1.0], 'p_WC': [0.0, 0.0, 2.0004937782376886], 'p_WCa': [0.0, 0.0, 2.0005], 'p_WCb': [0.0, 0.0, 2.000487556475377]}] [[0.0, 0.0, -154.04962429382704, 0.0, 0.0, 0.0], [0.0, 0.0, 154.04962429382704, 0.0, 0.0, 0.0]]
2285 2.2513 0.0007 2.500494 0.020440 -9.810000 None [[0.0, 0.0, 0.0, 0.0, 0.0, 0.0], [0.0, 0.0, 0.0, 0.0, 0.0, 0.0]]
2286 2.2520 0.0010 2.500504 0.013804 -9.810000 None [[0.0, 0.0, 0.0, 0.0, 0.0, 0.0], [0.0, 0.0, 0.0, 0.0, 0.0, 0.0]]
2287 2.2530 0.0010 2.500508 0.003994 -9.810000 None [[0.0, 0.0, 0.0, 0.0, 0.0, 0.0], [0.0, 0.0, 0.0, 0.0, 0.0, 0.0]]
2288 2.2540 0.0010 2.500502 -0.005816 -9.810000 None [[0.0, 0.0, 0.0, 0.0, 0.0, 0.0], [0.0, 0.0, 0.0, 0.0, 0.0, 0.0]]
2289 2.2550 0.0003 2.500486 -0.015626 84.043306 [{'depth': 1.3940603741158242e-05, 'geomIdA': 0, 'geomIdB': 1, 'modifiedDepth': 0.0, 'nhat_AB_W': [-0.0, -0.0, 1.0], 'p_WC': [0.0, 0.0, 2.00049302969813], 'p_WCa': [0.0, 0.0, 2.0005], 'p_WCb': [0.0, 0.0, 2.000486059396259]}] [[0.0, 0.0, -93.85330644062404, 0.0, 0.0, 0.0], [0.0, 0.0, 93.85330644062404, 0.0, 0.0, 0.0]]
2290 2.2553 0.0007 2.500490 0.012059 -9.810000 None [[0.0, 0.0, 0.0, 0.0, 0.0, 0.0], [0.0, 0.0, 0.0, 0.0, 0.0, 0.0]]
2291 2.2560 0.0010 2.500494 0.005481 -9.810000 None [[0.0, 0.0, 0.0, 0.0, 0.0, 0.0], [0.0, 0.0, 0.0, 0.0, 0.0, 0.0]]
2292 2.2570 0.0002 2.500489 -0.004329 234.828759 [{'depth': 1.0622466009913012e-05, 'geomIdA': 0, 'geomIdB': 1, 'modifiedDepth': 4.329447973461242e-06, 'nhat_AB_W': [-0.0, -0.0, 1.0], 'p_WC': [0.0, 0.0, 2.000494688766995], 'p_WCa': [0.0, 0.0, 2.0005], 'p_WCb': [0.0, 0.0, 2.0004893775339903]}] [[0.0, 0.0, -244.63875931015275, 0.0, 0.0, 0.0], [0.0, 0.0, 244.63875931015275, 0.0, 0.0, 0.0]]
2293 2.2572 0.0008 2.500496 0.037420 -9.810000 None [[0.0, 0.0, 0.0, 0.0, 0.0, 0.0], [0.0, 0.0, 0.0, 0.0, 0.0, 0.0]]
2294 2.2580 0.0010 2.500520 0.029354 -9.810000 None [[0.0, 0.0, 0.0, 0.0, 0.0, 0.0], [0.0, 0.0, 0.0, 0.0, 0.0, 0.0]]
2295 2.2590 0.0010 2.500540 0.019544 -9.810000 None [[0.0, 0.0, 0.0, 0.0, 0.0, 0.0], [0.0, 0.0, 0.0, 0.0, 0.0, 0.0]]
2296 2.2600 0.0010 2.500549 0.009734 -9.810000 None [[0.0, 0.0, 0.0, 0.0, 0.0, 0.0], [0.0, 0.0, 0.0, 0.0, 0.0, 0.0]]
2297 2.2610 0.0010 2.500549 -0.000076 -9.810000 None [[0.0, 0.0, 0.0, 0.0, 0.0, 0.0], [0.0, 0.0, 0.0, 0.0, 0.0, 0.0]]
2298 2.2620 0.0010 2.500539 -0.009886 -9.810000 None [[0.0, 0.0, 0.0, 0.0, 0.0, 0.0], [0.0, 0.0, 0.0, 0.0, 0.0, 0.0]]
2299 2.2630 0.0010 2.500520 -0.019696 -9.810000 None [[0.0, 0.0, 0.0, 0.0, 0.0, 0.0], [0.0, 0.0, 0.0, 0.0, 0.0, 0.0]]
2300 2.2640 0.0003 2.500490 -0.029506 162.825302 [{'depth': 9.719741276281724e-06, 'geomIdA': 0, 'geomIdB': 1, 'modifiedDepth': 0.0, 'nhat_AB_W': [-0.0, -0.0, 1.0], 'p_WC': [0.0, 0.0, 2.0004951401293622], 'p_WCa': [0.0, 0.0, 2.0005], 'p_WCb': [0.0, 0.0, 2.000490280258724]}] [[0.0, 0.0, -172.63530198461498, 0.0, 0.0, 0.0], [0.0, 0.0, 172.63530198461498, 0.0, 0.0, 0.0]]
2301 2.2643 0.0007 2.500498 0.023025 -9.810000 None [[0.0, 0.0, 0.0, 0.0, 0.0, 0.0], [0.0, 0.0, 0.0, 0.0, 0.0, 0.0]]
2302 2.2650 0.0010 2.500509 0.016380 -9.810000 None [[0.0, 0.0, 0.0, 0.0, 0.0, 0.0], [0.0, 0.0, 0.0, 0.0, 0.0, 0.0]]
2303 2.2660 0.0010 2.500515 0.006570 -9.810000 None [[0.0, 0.0, 0.0, 0.0, 0.0, 0.0], [0.0, 0.0, 0.0, 0.0, 0.0, 0.0]]
2304 2.2670 0.0010 2.500512 -0.003240 -9.810000 None [[0.0, 0.0, 0.0, 0.0, 0.0, 0.0], [0.0, 0.0, 0.0, 0.0, 0.0, 0.0]]
2305 2.2680 0.0003 2.500499 -0.013050 69.434123 [{'depth': 9.151055384570839e-07, 'geomIdA': 0, 'geomIdB': 1, 'modifiedDepth': 0.0, 'nhat_AB_W': [-0.0, -0.0, 1.0], 'p_WC': [0.0, 0.0, 2.0004995424472307], 'p_WCa': [0.0, 0.0, 2.0005], 'p_WCb': [0.0, 0.0, 2.0004990848944617]}] [[0.0, 0.0, -79.2441227336289, 0.0, 0.0, 0.0], [0.0, 0.0, 79.2441227336289, 0.0, 0.0, 0.0]]
2306 2.2683 0.0007 2.500502 0.010022 -9.810000 None [[0.0, 0.0, 0.0, 0.0, 0.0, 0.0], [0.0, 0.0, 0.0, 0.0, 0.0, 0.0]]
2307 2.2690 0.0010 2.500505 0.003471 -9.810000 None [[0.0, 0.0, 0.0, 0.0, 0.0, 0.0], [0.0, 0.0, 0.0, 0.0, 0.0, 0.0]]
2308 2.2700 0.0004 2.500498 -0.006339 31.466222 [{'depth': 1.6057858265305924e-06, 'geomIdA': 0, 'geomIdB': 1, 'modifiedDepth': 0.0, 'nhat_AB_W': [-0.0, -0.0, 1.0], 'p_WC': [0.0, 0.0, 2.0004991971070867], 'p_WCa': [0.0, 0.0, 2.0005], 'p_WCb': [0.0, 0.0, 2.0004983942141736]}] [[0.0, 0.0, -41.27622235017127, 0.0, 0.0, 0.0], [0.0, 0.0, 41.27622235017127, 0.0, 0.0, 0.0]]
2309 2.2704 0.0006 2.500500 0.004701 -9.810000 None [[0.0, 0.0, 0.0, 0.0, 0.0, 0.0], [0.0, 0.0, 0.0, 0.0, 0.0, 0.0]]
2310 2.2710 0.0005 2.500499 -0.001667 5.510074 [{'depth': 1.038597507552197e-06, 'geomIdA': 0, 'geomIdB': 1, 'modifiedDepth': 0.0, 'nhat_AB_W': [-0.0, -0.0, 1.0], 'p_WC': [0.0, 0.0, 2.0004994807012464], 'p_WCa': [0.0, 0.0, 2.0005], 'p_WCb': [0.0, 0.0, 2.0004989614024926]}] [[0.0, 0.0, -15.320073859524388, 0.0, 0.0, 0.0], [0.0, 0.0, 15.320073859524388, 0.0, 0.0, 0.0]]
2311 2.2715 0.0005 2.500499 0.000829 -9.810000 None [[0.0, 0.0, 0.0, 0.0, 0.0, 0.0], [0.0, 0.0, 0.0, 0.0, 0.0, 0.0]]
2312 2.2720 0.0002 2.500497 -0.004536 137.059539 [{'depth': 3.1441765599993232e-06, 'geomIdA': 0, 'geomIdB': 1, 'modifiedDepth': 2.4812508572225056e-06, 'nhat_AB_W': [-0.0, -0.0, 1.0], 'p_WC': [0.0, 0.0, 2.00049842791172], 'p_WCa': [0.0, 0.0, 2.0005], 'p_WCb': [0.0, 0.0, 2.00049685582344]}] [[0.0, 0.0, -146.86953870900402, 0.0, 0.0, 0.0], [0.0, 0.0, 146.86953870900402, 0.0, 0.0, 0.0]]
2313 2.2722 0.0008 2.500501 0.021258 -9.810000 None [[0.0, 0.0, 0.0, 0.0, 0.0, 0.0], [0.0, 0.0, 0.0, 0.0, 0.0, 0.0]]
2314 2.2730 0.0010 2.500512 0.013294 -9.810000 None [[0.0, 0.0, 0.0, 0.0, 0.0, 0.0], [0.0, 0.0, 0.0, 0.0, 0.0, 0.0]]
2315 2.2740 0.0010 2.500515 0.003484 -9.810000 None [[0.0, 0.0, 0.0, 0.0, 0.0, 0.0], [0.0, 0.0, 0.0, 0.0, 0.0, 0.0]]
2316 2.2750 0.0010 2.500509 -0.006326 -9.810000 None [[0.0, 0.0, 0.0, 0.0, 0.0, 0.0], [0.0, 0.0, 0.0, 0.0, 0.0, 0.0]]
2317 2.2760 0.0003 2.500493 -0.016136 86.933641 [{'depth': 7.3277627468115725e-06, 'geomIdA': 0, 'geomIdB': 1, 'modifiedDepth': 0.0, 'nhat_AB_W': [-0.0, -0.0, 1.0], 'p_WC': [0.0, 0.0, 2.0004963361186268], 'p_WCa': [0.0, 0.0, 2.0005], 'p_WCb': [0.0, 0.0, 2.0004926722372534]}] [[0.0, 0.0, -96.74364094127459, 0.0, 0.0, 0.0], [0.0, 0.0, 96.74364094127459, 0.0, 0.0, 0.0]]
2318 2.2763 0.0007 2.500497 0.012462 -9.810000 None [[0.0, 0.0, 0.0, 0.0, 0.0, 0.0], [0.0, 0.0, 0.0, 0.0, 0.0, 0.0]]
2319 2.2770 0.0010 2.500501 0.005879 -9.810000 None [[0.0, 0.0, 0.0, 0.0, 0.0, 0.0], [0.0, 0.0, 0.0, 0.0, 0.0, 0.0]]
2320 2.2780 0.0004 2.500497 -0.003931 17.960237 [{'depth': 3.214518180971737e-06, 'geomIdA': 0, 'geomIdB': 1, 'modifiedDepth': 0.0, 'nhat_AB_W': [-0.0, -0.0, 1.0], 'p_WC': [0.0, 0.0, 2.0004983927409095], 'p_WCa': [0.0, 0.0, 2.0005], 'p_WCb': [0.0, 0.0, 2.000496785481819]}] [[0.0, 0.0, -27.770236785833745, 0.0, 0.0, 0.0], [0.0, 0.0, 27.770236785833745, 0.0, 0.0, 0.0]]
2321 2.2784 0.0006 2.500498 0.002771 -9.810000 None [[0.0, 0.0, 0.0, 0.0, 0.0, 0.0], [0.0, 0.0, 0.0, 0.0, 0.0, 0.0]]
2322 2.2790 0.0002 2.500496 -0.003378 113.933993 [{'depth': 4.297995618074424e-06, 'geomIdA': 0, 'geomIdB': 1, 'modifiedDepth': 2.117545602864368e-06, 'nhat_AB_W': [-0.0, -0.0, 1.0], 'p_WC': [0.0, 0.0, 2.000497851002191], 'p_WCa': [0.0, 0.0, 2.0005], 'p_WCb': [0.0, 0.0, 2.000495702004382]}] [[0.0, 0.0, -123.7439932237641, 0.0, 0.0, 0.0], [0.0, 0.0, 123.7439932237641, 0.0, 0.0, 0.0]]
2323 2.2792 0.0008 2.500499 0.017913 -9.810000 None [[0.0, 0.0, 0.0, 0.0, 0.0, 0.0], [0.0, 0.0, 0.0, 0.0, 0.0, 0.0]]
2324 2.2800 0.0010 2.500507 0.009936 -9.810000 None [[0.0, 0.0, 0.0, 0.0, 0.0, 0.0], [0.0, 0.0, 0.0, 0.0, 0.0, 0.0]]
2325 2.2810 0.0010 2.500507 0.000126 -9.810000 None [[0.0, 0.0, 0.0, 0.0, 0.0, 0.0], [0.0, 0.0, 0.0, 0.0, 0.0, 0.0]]
2326 2.2820 0.0003 2.500498 -0.009684 50.364683 [{'depth': 2.4282283290766316e-06, 'geomIdA': 0, 'geomIdB': 1, 'modifiedDepth': 0.0, 'nhat_AB_W': [-0.0, -0.0, 1.0], 'p_WC': [0.0, 0.0, 2.000498785885836], 'p_WCa': [0.0, 0.0, 2.0005], 'p_WCb': [0.0, 0.0, 2.000497571771671]}] [[0.0, 0.0, -60.17468292359013, 0.0, 0.0, 0.0], [0.0, 0.0, 60.17468292359013, 0.0, 0.0, 0.0]]
2327 2.2823 0.0007 2.500500 0.007357 -9.810000 None [[0.0, 0.0, 0.0, 0.0, 0.0, 0.0], [0.0, 0.0, 0.0, 0.0, 0.0, 0.0]]
2328 2.2830 0.0010 2.500501 0.000866 -9.810000 None [[0.0, 0.0, 0.0, 0.0, 0.0, 0.0], [0.0, 0.0, 0.0, 0.0, 0.0, 0.0]]
2329 2.2840 0.0003 2.500492 -0.008944 46.178275 [{'depth': 8.309587864019363e-06, 'geomIdA': 0, 'geomIdB': 1, 'modifiedDepth': 0.0, 'nhat_AB_W': [-0.0, -0.0, 1.0], 'p_WC': [0.0, 0.0, 2.000495845206068], 'p_WCa': [0.0, 0.0, 2.0005], 'p_WCb': [0.0, 0.0, 2.000491690412136]}] [[0.0, 0.0, -55.988274804840096, 0.0, 0.0, 0.0], [0.0, 0.0, 55.988274804840096, 0.0, 0.0, 0.0]]
2330 2.2843 0.0007 2.500494 0.006771 -9.810000 None [[0.0, 0.0, 0.0, 0.0, 0.0, 0.0], [0.0, 0.0, 0.0, 0.0, 0.0, 0.0]]
2331 2.2850 0.0010 2.500494 0.000299 -9.810000 None [[0.0, 0.0, 0.0, 0.0, 0.0, 0.0], [0.0, 0.0, 0.0, 0.0, 0.0, 0.0]]
2332 2.2860 0.0002 2.500485 -0.009511 527.444395 [{'depth': 1.5319347310249753e-05, 'geomIdA': 0, 'geomIdB': 1, 'modifiedDepth': 9.51102972468476e-06, 'nhat_AB_W': [-0.0, -0.0, 1.0], 'p_WC': [0.0, 0.0, 2.0004923403263453], 'p_WCa': [0.0, 0.0, 2.0005], 'p_WCb': [0.0, 0.0, 2.00048468065269]}] [[0.0, 0.0, -537.2543954873859, 0.0, 0.0, 0.0], [0.0, 0.0, 537.2543954873859, 0.0, 0.0, 0.0]]
2333 2.2862 0.0008 2.500499 0.083436 -9.810000 None [[0.0, 0.0, 0.0, 0.0, 0.0, 0.0], [0.0, 0.0, 0.0, 0.0, 0.0, 0.0]]
2334 2.2870 0.0010 2.500561 0.075355 -9.810000 None [[0.0, 0.0, 0.0, 0.0, 0.0, 0.0], [0.0, 0.0, 0.0, 0.0, 0.0, 0.0]]
2335 2.2880 0.0010 2.500627 0.065545 -9.810000 None [[0.0, 0.0, 0.0, 0.0, 0.0, 0.0], [0.0, 0.0, 0.0, 0.0, 0.0, 0.0]]
2336 2.2890 0.0010 2.500683 0.055735 -9.810000 None [[0.0, 0.0, 0.0, 0.0, 0.0, 0.0], [0.0, 0.0, 0.0, 0.0, 0.0, 0.0]]
2337 2.2900 0.0010 2.500729 0.045925 -9.810000 None [[0.0, 0.0, 0.0, 0.0, 0.0, 0.0], [0.0, 0.0, 0.0, 0.0, 0.0, 0.0]]
2338 2.2910 0.0010 2.500765 0.036115 -9.810000 None [[0.0, 0.0, 0.0, 0.0, 0.0, 0.0], [0.0, 0.0, 0.0, 0.0, 0.0, 0.0]]
2339 2.2920 0.0010 2.500791 0.026305 -9.810000 None [[0.0, 0.0, 0.0, 0.0, 0.0, 0.0], [0.0, 0.0, 0.0, 0.0, 0.0, 0.0]]
2340 2.2930 0.0010 2.500808 0.016495 -9.810000 None [[0.0, 0.0, 0.0, 0.0, 0.0, 0.0], [0.0, 0.0, 0.0, 0.0, 0.0, 0.0]]
2341 2.2940 0.0010 2.500814 0.006685 -9.810000 None [[0.0, 0.0, 0.0, 0.0, 0.0, 0.0], [0.0, 0.0, 0.0, 0.0, 0.0, 0.0]]
2342 2.2950 0.0010 2.500811 -0.003125 -9.810000 None [[0.0, 0.0, 0.0, 0.0, 0.0, 0.0], [0.0, 0.0, 0.0, 0.0, 0.0, 0.0]]
2343 2.2960 0.0010 2.500798 -0.012935 -9.810000 None [[0.0, 0.0, 0.0, 0.0, 0.0, 0.0], [0.0, 0.0, 0.0, 0.0, 0.0, 0.0]]
2344 2.2970 0.0010 2.500775 -0.022745 -9.810000 None [[0.0, 0.0, 0.0, 0.0, 0.0, 0.0], [0.0, 0.0, 0.0, 0.0, 0.0, 0.0]]
2345 2.2980 0.0010 2.500743 -0.032555 -9.810000 None [[0.0, 0.0, 0.0, 0.0, 0.0, 0.0], [0.0, 0.0, 0.0, 0.0, 0.0, 0.0]]
2346 2.2990 0.0010 2.500701 -0.042365 -9.810000 None [[0.0, 0.0, 0.0, 0.0, 0.0, 0.0], [0.0, 0.0, 0.0, 0.0, 0.0, 0.0]]
2347 2.3000 0.0010 2.500648 -0.052175 -9.810000 None [[0.0, 0.0, 0.0, 0.0, 0.0, 0.0], [0.0, 0.0, 0.0, 0.0, 0.0, 0.0]]
2348 2.3010 0.0010 2.500586 -0.061985 -9.810000 None [[0.0, 0.0, 0.0, 0.0, 0.0, 0.0], [0.0, 0.0, 0.0, 0.0, 0.0, 0.0]]
2349 2.3020 0.0010 2.500515 -0.071795 -9.810000 None [[0.0, 0.0, 0.0, 0.0, 0.0, 0.0], [0.0, 0.0, 0.0, 0.0, 0.0, 0.0]]
2350 2.3030 0.0003 2.500433 -0.081605 458.722289 [{'depth': 6.702729568663912e-05, 'geomIdA': 0, 'geomIdB': 1, 'modifiedDepth': 0.0, 'nhat_AB_W': [-0.0, -0.0, 1.0], 'p_WC': [0.0, 0.0, 2.000466486352157], 'p_WCa': [0.0, 0.0, 2.0005], 'p_WCb': [0.0, 0.0, 2.0004329727043135]}] [[0.0, 0.0, -468.5322887923556, 0.0, 0.0, 0.0], [0.0, 0.0, 468.5322887923556, 0.0, 0.0, 0.0]]
2351 2.3033 0.0007 2.500453 0.064166 -9.810000 None [[0.0, 0.0, 0.0, 0.0, 0.0, 0.0], [0.0, 0.0, 0.0, 0.0, 0.0, 0.0]]
2352 2.3040 0.0010 2.500493 0.057473 -9.810000 None [[0.0, 0.0, 0.0, 0.0, 0.0, 0.0], [0.0, 0.0, 0.0, 0.0, 0.0, 0.0]]
2353 2.3050 0.0010 2.500540 0.047663 -9.810000 None [[0.0, 0.0, 0.0, 0.0, 0.0, 0.0], [0.0, 0.0, 0.0, 0.0, 0.0, 0.0]]
2354 2.3060 0.0010 2.500578 0.037853 -9.810000 None [[0.0, 0.0, 0.0, 0.0, 0.0, 0.0], [0.0, 0.0, 0.0, 0.0, 0.0, 0.0]]
2355 2.3070 0.0010 2.500606 0.028043 -9.810000 None [[0.0, 0.0, 0.0, 0.0, 0.0, 0.0], [0.0, 0.0, 0.0, 0.0, 0.0, 0.0]]
2356 2.3080 0.0010 2.500624 0.018233 -9.810000 None [[0.0, 0.0, 0.0, 0.0, 0.0, 0.0], [0.0, 0.0, 0.0, 0.0, 0.0, 0.0]]
2357 2.3090 0.0010 2.500633 0.008423 -9.810000 None [[0.0, 0.0, 0.0, 0.0, 0.0, 0.0], [0.0, 0.0, 0.0, 0.0, 0.0, 0.0]]
2358 2.3100 0.0010 2.500631 -0.001387 -9.810000 None [[0.0, 0.0, 0.0, 0.0, 0.0, 0.0], [0.0, 0.0, 0.0, 0.0, 0.0, 0.0]]
2359 2.3110 0.0010 2.500620 -0.011197 -9.810000 None [[0.0, 0.0, 0.0, 0.0, 0.0, 0.0], [0.0, 0.0, 0.0, 0.0, 0.0, 0.0]]
2360 2.3120 0.0010 2.500599 -0.021007 -9.810000 None [[0.0, 0.0, 0.0, 0.0, 0.0, 0.0], [0.0, 0.0, 0.0, 0.0, 0.0, 0.0]]
2361 2.3130 0.0010 2.500568 -0.030817 -9.810000 None [[0.0, 0.0, 0.0, 0.0, 0.0, 0.0], [0.0, 0.0, 0.0, 0.0, 0.0, 0.0]]
2362 2.3140 0.0010 2.500528 -0.040627 -9.810000 None [[0.0, 0.0, 0.0, 0.0, 0.0, 0.0], [0.0, 0.0, 0.0, 0.0, 0.0, 0.0]]
2363 2.3150 0.0003 2.500477 -0.050437 281.690540 [{'depth': 2.268167165242474e-05, 'geomIdA': 0, 'geomIdB': 1, 'modifiedDepth': 0.0, 'nhat_AB_W': [-0.0, -0.0, 1.0], 'p_WC': [0.0, 0.0, 2.0004886591641737], 'p_WCa': [0.0, 0.0, 2.0005], 'p_WCb': [0.0, 0.0, 2.0004773183283477]}] [[0.0, 0.0, -291.50053996025827, 0.0, 0.0, 0.0], [0.0, 0.0, 291.50053996025827, 0.0, 0.0, 0.0]]
2364 2.3153 0.0007 2.500490 0.039555 -9.810000 None [[0.0, 0.0, 0.0, 0.0, 0.0, 0.0], [0.0, 0.0, 0.0, 0.0, 0.0, 0.0]]
2365 2.3160 0.0010 2.500512 0.032879 -9.810000 None [[0.0, 0.0, 0.0, 0.0, 0.0, 0.0], [0.0, 0.0, 0.0, 0.0, 0.0, 0.0]]
2366 2.3170 0.0010 2.500535 0.023069 -9.810000 None [[0.0, 0.0, 0.0, 0.0, 0.0, 0.0], [0.0, 0.0, 0.0, 0.0, 0.0, 0.0]]
2367 2.3180 0.0010 2.500549 0.013259 -9.810000 None [[0.0, 0.0, 0.0, 0.0, 0.0, 0.0], [0.0, 0.0, 0.0, 0.0, 0.0, 0.0]]
2368 2.3190 0.0010 2.500552 0.003449 -9.810000 None [[0.0, 0.0, 0.0, 0.0, 0.0, 0.0], [0.0, 0.0, 0.0, 0.0, 0.0, 0.0]]
2369 2.3200 0.0010 2.500546 -0.006361 -9.810000 None [[0.0, 0.0, 0.0, 0.0, 0.0, 0.0], [0.0, 0.0, 0.0, 0.0, 0.0, 0.0]]
2370 2.3210 0.0010 2.500530 -0.016171 -9.810000 None [[0.0, 0.0, 0.0, 0.0, 0.0, 0.0], [0.0, 0.0, 0.0, 0.0, 0.0, 0.0]]
2371 2.3220 0.0010 2.500504 -0.025981 -9.810000 None [[0.0, 0.0, 0.0, 0.0, 0.0, 0.0], [0.0, 0.0, 0.0, 0.0, 0.0, 0.0]]
2372 2.3230 0.0003 2.500468 -0.035791 198.516433 [{'depth': 3.219944246968254e-05, 'geomIdA': 0, 'geomIdB': 1, 'modifiedDepth': 0.0, 'nhat_AB_W': [-0.0, -0.0, 1.0], 'p_WC': [0.0, 0.0, 2.0004839002787653], 'p_WCa': [0.0, 0.0, 2.0005], 'p_WCb': [0.0, 0.0, 2.0004678005575305]}] [[0.0, 0.0, -208.32643292428477, 0.0, 0.0, 0.0], [0.0, 0.0, 208.32643292428477, 0.0, 0.0, 0.0]]
2373 2.3233 0.0007 2.500477 0.027989 -9.810000 None [[0.0, 0.0, 0.0, 0.0, 0.0, 0.0], [0.0, 0.0, 0.0, 0.0, 0.0, 0.0]]
2374 2.3240 0.0010 2.500491 0.021331 -9.810000 None [[0.0, 0.0, 0.0, 0.0, 0.0, 0.0], [0.0, 0.0, 0.0, 0.0, 0.0, 0.0]]
2375 2.3250 0.0010 2.500503 0.011521 -9.810000 None [[0.0, 0.0, 0.0, 0.0, 0.0, 0.0], [0.0, 0.0, 0.0, 0.0, 0.0, 0.0]]
2376 2.3260 0.0010 2.500505 0.001711 -9.810000 None [[0.0, 0.0, 0.0, 0.0, 0.0, 0.0], [0.0, 0.0, 0.0, 0.0, 0.0, 0.0]]
2377 2.3270 0.0003 2.500496 -0.008099 41.400798 [{'depth': 3.5954609969302e-06, 'geomIdA': 0, 'geomIdB': 1, 'modifiedDepth': 0.0, 'nhat_AB_W': [-0.0, -0.0, 1.0], 'p_WC': [0.0, 0.0, 2.000498202269502], 'p_WCa': [0.0, 0.0, 2.0005], 'p_WCb': [0.0, 0.0, 2.0004964045390032]}] [[0.0, 0.0, -51.21079770599923, 0.0, 0.0, 0.0], [0.0, 0.0, 51.21079770599923, 0.0, 0.0, 0.0]]
2378 2.3273 0.0007 2.500498 0.006100 -9.810000 None [[0.0, 0.0, 0.0, 0.0, 0.0, 0.0], [0.0, 0.0, 0.0, 0.0, 0.0, 0.0]]
2379 2.3280 0.0003 2.500498 -0.000345 2.392061 [{'depth': 1.7299558652261737e-06, 'geomIdA': 0, 'geomIdB': 1, 'modifiedDepth': 2.2673633592873443e-07, 'nhat_AB_W': [-0.0, -0.0, 1.0], 'p_WC': [0.0, 0.0, 2.0004991350220678], 'p_WCa': [0.0, 0.0, 2.0005], 'p_WCb': [0.0, 0.0, 2.000498270044135]}] [[0.0, 0.0, -12.20206082971948, 0.0, 0.0, 0.0], [0.0, 0.0, 12.20206082971948, 0.0, 0.0, 0.0]]
2380 2.3283 0.0007 2.500498 0.000383 -0.244007 [{'depth': 1.6132646214472857e-06, 'geomIdA': 0, 'geomIdB': 1, 'modifiedDepth': 1.1004509214984637e-07, 'nhat_AB_W': [-0.0, -0.0, 1.0], 'p_WC': [0.0, 0.0, 2.0004991933676894], 'p_WCa': [0.0, 0.0, 2.0005], 'p_WCb': [0.0, 0.0, 2.0004983867353787]}] [[0.0, 0.0, -9.565993065431263, 0.0, 0.0, 0.0], [0.0, 0.0, 9.565993065431263, 0.0, 0.0, 0.0]]
2381 2.3290 0.0010 2.500499 0.000214 -0.276289 [{'depth': 1.4647474064766186e-06, 'geomIdA': 0, 'geomIdB': 1, 'modifiedDepth': 1e-07, 'nhat_AB_W': [-0.0, -0.0, 1.0], 'p_WC': [0.0, 0.0, 2.0004992676262967], 'p_WCa': [0.0, 0.0, 2.0005], 'p_WCb': [0.0, 0.0, 2.0004985352525937]}] [[0.0, 0.0, -9.533711009993283, 0.0, 0.0, 0.0], [0.0, 0.0, 9.533711009993283, 0.0, 0.0, 0.0]]
2382 2.3300 0.0010 2.500498 -0.000063 0.065742 [{'depth': 1.5275018925287043e-06, 'geomIdA': 0, 'geomIdB': 1, 'modifiedDepth': 6.275448605208567e-08, 'nhat_AB_W': [-0.0, -0.0, 1.0], 'p_WC': [0.0, 0.0, 2.0004992362490537], 'p_WCa': [0.0, 0.0, 2.0005], 'p_WCb': [0.0, 0.0, 2.0004984724981076]}] [[0.0, 0.0, -9.875742439501986, 0.0, 0.0, 0.0], [0.0, 0.0, 9.875742439501986, 0.0, 0.0, 0.0]]
2383 2.3310 0.0010 2.500498 0.000003 0.008604 [{'depth': 1.5245139390884788e-06, 'geomIdA': 0, 'geomIdB': 1, 'modifiedDepth': 5.976653261186016e-08, 'nhat_AB_W': [-0.0, -0.0, 1.0], 'p_WC': [0.0, 0.0, 2.0004992377430306], 'p_WCa': [0.0, 0.0, 2.0005], 'p_WCb': [0.0, 0.0, 2.000498475486061]}] [[0.0, 0.0, -9.818603611921931, 0.0, 0.0, 0.0], [0.0, 0.0, 9.818603611921931, 0.0, 0.0, 0.0]]
2384 2.3320 0.0010 2.500498 0.000012 -0.021611 [{'depth': 1.5129223736032316e-06, 'geomIdA': 0, 'geomIdB': 1, 'modifiedDepth': 4.8174967126612955e-08, 'nhat_AB_W': [-0.0, -0.0, 1.0], 'p_WC': [0.0, 0.0, 2.0004992435388136], 'p_WCa': [0.0, 0.0, 2.0005], 'p_WCb': [0.0, 0.0, 2.0004984870776266]}] [[0.0, 0.0, -9.788388988272438, 0.0, 0.0, 0.0], [0.0, 0.0, 9.788388988272438, 0.0, 0.0, 0.0]]
2385 2.3330 0.0010 2.500498 -0.000010 0.015517 [{'depth': 1.5229418202089562e-06, 'geomIdA': 0, 'geomIdB': 1, 'modifiedDepth': 5.819441373233758e-08, 'nhat_AB_W': [-0.0, -0.0, 1.0], 'p_WC': [0.0, 0.0, 2.0004992385290903], 'p_WCa': [0.0, 0.0, 2.0005], 'p_WCb': [0.0, 0.0, 2.00049847705818]}] [[0.0, 0.0, -9.825517286282512, 0.0, 0.0, 0.0], [0.0, 0.0, 9.825517286282512, 0.0, 0.0, 0.0]]
2386 2.3340 0.0010 2.500498 0.000005 -0.007698 [{'depth': 1.51744398024789e-06, 'geomIdA': 0, 'geomIdB': 1, 'modifiedDepth': 5.269657377127146e-08, 'nhat_AB_W': [-0.0, -0.0, 1.0], 'p_WC': [0.0, 0.0, 2.00049924127801], 'p_WCa': [0.0, 0.0, 2.0005], 'p_WCb': [0.0, 0.0, 2.00049848255602]}] [[0.0, 0.0, -9.802301826320535, 0.0, 0.0, 0.0], [0.0, 0.0, 9.802301826320535, 0.0, 0.0, 0.0]]
2387 2.3350 0.0010 2.500498 -0.000002 0.002749 [{'depth': 1.5196443139409155e-06, 'geomIdA': 0, 'geomIdB': 1, 'modifiedDepth': 5.4896907464296874e-08, 'nhat_AB_W': [-0.0, -0.0, 1.0], 'p_WC': [0.0, 0.0, 2.0004992401778434], 'p_WCa': [0.0, 0.0, 2.0005], 'p_WCb': [0.0, 0.0, 2.0004984803556862]}] [[0.0, 0.0, -9.812748956268548, 0.0, 0.0, 0.0], [0.0, 0.0, 9.812748956268548, 0.0, 0.0, 0.0]]
2388 2.3360 0.0010 2.500498 0.000001 -0.000500 [{'depth': 1.5190956914601372e-06, 'geomIdA': 0, 'geomIdB': 1, 'modifiedDepth': 5.4348284983518624e-08, 'nhat_AB_W': [-0.0, -0.0, 1.0], 'p_WC': [0.0, 0.0, 2.0004992404521547], 'p_WCa': [0.0, 0.0, 2.0005], 'p_WCb': [0.0, 0.0, 2.0004984809043087]}] [[0.0, 0.0, -9.809499678146294, 0.0, 0.0, 0.0], [0.0, 0.0, 9.809499678146294, 0.0, 0.0, 0.0]]
2389 2.3370 0.0010 2.500498 0.000000 -0.000210 [{'depth': 1.5190473909854063e-06, 'geomIdA': 0, 'geomIdB': 1, 'modifiedDepth': 5.42999845087877e-08, 'nhat_AB_W': [-0.0, -0.0, 1.0], 'p_WC': [0.0, 0.0, 2.0004992404763047], 'p_WCa': [0.0, 0.0, 2.0005], 'p_WCb': [0.0, 0.0, 2.000498480952609]}] [[0.0, 0.0, -9.809790313496368, 0.0, 0.0, 0.0], [0.0, 0.0, 9.809790313496368, 0.0, 0.0, 0.0]]
2390 2.3380 0.0010 2.500498 -0.000000 0.000281 [{'depth': 1.5192087770010687e-06, 'geomIdA': 0, 'geomIdB': 1, 'modifiedDepth': 5.4461370524450103e-08, 'nhat_AB_W': [-0.0, -0.0, 1.0], 'p_WC': [0.0, 0.0, 2.0004992403956114], 'p_WCa': [0.0, 0.0, 2.0005], 'p_WCb': [0.0, 0.0, 2.000498480791223]}] [[0.0, 0.0, -9.810280824068972, 0.0, 0.0, 0.0], [0.0, 0.0, 9.810280824068972, 0.0, 0.0, 0.0]]
2391 2.3390 0.0010 2.500498 0.000000 -0.000180 [{'depth': 1.5190893387639903e-06, 'geomIdA': 0, 'geomIdB': 1, 'modifiedDepth': 5.434193228737172e-08, 'nhat_AB_W': [-0.0, -0.0, 1.0], 'p_WC': [0.0, 0.0, 2.000499240455331], 'p_WCa': [0.0, 0.0, 2.0005], 'p_WCb': [0.0, 0.0, 2.0004984809106614]}] [[0.0, 0.0, -9.809820202315914, 0.0, 0.0, 0.0], [0.0, 0.0, 9.809820202315914, 0.0, 0.0, 0.0]]
2392 2.3400 0.0010 2.500498 -0.000000 0.000082 [{'depth': 1.5191496984812147e-06, 'geomIdA': 0, 'geomIdB': 1, 'modifiedDepth': 5.440229200459612e-08, 'nhat_AB_W': [-0.0, -0.0, 1.0], 'p_WC': [0.0, 0.0, 2.000499240425151], 'p_WCa': [0.0, 0.0, 2.0005], 'p_WCb': [0.0, 0.0, 2.0004984808503017]}] [[0.0, 0.0, -9.81008241082946, 0.0, 0.0, 0.0], [0.0, 0.0, 9.81008241082946, 0.0, 0.0, 0.0]]
2393 2.3410 0.0010 2.500498 0.000000 -0.000026 [{'depth': 1.5191276472314996e-06, 'geomIdA': 0, 'geomIdB': 1, 'modifiedDepth': 5.4380240754881015e-08, 'nhat_AB_W': [-0.0, -0.0, 1.0], 'p_WC': [0.0, 0.0, 2.0004992404361763], 'p_WCa': [0.0, 0.0, 2.0005], 'p_WCb': [0.0, 0.0, 2.000498480872353]}] [[0.0, 0.0, -9.809973624472313, 0.0, 0.0, 0.0], [0.0, 0.0, 9.809973624472313, 0.0, 0.0, 0.0]]
2394 2.3420 0.0010 2.500498 -0.000000 0.000003 [{'depth': 1.519131971328136e-06, 'geomIdA': 0, 'geomIdB': 1, 'modifiedDepth': 5.4384564851517325e-08, 'nhat_AB_W': [-0.0, -0.0, 1.0], 'p_WC': [0.0, 0.0, 2.0004992404340145], 'p_WCa': [0.0, 0.0, 2.0005], 'p_WCb': [0.0, 0.0, 2.000498480868029]}] [[0.0, 0.0, -9.810002892956486, 0.0, 0.0, 0.0], [0.0, 0.0, 9.810002892956486, 0.0, 0.0, 0.0]]
2395 2.3430 0.0010 2.500498 -0.000000 0.000004 [{'depth': 1.5191334026276593e-06, 'geomIdA': 0, 'geomIdB': 1, 'modifiedDepth': 5.438599615104067e-08, 'nhat_AB_W': [-0.0, -0.0, 1.0], 'p_WC': [0.0, 0.0, 2.0004992404332986], 'p_WCa': [0.0, 0.0, 2.0005], 'p_WCb': [0.0, 0.0, 2.0004984808665975]}] [[0.0, 0.0, -9.81000355097145, 0.0, 0.0, 0.0], [0.0, 0.0, 9.81000355097145, 0.0, 0.0, 0.0]]
2396 2.3440 0.0010 2.500498 0.000000 -0.000004 [{'depth': 1.5191312829898607e-06, 'geomIdA': 0, 'geomIdB': 1, 'modifiedDepth': 5.438387651324206e-08, 'nhat_AB_W': [-0.0, -0.0, 1.0], 'p_WC': [0.0, 0.0, 2.0004992404343587], 'p_WCa': [0.0, 0.0, 2.0005], 'p_WCb': [0.0, 0.0, 2.000498480868717]}] [[0.0, 0.0, -9.809996489365439, 0.0, 0.0, 0.0], [0.0, 0.0, 9.809996489365439, 0.0, 0.0, 0.0]]
2397 2.3450 0.0010 2.500498 -0.000000 0.000002 [{'depth': 1.519132673877266e-06, 'geomIdA': 0, 'geomIdB': 1, 'modifiedDepth': 5.438526740064731e-08, 'nhat_AB_W': [-0.0, -0.0, 1.0], 'p_WC': [0.0, 0.0, 2.0004992404336632], 'p_WCa': [0.0, 0.0, 2.0005], 'p_WCb': [0.0, 0.0, 2.0004984808673263]}] [[0.0, 0.0, -9.810002040253762, 0.0, 0.0, 0.0], [0.0, 0.0, 9.810002040253762, 0.0, 0.0, 0.0]]
2398 2.3460 0.0010 2.500498 0.000000 -0.000001 [{'depth': 1.5191320246188411e-06, 'geomIdA': 0, 'geomIdB': 1, 'modifiedDepth': 5.438461814222251e-08, 'nhat_AB_W': [-0.0, -0.0, 1.0], 'p_WC': [0.0, 0.0, 2.000499240433988], 'p_WCa': [0.0, 0.0, 2.0005], 'p_WCb': [0.0, 0.0, 2.0004984808679755]}] [[0.0, 0.0, -9.80999913713396, 0.0, 0.0, 0.0], [0.0, 0.0, 9.80999913713396, 0.0, 0.0, 0.0]]
2399 2.3470 0.0010 2.500498 -0.000000 0.000000 [{'depth': 1.519132238225751e-06, 'geomIdA': 0, 'geomIdB': 1, 'modifiedDepth': 5.4384831749132445e-08, 'nhat_AB_W': [-0.0, -0.0, 1.0], 'p_WC': [0.0, 0.0, 2.0004992404338813], 'p_WCa': [0.0, 0.0, 2.0005], 'p_WCb': [0.0, 0.0, 2.000498480867762]}] [[0.0, 0.0, -9.810000240967973, 0.0, 0.0, 0.0], [0.0, 0.0, 9.810000240967973, 0.0, 0.0, 0.0]]
2400 2.3480 0.0010 2.500498 0.000000 -0.000000 [{'depth': 1.51913221069222e-06, 'geomIdA': 0, 'geomIdB': 1, 'modifiedDepth': 5.4384804215601434e-08, 'nhat_AB_W': [-0.0, -0.0, 1.0], 'p_WC': [0.0, 0.0, 2.0004992404338946], 'p_WCa': [0.0, 0.0, 2.0005], 'p_WCb': [0.0, 0.0, 2.0004984808677895]}] [[0.0, 0.0, -9.80999999810457, 0.0, 0.0, 0.0], [0.0, 0.0, 9.80999999810457, 0.0, 0.0, 0.0]]
2401 2.3490 0.0010 2.500498 0.000000 -0.000000 [{'depth': 1.519132185379135e-06, 'geomIdA': 0, 'geomIdB': 1, 'modifiedDepth': 5.438477890251647e-08, 'nhat_AB_W': [-0.0, -0.0, 1.0], 'p_WC': [0.0, 0.0, 2.0004992404339075], 'p_WCa': [0.0, 0.0, 2.0005], 'p_WCb': [0.0, 0.0, 2.000498480867815]}] [[0.0, 0.0, -9.809999947762122, 0.0, 0.0, 0.0], [0.0, 0.0, 9.809999947762122, 0.0, 0.0, 0.0]]
2402 2.3500 0.0010 2.500498 -0.000000 0.000000 [{'depth': 1.5191322120244877e-06, 'geomIdA': 0, 'geomIdB': 1, 'modifiedDepth': 5.4384805547869064e-08, 'nhat_AB_W': [-0.0, -0.0, 1.0], 'p_WC': [0.0, 0.0, 2.000499240433894], 'p_WCa': [0.0, 0.0, 2.0005], 'p_WCb': [0.0, 0.0, 2.000498480867788]}] [[0.0, 0.0, -9.810000042571463, 0.0, 0.0, 0.0], [0.0, 0.0, 9.810000042571463, 0.0, 0.0, 0.0]]
2403 2.3510 0.0010 2.500498 0.000000 -0.000000 [{'depth': 1.5191321960372761e-06, 'geomIdA': 0, 'geomIdB': 1, 'modifiedDepth': 5.438478956065751e-08, 'nhat_AB_W': [-0.0, -0.0, 1.0], 'p_WC': [0.0, 0.0, 2.000499240433902], 'p_WCa': [0.0, 0.0, 2.0005], 'p_WCb': [0.0, 0.0, 2.000498480867804]}] [[0.0, 0.0, -9.809999977306733, 0.0, 0.0, 0.0], [0.0, 0.0, 9.809999977306733, 0.0, 0.0, 0.0]]
2404 2.3520 0.0010 2.500498 -0.000000 0.000000 [{'depth': 1.5191322026986143e-06, 'geomIdA': 0, 'geomIdB': 1, 'modifiedDepth': 5.438479622199566e-08, 'nhat_AB_W': [-0.0, -0.0, 1.0], 'p_WC': [0.0, 0.0, 2.000499240433899], 'p_WCa': [0.0, 0.0, 2.0005], 'p_WCb': [0.0, 0.0, 2.0004984808677975]}] [[0.0, 0.0, -9.810000008811262, 0.0, 0.0, 0.0], [0.0, 0.0, 9.810000008811262, 0.0, 0.0, 0.0]]
2405 2.3530 0.0010 2.500498 0.000000 -0.000000 [{'depth': 1.5191322009222574e-06, 'geomIdA': 0, 'geomIdB': 1, 'modifiedDepth': 5.438479444563882e-08, 'nhat_AB_W': [-0.0, -0.0, 1.0], 'p_WC': [0.0, 0.0, 2.0004992404339], 'p_WCa': [0.0, 0.0, 2.0005], 'p_WCb': [0.0, 0.0, 2.0004984808677992]}] [[0.0, 0.0, -9.80999999795412, 0.0, 0.0, 0.0], [0.0, 0.0, 9.80999999795412, 0.0, 0.0, 0.0]]
2406 2.3540 0.0010 2.500498 -0.000000 -0.000000 [{'depth': 1.5191322009222574e-06, 'geomIdA': 0, 'geomIdB': 1, 'modifiedDepth': 5.438479444563882e-08, 'nhat_AB_W': [-0.0, -0.0, 1.0], 'p_WC': [0.0, 0.0, 2.0004992404339], 'p_WCa': [0.0, 0.0, 2.0005], 'p_WCb': [0.0, 0.0, 2.0004984808677992]}] [[0.0, 0.0, -9.809999999684674, 0.0, 0.0, 0.0], [0.0, 0.0, 9.809999999684674, 0.0, 0.0, 0.0]]
2407 2.3550 0.0010 2.500498 -0.000000 0.000000 [{'depth': 1.5191322013663466e-06, 'geomIdA': 0, 'geomIdB': 1, 'modifiedDepth': 5.438479488972803e-08, 'nhat_AB_W': [-0.0, -0.0, 1.0], 'p_WC': [0.0, 0.0, 2.0004992404338995], 'p_WCa': [0.0, 0.0, 2.0005], 'p_WCb': [0.0, 0.0, 2.000498480867799]}] [[0.0, 0.0, -9.810000000710922, 0.0, 0.0, 0.0], [0.0, 0.0, 9.810000000710922, 0.0, 0.0, 0.0]]
2408 2.3560 0.0010 2.500498 0.000000 -0.000000 [{'depth': 1.5191322009222574e-06, 'geomIdA': 0, 'geomIdB': 1, 'modifiedDepth': 5.438479444563882e-08, 'nhat_AB_W': [-0.0, -0.0, 1.0], 'p_WC': [0.0, 0.0, 2.0004992404339], 'p_WCa': [0.0, 0.0, 2.0005], 'p_WCb': [0.0, 0.0, 2.0004984808677992]}] [[0.0, 0.0, -9.809999999496748, 0.0, 0.0, 0.0], [0.0, 0.0, 9.809999999496748, 0.0, 0.0, 0.0]]
2409 2.3570 0.0010 2.500498 -0.000000 0.000000 [{'depth': 1.5191322009222574e-06, 'geomIdA': 0, 'geomIdB': 1, 'modifiedDepth': 5.438479444563882e-08, 'nhat_AB_W': [-0.0, -0.0, 1.0], 'p_WC': [0.0, 0.0, 2.0004992404339], 'p_WCa': [0.0, 0.0, 2.0005], 'p_WCb': [0.0, 0.0, 2.0004984808677992]}] [[0.0, 0.0, -9.810000000247426, 0.0, 0.0, 0.0], [0.0, 0.0, 9.810000000247426, 0.0, 0.0, 0.0]]
2410 2.3580 0.0010 2.500498 0.000000 -0.000000 [{'depth': 1.5191322009222574e-06, 'geomIdA': 0, 'geomIdB': 1, 'modifiedDepth': 5.438479444563882e-08, 'nhat_AB_W': [-0.0, -0.0, 1.0], 'p_WC': [0.0, 0.0, 2.0004992404339], 'p_WCa': [0.0, 0.0, 2.0005], 'p_WCb': [0.0, 0.0, 2.0004984808677992]}] [[0.0, 0.0, -9.809999999912653, 0.0, 0.0, 0.0], [0.0, 0.0, 9.809999999912653, 0.0, 0.0, 0.0]]
2411 2.3590 0.0010 2.500498 -0.000000 0.000000 [{'depth': 1.5191322009222574e-06, 'geomIdA': 0, 'geomIdB': 1, 'modifiedDepth': 5.438479444563882e-08, 'nhat_AB_W': [-0.0, -0.0, 1.0], 'p_WC': [0.0, 0.0, 2.0004992404339], 'p_WCa': [0.0, 0.0, 2.0005], 'p_WCb': [0.0, 0.0, 2.0004984808677992]}] [[0.0, 0.0, -9.81000000001527, 0.0, 0.0, 0.0], [0.0, 0.0, 9.81000000001527, 0.0, 0.0, 0.0]]
2412 2.3600 0.0010 2.500498 -0.000000 0.000000 [{'depth': 1.5191322009222574e-06, 'geomIdA': 0, 'geomIdB': 1, 'modifiedDepth': 5.438479444563882e-08, 'nhat_AB_W': [-0.0, -0.0, 1.0], 'p_WC': [0.0, 0.0, 2.0004992404339], 'p_WCa': [0.0, 0.0, 2.0005], 'p_WCb': [0.0, 0.0, 2.0004984808677992]}] [[0.0, 0.0, -9.81000000000717, 0.0, 0.0, 0.0], [0.0, 0.0, 9.81000000000717, 0.0, 0.0, 0.0]]
2413 2.3610 0.0010 2.500498 0.000000 -0.000000 [{'depth': 1.5191322009222574e-06, 'geomIdA': 0, 'geomIdB': 1, 'modifiedDepth': 5.438479444563882e-08, 'nhat_AB_W': [-0.0, -0.0, 1.0], 'p_WC': [0.0, 0.0, 2.0004992404339], 'p_WCa': [0.0, 0.0, 2.0005], 'p_WCb': [0.0, 0.0, 2.0004984808677992]}] [[0.0, 0.0, -9.809999999990808, 0.0, 0.0, 0.0], [0.0, 0.0, 9.809999999990808, 0.0, 0.0, 0.0]]
2414 2.3620 0.0010 2.500498 -0.000000 0.000000 [{'depth': 1.5191322009222574e-06, 'geomIdA': 0, 'geomIdB': 1, 'modifiedDepth': 5.438479444563882e-08, 'nhat_AB_W': [-0.0, -0.0, 1.0], 'p_WC': [0.0, 0.0, 2.0004992404339], 'p_WCa': [0.0, 0.0, 2.0005], 'p_WCb': [0.0, 0.0, 2.0004984808677992]}] [[0.0, 0.0, -9.810000000005818, 0.0, 0.0, 0.0], [0.0, 0.0, 9.810000000005818, 0.0, 0.0, 0.0]]
2415 2.3630 0.0010 2.500498 -0.000000 -0.000000 [{'depth': 1.5191322009222574e-06, 'geomIdA': 0, 'geomIdB': 1, 'modifiedDepth': 5.438479444563882e-08, 'nhat_AB_W': [-0.0, -0.0, 1.0], 'p_WC': [0.0, 0.0, 2.0004992404339], 'p_WCa': [0.0, 0.0, 2.0005], 'p_WCb': [0.0, 0.0, 2.0004984808677992]}] [[0.0, 0.0, -9.809999999997359, 0.0, 0.0, 0.0], [0.0, 0.0, 9.809999999997359, 0.0, 0.0, 0.0]]
2416 2.3640 0.0010 2.500498 -0.000000 0.000000 [{'depth': 1.5191322009222574e-06, 'geomIdA': 0, 'geomIdB': 1, 'modifiedDepth': 5.438479444563882e-08, 'nhat_AB_W': [-0.0, -0.0, 1.0], 'p_WC': [0.0, 0.0, 2.0004992404339], 'p_WCa': [0.0, 0.0, 2.0005], 'p_WCb': [0.0, 0.0, 2.0004984808677992]}] [[0.0, 0.0, -9.810000000000834, 0.0, 0.0, 0.0], [0.0, 0.0, 9.810000000000834, 0.0, 0.0, 0.0]]
2417 2.3650 0.0010 2.500498 -0.000000 -0.000000 [{'depth': 1.5191322009222574e-06, 'geomIdA': 0, 'geomIdB': 1, 'modifiedDepth': 5.438479444563882e-08, 'nhat_AB_W': [-0.0, -0.0, 1.0], 'p_WC': [0.0, 0.0, 2.0004992404339], 'p_WCa': [0.0, 0.0, 2.0005], 'p_WCb': [0.0, 0.0, 2.0004984808677992]}] [[0.0, 0.0, -9.809999999999917, 0.0, 0.0, 0.0], [0.0, 0.0, 9.809999999999917, 0.0, 0.0, 0.0]]
2418 2.3660 0.0010 2.500498 -0.000000 -0.000000 [{'depth': 1.5191322009222574e-06, 'geomIdA': 0, 'geomIdB': 1, 'modifiedDepth': 5.438479444563882e-08, 'nhat_AB_W': [-0.0, -0.0, 1.0], 'p_WC': [0.0, 0.0, 2.0004992404339], 'p_WCa': [0.0, 0.0, 2.0005], 'p_WCb': [0.0, 0.0, 2.0004984808677992]}] [[0.0, 0.0, -9.809999999999881, 0.0, 0.0, 0.0], [0.0, 0.0, 9.809999999999881, 0.0, 0.0, 0.0]]
2419 2.3670 0.0010 2.500498 -0.000000 0.000000 [{'depth': 1.5191322009222574e-06, 'geomIdA': 0, 'geomIdB': 1, 'modifiedDepth': 5.438479444563882e-08, 'nhat_AB_W': [-0.0, -0.0, 1.0], 'p_WC': [0.0, 0.0, 2.0004992404339], 'p_WCa': [0.0, 0.0, 2.0005], 'p_WCb': [0.0, 0.0, 2.0004984808677992]}] [[0.0, 0.0, -9.810000000000116, 0.0, 0.0, 0.0], [0.0, 0.0, 9.810000000000116, 0.0, 0.0, 0.0]]
2420 2.3680 0.0010 2.500498 -0.000000 -0.000000 [{'depth': 1.5191322009222574e-06, 'geomIdA': 0, 'geomIdB': 1, 'modifiedDepth': 5.438479444563882e-08, 'nhat_AB_W': [-0.0, -0.0, 1.0], 'p_WC': [0.0, 0.0, 2.0004992404339], 'p_WCa': [0.0, 0.0, 2.0005], 'p_WCb': [0.0, 0.0, 2.0004984808677992]}] [[0.0, 0.0, -9.809999999999933, 0.0, 0.0, 0.0], [0.0, 0.0, 9.809999999999933, 0.0, 0.0, 0.0]]
2421 2.3690 0.0010 2.500498 -0.000000 0.000000 [{'depth': 1.5191322009222574e-06, 'geomIdA': 0, 'geomIdB': 1, 'modifiedDepth': 5.438479444563882e-08, 'nhat_AB_W': [-0.0, -0.0, 1.0], 'p_WC': [0.0, 0.0, 2.0004992404339], 'p_WCa': [0.0, 0.0, 2.0005], 'p_WCb': [0.0, 0.0, 2.0004984808677992]}] [[0.0, 0.0, -9.810000000000029, 0.0, 0.0, 0.0], [0.0, 0.0, 9.810000000000029, 0.0, 0.0, 0.0]]
2422 2.3700 0.0010 2.500498 -0.000000 -0.000000 [{'depth': 1.5191322009222574e-06, 'geomIdA': 0, 'geomIdB': 1, 'modifiedDepth': 5.438479444563882e-08, 'nhat_AB_W': [-0.0, -0.0, 1.0], 'p_WC': [0.0, 0.0, 2.0004992404339], 'p_WCa': [0.0, 0.0, 2.0005], 'p_WCb': [0.0, 0.0, 2.0004984808677992]}] [[0.0, 0.0, -9.809999999999993, 0.0, 0.0, 0.0], [0.0, 0.0, 9.809999999999993, 0.0, 0.0, 0.0]]
2423 2.3710 0.0010 2.500498 -0.000000 0.000000 [{'depth': 1.5191322009222574e-06, 'geomIdA': 0, 'geomIdB': 1, 'modifiedDepth': 5.438479444563882e-08, 'nhat_AB_W': [-0.0, -0.0, 1.0], 'p_WC': [0.0, 0.0, 2.0004992404339], 'p_WCa': [0.0, 0.0, 2.0005], 'p_WCb': [0.0, 0.0, 2.0004984808677992]}] [[0.0, 0.0, -9.81, 0.0, 0.0, 0.0], [0.0, 0.0, 9.81, 0.0, 0.0, 0.0]]
2424 2.3720 0.0010 2.500498 -0.000000 0.000000 [{'depth': 1.5191322009222574e-06, 'geomIdA': 0, 'geomIdB': 1, 'modifiedDepth': 5.438479444563882e-08, 'nhat_AB_W': [-0.0, -0.0, 1.0], 'p_WC': [0.0, 0.0, 2.0004992404339], 'p_WCa': [0.0, 0.0, 2.0005], 'p_WCb': [0.0, 0.0, 2.0004984808677992]}] [[0.0, 0.0, -9.810000000000002, 0.0, 0.0, 0.0], [0.0, 0.0, 9.810000000000002, 0.0, 0.0, 0.0]]
2425 2.3730 0.0010 2.500498 -0.000000 -0.000000 [{'depth': 1.5191322009222574e-06, 'geomIdA': 0, 'geomIdB': 1, 'modifiedDepth': 5.438479444563882e-08, 'nhat_AB_W': [-0.0, -0.0, 1.0], 'p_WC': [0.0, 0.0, 2.0004992404339], 'p_WCa': [0.0, 0.0, 2.0005], 'p_WCb': [0.0, 0.0, 2.0004984808677992]}] [[0.0, 0.0, -9.809999999999999, 0.0, 0.0, 0.0], [0.0, 0.0, 9.809999999999999, 0.0, 0.0, 0.0]]
2426 2.3740 0.0010 2.500498 -0.000000 0.000000 [{'depth': 1.5191322009222574e-06, 'geomIdA': 0, 'geomIdB': 1, 'modifiedDepth': 5.438479444563882e-08, 'nhat_AB_W': [-0.0, -0.0, 1.0], 'p_WC': [0.0, 0.0, 2.0004992404339], 'p_WCa': [0.0, 0.0, 2.0005], 'p_WCb': [0.0, 0.0, 2.0004984808677992]}] [[0.0, 0.0, -9.81, 0.0, 0.0, 0.0], [0.0, 0.0, 9.81, 0.0, 0.0, 0.0]]
2427 2.3750 0.0010 2.500498 -0.000000 0.000000 [{'depth': 1.5191322009222574e-06, 'geomIdA': 0, 'geomIdB': 1, 'modifiedDepth': 5.438479444563882e-08, 'nhat_AB_W': [-0.0, -0.0, 1.0], 'p_WC': [0.0, 0.0, 2.0004992404339], 'p_WCa': [0.0, 0.0, 2.0005], 'p_WCb': [0.0, 0.0, 2.0004984808677992]}] [[0.0, 0.0, -9.81, 0.0, 0.0, 0.0], [0.0, 0.0, 9.81, 0.0, 0.0, 0.0]]
2428 2.3760 0.0010 2.500498 -0.000000 0.000000 [{'depth': 1.5191322009222574e-06, 'geomIdA': 0, 'geomIdB': 1, 'modifiedDepth': 5.438479444563882e-08, 'nhat_AB_W': [-0.0, -0.0, 1.0], 'p_WC': [0.0, 0.0, 2.0004992404339], 'p_WCa': [0.0, 0.0, 2.0005], 'p_WCb': [0.0, 0.0, 2.0004984808677992]}] [[0.0, 0.0, -9.81, 0.0, 0.0, 0.0], [0.0, 0.0, 9.81, 0.0, 0.0, 0.0]]
2429 2.3770 0.0010 2.500498 -0.000000 0.000000 [{'depth': 1.5191322009222574e-06, 'geomIdA': 0, 'geomIdB': 1, 'modifiedDepth': 5.438479444563882e-08, 'nhat_AB_W': [-0.0, -0.0, 1.0], 'p_WC': [0.0, 0.0, 2.0004992404339], 'p_WCa': [0.0, 0.0, 2.0005], 'p_WCb': [0.0, 0.0, 2.0004984808677992]}] [[0.0, 0.0, -9.81, 0.0, 0.0, 0.0], [0.0, 0.0, 9.81, 0.0, 0.0, 0.0]]
2430 2.3780 0.0010 2.500498 -0.000000 0.000000 [{'depth': 1.5191322009222574e-06, 'geomIdA': 0, 'geomIdB': 1, 'modifiedDepth': 5.438479444563882e-08, 'nhat_AB_W': [-0.0, -0.0, 1.0], 'p_WC': [0.0, 0.0, 2.0004992404339], 'p_WCa': [0.0, 0.0, 2.0005], 'p_WCb': [0.0, 0.0, 2.0004984808677992]}] [[0.0, 0.0, -9.81, 0.0, 0.0, 0.0], [0.0, 0.0, 9.81, 0.0, 0.0, 0.0]]
2431 2.3790 0.0010 2.500498 -0.000000 0.000000 [{'depth': 1.5191322009222574e-06, 'geomIdA': 0, 'geomIdB': 1, 'modifiedDepth': 5.438479444563882e-08, 'nhat_AB_W': [-0.0, -0.0, 1.0], 'p_WC': [0.0, 0.0, 2.0004992404339], 'p_WCa': [0.0, 0.0, 2.0005], 'p_WCb': [0.0, 0.0, 2.0004984808677992]}] [[0.0, 0.0, -9.81, 0.0, 0.0, 0.0], [0.0, 0.0, 9.81, 0.0, 0.0, 0.0]]
2432 2.3800 0.0010 2.500498 -0.000000 0.000000 [{'depth': 1.5191322009222574e-06, 'geomIdA': 0, 'geomIdB': 1, 'modifiedDepth': 5.438479444563882e-08, 'nhat_AB_W': [-0.0, -0.0, 1.0], 'p_WC': [0.0, 0.0, 2.0004992404339], 'p_WCa': [0.0, 0.0, 2.0005], 'p_WCb': [0.0, 0.0, 2.0004984808677992]}] [[0.0, 0.0, -9.81, 0.0, 0.0, 0.0], [0.0, 0.0, 9.81, 0.0, 0.0, 0.0]]
2433 2.3810 0.0010 2.500498 -0.000000 0.000000 [{'depth': 1.5191322009222574e-06, 'geomIdA': 0, 'geomIdB': 1, 'modifiedDepth': 5.438479444563882e-08, 'nhat_AB_W': [-0.0, -0.0, 1.0], 'p_WC': [0.0, 0.0, 2.0004992404339], 'p_WCa': [0.0, 0.0, 2.0005], 'p_WCb': [0.0, 0.0, 2.0004984808677992]}] [[0.0, 0.0, -9.81, 0.0, 0.0, 0.0], [0.0, 0.0, 9.81, 0.0, 0.0, 0.0]]
2434 2.3820 0.0010 2.500498 -0.000000 0.000000 [{'depth': 1.5191322009222574e-06, 'geomIdA': 0, 'geomIdB': 1, 'modifiedDepth': 5.438479444563882e-08, 'nhat_AB_W': [-0.0, -0.0, 1.0], 'p_WC': [0.0, 0.0, 2.0004992404339], 'p_WCa': [0.0, 0.0, 2.0005], 'p_WCb': [0.0, 0.0, 2.0004984808677992]}] [[0.0, 0.0, -9.81, 0.0, 0.0, 0.0], [0.0, 0.0, 9.81, 0.0, 0.0, 0.0]]
2435 2.3830 0.0010 2.500498 -0.000000 0.000000 [{'depth': 1.5191322009222574e-06, 'geomIdA': 0, 'geomIdB': 1, 'modifiedDepth': 5.438479444563882e-08, 'nhat_AB_W': [-0.0, -0.0, 1.0], 'p_WC': [0.0, 0.0, 2.0004992404339], 'p_WCa': [0.0, 0.0, 2.0005], 'p_WCb': [0.0, 0.0, 2.0004984808677992]}] [[0.0, 0.0, -9.81, 0.0, 0.0, 0.0], [0.0, 0.0, 9.81, 0.0, 0.0, 0.0]]
2436 2.3840 0.0010 2.500498 -0.000000 0.000000 [{'depth': 1.5191322009222574e-06, 'geomIdA': 0, 'geomIdB': 1, 'modifiedDepth': 5.438479444563882e-08, 'nhat_AB_W': [-0.0, -0.0, 1.0], 'p_WC': [0.0, 0.0, 2.0004992404339], 'p_WCa': [0.0, 0.0, 2.0005], 'p_WCb': [0.0, 0.0, 2.0004984808677992]}] [[0.0, 0.0, -9.81, 0.0, 0.0, 0.0], [0.0, 0.0, 9.81, 0.0, 0.0, 0.0]]
2437 2.3850 0.0010 2.500498 -0.000000 0.000000 [{'depth': 1.5191322009222574e-06, 'geomIdA': 0, 'geomIdB': 1, 'modifiedDepth': 5.438479444563882e-08, 'nhat_AB_W': [-0.0, -0.0, 1.0], 'p_WC': [0.0, 0.0, 2.0004992404339], 'p_WCa': [0.0, 0.0, 2.0005], 'p_WCb': [0.0, 0.0, 2.0004984808677992]}] [[0.0, 0.0, -9.81, 0.0, 0.0, 0.0], [0.0, 0.0, 9.81, 0.0, 0.0, 0.0]]
2438 2.3860 0.0010 2.500498 -0.000000 0.000000 [{'depth': 1.5191322009222574e-06, 'geomIdA': 0, 'geomIdB': 1, 'modifiedDepth': 5.438479444563882e-08, 'nhat_AB_W': [-0.0, -0.0, 1.0], 'p_WC': [0.0, 0.0, 2.0004992404339], 'p_WCa': [0.0, 0.0, 2.0005], 'p_WCb': [0.0, 0.0, 2.0004984808677992]}] [[0.0, 0.0, -9.81, 0.0, 0.0, 0.0], [0.0, 0.0, 9.81, 0.0, 0.0, 0.0]]
2439 2.3870 0.0010 2.500498 -0.000000 0.000000 [{'depth': 1.5191322009222574e-06, 'geomIdA': 0, 'geomIdB': 1, 'modifiedDepth': 5.438479444563882e-08, 'nhat_AB_W': [-0.0, -0.0, 1.0], 'p_WC': [0.0, 0.0, 2.0004992404339], 'p_WCa': [0.0, 0.0, 2.0005], 'p_WCb': [0.0, 0.0, 2.0004984808677992]}] [[0.0, 0.0, -9.81, 0.0, 0.0, 0.0], [0.0, 0.0, 9.81, 0.0, 0.0, 0.0]]
2440 2.3880 0.0010 2.500498 -0.000000 0.000000 [{'depth': 1.5191322009222574e-06, 'geomIdA': 0, 'geomIdB': 1, 'modifiedDepth': 5.438479444563882e-08, 'nhat_AB_W': [-0.0, -0.0, 1.0], 'p_WC': [0.0, 0.0, 2.0004992404339], 'p_WCa': [0.0, 0.0, 2.0005], 'p_WCb': [0.0, 0.0, 2.0004984808677992]}] [[0.0, 0.0, -9.81, 0.0, 0.0, 0.0], [0.0, 0.0, 9.81, 0.0, 0.0, 0.0]]
2441 2.3890 0.0010 2.500498 -0.000000 0.000000 [{'depth': 1.5191322009222574e-06, 'geomIdA': 0, 'geomIdB': 1, 'modifiedDepth': 5.438479444563882e-08, 'nhat_AB_W': [-0.0, -0.0, 1.0], 'p_WC': [0.0, 0.0, 2.0004992404339], 'p_WCa': [0.0, 0.0, 2.0005], 'p_WCb': [0.0, 0.0, 2.0004984808677992]}] [[0.0, 0.0, -9.81, 0.0, 0.0, 0.0], [0.0, 0.0, 9.81, 0.0, 0.0, 0.0]]
2442 2.3900 0.0010 2.500498 -0.000000 0.000000 [{'depth': 1.5191322009222574e-06, 'geomIdA': 0, 'geomIdB': 1, 'modifiedDepth': 5.438479444563882e-08, 'nhat_AB_W': [-0.0, -0.0, 1.0], 'p_WC': [0.0, 0.0, 2.0004992404339], 'p_WCa': [0.0, 0.0, 2.0005], 'p_WCb': [0.0, 0.0, 2.0004984808677992]}] [[0.0, 0.0, -9.81, 0.0, 0.0, 0.0], [0.0, 0.0, 9.81, 0.0, 0.0, 0.0]]
2443 2.3910 0.0010 2.500498 -0.000000 0.000000 [{'depth': 1.5191322009222574e-06, 'geomIdA': 0, 'geomIdB': 1, 'modifiedDepth': 5.438479444563882e-08, 'nhat_AB_W': [-0.0, -0.0, 1.0], 'p_WC': [0.0, 0.0, 2.0004992404339], 'p_WCa': [0.0, 0.0, 2.0005], 'p_WCb': [0.0, 0.0, 2.0004984808677992]}] [[0.0, 0.0, -9.81, 0.0, 0.0, 0.0], [0.0, 0.0, 9.81, 0.0, 0.0, 0.0]]
2444 2.3920 0.0010 2.500498 -0.000000 0.000000 [{'depth': 1.5191322009222574e-06, 'geomIdA': 0, 'geomIdB': 1, 'modifiedDepth': 5.438479444563882e-08, 'nhat_AB_W': [-0.0, -0.0, 1.0], 'p_WC': [0.0, 0.0, 2.0004992404339], 'p_WCa': [0.0, 0.0, 2.0005], 'p_WCb': [0.0, 0.0, 2.0004984808677992]}] [[0.0, 0.0, -9.81, 0.0, 0.0, 0.0], [0.0, 0.0, 9.81, 0.0, 0.0, 0.0]]
2445 2.3930 0.0010 2.500498 -0.000000 0.000000 [{'depth': 1.5191322009222574e-06, 'geomIdA': 0, 'geomIdB': 1, 'modifiedDepth': 5.438479444563882e-08, 'nhat_AB_W': [-0.0, -0.0, 1.0], 'p_WC': [0.0, 0.0, 2.0004992404339], 'p_WCa': [0.0, 0.0, 2.0005], 'p_WCb': [0.0, 0.0, 2.0004984808677992]}] [[0.0, 0.0, -9.81, 0.0, 0.0, 0.0], [0.0, 0.0, 9.81, 0.0, 0.0, 0.0]]
2446 2.3940 0.0010 2.500498 -0.000000 0.000000 [{'depth': 1.5191322009222574e-06, 'geomIdA': 0, 'geomIdB': 1, 'modifiedDepth': 5.438479444563882e-08, 'nhat_AB_W': [-0.0, -0.0, 1.0], 'p_WC': [0.0, 0.0, 2.0004992404339], 'p_WCa': [0.0, 0.0, 2.0005], 'p_WCb': [0.0, 0.0, 2.0004984808677992]}] [[0.0, 0.0, -9.81, 0.0, 0.0, 0.0], [0.0, 0.0, 9.81, 0.0, 0.0, 0.0]]
2447 2.3950 0.0010 2.500498 -0.000000 0.000000 [{'depth': 1.5191322009222574e-06, 'geomIdA': 0, 'geomIdB': 1, 'modifiedDepth': 5.438479444563882e-08, 'nhat_AB_W': [-0.0, -0.0, 1.0], 'p_WC': [0.0, 0.0, 2.0004992404339], 'p_WCa': [0.0, 0.0, 2.0005], 'p_WCb': [0.0, 0.0, 2.0004984808677992]}] [[0.0, 0.0, -9.81, 0.0, 0.0, 0.0], [0.0, 0.0, 9.81, 0.0, 0.0, 0.0]]
2448 2.3960 0.0010 2.500498 -0.000000 0.000000 [{'depth': 1.5191322009222574e-06, 'geomIdA': 0, 'geomIdB': 1, 'modifiedDepth': 5.438479444563882e-08, 'nhat_AB_W': [-0.0, -0.0, 1.0], 'p_WC': [0.0, 0.0, 2.0004992404339], 'p_WCa': [0.0, 0.0, 2.0005], 'p_WCb': [0.0, 0.0, 2.0004984808677992]}] [[0.0, 0.0, -9.81, 0.0, 0.0, 0.0], [0.0, 0.0, 9.81, 0.0, 0.0, 0.0]]
2449 2.3970 0.0010 2.500498 -0.000000 0.000000 [{'depth': 1.5191322009222574e-06, 'geomIdA': 0, 'geomIdB': 1, 'modifiedDepth': 5.438479444563882e-08, 'nhat_AB_W': [-0.0, -0.0, 1.0], 'p_WC': [0.0, 0.0, 2.0004992404339], 'p_WCa': [0.0, 0.0, 2.0005], 'p_WCb': [0.0, 0.0, 2.0004984808677992]}] [[0.0, 0.0, -9.81, 0.0, 0.0, 0.0], [0.0, 0.0, 9.81, 0.0, 0.0, 0.0]]
2450 2.3980 0.0010 2.500498 -0.000000 0.000000 [{'depth': 1.5191322009222574e-06, 'geomIdA': 0, 'geomIdB': 1, 'modifiedDepth': 5.438479444563882e-08, 'nhat_AB_W': [-0.0, -0.0, 1.0], 'p_WC': [0.0, 0.0, 2.0004992404339], 'p_WCa': [0.0, 0.0, 2.0005], 'p_WCb': [0.0, 0.0, 2.0004984808677992]}] [[0.0, 0.0, -9.81, 0.0, 0.0, 0.0], [0.0, 0.0, 9.81, 0.0, 0.0, 0.0]]
2451 2.3990 0.0010 2.500498 -0.000000 0.000000 [{'depth': 1.5191322009222574e-06, 'geomIdA': 0, 'geomIdB': 1, 'modifiedDepth': 5.438479444563882e-08, 'nhat_AB_W': [-0.0, -0.0, 1.0], 'p_WC': [0.0, 0.0, 2.0004992404339], 'p_WCa': [0.0, 0.0, 2.0005], 'p_WCb': [0.0, 0.0, 2.0004984808677992]}] [[0.0, 0.0, -9.81, 0.0, 0.0, 0.0], [0.0, 0.0, 9.81, 0.0, 0.0, 0.0]]
2452 2.4000 0.0010 2.500498 -0.000000 0.000000 [{'depth': 1.5191322009222574e-06, 'geomIdA': 0, 'geomIdB': 1, 'modifiedDepth': 5.438479444563882e-08, 'nhat_AB_W': [-0.0, -0.0, 1.0], 'p_WC': [0.0, 0.0, 2.0004992404339], 'p_WCa': [0.0, 0.0, 2.0005], 'p_WCb': [0.0, 0.0, 2.0004984808677992]}] [[0.0, 0.0, -9.81, 0.0, 0.0, 0.0], [0.0, 0.0, 9.81, 0.0, 0.0, 0.0]]
2453 2.4010 0.0010 2.500498 -0.000000 0.000000 [{'depth': 1.5191322009222574e-06, 'geomIdA': 0, 'geomIdB': 1, 'modifiedDepth': 5.438479444563882e-08, 'nhat_AB_W': [-0.0, -0.0, 1.0], 'p_WC': [0.0, 0.0, 2.0004992404339], 'p_WCa': [0.0, 0.0, 2.0005], 'p_WCb': [0.0, 0.0, 2.0004984808677992]}] [[0.0, 0.0, -9.81, 0.0, 0.0, 0.0], [0.0, 0.0, 9.81, 0.0, 0.0, 0.0]]
2454 2.4020 0.0010 2.500498 -0.000000 0.000000 [{'depth': 1.5191322009222574e-06, 'geomIdA': 0, 'geomIdB': 1, 'modifiedDepth': 5.438479444563882e-08, 'nhat_AB_W': [-0.0, -0.0, 1.0], 'p_WC': [0.0, 0.0, 2.0004992404339], 'p_WCa': [0.0, 0.0, 2.0005], 'p_WCb': [0.0, 0.0, 2.0004984808677992]}] [[0.0, 0.0, -9.81, 0.0, 0.0, 0.0], [0.0, 0.0, 9.81, 0.0, 0.0, 0.0]]
2455 2.4030 0.0010 2.500498 -0.000000 0.000000 [{'depth': 1.5191322009222574e-06, 'geomIdA': 0, 'geomIdB': 1, 'modifiedDepth': 5.438479444563882e-08, 'nhat_AB_W': [-0.0, -0.0, 1.0], 'p_WC': [0.0, 0.0, 2.0004992404339], 'p_WCa': [0.0, 0.0, 2.0005], 'p_WCb': [0.0, 0.0, 2.0004984808677992]}] [[0.0, 0.0, -9.81, 0.0, 0.0, 0.0], [0.0, 0.0, 9.81, 0.0, 0.0, 0.0]]
2456 2.4040 0.0010 2.500498 -0.000000 0.000000 [{'depth': 1.5191322009222574e-06, 'geomIdA': 0, 'geomIdB': 1, 'modifiedDepth': 5.438479444563882e-08, 'nhat_AB_W': [-0.0, -0.0, 1.0], 'p_WC': [0.0, 0.0, 2.0004992404339], 'p_WCa': [0.0, 0.0, 2.0005], 'p_WCb': [0.0, 0.0, 2.0004984808677992]}] [[0.0, 0.0, -9.81, 0.0, 0.0, 0.0], [0.0, 0.0, 9.81, 0.0, 0.0, 0.0]]
2457 2.4050 0.0010 2.500498 -0.000000 0.000000 [{'depth': 1.5191322009222574e-06, 'geomIdA': 0, 'geomIdB': 1, 'modifiedDepth': 5.438479444563882e-08, 'nhat_AB_W': [-0.0, -0.0, 1.0], 'p_WC': [0.0, 0.0, 2.0004992404339], 'p_WCa': [0.0, 0.0, 2.0005], 'p_WCb': [0.0, 0.0, 2.0004984808677992]}] [[0.0, 0.0, -9.81, 0.0, 0.0, 0.0], [0.0, 0.0, 9.81, 0.0, 0.0, 0.0]]
2458 2.4060 0.0010 2.500498 -0.000000 0.000000 [{'depth': 1.5191322009222574e-06, 'geomIdA': 0, 'geomIdB': 1, 'modifiedDepth': 5.438479444563882e-08, 'nhat_AB_W': [-0.0, -0.0, 1.0], 'p_WC': [0.0, 0.0, 2.0004992404339], 'p_WCa': [0.0, 0.0, 2.0005], 'p_WCb': [0.0, 0.0, 2.0004984808677992]}] [[0.0, 0.0, -9.81, 0.0, 0.0, 0.0], [0.0, 0.0, 9.81, 0.0, 0.0, 0.0]]
2459 2.4070 0.0010 2.500498 -0.000000 0.000000 [{'depth': 1.5191322009222574e-06, 'geomIdA': 0, 'geomIdB': 1, 'modifiedDepth': 5.438479444563882e-08, 'nhat_AB_W': [-0.0, -0.0, 1.0], 'p_WC': [0.0, 0.0, 2.0004992404339], 'p_WCa': [0.0, 0.0, 2.0005], 'p_WCb': [0.0, 0.0, 2.0004984808677992]}] [[0.0, 0.0, -9.81, 0.0, 0.0, 0.0], [0.0, 0.0, 9.81, 0.0, 0.0, 0.0]]
2460 2.4080 0.0010 2.500498 -0.000000 0.000000 [{'depth': 1.5191322009222574e-06, 'geomIdA': 0, 'geomIdB': 1, 'modifiedDepth': 5.438479444563882e-08, 'nhat_AB_W': [-0.0, -0.0, 1.0], 'p_WC': [0.0, 0.0, 2.0004992404339], 'p_WCa': [0.0, 0.0, 2.0005], 'p_WCb': [0.0, 0.0, 2.0004984808677992]}] [[0.0, 0.0, -9.81, 0.0, 0.0, 0.0], [0.0, 0.0, 9.81, 0.0, 0.0, 0.0]]
2461 2.4090 0.0010 2.500498 -0.000000 0.000000 [{'depth': 1.5191322009222574e-06, 'geomIdA': 0, 'geomIdB': 1, 'modifiedDepth': 5.438479444563882e-08, 'nhat_AB_W': [-0.0, -0.0, 1.0], 'p_WC': [0.0, 0.0, 2.0004992404339], 'p_WCa': [0.0, 0.0, 2.0005], 'p_WCb': [0.0, 0.0, 2.0004984808677992]}] [[0.0, 0.0, -9.81, 0.0, 0.0, 0.0], [0.0, 0.0, 9.81, 0.0, 0.0, 0.0]]
2462 2.4100 0.0010 2.500498 -0.000000 0.000000 [{'depth': 1.5191322009222574e-06, 'geomIdA': 0, 'geomIdB': 1, 'modifiedDepth': 5.438479444563882e-08, 'nhat_AB_W': [-0.0, -0.0, 1.0], 'p_WC': [0.0, 0.0, 2.0004992404339], 'p_WCa': [0.0, 0.0, 2.0005], 'p_WCb': [0.0, 0.0, 2.0004984808677992]}] [[0.0, 0.0, -9.81, 0.0, 0.0, 0.0], [0.0, 0.0, 9.81, 0.0, 0.0, 0.0]]
2463 2.4110 0.0010 2.500498 -0.000000 0.000000 [{'depth': 1.5191322009222574e-06, 'geomIdA': 0, 'geomIdB': 1, 'modifiedDepth': 5.438479444563882e-08, 'nhat_AB_W': [-0.0, -0.0, 1.0], 'p_WC': [0.0, 0.0, 2.0004992404339], 'p_WCa': [0.0, 0.0, 2.0005], 'p_WCb': [0.0, 0.0, 2.0004984808677992]}] [[0.0, 0.0, -9.81, 0.0, 0.0, 0.0], [0.0, 0.0, 9.81, 0.0, 0.0, 0.0]]
2464 2.4120 0.0010 2.500498 -0.000000 0.000000 [{'depth': 1.5191322009222574e-06, 'geomIdA': 0, 'geomIdB': 1, 'modifiedDepth': 5.438479444563882e-08, 'nhat_AB_W': [-0.0, -0.0, 1.0], 'p_WC': [0.0, 0.0, 2.0004992404339], 'p_WCa': [0.0, 0.0, 2.0005], 'p_WCb': [0.0, 0.0, 2.0004984808677992]}] [[0.0, 0.0, -9.81, 0.0, 0.0, 0.0], [0.0, 0.0, 9.81, 0.0, 0.0, 0.0]]
2465 2.4130 0.0010 2.500498 -0.000000 0.000000 [{'depth': 1.5191322009222574e-06, 'geomIdA': 0, 'geomIdB': 1, 'modifiedDepth': 5.438479444563882e-08, 'nhat_AB_W': [-0.0, -0.0, 1.0], 'p_WC': [0.0, 0.0, 2.0004992404339], 'p_WCa': [0.0, 0.0, 2.0005], 'p_WCb': [0.0, 0.0, 2.0004984808677992]}] [[0.0, 0.0, -9.81, 0.0, 0.0, 0.0], [0.0, 0.0, 9.81, 0.0, 0.0, 0.0]]
2466 2.4140 0.0010 2.500498 -0.000000 0.000000 [{'depth': 1.5191322009222574e-06, 'geomIdA': 0, 'geomIdB': 1, 'modifiedDepth': 5.438479444563882e-08, 'nhat_AB_W': [-0.0, -0.0, 1.0], 'p_WC': [0.0, 0.0, 2.0004992404339], 'p_WCa': [0.0, 0.0, 2.0005], 'p_WCb': [0.0, 0.0, 2.0004984808677992]}] [[0.0, 0.0, -9.81, 0.0, 0.0, 0.0], [0.0, 0.0, 9.81, 0.0, 0.0, 0.0]]
2467 2.4150 0.0010 2.500498 -0.000000 0.000000 [{'depth': 1.5191322009222574e-06, 'geomIdA': 0, 'geomIdB': 1, 'modifiedDepth': 5.438479444563882e-08, 'nhat_AB_W': [-0.0, -0.0, 1.0], 'p_WC': [0.0, 0.0, 2.0004992404339], 'p_WCa': [0.0, 0.0, 2.0005], 'p_WCb': [0.0, 0.0, 2.0004984808677992]}] [[0.0, 0.0, -9.81, 0.0, 0.0, 0.0], [0.0, 0.0, 9.81, 0.0, 0.0, 0.0]]
2468 2.4160 0.0010 2.500498 -0.000000 0.000000 [{'depth': 1.5191322009222574e-06, 'geomIdA': 0, 'geomIdB': 1, 'modifiedDepth': 5.438479444563882e-08, 'nhat_AB_W': [-0.0, -0.0, 1.0], 'p_WC': [0.0, 0.0, 2.0004992404339], 'p_WCa': [0.0, 0.0, 2.0005], 'p_WCb': [0.0, 0.0, 2.0004984808677992]}] [[0.0, 0.0, -9.81, 0.0, 0.0, 0.0], [0.0, 0.0, 9.81, 0.0, 0.0, 0.0]]
2469 2.4170 0.0010 2.500498 -0.000000 0.000000 [{'depth': 1.5191322009222574e-06, 'geomIdA': 0, 'geomIdB': 1, 'modifiedDepth': 5.438479444563882e-08, 'nhat_AB_W': [-0.0, -0.0, 1.0], 'p_WC': [0.0, 0.0, 2.0004992404339], 'p_WCa': [0.0, 0.0, 2.0005], 'p_WCb': [0.0, 0.0, 2.0004984808677992]}] [[0.0, 0.0, -9.81, 0.0, 0.0, 0.0], [0.0, 0.0, 9.81, 0.0, 0.0, 0.0]]
2470 2.4180 0.0010 2.500498 -0.000000 0.000000 [{'depth': 1.5191322009222574e-06, 'geomIdA': 0, 'geomIdB': 1, 'modifiedDepth': 5.438479444563882e-08, 'nhat_AB_W': [-0.0, -0.0, 1.0], 'p_WC': [0.0, 0.0, 2.0004992404339], 'p_WCa': [0.0, 0.0, 2.0005], 'p_WCb': [0.0, 0.0, 2.0004984808677992]}] [[0.0, 0.0, -9.81, 0.0, 0.0, 0.0], [0.0, 0.0, 9.81, 0.0, 0.0, 0.0]]
2471 2.4190 0.0010 2.500498 -0.000000 0.000000 [{'depth': 1.5191322009222574e-06, 'geomIdA': 0, 'geomIdB': 1, 'modifiedDepth': 5.438479444563882e-08, 'nhat_AB_W': [-0.0, -0.0, 1.0], 'p_WC': [0.0, 0.0, 2.0004992404339], 'p_WCa': [0.0, 0.0, 2.0005], 'p_WCb': [0.0, 0.0, 2.0004984808677992]}] [[0.0, 0.0, -9.81, 0.0, 0.0, 0.0], [0.0, 0.0, 9.81, 0.0, 0.0, 0.0]]
2472 2.4200 0.0010 2.500498 -0.000000 0.000000 [{'depth': 1.5191322009222574e-06, 'geomIdA': 0, 'geomIdB': 1, 'modifiedDepth': 5.438479444563882e-08, 'nhat_AB_W': [-0.0, -0.0, 1.0], 'p_WC': [0.0, 0.0, 2.0004992404339], 'p_WCa': [0.0, 0.0, 2.0005], 'p_WCb': [0.0, 0.0, 2.0004984808677992]}] [[0.0, 0.0, -9.81, 0.0, 0.0, 0.0], [0.0, 0.0, 9.81, 0.0, 0.0, 0.0]]
2473 2.4210 0.0010 2.500498 -0.000000 0.000000 [{'depth': 1.5191322009222574e-06, 'geomIdA': 0, 'geomIdB': 1, 'modifiedDepth': 5.438479444563882e-08, 'nhat_AB_W': [-0.0, -0.0, 1.0], 'p_WC': [0.0, 0.0, 2.0004992404339], 'p_WCa': [0.0, 0.0, 2.0005], 'p_WCb': [0.0, 0.0, 2.0004984808677992]}] [[0.0, 0.0, -9.81, 0.0, 0.0, 0.0], [0.0, 0.0, 9.81, 0.0, 0.0, 0.0]]
2474 2.4220 0.0010 2.500498 -0.000000 0.000000 [{'depth': 1.5191322009222574e-06, 'geomIdA': 0, 'geomIdB': 1, 'modifiedDepth': 5.438479444563882e-08, 'nhat_AB_W': [-0.0, -0.0, 1.0], 'p_WC': [0.0, 0.0, 2.0004992404339], 'p_WCa': [0.0, 0.0, 2.0005], 'p_WCb': [0.0, 0.0, 2.0004984808677992]}] [[0.0, 0.0, -9.81, 0.0, 0.0, 0.0], [0.0, 0.0, 9.81, 0.0, 0.0, 0.0]]
2475 2.4230 0.0010 2.500498 -0.000000 0.000000 [{'depth': 1.5191322009222574e-06, 'geomIdA': 0, 'geomIdB': 1, 'modifiedDepth': 5.438479444563882e-08, 'nhat_AB_W': [-0.0, -0.0, 1.0], 'p_WC': [0.0, 0.0, 2.0004992404339], 'p_WCa': [0.0, 0.0, 2.0005], 'p_WCb': [0.0, 0.0, 2.0004984808677992]}] [[0.0, 0.0, -9.81, 0.0, 0.0, 0.0], [0.0, 0.0, 9.81, 0.0, 0.0, 0.0]]
2476 2.4240 0.0010 2.500498 -0.000000 0.000000 [{'depth': 1.5191322009222574e-06, 'geomIdA': 0, 'geomIdB': 1, 'modifiedDepth': 5.438479444563882e-08, 'nhat_AB_W': [-0.0, -0.0, 1.0], 'p_WC': [0.0, 0.0, 2.0004992404339], 'p_WCa': [0.0, 0.0, 2.0005], 'p_WCb': [0.0, 0.0, 2.0004984808677992]}] [[0.0, 0.0, -9.81, 0.0, 0.0, 0.0], [0.0, 0.0, 9.81, 0.0, 0.0, 0.0]]
2477 2.4250 0.0010 2.500498 -0.000000 0.000000 [{'depth': 1.5191322009222574e-06, 'geomIdA': 0, 'geomIdB': 1, 'modifiedDepth': 5.438479444563882e-08, 'nhat_AB_W': [-0.0, -0.0, 1.0], 'p_WC': [0.0, 0.0, 2.0004992404339], 'p_WCa': [0.0, 0.0, 2.0005], 'p_WCb': [0.0, 0.0, 2.0004984808677992]}] [[0.0, 0.0, -9.81, 0.0, 0.0, 0.0], [0.0, 0.0, 9.81, 0.0, 0.0, 0.0]]
2478 2.4260 0.0010 2.500498 -0.000000 0.000000 [{'depth': 1.5191322009222574e-06, 'geomIdA': 0, 'geomIdB': 1, 'modifiedDepth': 5.438479444563882e-08, 'nhat_AB_W': [-0.0, -0.0, 1.0], 'p_WC': [0.0, 0.0, 2.0004992404339], 'p_WCa': [0.0, 0.0, 2.0005], 'p_WCb': [0.0, 0.0, 2.0004984808677992]}] [[0.0, 0.0, -9.81, 0.0, 0.0, 0.0], [0.0, 0.0, 9.81, 0.0, 0.0, 0.0]]
2479 2.4270 0.0010 2.500498 -0.000000 0.000000 [{'depth': 1.5191322009222574e-06, 'geomIdA': 0, 'geomIdB': 1, 'modifiedDepth': 5.438479444563882e-08, 'nhat_AB_W': [-0.0, -0.0, 1.0], 'p_WC': [0.0, 0.0, 2.0004992404339], 'p_WCa': [0.0, 0.0, 2.0005], 'p_WCb': [0.0, 0.0, 2.0004984808677992]}] [[0.0, 0.0, -9.81, 0.0, 0.0, 0.0], [0.0, 0.0, 9.81, 0.0, 0.0, 0.0]]
2480 2.4280 0.0010 2.500498 -0.000000 0.000000 [{'depth': 1.5191322009222574e-06, 'geomIdA': 0, 'geomIdB': 1, 'modifiedDepth': 5.438479444563882e-08, 'nhat_AB_W': [-0.0, -0.0, 1.0], 'p_WC': [0.0, 0.0, 2.0004992404339], 'p_WCa': [0.0, 0.0, 2.0005], 'p_WCb': [0.0, 0.0, 2.0004984808677992]}] [[0.0, 0.0, -9.81, 0.0, 0.0, 0.0], [0.0, 0.0, 9.81, 0.0, 0.0, 0.0]]
2481 2.4290 0.0010 2.500498 -0.000000 0.000000 [{'depth': 1.5191322009222574e-06, 'geomIdA': 0, 'geomIdB': 1, 'modifiedDepth': 5.438479444563882e-08, 'nhat_AB_W': [-0.0, -0.0, 1.0], 'p_WC': [0.0, 0.0, 2.0004992404339], 'p_WCa': [0.0, 0.0, 2.0005], 'p_WCb': [0.0, 0.0, 2.0004984808677992]}] [[0.0, 0.0, -9.81, 0.0, 0.0, 0.0], [0.0, 0.0, 9.81, 0.0, 0.0, 0.0]]
2482 2.4300 0.0010 2.500498 -0.000000 0.000000 [{'depth': 1.5191322009222574e-06, 'geomIdA': 0, 'geomIdB': 1, 'modifiedDepth': 5.438479444563882e-08, 'nhat_AB_W': [-0.0, -0.0, 1.0], 'p_WC': [0.0, 0.0, 2.0004992404339], 'p_WCa': [0.0, 0.0, 2.0005], 'p_WCb': [0.0, 0.0, 2.0004984808677992]}] [[0.0, 0.0, -9.81, 0.0, 0.0, 0.0], [0.0, 0.0, 9.81, 0.0, 0.0, 0.0]]
2483 2.4310 0.0010 2.500498 -0.000000 0.000000 [{'depth': 1.5191322009222574e-06, 'geomIdA': 0, 'geomIdB': 1, 'modifiedDepth': 5.438479444563882e-08, 'nhat_AB_W': [-0.0, -0.0, 1.0], 'p_WC': [0.0, 0.0, 2.0004992404339], 'p_WCa': [0.0, 0.0, 2.0005], 'p_WCb': [0.0, 0.0, 2.0004984808677992]}] [[0.0, 0.0, -9.81, 0.0, 0.0, 0.0], [0.0, 0.0, 9.81, 0.0, 0.0, 0.0]]
2484 2.4320 0.0010 2.500498 -0.000000 0.000000 [{'depth': 1.5191322009222574e-06, 'geomIdA': 0, 'geomIdB': 1, 'modifiedDepth': 5.438479444563882e-08, 'nhat_AB_W': [-0.0, -0.0, 1.0], 'p_WC': [0.0, 0.0, 2.0004992404339], 'p_WCa': [0.0, 0.0, 2.0005], 'p_WCb': [0.0, 0.0, 2.0004984808677992]}] [[0.0, 0.0, -9.81, 0.0, 0.0, 0.0], [0.0, 0.0, 9.81, 0.0, 0.0, 0.0]]
2485 2.4330 0.0010 2.500498 -0.000000 0.000000 [{'depth': 1.5191322009222574e-06, 'geomIdA': 0, 'geomIdB': 1, 'modifiedDepth': 5.438479444563882e-08, 'nhat_AB_W': [-0.0, -0.0, 1.0], 'p_WC': [0.0, 0.0, 2.0004992404339], 'p_WCa': [0.0, 0.0, 2.0005], 'p_WCb': [0.0, 0.0, 2.0004984808677992]}] [[0.0, 0.0, -9.81, 0.0, 0.0, 0.0], [0.0, 0.0, 9.81, 0.0, 0.0, 0.0]]
2486 2.4340 0.0010 2.500498 -0.000000 0.000000 [{'depth': 1.5191322009222574e-06, 'geomIdA': 0, 'geomIdB': 1, 'modifiedDepth': 5.438479444563882e-08, 'nhat_AB_W': [-0.0, -0.0, 1.0], 'p_WC': [0.0, 0.0, 2.0004992404339], 'p_WCa': [0.0, 0.0, 2.0005], 'p_WCb': [0.0, 0.0, 2.0004984808677992]}] [[0.0, 0.0, -9.81, 0.0, 0.0, 0.0], [0.0, 0.0, 9.81, 0.0, 0.0, 0.0]]
2487 2.4350 0.0010 2.500498 -0.000000 0.000000 [{'depth': 1.5191322009222574e-06, 'geomIdA': 0, 'geomIdB': 1, 'modifiedDepth': 5.438479444563882e-08, 'nhat_AB_W': [-0.0, -0.0, 1.0], 'p_WC': [0.0, 0.0, 2.0004992404339], 'p_WCa': [0.0, 0.0, 2.0005], 'p_WCb': [0.0, 0.0, 2.0004984808677992]}] [[0.0, 0.0, -9.81, 0.0, 0.0, 0.0], [0.0, 0.0, 9.81, 0.0, 0.0, 0.0]]
2488 2.4360 0.0010 2.500498 -0.000000 0.000000 [{'depth': 1.5191322009222574e-06, 'geomIdA': 0, 'geomIdB': 1, 'modifiedDepth': 5.438479444563882e-08, 'nhat_AB_W': [-0.0, -0.0, 1.0], 'p_WC': [0.0, 0.0, 2.0004992404339], 'p_WCa': [0.0, 0.0, 2.0005], 'p_WCb': [0.0, 0.0, 2.0004984808677992]}] [[0.0, 0.0, -9.81, 0.0, 0.0, 0.0], [0.0, 0.0, 9.81, 0.0, 0.0, 0.0]]
2489 2.4370 0.0010 2.500498 -0.000000 0.000000 [{'depth': 1.5191322009222574e-06, 'geomIdA': 0, 'geomIdB': 1, 'modifiedDepth': 5.438479444563882e-08, 'nhat_AB_W': [-0.0, -0.0, 1.0], 'p_WC': [0.0, 0.0, 2.0004992404339], 'p_WCa': [0.0, 0.0, 2.0005], 'p_WCb': [0.0, 0.0, 2.0004984808677992]}] [[0.0, 0.0, -9.81, 0.0, 0.0, 0.0], [0.0, 0.0, 9.81, 0.0, 0.0, 0.0]]
2490 2.4380 0.0010 2.500498 -0.000000 0.000000 [{'depth': 1.5191322009222574e-06, 'geomIdA': 0, 'geomIdB': 1, 'modifiedDepth': 5.438479444563882e-08, 'nhat_AB_W': [-0.0, -0.0, 1.0], 'p_WC': [0.0, 0.0, 2.0004992404339], 'p_WCa': [0.0, 0.0, 2.0005], 'p_WCb': [0.0, 0.0, 2.0004984808677992]}] [[0.0, 0.0, -9.81, 0.0, 0.0, 0.0], [0.0, 0.0, 9.81, 0.0, 0.0, 0.0]]
2491 2.4390 0.0010 2.500498 -0.000000 0.000000 [{'depth': 1.5191322009222574e-06, 'geomIdA': 0, 'geomIdB': 1, 'modifiedDepth': 5.438479444563882e-08, 'nhat_AB_W': [-0.0, -0.0, 1.0], 'p_WC': [0.0, 0.0, 2.0004992404339], 'p_WCa': [0.0, 0.0, 2.0005], 'p_WCb': [0.0, 0.0, 2.0004984808677992]}] [[0.0, 0.0, -9.81, 0.0, 0.0, 0.0], [0.0, 0.0, 9.81, 0.0, 0.0, 0.0]]
2492 2.4400 0.0010 2.500498 -0.000000 0.000000 [{'depth': 1.5191322009222574e-06, 'geomIdA': 0, 'geomIdB': 1, 'modifiedDepth': 5.438479444563882e-08, 'nhat_AB_W': [-0.0, -0.0, 1.0], 'p_WC': [0.0, 0.0, 2.0004992404339], 'p_WCa': [0.0, 0.0, 2.0005], 'p_WCb': [0.0, 0.0, 2.0004984808677992]}] [[0.0, 0.0, -9.81, 0.0, 0.0, 0.0], [0.0, 0.0, 9.81, 0.0, 0.0, 0.0]]
2493 2.4410 0.0010 2.500498 -0.000000 0.000000 [{'depth': 1.5191322009222574e-06, 'geomIdA': 0, 'geomIdB': 1, 'modifiedDepth': 5.438479444563882e-08, 'nhat_AB_W': [-0.0, -0.0, 1.0], 'p_WC': [0.0, 0.0, 2.0004992404339], 'p_WCa': [0.0, 0.0, 2.0005], 'p_WCb': [0.0, 0.0, 2.0004984808677992]}] [[0.0, 0.0, -9.81, 0.0, 0.0, 0.0], [0.0, 0.0, 9.81, 0.0, 0.0, 0.0]]
2494 2.4420 0.0010 2.500498 -0.000000 0.000000 [{'depth': 1.5191322009222574e-06, 'geomIdA': 0, 'geomIdB': 1, 'modifiedDepth': 5.438479444563882e-08, 'nhat_AB_W': [-0.0, -0.0, 1.0], 'p_WC': [0.0, 0.0, 2.0004992404339], 'p_WCa': [0.0, 0.0, 2.0005], 'p_WCb': [0.0, 0.0, 2.0004984808677992]}] [[0.0, 0.0, -9.81, 0.0, 0.0, 0.0], [0.0, 0.0, 9.81, 0.0, 0.0, 0.0]]
2495 2.4430 0.0010 2.500498 -0.000000 0.000000 [{'depth': 1.5191322009222574e-06, 'geomIdA': 0, 'geomIdB': 1, 'modifiedDepth': 5.438479444563882e-08, 'nhat_AB_W': [-0.0, -0.0, 1.0], 'p_WC': [0.0, 0.0, 2.0004992404339], 'p_WCa': [0.0, 0.0, 2.0005], 'p_WCb': [0.0, 0.0, 2.0004984808677992]}] [[0.0, 0.0, -9.81, 0.0, 0.0, 0.0], [0.0, 0.0, 9.81, 0.0, 0.0, 0.0]]
2496 2.4440 0.0010 2.500498 -0.000000 0.000000 [{'depth': 1.5191322009222574e-06, 'geomIdA': 0, 'geomIdB': 1, 'modifiedDepth': 5.438479444563882e-08, 'nhat_AB_W': [-0.0, -0.0, 1.0], 'p_WC': [0.0, 0.0, 2.0004992404339], 'p_WCa': [0.0, 0.0, 2.0005], 'p_WCb': [0.0, 0.0, 2.0004984808677992]}] [[0.0, 0.0, -9.81, 0.0, 0.0, 0.0], [0.0, 0.0, 9.81, 0.0, 0.0, 0.0]]
2497 2.4450 0.0010 2.500498 -0.000000 0.000000 [{'depth': 1.5191322009222574e-06, 'geomIdA': 0, 'geomIdB': 1, 'modifiedDepth': 5.438479444563882e-08, 'nhat_AB_W': [-0.0, -0.0, 1.0], 'p_WC': [0.0, 0.0, 2.0004992404339], 'p_WCa': [0.0, 0.0, 2.0005], 'p_WCb': [0.0, 0.0, 2.0004984808677992]}] [[0.0, 0.0, -9.81, 0.0, 0.0, 0.0], [0.0, 0.0, 9.81, 0.0, 0.0, 0.0]]
2498 2.4460 0.0010 2.500498 -0.000000 0.000000 [{'depth': 1.5191322009222574e-06, 'geomIdA': 0, 'geomIdB': 1, 'modifiedDepth': 5.438479444563882e-08, 'nhat_AB_W': [-0.0, -0.0, 1.0], 'p_WC': [0.0, 0.0, 2.0004992404339], 'p_WCa': [0.0, 0.0, 2.0005], 'p_WCb': [0.0, 0.0, 2.0004984808677992]}] [[0.0, 0.0, -9.81, 0.0, 0.0, 0.0], [0.0, 0.0, 9.81, 0.0, 0.0, 0.0]]
2499 2.4470 0.0010 2.500498 -0.000000 0.000000 [{'depth': 1.5191322009222574e-06, 'geomIdA': 0, 'geomIdB': 1, 'modifiedDepth': 5.438479444563882e-08, 'nhat_AB_W': [-0.0, -0.0, 1.0], 'p_WC': [0.0, 0.0, 2.0004992404339], 'p_WCa': [0.0, 0.0, 2.0005], 'p_WCb': [0.0, 0.0, 2.0004984808677992]}] [[0.0, 0.0, -9.81, 0.0, 0.0, 0.0], [0.0, 0.0, 9.81, 0.0, 0.0, 0.0]]
2500 2.4480 0.0010 2.500498 -0.000000 0.000000 [{'depth': 1.5191322009222574e-06, 'geomIdA': 0, 'geomIdB': 1, 'modifiedDepth': 5.438479444563882e-08, 'nhat_AB_W': [-0.0, -0.0, 1.0], 'p_WC': [0.0, 0.0, 2.0004992404339], 'p_WCa': [0.0, 0.0, 2.0005], 'p_WCb': [0.0, 0.0, 2.0004984808677992]}] [[0.0, 0.0, -9.81, 0.0, 0.0, 0.0], [0.0, 0.0, 9.81, 0.0, 0.0, 0.0]]
2501 2.4490 0.0010 2.500498 -0.000000 0.000000 [{'depth': 1.5191322009222574e-06, 'geomIdA': 0, 'geomIdB': 1, 'modifiedDepth': 5.438479444563882e-08, 'nhat_AB_W': [-0.0, -0.0, 1.0], 'p_WC': [0.0, 0.0, 2.0004992404339], 'p_WCa': [0.0, 0.0, 2.0005], 'p_WCb': [0.0, 0.0, 2.0004984808677992]}] [[0.0, 0.0, -9.81, 0.0, 0.0, 0.0], [0.0, 0.0, 9.81, 0.0, 0.0, 0.0]]
2502 2.4500 0.0010 2.500498 -0.000000 0.000000 [{'depth': 1.5191322009222574e-06, 'geomIdA': 0, 'geomIdB': 1, 'modifiedDepth': 5.438479444563882e-08, 'nhat_AB_W': [-0.0, -0.0, 1.0], 'p_WC': [0.0, 0.0, 2.0004992404339], 'p_WCa': [0.0, 0.0, 2.0005], 'p_WCb': [0.0, 0.0, 2.0004984808677992]}] [[0.0, 0.0, -9.81, 0.0, 0.0, 0.0], [0.0, 0.0, 9.81, 0.0, 0.0, 0.0]]
2503 2.4510 0.0010 2.500498 -0.000000 0.000000 [{'depth': 1.5191322009222574e-06, 'geomIdA': 0, 'geomIdB': 1, 'modifiedDepth': 5.438479444563882e-08, 'nhat_AB_W': [-0.0, -0.0, 1.0], 'p_WC': [0.0, 0.0, 2.0004992404339], 'p_WCa': [0.0, 0.0, 2.0005], 'p_WCb': [0.0, 0.0, 2.0004984808677992]}] [[0.0, 0.0, -9.81, 0.0, 0.0, 0.0], [0.0, 0.0, 9.81, 0.0, 0.0, 0.0]]
2504 2.4520 0.0010 2.500498 -0.000000 0.000000 [{'depth': 1.5191322009222574e-06, 'geomIdA': 0, 'geomIdB': 1, 'modifiedDepth': 5.438479444563882e-08, 'nhat_AB_W': [-0.0, -0.0, 1.0], 'p_WC': [0.0, 0.0, 2.0004992404339], 'p_WCa': [0.0, 0.0, 2.0005], 'p_WCb': [0.0, 0.0, 2.0004984808677992]}] [[0.0, 0.0, -9.81, 0.0, 0.0, 0.0], [0.0, 0.0, 9.81, 0.0, 0.0, 0.0]]
2505 2.4530 0.0010 2.500498 -0.000000 0.000000 [{'depth': 1.5191322009222574e-06, 'geomIdA': 0, 'geomIdB': 1, 'modifiedDepth': 5.438479444563882e-08, 'nhat_AB_W': [-0.0, -0.0, 1.0], 'p_WC': [0.0, 0.0, 2.0004992404339], 'p_WCa': [0.0, 0.0, 2.0005], 'p_WCb': [0.0, 0.0, 2.0004984808677992]}] [[0.0, 0.0, -9.81, 0.0, 0.0, 0.0], [0.0, 0.0, 9.81, 0.0, 0.0, 0.0]]
2506 2.4540 0.0010 2.500498 -0.000000 0.000000 [{'depth': 1.5191322009222574e-06, 'geomIdA': 0, 'geomIdB': 1, 'modifiedDepth': 5.438479444563882e-08, 'nhat_AB_W': [-0.0, -0.0, 1.0], 'p_WC': [0.0, 0.0, 2.0004992404339], 'p_WCa': [0.0, 0.0, 2.0005], 'p_WCb': [0.0, 0.0, 2.0004984808677992]}] [[0.0, 0.0, -9.81, 0.0, 0.0, 0.0], [0.0, 0.0, 9.81, 0.0, 0.0, 0.0]]
2507 2.4550 0.0010 2.500498 -0.000000 0.000000 [{'depth': 1.5191322009222574e-06, 'geomIdA': 0, 'geomIdB': 1, 'modifiedDepth': 5.438479444563882e-08, 'nhat_AB_W': [-0.0, -0.0, 1.0], 'p_WC': [0.0, 0.0, 2.0004992404339], 'p_WCa': [0.0, 0.0, 2.0005], 'p_WCb': [0.0, 0.0, 2.0004984808677992]}] [[0.0, 0.0, -9.81, 0.0, 0.0, 0.0], [0.0, 0.0, 9.81, 0.0, 0.0, 0.0]]
2508 2.4560 0.0010 2.500498 -0.000000 0.000000 [{'depth': 1.5191322009222574e-06, 'geomIdA': 0, 'geomIdB': 1, 'modifiedDepth': 5.438479444563882e-08, 'nhat_AB_W': [-0.0, -0.0, 1.0], 'p_WC': [0.0, 0.0, 2.0004992404339], 'p_WCa': [0.0, 0.0, 2.0005], 'p_WCb': [0.0, 0.0, 2.0004984808677992]}] [[0.0, 0.0, -9.81, 0.0, 0.0, 0.0], [0.0, 0.0, 9.81, 0.0, 0.0, 0.0]]
2509 2.4570 0.0010 2.500498 -0.000000 0.000000 [{'depth': 1.5191322009222574e-06, 'geomIdA': 0, 'geomIdB': 1, 'modifiedDepth': 5.438479444563882e-08, 'nhat_AB_W': [-0.0, -0.0, 1.0], 'p_WC': [0.0, 0.0, 2.0004992404339], 'p_WCa': [0.0, 0.0, 2.0005], 'p_WCb': [0.0, 0.0, 2.0004984808677992]}] [[0.0, 0.0, -9.81, 0.0, 0.0, 0.0], [0.0, 0.0, 9.81, 0.0, 0.0, 0.0]]
2510 2.4580 0.0010 2.500498 -0.000000 0.000000 [{'depth': 1.5191322009222574e-06, 'geomIdA': 0, 'geomIdB': 1, 'modifiedDepth': 5.438479444563882e-08, 'nhat_AB_W': [-0.0, -0.0, 1.0], 'p_WC': [0.0, 0.0, 2.0004992404339], 'p_WCa': [0.0, 0.0, 2.0005], 'p_WCb': [0.0, 0.0, 2.0004984808677992]}] [[0.0, 0.0, -9.81, 0.0, 0.0, 0.0], [0.0, 0.0, 9.81, 0.0, 0.0, 0.0]]
2511 2.4590 0.0010 2.500498 -0.000000 0.000000 [{'depth': 1.5191322009222574e-06, 'geomIdA': 0, 'geomIdB': 1, 'modifiedDepth': 5.438479444563882e-08, 'nhat_AB_W': [-0.0, -0.0, 1.0], 'p_WC': [0.0, 0.0, 2.0004992404339], 'p_WCa': [0.0, 0.0, 2.0005], 'p_WCb': [0.0, 0.0, 2.0004984808677992]}] [[0.0, 0.0, -9.81, 0.0, 0.0, 0.0], [0.0, 0.0, 9.81, 0.0, 0.0, 0.0]]
2512 2.4600 0.0010 2.500498 -0.000000 0.000000 [{'depth': 1.5191322009222574e-06, 'geomIdA': 0, 'geomIdB': 1, 'modifiedDepth': 5.438479444563882e-08, 'nhat_AB_W': [-0.0, -0.0, 1.0], 'p_WC': [0.0, 0.0, 2.0004992404339], 'p_WCa': [0.0, 0.0, 2.0005], 'p_WCb': [0.0, 0.0, 2.0004984808677992]}] [[0.0, 0.0, -9.81, 0.0, 0.0, 0.0], [0.0, 0.0, 9.81, 0.0, 0.0, 0.0]]
2513 2.4610 0.0010 2.500498 -0.000000 0.000000 [{'depth': 1.5191322009222574e-06, 'geomIdA': 0, 'geomIdB': 1, 'modifiedDepth': 5.438479444563882e-08, 'nhat_AB_W': [-0.0, -0.0, 1.0], 'p_WC': [0.0, 0.0, 2.0004992404339], 'p_WCa': [0.0, 0.0, 2.0005], 'p_WCb': [0.0, 0.0, 2.0004984808677992]}] [[0.0, 0.0, -9.81, 0.0, 0.0, 0.0], [0.0, 0.0, 9.81, 0.0, 0.0, 0.0]]
2514 2.4620 0.0010 2.500498 -0.000000 0.000000 [{'depth': 1.5191322009222574e-06, 'geomIdA': 0, 'geomIdB': 1, 'modifiedDepth': 5.438479444563882e-08, 'nhat_AB_W': [-0.0, -0.0, 1.0], 'p_WC': [0.0, 0.0, 2.0004992404339], 'p_WCa': [0.0, 0.0, 2.0005], 'p_WCb': [0.0, 0.0, 2.0004984808677992]}] [[0.0, 0.0, -9.81, 0.0, 0.0, 0.0], [0.0, 0.0, 9.81, 0.0, 0.0, 0.0]]
2515 2.4630 0.0010 2.500498 -0.000000 0.000000 [{'depth': 1.5191322009222574e-06, 'geomIdA': 0, 'geomIdB': 1, 'modifiedDepth': 5.438479444563882e-08, 'nhat_AB_W': [-0.0, -0.0, 1.0], 'p_WC': [0.0, 0.0, 2.0004992404339], 'p_WCa': [0.0, 0.0, 2.0005], 'p_WCb': [0.0, 0.0, 2.0004984808677992]}] [[0.0, 0.0, -9.81, 0.0, 0.0, 0.0], [0.0, 0.0, 9.81, 0.0, 0.0, 0.0]]
2516 2.4640 0.0010 2.500498 -0.000000 0.000000 [{'depth': 1.5191322009222574e-06, 'geomIdA': 0, 'geomIdB': 1, 'modifiedDepth': 5.438479444563882e-08, 'nhat_AB_W': [-0.0, -0.0, 1.0], 'p_WC': [0.0, 0.0, 2.0004992404339], 'p_WCa': [0.0, 0.0, 2.0005], 'p_WCb': [0.0, 0.0, 2.0004984808677992]}] [[0.0, 0.0, -9.81, 0.0, 0.0, 0.0], [0.0, 0.0, 9.81, 0.0, 0.0, 0.0]]
2517 2.4650 0.0010 2.500498 -0.000000 0.000000 [{'depth': 1.5191322009222574e-06, 'geomIdA': 0, 'geomIdB': 1, 'modifiedDepth': 5.438479444563882e-08, 'nhat_AB_W': [-0.0, -0.0, 1.0], 'p_WC': [0.0, 0.0, 2.0004992404339], 'p_WCa': [0.0, 0.0, 2.0005], 'p_WCb': [0.0, 0.0, 2.0004984808677992]}] [[0.0, 0.0, -9.81, 0.0, 0.0, 0.0], [0.0, 0.0, 9.81, 0.0, 0.0, 0.0]]
2518 2.4660 0.0010 2.500498 -0.000000 0.000000 [{'depth': 1.5191322009222574e-06, 'geomIdA': 0, 'geomIdB': 1, 'modifiedDepth': 5.438479444563882e-08, 'nhat_AB_W': [-0.0, -0.0, 1.0], 'p_WC': [0.0, 0.0, 2.0004992404339], 'p_WCa': [0.0, 0.0, 2.0005], 'p_WCb': [0.0, 0.0, 2.0004984808677992]}] [[0.0, 0.0, -9.81, 0.0, 0.0, 0.0], [0.0, 0.0, 9.81, 0.0, 0.0, 0.0]]
2519 2.4670 0.0010 2.500498 -0.000000 0.000000 [{'depth': 1.5191322009222574e-06, 'geomIdA': 0, 'geomIdB': 1, 'modifiedDepth': 5.438479444563882e-08, 'nhat_AB_W': [-0.0, -0.0, 1.0], 'p_WC': [0.0, 0.0, 2.0004992404339], 'p_WCa': [0.0, 0.0, 2.0005], 'p_WCb': [0.0, 0.0, 2.0004984808677992]}] [[0.0, 0.0, -9.81, 0.0, 0.0, 0.0], [0.0, 0.0, 9.81, 0.0, 0.0, 0.0]]
2520 2.4680 0.0010 2.500498 -0.000000 0.000000 [{'depth': 1.5191322009222574e-06, 'geomIdA': 0, 'geomIdB': 1, 'modifiedDepth': 5.438479444563882e-08, 'nhat_AB_W': [-0.0, -0.0, 1.0], 'p_WC': [0.0, 0.0, 2.0004992404339], 'p_WCa': [0.0, 0.0, 2.0005], 'p_WCb': [0.0, 0.0, 2.0004984808677992]}] [[0.0, 0.0, -9.81, 0.0, 0.0, 0.0], [0.0, 0.0, 9.81, 0.0, 0.0, 0.0]]
2521 2.4690 0.0010 2.500498 -0.000000 0.000000 [{'depth': 1.5191322009222574e-06, 'geomIdA': 0, 'geomIdB': 1, 'modifiedDepth': 5.438479444563882e-08, 'nhat_AB_W': [-0.0, -0.0, 1.0], 'p_WC': [0.0, 0.0, 2.0004992404339], 'p_WCa': [0.0, 0.0, 2.0005], 'p_WCb': [0.0, 0.0, 2.0004984808677992]}] [[0.0, 0.0, -9.81, 0.0, 0.0, 0.0], [0.0, 0.0, 9.81, 0.0, 0.0, 0.0]]
2522 2.4700 0.0010 2.500498 -0.000000 0.000000 [{'depth': 1.5191322009222574e-06, 'geomIdA': 0, 'geomIdB': 1, 'modifiedDepth': 5.438479444563882e-08, 'nhat_AB_W': [-0.0, -0.0, 1.0], 'p_WC': [0.0, 0.0, 2.0004992404339], 'p_WCa': [0.0, 0.0, 2.0005], 'p_WCb': [0.0, 0.0, 2.0004984808677992]}] [[0.0, 0.0, -9.81, 0.0, 0.0, 0.0], [0.0, 0.0, 9.81, 0.0, 0.0, 0.0]]
2523 2.4710 0.0010 2.500498 -0.000000 0.000000 [{'depth': 1.5191322009222574e-06, 'geomIdA': 0, 'geomIdB': 1, 'modifiedDepth': 5.438479444563882e-08, 'nhat_AB_W': [-0.0, -0.0, 1.0], 'p_WC': [0.0, 0.0, 2.0004992404339], 'p_WCa': [0.0, 0.0, 2.0005], 'p_WCb': [0.0, 0.0, 2.0004984808677992]}] [[0.0, 0.0, -9.81, 0.0, 0.0, 0.0], [0.0, 0.0, 9.81, 0.0, 0.0, 0.0]]
2524 2.4720 0.0010 2.500498 -0.000000 0.000000 [{'depth': 1.5191322009222574e-06, 'geomIdA': 0, 'geomIdB': 1, 'modifiedDepth': 5.438479444563882e-08, 'nhat_AB_W': [-0.0, -0.0, 1.0], 'p_WC': [0.0, 0.0, 2.0004992404339], 'p_WCa': [0.0, 0.0, 2.0005], 'p_WCb': [0.0, 0.0, 2.0004984808677992]}] [[0.0, 0.0, -9.81, 0.0, 0.0, 0.0], [0.0, 0.0, 9.81, 0.0, 0.0, 0.0]]
2525 2.4730 0.0010 2.500498 -0.000000 0.000000 [{'depth': 1.5191322009222574e-06, 'geomIdA': 0, 'geomIdB': 1, 'modifiedDepth': 5.438479444563882e-08, 'nhat_AB_W': [-0.0, -0.0, 1.0], 'p_WC': [0.0, 0.0, 2.0004992404339], 'p_WCa': [0.0, 0.0, 2.0005], 'p_WCb': [0.0, 0.0, 2.0004984808677992]}] [[0.0, 0.0, -9.81, 0.0, 0.0, 0.0], [0.0, 0.0, 9.81, 0.0, 0.0, 0.0]]
2526 2.4740 0.0010 2.500498 -0.000000 0.000000 [{'depth': 1.5191322009222574e-06, 'geomIdA': 0, 'geomIdB': 1, 'modifiedDepth': 5.438479444563882e-08, 'nhat_AB_W': [-0.0, -0.0, 1.0], 'p_WC': [0.0, 0.0, 2.0004992404339], 'p_WCa': [0.0, 0.0, 2.0005], 'p_WCb': [0.0, 0.0, 2.0004984808677992]}] [[0.0, 0.0, -9.81, 0.0, 0.0, 0.0], [0.0, 0.0, 9.81, 0.0, 0.0, 0.0]]
2527 2.4750 0.0010 2.500498 -0.000000 0.000000 [{'depth': 1.5191322009222574e-06, 'geomIdA': 0, 'geomIdB': 1, 'modifiedDepth': 5.438479444563882e-08, 'nhat_AB_W': [-0.0, -0.0, 1.0], 'p_WC': [0.0, 0.0, 2.0004992404339], 'p_WCa': [0.0, 0.0, 2.0005], 'p_WCb': [0.0, 0.0, 2.0004984808677992]}] [[0.0, 0.0, -9.81, 0.0, 0.0, 0.0], [0.0, 0.0, 9.81, 0.0, 0.0, 0.0]]
2528 2.4760 0.0010 2.500498 -0.000000 0.000000 [{'depth': 1.5191322009222574e-06, 'geomIdA': 0, 'geomIdB': 1, 'modifiedDepth': 5.438479444563882e-08, 'nhat_AB_W': [-0.0, -0.0, 1.0], 'p_WC': [0.0, 0.0, 2.0004992404339], 'p_WCa': [0.0, 0.0, 2.0005], 'p_WCb': [0.0, 0.0, 2.0004984808677992]}] [[0.0, 0.0, -9.81, 0.0, 0.0, 0.0], [0.0, 0.0, 9.81, 0.0, 0.0, 0.0]]
2529 2.4770 0.0010 2.500498 -0.000000 0.000000 [{'depth': 1.5191322009222574e-06, 'geomIdA': 0, 'geomIdB': 1, 'modifiedDepth': 5.438479444563882e-08, 'nhat_AB_W': [-0.0, -0.0, 1.0], 'p_WC': [0.0, 0.0, 2.0004992404339], 'p_WCa': [0.0, 0.0, 2.0005], 'p_WCb': [0.0, 0.0, 2.0004984808677992]}] [[0.0, 0.0, -9.81, 0.0, 0.0, 0.0], [0.0, 0.0, 9.81, 0.0, 0.0, 0.0]]
2530 2.4780 0.0010 2.500498 -0.000000 0.000000 [{'depth': 1.5191322009222574e-06, 'geomIdA': 0, 'geomIdB': 1, 'modifiedDepth': 5.438479444563882e-08, 'nhat_AB_W': [-0.0, -0.0, 1.0], 'p_WC': [0.0, 0.0, 2.0004992404339], 'p_WCa': [0.0, 0.0, 2.0005], 'p_WCb': [0.0, 0.0, 2.0004984808677992]}] [[0.0, 0.0, -9.81, 0.0, 0.0, 0.0], [0.0, 0.0, 9.81, 0.0, 0.0, 0.0]]
2531 2.4790 0.0010 2.500498 -0.000000 0.000000 [{'depth': 1.5191322009222574e-06, 'geomIdA': 0, 'geomIdB': 1, 'modifiedDepth': 5.438479444563882e-08, 'nhat_AB_W': [-0.0, -0.0, 1.0], 'p_WC': [0.0, 0.0, 2.0004992404339], 'p_WCa': [0.0, 0.0, 2.0005], 'p_WCb': [0.0, 0.0, 2.0004984808677992]}] [[0.0, 0.0, -9.81, 0.0, 0.0, 0.0], [0.0, 0.0, 9.81, 0.0, 0.0, 0.0]]
2532 2.4800 0.0010 2.500498 -0.000000 0.000000 [{'depth': 1.5191322009222574e-06, 'geomIdA': 0, 'geomIdB': 1, 'modifiedDepth': 5.438479444563882e-08, 'nhat_AB_W': [-0.0, -0.0, 1.0], 'p_WC': [0.0, 0.0, 2.0004992404339], 'p_WCa': [0.0, 0.0, 2.0005], 'p_WCb': [0.0, 0.0, 2.0004984808677992]}] [[0.0, 0.0, -9.81, 0.0, 0.0, 0.0], [0.0, 0.0, 9.81, 0.0, 0.0, 0.0]]
2533 2.4810 0.0010 2.500498 -0.000000 0.000000 [{'depth': 1.5191322009222574e-06, 'geomIdA': 0, 'geomIdB': 1, 'modifiedDepth': 5.438479444563882e-08, 'nhat_AB_W': [-0.0, -0.0, 1.0], 'p_WC': [0.0, 0.0, 2.0004992404339], 'p_WCa': [0.0, 0.0, 2.0005], 'p_WCb': [0.0, 0.0, 2.0004984808677992]}] [[0.0, 0.0, -9.81, 0.0, 0.0, 0.0], [0.0, 0.0, 9.81, 0.0, 0.0, 0.0]]
2534 2.4820 0.0010 2.500498 -0.000000 0.000000 [{'depth': 1.5191322009222574e-06, 'geomIdA': 0, 'geomIdB': 1, 'modifiedDepth': 5.438479444563882e-08, 'nhat_AB_W': [-0.0, -0.0, 1.0], 'p_WC': [0.0, 0.0, 2.0004992404339], 'p_WCa': [0.0, 0.0, 2.0005], 'p_WCb': [0.0, 0.0, 2.0004984808677992]}] [[0.0, 0.0, -9.81, 0.0, 0.0, 0.0], [0.0, 0.0, 9.81, 0.0, 0.0, 0.0]]
2535 2.4830 0.0010 2.500498 -0.000000 0.000000 [{'depth': 1.5191322009222574e-06, 'geomIdA': 0, 'geomIdB': 1, 'modifiedDepth': 5.438479444563882e-08, 'nhat_AB_W': [-0.0, -0.0, 1.0], 'p_WC': [0.0, 0.0, 2.0004992404339], 'p_WCa': [0.0, 0.0, 2.0005], 'p_WCb': [0.0, 0.0, 2.0004984808677992]}] [[0.0, 0.0, -9.81, 0.0, 0.0, 0.0], [0.0, 0.0, 9.81, 0.0, 0.0, 0.0]]
2536 2.4840 0.0010 2.500498 -0.000000 0.000000 [{'depth': 1.5191322009222574e-06, 'geomIdA': 0, 'geomIdB': 1, 'modifiedDepth': 5.438479444563882e-08, 'nhat_AB_W': [-0.0, -0.0, 1.0], 'p_WC': [0.0, 0.0, 2.0004992404339], 'p_WCa': [0.0, 0.0, 2.0005], 'p_WCb': [0.0, 0.0, 2.0004984808677992]}] [[0.0, 0.0, -9.81, 0.0, 0.0, 0.0], [0.0, 0.0, 9.81, 0.0, 0.0, 0.0]]
2537 2.4850 0.0010 2.500498 -0.000000 0.000000 [{'depth': 1.5191322009222574e-06, 'geomIdA': 0, 'geomIdB': 1, 'modifiedDepth': 5.438479444563882e-08, 'nhat_AB_W': [-0.0, -0.0, 1.0], 'p_WC': [0.0, 0.0, 2.0004992404339], 'p_WCa': [0.0, 0.0, 2.0005], 'p_WCb': [0.0, 0.0, 2.0004984808677992]}] [[0.0, 0.0, -9.81, 0.0, 0.0, 0.0], [0.0, 0.0, 9.81, 0.0, 0.0, 0.0]]
2538 2.4860 0.0010 2.500498 -0.000000 0.000000 [{'depth': 1.5191322009222574e-06, 'geomIdA': 0, 'geomIdB': 1, 'modifiedDepth': 5.438479444563882e-08, 'nhat_AB_W': [-0.0, -0.0, 1.0], 'p_WC': [0.0, 0.0, 2.0004992404339], 'p_WCa': [0.0, 0.0, 2.0005], 'p_WCb': [0.0, 0.0, 2.0004984808677992]}] [[0.0, 0.0, -9.81, 0.0, 0.0, 0.0], [0.0, 0.0, 9.81, 0.0, 0.0, 0.0]]
2539 2.4870 0.0010 2.500498 -0.000000 0.000000 [{'depth': 1.5191322009222574e-06, 'geomIdA': 0, 'geomIdB': 1, 'modifiedDepth': 5.438479444563882e-08, 'nhat_AB_W': [-0.0, -0.0, 1.0], 'p_WC': [0.0, 0.0, 2.0004992404339], 'p_WCa': [0.0, 0.0, 2.0005], 'p_WCb': [0.0, 0.0, 2.0004984808677992]}] [[0.0, 0.0, -9.81, 0.0, 0.0, 0.0], [0.0, 0.0, 9.81, 0.0, 0.0, 0.0]]
2540 2.4880 0.0010 2.500498 -0.000000 0.000000 [{'depth': 1.5191322009222574e-06, 'geomIdA': 0, 'geomIdB': 1, 'modifiedDepth': 5.438479444563882e-08, 'nhat_AB_W': [-0.0, -0.0, 1.0], 'p_WC': [0.0, 0.0, 2.0004992404339], 'p_WCa': [0.0, 0.0, 2.0005], 'p_WCb': [0.0, 0.0, 2.0004984808677992]}] [[0.0, 0.0, -9.81, 0.0, 0.0, 0.0], [0.0, 0.0, 9.81, 0.0, 0.0, 0.0]]
2541 2.4890 0.0010 2.500498 -0.000000 0.000000 [{'depth': 1.5191322009222574e-06, 'geomIdA': 0, 'geomIdB': 1, 'modifiedDepth': 5.438479444563882e-08, 'nhat_AB_W': [-0.0, -0.0, 1.0], 'p_WC': [0.0, 0.0, 2.0004992404339], 'p_WCa': [0.0, 0.0, 2.0005], 'p_WCb': [0.0, 0.0, 2.0004984808677992]}] [[0.0, 0.0, -9.81, 0.0, 0.0, 0.0], [0.0, 0.0, 9.81, 0.0, 0.0, 0.0]]
2542 2.4900 0.0010 2.500498 -0.000000 0.000000 [{'depth': 1.5191322009222574e-06, 'geomIdA': 0, 'geomIdB': 1, 'modifiedDepth': 5.438479444563882e-08, 'nhat_AB_W': [-0.0, -0.0, 1.0], 'p_WC': [0.0, 0.0, 2.0004992404339], 'p_WCa': [0.0, 0.0, 2.0005], 'p_WCb': [0.0, 0.0, 2.0004984808677992]}] [[0.0, 0.0, -9.81, 0.0, 0.0, 0.0], [0.0, 0.0, 9.81, 0.0, 0.0, 0.0]]
2543 2.4910 0.0010 2.500498 -0.000000 0.000000 [{'depth': 1.5191322009222574e-06, 'geomIdA': 0, 'geomIdB': 1, 'modifiedDepth': 5.438479444563882e-08, 'nhat_AB_W': [-0.0, -0.0, 1.0], 'p_WC': [0.0, 0.0, 2.0004992404339], 'p_WCa': [0.0, 0.0, 2.0005], 'p_WCb': [0.0, 0.0, 2.0004984808677992]}] [[0.0, 0.0, -9.81, 0.0, 0.0, 0.0], [0.0, 0.0, 9.81, 0.0, 0.0, 0.0]]
2544 2.4920 0.0010 2.500498 -0.000000 0.000000 [{'depth': 1.5191322009222574e-06, 'geomIdA': 0, 'geomIdB': 1, 'modifiedDepth': 5.438479444563882e-08, 'nhat_AB_W': [-0.0, -0.0, 1.0], 'p_WC': [0.0, 0.0, 2.0004992404339], 'p_WCa': [0.0, 0.0, 2.0005], 'p_WCb': [0.0, 0.0, 2.0004984808677992]}] [[0.0, 0.0, -9.81, 0.0, 0.0, 0.0], [0.0, 0.0, 9.81, 0.0, 0.0, 0.0]]
2545 2.4930 0.0010 2.500498 -0.000000 0.000000 [{'depth': 1.5191322009222574e-06, 'geomIdA': 0, 'geomIdB': 1, 'modifiedDepth': 5.438479444563882e-08, 'nhat_AB_W': [-0.0, -0.0, 1.0], 'p_WC': [0.0, 0.0, 2.0004992404339], 'p_WCa': [0.0, 0.0, 2.0005], 'p_WCb': [0.0, 0.0, 2.0004984808677992]}] [[0.0, 0.0, -9.81, 0.0, 0.0, 0.0], [0.0, 0.0, 9.81, 0.0, 0.0, 0.0]]
2546 2.4940 0.0010 2.500498 -0.000000 0.000000 [{'depth': 1.5191322009222574e-06, 'geomIdA': 0, 'geomIdB': 1, 'modifiedDepth': 5.438479444563882e-08, 'nhat_AB_W': [-0.0, -0.0, 1.0], 'p_WC': [0.0, 0.0, 2.0004992404339], 'p_WCa': [0.0, 0.0, 2.0005], 'p_WCb': [0.0, 0.0, 2.0004984808677992]}] [[0.0, 0.0, -9.81, 0.0, 0.0, 0.0], [0.0, 0.0, 9.81, 0.0, 0.0, 0.0]]
2547 2.4950 0.0010 2.500498 -0.000000 0.000000 [{'depth': 1.5191322009222574e-06, 'geomIdA': 0, 'geomIdB': 1, 'modifiedDepth': 5.438479444563882e-08, 'nhat_AB_W': [-0.0, -0.0, 1.0], 'p_WC': [0.0, 0.0, 2.0004992404339], 'p_WCa': [0.0, 0.0, 2.0005], 'p_WCb': [0.0, 0.0, 2.0004984808677992]}] [[0.0, 0.0, -9.81, 0.0, 0.0, 0.0], [0.0, 0.0, 9.81, 0.0, 0.0, 0.0]]
2548 2.4960 0.0010 2.500498 -0.000000 0.000000 [{'depth': 1.5191322009222574e-06, 'geomIdA': 0, 'geomIdB': 1, 'modifiedDepth': 5.438479444563882e-08, 'nhat_AB_W': [-0.0, -0.0, 1.0], 'p_WC': [0.0, 0.0, 2.0004992404339], 'p_WCa': [0.0, 0.0, 2.0005], 'p_WCb': [0.0, 0.0, 2.0004984808677992]}] [[0.0, 0.0, -9.81, 0.0, 0.0, 0.0], [0.0, 0.0, 9.81, 0.0, 0.0, 0.0]]
2549 2.4970 0.0010 2.500498 -0.000000 0.000000 [{'depth': 1.5191322009222574e-06, 'geomIdA': 0, 'geomIdB': 1, 'modifiedDepth': 5.438479444563882e-08, 'nhat_AB_W': [-0.0, -0.0, 1.0], 'p_WC': [0.0, 0.0, 2.0004992404339], 'p_WCa': [0.0, 0.0, 2.0005], 'p_WCb': [0.0, 0.0, 2.0004984808677992]}] [[0.0, 0.0, -9.81, 0.0, 0.0, 0.0], [0.0, 0.0, 9.81, 0.0, 0.0, 0.0]]
2550 2.4980 0.0010 2.500498 -0.000000 0.000000 [{'depth': 1.5191322009222574e-06, 'geomIdA': 0, 'geomIdB': 1, 'modifiedDepth': 5.438479444563882e-08, 'nhat_AB_W': [-0.0, -0.0, 1.0], 'p_WC': [0.0, 0.0, 2.0004992404339], 'p_WCa': [0.0, 0.0, 2.0005], 'p_WCb': [0.0, 0.0, 2.0004984808677992]}] [[0.0, 0.0, -9.81, 0.0, 0.0, 0.0], [0.0, 0.0, 9.81, 0.0, 0.0, 0.0]]
2551 2.4990 0.0010 2.500498 -0.000000 0.000000 [{'depth': 1.5191322009222574e-06, 'geomIdA': 0, 'geomIdB': 1, 'modifiedDepth': 5.438479444563882e-08, 'nhat_AB_W': [-0.0, -0.0, 1.0], 'p_WC': [0.0, 0.0, 2.0004992404339], 'p_WCa': [0.0, 0.0, 2.0005], 'p_WCb': [0.0, 0.0, 2.0004984808677992]}] [[0.0, 0.0, -9.81, 0.0, 0.0, 0.0], [0.0, 0.0, 9.81, 0.0, 0.0, 0.0]]
2552 2.5000 0.0010 2.500498 -0.000000 0.000000 [{'depth': 1.5191322009222574e-06, 'geomIdA': 0, 'geomIdB': 1, 'modifiedDepth': 5.438479444563882e-08, 'nhat_AB_W': [-0.0, -0.0, 1.0], 'p_WC': [0.0, 0.0, 2.0004992404339], 'p_WCa': [0.0, 0.0, 2.0005], 'p_WCb': [0.0, 0.0, 2.0004984808677992]}] [[0.0, 0.0, -9.81, 0.0, 0.0, 0.0], [0.0, 0.0, 9.81, 0.0, 0.0, 0.0]]
2553 2.5010 0.0010 2.500498 -0.000000 0.000000 [{'depth': 1.5191322009222574e-06, 'geomIdA': 0, 'geomIdB': 1, 'modifiedDepth': 5.438479444563882e-08, 'nhat_AB_W': [-0.0, -0.0, 1.0], 'p_WC': [0.0, 0.0, 2.0004992404339], 'p_WCa': [0.0, 0.0, 2.0005], 'p_WCb': [0.0, 0.0, 2.0004984808677992]}] [[0.0, 0.0, -9.81, 0.0, 0.0, 0.0], [0.0, 0.0, 9.81, 0.0, 0.0, 0.0]]
2554 2.5020 0.0010 2.500498 -0.000000 0.000000 [{'depth': 1.5191322009222574e-06, 'geomIdA': 0, 'geomIdB': 1, 'modifiedDepth': 5.438479444563882e-08, 'nhat_AB_W': [-0.0, -0.0, 1.0], 'p_WC': [0.0, 0.0, 2.0004992404339], 'p_WCa': [0.0, 0.0, 2.0005], 'p_WCb': [0.0, 0.0, 2.0004984808677992]}] [[0.0, 0.0, -9.81, 0.0, 0.0, 0.0], [0.0, 0.0, 9.81, 0.0, 0.0, 0.0]]
2555 2.5030 0.0010 2.500498 -0.000000 0.000000 [{'depth': 1.5191322009222574e-06, 'geomIdA': 0, 'geomIdB': 1, 'modifiedDepth': 5.438479444563882e-08, 'nhat_AB_W': [-0.0, -0.0, 1.0], 'p_WC': [0.0, 0.0, 2.0004992404339], 'p_WCa': [0.0, 0.0, 2.0005], 'p_WCb': [0.0, 0.0, 2.0004984808677992]}] [[0.0, 0.0, -9.81, 0.0, 0.0, 0.0], [0.0, 0.0, 9.81, 0.0, 0.0, 0.0]]
2556 2.5040 0.0010 2.500498 -0.000000 0.000000 [{'depth': 1.5191322009222574e-06, 'geomIdA': 0, 'geomIdB': 1, 'modifiedDepth': 5.438479444563882e-08, 'nhat_AB_W': [-0.0, -0.0, 1.0], 'p_WC': [0.0, 0.0, 2.0004992404339], 'p_WCa': [0.0, 0.0, 2.0005], 'p_WCb': [0.0, 0.0, 2.0004984808677992]}] [[0.0, 0.0, -9.81, 0.0, 0.0, 0.0], [0.0, 0.0, 9.81, 0.0, 0.0, 0.0]]
2557 2.5050 0.0010 2.500498 -0.000000 0.000000 [{'depth': 1.5191322009222574e-06, 'geomIdA': 0, 'geomIdB': 1, 'modifiedDepth': 5.438479444563882e-08, 'nhat_AB_W': [-0.0, -0.0, 1.0], 'p_WC': [0.0, 0.0, 2.0004992404339], 'p_WCa': [0.0, 0.0, 2.0005], 'p_WCb': [0.0, 0.0, 2.0004984808677992]}] [[0.0, 0.0, -9.81, 0.0, 0.0, 0.0], [0.0, 0.0, 9.81, 0.0, 0.0, 0.0]]
2558 2.5060 0.0010 2.500498 -0.000000 0.000000 [{'depth': 1.5191322009222574e-06, 'geomIdA': 0, 'geomIdB': 1, 'modifiedDepth': 5.438479444563882e-08, 'nhat_AB_W': [-0.0, -0.0, 1.0], 'p_WC': [0.0, 0.0, 2.0004992404339], 'p_WCa': [0.0, 0.0, 2.0005], 'p_WCb': [0.0, 0.0, 2.0004984808677992]}] [[0.0, 0.0, -9.81, 0.0, 0.0, 0.0], [0.0, 0.0, 9.81, 0.0, 0.0, 0.0]]
2559 2.5070 0.0010 2.500498 -0.000000 0.000000 [{'depth': 1.5191322009222574e-06, 'geomIdA': 0, 'geomIdB': 1, 'modifiedDepth': 5.438479444563882e-08, 'nhat_AB_W': [-0.0, -0.0, 1.0], 'p_WC': [0.0, 0.0, 2.0004992404339], 'p_WCa': [0.0, 0.0, 2.0005], 'p_WCb': [0.0, 0.0, 2.0004984808677992]}] [[0.0, 0.0, -9.81, 0.0, 0.0, 0.0], [0.0, 0.0, 9.81, 0.0, 0.0, 0.0]]
2560 2.5080 0.0010 2.500498 -0.000000 0.000000 [{'depth': 1.5191322009222574e-06, 'geomIdA': 0, 'geomIdB': 1, 'modifiedDepth': 5.438479444563882e-08, 'nhat_AB_W': [-0.0, -0.0, 1.0], 'p_WC': [0.0, 0.0, 2.0004992404339], 'p_WCa': [0.0, 0.0, 2.0005], 'p_WCb': [0.0, 0.0, 2.0004984808677992]}] [[0.0, 0.0, -9.81, 0.0, 0.0, 0.0], [0.0, 0.0, 9.81, 0.0, 0.0, 0.0]]
2561 2.5090 0.0010 2.500498 -0.000000 0.000000 [{'depth': 1.5191322009222574e-06, 'geomIdA': 0, 'geomIdB': 1, 'modifiedDepth': 5.438479444563882e-08, 'nhat_AB_W': [-0.0, -0.0, 1.0], 'p_WC': [0.0, 0.0, 2.0004992404339], 'p_WCa': [0.0, 0.0, 2.0005], 'p_WCb': [0.0, 0.0, 2.0004984808677992]}] [[0.0, 0.0, -9.81, 0.0, 0.0, 0.0], [0.0, 0.0, 9.81, 0.0, 0.0, 0.0]]
2562 2.5100 0.0010 2.500498 -0.000000 0.000000 [{'depth': 1.5191322009222574e-06, 'geomIdA': 0, 'geomIdB': 1, 'modifiedDepth': 5.438479444563882e-08, 'nhat_AB_W': [-0.0, -0.0, 1.0], 'p_WC': [0.0, 0.0, 2.0004992404339], 'p_WCa': [0.0, 0.0, 2.0005], 'p_WCb': [0.0, 0.0, 2.0004984808677992]}] [[0.0, 0.0, -9.81, 0.0, 0.0, 0.0], [0.0, 0.0, 9.81, 0.0, 0.0, 0.0]]
2563 2.5110 0.0010 2.500498 -0.000000 0.000000 [{'depth': 1.5191322009222574e-06, 'geomIdA': 0, 'geomIdB': 1, 'modifiedDepth': 5.438479444563882e-08, 'nhat_AB_W': [-0.0, -0.0, 1.0], 'p_WC': [0.0, 0.0, 2.0004992404339], 'p_WCa': [0.0, 0.0, 2.0005], 'p_WCb': [0.0, 0.0, 2.0004984808677992]}] [[0.0, 0.0, -9.81, 0.0, 0.0, 0.0], [0.0, 0.0, 9.81, 0.0, 0.0, 0.0]]
2564 2.5120 0.0010 2.500498 -0.000000 0.000000 [{'depth': 1.5191322009222574e-06, 'geomIdA': 0, 'geomIdB': 1, 'modifiedDepth': 5.438479444563882e-08, 'nhat_AB_W': [-0.0, -0.0, 1.0], 'p_WC': [0.0, 0.0, 2.0004992404339], 'p_WCa': [0.0, 0.0, 2.0005], 'p_WCb': [0.0, 0.0, 2.0004984808677992]}] [[0.0, 0.0, -9.81, 0.0, 0.0, 0.0], [0.0, 0.0, 9.81, 0.0, 0.0, 0.0]]
2565 2.5130 0.0010 2.500498 -0.000000 0.000000 [{'depth': 1.5191322009222574e-06, 'geomIdA': 0, 'geomIdB': 1, 'modifiedDepth': 5.438479444563882e-08, 'nhat_AB_W': [-0.0, -0.0, 1.0], 'p_WC': [0.0, 0.0, 2.0004992404339], 'p_WCa': [0.0, 0.0, 2.0005], 'p_WCb': [0.0, 0.0, 2.0004984808677992]}] [[0.0, 0.0, -9.81, 0.0, 0.0, 0.0], [0.0, 0.0, 9.81, 0.0, 0.0, 0.0]]
2566 2.5140 0.0010 2.500498 -0.000000 0.000000 [{'depth': 1.5191322009222574e-06, 'geomIdA': 0, 'geomIdB': 1, 'modifiedDepth': 5.438479444563882e-08, 'nhat_AB_W': [-0.0, -0.0, 1.0], 'p_WC': [0.0, 0.0, 2.0004992404339], 'p_WCa': [0.0, 0.0, 2.0005], 'p_WCb': [0.0, 0.0, 2.0004984808677992]}] [[0.0, 0.0, -9.81, 0.0, 0.0, 0.0], [0.0, 0.0, 9.81, 0.0, 0.0, 0.0]]
2567 2.5150 0.0010 2.500498 -0.000000 0.000000 [{'depth': 1.5191322009222574e-06, 'geomIdA': 0, 'geomIdB': 1, 'modifiedDepth': 5.438479444563882e-08, 'nhat_AB_W': [-0.0, -0.0, 1.0], 'p_WC': [0.0, 0.0, 2.0004992404339], 'p_WCa': [0.0, 0.0, 2.0005], 'p_WCb': [0.0, 0.0, 2.0004984808677992]}] [[0.0, 0.0, -9.81, 0.0, 0.0, 0.0], [0.0, 0.0, 9.81, 0.0, 0.0, 0.0]]
2568 2.5160 0.0010 2.500498 -0.000000 0.000000 [{'depth': 1.5191322009222574e-06, 'geomIdA': 0, 'geomIdB': 1, 'modifiedDepth': 5.438479444563882e-08, 'nhat_AB_W': [-0.0, -0.0, 1.0], 'p_WC': [0.0, 0.0, 2.0004992404339], 'p_WCa': [0.0, 0.0, 2.0005], 'p_WCb': [0.0, 0.0, 2.0004984808677992]}] [[0.0, 0.0, -9.81, 0.0, 0.0, 0.0], [0.0, 0.0, 9.81, 0.0, 0.0, 0.0]]
2569 2.5170 0.0010 2.500498 -0.000000 0.000000 [{'depth': 1.5191322009222574e-06, 'geomIdA': 0, 'geomIdB': 1, 'modifiedDepth': 5.438479444563882e-08, 'nhat_AB_W': [-0.0, -0.0, 1.0], 'p_WC': [0.0, 0.0, 2.0004992404339], 'p_WCa': [0.0, 0.0, 2.0005], 'p_WCb': [0.0, 0.0, 2.0004984808677992]}] [[0.0, 0.0, -9.81, 0.0, 0.0, 0.0], [0.0, 0.0, 9.81, 0.0, 0.0, 0.0]]
2570 2.5180 0.0010 2.500498 -0.000000 0.000000 [{'depth': 1.5191322009222574e-06, 'geomIdA': 0, 'geomIdB': 1, 'modifiedDepth': 5.438479444563882e-08, 'nhat_AB_W': [-0.0, -0.0, 1.0], 'p_WC': [0.0, 0.0, 2.0004992404339], 'p_WCa': [0.0, 0.0, 2.0005], 'p_WCb': [0.0, 0.0, 2.0004984808677992]}] [[0.0, 0.0, -9.81, 0.0, 0.0, 0.0], [0.0, 0.0, 9.81, 0.0, 0.0, 0.0]]
2571 2.5190 0.0010 2.500498 -0.000000 0.000000 [{'depth': 1.5191322009222574e-06, 'geomIdA': 0, 'geomIdB': 1, 'modifiedDepth': 5.438479444563882e-08, 'nhat_AB_W': [-0.0, -0.0, 1.0], 'p_WC': [0.0, 0.0, 2.0004992404339], 'p_WCa': [0.0, 0.0, 2.0005], 'p_WCb': [0.0, 0.0, 2.0004984808677992]}] [[0.0, 0.0, -9.81, 0.0, 0.0, 0.0], [0.0, 0.0, 9.81, 0.0, 0.0, 0.0]]
2572 2.5200 0.0010 2.500498 -0.000000 0.000000 [{'depth': 1.5191322009222574e-06, 'geomIdA': 0, 'geomIdB': 1, 'modifiedDepth': 5.438479444563882e-08, 'nhat_AB_W': [-0.0, -0.0, 1.0], 'p_WC': [0.0, 0.0, 2.0004992404339], 'p_WCa': [0.0, 0.0, 2.0005], 'p_WCb': [0.0, 0.0, 2.0004984808677992]}] [[0.0, 0.0, -9.81, 0.0, 0.0, 0.0], [0.0, 0.0, 9.81, 0.0, 0.0, 0.0]]
2573 2.5210 0.0010 2.500498 -0.000000 0.000000 [{'depth': 1.5191322009222574e-06, 'geomIdA': 0, 'geomIdB': 1, 'modifiedDepth': 5.438479444563882e-08, 'nhat_AB_W': [-0.0, -0.0, 1.0], 'p_WC': [0.0, 0.0, 2.0004992404339], 'p_WCa': [0.0, 0.0, 2.0005], 'p_WCb': [0.0, 0.0, 2.0004984808677992]}] [[0.0, 0.0, -9.81, 0.0, 0.0, 0.0], [0.0, 0.0, 9.81, 0.0, 0.0, 0.0]]
2574 2.5220 0.0010 2.500498 -0.000000 0.000000 [{'depth': 1.5191322009222574e-06, 'geomIdA': 0, 'geomIdB': 1, 'modifiedDepth': 5.438479444563882e-08, 'nhat_AB_W': [-0.0, -0.0, 1.0], 'p_WC': [0.0, 0.0, 2.0004992404339], 'p_WCa': [0.0, 0.0, 2.0005], 'p_WCb': [0.0, 0.0, 2.0004984808677992]}] [[0.0, 0.0, -9.81, 0.0, 0.0, 0.0], [0.0, 0.0, 9.81, 0.0, 0.0, 0.0]]
2575 2.5230 0.0010 2.500498 -0.000000 0.000000 [{'depth': 1.5191322009222574e-06, 'geomIdA': 0, 'geomIdB': 1, 'modifiedDepth': 5.438479444563882e-08, 'nhat_AB_W': [-0.0, -0.0, 1.0], 'p_WC': [0.0, 0.0, 2.0004992404339], 'p_WCa': [0.0, 0.0, 2.0005], 'p_WCb': [0.0, 0.0, 2.0004984808677992]}] [[0.0, 0.0, -9.81, 0.0, 0.0, 0.0], [0.0, 0.0, 9.81, 0.0, 0.0, 0.0]]
2576 2.5240 0.0010 2.500498 -0.000000 0.000000 [{'depth': 1.5191322009222574e-06, 'geomIdA': 0, 'geomIdB': 1, 'modifiedDepth': 5.438479444563882e-08, 'nhat_AB_W': [-0.0, -0.0, 1.0], 'p_WC': [0.0, 0.0, 2.0004992404339], 'p_WCa': [0.0, 0.0, 2.0005], 'p_WCb': [0.0, 0.0, 2.0004984808677992]}] [[0.0, 0.0, -9.81, 0.0, 0.0, 0.0], [0.0, 0.0, 9.81, 0.0, 0.0, 0.0]]
2577 2.5250 0.0010 2.500498 -0.000000 0.000000 [{'depth': 1.5191322009222574e-06, 'geomIdA': 0, 'geomIdB': 1, 'modifiedDepth': 5.438479444563882e-08, 'nhat_AB_W': [-0.0, -0.0, 1.0], 'p_WC': [0.0, 0.0, 2.0004992404339], 'p_WCa': [0.0, 0.0, 2.0005], 'p_WCb': [0.0, 0.0, 2.0004984808677992]}] [[0.0, 0.0, -9.81, 0.0, 0.0, 0.0], [0.0, 0.0, 9.81, 0.0, 0.0, 0.0]]
2578 2.5260 0.0010 2.500498 -0.000000 0.000000 [{'depth': 1.5191322009222574e-06, 'geomIdA': 0, 'geomIdB': 1, 'modifiedDepth': 5.438479444563882e-08, 'nhat_AB_W': [-0.0, -0.0, 1.0], 'p_WC': [0.0, 0.0, 2.0004992404339], 'p_WCa': [0.0, 0.0, 2.0005], 'p_WCb': [0.0, 0.0, 2.0004984808677992]}] [[0.0, 0.0, -9.81, 0.0, 0.0, 0.0], [0.0, 0.0, 9.81, 0.0, 0.0, 0.0]]
2579 2.5270 0.0010 2.500498 -0.000000 0.000000 [{'depth': 1.5191322009222574e-06, 'geomIdA': 0, 'geomIdB': 1, 'modifiedDepth': 5.438479444563882e-08, 'nhat_AB_W': [-0.0, -0.0, 1.0], 'p_WC': [0.0, 0.0, 2.0004992404339], 'p_WCa': [0.0, 0.0, 2.0005], 'p_WCb': [0.0, 0.0, 2.0004984808677992]}] [[0.0, 0.0, -9.81, 0.0, 0.0, 0.0], [0.0, 0.0, 9.81, 0.0, 0.0, 0.0]]
2580 2.5280 0.0010 2.500498 -0.000000 0.000000 [{'depth': 1.5191322009222574e-06, 'geomIdA': 0, 'geomIdB': 1, 'modifiedDepth': 5.438479444563882e-08, 'nhat_AB_W': [-0.0, -0.0, 1.0], 'p_WC': [0.0, 0.0, 2.0004992404339], 'p_WCa': [0.0, 0.0, 2.0005], 'p_WCb': [0.0, 0.0, 2.0004984808677992]}] [[0.0, 0.0, -9.81, 0.0, 0.0, 0.0], [0.0, 0.0, 9.81, 0.0, 0.0, 0.0]]
2581 2.5290 0.0010 2.500498 -0.000000 0.000000 [{'depth': 1.5191322009222574e-06, 'geomIdA': 0, 'geomIdB': 1, 'modifiedDepth': 5.438479444563882e-08, 'nhat_AB_W': [-0.0, -0.0, 1.0], 'p_WC': [0.0, 0.0, 2.0004992404339], 'p_WCa': [0.0, 0.0, 2.0005], 'p_WCb': [0.0, 0.0, 2.0004984808677992]}] [[0.0, 0.0, -9.81, 0.0, 0.0, 0.0], [0.0, 0.0, 9.81, 0.0, 0.0, 0.0]]
2582 2.5300 0.0010 2.500498 -0.000000 0.000000 [{'depth': 1.5191322009222574e-06, 'geomIdA': 0, 'geomIdB': 1, 'modifiedDepth': 5.438479444563882e-08, 'nhat_AB_W': [-0.0, -0.0, 1.0], 'p_WC': [0.0, 0.0, 2.0004992404339], 'p_WCa': [0.0, 0.0, 2.0005], 'p_WCb': [0.0, 0.0, 2.0004984808677992]}] [[0.0, 0.0, -9.81, 0.0, 0.0, 0.0], [0.0, 0.0, 9.81, 0.0, 0.0, 0.0]]
2583 2.5310 0.0010 2.500498 -0.000000 0.000000 [{'depth': 1.5191322009222574e-06, 'geomIdA': 0, 'geomIdB': 1, 'modifiedDepth': 5.438479444563882e-08, 'nhat_AB_W': [-0.0, -0.0, 1.0], 'p_WC': [0.0, 0.0, 2.0004992404339], 'p_WCa': [0.0, 0.0, 2.0005], 'p_WCb': [0.0, 0.0, 2.0004984808677992]}] [[0.0, 0.0, -9.81, 0.0, 0.0, 0.0], [0.0, 0.0, 9.81, 0.0, 0.0, 0.0]]
2584 2.5320 0.0010 2.500498 -0.000000 0.000000 [{'depth': 1.5191322009222574e-06, 'geomIdA': 0, 'geomIdB': 1, 'modifiedDepth': 5.438479444563882e-08, 'nhat_AB_W': [-0.0, -0.0, 1.0], 'p_WC': [0.0, 0.0, 2.0004992404339], 'p_WCa': [0.0, 0.0, 2.0005], 'p_WCb': [0.0, 0.0, 2.0004984808677992]}] [[0.0, 0.0, -9.81, 0.0, 0.0, 0.0], [0.0, 0.0, 9.81, 0.0, 0.0, 0.0]]
2585 2.5330 0.0010 2.500498 -0.000000 0.000000 [{'depth': 1.5191322009222574e-06, 'geomIdA': 0, 'geomIdB': 1, 'modifiedDepth': 5.438479444563882e-08, 'nhat_AB_W': [-0.0, -0.0, 1.0], 'p_WC': [0.0, 0.0, 2.0004992404339], 'p_WCa': [0.0, 0.0, 2.0005], 'p_WCb': [0.0, 0.0, 2.0004984808677992]}] [[0.0, 0.0, -9.81, 0.0, 0.0, 0.0], [0.0, 0.0, 9.81, 0.0, 0.0, 0.0]]
2586 2.5340 0.0010 2.500498 -0.000000 0.000000 [{'depth': 1.5191322009222574e-06, 'geomIdA': 0, 'geomIdB': 1, 'modifiedDepth': 5.438479444563882e-08, 'nhat_AB_W': [-0.0, -0.0, 1.0], 'p_WC': [0.0, 0.0, 2.0004992404339], 'p_WCa': [0.0, 0.0, 2.0005], 'p_WCb': [0.0, 0.0, 2.0004984808677992]}] [[0.0, 0.0, -9.81, 0.0, 0.0, 0.0], [0.0, 0.0, 9.81, 0.0, 0.0, 0.0]]
2587 2.5350 0.0010 2.500498 -0.000000 0.000000 [{'depth': 1.5191322009222574e-06, 'geomIdA': 0, 'geomIdB': 1, 'modifiedDepth': 5.438479444563882e-08, 'nhat_AB_W': [-0.0, -0.0, 1.0], 'p_WC': [0.0, 0.0, 2.0004992404339], 'p_WCa': [0.0, 0.0, 2.0005], 'p_WCb': [0.0, 0.0, 2.0004984808677992]}] [[0.0, 0.0, -9.81, 0.0, 0.0, 0.0], [0.0, 0.0, 9.81, 0.0, 0.0, 0.0]]
2588 2.5360 0.0010 2.500498 -0.000000 0.000000 [{'depth': 1.5191322009222574e-06, 'geomIdA': 0, 'geomIdB': 1, 'modifiedDepth': 5.438479444563882e-08, 'nhat_AB_W': [-0.0, -0.0, 1.0], 'p_WC': [0.0, 0.0, 2.0004992404339], 'p_WCa': [0.0, 0.0, 2.0005], 'p_WCb': [0.0, 0.0, 2.0004984808677992]}] [[0.0, 0.0, -9.81, 0.0, 0.0, 0.0], [0.0, 0.0, 9.81, 0.0, 0.0, 0.0]]
2589 2.5370 0.0010 2.500498 -0.000000 0.000000 [{'depth': 1.5191322009222574e-06, 'geomIdA': 0, 'geomIdB': 1, 'modifiedDepth': 5.438479444563882e-08, 'nhat_AB_W': [-0.0, -0.0, 1.0], 'p_WC': [0.0, 0.0, 2.0004992404339], 'p_WCa': [0.0, 0.0, 2.0005], 'p_WCb': [0.0, 0.0, 2.0004984808677992]}] [[0.0, 0.0, -9.81, 0.0, 0.0, 0.0], [0.0, 0.0, 9.81, 0.0, 0.0, 0.0]]
2590 2.5380 0.0010 2.500498 -0.000000 0.000000 [{'depth': 1.5191322009222574e-06, 'geomIdA': 0, 'geomIdB': 1, 'modifiedDepth': 5.438479444563882e-08, 'nhat_AB_W': [-0.0, -0.0, 1.0], 'p_WC': [0.0, 0.0, 2.0004992404339], 'p_WCa': [0.0, 0.0, 2.0005], 'p_WCb': [0.0, 0.0, 2.0004984808677992]}] [[0.0, 0.0, -9.81, 0.0, 0.0, 0.0], [0.0, 0.0, 9.81, 0.0, 0.0, 0.0]]
2591 2.5390 0.0010 2.500498 -0.000000 0.000000 [{'depth': 1.5191322009222574e-06, 'geomIdA': 0, 'geomIdB': 1, 'modifiedDepth': 5.438479444563882e-08, 'nhat_AB_W': [-0.0, -0.0, 1.0], 'p_WC': [0.0, 0.0, 2.0004992404339], 'p_WCa': [0.0, 0.0, 2.0005], 'p_WCb': [0.0, 0.0, 2.0004984808677992]}] [[0.0, 0.0, -9.81, 0.0, 0.0, 0.0], [0.0, 0.0, 9.81, 0.0, 0.0, 0.0]]
2592 2.5400 0.0010 2.500498 -0.000000 0.000000 [{'depth': 1.5191322009222574e-06, 'geomIdA': 0, 'geomIdB': 1, 'modifiedDepth': 5.438479444563882e-08, 'nhat_AB_W': [-0.0, -0.0, 1.0], 'p_WC': [0.0, 0.0, 2.0004992404339], 'p_WCa': [0.0, 0.0, 2.0005], 'p_WCb': [0.0, 0.0, 2.0004984808677992]}] [[0.0, 0.0, -9.81, 0.0, 0.0, 0.0], [0.0, 0.0, 9.81, 0.0, 0.0, 0.0]]
2593 2.5410 0.0010 2.500498 -0.000000 0.000000 [{'depth': 1.5191322009222574e-06, 'geomIdA': 0, 'geomIdB': 1, 'modifiedDepth': 5.438479444563882e-08, 'nhat_AB_W': [-0.0, -0.0, 1.0], 'p_WC': [0.0, 0.0, 2.0004992404339], 'p_WCa': [0.0, 0.0, 2.0005], 'p_WCb': [0.0, 0.0, 2.0004984808677992]}] [[0.0, 0.0, -9.81, 0.0, 0.0, 0.0], [0.0, 0.0, 9.81, 0.0, 0.0, 0.0]]
2594 2.5420 0.0010 2.500498 -0.000000 0.000000 [{'depth': 1.5191322009222574e-06, 'geomIdA': 0, 'geomIdB': 1, 'modifiedDepth': 5.438479444563882e-08, 'nhat_AB_W': [-0.0, -0.0, 1.0], 'p_WC': [0.0, 0.0, 2.0004992404339], 'p_WCa': [0.0, 0.0, 2.0005], 'p_WCb': [0.0, 0.0, 2.0004984808677992]}] [[0.0, 0.0, -9.81, 0.0, 0.0, 0.0], [0.0, 0.0, 9.81, 0.0, 0.0, 0.0]]
2595 2.5430 0.0010 2.500498 -0.000000 0.000000 [{'depth': 1.5191322009222574e-06, 'geomIdA': 0, 'geomIdB': 1, 'modifiedDepth': 5.438479444563882e-08, 'nhat_AB_W': [-0.0, -0.0, 1.0], 'p_WC': [0.0, 0.0, 2.0004992404339], 'p_WCa': [0.0, 0.0, 2.0005], 'p_WCb': [0.0, 0.0, 2.0004984808677992]}] [[0.0, 0.0, -9.81, 0.0, 0.0, 0.0], [0.0, 0.0, 9.81, 0.0, 0.0, 0.0]]
2596 2.5440 0.0010 2.500498 -0.000000 0.000000 [{'depth': 1.5191322009222574e-06, 'geomIdA': 0, 'geomIdB': 1, 'modifiedDepth': 5.438479444563882e-08, 'nhat_AB_W': [-0.0, -0.0, 1.0], 'p_WC': [0.0, 0.0, 2.0004992404339], 'p_WCa': [0.0, 0.0, 2.0005], 'p_WCb': [0.0, 0.0, 2.0004984808677992]}] [[0.0, 0.0, -9.81, 0.0, 0.0, 0.0], [0.0, 0.0, 9.81, 0.0, 0.0, 0.0]]
2597 2.5450 0.0010 2.500498 -0.000000 0.000000 [{'depth': 1.5191322009222574e-06, 'geomIdA': 0, 'geomIdB': 1, 'modifiedDepth': 5.438479444563882e-08, 'nhat_AB_W': [-0.0, -0.0, 1.0], 'p_WC': [0.0, 0.0, 2.0004992404339], 'p_WCa': [0.0, 0.0, 2.0005], 'p_WCb': [0.0, 0.0, 2.0004984808677992]}] [[0.0, 0.0, -9.81, 0.0, 0.0, 0.0], [0.0, 0.0, 9.81, 0.0, 0.0, 0.0]]
2598 2.5460 0.0010 2.500498 -0.000000 0.000000 [{'depth': 1.5191322009222574e-06, 'geomIdA': 0, 'geomIdB': 1, 'modifiedDepth': 5.438479444563882e-08, 'nhat_AB_W': [-0.0, -0.0, 1.0], 'p_WC': [0.0, 0.0, 2.0004992404339], 'p_WCa': [0.0, 0.0, 2.0005], 'p_WCb': [0.0, 0.0, 2.0004984808677992]}] [[0.0, 0.0, -9.81, 0.0, 0.0, 0.0], [0.0, 0.0, 9.81, 0.0, 0.0, 0.0]]
2599 2.5470 0.0010 2.500498 -0.000000 0.000000 [{'depth': 1.5191322009222574e-06, 'geomIdA': 0, 'geomIdB': 1, 'modifiedDepth': 5.438479444563882e-08, 'nhat_AB_W': [-0.0, -0.0, 1.0], 'p_WC': [0.0, 0.0, 2.0004992404339], 'p_WCa': [0.0, 0.0, 2.0005], 'p_WCb': [0.0, 0.0, 2.0004984808677992]}] [[0.0, 0.0, -9.81, 0.0, 0.0, 0.0], [0.0, 0.0, 9.81, 0.0, 0.0, 0.0]]
2600 2.5480 0.0010 2.500498 -0.000000 0.000000 [{'depth': 1.5191322009222574e-06, 'geomIdA': 0, 'geomIdB': 1, 'modifiedDepth': 5.438479444563882e-08, 'nhat_AB_W': [-0.0, -0.0, 1.0], 'p_WC': [0.0, 0.0, 2.0004992404339], 'p_WCa': [0.0, 0.0, 2.0005], 'p_WCb': [0.0, 0.0, 2.0004984808677992]}] [[0.0, 0.0, -9.81, 0.0, 0.0, 0.0], [0.0, 0.0, 9.81, 0.0, 0.0, 0.0]]
2601 2.5490 0.0010 2.500498 -0.000000 0.000000 [{'depth': 1.5191322009222574e-06, 'geomIdA': 0, 'geomIdB': 1, 'modifiedDepth': 5.438479444563882e-08, 'nhat_AB_W': [-0.0, -0.0, 1.0], 'p_WC': [0.0, 0.0, 2.0004992404339], 'p_WCa': [0.0, 0.0, 2.0005], 'p_WCb': [0.0, 0.0, 2.0004984808677992]}] [[0.0, 0.0, -9.81, 0.0, 0.0, 0.0], [0.0, 0.0, 9.81, 0.0, 0.0, 0.0]]
2602 2.5500 0.0010 2.500498 -0.000000 0.000000 [{'depth': 1.5191322009222574e-06, 'geomIdA': 0, 'geomIdB': 1, 'modifiedDepth': 5.438479444563882e-08, 'nhat_AB_W': [-0.0, -0.0, 1.0], 'p_WC': [0.0, 0.0, 2.0004992404339], 'p_WCa': [0.0, 0.0, 2.0005], 'p_WCb': [0.0, 0.0, 2.0004984808677992]}] [[0.0, 0.0, -9.81, 0.0, 0.0, 0.0], [0.0, 0.0, 9.81, 0.0, 0.0, 0.0]]
2603 2.5510 0.0010 2.500498 -0.000000 0.000000 [{'depth': 1.5191322009222574e-06, 'geomIdA': 0, 'geomIdB': 1, 'modifiedDepth': 5.438479444563882e-08, 'nhat_AB_W': [-0.0, -0.0, 1.0], 'p_WC': [0.0, 0.0, 2.0004992404339], 'p_WCa': [0.0, 0.0, 2.0005], 'p_WCb': [0.0, 0.0, 2.0004984808677992]}] [[0.0, 0.0, -9.81, 0.0, 0.0, 0.0], [0.0, 0.0, 9.81, 0.0, 0.0, 0.0]]
2604 2.5520 0.0010 2.500498 -0.000000 0.000000 [{'depth': 1.5191322009222574e-06, 'geomIdA': 0, 'geomIdB': 1, 'modifiedDepth': 5.438479444563882e-08, 'nhat_AB_W': [-0.0, -0.0, 1.0], 'p_WC': [0.0, 0.0, 2.0004992404339], 'p_WCa': [0.0, 0.0, 2.0005], 'p_WCb': [0.0, 0.0, 2.0004984808677992]}] [[0.0, 0.0, -9.81, 0.0, 0.0, 0.0], [0.0, 0.0, 9.81, 0.0, 0.0, 0.0]]
2605 2.5530 0.0010 2.500498 -0.000000 0.000000 [{'depth': 1.5191322009222574e-06, 'geomIdA': 0, 'geomIdB': 1, 'modifiedDepth': 5.438479444563882e-08, 'nhat_AB_W': [-0.0, -0.0, 1.0], 'p_WC': [0.0, 0.0, 2.0004992404339], 'p_WCa': [0.0, 0.0, 2.0005], 'p_WCb': [0.0, 0.0, 2.0004984808677992]}] [[0.0, 0.0, -9.81, 0.0, 0.0, 0.0], [0.0, 0.0, 9.81, 0.0, 0.0, 0.0]]
2606 2.5540 0.0010 2.500498 -0.000000 0.000000 [{'depth': 1.5191322009222574e-06, 'geomIdA': 0, 'geomIdB': 1, 'modifiedDepth': 5.438479444563882e-08, 'nhat_AB_W': [-0.0, -0.0, 1.0], 'p_WC': [0.0, 0.0, 2.0004992404339], 'p_WCa': [0.0, 0.0, 2.0005], 'p_WCb': [0.0, 0.0, 2.0004984808677992]}] [[0.0, 0.0, -9.81, 0.0, 0.0, 0.0], [0.0, 0.0, 9.81, 0.0, 0.0, 0.0]]
2607 2.5550 0.0010 2.500498 -0.000000 0.000000 [{'depth': 1.5191322009222574e-06, 'geomIdA': 0, 'geomIdB': 1, 'modifiedDepth': 5.438479444563882e-08, 'nhat_AB_W': [-0.0, -0.0, 1.0], 'p_WC': [0.0, 0.0, 2.0004992404339], 'p_WCa': [0.0, 0.0, 2.0005], 'p_WCb': [0.0, 0.0, 2.0004984808677992]}] [[0.0, 0.0, -9.81, 0.0, 0.0, 0.0], [0.0, 0.0, 9.81, 0.0, 0.0, 0.0]]
2608 2.5560 0.0010 2.500498 -0.000000 0.000000 [{'depth': 1.5191322009222574e-06, 'geomIdA': 0, 'geomIdB': 1, 'modifiedDepth': 5.438479444563882e-08, 'nhat_AB_W': [-0.0, -0.0, 1.0], 'p_WC': [0.0, 0.0, 2.0004992404339], 'p_WCa': [0.0, 0.0, 2.0005], 'p_WCb': [0.0, 0.0, 2.0004984808677992]}] [[0.0, 0.0, -9.81, 0.0, 0.0, 0.0], [0.0, 0.0, 9.81, 0.0, 0.0, 0.0]]
2609 2.5570 0.0010 2.500498 -0.000000 0.000000 [{'depth': 1.5191322009222574e-06, 'geomIdA': 0, 'geomIdB': 1, 'modifiedDepth': 5.438479444563882e-08, 'nhat_AB_W': [-0.0, -0.0, 1.0], 'p_WC': [0.0, 0.0, 2.0004992404339], 'p_WCa': [0.0, 0.0, 2.0005], 'p_WCb': [0.0, 0.0, 2.0004984808677992]}] [[0.0, 0.0, -9.81, 0.0, 0.0, 0.0], [0.0, 0.0, 9.81, 0.0, 0.0, 0.0]]
2610 2.5580 0.0010 2.500498 -0.000000 0.000000 [{'depth': 1.5191322009222574e-06, 'geomIdA': 0, 'geomIdB': 1, 'modifiedDepth': 5.438479444563882e-08, 'nhat_AB_W': [-0.0, -0.0, 1.0], 'p_WC': [0.0, 0.0, 2.0004992404339], 'p_WCa': [0.0, 0.0, 2.0005], 'p_WCb': [0.0, 0.0, 2.0004984808677992]}] [[0.0, 0.0, -9.81, 0.0, 0.0, 0.0], [0.0, 0.0, 9.81, 0.0, 0.0, 0.0]]
2611 2.5590 0.0010 2.500498 -0.000000 0.000000 [{'depth': 1.5191322009222574e-06, 'geomIdA': 0, 'geomIdB': 1, 'modifiedDepth': 5.438479444563882e-08, 'nhat_AB_W': [-0.0, -0.0, 1.0], 'p_WC': [0.0, 0.0, 2.0004992404339], 'p_WCa': [0.0, 0.0, 2.0005], 'p_WCb': [0.0, 0.0, 2.0004984808677992]}] [[0.0, 0.0, -9.81, 0.0, 0.0, 0.0], [0.0, 0.0, 9.81, 0.0, 0.0, 0.0]]
2612 2.5600 0.0010 2.500498 -0.000000 0.000000 [{'depth': 1.5191322009222574e-06, 'geomIdA': 0, 'geomIdB': 1, 'modifiedDepth': 5.438479444563882e-08, 'nhat_AB_W': [-0.0, -0.0, 1.0], 'p_WC': [0.0, 0.0, 2.0004992404339], 'p_WCa': [0.0, 0.0, 2.0005], 'p_WCb': [0.0, 0.0, 2.0004984808677992]}] [[0.0, 0.0, -9.81, 0.0, 0.0, 0.0], [0.0, 0.0, 9.81, 0.0, 0.0, 0.0]]
2613 2.5610 0.0010 2.500498 -0.000000 0.000000 [{'depth': 1.5191322009222574e-06, 'geomIdA': 0, 'geomIdB': 1, 'modifiedDepth': 5.438479444563882e-08, 'nhat_AB_W': [-0.0, -0.0, 1.0], 'p_WC': [0.0, 0.0, 2.0004992404339], 'p_WCa': [0.0, 0.0, 2.0005], 'p_WCb': [0.0, 0.0, 2.0004984808677992]}] [[0.0, 0.0, -9.81, 0.0, 0.0, 0.0], [0.0, 0.0, 9.81, 0.0, 0.0, 0.0]]
2614 2.5620 0.0010 2.500498 -0.000000 0.000000 [{'depth': 1.5191322009222574e-06, 'geomIdA': 0, 'geomIdB': 1, 'modifiedDepth': 5.438479444563882e-08, 'nhat_AB_W': [-0.0, -0.0, 1.0], 'p_WC': [0.0, 0.0, 2.0004992404339], 'p_WCa': [0.0, 0.0, 2.0005], 'p_WCb': [0.0, 0.0, 2.0004984808677992]}] [[0.0, 0.0, -9.81, 0.0, 0.0, 0.0], [0.0, 0.0, 9.81, 0.0, 0.0, 0.0]]
2615 2.5630 0.0010 2.500498 -0.000000 0.000000 [{'depth': 1.5191322009222574e-06, 'geomIdA': 0, 'geomIdB': 1, 'modifiedDepth': 5.438479444563882e-08, 'nhat_AB_W': [-0.0, -0.0, 1.0], 'p_WC': [0.0, 0.0, 2.0004992404339], 'p_WCa': [0.0, 0.0, 2.0005], 'p_WCb': [0.0, 0.0, 2.0004984808677992]}] [[0.0, 0.0, -9.81, 0.0, 0.0, 0.0], [0.0, 0.0, 9.81, 0.0, 0.0, 0.0]]
2616 2.5640 0.0010 2.500498 -0.000000 0.000000 [{'depth': 1.5191322009222574e-06, 'geomIdA': 0, 'geomIdB': 1, 'modifiedDepth': 5.438479444563882e-08, 'nhat_AB_W': [-0.0, -0.0, 1.0], 'p_WC': [0.0, 0.0, 2.0004992404339], 'p_WCa': [0.0, 0.0, 2.0005], 'p_WCb': [0.0, 0.0, 2.0004984808677992]}] [[0.0, 0.0, -9.81, 0.0, 0.0, 0.0], [0.0, 0.0, 9.81, 0.0, 0.0, 0.0]]
2617 2.5650 0.0010 2.500498 -0.000000 0.000000 [{'depth': 1.5191322009222574e-06, 'geomIdA': 0, 'geomIdB': 1, 'modifiedDepth': 5.438479444563882e-08, 'nhat_AB_W': [-0.0, -0.0, 1.0], 'p_WC': [0.0, 0.0, 2.0004992404339], 'p_WCa': [0.0, 0.0, 2.0005], 'p_WCb': [0.0, 0.0, 2.0004984808677992]}] [[0.0, 0.0, -9.81, 0.0, 0.0, 0.0], [0.0, 0.0, 9.81, 0.0, 0.0, 0.0]]
2618 2.5660 0.0010 2.500498 -0.000000 0.000000 [{'depth': 1.5191322009222574e-06, 'geomIdA': 0, 'geomIdB': 1, 'modifiedDepth': 5.438479444563882e-08, 'nhat_AB_W': [-0.0, -0.0, 1.0], 'p_WC': [0.0, 0.0, 2.0004992404339], 'p_WCa': [0.0, 0.0, 2.0005], 'p_WCb': [0.0, 0.0, 2.0004984808677992]}] [[0.0, 0.0, -9.81, 0.0, 0.0, 0.0], [0.0, 0.0, 9.81, 0.0, 0.0, 0.0]]
2619 2.5670 0.0010 2.500498 -0.000000 0.000000 [{'depth': 1.5191322009222574e-06, 'geomIdA': 0, 'geomIdB': 1, 'modifiedDepth': 5.438479444563882e-08, 'nhat_AB_W': [-0.0, -0.0, 1.0], 'p_WC': [0.0, 0.0, 2.0004992404339], 'p_WCa': [0.0, 0.0, 2.0005], 'p_WCb': [0.0, 0.0, 2.0004984808677992]}] [[0.0, 0.0, -9.81, 0.0, 0.0, 0.0], [0.0, 0.0, 9.81, 0.0, 0.0, 0.0]]
2620 2.5680 0.0010 2.500498 -0.000000 0.000000 [{'depth': 1.5191322009222574e-06, 'geomIdA': 0, 'geomIdB': 1, 'modifiedDepth': 5.438479444563882e-08, 'nhat_AB_W': [-0.0, -0.0, 1.0], 'p_WC': [0.0, 0.0, 2.0004992404339], 'p_WCa': [0.0, 0.0, 2.0005], 'p_WCb': [0.0, 0.0, 2.0004984808677992]}] [[0.0, 0.0, -9.81, 0.0, 0.0, 0.0], [0.0, 0.0, 9.81, 0.0, 0.0, 0.0]]
2621 2.5690 0.0010 2.500498 -0.000000 0.000000 [{'depth': 1.5191322009222574e-06, 'geomIdA': 0, 'geomIdB': 1, 'modifiedDepth': 5.438479444563882e-08, 'nhat_AB_W': [-0.0, -0.0, 1.0], 'p_WC': [0.0, 0.0, 2.0004992404339], 'p_WCa': [0.0, 0.0, 2.0005], 'p_WCb': [0.0, 0.0, 2.0004984808677992]}] [[0.0, 0.0, -9.81, 0.0, 0.0, 0.0], [0.0, 0.0, 9.81, 0.0, 0.0, 0.0]]
2622 2.5700 0.0010 2.500498 -0.000000 0.000000 [{'depth': 1.5191322009222574e-06, 'geomIdA': 0, 'geomIdB': 1, 'modifiedDepth': 5.438479444563882e-08, 'nhat_AB_W': [-0.0, -0.0, 1.0], 'p_WC': [0.0, 0.0, 2.0004992404339], 'p_WCa': [0.0, 0.0, 2.0005], 'p_WCb': [0.0, 0.0, 2.0004984808677992]}] [[0.0, 0.0, -9.81, 0.0, 0.0, 0.0], [0.0, 0.0, 9.81, 0.0, 0.0, 0.0]]
2623 2.5710 0.0010 2.500498 -0.000000 0.000000 [{'depth': 1.5191322009222574e-06, 'geomIdA': 0, 'geomIdB': 1, 'modifiedDepth': 5.438479444563882e-08, 'nhat_AB_W': [-0.0, -0.0, 1.0], 'p_WC': [0.0, 0.0, 2.0004992404339], 'p_WCa': [0.0, 0.0, 2.0005], 'p_WCb': [0.0, 0.0, 2.0004984808677992]}] [[0.0, 0.0, -9.81, 0.0, 0.0, 0.0], [0.0, 0.0, 9.81, 0.0, 0.0, 0.0]]
2624 2.5720 0.0010 2.500498 -0.000000 0.000000 [{'depth': 1.5191322009222574e-06, 'geomIdA': 0, 'geomIdB': 1, 'modifiedDepth': 5.438479444563882e-08, 'nhat_AB_W': [-0.0, -0.0, 1.0], 'p_WC': [0.0, 0.0, 2.0004992404339], 'p_WCa': [0.0, 0.0, 2.0005], 'p_WCb': [0.0, 0.0, 2.0004984808677992]}] [[0.0, 0.0, -9.81, 0.0, 0.0, 0.0], [0.0, 0.0, 9.81, 0.0, 0.0, 0.0]]
2625 2.5730 0.0010 2.500498 -0.000000 0.000000 [{'depth': 1.5191322009222574e-06, 'geomIdA': 0, 'geomIdB': 1, 'modifiedDepth': 5.438479444563882e-08, 'nhat_AB_W': [-0.0, -0.0, 1.0], 'p_WC': [0.0, 0.0, 2.0004992404339], 'p_WCa': [0.0, 0.0, 2.0005], 'p_WCb': [0.0, 0.0, 2.0004984808677992]}] [[0.0, 0.0, -9.81, 0.0, 0.0, 0.0], [0.0, 0.0, 9.81, 0.0, 0.0, 0.0]]
2626 2.5740 0.0010 2.500498 -0.000000 0.000000 [{'depth': 1.5191322009222574e-06, 'geomIdA': 0, 'geomIdB': 1, 'modifiedDepth': 5.438479444563882e-08, 'nhat_AB_W': [-0.0, -0.0, 1.0], 'p_WC': [0.0, 0.0, 2.0004992404339], 'p_WCa': [0.0, 0.0, 2.0005], 'p_WCb': [0.0, 0.0, 2.0004984808677992]}] [[0.0, 0.0, -9.81, 0.0, 0.0, 0.0], [0.0, 0.0, 9.81, 0.0, 0.0, 0.0]]
2627 2.5750 0.0010 2.500498 -0.000000 0.000000 [{'depth': 1.5191322009222574e-06, 'geomIdA': 0, 'geomIdB': 1, 'modifiedDepth': 5.438479444563882e-08, 'nhat_AB_W': [-0.0, -0.0, 1.0], 'p_WC': [0.0, 0.0, 2.0004992404339], 'p_WCa': [0.0, 0.0, 2.0005], 'p_WCb': [0.0, 0.0, 2.0004984808677992]}] [[0.0, 0.0, -9.81, 0.0, 0.0, 0.0], [0.0, 0.0, 9.81, 0.0, 0.0, 0.0]]
2628 2.5760 0.0010 2.500498 -0.000000 0.000000 [{'depth': 1.5191322009222574e-06, 'geomIdA': 0, 'geomIdB': 1, 'modifiedDepth': 5.438479444563882e-08, 'nhat_AB_W': [-0.0, -0.0, 1.0], 'p_WC': [0.0, 0.0, 2.0004992404339], 'p_WCa': [0.0, 0.0, 2.0005], 'p_WCb': [0.0, 0.0, 2.0004984808677992]}] [[0.0, 0.0, -9.81, 0.0, 0.0, 0.0], [0.0, 0.0, 9.81, 0.0, 0.0, 0.0]]
2629 2.5770 0.0010 2.500498 -0.000000 0.000000 [{'depth': 1.5191322009222574e-06, 'geomIdA': 0, 'geomIdB': 1, 'modifiedDepth': 5.438479444563882e-08, 'nhat_AB_W': [-0.0, -0.0, 1.0], 'p_WC': [0.0, 0.0, 2.0004992404339], 'p_WCa': [0.0, 0.0, 2.0005], 'p_WCb': [0.0, 0.0, 2.0004984808677992]}] [[0.0, 0.0, -9.81, 0.0, 0.0, 0.0], [0.0, 0.0, 9.81, 0.0, 0.0, 0.0]]
2630 2.5780 0.0010 2.500498 -0.000000 0.000000 [{'depth': 1.5191322009222574e-06, 'geomIdA': 0, 'geomIdB': 1, 'modifiedDepth': 5.438479444563882e-08, 'nhat_AB_W': [-0.0, -0.0, 1.0], 'p_WC': [0.0, 0.0, 2.0004992404339], 'p_WCa': [0.0, 0.0, 2.0005], 'p_WCb': [0.0, 0.0, 2.0004984808677992]}] [[0.0, 0.0, -9.81, 0.0, 0.0, 0.0], [0.0, 0.0, 9.81, 0.0, 0.0, 0.0]]
2631 2.5790 0.0010 2.500498 -0.000000 0.000000 [{'depth': 1.5191322009222574e-06, 'geomIdA': 0, 'geomIdB': 1, 'modifiedDepth': 5.438479444563882e-08, 'nhat_AB_W': [-0.0, -0.0, 1.0], 'p_WC': [0.0, 0.0, 2.0004992404339], 'p_WCa': [0.0, 0.0, 2.0005], 'p_WCb': [0.0, 0.0, 2.0004984808677992]}] [[0.0, 0.0, -9.81, 0.0, 0.0, 0.0], [0.0, 0.0, 9.81, 0.0, 0.0, 0.0]]
2632 2.5800 0.0010 2.500498 -0.000000 0.000000 [{'depth': 1.5191322009222574e-06, 'geomIdA': 0, 'geomIdB': 1, 'modifiedDepth': 5.438479444563882e-08, 'nhat_AB_W': [-0.0, -0.0, 1.0], 'p_WC': [0.0, 0.0, 2.0004992404339], 'p_WCa': [0.0, 0.0, 2.0005], 'p_WCb': [0.0, 0.0, 2.0004984808677992]}] [[0.0, 0.0, -9.81, 0.0, 0.0, 0.0], [0.0, 0.0, 9.81, 0.0, 0.0, 0.0]]
2633 2.5810 0.0010 2.500498 -0.000000 0.000000 [{'depth': 1.5191322009222574e-06, 'geomIdA': 0, 'geomIdB': 1, 'modifiedDepth': 5.438479444563882e-08, 'nhat_AB_W': [-0.0, -0.0, 1.0], 'p_WC': [0.0, 0.0, 2.0004992404339], 'p_WCa': [0.0, 0.0, 2.0005], 'p_WCb': [0.0, 0.0, 2.0004984808677992]}] [[0.0, 0.0, -9.81, 0.0, 0.0, 0.0], [0.0, 0.0, 9.81, 0.0, 0.0, 0.0]]
2634 2.5820 0.0010 2.500498 -0.000000 0.000000 [{'depth': 1.5191322009222574e-06, 'geomIdA': 0, 'geomIdB': 1, 'modifiedDepth': 5.438479444563882e-08, 'nhat_AB_W': [-0.0, -0.0, 1.0], 'p_WC': [0.0, 0.0, 2.0004992404339], 'p_WCa': [0.0, 0.0, 2.0005], 'p_WCb': [0.0, 0.0, 2.0004984808677992]}] [[0.0, 0.0, -9.81, 0.0, 0.0, 0.0], [0.0, 0.0, 9.81, 0.0, 0.0, 0.0]]
2635 2.5830 0.0010 2.500498 -0.000000 0.000000 [{'depth': 1.5191322009222574e-06, 'geomIdA': 0, 'geomIdB': 1, 'modifiedDepth': 5.438479444563882e-08, 'nhat_AB_W': [-0.0, -0.0, 1.0], 'p_WC': [0.0, 0.0, 2.0004992404339], 'p_WCa': [0.0, 0.0, 2.0005], 'p_WCb': [0.0, 0.0, 2.0004984808677992]}] [[0.0, 0.0, -9.81, 0.0, 0.0, 0.0], [0.0, 0.0, 9.81, 0.0, 0.0, 0.0]]
2636 2.5840 0.0010 2.500498 -0.000000 0.000000 [{'depth': 1.5191322009222574e-06, 'geomIdA': 0, 'geomIdB': 1, 'modifiedDepth': 5.438479444563882e-08, 'nhat_AB_W': [-0.0, -0.0, 1.0], 'p_WC': [0.0, 0.0, 2.0004992404339], 'p_WCa': [0.0, 0.0, 2.0005], 'p_WCb': [0.0, 0.0, 2.0004984808677992]}] [[0.0, 0.0, -9.81, 0.0, 0.0, 0.0], [0.0, 0.0, 9.81, 0.0, 0.0, 0.0]]
2637 2.5850 0.0010 2.500498 -0.000000 0.000000 [{'depth': 1.5191322009222574e-06, 'geomIdA': 0, 'geomIdB': 1, 'modifiedDepth': 5.438479444563882e-08, 'nhat_AB_W': [-0.0, -0.0, 1.0], 'p_WC': [0.0, 0.0, 2.0004992404339], 'p_WCa': [0.0, 0.0, 2.0005], 'p_WCb': [0.0, 0.0, 2.0004984808677992]}] [[0.0, 0.0, -9.81, 0.0, 0.0, 0.0], [0.0, 0.0, 9.81, 0.0, 0.0, 0.0]]
2638 2.5860 0.0010 2.500498 -0.000000 0.000000 [{'depth': 1.5191322009222574e-06, 'geomIdA': 0, 'geomIdB': 1, 'modifiedDepth': 5.438479444563882e-08, 'nhat_AB_W': [-0.0, -0.0, 1.0], 'p_WC': [0.0, 0.0, 2.0004992404339], 'p_WCa': [0.0, 0.0, 2.0005], 'p_WCb': [0.0, 0.0, 2.0004984808677992]}] [[0.0, 0.0, -9.81, 0.0, 0.0, 0.0], [0.0, 0.0, 9.81, 0.0, 0.0, 0.0]]
2639 2.5870 0.0010 2.500498 -0.000000 0.000000 [{'depth': 1.5191322009222574e-06, 'geomIdA': 0, 'geomIdB': 1, 'modifiedDepth': 5.438479444563882e-08, 'nhat_AB_W': [-0.0, -0.0, 1.0], 'p_WC': [0.0, 0.0, 2.0004992404339], 'p_WCa': [0.0, 0.0, 2.0005], 'p_WCb': [0.0, 0.0, 2.0004984808677992]}] [[0.0, 0.0, -9.81, 0.0, 0.0, 0.0], [0.0, 0.0, 9.81, 0.0, 0.0, 0.0]]
2640 2.5880 0.0010 2.500498 -0.000000 0.000000 [{'depth': 1.5191322009222574e-06, 'geomIdA': 0, 'geomIdB': 1, 'modifiedDepth': 5.438479444563882e-08, 'nhat_AB_W': [-0.0, -0.0, 1.0], 'p_WC': [0.0, 0.0, 2.0004992404339], 'p_WCa': [0.0, 0.0, 2.0005], 'p_WCb': [0.0, 0.0, 2.0004984808677992]}] [[0.0, 0.0, -9.81, 0.0, 0.0, 0.0], [0.0, 0.0, 9.81, 0.0, 0.0, 0.0]]
2641 2.5890 0.0010 2.500498 -0.000000 0.000000 [{'depth': 1.5191322009222574e-06, 'geomIdA': 0, 'geomIdB': 1, 'modifiedDepth': 5.438479444563882e-08, 'nhat_AB_W': [-0.0, -0.0, 1.0], 'p_WC': [0.0, 0.0, 2.0004992404339], 'p_WCa': [0.0, 0.0, 2.0005], 'p_WCb': [0.0, 0.0, 2.0004984808677992]}] [[0.0, 0.0, -9.81, 0.0, 0.0, 0.0], [0.0, 0.0, 9.81, 0.0, 0.0, 0.0]]
2642 2.5900 0.0010 2.500498 -0.000000 0.000000 [{'depth': 1.5191322009222574e-06, 'geomIdA': 0, 'geomIdB': 1, 'modifiedDepth': 5.438479444563882e-08, 'nhat_AB_W': [-0.0, -0.0, 1.0], 'p_WC': [0.0, 0.0, 2.0004992404339], 'p_WCa': [0.0, 0.0, 2.0005], 'p_WCb': [0.0, 0.0, 2.0004984808677992]}] [[0.0, 0.0, -9.81, 0.0, 0.0, 0.0], [0.0, 0.0, 9.81, 0.0, 0.0, 0.0]]
2643 2.5910 0.0010 2.500498 -0.000000 0.000000 [{'depth': 1.5191322009222574e-06, 'geomIdA': 0, 'geomIdB': 1, 'modifiedDepth': 5.438479444563882e-08, 'nhat_AB_W': [-0.0, -0.0, 1.0], 'p_WC': [0.0, 0.0, 2.0004992404339], 'p_WCa': [0.0, 0.0, 2.0005], 'p_WCb': [0.0, 0.0, 2.0004984808677992]}] [[0.0, 0.0, -9.81, 0.0, 0.0, 0.0], [0.0, 0.0, 9.81, 0.0, 0.0, 0.0]]
2644 2.5920 0.0010 2.500498 -0.000000 0.000000 [{'depth': 1.5191322009222574e-06, 'geomIdA': 0, 'geomIdB': 1, 'modifiedDepth': 5.438479444563882e-08, 'nhat_AB_W': [-0.0, -0.0, 1.0], 'p_WC': [0.0, 0.0, 2.0004992404339], 'p_WCa': [0.0, 0.0, 2.0005], 'p_WCb': [0.0, 0.0, 2.0004984808677992]}] [[0.0, 0.0, -9.81, 0.0, 0.0, 0.0], [0.0, 0.0, 9.81, 0.0, 0.0, 0.0]]
2645 2.5930 0.0010 2.500498 -0.000000 0.000000 [{'depth': 1.5191322009222574e-06, 'geomIdA': 0, 'geomIdB': 1, 'modifiedDepth': 5.438479444563882e-08, 'nhat_AB_W': [-0.0, -0.0, 1.0], 'p_WC': [0.0, 0.0, 2.0004992404339], 'p_WCa': [0.0, 0.0, 2.0005], 'p_WCb': [0.0, 0.0, 2.0004984808677992]}] [[0.0, 0.0, -9.81, 0.0, 0.0, 0.0], [0.0, 0.0, 9.81, 0.0, 0.0, 0.0]]
2646 2.5940 0.0010 2.500498 -0.000000 0.000000 [{'depth': 1.5191322009222574e-06, 'geomIdA': 0, 'geomIdB': 1, 'modifiedDepth': 5.438479444563882e-08, 'nhat_AB_W': [-0.0, -0.0, 1.0], 'p_WC': [0.0, 0.0, 2.0004992404339], 'p_WCa': [0.0, 0.0, 2.0005], 'p_WCb': [0.0, 0.0, 2.0004984808677992]}] [[0.0, 0.0, -9.81, 0.0, 0.0, 0.0], [0.0, 0.0, 9.81, 0.0, 0.0, 0.0]]
2647 2.5950 0.0010 2.500498 -0.000000 0.000000 [{'depth': 1.5191322009222574e-06, 'geomIdA': 0, 'geomIdB': 1, 'modifiedDepth': 5.438479444563882e-08, 'nhat_AB_W': [-0.0, -0.0, 1.0], 'p_WC': [0.0, 0.0, 2.0004992404339], 'p_WCa': [0.0, 0.0, 2.0005], 'p_WCb': [0.0, 0.0, 2.0004984808677992]}] [[0.0, 0.0, -9.81, 0.0, 0.0, 0.0], [0.0, 0.0, 9.81, 0.0, 0.0, 0.0]]
2648 2.5960 0.0010 2.500498 -0.000000 0.000000 [{'depth': 1.5191322009222574e-06, 'geomIdA': 0, 'geomIdB': 1, 'modifiedDepth': 5.438479444563882e-08, 'nhat_AB_W': [-0.0, -0.0, 1.0], 'p_WC': [0.0, 0.0, 2.0004992404339], 'p_WCa': [0.0, 0.0, 2.0005], 'p_WCb': [0.0, 0.0, 2.0004984808677992]}] [[0.0, 0.0, -9.81, 0.0, 0.0, 0.0], [0.0, 0.0, 9.81, 0.0, 0.0, 0.0]]
2649 2.5970 0.0010 2.500498 -0.000000 0.000000 [{'depth': 1.5191322009222574e-06, 'geomIdA': 0, 'geomIdB': 1, 'modifiedDepth': 5.438479444563882e-08, 'nhat_AB_W': [-0.0, -0.0, 1.0], 'p_WC': [0.0, 0.0, 2.0004992404339], 'p_WCa': [0.0, 0.0, 2.0005], 'p_WCb': [0.0, 0.0, 2.0004984808677992]}] [[0.0, 0.0, -9.81, 0.0, 0.0, 0.0], [0.0, 0.0, 9.81, 0.0, 0.0, 0.0]]
2650 2.5980 0.0010 2.500498 -0.000000 0.000000 [{'depth': 1.5191322009222574e-06, 'geomIdA': 0, 'geomIdB': 1, 'modifiedDepth': 5.438479444563882e-08, 'nhat_AB_W': [-0.0, -0.0, 1.0], 'p_WC': [0.0, 0.0, 2.0004992404339], 'p_WCa': [0.0, 0.0, 2.0005], 'p_WCb': [0.0, 0.0, 2.0004984808677992]}] [[0.0, 0.0, -9.81, 0.0, 0.0, 0.0], [0.0, 0.0, 9.81, 0.0, 0.0, 0.0]]
2651 2.5990 0.0010 2.500498 -0.000000 0.000000 [{'depth': 1.5191322009222574e-06, 'geomIdA': 0, 'geomIdB': 1, 'modifiedDepth': 5.438479444563882e-08, 'nhat_AB_W': [-0.0, -0.0, 1.0], 'p_WC': [0.0, 0.0, 2.0004992404339], 'p_WCa': [0.0, 0.0, 2.0005], 'p_WCb': [0.0, 0.0, 2.0004984808677992]}] [[0.0, 0.0, -9.81, 0.0, 0.0, 0.0], [0.0, 0.0, 9.81, 0.0, 0.0, 0.0]]
2652 2.6000 0.0010 2.500498 -0.000000 0.000000 [{'depth': 1.5191322009222574e-06, 'geomIdA': 0, 'geomIdB': 1, 'modifiedDepth': 5.438479444563882e-08, 'nhat_AB_W': [-0.0, -0.0, 1.0], 'p_WC': [0.0, 0.0, 2.0004992404339], 'p_WCa': [0.0, 0.0, 2.0005], 'p_WCb': [0.0, 0.0, 2.0004984808677992]}] [[0.0, 0.0, -9.81, 0.0, 0.0, 0.0], [0.0, 0.0, 9.81, 0.0, 0.0, 0.0]]
2653 2.6010 0.0010 2.500498 -0.000000 0.000000 [{'depth': 1.5191322009222574e-06, 'geomIdA': 0, 'geomIdB': 1, 'modifiedDepth': 5.438479444563882e-08, 'nhat_AB_W': [-0.0, -0.0, 1.0], 'p_WC': [0.0, 0.0, 2.0004992404339], 'p_WCa': [0.0, 0.0, 2.0005], 'p_WCb': [0.0, 0.0, 2.0004984808677992]}] [[0.0, 0.0, -9.81, 0.0, 0.0, 0.0], [0.0, 0.0, 9.81, 0.0, 0.0, 0.0]]
2654 2.6020 0.0010 2.500498 -0.000000 0.000000 [{'depth': 1.5191322009222574e-06, 'geomIdA': 0, 'geomIdB': 1, 'modifiedDepth': 5.438479444563882e-08, 'nhat_AB_W': [-0.0, -0.0, 1.0], 'p_WC': [0.0, 0.0, 2.0004992404339], 'p_WCa': [0.0, 0.0, 2.0005], 'p_WCb': [0.0, 0.0, 2.0004984808677992]}] [[0.0, 0.0, -9.81, 0.0, 0.0, 0.0], [0.0, 0.0, 9.81, 0.0, 0.0, 0.0]]
2655 2.6030 0.0010 2.500498 -0.000000 0.000000 [{'depth': 1.5191322009222574e-06, 'geomIdA': 0, 'geomIdB': 1, 'modifiedDepth': 5.438479444563882e-08, 'nhat_AB_W': [-0.0, -0.0, 1.0], 'p_WC': [0.0, 0.0, 2.0004992404339], 'p_WCa': [0.0, 0.0, 2.0005], 'p_WCb': [0.0, 0.0, 2.0004984808677992]}] [[0.0, 0.0, -9.81, 0.0, 0.0, 0.0], [0.0, 0.0, 9.81, 0.0, 0.0, 0.0]]
2656 2.6040 0.0010 2.500498 -0.000000 0.000000 [{'depth': 1.5191322009222574e-06, 'geomIdA': 0, 'geomIdB': 1, 'modifiedDepth': 5.438479444563882e-08, 'nhat_AB_W': [-0.0, -0.0, 1.0], 'p_WC': [0.0, 0.0, 2.0004992404339], 'p_WCa': [0.0, 0.0, 2.0005], 'p_WCb': [0.0, 0.0, 2.0004984808677992]}] [[0.0, 0.0, -9.81, 0.0, 0.0, 0.0], [0.0, 0.0, 9.81, 0.0, 0.0, 0.0]]
2657 2.6050 0.0010 2.500498 -0.000000 0.000000 [{'depth': 1.5191322009222574e-06, 'geomIdA': 0, 'geomIdB': 1, 'modifiedDepth': 5.438479444563882e-08, 'nhat_AB_W': [-0.0, -0.0, 1.0], 'p_WC': [0.0, 0.0, 2.0004992404339], 'p_WCa': [0.0, 0.0, 2.0005], 'p_WCb': [0.0, 0.0, 2.0004984808677992]}] [[0.0, 0.0, -9.81, 0.0, 0.0, 0.0], [0.0, 0.0, 9.81, 0.0, 0.0, 0.0]]
2658 2.6060 0.0010 2.500498 -0.000000 0.000000 [{'depth': 1.5191322009222574e-06, 'geomIdA': 0, 'geomIdB': 1, 'modifiedDepth': 5.438479444563882e-08, 'nhat_AB_W': [-0.0, -0.0, 1.0], 'p_WC': [0.0, 0.0, 2.0004992404339], 'p_WCa': [0.0, 0.0, 2.0005], 'p_WCb': [0.0, 0.0, 2.0004984808677992]}] [[0.0, 0.0, -9.81, 0.0, 0.0, 0.0], [0.0, 0.0, 9.81, 0.0, 0.0, 0.0]]
2659 2.6070 0.0010 2.500498 -0.000000 0.000000 [{'depth': 1.5191322009222574e-06, 'geomIdA': 0, 'geomIdB': 1, 'modifiedDepth': 5.438479444563882e-08, 'nhat_AB_W': [-0.0, -0.0, 1.0], 'p_WC': [0.0, 0.0, 2.0004992404339], 'p_WCa': [0.0, 0.0, 2.0005], 'p_WCb': [0.0, 0.0, 2.0004984808677992]}] [[0.0, 0.0, -9.81, 0.0, 0.0, 0.0], [0.0, 0.0, 9.81, 0.0, 0.0, 0.0]]
2660 2.6080 0.0010 2.500498 -0.000000 0.000000 [{'depth': 1.5191322009222574e-06, 'geomIdA': 0, 'geomIdB': 1, 'modifiedDepth': 5.438479444563882e-08, 'nhat_AB_W': [-0.0, -0.0, 1.0], 'p_WC': [0.0, 0.0, 2.0004992404339], 'p_WCa': [0.0, 0.0, 2.0005], 'p_WCb': [0.0, 0.0, 2.0004984808677992]}] [[0.0, 0.0, -9.81, 0.0, 0.0, 0.0], [0.0, 0.0, 9.81, 0.0, 0.0, 0.0]]
2661 2.6090 0.0010 2.500498 -0.000000 0.000000 [{'depth': 1.5191322009222574e-06, 'geomIdA': 0, 'geomIdB': 1, 'modifiedDepth': 5.438479444563882e-08, 'nhat_AB_W': [-0.0, -0.0, 1.0], 'p_WC': [0.0, 0.0, 2.0004992404339], 'p_WCa': [0.0, 0.0, 2.0005], 'p_WCb': [0.0, 0.0, 2.0004984808677992]}] [[0.0, 0.0, -9.81, 0.0, 0.0, 0.0], [0.0, 0.0, 9.81, 0.0, 0.0, 0.0]]
2662 2.6100 0.0010 2.500498 -0.000000 0.000000 [{'depth': 1.5191322009222574e-06, 'geomIdA': 0, 'geomIdB': 1, 'modifiedDepth': 5.438479444563882e-08, 'nhat_AB_W': [-0.0, -0.0, 1.0], 'p_WC': [0.0, 0.0, 2.0004992404339], 'p_WCa': [0.0, 0.0, 2.0005], 'p_WCb': [0.0, 0.0, 2.0004984808677992]}] [[0.0, 0.0, -9.81, 0.0, 0.0, 0.0], [0.0, 0.0, 9.81, 0.0, 0.0, 0.0]]
2663 2.6110 0.0010 2.500498 -0.000000 0.000000 [{'depth': 1.5191322009222574e-06, 'geomIdA': 0, 'geomIdB': 1, 'modifiedDepth': 5.438479444563882e-08, 'nhat_AB_W': [-0.0, -0.0, 1.0], 'p_WC': [0.0, 0.0, 2.0004992404339], 'p_WCa': [0.0, 0.0, 2.0005], 'p_WCb': [0.0, 0.0, 2.0004984808677992]}] [[0.0, 0.0, -9.81, 0.0, 0.0, 0.0], [0.0, 0.0, 9.81, 0.0, 0.0, 0.0]]
2664 2.6120 0.0010 2.500498 -0.000000 0.000000 [{'depth': 1.5191322009222574e-06, 'geomIdA': 0, 'geomIdB': 1, 'modifiedDepth': 5.438479444563882e-08, 'nhat_AB_W': [-0.0, -0.0, 1.0], 'p_WC': [0.0, 0.0, 2.0004992404339], 'p_WCa': [0.0, 0.0, 2.0005], 'p_WCb': [0.0, 0.0, 2.0004984808677992]}] [[0.0, 0.0, -9.81, 0.0, 0.0, 0.0], [0.0, 0.0, 9.81, 0.0, 0.0, 0.0]]
2665 2.6130 0.0010 2.500498 -0.000000 0.000000 [{'depth': 1.5191322009222574e-06, 'geomIdA': 0, 'geomIdB': 1, 'modifiedDepth': 5.438479444563882e-08, 'nhat_AB_W': [-0.0, -0.0, 1.0], 'p_WC': [0.0, 0.0, 2.0004992404339], 'p_WCa': [0.0, 0.0, 2.0005], 'p_WCb': [0.0, 0.0, 2.0004984808677992]}] [[0.0, 0.0, -9.81, 0.0, 0.0, 0.0], [0.0, 0.0, 9.81, 0.0, 0.0, 0.0]]
2666 2.6140 0.0010 2.500498 -0.000000 0.000000 [{'depth': 1.5191322009222574e-06, 'geomIdA': 0, 'geomIdB': 1, 'modifiedDepth': 5.438479444563882e-08, 'nhat_AB_W': [-0.0, -0.0, 1.0], 'p_WC': [0.0, 0.0, 2.0004992404339], 'p_WCa': [0.0, 0.0, 2.0005], 'p_WCb': [0.0, 0.0, 2.0004984808677992]}] [[0.0, 0.0, -9.81, 0.0, 0.0, 0.0], [0.0, 0.0, 9.81, 0.0, 0.0, 0.0]]
2667 2.6150 0.0010 2.500498 -0.000000 0.000000 [{'depth': 1.5191322009222574e-06, 'geomIdA': 0, 'geomIdB': 1, 'modifiedDepth': 5.438479444563882e-08, 'nhat_AB_W': [-0.0, -0.0, 1.0], 'p_WC': [0.0, 0.0, 2.0004992404339], 'p_WCa': [0.0, 0.0, 2.0005], 'p_WCb': [0.0, 0.0, 2.0004984808677992]}] [[0.0, 0.0, -9.81, 0.0, 0.0, 0.0], [0.0, 0.0, 9.81, 0.0, 0.0, 0.0]]
2668 2.6160 0.0010 2.500498 -0.000000 0.000000 [{'depth': 1.5191322009222574e-06, 'geomIdA': 0, 'geomIdB': 1, 'modifiedDepth': 5.438479444563882e-08, 'nhat_AB_W': [-0.0, -0.0, 1.0], 'p_WC': [0.0, 0.0, 2.0004992404339], 'p_WCa': [0.0, 0.0, 2.0005], 'p_WCb': [0.0, 0.0, 2.0004984808677992]}] [[0.0, 0.0, -9.81, 0.0, 0.0, 0.0], [0.0, 0.0, 9.81, 0.0, 0.0, 0.0]]
2669 2.6170 0.0010 2.500498 -0.000000 0.000000 [{'depth': 1.5191322009222574e-06, 'geomIdA': 0, 'geomIdB': 1, 'modifiedDepth': 5.438479444563882e-08, 'nhat_AB_W': [-0.0, -0.0, 1.0], 'p_WC': [0.0, 0.0, 2.0004992404339], 'p_WCa': [0.0, 0.0, 2.0005], 'p_WCb': [0.0, 0.0, 2.0004984808677992]}] [[0.0, 0.0, -9.81, 0.0, 0.0, 0.0], [0.0, 0.0, 9.81, 0.0, 0.0, 0.0]]
2670 2.6180 0.0010 2.500498 -0.000000 0.000000 [{'depth': 1.5191322009222574e-06, 'geomIdA': 0, 'geomIdB': 1, 'modifiedDepth': 5.438479444563882e-08, 'nhat_AB_W': [-0.0, -0.0, 1.0], 'p_WC': [0.0, 0.0, 2.0004992404339], 'p_WCa': [0.0, 0.0, 2.0005], 'p_WCb': [0.0, 0.0, 2.0004984808677992]}] [[0.0, 0.0, -9.81, 0.0, 0.0, 0.0], [0.0, 0.0, 9.81, 0.0, 0.0, 0.0]]
2671 2.6190 0.0010 2.500498 -0.000000 0.000000 [{'depth': 1.5191322009222574e-06, 'geomIdA': 0, 'geomIdB': 1, 'modifiedDepth': 5.438479444563882e-08, 'nhat_AB_W': [-0.0, -0.0, 1.0], 'p_WC': [0.0, 0.0, 2.0004992404339], 'p_WCa': [0.0, 0.0, 2.0005], 'p_WCb': [0.0, 0.0, 2.0004984808677992]}] [[0.0, 0.0, -9.81, 0.0, 0.0, 0.0], [0.0, 0.0, 9.81, 0.0, 0.0, 0.0]]
2672 2.6200 0.0010 2.500498 -0.000000 0.000000 [{'depth': 1.5191322009222574e-06, 'geomIdA': 0, 'geomIdB': 1, 'modifiedDepth': 5.438479444563882e-08, 'nhat_AB_W': [-0.0, -0.0, 1.0], 'p_WC': [0.0, 0.0, 2.0004992404339], 'p_WCa': [0.0, 0.0, 2.0005], 'p_WCb': [0.0, 0.0, 2.0004984808677992]}] [[0.0, 0.0, -9.81, 0.0, 0.0, 0.0], [0.0, 0.0, 9.81, 0.0, 0.0, 0.0]]
2673 2.6210 0.0010 2.500498 -0.000000 0.000000 [{'depth': 1.5191322009222574e-06, 'geomIdA': 0, 'geomIdB': 1, 'modifiedDepth': 5.438479444563882e-08, 'nhat_AB_W': [-0.0, -0.0, 1.0], 'p_WC': [0.0, 0.0, 2.0004992404339], 'p_WCa': [0.0, 0.0, 2.0005], 'p_WCb': [0.0, 0.0, 2.0004984808677992]}] [[0.0, 0.0, -9.81, 0.0, 0.0, 0.0], [0.0, 0.0, 9.81, 0.0, 0.0, 0.0]]
2674 2.6220 0.0010 2.500498 -0.000000 0.000000 [{'depth': 1.5191322009222574e-06, 'geomIdA': 0, 'geomIdB': 1, 'modifiedDepth': 5.438479444563882e-08, 'nhat_AB_W': [-0.0, -0.0, 1.0], 'p_WC': [0.0, 0.0, 2.0004992404339], 'p_WCa': [0.0, 0.0, 2.0005], 'p_WCb': [0.0, 0.0, 2.0004984808677992]}] [[0.0, 0.0, -9.81, 0.0, 0.0, 0.0], [0.0, 0.0, 9.81, 0.0, 0.0, 0.0]]
2675 2.6230 0.0010 2.500498 -0.000000 0.000000 [{'depth': 1.5191322009222574e-06, 'geomIdA': 0, 'geomIdB': 1, 'modifiedDepth': 5.438479444563882e-08, 'nhat_AB_W': [-0.0, -0.0, 1.0], 'p_WC': [0.0, 0.0, 2.0004992404339], 'p_WCa': [0.0, 0.0, 2.0005], 'p_WCb': [0.0, 0.0, 2.0004984808677992]}] [[0.0, 0.0, -9.81, 0.0, 0.0, 0.0], [0.0, 0.0, 9.81, 0.0, 0.0, 0.0]]
2676 2.6240 0.0010 2.500498 -0.000000 0.000000 [{'depth': 1.5191322009222574e-06, 'geomIdA': 0, 'geomIdB': 1, 'modifiedDepth': 5.438479444563882e-08, 'nhat_AB_W': [-0.0, -0.0, 1.0], 'p_WC': [0.0, 0.0, 2.0004992404339], 'p_WCa': [0.0, 0.0, 2.0005], 'p_WCb': [0.0, 0.0, 2.0004984808677992]}] [[0.0, 0.0, -9.81, 0.0, 0.0, 0.0], [0.0, 0.0, 9.81, 0.0, 0.0, 0.0]]
2677 2.6250 0.0010 2.500498 -0.000000 0.000000 [{'depth': 1.5191322009222574e-06, 'geomIdA': 0, 'geomIdB': 1, 'modifiedDepth': 5.438479444563882e-08, 'nhat_AB_W': [-0.0, -0.0, 1.0], 'p_WC': [0.0, 0.0, 2.0004992404339], 'p_WCa': [0.0, 0.0, 2.0005], 'p_WCb': [0.0, 0.0, 2.0004984808677992]}] [[0.0, 0.0, -9.81, 0.0, 0.0, 0.0], [0.0, 0.0, 9.81, 0.0, 0.0, 0.0]]
2678 2.6260 0.0010 2.500498 -0.000000 0.000000 [{'depth': 1.5191322009222574e-06, 'geomIdA': 0, 'geomIdB': 1, 'modifiedDepth': 5.438479444563882e-08, 'nhat_AB_W': [-0.0, -0.0, 1.0], 'p_WC': [0.0, 0.0, 2.0004992404339], 'p_WCa': [0.0, 0.0, 2.0005], 'p_WCb': [0.0, 0.0, 2.0004984808677992]}] [[0.0, 0.0, -9.81, 0.0, 0.0, 0.0], [0.0, 0.0, 9.81, 0.0, 0.0, 0.0]]
2679 2.6270 0.0010 2.500498 -0.000000 0.000000 [{'depth': 1.5191322009222574e-06, 'geomIdA': 0, 'geomIdB': 1, 'modifiedDepth': 5.438479444563882e-08, 'nhat_AB_W': [-0.0, -0.0, 1.0], 'p_WC': [0.0, 0.0, 2.0004992404339], 'p_WCa': [0.0, 0.0, 2.0005], 'p_WCb': [0.0, 0.0, 2.0004984808677992]}] [[0.0, 0.0, -9.81, 0.0, 0.0, 0.0], [0.0, 0.0, 9.81, 0.0, 0.0, 0.0]]
2680 2.6280 0.0010 2.500498 -0.000000 0.000000 [{'depth': 1.5191322009222574e-06, 'geomIdA': 0, 'geomIdB': 1, 'modifiedDepth': 5.438479444563882e-08, 'nhat_AB_W': [-0.0, -0.0, 1.0], 'p_WC': [0.0, 0.0, 2.0004992404339], 'p_WCa': [0.0, 0.0, 2.0005], 'p_WCb': [0.0, 0.0, 2.0004984808677992]}] [[0.0, 0.0, -9.81, 0.0, 0.0, 0.0], [0.0, 0.0, 9.81, 0.0, 0.0, 0.0]]
2681 2.6290 0.0010 2.500498 -0.000000 0.000000 [{'depth': 1.5191322009222574e-06, 'geomIdA': 0, 'geomIdB': 1, 'modifiedDepth': 5.438479444563882e-08, 'nhat_AB_W': [-0.0, -0.0, 1.0], 'p_WC': [0.0, 0.0, 2.0004992404339], 'p_WCa': [0.0, 0.0, 2.0005], 'p_WCb': [0.0, 0.0, 2.0004984808677992]}] [[0.0, 0.0, -9.81, 0.0, 0.0, 0.0], [0.0, 0.0, 9.81, 0.0, 0.0, 0.0]]
2682 2.6300 0.0010 2.500498 -0.000000 0.000000 [{'depth': 1.5191322009222574e-06, 'geomIdA': 0, 'geomIdB': 1, 'modifiedDepth': 5.438479444563882e-08, 'nhat_AB_W': [-0.0, -0.0, 1.0], 'p_WC': [0.0, 0.0, 2.0004992404339], 'p_WCa': [0.0, 0.0, 2.0005], 'p_WCb': [0.0, 0.0, 2.0004984808677992]}] [[0.0, 0.0, -9.81, 0.0, 0.0, 0.0], [0.0, 0.0, 9.81, 0.0, 0.0, 0.0]]
2683 2.6310 0.0010 2.500498 -0.000000 0.000000 [{'depth': 1.5191322009222574e-06, 'geomIdA': 0, 'geomIdB': 1, 'modifiedDepth': 5.438479444563882e-08, 'nhat_AB_W': [-0.0, -0.0, 1.0], 'p_WC': [0.0, 0.0, 2.0004992404339], 'p_WCa': [0.0, 0.0, 2.0005], 'p_WCb': [0.0, 0.0, 2.0004984808677992]}] [[0.0, 0.0, -9.81, 0.0, 0.0, 0.0], [0.0, 0.0, 9.81, 0.0, 0.0, 0.0]]
2684 2.6320 0.0010 2.500498 -0.000000 0.000000 [{'depth': 1.5191322009222574e-06, 'geomIdA': 0, 'geomIdB': 1, 'modifiedDepth': 5.438479444563882e-08, 'nhat_AB_W': [-0.0, -0.0, 1.0], 'p_WC': [0.0, 0.0, 2.0004992404339], 'p_WCa': [0.0, 0.0, 2.0005], 'p_WCb': [0.0, 0.0, 2.0004984808677992]}] [[0.0, 0.0, -9.81, 0.0, 0.0, 0.0], [0.0, 0.0, 9.81, 0.0, 0.0, 0.0]]
2685 2.6330 0.0010 2.500498 -0.000000 0.000000 [{'depth': 1.5191322009222574e-06, 'geomIdA': 0, 'geomIdB': 1, 'modifiedDepth': 5.438479444563882e-08, 'nhat_AB_W': [-0.0, -0.0, 1.0], 'p_WC': [0.0, 0.0, 2.0004992404339], 'p_WCa': [0.0, 0.0, 2.0005], 'p_WCb': [0.0, 0.0, 2.0004984808677992]}] [[0.0, 0.0, -9.81, 0.0, 0.0, 0.0], [0.0, 0.0, 9.81, 0.0, 0.0, 0.0]]
2686 2.6340 0.0010 2.500498 -0.000000 0.000000 [{'depth': 1.5191322009222574e-06, 'geomIdA': 0, 'geomIdB': 1, 'modifiedDepth': 5.438479444563882e-08, 'nhat_AB_W': [-0.0, -0.0, 1.0], 'p_WC': [0.0, 0.0, 2.0004992404339], 'p_WCa': [0.0, 0.0, 2.0005], 'p_WCb': [0.0, 0.0, 2.0004984808677992]}] [[0.0, 0.0, -9.81, 0.0, 0.0, 0.0], [0.0, 0.0, 9.81, 0.0, 0.0, 0.0]]
2687 2.6350 0.0010 2.500498 -0.000000 0.000000 [{'depth': 1.5191322009222574e-06, 'geomIdA': 0, 'geomIdB': 1, 'modifiedDepth': 5.438479444563882e-08, 'nhat_AB_W': [-0.0, -0.0, 1.0], 'p_WC': [0.0, 0.0, 2.0004992404339], 'p_WCa': [0.0, 0.0, 2.0005], 'p_WCb': [0.0, 0.0, 2.0004984808677992]}] [[0.0, 0.0, -9.81, 0.0, 0.0, 0.0], [0.0, 0.0, 9.81, 0.0, 0.0, 0.0]]
2688 2.6360 0.0010 2.500498 -0.000000 0.000000 [{'depth': 1.5191322009222574e-06, 'geomIdA': 0, 'geomIdB': 1, 'modifiedDepth': 5.438479444563882e-08, 'nhat_AB_W': [-0.0, -0.0, 1.0], 'p_WC': [0.0, 0.0, 2.0004992404339], 'p_WCa': [0.0, 0.0, 2.0005], 'p_WCb': [0.0, 0.0, 2.0004984808677992]}] [[0.0, 0.0, -9.81, 0.0, 0.0, 0.0], [0.0, 0.0, 9.81, 0.0, 0.0, 0.0]]
2689 2.6370 0.0010 2.500498 -0.000000 0.000000 [{'depth': 1.5191322009222574e-06, 'geomIdA': 0, 'geomIdB': 1, 'modifiedDepth': 5.438479444563882e-08, 'nhat_AB_W': [-0.0, -0.0, 1.0], 'p_WC': [0.0, 0.0, 2.0004992404339], 'p_WCa': [0.0, 0.0, 2.0005], 'p_WCb': [0.0, 0.0, 2.0004984808677992]}] [[0.0, 0.0, -9.81, 0.0, 0.0, 0.0], [0.0, 0.0, 9.81, 0.0, 0.0, 0.0]]
2690 2.6380 0.0010 2.500498 -0.000000 0.000000 [{'depth': 1.5191322009222574e-06, 'geomIdA': 0, 'geomIdB': 1, 'modifiedDepth': 5.438479444563882e-08, 'nhat_AB_W': [-0.0, -0.0, 1.0], 'p_WC': [0.0, 0.0, 2.0004992404339], 'p_WCa': [0.0, 0.0, 2.0005], 'p_WCb': [0.0, 0.0, 2.0004984808677992]}] [[0.0, 0.0, -9.81, 0.0, 0.0, 0.0], [0.0, 0.0, 9.81, 0.0, 0.0, 0.0]]
2691 2.6390 0.0010 2.500498 -0.000000 0.000000 [{'depth': 1.5191322009222574e-06, 'geomIdA': 0, 'geomIdB': 1, 'modifiedDepth': 5.438479444563882e-08, 'nhat_AB_W': [-0.0, -0.0, 1.0], 'p_WC': [0.0, 0.0, 2.0004992404339], 'p_WCa': [0.0, 0.0, 2.0005], 'p_WCb': [0.0, 0.0, 2.0004984808677992]}] [[0.0, 0.0, -9.81, 0.0, 0.0, 0.0], [0.0, 0.0, 9.81, 0.0, 0.0, 0.0]]
2692 2.6400 0.0010 2.500498 -0.000000 0.000000 [{'depth': 1.5191322009222574e-06, 'geomIdA': 0, 'geomIdB': 1, 'modifiedDepth': 5.438479444563882e-08, 'nhat_AB_W': [-0.0, -0.0, 1.0], 'p_WC': [0.0, 0.0, 2.0004992404339], 'p_WCa': [0.0, 0.0, 2.0005], 'p_WCb': [0.0, 0.0, 2.0004984808677992]}] [[0.0, 0.0, -9.81, 0.0, 0.0, 0.0], [0.0, 0.0, 9.81, 0.0, 0.0, 0.0]]
2693 2.6410 0.0010 2.500498 -0.000000 0.000000 [{'depth': 1.5191322009222574e-06, 'geomIdA': 0, 'geomIdB': 1, 'modifiedDepth': 5.438479444563882e-08, 'nhat_AB_W': [-0.0, -0.0, 1.0], 'p_WC': [0.0, 0.0, 2.0004992404339], 'p_WCa': [0.0, 0.0, 2.0005], 'p_WCb': [0.0, 0.0, 2.0004984808677992]}] [[0.0, 0.0, -9.81, 0.0, 0.0, 0.0], [0.0, 0.0, 9.81, 0.0, 0.0, 0.0]]
2694 2.6420 0.0010 2.500498 -0.000000 0.000000 [{'depth': 1.5191322009222574e-06, 'geomIdA': 0, 'geomIdB': 1, 'modifiedDepth': 5.438479444563882e-08, 'nhat_AB_W': [-0.0, -0.0, 1.0], 'p_WC': [0.0, 0.0, 2.0004992404339], 'p_WCa': [0.0, 0.0, 2.0005], 'p_WCb': [0.0, 0.0, 2.0004984808677992]}] [[0.0, 0.0, -9.81, 0.0, 0.0, 0.0], [0.0, 0.0, 9.81, 0.0, 0.0, 0.0]]
2695 2.6430 0.0010 2.500498 -0.000000 0.000000 [{'depth': 1.5191322009222574e-06, 'geomIdA': 0, 'geomIdB': 1, 'modifiedDepth': 5.438479444563882e-08, 'nhat_AB_W': [-0.0, -0.0, 1.0], 'p_WC': [0.0, 0.0, 2.0004992404339], 'p_WCa': [0.0, 0.0, 2.0005], 'p_WCb': [0.0, 0.0, 2.0004984808677992]}] [[0.0, 0.0, -9.81, 0.0, 0.0, 0.0], [0.0, 0.0, 9.81, 0.0, 0.0, 0.0]]
2696 2.6440 0.0010 2.500498 -0.000000 0.000000 [{'depth': 1.5191322009222574e-06, 'geomIdA': 0, 'geomIdB': 1, 'modifiedDepth': 5.438479444563882e-08, 'nhat_AB_W': [-0.0, -0.0, 1.0], 'p_WC': [0.0, 0.0, 2.0004992404339], 'p_WCa': [0.0, 0.0, 2.0005], 'p_WCb': [0.0, 0.0, 2.0004984808677992]}] [[0.0, 0.0, -9.81, 0.0, 0.0, 0.0], [0.0, 0.0, 9.81, 0.0, 0.0, 0.0]]
2697 2.6450 0.0010 2.500498 -0.000000 0.000000 [{'depth': 1.5191322009222574e-06, 'geomIdA': 0, 'geomIdB': 1, 'modifiedDepth': 5.438479444563882e-08, 'nhat_AB_W': [-0.0, -0.0, 1.0], 'p_WC': [0.0, 0.0, 2.0004992404339], 'p_WCa': [0.0, 0.0, 2.0005], 'p_WCb': [0.0, 0.0, 2.0004984808677992]}] [[0.0, 0.0, -9.81, 0.0, 0.0, 0.0], [0.0, 0.0, 9.81, 0.0, 0.0, 0.0]]
2698 2.6460 0.0010 2.500498 -0.000000 0.000000 [{'depth': 1.5191322009222574e-06, 'geomIdA': 0, 'geomIdB': 1, 'modifiedDepth': 5.438479444563882e-08, 'nhat_AB_W': [-0.0, -0.0, 1.0], 'p_WC': [0.0, 0.0, 2.0004992404339], 'p_WCa': [0.0, 0.0, 2.0005], 'p_WCb': [0.0, 0.0, 2.0004984808677992]}] [[0.0, 0.0, -9.81, 0.0, 0.0, 0.0], [0.0, 0.0, 9.81, 0.0, 0.0, 0.0]]
2699 2.6470 0.0010 2.500498 -0.000000 0.000000 [{'depth': 1.5191322009222574e-06, 'geomIdA': 0, 'geomIdB': 1, 'modifiedDepth': 5.438479444563882e-08, 'nhat_AB_W': [-0.0, -0.0, 1.0], 'p_WC': [0.0, 0.0, 2.0004992404339], 'p_WCa': [0.0, 0.0, 2.0005], 'p_WCb': [0.0, 0.0, 2.0004984808677992]}] [[0.0, 0.0, -9.81, 0.0, 0.0, 0.0], [0.0, 0.0, 9.81, 0.0, 0.0, 0.0]]
2700 2.6480 0.0010 2.500498 -0.000000 0.000000 [{'depth': 1.5191322009222574e-06, 'geomIdA': 0, 'geomIdB': 1, 'modifiedDepth': 5.438479444563882e-08, 'nhat_AB_W': [-0.0, -0.0, 1.0], 'p_WC': [0.0, 0.0, 2.0004992404339], 'p_WCa': [0.0, 0.0, 2.0005], 'p_WCb': [0.0, 0.0, 2.0004984808677992]}] [[0.0, 0.0, -9.81, 0.0, 0.0, 0.0], [0.0, 0.0, 9.81, 0.0, 0.0, 0.0]]
2701 2.6490 0.0010 2.500498 -0.000000 0.000000 [{'depth': 1.5191322009222574e-06, 'geomIdA': 0, 'geomIdB': 1, 'modifiedDepth': 5.438479444563882e-08, 'nhat_AB_W': [-0.0, -0.0, 1.0], 'p_WC': [0.0, 0.0, 2.0004992404339], 'p_WCa': [0.0, 0.0, 2.0005], 'p_WCb': [0.0, 0.0, 2.0004984808677992]}] [[0.0, 0.0, -9.81, 0.0, 0.0, 0.0], [0.0, 0.0, 9.81, 0.0, 0.0, 0.0]]
2702 2.6500 0.0010 2.500498 -0.000000 0.000000 [{'depth': 1.5191322009222574e-06, 'geomIdA': 0, 'geomIdB': 1, 'modifiedDepth': 5.438479444563882e-08, 'nhat_AB_W': [-0.0, -0.0, 1.0], 'p_WC': [0.0, 0.0, 2.0004992404339], 'p_WCa': [0.0, 0.0, 2.0005], 'p_WCb': [0.0, 0.0, 2.0004984808677992]}] [[0.0, 0.0, -9.81, 0.0, 0.0, 0.0], [0.0, 0.0, 9.81, 0.0, 0.0, 0.0]]
2703 2.6510 0.0010 2.500498 -0.000000 0.000000 [{'depth': 1.5191322009222574e-06, 'geomIdA': 0, 'geomIdB': 1, 'modifiedDepth': 5.438479444563882e-08, 'nhat_AB_W': [-0.0, -0.0, 1.0], 'p_WC': [0.0, 0.0, 2.0004992404339], 'p_WCa': [0.0, 0.0, 2.0005], 'p_WCb': [0.0, 0.0, 2.0004984808677992]}] [[0.0, 0.0, -9.81, 0.0, 0.0, 0.0], [0.0, 0.0, 9.81, 0.0, 0.0, 0.0]]
2704 2.6520 0.0010 2.500498 -0.000000 0.000000 [{'depth': 1.5191322009222574e-06, 'geomIdA': 0, 'geomIdB': 1, 'modifiedDepth': 5.438479444563882e-08, 'nhat_AB_W': [-0.0, -0.0, 1.0], 'p_WC': [0.0, 0.0, 2.0004992404339], 'p_WCa': [0.0, 0.0, 2.0005], 'p_WCb': [0.0, 0.0, 2.0004984808677992]}] [[0.0, 0.0, -9.81, 0.0, 0.0, 0.0], [0.0, 0.0, 9.81, 0.0, 0.0, 0.0]]
2705 2.6530 0.0010 2.500498 -0.000000 0.000000 [{'depth': 1.5191322009222574e-06, 'geomIdA': 0, 'geomIdB': 1, 'modifiedDepth': 5.438479444563882e-08, 'nhat_AB_W': [-0.0, -0.0, 1.0], 'p_WC': [0.0, 0.0, 2.0004992404339], 'p_WCa': [0.0, 0.0, 2.0005], 'p_WCb': [0.0, 0.0, 2.0004984808677992]}] [[0.0, 0.0, -9.81, 0.0, 0.0, 0.0], [0.0, 0.0, 9.81, 0.0, 0.0, 0.0]]
2706 2.6540 0.0010 2.500498 -0.000000 0.000000 [{'depth': 1.5191322009222574e-06, 'geomIdA': 0, 'geomIdB': 1, 'modifiedDepth': 5.438479444563882e-08, 'nhat_AB_W': [-0.0, -0.0, 1.0], 'p_WC': [0.0, 0.0, 2.0004992404339], 'p_WCa': [0.0, 0.0, 2.0005], 'p_WCb': [0.0, 0.0, 2.0004984808677992]}] [[0.0, 0.0, -9.81, 0.0, 0.0, 0.0], [0.0, 0.0, 9.81, 0.0, 0.0, 0.0]]
2707 2.6550 0.0010 2.500498 -0.000000 0.000000 [{'depth': 1.5191322009222574e-06, 'geomIdA': 0, 'geomIdB': 1, 'modifiedDepth': 5.438479444563882e-08, 'nhat_AB_W': [-0.0, -0.0, 1.0], 'p_WC': [0.0, 0.0, 2.0004992404339], 'p_WCa': [0.0, 0.0, 2.0005], 'p_WCb': [0.0, 0.0, 2.0004984808677992]}] [[0.0, 0.0, -9.81, 0.0, 0.0, 0.0], [0.0, 0.0, 9.81, 0.0, 0.0, 0.0]]
2708 2.6560 0.0010 2.500498 -0.000000 0.000000 [{'depth': 1.5191322009222574e-06, 'geomIdA': 0, 'geomIdB': 1, 'modifiedDepth': 5.438479444563882e-08, 'nhat_AB_W': [-0.0, -0.0, 1.0], 'p_WC': [0.0, 0.0, 2.0004992404339], 'p_WCa': [0.0, 0.0, 2.0005], 'p_WCb': [0.0, 0.0, 2.0004984808677992]}] [[0.0, 0.0, -9.81, 0.0, 0.0, 0.0], [0.0, 0.0, 9.81, 0.0, 0.0, 0.0]]
2709 2.6570 0.0010 2.500498 -0.000000 0.000000 [{'depth': 1.5191322009222574e-06, 'geomIdA': 0, 'geomIdB': 1, 'modifiedDepth': 5.438479444563882e-08, 'nhat_AB_W': [-0.0, -0.0, 1.0], 'p_WC': [0.0, 0.0, 2.0004992404339], 'p_WCa': [0.0, 0.0, 2.0005], 'p_WCb': [0.0, 0.0, 2.0004984808677992]}] [[0.0, 0.0, -9.81, 0.0, 0.0, 0.0], [0.0, 0.0, 9.81, 0.0, 0.0, 0.0]]
2710 2.6580 0.0010 2.500498 -0.000000 0.000000 [{'depth': 1.5191322009222574e-06, 'geomIdA': 0, 'geomIdB': 1, 'modifiedDepth': 5.438479444563882e-08, 'nhat_AB_W': [-0.0, -0.0, 1.0], 'p_WC': [0.0, 0.0, 2.0004992404339], 'p_WCa': [0.0, 0.0, 2.0005], 'p_WCb': [0.0, 0.0, 2.0004984808677992]}] [[0.0, 0.0, -9.81, 0.0, 0.0, 0.0], [0.0, 0.0, 9.81, 0.0, 0.0, 0.0]]
2711 2.6590 0.0010 2.500498 -0.000000 0.000000 [{'depth': 1.5191322009222574e-06, 'geomIdA': 0, 'geomIdB': 1, 'modifiedDepth': 5.438479444563882e-08, 'nhat_AB_W': [-0.0, -0.0, 1.0], 'p_WC': [0.0, 0.0, 2.0004992404339], 'p_WCa': [0.0, 0.0, 2.0005], 'p_WCb': [0.0, 0.0, 2.0004984808677992]}] [[0.0, 0.0, -9.81, 0.0, 0.0, 0.0], [0.0, 0.0, 9.81, 0.0, 0.0, 0.0]]
2712 2.6600 0.0010 2.500498 -0.000000 0.000000 [{'depth': 1.5191322009222574e-06, 'geomIdA': 0, 'geomIdB': 1, 'modifiedDepth': 5.438479444563882e-08, 'nhat_AB_W': [-0.0, -0.0, 1.0], 'p_WC': [0.0, 0.0, 2.0004992404339], 'p_WCa': [0.0, 0.0, 2.0005], 'p_WCb': [0.0, 0.0, 2.0004984808677992]}] [[0.0, 0.0, -9.81, 0.0, 0.0, 0.0], [0.0, 0.0, 9.81, 0.0, 0.0, 0.0]]
2713 2.6610 0.0010 2.500498 -0.000000 0.000000 [{'depth': 1.5191322009222574e-06, 'geomIdA': 0, 'geomIdB': 1, 'modifiedDepth': 5.438479444563882e-08, 'nhat_AB_W': [-0.0, -0.0, 1.0], 'p_WC': [0.0, 0.0, 2.0004992404339], 'p_WCa': [0.0, 0.0, 2.0005], 'p_WCb': [0.0, 0.0, 2.0004984808677992]}] [[0.0, 0.0, -9.81, 0.0, 0.0, 0.0], [0.0, 0.0, 9.81, 0.0, 0.0, 0.0]]
2714 2.6620 0.0010 2.500498 -0.000000 0.000000 [{'depth': 1.5191322009222574e-06, 'geomIdA': 0, 'geomIdB': 1, 'modifiedDepth': 5.438479444563882e-08, 'nhat_AB_W': [-0.0, -0.0, 1.0], 'p_WC': [0.0, 0.0, 2.0004992404339], 'p_WCa': [0.0, 0.0, 2.0005], 'p_WCb': [0.0, 0.0, 2.0004984808677992]}] [[0.0, 0.0, -9.81, 0.0, 0.0, 0.0], [0.0, 0.0, 9.81, 0.0, 0.0, 0.0]]
2715 2.6630 0.0010 2.500498 -0.000000 0.000000 [{'depth': 1.5191322009222574e-06, 'geomIdA': 0, 'geomIdB': 1, 'modifiedDepth': 5.438479444563882e-08, 'nhat_AB_W': [-0.0, -0.0, 1.0], 'p_WC': [0.0, 0.0, 2.0004992404339], 'p_WCa': [0.0, 0.0, 2.0005], 'p_WCb': [0.0, 0.0, 2.0004984808677992]}] [[0.0, 0.0, -9.81, 0.0, 0.0, 0.0], [0.0, 0.0, 9.81, 0.0, 0.0, 0.0]]
2716 2.6640 0.0010 2.500498 -0.000000 0.000000 [{'depth': 1.5191322009222574e-06, 'geomIdA': 0, 'geomIdB': 1, 'modifiedDepth': 5.438479444563882e-08, 'nhat_AB_W': [-0.0, -0.0, 1.0], 'p_WC': [0.0, 0.0, 2.0004992404339], 'p_WCa': [0.0, 0.0, 2.0005], 'p_WCb': [0.0, 0.0, 2.0004984808677992]}] [[0.0, 0.0, -9.81, 0.0, 0.0, 0.0], [0.0, 0.0, 9.81, 0.0, 0.0, 0.0]]
2717 2.6650 0.0010 2.500498 -0.000000 0.000000 [{'depth': 1.5191322009222574e-06, 'geomIdA': 0, 'geomIdB': 1, 'modifiedDepth': 5.438479444563882e-08, 'nhat_AB_W': [-0.0, -0.0, 1.0], 'p_WC': [0.0, 0.0, 2.0004992404339], 'p_WCa': [0.0, 0.0, 2.0005], 'p_WCb': [0.0, 0.0, 2.0004984808677992]}] [[0.0, 0.0, -9.81, 0.0, 0.0, 0.0], [0.0, 0.0, 9.81, 0.0, 0.0, 0.0]]
2718 2.6660 0.0010 2.500498 -0.000000 0.000000 [{'depth': 1.5191322009222574e-06, 'geomIdA': 0, 'geomIdB': 1, 'modifiedDepth': 5.438479444563882e-08, 'nhat_AB_W': [-0.0, -0.0, 1.0], 'p_WC': [0.0, 0.0, 2.0004992404339], 'p_WCa': [0.0, 0.0, 2.0005], 'p_WCb': [0.0, 0.0, 2.0004984808677992]}] [[0.0, 0.0, -9.81, 0.0, 0.0, 0.0], [0.0, 0.0, 9.81, 0.0, 0.0, 0.0]]
2719 2.6670 0.0010 2.500498 -0.000000 0.000000 [{'depth': 1.5191322009222574e-06, 'geomIdA': 0, 'geomIdB': 1, 'modifiedDepth': 5.438479444563882e-08, 'nhat_AB_W': [-0.0, -0.0, 1.0], 'p_WC': [0.0, 0.0, 2.0004992404339], 'p_WCa': [0.0, 0.0, 2.0005], 'p_WCb': [0.0, 0.0, 2.0004984808677992]}] [[0.0, 0.0, -9.81, 0.0, 0.0, 0.0], [0.0, 0.0, 9.81, 0.0, 0.0, 0.0]]
2720 2.6680 0.0010 2.500498 -0.000000 0.000000 [{'depth': 1.5191322009222574e-06, 'geomIdA': 0, 'geomIdB': 1, 'modifiedDepth': 5.438479444563882e-08, 'nhat_AB_W': [-0.0, -0.0, 1.0], 'p_WC': [0.0, 0.0, 2.0004992404339], 'p_WCa': [0.0, 0.0, 2.0005], 'p_WCb': [0.0, 0.0, 2.0004984808677992]}] [[0.0, 0.0, -9.81, 0.0, 0.0, 0.0], [0.0, 0.0, 9.81, 0.0, 0.0, 0.0]]
2721 2.6690 0.0010 2.500498 -0.000000 0.000000 [{'depth': 1.5191322009222574e-06, 'geomIdA': 0, 'geomIdB': 1, 'modifiedDepth': 5.438479444563882e-08, 'nhat_AB_W': [-0.0, -0.0, 1.0], 'p_WC': [0.0, 0.0, 2.0004992404339], 'p_WCa': [0.0, 0.0, 2.0005], 'p_WCb': [0.0, 0.0, 2.0004984808677992]}] [[0.0, 0.0, -9.81, 0.0, 0.0, 0.0], [0.0, 0.0, 9.81, 0.0, 0.0, 0.0]]
2722 2.6700 0.0010 2.500498 -0.000000 0.000000 [{'depth': 1.5191322009222574e-06, 'geomIdA': 0, 'geomIdB': 1, 'modifiedDepth': 5.438479444563882e-08, 'nhat_AB_W': [-0.0, -0.0, 1.0], 'p_WC': [0.0, 0.0, 2.0004992404339], 'p_WCa': [0.0, 0.0, 2.0005], 'p_WCb': [0.0, 0.0, 2.0004984808677992]}] [[0.0, 0.0, -9.81, 0.0, 0.0, 0.0], [0.0, 0.0, 9.81, 0.0, 0.0, 0.0]]
2723 2.6710 0.0010 2.500498 -0.000000 0.000000 [{'depth': 1.5191322009222574e-06, 'geomIdA': 0, 'geomIdB': 1, 'modifiedDepth': 5.438479444563882e-08, 'nhat_AB_W': [-0.0, -0.0, 1.0], 'p_WC': [0.0, 0.0, 2.0004992404339], 'p_WCa': [0.0, 0.0, 2.0005], 'p_WCb': [0.0, 0.0, 2.0004984808677992]}] [[0.0, 0.0, -9.81, 0.0, 0.0, 0.0], [0.0, 0.0, 9.81, 0.0, 0.0, 0.0]]
2724 2.6720 0.0010 2.500498 -0.000000 0.000000 [{'depth': 1.5191322009222574e-06, 'geomIdA': 0, 'geomIdB': 1, 'modifiedDepth': 5.438479444563882e-08, 'nhat_AB_W': [-0.0, -0.0, 1.0], 'p_WC': [0.0, 0.0, 2.0004992404339], 'p_WCa': [0.0, 0.0, 2.0005], 'p_WCb': [0.0, 0.0, 2.0004984808677992]}] [[0.0, 0.0, -9.81, 0.0, 0.0, 0.0], [0.0, 0.0, 9.81, 0.0, 0.0, 0.0]]
2725 2.6730 0.0010 2.500498 -0.000000 0.000000 [{'depth': 1.5191322009222574e-06, 'geomIdA': 0, 'geomIdB': 1, 'modifiedDepth': 5.438479444563882e-08, 'nhat_AB_W': [-0.0, -0.0, 1.0], 'p_WC': [0.0, 0.0, 2.0004992404339], 'p_WCa': [0.0, 0.0, 2.0005], 'p_WCb': [0.0, 0.0, 2.0004984808677992]}] [[0.0, 0.0, -9.81, 0.0, 0.0, 0.0], [0.0, 0.0, 9.81, 0.0, 0.0, 0.0]]
2726 2.6740 0.0010 2.500498 -0.000000 0.000000 [{'depth': 1.5191322009222574e-06, 'geomIdA': 0, 'geomIdB': 1, 'modifiedDepth': 5.438479444563882e-08, 'nhat_AB_W': [-0.0, -0.0, 1.0], 'p_WC': [0.0, 0.0, 2.0004992404339], 'p_WCa': [0.0, 0.0, 2.0005], 'p_WCb': [0.0, 0.0, 2.0004984808677992]}] [[0.0, 0.0, -9.81, 0.0, 0.0, 0.0], [0.0, 0.0, 9.81, 0.0, 0.0, 0.0]]
2727 2.6750 0.0010 2.500498 -0.000000 0.000000 [{'depth': 1.5191322009222574e-06, 'geomIdA': 0, 'geomIdB': 1, 'modifiedDepth': 5.438479444563882e-08, 'nhat_AB_W': [-0.0, -0.0, 1.0], 'p_WC': [0.0, 0.0, 2.0004992404339], 'p_WCa': [0.0, 0.0, 2.0005], 'p_WCb': [0.0, 0.0, 2.0004984808677992]}] [[0.0, 0.0, -9.81, 0.0, 0.0, 0.0], [0.0, 0.0, 9.81, 0.0, 0.0, 0.0]]
2728 2.6760 0.0010 2.500498 -0.000000 0.000000 [{'depth': 1.5191322009222574e-06, 'geomIdA': 0, 'geomIdB': 1, 'modifiedDepth': 5.438479444563882e-08, 'nhat_AB_W': [-0.0, -0.0, 1.0], 'p_WC': [0.0, 0.0, 2.0004992404339], 'p_WCa': [0.0, 0.0, 2.0005], 'p_WCb': [0.0, 0.0, 2.0004984808677992]}] [[0.0, 0.0, -9.81, 0.0, 0.0, 0.0], [0.0, 0.0, 9.81, 0.0, 0.0, 0.0]]
2729 2.6770 0.0010 2.500498 -0.000000 0.000000 [{'depth': 1.5191322009222574e-06, 'geomIdA': 0, 'geomIdB': 1, 'modifiedDepth': 5.438479444563882e-08, 'nhat_AB_W': [-0.0, -0.0, 1.0], 'p_WC': [0.0, 0.0, 2.0004992404339], 'p_WCa': [0.0, 0.0, 2.0005], 'p_WCb': [0.0, 0.0, 2.0004984808677992]}] [[0.0, 0.0, -9.81, 0.0, 0.0, 0.0], [0.0, 0.0, 9.81, 0.0, 0.0, 0.0]]
2730 2.6780 0.0010 2.500498 -0.000000 0.000000 [{'depth': 1.5191322009222574e-06, 'geomIdA': 0, 'geomIdB': 1, 'modifiedDepth': 5.438479444563882e-08, 'nhat_AB_W': [-0.0, -0.0, 1.0], 'p_WC': [0.0, 0.0, 2.0004992404339], 'p_WCa': [0.0, 0.0, 2.0005], 'p_WCb': [0.0, 0.0, 2.0004984808677992]}] [[0.0, 0.0, -9.81, 0.0, 0.0, 0.0], [0.0, 0.0, 9.81, 0.0, 0.0, 0.0]]
2731 2.6790 0.0010 2.500498 -0.000000 0.000000 [{'depth': 1.5191322009222574e-06, 'geomIdA': 0, 'geomIdB': 1, 'modifiedDepth': 5.438479444563882e-08, 'nhat_AB_W': [-0.0, -0.0, 1.0], 'p_WC': [0.0, 0.0, 2.0004992404339], 'p_WCa': [0.0, 0.0, 2.0005], 'p_WCb': [0.0, 0.0, 2.0004984808677992]}] [[0.0, 0.0, -9.81, 0.0, 0.0, 0.0], [0.0, 0.0, 9.81, 0.0, 0.0, 0.0]]
2732 2.6800 0.0010 2.500498 -0.000000 0.000000 [{'depth': 1.5191322009222574e-06, 'geomIdA': 0, 'geomIdB': 1, 'modifiedDepth': 5.438479444563882e-08, 'nhat_AB_W': [-0.0, -0.0, 1.0], 'p_WC': [0.0, 0.0, 2.0004992404339], 'p_WCa': [0.0, 0.0, 2.0005], 'p_WCb': [0.0, 0.0, 2.0004984808677992]}] [[0.0, 0.0, -9.81, 0.0, 0.0, 0.0], [0.0, 0.0, 9.81, 0.0, 0.0, 0.0]]
2733 2.6810 0.0010 2.500498 -0.000000 0.000000 [{'depth': 1.5191322009222574e-06, 'geomIdA': 0, 'geomIdB': 1, 'modifiedDepth': 5.438479444563882e-08, 'nhat_AB_W': [-0.0, -0.0, 1.0], 'p_WC': [0.0, 0.0, 2.0004992404339], 'p_WCa': [0.0, 0.0, 2.0005], 'p_WCb': [0.0, 0.0, 2.0004984808677992]}] [[0.0, 0.0, -9.81, 0.0, 0.0, 0.0], [0.0, 0.0, 9.81, 0.0, 0.0, 0.0]]
2734 2.6820 0.0010 2.500498 -0.000000 0.000000 [{'depth': 1.5191322009222574e-06, 'geomIdA': 0, 'geomIdB': 1, 'modifiedDepth': 5.438479444563882e-08, 'nhat_AB_W': [-0.0, -0.0, 1.0], 'p_WC': [0.0, 0.0, 2.0004992404339], 'p_WCa': [0.0, 0.0, 2.0005], 'p_WCb': [0.0, 0.0, 2.0004984808677992]}] [[0.0, 0.0, -9.81, 0.0, 0.0, 0.0], [0.0, 0.0, 9.81, 0.0, 0.0, 0.0]]
2735 2.6830 0.0010 2.500498 -0.000000 0.000000 [{'depth': 1.5191322009222574e-06, 'geomIdA': 0, 'geomIdB': 1, 'modifiedDepth': 5.438479444563882e-08, 'nhat_AB_W': [-0.0, -0.0, 1.0], 'p_WC': [0.0, 0.0, 2.0004992404339], 'p_WCa': [0.0, 0.0, 2.0005], 'p_WCb': [0.0, 0.0, 2.0004984808677992]}] [[0.0, 0.0, -9.81, 0.0, 0.0, 0.0], [0.0, 0.0, 9.81, 0.0, 0.0, 0.0]]
2736 2.6840 0.0010 2.500498 -0.000000 0.000000 [{'depth': 1.5191322009222574e-06, 'geomIdA': 0, 'geomIdB': 1, 'modifiedDepth': 5.438479444563882e-08, 'nhat_AB_W': [-0.0, -0.0, 1.0], 'p_WC': [0.0, 0.0, 2.0004992404339], 'p_WCa': [0.0, 0.0, 2.0005], 'p_WCb': [0.0, 0.0, 2.0004984808677992]}] [[0.0, 0.0, -9.81, 0.0, 0.0, 0.0], [0.0, 0.0, 9.81, 0.0, 0.0, 0.0]]
2737 2.6850 0.0010 2.500498 -0.000000 0.000000 [{'depth': 1.5191322009222574e-06, 'geomIdA': 0, 'geomIdB': 1, 'modifiedDepth': 5.438479444563882e-08, 'nhat_AB_W': [-0.0, -0.0, 1.0], 'p_WC': [0.0, 0.0, 2.0004992404339], 'p_WCa': [0.0, 0.0, 2.0005], 'p_WCb': [0.0, 0.0, 2.0004984808677992]}] [[0.0, 0.0, -9.81, 0.0, 0.0, 0.0], [0.0, 0.0, 9.81, 0.0, 0.0, 0.0]]
2738 2.6860 0.0010 2.500498 -0.000000 0.000000 [{'depth': 1.5191322009222574e-06, 'geomIdA': 0, 'geomIdB': 1, 'modifiedDepth': 5.438479444563882e-08, 'nhat_AB_W': [-0.0, -0.0, 1.0], 'p_WC': [0.0, 0.0, 2.0004992404339], 'p_WCa': [0.0, 0.0, 2.0005], 'p_WCb': [0.0, 0.0, 2.0004984808677992]}] [[0.0, 0.0, -9.81, 0.0, 0.0, 0.0], [0.0, 0.0, 9.81, 0.0, 0.0, 0.0]]
2739 2.6870 0.0010 2.500498 -0.000000 0.000000 [{'depth': 1.5191322009222574e-06, 'geomIdA': 0, 'geomIdB': 1, 'modifiedDepth': 5.438479444563882e-08, 'nhat_AB_W': [-0.0, -0.0, 1.0], 'p_WC': [0.0, 0.0, 2.0004992404339], 'p_WCa': [0.0, 0.0, 2.0005], 'p_WCb': [0.0, 0.0, 2.0004984808677992]}] [[0.0, 0.0, -9.81, 0.0, 0.0, 0.0], [0.0, 0.0, 9.81, 0.0, 0.0, 0.0]]
2740 2.6880 0.0010 2.500498 -0.000000 0.000000 [{'depth': 1.5191322009222574e-06, 'geomIdA': 0, 'geomIdB': 1, 'modifiedDepth': 5.438479444563882e-08, 'nhat_AB_W': [-0.0, -0.0, 1.0], 'p_WC': [0.0, 0.0, 2.0004992404339], 'p_WCa': [0.0, 0.0, 2.0005], 'p_WCb': [0.0, 0.0, 2.0004984808677992]}] [[0.0, 0.0, -9.81, 0.0, 0.0, 0.0], [0.0, 0.0, 9.81, 0.0, 0.0, 0.0]]
2741 2.6890 0.0010 2.500498 -0.000000 0.000000 [{'depth': 1.5191322009222574e-06, 'geomIdA': 0, 'geomIdB': 1, 'modifiedDepth': 5.438479444563882e-08, 'nhat_AB_W': [-0.0, -0.0, 1.0], 'p_WC': [0.0, 0.0, 2.0004992404339], 'p_WCa': [0.0, 0.0, 2.0005], 'p_WCb': [0.0, 0.0, 2.0004984808677992]}] [[0.0, 0.0, -9.81, 0.0, 0.0, 0.0], [0.0, 0.0, 9.81, 0.0, 0.0, 0.0]]
2742 2.6900 0.0010 2.500498 -0.000000 0.000000 [{'depth': 1.5191322009222574e-06, 'geomIdA': 0, 'geomIdB': 1, 'modifiedDepth': 5.438479444563882e-08, 'nhat_AB_W': [-0.0, -0.0, 1.0], 'p_WC': [0.0, 0.0, 2.0004992404339], 'p_WCa': [0.0, 0.0, 2.0005], 'p_WCb': [0.0, 0.0, 2.0004984808677992]}] [[0.0, 0.0, -9.81, 0.0, 0.0, 0.0], [0.0, 0.0, 9.81, 0.0, 0.0, 0.0]]
2743 2.6910 0.0010 2.500498 -0.000000 0.000000 [{'depth': 1.5191322009222574e-06, 'geomIdA': 0, 'geomIdB': 1, 'modifiedDepth': 5.438479444563882e-08, 'nhat_AB_W': [-0.0, -0.0, 1.0], 'p_WC': [0.0, 0.0, 2.0004992404339], 'p_WCa': [0.0, 0.0, 2.0005], 'p_WCb': [0.0, 0.0, 2.0004984808677992]}] [[0.0, 0.0, -9.81, 0.0, 0.0, 0.0], [0.0, 0.0, 9.81, 0.0, 0.0, 0.0]]
2744 2.6920 0.0010 2.500498 -0.000000 0.000000 [{'depth': 1.5191322009222574e-06, 'geomIdA': 0, 'geomIdB': 1, 'modifiedDepth': 5.438479444563882e-08, 'nhat_AB_W': [-0.0, -0.0, 1.0], 'p_WC': [0.0, 0.0, 2.0004992404339], 'p_WCa': [0.0, 0.0, 2.0005], 'p_WCb': [0.0, 0.0, 2.0004984808677992]}] [[0.0, 0.0, -9.81, 0.0, 0.0, 0.0], [0.0, 0.0, 9.81, 0.0, 0.0, 0.0]]
2745 2.6930 0.0010 2.500498 -0.000000 0.000000 [{'depth': 1.5191322009222574e-06, 'geomIdA': 0, 'geomIdB': 1, 'modifiedDepth': 5.438479444563882e-08, 'nhat_AB_W': [-0.0, -0.0, 1.0], 'p_WC': [0.0, 0.0, 2.0004992404339], 'p_WCa': [0.0, 0.0, 2.0005], 'p_WCb': [0.0, 0.0, 2.0004984808677992]}] [[0.0, 0.0, -9.81, 0.0, 0.0, 0.0], [0.0, 0.0, 9.81, 0.0, 0.0, 0.0]]
2746 2.6940 0.0010 2.500498 -0.000000 0.000000 [{'depth': 1.5191322009222574e-06, 'geomIdA': 0, 'geomIdB': 1, 'modifiedDepth': 5.438479444563882e-08, 'nhat_AB_W': [-0.0, -0.0, 1.0], 'p_WC': [0.0, 0.0, 2.0004992404339], 'p_WCa': [0.0, 0.0, 2.0005], 'p_WCb': [0.0, 0.0, 2.0004984808677992]}] [[0.0, 0.0, -9.81, 0.0, 0.0, 0.0], [0.0, 0.0, 9.81, 0.0, 0.0, 0.0]]
2747 2.6950 0.0010 2.500498 -0.000000 0.000000 [{'depth': 1.5191322009222574e-06, 'geomIdA': 0, 'geomIdB': 1, 'modifiedDepth': 5.438479444563882e-08, 'nhat_AB_W': [-0.0, -0.0, 1.0], 'p_WC': [0.0, 0.0, 2.0004992404339], 'p_WCa': [0.0, 0.0, 2.0005], 'p_WCb': [0.0, 0.0, 2.0004984808677992]}] [[0.0, 0.0, -9.81, 0.0, 0.0, 0.0], [0.0, 0.0, 9.81, 0.0, 0.0, 0.0]]
2748 2.6960 0.0010 2.500498 -0.000000 0.000000 [{'depth': 1.5191322009222574e-06, 'geomIdA': 0, 'geomIdB': 1, 'modifiedDepth': 5.438479444563882e-08, 'nhat_AB_W': [-0.0, -0.0, 1.0], 'p_WC': [0.0, 0.0, 2.0004992404339], 'p_WCa': [0.0, 0.0, 2.0005], 'p_WCb': [0.0, 0.0, 2.0004984808677992]}] [[0.0, 0.0, -9.81, 0.0, 0.0, 0.0], [0.0, 0.0, 9.81, 0.0, 0.0, 0.0]]
2749 2.6970 0.0010 2.500498 -0.000000 0.000000 [{'depth': 1.5191322009222574e-06, 'geomIdA': 0, 'geomIdB': 1, 'modifiedDepth': 5.438479444563882e-08, 'nhat_AB_W': [-0.0, -0.0, 1.0], 'p_WC': [0.0, 0.0, 2.0004992404339], 'p_WCa': [0.0, 0.0, 2.0005], 'p_WCb': [0.0, 0.0, 2.0004984808677992]}] [[0.0, 0.0, -9.81, 0.0, 0.0, 0.0], [0.0, 0.0, 9.81, 0.0, 0.0, 0.0]]
2750 2.6980 0.0010 2.500498 -0.000000 0.000000 [{'depth': 1.5191322009222574e-06, 'geomIdA': 0, 'geomIdB': 1, 'modifiedDepth': 5.438479444563882e-08, 'nhat_AB_W': [-0.0, -0.0, 1.0], 'p_WC': [0.0, 0.0, 2.0004992404339], 'p_WCa': [0.0, 0.0, 2.0005], 'p_WCb': [0.0, 0.0, 2.0004984808677992]}] [[0.0, 0.0, -9.81, 0.0, 0.0, 0.0], [0.0, 0.0, 9.81, 0.0, 0.0, 0.0]]
2751 2.6990 0.0010 2.500498 -0.000000 0.000000 [{'depth': 1.5191322009222574e-06, 'geomIdA': 0, 'geomIdB': 1, 'modifiedDepth': 5.438479444563882e-08, 'nhat_AB_W': [-0.0, -0.0, 1.0], 'p_WC': [0.0, 0.0, 2.0004992404339], 'p_WCa': [0.0, 0.0, 2.0005], 'p_WCb': [0.0, 0.0, 2.0004984808677992]}] [[0.0, 0.0, -9.81, 0.0, 0.0, 0.0], [0.0, 0.0, 9.81, 0.0, 0.0, 0.0]]
2752 2.7000 0.0010 2.500498 -0.000000 0.000000 [{'depth': 1.5191322009222574e-06, 'geomIdA': 0, 'geomIdB': 1, 'modifiedDepth': 5.438479444563882e-08, 'nhat_AB_W': [-0.0, -0.0, 1.0], 'p_WC': [0.0, 0.0, 2.0004992404339], 'p_WCa': [0.0, 0.0, 2.0005], 'p_WCb': [0.0, 0.0, 2.0004984808677992]}] [[0.0, 0.0, -9.81, 0.0, 0.0, 0.0], [0.0, 0.0, 9.81, 0.0, 0.0, 0.0]]
2753 2.7010 0.0010 2.500498 -0.000000 0.000000 [{'depth': 1.5191322009222574e-06, 'geomIdA': 0, 'geomIdB': 1, 'modifiedDepth': 5.438479444563882e-08, 'nhat_AB_W': [-0.0, -0.0, 1.0], 'p_WC': [0.0, 0.0, 2.0004992404339], 'p_WCa': [0.0, 0.0, 2.0005], 'p_WCb': [0.0, 0.0, 2.0004984808677992]}] [[0.0, 0.0, -9.81, 0.0, 0.0, 0.0], [0.0, 0.0, 9.81, 0.0, 0.0, 0.0]]
2754 2.7020 0.0010 2.500498 -0.000000 0.000000 [{'depth': 1.5191322009222574e-06, 'geomIdA': 0, 'geomIdB': 1, 'modifiedDepth': 5.438479444563882e-08, 'nhat_AB_W': [-0.0, -0.0, 1.0], 'p_WC': [0.0, 0.0, 2.0004992404339], 'p_WCa': [0.0, 0.0, 2.0005], 'p_WCb': [0.0, 0.0, 2.0004984808677992]}] [[0.0, 0.0, -9.81, 0.0, 0.0, 0.0], [0.0, 0.0, 9.81, 0.0, 0.0, 0.0]]
2755 2.7030 0.0010 2.500498 -0.000000 0.000000 [{'depth': 1.5191322009222574e-06, 'geomIdA': 0, 'geomIdB': 1, 'modifiedDepth': 5.438479444563882e-08, 'nhat_AB_W': [-0.0, -0.0, 1.0], 'p_WC': [0.0, 0.0, 2.0004992404339], 'p_WCa': [0.0, 0.0, 2.0005], 'p_WCb': [0.0, 0.0, 2.0004984808677992]}] [[0.0, 0.0, -9.81, 0.0, 0.0, 0.0], [0.0, 0.0, 9.81, 0.0, 0.0, 0.0]]
2756 2.7040 0.0010 2.500498 -0.000000 0.000000 [{'depth': 1.5191322009222574e-06, 'geomIdA': 0, 'geomIdB': 1, 'modifiedDepth': 5.438479444563882e-08, 'nhat_AB_W': [-0.0, -0.0, 1.0], 'p_WC': [0.0, 0.0, 2.0004992404339], 'p_WCa': [0.0, 0.0, 2.0005], 'p_WCb': [0.0, 0.0, 2.0004984808677992]}] [[0.0, 0.0, -9.81, 0.0, 0.0, 0.0], [0.0, 0.0, 9.81, 0.0, 0.0, 0.0]]
2757 2.7050 0.0010 2.500498 -0.000000 0.000000 [{'depth': 1.5191322009222574e-06, 'geomIdA': 0, 'geomIdB': 1, 'modifiedDepth': 5.438479444563882e-08, 'nhat_AB_W': [-0.0, -0.0, 1.0], 'p_WC': [0.0, 0.0, 2.0004992404339], 'p_WCa': [0.0, 0.0, 2.0005], 'p_WCb': [0.0, 0.0, 2.0004984808677992]}] [[0.0, 0.0, -9.81, 0.0, 0.0, 0.0], [0.0, 0.0, 9.81, 0.0, 0.0, 0.0]]
2758 2.7060 0.0010 2.500498 -0.000000 0.000000 [{'depth': 1.5191322009222574e-06, 'geomIdA': 0, 'geomIdB': 1, 'modifiedDepth': 5.438479444563882e-08, 'nhat_AB_W': [-0.0, -0.0, 1.0], 'p_WC': [0.0, 0.0, 2.0004992404339], 'p_WCa': [0.0, 0.0, 2.0005], 'p_WCb': [0.0, 0.0, 2.0004984808677992]}] [[0.0, 0.0, -9.81, 0.0, 0.0, 0.0], [0.0, 0.0, 9.81, 0.0, 0.0, 0.0]]
2759 2.7070 0.0010 2.500498 -0.000000 0.000000 [{'depth': 1.5191322009222574e-06, 'geomIdA': 0, 'geomIdB': 1, 'modifiedDepth': 5.438479444563882e-08, 'nhat_AB_W': [-0.0, -0.0, 1.0], 'p_WC': [0.0, 0.0, 2.0004992404339], 'p_WCa': [0.0, 0.0, 2.0005], 'p_WCb': [0.0, 0.0, 2.0004984808677992]}] [[0.0, 0.0, -9.81, 0.0, 0.0, 0.0], [0.0, 0.0, 9.81, 0.0, 0.0, 0.0]]
2760 2.7080 0.0010 2.500498 -0.000000 0.000000 [{'depth': 1.5191322009222574e-06, 'geomIdA': 0, 'geomIdB': 1, 'modifiedDepth': 5.438479444563882e-08, 'nhat_AB_W': [-0.0, -0.0, 1.0], 'p_WC': [0.0, 0.0, 2.0004992404339], 'p_WCa': [0.0, 0.0, 2.0005], 'p_WCb': [0.0, 0.0, 2.0004984808677992]}] [[0.0, 0.0, -9.81, 0.0, 0.0, 0.0], [0.0, 0.0, 9.81, 0.0, 0.0, 0.0]]
2761 2.7090 0.0010 2.500498 -0.000000 0.000000 [{'depth': 1.5191322009222574e-06, 'geomIdA': 0, 'geomIdB': 1, 'modifiedDepth': 5.438479444563882e-08, 'nhat_AB_W': [-0.0, -0.0, 1.0], 'p_WC': [0.0, 0.0, 2.0004992404339], 'p_WCa': [0.0, 0.0, 2.0005], 'p_WCb': [0.0, 0.0, 2.0004984808677992]}] [[0.0, 0.0, -9.81, 0.0, 0.0, 0.0], [0.0, 0.0, 9.81, 0.0, 0.0, 0.0]]
2762 2.7100 0.0010 2.500498 -0.000000 0.000000 [{'depth': 1.5191322009222574e-06, 'geomIdA': 0, 'geomIdB': 1, 'modifiedDepth': 5.438479444563882e-08, 'nhat_AB_W': [-0.0, -0.0, 1.0], 'p_WC': [0.0, 0.0, 2.0004992404339], 'p_WCa': [0.0, 0.0, 2.0005], 'p_WCb': [0.0, 0.0, 2.0004984808677992]}] [[0.0, 0.0, -9.81, 0.0, 0.0, 0.0], [0.0, 0.0, 9.81, 0.0, 0.0, 0.0]]
2763 2.7110 0.0010 2.500498 -0.000000 0.000000 [{'depth': 1.5191322009222574e-06, 'geomIdA': 0, 'geomIdB': 1, 'modifiedDepth': 5.438479444563882e-08, 'nhat_AB_W': [-0.0, -0.0, 1.0], 'p_WC': [0.0, 0.0, 2.0004992404339], 'p_WCa': [0.0, 0.0, 2.0005], 'p_WCb': [0.0, 0.0, 2.0004984808677992]}] [[0.0, 0.0, -9.81, 0.0, 0.0, 0.0], [0.0, 0.0, 9.81, 0.0, 0.0, 0.0]]
2764 2.7120 0.0010 2.500498 -0.000000 0.000000 [{'depth': 1.5191322009222574e-06, 'geomIdA': 0, 'geomIdB': 1, 'modifiedDepth': 5.438479444563882e-08, 'nhat_AB_W': [-0.0, -0.0, 1.0], 'p_WC': [0.0, 0.0, 2.0004992404339], 'p_WCa': [0.0, 0.0, 2.0005], 'p_WCb': [0.0, 0.0, 2.0004984808677992]}] [[0.0, 0.0, -9.81, 0.0, 0.0, 0.0], [0.0, 0.0, 9.81, 0.0, 0.0, 0.0]]
2765 2.7130 0.0010 2.500498 -0.000000 0.000000 [{'depth': 1.5191322009222574e-06, 'geomIdA': 0, 'geomIdB': 1, 'modifiedDepth': 5.438479444563882e-08, 'nhat_AB_W': [-0.0, -0.0, 1.0], 'p_WC': [0.0, 0.0, 2.0004992404339], 'p_WCa': [0.0, 0.0, 2.0005], 'p_WCb': [0.0, 0.0, 2.0004984808677992]}] [[0.0, 0.0, -9.81, 0.0, 0.0, 0.0], [0.0, 0.0, 9.81, 0.0, 0.0, 0.0]]
2766 2.7140 0.0010 2.500498 -0.000000 0.000000 [{'depth': 1.5191322009222574e-06, 'geomIdA': 0, 'geomIdB': 1, 'modifiedDepth': 5.438479444563882e-08, 'nhat_AB_W': [-0.0, -0.0, 1.0], 'p_WC': [0.0, 0.0, 2.0004992404339], 'p_WCa': [0.0, 0.0, 2.0005], 'p_WCb': [0.0, 0.0, 2.0004984808677992]}] [[0.0, 0.0, -9.81, 0.0, 0.0, 0.0], [0.0, 0.0, 9.81, 0.0, 0.0, 0.0]]
2767 2.7150 0.0010 2.500498 -0.000000 0.000000 [{'depth': 1.5191322009222574e-06, 'geomIdA': 0, 'geomIdB': 1, 'modifiedDepth': 5.438479444563882e-08, 'nhat_AB_W': [-0.0, -0.0, 1.0], 'p_WC': [0.0, 0.0, 2.0004992404339], 'p_WCa': [0.0, 0.0, 2.0005], 'p_WCb': [0.0, 0.0, 2.0004984808677992]}] [[0.0, 0.0, -9.81, 0.0, 0.0, 0.0], [0.0, 0.0, 9.81, 0.0, 0.0, 0.0]]
2768 2.7160 0.0010 2.500498 -0.000000 0.000000 [{'depth': 1.5191322009222574e-06, 'geomIdA': 0, 'geomIdB': 1, 'modifiedDepth': 5.438479444563882e-08, 'nhat_AB_W': [-0.0, -0.0, 1.0], 'p_WC': [0.0, 0.0, 2.0004992404339], 'p_WCa': [0.0, 0.0, 2.0005], 'p_WCb': [0.0, 0.0, 2.0004984808677992]}] [[0.0, 0.0, -9.81, 0.0, 0.0, 0.0], [0.0, 0.0, 9.81, 0.0, 0.0, 0.0]]
2769 2.7170 0.0010 2.500498 -0.000000 0.000000 [{'depth': 1.5191322009222574e-06, 'geomIdA': 0, 'geomIdB': 1, 'modifiedDepth': 5.438479444563882e-08, 'nhat_AB_W': [-0.0, -0.0, 1.0], 'p_WC': [0.0, 0.0, 2.0004992404339], 'p_WCa': [0.0, 0.0, 2.0005], 'p_WCb': [0.0, 0.0, 2.0004984808677992]}] [[0.0, 0.0, -9.81, 0.0, 0.0, 0.0], [0.0, 0.0, 9.81, 0.0, 0.0, 0.0]]
2770 2.7180 0.0010 2.500498 -0.000000 0.000000 [{'depth': 1.5191322009222574e-06, 'geomIdA': 0, 'geomIdB': 1, 'modifiedDepth': 5.438479444563882e-08, 'nhat_AB_W': [-0.0, -0.0, 1.0], 'p_WC': [0.0, 0.0, 2.0004992404339], 'p_WCa': [0.0, 0.0, 2.0005], 'p_WCb': [0.0, 0.0, 2.0004984808677992]}] [[0.0, 0.0, -9.81, 0.0, 0.0, 0.0], [0.0, 0.0, 9.81, 0.0, 0.0, 0.0]]
2771 2.7190 0.0010 2.500498 -0.000000 0.000000 [{'depth': 1.5191322009222574e-06, 'geomIdA': 0, 'geomIdB': 1, 'modifiedDepth': 5.438479444563882e-08, 'nhat_AB_W': [-0.0, -0.0, 1.0], 'p_WC': [0.0, 0.0, 2.0004992404339], 'p_WCa': [0.0, 0.0, 2.0005], 'p_WCb': [0.0, 0.0, 2.0004984808677992]}] [[0.0, 0.0, -9.81, 0.0, 0.0, 0.0], [0.0, 0.0, 9.81, 0.0, 0.0, 0.0]]
2772 2.7200 0.0010 2.500498 -0.000000 0.000000 [{'depth': 1.5191322009222574e-06, 'geomIdA': 0, 'geomIdB': 1, 'modifiedDepth': 5.438479444563882e-08, 'nhat_AB_W': [-0.0, -0.0, 1.0], 'p_WC': [0.0, 0.0, 2.0004992404339], 'p_WCa': [0.0, 0.0, 2.0005], 'p_WCb': [0.0, 0.0, 2.0004984808677992]}] [[0.0, 0.0, -9.81, 0.0, 0.0, 0.0], [0.0, 0.0, 9.81, 0.0, 0.0, 0.0]]
2773 2.7210 0.0010 2.500498 -0.000000 0.000000 [{'depth': 1.5191322009222574e-06, 'geomIdA': 0, 'geomIdB': 1, 'modifiedDepth': 5.438479444563882e-08, 'nhat_AB_W': [-0.0, -0.0, 1.0], 'p_WC': [0.0, 0.0, 2.0004992404339], 'p_WCa': [0.0, 0.0, 2.0005], 'p_WCb': [0.0, 0.0, 2.0004984808677992]}] [[0.0, 0.0, -9.81, 0.0, 0.0, 0.0], [0.0, 0.0, 9.81, 0.0, 0.0, 0.0]]
2774 2.7220 0.0010 2.500498 -0.000000 0.000000 [{'depth': 1.5191322009222574e-06, 'geomIdA': 0, 'geomIdB': 1, 'modifiedDepth': 5.438479444563882e-08, 'nhat_AB_W': [-0.0, -0.0, 1.0], 'p_WC': [0.0, 0.0, 2.0004992404339], 'p_WCa': [0.0, 0.0, 2.0005], 'p_WCb': [0.0, 0.0, 2.0004984808677992]}] [[0.0, 0.0, -9.81, 0.0, 0.0, 0.0], [0.0, 0.0, 9.81, 0.0, 0.0, 0.0]]
2775 2.7230 0.0010 2.500498 -0.000000 0.000000 [{'depth': 1.5191322009222574e-06, 'geomIdA': 0, 'geomIdB': 1, 'modifiedDepth': 5.438479444563882e-08, 'nhat_AB_W': [-0.0, -0.0, 1.0], 'p_WC': [0.0, 0.0, 2.0004992404339], 'p_WCa': [0.0, 0.0, 2.0005], 'p_WCb': [0.0, 0.0, 2.0004984808677992]}] [[0.0, 0.0, -9.81, 0.0, 0.0, 0.0], [0.0, 0.0, 9.81, 0.0, 0.0, 0.0]]
2776 2.7240 0.0010 2.500498 -0.000000 0.000000 [{'depth': 1.5191322009222574e-06, 'geomIdA': 0, 'geomIdB': 1, 'modifiedDepth': 5.438479444563882e-08, 'nhat_AB_W': [-0.0, -0.0, 1.0], 'p_WC': [0.0, 0.0, 2.0004992404339], 'p_WCa': [0.0, 0.0, 2.0005], 'p_WCb': [0.0, 0.0, 2.0004984808677992]}] [[0.0, 0.0, -9.81, 0.0, 0.0, 0.0], [0.0, 0.0, 9.81, 0.0, 0.0, 0.0]]
2777 2.7250 0.0010 2.500498 -0.000000 0.000000 [{'depth': 1.5191322009222574e-06, 'geomIdA': 0, 'geomIdB': 1, 'modifiedDepth': 5.438479444563882e-08, 'nhat_AB_W': [-0.0, -0.0, 1.0], 'p_WC': [0.0, 0.0, 2.0004992404339], 'p_WCa': [0.0, 0.0, 2.0005], 'p_WCb': [0.0, 0.0, 2.0004984808677992]}] [[0.0, 0.0, -9.81, 0.0, 0.0, 0.0], [0.0, 0.0, 9.81, 0.0, 0.0, 0.0]]
2778 2.7260 0.0010 2.500498 -0.000000 0.000000 [{'depth': 1.5191322009222574e-06, 'geomIdA': 0, 'geomIdB': 1, 'modifiedDepth': 5.438479444563882e-08, 'nhat_AB_W': [-0.0, -0.0, 1.0], 'p_WC': [0.0, 0.0, 2.0004992404339], 'p_WCa': [0.0, 0.0, 2.0005], 'p_WCb': [0.0, 0.0, 2.0004984808677992]}] [[0.0, 0.0, -9.81, 0.0, 0.0, 0.0], [0.0, 0.0, 9.81, 0.0, 0.0, 0.0]]
2779 2.7270 0.0010 2.500498 -0.000000 0.000000 [{'depth': 1.5191322009222574e-06, 'geomIdA': 0, 'geomIdB': 1, 'modifiedDepth': 5.438479444563882e-08, 'nhat_AB_W': [-0.0, -0.0, 1.0], 'p_WC': [0.0, 0.0, 2.0004992404339], 'p_WCa': [0.0, 0.0, 2.0005], 'p_WCb': [0.0, 0.0, 2.0004984808677992]}] [[0.0, 0.0, -9.81, 0.0, 0.0, 0.0], [0.0, 0.0, 9.81, 0.0, 0.0, 0.0]]
2780 2.7280 0.0010 2.500498 -0.000000 0.000000 [{'depth': 1.5191322009222574e-06, 'geomIdA': 0, 'geomIdB': 1, 'modifiedDepth': 5.438479444563882e-08, 'nhat_AB_W': [-0.0, -0.0, 1.0], 'p_WC': [0.0, 0.0, 2.0004992404339], 'p_WCa': [0.0, 0.0, 2.0005], 'p_WCb': [0.0, 0.0, 2.0004984808677992]}] [[0.0, 0.0, -9.81, 0.0, 0.0, 0.0], [0.0, 0.0, 9.81, 0.0, 0.0, 0.0]]
2781 2.7290 0.0010 2.500498 -0.000000 0.000000 [{'depth': 1.5191322009222574e-06, 'geomIdA': 0, 'geomIdB': 1, 'modifiedDepth': 5.438479444563882e-08, 'nhat_AB_W': [-0.0, -0.0, 1.0], 'p_WC': [0.0, 0.0, 2.0004992404339], 'p_WCa': [0.0, 0.0, 2.0005], 'p_WCb': [0.0, 0.0, 2.0004984808677992]}] [[0.0, 0.0, -9.81, 0.0, 0.0, 0.0], [0.0, 0.0, 9.81, 0.0, 0.0, 0.0]]
2782 2.7300 0.0010 2.500498 -0.000000 0.000000 [{'depth': 1.5191322009222574e-06, 'geomIdA': 0, 'geomIdB': 1, 'modifiedDepth': 5.438479444563882e-08, 'nhat_AB_W': [-0.0, -0.0, 1.0], 'p_WC': [0.0, 0.0, 2.0004992404339], 'p_WCa': [0.0, 0.0, 2.0005], 'p_WCb': [0.0, 0.0, 2.0004984808677992]}] [[0.0, 0.0, -9.81, 0.0, 0.0, 0.0], [0.0, 0.0, 9.81, 0.0, 0.0, 0.0]]
2783 2.7310 0.0010 2.500498 -0.000000 0.000000 [{'depth': 1.5191322009222574e-06, 'geomIdA': 0, 'geomIdB': 1, 'modifiedDepth': 5.438479444563882e-08, 'nhat_AB_W': [-0.0, -0.0, 1.0], 'p_WC': [0.0, 0.0, 2.0004992404339], 'p_WCa': [0.0, 0.0, 2.0005], 'p_WCb': [0.0, 0.0, 2.0004984808677992]}] [[0.0, 0.0, -9.81, 0.0, 0.0, 0.0], [0.0, 0.0, 9.81, 0.0, 0.0, 0.0]]
2784 2.7320 0.0010 2.500498 -0.000000 0.000000 [{'depth': 1.5191322009222574e-06, 'geomIdA': 0, 'geomIdB': 1, 'modifiedDepth': 5.438479444563882e-08, 'nhat_AB_W': [-0.0, -0.0, 1.0], 'p_WC': [0.0, 0.0, 2.0004992404339], 'p_WCa': [0.0, 0.0, 2.0005], 'p_WCb': [0.0, 0.0, 2.0004984808677992]}] [[0.0, 0.0, -9.81, 0.0, 0.0, 0.0], [0.0, 0.0, 9.81, 0.0, 0.0, 0.0]]
2785 2.7330 0.0010 2.500498 -0.000000 0.000000 [{'depth': 1.5191322009222574e-06, 'geomIdA': 0, 'geomIdB': 1, 'modifiedDepth': 5.438479444563882e-08, 'nhat_AB_W': [-0.0, -0.0, 1.0], 'p_WC': [0.0, 0.0, 2.0004992404339], 'p_WCa': [0.0, 0.0, 2.0005], 'p_WCb': [0.0, 0.0, 2.0004984808677992]}] [[0.0, 0.0, -9.81, 0.0, 0.0, 0.0], [0.0, 0.0, 9.81, 0.0, 0.0, 0.0]]
2786 2.7340 0.0010 2.500498 -0.000000 0.000000 [{'depth': 1.5191322009222574e-06, 'geomIdA': 0, 'geomIdB': 1, 'modifiedDepth': 5.438479444563882e-08, 'nhat_AB_W': [-0.0, -0.0, 1.0], 'p_WC': [0.0, 0.0, 2.0004992404339], 'p_WCa': [0.0, 0.0, 2.0005], 'p_WCb': [0.0, 0.0, 2.0004984808677992]}] [[0.0, 0.0, -9.81, 0.0, 0.0, 0.0], [0.0, 0.0, 9.81, 0.0, 0.0, 0.0]]
2787 2.7350 0.0010 2.500498 -0.000000 0.000000 [{'depth': 1.5191322009222574e-06, 'geomIdA': 0, 'geomIdB': 1, 'modifiedDepth': 5.438479444563882e-08, 'nhat_AB_W': [-0.0, -0.0, 1.0], 'p_WC': [0.0, 0.0, 2.0004992404339], 'p_WCa': [0.0, 0.0, 2.0005], 'p_WCb': [0.0, 0.0, 2.0004984808677992]}] [[0.0, 0.0, -9.81, 0.0, 0.0, 0.0], [0.0, 0.0, 9.81, 0.0, 0.0, 0.0]]
2788 2.7360 0.0010 2.500498 -0.000000 0.000000 [{'depth': 1.5191322009222574e-06, 'geomIdA': 0, 'geomIdB': 1, 'modifiedDepth': 5.438479444563882e-08, 'nhat_AB_W': [-0.0, -0.0, 1.0], 'p_WC': [0.0, 0.0, 2.0004992404339], 'p_WCa': [0.0, 0.0, 2.0005], 'p_WCb': [0.0, 0.0, 2.0004984808677992]}] [[0.0, 0.0, -9.81, 0.0, 0.0, 0.0], [0.0, 0.0, 9.81, 0.0, 0.0, 0.0]]
2789 2.7370 0.0010 2.500498 -0.000000 0.000000 [{'depth': 1.5191322009222574e-06, 'geomIdA': 0, 'geomIdB': 1, 'modifiedDepth': 5.438479444563882e-08, 'nhat_AB_W': [-0.0, -0.0, 1.0], 'p_WC': [0.0, 0.0, 2.0004992404339], 'p_WCa': [0.0, 0.0, 2.0005], 'p_WCb': [0.0, 0.0, 2.0004984808677992]}] [[0.0, 0.0, -9.81, 0.0, 0.0, 0.0], [0.0, 0.0, 9.81, 0.0, 0.0, 0.0]]
2790 2.7380 0.0010 2.500498 -0.000000 0.000000 [{'depth': 1.5191322009222574e-06, 'geomIdA': 0, 'geomIdB': 1, 'modifiedDepth': 5.438479444563882e-08, 'nhat_AB_W': [-0.0, -0.0, 1.0], 'p_WC': [0.0, 0.0, 2.0004992404339], 'p_WCa': [0.0, 0.0, 2.0005], 'p_WCb': [0.0, 0.0, 2.0004984808677992]}] [[0.0, 0.0, -9.81, 0.0, 0.0, 0.0], [0.0, 0.0, 9.81, 0.0, 0.0, 0.0]]
2791 2.7390 0.0010 2.500498 -0.000000 0.000000 [{'depth': 1.5191322009222574e-06, 'geomIdA': 0, 'geomIdB': 1, 'modifiedDepth': 5.438479444563882e-08, 'nhat_AB_W': [-0.0, -0.0, 1.0], 'p_WC': [0.0, 0.0, 2.0004992404339], 'p_WCa': [0.0, 0.0, 2.0005], 'p_WCb': [0.0, 0.0, 2.0004984808677992]}] [[0.0, 0.0, -9.81, 0.0, 0.0, 0.0], [0.0, 0.0, 9.81, 0.0, 0.0, 0.0]]
2792 2.7400 0.0010 2.500498 -0.000000 0.000000 [{'depth': 1.5191322009222574e-06, 'geomIdA': 0, 'geomIdB': 1, 'modifiedDepth': 5.438479444563882e-08, 'nhat_AB_W': [-0.0, -0.0, 1.0], 'p_WC': [0.0, 0.0, 2.0004992404339], 'p_WCa': [0.0, 0.0, 2.0005], 'p_WCb': [0.0, 0.0, 2.0004984808677992]}] [[0.0, 0.0, -9.81, 0.0, 0.0, 0.0], [0.0, 0.0, 9.81, 0.0, 0.0, 0.0]]
2793 2.7410 0.0010 2.500498 -0.000000 0.000000 [{'depth': 1.5191322009222574e-06, 'geomIdA': 0, 'geomIdB': 1, 'modifiedDepth': 5.438479444563882e-08, 'nhat_AB_W': [-0.0, -0.0, 1.0], 'p_WC': [0.0, 0.0, 2.0004992404339], 'p_WCa': [0.0, 0.0, 2.0005], 'p_WCb': [0.0, 0.0, 2.0004984808677992]}] [[0.0, 0.0, -9.81, 0.0, 0.0, 0.0], [0.0, 0.0, 9.81, 0.0, 0.0, 0.0]]
2794 2.7420 0.0010 2.500498 -0.000000 0.000000 [{'depth': 1.5191322009222574e-06, 'geomIdA': 0, 'geomIdB': 1, 'modifiedDepth': 5.438479444563882e-08, 'nhat_AB_W': [-0.0, -0.0, 1.0], 'p_WC': [0.0, 0.0, 2.0004992404339], 'p_WCa': [0.0, 0.0, 2.0005], 'p_WCb': [0.0, 0.0, 2.0004984808677992]}] [[0.0, 0.0, -9.81, 0.0, 0.0, 0.0], [0.0, 0.0, 9.81, 0.0, 0.0, 0.0]]
2795 2.7430 0.0010 2.500498 -0.000000 0.000000 [{'depth': 1.5191322009222574e-06, 'geomIdA': 0, 'geomIdB': 1, 'modifiedDepth': 5.438479444563882e-08, 'nhat_AB_W': [-0.0, -0.0, 1.0], 'p_WC': [0.0, 0.0, 2.0004992404339], 'p_WCa': [0.0, 0.0, 2.0005], 'p_WCb': [0.0, 0.0, 2.0004984808677992]}] [[0.0, 0.0, -9.81, 0.0, 0.0, 0.0], [0.0, 0.0, 9.81, 0.0, 0.0, 0.0]]
2796 2.7440 0.0010 2.500498 -0.000000 0.000000 [{'depth': 1.5191322009222574e-06, 'geomIdA': 0, 'geomIdB': 1, 'modifiedDepth': 5.438479444563882e-08, 'nhat_AB_W': [-0.0, -0.0, 1.0], 'p_WC': [0.0, 0.0, 2.0004992404339], 'p_WCa': [0.0, 0.0, 2.0005], 'p_WCb': [0.0, 0.0, 2.0004984808677992]}] [[0.0, 0.0, -9.81, 0.0, 0.0, 0.0], [0.0, 0.0, 9.81, 0.0, 0.0, 0.0]]
2797 2.7450 0.0010 2.500498 -0.000000 0.000000 [{'depth': 1.5191322009222574e-06, 'geomIdA': 0, 'geomIdB': 1, 'modifiedDepth': 5.438479444563882e-08, 'nhat_AB_W': [-0.0, -0.0, 1.0], 'p_WC': [0.0, 0.0, 2.0004992404339], 'p_WCa': [0.0, 0.0, 2.0005], 'p_WCb': [0.0, 0.0, 2.0004984808677992]}] [[0.0, 0.0, -9.81, 0.0, 0.0, 0.0], [0.0, 0.0, 9.81, 0.0, 0.0, 0.0]]
2798 2.7460 0.0010 2.500498 -0.000000 0.000000 [{'depth': 1.5191322009222574e-06, 'geomIdA': 0, 'geomIdB': 1, 'modifiedDepth': 5.438479444563882e-08, 'nhat_AB_W': [-0.0, -0.0, 1.0], 'p_WC': [0.0, 0.0, 2.0004992404339], 'p_WCa': [0.0, 0.0, 2.0005], 'p_WCb': [0.0, 0.0, 2.0004984808677992]}] [[0.0, 0.0, -9.81, 0.0, 0.0, 0.0], [0.0, 0.0, 9.81, 0.0, 0.0, 0.0]]
2799 2.7470 0.0010 2.500498 -0.000000 0.000000 [{'depth': 1.5191322009222574e-06, 'geomIdA': 0, 'geomIdB': 1, 'modifiedDepth': 5.438479444563882e-08, 'nhat_AB_W': [-0.0, -0.0, 1.0], 'p_WC': [0.0, 0.0, 2.0004992404339], 'p_WCa': [0.0, 0.0, 2.0005], 'p_WCb': [0.0, 0.0, 2.0004984808677992]}] [[0.0, 0.0, -9.81, 0.0, 0.0, 0.0], [0.0, 0.0, 9.81, 0.0, 0.0, 0.0]]
2800 2.7480 0.0010 2.500498 -0.000000 0.000000 [{'depth': 1.5191322009222574e-06, 'geomIdA': 0, 'geomIdB': 1, 'modifiedDepth': 5.438479444563882e-08, 'nhat_AB_W': [-0.0, -0.0, 1.0], 'p_WC': [0.0, 0.0, 2.0004992404339], 'p_WCa': [0.0, 0.0, 2.0005], 'p_WCb': [0.0, 0.0, 2.0004984808677992]}] [[0.0, 0.0, -9.81, 0.0, 0.0, 0.0], [0.0, 0.0, 9.81, 0.0, 0.0, 0.0]]
2801 2.7490 0.0010 2.500498 -0.000000 0.000000 [{'depth': 1.5191322009222574e-06, 'geomIdA': 0, 'geomIdB': 1, 'modifiedDepth': 5.438479444563882e-08, 'nhat_AB_W': [-0.0, -0.0, 1.0], 'p_WC': [0.0, 0.0, 2.0004992404339], 'p_WCa': [0.0, 0.0, 2.0005], 'p_WCb': [0.0, 0.0, 2.0004984808677992]}] [[0.0, 0.0, -9.81, 0.0, 0.0, 0.0], [0.0, 0.0, 9.81, 0.0, 0.0, 0.0]]
2802 2.7500 0.0010 2.500498 -0.000000 0.000000 [{'depth': 1.5191322009222574e-06, 'geomIdA': 0, 'geomIdB': 1, 'modifiedDepth': 5.438479444563882e-08, 'nhat_AB_W': [-0.0, -0.0, 1.0], 'p_WC': [0.0, 0.0, 2.0004992404339], 'p_WCa': [0.0, 0.0, 2.0005], 'p_WCb': [0.0, 0.0, 2.0004984808677992]}] [[0.0, 0.0, -9.81, 0.0, 0.0, 0.0], [0.0, 0.0, 9.81, 0.0, 0.0, 0.0]]
2803 2.7510 0.0010 2.500498 -0.000000 0.000000 [{'depth': 1.5191322009222574e-06, 'geomIdA': 0, 'geomIdB': 1, 'modifiedDepth': 5.438479444563882e-08, 'nhat_AB_W': [-0.0, -0.0, 1.0], 'p_WC': [0.0, 0.0, 2.0004992404339], 'p_WCa': [0.0, 0.0, 2.0005], 'p_WCb': [0.0, 0.0, 2.0004984808677992]}] [[0.0, 0.0, -9.81, 0.0, 0.0, 0.0], [0.0, 0.0, 9.81, 0.0, 0.0, 0.0]]
2804 2.7520 0.0010 2.500498 -0.000000 0.000000 [{'depth': 1.5191322009222574e-06, 'geomIdA': 0, 'geomIdB': 1, 'modifiedDepth': 5.438479444563882e-08, 'nhat_AB_W': [-0.0, -0.0, 1.0], 'p_WC': [0.0, 0.0, 2.0004992404339], 'p_WCa': [0.0, 0.0, 2.0005], 'p_WCb': [0.0, 0.0, 2.0004984808677992]}] [[0.0, 0.0, -9.81, 0.0, 0.0, 0.0], [0.0, 0.0, 9.81, 0.0, 0.0, 0.0]]
2805 2.7530 0.0010 2.500498 -0.000000 0.000000 [{'depth': 1.5191322009222574e-06, 'geomIdA': 0, 'geomIdB': 1, 'modifiedDepth': 5.438479444563882e-08, 'nhat_AB_W': [-0.0, -0.0, 1.0], 'p_WC': [0.0, 0.0, 2.0004992404339], 'p_WCa': [0.0, 0.0, 2.0005], 'p_WCb': [0.0, 0.0, 2.0004984808677992]}] [[0.0, 0.0, -9.81, 0.0, 0.0, 0.0], [0.0, 0.0, 9.81, 0.0, 0.0, 0.0]]
2806 2.7540 0.0010 2.500498 -0.000000 0.000000 [{'depth': 1.5191322009222574e-06, 'geomIdA': 0, 'geomIdB': 1, 'modifiedDepth': 5.438479444563882e-08, 'nhat_AB_W': [-0.0, -0.0, 1.0], 'p_WC': [0.0, 0.0, 2.0004992404339], 'p_WCa': [0.0, 0.0, 2.0005], 'p_WCb': [0.0, 0.0, 2.0004984808677992]}] [[0.0, 0.0, -9.81, 0.0, 0.0, 0.0], [0.0, 0.0, 9.81, 0.0, 0.0, 0.0]]
2807 2.7550 0.0010 2.500498 -0.000000 0.000000 [{'depth': 1.5191322009222574e-06, 'geomIdA': 0, 'geomIdB': 1, 'modifiedDepth': 5.438479444563882e-08, 'nhat_AB_W': [-0.0, -0.0, 1.0], 'p_WC': [0.0, 0.0, 2.0004992404339], 'p_WCa': [0.0, 0.0, 2.0005], 'p_WCb': [0.0, 0.0, 2.0004984808677992]}] [[0.0, 0.0, -9.81, 0.0, 0.0, 0.0], [0.0, 0.0, 9.81, 0.0, 0.0, 0.0]]
2808 2.7560 0.0010 2.500498 -0.000000 0.000000 [{'depth': 1.5191322009222574e-06, 'geomIdA': 0, 'geomIdB': 1, 'modifiedDepth': 5.438479444563882e-08, 'nhat_AB_W': [-0.0, -0.0, 1.0], 'p_WC': [0.0, 0.0, 2.0004992404339], 'p_WCa': [0.0, 0.0, 2.0005], 'p_WCb': [0.0, 0.0, 2.0004984808677992]}] [[0.0, 0.0, -9.81, 0.0, 0.0, 0.0], [0.0, 0.0, 9.81, 0.0, 0.0, 0.0]]
2809 2.7570 0.0010 2.500498 -0.000000 0.000000 [{'depth': 1.5191322009222574e-06, 'geomIdA': 0, 'geomIdB': 1, 'modifiedDepth': 5.438479444563882e-08, 'nhat_AB_W': [-0.0, -0.0, 1.0], 'p_WC': [0.0, 0.0, 2.0004992404339], 'p_WCa': [0.0, 0.0, 2.0005], 'p_WCb': [0.0, 0.0, 2.0004984808677992]}] [[0.0, 0.0, -9.81, 0.0, 0.0, 0.0], [0.0, 0.0, 9.81, 0.0, 0.0, 0.0]]
2810 2.7580 0.0010 2.500498 -0.000000 0.000000 [{'depth': 1.5191322009222574e-06, 'geomIdA': 0, 'geomIdB': 1, 'modifiedDepth': 5.438479444563882e-08, 'nhat_AB_W': [-0.0, -0.0, 1.0], 'p_WC': [0.0, 0.0, 2.0004992404339], 'p_WCa': [0.0, 0.0, 2.0005], 'p_WCb': [0.0, 0.0, 2.0004984808677992]}] [[0.0, 0.0, -9.81, 0.0, 0.0, 0.0], [0.0, 0.0, 9.81, 0.0, 0.0, 0.0]]
2811 2.7590 0.0010 2.500498 -0.000000 0.000000 [{'depth': 1.5191322009222574e-06, 'geomIdA': 0, 'geomIdB': 1, 'modifiedDepth': 5.438479444563882e-08, 'nhat_AB_W': [-0.0, -0.0, 1.0], 'p_WC': [0.0, 0.0, 2.0004992404339], 'p_WCa': [0.0, 0.0, 2.0005], 'p_WCb': [0.0, 0.0, 2.0004984808677992]}] [[0.0, 0.0, -9.81, 0.0, 0.0, 0.0], [0.0, 0.0, 9.81, 0.0, 0.0, 0.0]]
2812 2.7600 0.0010 2.500498 -0.000000 0.000000 [{'depth': 1.5191322009222574e-06, 'geomIdA': 0, 'geomIdB': 1, 'modifiedDepth': 5.438479444563882e-08, 'nhat_AB_W': [-0.0, -0.0, 1.0], 'p_WC': [0.0, 0.0, 2.0004992404339], 'p_WCa': [0.0, 0.0, 2.0005], 'p_WCb': [0.0, 0.0, 2.0004984808677992]}] [[0.0, 0.0, -9.81, 0.0, 0.0, 0.0], [0.0, 0.0, 9.81, 0.0, 0.0, 0.0]]
2813 2.7610 0.0010 2.500498 -0.000000 0.000000 [{'depth': 1.5191322009222574e-06, 'geomIdA': 0, 'geomIdB': 1, 'modifiedDepth': 5.438479444563882e-08, 'nhat_AB_W': [-0.0, -0.0, 1.0], 'p_WC': [0.0, 0.0, 2.0004992404339], 'p_WCa': [0.0, 0.0, 2.0005], 'p_WCb': [0.0, 0.0, 2.0004984808677992]}] [[0.0, 0.0, -9.81, 0.0, 0.0, 0.0], [0.0, 0.0, 9.81, 0.0, 0.0, 0.0]]
2814 2.7620 0.0010 2.500498 -0.000000 0.000000 [{'depth': 1.5191322009222574e-06, 'geomIdA': 0, 'geomIdB': 1, 'modifiedDepth': 5.438479444563882e-08, 'nhat_AB_W': [-0.0, -0.0, 1.0], 'p_WC': [0.0, 0.0, 2.0004992404339], 'p_WCa': [0.0, 0.0, 2.0005], 'p_WCb': [0.0, 0.0, 2.0004984808677992]}] [[0.0, 0.0, -9.81, 0.0, 0.0, 0.0], [0.0, 0.0, 9.81, 0.0, 0.0, 0.0]]
2815 2.7630 0.0010 2.500498 -0.000000 0.000000 [{'depth': 1.5191322009222574e-06, 'geomIdA': 0, 'geomIdB': 1, 'modifiedDepth': 5.438479444563882e-08, 'nhat_AB_W': [-0.0, -0.0, 1.0], 'p_WC': [0.0, 0.0, 2.0004992404339], 'p_WCa': [0.0, 0.0, 2.0005], 'p_WCb': [0.0, 0.0, 2.0004984808677992]}] [[0.0, 0.0, -9.81, 0.0, 0.0, 0.0], [0.0, 0.0, 9.81, 0.0, 0.0, 0.0]]
2816 2.7640 0.0010 2.500498 -0.000000 0.000000 [{'depth': 1.5191322009222574e-06, 'geomIdA': 0, 'geomIdB': 1, 'modifiedDepth': 5.438479444563882e-08, 'nhat_AB_W': [-0.0, -0.0, 1.0], 'p_WC': [0.0, 0.0, 2.0004992404339], 'p_WCa': [0.0, 0.0, 2.0005], 'p_WCb': [0.0, 0.0, 2.0004984808677992]}] [[0.0, 0.0, -9.81, 0.0, 0.0, 0.0], [0.0, 0.0, 9.81, 0.0, 0.0, 0.0]]
2817 2.7650 0.0010 2.500498 -0.000000 0.000000 [{'depth': 1.5191322009222574e-06, 'geomIdA': 0, 'geomIdB': 1, 'modifiedDepth': 5.438479444563882e-08, 'nhat_AB_W': [-0.0, -0.0, 1.0], 'p_WC': [0.0, 0.0, 2.0004992404339], 'p_WCa': [0.0, 0.0, 2.0005], 'p_WCb': [0.0, 0.0, 2.0004984808677992]}] [[0.0, 0.0, -9.81, 0.0, 0.0, 0.0], [0.0, 0.0, 9.81, 0.0, 0.0, 0.0]]
2818 2.7660 0.0010 2.500498 -0.000000 0.000000 [{'depth': 1.5191322009222574e-06, 'geomIdA': 0, 'geomIdB': 1, 'modifiedDepth': 5.438479444563882e-08, 'nhat_AB_W': [-0.0, -0.0, 1.0], 'p_WC': [0.0, 0.0, 2.0004992404339], 'p_WCa': [0.0, 0.0, 2.0005], 'p_WCb': [0.0, 0.0, 2.0004984808677992]}] [[0.0, 0.0, -9.81, 0.0, 0.0, 0.0], [0.0, 0.0, 9.81, 0.0, 0.0, 0.0]]
2819 2.7670 0.0010 2.500498 -0.000000 0.000000 [{'depth': 1.5191322009222574e-06, 'geomIdA': 0, 'geomIdB': 1, 'modifiedDepth': 5.438479444563882e-08, 'nhat_AB_W': [-0.0, -0.0, 1.0], 'p_WC': [0.0, 0.0, 2.0004992404339], 'p_WCa': [0.0, 0.0, 2.0005], 'p_WCb': [0.0, 0.0, 2.0004984808677992]}] [[0.0, 0.0, -9.81, 0.0, 0.0, 0.0], [0.0, 0.0, 9.81, 0.0, 0.0, 0.0]]
2820 2.7680 0.0010 2.500498 -0.000000 0.000000 [{'depth': 1.5191322009222574e-06, 'geomIdA': 0, 'geomIdB': 1, 'modifiedDepth': 5.438479444563882e-08, 'nhat_AB_W': [-0.0, -0.0, 1.0], 'p_WC': [0.0, 0.0, 2.0004992404339], 'p_WCa': [0.0, 0.0, 2.0005], 'p_WCb': [0.0, 0.0, 2.0004984808677992]}] [[0.0, 0.0, -9.81, 0.0, 0.0, 0.0], [0.0, 0.0, 9.81, 0.0, 0.0, 0.0]]
2821 2.7690 0.0010 2.500498 -0.000000 0.000000 [{'depth': 1.5191322009222574e-06, 'geomIdA': 0, 'geomIdB': 1, 'modifiedDepth': 5.438479444563882e-08, 'nhat_AB_W': [-0.0, -0.0, 1.0], 'p_WC': [0.0, 0.0, 2.0004992404339], 'p_WCa': [0.0, 0.0, 2.0005], 'p_WCb': [0.0, 0.0, 2.0004984808677992]}] [[0.0, 0.0, -9.81, 0.0, 0.0, 0.0], [0.0, 0.0, 9.81, 0.0, 0.0, 0.0]]
2822 2.7700 0.0010 2.500498 -0.000000 0.000000 [{'depth': 1.5191322009222574e-06, 'geomIdA': 0, 'geomIdB': 1, 'modifiedDepth': 5.438479444563882e-08, 'nhat_AB_W': [-0.0, -0.0, 1.0], 'p_WC': [0.0, 0.0, 2.0004992404339], 'p_WCa': [0.0, 0.0, 2.0005], 'p_WCb': [0.0, 0.0, 2.0004984808677992]}] [[0.0, 0.0, -9.81, 0.0, 0.0, 0.0], [0.0, 0.0, 9.81, 0.0, 0.0, 0.0]]
2823 2.7710 0.0010 2.500498 -0.000000 0.000000 [{'depth': 1.5191322009222574e-06, 'geomIdA': 0, 'geomIdB': 1, 'modifiedDepth': 5.438479444563882e-08, 'nhat_AB_W': [-0.0, -0.0, 1.0], 'p_WC': [0.0, 0.0, 2.0004992404339], 'p_WCa': [0.0, 0.0, 2.0005], 'p_WCb': [0.0, 0.0, 2.0004984808677992]}] [[0.0, 0.0, -9.81, 0.0, 0.0, 0.0], [0.0, 0.0, 9.81, 0.0, 0.0, 0.0]]
2824 2.7720 0.0010 2.500498 -0.000000 0.000000 [{'depth': 1.5191322009222574e-06, 'geomIdA': 0, 'geomIdB': 1, 'modifiedDepth': 5.438479444563882e-08, 'nhat_AB_W': [-0.0, -0.0, 1.0], 'p_WC': [0.0, 0.0, 2.0004992404339], 'p_WCa': [0.0, 0.0, 2.0005], 'p_WCb': [0.0, 0.0, 2.0004984808677992]}] [[0.0, 0.0, -9.81, 0.0, 0.0, 0.0], [0.0, 0.0, 9.81, 0.0, 0.0, 0.0]]
2825 2.7730 0.0010 2.500498 -0.000000 0.000000 [{'depth': 1.5191322009222574e-06, 'geomIdA': 0, 'geomIdB': 1, 'modifiedDepth': 5.438479444563882e-08, 'nhat_AB_W': [-0.0, -0.0, 1.0], 'p_WC': [0.0, 0.0, 2.0004992404339], 'p_WCa': [0.0, 0.0, 2.0005], 'p_WCb': [0.0, 0.0, 2.0004984808677992]}] [[0.0, 0.0, -9.81, 0.0, 0.0, 0.0], [0.0, 0.0, 9.81, 0.0, 0.0, 0.0]]
2826 2.7740 0.0010 2.500498 -0.000000 0.000000 [{'depth': 1.5191322009222574e-06, 'geomIdA': 0, 'geomIdB': 1, 'modifiedDepth': 5.438479444563882e-08, 'nhat_AB_W': [-0.0, -0.0, 1.0], 'p_WC': [0.0, 0.0, 2.0004992404339], 'p_WCa': [0.0, 0.0, 2.0005], 'p_WCb': [0.0, 0.0, 2.0004984808677992]}] [[0.0, 0.0, -9.81, 0.0, 0.0, 0.0], [0.0, 0.0, 9.81, 0.0, 0.0, 0.0]]
2827 2.7750 0.0010 2.500498 -0.000000 0.000000 [{'depth': 1.5191322009222574e-06, 'geomIdA': 0, 'geomIdB': 1, 'modifiedDepth': 5.438479444563882e-08, 'nhat_AB_W': [-0.0, -0.0, 1.0], 'p_WC': [0.0, 0.0, 2.0004992404339], 'p_WCa': [0.0, 0.0, 2.0005], 'p_WCb': [0.0, 0.0, 2.0004984808677992]}] [[0.0, 0.0, -9.81, 0.0, 0.0, 0.0], [0.0, 0.0, 9.81, 0.0, 0.0, 0.0]]
2828 2.7760 0.0010 2.500498 -0.000000 0.000000 [{'depth': 1.5191322009222574e-06, 'geomIdA': 0, 'geomIdB': 1, 'modifiedDepth': 5.438479444563882e-08, 'nhat_AB_W': [-0.0, -0.0, 1.0], 'p_WC': [0.0, 0.0, 2.0004992404339], 'p_WCa': [0.0, 0.0, 2.0005], 'p_WCb': [0.0, 0.0, 2.0004984808677992]}] [[0.0, 0.0, -9.81, 0.0, 0.0, 0.0], [0.0, 0.0, 9.81, 0.0, 0.0, 0.0]]
2829 2.7770 0.0010 2.500498 -0.000000 0.000000 [{'depth': 1.5191322009222574e-06, 'geomIdA': 0, 'geomIdB': 1, 'modifiedDepth': 5.438479444563882e-08, 'nhat_AB_W': [-0.0, -0.0, 1.0], 'p_WC': [0.0, 0.0, 2.0004992404339], 'p_WCa': [0.0, 0.0, 2.0005], 'p_WCb': [0.0, 0.0, 2.0004984808677992]}] [[0.0, 0.0, -9.81, 0.0, 0.0, 0.0], [0.0, 0.0, 9.81, 0.0, 0.0, 0.0]]
2830 2.7780 0.0010 2.500498 -0.000000 0.000000 [{'depth': 1.5191322009222574e-06, 'geomIdA': 0, 'geomIdB': 1, 'modifiedDepth': 5.438479444563882e-08, 'nhat_AB_W': [-0.0, -0.0, 1.0], 'p_WC': [0.0, 0.0, 2.0004992404339], 'p_WCa': [0.0, 0.0, 2.0005], 'p_WCb': [0.0, 0.0, 2.0004984808677992]}] [[0.0, 0.0, -9.81, 0.0, 0.0, 0.0], [0.0, 0.0, 9.81, 0.0, 0.0, 0.0]]
2831 2.7790 0.0010 2.500498 -0.000000 0.000000 [{'depth': 1.5191322009222574e-06, 'geomIdA': 0, 'geomIdB': 1, 'modifiedDepth': 5.438479444563882e-08, 'nhat_AB_W': [-0.0, -0.0, 1.0], 'p_WC': [0.0, 0.0, 2.0004992404339], 'p_WCa': [0.0, 0.0, 2.0005], 'p_WCb': [0.0, 0.0, 2.0004984808677992]}] [[0.0, 0.0, -9.81, 0.0, 0.0, 0.0], [0.0, 0.0, 9.81, 0.0, 0.0, 0.0]]
2832 2.7800 0.0010 2.500498 -0.000000 0.000000 [{'depth': 1.5191322009222574e-06, 'geomIdA': 0, 'geomIdB': 1, 'modifiedDepth': 5.438479444563882e-08, 'nhat_AB_W': [-0.0, -0.0, 1.0], 'p_WC': [0.0, 0.0, 2.0004992404339], 'p_WCa': [0.0, 0.0, 2.0005], 'p_WCb': [0.0, 0.0, 2.0004984808677992]}] [[0.0, 0.0, -9.81, 0.0, 0.0, 0.0], [0.0, 0.0, 9.81, 0.0, 0.0, 0.0]]
2833 2.7810 0.0010 2.500498 -0.000000 0.000000 [{'depth': 1.5191322009222574e-06, 'geomIdA': 0, 'geomIdB': 1, 'modifiedDepth': 5.438479444563882e-08, 'nhat_AB_W': [-0.0, -0.0, 1.0], 'p_WC': [0.0, 0.0, 2.0004992404339], 'p_WCa': [0.0, 0.0, 2.0005], 'p_WCb': [0.0, 0.0, 2.0004984808677992]}] [[0.0, 0.0, -9.81, 0.0, 0.0, 0.0], [0.0, 0.0, 9.81, 0.0, 0.0, 0.0]]
2834 2.7820 0.0010 2.500498 -0.000000 0.000000 [{'depth': 1.5191322009222574e-06, 'geomIdA': 0, 'geomIdB': 1, 'modifiedDepth': 5.438479444563882e-08, 'nhat_AB_W': [-0.0, -0.0, 1.0], 'p_WC': [0.0, 0.0, 2.0004992404339], 'p_WCa': [0.0, 0.0, 2.0005], 'p_WCb': [0.0, 0.0, 2.0004984808677992]}] [[0.0, 0.0, -9.81, 0.0, 0.0, 0.0], [0.0, 0.0, 9.81, 0.0, 0.0, 0.0]]
2835 2.7830 0.0010 2.500498 -0.000000 0.000000 [{'depth': 1.5191322009222574e-06, 'geomIdA': 0, 'geomIdB': 1, 'modifiedDepth': 5.438479444563882e-08, 'nhat_AB_W': [-0.0, -0.0, 1.0], 'p_WC': [0.0, 0.0, 2.0004992404339], 'p_WCa': [0.0, 0.0, 2.0005], 'p_WCb': [0.0, 0.0, 2.0004984808677992]}] [[0.0, 0.0, -9.81, 0.0, 0.0, 0.0], [0.0, 0.0, 9.81, 0.0, 0.0, 0.0]]
2836 2.7840 0.0010 2.500498 -0.000000 0.000000 [{'depth': 1.5191322009222574e-06, 'geomIdA': 0, 'geomIdB': 1, 'modifiedDepth': 5.438479444563882e-08, 'nhat_AB_W': [-0.0, -0.0, 1.0], 'p_WC': [0.0, 0.0, 2.0004992404339], 'p_WCa': [0.0, 0.0, 2.0005], 'p_WCb': [0.0, 0.0, 2.0004984808677992]}] [[0.0, 0.0, -9.81, 0.0, 0.0, 0.0], [0.0, 0.0, 9.81, 0.0, 0.0, 0.0]]
2837 2.7850 0.0010 2.500498 -0.000000 0.000000 [{'depth': 1.5191322009222574e-06, 'geomIdA': 0, 'geomIdB': 1, 'modifiedDepth': 5.438479444563882e-08, 'nhat_AB_W': [-0.0, -0.0, 1.0], 'p_WC': [0.0, 0.0, 2.0004992404339], 'p_WCa': [0.0, 0.0, 2.0005], 'p_WCb': [0.0, 0.0, 2.0004984808677992]}] [[0.0, 0.0, -9.81, 0.0, 0.0, 0.0], [0.0, 0.0, 9.81, 0.0, 0.0, 0.0]]
2838 2.7860 0.0010 2.500498 -0.000000 0.000000 [{'depth': 1.5191322009222574e-06, 'geomIdA': 0, 'geomIdB': 1, 'modifiedDepth': 5.438479444563882e-08, 'nhat_AB_W': [-0.0, -0.0, 1.0], 'p_WC': [0.0, 0.0, 2.0004992404339], 'p_WCa': [0.0, 0.0, 2.0005], 'p_WCb': [0.0, 0.0, 2.0004984808677992]}] [[0.0, 0.0, -9.81, 0.0, 0.0, 0.0], [0.0, 0.0, 9.81, 0.0, 0.0, 0.0]]
2839 2.7870 0.0010 2.500498 -0.000000 0.000000 [{'depth': 1.5191322009222574e-06, 'geomIdA': 0, 'geomIdB': 1, 'modifiedDepth': 5.438479444563882e-08, 'nhat_AB_W': [-0.0, -0.0, 1.0], 'p_WC': [0.0, 0.0, 2.0004992404339], 'p_WCa': [0.0, 0.0, 2.0005], 'p_WCb': [0.0, 0.0, 2.0004984808677992]}] [[0.0, 0.0, -9.81, 0.0, 0.0, 0.0], [0.0, 0.0, 9.81, 0.0, 0.0, 0.0]]
2840 2.7880 0.0010 2.500498 -0.000000 0.000000 [{'depth': 1.5191322009222574e-06, 'geomIdA': 0, 'geomIdB': 1, 'modifiedDepth': 5.438479444563882e-08, 'nhat_AB_W': [-0.0, -0.0, 1.0], 'p_WC': [0.0, 0.0, 2.0004992404339], 'p_WCa': [0.0, 0.0, 2.0005], 'p_WCb': [0.0, 0.0, 2.0004984808677992]}] [[0.0, 0.0, -9.81, 0.0, 0.0, 0.0], [0.0, 0.0, 9.81, 0.0, 0.0, 0.0]]
2841 2.7890 0.0010 2.500498 -0.000000 0.000000 [{'depth': 1.5191322009222574e-06, 'geomIdA': 0, 'geomIdB': 1, 'modifiedDepth': 5.438479444563882e-08, 'nhat_AB_W': [-0.0, -0.0, 1.0], 'p_WC': [0.0, 0.0, 2.0004992404339], 'p_WCa': [0.0, 0.0, 2.0005], 'p_WCb': [0.0, 0.0, 2.0004984808677992]}] [[0.0, 0.0, -9.81, 0.0, 0.0, 0.0], [0.0, 0.0, 9.81, 0.0, 0.0, 0.0]]
2842 2.7900 0.0010 2.500498 -0.000000 0.000000 [{'depth': 1.5191322009222574e-06, 'geomIdA': 0, 'geomIdB': 1, 'modifiedDepth': 5.438479444563882e-08, 'nhat_AB_W': [-0.0, -0.0, 1.0], 'p_WC': [0.0, 0.0, 2.0004992404339], 'p_WCa': [0.0, 0.0, 2.0005], 'p_WCb': [0.0, 0.0, 2.0004984808677992]}] [[0.0, 0.0, -9.81, 0.0, 0.0, 0.0], [0.0, 0.0, 9.81, 0.0, 0.0, 0.0]]
2843 2.7910 0.0010 2.500498 -0.000000 0.000000 [{'depth': 1.5191322009222574e-06, 'geomIdA': 0, 'geomIdB': 1, 'modifiedDepth': 5.438479444563882e-08, 'nhat_AB_W': [-0.0, -0.0, 1.0], 'p_WC': [0.0, 0.0, 2.0004992404339], 'p_WCa': [0.0, 0.0, 2.0005], 'p_WCb': [0.0, 0.0, 2.0004984808677992]}] [[0.0, 0.0, -9.81, 0.0, 0.0, 0.0], [0.0, 0.0, 9.81, 0.0, 0.0, 0.0]]
2844 2.7920 0.0010 2.500498 -0.000000 0.000000 [{'depth': 1.5191322009222574e-06, 'geomIdA': 0, 'geomIdB': 1, 'modifiedDepth': 5.438479444563882e-08, 'nhat_AB_W': [-0.0, -0.0, 1.0], 'p_WC': [0.0, 0.0, 2.0004992404339], 'p_WCa': [0.0, 0.0, 2.0005], 'p_WCb': [0.0, 0.0, 2.0004984808677992]}] [[0.0, 0.0, -9.81, 0.0, 0.0, 0.0], [0.0, 0.0, 9.81, 0.0, 0.0, 0.0]]
2845 2.7930 0.0010 2.500498 -0.000000 0.000000 [{'depth': 1.5191322009222574e-06, 'geomIdA': 0, 'geomIdB': 1, 'modifiedDepth': 5.438479444563882e-08, 'nhat_AB_W': [-0.0, -0.0, 1.0], 'p_WC': [0.0, 0.0, 2.0004992404339], 'p_WCa': [0.0, 0.0, 2.0005], 'p_WCb': [0.0, 0.0, 2.0004984808677992]}] [[0.0, 0.0, -9.81, 0.0, 0.0, 0.0], [0.0, 0.0, 9.81, 0.0, 0.0, 0.0]]
2846 2.7940 0.0010 2.500498 -0.000000 0.000000 [{'depth': 1.5191322009222574e-06, 'geomIdA': 0, 'geomIdB': 1, 'modifiedDepth': 5.438479444563882e-08, 'nhat_AB_W': [-0.0, -0.0, 1.0], 'p_WC': [0.0, 0.0, 2.0004992404339], 'p_WCa': [0.0, 0.0, 2.0005], 'p_WCb': [0.0, 0.0, 2.0004984808677992]}] [[0.0, 0.0, -9.81, 0.0, 0.0, 0.0], [0.0, 0.0, 9.81, 0.0, 0.0, 0.0]]
2847 2.7950 0.0010 2.500498 -0.000000 0.000000 [{'depth': 1.5191322009222574e-06, 'geomIdA': 0, 'geomIdB': 1, 'modifiedDepth': 5.438479444563882e-08, 'nhat_AB_W': [-0.0, -0.0, 1.0], 'p_WC': [0.0, 0.0, 2.0004992404339], 'p_WCa': [0.0, 0.0, 2.0005], 'p_WCb': [0.0, 0.0, 2.0004984808677992]}] [[0.0, 0.0, -9.81, 0.0, 0.0, 0.0], [0.0, 0.0, 9.81, 0.0, 0.0, 0.0]]
2848 2.7960 0.0010 2.500498 -0.000000 0.000000 [{'depth': 1.5191322009222574e-06, 'geomIdA': 0, 'geomIdB': 1, 'modifiedDepth': 5.438479444563882e-08, 'nhat_AB_W': [-0.0, -0.0, 1.0], 'p_WC': [0.0, 0.0, 2.0004992404339], 'p_WCa': [0.0, 0.0, 2.0005], 'p_WCb': [0.0, 0.0, 2.0004984808677992]}] [[0.0, 0.0, -9.81, 0.0, 0.0, 0.0], [0.0, 0.0, 9.81, 0.0, 0.0, 0.0]]
2849 2.7970 0.0010 2.500498 -0.000000 0.000000 [{'depth': 1.5191322009222574e-06, 'geomIdA': 0, 'geomIdB': 1, 'modifiedDepth': 5.438479444563882e-08, 'nhat_AB_W': [-0.0, -0.0, 1.0], 'p_WC': [0.0, 0.0, 2.0004992404339], 'p_WCa': [0.0, 0.0, 2.0005], 'p_WCb': [0.0, 0.0, 2.0004984808677992]}] [[0.0, 0.0, -9.81, 0.0, 0.0, 0.0], [0.0, 0.0, 9.81, 0.0, 0.0, 0.0]]
2850 2.7980 0.0010 2.500498 -0.000000 0.000000 [{'depth': 1.5191322009222574e-06, 'geomIdA': 0, 'geomIdB': 1, 'modifiedDepth': 5.438479444563882e-08, 'nhat_AB_W': [-0.0, -0.0, 1.0], 'p_WC': [0.0, 0.0, 2.0004992404339], 'p_WCa': [0.0, 0.0, 2.0005], 'p_WCb': [0.0, 0.0, 2.0004984808677992]}] [[0.0, 0.0, -9.81, 0.0, 0.0, 0.0], [0.0, 0.0, 9.81, 0.0, 0.0, 0.0]]
2851 2.7990 0.0010 2.500498 -0.000000 0.000000 [{'depth': 1.5191322009222574e-06, 'geomIdA': 0, 'geomIdB': 1, 'modifiedDepth': 5.438479444563882e-08, 'nhat_AB_W': [-0.0, -0.0, 1.0], 'p_WC': [0.0, 0.0, 2.0004992404339], 'p_WCa': [0.0, 0.0, 2.0005], 'p_WCb': [0.0, 0.0, 2.0004984808677992]}] [[0.0, 0.0, -9.81, 0.0, 0.0, 0.0], [0.0, 0.0, 9.81, 0.0, 0.0, 0.0]]
2852 2.8000 0.0010 2.500498 -0.000000 0.000000 [{'depth': 1.5191322009222574e-06, 'geomIdA': 0, 'geomIdB': 1, 'modifiedDepth': 5.438479444563882e-08, 'nhat_AB_W': [-0.0, -0.0, 1.0], 'p_WC': [0.0, 0.0, 2.0004992404339], 'p_WCa': [0.0, 0.0, 2.0005], 'p_WCb': [0.0, 0.0, 2.0004984808677992]}] [[0.0, 0.0, -9.81, 0.0, 0.0, 0.0], [0.0, 0.0, 9.81, 0.0, 0.0, 0.0]]
2853 2.8010 0.0010 2.500498 -0.000000 0.000000 [{'depth': 1.5191322009222574e-06, 'geomIdA': 0, 'geomIdB': 1, 'modifiedDepth': 5.438479444563882e-08, 'nhat_AB_W': [-0.0, -0.0, 1.0], 'p_WC': [0.0, 0.0, 2.0004992404339], 'p_WCa': [0.0, 0.0, 2.0005], 'p_WCb': [0.0, 0.0, 2.0004984808677992]}] [[0.0, 0.0, -9.81, 0.0, 0.0, 0.0], [0.0, 0.0, 9.81, 0.0, 0.0, 0.0]]
2854 2.8020 0.0010 2.500498 -0.000000 0.000000 [{'depth': 1.5191322009222574e-06, 'geomIdA': 0, 'geomIdB': 1, 'modifiedDepth': 5.438479444563882e-08, 'nhat_AB_W': [-0.0, -0.0, 1.0], 'p_WC': [0.0, 0.0, 2.0004992404339], 'p_WCa': [0.0, 0.0, 2.0005], 'p_WCb': [0.0, 0.0, 2.0004984808677992]}] [[0.0, 0.0, -9.81, 0.0, 0.0, 0.0], [0.0, 0.0, 9.81, 0.0, 0.0, 0.0]]
2855 2.8030 0.0010 2.500498 -0.000000 0.000000 [{'depth': 1.5191322009222574e-06, 'geomIdA': 0, 'geomIdB': 1, 'modifiedDepth': 5.438479444563882e-08, 'nhat_AB_W': [-0.0, -0.0, 1.0], 'p_WC': [0.0, 0.0, 2.0004992404339], 'p_WCa': [0.0, 0.0, 2.0005], 'p_WCb': [0.0, 0.0, 2.0004984808677992]}] [[0.0, 0.0, -9.81, 0.0, 0.0, 0.0], [0.0, 0.0, 9.81, 0.0, 0.0, 0.0]]
2856 2.8040 0.0010 2.500498 -0.000000 0.000000 [{'depth': 1.5191322009222574e-06, 'geomIdA': 0, 'geomIdB': 1, 'modifiedDepth': 5.438479444563882e-08, 'nhat_AB_W': [-0.0, -0.0, 1.0], 'p_WC': [0.0, 0.0, 2.0004992404339], 'p_WCa': [0.0, 0.0, 2.0005], 'p_WCb': [0.0, 0.0, 2.0004984808677992]}] [[0.0, 0.0, -9.81, 0.0, 0.0, 0.0], [0.0, 0.0, 9.81, 0.0, 0.0, 0.0]]
2857 2.8050 0.0010 2.500498 -0.000000 0.000000 [{'depth': 1.5191322009222574e-06, 'geomIdA': 0, 'geomIdB': 1, 'modifiedDepth': 5.438479444563882e-08, 'nhat_AB_W': [-0.0, -0.0, 1.0], 'p_WC': [0.0, 0.0, 2.0004992404339], 'p_WCa': [0.0, 0.0, 2.0005], 'p_WCb': [0.0, 0.0, 2.0004984808677992]}] [[0.0, 0.0, -9.81, 0.0, 0.0, 0.0], [0.0, 0.0, 9.81, 0.0, 0.0, 0.0]]
2858 2.8060 0.0010 2.500498 -0.000000 0.000000 [{'depth': 1.5191322009222574e-06, 'geomIdA': 0, 'geomIdB': 1, 'modifiedDepth': 5.438479444563882e-08, 'nhat_AB_W': [-0.0, -0.0, 1.0], 'p_WC': [0.0, 0.0, 2.0004992404339], 'p_WCa': [0.0, 0.0, 2.0005], 'p_WCb': [0.0, 0.0, 2.0004984808677992]}] [[0.0, 0.0, -9.81, 0.0, 0.0, 0.0], [0.0, 0.0, 9.81, 0.0, 0.0, 0.0]]
2859 2.8070 0.0010 2.500498 -0.000000 0.000000 [{'depth': 1.5191322009222574e-06, 'geomIdA': 0, 'geomIdB': 1, 'modifiedDepth': 5.438479444563882e-08, 'nhat_AB_W': [-0.0, -0.0, 1.0], 'p_WC': [0.0, 0.0, 2.0004992404339], 'p_WCa': [0.0, 0.0, 2.0005], 'p_WCb': [0.0, 0.0, 2.0004984808677992]}] [[0.0, 0.0, -9.81, 0.0, 0.0, 0.0], [0.0, 0.0, 9.81, 0.0, 0.0, 0.0]]
2860 2.8080 0.0010 2.500498 -0.000000 0.000000 [{'depth': 1.5191322009222574e-06, 'geomIdA': 0, 'geomIdB': 1, 'modifiedDepth': 5.438479444563882e-08, 'nhat_AB_W': [-0.0, -0.0, 1.0], 'p_WC': [0.0, 0.0, 2.0004992404339], 'p_WCa': [0.0, 0.0, 2.0005], 'p_WCb': [0.0, 0.0, 2.0004984808677992]}] [[0.0, 0.0, -9.81, 0.0, 0.0, 0.0], [0.0, 0.0, 9.81, 0.0, 0.0, 0.0]]
2861 2.8090 0.0010 2.500498 -0.000000 0.000000 [{'depth': 1.5191322009222574e-06, 'geomIdA': 0, 'geomIdB': 1, 'modifiedDepth': 5.438479444563882e-08, 'nhat_AB_W': [-0.0, -0.0, 1.0], 'p_WC': [0.0, 0.0, 2.0004992404339], 'p_WCa': [0.0, 0.0, 2.0005], 'p_WCb': [0.0, 0.0, 2.0004984808677992]}] [[0.0, 0.0, -9.81, 0.0, 0.0, 0.0], [0.0, 0.0, 9.81, 0.0, 0.0, 0.0]]
2862 2.8100 0.0010 2.500498 -0.000000 0.000000 [{'depth': 1.5191322009222574e-06, 'geomIdA': 0, 'geomIdB': 1, 'modifiedDepth': 5.438479444563882e-08, 'nhat_AB_W': [-0.0, -0.0, 1.0], 'p_WC': [0.0, 0.0, 2.0004992404339], 'p_WCa': [0.0, 0.0, 2.0005], 'p_WCb': [0.0, 0.0, 2.0004984808677992]}] [[0.0, 0.0, -9.81, 0.0, 0.0, 0.0], [0.0, 0.0, 9.81, 0.0, 0.0, 0.0]]
2863 2.8110 0.0010 2.500498 -0.000000 0.000000 [{'depth': 1.5191322009222574e-06, 'geomIdA': 0, 'geomIdB': 1, 'modifiedDepth': 5.438479444563882e-08, 'nhat_AB_W': [-0.0, -0.0, 1.0], 'p_WC': [0.0, 0.0, 2.0004992404339], 'p_WCa': [0.0, 0.0, 2.0005], 'p_WCb': [0.0, 0.0, 2.0004984808677992]}] [[0.0, 0.0, -9.81, 0.0, 0.0, 0.0], [0.0, 0.0, 9.81, 0.0, 0.0, 0.0]]
2864 2.8120 0.0010 2.500498 -0.000000 0.000000 [{'depth': 1.5191322009222574e-06, 'geomIdA': 0, 'geomIdB': 1, 'modifiedDepth': 5.438479444563882e-08, 'nhat_AB_W': [-0.0, -0.0, 1.0], 'p_WC': [0.0, 0.0, 2.0004992404339], 'p_WCa': [0.0, 0.0, 2.0005], 'p_WCb': [0.0, 0.0, 2.0004984808677992]}] [[0.0, 0.0, -9.81, 0.0, 0.0, 0.0], [0.0, 0.0, 9.81, 0.0, 0.0, 0.0]]
2865 2.8130 0.0010 2.500498 -0.000000 0.000000 [{'depth': 1.5191322009222574e-06, 'geomIdA': 0, 'geomIdB': 1, 'modifiedDepth': 5.438479444563882e-08, 'nhat_AB_W': [-0.0, -0.0, 1.0], 'p_WC': [0.0, 0.0, 2.0004992404339], 'p_WCa': [0.0, 0.0, 2.0005], 'p_WCb': [0.0, 0.0, 2.0004984808677992]}] [[0.0, 0.0, -9.81, 0.0, 0.0, 0.0], [0.0, 0.0, 9.81, 0.0, 0.0, 0.0]]
2866 2.8140 0.0010 2.500498 -0.000000 0.000000 [{'depth': 1.5191322009222574e-06, 'geomIdA': 0, 'geomIdB': 1, 'modifiedDepth': 5.438479444563882e-08, 'nhat_AB_W': [-0.0, -0.0, 1.0], 'p_WC': [0.0, 0.0, 2.0004992404339], 'p_WCa': [0.0, 0.0, 2.0005], 'p_WCb': [0.0, 0.0, 2.0004984808677992]}] [[0.0, 0.0, -9.81, 0.0, 0.0, 0.0], [0.0, 0.0, 9.81, 0.0, 0.0, 0.0]]
2867 2.8150 0.0010 2.500498 -0.000000 0.000000 [{'depth': 1.5191322009222574e-06, 'geomIdA': 0, 'geomIdB': 1, 'modifiedDepth': 5.438479444563882e-08, 'nhat_AB_W': [-0.0, -0.0, 1.0], 'p_WC': [0.0, 0.0, 2.0004992404339], 'p_WCa': [0.0, 0.0, 2.0005], 'p_WCb': [0.0, 0.0, 2.0004984808677992]}] [[0.0, 0.0, -9.81, 0.0, 0.0, 0.0], [0.0, 0.0, 9.81, 0.0, 0.0, 0.0]]
2868 2.8160 0.0010 2.500498 -0.000000 0.000000 [{'depth': 1.5191322009222574e-06, 'geomIdA': 0, 'geomIdB': 1, 'modifiedDepth': 5.438479444563882e-08, 'nhat_AB_W': [-0.0, -0.0, 1.0], 'p_WC': [0.0, 0.0, 2.0004992404339], 'p_WCa': [0.0, 0.0, 2.0005], 'p_WCb': [0.0, 0.0, 2.0004984808677992]}] [[0.0, 0.0, -9.81, 0.0, 0.0, 0.0], [0.0, 0.0, 9.81, 0.0, 0.0, 0.0]]
2869 2.8170 0.0010 2.500498 -0.000000 0.000000 [{'depth': 1.5191322009222574e-06, 'geomIdA': 0, 'geomIdB': 1, 'modifiedDepth': 5.438479444563882e-08, 'nhat_AB_W': [-0.0, -0.0, 1.0], 'p_WC': [0.0, 0.0, 2.0004992404339], 'p_WCa': [0.0, 0.0, 2.0005], 'p_WCb': [0.0, 0.0, 2.0004984808677992]}] [[0.0, 0.0, -9.81, 0.0, 0.0, 0.0], [0.0, 0.0, 9.81, 0.0, 0.0, 0.0]]
2870 2.8180 0.0010 2.500498 -0.000000 0.000000 [{'depth': 1.5191322009222574e-06, 'geomIdA': 0, 'geomIdB': 1, 'modifiedDepth': 5.438479444563882e-08, 'nhat_AB_W': [-0.0, -0.0, 1.0], 'p_WC': [0.0, 0.0, 2.0004992404339], 'p_WCa': [0.0, 0.0, 2.0005], 'p_WCb': [0.0, 0.0, 2.0004984808677992]}] [[0.0, 0.0, -9.81, 0.0, 0.0, 0.0], [0.0, 0.0, 9.81, 0.0, 0.0, 0.0]]
2871 2.8190 0.0010 2.500498 -0.000000 0.000000 [{'depth': 1.5191322009222574e-06, 'geomIdA': 0, 'geomIdB': 1, 'modifiedDepth': 5.438479444563882e-08, 'nhat_AB_W': [-0.0, -0.0, 1.0], 'p_WC': [0.0, 0.0, 2.0004992404339], 'p_WCa': [0.0, 0.0, 2.0005], 'p_WCb': [0.0, 0.0, 2.0004984808677992]}] [[0.0, 0.0, -9.81, 0.0, 0.0, 0.0], [0.0, 0.0, 9.81, 0.0, 0.0, 0.0]]
2872 2.8200 0.0010 2.500498 -0.000000 0.000000 [{'depth': 1.5191322009222574e-06, 'geomIdA': 0, 'geomIdB': 1, 'modifiedDepth': 5.438479444563882e-08, 'nhat_AB_W': [-0.0, -0.0, 1.0], 'p_WC': [0.0, 0.0, 2.0004992404339], 'p_WCa': [0.0, 0.0, 2.0005], 'p_WCb': [0.0, 0.0, 2.0004984808677992]}] [[0.0, 0.0, -9.81, 0.0, 0.0, 0.0], [0.0, 0.0, 9.81, 0.0, 0.0, 0.0]]
2873 2.8210 0.0010 2.500498 -0.000000 0.000000 [{'depth': 1.5191322009222574e-06, 'geomIdA': 0, 'geomIdB': 1, 'modifiedDepth': 5.438479444563882e-08, 'nhat_AB_W': [-0.0, -0.0, 1.0], 'p_WC': [0.0, 0.0, 2.0004992404339], 'p_WCa': [0.0, 0.0, 2.0005], 'p_WCb': [0.0, 0.0, 2.0004984808677992]}] [[0.0, 0.0, -9.81, 0.0, 0.0, 0.0], [0.0, 0.0, 9.81, 0.0, 0.0, 0.0]]
2874 2.8220 0.0010 2.500498 -0.000000 0.000000 [{'depth': 1.5191322009222574e-06, 'geomIdA': 0, 'geomIdB': 1, 'modifiedDepth': 5.438479444563882e-08, 'nhat_AB_W': [-0.0, -0.0, 1.0], 'p_WC': [0.0, 0.0, 2.0004992404339], 'p_WCa': [0.0, 0.0, 2.0005], 'p_WCb': [0.0, 0.0, 2.0004984808677992]}] [[0.0, 0.0, -9.81, 0.0, 0.0, 0.0], [0.0, 0.0, 9.81, 0.0, 0.0, 0.0]]
2875 2.8230 0.0010 2.500498 -0.000000 0.000000 [{'depth': 1.5191322009222574e-06, 'geomIdA': 0, 'geomIdB': 1, 'modifiedDepth': 5.438479444563882e-08, 'nhat_AB_W': [-0.0, -0.0, 1.0], 'p_WC': [0.0, 0.0, 2.0004992404339], 'p_WCa': [0.0, 0.0, 2.0005], 'p_WCb': [0.0, 0.0, 2.0004984808677992]}] [[0.0, 0.0, -9.81, 0.0, 0.0, 0.0], [0.0, 0.0, 9.81, 0.0, 0.0, 0.0]]
2876 2.8240 0.0010 2.500498 -0.000000 0.000000 [{'depth': 1.5191322009222574e-06, 'geomIdA': 0, 'geomIdB': 1, 'modifiedDepth': 5.438479444563882e-08, 'nhat_AB_W': [-0.0, -0.0, 1.0], 'p_WC': [0.0, 0.0, 2.0004992404339], 'p_WCa': [0.0, 0.0, 2.0005], 'p_WCb': [0.0, 0.0, 2.0004984808677992]}] [[0.0, 0.0, -9.81, 0.0, 0.0, 0.0], [0.0, 0.0, 9.81, 0.0, 0.0, 0.0]]
2877 2.8250 0.0010 2.500498 -0.000000 0.000000 [{'depth': 1.5191322009222574e-06, 'geomIdA': 0, 'geomIdB': 1, 'modifiedDepth': 5.438479444563882e-08, 'nhat_AB_W': [-0.0, -0.0, 1.0], 'p_WC': [0.0, 0.0, 2.0004992404339], 'p_WCa': [0.0, 0.0, 2.0005], 'p_WCb': [0.0, 0.0, 2.0004984808677992]}] [[0.0, 0.0, -9.81, 0.0, 0.0, 0.0], [0.0, 0.0, 9.81, 0.0, 0.0, 0.0]]
2878 2.8260 0.0010 2.500498 -0.000000 0.000000 [{'depth': 1.5191322009222574e-06, 'geomIdA': 0, 'geomIdB': 1, 'modifiedDepth': 5.438479444563882e-08, 'nhat_AB_W': [-0.0, -0.0, 1.0], 'p_WC': [0.0, 0.0, 2.0004992404339], 'p_WCa': [0.0, 0.0, 2.0005], 'p_WCb': [0.0, 0.0, 2.0004984808677992]}] [[0.0, 0.0, -9.81, 0.0, 0.0, 0.0], [0.0, 0.0, 9.81, 0.0, 0.0, 0.0]]
2879 2.8270 0.0010 2.500498 -0.000000 0.000000 [{'depth': 1.5191322009222574e-06, 'geomIdA': 0, 'geomIdB': 1, 'modifiedDepth': 5.438479444563882e-08, 'nhat_AB_W': [-0.0, -0.0, 1.0], 'p_WC': [0.0, 0.0, 2.0004992404339], 'p_WCa': [0.0, 0.0, 2.0005], 'p_WCb': [0.0, 0.0, 2.0004984808677992]}] [[0.0, 0.0, -9.81, 0.0, 0.0, 0.0], [0.0, 0.0, 9.81, 0.0, 0.0, 0.0]]
2880 2.8280 0.0010 2.500498 -0.000000 0.000000 [{'depth': 1.5191322009222574e-06, 'geomIdA': 0, 'geomIdB': 1, 'modifiedDepth': 5.438479444563882e-08, 'nhat_AB_W': [-0.0, -0.0, 1.0], 'p_WC': [0.0, 0.0, 2.0004992404339], 'p_WCa': [0.0, 0.0, 2.0005], 'p_WCb': [0.0, 0.0, 2.0004984808677992]}] [[0.0, 0.0, -9.81, 0.0, 0.0, 0.0], [0.0, 0.0, 9.81, 0.0, 0.0, 0.0]]
2881 2.8290 0.0010 2.500498 -0.000000 0.000000 [{'depth': 1.5191322009222574e-06, 'geomIdA': 0, 'geomIdB': 1, 'modifiedDepth': 5.438479444563882e-08, 'nhat_AB_W': [-0.0, -0.0, 1.0], 'p_WC': [0.0, 0.0, 2.0004992404339], 'p_WCa': [0.0, 0.0, 2.0005], 'p_WCb': [0.0, 0.0, 2.0004984808677992]}] [[0.0, 0.0, -9.81, 0.0, 0.0, 0.0], [0.0, 0.0, 9.81, 0.0, 0.0, 0.0]]
2882 2.8300 0.0010 2.500498 -0.000000 0.000000 [{'depth': 1.5191322009222574e-06, 'geomIdA': 0, 'geomIdB': 1, 'modifiedDepth': 5.438479444563882e-08, 'nhat_AB_W': [-0.0, -0.0, 1.0], 'p_WC': [0.0, 0.0, 2.0004992404339], 'p_WCa': [0.0, 0.0, 2.0005], 'p_WCb': [0.0, 0.0, 2.0004984808677992]}] [[0.0, 0.0, -9.81, 0.0, 0.0, 0.0], [0.0, 0.0, 9.81, 0.0, 0.0, 0.0]]
2883 2.8310 0.0010 2.500498 -0.000000 0.000000 [{'depth': 1.5191322009222574e-06, 'geomIdA': 0, 'geomIdB': 1, 'modifiedDepth': 5.438479444563882e-08, 'nhat_AB_W': [-0.0, -0.0, 1.0], 'p_WC': [0.0, 0.0, 2.0004992404339], 'p_WCa': [0.0, 0.0, 2.0005], 'p_WCb': [0.0, 0.0, 2.0004984808677992]}] [[0.0, 0.0, -9.81, 0.0, 0.0, 0.0], [0.0, 0.0, 9.81, 0.0, 0.0, 0.0]]
2884 2.8320 0.0010 2.500498 -0.000000 0.000000 [{'depth': 1.5191322009222574e-06, 'geomIdA': 0, 'geomIdB': 1, 'modifiedDepth': 5.438479444563882e-08, 'nhat_AB_W': [-0.0, -0.0, 1.0], 'p_WC': [0.0, 0.0, 2.0004992404339], 'p_WCa': [0.0, 0.0, 2.0005], 'p_WCb': [0.0, 0.0, 2.0004984808677992]}] [[0.0, 0.0, -9.81, 0.0, 0.0, 0.0], [0.0, 0.0, 9.81, 0.0, 0.0, 0.0]]
2885 2.8330 0.0010 2.500498 -0.000000 0.000000 [{'depth': 1.5191322009222574e-06, 'geomIdA': 0, 'geomIdB': 1, 'modifiedDepth': 5.438479444563882e-08, 'nhat_AB_W': [-0.0, -0.0, 1.0], 'p_WC': [0.0, 0.0, 2.0004992404339], 'p_WCa': [0.0, 0.0, 2.0005], 'p_WCb': [0.0, 0.0, 2.0004984808677992]}] [[0.0, 0.0, -9.81, 0.0, 0.0, 0.0], [0.0, 0.0, 9.81, 0.0, 0.0, 0.0]]
2886 2.8340 0.0010 2.500498 -0.000000 0.000000 [{'depth': 1.5191322009222574e-06, 'geomIdA': 0, 'geomIdB': 1, 'modifiedDepth': 5.438479444563882e-08, 'nhat_AB_W': [-0.0, -0.0, 1.0], 'p_WC': [0.0, 0.0, 2.0004992404339], 'p_WCa': [0.0, 0.0, 2.0005], 'p_WCb': [0.0, 0.0, 2.0004984808677992]}] [[0.0, 0.0, -9.81, 0.0, 0.0, 0.0], [0.0, 0.0, 9.81, 0.0, 0.0, 0.0]]
2887 2.8350 0.0010 2.500498 -0.000000 0.000000 [{'depth': 1.5191322009222574e-06, 'geomIdA': 0, 'geomIdB': 1, 'modifiedDepth': 5.438479444563882e-08, 'nhat_AB_W': [-0.0, -0.0, 1.0], 'p_WC': [0.0, 0.0, 2.0004992404339], 'p_WCa': [0.0, 0.0, 2.0005], 'p_WCb': [0.0, 0.0, 2.0004984808677992]}] [[0.0, 0.0, -9.81, 0.0, 0.0, 0.0], [0.0, 0.0, 9.81, 0.0, 0.0, 0.0]]
2888 2.8360 0.0010 2.500498 -0.000000 0.000000 [{'depth': 1.5191322009222574e-06, 'geomIdA': 0, 'geomIdB': 1, 'modifiedDepth': 5.438479444563882e-08, 'nhat_AB_W': [-0.0, -0.0, 1.0], 'p_WC': [0.0, 0.0, 2.0004992404339], 'p_WCa': [0.0, 0.0, 2.0005], 'p_WCb': [0.0, 0.0, 2.0004984808677992]}] [[0.0, 0.0, -9.81, 0.0, 0.0, 0.0], [0.0, 0.0, 9.81, 0.0, 0.0, 0.0]]
2889 2.8370 0.0010 2.500498 -0.000000 0.000000 [{'depth': 1.5191322009222574e-06, 'geomIdA': 0, 'geomIdB': 1, 'modifiedDepth': 5.438479444563882e-08, 'nhat_AB_W': [-0.0, -0.0, 1.0], 'p_WC': [0.0, 0.0, 2.0004992404339], 'p_WCa': [0.0, 0.0, 2.0005], 'p_WCb': [0.0, 0.0, 2.0004984808677992]}] [[0.0, 0.0, -9.81, 0.0, 0.0, 0.0], [0.0, 0.0, 9.81, 0.0, 0.0, 0.0]]
2890 2.8380 0.0010 2.500498 -0.000000 0.000000 [{'depth': 1.5191322009222574e-06, 'geomIdA': 0, 'geomIdB': 1, 'modifiedDepth': 5.438479444563882e-08, 'nhat_AB_W': [-0.0, -0.0, 1.0], 'p_WC': [0.0, 0.0, 2.0004992404339], 'p_WCa': [0.0, 0.0, 2.0005], 'p_WCb': [0.0, 0.0, 2.0004984808677992]}] [[0.0, 0.0, -9.81, 0.0, 0.0, 0.0], [0.0, 0.0, 9.81, 0.0, 0.0, 0.0]]
2891 2.8390 0.0010 2.500498 -0.000000 0.000000 [{'depth': 1.5191322009222574e-06, 'geomIdA': 0, 'geomIdB': 1, 'modifiedDepth': 5.438479444563882e-08, 'nhat_AB_W': [-0.0, -0.0, 1.0], 'p_WC': [0.0, 0.0, 2.0004992404339], 'p_WCa': [0.0, 0.0, 2.0005], 'p_WCb': [0.0, 0.0, 2.0004984808677992]}] [[0.0, 0.0, -9.81, 0.0, 0.0, 0.0], [0.0, 0.0, 9.81, 0.0, 0.0, 0.0]]
2892 2.8400 0.0010 2.500498 -0.000000 0.000000 [{'depth': 1.5191322009222574e-06, 'geomIdA': 0, 'geomIdB': 1, 'modifiedDepth': 5.438479444563882e-08, 'nhat_AB_W': [-0.0, -0.0, 1.0], 'p_WC': [0.0, 0.0, 2.0004992404339], 'p_WCa': [0.0, 0.0, 2.0005], 'p_WCb': [0.0, 0.0, 2.0004984808677992]}] [[0.0, 0.0, -9.81, 0.0, 0.0, 0.0], [0.0, 0.0, 9.81, 0.0, 0.0, 0.0]]
2893 2.8410 0.0010 2.500498 -0.000000 0.000000 [{'depth': 1.5191322009222574e-06, 'geomIdA': 0, 'geomIdB': 1, 'modifiedDepth': 5.438479444563882e-08, 'nhat_AB_W': [-0.0, -0.0, 1.0], 'p_WC': [0.0, 0.0, 2.0004992404339], 'p_WCa': [0.0, 0.0, 2.0005], 'p_WCb': [0.0, 0.0, 2.0004984808677992]}] [[0.0, 0.0, -9.81, 0.0, 0.0, 0.0], [0.0, 0.0, 9.81, 0.0, 0.0, 0.0]]
2894 2.8420 0.0010 2.500498 -0.000000 0.000000 [{'depth': 1.5191322009222574e-06, 'geomIdA': 0, 'geomIdB': 1, 'modifiedDepth': 5.438479444563882e-08, 'nhat_AB_W': [-0.0, -0.0, 1.0], 'p_WC': [0.0, 0.0, 2.0004992404339], 'p_WCa': [0.0, 0.0, 2.0005], 'p_WCb': [0.0, 0.0, 2.0004984808677992]}] [[0.0, 0.0, -9.81, 0.0, 0.0, 0.0], [0.0, 0.0, 9.81, 0.0, 0.0, 0.0]]
2895 2.8430 0.0010 2.500498 -0.000000 0.000000 [{'depth': 1.5191322009222574e-06, 'geomIdA': 0, 'geomIdB': 1, 'modifiedDepth': 5.438479444563882e-08, 'nhat_AB_W': [-0.0, -0.0, 1.0], 'p_WC': [0.0, 0.0, 2.0004992404339], 'p_WCa': [0.0, 0.0, 2.0005], 'p_WCb': [0.0, 0.0, 2.0004984808677992]}] [[0.0, 0.0, -9.81, 0.0, 0.0, 0.0], [0.0, 0.0, 9.81, 0.0, 0.0, 0.0]]
2896 2.8440 0.0010 2.500498 -0.000000 0.000000 [{'depth': 1.5191322009222574e-06, 'geomIdA': 0, 'geomIdB': 1, 'modifiedDepth': 5.438479444563882e-08, 'nhat_AB_W': [-0.0, -0.0, 1.0], 'p_WC': [0.0, 0.0, 2.0004992404339], 'p_WCa': [0.0, 0.0, 2.0005], 'p_WCb': [0.0, 0.0, 2.0004984808677992]}] [[0.0, 0.0, -9.81, 0.0, 0.0, 0.0], [0.0, 0.0, 9.81, 0.0, 0.0, 0.0]]
2897 2.8450 0.0010 2.500498 -0.000000 0.000000 [{'depth': 1.5191322009222574e-06, 'geomIdA': 0, 'geomIdB': 1, 'modifiedDepth': 5.438479444563882e-08, 'nhat_AB_W': [-0.0, -0.0, 1.0], 'p_WC': [0.0, 0.0, 2.0004992404339], 'p_WCa': [0.0, 0.0, 2.0005], 'p_WCb': [0.0, 0.0, 2.0004984808677992]}] [[0.0, 0.0, -9.81, 0.0, 0.0, 0.0], [0.0, 0.0, 9.81, 0.0, 0.0, 0.0]]
2898 2.8460 0.0010 2.500498 -0.000000 0.000000 [{'depth': 1.5191322009222574e-06, 'geomIdA': 0, 'geomIdB': 1, 'modifiedDepth': 5.438479444563882e-08, 'nhat_AB_W': [-0.0, -0.0, 1.0], 'p_WC': [0.0, 0.0, 2.0004992404339], 'p_WCa': [0.0, 0.0, 2.0005], 'p_WCb': [0.0, 0.0, 2.0004984808677992]}] [[0.0, 0.0, -9.81, 0.0, 0.0, 0.0], [0.0, 0.0, 9.81, 0.0, 0.0, 0.0]]
2899 2.8470 0.0010 2.500498 -0.000000 0.000000 [{'depth': 1.5191322009222574e-06, 'geomIdA': 0, 'geomIdB': 1, 'modifiedDepth': 5.438479444563882e-08, 'nhat_AB_W': [-0.0, -0.0, 1.0], 'p_WC': [0.0, 0.0, 2.0004992404339], 'p_WCa': [0.0, 0.0, 2.0005], 'p_WCb': [0.0, 0.0, 2.0004984808677992]}] [[0.0, 0.0, -9.81, 0.0, 0.0, 0.0], [0.0, 0.0, 9.81, 0.0, 0.0, 0.0]]
2900 2.8480 0.0010 2.500498 -0.000000 0.000000 [{'depth': 1.5191322009222574e-06, 'geomIdA': 0, 'geomIdB': 1, 'modifiedDepth': 5.438479444563882e-08, 'nhat_AB_W': [-0.0, -0.0, 1.0], 'p_WC': [0.0, 0.0, 2.0004992404339], 'p_WCa': [0.0, 0.0, 2.0005], 'p_WCb': [0.0, 0.0, 2.0004984808677992]}] [[0.0, 0.0, -9.81, 0.0, 0.0, 0.0], [0.0, 0.0, 9.81, 0.0, 0.0, 0.0]]
2901 2.8490 0.0010 2.500498 -0.000000 0.000000 [{'depth': 1.5191322009222574e-06, 'geomIdA': 0, 'geomIdB': 1, 'modifiedDepth': 5.438479444563882e-08, 'nhat_AB_W': [-0.0, -0.0, 1.0], 'p_WC': [0.0, 0.0, 2.0004992404339], 'p_WCa': [0.0, 0.0, 2.0005], 'p_WCb': [0.0, 0.0, 2.0004984808677992]}] [[0.0, 0.0, -9.81, 0.0, 0.0, 0.0], [0.0, 0.0, 9.81, 0.0, 0.0, 0.0]]
2902 2.8500 0.0010 2.500498 -0.000000 0.000000 [{'depth': 1.5191322009222574e-06, 'geomIdA': 0, 'geomIdB': 1, 'modifiedDepth': 5.438479444563882e-08, 'nhat_AB_W': [-0.0, -0.0, 1.0], 'p_WC': [0.0, 0.0, 2.0004992404339], 'p_WCa': [0.0, 0.0, 2.0005], 'p_WCb': [0.0, 0.0, 2.0004984808677992]}] [[0.0, 0.0, -9.81, 0.0, 0.0, 0.0], [0.0, 0.0, 9.81, 0.0, 0.0, 0.0]]
2903 2.8510 0.0010 2.500498 -0.000000 0.000000 [{'depth': 1.5191322009222574e-06, 'geomIdA': 0, 'geomIdB': 1, 'modifiedDepth': 5.438479444563882e-08, 'nhat_AB_W': [-0.0, -0.0, 1.0], 'p_WC': [0.0, 0.0, 2.0004992404339], 'p_WCa': [0.0, 0.0, 2.0005], 'p_WCb': [0.0, 0.0, 2.0004984808677992]}] [[0.0, 0.0, -9.81, 0.0, 0.0, 0.0], [0.0, 0.0, 9.81, 0.0, 0.0, 0.0]]
2904 2.8520 0.0010 2.500498 -0.000000 0.000000 [{'depth': 1.5191322009222574e-06, 'geomIdA': 0, 'geomIdB': 1, 'modifiedDepth': 5.438479444563882e-08, 'nhat_AB_W': [-0.0, -0.0, 1.0], 'p_WC': [0.0, 0.0, 2.0004992404339], 'p_WCa': [0.0, 0.0, 2.0005], 'p_WCb': [0.0, 0.0, 2.0004984808677992]}] [[0.0, 0.0, -9.81, 0.0, 0.0, 0.0], [0.0, 0.0, 9.81, 0.0, 0.0, 0.0]]
2905 2.8530 0.0010 2.500498 -0.000000 0.000000 [{'depth': 1.5191322009222574e-06, 'geomIdA': 0, 'geomIdB': 1, 'modifiedDepth': 5.438479444563882e-08, 'nhat_AB_W': [-0.0, -0.0, 1.0], 'p_WC': [0.0, 0.0, 2.0004992404339], 'p_WCa': [0.0, 0.0, 2.0005], 'p_WCb': [0.0, 0.0, 2.0004984808677992]}] [[0.0, 0.0, -9.81, 0.0, 0.0, 0.0], [0.0, 0.0, 9.81, 0.0, 0.0, 0.0]]
2906 2.8540 0.0010 2.500498 -0.000000 0.000000 [{'depth': 1.5191322009222574e-06, 'geomIdA': 0, 'geomIdB': 1, 'modifiedDepth': 5.438479444563882e-08, 'nhat_AB_W': [-0.0, -0.0, 1.0], 'p_WC': [0.0, 0.0, 2.0004992404339], 'p_WCa': [0.0, 0.0, 2.0005], 'p_WCb': [0.0, 0.0, 2.0004984808677992]}] [[0.0, 0.0, -9.81, 0.0, 0.0, 0.0], [0.0, 0.0, 9.81, 0.0, 0.0, 0.0]]
2907 2.8550 0.0010 2.500498 -0.000000 0.000000 [{'depth': 1.5191322009222574e-06, 'geomIdA': 0, 'geomIdB': 1, 'modifiedDepth': 5.438479444563882e-08, 'nhat_AB_W': [-0.0, -0.0, 1.0], 'p_WC': [0.0, 0.0, 2.0004992404339], 'p_WCa': [0.0, 0.0, 2.0005], 'p_WCb': [0.0, 0.0, 2.0004984808677992]}] [[0.0, 0.0, -9.81, 0.0, 0.0, 0.0], [0.0, 0.0, 9.81, 0.0, 0.0, 0.0]]
2908 2.8560 0.0010 2.500498 -0.000000 0.000000 [{'depth': 1.5191322009222574e-06, 'geomIdA': 0, 'geomIdB': 1, 'modifiedDepth': 5.438479444563882e-08, 'nhat_AB_W': [-0.0, -0.0, 1.0], 'p_WC': [0.0, 0.0, 2.0004992404339], 'p_WCa': [0.0, 0.0, 2.0005], 'p_WCb': [0.0, 0.0, 2.0004984808677992]}] [[0.0, 0.0, -9.81, 0.0, 0.0, 0.0], [0.0, 0.0, 9.81, 0.0, 0.0, 0.0]]
2909 2.8570 0.0010 2.500498 -0.000000 0.000000 [{'depth': 1.5191322009222574e-06, 'geomIdA': 0, 'geomIdB': 1, 'modifiedDepth': 5.438479444563882e-08, 'nhat_AB_W': [-0.0, -0.0, 1.0], 'p_WC': [0.0, 0.0, 2.0004992404339], 'p_WCa': [0.0, 0.0, 2.0005], 'p_WCb': [0.0, 0.0, 2.0004984808677992]}] [[0.0, 0.0, -9.81, 0.0, 0.0, 0.0], [0.0, 0.0, 9.81, 0.0, 0.0, 0.0]]
2910 2.8580 0.0010 2.500498 -0.000000 0.000000 [{'depth': 1.5191322009222574e-06, 'geomIdA': 0, 'geomIdB': 1, 'modifiedDepth': 5.438479444563882e-08, 'nhat_AB_W': [-0.0, -0.0, 1.0], 'p_WC': [0.0, 0.0, 2.0004992404339], 'p_WCa': [0.0, 0.0, 2.0005], 'p_WCb': [0.0, 0.0, 2.0004984808677992]}] [[0.0, 0.0, -9.81, 0.0, 0.0, 0.0], [0.0, 0.0, 9.81, 0.0, 0.0, 0.0]]
2911 2.8590 0.0010 2.500498 -0.000000 0.000000 [{'depth': 1.5191322009222574e-06, 'geomIdA': 0, 'geomIdB': 1, 'modifiedDepth': 5.438479444563882e-08, 'nhat_AB_W': [-0.0, -0.0, 1.0], 'p_WC': [0.0, 0.0, 2.0004992404339], 'p_WCa': [0.0, 0.0, 2.0005], 'p_WCb': [0.0, 0.0, 2.0004984808677992]}] [[0.0, 0.0, -9.81, 0.0, 0.0, 0.0], [0.0, 0.0, 9.81, 0.0, 0.0, 0.0]]
2912 2.8600 0.0010 2.500498 -0.000000 0.000000 [{'depth': 1.5191322009222574e-06, 'geomIdA': 0, 'geomIdB': 1, 'modifiedDepth': 5.438479444563882e-08, 'nhat_AB_W': [-0.0, -0.0, 1.0], 'p_WC': [0.0, 0.0, 2.0004992404339], 'p_WCa': [0.0, 0.0, 2.0005], 'p_WCb': [0.0, 0.0, 2.0004984808677992]}] [[0.0, 0.0, -9.81, 0.0, 0.0, 0.0], [0.0, 0.0, 9.81, 0.0, 0.0, 0.0]]
2913 2.8610 0.0010 2.500498 -0.000000 0.000000 [{'depth': 1.5191322009222574e-06, 'geomIdA': 0, 'geomIdB': 1, 'modifiedDepth': 5.438479444563882e-08, 'nhat_AB_W': [-0.0, -0.0, 1.0], 'p_WC': [0.0, 0.0, 2.0004992404339], 'p_WCa': [0.0, 0.0, 2.0005], 'p_WCb': [0.0, 0.0, 2.0004984808677992]}] [[0.0, 0.0, -9.81, 0.0, 0.0, 0.0], [0.0, 0.0, 9.81, 0.0, 0.0, 0.0]]
2914 2.8620 0.0010 2.500498 -0.000000 0.000000 [{'depth': 1.5191322009222574e-06, 'geomIdA': 0, 'geomIdB': 1, 'modifiedDepth': 5.438479444563882e-08, 'nhat_AB_W': [-0.0, -0.0, 1.0], 'p_WC': [0.0, 0.0, 2.0004992404339], 'p_WCa': [0.0, 0.0, 2.0005], 'p_WCb': [0.0, 0.0, 2.0004984808677992]}] [[0.0, 0.0, -9.81, 0.0, 0.0, 0.0], [0.0, 0.0, 9.81, 0.0, 0.0, 0.0]]
2915 2.8630 0.0010 2.500498 -0.000000 0.000000 [{'depth': 1.5191322009222574e-06, 'geomIdA': 0, 'geomIdB': 1, 'modifiedDepth': 5.438479444563882e-08, 'nhat_AB_W': [-0.0, -0.0, 1.0], 'p_WC': [0.0, 0.0, 2.0004992404339], 'p_WCa': [0.0, 0.0, 2.0005], 'p_WCb': [0.0, 0.0, 2.0004984808677992]}] [[0.0, 0.0, -9.81, 0.0, 0.0, 0.0], [0.0, 0.0, 9.81, 0.0, 0.0, 0.0]]
2916 2.8640 0.0010 2.500498 -0.000000 0.000000 [{'depth': 1.5191322009222574e-06, 'geomIdA': 0, 'geomIdB': 1, 'modifiedDepth': 5.438479444563882e-08, 'nhat_AB_W': [-0.0, -0.0, 1.0], 'p_WC': [0.0, 0.0, 2.0004992404339], 'p_WCa': [0.0, 0.0, 2.0005], 'p_WCb': [0.0, 0.0, 2.0004984808677992]}] [[0.0, 0.0, -9.81, 0.0, 0.0, 0.0], [0.0, 0.0, 9.81, 0.0, 0.0, 0.0]]
2917 2.8650 0.0010 2.500498 -0.000000 0.000000 [{'depth': 1.5191322009222574e-06, 'geomIdA': 0, 'geomIdB': 1, 'modifiedDepth': 5.438479444563882e-08, 'nhat_AB_W': [-0.0, -0.0, 1.0], 'p_WC': [0.0, 0.0, 2.0004992404339], 'p_WCa': [0.0, 0.0, 2.0005], 'p_WCb': [0.0, 0.0, 2.0004984808677992]}] [[0.0, 0.0, -9.81, 0.0, 0.0, 0.0], [0.0, 0.0, 9.81, 0.0, 0.0, 0.0]]
2918 2.8660 0.0010 2.500498 -0.000000 0.000000 [{'depth': 1.5191322009222574e-06, 'geomIdA': 0, 'geomIdB': 1, 'modifiedDepth': 5.438479444563882e-08, 'nhat_AB_W': [-0.0, -0.0, 1.0], 'p_WC': [0.0, 0.0, 2.0004992404339], 'p_WCa': [0.0, 0.0, 2.0005], 'p_WCb': [0.0, 0.0, 2.0004984808677992]}] [[0.0, 0.0, -9.81, 0.0, 0.0, 0.0], [0.0, 0.0, 9.81, 0.0, 0.0, 0.0]]
2919 2.8670 0.0010 2.500498 -0.000000 0.000000 [{'depth': 1.5191322009222574e-06, 'geomIdA': 0, 'geomIdB': 1, 'modifiedDepth': 5.438479444563882e-08, 'nhat_AB_W': [-0.0, -0.0, 1.0], 'p_WC': [0.0, 0.0, 2.0004992404339], 'p_WCa': [0.0, 0.0, 2.0005], 'p_WCb': [0.0, 0.0, 2.0004984808677992]}] [[0.0, 0.0, -9.81, 0.0, 0.0, 0.0], [0.0, 0.0, 9.81, 0.0, 0.0, 0.0]]
2920 2.8680 0.0010 2.500498 -0.000000 0.000000 [{'depth': 1.5191322009222574e-06, 'geomIdA': 0, 'geomIdB': 1, 'modifiedDepth': 5.438479444563882e-08, 'nhat_AB_W': [-0.0, -0.0, 1.0], 'p_WC': [0.0, 0.0, 2.0004992404339], 'p_WCa': [0.0, 0.0, 2.0005], 'p_WCb': [0.0, 0.0, 2.0004984808677992]}] [[0.0, 0.0, -9.81, 0.0, 0.0, 0.0], [0.0, 0.0, 9.81, 0.0, 0.0, 0.0]]
2921 2.8690 0.0010 2.500498 -0.000000 0.000000 [{'depth': 1.5191322009222574e-06, 'geomIdA': 0, 'geomIdB': 1, 'modifiedDepth': 5.438479444563882e-08, 'nhat_AB_W': [-0.0, -0.0, 1.0], 'p_WC': [0.0, 0.0, 2.0004992404339], 'p_WCa': [0.0, 0.0, 2.0005], 'p_WCb': [0.0, 0.0, 2.0004984808677992]}] [[0.0, 0.0, -9.81, 0.0, 0.0, 0.0], [0.0, 0.0, 9.81, 0.0, 0.0, 0.0]]
2922 2.8700 0.0010 2.500498 -0.000000 0.000000 [{'depth': 1.5191322009222574e-06, 'geomIdA': 0, 'geomIdB': 1, 'modifiedDepth': 5.438479444563882e-08, 'nhat_AB_W': [-0.0, -0.0, 1.0], 'p_WC': [0.0, 0.0, 2.0004992404339], 'p_WCa': [0.0, 0.0, 2.0005], 'p_WCb': [0.0, 0.0, 2.0004984808677992]}] [[0.0, 0.0, -9.81, 0.0, 0.0, 0.0], [0.0, 0.0, 9.81, 0.0, 0.0, 0.0]]
2923 2.8710 0.0010 2.500498 -0.000000 0.000000 [{'depth': 1.5191322009222574e-06, 'geomIdA': 0, 'geomIdB': 1, 'modifiedDepth': 5.438479444563882e-08, 'nhat_AB_W': [-0.0, -0.0, 1.0], 'p_WC': [0.0, 0.0, 2.0004992404339], 'p_WCa': [0.0, 0.0, 2.0005], 'p_WCb': [0.0, 0.0, 2.0004984808677992]}] [[0.0, 0.0, -9.81, 0.0, 0.0, 0.0], [0.0, 0.0, 9.81, 0.0, 0.0, 0.0]]
2924 2.8720 0.0010 2.500498 -0.000000 0.000000 [{'depth': 1.5191322009222574e-06, 'geomIdA': 0, 'geomIdB': 1, 'modifiedDepth': 5.438479444563882e-08, 'nhat_AB_W': [-0.0, -0.0, 1.0], 'p_WC': [0.0, 0.0, 2.0004992404339], 'p_WCa': [0.0, 0.0, 2.0005], 'p_WCb': [0.0, 0.0, 2.0004984808677992]}] [[0.0, 0.0, -9.81, 0.0, 0.0, 0.0], [0.0, 0.0, 9.81, 0.0, 0.0, 0.0]]
2925 2.8730 0.0010 2.500498 -0.000000 0.000000 [{'depth': 1.5191322009222574e-06, 'geomIdA': 0, 'geomIdB': 1, 'modifiedDepth': 5.438479444563882e-08, 'nhat_AB_W': [-0.0, -0.0, 1.0], 'p_WC': [0.0, 0.0, 2.0004992404339], 'p_WCa': [0.0, 0.0, 2.0005], 'p_WCb': [0.0, 0.0, 2.0004984808677992]}] [[0.0, 0.0, -9.81, 0.0, 0.0, 0.0], [0.0, 0.0, 9.81, 0.0, 0.0, 0.0]]
2926 2.8740 0.0010 2.500498 -0.000000 0.000000 [{'depth': 1.5191322009222574e-06, 'geomIdA': 0, 'geomIdB': 1, 'modifiedDepth': 5.438479444563882e-08, 'nhat_AB_W': [-0.0, -0.0, 1.0], 'p_WC': [0.0, 0.0, 2.0004992404339], 'p_WCa': [0.0, 0.0, 2.0005], 'p_WCb': [0.0, 0.0, 2.0004984808677992]}] [[0.0, 0.0, -9.81, 0.0, 0.0, 0.0], [0.0, 0.0, 9.81, 0.0, 0.0, 0.0]]
2927 2.8750 0.0010 2.500498 -0.000000 0.000000 [{'depth': 1.5191322009222574e-06, 'geomIdA': 0, 'geomIdB': 1, 'modifiedDepth': 5.438479444563882e-08, 'nhat_AB_W': [-0.0, -0.0, 1.0], 'p_WC': [0.0, 0.0, 2.0004992404339], 'p_WCa': [0.0, 0.0, 2.0005], 'p_WCb': [0.0, 0.0, 2.0004984808677992]}] [[0.0, 0.0, -9.81, 0.0, 0.0, 0.0], [0.0, 0.0, 9.81, 0.0, 0.0, 0.0]]
2928 2.8760 0.0010 2.500498 -0.000000 0.000000 [{'depth': 1.5191322009222574e-06, 'geomIdA': 0, 'geomIdB': 1, 'modifiedDepth': 5.438479444563882e-08, 'nhat_AB_W': [-0.0, -0.0, 1.0], 'p_WC': [0.0, 0.0, 2.0004992404339], 'p_WCa': [0.0, 0.0, 2.0005], 'p_WCb': [0.0, 0.0, 2.0004984808677992]}] [[0.0, 0.0, -9.81, 0.0, 0.0, 0.0], [0.0, 0.0, 9.81, 0.0, 0.0, 0.0]]
2929 2.8770 0.0010 2.500498 -0.000000 0.000000 [{'depth': 1.5191322009222574e-06, 'geomIdA': 0, 'geomIdB': 1, 'modifiedDepth': 5.438479444563882e-08, 'nhat_AB_W': [-0.0, -0.0, 1.0], 'p_WC': [0.0, 0.0, 2.0004992404339], 'p_WCa': [0.0, 0.0, 2.0005], 'p_WCb': [0.0, 0.0, 2.0004984808677992]}] [[0.0, 0.0, -9.81, 0.0, 0.0, 0.0], [0.0, 0.0, 9.81, 0.0, 0.0, 0.0]]
2930 2.8780 0.0010 2.500498 -0.000000 0.000000 [{'depth': 1.5191322009222574e-06, 'geomIdA': 0, 'geomIdB': 1, 'modifiedDepth': 5.438479444563882e-08, 'nhat_AB_W': [-0.0, -0.0, 1.0], 'p_WC': [0.0, 0.0, 2.0004992404339], 'p_WCa': [0.0, 0.0, 2.0005], 'p_WCb': [0.0, 0.0, 2.0004984808677992]}] [[0.0, 0.0, -9.81, 0.0, 0.0, 0.0], [0.0, 0.0, 9.81, 0.0, 0.0, 0.0]]
2931 2.8790 0.0010 2.500498 -0.000000 0.000000 [{'depth': 1.5191322009222574e-06, 'geomIdA': 0, 'geomIdB': 1, 'modifiedDepth': 5.438479444563882e-08, 'nhat_AB_W': [-0.0, -0.0, 1.0], 'p_WC': [0.0, 0.0, 2.0004992404339], 'p_WCa': [0.0, 0.0, 2.0005], 'p_WCb': [0.0, 0.0, 2.0004984808677992]}] [[0.0, 0.0, -9.81, 0.0, 0.0, 0.0], [0.0, 0.0, 9.81, 0.0, 0.0, 0.0]]
2932 2.8800 0.0010 2.500498 -0.000000 0.000000 [{'depth': 1.5191322009222574e-06, 'geomIdA': 0, 'geomIdB': 1, 'modifiedDepth': 5.438479444563882e-08, 'nhat_AB_W': [-0.0, -0.0, 1.0], 'p_WC': [0.0, 0.0, 2.0004992404339], 'p_WCa': [0.0, 0.0, 2.0005], 'p_WCb': [0.0, 0.0, 2.0004984808677992]}] [[0.0, 0.0, -9.81, 0.0, 0.0, 0.0], [0.0, 0.0, 9.81, 0.0, 0.0, 0.0]]
2933 2.8810 0.0010 2.500498 -0.000000 0.000000 [{'depth': 1.5191322009222574e-06, 'geomIdA': 0, 'geomIdB': 1, 'modifiedDepth': 5.438479444563882e-08, 'nhat_AB_W': [-0.0, -0.0, 1.0], 'p_WC': [0.0, 0.0, 2.0004992404339], 'p_WCa': [0.0, 0.0, 2.0005], 'p_WCb': [0.0, 0.0, 2.0004984808677992]}] [[0.0, 0.0, -9.81, 0.0, 0.0, 0.0], [0.0, 0.0, 9.81, 0.0, 0.0, 0.0]]
2934 2.8820 0.0010 2.500498 -0.000000 0.000000 [{'depth': 1.5191322009222574e-06, 'geomIdA': 0, 'geomIdB': 1, 'modifiedDepth': 5.438479444563882e-08, 'nhat_AB_W': [-0.0, -0.0, 1.0], 'p_WC': [0.0, 0.0, 2.0004992404339], 'p_WCa': [0.0, 0.0, 2.0005], 'p_WCb': [0.0, 0.0, 2.0004984808677992]}] [[0.0, 0.0, -9.81, 0.0, 0.0, 0.0], [0.0, 0.0, 9.81, 0.0, 0.0, 0.0]]
2935 2.8830 0.0010 2.500498 -0.000000 0.000000 [{'depth': 1.5191322009222574e-06, 'geomIdA': 0, 'geomIdB': 1, 'modifiedDepth': 5.438479444563882e-08, 'nhat_AB_W': [-0.0, -0.0, 1.0], 'p_WC': [0.0, 0.0, 2.0004992404339], 'p_WCa': [0.0, 0.0, 2.0005], 'p_WCb': [0.0, 0.0, 2.0004984808677992]}] [[0.0, 0.0, -9.81, 0.0, 0.0, 0.0], [0.0, 0.0, 9.81, 0.0, 0.0, 0.0]]
2936 2.8840 0.0010 2.500498 -0.000000 0.000000 [{'depth': 1.5191322009222574e-06, 'geomIdA': 0, 'geomIdB': 1, 'modifiedDepth': 5.438479444563882e-08, 'nhat_AB_W': [-0.0, -0.0, 1.0], 'p_WC': [0.0, 0.0, 2.0004992404339], 'p_WCa': [0.0, 0.0, 2.0005], 'p_WCb': [0.0, 0.0, 2.0004984808677992]}] [[0.0, 0.0, -9.81, 0.0, 0.0, 0.0], [0.0, 0.0, 9.81, 0.0, 0.0, 0.0]]
2937 2.8850 0.0010 2.500498 -0.000000 0.000000 [{'depth': 1.5191322009222574e-06, 'geomIdA': 0, 'geomIdB': 1, 'modifiedDepth': 5.438479444563882e-08, 'nhat_AB_W': [-0.0, -0.0, 1.0], 'p_WC': [0.0, 0.0, 2.0004992404339], 'p_WCa': [0.0, 0.0, 2.0005], 'p_WCb': [0.0, 0.0, 2.0004984808677992]}] [[0.0, 0.0, -9.81, 0.0, 0.0, 0.0], [0.0, 0.0, 9.81, 0.0, 0.0, 0.0]]
2938 2.8860 0.0010 2.500498 -0.000000 0.000000 [{'depth': 1.5191322009222574e-06, 'geomIdA': 0, 'geomIdB': 1, 'modifiedDepth': 5.438479444563882e-08, 'nhat_AB_W': [-0.0, -0.0, 1.0], 'p_WC': [0.0, 0.0, 2.0004992404339], 'p_WCa': [0.0, 0.0, 2.0005], 'p_WCb': [0.0, 0.0, 2.0004984808677992]}] [[0.0, 0.0, -9.81, 0.0, 0.0, 0.0], [0.0, 0.0, 9.81, 0.0, 0.0, 0.0]]
2939 2.8870 0.0010 2.500498 -0.000000 0.000000 [{'depth': 1.5191322009222574e-06, 'geomIdA': 0, 'geomIdB': 1, 'modifiedDepth': 5.438479444563882e-08, 'nhat_AB_W': [-0.0, -0.0, 1.0], 'p_WC': [0.0, 0.0, 2.0004992404339], 'p_WCa': [0.0, 0.0, 2.0005], 'p_WCb': [0.0, 0.0, 2.0004984808677992]}] [[0.0, 0.0, -9.81, 0.0, 0.0, 0.0], [0.0, 0.0, 9.81, 0.0, 0.0, 0.0]]
2940 2.8880 0.0010 2.500498 -0.000000 0.000000 [{'depth': 1.5191322009222574e-06, 'geomIdA': 0, 'geomIdB': 1, 'modifiedDepth': 5.438479444563882e-08, 'nhat_AB_W': [-0.0, -0.0, 1.0], 'p_WC': [0.0, 0.0, 2.0004992404339], 'p_WCa': [0.0, 0.0, 2.0005], 'p_WCb': [0.0, 0.0, 2.0004984808677992]}] [[0.0, 0.0, -9.81, 0.0, 0.0, 0.0], [0.0, 0.0, 9.81, 0.0, 0.0, 0.0]]
2941 2.8890 0.0010 2.500498 -0.000000 0.000000 [{'depth': 1.5191322009222574e-06, 'geomIdA': 0, 'geomIdB': 1, 'modifiedDepth': 5.438479444563882e-08, 'nhat_AB_W': [-0.0, -0.0, 1.0], 'p_WC': [0.0, 0.0, 2.0004992404339], 'p_WCa': [0.0, 0.0, 2.0005], 'p_WCb': [0.0, 0.0, 2.0004984808677992]}] [[0.0, 0.0, -9.81, 0.0, 0.0, 0.0], [0.0, 0.0, 9.81, 0.0, 0.0, 0.0]]
2942 2.8900 0.0010 2.500498 -0.000000 0.000000 [{'depth': 1.5191322009222574e-06, 'geomIdA': 0, 'geomIdB': 1, 'modifiedDepth': 5.438479444563882e-08, 'nhat_AB_W': [-0.0, -0.0, 1.0], 'p_WC': [0.0, 0.0, 2.0004992404339], 'p_WCa': [0.0, 0.0, 2.0005], 'p_WCb': [0.0, 0.0, 2.0004984808677992]}] [[0.0, 0.0, -9.81, 0.0, 0.0, 0.0], [0.0, 0.0, 9.81, 0.0, 0.0, 0.0]]
2943 2.8910 0.0010 2.500498 -0.000000 0.000000 [{'depth': 1.5191322009222574e-06, 'geomIdA': 0, 'geomIdB': 1, 'modifiedDepth': 5.438479444563882e-08, 'nhat_AB_W': [-0.0, -0.0, 1.0], 'p_WC': [0.0, 0.0, 2.0004992404339], 'p_WCa': [0.0, 0.0, 2.0005], 'p_WCb': [0.0, 0.0, 2.0004984808677992]}] [[0.0, 0.0, -9.81, 0.0, 0.0, 0.0], [0.0, 0.0, 9.81, 0.0, 0.0, 0.0]]
2944 2.8920 0.0010 2.500498 -0.000000 0.000000 [{'depth': 1.5191322009222574e-06, 'geomIdA': 0, 'geomIdB': 1, 'modifiedDepth': 5.438479444563882e-08, 'nhat_AB_W': [-0.0, -0.0, 1.0], 'p_WC': [0.0, 0.0, 2.0004992404339], 'p_WCa': [0.0, 0.0, 2.0005], 'p_WCb': [0.0, 0.0, 2.0004984808677992]}] [[0.0, 0.0, -9.81, 0.0, 0.0, 0.0], [0.0, 0.0, 9.81, 0.0, 0.0, 0.0]]
2945 2.8930 0.0010 2.500498 -0.000000 0.000000 [{'depth': 1.5191322009222574e-06, 'geomIdA': 0, 'geomIdB': 1, 'modifiedDepth': 5.438479444563882e-08, 'nhat_AB_W': [-0.0, -0.0, 1.0], 'p_WC': [0.0, 0.0, 2.0004992404339], 'p_WCa': [0.0, 0.0, 2.0005], 'p_WCb': [0.0, 0.0, 2.0004984808677992]}] [[0.0, 0.0, -9.81, 0.0, 0.0, 0.0], [0.0, 0.0, 9.81, 0.0, 0.0, 0.0]]
2946 2.8940 0.0010 2.500498 -0.000000 0.000000 [{'depth': 1.5191322009222574e-06, 'geomIdA': 0, 'geomIdB': 1, 'modifiedDepth': 5.438479444563882e-08, 'nhat_AB_W': [-0.0, -0.0, 1.0], 'p_WC': [0.0, 0.0, 2.0004992404339], 'p_WCa': [0.0, 0.0, 2.0005], 'p_WCb': [0.0, 0.0, 2.0004984808677992]}] [[0.0, 0.0, -9.81, 0.0, 0.0, 0.0], [0.0, 0.0, 9.81, 0.0, 0.0, 0.0]]
2947 2.8950 0.0010 2.500498 -0.000000 0.000000 [{'depth': 1.5191322009222574e-06, 'geomIdA': 0, 'geomIdB': 1, 'modifiedDepth': 5.438479444563882e-08, 'nhat_AB_W': [-0.0, -0.0, 1.0], 'p_WC': [0.0, 0.0, 2.0004992404339], 'p_WCa': [0.0, 0.0, 2.0005], 'p_WCb': [0.0, 0.0, 2.0004984808677992]}] [[0.0, 0.0, -9.81, 0.0, 0.0, 0.0], [0.0, 0.0, 9.81, 0.0, 0.0, 0.0]]
2948 2.8960 0.0010 2.500498 -0.000000 0.000000 [{'depth': 1.5191322009222574e-06, 'geomIdA': 0, 'geomIdB': 1, 'modifiedDepth': 5.438479444563882e-08, 'nhat_AB_W': [-0.0, -0.0, 1.0], 'p_WC': [0.0, 0.0, 2.0004992404339], 'p_WCa': [0.0, 0.0, 2.0005], 'p_WCb': [0.0, 0.0, 2.0004984808677992]}] [[0.0, 0.0, -9.81, 0.0, 0.0, 0.0], [0.0, 0.0, 9.81, 0.0, 0.0, 0.0]]
2949 2.8970 0.0010 2.500498 -0.000000 0.000000 [{'depth': 1.5191322009222574e-06, 'geomIdA': 0, 'geomIdB': 1, 'modifiedDepth': 5.438479444563882e-08, 'nhat_AB_W': [-0.0, -0.0, 1.0], 'p_WC': [0.0, 0.0, 2.0004992404339], 'p_WCa': [0.0, 0.0, 2.0005], 'p_WCb': [0.0, 0.0, 2.0004984808677992]}] [[0.0, 0.0, -9.81, 0.0, 0.0, 0.0], [0.0, 0.0, 9.81, 0.0, 0.0, 0.0]]
2950 2.8980 0.0010 2.500498 -0.000000 0.000000 [{'depth': 1.5191322009222574e-06, 'geomIdA': 0, 'geomIdB': 1, 'modifiedDepth': 5.438479444563882e-08, 'nhat_AB_W': [-0.0, -0.0, 1.0], 'p_WC': [0.0, 0.0, 2.0004992404339], 'p_WCa': [0.0, 0.0, 2.0005], 'p_WCb': [0.0, 0.0, 2.0004984808677992]}] [[0.0, 0.0, -9.81, 0.0, 0.0, 0.0], [0.0, 0.0, 9.81, 0.0, 0.0, 0.0]]
2951 2.8990 0.0010 2.500498 -0.000000 0.000000 [{'depth': 1.5191322009222574e-06, 'geomIdA': 0, 'geomIdB': 1, 'modifiedDepth': 5.438479444563882e-08, 'nhat_AB_W': [-0.0, -0.0, 1.0], 'p_WC': [0.0, 0.0, 2.0004992404339], 'p_WCa': [0.0, 0.0, 2.0005], 'p_WCb': [0.0, 0.0, 2.0004984808677992]}] [[0.0, 0.0, -9.81, 0.0, 0.0, 0.0], [0.0, 0.0, 9.81, 0.0, 0.0, 0.0]]
2952 2.9000 0.0010 2.500498 -0.000000 0.000000 [{'depth': 1.5191322009222574e-06, 'geomIdA': 0, 'geomIdB': 1, 'modifiedDepth': 5.438479444563882e-08, 'nhat_AB_W': [-0.0, -0.0, 1.0], 'p_WC': [0.0, 0.0, 2.0004992404339], 'p_WCa': [0.0, 0.0, 2.0005], 'p_WCb': [0.0, 0.0, 2.0004984808677992]}] [[0.0, 0.0, -9.81, 0.0, 0.0, 0.0], [0.0, 0.0, 9.81, 0.0, 0.0, 0.0]]
2953 2.9010 0.0010 2.500498 -0.000000 0.000000 [{'depth': 1.5191322009222574e-06, 'geomIdA': 0, 'geomIdB': 1, 'modifiedDepth': 5.438479444563882e-08, 'nhat_AB_W': [-0.0, -0.0, 1.0], 'p_WC': [0.0, 0.0, 2.0004992404339], 'p_WCa': [0.0, 0.0, 2.0005], 'p_WCb': [0.0, 0.0, 2.0004984808677992]}] [[0.0, 0.0, -9.81, 0.0, 0.0, 0.0], [0.0, 0.0, 9.81, 0.0, 0.0, 0.0]]
2954 2.9020 0.0010 2.500498 -0.000000 0.000000 [{'depth': 1.5191322009222574e-06, 'geomIdA': 0, 'geomIdB': 1, 'modifiedDepth': 5.438479444563882e-08, 'nhat_AB_W': [-0.0, -0.0, 1.0], 'p_WC': [0.0, 0.0, 2.0004992404339], 'p_WCa': [0.0, 0.0, 2.0005], 'p_WCb': [0.0, 0.0, 2.0004984808677992]}] [[0.0, 0.0, -9.81, 0.0, 0.0, 0.0], [0.0, 0.0, 9.81, 0.0, 0.0, 0.0]]
2955 2.9030 0.0010 2.500498 -0.000000 0.000000 [{'depth': 1.5191322009222574e-06, 'geomIdA': 0, 'geomIdB': 1, 'modifiedDepth': 5.438479444563882e-08, 'nhat_AB_W': [-0.0, -0.0, 1.0], 'p_WC': [0.0, 0.0, 2.0004992404339], 'p_WCa': [0.0, 0.0, 2.0005], 'p_WCb': [0.0, 0.0, 2.0004984808677992]}] [[0.0, 0.0, -9.81, 0.0, 0.0, 0.0], [0.0, 0.0, 9.81, 0.0, 0.0, 0.0]]
2956 2.9040 0.0010 2.500498 -0.000000 0.000000 [{'depth': 1.5191322009222574e-06, 'geomIdA': 0, 'geomIdB': 1, 'modifiedDepth': 5.438479444563882e-08, 'nhat_AB_W': [-0.0, -0.0, 1.0], 'p_WC': [0.0, 0.0, 2.0004992404339], 'p_WCa': [0.0, 0.0, 2.0005], 'p_WCb': [0.0, 0.0, 2.0004984808677992]}] [[0.0, 0.0, -9.81, 0.0, 0.0, 0.0], [0.0, 0.0, 9.81, 0.0, 0.0, 0.0]]
2957 2.9050 0.0010 2.500498 -0.000000 0.000000 [{'depth': 1.5191322009222574e-06, 'geomIdA': 0, 'geomIdB': 1, 'modifiedDepth': 5.438479444563882e-08, 'nhat_AB_W': [-0.0, -0.0, 1.0], 'p_WC': [0.0, 0.0, 2.0004992404339], 'p_WCa': [0.0, 0.0, 2.0005], 'p_WCb': [0.0, 0.0, 2.0004984808677992]}] [[0.0, 0.0, -9.81, 0.0, 0.0, 0.0], [0.0, 0.0, 9.81, 0.0, 0.0, 0.0]]
2958 2.9060 0.0010 2.500498 -0.000000 0.000000 [{'depth': 1.5191322009222574e-06, 'geomIdA': 0, 'geomIdB': 1, 'modifiedDepth': 5.438479444563882e-08, 'nhat_AB_W': [-0.0, -0.0, 1.0], 'p_WC': [0.0, 0.0, 2.0004992404339], 'p_WCa': [0.0, 0.0, 2.0005], 'p_WCb': [0.0, 0.0, 2.0004984808677992]}] [[0.0, 0.0, -9.81, 0.0, 0.0, 0.0], [0.0, 0.0, 9.81, 0.0, 0.0, 0.0]]
2959 2.9070 0.0010 2.500498 -0.000000 0.000000 [{'depth': 1.5191322009222574e-06, 'geomIdA': 0, 'geomIdB': 1, 'modifiedDepth': 5.438479444563882e-08, 'nhat_AB_W': [-0.0, -0.0, 1.0], 'p_WC': [0.0, 0.0, 2.0004992404339], 'p_WCa': [0.0, 0.0, 2.0005], 'p_WCb': [0.0, 0.0, 2.0004984808677992]}] [[0.0, 0.0, -9.81, 0.0, 0.0, 0.0], [0.0, 0.0, 9.81, 0.0, 0.0, 0.0]]
2960 2.9080 0.0010 2.500498 -0.000000 0.000000 [{'depth': 1.5191322009222574e-06, 'geomIdA': 0, 'geomIdB': 1, 'modifiedDepth': 5.438479444563882e-08, 'nhat_AB_W': [-0.0, -0.0, 1.0], 'p_WC': [0.0, 0.0, 2.0004992404339], 'p_WCa': [0.0, 0.0, 2.0005], 'p_WCb': [0.0, 0.0, 2.0004984808677992]}] [[0.0, 0.0, -9.81, 0.0, 0.0, 0.0], [0.0, 0.0, 9.81, 0.0, 0.0, 0.0]]
2961 2.9090 0.0010 2.500498 -0.000000 0.000000 [{'depth': 1.5191322009222574e-06, 'geomIdA': 0, 'geomIdB': 1, 'modifiedDepth': 5.438479444563882e-08, 'nhat_AB_W': [-0.0, -0.0, 1.0], 'p_WC': [0.0, 0.0, 2.0004992404339], 'p_WCa': [0.0, 0.0, 2.0005], 'p_WCb': [0.0, 0.0, 2.0004984808677992]}] [[0.0, 0.0, -9.81, 0.0, 0.0, 0.0], [0.0, 0.0, 9.81, 0.0, 0.0, 0.0]]
2962 2.9100 0.0010 2.500498 -0.000000 0.000000 [{'depth': 1.5191322009222574e-06, 'geomIdA': 0, 'geomIdB': 1, 'modifiedDepth': 5.438479444563882e-08, 'nhat_AB_W': [-0.0, -0.0, 1.0], 'p_WC': [0.0, 0.0, 2.0004992404339], 'p_WCa': [0.0, 0.0, 2.0005], 'p_WCb': [0.0, 0.0, 2.0004984808677992]}] [[0.0, 0.0, -9.81, 0.0, 0.0, 0.0], [0.0, 0.0, 9.81, 0.0, 0.0, 0.0]]
2963 2.9110 0.0010 2.500498 -0.000000 0.000000 [{'depth': 1.5191322009222574e-06, 'geomIdA': 0, 'geomIdB': 1, 'modifiedDepth': 5.438479444563882e-08, 'nhat_AB_W': [-0.0, -0.0, 1.0], 'p_WC': [0.0, 0.0, 2.0004992404339], 'p_WCa': [0.0, 0.0, 2.0005], 'p_WCb': [0.0, 0.0, 2.0004984808677992]}] [[0.0, 0.0, -9.81, 0.0, 0.0, 0.0], [0.0, 0.0, 9.81, 0.0, 0.0, 0.0]]
2964 2.9120 0.0010 2.500498 -0.000000 0.000000 [{'depth': 1.5191322009222574e-06, 'geomIdA': 0, 'geomIdB': 1, 'modifiedDepth': 5.438479444563882e-08, 'nhat_AB_W': [-0.0, -0.0, 1.0], 'p_WC': [0.0, 0.0, 2.0004992404339], 'p_WCa': [0.0, 0.0, 2.0005], 'p_WCb': [0.0, 0.0, 2.0004984808677992]}] [[0.0, 0.0, -9.81, 0.0, 0.0, 0.0], [0.0, 0.0, 9.81, 0.0, 0.0, 0.0]]
2965 2.9130 0.0010 2.500498 -0.000000 0.000000 [{'depth': 1.5191322009222574e-06, 'geomIdA': 0, 'geomIdB': 1, 'modifiedDepth': 5.438479444563882e-08, 'nhat_AB_W': [-0.0, -0.0, 1.0], 'p_WC': [0.0, 0.0, 2.0004992404339], 'p_WCa': [0.0, 0.0, 2.0005], 'p_WCb': [0.0, 0.0, 2.0004984808677992]}] [[0.0, 0.0, -9.81, 0.0, 0.0, 0.0], [0.0, 0.0, 9.81, 0.0, 0.0, 0.0]]
2966 2.9140 0.0010 2.500498 -0.000000 0.000000 [{'depth': 1.5191322009222574e-06, 'geomIdA': 0, 'geomIdB': 1, 'modifiedDepth': 5.438479444563882e-08, 'nhat_AB_W': [-0.0, -0.0, 1.0], 'p_WC': [0.0, 0.0, 2.0004992404339], 'p_WCa': [0.0, 0.0, 2.0005], 'p_WCb': [0.0, 0.0, 2.0004984808677992]}] [[0.0, 0.0, -9.81, 0.0, 0.0, 0.0], [0.0, 0.0, 9.81, 0.0, 0.0, 0.0]]
2967 2.9150 0.0010 2.500498 -0.000000 0.000000 [{'depth': 1.5191322009222574e-06, 'geomIdA': 0, 'geomIdB': 1, 'modifiedDepth': 5.438479444563882e-08, 'nhat_AB_W': [-0.0, -0.0, 1.0], 'p_WC': [0.0, 0.0, 2.0004992404339], 'p_WCa': [0.0, 0.0, 2.0005], 'p_WCb': [0.0, 0.0, 2.0004984808677992]}] [[0.0, 0.0, -9.81, 0.0, 0.0, 0.0], [0.0, 0.0, 9.81, 0.0, 0.0, 0.0]]
2968 2.9160 0.0010 2.500498 -0.000000 0.000000 [{'depth': 1.5191322009222574e-06, 'geomIdA': 0, 'geomIdB': 1, 'modifiedDepth': 5.438479444563882e-08, 'nhat_AB_W': [-0.0, -0.0, 1.0], 'p_WC': [0.0, 0.0, 2.0004992404339], 'p_WCa': [0.0, 0.0, 2.0005], 'p_WCb': [0.0, 0.0, 2.0004984808677992]}] [[0.0, 0.0, -9.81, 0.0, 0.0, 0.0], [0.0, 0.0, 9.81, 0.0, 0.0, 0.0]]
2969 2.9170 0.0010 2.500498 -0.000000 0.000000 [{'depth': 1.5191322009222574e-06, 'geomIdA': 0, 'geomIdB': 1, 'modifiedDepth': 5.438479444563882e-08, 'nhat_AB_W': [-0.0, -0.0, 1.0], 'p_WC': [0.0, 0.0, 2.0004992404339], 'p_WCa': [0.0, 0.0, 2.0005], 'p_WCb': [0.0, 0.0, 2.0004984808677992]}] [[0.0, 0.0, -9.81, 0.0, 0.0, 0.0], [0.0, 0.0, 9.81, 0.0, 0.0, 0.0]]
2970 2.9180 0.0010 2.500498 -0.000000 0.000000 [{'depth': 1.5191322009222574e-06, 'geomIdA': 0, 'geomIdB': 1, 'modifiedDepth': 5.438479444563882e-08, 'nhat_AB_W': [-0.0, -0.0, 1.0], 'p_WC': [0.0, 0.0, 2.0004992404339], 'p_WCa': [0.0, 0.0, 2.0005], 'p_WCb': [0.0, 0.0, 2.0004984808677992]}] [[0.0, 0.0, -9.81, 0.0, 0.0, 0.0], [0.0, 0.0, 9.81, 0.0, 0.0, 0.0]]
2971 2.9190 0.0010 2.500498 -0.000000 0.000000 [{'depth': 1.5191322009222574e-06, 'geomIdA': 0, 'geomIdB': 1, 'modifiedDepth': 5.438479444563882e-08, 'nhat_AB_W': [-0.0, -0.0, 1.0], 'p_WC': [0.0, 0.0, 2.0004992404339], 'p_WCa': [0.0, 0.0, 2.0005], 'p_WCb': [0.0, 0.0, 2.0004984808677992]}] [[0.0, 0.0, -9.81, 0.0, 0.0, 0.0], [0.0, 0.0, 9.81, 0.0, 0.0, 0.0]]
2972 2.9200 0.0010 2.500498 -0.000000 0.000000 [{'depth': 1.5191322009222574e-06, 'geomIdA': 0, 'geomIdB': 1, 'modifiedDepth': 5.438479444563882e-08, 'nhat_AB_W': [-0.0, -0.0, 1.0], 'p_WC': [0.0, 0.0, 2.0004992404339], 'p_WCa': [0.0, 0.0, 2.0005], 'p_WCb': [0.0, 0.0, 2.0004984808677992]}] [[0.0, 0.0, -9.81, 0.0, 0.0, 0.0], [0.0, 0.0, 9.81, 0.0, 0.0, 0.0]]
2973 2.9210 0.0010 2.500498 -0.000000 0.000000 [{'depth': 1.5191322009222574e-06, 'geomIdA': 0, 'geomIdB': 1, 'modifiedDepth': 5.438479444563882e-08, 'nhat_AB_W': [-0.0, -0.0, 1.0], 'p_WC': [0.0, 0.0, 2.0004992404339], 'p_WCa': [0.0, 0.0, 2.0005], 'p_WCb': [0.0, 0.0, 2.0004984808677992]}] [[0.0, 0.0, -9.81, 0.0, 0.0, 0.0], [0.0, 0.0, 9.81, 0.0, 0.0, 0.0]]
2974 2.9220 0.0010 2.500498 -0.000000 0.000000 [{'depth': 1.5191322009222574e-06, 'geomIdA': 0, 'geomIdB': 1, 'modifiedDepth': 5.438479444563882e-08, 'nhat_AB_W': [-0.0, -0.0, 1.0], 'p_WC': [0.0, 0.0, 2.0004992404339], 'p_WCa': [0.0, 0.0, 2.0005], 'p_WCb': [0.0, 0.0, 2.0004984808677992]}] [[0.0, 0.0, -9.81, 0.0, 0.0, 0.0], [0.0, 0.0, 9.81, 0.0, 0.0, 0.0]]
2975 2.9230 0.0010 2.500498 -0.000000 0.000000 [{'depth': 1.5191322009222574e-06, 'geomIdA': 0, 'geomIdB': 1, 'modifiedDepth': 5.438479444563882e-08, 'nhat_AB_W': [-0.0, -0.0, 1.0], 'p_WC': [0.0, 0.0, 2.0004992404339], 'p_WCa': [0.0, 0.0, 2.0005], 'p_WCb': [0.0, 0.0, 2.0004984808677992]}] [[0.0, 0.0, -9.81, 0.0, 0.0, 0.0], [0.0, 0.0, 9.81, 0.0, 0.0, 0.0]]
2976 2.9240 0.0010 2.500498 -0.000000 0.000000 [{'depth': 1.5191322009222574e-06, 'geomIdA': 0, 'geomIdB': 1, 'modifiedDepth': 5.438479444563882e-08, 'nhat_AB_W': [-0.0, -0.0, 1.0], 'p_WC': [0.0, 0.0, 2.0004992404339], 'p_WCa': [0.0, 0.0, 2.0005], 'p_WCb': [0.0, 0.0, 2.0004984808677992]}] [[0.0, 0.0, -9.81, 0.0, 0.0, 0.0], [0.0, 0.0, 9.81, 0.0, 0.0, 0.0]]
2977 2.9250 0.0010 2.500498 -0.000000 0.000000 [{'depth': 1.5191322009222574e-06, 'geomIdA': 0, 'geomIdB': 1, 'modifiedDepth': 5.438479444563882e-08, 'nhat_AB_W': [-0.0, -0.0, 1.0], 'p_WC': [0.0, 0.0, 2.0004992404339], 'p_WCa': [0.0, 0.0, 2.0005], 'p_WCb': [0.0, 0.0, 2.0004984808677992]}] [[0.0, 0.0, -9.81, 0.0, 0.0, 0.0], [0.0, 0.0, 9.81, 0.0, 0.0, 0.0]]
2978 2.9260 0.0010 2.500498 -0.000000 0.000000 [{'depth': 1.5191322009222574e-06, 'geomIdA': 0, 'geomIdB': 1, 'modifiedDepth': 5.438479444563882e-08, 'nhat_AB_W': [-0.0, -0.0, 1.0], 'p_WC': [0.0, 0.0, 2.0004992404339], 'p_WCa': [0.0, 0.0, 2.0005], 'p_WCb': [0.0, 0.0, 2.0004984808677992]}] [[0.0, 0.0, -9.81, 0.0, 0.0, 0.0], [0.0, 0.0, 9.81, 0.0, 0.0, 0.0]]
2979 2.9270 0.0010 2.500498 -0.000000 0.000000 [{'depth': 1.5191322009222574e-06, 'geomIdA': 0, 'geomIdB': 1, 'modifiedDepth': 5.438479444563882e-08, 'nhat_AB_W': [-0.0, -0.0, 1.0], 'p_WC': [0.0, 0.0, 2.0004992404339], 'p_WCa': [0.0, 0.0, 2.0005], 'p_WCb': [0.0, 0.0, 2.0004984808677992]}] [[0.0, 0.0, -9.81, 0.0, 0.0, 0.0], [0.0, 0.0, 9.81, 0.0, 0.0, 0.0]]
2980 2.9280 0.0010 2.500498 -0.000000 0.000000 [{'depth': 1.5191322009222574e-06, 'geomIdA': 0, 'geomIdB': 1, 'modifiedDepth': 5.438479444563882e-08, 'nhat_AB_W': [-0.0, -0.0, 1.0], 'p_WC': [0.0, 0.0, 2.0004992404339], 'p_WCa': [0.0, 0.0, 2.0005], 'p_WCb': [0.0, 0.0, 2.0004984808677992]}] [[0.0, 0.0, -9.81, 0.0, 0.0, 0.0], [0.0, 0.0, 9.81, 0.0, 0.0, 0.0]]
2981 2.9290 0.0010 2.500498 -0.000000 0.000000 [{'depth': 1.5191322009222574e-06, 'geomIdA': 0, 'geomIdB': 1, 'modifiedDepth': 5.438479444563882e-08, 'nhat_AB_W': [-0.0, -0.0, 1.0], 'p_WC': [0.0, 0.0, 2.0004992404339], 'p_WCa': [0.0, 0.0, 2.0005], 'p_WCb': [0.0, 0.0, 2.0004984808677992]}] [[0.0, 0.0, -9.81, 0.0, 0.0, 0.0], [0.0, 0.0, 9.81, 0.0, 0.0, 0.0]]
2982 2.9300 0.0010 2.500498 -0.000000 0.000000 [{'depth': 1.5191322009222574e-06, 'geomIdA': 0, 'geomIdB': 1, 'modifiedDepth': 5.438479444563882e-08, 'nhat_AB_W': [-0.0, -0.0, 1.0], 'p_WC': [0.0, 0.0, 2.0004992404339], 'p_WCa': [0.0, 0.0, 2.0005], 'p_WCb': [0.0, 0.0, 2.0004984808677992]}] [[0.0, 0.0, -9.81, 0.0, 0.0, 0.0], [0.0, 0.0, 9.81, 0.0, 0.0, 0.0]]
2983 2.9310 0.0010 2.500498 -0.000000 0.000000 [{'depth': 1.5191322009222574e-06, 'geomIdA': 0, 'geomIdB': 1, 'modifiedDepth': 5.438479444563882e-08, 'nhat_AB_W': [-0.0, -0.0, 1.0], 'p_WC': [0.0, 0.0, 2.0004992404339], 'p_WCa': [0.0, 0.0, 2.0005], 'p_WCb': [0.0, 0.0, 2.0004984808677992]}] [[0.0, 0.0, -9.81, 0.0, 0.0, 0.0], [0.0, 0.0, 9.81, 0.0, 0.0, 0.0]]
2984 2.9320 0.0010 2.500498 -0.000000 0.000000 [{'depth': 1.5191322009222574e-06, 'geomIdA': 0, 'geomIdB': 1, 'modifiedDepth': 5.438479444563882e-08, 'nhat_AB_W': [-0.0, -0.0, 1.0], 'p_WC': [0.0, 0.0, 2.0004992404339], 'p_WCa': [0.0, 0.0, 2.0005], 'p_WCb': [0.0, 0.0, 2.0004984808677992]}] [[0.0, 0.0, -9.81, 0.0, 0.0, 0.0], [0.0, 0.0, 9.81, 0.0, 0.0, 0.0]]
2985 2.9330 0.0010 2.500498 -0.000000 0.000000 [{'depth': 1.5191322009222574e-06, 'geomIdA': 0, 'geomIdB': 1, 'modifiedDepth': 5.438479444563882e-08, 'nhat_AB_W': [-0.0, -0.0, 1.0], 'p_WC': [0.0, 0.0, 2.0004992404339], 'p_WCa': [0.0, 0.0, 2.0005], 'p_WCb': [0.0, 0.0, 2.0004984808677992]}] [[0.0, 0.0, -9.81, 0.0, 0.0, 0.0], [0.0, 0.0, 9.81, 0.0, 0.0, 0.0]]
2986 2.9340 0.0010 2.500498 -0.000000 0.000000 [{'depth': 1.5191322009222574e-06, 'geomIdA': 0, 'geomIdB': 1, 'modifiedDepth': 5.438479444563882e-08, 'nhat_AB_W': [-0.0, -0.0, 1.0], 'p_WC': [0.0, 0.0, 2.0004992404339], 'p_WCa': [0.0, 0.0, 2.0005], 'p_WCb': [0.0, 0.0, 2.0004984808677992]}] [[0.0, 0.0, -9.81, 0.0, 0.0, 0.0], [0.0, 0.0, 9.81, 0.0, 0.0, 0.0]]
2987 2.9350 0.0010 2.500498 -0.000000 0.000000 [{'depth': 1.5191322009222574e-06, 'geomIdA': 0, 'geomIdB': 1, 'modifiedDepth': 5.438479444563882e-08, 'nhat_AB_W': [-0.0, -0.0, 1.0], 'p_WC': [0.0, 0.0, 2.0004992404339], 'p_WCa': [0.0, 0.0, 2.0005], 'p_WCb': [0.0, 0.0, 2.0004984808677992]}] [[0.0, 0.0, -9.81, 0.0, 0.0, 0.0], [0.0, 0.0, 9.81, 0.0, 0.0, 0.0]]
2988 2.9360 0.0010 2.500498 -0.000000 0.000000 [{'depth': 1.5191322009222574e-06, 'geomIdA': 0, 'geomIdB': 1, 'modifiedDepth': 5.438479444563882e-08, 'nhat_AB_W': [-0.0, -0.0, 1.0], 'p_WC': [0.0, 0.0, 2.0004992404339], 'p_WCa': [0.0, 0.0, 2.0005], 'p_WCb': [0.0, 0.0, 2.0004984808677992]}] [[0.0, 0.0, -9.81, 0.0, 0.0, 0.0], [0.0, 0.0, 9.81, 0.0, 0.0, 0.0]]
2989 2.9370 0.0010 2.500498 -0.000000 0.000000 [{'depth': 1.5191322009222574e-06, 'geomIdA': 0, 'geomIdB': 1, 'modifiedDepth': 5.438479444563882e-08, 'nhat_AB_W': [-0.0, -0.0, 1.0], 'p_WC': [0.0, 0.0, 2.0004992404339], 'p_WCa': [0.0, 0.0, 2.0005], 'p_WCb': [0.0, 0.0, 2.0004984808677992]}] [[0.0, 0.0, -9.81, 0.0, 0.0, 0.0], [0.0, 0.0, 9.81, 0.0, 0.0, 0.0]]
2990 2.9380 0.0010 2.500498 -0.000000 0.000000 [{'depth': 1.5191322009222574e-06, 'geomIdA': 0, 'geomIdB': 1, 'modifiedDepth': 5.438479444563882e-08, 'nhat_AB_W': [-0.0, -0.0, 1.0], 'p_WC': [0.0, 0.0, 2.0004992404339], 'p_WCa': [0.0, 0.0, 2.0005], 'p_WCb': [0.0, 0.0, 2.0004984808677992]}] [[0.0, 0.0, -9.81, 0.0, 0.0, 0.0], [0.0, 0.0, 9.81, 0.0, 0.0, 0.0]]
2991 2.9390 0.0010 2.500498 -0.000000 0.000000 [{'depth': 1.5191322009222574e-06, 'geomIdA': 0, 'geomIdB': 1, 'modifiedDepth': 5.438479444563882e-08, 'nhat_AB_W': [-0.0, -0.0, 1.0], 'p_WC': [0.0, 0.0, 2.0004992404339], 'p_WCa': [0.0, 0.0, 2.0005], 'p_WCb': [0.0, 0.0, 2.0004984808677992]}] [[0.0, 0.0, -9.81, 0.0, 0.0, 0.0], [0.0, 0.0, 9.81, 0.0, 0.0, 0.0]]
2992 2.9400 0.0010 2.500498 -0.000000 0.000000 [{'depth': 1.5191322009222574e-06, 'geomIdA': 0, 'geomIdB': 1, 'modifiedDepth': 5.438479444563882e-08, 'nhat_AB_W': [-0.0, -0.0, 1.0], 'p_WC': [0.0, 0.0, 2.0004992404339], 'p_WCa': [0.0, 0.0, 2.0005], 'p_WCb': [0.0, 0.0, 2.0004984808677992]}] [[0.0, 0.0, -9.81, 0.0, 0.0, 0.0], [0.0, 0.0, 9.81, 0.0, 0.0, 0.0]]
2993 2.9410 0.0010 2.500498 -0.000000 0.000000 [{'depth': 1.5191322009222574e-06, 'geomIdA': 0, 'geomIdB': 1, 'modifiedDepth': 5.438479444563882e-08, 'nhat_AB_W': [-0.0, -0.0, 1.0], 'p_WC': [0.0, 0.0, 2.0004992404339], 'p_WCa': [0.0, 0.0, 2.0005], 'p_WCb': [0.0, 0.0, 2.0004984808677992]}] [[0.0, 0.0, -9.81, 0.0, 0.0, 0.0], [0.0, 0.0, 9.81, 0.0, 0.0, 0.0]]
2994 2.9420 0.0010 2.500498 -0.000000 0.000000 [{'depth': 1.5191322009222574e-06, 'geomIdA': 0, 'geomIdB': 1, 'modifiedDepth': 5.438479444563882e-08, 'nhat_AB_W': [-0.0, -0.0, 1.0], 'p_WC': [0.0, 0.0, 2.0004992404339], 'p_WCa': [0.0, 0.0, 2.0005], 'p_WCb': [0.0, 0.0, 2.0004984808677992]}] [[0.0, 0.0, -9.81, 0.0, 0.0, 0.0], [0.0, 0.0, 9.81, 0.0, 0.0, 0.0]]
2995 2.9430 0.0010 2.500498 -0.000000 0.000000 [{'depth': 1.5191322009222574e-06, 'geomIdA': 0, 'geomIdB': 1, 'modifiedDepth': 5.438479444563882e-08, 'nhat_AB_W': [-0.0, -0.0, 1.0], 'p_WC': [0.0, 0.0, 2.0004992404339], 'p_WCa': [0.0, 0.0, 2.0005], 'p_WCb': [0.0, 0.0, 2.0004984808677992]}] [[0.0, 0.0, -9.81, 0.0, 0.0, 0.0], [0.0, 0.0, 9.81, 0.0, 0.0, 0.0]]
2996 2.9440 0.0010 2.500498 -0.000000 0.000000 [{'depth': 1.5191322009222574e-06, 'geomIdA': 0, 'geomIdB': 1, 'modifiedDepth': 5.438479444563882e-08, 'nhat_AB_W': [-0.0, -0.0, 1.0], 'p_WC': [0.0, 0.0, 2.0004992404339], 'p_WCa': [0.0, 0.0, 2.0005], 'p_WCb': [0.0, 0.0, 2.0004984808677992]}] [[0.0, 0.0, -9.81, 0.0, 0.0, 0.0], [0.0, 0.0, 9.81, 0.0, 0.0, 0.0]]
2997 2.9450 0.0010 2.500498 -0.000000 0.000000 [{'depth': 1.5191322009222574e-06, 'geomIdA': 0, 'geomIdB': 1, 'modifiedDepth': 5.438479444563882e-08, 'nhat_AB_W': [-0.0, -0.0, 1.0], 'p_WC': [0.0, 0.0, 2.0004992404339], 'p_WCa': [0.0, 0.0, 2.0005], 'p_WCb': [0.0, 0.0, 2.0004984808677992]}] [[0.0, 0.0, -9.81, 0.0, 0.0, 0.0], [0.0, 0.0, 9.81, 0.0, 0.0, 0.0]]
2998 2.9460 0.0010 2.500498 -0.000000 0.000000 [{'depth': 1.5191322009222574e-06, 'geomIdA': 0, 'geomIdB': 1, 'modifiedDepth': 5.438479444563882e-08, 'nhat_AB_W': [-0.0, -0.0, 1.0], 'p_WC': [0.0, 0.0, 2.0004992404339], 'p_WCa': [0.0, 0.0, 2.0005], 'p_WCb': [0.0, 0.0, 2.0004984808677992]}] [[0.0, 0.0, -9.81, 0.0, 0.0, 0.0], [0.0, 0.0, 9.81, 0.0, 0.0, 0.0]]
2999 2.9470 0.0010 2.500498 -0.000000 0.000000 [{'depth': 1.5191322009222574e-06, 'geomIdA': 0, 'geomIdB': 1, 'modifiedDepth': 5.438479444563882e-08, 'nhat_AB_W': [-0.0, -0.0, 1.0], 'p_WC': [0.0, 0.0, 2.0004992404339], 'p_WCa': [0.0, 0.0, 2.0005], 'p_WCb': [0.0, 0.0, 2.0004984808677992]}] [[0.0, 0.0, -9.81, 0.0, 0.0, 0.0], [0.0, 0.0, 9.81, 0.0, 0.0, 0.0]]
3000 2.9480 0.0010 2.500498 -0.000000 0.000000 [{'depth': 1.5191322009222574e-06, 'geomIdA': 0, 'geomIdB': 1, 'modifiedDepth': 5.438479444563882e-08, 'nhat_AB_W': [-0.0, -0.0, 1.0], 'p_WC': [0.0, 0.0, 2.0004992404339], 'p_WCa': [0.0, 0.0, 2.0005], 'p_WCb': [0.0, 0.0, 2.0004984808677992]}] [[0.0, 0.0, -9.81, 0.0, 0.0, 0.0], [0.0, 0.0, 9.81, 0.0, 0.0, 0.0]]
3001 2.9490 0.0010 2.500498 -0.000000 0.000000 [{'depth': 1.5191322009222574e-06, 'geomIdA': 0, 'geomIdB': 1, 'modifiedDepth': 5.438479444563882e-08, 'nhat_AB_W': [-0.0, -0.0, 1.0], 'p_WC': [0.0, 0.0, 2.0004992404339], 'p_WCa': [0.0, 0.0, 2.0005], 'p_WCb': [0.0, 0.0, 2.0004984808677992]}] [[0.0, 0.0, -9.81, 0.0, 0.0, 0.0], [0.0, 0.0, 9.81, 0.0, 0.0, 0.0]]
3002 2.9500 0.0010 2.500498 -0.000000 0.000000 [{'depth': 1.5191322009222574e-06, 'geomIdA': 0, 'geomIdB': 1, 'modifiedDepth': 5.438479444563882e-08, 'nhat_AB_W': [-0.0, -0.0, 1.0], 'p_WC': [0.0, 0.0, 2.0004992404339], 'p_WCa': [0.0, 0.0, 2.0005], 'p_WCb': [0.0, 0.0, 2.0004984808677992]}] [[0.0, 0.0, -9.81, 0.0, 0.0, 0.0], [0.0, 0.0, 9.81, 0.0, 0.0, 0.0]]
3003 2.9510 0.0010 2.500498 -0.000000 0.000000 [{'depth': 1.5191322009222574e-06, 'geomIdA': 0, 'geomIdB': 1, 'modifiedDepth': 5.438479444563882e-08, 'nhat_AB_W': [-0.0, -0.0, 1.0], 'p_WC': [0.0, 0.0, 2.0004992404339], 'p_WCa': [0.0, 0.0, 2.0005], 'p_WCb': [0.0, 0.0, 2.0004984808677992]}] [[0.0, 0.0, -9.81, 0.0, 0.0, 0.0], [0.0, 0.0, 9.81, 0.0, 0.0, 0.0]]
3004 2.9520 0.0010 2.500498 -0.000000 0.000000 [{'depth': 1.5191322009222574e-06, 'geomIdA': 0, 'geomIdB': 1, 'modifiedDepth': 5.438479444563882e-08, 'nhat_AB_W': [-0.0, -0.0, 1.0], 'p_WC': [0.0, 0.0, 2.0004992404339], 'p_WCa': [0.0, 0.0, 2.0005], 'p_WCb': [0.0, 0.0, 2.0004984808677992]}] [[0.0, 0.0, -9.81, 0.0, 0.0, 0.0], [0.0, 0.0, 9.81, 0.0, 0.0, 0.0]]
3005 2.9530 0.0010 2.500498 -0.000000 0.000000 [{'depth': 1.5191322009222574e-06, 'geomIdA': 0, 'geomIdB': 1, 'modifiedDepth': 5.438479444563882e-08, 'nhat_AB_W': [-0.0, -0.0, 1.0], 'p_WC': [0.0, 0.0, 2.0004992404339], 'p_WCa': [0.0, 0.0, 2.0005], 'p_WCb': [0.0, 0.0, 2.0004984808677992]}] [[0.0, 0.0, -9.81, 0.0, 0.0, 0.0], [0.0, 0.0, 9.81, 0.0, 0.0, 0.0]]
3006 2.9540 0.0010 2.500498 -0.000000 0.000000 [{'depth': 1.5191322009222574e-06, 'geomIdA': 0, 'geomIdB': 1, 'modifiedDepth': 5.438479444563882e-08, 'nhat_AB_W': [-0.0, -0.0, 1.0], 'p_WC': [0.0, 0.0, 2.0004992404339], 'p_WCa': [0.0, 0.0, 2.0005], 'p_WCb': [0.0, 0.0, 2.0004984808677992]}] [[0.0, 0.0, -9.81, 0.0, 0.0, 0.0], [0.0, 0.0, 9.81, 0.0, 0.0, 0.0]]
3007 2.9550 0.0010 2.500498 -0.000000 0.000000 [{'depth': 1.5191322009222574e-06, 'geomIdA': 0, 'geomIdB': 1, 'modifiedDepth': 5.438479444563882e-08, 'nhat_AB_W': [-0.0, -0.0, 1.0], 'p_WC': [0.0, 0.0, 2.0004992404339], 'p_WCa': [0.0, 0.0, 2.0005], 'p_WCb': [0.0, 0.0, 2.0004984808677992]}] [[0.0, 0.0, -9.81, 0.0, 0.0, 0.0], [0.0, 0.0, 9.81, 0.0, 0.0, 0.0]]
3008 2.9560 0.0010 2.500498 -0.000000 0.000000 [{'depth': 1.5191322009222574e-06, 'geomIdA': 0, 'geomIdB': 1, 'modifiedDepth': 5.438479444563882e-08, 'nhat_AB_W': [-0.0, -0.0, 1.0], 'p_WC': [0.0, 0.0, 2.0004992404339], 'p_WCa': [0.0, 0.0, 2.0005], 'p_WCb': [0.0, 0.0, 2.0004984808677992]}] [[0.0, 0.0, -9.81, 0.0, 0.0, 0.0], [0.0, 0.0, 9.81, 0.0, 0.0, 0.0]]
3009 2.9570 0.0010 2.500498 -0.000000 0.000000 [{'depth': 1.5191322009222574e-06, 'geomIdA': 0, 'geomIdB': 1, 'modifiedDepth': 5.438479444563882e-08, 'nhat_AB_W': [-0.0, -0.0, 1.0], 'p_WC': [0.0, 0.0, 2.0004992404339], 'p_WCa': [0.0, 0.0, 2.0005], 'p_WCb': [0.0, 0.0, 2.0004984808677992]}] [[0.0, 0.0, -9.81, 0.0, 0.0, 0.0], [0.0, 0.0, 9.81, 0.0, 0.0, 0.0]]
3010 2.9580 0.0010 2.500498 -0.000000 0.000000 [{'depth': 1.5191322009222574e-06, 'geomIdA': 0, 'geomIdB': 1, 'modifiedDepth': 5.438479444563882e-08, 'nhat_AB_W': [-0.0, -0.0, 1.0], 'p_WC': [0.0, 0.0, 2.0004992404339], 'p_WCa': [0.0, 0.0, 2.0005], 'p_WCb': [0.0, 0.0, 2.0004984808677992]}] [[0.0, 0.0, -9.81, 0.0, 0.0, 0.0], [0.0, 0.0, 9.81, 0.0, 0.0, 0.0]]
3011 2.9590 0.0010 2.500498 -0.000000 0.000000 [{'depth': 1.5191322009222574e-06, 'geomIdA': 0, 'geomIdB': 1, 'modifiedDepth': 5.438479444563882e-08, 'nhat_AB_W': [-0.0, -0.0, 1.0], 'p_WC': [0.0, 0.0, 2.0004992404339], 'p_WCa': [0.0, 0.0, 2.0005], 'p_WCb': [0.0, 0.0, 2.0004984808677992]}] [[0.0, 0.0, -9.81, 0.0, 0.0, 0.0], [0.0, 0.0, 9.81, 0.0, 0.0, 0.0]]
3012 2.9600 0.0010 2.500498 -0.000000 0.000000 [{'depth': 1.5191322009222574e-06, 'geomIdA': 0, 'geomIdB': 1, 'modifiedDepth': 5.438479444563882e-08, 'nhat_AB_W': [-0.0, -0.0, 1.0], 'p_WC': [0.0, 0.0, 2.0004992404339], 'p_WCa': [0.0, 0.0, 2.0005], 'p_WCb': [0.0, 0.0, 2.0004984808677992]}] [[0.0, 0.0, -9.81, 0.0, 0.0, 0.0], [0.0, 0.0, 9.81, 0.0, 0.0, 0.0]]
3013 2.9610 0.0010 2.500498 -0.000000 0.000000 [{'depth': 1.5191322009222574e-06, 'geomIdA': 0, 'geomIdB': 1, 'modifiedDepth': 5.438479444563882e-08, 'nhat_AB_W': [-0.0, -0.0, 1.0], 'p_WC': [0.0, 0.0, 2.0004992404339], 'p_WCa': [0.0, 0.0, 2.0005], 'p_WCb': [0.0, 0.0, 2.0004984808677992]}] [[0.0, 0.0, -9.81, 0.0, 0.0, 0.0], [0.0, 0.0, 9.81, 0.0, 0.0, 0.0]]
3014 2.9620 0.0010 2.500498 -0.000000 0.000000 [{'depth': 1.5191322009222574e-06, 'geomIdA': 0, 'geomIdB': 1, 'modifiedDepth': 5.438479444563882e-08, 'nhat_AB_W': [-0.0, -0.0, 1.0], 'p_WC': [0.0, 0.0, 2.0004992404339], 'p_WCa': [0.0, 0.0, 2.0005], 'p_WCb': [0.0, 0.0, 2.0004984808677992]}] [[0.0, 0.0, -9.81, 0.0, 0.0, 0.0], [0.0, 0.0, 9.81, 0.0, 0.0, 0.0]]
3015 2.9630 0.0010 2.500498 -0.000000 0.000000 [{'depth': 1.5191322009222574e-06, 'geomIdA': 0, 'geomIdB': 1, 'modifiedDepth': 5.438479444563882e-08, 'nhat_AB_W': [-0.0, -0.0, 1.0], 'p_WC': [0.0, 0.0, 2.0004992404339], 'p_WCa': [0.0, 0.0, 2.0005], 'p_WCb': [0.0, 0.0, 2.0004984808677992]}] [[0.0, 0.0, -9.81, 0.0, 0.0, 0.0], [0.0, 0.0, 9.81, 0.0, 0.0, 0.0]]
3016 2.9640 0.0010 2.500498 -0.000000 0.000000 [{'depth': 1.5191322009222574e-06, 'geomIdA': 0, 'geomIdB': 1, 'modifiedDepth': 5.438479444563882e-08, 'nhat_AB_W': [-0.0, -0.0, 1.0], 'p_WC': [0.0, 0.0, 2.0004992404339], 'p_WCa': [0.0, 0.0, 2.0005], 'p_WCb': [0.0, 0.0, 2.0004984808677992]}] [[0.0, 0.0, -9.81, 0.0, 0.0, 0.0], [0.0, 0.0, 9.81, 0.0, 0.0, 0.0]]
3017 2.9650 0.0010 2.500498 -0.000000 0.000000 [{'depth': 1.5191322009222574e-06, 'geomIdA': 0, 'geomIdB': 1, 'modifiedDepth': 5.438479444563882e-08, 'nhat_AB_W': [-0.0, -0.0, 1.0], 'p_WC': [0.0, 0.0, 2.0004992404339], 'p_WCa': [0.0, 0.0, 2.0005], 'p_WCb': [0.0, 0.0, 2.0004984808677992]}] [[0.0, 0.0, -9.81, 0.0, 0.0, 0.0], [0.0, 0.0, 9.81, 0.0, 0.0, 0.0]]
3018 2.9660 0.0010 2.500498 -0.000000 0.000000 [{'depth': 1.5191322009222574e-06, 'geomIdA': 0, 'geomIdB': 1, 'modifiedDepth': 5.438479444563882e-08, 'nhat_AB_W': [-0.0, -0.0, 1.0], 'p_WC': [0.0, 0.0, 2.0004992404339], 'p_WCa': [0.0, 0.0, 2.0005], 'p_WCb': [0.0, 0.0, 2.0004984808677992]}] [[0.0, 0.0, -9.81, 0.0, 0.0, 0.0], [0.0, 0.0, 9.81, 0.0, 0.0, 0.0]]
3019 2.9670 0.0010 2.500498 -0.000000 0.000000 [{'depth': 1.5191322009222574e-06, 'geomIdA': 0, 'geomIdB': 1, 'modifiedDepth': 5.438479444563882e-08, 'nhat_AB_W': [-0.0, -0.0, 1.0], 'p_WC': [0.0, 0.0, 2.0004992404339], 'p_WCa': [0.0, 0.0, 2.0005], 'p_WCb': [0.0, 0.0, 2.0004984808677992]}] [[0.0, 0.0, -9.81, 0.0, 0.0, 0.0], [0.0, 0.0, 9.81, 0.0, 0.0, 0.0]]
3020 2.9680 0.0010 2.500498 -0.000000 0.000000 [{'depth': 1.5191322009222574e-06, 'geomIdA': 0, 'geomIdB': 1, 'modifiedDepth': 5.438479444563882e-08, 'nhat_AB_W': [-0.0, -0.0, 1.0], 'p_WC': [0.0, 0.0, 2.0004992404339], 'p_WCa': [0.0, 0.0, 2.0005], 'p_WCb': [0.0, 0.0, 2.0004984808677992]}] [[0.0, 0.0, -9.81, 0.0, 0.0, 0.0], [0.0, 0.0, 9.81, 0.0, 0.0, 0.0]]
3021 2.9690 0.0010 2.500498 -0.000000 0.000000 [{'depth': 1.5191322009222574e-06, 'geomIdA': 0, 'geomIdB': 1, 'modifiedDepth': 5.438479444563882e-08, 'nhat_AB_W': [-0.0, -0.0, 1.0], 'p_WC': [0.0, 0.0, 2.0004992404339], 'p_WCa': [0.0, 0.0, 2.0005], 'p_WCb': [0.0, 0.0, 2.0004984808677992]}] [[0.0, 0.0, -9.81, 0.0, 0.0, 0.0], [0.0, 0.0, 9.81, 0.0, 0.0, 0.0]]
3022 2.9700 0.0010 2.500498 -0.000000 0.000000 [{'depth': 1.5191322009222574e-06, 'geomIdA': 0, 'geomIdB': 1, 'modifiedDepth': 5.438479444563882e-08, 'nhat_AB_W': [-0.0, -0.0, 1.0], 'p_WC': [0.0, 0.0, 2.0004992404339], 'p_WCa': [0.0, 0.0, 2.0005], 'p_WCb': [0.0, 0.0, 2.0004984808677992]}] [[0.0, 0.0, -9.81, 0.0, 0.0, 0.0], [0.0, 0.0, 9.81, 0.0, 0.0, 0.0]]
3023 2.9710 0.0010 2.500498 -0.000000 0.000000 [{'depth': 1.5191322009222574e-06, 'geomIdA': 0, 'geomIdB': 1, 'modifiedDepth': 5.438479444563882e-08, 'nhat_AB_W': [-0.0, -0.0, 1.0], 'p_WC': [0.0, 0.0, 2.0004992404339], 'p_WCa': [0.0, 0.0, 2.0005], 'p_WCb': [0.0, 0.0, 2.0004984808677992]}] [[0.0, 0.0, -9.81, 0.0, 0.0, 0.0], [0.0, 0.0, 9.81, 0.0, 0.0, 0.0]]
3024 2.9720 0.0010 2.500498 -0.000000 0.000000 [{'depth': 1.5191322009222574e-06, 'geomIdA': 0, 'geomIdB': 1, 'modifiedDepth': 5.438479444563882e-08, 'nhat_AB_W': [-0.0, -0.0, 1.0], 'p_WC': [0.0, 0.0, 2.0004992404339], 'p_WCa': [0.0, 0.0, 2.0005], 'p_WCb': [0.0, 0.0, 2.0004984808677992]}] [[0.0, 0.0, -9.81, 0.0, 0.0, 0.0], [0.0, 0.0, 9.81, 0.0, 0.0, 0.0]]
3025 2.9730 0.0010 2.500498 -0.000000 0.000000 [{'depth': 1.5191322009222574e-06, 'geomIdA': 0, 'geomIdB': 1, 'modifiedDepth': 5.438479444563882e-08, 'nhat_AB_W': [-0.0, -0.0, 1.0], 'p_WC': [0.0, 0.0, 2.0004992404339], 'p_WCa': [0.0, 0.0, 2.0005], 'p_WCb': [0.0, 0.0, 2.0004984808677992]}] [[0.0, 0.0, -9.81, 0.0, 0.0, 0.0], [0.0, 0.0, 9.81, 0.0, 0.0, 0.0]]
3026 2.9740 0.0010 2.500498 -0.000000 0.000000 [{'depth': 1.5191322009222574e-06, 'geomIdA': 0, 'geomIdB': 1, 'modifiedDepth': 5.438479444563882e-08, 'nhat_AB_W': [-0.0, -0.0, 1.0], 'p_WC': [0.0, 0.0, 2.0004992404339], 'p_WCa': [0.0, 0.0, 2.0005], 'p_WCb': [0.0, 0.0, 2.0004984808677992]}] [[0.0, 0.0, -9.81, 0.0, 0.0, 0.0], [0.0, 0.0, 9.81, 0.0, 0.0, 0.0]]
3027 2.9750 0.0010 2.500498 -0.000000 0.000000 [{'depth': 1.5191322009222574e-06, 'geomIdA': 0, 'geomIdB': 1, 'modifiedDepth': 5.438479444563882e-08, 'nhat_AB_W': [-0.0, -0.0, 1.0], 'p_WC': [0.0, 0.0, 2.0004992404339], 'p_WCa': [0.0, 0.0, 2.0005], 'p_WCb': [0.0, 0.0, 2.0004984808677992]}] [[0.0, 0.0, -9.81, 0.0, 0.0, 0.0], [0.0, 0.0, 9.81, 0.0, 0.0, 0.0]]
3028 2.9760 0.0010 2.500498 -0.000000 0.000000 [{'depth': 1.5191322009222574e-06, 'geomIdA': 0, 'geomIdB': 1, 'modifiedDepth': 5.438479444563882e-08, 'nhat_AB_W': [-0.0, -0.0, 1.0], 'p_WC': [0.0, 0.0, 2.0004992404339], 'p_WCa': [0.0, 0.0, 2.0005], 'p_WCb': [0.0, 0.0, 2.0004984808677992]}] [[0.0, 0.0, -9.81, 0.0, 0.0, 0.0], [0.0, 0.0, 9.81, 0.0, 0.0, 0.0]]
3029 2.9770 0.0010 2.500498 -0.000000 0.000000 [{'depth': 1.5191322009222574e-06, 'geomIdA': 0, 'geomIdB': 1, 'modifiedDepth': 5.438479444563882e-08, 'nhat_AB_W': [-0.0, -0.0, 1.0], 'p_WC': [0.0, 0.0, 2.0004992404339], 'p_WCa': [0.0, 0.0, 2.0005], 'p_WCb': [0.0, 0.0, 2.0004984808677992]}] [[0.0, 0.0, -9.81, 0.0, 0.0, 0.0], [0.0, 0.0, 9.81, 0.0, 0.0, 0.0]]
3030 2.9780 0.0010 2.500498 -0.000000 0.000000 [{'depth': 1.5191322009222574e-06, 'geomIdA': 0, 'geomIdB': 1, 'modifiedDepth': 5.438479444563882e-08, 'nhat_AB_W': [-0.0, -0.0, 1.0], 'p_WC': [0.0, 0.0, 2.0004992404339], 'p_WCa': [0.0, 0.0, 2.0005], 'p_WCb': [0.0, 0.0, 2.0004984808677992]}] [[0.0, 0.0, -9.81, 0.0, 0.0, 0.0], [0.0, 0.0, 9.81, 0.0, 0.0, 0.0]]
3031 2.9790 0.0010 2.500498 -0.000000 0.000000 [{'depth': 1.5191322009222574e-06, 'geomIdA': 0, 'geomIdB': 1, 'modifiedDepth': 5.438479444563882e-08, 'nhat_AB_W': [-0.0, -0.0, 1.0], 'p_WC': [0.0, 0.0, 2.0004992404339], 'p_WCa': [0.0, 0.0, 2.0005], 'p_WCb': [0.0, 0.0, 2.0004984808677992]}] [[0.0, 0.0, -9.81, 0.0, 0.0, 0.0], [0.0, 0.0, 9.81, 0.0, 0.0, 0.0]]
3032 2.9800 0.0010 2.500498 -0.000000 0.000000 [{'depth': 1.5191322009222574e-06, 'geomIdA': 0, 'geomIdB': 1, 'modifiedDepth': 5.438479444563882e-08, 'nhat_AB_W': [-0.0, -0.0, 1.0], 'p_WC': [0.0, 0.0, 2.0004992404339], 'p_WCa': [0.0, 0.0, 2.0005], 'p_WCb': [0.0, 0.0, 2.0004984808677992]}] [[0.0, 0.0, -9.81, 0.0, 0.0, 0.0], [0.0, 0.0, 9.81, 0.0, 0.0, 0.0]]
3033 2.9810 0.0010 2.500498 -0.000000 0.000000 [{'depth': 1.5191322009222574e-06, 'geomIdA': 0, 'geomIdB': 1, 'modifiedDepth': 5.438479444563882e-08, 'nhat_AB_W': [-0.0, -0.0, 1.0], 'p_WC': [0.0, 0.0, 2.0004992404339], 'p_WCa': [0.0, 0.0, 2.0005], 'p_WCb': [0.0, 0.0, 2.0004984808677992]}] [[0.0, 0.0, -9.81, 0.0, 0.0, 0.0], [0.0, 0.0, 9.81, 0.0, 0.0, 0.0]]
3034 2.9820 0.0010 2.500498 -0.000000 0.000000 [{'depth': 1.5191322009222574e-06, 'geomIdA': 0, 'geomIdB': 1, 'modifiedDepth': 5.438479444563882e-08, 'nhat_AB_W': [-0.0, -0.0, 1.0], 'p_WC': [0.0, 0.0, 2.0004992404339], 'p_WCa': [0.0, 0.0, 2.0005], 'p_WCb': [0.0, 0.0, 2.0004984808677992]}] [[0.0, 0.0, -9.81, 0.0, 0.0, 0.0], [0.0, 0.0, 9.81, 0.0, 0.0, 0.0]]
3035 2.9830 0.0010 2.500498 -0.000000 0.000000 [{'depth': 1.5191322009222574e-06, 'geomIdA': 0, 'geomIdB': 1, 'modifiedDepth': 5.438479444563882e-08, 'nhat_AB_W': [-0.0, -0.0, 1.0], 'p_WC': [0.0, 0.0, 2.0004992404339], 'p_WCa': [0.0, 0.0, 2.0005], 'p_WCb': [0.0, 0.0, 2.0004984808677992]}] [[0.0, 0.0, -9.81, 0.0, 0.0, 0.0], [0.0, 0.0, 9.81, 0.0, 0.0, 0.0]]
3036 2.9840 0.0010 2.500498 -0.000000 0.000000 [{'depth': 1.5191322009222574e-06, 'geomIdA': 0, 'geomIdB': 1, 'modifiedDepth': 5.438479444563882e-08, 'nhat_AB_W': [-0.0, -0.0, 1.0], 'p_WC': [0.0, 0.0, 2.0004992404339], 'p_WCa': [0.0, 0.0, 2.0005], 'p_WCb': [0.0, 0.0, 2.0004984808677992]}] [[0.0, 0.0, -9.81, 0.0, 0.0, 0.0], [0.0, 0.0, 9.81, 0.0, 0.0, 0.0]]
3037 2.9850 0.0010 2.500498 -0.000000 0.000000 [{'depth': 1.5191322009222574e-06, 'geomIdA': 0, 'geomIdB': 1, 'modifiedDepth': 5.438479444563882e-08, 'nhat_AB_W': [-0.0, -0.0, 1.0], 'p_WC': [0.0, 0.0, 2.0004992404339], 'p_WCa': [0.0, 0.0, 2.0005], 'p_WCb': [0.0, 0.0, 2.0004984808677992]}] [[0.0, 0.0, -9.81, 0.0, 0.0, 0.0], [0.0, 0.0, 9.81, 0.0, 0.0, 0.0]]
3038 2.9860 0.0010 2.500498 -0.000000 0.000000 [{'depth': 1.5191322009222574e-06, 'geomIdA': 0, 'geomIdB': 1, 'modifiedDepth': 5.438479444563882e-08, 'nhat_AB_W': [-0.0, -0.0, 1.0], 'p_WC': [0.0, 0.0, 2.0004992404339], 'p_WCa': [0.0, 0.0, 2.0005], 'p_WCb': [0.0, 0.0, 2.0004984808677992]}] [[0.0, 0.0, -9.81, 0.0, 0.0, 0.0], [0.0, 0.0, 9.81, 0.0, 0.0, 0.0]]
3039 2.9870 0.0010 2.500498 -0.000000 0.000000 [{'depth': 1.5191322009222574e-06, 'geomIdA': 0, 'geomIdB': 1, 'modifiedDepth': 5.438479444563882e-08, 'nhat_AB_W': [-0.0, -0.0, 1.0], 'p_WC': [0.0, 0.0, 2.0004992404339], 'p_WCa': [0.0, 0.0, 2.0005], 'p_WCb': [0.0, 0.0, 2.0004984808677992]}] [[0.0, 0.0, -9.81, 0.0, 0.0, 0.0], [0.0, 0.0, 9.81, 0.0, 0.0, 0.0]]
3040 2.9880 0.0010 2.500498 -0.000000 0.000000 [{'depth': 1.5191322009222574e-06, 'geomIdA': 0, 'geomIdB': 1, 'modifiedDepth': 5.438479444563882e-08, 'nhat_AB_W': [-0.0, -0.0, 1.0], 'p_WC': [0.0, 0.0, 2.0004992404339], 'p_WCa': [0.0, 0.0, 2.0005], 'p_WCb': [0.0, 0.0, 2.0004984808677992]}] [[0.0, 0.0, -9.81, 0.0, 0.0, 0.0], [0.0, 0.0, 9.81, 0.0, 0.0, 0.0]]
3041 2.9890 0.0010 2.500498 -0.000000 0.000000 [{'depth': 1.5191322009222574e-06, 'geomIdA': 0, 'geomIdB': 1, 'modifiedDepth': 5.438479444563882e-08, 'nhat_AB_W': [-0.0, -0.0, 1.0], 'p_WC': [0.0, 0.0, 2.0004992404339], 'p_WCa': [0.0, 0.0, 2.0005], 'p_WCb': [0.0, 0.0, 2.0004984808677992]}] [[0.0, 0.0, -9.81, 0.0, 0.0, 0.0], [0.0, 0.0, 9.81, 0.0, 0.0, 0.0]]
3042 2.9900 0.0010 2.500498 -0.000000 0.000000 [{'depth': 1.5191322009222574e-06, 'geomIdA': 0, 'geomIdB': 1, 'modifiedDepth': 5.438479444563882e-08, 'nhat_AB_W': [-0.0, -0.0, 1.0], 'p_WC': [0.0, 0.0, 2.0004992404339], 'p_WCa': [0.0, 0.0, 2.0005], 'p_WCb': [0.0, 0.0, 2.0004984808677992]}] [[0.0, 0.0, -9.81, 0.0, 0.0, 0.0], [0.0, 0.0, 9.81, 0.0, 0.0, 0.0]]
3043 2.9910 0.0010 2.500498 -0.000000 0.000000 [{'depth': 1.5191322009222574e-06, 'geomIdA': 0, 'geomIdB': 1, 'modifiedDepth': 5.438479444563882e-08, 'nhat_AB_W': [-0.0, -0.0, 1.0], 'p_WC': [0.0, 0.0, 2.0004992404339], 'p_WCa': [0.0, 0.0, 2.0005], 'p_WCb': [0.0, 0.0, 2.0004984808677992]}] [[0.0, 0.0, -9.81, 0.0, 0.0, 0.0], [0.0, 0.0, 9.81, 0.0, 0.0, 0.0]]
3044 2.9920 0.0010 2.500498 -0.000000 0.000000 [{'depth': 1.5191322009222574e-06, 'geomIdA': 0, 'geomIdB': 1, 'modifiedDepth': 5.438479444563882e-08, 'nhat_AB_W': [-0.0, -0.0, 1.0], 'p_WC': [0.0, 0.0, 2.0004992404339], 'p_WCa': [0.0, 0.0, 2.0005], 'p_WCb': [0.0, 0.0, 2.0004984808677992]}] [[0.0, 0.0, -9.81, 0.0, 0.0, 0.0], [0.0, 0.0, 9.81, 0.0, 0.0, 0.0]]
3045 2.9930 0.0010 2.500498 -0.000000 0.000000 [{'depth': 1.5191322009222574e-06, 'geomIdA': 0, 'geomIdB': 1, 'modifiedDepth': 5.438479444563882e-08, 'nhat_AB_W': [-0.0, -0.0, 1.0], 'p_WC': [0.0, 0.0, 2.0004992404339], 'p_WCa': [0.0, 0.0, 2.0005], 'p_WCb': [0.0, 0.0, 2.0004984808677992]}] [[0.0, 0.0, -9.81, 0.0, 0.0, 0.0], [0.0, 0.0, 9.81, 0.0, 0.0, 0.0]]
3046 2.9940 0.0010 2.500498 -0.000000 0.000000 [{'depth': 1.5191322009222574e-06, 'geomIdA': 0, 'geomIdB': 1, 'modifiedDepth': 5.438479444563882e-08, 'nhat_AB_W': [-0.0, -0.0, 1.0], 'p_WC': [0.0, 0.0, 2.0004992404339], 'p_WCa': [0.0, 0.0, 2.0005], 'p_WCb': [0.0, 0.0, 2.0004984808677992]}] [[0.0, 0.0, -9.81, 0.0, 0.0, 0.0], [0.0, 0.0, 9.81, 0.0, 0.0, 0.0]]
3047 2.9950 0.0010 2.500498 -0.000000 0.000000 [{'depth': 1.5191322009222574e-06, 'geomIdA': 0, 'geomIdB': 1, 'modifiedDepth': 5.438479444563882e-08, 'nhat_AB_W': [-0.0, -0.0, 1.0], 'p_WC': [0.0, 0.0, 2.0004992404339], 'p_WCa': [0.0, 0.0, 2.0005], 'p_WCb': [0.0, 0.0, 2.0004984808677992]}] [[0.0, 0.0, -9.81, 0.0, 0.0, 0.0], [0.0, 0.0, 9.81, 0.0, 0.0, 0.0]]
3048 2.9960 0.0010 2.500498 -0.000000 0.000000 [{'depth': 1.5191322009222574e-06, 'geomIdA': 0, 'geomIdB': 1, 'modifiedDepth': 5.438479444563882e-08, 'nhat_AB_W': [-0.0, -0.0, 1.0], 'p_WC': [0.0, 0.0, 2.0004992404339], 'p_WCa': [0.0, 0.0, 2.0005], 'p_WCb': [0.0, 0.0, 2.0004984808677992]}] [[0.0, 0.0, -9.81, 0.0, 0.0, 0.0], [0.0, 0.0, 9.81, 0.0, 0.0, 0.0]]
3049 2.9970 0.0010 2.500498 -0.000000 0.000000 [{'depth': 1.5191322009222574e-06, 'geomIdA': 0, 'geomIdB': 1, 'modifiedDepth': 5.438479444563882e-08, 'nhat_AB_W': [-0.0, -0.0, 1.0], 'p_WC': [0.0, 0.0, 2.0004992404339], 'p_WCa': [0.0, 0.0, 2.0005], 'p_WCb': [0.0, 0.0, 2.0004984808677992]}] [[0.0, 0.0, -9.81, 0.0, 0.0, 0.0], [0.0, 0.0, 9.81, 0.0, 0.0, 0.0]]
3050 2.9980 0.0010 2.500498 -0.000000 0.000000 [{'depth': 1.5191322009222574e-06, 'geomIdA': 0, 'geomIdB': 1, 'modifiedDepth': 5.438479444563882e-08, 'nhat_AB_W': [-0.0, -0.0, 1.0], 'p_WC': [0.0, 0.0, 2.0004992404339], 'p_WCa': [0.0, 0.0, 2.0005], 'p_WCb': [0.0, 0.0, 2.0004984808677992]}] [[0.0, 0.0, -9.81, 0.0, 0.0, 0.0], [0.0, 0.0, 9.81, 0.0, 0.0, 0.0]]
3051 2.9990 0.0010 2.500498 -0.000000 0.000000 [{'depth': 1.5191322009222574e-06, 'geomIdA': 0, 'geomIdB': 1, 'modifiedDepth': 5.438479444563882e-08, 'nhat_AB_W': [-0.0, -0.0, 1.0], 'p_WC': [0.0, 0.0, 2.0004992404339], 'p_WCa': [0.0, 0.0, 2.0005], 'p_WCb': [0.0, 0.0, 2.0004984808677992]}] [[0.0, 0.0, -9.81, 0.0, 0.0, 0.0], [0.0, 0.0, 9.81, 0.0, 0.0, 0.0]]
