600 0.6000 0.0010 2.731257 -5.886000 -9.810000 None [[0.0, 0.0, 0.0, 0.0, 0.0, 0.0], [0.0, 0.0, 0.0, 0.0, 0.0, 0.0]]
601 0.6010 0.0010 2.725361 -5.895810 -9.810000 None [[0.0, 0.0, 0.0, 0.0, 0.0, 0.0], [0.0, 0.0, 0.0, 0.0, 0.0, 0.0]]
602 0.6020 0.0010 2.719456 -5.905620 -9.810000 None [[0.0, 0.0, 0.0, 0.0, 0.0, 0.0], [0.0, 0.0, 0.0, 0.0, 0.0, 0.0]]
603 0.6030 0.0010 2.713540 -5.915430 -9.810000 None [[0.0, 0.0, 0.0, 0.0, 0.0, 0.0], [0.0, 0.0, 0.0, 0.0, 0.0, 0.0]]
604 0.6040 0.0010 2.707615 -5.925240 -9.810000 None [[0.0, 0.0, 0.0, 0.0, 0.0, 0.0], [0.0, 0.0, 0.0, 0.0, 0.0, 0.0]]
605 0.6050 0.0010 2.701680 -5.935050 -9.810000 None [[0.0, 0.0, 0.0, 0.0, 0.0, 0.0], [0.0, 0.0, 0.0, 0.0, 0.0, 0.0]]
606 0.6060 0.0010 2.695735 -5.944860 -9.810000 None [[0.0, 0.0, 0.0, 0.0, 0.0, 0.0], [0.0, 0.0, 0.0, 0.0, 0.0, 0.0]]
607 0.6070 0.0010 2.689780 -5.954670 -9.810000 None [[0.0, 0.0, 0.0, 0.0, 0.0, 0.0], [0.0, 0.0, 0.0, 0.0, 0.0, 0.0]]
608 0.6080 0.0010 2.683816 -5.964480 -9.810000 None [[0.0, 0.0, 0.0, 0.0, 0.0, 0.0], [0.0, 0.0, 0.0, 0.0, 0.0, 0.0]]
609 0.6090 0.0010 2.677842 -5.974290 -9.810000 None [[0.0, 0.0, 0.0, 0.0, 0.0, 0.0], [0.0, 0.0, 0.0, 0.0, 0.0, 0.0]]
610 0.6100 0.0010 2.671857 -5.984100 -9.810000 None [[0.0, 0.0, 0.0, 0.0, 0.0, 0.0], [0.0, 0.0, 0.0, 0.0, 0.0, 0.0]]
611 0.6110 0.0010 2.665864 -5.993910 -9.810000 None [[0.0, 0.0, 0.0, 0.0, 0.0, 0.0], [0.0, 0.0, 0.0, 0.0, 0.0, 0.0]]
612 0.6120 0.0010 2.659860 -6.003720 -9.810000 None [[0.0, 0.0, 0.0, 0.0, 0.0, 0.0], [0.0, 0.0, 0.0, 0.0, 0.0, 0.0]]
613 0.6130 0.0010 2.653846 -6.013530 -9.810000 None [[0.0, 0.0, 0.0, 0.0, 0.0, 0.0], [0.0, 0.0, 0.0, 0.0, 0.0, 0.0]]
614 0.6140 0.0010 2.647823 -6.023340 -9.810000 None [[0.0, 0.0, 0.0, 0.0, 0.0, 0.0], [0.0, 0.0, 0.0, 0.0, 0.0, 0.0]]
615 0.6150 0.0010 2.641790 -6.033150 -9.810000 None [[0.0, 0.0, 0.0, 0.0, 0.0, 0.0], [0.0, 0.0, 0.0, 0.0, 0.0, 0.0]]
616 0.6160 0.0010 2.635747 -6.042960 -9.810000 None [[0.0, 0.0, 0.0, 0.0, 0.0, 0.0], [0.0, 0.0, 0.0, 0.0, 0.0, 0.0]]
617 0.6170 0.0010 2.629694 -6.052770 -9.810000 None [[0.0, 0.0, 0.0, 0.0, 0.0, 0.0], [0.0, 0.0, 0.0, 0.0, 0.0, 0.0]]
618 0.6180 0.0010 2.623631 -6.062580 -9.810000 None [[0.0, 0.0, 0.0, 0.0, 0.0, 0.0], [0.0, 0.0, 0.0, 0.0, 0.0, 0.0]]
619 0.6190 0.0010 2.617559 -6.072390 -9.810000 None [[0.0, 0.0, 0.0, 0.0, 0.0, 0.0], [0.0, 0.0, 0.0, 0.0, 0.0, 0.0]]
620 0.6200 0.0010 2.611477 -6.082200 -9.810000 None [[0.0, 0.0, 0.0, 0.0, 0.0, 0.0], [0.0, 0.0, 0.0, 0.0, 0.0, 0.0]]
621 0.6210 0.0010 2.605385 -6.092010 -9.810000 None [[0.0, 0.0, 0.0, 0.0, 0.0, 0.0], [0.0, 0.0, 0.0, 0.0, 0.0, 0.0]]
622 0.6220 0.0010 2.599283 -6.101820 -9.810000 None [[0.0, 0.0, 0.0, 0.0, 0.0, 0.0], [0.0, 0.0, 0.0, 0.0, 0.0, 0.0]]
623 0.6230 0.0010 2.593171 -6.111630 -9.810000 None [[0.0, 0.0, 0.0, 0.0, 0.0, 0.0], [0.0, 0.0, 0.0, 0.0, 0.0, 0.0]]
624 0.6240 0.0010 2.587050 -6.121440 -9.810000 None [[0.0, 0.0, 0.0, 0.0, 0.0, 0.0], [0.0, 0.0, 0.0, 0.0, 0.0, 0.0]]
625 0.6250 0.0010 2.580919 -6.131250 -9.810000 None [[0.0, 0.0, 0.0, 0.0, 0.0, 0.0], [0.0, 0.0, 0.0, 0.0, 0.0, 0.0]]
626 0.6260 0.0010 2.574778 -6.141060 -9.810000 None [[0.0, 0.0, 0.0, 0.0, 0.0, 0.0], [0.0, 0.0, 0.0, 0.0, 0.0, 0.0]]
627 0.6270 0.0010 2.568627 -6.150870 -9.810000 None [[0.0, 0.0, 0.0, 0.0, 0.0, 0.0], [0.0, 0.0, 0.0, 0.0, 0.0, 0.0]]
628 0.6280 0.0010 2.562466 -6.160680 -9.810000 None [[0.0, 0.0, 0.0, 0.0, 0.0, 0.0], [0.0, 0.0, 0.0, 0.0, 0.0, 0.0]]
629 0.6290 0.0010 2.556296 -6.170490 -9.810000 None [[0.0, 0.0, 0.0, 0.0, 0.0, 0.0], [0.0, 0.0, 0.0, 0.0, 0.0, 0.0]]
630 0.6300 0.0010 2.550115 -6.180300 -9.810000 None [[0.0, 0.0, 0.0, 0.0, 0.0, 0.0], [0.0, 0.0, 0.0, 0.0, 0.0, 0.0]]
631 0.6310 0.0010 2.543925 -6.190110 -9.810000 None [[0.0, 0.0, 0.0, 0.0, 0.0, 0.0], [0.0, 0.0, 0.0, 0.0, 0.0, 0.0]]
632 0.6320 0.0010 2.537725 -6.199920 -9.810000 None [[0.0, 0.0, 0.0, 0.0, 0.0, 0.0], [0.0, 0.0, 0.0, 0.0, 0.0, 0.0]]
633 0.6330 0.0010 2.531516 -6.209730 -9.810000 None [[0.0, 0.0, 0.0, 0.0, 0.0, 0.0], [0.0, 0.0, 0.0, 0.0, 0.0, 0.0]]
634 0.6340 0.0010 2.525296 -6.219540 -9.810000 None [[0.0, 0.0, 0.0, 0.0, 0.0, 0.0], [0.0, 0.0, 0.0, 0.0, 0.0, 0.0]]
635 0.6350 0.0010 2.519067 -6.229350 -9.810000 None [[0.0, 0.0, 0.0, 0.0, 0.0, 0.0], [0.0, 0.0, 0.0, 0.0, 0.0, 0.0]]
636 0.6360 0.0010 2.512828 -6.239160 -9.810000 None [[0.0, 0.0, 0.0, 0.0, 0.0, 0.0], [0.0, 0.0, 0.0, 0.0, 0.0, 0.0]]
637 0.6370 0.0010 2.506579 -6.248970 -9.810000 None [[0.0, 0.0, 0.0, 0.0, 0.0, 0.0], [0.0, 0.0, 0.0, 0.0, 0.0, 0.0]]
638 0.6380 0.0010 2.500320 -6.258780 -9.810000 None [[0.0, 0.0, 0.0, 0.0, 0.0, 0.0], [0.0, 0.0, 0.0, 0.0, 0.0, 0.0]]
639 0.6390 0.0010 2.494051 -6.268590 8681.914582 [{'depth': 0.005953019409073118, 'geomIdA': 0, 'geomIdB': 1, 'modifiedDepth': 0.0, 'nhat_AB_W': [0.0, 0.0, 1.0], 'p_WC': [0.0, 0.0, 1.997027709704542], 'p_WCa': [0.0, 0.0, 2.0000042194090786], 'p_WCb': [0.0, 0.0, 1.9940512000000052]}] [[0.0, 0.0, -8691.724581950017, 0.0, 0.0, 0.0], [0.0, 0.0, 8691.724581950017, 0.0, 0.0, 0.0]]
640 0.6400 0.0010 2.496465 2.413325 -9.810000 None [[0.0, 0.0, 0.0, 0.0, 0.0, 0.0], [0.0, 0.0, 0.0, 0.0, 0.0, 0.0]]
641 0.6410 0.0010 2.498868 2.403515 -9.810000 None [[0.0, 0.0, 0.0, 0.0, 0.0, 0.0], [0.0, 0.0, 0.0, 0.0, 0.0, 0.0]]
642 0.6420 0.0010 2.501262 2.393705 -9.810000 None [[0.0, 0.0, 0.0, 0.0, 0.0, 0.0], [0.0, 0.0, 0.0, 0.0, 0.0, 0.0]]
643 0.6430 0.0010 2.503646 2.383895 -9.810000 None [[0.0, 0.0, 0.0, 0.0, 0.0, 0.0], [0.0, 0.0, 0.0, 0.0, 0.0, 0.0]]
644 0.6440 0.0010 2.506020 2.374085 -9.810000 None [[0.0, 0.0, 0.0, 0.0, 0.0, 0.0], [0.0, 0.0, 0.0, 0.0, 0.0, 0.0]]
645 0.6450 0.0010 2.508384 2.364275 -9.810000 None [[0.0, 0.0, 0.0, 0.0, 0.0, 0.0], [0.0, 0.0, 0.0, 0.0, 0.0, 0.0]]
646 0.6460 0.0010 2.510738 2.354465 -9.810000 None [[0.0, 0.0, 0.0, 0.0, 0.0, 0.0], [0.0, 0.0, 0.0, 0.0, 0.0, 0.0]]
647 0.6470 0.0010 2.513083 2.344655 -9.810000 None [[0.0, 0.0, 0.0, 0.0, 0.0, 0.0], [0.0, 0.0, 0.0, 0.0, 0.0, 0.0]]
648 0.6480 0.0010 2.515418 2.334845 -9.810000 None [[0.0, 0.0, 0.0, 0.0, 0.0, 0.0], [0.0, 0.0, 0.0, 0.0, 0.0, 0.0]]
649 0.6490 0.0010 2.517743 2.325035 -9.810000 None [[0.0, 0.0, 0.0, 0.0, 0.0, 0.0], [0.0, 0.0, 0.0, 0.0, 0.0, 0.0]]
650 0.6500 0.0010 2.520058 2.315225 -9.810000 None [[0.0, 0.0, 0.0, 0.0, 0.0, 0.0], [0.0, 0.0, 0.0, 0.0, 0.0, 0.0]]
651 0.6510 0.0010 2.522364 2.305415 -9.810000 None [[0.0, 0.0, 0.0, 0.0, 0.0, 0.0], [0.0, 0.0, 0.0, 0.0, 0.0, 0.0]]
652 0.6520 0.0010 2.524659 2.295605 -9.810000 None [[0.0, 0.0, 0.0, 0.0, 0.0, 0.0], [0.0, 0.0, 0.0, 0.0, 0.0, 0.0]]
653 0.6530 0.0010 2.526945 2.285795 -9.810000 None [[0.0, 0.0, 0.0, 0.0, 0.0, 0.0], [0.0, 0.0, 0.0, 0.0, 0.0, 0.0]]
654 0.6540 0.0010 2.529221 2.275985 -9.810000 None [[0.0, 0.0, 0.0, 0.0, 0.0, 0.0], [0.0, 0.0, 0.0, 0.0, 0.0, 0.0]]
655 0.6550 0.0010 2.531487 2.266175 -9.810000 None [[0.0, 0.0, 0.0, 0.0, 0.0, 0.0], [0.0, 0.0, 0.0, 0.0, 0.0, 0.0]]
656 0.6560 0.0010 2.533744 2.256365 -9.810000 None [[0.0, 0.0, 0.0, 0.0, 0.0, 0.0], [0.0, 0.0, 0.0, 0.0, 0.0, 0.0]]
657 0.6570 0.0010 2.535990 2.246555 -9.810000 None [[0.0, 0.0, 0.0, 0.0, 0.0, 0.0], [0.0, 0.0, 0.0, 0.0, 0.0, 0.0]]
658 0.6580 0.0010 2.538227 2.236745 -9.810000 None [[0.0, 0.0, 0.0, 0.0, 0.0, 0.0], [0.0, 0.0, 0.0, 0.0, 0.0, 0.0]]
659 0.6590 0.0010 2.540454 2.226935 -9.810000 None [[0.0, 0.0, 0.0, 0.0, 0.0, 0.0], [0.0, 0.0, 0.0, 0.0, 0.0, 0.0]]
660 0.6600 0.0010 2.542671 2.217125 -9.810000 None [[0.0, 0.0, 0.0, 0.0, 0.0, 0.0], [0.0, 0.0, 0.0, 0.0, 0.0, 0.0]]
661 0.6610 0.0010 2.544878 2.207315 -9.810000 None [[0.0, 0.0, 0.0, 0.0, 0.0, 0.0], [0.0, 0.0, 0.0, 0.0, 0.0, 0.0]]
662 0.6620 0.0010 2.547076 2.197505 -9.810000 None [[0.0, 0.0, 0.0, 0.0, 0.0, 0.0], [0.0, 0.0, 0.0, 0.0, 0.0, 0.0]]
663 0.6630 0.0010 2.549263 2.187695 -9.810000 None [[0.0, 0.0, 0.0, 0.0, 0.0, 0.0], [0.0, 0.0, 0.0, 0.0, 0.0, 0.0]]
664 0.6640 0.0010 2.551441 2.177885 -9.810000 None [[0.0, 0.0, 0.0, 0.0, 0.0, 0.0], [0.0, 0.0, 0.0, 0.0, 0.0, 0.0]]
665 0.6650 0.0010 2.553609 2.168075 -9.810000 None [[0.0, 0.0, 0.0, 0.0, 0.0, 0.0], [0.0, 0.0, 0.0, 0.0, 0.0, 0.0]]
666 0.6660 0.0010 2.555768 2.158265 -9.810000 None [[0.0, 0.0, 0.0, 0.0, 0.0, 0.0], [0.0, 0.0, 0.0, 0.0, 0.0, 0.0]]
667 0.6670 0.0010 2.557916 2.148455 -9.810000 None [[0.0, 0.0, 0.0, 0.0, 0.0, 0.0], [0.0, 0.0, 0.0, 0.0, 0.0, 0.0]]
668 0.6680 0.0010 2.560055 2.138645 -9.810000 None [[0.0, 0.0, 0.0, 0.0, 0.0, 0.0], [0.0, 0.0, 0.0, 0.0, 0.0, 0.0]]
669 0.6690 0.0010 2.562184 2.128835 -9.810000 None [[0.0, 0.0, 0.0, 0.0, 0.0, 0.0], [0.0, 0.0, 0.0, 0.0, 0.0, 0.0]]
670 0.6700 0.0010 2.564303 2.119025 -9.810000 None [[0.0, 0.0, 0.0, 0.0, 0.0, 0.0], [0.0, 0.0, 0.0, 0.0, 0.0, 0.0]]
671 0.6710 0.0010 2.566412 2.109215 -9.810000 None [[0.0, 0.0, 0.0, 0.0, 0.0, 0.0], [0.0, 0.0, 0.0, 0.0, 0.0, 0.0]]
672 0.6720 0.0010 2.568511 2.099405 -9.810000 None [[0.0, 0.0, 0.0, 0.0, 0.0, 0.0], [0.0, 0.0, 0.0, 0.0, 0.0, 0.0]]
673 0.6730 0.0010 2.570601 2.089595 -9.810000 None [[0.0, 0.0, 0.0, 0.0, 0.0, 0.0], [0.0, 0.0, 0.0, 0.0, 0.0, 0.0]]
674 0.6740 0.0010 2.572681 2.079785 -9.810000 None [[0.0, 0.0, 0.0, 0.0, 0.0, 0.0], [0.0, 0.0, 0.0, 0.0, 0.0, 0.0]]
675 0.6750 0.0010 2.574751 2.069975 -9.810000 None [[0.0, 0.0, 0.0, 0.0, 0.0, 0.0], [0.0, 0.0, 0.0, 0.0, 0.0, 0.0]]
676 0.6760 0.0010 2.576811 2.060165 -9.810000 None [[0.0, 0.0, 0.0, 0.0, 0.0, 0.0], [0.0, 0.0, 0.0, 0.0, 0.0, 0.0]]
677 0.6770 0.0010 2.578861 2.050355 -9.810000 None [[0.0, 0.0, 0.0, 0.0, 0.0, 0.0], [0.0, 0.0, 0.0, 0.0, 0.0, 0.0]]
678 0.6780 0.0010 2.580902 2.040545 -9.810000 None [[0.0, 0.0, 0.0, 0.0, 0.0, 0.0], [0.0, 0.0, 0.0, 0.0, 0.0, 0.0]]
679 0.6790 0.0010 2.582932 2.030735 -9.810000 None [[0.0, 0.0, 0.0, 0.0, 0.0, 0.0], [0.0, 0.0, 0.0, 0.0, 0.0, 0.0]]
680 0.6800 0.0010 2.584953 2.020925 -9.810000 None [[0.0, 0.0, 0.0, 0.0, 0.0, 0.0], [0.0, 0.0, 0.0, 0.0, 0.0, 0.0]]
681 0.6810 0.0010 2.586964 2.011115 -9.810000 None [[0.0, 0.0, 0.0, 0.0, 0.0, 0.0], [0.0, 0.0, 0.0, 0.0, 0.0, 0.0]]
682 0.6820 0.0010 2.588966 2.001305 -9.810000 None [[0.0, 0.0, 0.0, 0.0, 0.0, 0.0], [0.0, 0.0, 0.0, 0.0, 0.0, 0.0]]
683 0.6830 0.0010 2.590957 1.991495 -9.810000 None [[0.0, 0.0, 0.0, 0.0, 0.0, 0.0], [0.0, 0.0, 0.0, 0.0, 0.0, 0.0]]
684 0.6840 0.0010 2.592939 1.981685 -9.810000 None [[0.0, 0.0, 0.0, 0.0, 0.0, 0.0], [0.0, 0.0, 0.0, 0.0, 0.0, 0.0]]
685 0.6850 0.0010 2.594911 1.971875 -9.810000 None [[0.0, 0.0, 0.0, 0.0, 0.0, 0.0], [0.0, 0.0, 0.0, 0.0, 0.0, 0.0]]
686 0.6860 0.0010 2.596873 1.962065 -9.810000 None [[0.0, 0.0, 0.0, 0.0, 0.0, 0.0], [0.0, 0.0, 0.0, 0.0, 0.0, 0.0]]
687 0.6870 0.0010 2.598825 1.952255 -9.810000 None [[0.0, 0.0, 0.0, 0.0, 0.0, 0.0], [0.0, 0.0, 0.0, 0.0, 0.0, 0.0]]
688 0.6880 0.0010 2.600768 1.942445 -9.810000 None [[0.0, 0.0, 0.0, 0.0, 0.0, 0.0], [0.0, 0.0, 0.0, 0.0, 0.0, 0.0]]
689 0.6890 0.0010 2.602700 1.932635 -9.810000 None [[0.0, 0.0, 0.0, 0.0, 0.0, 0.0], [0.0, 0.0, 0.0, 0.0, 0.0, 0.0]]
690 0.6900 0.0010 2.604623 1.922825 -9.810000 None [[0.0, 0.0, 0.0, 0.0, 0.0, 0.0], [0.0, 0.0, 0.0, 0.0, 0.0, 0.0]]
691 0.6910 0.0010 2.606536 1.913015 -9.810000 None [[0.0, 0.0, 0.0, 0.0, 0.0, 0.0], [0.0, 0.0, 0.0, 0.0, 0.0, 0.0]]
692 0.6920 0.0010 2.608439 1.903205 -9.810000 None [[0.0, 0.0, 0.0, 0.0, 0.0, 0.0], [0.0, 0.0, 0.0, 0.0, 0.0, 0.0]]
693 0.6930 0.0010 2.610333 1.893395 -9.810000 None [[0.0, 0.0, 0.0, 0.0, 0.0, 0.0], [0.0, 0.0, 0.0, 0.0, 0.0, 0.0]]
694 0.6940 0.0010 2.612216 1.883585 -9.810000 None [[0.0, 0.0, 0.0, 0.0, 0.0, 0.0], [0.0, 0.0, 0.0, 0.0, 0.0, 0.0]]
695 0.6950 0.0010 2.614090 1.873775 -9.810000 None [[0.0, 0.0, 0.0, 0.0, 0.0, 0.0], [0.0, 0.0, 0.0, 0.0, 0.0, 0.0]]
696 0.6960 0.0010 2.615954 1.863965 -9.810000 None [[0.0, 0.0, 0.0, 0.0, 0.0, 0.0], [0.0, 0.0, 0.0, 0.0, 0.0, 0.0]]
697 0.6970 0.0010 2.617808 1.854155 -9.810000 None [[0.0, 0.0, 0.0, 0.0, 0.0, 0.0], [0.0, 0.0, 0.0, 0.0, 0.0, 0.0]]
698 0.6980 0.0010 2.619652 1.844345 -9.810000 None [[0.0, 0.0, 0.0, 0.0, 0.0, 0.0], [0.0, 0.0, 0.0, 0.0, 0.0, 0.0]]
699 0.6990 0.0010 2.621487 1.834535 -9.810000 None [[0.0, 0.0, 0.0, 0.0, 0.0, 0.0], [0.0, 0.0, 0.0, 0.0, 0.0, 0.0]]
700 0.7000 0.0010 2.623312 1.824725 -9.810000 None [[0.0, 0.0, 0.0, 0.0, 0.0, 0.0], [0.0, 0.0, 0.0, 0.0, 0.0, 0.0]]
701 0.7010 0.0010 2.625127 1.814915 -9.810000 None [[0.0, 0.0, 0.0, 0.0, 0.0, 0.0], [0.0, 0.0, 0.0, 0.0, 0.0, 0.0]]
702 0.7020 0.0010 2.626932 1.805105 -9.810000 None [[0.0, 0.0, 0.0, 0.0, 0.0, 0.0], [0.0, 0.0, 0.0, 0.0, 0.0, 0.0]]
703 0.7030 0.0010 2.628727 1.795295 -9.810000 None [[0.0, 0.0, 0.0, 0.0, 0.0, 0.0], [0.0, 0.0, 0.0, 0.0, 0.0, 0.0]]
704 0.7040 0.0010 2.630512 1.785485 -9.810000 None [[0.0, 0.0, 0.0, 0.0, 0.0, 0.0], [0.0, 0.0, 0.0, 0.0, 0.0, 0.0]]
705 0.7050 0.0010 2.632288 1.775675 -9.810000 None [[0.0, 0.0, 0.0, 0.0, 0.0, 0.0], [0.0, 0.0, 0.0, 0.0, 0.0, 0.0]]
706 0.7060 0.0010 2.634054 1.765865 -9.810000 None [[0.0, 0.0, 0.0, 0.0, 0.0, 0.0], [0.0, 0.0, 0.0, 0.0, 0.0, 0.0]]
707 0.7070 0.0010 2.635810 1.756055 -9.810000 None [[0.0, 0.0, 0.0, 0.0, 0.0, 0.0], [0.0, 0.0, 0.0, 0.0, 0.0, 0.0]]
708 0.7080 0.0010 2.637556 1.746245 -9.810000 None [[0.0, 0.0, 0.0, 0.0, 0.0, 0.0], [0.0, 0.0, 0.0, 0.0, 0.0, 0.0]]
709 0.7090 0.0010 2.639293 1.736435 -9.810000 None [[0.0, 0.0, 0.0, 0.0, 0.0, 0.0], [0.0, 0.0, 0.0, 0.0, 0.0, 0.0]]
710 0.7100 0.0010 2.641019 1.726625 -9.810000 None [[0.0, 0.0, 0.0, 0.0, 0.0, 0.0], [0.0, 0.0, 0.0, 0.0, 0.0, 0.0]]
711 0.7110 0.0010 2.642736 1.716815 -9.810000 None [[0.0, 0.0, 0.0, 0.0, 0.0, 0.0], [0.0, 0.0, 0.0, 0.0, 0.0, 0.0]]
712 0.7120 0.0010 2.644443 1.707005 -9.810000 None [[0.0, 0.0, 0.0, 0.0, 0.0, 0.0], [0.0, 0.0, 0.0, 0.0, 0.0, 0.0]]
713 0.7130 0.0010 2.646140 1.697195 -9.810000 None [[0.0, 0.0, 0.0, 0.0, 0.0, 0.0], [0.0, 0.0, 0.0, 0.0, 0.0, 0.0]]
714 0.7140 0.0010 2.647828 1.687385 -9.810000 None [[0.0, 0.0, 0.0, 0.0, 0.0, 0.0], [0.0, 0.0, 0.0, 0.0, 0.0, 0.0]]
715 0.7150 0.0010 2.649505 1.677575 -9.810000 None [[0.0, 0.0, 0.0, 0.0, 0.0, 0.0], [0.0, 0.0, 0.0, 0.0, 0.0, 0.0]]
716 0.7160 0.0010 2.651173 1.667765 -9.810000 None [[0.0, 0.0, 0.0, 0.0, 0.0, 0.0], [0.0, 0.0, 0.0, 0.0, 0.0, 0.0]]
717 0.7170 0.0010 2.652831 1.657955 -9.810000 None [[0.0, 0.0, 0.0, 0.0, 0.0, 0.0], [0.0, 0.0, 0.0, 0.0, 0.0, 0.0]]
718 0.7180 0.0010 2.654479 1.648145 -9.810000 None [[0.0, 0.0, 0.0, 0.0, 0.0, 0.0], [0.0, 0.0, 0.0, 0.0, 0.0, 0.0]]
719 0.7190 0.0010 2.656118 1.638335 -9.810000 None [[0.0, 0.0, 0.0, 0.0, 0.0, 0.0], [0.0, 0.0, 0.0, 0.0, 0.0, 0.0]]
720 0.7200 0.0010 2.657746 1.628525 -9.810000 None [[0.0, 0.0, 0.0, 0.0, 0.0, 0.0], [0.0, 0.0, 0.0, 0.0, 0.0, 0.0]]
721 0.7210 0.0010 2.659365 1.618715 -9.810000 None [[0.0, 0.0, 0.0, 0.0, 0.0, 0.0], [0.0, 0.0, 0.0, 0.0, 0.0, 0.0]]
722 0.7220 0.0010 2.660974 1.608905 -9.810000 None [[0.0, 0.0, 0.0, 0.0, 0.0, 0.0], [0.0, 0.0, 0.0, 0.0, 0.0, 0.0]]
723 0.7230 0.0010 2.662573 1.599095 -9.810000 None [[0.0, 0.0, 0.0, 0.0, 0.0, 0.0], [0.0, 0.0, 0.0, 0.0, 0.0, 0.0]]
724 0.7240 0.0010 2.664162 1.589285 -9.810000 None [[0.0, 0.0, 0.0, 0.0, 0.0, 0.0], [0.0, 0.0, 0.0, 0.0, 0.0, 0.0]]
725 0.7250 0.0010 2.665742 1.579475 -9.810000 None [[0.0, 0.0, 0.0, 0.0, 0.0, 0.0], [0.0, 0.0, 0.0, 0.0, 0.0, 0.0]]
726 0.7260 0.0010 2.667311 1.569665 -9.810000 None [[0.0, 0.0, 0.0, 0.0, 0.0, 0.0], [0.0, 0.0, 0.0, 0.0, 0.0, 0.0]]
727 0.7270 0.0010 2.668871 1.559855 -9.810000 None [[0.0, 0.0, 0.0, 0.0, 0.0, 0.0], [0.0, 0.0, 0.0, 0.0, 0.0, 0.0]]
728 0.7280 0.0010 2.670421 1.550045 -9.810000 None [[0.0, 0.0, 0.0, 0.0, 0.0, 0.0], [0.0, 0.0, 0.0, 0.0, 0.0, 0.0]]
729 0.7290 0.0010 2.671961 1.540235 -9.810000 None [[0.0, 0.0, 0.0, 0.0, 0.0, 0.0], [0.0, 0.0, 0.0, 0.0, 0.0, 0.0]]
730 0.7300 0.0010 2.673492 1.530425 -9.810000 None [[0.0, 0.0, 0.0, 0.0, 0.0, 0.0], [0.0, 0.0, 0.0, 0.0, 0.0, 0.0]]
731 0.7310 0.0010 2.675012 1.520615 -9.810000 None [[0.0, 0.0, 0.0, 0.0, 0.0, 0.0], [0.0, 0.0, 0.0, 0.0, 0.0, 0.0]]
732 0.7320 0.0010 2.676523 1.510805 -9.810000 None [[0.0, 0.0, 0.0, 0.0, 0.0, 0.0], [0.0, 0.0, 0.0, 0.0, 0.0, 0.0]]
733 0.7330 0.0010 2.678024 1.500995 -9.810000 None [[0.0, 0.0, 0.0, 0.0, 0.0, 0.0], [0.0, 0.0, 0.0, 0.0, 0.0, 0.0]]
734 0.7340 0.0010 2.679515 1.491185 -9.810000 None [[0.0, 0.0, 0.0, 0.0, 0.0, 0.0], [0.0, 0.0, 0.0, 0.0, 0.0, 0.0]]
735 0.7350 0.0010 2.680997 1.481375 -9.810000 None [[0.0, 0.0, 0.0, 0.0, 0.0, 0.0], [0.0, 0.0, 0.0, 0.0, 0.0, 0.0]]
736 0.7360 0.0010 2.682468 1.471565 -9.810000 None [[0.0, 0.0, 0.0, 0.0, 0.0, 0.0], [0.0, 0.0, 0.0, 0.0, 0.0, 0.0]]
737 0.7370 0.0010 2.683930 1.461755 -9.810000 None [[0.0, 0.0, 0.0, 0.0, 0.0, 0.0], [0.0, 0.0, 0.0, 0.0, 0.0, 0.0]]
738 0.7380 0.0010 2.685382 1.451945 -9.810000 None [[0.0, 0.0, 0.0, 0.0, 0.0, 0.0], [0.0, 0.0, 0.0, 0.0, 0.0, 0.0]]
739 0.7390 0.0010 2.686824 1.442135 -9.810000 None [[0.0, 0.0, 0.0, 0.0, 0.0, 0.0], [0.0, 0.0, 0.0, 0.0, 0.0, 0.0]]
740 0.7400 0.0010 2.688256 1.432325 -9.810000 None [[0.0, 0.0, 0.0, 0.0, 0.0, 0.0], [0.0, 0.0, 0.0, 0.0, 0.0, 0.0]]
741 0.7410 0.0010 2.689679 1.422515 -9.810000 None [[0.0, 0.0, 0.0, 0.0, 0.0, 0.0], [0.0, 0.0, 0.0, 0.0, 0.0, 0.0]]
742 0.7420 0.0010 2.691092 1.412705 -9.810000 None [[0.0, 0.0, 0.0, 0.0, 0.0, 0.0], [0.0, 0.0, 0.0, 0.0, 0.0, 0.0]]
743 0.7430 0.0010 2.692495 1.402895 -9.810000 None [[0.0, 0.0, 0.0, 0.0, 0.0, 0.0], [0.0, 0.0, 0.0, 0.0, 0.0, 0.0]]
744 0.7440 0.0010 2.693888 1.393085 -9.810000 None [[0.0, 0.0, 0.0, 0.0, 0.0, 0.0], [0.0, 0.0, 0.0, 0.0, 0.0, 0.0]]
745 0.7450 0.0010 2.695271 1.383275 -9.810000 None [[0.0, 0.0, 0.0, 0.0, 0.0, 0.0], [0.0, 0.0, 0.0, 0.0, 0.0, 0.0]]
746 0.7460 0.0010 2.696644 1.373465 -9.810000 None [[0.0, 0.0, 0.0, 0.0, 0.0, 0.0], [0.0, 0.0, 0.0, 0.0, 0.0, 0.0]]
747 0.7470 0.0010 2.698008 1.363655 -9.810000 None [[0.0, 0.0, 0.0, 0.0, 0.0, 0.0], [0.0, 0.0, 0.0, 0.0, 0.0, 0.0]]
748 0.7480 0.0010 2.699362 1.353845 -9.810000 None [[0.0, 0.0, 0.0, 0.0, 0.0, 0.0], [0.0, 0.0, 0.0, 0.0, 0.0, 0.0]]
749 0.7490 0.0010 2.700706 1.344035 -9.810000 None [[0.0, 0.0, 0.0, 0.0, 0.0, 0.0], [0.0, 0.0, 0.0, 0.0, 0.0, 0.0]]
750 0.7500 0.0010 2.702040 1.334225 -9.810000 None [[0.0, 0.0, 0.0, 0.0, 0.0, 0.0], [0.0, 0.0, 0.0, 0.0, 0.0, 0.0]]
751 0.7510 0.0010 2.703365 1.324415 -9.810000 None [[0.0, 0.0, 0.0, 0.0, 0.0, 0.0], [0.0, 0.0, 0.0, 0.0, 0.0, 0.0]]
752 0.7520 0.0010 2.704679 1.314605 -9.810000 None [[0.0, 0.0, 0.0, 0.0, 0.0, 0.0], [0.0, 0.0, 0.0, 0.0, 0.0, 0.0]]
753 0.7530 0.0010 2.705984 1.304795 -9.810000 None [[0.0, 0.0, 0.0, 0.0, 0.0, 0.0], [0.0, 0.0, 0.0, 0.0, 0.0, 0.0]]
754 0.7540 0.0010 2.707279 1.294985 -9.810000 None [[0.0, 0.0, 0.0, 0.0, 0.0, 0.0], [0.0, 0.0, 0.0, 0.0, 0.0, 0.0]]
755 0.7550 0.0010 2.708564 1.285175 -9.810000 None [[0.0, 0.0, 0.0, 0.0, 0.0, 0.0], [0.0, 0.0, 0.0, 0.0, 0.0, 0.0]]
756 0.7560 0.0010 2.709840 1.275365 -9.810000 None [[0.0, 0.0, 0.0, 0.0, 0.0, 0.0], [0.0, 0.0, 0.0, 0.0, 0.0, 0.0]]
757 0.7570 0.0010 2.711105 1.265555 -9.810000 None [[0.0, 0.0, 0.0, 0.0, 0.0, 0.0], [0.0, 0.0, 0.0, 0.0, 0.0, 0.0]]
758 0.7580 0.0010 2.712361 1.255745 -9.810000 None [[0.0, 0.0, 0.0, 0.0, 0.0, 0.0], [0.0, 0.0, 0.0, 0.0, 0.0, 0.0]]
759 0.7590 0.0010 2.713607 1.245935 -9.810000 None [[0.0, 0.0, 0.0, 0.0, 0.0, 0.0], [0.0, 0.0, 0.0, 0.0, 0.0, 0.0]]
760 0.7600 0.0010 2.714843 1.236125 -9.810000 None [[0.0, 0.0, 0.0, 0.0, 0.0, 0.0], [0.0, 0.0, 0.0, 0.0, 0.0, 0.0]]
761 0.7610 0.0010 2.716069 1.226315 -9.810000 None [[0.0, 0.0, 0.0, 0.0, 0.0, 0.0], [0.0, 0.0, 0.0, 0.0, 0.0, 0.0]]
762 0.7620 0.0010 2.717286 1.216505 -9.810000 None [[0.0, 0.0, 0.0, 0.0, 0.0, 0.0], [0.0, 0.0, 0.0, 0.0, 0.0, 0.0]]
763 0.7630 0.0010 2.718492 1.206695 -9.810000 None [[0.0, 0.0, 0.0, 0.0, 0.0, 0.0], [0.0, 0.0, 0.0, 0.0, 0.0, 0.0]]
764 0.7640 0.0010 2.719689 1.196885 -9.810000 None [[0.0, 0.0, 0.0, 0.0, 0.0, 0.0], [0.0, 0.0, 0.0, 0.0, 0.0, 0.0]]
765 0.7650 0.0010 2.720876 1.187075 -9.810000 None [[0.0, 0.0, 0.0, 0.0, 0.0, 0.0], [0.0, 0.0, 0.0, 0.0, 0.0, 0.0]]
766 0.7660 0.0010 2.722054 1.177265 -9.810000 None [[0.0, 0.0, 0.0, 0.0, 0.0, 0.0], [0.0, 0.0, 0.0, 0.0, 0.0, 0.0]]
767 0.7670 0.0010 2.723221 1.167455 -9.810000 None [[0.0, 0.0, 0.0, 0.0, 0.0, 0.0], [0.0, 0.0, 0.0, 0.0, 0.0, 0.0]]
768 0.7680 0.0010 2.724379 1.157645 -9.810000 None [[0.0, 0.0, 0.0, 0.0, 0.0, 0.0], [0.0, 0.0, 0.0, 0.0, 0.0, 0.0]]
769 0.7690 0.0010 2.725527 1.147835 -9.810000 None [[0.0, 0.0, 0.0, 0.0, 0.0, 0.0], [0.0, 0.0, 0.0, 0.0, 0.0, 0.0]]
770 0.7700 0.0010 2.726665 1.138025 -9.810000 None [[0.0, 0.0, 0.0, 0.0, 0.0, 0.0], [0.0, 0.0, 0.0, 0.0, 0.0, 0.0]]
771 0.7710 0.0010 2.727793 1.128215 -9.810000 None [[0.0, 0.0, 0.0, 0.0, 0.0, 0.0], [0.0, 0.0, 0.0, 0.0, 0.0, 0.0]]
772 0.7720 0.0010 2.728911 1.118405 -9.810000 None [[0.0, 0.0, 0.0, 0.0, 0.0, 0.0], [0.0, 0.0, 0.0, 0.0, 0.0, 0.0]]
773 0.7730 0.0010 2.730020 1.108595 -9.810000 None [[0.0, 0.0, 0.0, 0.0, 0.0, 0.0], [0.0, 0.0, 0.0, 0.0, 0.0, 0.0]]
774 0.7740 0.0010 2.731119 1.098785 -9.810000 None [[0.0, 0.0, 0.0, 0.0, 0.0, 0.0], [0.0, 0.0, 0.0, 0.0, 0.0, 0.0]]
775 0.7750 0.0010 2.732208 1.088975 -9.810000 None [[0.0, 0.0, 0.0, 0.0, 0.0, 0.0], [0.0, 0.0, 0.0, 0.0, 0.0, 0.0]]
776 0.7760 0.0010 2.733287 1.079165 -9.810000 None [[0.0, 0.0, 0.0, 0.0, 0.0, 0.0], [0.0, 0.0, 0.0, 0.0, 0.0, 0.0]]
777 0.7770 0.0010 2.734356 1.069355 -9.810000 None [[0.0, 0.0, 0.0, 0.0, 0.0, 0.0], [0.0, 0.0, 0.0, 0.0, 0.0, 0.0]]
778 0.7780 0.0010 2.735416 1.059545 -9.810000 None [[0.0, 0.0, 0.0, 0.0, 0.0, 0.0], [0.0, 0.0, 0.0, 0.0, 0.0, 0.0]]
779 0.7790 0.0010 2.736465 1.049735 -9.810000 None [[0.0, 0.0, 0.0, 0.0, 0.0, 0.0], [0.0, 0.0, 0.0, 0.0, 0.0, 0.0]]
780 0.7800 0.0010 2.737505 1.039925 -9.810000 None [[0.0, 0.0, 0.0, 0.0, 0.0, 0.0], [0.0, 0.0, 0.0, 0.0, 0.0, 0.0]]
781 0.7810 0.0010 2.738535 1.030115 -9.810000 None [[0.0, 0.0, 0.0, 0.0, 0.0, 0.0], [0.0, 0.0, 0.0, 0.0, 0.0, 0.0]]
782 0.7820 0.0010 2.739556 1.020305 -9.810000 None [[0.0, 0.0, 0.0, 0.0, 0.0, 0.0], [0.0, 0.0, 0.0, 0.0, 0.0, 0.0]]
783 0.7830 0.0010 2.740566 1.010495 -9.810000 None [[0.0, 0.0, 0.0, 0.0, 0.0, 0.0], [0.0, 0.0, 0.0, 0.0, 0.0, 0.0]]
784 0.7840 0.0010 2.741567 1.000685 -9.810000 None [[0.0, 0.0, 0.0, 0.0, 0.0, 0.0], [0.0, 0.0, 0.0, 0.0, 0.0, 0.0]]
785 0.7850 0.0010 2.742558 0.990875 -9.810000 None [[0.0, 0.0, 0.0, 0.0, 0.0, 0.0], [0.0, 0.0, 0.0, 0.0, 0.0, 0.0]]
786 0.7860 0.0010 2.743539 0.981065 -9.810000 None [[0.0, 0.0, 0.0, 0.0, 0.0, 0.0], [0.0, 0.0, 0.0, 0.0, 0.0, 0.0]]
787 0.7870 0.0010 2.744510 0.971255 -9.810000 None [[0.0, 0.0, 0.0, 0.0, 0.0, 0.0], [0.0, 0.0, 0.0, 0.0, 0.0, 0.0]]
788 0.7880 0.0010 2.745472 0.961445 -9.810000 None [[0.0, 0.0, 0.0, 0.0, 0.0, 0.0], [0.0, 0.0, 0.0, 0.0, 0.0, 0.0]]
789 0.7890 0.0010 2.746423 0.951635 -9.810000 None [[0.0, 0.0, 0.0, 0.0, 0.0, 0.0], [0.0, 0.0, 0.0, 0.0, 0.0, 0.0]]
790 0.7900 0.0010 2.747365 0.941825 -9.810000 None [[0.0, 0.0, 0.0, 0.0, 0.0, 0.0], [0.0, 0.0, 0.0, 0.0, 0.0, 0.0]]
791 0.7910 0.0010 2.748297 0.932015 -9.810000 None [[0.0, 0.0, 0.0, 0.0, 0.0, 0.0], [0.0, 0.0, 0.0, 0.0, 0.0, 0.0]]
792 0.7920 0.0010 2.749219 0.922205 -9.810000 None [[0.0, 0.0, 0.0, 0.0, 0.0, 0.0], [0.0, 0.0, 0.0, 0.0, 0.0, 0.0]]
793 0.7930 0.0010 2.750132 0.912395 -9.810000 None [[0.0, 0.0, 0.0, 0.0, 0.0, 0.0], [0.0, 0.0, 0.0, 0.0, 0.0, 0.0]]
794 0.7940 0.0010 2.751034 0.902585 -9.810000 None [[0.0, 0.0, 0.0, 0.0, 0.0, 0.0], [0.0, 0.0, 0.0, 0.0, 0.0, 0.0]]
795 0.7950 0.0010 2.751927 0.892775 -9.810000 None [[0.0, 0.0, 0.0, 0.0, 0.0, 0.0], [0.0, 0.0, 0.0, 0.0, 0.0, 0.0]]
796 0.7960 0.0010 2.752810 0.882965 -9.810000 None [[0.0, 0.0, 0.0, 0.0, 0.0, 0.0], [0.0, 0.0, 0.0, 0.0, 0.0, 0.0]]
797 0.7970 0.0010 2.753683 0.873155 -9.810000 None [[0.0, 0.0, 0.0, 0.0, 0.0, 0.0], [0.0, 0.0, 0.0, 0.0, 0.0, 0.0]]
798 0.7980 0.0010 2.754546 0.863345 -9.810000 None [[0.0, 0.0, 0.0, 0.0, 0.0, 0.0], [0.0, 0.0, 0.0, 0.0, 0.0, 0.0]]
799 0.7990 0.0010 2.755400 0.853535 -9.810000 None [[0.0, 0.0, 0.0, 0.0, 0.0, 0.0], [0.0, 0.0, 0.0, 0.0, 0.0, 0.0]]
800 0.8000 0.0010 2.756244 0.843725 -9.810000 None [[0.0, 0.0, 0.0, 0.0, 0.0, 0.0], [0.0, 0.0, 0.0, 0.0, 0.0, 0.0]]
801 0.8010 0.0010 2.757078 0.833915 -9.810000 None [[0.0, 0.0, 0.0, 0.0, 0.0, 0.0], [0.0, 0.0, 0.0, 0.0, 0.0, 0.0]]
802 0.8020 0.0010 2.757902 0.824105 -9.810000 None [[0.0, 0.0, 0.0, 0.0, 0.0, 0.0], [0.0, 0.0, 0.0, 0.0, 0.0, 0.0]]
803 0.8030 0.0010 2.758716 0.814295 -9.810000 None [[0.0, 0.0, 0.0, 0.0, 0.0, 0.0], [0.0, 0.0, 0.0, 0.0, 0.0, 0.0]]
804 0.8040 0.0010 2.759520 0.804485 -9.810000 None [[0.0, 0.0, 0.0, 0.0, 0.0, 0.0], [0.0, 0.0, 0.0, 0.0, 0.0, 0.0]]
805 0.8050 0.0010 2.760315 0.794675 -9.810000 None [[0.0, 0.0, 0.0, 0.0, 0.0, 0.0], [0.0, 0.0, 0.0, 0.0, 0.0, 0.0]]
806 0.8060 0.0010 2.761100 0.784865 -9.810000 None [[0.0, 0.0, 0.0, 0.0, 0.0, 0.0], [0.0, 0.0, 0.0, 0.0, 0.0, 0.0]]
807 0.8070 0.0010 2.761875 0.775055 -9.810000 None [[0.0, 0.0, 0.0, 0.0, 0.0, 0.0], [0.0, 0.0, 0.0, 0.0, 0.0, 0.0]]
808 0.8080 0.0010 2.762640 0.765245 -9.810000 None [[0.0, 0.0, 0.0, 0.0, 0.0, 0.0], [0.0, 0.0, 0.0, 0.0, 0.0, 0.0]]
809 0.8090 0.0010 2.763396 0.755435 -9.810000 None [[0.0, 0.0, 0.0, 0.0, 0.0, 0.0], [0.0, 0.0, 0.0, 0.0, 0.0, 0.0]]
810 0.8100 0.0010 2.764141 0.745625 -9.810000 None [[0.0, 0.0, 0.0, 0.0, 0.0, 0.0], [0.0, 0.0, 0.0, 0.0, 0.0, 0.0]]
811 0.8110 0.0010 2.764877 0.735815 -9.810000 None [[0.0, 0.0, 0.0, 0.0, 0.0, 0.0], [0.0, 0.0, 0.0, 0.0, 0.0, 0.0]]
812 0.8120 0.0010 2.765603 0.726005 -9.810000 None [[0.0, 0.0, 0.0, 0.0, 0.0, 0.0], [0.0, 0.0, 0.0, 0.0, 0.0, 0.0]]
813 0.8130 0.0010 2.766319 0.716195 -9.810000 None [[0.0, 0.0, 0.0, 0.0, 0.0, 0.0], [0.0, 0.0, 0.0, 0.0, 0.0, 0.0]]
814 0.8140 0.0010 2.767026 0.706385 -9.810000 None [[0.0, 0.0, 0.0, 0.0, 0.0, 0.0], [0.0, 0.0, 0.0, 0.0, 0.0, 0.0]]
815 0.8150 0.0010 2.767722 0.696575 -9.810000 None [[0.0, 0.0, 0.0, 0.0, 0.0, 0.0], [0.0, 0.0, 0.0, 0.0, 0.0, 0.0]]
816 0.8160 0.0010 2.768409 0.686765 -9.810000 None [[0.0, 0.0, 0.0, 0.0, 0.0, 0.0], [0.0, 0.0, 0.0, 0.0, 0.0, 0.0]]
817 0.8170 0.0010 2.769086 0.676955 -9.810000 None [[0.0, 0.0, 0.0, 0.0, 0.0, 0.0], [0.0, 0.0, 0.0, 0.0, 0.0, 0.0]]
818 0.8180 0.0010 2.769753 0.667145 -9.810000 None [[0.0, 0.0, 0.0, 0.0, 0.0, 0.0], [0.0, 0.0, 0.0, 0.0, 0.0, 0.0]]
819 0.8190 0.0010 2.770411 0.657335 -9.810000 None [[0.0, 0.0, 0.0, 0.0, 0.0, 0.0], [0.0, 0.0, 0.0, 0.0, 0.0, 0.0]]
820 0.8200 0.0010 2.771058 0.647525 -9.810000 None [[0.0, 0.0, 0.0, 0.0, 0.0, 0.0], [0.0, 0.0, 0.0, 0.0, 0.0, 0.0]]
821 0.8210 0.0010 2.771696 0.637715 -9.810000 None [[0.0, 0.0, 0.0, 0.0, 0.0, 0.0], [0.0, 0.0, 0.0, 0.0, 0.0, 0.0]]
822 0.8220 0.0010 2.772324 0.627905 -9.810000 None [[0.0, 0.0, 0.0, 0.0, 0.0, 0.0], [0.0, 0.0, 0.0, 0.0, 0.0, 0.0]]
823 0.8230 0.0010 2.772942 0.618095 -9.810000 None [[0.0, 0.0, 0.0, 0.0, 0.0, 0.0], [0.0, 0.0, 0.0, 0.0, 0.0, 0.0]]
824 0.8240 0.0010 2.773550 0.608285 -9.810000 None [[0.0, 0.0, 0.0, 0.0, 0.0, 0.0], [0.0, 0.0, 0.0, 0.0, 0.0, 0.0]]
825 0.8250 0.0010 2.774149 0.598475 -9.810000 None [[0.0, 0.0, 0.0, 0.0, 0.0, 0.0], [0.0, 0.0, 0.0, 0.0, 0.0, 0.0]]
826 0.8260 0.0010 2.774737 0.588665 -9.810000 None [[0.0, 0.0, 0.0, 0.0, 0.0, 0.0], [0.0, 0.0, 0.0, 0.0, 0.0, 0.0]]
827 0.8270 0.0010 2.775316 0.578855 -9.810000 None [[0.0, 0.0, 0.0, 0.0, 0.0, 0.0], [0.0, 0.0, 0.0, 0.0, 0.0, 0.0]]
828 0.8280 0.0010 2.775885 0.569045 -9.810000 None [[0.0, 0.0, 0.0, 0.0, 0.0, 0.0], [0.0, 0.0, 0.0, 0.0, 0.0, 0.0]]
829 0.8290 0.0010 2.776444 0.559235 -9.810000 None [[0.0, 0.0, 0.0, 0.0, 0.0, 0.0], [0.0, 0.0, 0.0, 0.0, 0.0, 0.0]]
830 0.8300 0.0010 2.776994 0.549425 -9.810000 None [[0.0, 0.0, 0.0, 0.0, 0.0, 0.0], [0.0, 0.0, 0.0, 0.0, 0.0, 0.0]]
831 0.8310 0.0010 2.777533 0.539615 -9.810000 None [[0.0, 0.0, 0.0, 0.0, 0.0, 0.0], [0.0, 0.0, 0.0, 0.0, 0.0, 0.0]]
832 0.8320 0.0010 2.778063 0.529805 -9.810000 None [[0.0, 0.0, 0.0, 0.0, 0.0, 0.0], [0.0, 0.0, 0.0, 0.0, 0.0, 0.0]]
833 0.8330 0.0010 2.778583 0.519995 -9.810000 None [[0.0, 0.0, 0.0, 0.0, 0.0, 0.0], [0.0, 0.0, 0.0, 0.0, 0.0, 0.0]]
834 0.8340 0.0010 2.779093 0.510185 -9.810000 None [[0.0, 0.0, 0.0, 0.0, 0.0, 0.0], [0.0, 0.0, 0.0, 0.0, 0.0, 0.0]]
835 0.8350 0.0010 2.779594 0.500375 -9.810000 None [[0.0, 0.0, 0.0, 0.0, 0.0, 0.0], [0.0, 0.0, 0.0, 0.0, 0.0, 0.0]]
836 0.8360 0.0010 2.780084 0.490565 -9.810000 None [[0.0, 0.0, 0.0, 0.0, 0.0, 0.0], [0.0, 0.0, 0.0, 0.0, 0.0, 0.0]]
837 0.8370 0.0010 2.780565 0.480755 -9.810000 None [[0.0, 0.0, 0.0, 0.0, 0.0, 0.0], [0.0, 0.0, 0.0, 0.0, 0.0, 0.0]]
838 0.8380 0.0010 2.781036 0.470945 -9.810000 None [[0.0, 0.0, 0.0, 0.0, 0.0, 0.0], [0.0, 0.0, 0.0, 0.0, 0.0, 0.0]]
839 0.8390 0.0010 2.781497 0.461135 -9.810000 None [[0.0, 0.0, 0.0, 0.0, 0.0, 0.0], [0.0, 0.0, 0.0, 0.0, 0.0, 0.0]]
840 0.8400 0.0010 2.781948 0.451325 -9.810000 None [[0.0, 0.0, 0.0, 0.0, 0.0, 0.0], [0.0, 0.0, 0.0, 0.0, 0.0, 0.0]]
841 0.8410 0.0010 2.782390 0.441515 -9.810000 None [[0.0, 0.0, 0.0, 0.0, 0.0, 0.0], [0.0, 0.0, 0.0, 0.0, 0.0, 0.0]]
842 0.8420 0.0010 2.782822 0.431705 -9.810000 None [[0.0, 0.0, 0.0, 0.0, 0.0, 0.0], [0.0, 0.0, 0.0, 0.0, 0.0, 0.0]]
843 0.8430 0.0010 2.783244 0.421895 -9.810000 None [[0.0, 0.0, 0.0, 0.0, 0.0, 0.0], [0.0, 0.0, 0.0, 0.0, 0.0, 0.0]]
844 0.8440 0.0010 2.783656 0.412085 -9.810000 None [[0.0, 0.0, 0.0, 0.0, 0.0, 0.0], [0.0, 0.0, 0.0, 0.0, 0.0, 0.0]]
845 0.8450 0.0010 2.784058 0.402275 -9.810000 None [[0.0, 0.0, 0.0, 0.0, 0.0, 0.0], [0.0, 0.0, 0.0, 0.0, 0.0, 0.0]]
846 0.8460 0.0010 2.784450 0.392465 -9.810000 None [[0.0, 0.0, 0.0, 0.0, 0.0, 0.0], [0.0, 0.0, 0.0, 0.0, 0.0, 0.0]]
847 0.8470 0.0010 2.784833 0.382655 -9.810000 None [[0.0, 0.0, 0.0, 0.0, 0.0, 0.0], [0.0, 0.0, 0.0, 0.0, 0.0, 0.0]]
848 0.8480 0.0010 2.785206 0.372845 -9.810000 None [[0.0, 0.0, 0.0, 0.0, 0.0, 0.0], [0.0, 0.0, 0.0, 0.0, 0.0, 0.0]]
849 0.8490 0.0010 2.785569 0.363035 -9.810000 None [[0.0, 0.0, 0.0, 0.0, 0.0, 0.0], [0.0, 0.0, 0.0, 0.0, 0.0, 0.0]]
850 0.8500 0.0010 2.785922 0.353225 -9.810000 None [[0.0, 0.0, 0.0, 0.0, 0.0, 0.0], [0.0, 0.0, 0.0, 0.0, 0.0, 0.0]]
851 0.8510 0.0010 2.786266 0.343415 -9.810000 None [[0.0, 0.0, 0.0, 0.0, 0.0, 0.0], [0.0, 0.0, 0.0, 0.0, 0.0, 0.0]]
852 0.8520 0.0010 2.786599 0.333605 -9.810000 None [[0.0, 0.0, 0.0, 0.0, 0.0, 0.0], [0.0, 0.0, 0.0, 0.0, 0.0, 0.0]]
853 0.8530 0.0010 2.786923 0.323795 -9.810000 None [[0.0, 0.0, 0.0, 0.0, 0.0, 0.0], [0.0, 0.0, 0.0, 0.0, 0.0, 0.0]]
854 0.8540 0.0010 2.787237 0.313985 -9.810000 None [[0.0, 0.0, 0.0, 0.0, 0.0, 0.0], [0.0, 0.0, 0.0, 0.0, 0.0, 0.0]]
855 0.8550 0.0010 2.787541 0.304175 -9.810000 None [[0.0, 0.0, 0.0, 0.0, 0.0, 0.0], [0.0, 0.0, 0.0, 0.0, 0.0, 0.0]]
856 0.8560 0.0010 2.787835 0.294365 -9.810000 None [[0.0, 0.0, 0.0, 0.0, 0.0, 0.0], [0.0, 0.0, 0.0, 0.0, 0.0, 0.0]]
857 0.8570 0.0010 2.788120 0.284555 -9.810000 None [[0.0, 0.0, 0.0, 0.0, 0.0, 0.0], [0.0, 0.0, 0.0, 0.0, 0.0, 0.0]]
858 0.8580 0.0010 2.788395 0.274745 -9.810000 None [[0.0, 0.0, 0.0, 0.0, 0.0, 0.0], [0.0, 0.0, 0.0, 0.0, 0.0, 0.0]]
859 0.8590 0.0010 2.788660 0.264935 -9.810000 None [[0.0, 0.0, 0.0, 0.0, 0.0, 0.0], [0.0, 0.0, 0.0, 0.0, 0.0, 0.0]]
860 0.8600 0.0010 2.788915 0.255125 -9.810000 None [[0.0, 0.0, 0.0, 0.0, 0.0, 0.0], [0.0, 0.0, 0.0, 0.0, 0.0, 0.0]]
861 0.8610 0.0010 2.789160 0.245315 -9.810000 None [[0.0, 0.0, 0.0, 0.0, 0.0, 0.0], [0.0, 0.0, 0.0, 0.0, 0.0, 0.0]]
862 0.8620 0.0010 2.789396 0.235505 -9.810000 None [[0.0, 0.0, 0.0, 0.0, 0.0, 0.0], [0.0, 0.0, 0.0, 0.0, 0.0, 0.0]]
863 0.8630 0.0010 2.789621 0.225695 -9.810000 None [[0.0, 0.0, 0.0, 0.0, 0.0, 0.0], [0.0, 0.0, 0.0, 0.0, 0.0, 0.0]]
864 0.8640 0.0010 2.789837 0.215885 -9.810000 None [[0.0, 0.0, 0.0, 0.0, 0.0, 0.0], [0.0, 0.0, 0.0, 0.0, 0.0, 0.0]]
865 0.8650 0.0010 2.790043 0.206075 -9.810000 None [[0.0, 0.0, 0.0, 0.0, 0.0, 0.0], [0.0, 0.0, 0.0, 0.0, 0.0, 0.0]]
866 0.8660 0.0010 2.790240 0.196265 -9.810000 None [[0.0, 0.0, 0.0, 0.0, 0.0, 0.0], [0.0, 0.0, 0.0, 0.0, 0.0, 0.0]]
867 0.8670 0.0010 2.790426 0.186455 -9.810000 None [[0.0, 0.0, 0.0, 0.0, 0.0, 0.0], [0.0, 0.0, 0.0, 0.0, 0.0, 0.0]]
868 0.8680 0.0010 2.790603 0.176645 -9.810000 None [[0.0, 0.0, 0.0, 0.0, 0.0, 0.0], [0.0, 0.0, 0.0, 0.0, 0.0, 0.0]]
869 0.8690 0.0010 2.790770 0.166835 -9.810000 None [[0.0, 0.0, 0.0, 0.0, 0.0, 0.0], [0.0, 0.0, 0.0, 0.0, 0.0, 0.0]]
870 0.8700 0.0010 2.790927 0.157025 -9.810000 None [[0.0, 0.0, 0.0, 0.0, 0.0, 0.0], [0.0, 0.0, 0.0, 0.0, 0.0, 0.0]]
871 0.8710 0.0010 2.791074 0.147215 -9.810000 None [[0.0, 0.0, 0.0, 0.0, 0.0, 0.0], [0.0, 0.0, 0.0, 0.0, 0.0, 0.0]]
872 0.8720 0.0010 2.791211 0.137405 -9.810000 None [[0.0, 0.0, 0.0, 0.0, 0.0, 0.0], [0.0, 0.0, 0.0, 0.0, 0.0, 0.0]]
873 0.8730 0.0010 2.791339 0.127595 -9.810000 None [[0.0, 0.0, 0.0, 0.0, 0.0, 0.0], [0.0, 0.0, 0.0, 0.0, 0.0, 0.0]]
874 0.8740 0.0010 2.791457 0.117785 -9.810000 None [[0.0, 0.0, 0.0, 0.0, 0.0, 0.0], [0.0, 0.0, 0.0, 0.0, 0.0, 0.0]]
875 0.8750 0.0010 2.791565 0.107975 -9.810000 None [[0.0, 0.0, 0.0, 0.0, 0.0, 0.0], [0.0, 0.0, 0.0, 0.0, 0.0, 0.0]]
876 0.8760 0.0010 2.791663 0.098165 -9.810000 None [[0.0, 0.0, 0.0, 0.0, 0.0, 0.0], [0.0, 0.0, 0.0, 0.0, 0.0, 0.0]]
877 0.8770 0.0010 2.791751 0.088355 -9.810000 None [[0.0, 0.0, 0.0, 0.0, 0.0, 0.0], [0.0, 0.0, 0.0, 0.0, 0.0, 0.0]]
878 0.8780 0.0010 2.791830 0.078545 -9.810000 None [[0.0, 0.0, 0.0, 0.0, 0.0, 0.0], [0.0, 0.0, 0.0, 0.0, 0.0, 0.0]]
879 0.8790 0.0010 2.791898 0.068735 -9.810000 None [[0.0, 0.0, 0.0, 0.0, 0.0, 0.0], [0.0, 0.0, 0.0, 0.0, 0.0, 0.0]]
880 0.8800 0.0010 2.791957 0.058925 -9.810000 None [[0.0, 0.0, 0.0, 0.0, 0.0, 0.0], [0.0, 0.0, 0.0, 0.0, 0.0, 0.0]]
881 0.8810 0.0010 2.792006 0.049115 -9.810000 None [[0.0, 0.0, 0.0, 0.0, 0.0, 0.0], [0.0, 0.0, 0.0, 0.0, 0.0, 0.0]]
882 0.8820 0.0010 2.792046 0.039305 -9.810000 None [[0.0, 0.0, 0.0, 0.0, 0.0, 0.0], [0.0, 0.0, 0.0, 0.0, 0.0, 0.0]]
883 0.8830 0.0010 2.792075 0.029495 -9.810000 None [[0.0, 0.0, 0.0, 0.0, 0.0, 0.0], [0.0, 0.0, 0.0, 0.0, 0.0, 0.0]]
884 0.8840 0.0010 2.792095 0.019685 -9.810000 None [[0.0, 0.0, 0.0, 0.0, 0.0, 0.0], [0.0, 0.0, 0.0, 0.0, 0.0, 0.0]]
885 0.8850 0.0010 2.792105 0.009875 -9.810000 None [[0.0, 0.0, 0.0, 0.0, 0.0, 0.0], [0.0, 0.0, 0.0, 0.0, 0.0, 0.0]]
886 0.8860 0.0010 2.792105 0.000065 -9.810000 None [[0.0, 0.0, 0.0, 0.0, 0.0, 0.0], [0.0, 0.0, 0.0, 0.0, 0.0, 0.0]]
887 0.8870 0.0010 2.792095 -0.009745 -9.810000 None [[0.0, 0.0, 0.0, 0.0, 0.0, 0.0], [0.0, 0.0, 0.0, 0.0, 0.0, 0.0]]
888 0.8880 0.0010 2.792075 -0.019555 -9.810000 None [[0.0, 0.0, 0.0, 0.0, 0.0, 0.0], [0.0, 0.0, 0.0, 0.0, 0.0, 0.0]]
889 0.8890 0.0010 2.792046 -0.029365 -9.810000 None [[0.0, 0.0, 0.0, 0.0, 0.0, 0.0], [0.0, 0.0, 0.0, 0.0, 0.0, 0.0]]
890 0.8900 0.0010 2.792007 -0.039175 -9.810000 None [[0.0, 0.0, 0.0, 0.0, 0.0, 0.0], [0.0, 0.0, 0.0, 0.0, 0.0, 0.0]]
891 0.8910 0.0010 2.791958 -0.048985 -9.810000 None [[0.0, 0.0, 0.0, 0.0, 0.0, 0.0], [0.0, 0.0, 0.0, 0.0, 0.0, 0.0]]
892 0.8920 0.0010 2.791899 -0.058795 -9.810000 None [[0.0, 0.0, 0.0, 0.0, 0.0, 0.0], [0.0, 0.0, 0.0, 0.0, 0.0, 0.0]]
893 0.8930 0.0010 2.791831 -0.068605 -9.810000 None [[0.0, 0.0, 0.0, 0.0, 0.0, 0.0], [0.0, 0.0, 0.0, 0.0, 0.0, 0.0]]
894 0.8940 0.0010 2.791752 -0.078415 -9.810000 None [[0.0, 0.0, 0.0, 0.0, 0.0, 0.0], [0.0, 0.0, 0.0, 0.0, 0.0, 0.0]]
895 0.8950 0.0010 2.791664 -0.088225 -9.810000 None [[0.0, 0.0, 0.0, 0.0, 0.0, 0.0], [0.0, 0.0, 0.0, 0.0, 0.0, 0.0]]
896 0.8960 0.0010 2.791566 -0.098035 -9.810000 None [[0.0, 0.0, 0.0, 0.0, 0.0, 0.0], [0.0, 0.0, 0.0, 0.0, 0.0, 0.0]]
897 0.8970 0.0010 2.791458 -0.107845 -9.810000 None [[0.0, 0.0, 0.0, 0.0, 0.0, 0.0], [0.0, 0.0, 0.0, 0.0, 0.0, 0.0]]
898 0.8980 0.0010 2.791340 -0.117655 -9.810000 None [[0.0, 0.0, 0.0, 0.0, 0.0, 0.0], [0.0, 0.0, 0.0, 0.0, 0.0, 0.0]]
899 0.8990 0.0010 2.791213 -0.127465 -9.810000 None [[0.0, 0.0, 0.0, 0.0, 0.0, 0.0], [0.0, 0.0, 0.0, 0.0, 0.0, 0.0]]
900 0.9000 0.0010 2.791076 -0.137275 -9.810000 None [[0.0, 0.0, 0.0, 0.0, 0.0, 0.0], [0.0, 0.0, 0.0, 0.0, 0.0, 0.0]]
901 0.9010 0.0010 2.790929 -0.147085 -9.810000 None [[0.0, 0.0, 0.0, 0.0, 0.0, 0.0], [0.0, 0.0, 0.0, 0.0, 0.0, 0.0]]
902 0.9020 0.0010 2.790772 -0.156895 -9.810000 None [[0.0, 0.0, 0.0, 0.0, 0.0, 0.0], [0.0, 0.0, 0.0, 0.0, 0.0, 0.0]]
903 0.9030 0.0010 2.790605 -0.166705 -9.810000 None [[0.0, 0.0, 0.0, 0.0, 0.0, 0.0], [0.0, 0.0, 0.0, 0.0, 0.0, 0.0]]
904 0.9040 0.0010 2.790428 -0.176515 -9.810000 None [[0.0, 0.0, 0.0, 0.0, 0.0, 0.0], [0.0, 0.0, 0.0, 0.0, 0.0, 0.0]]
905 0.9050 0.0010 2.790242 -0.186325 -9.810000 None [[0.0, 0.0, 0.0, 0.0, 0.0, 0.0], [0.0, 0.0, 0.0, 0.0, 0.0, 0.0]]
906 0.9060 0.0010 2.790046 -0.196135 -9.810000 None [[0.0, 0.0, 0.0, 0.0, 0.0, 0.0], [0.0, 0.0, 0.0, 0.0, 0.0, 0.0]]
907 0.9070 0.0010 2.789840 -0.205945 -9.810000 None [[0.0, 0.0, 0.0, 0.0, 0.0, 0.0], [0.0, 0.0, 0.0, 0.0, 0.0, 0.0]]
908 0.9080 0.0010 2.789624 -0.215755 -9.810000 None [[0.0, 0.0, 0.0, 0.0, 0.0, 0.0], [0.0, 0.0, 0.0, 0.0, 0.0, 0.0]]
909 0.9090 0.0010 2.789399 -0.225565 -9.810000 None [[0.0, 0.0, 0.0, 0.0, 0.0, 0.0], [0.0, 0.0, 0.0, 0.0, 0.0, 0.0]]
910 0.9100 0.0010 2.789163 -0.235375 -9.810000 None [[0.0, 0.0, 0.0, 0.0, 0.0, 0.0], [0.0, 0.0, 0.0, 0.0, 0.0, 0.0]]
911 0.9110 0.0010 2.788918 -0.245185 -9.810000 None [[0.0, 0.0, 0.0, 0.0, 0.0, 0.0], [0.0, 0.0, 0.0, 0.0, 0.0, 0.0]]
912 0.9120 0.0010 2.788663 -0.254995 -9.810000 None [[0.0, 0.0, 0.0, 0.0, 0.0, 0.0], [0.0, 0.0, 0.0, 0.0, 0.0, 0.0]]
913 0.9130 0.0010 2.788398 -0.264805 -9.810000 None [[0.0, 0.0, 0.0, 0.0, 0.0, 0.0], [0.0, 0.0, 0.0, 0.0, 0.0, 0.0]]
914 0.9140 0.0010 2.788124 -0.274615 -9.810000 None [[0.0, 0.0, 0.0, 0.0, 0.0, 0.0], [0.0, 0.0, 0.0, 0.0, 0.0, 0.0]]
915 0.9150 0.0010 2.787839 -0.284425 -9.810000 None [[0.0, 0.0, 0.0, 0.0, 0.0, 0.0], [0.0, 0.0, 0.0, 0.0, 0.0, 0.0]]
916 0.9160 0.0010 2.787545 -0.294235 -9.810000 None [[0.0, 0.0, 0.0, 0.0, 0.0, 0.0], [0.0, 0.0, 0.0, 0.0, 0.0, 0.0]]
917 0.9170 0.0010 2.787241 -0.304045 -9.810000 None [[0.0, 0.0, 0.0, 0.0, 0.0, 0.0], [0.0, 0.0, 0.0, 0.0, 0.0, 0.0]]
918 0.9180 0.0010 2.786927 -0.313855 -9.810000 None [[0.0, 0.0, 0.0, 0.0, 0.0, 0.0], [0.0, 0.0, 0.0, 0.0, 0.0, 0.0]]
919 0.9190 0.0010 2.786603 -0.323665 -9.810000 None [[0.0, 0.0, 0.0, 0.0, 0.0, 0.0], [0.0, 0.0, 0.0, 0.0, 0.0, 0.0]]
920 0.9200 0.0010 2.786270 -0.333475 -9.810000 None [[0.0, 0.0, 0.0, 0.0, 0.0, 0.0], [0.0, 0.0, 0.0, 0.0, 0.0, 0.0]]
921 0.9210 0.0010 2.785927 -0.343285 -9.810000 None [[0.0, 0.0, 0.0, 0.0, 0.0, 0.0], [0.0, 0.0, 0.0, 0.0, 0.0, 0.0]]
922 0.9220 0.0010 2.785574 -0.353095 -9.810000 None [[0.0, 0.0, 0.0, 0.0, 0.0, 0.0], [0.0, 0.0, 0.0, 0.0, 0.0, 0.0]]
923 0.9230 0.0010 2.785211 -0.362905 -9.810000 None [[0.0, 0.0, 0.0, 0.0, 0.0, 0.0], [0.0, 0.0, 0.0, 0.0, 0.0, 0.0]]
924 0.9240 0.0010 2.784838 -0.372715 -9.810000 None [[0.0, 0.0, 0.0, 0.0, 0.0, 0.0], [0.0, 0.0, 0.0, 0.0, 0.0, 0.0]]
925 0.9250 0.0010 2.784455 -0.382525 -9.810000 None [[0.0, 0.0, 0.0, 0.0, 0.0, 0.0], [0.0, 0.0, 0.0, 0.0, 0.0, 0.0]]
926 0.9260 0.0010 2.784063 -0.392335 -9.810000 None [[0.0, 0.0, 0.0, 0.0, 0.0, 0.0], [0.0, 0.0, 0.0, 0.0, 0.0, 0.0]]
927 0.9270 0.0010 2.783661 -0.402145 -9.810000 None [[0.0, 0.0, 0.0, 0.0, 0.0, 0.0], [0.0, 0.0, 0.0, 0.0, 0.0, 0.0]]
928 0.9280 0.0010 2.783249 -0.411955 -9.810000 None [[0.0, 0.0, 0.0, 0.0, 0.0, 0.0], [0.0, 0.0, 0.0, 0.0, 0.0, 0.0]]
929 0.9290 0.0010 2.782827 -0.421765 -9.810000 None [[0.0, 0.0, 0.0, 0.0, 0.0, 0.0], [0.0, 0.0, 0.0, 0.0, 0.0, 0.0]]
930 0.9300 0.0010 2.782396 -0.431575 -9.810000 None [[0.0, 0.0, 0.0, 0.0, 0.0, 0.0], [0.0, 0.0, 0.0, 0.0, 0.0, 0.0]]
931 0.9310 0.0010 2.781954 -0.441385 -9.810000 None [[0.0, 0.0, 0.0, 0.0, 0.0, 0.0], [0.0, 0.0, 0.0, 0.0, 0.0, 0.0]]
932 0.9320 0.0010 2.781503 -0.451195 -9.810000 None [[0.0, 0.0, 0.0, 0.0, 0.0, 0.0], [0.0, 0.0, 0.0, 0.0, 0.0, 0.0]]
933 0.9330 0.0010 2.781042 -0.461005 -9.810000 None [[0.0, 0.0, 0.0, 0.0, 0.0, 0.0], [0.0, 0.0, 0.0, 0.0, 0.0, 0.0]]
934 0.9340 0.0010 2.780571 -0.470815 -9.810000 None [[0.0, 0.0, 0.0, 0.0, 0.0, 0.0], [0.0, 0.0, 0.0, 0.0, 0.0, 0.0]]
935 0.9350 0.0010 2.780091 -0.480625 -9.810000 None [[0.0, 0.0, 0.0, 0.0, 0.0, 0.0], [0.0, 0.0, 0.0, 0.0, 0.0, 0.0]]
936 0.9360 0.0010 2.779600 -0.490435 -9.810000 None [[0.0, 0.0, 0.0, 0.0, 0.0, 0.0], [0.0, 0.0, 0.0, 0.0, 0.0, 0.0]]
937 0.9370 0.0010 2.779100 -0.500245 -9.810000 None [[0.0, 0.0, 0.0, 0.0, 0.0, 0.0], [0.0, 0.0, 0.0, 0.0, 0.0, 0.0]]
938 0.9380 0.0010 2.778590 -0.510055 -9.810000 None [[0.0, 0.0, 0.0, 0.0, 0.0, 0.0], [0.0, 0.0, 0.0, 0.0, 0.0, 0.0]]
939 0.9390 0.0010 2.778070 -0.519865 -9.810000 None [[0.0, 0.0, 0.0, 0.0, 0.0, 0.0], [0.0, 0.0, 0.0, 0.0, 0.0, 0.0]]
940 0.9400 0.0010 2.777540 -0.529675 -9.810000 None [[0.0, 0.0, 0.0, 0.0, 0.0, 0.0], [0.0, 0.0, 0.0, 0.0, 0.0, 0.0]]
941 0.9410 0.0010 2.777001 -0.539485 -9.810000 None [[0.0, 0.0, 0.0, 0.0, 0.0, 0.0], [0.0, 0.0, 0.0, 0.0, 0.0, 0.0]]
942 0.9420 0.0010 2.776452 -0.549295 -9.810000 None [[0.0, 0.0, 0.0, 0.0, 0.0, 0.0], [0.0, 0.0, 0.0, 0.0, 0.0, 0.0]]
943 0.9430 0.0010 2.775893 -0.559105 -9.810000 None [[0.0, 0.0, 0.0, 0.0, 0.0, 0.0], [0.0, 0.0, 0.0, 0.0, 0.0, 0.0]]
944 0.9440 0.0010 2.775324 -0.568915 -9.810000 None [[0.0, 0.0, 0.0, 0.0, 0.0, 0.0], [0.0, 0.0, 0.0, 0.0, 0.0, 0.0]]
945 0.9450 0.0010 2.774745 -0.578725 -9.810000 None [[0.0, 0.0, 0.0, 0.0, 0.0, 0.0], [0.0, 0.0, 0.0, 0.0, 0.0, 0.0]]
946 0.9460 0.0010 2.774156 -0.588535 -9.810000 None [[0.0, 0.0, 0.0, 0.0, 0.0, 0.0], [0.0, 0.0, 0.0, 0.0, 0.0, 0.0]]
947 0.9470 0.0010 2.773558 -0.598345 -9.810000 None [[0.0, 0.0, 0.0, 0.0, 0.0, 0.0], [0.0, 0.0, 0.0, 0.0, 0.0, 0.0]]
948 0.9480 0.0010 2.772950 -0.608155 -9.810000 None [[0.0, 0.0, 0.0, 0.0, 0.0, 0.0], [0.0, 0.0, 0.0, 0.0, 0.0, 0.0]]
949 0.9490 0.0010 2.772332 -0.617965 -9.810000 None [[0.0, 0.0, 0.0, 0.0, 0.0, 0.0], [0.0, 0.0, 0.0, 0.0, 0.0, 0.0]]
950 0.9500 0.0010 2.771704 -0.627775 -9.810000 None [[0.0, 0.0, 0.0, 0.0, 0.0, 0.0], [0.0, 0.0, 0.0, 0.0, 0.0, 0.0]]
951 0.9510 0.0010 2.771067 -0.637585 -9.810000 None [[0.0, 0.0, 0.0, 0.0, 0.0, 0.0], [0.0, 0.0, 0.0, 0.0, 0.0, 0.0]]
952 0.9520 0.0010 2.770419 -0.647395 -9.810000 None [[0.0, 0.0, 0.0, 0.0, 0.0, 0.0], [0.0, 0.0, 0.0, 0.0, 0.0, 0.0]]
953 0.9530 0.0010 2.769762 -0.657205 -9.810000 None [[0.0, 0.0, 0.0, 0.0, 0.0, 0.0], [0.0, 0.0, 0.0, 0.0, 0.0, 0.0]]
954 0.9540 0.0010 2.769095 -0.667015 -9.810000 None [[0.0, 0.0, 0.0, 0.0, 0.0, 0.0], [0.0, 0.0, 0.0, 0.0, 0.0, 0.0]]
955 0.9550 0.0010 2.768418 -0.676825 -9.810000 None [[0.0, 0.0, 0.0, 0.0, 0.0, 0.0], [0.0, 0.0, 0.0, 0.0, 0.0, 0.0]]
956 0.9560 0.0010 2.767731 -0.686635 -9.810000 None [[0.0, 0.0, 0.0, 0.0, 0.0, 0.0], [0.0, 0.0, 0.0, 0.0, 0.0, 0.0]]
957 0.9570 0.0010 2.767035 -0.696445 -9.810000 None [[0.0, 0.0, 0.0, 0.0, 0.0, 0.0], [0.0, 0.0, 0.0, 0.0, 0.0, 0.0]]
958 0.9580 0.0010 2.766329 -0.706255 -9.810000 None [[0.0, 0.0, 0.0, 0.0, 0.0, 0.0], [0.0, 0.0, 0.0, 0.0, 0.0, 0.0]]
959 0.9590 0.0010 2.765613 -0.716065 -9.810000 None [[0.0, 0.0, 0.0, 0.0, 0.0, 0.0], [0.0, 0.0, 0.0, 0.0, 0.0, 0.0]]
960 0.9600 0.0010 2.764887 -0.725875 -9.810000 None [[0.0, 0.0, 0.0, 0.0, 0.0, 0.0], [0.0, 0.0, 0.0, 0.0, 0.0, 0.0]]
961 0.9610 0.0010 2.764151 -0.735685 -9.810000 None [[0.0, 0.0, 0.0, 0.0, 0.0, 0.0], [0.0, 0.0, 0.0, 0.0, 0.0, 0.0]]
962 0.9620 0.0010 2.763406 -0.745495 -9.810000 None [[0.0, 0.0, 0.0, 0.0, 0.0, 0.0], [0.0, 0.0, 0.0, 0.0, 0.0, 0.0]]
963 0.9630 0.0010 2.762650 -0.755305 -9.810000 None [[0.0, 0.0, 0.0, 0.0, 0.0, 0.0], [0.0, 0.0, 0.0, 0.0, 0.0, 0.0]]
964 0.9640 0.0010 2.761885 -0.765115 -9.810000 None [[0.0, 0.0, 0.0, 0.0, 0.0, 0.0], [0.0, 0.0, 0.0, 0.0, 0.0, 0.0]]
965 0.9650 0.0010 2.761110 -0.774925 -9.810000 None [[0.0, 0.0, 0.0, 0.0, 0.0, 0.0], [0.0, 0.0, 0.0, 0.0, 0.0, 0.0]]
966 0.9660 0.0010 2.760326 -0.784735 -9.810000 None [[0.0, 0.0, 0.0, 0.0, 0.0, 0.0], [0.0, 0.0, 0.0, 0.0, 0.0, 0.0]]
967 0.9670 0.0010 2.759531 -0.794545 -9.810000 None [[0.0, 0.0, 0.0, 0.0, 0.0, 0.0], [0.0, 0.0, 0.0, 0.0, 0.0, 0.0]]
968 0.9680 0.0010 2.758727 -0.804355 -9.810000 None [[0.0, 0.0, 0.0, 0.0, 0.0, 0.0], [0.0, 0.0, 0.0, 0.0, 0.0, 0.0]]
969 0.9690 0.0010 2.757912 -0.814165 -9.810000 None [[0.0, 0.0, 0.0, 0.0, 0.0, 0.0], [0.0, 0.0, 0.0, 0.0, 0.0, 0.0]]
970 0.9700 0.0010 2.757088 -0.823975 -9.810000 None [[0.0, 0.0, 0.0, 0.0, 0.0, 0.0], [0.0, 0.0, 0.0, 0.0, 0.0, 0.0]]
971 0.9710 0.0010 2.756255 -0.833785 -9.810000 None [[0.0, 0.0, 0.0, 0.0, 0.0, 0.0], [0.0, 0.0, 0.0, 0.0, 0.0, 0.0]]
972 0.9720 0.0010 2.755411 -0.843595 -9.810000 None [[0.0, 0.0, 0.0, 0.0, 0.0, 0.0], [0.0, 0.0, 0.0, 0.0, 0.0, 0.0]]
973 0.9730 0.0010 2.754558 -0.853405 -9.810000 None [[0.0, 0.0, 0.0, 0.0, 0.0, 0.0], [0.0, 0.0, 0.0, 0.0, 0.0, 0.0]]
974 0.9740 0.0010 2.753694 -0.863215 -9.810000 None [[0.0, 0.0, 0.0, 0.0, 0.0, 0.0], [0.0, 0.0, 0.0, 0.0, 0.0, 0.0]]
975 0.9750 0.0010 2.752821 -0.873025 -9.810000 None [[0.0, 0.0, 0.0, 0.0, 0.0, 0.0], [0.0, 0.0, 0.0, 0.0, 0.0, 0.0]]
976 0.9760 0.0010 2.751939 -0.882835 -9.810000 None [[0.0, 0.0, 0.0, 0.0, 0.0, 0.0], [0.0, 0.0, 0.0, 0.0, 0.0, 0.0]]
977 0.9770 0.0010 2.751046 -0.892645 -9.810000 None [[0.0, 0.0, 0.0, 0.0, 0.0, 0.0], [0.0, 0.0, 0.0, 0.0, 0.0, 0.0]]
978 0.9780 0.0010 2.750144 -0.902455 -9.810000 None [[0.0, 0.0, 0.0, 0.0, 0.0, 0.0], [0.0, 0.0, 0.0, 0.0, 0.0, 0.0]]
979 0.9790 0.0010 2.749231 -0.912265 -9.810000 None [[0.0, 0.0, 0.0, 0.0, 0.0, 0.0], [0.0, 0.0, 0.0, 0.0, 0.0, 0.0]]
980 0.9800 0.0010 2.748309 -0.922075 -9.810000 None [[0.0, 0.0, 0.0, 0.0, 0.0, 0.0], [0.0, 0.0, 0.0, 0.0, 0.0, 0.0]]
981 0.9810 0.0010 2.747377 -0.931885 -9.810000 None [[0.0, 0.0, 0.0, 0.0, 0.0, 0.0], [0.0, 0.0, 0.0, 0.0, 0.0, 0.0]]
982 0.9820 0.0010 2.746436 -0.941695 -9.810000 None [[0.0, 0.0, 0.0, 0.0, 0.0, 0.0], [0.0, 0.0, 0.0, 0.0, 0.0, 0.0]]
983 0.9830 0.0010 2.745484 -0.951505 -9.810000 None [[0.0, 0.0, 0.0, 0.0, 0.0, 0.0], [0.0, 0.0, 0.0, 0.0, 0.0, 0.0]]
984 0.9840 0.0010 2.744523 -0.961315 -9.810000 None [[0.0, 0.0, 0.0, 0.0, 0.0, 0.0], [0.0, 0.0, 0.0, 0.0, 0.0, 0.0]]
985 0.9850 0.0010 2.743552 -0.971125 -9.810000 None [[0.0, 0.0, 0.0, 0.0, 0.0, 0.0], [0.0, 0.0, 0.0, 0.0, 0.0, 0.0]]
986 0.9860 0.0010 2.742571 -0.980935 -9.810000 None [[0.0, 0.0, 0.0, 0.0, 0.0, 0.0], [0.0, 0.0, 0.0, 0.0, 0.0, 0.0]]
987 0.9870 0.0010 2.741580 -0.990745 -9.810000 None [[0.0, 0.0, 0.0, 0.0, 0.0, 0.0], [0.0, 0.0, 0.0, 0.0, 0.0, 0.0]]
988 0.9880 0.0010 2.740579 -1.000555 -9.810000 None [[0.0, 0.0, 0.0, 0.0, 0.0, 0.0], [0.0, 0.0, 0.0, 0.0, 0.0, 0.0]]
989 0.9890 0.0010 2.739569 -1.010365 -9.810000 None [[0.0, 0.0, 0.0, 0.0, 0.0, 0.0], [0.0, 0.0, 0.0, 0.0, 0.0, 0.0]]
990 0.9900 0.0010 2.738549 -1.020175 -9.810000 None [[0.0, 0.0, 0.0, 0.0, 0.0, 0.0], [0.0, 0.0, 0.0, 0.0, 0.0, 0.0]]
991 0.9910 0.0010 2.737519 -1.029985 -9.810000 None [[0.0, 0.0, 0.0, 0.0, 0.0, 0.0], [0.0, 0.0, 0.0, 0.0, 0.0, 0.0]]
992 0.9920 0.0010 2.736479 -1.039795 -9.810000 None [[0.0, 0.0, 0.0, 0.0, 0.0, 0.0], [0.0, 0.0, 0.0, 0.0, 0.0, 0.0]]
993 0.9930 0.0010 2.735429 -1.049605 -9.810000 None [[0.0, 0.0, 0.0, 0.0, 0.0, 0.0], [0.0, 0.0, 0.0, 0.0, 0.0, 0.0]]
994 0.9940 0.0010 2.734370 -1.059415 -9.810000 None [[0.0, 0.0, 0.0, 0.0, 0.0, 0.0], [0.0, 0.0, 0.0, 0.0, 0.0, 0.0]]
995 0.9950 0.0010 2.733301 -1.069225 -9.810000 None [[0.0, 0.0, 0.0, 0.0, 0.0, 0.0], [0.0, 0.0, 0.0, 0.0, 0.0, 0.0]]
996 0.9960 0.0010 2.732222 -1.079035 -9.810000 None [[0.0, 0.0, 0.0, 0.0, 0.0, 0.0], [0.0, 0.0, 0.0, 0.0, 0.0, 0.0]]
997 0.9970 0.0010 2.731133 -1.088845 -9.810000 None [[0.0, 0.0, 0.0, 0.0, 0.0, 0.0], [0.0, 0.0, 0.0, 0.0, 0.0, 0.0]]
998 0.9980 0.0010 2.730034 -1.098655 -9.810000 None [[0.0, 0.0, 0.0, 0.0, 0.0, 0.0], [0.0, 0.0, 0.0, 0.0, 0.0, 0.0]]
999 0.9990 0.0010 2.728926 -1.108465 -9.810000 None [[0.0, 0.0, 0.0, 0.0, 0.0, 0.0], [0.0, 0.0, 0.0, 0.0, 0.0, 0.0]]
1000 1.0000 0.0010 2.727808 -1.118275 -9.810000 None [[0.0, 0.0, 0.0, 0.0, 0.0, 0.0], [0.0, 0.0, 0.0, 0.0, 0.0, 0.0]]
1001 1.0010 0.0010 2.726679 -1.128085 -9.810000 None [[0.0, 0.0, 0.0, 0.0, 0.0, 0.0], [0.0, 0.0, 0.0, 0.0, 0.0, 0.0]]
1002 1.0020 0.0010 2.725542 -1.137895 -9.810000 None [[0.0, 0.0, 0.0, 0.0, 0.0, 0.0], [0.0, 0.0, 0.0, 0.0, 0.0, 0.0]]
1003 1.0030 0.0010 2.724394 -1.147705 -9.810000 None [[0.0, 0.0, 0.0, 0.0, 0.0, 0.0], [0.0, 0.0, 0.0, 0.0, 0.0, 0.0]]
1004 1.0040 0.0010 2.723236 -1.157515 -9.810000 None [[0.0, 0.0, 0.0, 0.0, 0.0, 0.0], [0.0, 0.0, 0.0, 0.0, 0.0, 0.0]]
1005 1.0050 0.0010 2.722069 -1.167325 -9.810000 None [[0.0, 0.0, 0.0, 0.0, 0.0, 0.0], [0.0, 0.0, 0.0, 0.0, 0.0, 0.0]]
1006 1.0060 0.0010 2.720892 -1.177135 -9.810000 None [[0.0, 0.0, 0.0, 0.0, 0.0, 0.0], [0.0, 0.0, 0.0, 0.0, 0.0, 0.0]]
1007 1.0070 0.0010 2.719705 -1.186945 -9.810000 None [[0.0, 0.0, 0.0, 0.0, 0.0, 0.0], [0.0, 0.0, 0.0, 0.0, 0.0, 0.0]]
1008 1.0080 0.0010 2.718508 -1.196755 -9.810000 None [[0.0, 0.0, 0.0, 0.0, 0.0, 0.0], [0.0, 0.0, 0.0, 0.0, 0.0, 0.0]]
1009 1.0090 0.0010 2.717302 -1.206565 -9.810000 None [[0.0, 0.0, 0.0, 0.0, 0.0, 0.0], [0.0, 0.0, 0.0, 0.0, 0.0, 0.0]]
1010 1.0100 0.0010 2.716085 -1.216375 -9.810000 None [[0.0, 0.0, 0.0, 0.0, 0.0, 0.0], [0.0, 0.0, 0.0, 0.0, 0.0, 0.0]]
1011 1.0110 0.0010 2.714859 -1.226185 -9.810000 None [[0.0, 0.0, 0.0, 0.0, 0.0, 0.0], [0.0, 0.0, 0.0, 0.0, 0.0, 0.0]]
1012 1.0120 0.0010 2.713623 -1.235995 -9.810000 None [[0.0, 0.0, 0.0, 0.0, 0.0, 0.0], [0.0, 0.0, 0.0, 0.0, 0.0, 0.0]]
1013 1.0130 0.0010 2.712377 -1.245805 -9.810000 None [[0.0, 0.0, 0.0, 0.0, 0.0, 0.0], [0.0, 0.0, 0.0, 0.0, 0.0, 0.0]]
1014 1.0140 0.0010 2.711122 -1.255615 -9.810000 None [[0.0, 0.0, 0.0, 0.0, 0.0, 0.0], [0.0, 0.0, 0.0, 0.0, 0.0, 0.0]]
1015 1.0150 0.0010 2.709856 -1.265425 -9.810000 None [[0.0, 0.0, 0.0, 0.0, 0.0, 0.0], [0.0, 0.0, 0.0, 0.0, 0.0, 0.0]]
1016 1.0160 0.0010 2.708581 -1.275235 -9.810000 None [[0.0, 0.0, 0.0, 0.0, 0.0, 0.0], [0.0, 0.0, 0.0, 0.0, 0.0, 0.0]]
1017 1.0170 0.0010 2.707296 -1.285045 -9.810000 None [[0.0, 0.0, 0.0, 0.0, 0.0, 0.0], [0.0, 0.0, 0.0, 0.0, 0.0, 0.0]]
1018 1.0180 0.0010 2.706001 -1.294855 -9.810000 None [[0.0, 0.0, 0.0, 0.0, 0.0, 0.0], [0.0, 0.0, 0.0, 0.0, 0.0, 0.0]]
1019 1.0190 0.0010 2.704696 -1.304665 -9.810000 None [[0.0, 0.0, 0.0, 0.0, 0.0, 0.0], [0.0, 0.0, 0.0, 0.0, 0.0, 0.0]]
1020 1.0200 0.0010 2.703382 -1.314475 -9.810000 None [[0.0, 0.0, 0.0, 0.0, 0.0, 0.0], [0.0, 0.0, 0.0, 0.0, 0.0, 0.0]]
1021 1.0210 0.0010 2.702058 -1.324285 -9.810000 None [[0.0, 0.0, 0.0, 0.0, 0.0, 0.0], [0.0, 0.0, 0.0, 0.0, 0.0, 0.0]]
1022 1.0220 0.0010 2.700724 -1.334095 -9.810000 None [[0.0, 0.0, 0.0, 0.0, 0.0, 0.0], [0.0, 0.0, 0.0, 0.0, 0.0, 0.0]]
1023 1.0230 0.0010 2.699380 -1.343905 -9.810000 None [[0.0, 0.0, 0.0, 0.0, 0.0, 0.0], [0.0, 0.0, 0.0, 0.0, 0.0, 0.0]]
1024 1.0240 0.0010 2.698026 -1.353715 -9.810000 None [[0.0, 0.0, 0.0, 0.0, 0.0, 0.0], [0.0, 0.0, 0.0, 0.0, 0.0, 0.0]]
1025 1.0250 0.0010 2.696662 -1.363525 -9.810000 None [[0.0, 0.0, 0.0, 0.0, 0.0, 0.0], [0.0, 0.0, 0.0, 0.0, 0.0, 0.0]]
1026 1.0260 0.0010 2.695289 -1.373335 -9.810000 None [[0.0, 0.0, 0.0, 0.0, 0.0, 0.0], [0.0, 0.0, 0.0, 0.0, 0.0, 0.0]]
1027 1.0270 0.0010 2.693906 -1.383145 -9.810000 None [[0.0, 0.0, 0.0, 0.0, 0.0, 0.0], [0.0, 0.0, 0.0, 0.0, 0.0, 0.0]]
1028 1.0280 0.0010 2.692513 -1.392955 -9.810000 None [[0.0, 0.0, 0.0, 0.0, 0.0, 0.0], [0.0, 0.0, 0.0, 0.0, 0.0, 0.0]]
1029 1.0290 0.0010 2.691110 -1.402765 -9.810000 None [[0.0, 0.0, 0.0, 0.0, 0.0, 0.0], [0.0, 0.0, 0.0, 0.0, 0.0, 0.0]]
1030 1.0300 0.0010 2.689698 -1.412575 -9.810000 None [[0.0, 0.0, 0.0, 0.0, 0.0, 0.0], [0.0, 0.0, 0.0, 0.0, 0.0, 0.0]]
1031 1.0310 0.0010 2.688275 -1.422385 -9.810000 None [[0.0, 0.0, 0.0, 0.0, 0.0, 0.0], [0.0, 0.0, 0.0, 0.0, 0.0, 0.0]]
1032 1.0320 0.0010 2.686843 -1.432195 -9.810000 None [[0.0, 0.0, 0.0, 0.0, 0.0, 0.0], [0.0, 0.0, 0.0, 0.0, 0.0, 0.0]]
1033 1.0330 0.0010 2.685401 -1.442005 -9.810000 None [[0.0, 0.0, 0.0, 0.0, 0.0, 0.0], [0.0, 0.0, 0.0, 0.0, 0.0, 0.0]]
1034 1.0340 0.0010 2.683949 -1.451815 -9.810000 None [[0.0, 0.0, 0.0, 0.0, 0.0, 0.0], [0.0, 0.0, 0.0, 0.0, 0.0, 0.0]]
1035 1.0350 0.0010 2.682488 -1.461625 -9.810000 None [[0.0, 0.0, 0.0, 0.0, 0.0, 0.0], [0.0, 0.0, 0.0, 0.0, 0.0, 0.0]]
1036 1.0360 0.0010 2.681016 -1.471435 -9.810000 None [[0.0, 0.0, 0.0, 0.0, 0.0, 0.0], [0.0, 0.0, 0.0, 0.0, 0.0, 0.0]]
1037 1.0370 0.0010 2.679535 -1.481245 -9.810000 None [[0.0, 0.0, 0.0, 0.0, 0.0, 0.0], [0.0, 0.0, 0.0, 0.0, 0.0, 0.0]]
1038 1.0380 0.0010 2.678044 -1.491055 -9.810000 None [[0.0, 0.0, 0.0, 0.0, 0.0, 0.0], [0.0, 0.0, 0.0, 0.0, 0.0, 0.0]]
1039 1.0390 0.0010 2.676543 -1.500865 -9.810000 None [[0.0, 0.0, 0.0, 0.0, 0.0, 0.0], [0.0, 0.0, 0.0, 0.0, 0.0, 0.0]]
1040 1.0400 0.0010 2.675032 -1.510675 -9.810000 None [[0.0, 0.0, 0.0, 0.0, 0.0, 0.0], [0.0, 0.0, 0.0, 0.0, 0.0, 0.0]]
1041 1.0410 0.0010 2.673512 -1.520485 -9.810000 None [[0.0, 0.0, 0.0, 0.0, 0.0, 0.0], [0.0, 0.0, 0.0, 0.0, 0.0, 0.0]]
1042 1.0420 0.0010 2.671982 -1.530295 -9.810000 None [[0.0, 0.0, 0.0, 0.0, 0.0, 0.0], [0.0, 0.0, 0.0, 0.0, 0.0, 0.0]]
1043 1.0430 0.0010 2.670441 -1.540105 -9.810000 None [[0.0, 0.0, 0.0, 0.0, 0.0, 0.0], [0.0, 0.0, 0.0, 0.0, 0.0, 0.0]]
1044 1.0440 0.0010 2.668892 -1.549915 -9.810000 None [[0.0, 0.0, 0.0, 0.0, 0.0, 0.0], [0.0, 0.0, 0.0, 0.0, 0.0, 0.0]]
1045 1.0450 0.0010 2.667332 -1.559725 -9.810000 None [[0.0, 0.0, 0.0, 0.0, 0.0, 0.0], [0.0, 0.0, 0.0, 0.0, 0.0, 0.0]]
1046 1.0460 0.0010 2.665762 -1.569535 -9.810000 None [[0.0, 0.0, 0.0, 0.0, 0.0, 0.0], [0.0, 0.0, 0.0, 0.0, 0.0, 0.0]]
1047 1.0470 0.0010 2.664183 -1.579345 -9.810000 None [[0.0, 0.0, 0.0, 0.0, 0.0, 0.0], [0.0, 0.0, 0.0, 0.0, 0.0, 0.0]]
1048 1.0480 0.0010 2.662594 -1.589155 -9.810000 None [[0.0, 0.0, 0.0, 0.0, 0.0, 0.0], [0.0, 0.0, 0.0, 0.0, 0.0, 0.0]]
1049 1.0490 0.0010 2.660995 -1.598965 -9.810000 None [[0.0, 0.0, 0.0, 0.0, 0.0, 0.0], [0.0, 0.0, 0.0, 0.0, 0.0, 0.0]]
1050 1.0500 0.0010 2.659386 -1.608775 -9.810000 None [[0.0, 0.0, 0.0, 0.0, 0.0, 0.0], [0.0, 0.0, 0.0, 0.0, 0.0, 0.0]]
1051 1.0510 0.0010 2.657767 -1.618585 -9.810000 None [[0.0, 0.0, 0.0, 0.0, 0.0, 0.0], [0.0, 0.0, 0.0, 0.0, 0.0, 0.0]]
1052 1.0520 0.0010 2.656139 -1.628395 -9.810000 None [[0.0, 0.0, 0.0, 0.0, 0.0, 0.0], [0.0, 0.0, 0.0, 0.0, 0.0, 0.0]]
1053 1.0530 0.0010 2.654501 -1.638205 -9.810000 None [[0.0, 0.0, 0.0, 0.0, 0.0, 0.0], [0.0, 0.0, 0.0, 0.0, 0.0, 0.0]]
1054 1.0540 0.0010 2.652853 -1.648015 -9.810000 None [[0.0, 0.0, 0.0, 0.0, 0.0, 0.0], [0.0, 0.0, 0.0, 0.0, 0.0, 0.0]]
1055 1.0550 0.0010 2.651195 -1.657825 -9.810000 None [[0.0, 0.0, 0.0, 0.0, 0.0, 0.0], [0.0, 0.0, 0.0, 0.0, 0.0, 0.0]]
1056 1.0560 0.0010 2.649527 -1.667635 -9.810000 None [[0.0, 0.0, 0.0, 0.0, 0.0, 0.0], [0.0, 0.0, 0.0, 0.0, 0.0, 0.0]]
1057 1.0570 0.0010 2.647850 -1.677445 -9.810000 None [[0.0, 0.0, 0.0, 0.0, 0.0, 0.0], [0.0, 0.0, 0.0, 0.0, 0.0, 0.0]]
1058 1.0580 0.0010 2.646163 -1.687255 -9.810000 None [[0.0, 0.0, 0.0, 0.0, 0.0, 0.0], [0.0, 0.0, 0.0, 0.0, 0.0, 0.0]]
1059 1.0590 0.0010 2.644466 -1.697065 -9.810000 None [[0.0, 0.0, 0.0, 0.0, 0.0, 0.0], [0.0, 0.0, 0.0, 0.0, 0.0, 0.0]]
1060 1.0600 0.0010 2.642759 -1.706875 -9.810000 None [[0.0, 0.0, 0.0, 0.0, 0.0, 0.0], [0.0, 0.0, 0.0, 0.0, 0.0, 0.0]]
1061 1.0610 0.0010 2.641042 -1.716685 -9.810000 None [[0.0, 0.0, 0.0, 0.0, 0.0, 0.0], [0.0, 0.0, 0.0, 0.0, 0.0, 0.0]]
1062 1.0620 0.0010 2.639316 -1.726495 -9.810000 None [[0.0, 0.0, 0.0, 0.0, 0.0, 0.0], [0.0, 0.0, 0.0, 0.0, 0.0, 0.0]]
1063 1.0630 0.0010 2.637579 -1.736305 -9.810000 None [[0.0, 0.0, 0.0, 0.0, 0.0, 0.0], [0.0, 0.0, 0.0, 0.0, 0.0, 0.0]]
1064 1.0640 0.0010 2.635833 -1.746115 -9.810000 None [[0.0, 0.0, 0.0, 0.0, 0.0, 0.0], [0.0, 0.0, 0.0, 0.0, 0.0, 0.0]]
1065 1.0650 0.0010 2.634077 -1.755925 -9.810000 None [[0.0, 0.0, 0.0, 0.0, 0.0, 0.0], [0.0, 0.0, 0.0, 0.0, 0.0, 0.0]]
1066 1.0660 0.0010 2.632311 -1.765735 -9.810000 None [[0.0, 0.0, 0.0, 0.0, 0.0, 0.0], [0.0, 0.0, 0.0, 0.0, 0.0, 0.0]]
1067 1.0670 0.0010 2.630536 -1.775545 -9.810000 None [[0.0, 0.0, 0.0, 0.0, 0.0, 0.0], [0.0, 0.0, 0.0, 0.0, 0.0, 0.0]]
1068 1.0680 0.0010 2.628751 -1.785355 -9.810000 None [[0.0, 0.0, 0.0, 0.0, 0.0, 0.0], [0.0, 0.0, 0.0, 0.0, 0.0, 0.0]]
1069 1.0690 0.0010 2.626955 -1.795165 -9.810000 None [[0.0, 0.0, 0.0, 0.0, 0.0, 0.0], [0.0, 0.0, 0.0, 0.0, 0.0, 0.0]]
1070 1.0700 0.0010 2.625150 -1.804975 -9.810000 None [[0.0, 0.0, 0.0, 0.0, 0.0, 0.0], [0.0, 0.0, 0.0, 0.0, 0.0, 0.0]]
1071 1.0710 0.0010 2.623336 -1.814785 -9.810000 None [[0.0, 0.0, 0.0, 0.0, 0.0, 0.0], [0.0, 0.0, 0.0, 0.0, 0.0, 0.0]]
1072 1.0720 0.0010 2.621511 -1.824595 -9.810000 None [[0.0, 0.0, 0.0, 0.0, 0.0, 0.0], [0.0, 0.0, 0.0, 0.0, 0.0, 0.0]]
1073 1.0730 0.0010 2.619677 -1.834405 -9.810000 None [[0.0, 0.0, 0.0, 0.0, 0.0, 0.0], [0.0, 0.0, 0.0, 0.0, 0.0, 0.0]]
1074 1.0740 0.0010 2.617832 -1.844215 -9.810000 None [[0.0, 0.0, 0.0, 0.0, 0.0, 0.0], [0.0, 0.0, 0.0, 0.0, 0.0, 0.0]]
1075 1.0750 0.0010 2.615978 -1.854025 -9.810000 None [[0.0, 0.0, 0.0, 0.0, 0.0, 0.0], [0.0, 0.0, 0.0, 0.0, 0.0, 0.0]]
1076 1.0760 0.0010 2.614115 -1.863835 -9.810000 None [[0.0, 0.0, 0.0, 0.0, 0.0, 0.0], [0.0, 0.0, 0.0, 0.0, 0.0, 0.0]]
1077 1.0770 0.0010 2.612241 -1.873645 -9.810000 None [[0.0, 0.0, 0.0, 0.0, 0.0, 0.0], [0.0, 0.0, 0.0, 0.0, 0.0, 0.0]]
1078 1.0780 0.0010 2.610357 -1.883455 -9.810000 None [[0.0, 0.0, 0.0, 0.0, 0.0, 0.0], [0.0, 0.0, 0.0, 0.0, 0.0, 0.0]]
1079 1.0790 0.0010 2.608464 -1.893265 -9.810000 None [[0.0, 0.0, 0.0, 0.0, 0.0, 0.0], [0.0, 0.0, 0.0, 0.0, 0.0, 0.0]]
1080 1.0800 0.0010 2.606561 -1.903075 -9.810000 None [[0.0, 0.0, 0.0, 0.0, 0.0, 0.0], [0.0, 0.0, 0.0, 0.0, 0.0, 0.0]]
1081 1.0810 0.0010 2.604648 -1.912885 -9.810000 None [[0.0, 0.0, 0.0, 0.0, 0.0, 0.0], [0.0, 0.0, 0.0, 0.0, 0.0, 0.0]]
1082 1.0820 0.0010 2.602726 -1.922695 -9.810000 None [[0.0, 0.0, 0.0, 0.0, 0.0, 0.0], [0.0, 0.0, 0.0, 0.0, 0.0, 0.0]]
1083 1.0830 0.0010 2.600793 -1.932505 -9.810000 None [[0.0, 0.0, 0.0, 0.0, 0.0, 0.0], [0.0, 0.0, 0.0, 0.0, 0.0, 0.0]]
1084 1.0840 0.0010 2.598851 -1.942315 -9.810000 None [[0.0, 0.0, 0.0, 0.0, 0.0, 0.0], [0.0, 0.0, 0.0, 0.0, 0.0, 0.0]]
1085 1.0850 0.0010 2.596899 -1.952125 -9.810000 None [[0.0, 0.0, 0.0, 0.0, 0.0, 0.0], [0.0, 0.0, 0.0, 0.0, 0.0, 0.0]]
1086 1.0860 0.0010 2.594937 -1.961935 -9.810000 None [[0.0, 0.0, 0.0, 0.0, 0.0, 0.0], [0.0, 0.0, 0.0, 0.0, 0.0, 0.0]]
1087 1.0870 0.0010 2.592965 -1.971745 -9.810000 None [[0.0, 0.0, 0.0, 0.0, 0.0, 0.0], [0.0, 0.0, 0.0, 0.0, 0.0, 0.0]]
1088 1.0880 0.0010 2.590983 -1.981555 -9.810000 None [[0.0, 0.0, 0.0, 0.0, 0.0, 0.0], [0.0, 0.0, 0.0, 0.0, 0.0, 0.0]]
1089 1.0890 0.0010 2.588992 -1.991365 -9.810000 None [[0.0, 0.0, 0.0, 0.0, 0.0, 0.0], [0.0, 0.0, 0.0, 0.0, 0.0, 0.0]]
1090 1.0900 0.0010 2.586991 -2.001175 -9.810000 None [[0.0, 0.0, 0.0, 0.0, 0.0, 0.0], [0.0, 0.0, 0.0, 0.0, 0.0, 0.0]]
1091 1.0910 0.0010 2.584980 -2.010985 -9.810000 None [[0.0, 0.0, 0.0, 0.0, 0.0, 0.0], [0.0, 0.0, 0.0, 0.0, 0.0, 0.0]]
1092 1.0920 0.0010 2.582959 -2.020795 -9.810000 None [[0.0, 0.0, 0.0, 0.0, 0.0, 0.0], [0.0, 0.0, 0.0, 0.0, 0.0, 0.0]]
1093 1.0930 0.0010 2.580928 -2.030605 -9.810000 None [[0.0, 0.0, 0.0, 0.0, 0.0, 0.0], [0.0, 0.0, 0.0, 0.0, 0.0, 0.0]]
1094 1.0940 0.0010 2.578888 -2.040415 -9.810000 None [[0.0, 0.0, 0.0, 0.0, 0.0, 0.0], [0.0, 0.0, 0.0, 0.0, 0.0, 0.0]]
1095 1.0950 0.0010 2.576838 -2.050225 -9.810000 None [[0.0, 0.0, 0.0, 0.0, 0.0, 0.0], [0.0, 0.0, 0.0, 0.0, 0.0, 0.0]]
1096 1.0960 0.0010 2.574778 -2.060035 -9.810000 None [[0.0, 0.0, 0.0, 0.0, 0.0, 0.0], [0.0, 0.0, 0.0, 0.0, 0.0, 0.0]]
1097 1.0970 0.0010 2.572708 -2.069845 -9.810000 None [[0.0, 0.0, 0.0, 0.0, 0.0, 0.0], [0.0, 0.0, 0.0, 0.0, 0.0, 0.0]]
1098 1.0980 0.0010 2.570628 -2.079655 -9.810000 None [[0.0, 0.0, 0.0, 0.0, 0.0, 0.0], [0.0, 0.0, 0.0, 0.0, 0.0, 0.0]]
1099 1.0990 0.0010 2.568539 -2.089465 -9.810000 None [[0.0, 0.0, 0.0, 0.0, 0.0, 0.0], [0.0, 0.0, 0.0, 0.0, 0.0, 0.0]]
1100 1.1000 0.0010 2.566440 -2.099275 -9.810000 None [[0.0, 0.0, 0.0, 0.0, 0.0, 0.0], [0.0, 0.0, 0.0, 0.0, 0.0, 0.0]]
1101 1.1010 0.0010 2.564330 -2.109085 -9.810000 None [[0.0, 0.0, 0.0, 0.0, 0.0, 0.0], [0.0, 0.0, 0.0, 0.0, 0.0, 0.0]]
1102 1.1020 0.0010 2.562212 -2.118895 -9.810000 None [[0.0, 0.0, 0.0, 0.0, 0.0, 0.0], [0.0, 0.0, 0.0, 0.0, 0.0, 0.0]]
1103 1.1030 0.0010 2.560083 -2.128705 -9.810000 None [[0.0, 0.0, 0.0, 0.0, 0.0, 0.0], [0.0, 0.0, 0.0, 0.0, 0.0, 0.0]]
1104 1.1040 0.0010 2.557944 -2.138515 -9.810000 None [[0.0, 0.0, 0.0, 0.0, 0.0, 0.0], [0.0, 0.0, 0.0, 0.0, 0.0, 0.0]]
1105 1.1050 0.0010 2.555796 -2.148325 -9.810000 None [[0.0, 0.0, 0.0, 0.0, 0.0, 0.0], [0.0, 0.0, 0.0, 0.0, 0.0, 0.0]]
1106 1.1060 0.0010 2.553638 -2.158135 -9.810000 None [[0.0, 0.0, 0.0, 0.0, 0.0, 0.0], [0.0, 0.0, 0.0, 0.0, 0.0, 0.0]]
1107 1.1070 0.0010 2.551470 -2.167945 -9.810000 None [[0.0, 0.0, 0.0, 0.0, 0.0, 0.0], [0.0, 0.0, 0.0, 0.0, 0.0, 0.0]]
1108 1.1080 0.0010 2.549292 -2.177755 -9.810000 None [[0.0, 0.0, 0.0, 0.0, 0.0, 0.0], [0.0, 0.0, 0.0, 0.0, 0.0, 0.0]]
1109 1.1090 0.0010 2.547105 -2.187565 -9.810000 None [[0.0, 0.0, 0.0, 0.0, 0.0, 0.0], [0.0, 0.0, 0.0, 0.0, 0.0, 0.0]]
1110 1.1100 0.0010 2.544907 -2.197375 -9.810000 None [[0.0, 0.0, 0.0, 0.0, 0.0, 0.0], [0.0, 0.0, 0.0, 0.0, 0.0, 0.0]]
1111 1.1110 0.0010 2.542700 -2.207185 -9.810000 None [[0.0, 0.0, 0.0, 0.0, 0.0, 0.0], [0.0, 0.0, 0.0, 0.0, 0.0, 0.0]]
1112 1.1120 0.0010 2.540483 -2.216995 -9.810000 None [[0.0, 0.0, 0.0, 0.0, 0.0, 0.0], [0.0, 0.0, 0.0, 0.0, 0.0, 0.0]]
1113 1.1130 0.0010 2.538256 -2.226805 -9.810000 None [[0.0, 0.0, 0.0, 0.0, 0.0, 0.0], [0.0, 0.0, 0.0, 0.0, 0.0, 0.0]]
1114 1.1140 0.0010 2.536020 -2.236615 -9.810000 None [[0.0, 0.0, 0.0, 0.0, 0.0, 0.0], [0.0, 0.0, 0.0, 0.0, 0.0, 0.0]]
1115 1.1150 0.0010 2.533773 -2.246425 -9.810000 None [[0.0, 0.0, 0.0, 0.0, 0.0, 0.0], [0.0, 0.0, 0.0, 0.0, 0.0, 0.0]]
1116 1.1160 0.0010 2.531517 -2.256235 -9.810000 None [[0.0, 0.0, 0.0, 0.0, 0.0, 0.0], [0.0, 0.0, 0.0, 0.0, 0.0, 0.0]]
1117 1.1170 0.0010 2.529251 -2.266045 -9.810000 None [[0.0, 0.0, 0.0, 0.0, 0.0, 0.0], [0.0, 0.0, 0.0, 0.0, 0.0, 0.0]]
1118 1.1180 0.0010 2.526975 -2.275855 -9.810000 None [[0.0, 0.0, 0.0, 0.0, 0.0, 0.0], [0.0, 0.0, 0.0, 0.0, 0.0, 0.0]]
1119 1.1190 0.0010 2.524689 -2.285665 -9.810000 None [[0.0, 0.0, 0.0, 0.0, 0.0, 0.0], [0.0, 0.0, 0.0, 0.0, 0.0, 0.0]]
1120 1.1200 0.0010 2.522394 -2.295475 -9.810000 None [[0.0, 0.0, 0.0, 0.0, 0.0, 0.0], [0.0, 0.0, 0.0, 0.0, 0.0, 0.0]]
1121 1.1210 0.0010 2.520089 -2.305285 -9.810000 None [[0.0, 0.0, 0.0, 0.0, 0.0, 0.0], [0.0, 0.0, 0.0, 0.0, 0.0, 0.0]]
1122 1.1220 0.0010 2.517774 -2.315095 -9.810000 None [[0.0, 0.0, 0.0, 0.0, 0.0, 0.0], [0.0, 0.0, 0.0, 0.0, 0.0, 0.0]]
1123 1.1230 0.0010 2.515449 -2.324905 -9.810000 None [[0.0, 0.0, 0.0, 0.0, 0.0, 0.0], [0.0, 0.0, 0.0, 0.0, 0.0, 0.0]]
1124 1.1240 0.0010 2.513114 -2.334715 -9.810000 None [[0.0, 0.0, 0.0, 0.0, 0.0, 0.0], [0.0, 0.0, 0.0, 0.0, 0.0, 0.0]]
1125 1.1250 0.0010 2.510769 -2.344525 -9.810000 None [[0.0, 0.0, 0.0, 0.0, 0.0, 0.0], [0.0, 0.0, 0.0, 0.0, 0.0, 0.0]]
1126 1.1260 0.0010 2.508415 -2.354335 -9.810000 None [[0.0, 0.0, 0.0, 0.0, 0.0, 0.0], [0.0, 0.0, 0.0, 0.0, 0.0, 0.0]]
1127 1.1270 0.0010 2.506051 -2.364145 -9.810000 None [[0.0, 0.0, 0.0, 0.0, 0.0, 0.0], [0.0, 0.0, 0.0, 0.0, 0.0, 0.0]]
1128 1.1280 0.0010 2.503677 -2.373955 -9.810000 None [[0.0, 0.0, 0.0, 0.0, 0.0, 0.0], [0.0, 0.0, 0.0, 0.0, 0.0, 0.0]]
1129 1.1290 0.0010 2.501293 -2.383765 -9.810000 None [[0.0, 0.0, 0.0, 0.0, 0.0, 0.0], [0.0, 0.0, 0.0, 0.0, 0.0, 0.0]]
1130 1.1300 0.0003 2.498900 -2.393575 13591.356386 [{'depth': 0.001104599671556855, 'geomIdA': 0, 'geomIdB': 1, 'modifiedDepth': 0.0, 'nhat_AB_W': [0.0, 0.0, 1.0], 'p_WC': [0.0, 0.0, 1.9994519195733], 'p_WCa': [0.0, 0.0, 2.0000042194090786], 'p_WCb': [0.0, 0.0, 1.9988996197375215]}] [[0.0, 0.0, -13601.166385637476, 0.0, 0.0, 0.0], [0.0, 0.0, 13601.166385637476, 0.0, 0.0, 0.0]]
1131 1.1303 0.0007 2.499495 1.889598 -9.810000 None [[0.0, 0.0, 0.0, 0.0, 0.0, 0.0], [0.0, 0.0, 0.0, 0.0, 0.0, 0.0]]
1132 1.1310 0.0010 2.500785 1.882879 -9.810000 None [[0.0, 0.0, 0.0, 0.0, 0.0, 0.0], [0.0, 0.0, 0.0, 0.0, 0.0, 0.0]]
1133 1.1320 0.0010 2.502658 1.873069 -9.810000 None [[0.0, 0.0, 0.0, 0.0, 0.0, 0.0], [0.0, 0.0, 0.0, 0.0, 0.0, 0.0]]
1134 1.1330 0.0010 2.504521 1.863259 -9.810000 None [[0.0, 0.0, 0.0, 0.0, 0.0, 0.0], [0.0, 0.0, 0.0, 0.0, 0.0, 0.0]]
1135 1.1340 0.0010 2.506374 1.853449 -9.810000 None [[0.0, 0.0, 0.0, 0.0, 0.0, 0.0], [0.0, 0.0, 0.0, 0.0, 0.0, 0.0]]
1136 1.1350 0.0010 2.508218 1.843639 -9.810000 None [[0.0, 0.0, 0.0, 0.0, 0.0, 0.0], [0.0, 0.0, 0.0, 0.0, 0.0, 0.0]]
1137 1.1360 0.0010 2.510052 1.833829 -9.810000 None [[0.0, 0.0, 0.0, 0.0, 0.0, 0.0], [0.0, 0.0, 0.0, 0.0, 0.0, 0.0]]
1138 1.1370 0.0010 2.511876 1.824019 -9.810000 None [[0.0, 0.0, 0.0, 0.0, 0.0, 0.0], [0.0, 0.0, 0.0, 0.0, 0.0, 0.0]]
1139 1.1380 0.0010 2.513690 1.814209 -9.810000 None [[0.0, 0.0, 0.0, 0.0, 0.0, 0.0], [0.0, 0.0, 0.0, 0.0, 0.0, 0.0]]
1140 1.1390 0.0010 2.515494 1.804399 -9.810000 None [[0.0, 0.0, 0.0, 0.0, 0.0, 0.0], [0.0, 0.0, 0.0, 0.0, 0.0, 0.0]]
1141 1.1400 0.0010 2.517289 1.794589 -9.810000 None [[0.0, 0.0, 0.0, 0.0, 0.0, 0.0], [0.0, 0.0, 0.0, 0.0, 0.0, 0.0]]
1142 1.1410 0.0010 2.519074 1.784779 -9.810000 None [[0.0, 0.0, 0.0, 0.0, 0.0, 0.0], [0.0, 0.0, 0.0, 0.0, 0.0, 0.0]]
1143 1.1420 0.0010 2.520849 1.774969 -9.810000 None [[0.0, 0.0, 0.0, 0.0, 0.0, 0.0], [0.0, 0.0, 0.0, 0.0, 0.0, 0.0]]
1144 1.1430 0.0010 2.522614 1.765159 -9.810000 None [[0.0, 0.0, 0.0, 0.0, 0.0, 0.0], [0.0, 0.0, 0.0, 0.0, 0.0, 0.0]]
1145 1.1440 0.0010 2.524369 1.755349 -9.810000 None [[0.0, 0.0, 0.0, 0.0, 0.0, 0.0], [0.0, 0.0, 0.0, 0.0, 0.0, 0.0]]
1146 1.1450 0.0010 2.526115 1.745539 -9.810000 None [[0.0, 0.0, 0.0, 0.0, 0.0, 0.0], [0.0, 0.0, 0.0, 0.0, 0.0, 0.0]]
1147 1.1460 0.0010 2.527851 1.735729 -9.810000 None [[0.0, 0.0, 0.0, 0.0, 0.0, 0.0], [0.0, 0.0, 0.0, 0.0, 0.0, 0.0]]
1148 1.1470 0.0010 2.529577 1.725919 -9.810000 None [[0.0, 0.0, 0.0, 0.0, 0.0, 0.0], [0.0, 0.0, 0.0, 0.0, 0.0, 0.0]]
1149 1.1480 0.0010 2.531293 1.716109 -9.810000 None [[0.0, 0.0, 0.0, 0.0, 0.0, 0.0], [0.0, 0.0, 0.0, 0.0, 0.0, 0.0]]
1150 1.1490 0.0010 2.532999 1.706299 -9.810000 None [[0.0, 0.0, 0.0, 0.0, 0.0, 0.0], [0.0, 0.0, 0.0, 0.0, 0.0, 0.0]]
1151 1.1500 0.0010 2.534695 1.696489 -9.810000 None [[0.0, 0.0, 0.0, 0.0, 0.0, 0.0], [0.0, 0.0, 0.0, 0.0, 0.0, 0.0]]
1152 1.1510 0.0010 2.536382 1.686679 -9.810000 None [[0.0, 0.0, 0.0, 0.0, 0.0, 0.0], [0.0, 0.0, 0.0, 0.0, 0.0, 0.0]]
1153 1.1520 0.0010 2.538059 1.676869 -9.810000 None [[0.0, 0.0, 0.0, 0.0, 0.0, 0.0], [0.0, 0.0, 0.0, 0.0, 0.0, 0.0]]
1154 1.1530 0.0010 2.539726 1.667059 -9.810000 None [[0.0, 0.0, 0.0, 0.0, 0.0, 0.0], [0.0, 0.0, 0.0, 0.0, 0.0, 0.0]]
1155 1.1540 0.0010 2.541383 1.657249 -9.810000 None [[0.0, 0.0, 0.0, 0.0, 0.0, 0.0], [0.0, 0.0, 0.0, 0.0, 0.0, 0.0]]
1156 1.1550 0.0010 2.543031 1.647439 -9.810000 None [[0.0, 0.0, 0.0, 0.0, 0.0, 0.0], [0.0, 0.0, 0.0, 0.0, 0.0, 0.0]]
1157 1.1560 0.0010 2.544668 1.637629 -9.810000 None [[0.0, 0.0, 0.0, 0.0, 0.0, 0.0], [0.0, 0.0, 0.0, 0.0, 0.0, 0.0]]
1158 1.1570 0.0010 2.546296 1.627819 -9.810000 None [[0.0, 0.0, 0.0, 0.0, 0.0, 0.0], [0.0, 0.0, 0.0, 0.0, 0.0, 0.0]]
1159 1.1580 0.0010 2.547914 1.618009 -9.810000 None [[0.0, 0.0, 0.0, 0.0, 0.0, 0.0], [0.0, 0.0, 0.0, 0.0, 0.0, 0.0]]
1160 1.1590 0.0010 2.549522 1.608199 -9.810000 None [[0.0, 0.0, 0.0, 0.0, 0.0, 0.0], [0.0, 0.0, 0.0, 0.0, 0.0, 0.0]]
1161 1.1600 0.0010 2.551121 1.598389 -9.810000 None [[0.0, 0.0, 0.0, 0.0, 0.0, 0.0], [0.0, 0.0, 0.0, 0.0, 0.0, 0.0]]
1162 1.1610 0.0010 2.552709 1.588579 -9.810000 None [[0.0, 0.0, 0.0, 0.0, 0.0, 0.0], [0.0, 0.0, 0.0, 0.0, 0.0, 0.0]]
1163 1.1620 0.0010 2.554288 1.578769 -9.810000 None [[0.0, 0.0, 0.0, 0.0, 0.0, 0.0], [0.0, 0.0, 0.0, 0.0, 0.0, 0.0]]
1164 1.1630 0.0010 2.555857 1.568959 -9.810000 None [[0.0, 0.0, 0.0, 0.0, 0.0, 0.0], [0.0, 0.0, 0.0, 0.0, 0.0, 0.0]]
1165 1.1640 0.0010 2.557416 1.559149 -9.810000 None [[0.0, 0.0, 0.0, 0.0, 0.0, 0.0], [0.0, 0.0, 0.0, 0.0, 0.0, 0.0]]
1166 1.1650 0.0010 2.558966 1.549339 -9.810000 None [[0.0, 0.0, 0.0, 0.0, 0.0, 0.0], [0.0, 0.0, 0.0, 0.0, 0.0, 0.0]]
1167 1.1660 0.0010 2.560505 1.539529 -9.810000 None [[0.0, 0.0, 0.0, 0.0, 0.0, 0.0], [0.0, 0.0, 0.0, 0.0, 0.0, 0.0]]
1168 1.1670 0.0010 2.562035 1.529719 -9.810000 None [[0.0, 0.0, 0.0, 0.0, 0.0, 0.0], [0.0, 0.0, 0.0, 0.0, 0.0, 0.0]]
1169 1.1680 0.0010 2.563555 1.519909 -9.810000 None [[0.0, 0.0, 0.0, 0.0, 0.0, 0.0], [0.0, 0.0, 0.0, 0.0, 0.0, 0.0]]
1170 1.1690 0.0010 2.565065 1.510099 -9.810000 None [[0.0, 0.0, 0.0, 0.0, 0.0, 0.0], [0.0, 0.0, 0.0, 0.0, 0.0, 0.0]]
1171 1.1700 0.0010 2.566565 1.500289 -9.810000 None [[0.0, 0.0, 0.0, 0.0, 0.0, 0.0], [0.0, 0.0, 0.0, 0.0, 0.0, 0.0]]
1172 1.1710 0.0010 2.568056 1.490479 -9.810000 None [[0.0, 0.0, 0.0, 0.0, 0.0, 0.0], [0.0, 0.0, 0.0, 0.0, 0.0, 0.0]]
1173 1.1720 0.0010 2.569536 1.480669 -9.810000 None [[0.0, 0.0, 0.0, 0.0, 0.0, 0.0], [0.0, 0.0, 0.0, 0.0, 0.0, 0.0]]
1174 1.1730 0.0010 2.571007 1.470859 -9.810000 None [[0.0, 0.0, 0.0, 0.0, 0.0, 0.0], [0.0, 0.0, 0.0, 0.0, 0.0, 0.0]]
1175 1.1740 0.0010 2.572468 1.461049 -9.810000 None [[0.0, 0.0, 0.0, 0.0, 0.0, 0.0], [0.0, 0.0, 0.0, 0.0, 0.0, 0.0]]
1176 1.1750 0.0010 2.573919 1.451239 -9.810000 None [[0.0, 0.0, 0.0, 0.0, 0.0, 0.0], [0.0, 0.0, 0.0, 0.0, 0.0, 0.0]]
1177 1.1760 0.0010 2.575361 1.441429 -9.810000 None [[0.0, 0.0, 0.0, 0.0, 0.0, 0.0], [0.0, 0.0, 0.0, 0.0, 0.0, 0.0]]
1178 1.1770 0.0010 2.576792 1.431619 -9.810000 None [[0.0, 0.0, 0.0, 0.0, 0.0, 0.0], [0.0, 0.0, 0.0, 0.0, 0.0, 0.0]]
1179 1.1780 0.0010 2.578214 1.421809 -9.810000 None [[0.0, 0.0, 0.0, 0.0, 0.0, 0.0], [0.0, 0.0, 0.0, 0.0, 0.0, 0.0]]
1180 1.1790 0.0010 2.579626 1.411999 -9.810000 None [[0.0, 0.0, 0.0, 0.0, 0.0, 0.0], [0.0, 0.0, 0.0, 0.0, 0.0, 0.0]]
1181 1.1800 0.0010 2.581028 1.402189 -9.810000 None [[0.0, 0.0, 0.0, 0.0, 0.0, 0.0], [0.0, 0.0, 0.0, 0.0, 0.0, 0.0]]
1182 1.1810 0.0010 2.582421 1.392379 -9.810000 None [[0.0, 0.0, 0.0, 0.0, 0.0, 0.0], [0.0, 0.0, 0.0, 0.0, 0.0, 0.0]]
1183 1.1820 0.0010 2.583803 1.382569 -9.810000 None [[0.0, 0.0, 0.0, 0.0, 0.0, 0.0], [0.0, 0.0, 0.0, 0.0, 0.0, 0.0]]
1184 1.1830 0.0010 2.585176 1.372759 -9.810000 None [[0.0, 0.0, 0.0, 0.0, 0.0, 0.0], [0.0, 0.0, 0.0, 0.0, 0.0, 0.0]]
1185 1.1840 0.0010 2.586539 1.362949 -9.810000 None [[0.0, 0.0, 0.0, 0.0, 0.0, 0.0], [0.0, 0.0, 0.0, 0.0, 0.0, 0.0]]
1186 1.1850 0.0010 2.587892 1.353139 -9.810000 None [[0.0, 0.0, 0.0, 0.0, 0.0, 0.0], [0.0, 0.0, 0.0, 0.0, 0.0, 0.0]]
1187 1.1860 0.0010 2.589236 1.343329 -9.810000 None [[0.0, 0.0, 0.0, 0.0, 0.0, 0.0], [0.0, 0.0, 0.0, 0.0, 0.0, 0.0]]
1188 1.1870 0.0010 2.590569 1.333519 -9.810000 None [[0.0, 0.0, 0.0, 0.0, 0.0, 0.0], [0.0, 0.0, 0.0, 0.0, 0.0, 0.0]]
1189 1.1880 0.0010 2.591893 1.323709 -9.810000 None [[0.0, 0.0, 0.0, 0.0, 0.0, 0.0], [0.0, 0.0, 0.0, 0.0, 0.0, 0.0]]
1190 1.1890 0.0010 2.593207 1.313899 -9.810000 None [[0.0, 0.0, 0.0, 0.0, 0.0, 0.0], [0.0, 0.0, 0.0, 0.0, 0.0, 0.0]]
1191 1.1900 0.0010 2.594511 1.304089 -9.810000 None [[0.0, 0.0, 0.0, 0.0, 0.0, 0.0], [0.0, 0.0, 0.0, 0.0, 0.0, 0.0]]
1192 1.1910 0.0010 2.595805 1.294279 -9.810000 None [[0.0, 0.0, 0.0, 0.0, 0.0, 0.0], [0.0, 0.0, 0.0, 0.0, 0.0, 0.0]]
1193 1.1920 0.0010 2.597090 1.284469 -9.810000 None [[0.0, 0.0, 0.0, 0.0, 0.0, 0.0], [0.0, 0.0, 0.0, 0.0, 0.0, 0.0]]
1194 1.1930 0.0010 2.598364 1.274659 -9.810000 None [[0.0, 0.0, 0.0, 0.0, 0.0, 0.0], [0.0, 0.0, 0.0, 0.0, 0.0, 0.0]]
1195 1.1940 0.0010 2.599629 1.264849 -9.810000 None [[0.0, 0.0, 0.0, 0.0, 0.0, 0.0], [0.0, 0.0, 0.0, 0.0, 0.0, 0.0]]
1196 1.1950 0.0010 2.600884 1.255039 -9.810000 None [[0.0, 0.0, 0.0, 0.0, 0.0, 0.0], [0.0, 0.0, 0.0, 0.0, 0.0, 0.0]]
1197 1.1960 0.0010 2.602129 1.245229 -9.810000 None [[0.0, 0.0, 0.0, 0.0, 0.0, 0.0], [0.0, 0.0, 0.0, 0.0, 0.0, 0.0]]
1198 1.1970 0.0010 2.603365 1.235419 -9.810000 None [[0.0, 0.0, 0.0, 0.0, 0.0, 0.0], [0.0, 0.0, 0.0, 0.0, 0.0, 0.0]]
1199 1.1980 0.0010 2.604590 1.225609 -9.810000 None [[0.0, 0.0, 0.0, 0.0, 0.0, 0.0], [0.0, 0.0, 0.0, 0.0, 0.0, 0.0]]
1200 1.1990 0.0010 2.605806 1.215799 -9.810000 None [[0.0, 0.0, 0.0, 0.0, 0.0, 0.0], [0.0, 0.0, 0.0, 0.0, 0.0, 0.0]]
1201 1.2000 0.0010 2.607012 1.205989 -9.810000 None [[0.0, 0.0, 0.0, 0.0, 0.0, 0.0], [0.0, 0.0, 0.0, 0.0, 0.0, 0.0]]
1202 1.2010 0.0010 2.608208 1.196179 -9.810000 None [[0.0, 0.0, 0.0, 0.0, 0.0, 0.0], [0.0, 0.0, 0.0, 0.0, 0.0, 0.0]]
1203 1.2020 0.0010 2.609395 1.186369 -9.810000 None [[0.0, 0.0, 0.0, 0.0, 0.0, 0.0], [0.0, 0.0, 0.0, 0.0, 0.0, 0.0]]
1204 1.2030 0.0010 2.610571 1.176559 -9.810000 None [[0.0, 0.0, 0.0, 0.0, 0.0, 0.0], [0.0, 0.0, 0.0, 0.0, 0.0, 0.0]]
1205 1.2040 0.0010 2.611738 1.166749 -9.810000 None [[0.0, 0.0, 0.0, 0.0, 0.0, 0.0], [0.0, 0.0, 0.0, 0.0, 0.0, 0.0]]
1206 1.2050 0.0010 2.612895 1.156939 -9.810000 None [[0.0, 0.0, 0.0, 0.0, 0.0, 0.0], [0.0, 0.0, 0.0, 0.0, 0.0, 0.0]]
1207 1.2060 0.0010 2.614042 1.147129 -9.810000 None [[0.0, 0.0, 0.0, 0.0, 0.0, 0.0], [0.0, 0.0, 0.0, 0.0, 0.0, 0.0]]
1208 1.2070 0.0010 2.615179 1.137319 -9.810000 None [[0.0, 0.0, 0.0, 0.0, 0.0, 0.0], [0.0, 0.0, 0.0, 0.0, 0.0, 0.0]]
1209 1.2080 0.0010 2.616307 1.127509 -9.810000 None [[0.0, 0.0, 0.0, 0.0, 0.0, 0.0], [0.0, 0.0, 0.0, 0.0, 0.0, 0.0]]
1210 1.2090 0.0010 2.617425 1.117699 -9.810000 None [[0.0, 0.0, 0.0, 0.0, 0.0, 0.0], [0.0, 0.0, 0.0, 0.0, 0.0, 0.0]]
1211 1.2100 0.0010 2.618532 1.107889 -9.810000 None [[0.0, 0.0, 0.0, 0.0, 0.0, 0.0], [0.0, 0.0, 0.0, 0.0, 0.0, 0.0]]
1212 1.2110 0.0010 2.619631 1.098079 -9.810000 None [[0.0, 0.0, 0.0, 0.0, 0.0, 0.0], [0.0, 0.0, 0.0, 0.0, 0.0, 0.0]]
1213 1.2120 0.0010 2.620719 1.088269 -9.810000 None [[0.0, 0.0, 0.0, 0.0, 0.0, 0.0], [0.0, 0.0, 0.0, 0.0, 0.0, 0.0]]
1214 1.2130 0.0010 2.621797 1.078459 -9.810000 None [[0.0, 0.0, 0.0, 0.0, 0.0, 0.0], [0.0, 0.0, 0.0, 0.0, 0.0, 0.0]]
1215 1.2140 0.0010 2.622866 1.068649 -9.810000 None [[0.0, 0.0, 0.0, 0.0, 0.0, 0.0], [0.0, 0.0, 0.0, 0.0, 0.0, 0.0]]
1216 1.2150 0.0010 2.623925 1.058839 -9.810000 None [[0.0, 0.0, 0.0, 0.0, 0.0, 0.0], [0.0, 0.0, 0.0, 0.0, 0.0, 0.0]]
1217 1.2160 0.0010 2.624974 1.049029 -9.810000 None [[0.0, 0.0, 0.0, 0.0, 0.0, 0.0], [0.0, 0.0, 0.0, 0.0, 0.0, 0.0]]
1218 1.2170 0.0010 2.626013 1.039219 -9.810000 None [[0.0, 0.0, 0.0, 0.0, 0.0, 0.0], [0.0, 0.0, 0.0, 0.0, 0.0, 0.0]]
1219 1.2180 0.0010 2.627042 1.029409 -9.810000 None [[0.0, 0.0, 0.0, 0.0, 0.0, 0.0], [0.0, 0.0, 0.0, 0.0, 0.0, 0.0]]
1220 1.2190 0.0010 2.628062 1.019599 -9.810000 None [[0.0, 0.0, 0.0, 0.0, 0.0, 0.0], [0.0, 0.0, 0.0, 0.0, 0.0, 0.0]]
1221 1.2200 0.0010 2.629072 1.009789 -9.810000 None [[0.0, 0.0, 0.0, 0.0, 0.0, 0.0], [0.0, 0.0, 0.0, 0.0, 0.0, 0.0]]
1222 1.2210 0.0010 2.630072 0.999979 -9.810000 None [[0.0, 0.0, 0.0, 0.0, 0.0, 0.0], [0.0, 0.0, 0.0, 0.0, 0.0, 0.0]]
1223 1.2220 0.0010 2.631062 0.990169 -9.810000 None [[0.0, 0.0, 0.0, 0.0, 0.0, 0.0], [0.0, 0.0, 0.0, 0.0, 0.0, 0.0]]
1224 1.2230 0.0010 2.632042 0.980359 -9.810000 None [[0.0, 0.0, 0.0, 0.0, 0.0, 0.0], [0.0, 0.0, 0.0, 0.0, 0.0, 0.0]]
1225 1.2240 0.0010 2.633013 0.970549 -9.810000 None [[0.0, 0.0, 0.0, 0.0, 0.0, 0.0], [0.0, 0.0, 0.0, 0.0, 0.0, 0.0]]
1226 1.2250 0.0010 2.633974 0.960739 -9.810000 None [[0.0, 0.0, 0.0, 0.0, 0.0, 0.0], [0.0, 0.0, 0.0, 0.0, 0.0, 0.0]]
1227 1.2260 0.0010 2.634925 0.950929 -9.810000 None [[0.0, 0.0, 0.0, 0.0, 0.0, 0.0], [0.0, 0.0, 0.0, 0.0, 0.0, 0.0]]
1228 1.2270 0.0010 2.635866 0.941119 -9.810000 None [[0.0, 0.0, 0.0, 0.0, 0.0, 0.0], [0.0, 0.0, 0.0, 0.0, 0.0, 0.0]]
1229 1.2280 0.0010 2.636797 0.931309 -9.810000 None [[0.0, 0.0, 0.0, 0.0, 0.0, 0.0], [0.0, 0.0, 0.0, 0.0, 0.0, 0.0]]
1230 1.2290 0.0010 2.637718 0.921499 -9.810000 None [[0.0, 0.0, 0.0, 0.0, 0.0, 0.0], [0.0, 0.0, 0.0, 0.0, 0.0, 0.0]]
1231 1.2300 0.0010 2.638630 0.911689 -9.810000 None [[0.0, 0.0, 0.0, 0.0, 0.0, 0.0], [0.0, 0.0, 0.0, 0.0, 0.0, 0.0]]
1232 1.2310 0.0010 2.639532 0.901879 -9.810000 None [[0.0, 0.0, 0.0, 0.0, 0.0, 0.0], [0.0, 0.0, 0.0, 0.0, 0.0, 0.0]]
1233 1.2320 0.0010 2.640424 0.892069 -9.810000 None [[0.0, 0.0, 0.0, 0.0, 0.0, 0.0], [0.0, 0.0, 0.0, 0.0, 0.0, 0.0]]
1234 1.2330 0.0010 2.641306 0.882259 -9.810000 None [[0.0, 0.0, 0.0, 0.0, 0.0, 0.0], [0.0, 0.0, 0.0, 0.0, 0.0, 0.0]]
1235 1.2340 0.0010 2.642179 0.872449 -9.810000 None [[0.0, 0.0, 0.0, 0.0, 0.0, 0.0], [0.0, 0.0, 0.0, 0.0, 0.0, 0.0]]
1236 1.2350 0.0010 2.643041 0.862639 -9.810000 None [[0.0, 0.0, 0.0, 0.0, 0.0, 0.0], [0.0, 0.0, 0.0, 0.0, 0.0, 0.0]]
1237 1.2360 0.0010 2.643894 0.852829 -9.810000 None [[0.0, 0.0, 0.0, 0.0, 0.0, 0.0], [0.0, 0.0, 0.0, 0.0, 0.0, 0.0]]
1238 1.2370 0.0010 2.644737 0.843019 -9.810000 None [[0.0, 0.0, 0.0, 0.0, 0.0, 0.0], [0.0, 0.0, 0.0, 0.0, 0.0, 0.0]]
1239 1.2380 0.0010 2.645571 0.833209 -9.810000 None [[0.0, 0.0, 0.0, 0.0, 0.0, 0.0], [0.0, 0.0, 0.0, 0.0, 0.0, 0.0]]
1240 1.2390 0.0010 2.646394 0.823399 -9.810000 None [[0.0, 0.0, 0.0, 0.0, 0.0, 0.0], [0.0, 0.0, 0.0, 0.0, 0.0, 0.0]]
1241 1.2400 0.0010 2.647207 0.813589 -9.810000 None [[0.0, 0.0, 0.0, 0.0, 0.0, 0.0], [0.0, 0.0, 0.0, 0.0, 0.0, 0.0]]
1242 1.2410 0.0010 2.648011 0.803779 -9.810000 None [[0.0, 0.0, 0.0, 0.0, 0.0, 0.0], [0.0, 0.0, 0.0, 0.0, 0.0, 0.0]]
1243 1.2420 0.0010 2.648805 0.793969 -9.810000 None [[0.0, 0.0, 0.0, 0.0, 0.0, 0.0], [0.0, 0.0, 0.0, 0.0, 0.0, 0.0]]
1244 1.2430 0.0010 2.649589 0.784159 -9.810000 None [[0.0, 0.0, 0.0, 0.0, 0.0, 0.0], [0.0, 0.0, 0.0, 0.0, 0.0, 0.0]]
1245 1.2440 0.0010 2.650364 0.774349 -9.810000 None [[0.0, 0.0, 0.0, 0.0, 0.0, 0.0], [0.0, 0.0, 0.0, 0.0, 0.0, 0.0]]
1246 1.2450 0.0010 2.651128 0.764539 -9.810000 None [[0.0, 0.0, 0.0, 0.0, 0.0, 0.0], [0.0, 0.0, 0.0, 0.0, 0.0, 0.0]]
1247 1.2460 0.0010 2.651883 0.754729 -9.810000 None [[0.0, 0.0, 0.0, 0.0, 0.0, 0.0], [0.0, 0.0, 0.0, 0.0, 0.0, 0.0]]
1248 1.2470 0.0010 2.652628 0.744919 -9.810000 None [[0.0, 0.0, 0.0, 0.0, 0.0, 0.0], [0.0, 0.0, 0.0, 0.0, 0.0, 0.0]]
1249 1.2480 0.0010 2.653363 0.735109 -9.810000 None [[0.0, 0.0, 0.0, 0.0, 0.0, 0.0], [0.0, 0.0, 0.0, 0.0, 0.0, 0.0]]
1250 1.2490 0.0010 2.654088 0.725299 -9.810000 None [[0.0, 0.0, 0.0, 0.0, 0.0, 0.0], [0.0, 0.0, 0.0, 0.0, 0.0, 0.0]]
1251 1.2500 0.0010 2.654804 0.715489 -9.810000 None [[0.0, 0.0, 0.0, 0.0, 0.0, 0.0], [0.0, 0.0, 0.0, 0.0, 0.0, 0.0]]
1252 1.2510 0.0010 2.655510 0.705679 -9.810000 None [[0.0, 0.0, 0.0, 0.0, 0.0, 0.0], [0.0, 0.0, 0.0, 0.0, 0.0, 0.0]]
1253 1.2520 0.0010 2.656205 0.695869 -9.810000 None [[0.0, 0.0, 0.0, 0.0, 0.0, 0.0], [0.0, 0.0, 0.0, 0.0, 0.0, 0.0]]
1254 1.2530 0.0010 2.656891 0.686059 -9.810000 None [[0.0, 0.0, 0.0, 0.0, 0.0, 0.0], [0.0, 0.0, 0.0, 0.0, 0.0, 0.0]]
1255 1.2540 0.0010 2.657568 0.676249 -9.810000 None [[0.0, 0.0, 0.0, 0.0, 0.0, 0.0], [0.0, 0.0, 0.0, 0.0, 0.0, 0.0]]
1256 1.2550 0.0010 2.658234 0.666439 -9.810000 None [[0.0, 0.0, 0.0, 0.0, 0.0, 0.0], [0.0, 0.0, 0.0, 0.0, 0.0, 0.0]]
1257 1.2560 0.0010 2.658891 0.656629 -9.810000 None [[0.0, 0.0, 0.0, 0.0, 0.0, 0.0], [0.0, 0.0, 0.0, 0.0, 0.0, 0.0]]
1258 1.2570 0.0010 2.659538 0.646819 -9.810000 None [[0.0, 0.0, 0.0, 0.0, 0.0, 0.0], [0.0, 0.0, 0.0, 0.0, 0.0, 0.0]]
1259 1.2580 0.0010 2.660175 0.637009 -9.810000 None [[0.0, 0.0, 0.0, 0.0, 0.0, 0.0], [0.0, 0.0, 0.0, 0.0, 0.0, 0.0]]
1260 1.2590 0.0010 2.660802 0.627199 -9.810000 None [[0.0, 0.0, 0.0, 0.0, 0.0, 0.0], [0.0, 0.0, 0.0, 0.0, 0.0, 0.0]]
1261 1.2600 0.0010 2.661419 0.617389 -9.810000 None [[0.0, 0.0, 0.0, 0.0, 0.0, 0.0], [0.0, 0.0, 0.0, 0.0, 0.0, 0.0]]
1262 1.2610 0.0010 2.662027 0.607579 -9.810000 None [[0.0, 0.0, 0.0, 0.0, 0.0, 0.0], [0.0, 0.0, 0.0, 0.0, 0.0, 0.0]]
1263 1.2620 0.0010 2.662625 0.597769 -9.810000 None [[0.0, 0.0, 0.0, 0.0, 0.0, 0.0], [0.0, 0.0, 0.0, 0.0, 0.0, 0.0]]
1264 1.2630 0.0010 2.663212 0.587959 -9.810000 None [[0.0, 0.0, 0.0, 0.0, 0.0, 0.0], [0.0, 0.0, 0.0, 0.0, 0.0, 0.0]]
1265 1.2640 0.0010 2.663791 0.578149 -9.810000 None [[0.0, 0.0, 0.0, 0.0, 0.0, 0.0], [0.0, 0.0, 0.0, 0.0, 0.0, 0.0]]
1266 1.2650 0.0010 2.664359 0.568339 -9.810000 None [[0.0, 0.0, 0.0, 0.0, 0.0, 0.0], [0.0, 0.0, 0.0, 0.0, 0.0, 0.0]]
1267 1.2660 0.0010 2.664917 0.558529 -9.810000 None [[0.0, 0.0, 0.0, 0.0, 0.0, 0.0], [0.0, 0.0, 0.0, 0.0, 0.0, 0.0]]
1268 1.2670 0.0010 2.665466 0.548719 -9.810000 None [[0.0, 0.0, 0.0, 0.0, 0.0, 0.0], [0.0, 0.0, 0.0, 0.0, 0.0, 0.0]]
1269 1.2680 0.0010 2.666005 0.538909 -9.810000 None [[0.0, 0.0, 0.0, 0.0, 0.0, 0.0], [0.0, 0.0, 0.0, 0.0, 0.0, 0.0]]
1270 1.2690 0.0010 2.666534 0.529099 -9.810000 None [[0.0, 0.0, 0.0, 0.0, 0.0, 0.0], [0.0, 0.0, 0.0, 0.0, 0.0, 0.0]]
1271 1.2700 0.0010 2.667054 0.519289 -9.810000 None [[0.0, 0.0, 0.0, 0.0, 0.0, 0.0], [0.0, 0.0, 0.0, 0.0, 0.0, 0.0]]
1272 1.2710 0.0010 2.667563 0.509479 -9.810000 None [[0.0, 0.0, 0.0, 0.0, 0.0, 0.0], [0.0, 0.0, 0.0, 0.0, 0.0, 0.0]]
1273 1.2720 0.0010 2.668063 0.499669 -9.810000 None [[0.0, 0.0, 0.0, 0.0, 0.0, 0.0], [0.0, 0.0, 0.0, 0.0, 0.0, 0.0]]
1274 1.2730 0.0010 2.668553 0.489859 -9.810000 None [[0.0, 0.0, 0.0, 0.0, 0.0, 0.0], [0.0, 0.0, 0.0, 0.0, 0.0, 0.0]]
1275 1.2740 0.0010 2.669033 0.480049 -9.810000 None [[0.0, 0.0, 0.0, 0.0, 0.0, 0.0], [0.0, 0.0, 0.0, 0.0, 0.0, 0.0]]
1276 1.2750 0.0010 2.669503 0.470239 -9.810000 None [[0.0, 0.0, 0.0, 0.0, 0.0, 0.0], [0.0, 0.0, 0.0, 0.0, 0.0, 0.0]]
1277 1.2760 0.0010 2.669963 0.460429 -9.810000 None [[0.0, 0.0, 0.0, 0.0, 0.0, 0.0], [0.0, 0.0, 0.0, 0.0, 0.0, 0.0]]
1278 1.2770 0.0010 2.670414 0.450619 -9.810000 None [[0.0, 0.0, 0.0, 0.0, 0.0, 0.0], [0.0, 0.0, 0.0, 0.0, 0.0, 0.0]]
1279 1.2780 0.0010 2.670855 0.440809 -9.810000 None [[0.0, 0.0, 0.0, 0.0, 0.0, 0.0], [0.0, 0.0, 0.0, 0.0, 0.0, 0.0]]
1280 1.2790 0.0010 2.671286 0.430999 -9.810000 None [[0.0, 0.0, 0.0, 0.0, 0.0, 0.0], [0.0, 0.0, 0.0, 0.0, 0.0, 0.0]]
1281 1.2800 0.0010 2.671707 0.421189 -9.810000 None [[0.0, 0.0, 0.0, 0.0, 0.0, 0.0], [0.0, 0.0, 0.0, 0.0, 0.0, 0.0]]
1282 1.2810 0.0010 2.672118 0.411379 -9.810000 None [[0.0, 0.0, 0.0, 0.0, 0.0, 0.0], [0.0, 0.0, 0.0, 0.0, 0.0, 0.0]]
1283 1.2820 0.0010 2.672520 0.401569 -9.810000 None [[0.0, 0.0, 0.0, 0.0, 0.0, 0.0], [0.0, 0.0, 0.0, 0.0, 0.0, 0.0]]
1284 1.2830 0.0010 2.672912 0.391759 -9.810000 None [[0.0, 0.0, 0.0, 0.0, 0.0, 0.0], [0.0, 0.0, 0.0, 0.0, 0.0, 0.0]]
1285 1.2840 0.0010 2.673294 0.381949 -9.810000 None [[0.0, 0.0, 0.0, 0.0, 0.0, 0.0], [0.0, 0.0, 0.0, 0.0, 0.0, 0.0]]
1286 1.2850 0.0010 2.673666 0.372139 -9.810000 None [[0.0, 0.0, 0.0, 0.0, 0.0, 0.0], [0.0, 0.0, 0.0, 0.0, 0.0, 0.0]]
1287 1.2860 0.0010 2.674028 0.362329 -9.810000 None [[0.0, 0.0, 0.0, 0.0, 0.0, 0.0], [0.0, 0.0, 0.0, 0.0, 0.0, 0.0]]
1288 1.2870 0.0010 2.674380 0.352519 -9.810000 None [[0.0, 0.0, 0.0, 0.0, 0.0, 0.0], [0.0, 0.0, 0.0, 0.0, 0.0, 0.0]]
1289 1.2880 0.0010 2.674723 0.342709 -9.810000 None [[0.0, 0.0, 0.0, 0.0, 0.0, 0.0], [0.0, 0.0, 0.0, 0.0, 0.0, 0.0]]
1290 1.2890 0.0010 2.675056 0.332899 -9.810000 None [[0.0, 0.0, 0.0, 0.0, 0.0, 0.0], [0.0, 0.0, 0.0, 0.0, 0.0, 0.0]]
1291 1.2900 0.0010 2.675379 0.323089 -9.810000 None [[0.0, 0.0, 0.0, 0.0, 0.0, 0.0], [0.0, 0.0, 0.0, 0.0, 0.0, 0.0]]
1292 1.2910 0.0010 2.675692 0.313279 -9.810000 None [[0.0, 0.0, 0.0, 0.0, 0.0, 0.0], [0.0, 0.0, 0.0, 0.0, 0.0, 0.0]]
1293 1.2920 0.0010 2.675996 0.303469 -9.810000 None [[0.0, 0.0, 0.0, 0.0, 0.0, 0.0], [0.0, 0.0, 0.0, 0.0, 0.0, 0.0]]
1294 1.2930 0.0010 2.676290 0.293659 -9.810000 None [[0.0, 0.0, 0.0, 0.0, 0.0, 0.0], [0.0, 0.0, 0.0, 0.0, 0.0, 0.0]]
1295 1.2940 0.0010 2.676573 0.283849 -9.810000 None [[0.0, 0.0, 0.0, 0.0, 0.0, 0.0], [0.0, 0.0, 0.0, 0.0, 0.0, 0.0]]
1296 1.2950 0.0010 2.676847 0.274039 -9.810000 None [[0.0, 0.0, 0.0, 0.0, 0.0, 0.0], [0.0, 0.0, 0.0, 0.0, 0.0, 0.0]]
1297 1.2960 0.0010 2.677112 0.264229 -9.810000 None [[0.0, 0.0, 0.0, 0.0, 0.0, 0.0], [0.0, 0.0, 0.0, 0.0, 0.0, 0.0]]
1298 1.2970 0.0010 2.677366 0.254419 -9.810000 None [[0.0, 0.0, 0.0, 0.0, 0.0, 0.0], [0.0, 0.0, 0.0, 0.0, 0.0, 0.0]]
1299 1.2980 0.0010 2.677611 0.244609 -9.810000 None [[0.0, 0.0, 0.0, 0.0, 0.0, 0.0], [0.0, 0.0, 0.0, 0.0, 0.0, 0.0]]
1300 1.2990 0.0010 2.677846 0.234799 -9.810000 None [[0.0, 0.0, 0.0, 0.0, 0.0, 0.0], [0.0, 0.0, 0.0, 0.0, 0.0, 0.0]]
1301 1.3000 0.0010 2.678071 0.224989 -9.810000 None [[0.0, 0.0, 0.0, 0.0, 0.0, 0.0], [0.0, 0.0, 0.0, 0.0, 0.0, 0.0]]
1302 1.3010 0.0010 2.678286 0.215179 -9.810000 None [[0.0, 0.0, 0.0, 0.0, 0.0, 0.0], [0.0, 0.0, 0.0, 0.0, 0.0, 0.0]]
1303 1.3020 0.0010 2.678491 0.205369 -9.810000 None [[0.0, 0.0, 0.0, 0.0, 0.0, 0.0], [0.0, 0.0, 0.0, 0.0, 0.0, 0.0]]
1304 1.3030 0.0010 2.678687 0.195559 -9.810000 None [[0.0, 0.0, 0.0, 0.0, 0.0, 0.0], [0.0, 0.0, 0.0, 0.0, 0.0, 0.0]]
1305 1.3040 0.0010 2.678872 0.185749 -9.810000 None [[0.0, 0.0, 0.0, 0.0, 0.0, 0.0], [0.0, 0.0, 0.0, 0.0, 0.0, 0.0]]
1306 1.3050 0.0010 2.679048 0.175939 -9.810000 None [[0.0, 0.0, 0.0, 0.0, 0.0, 0.0], [0.0, 0.0, 0.0, 0.0, 0.0, 0.0]]
1307 1.3060 0.0010 2.679214 0.166129 -9.810000 None [[0.0, 0.0, 0.0, 0.0, 0.0, 0.0], [0.0, 0.0, 0.0, 0.0, 0.0, 0.0]]
1308 1.3070 0.0010 2.679371 0.156319 -9.810000 None [[0.0, 0.0, 0.0, 0.0, 0.0, 0.0], [0.0, 0.0, 0.0, 0.0, 0.0, 0.0]]
1309 1.3080 0.0010 2.679517 0.146509 -9.810000 None [[0.0, 0.0, 0.0, 0.0, 0.0, 0.0], [0.0, 0.0, 0.0, 0.0, 0.0, 0.0]]
1310 1.3090 0.0010 2.679654 0.136699 -9.810000 None [[0.0, 0.0, 0.0, 0.0, 0.0, 0.0], [0.0, 0.0, 0.0, 0.0, 0.0, 0.0]]
1311 1.3100 0.0010 2.679781 0.126889 -9.810000 None [[0.0, 0.0, 0.0, 0.0, 0.0, 0.0], [0.0, 0.0, 0.0, 0.0, 0.0, 0.0]]
1312 1.3110 0.0010 2.679898 0.117079 -9.810000 None [[0.0, 0.0, 0.0, 0.0, 0.0, 0.0], [0.0, 0.0, 0.0, 0.0, 0.0, 0.0]]
1313 1.3120 0.0010 2.680005 0.107269 -9.810000 None [[0.0, 0.0, 0.0, 0.0, 0.0, 0.0], [0.0, 0.0, 0.0, 0.0, 0.0, 0.0]]
1314 1.3130 0.0010 2.680103 0.097459 -9.810000 None [[0.0, 0.0, 0.0, 0.0, 0.0, 0.0], [0.0, 0.0, 0.0, 0.0, 0.0, 0.0]]
1315 1.3140 0.0010 2.680190 0.087649 -9.810000 None [[0.0, 0.0, 0.0, 0.0, 0.0, 0.0], [0.0, 0.0, 0.0, 0.0, 0.0, 0.0]]
1316 1.3150 0.0010 2.680268 0.077839 -9.810000 None [[0.0, 0.0, 0.0, 0.0, 0.0, 0.0], [0.0, 0.0, 0.0, 0.0, 0.0, 0.0]]
1317 1.3160 0.0010 2.680336 0.068029 -9.810000 None [[0.0, 0.0, 0.0, 0.0, 0.0, 0.0], [0.0, 0.0, 0.0, 0.0, 0.0, 0.0]]
1318 1.3170 0.0010 2.680394 0.058219 -9.810000 None [[0.0, 0.0, 0.0, 0.0, 0.0, 0.0], [0.0, 0.0, 0.0, 0.0, 0.0, 0.0]]
1319 1.3180 0.0010 2.680443 0.048409 -9.810000 None [[0.0, 0.0, 0.0, 0.0, 0.0, 0.0], [0.0, 0.0, 0.0, 0.0, 0.0, 0.0]]
1320 1.3190 0.0010 2.680481 0.038599 -9.810000 None [[0.0, 0.0, 0.0, 0.0, 0.0, 0.0], [0.0, 0.0, 0.0, 0.0, 0.0, 0.0]]
1321 1.3200 0.0010 2.680510 0.028789 -9.810000 None [[0.0, 0.0, 0.0, 0.0, 0.0, 0.0], [0.0, 0.0, 0.0, 0.0, 0.0, 0.0]]
1322 1.3210 0.0010 2.680529 0.018979 -9.810000 None [[0.0, 0.0, 0.0, 0.0, 0.0, 0.0], [0.0, 0.0, 0.0, 0.0, 0.0, 0.0]]
1323 1.3220 0.0010 2.680538 0.009169 -9.810000 None [[0.0, 0.0, 0.0, 0.0, 0.0, 0.0], [0.0, 0.0, 0.0, 0.0, 0.0, 0.0]]
1324 1.3230 0.0010 2.680538 -0.000641 -9.810000 None [[0.0, 0.0, 0.0, 0.0, 0.0, 0.0], [0.0, 0.0, 0.0, 0.0, 0.0, 0.0]]
1325 1.3240 0.0010 2.680527 -0.010451 -9.810000 None [[0.0, 0.0, 0.0, 0.0, 0.0, 0.0], [0.0, 0.0, 0.0, 0.0, 0.0, 0.0]]
1326 1.3250 0.0010 2.680507 -0.020261 -9.810000 None [[0.0, 0.0, 0.0, 0.0, 0.0, 0.0], [0.0, 0.0, 0.0, 0.0, 0.0, 0.0]]
1327 1.3260 0.0010 2.680477 -0.030071 -9.810000 None [[0.0, 0.0, 0.0, 0.0, 0.0, 0.0], [0.0, 0.0, 0.0, 0.0, 0.0, 0.0]]
1328 1.3270 0.0010 2.680437 -0.039881 -9.810000 None [[0.0, 0.0, 0.0, 0.0, 0.0, 0.0], [0.0, 0.0, 0.0, 0.0, 0.0, 0.0]]
1329 1.3280 0.0010 2.680387 -0.049691 -9.810000 None [[0.0, 0.0, 0.0, 0.0, 0.0, 0.0], [0.0, 0.0, 0.0, 0.0, 0.0, 0.0]]
1330 1.3290 0.0010 2.680328 -0.059501 -9.810000 None [[0.0, 0.0, 0.0, 0.0, 0.0, 0.0], [0.0, 0.0, 0.0, 0.0, 0.0, 0.0]]
1331 1.3300 0.0010 2.680259 -0.069311 -9.810000 None [[0.0, 0.0, 0.0, 0.0, 0.0, 0.0], [0.0, 0.0, 0.0, 0.0, 0.0, 0.0]]
1332 1.3310 0.0010 2.680179 -0.079121 -9.810000 None [[0.0, 0.0, 0.0, 0.0, 0.0, 0.0], [0.0, 0.0, 0.0, 0.0, 0.0, 0.0]]
1333 1.3320 0.0010 2.680091 -0.088931 -9.810000 None [[0.0, 0.0, 0.0, 0.0, 0.0, 0.0], [0.0, 0.0, 0.0, 0.0, 0.0, 0.0]]
1334 1.3330 0.0010 2.679992 -0.098741 -9.810000 None [[0.0, 0.0, 0.0, 0.0, 0.0, 0.0], [0.0, 0.0, 0.0, 0.0, 0.0, 0.0]]
1335 1.3340 0.0010 2.679883 -0.108551 -9.810000 None [[0.0, 0.0, 0.0, 0.0, 0.0, 0.0], [0.0, 0.0, 0.0, 0.0, 0.0, 0.0]]
1336 1.3350 0.0010 2.679765 -0.118361 -9.810000 None [[0.0, 0.0, 0.0, 0.0, 0.0, 0.0], [0.0, 0.0, 0.0, 0.0, 0.0, 0.0]]
1337 1.3360 0.0010 2.679637 -0.128171 -9.810000 None [[0.0, 0.0, 0.0, 0.0, 0.0, 0.0], [0.0, 0.0, 0.0, 0.0, 0.0, 0.0]]
1338 1.3370 0.0010 2.679499 -0.137981 -9.810000 None [[0.0, 0.0, 0.0, 0.0, 0.0, 0.0], [0.0, 0.0, 0.0, 0.0, 0.0, 0.0]]
1339 1.3380 0.0010 2.679351 -0.147791 -9.810000 None [[0.0, 0.0, 0.0, 0.0, 0.0, 0.0], [0.0, 0.0, 0.0, 0.0, 0.0, 0.0]]
1340 1.3390 0.0010 2.679193 -0.157601 -9.810000 None [[0.0, 0.0, 0.0, 0.0, 0.0, 0.0], [0.0, 0.0, 0.0, 0.0, 0.0, 0.0]]
1341 1.3400 0.0010 2.679026 -0.167411 -9.810000 None [[0.0, 0.0, 0.0, 0.0, 0.0, 0.0], [0.0, 0.0, 0.0, 0.0, 0.0, 0.0]]
1342 1.3410 0.0010 2.678849 -0.177221 -9.810000 None [[0.0, 0.0, 0.0, 0.0, 0.0, 0.0], [0.0, 0.0, 0.0, 0.0, 0.0, 0.0]]
1343 1.3420 0.0010 2.678662 -0.187031 -9.810000 None [[0.0, 0.0, 0.0, 0.0, 0.0, 0.0], [0.0, 0.0, 0.0, 0.0, 0.0, 0.0]]
1344 1.3430 0.0010 2.678465 -0.196841 -9.810000 None [[0.0, 0.0, 0.0, 0.0, 0.0, 0.0], [0.0, 0.0, 0.0, 0.0, 0.0, 0.0]]
1345 1.3440 0.0010 2.678258 -0.206651 -9.810000 None [[0.0, 0.0, 0.0, 0.0, 0.0, 0.0], [0.0, 0.0, 0.0, 0.0, 0.0, 0.0]]
1346 1.3450 0.0010 2.678042 -0.216461 -9.810000 None [[0.0, 0.0, 0.0, 0.0, 0.0, 0.0], [0.0, 0.0, 0.0, 0.0, 0.0, 0.0]]
1347 1.3460 0.0010 2.677815 -0.226271 -9.810000 None [[0.0, 0.0, 0.0, 0.0, 0.0, 0.0], [0.0, 0.0, 0.0, 0.0, 0.0, 0.0]]
1348 1.3470 0.0010 2.677579 -0.236081 -9.810000 None [[0.0, 0.0, 0.0, 0.0, 0.0, 0.0], [0.0, 0.0, 0.0, 0.0, 0.0, 0.0]]
1349 1.3480 0.0010 2.677333 -0.245891 -9.810000 None [[0.0, 0.0, 0.0, 0.0, 0.0, 0.0], [0.0, 0.0, 0.0, 0.0, 0.0, 0.0]]
1350 1.3490 0.0010 2.677078 -0.255701 -9.810000 None [[0.0, 0.0, 0.0, 0.0, 0.0, 0.0], [0.0, 0.0, 0.0, 0.0, 0.0, 0.0]]
1351 1.3500 0.0010 2.676812 -0.265511 -9.810000 None [[0.0, 0.0, 0.0, 0.0, 0.0, 0.0], [0.0, 0.0, 0.0, 0.0, 0.0, 0.0]]
1352 1.3510 0.0010 2.676537 -0.275321 -9.810000 None [[0.0, 0.0, 0.0, 0.0, 0.0, 0.0], [0.0, 0.0, 0.0, 0.0, 0.0, 0.0]]
1353 1.3520 0.0010 2.676252 -0.285131 -9.810000 None [[0.0, 0.0, 0.0, 0.0, 0.0, 0.0], [0.0, 0.0, 0.0, 0.0, 0.0, 0.0]]
1354 1.3530 0.0010 2.675957 -0.294941 -9.810000 None [[0.0, 0.0, 0.0, 0.0, 0.0, 0.0], [0.0, 0.0, 0.0, 0.0, 0.0, 0.0]]
1355 1.3540 0.0010 2.675652 -0.304751 -9.810000 None [[0.0, 0.0, 0.0, 0.0, 0.0, 0.0], [0.0, 0.0, 0.0, 0.0, 0.0, 0.0]]
1356 1.3550 0.0010 2.675338 -0.314561 -9.810000 None [[0.0, 0.0, 0.0, 0.0, 0.0, 0.0], [0.0, 0.0, 0.0, 0.0, 0.0, 0.0]]
1357 1.3560 0.0010 2.675013 -0.324371 -9.810000 None [[0.0, 0.0, 0.0, 0.0, 0.0, 0.0], [0.0, 0.0, 0.0, 0.0, 0.0, 0.0]]
1358 1.3570 0.0010 2.674679 -0.334181 -9.810000 None [[0.0, 0.0, 0.0, 0.0, 0.0, 0.0], [0.0, 0.0, 0.0, 0.0, 0.0, 0.0]]
1359 1.3580 0.0010 2.674335 -0.343991 -9.810000 None [[0.0, 0.0, 0.0, 0.0, 0.0, 0.0], [0.0, 0.0, 0.0, 0.0, 0.0, 0.0]]
1360 1.3590 0.0010 2.673981 -0.353801 -9.810000 None [[0.0, 0.0, 0.0, 0.0, 0.0, 0.0], [0.0, 0.0, 0.0, 0.0, 0.0, 0.0]]
1361 1.3600 0.0010 2.673618 -0.363611 -9.810000 None [[0.0, 0.0, 0.0, 0.0, 0.0, 0.0], [0.0, 0.0, 0.0, 0.0, 0.0, 0.0]]
1362 1.3610 0.0010 2.673244 -0.373421 -9.810000 None [[0.0, 0.0, 0.0, 0.0, 0.0, 0.0], [0.0, 0.0, 0.0, 0.0, 0.0, 0.0]]
1363 1.3620 0.0010 2.672861 -0.383231 -9.810000 None [[0.0, 0.0, 0.0, 0.0, 0.0, 0.0], [0.0, 0.0, 0.0, 0.0, 0.0, 0.0]]
1364 1.3630 0.0010 2.672468 -0.393041 -9.810000 None [[0.0, 0.0, 0.0, 0.0, 0.0, 0.0], [0.0, 0.0, 0.0, 0.0, 0.0, 0.0]]
1365 1.3640 0.0010 2.672065 -0.402851 -9.810000 None [[0.0, 0.0, 0.0, 0.0, 0.0, 0.0], [0.0, 0.0, 0.0, 0.0, 0.0, 0.0]]
1366 1.3650 0.0010 2.671652 -0.412661 -9.810000 None [[0.0, 0.0, 0.0, 0.0, 0.0, 0.0], [0.0, 0.0, 0.0, 0.0, 0.0, 0.0]]
1367 1.3660 0.0010 2.671230 -0.422471 -9.810000 None [[0.0, 0.0, 0.0, 0.0, 0.0, 0.0], [0.0, 0.0, 0.0, 0.0, 0.0, 0.0]]
1368 1.3670 0.0010 2.670798 -0.432281 -9.810000 None [[0.0, 0.0, 0.0, 0.0, 0.0, 0.0], [0.0, 0.0, 0.0, 0.0, 0.0, 0.0]]
1369 1.3680 0.0010 2.670356 -0.442091 -9.810000 None [[0.0, 0.0, 0.0, 0.0, 0.0, 0.0], [0.0, 0.0, 0.0, 0.0, 0.0, 0.0]]
1370 1.3690 0.0010 2.669904 -0.451901 -9.810000 None [[0.0, 0.0, 0.0, 0.0, 0.0, 0.0], [0.0, 0.0, 0.0, 0.0, 0.0, 0.0]]
1371 1.3700 0.0010 2.669442 -0.461711 -9.810000 None [[0.0, 0.0, 0.0, 0.0, 0.0, 0.0], [0.0, 0.0, 0.0, 0.0, 0.0, 0.0]]
1372 1.3710 0.0010 2.668970 -0.471521 -9.810000 None [[0.0, 0.0, 0.0, 0.0, 0.0, 0.0], [0.0, 0.0, 0.0, 0.0, 0.0, 0.0]]
1373 1.3720 0.0010 2.668489 -0.481331 -9.810000 None [[0.0, 0.0, 0.0, 0.0, 0.0, 0.0], [0.0, 0.0, 0.0, 0.0, 0.0, 0.0]]
1374 1.3730 0.0010 2.667998 -0.491141 -9.810000 None [[0.0, 0.0, 0.0, 0.0, 0.0, 0.0], [0.0, 0.0, 0.0, 0.0, 0.0, 0.0]]
1375 1.3740 0.0010 2.667497 -0.500951 -9.810000 None [[0.0, 0.0, 0.0, 0.0, 0.0, 0.0], [0.0, 0.0, 0.0, 0.0, 0.0, 0.0]]
1376 1.3750 0.0010 2.666986 -0.510761 -9.810000 None [[0.0, 0.0, 0.0, 0.0, 0.0, 0.0], [0.0, 0.0, 0.0, 0.0, 0.0, 0.0]]
1377 1.3760 0.0010 2.666466 -0.520571 -9.810000 None [[0.0, 0.0, 0.0, 0.0, 0.0, 0.0], [0.0, 0.0, 0.0, 0.0, 0.0, 0.0]]
1378 1.3770 0.0010 2.665935 -0.530381 -9.810000 None [[0.0, 0.0, 0.0, 0.0, 0.0, 0.0], [0.0, 0.0, 0.0, 0.0, 0.0, 0.0]]
1379 1.3780 0.0010 2.665395 -0.540191 -9.810000 None [[0.0, 0.0, 0.0, 0.0, 0.0, 0.0], [0.0, 0.0, 0.0, 0.0, 0.0, 0.0]]
1380 1.3790 0.0010 2.664845 -0.550001 -9.810000 None [[0.0, 0.0, 0.0, 0.0, 0.0, 0.0], [0.0, 0.0, 0.0, 0.0, 0.0, 0.0]]
1381 1.3800 0.0010 2.664285 -0.559811 -9.810000 None [[0.0, 0.0, 0.0, 0.0, 0.0, 0.0], [0.0, 0.0, 0.0, 0.0, 0.0, 0.0]]
1382 1.3810 0.0010 2.663716 -0.569621 -9.810000 None [[0.0, 0.0, 0.0, 0.0, 0.0, 0.0], [0.0, 0.0, 0.0, 0.0, 0.0, 0.0]]
1383 1.3820 0.0010 2.663136 -0.579431 -9.810000 None [[0.0, 0.0, 0.0, 0.0, 0.0, 0.0], [0.0, 0.0, 0.0, 0.0, 0.0, 0.0]]
1384 1.3830 0.0010 2.662547 -0.589241 -9.810000 None [[0.0, 0.0, 0.0, 0.0, 0.0, 0.0], [0.0, 0.0, 0.0, 0.0, 0.0, 0.0]]
1385 1.3840 0.0010 2.661948 -0.599051 -9.810000 None [[0.0, 0.0, 0.0, 0.0, 0.0, 0.0], [0.0, 0.0, 0.0, 0.0, 0.0, 0.0]]
1386 1.3850 0.0010 2.661339 -0.608861 -9.810000 None [[0.0, 0.0, 0.0, 0.0, 0.0, 0.0], [0.0, 0.0, 0.0, 0.0, 0.0, 0.0]]
1387 1.3860 0.0010 2.660720 -0.618671 -9.810000 None [[0.0, 0.0, 0.0, 0.0, 0.0, 0.0], [0.0, 0.0, 0.0, 0.0, 0.0, 0.0]]
1388 1.3870 0.0010 2.660092 -0.628481 -9.810000 None [[0.0, 0.0, 0.0, 0.0, 0.0, 0.0], [0.0, 0.0, 0.0, 0.0, 0.0, 0.0]]
1389 1.3880 0.0010 2.659454 -0.638291 -9.810000 None [[0.0, 0.0, 0.0, 0.0, 0.0, 0.0], [0.0, 0.0, 0.0, 0.0, 0.0, 0.0]]
1390 1.3890 0.0010 2.658806 -0.648101 -9.810000 None [[0.0, 0.0, 0.0, 0.0, 0.0, 0.0], [0.0, 0.0, 0.0, 0.0, 0.0, 0.0]]
1391 1.3900 0.0010 2.658148 -0.657911 -9.810000 None [[0.0, 0.0, 0.0, 0.0, 0.0, 0.0], [0.0, 0.0, 0.0, 0.0, 0.0, 0.0]]
1392 1.3910 0.0010 2.657480 -0.667721 -9.810000 None [[0.0, 0.0, 0.0, 0.0, 0.0, 0.0], [0.0, 0.0, 0.0, 0.0, 0.0, 0.0]]
1393 1.3920 0.0010 2.656802 -0.677531 -9.810000 None [[0.0, 0.0, 0.0, 0.0, 0.0, 0.0], [0.0, 0.0, 0.0, 0.0, 0.0, 0.0]]
1394 1.3930 0.0010 2.656115 -0.687341 -9.810000 None [[0.0, 0.0, 0.0, 0.0, 0.0, 0.0], [0.0, 0.0, 0.0, 0.0, 0.0, 0.0]]
1395 1.3940 0.0010 2.655418 -0.697151 -9.810000 None [[0.0, 0.0, 0.0, 0.0, 0.0, 0.0], [0.0, 0.0, 0.0, 0.0, 0.0, 0.0]]
1396 1.3950 0.0010 2.654711 -0.706961 -9.810000 None [[0.0, 0.0, 0.0, 0.0, 0.0, 0.0], [0.0, 0.0, 0.0, 0.0, 0.0, 0.0]]
1397 1.3960 0.0010 2.653994 -0.716771 -9.810000 None [[0.0, 0.0, 0.0, 0.0, 0.0, 0.0], [0.0, 0.0, 0.0, 0.0, 0.0, 0.0]]
1398 1.3970 0.0010 2.653268 -0.726581 -9.810000 None [[0.0, 0.0, 0.0, 0.0, 0.0, 0.0], [0.0, 0.0, 0.0, 0.0, 0.0, 0.0]]
1399 1.3980 0.0010 2.652531 -0.736391 -9.810000 None [[0.0, 0.0, 0.0, 0.0, 0.0, 0.0], [0.0, 0.0, 0.0, 0.0, 0.0, 0.0]]
1400 1.3990 0.0010 2.651785 -0.746201 -9.810000 None [[0.0, 0.0, 0.0, 0.0, 0.0, 0.0], [0.0, 0.0, 0.0, 0.0, 0.0, 0.0]]
1401 1.4000 0.0010 2.651029 -0.756011 -9.810000 None [[0.0, 0.0, 0.0, 0.0, 0.0, 0.0], [0.0, 0.0, 0.0, 0.0, 0.0, 0.0]]
1402 1.4010 0.0010 2.650263 -0.765821 -9.810000 None [[0.0, 0.0, 0.0, 0.0, 0.0, 0.0], [0.0, 0.0, 0.0, 0.0, 0.0, 0.0]]
1403 1.4020 0.0010 2.649487 -0.775631 -9.810000 None [[0.0, 0.0, 0.0, 0.0, 0.0, 0.0], [0.0, 0.0, 0.0, 0.0, 0.0, 0.0]]
1404 1.4030 0.0010 2.648702 -0.785441 -9.810000 None [[0.0, 0.0, 0.0, 0.0, 0.0, 0.0], [0.0, 0.0, 0.0, 0.0, 0.0, 0.0]]
1405 1.4040 0.0010 2.647907 -0.795251 -9.810000 None [[0.0, 0.0, 0.0, 0.0, 0.0, 0.0], [0.0, 0.0, 0.0, 0.0, 0.0, 0.0]]
1406 1.4050 0.0010 2.647102 -0.805061 -9.810000 None [[0.0, 0.0, 0.0, 0.0, 0.0, 0.0], [0.0, 0.0, 0.0, 0.0, 0.0, 0.0]]
1407 1.4060 0.0010 2.646287 -0.814871 -9.810000 None [[0.0, 0.0, 0.0, 0.0, 0.0, 0.0], [0.0, 0.0, 0.0, 0.0, 0.0, 0.0]]
1408 1.4070 0.0010 2.645462 -0.824681 -9.810000 None [[0.0, 0.0, 0.0, 0.0, 0.0, 0.0], [0.0, 0.0, 0.0, 0.0, 0.0, 0.0]]
1409 1.4080 0.0010 2.644628 -0.834491 -9.810000 None [[0.0, 0.0, 0.0, 0.0, 0.0, 0.0], [0.0, 0.0, 0.0, 0.0, 0.0, 0.0]]
1410 1.4090 0.0010 2.643783 -0.844301 -9.810000 None [[0.0, 0.0, 0.0, 0.0, 0.0, 0.0], [0.0, 0.0, 0.0, 0.0, 0.0, 0.0]]
1411 1.4100 0.0010 2.642929 -0.854111 -9.810000 None [[0.0, 0.0, 0.0, 0.0, 0.0, 0.0], [0.0, 0.0, 0.0, 0.0, 0.0, 0.0]]
1412 1.4110 0.0010 2.642065 -0.863921 -9.810000 None [[0.0, 0.0, 0.0, 0.0, 0.0, 0.0], [0.0, 0.0, 0.0, 0.0, 0.0, 0.0]]
1413 1.4120 0.0010 2.641192 -0.873731 -9.810000 None [[0.0, 0.0, 0.0, 0.0, 0.0, 0.0], [0.0, 0.0, 0.0, 0.0, 0.0, 0.0]]
1414 1.4130 0.0010 2.640308 -0.883541 -9.810000 None [[0.0, 0.0, 0.0, 0.0, 0.0, 0.0], [0.0, 0.0, 0.0, 0.0, 0.0, 0.0]]
1415 1.4140 0.0010 2.639415 -0.893351 -9.810000 None [[0.0, 0.0, 0.0, 0.0, 0.0, 0.0], [0.0, 0.0, 0.0, 0.0, 0.0, 0.0]]
1416 1.4150 0.0010 2.638512 -0.903161 -9.810000 None [[0.0, 0.0, 0.0, 0.0, 0.0, 0.0], [0.0, 0.0, 0.0, 0.0, 0.0, 0.0]]
1417 1.4160 0.0010 2.637599 -0.912971 -9.810000 None [[0.0, 0.0, 0.0, 0.0, 0.0, 0.0], [0.0, 0.0, 0.0, 0.0, 0.0, 0.0]]
1418 1.4170 0.0010 2.636676 -0.922781 -9.810000 None [[0.0, 0.0, 0.0, 0.0, 0.0, 0.0], [0.0, 0.0, 0.0, 0.0, 0.0, 0.0]]
1419 1.4180 0.0010 2.635743 -0.932591 -9.810000 None [[0.0, 0.0, 0.0, 0.0, 0.0, 0.0], [0.0, 0.0, 0.0, 0.0, 0.0, 0.0]]
1420 1.4190 0.0010 2.634801 -0.942401 -9.810000 None [[0.0, 0.0, 0.0, 0.0, 0.0, 0.0], [0.0, 0.0, 0.0, 0.0, 0.0, 0.0]]
1421 1.4200 0.0010 2.633849 -0.952211 -9.810000 None [[0.0, 0.0, 0.0, 0.0, 0.0, 0.0], [0.0, 0.0, 0.0, 0.0, 0.0, 0.0]]
1422 1.4210 0.0010 2.632887 -0.962021 -9.810000 None [[0.0, 0.0, 0.0, 0.0, 0.0, 0.0], [0.0, 0.0, 0.0, 0.0, 0.0, 0.0]]
1423 1.4220 0.0010 2.631915 -0.971831 -9.810000 None [[0.0, 0.0, 0.0, 0.0, 0.0, 0.0], [0.0, 0.0, 0.0, 0.0, 0.0, 0.0]]
1424 1.4230 0.0010 2.630933 -0.981641 -9.810000 None [[0.0, 0.0, 0.0, 0.0, 0.0, 0.0], [0.0, 0.0, 0.0, 0.0, 0.0, 0.0]]
1425 1.4240 0.0010 2.629942 -0.991451 -9.810000 None [[0.0, 0.0, 0.0, 0.0, 0.0, 0.0], [0.0, 0.0, 0.0, 0.0, 0.0, 0.0]]
1426 1.4250 0.0010 2.628940 -1.001261 -9.810000 None [[0.0, 0.0, 0.0, 0.0, 0.0, 0.0], [0.0, 0.0, 0.0, 0.0, 0.0, 0.0]]
1427 1.4260 0.0010 2.627929 -1.011071 -9.810000 None [[0.0, 0.0, 0.0, 0.0, 0.0, 0.0], [0.0, 0.0, 0.0, 0.0, 0.0, 0.0]]
1428 1.4270 0.0010 2.626908 -1.020881 -9.810000 None [[0.0, 0.0, 0.0, 0.0, 0.0, 0.0], [0.0, 0.0, 0.0, 0.0, 0.0, 0.0]]
1429 1.4280 0.0010 2.625878 -1.030691 -9.810000 None [[0.0, 0.0, 0.0, 0.0, 0.0, 0.0], [0.0, 0.0, 0.0, 0.0, 0.0, 0.0]]
1430 1.4290 0.0010 2.624837 -1.040501 -9.810000 None [[0.0, 0.0, 0.0, 0.0, 0.0, 0.0], [0.0, 0.0, 0.0, 0.0, 0.0, 0.0]]
1431 1.4300 0.0010 2.623787 -1.050311 -9.810000 None [[0.0, 0.0, 0.0, 0.0, 0.0, 0.0], [0.0, 0.0, 0.0, 0.0, 0.0, 0.0]]
1432 1.4310 0.0010 2.622727 -1.060121 -9.810000 None [[0.0, 0.0, 0.0, 0.0, 0.0, 0.0], [0.0, 0.0, 0.0, 0.0, 0.0, 0.0]]
1433 1.4320 0.0010 2.621657 -1.069931 -9.810000 None [[0.0, 0.0, 0.0, 0.0, 0.0, 0.0], [0.0, 0.0, 0.0, 0.0, 0.0, 0.0]]
1434 1.4330 0.0010 2.620577 -1.079741 -9.810000 None [[0.0, 0.0, 0.0, 0.0, 0.0, 0.0], [0.0, 0.0, 0.0, 0.0, 0.0, 0.0]]
1435 1.4340 0.0010 2.619488 -1.089551 -9.810000 None [[0.0, 0.0, 0.0, 0.0, 0.0, 0.0], [0.0, 0.0, 0.0, 0.0, 0.0, 0.0]]
1436 1.4350 0.0010 2.618388 -1.099361 -9.810000 None [[0.0, 0.0, 0.0, 0.0, 0.0, 0.0], [0.0, 0.0, 0.0, 0.0, 0.0, 0.0]]
1437 1.4360 0.0010 2.617279 -1.109171 -9.810000 None [[0.0, 0.0, 0.0, 0.0, 0.0, 0.0], [0.0, 0.0, 0.0, 0.0, 0.0, 0.0]]
1438 1.4370 0.0010 2.616160 -1.118981 -9.810000 None [[0.0, 0.0, 0.0, 0.0, 0.0, 0.0], [0.0, 0.0, 0.0, 0.0, 0.0, 0.0]]
1439 1.4380 0.0010 2.615031 -1.128791 -9.810000 None [[0.0, 0.0, 0.0, 0.0, 0.0, 0.0], [0.0, 0.0, 0.0, 0.0, 0.0, 0.0]]
1440 1.4390 0.0010 2.613893 -1.138601 -9.810000 None [[0.0, 0.0, 0.0, 0.0, 0.0, 0.0], [0.0, 0.0, 0.0, 0.0, 0.0, 0.0]]
1441 1.4400 0.0010 2.612744 -1.148411 -9.810000 None [[0.0, 0.0, 0.0, 0.0, 0.0, 0.0], [0.0, 0.0, 0.0, 0.0, 0.0, 0.0]]
1442 1.4410 0.0010 2.611586 -1.158221 -9.810000 None [[0.0, 0.0, 0.0, 0.0, 0.0, 0.0], [0.0, 0.0, 0.0, 0.0, 0.0, 0.0]]
1443 1.4420 0.0010 2.610418 -1.168031 -9.810000 None [[0.0, 0.0, 0.0, 0.0, 0.0, 0.0], [0.0, 0.0, 0.0, 0.0, 0.0, 0.0]]
1444 1.4430 0.0010 2.609240 -1.177841 -9.810000 None [[0.0, 0.0, 0.0, 0.0, 0.0, 0.0], [0.0, 0.0, 0.0, 0.0, 0.0, 0.0]]
1445 1.4440 0.0010 2.608053 -1.187651 -9.810000 None [[0.0, 0.0, 0.0, 0.0, 0.0, 0.0], [0.0, 0.0, 0.0, 0.0, 0.0, 0.0]]
1446 1.4450 0.0010 2.606855 -1.197461 -9.810000 None [[0.0, 0.0, 0.0, 0.0, 0.0, 0.0], [0.0, 0.0, 0.0, 0.0, 0.0, 0.0]]
1447 1.4460 0.0010 2.605648 -1.207271 -9.810000 None [[0.0, 0.0, 0.0, 0.0, 0.0, 0.0], [0.0, 0.0, 0.0, 0.0, 0.0, 0.0]]
1448 1.4470 0.0010 2.604431 -1.217081 -9.810000 None [[0.0, 0.0, 0.0, 0.0, 0.0, 0.0], [0.0, 0.0, 0.0, 0.0, 0.0, 0.0]]
1449 1.4480 0.0010 2.603204 -1.226891 -9.810000 None [[0.0, 0.0, 0.0, 0.0, 0.0, 0.0], [0.0, 0.0, 0.0, 0.0, 0.0, 0.0]]
1450 1.4490 0.0010 2.601967 -1.236701 -9.810000 None [[0.0, 0.0, 0.0, 0.0, 0.0, 0.0], [0.0, 0.0, 0.0, 0.0, 0.0, 0.0]]
1451 1.4500 0.0010 2.600721 -1.246511 -9.810000 None [[0.0, 0.0, 0.0, 0.0, 0.0, 0.0], [0.0, 0.0, 0.0, 0.0, 0.0, 0.0]]
1452 1.4510 0.0010 2.599464 -1.256321 -9.810000 None [[0.0, 0.0, 0.0, 0.0, 0.0, 0.0], [0.0, 0.0, 0.0, 0.0, 0.0, 0.0]]
1453 1.4520 0.0010 2.598198 -1.266131 -9.810000 None [[0.0, 0.0, 0.0, 0.0, 0.0, 0.0], [0.0, 0.0, 0.0, 0.0, 0.0, 0.0]]
1454 1.4530 0.0010 2.596922 -1.275941 -9.810000 None [[0.0, 0.0, 0.0, 0.0, 0.0, 0.0], [0.0, 0.0, 0.0, 0.0, 0.0, 0.0]]
1455 1.4540 0.0010 2.595637 -1.285751 -9.810000 None [[0.0, 0.0, 0.0, 0.0, 0.0, 0.0], [0.0, 0.0, 0.0, 0.0, 0.0, 0.0]]
1456 1.4550 0.0010 2.594341 -1.295561 -9.810000 None [[0.0, 0.0, 0.0, 0.0, 0.0, 0.0], [0.0, 0.0, 0.0, 0.0, 0.0, 0.0]]
1457 1.4560 0.0010 2.593036 -1.305371 -9.810000 None [[0.0, 0.0, 0.0, 0.0, 0.0, 0.0], [0.0, 0.0, 0.0, 0.0, 0.0, 0.0]]
1458 1.4570 0.0010 2.591720 -1.315181 -9.810000 None [[0.0, 0.0, 0.0, 0.0, 0.0, 0.0], [0.0, 0.0, 0.0, 0.0, 0.0, 0.0]]
1459 1.4580 0.0010 2.590395 -1.324991 -9.810000 None [[0.0, 0.0, 0.0, 0.0, 0.0, 0.0], [0.0, 0.0, 0.0, 0.0, 0.0, 0.0]]
1460 1.4590 0.0010 2.589061 -1.334801 -9.810000 None [[0.0, 0.0, 0.0, 0.0, 0.0, 0.0], [0.0, 0.0, 0.0, 0.0, 0.0, 0.0]]
1461 1.4600 0.0010 2.587716 -1.344611 -9.810000 None [[0.0, 0.0, 0.0, 0.0, 0.0, 0.0], [0.0, 0.0, 0.0, 0.0, 0.0, 0.0]]
1462 1.4610 0.0010 2.586362 -1.354421 -9.810000 None [[0.0, 0.0, 0.0, 0.0, 0.0, 0.0], [0.0, 0.0, 0.0, 0.0, 0.0, 0.0]]
1463 1.4620 0.0010 2.584997 -1.364231 -9.810000 None [[0.0, 0.0, 0.0, 0.0, 0.0, 0.0], [0.0, 0.0, 0.0, 0.0, 0.0, 0.0]]
1464 1.4630 0.0010 2.583623 -1.374041 -9.810000 None [[0.0, 0.0, 0.0, 0.0, 0.0, 0.0], [0.0, 0.0, 0.0, 0.0, 0.0, 0.0]]
1465 1.4640 0.0010 2.582239 -1.383851 -9.810000 None [[0.0, 0.0, 0.0, 0.0, 0.0, 0.0], [0.0, 0.0, 0.0, 0.0, 0.0, 0.0]]
1466 1.4650 0.0010 2.580846 -1.393661 -9.810000 None [[0.0, 0.0, 0.0, 0.0, 0.0, 0.0], [0.0, 0.0, 0.0, 0.0, 0.0, 0.0]]
1467 1.4660 0.0010 2.579442 -1.403471 -9.810000 None [[0.0, 0.0, 0.0, 0.0, 0.0, 0.0], [0.0, 0.0, 0.0, 0.0, 0.0, 0.0]]
1468 1.4670 0.0010 2.578029 -1.413281 -9.810000 None [[0.0, 0.0, 0.0, 0.0, 0.0, 0.0], [0.0, 0.0, 0.0, 0.0, 0.0, 0.0]]
1469 1.4680 0.0010 2.576606 -1.423091 -9.810000 None [[0.0, 0.0, 0.0, 0.0, 0.0, 0.0], [0.0, 0.0, 0.0, 0.0, 0.0, 0.0]]
1470 1.4690 0.0010 2.575173 -1.432901 -9.810000 None [[0.0, 0.0, 0.0, 0.0, 0.0, 0.0], [0.0, 0.0, 0.0, 0.0, 0.0, 0.0]]
1471 1.4700 0.0010 2.573730 -1.442711 -9.810000 None [[0.0, 0.0, 0.0, 0.0, 0.0, 0.0], [0.0, 0.0, 0.0, 0.0, 0.0, 0.0]]
1472 1.4710 0.0010 2.572278 -1.452521 -9.810000 None [[0.0, 0.0, 0.0, 0.0, 0.0, 0.0], [0.0, 0.0, 0.0, 0.0, 0.0, 0.0]]
1473 1.4720 0.0010 2.570815 -1.462331 -9.810000 None [[0.0, 0.0, 0.0, 0.0, 0.0, 0.0], [0.0, 0.0, 0.0, 0.0, 0.0, 0.0]]
1474 1.4730 0.0010 2.569343 -1.472141 -9.810000 None [[0.0, 0.0, 0.0, 0.0, 0.0, 0.0], [0.0, 0.0, 0.0, 0.0, 0.0, 0.0]]
1475 1.4740 0.0010 2.567861 -1.481951 -9.810000 None [[0.0, 0.0, 0.0, 0.0, 0.0, 0.0], [0.0, 0.0, 0.0, 0.0, 0.0, 0.0]]
1476 1.4750 0.0010 2.566370 -1.491761 -9.810000 None [[0.0, 0.0, 0.0, 0.0, 0.0, 0.0], [0.0, 0.0, 0.0, 0.0, 0.0, 0.0]]
1477 1.4760 0.0010 2.564868 -1.501571 -9.810000 None [[0.0, 0.0, 0.0, 0.0, 0.0, 0.0], [0.0, 0.0, 0.0, 0.0, 0.0, 0.0]]
1478 1.4770 0.0010 2.563357 -1.511381 -9.810000 None [[0.0, 0.0, 0.0, 0.0, 0.0, 0.0], [0.0, 0.0, 0.0, 0.0, 0.0, 0.0]]
1479 1.4780 0.0010 2.561835 -1.521191 -9.810000 None [[0.0, 0.0, 0.0, 0.0, 0.0, 0.0], [0.0, 0.0, 0.0, 0.0, 0.0, 0.0]]
1480 1.4790 0.0010 2.560304 -1.531001 -9.810000 None [[0.0, 0.0, 0.0, 0.0, 0.0, 0.0], [0.0, 0.0, 0.0, 0.0, 0.0, 0.0]]
1481 1.4800 0.0010 2.558764 -1.540811 -9.810000 None [[0.0, 0.0, 0.0, 0.0, 0.0, 0.0], [0.0, 0.0, 0.0, 0.0, 0.0, 0.0]]
1482 1.4810 0.0010 2.557213 -1.550621 -9.810000 None [[0.0, 0.0, 0.0, 0.0, 0.0, 0.0], [0.0, 0.0, 0.0, 0.0, 0.0, 0.0]]
1483 1.4820 0.0010 2.555653 -1.560431 -9.810000 None [[0.0, 0.0, 0.0, 0.0, 0.0, 0.0], [0.0, 0.0, 0.0, 0.0, 0.0, 0.0]]
1484 1.4830 0.0010 2.554082 -1.570241 -9.810000 None [[0.0, 0.0, 0.0, 0.0, 0.0, 0.0], [0.0, 0.0, 0.0, 0.0, 0.0, 0.0]]
1485 1.4840 0.0010 2.552502 -1.580051 -9.810000 None [[0.0, 0.0, 0.0, 0.0, 0.0, 0.0], [0.0, 0.0, 0.0, 0.0, 0.0, 0.0]]
1486 1.4850 0.0010 2.550912 -1.589861 -9.810000 None [[0.0, 0.0, 0.0, 0.0, 0.0, 0.0], [0.0, 0.0, 0.0, 0.0, 0.0, 0.0]]
1487 1.4860 0.0010 2.549313 -1.599671 -9.810000 None [[0.0, 0.0, 0.0, 0.0, 0.0, 0.0], [0.0, 0.0, 0.0, 0.0, 0.0, 0.0]]
1488 1.4870 0.0010 2.547703 -1.609481 -9.810000 None [[0.0, 0.0, 0.0, 0.0, 0.0, 0.0], [0.0, 0.0, 0.0, 0.0, 0.0, 0.0]]
1489 1.4880 0.0010 2.546084 -1.619291 -9.810000 None [[0.0, 0.0, 0.0, 0.0, 0.0, 0.0], [0.0, 0.0, 0.0, 0.0, 0.0, 0.0]]
1490 1.4890 0.0010 2.544455 -1.629101 -9.810000 None [[0.0, 0.0, 0.0, 0.0, 0.0, 0.0], [0.0, 0.0, 0.0, 0.0, 0.0, 0.0]]
1491 1.4900 0.0010 2.542816 -1.638911 -9.810000 None [[0.0, 0.0, 0.0, 0.0, 0.0, 0.0], [0.0, 0.0, 0.0, 0.0, 0.0, 0.0]]
1492 1.4910 0.0010 2.541167 -1.648721 -9.810000 None [[0.0, 0.0, 0.0, 0.0, 0.0, 0.0], [0.0, 0.0, 0.0, 0.0, 0.0, 0.0]]
1493 1.4920 0.0010 2.539509 -1.658531 -9.810000 None [[0.0, 0.0, 0.0, 0.0, 0.0, 0.0], [0.0, 0.0, 0.0, 0.0, 0.0, 0.0]]
1494 1.4930 0.0010 2.537840 -1.668341 -9.810000 None [[0.0, 0.0, 0.0, 0.0, 0.0, 0.0], [0.0, 0.0, 0.0, 0.0, 0.0, 0.0]]
1495 1.4940 0.0010 2.536162 -1.678151 -9.810000 None [[0.0, 0.0, 0.0, 0.0, 0.0, 0.0], [0.0, 0.0, 0.0, 0.0, 0.0, 0.0]]
1496 1.4950 0.0010 2.534474 -1.687961 -9.810000 None [[0.0, 0.0, 0.0, 0.0, 0.0, 0.0], [0.0, 0.0, 0.0, 0.0, 0.0, 0.0]]
1497 1.4960 0.0010 2.532777 -1.697771 -9.810000 None [[0.0, 0.0, 0.0, 0.0, 0.0, 0.0], [0.0, 0.0, 0.0, 0.0, 0.0, 0.0]]
1498 1.4970 0.0010 2.531069 -1.707581 -9.810000 None [[0.0, 0.0, 0.0, 0.0, 0.0, 0.0], [0.0, 0.0, 0.0, 0.0, 0.0, 0.0]]
1499 1.4980 0.0010 2.529352 -1.717391 -9.810000 None [[0.0, 0.0, 0.0, 0.0, 0.0, 0.0], [0.0, 0.0, 0.0, 0.0, 0.0, 0.0]]
1500 1.4990 0.0010 2.527624 -1.727201 -9.810000 None [[0.0, 0.0, 0.0, 0.0, 0.0, 0.0], [0.0, 0.0, 0.0, 0.0, 0.0, 0.0]]
1501 1.5000 0.0010 2.525887 -1.737011 -9.810000 None [[0.0, 0.0, 0.0, 0.0, 0.0, 0.0], [0.0, 0.0, 0.0, 0.0, 0.0, 0.0]]
1502 1.5010 0.0010 2.524141 -1.746821 -9.810000 None [[0.0, 0.0, 0.0, 0.0, 0.0, 0.0], [0.0, 0.0, 0.0, 0.0, 0.0, 0.0]]
1503 1.5020 0.0010 2.522384 -1.756631 -9.810000 None [[0.0, 0.0, 0.0, 0.0, 0.0, 0.0], [0.0, 0.0, 0.0, 0.0, 0.0, 0.0]]
1504 1.5030 0.0010 2.520617 -1.766441 -9.810000 None [[0.0, 0.0, 0.0, 0.0, 0.0, 0.0], [0.0, 0.0, 0.0, 0.0, 0.0, 0.0]]
1505 1.5040 0.0010 2.518841 -1.776251 -9.810000 None [[0.0, 0.0, 0.0, 0.0, 0.0, 0.0], [0.0, 0.0, 0.0, 0.0, 0.0, 0.0]]
1506 1.5050 0.0010 2.517055 -1.786061 -9.810000 None [[0.0, 0.0, 0.0, 0.0, 0.0, 0.0], [0.0, 0.0, 0.0, 0.0, 0.0, 0.0]]
1507 1.5060 0.0010 2.515259 -1.795871 -9.810000 None [[0.0, 0.0, 0.0, 0.0, 0.0, 0.0], [0.0, 0.0, 0.0, 0.0, 0.0, 0.0]]
1508 1.5070 0.0010 2.513454 -1.805681 -9.810000 None [[0.0, 0.0, 0.0, 0.0, 0.0, 0.0], [0.0, 0.0, 0.0, 0.0, 0.0, 0.0]]
1509 1.5080 0.0010 2.511638 -1.815491 -9.810000 None [[0.0, 0.0, 0.0, 0.0, 0.0, 0.0], [0.0, 0.0, 0.0, 0.0, 0.0, 0.0]]
1510 1.5090 0.0010 2.509813 -1.825301 -9.810000 None [[0.0, 0.0, 0.0, 0.0, 0.0, 0.0], [0.0, 0.0, 0.0, 0.0, 0.0, 0.0]]
1511 1.5100 0.0010 2.507978 -1.835111 -9.810000 None [[0.0, 0.0, 0.0, 0.0, 0.0, 0.0], [0.0, 0.0, 0.0, 0.0, 0.0, 0.0]]
1512 1.5110 0.0010 2.506133 -1.844921 -9.810000 None [[0.0, 0.0, 0.0, 0.0, 0.0, 0.0], [0.0, 0.0, 0.0, 0.0, 0.0, 0.0]]
1513 1.5120 0.0010 2.504278 -1.854731 -9.810000 None [[0.0, 0.0, 0.0, 0.0, 0.0, 0.0], [0.0, 0.0, 0.0, 0.0, 0.0, 0.0]]
1514 1.5130 0.0010 2.502414 -1.864541 -9.810000 None [[0.0, 0.0, 0.0, 0.0, 0.0, 0.0], [0.0, 0.0, 0.0, 0.0, 0.0, 0.0]]
1515 1.5140 0.0010 2.500539 -1.874351 -9.810000 None [[0.0, 0.0, 0.0, 0.0, 0.0, 0.0], [0.0, 0.0, 0.0, 0.0, 0.0, 0.0]]
1516 1.5150 0.0003 2.498655 -1.884161 10697.734732 [{'depth': 0.0013492183733296913, 'geomIdA': 0, 'geomIdB': 1, 'modifiedDepth': 0.0, 'nhat_AB_W': [0.0, 0.0, 1.0], 'p_WC': [0.0, 0.0, 1.9993296102224136], 'p_WCa': [0.0, 0.0, 2.0000042194090786], 'p_WCb': [0.0, 0.0, 1.9986550010357487]}] [[0.0, 0.0, -10707.544732426633, 0.0, 0.0, 0.0], [0.0, 0.0, 10707.544732426633, 0.0, 0.0, 0.0]]
1517 1.5153 0.0007 2.499124 1.487386 -9.810000 None [[0.0, 0.0, 0.0, 0.0, 0.0, 0.0], [0.0, 0.0, 0.0, 0.0, 0.0, 0.0]]
1518 1.5160 0.0010 2.500138 1.480668 -9.810000 None [[0.0, 0.0, 0.0, 0.0, 0.0, 0.0], [0.0, 0.0, 0.0, 0.0, 0.0, 0.0]]
1519 1.5170 0.0010 2.501609 1.470858 -9.810000 None [[0.0, 0.0, 0.0, 0.0, 0.0, 0.0], [0.0, 0.0, 0.0, 0.0, 0.0, 0.0]]
1520 1.5180 0.0010 2.503070 1.461048 -9.810000 None [[0.0, 0.0, 0.0, 0.0, 0.0, 0.0], [0.0, 0.0, 0.0, 0.0, 0.0, 0.0]]
1521 1.5190 0.0010 2.504521 1.451238 -9.810000 None [[0.0, 0.0, 0.0, 0.0, 0.0, 0.0], [0.0, 0.0, 0.0, 0.0, 0.0, 0.0]]
1522 1.5200 0.0010 2.505962 1.441428 -9.810000 None [[0.0, 0.0, 0.0, 0.0, 0.0, 0.0], [0.0, 0.0, 0.0, 0.0, 0.0, 0.0]]
1523 1.5210 0.0010 2.507394 1.431618 -9.810000 None [[0.0, 0.0, 0.0, 0.0, 0.0, 0.0], [0.0, 0.0, 0.0, 0.0, 0.0, 0.0]]
1524 1.5220 0.0010 2.508816 1.421808 -9.810000 None [[0.0, 0.0, 0.0, 0.0, 0.0, 0.0], [0.0, 0.0, 0.0, 0.0, 0.0, 0.0]]
1525 1.5230 0.0010 2.510228 1.411998 -9.810000 None [[0.0, 0.0, 0.0, 0.0, 0.0, 0.0], [0.0, 0.0, 0.0, 0.0, 0.0, 0.0]]
1526 1.5240 0.0010 2.511630 1.402188 -9.810000 None [[0.0, 0.0, 0.0, 0.0, 0.0, 0.0], [0.0, 0.0, 0.0, 0.0, 0.0, 0.0]]
1527 1.5250 0.0010 2.513022 1.392378 -9.810000 None [[0.0, 0.0, 0.0, 0.0, 0.0, 0.0], [0.0, 0.0, 0.0, 0.0, 0.0, 0.0]]
1528 1.5260 0.0010 2.514405 1.382568 -9.810000 None [[0.0, 0.0, 0.0, 0.0, 0.0, 0.0], [0.0, 0.0, 0.0, 0.0, 0.0, 0.0]]
1529 1.5270 0.0010 2.515778 1.372758 -9.810000 None [[0.0, 0.0, 0.0, 0.0, 0.0, 0.0], [0.0, 0.0, 0.0, 0.0, 0.0, 0.0]]
1530 1.5280 0.0010 2.517141 1.362948 -9.810000 None [[0.0, 0.0, 0.0, 0.0, 0.0, 0.0], [0.0, 0.0, 0.0, 0.0, 0.0, 0.0]]
1531 1.5290 0.0010 2.518494 1.353138 -9.810000 None [[0.0, 0.0, 0.0, 0.0, 0.0, 0.0], [0.0, 0.0, 0.0, 0.0, 0.0, 0.0]]
1532 1.5300 0.0010 2.519837 1.343328 -9.810000 None [[0.0, 0.0, 0.0, 0.0, 0.0, 0.0], [0.0, 0.0, 0.0, 0.0, 0.0, 0.0]]
1533 1.5310 0.0010 2.521171 1.333518 -9.810000 None [[0.0, 0.0, 0.0, 0.0, 0.0, 0.0], [0.0, 0.0, 0.0, 0.0, 0.0, 0.0]]
1534 1.5320 0.0010 2.522494 1.323708 -9.810000 None [[0.0, 0.0, 0.0, 0.0, 0.0, 0.0], [0.0, 0.0, 0.0, 0.0, 0.0, 0.0]]
1535 1.5330 0.0010 2.523808 1.313898 -9.810000 None [[0.0, 0.0, 0.0, 0.0, 0.0, 0.0], [0.0, 0.0, 0.0, 0.0, 0.0, 0.0]]
1536 1.5340 0.0010 2.525112 1.304088 -9.810000 None [[0.0, 0.0, 0.0, 0.0, 0.0, 0.0], [0.0, 0.0, 0.0, 0.0, 0.0, 0.0]]
1537 1.5350 0.0010 2.526407 1.294278 -9.810000 None [[0.0, 0.0, 0.0, 0.0, 0.0, 0.0], [0.0, 0.0, 0.0, 0.0, 0.0, 0.0]]
1538 1.5360 0.0010 2.527691 1.284468 -9.810000 None [[0.0, 0.0, 0.0, 0.0, 0.0, 0.0], [0.0, 0.0, 0.0, 0.0, 0.0, 0.0]]
1539 1.5370 0.0010 2.528966 1.274658 -9.810000 None [[0.0, 0.0, 0.0, 0.0, 0.0, 0.0], [0.0, 0.0, 0.0, 0.0, 0.0, 0.0]]
1540 1.5380 0.0010 2.530231 1.264848 -9.810000 None [[0.0, 0.0, 0.0, 0.0, 0.0, 0.0], [0.0, 0.0, 0.0, 0.0, 0.0, 0.0]]
1541 1.5390 0.0010 2.531486 1.255038 -9.810000 None [[0.0, 0.0, 0.0, 0.0, 0.0, 0.0], [0.0, 0.0, 0.0, 0.0, 0.0, 0.0]]
1542 1.5400 0.0010 2.532731 1.245228 -9.810000 None [[0.0, 0.0, 0.0, 0.0, 0.0, 0.0], [0.0, 0.0, 0.0, 0.0, 0.0, 0.0]]
1543 1.5410 0.0010 2.533966 1.235418 -9.810000 None [[0.0, 0.0, 0.0, 0.0, 0.0, 0.0], [0.0, 0.0, 0.0, 0.0, 0.0, 0.0]]
1544 1.5420 0.0010 2.535192 1.225608 -9.810000 None [[0.0, 0.0, 0.0, 0.0, 0.0, 0.0], [0.0, 0.0, 0.0, 0.0, 0.0, 0.0]]
1545 1.5430 0.0010 2.536408 1.215798 -9.810000 None [[0.0, 0.0, 0.0, 0.0, 0.0, 0.0], [0.0, 0.0, 0.0, 0.0, 0.0, 0.0]]
1546 1.5440 0.0010 2.537614 1.205988 -9.810000 None [[0.0, 0.0, 0.0, 0.0, 0.0, 0.0], [0.0, 0.0, 0.0, 0.0, 0.0, 0.0]]
1547 1.5450 0.0010 2.538810 1.196178 -9.810000 None [[0.0, 0.0, 0.0, 0.0, 0.0, 0.0], [0.0, 0.0, 0.0, 0.0, 0.0, 0.0]]
1548 1.5460 0.0010 2.539996 1.186368 -9.810000 None [[0.0, 0.0, 0.0, 0.0, 0.0, 0.0], [0.0, 0.0, 0.0, 0.0, 0.0, 0.0]]
1549 1.5470 0.0010 2.541173 1.176558 -9.810000 None [[0.0, 0.0, 0.0, 0.0, 0.0, 0.0], [0.0, 0.0, 0.0, 0.0, 0.0, 0.0]]
1550 1.5480 0.0010 2.542339 1.166748 -9.810000 None [[0.0, 0.0, 0.0, 0.0, 0.0, 0.0], [0.0, 0.0, 0.0, 0.0, 0.0, 0.0]]
1551 1.5490 0.0010 2.543496 1.156938 -9.810000 None [[0.0, 0.0, 0.0, 0.0, 0.0, 0.0], [0.0, 0.0, 0.0, 0.0, 0.0, 0.0]]
1552 1.5500 0.0010 2.544644 1.147128 -9.810000 None [[0.0, 0.0, 0.0, 0.0, 0.0, 0.0], [0.0, 0.0, 0.0, 0.0, 0.0, 0.0]]
1553 1.5510 0.0010 2.545781 1.137318 -9.810000 None [[0.0, 0.0, 0.0, 0.0, 0.0, 0.0], [0.0, 0.0, 0.0, 0.0, 0.0, 0.0]]
1554 1.5520 0.0010 2.546908 1.127508 -9.810000 None [[0.0, 0.0, 0.0, 0.0, 0.0, 0.0], [0.0, 0.0, 0.0, 0.0, 0.0, 0.0]]
1555 1.5530 0.0010 2.548026 1.117698 -9.810000 None [[0.0, 0.0, 0.0, 0.0, 0.0, 0.0], [0.0, 0.0, 0.0, 0.0, 0.0, 0.0]]
1556 1.5540 0.0010 2.549134 1.107888 -9.810000 None [[0.0, 0.0, 0.0, 0.0, 0.0, 0.0], [0.0, 0.0, 0.0, 0.0, 0.0, 0.0]]
1557 1.5550 0.0010 2.550232 1.098078 -9.810000 None [[0.0, 0.0, 0.0, 0.0, 0.0, 0.0], [0.0, 0.0, 0.0, 0.0, 0.0, 0.0]]
1558 1.5560 0.0010 2.551320 1.088268 -9.810000 None [[0.0, 0.0, 0.0, 0.0, 0.0, 0.0], [0.0, 0.0, 0.0, 0.0, 0.0, 0.0]]
1559 1.5570 0.0010 2.552399 1.078458 -9.810000 None [[0.0, 0.0, 0.0, 0.0, 0.0, 0.0], [0.0, 0.0, 0.0, 0.0, 0.0, 0.0]]
1560 1.5580 0.0010 2.553467 1.068648 -9.810000 None [[0.0, 0.0, 0.0, 0.0, 0.0, 0.0], [0.0, 0.0, 0.0, 0.0, 0.0, 0.0]]
1561 1.5590 0.0010 2.554526 1.058838 -9.810000 None [[0.0, 0.0, 0.0, 0.0, 0.0, 0.0], [0.0, 0.0, 0.0, 0.0, 0.0, 0.0]]
1562 1.5600 0.0010 2.555575 1.049028 -9.810000 None [[0.0, 0.0, 0.0, 0.0, 0.0, 0.0], [0.0, 0.0, 0.0, 0.0, 0.0, 0.0]]
1563 1.5610 0.0010 2.556615 1.039218 -9.810000 None [[0.0, 0.0, 0.0, 0.0, 0.0, 0.0], [0.0, 0.0, 0.0, 0.0, 0.0, 0.0]]
1564 1.5620 0.0010 2.557644 1.029408 -9.810000 None [[0.0, 0.0, 0.0, 0.0, 0.0, 0.0], [0.0, 0.0, 0.0, 0.0, 0.0, 0.0]]
1565 1.5630 0.0010 2.558664 1.019598 -9.810000 None [[0.0, 0.0, 0.0, 0.0, 0.0, 0.0], [0.0, 0.0, 0.0, 0.0, 0.0, 0.0]]
1566 1.5640 0.0010 2.559673 1.009788 -9.810000 None [[0.0, 0.0, 0.0, 0.0, 0.0, 0.0], [0.0, 0.0, 0.0, 0.0, 0.0, 0.0]]
1567 1.5650 0.0010 2.560673 0.999978 -9.810000 None [[0.0, 0.0, 0.0, 0.0, 0.0, 0.0], [0.0, 0.0, 0.0, 0.0, 0.0, 0.0]]
1568 1.5660 0.0010 2.561663 0.990168 -9.810000 None [[0.0, 0.0, 0.0, 0.0, 0.0, 0.0], [0.0, 0.0, 0.0, 0.0, 0.0, 0.0]]
1569 1.5670 0.0010 2.562644 0.980358 -9.810000 None [[0.0, 0.0, 0.0, 0.0, 0.0, 0.0], [0.0, 0.0, 0.0, 0.0, 0.0, 0.0]]
1570 1.5680 0.0010 2.563614 0.970548 -9.810000 None [[0.0, 0.0, 0.0, 0.0, 0.0, 0.0], [0.0, 0.0, 0.0, 0.0, 0.0, 0.0]]
1571 1.5690 0.0010 2.564575 0.960738 -9.810000 None [[0.0, 0.0, 0.0, 0.0, 0.0, 0.0], [0.0, 0.0, 0.0, 0.0, 0.0, 0.0]]
1572 1.5700 0.0010 2.565526 0.950928 -9.810000 None [[0.0, 0.0, 0.0, 0.0, 0.0, 0.0], [0.0, 0.0, 0.0, 0.0, 0.0, 0.0]]
1573 1.5710 0.0010 2.566467 0.941118 -9.810000 None [[0.0, 0.0, 0.0, 0.0, 0.0, 0.0], [0.0, 0.0, 0.0, 0.0, 0.0, 0.0]]
1574 1.5720 0.0010 2.567398 0.931308 -9.810000 None [[0.0, 0.0, 0.0, 0.0, 0.0, 0.0], [0.0, 0.0, 0.0, 0.0, 0.0, 0.0]]
1575 1.5730 0.0010 2.568320 0.921498 -9.810000 None [[0.0, 0.0, 0.0, 0.0, 0.0, 0.0], [0.0, 0.0, 0.0, 0.0, 0.0, 0.0]]
1576 1.5740 0.0010 2.569232 0.911688 -9.810000 None [[0.0, 0.0, 0.0, 0.0, 0.0, 0.0], [0.0, 0.0, 0.0, 0.0, 0.0, 0.0]]
1577 1.5750 0.0010 2.570134 0.901878 -9.810000 None [[0.0, 0.0, 0.0, 0.0, 0.0, 0.0], [0.0, 0.0, 0.0, 0.0, 0.0, 0.0]]
1578 1.5760 0.0010 2.571026 0.892068 -9.810000 None [[0.0, 0.0, 0.0, 0.0, 0.0, 0.0], [0.0, 0.0, 0.0, 0.0, 0.0, 0.0]]
1579 1.5770 0.0010 2.571908 0.882258 -9.810000 None [[0.0, 0.0, 0.0, 0.0, 0.0, 0.0], [0.0, 0.0, 0.0, 0.0, 0.0, 0.0]]
1580 1.5780 0.0010 2.572780 0.872448 -9.810000 None [[0.0, 0.0, 0.0, 0.0, 0.0, 0.0], [0.0, 0.0, 0.0, 0.0, 0.0, 0.0]]
1581 1.5790 0.0010 2.573643 0.862638 -9.810000 None [[0.0, 0.0, 0.0, 0.0, 0.0, 0.0], [0.0, 0.0, 0.0, 0.0, 0.0, 0.0]]
1582 1.5800 0.0010 2.574496 0.852828 -9.810000 None [[0.0, 0.0, 0.0, 0.0, 0.0, 0.0], [0.0, 0.0, 0.0, 0.0, 0.0, 0.0]]
1583 1.5810 0.0010 2.575339 0.843018 -9.810000 None [[0.0, 0.0, 0.0, 0.0, 0.0, 0.0], [0.0, 0.0, 0.0, 0.0, 0.0, 0.0]]
1584 1.5820 0.0010 2.576172 0.833208 -9.810000 None [[0.0, 0.0, 0.0, 0.0, 0.0, 0.0], [0.0, 0.0, 0.0, 0.0, 0.0, 0.0]]
1585 1.5830 0.0010 2.576995 0.823398 -9.810000 None [[0.0, 0.0, 0.0, 0.0, 0.0, 0.0], [0.0, 0.0, 0.0, 0.0, 0.0, 0.0]]
1586 1.5840 0.0010 2.577809 0.813588 -9.810000 None [[0.0, 0.0, 0.0, 0.0, 0.0, 0.0], [0.0, 0.0, 0.0, 0.0, 0.0, 0.0]]
1587 1.5850 0.0010 2.578613 0.803778 -9.810000 None [[0.0, 0.0, 0.0, 0.0, 0.0, 0.0], [0.0, 0.0, 0.0, 0.0, 0.0, 0.0]]
1588 1.5860 0.0010 2.579407 0.793968 -9.810000 None [[0.0, 0.0, 0.0, 0.0, 0.0, 0.0], [0.0, 0.0, 0.0, 0.0, 0.0, 0.0]]
1589 1.5870 0.0010 2.580191 0.784158 -9.810000 None [[0.0, 0.0, 0.0, 0.0, 0.0, 0.0], [0.0, 0.0, 0.0, 0.0, 0.0, 0.0]]
1590 1.5880 0.0010 2.580965 0.774348 -9.810000 None [[0.0, 0.0, 0.0, 0.0, 0.0, 0.0], [0.0, 0.0, 0.0, 0.0, 0.0, 0.0]]
1591 1.5890 0.0010 2.581730 0.764538 -9.810000 None [[0.0, 0.0, 0.0, 0.0, 0.0, 0.0], [0.0, 0.0, 0.0, 0.0, 0.0, 0.0]]
1592 1.5900 0.0010 2.582484 0.754728 -9.810000 None [[0.0, 0.0, 0.0, 0.0, 0.0, 0.0], [0.0, 0.0, 0.0, 0.0, 0.0, 0.0]]
1593 1.5910 0.0010 2.583229 0.744918 -9.810000 None [[0.0, 0.0, 0.0, 0.0, 0.0, 0.0], [0.0, 0.0, 0.0, 0.0, 0.0, 0.0]]
1594 1.5920 0.0010 2.583965 0.735108 -9.810000 None [[0.0, 0.0, 0.0, 0.0, 0.0, 0.0], [0.0, 0.0, 0.0, 0.0, 0.0, 0.0]]
1595 1.5930 0.0010 2.584690 0.725298 -9.810000 None [[0.0, 0.0, 0.0, 0.0, 0.0, 0.0], [0.0, 0.0, 0.0, 0.0, 0.0, 0.0]]
1596 1.5940 0.0010 2.585405 0.715488 -9.810000 None [[0.0, 0.0, 0.0, 0.0, 0.0, 0.0], [0.0, 0.0, 0.0, 0.0, 0.0, 0.0]]
1597 1.5950 0.0010 2.586111 0.705678 -9.810000 None [[0.0, 0.0, 0.0, 0.0, 0.0, 0.0], [0.0, 0.0, 0.0, 0.0, 0.0, 0.0]]
1598 1.5960 0.0010 2.586807 0.695868 -9.810000 None [[0.0, 0.0, 0.0, 0.0, 0.0, 0.0], [0.0, 0.0, 0.0, 0.0, 0.0, 0.0]]
1599 1.5970 0.0010 2.587493 0.686058 -9.810000 None [[0.0, 0.0, 0.0, 0.0, 0.0, 0.0], [0.0, 0.0, 0.0, 0.0, 0.0, 0.0]]
1600 1.5980 0.0010 2.588169 0.676248 -9.810000 None [[0.0, 0.0, 0.0, 0.0, 0.0, 0.0], [0.0, 0.0, 0.0, 0.0, 0.0, 0.0]]
1601 1.5990 0.0010 2.588836 0.666438 -9.810000 None [[0.0, 0.0, 0.0, 0.0, 0.0, 0.0], [0.0, 0.0, 0.0, 0.0, 0.0, 0.0]]
1602 1.6000 0.0010 2.589492 0.656628 -9.810000 None [[0.0, 0.0, 0.0, 0.0, 0.0, 0.0], [0.0, 0.0, 0.0, 0.0, 0.0, 0.0]]
1603 1.6010 0.0010 2.590139 0.646818 -9.810000 None [[0.0, 0.0, 0.0, 0.0, 0.0, 0.0], [0.0, 0.0, 0.0, 0.0, 0.0, 0.0]]
1604 1.6020 0.0010 2.590776 0.637008 -9.810000 None [[0.0, 0.0, 0.0, 0.0, 0.0, 0.0], [0.0, 0.0, 0.0, 0.0, 0.0, 0.0]]
1605 1.6030 0.0010 2.591403 0.627198 -9.810000 None [[0.0, 0.0, 0.0, 0.0, 0.0, 0.0], [0.0, 0.0, 0.0, 0.0, 0.0, 0.0]]
1606 1.6040 0.0010 2.592021 0.617388 -9.810000 None [[0.0, 0.0, 0.0, 0.0, 0.0, 0.0], [0.0, 0.0, 0.0, 0.0, 0.0, 0.0]]
1607 1.6050 0.0010 2.592628 0.607578 -9.810000 None [[0.0, 0.0, 0.0, 0.0, 0.0, 0.0], [0.0, 0.0, 0.0, 0.0, 0.0, 0.0]]
1608 1.6060 0.0010 2.593226 0.597768 -9.810000 None [[0.0, 0.0, 0.0, 0.0, 0.0, 0.0], [0.0, 0.0, 0.0, 0.0, 0.0, 0.0]]
1609 1.6070 0.0010 2.593814 0.587958 -9.810000 None [[0.0, 0.0, 0.0, 0.0, 0.0, 0.0], [0.0, 0.0, 0.0, 0.0, 0.0, 0.0]]
1610 1.6080 0.0010 2.594392 0.578148 -9.810000 None [[0.0, 0.0, 0.0, 0.0, 0.0, 0.0], [0.0, 0.0, 0.0, 0.0, 0.0, 0.0]]
1611 1.6090 0.0010 2.594960 0.568338 -9.810000 None [[0.0, 0.0, 0.0, 0.0, 0.0, 0.0], [0.0, 0.0, 0.0, 0.0, 0.0, 0.0]]
1612 1.6100 0.0010 2.595519 0.558528 -9.810000 None [[0.0, 0.0, 0.0, 0.0, 0.0, 0.0], [0.0, 0.0, 0.0, 0.0, 0.0, 0.0]]
1613 1.6110 0.0010 2.596068 0.548718 -9.810000 None [[0.0, 0.0, 0.0, 0.0, 0.0, 0.0], [0.0, 0.0, 0.0, 0.0, 0.0, 0.0]]
1614 1.6120 0.0010 2.596607 0.538908 -9.810000 None [[0.0, 0.0, 0.0, 0.0, 0.0, 0.0], [0.0, 0.0, 0.0, 0.0, 0.0, 0.0]]
1615 1.6130 0.0010 2.597136 0.529098 -9.810000 None [[0.0, 0.0, 0.0, 0.0, 0.0, 0.0], [0.0, 0.0, 0.0, 0.0, 0.0, 0.0]]
1616 1.6140 0.0010 2.597655 0.519288 -9.810000 None [[0.0, 0.0, 0.0, 0.0, 0.0, 0.0], [0.0, 0.0, 0.0, 0.0, 0.0, 0.0]]
1617 1.6150 0.0010 2.598164 0.509478 -9.810000 None [[0.0, 0.0, 0.0, 0.0, 0.0, 0.0], [0.0, 0.0, 0.0, 0.0, 0.0, 0.0]]
1618 1.6160 0.0010 2.598664 0.499668 -9.810000 None [[0.0, 0.0, 0.0, 0.0, 0.0, 0.0], [0.0, 0.0, 0.0, 0.0, 0.0, 0.0]]
1619 1.6170 0.0010 2.599154 0.489858 -9.810000 None [[0.0, 0.0, 0.0, 0.0, 0.0, 0.0], [0.0, 0.0, 0.0, 0.0, 0.0, 0.0]]
1620 1.6180 0.0010 2.599634 0.480048 -9.810000 None [[0.0, 0.0, 0.0, 0.0, 0.0, 0.0], [0.0, 0.0, 0.0, 0.0, 0.0, 0.0]]
1621 1.6190 0.0010 2.600104 0.470238 -9.810000 None [[0.0, 0.0, 0.0, 0.0, 0.0, 0.0], [0.0, 0.0, 0.0, 0.0, 0.0, 0.0]]
1622 1.6200 0.0010 2.600565 0.460428 -9.810000 None [[0.0, 0.0, 0.0, 0.0, 0.0, 0.0], [0.0, 0.0, 0.0, 0.0, 0.0, 0.0]]
1623 1.6210 0.0010 2.601015 0.450618 -9.810000 None [[0.0, 0.0, 0.0, 0.0, 0.0, 0.0], [0.0, 0.0, 0.0, 0.0, 0.0, 0.0]]
1624 1.6220 0.0010 2.601456 0.440808 -9.810000 None [[0.0, 0.0, 0.0, 0.0, 0.0, 0.0], [0.0, 0.0, 0.0, 0.0, 0.0, 0.0]]
1625 1.6230 0.0010 2.601887 0.430998 -9.810000 None [[0.0, 0.0, 0.0, 0.0, 0.0, 0.0], [0.0, 0.0, 0.0, 0.0, 0.0, 0.0]]
1626 1.6240 0.0010 2.602308 0.421188 -9.810000 None [[0.0, 0.0, 0.0, 0.0, 0.0, 0.0], [0.0, 0.0, 0.0, 0.0, 0.0, 0.0]]
1627 1.6250 0.0010 2.602720 0.411378 -9.810000 None [[0.0, 0.0, 0.0, 0.0, 0.0, 0.0], [0.0, 0.0, 0.0, 0.0, 0.0, 0.0]]
1628 1.6260 0.0010 2.603121 0.401568 -9.810000 None [[0.0, 0.0, 0.0, 0.0, 0.0, 0.0], [0.0, 0.0, 0.0, 0.0, 0.0, 0.0]]
1629 1.6270 0.0010 2.603513 0.391758 -9.810000 None [[0.0, 0.0, 0.0, 0.0, 0.0, 0.0], [0.0, 0.0, 0.0, 0.0, 0.0, 0.0]]
1630 1.6280 0.0010 2.603895 0.381948 -9.810000 None [[0.0, 0.0, 0.0, 0.0, 0.0, 0.0], [0.0, 0.0, 0.0, 0.0, 0.0, 0.0]]
1631 1.6290 0.0010 2.604267 0.372138 -9.810000 None [[0.0, 0.0, 0.0, 0.0, 0.0, 0.0], [0.0, 0.0, 0.0, 0.0, 0.0, 0.0]]
1632 1.6300 0.0010 2.604629 0.362328 -9.810000 None [[0.0, 0.0, 0.0, 0.0, 0.0, 0.0], [0.0, 0.0, 0.0, 0.0, 0.0, 0.0]]
1633 1.6310 0.0010 2.604982 0.352518 -9.810000 None [[0.0, 0.0, 0.0, 0.0, 0.0, 0.0], [0.0, 0.0, 0.0, 0.0, 0.0, 0.0]]
1634 1.6320 0.0010 2.605325 0.342708 -9.810000 None [[0.0, 0.0, 0.0, 0.0, 0.0, 0.0], [0.0, 0.0, 0.0, 0.0, 0.0, 0.0]]
1635 1.6330 0.0010 2.605658 0.332898 -9.810000 None [[0.0, 0.0, 0.0, 0.0, 0.0, 0.0], [0.0, 0.0, 0.0, 0.0, 0.0, 0.0]]
1636 1.6340 0.0010 2.605981 0.323088 -9.810000 None [[0.0, 0.0, 0.0, 0.0, 0.0, 0.0], [0.0, 0.0, 0.0, 0.0, 0.0, 0.0]]
1637 1.6350 0.0010 2.606294 0.313278 -9.810000 None [[0.0, 0.0, 0.0, 0.0, 0.0, 0.0], [0.0, 0.0, 0.0, 0.0, 0.0, 0.0]]
1638 1.6360 0.0010 2.606597 0.303468 -9.810000 None [[0.0, 0.0, 0.0, 0.0, 0.0, 0.0], [0.0, 0.0, 0.0, 0.0, 0.0, 0.0]]
1639 1.6370 0.0010 2.606891 0.293658 -9.810000 None [[0.0, 0.0, 0.0, 0.0, 0.0, 0.0], [0.0, 0.0, 0.0, 0.0, 0.0, 0.0]]
1640 1.6380 0.0010 2.607175 0.283848 -9.810000 None [[0.0, 0.0, 0.0, 0.0, 0.0, 0.0], [0.0, 0.0, 0.0, 0.0, 0.0, 0.0]]
1641 1.6390 0.0010 2.607449 0.274038 -9.810000 None [[0.0, 0.0, 0.0, 0.0, 0.0, 0.0], [0.0, 0.0, 0.0, 0.0, 0.0, 0.0]]
1642 1.6400 0.0010 2.607713 0.264228 -9.810000 None [[0.0, 0.0, 0.0, 0.0, 0.0, 0.0], [0.0, 0.0, 0.0, 0.0, 0.0, 0.0]]
1643 1.6410 0.0010 2.607968 0.254418 -9.810000 None [[0.0, 0.0, 0.0, 0.0, 0.0, 0.0], [0.0, 0.0, 0.0, 0.0, 0.0, 0.0]]
1644 1.6420 0.0010 2.608212 0.244608 -9.810000 None [[0.0, 0.0, 0.0, 0.0, 0.0, 0.0], [0.0, 0.0, 0.0, 0.0, 0.0, 0.0]]
1645 1.6430 0.0010 2.608447 0.234798 -9.810000 None [[0.0, 0.0, 0.0, 0.0, 0.0, 0.0], [0.0, 0.0, 0.0, 0.0, 0.0, 0.0]]
1646 1.6440 0.0010 2.608672 0.224988 -9.810000 None [[0.0, 0.0, 0.0, 0.0, 0.0, 0.0], [0.0, 0.0, 0.0, 0.0, 0.0, 0.0]]
1647 1.6450 0.0010 2.608887 0.215178 -9.810000 None [[0.0, 0.0, 0.0, 0.0, 0.0, 0.0], [0.0, 0.0, 0.0, 0.0, 0.0, 0.0]]
1648 1.6460 0.0010 2.609093 0.205368 -9.810000 None [[0.0, 0.0, 0.0, 0.0, 0.0, 0.0], [0.0, 0.0, 0.0, 0.0, 0.0, 0.0]]
1649 1.6470 0.0010 2.609288 0.195558 -9.810000 None [[0.0, 0.0, 0.0, 0.0, 0.0, 0.0], [0.0, 0.0, 0.0, 0.0, 0.0, 0.0]]
1650 1.6480 0.0010 2.609474 0.185748 -9.810000 None [[0.0, 0.0, 0.0, 0.0, 0.0, 0.0], [0.0, 0.0, 0.0, 0.0, 0.0, 0.0]]
1651 1.6490 0.0010 2.609650 0.175938 -9.810000 None [[0.0, 0.0, 0.0, 0.0, 0.0, 0.0], [0.0, 0.0, 0.0, 0.0, 0.0, 0.0]]
1652 1.6500 0.0010 2.609816 0.166128 -9.810000 None [[0.0, 0.0, 0.0, 0.0, 0.0, 0.0], [0.0, 0.0, 0.0, 0.0, 0.0, 0.0]]
1653 1.6510 0.0010 2.609972 0.156318 -9.810000 None [[0.0, 0.0, 0.0, 0.0, 0.0, 0.0], [0.0, 0.0, 0.0, 0.0, 0.0, 0.0]]
1654 1.6520 0.0010 2.610119 0.146508 -9.810000 None [[0.0, 0.0, 0.0, 0.0, 0.0, 0.0], [0.0, 0.0, 0.0, 0.0, 0.0, 0.0]]
1655 1.6530 0.0010 2.610255 0.136698 -9.810000 None [[0.0, 0.0, 0.0, 0.0, 0.0, 0.0], [0.0, 0.0, 0.0, 0.0, 0.0, 0.0]]
1656 1.6540 0.0010 2.610382 0.126888 -9.810000 None [[0.0, 0.0, 0.0, 0.0, 0.0, 0.0], [0.0, 0.0, 0.0, 0.0, 0.0, 0.0]]
1657 1.6550 0.0010 2.610499 0.117078 -9.810000 None [[0.0, 0.0, 0.0, 0.0, 0.0, 0.0], [0.0, 0.0, 0.0, 0.0, 0.0, 0.0]]
1658 1.6560 0.0010 2.610607 0.107268 -9.810000 None [[0.0, 0.0, 0.0, 0.0, 0.0, 0.0], [0.0, 0.0, 0.0, 0.0, 0.0, 0.0]]
1659 1.6570 0.0010 2.610704 0.097458 -9.810000 None [[0.0, 0.0, 0.0, 0.0, 0.0, 0.0], [0.0, 0.0, 0.0, 0.0, 0.0, 0.0]]
1660 1.6580 0.0010 2.610792 0.087648 -9.810000 None [[0.0, 0.0, 0.0, 0.0, 0.0, 0.0], [0.0, 0.0, 0.0, 0.0, 0.0, 0.0]]
1661 1.6590 0.0010 2.610870 0.077838 -9.810000 None [[0.0, 0.0, 0.0, 0.0, 0.0, 0.0], [0.0, 0.0, 0.0, 0.0, 0.0, 0.0]]
1662 1.6600 0.0010 2.610938 0.068028 -9.810000 None [[0.0, 0.0, 0.0, 0.0, 0.0, 0.0], [0.0, 0.0, 0.0, 0.0, 0.0, 0.0]]
1663 1.6610 0.0010 2.610996 0.058218 -9.810000 None [[0.0, 0.0, 0.0, 0.0, 0.0, 0.0], [0.0, 0.0, 0.0, 0.0, 0.0, 0.0]]
1664 1.6620 0.0010 2.611044 0.048408 -9.810000 None [[0.0, 0.0, 0.0, 0.0, 0.0, 0.0], [0.0, 0.0, 0.0, 0.0, 0.0, 0.0]]
1665 1.6630 0.0010 2.611083 0.038598 -9.810000 None [[0.0, 0.0, 0.0, 0.0, 0.0, 0.0], [0.0, 0.0, 0.0, 0.0, 0.0, 0.0]]
1666 1.6640 0.0010 2.611112 0.028788 -9.810000 None [[0.0, 0.0, 0.0, 0.0, 0.0, 0.0], [0.0, 0.0, 0.0, 0.0, 0.0, 0.0]]
1667 1.6650 0.0010 2.611131 0.018978 -9.810000 None [[0.0, 0.0, 0.0, 0.0, 0.0, 0.0], [0.0, 0.0, 0.0, 0.0, 0.0, 0.0]]
1668 1.6660 0.0010 2.611140 0.009168 -9.810000 None [[0.0, 0.0, 0.0, 0.0, 0.0, 0.0], [0.0, 0.0, 0.0, 0.0, 0.0, 0.0]]
1669 1.6670 0.0010 2.611139 -0.000642 -9.810000 None [[0.0, 0.0, 0.0, 0.0, 0.0, 0.0], [0.0, 0.0, 0.0, 0.0, 0.0, 0.0]]
1670 1.6680 0.0010 2.611129 -0.010452 -9.810000 None [[0.0, 0.0, 0.0, 0.0, 0.0, 0.0], [0.0, 0.0, 0.0, 0.0, 0.0, 0.0]]
1671 1.6690 0.0010 2.611108 -0.020262 -9.810000 None [[0.0, 0.0, 0.0, 0.0, 0.0, 0.0], [0.0, 0.0, 0.0, 0.0, 0.0, 0.0]]
1672 1.6700 0.0010 2.611078 -0.030072 -9.810000 None [[0.0, 0.0, 0.0, 0.0, 0.0, 0.0], [0.0, 0.0, 0.0, 0.0, 0.0, 0.0]]
1673 1.6710 0.0010 2.611038 -0.039882 -9.810000 None [[0.0, 0.0, 0.0, 0.0, 0.0, 0.0], [0.0, 0.0, 0.0, 0.0, 0.0, 0.0]]
1674 1.6720 0.0010 2.610989 -0.049692 -9.810000 None [[0.0, 0.0, 0.0, 0.0, 0.0, 0.0], [0.0, 0.0, 0.0, 0.0, 0.0, 0.0]]
1675 1.6730 0.0010 2.610929 -0.059502 -9.810000 None [[0.0, 0.0, 0.0, 0.0, 0.0, 0.0], [0.0, 0.0, 0.0, 0.0, 0.0, 0.0]]
1676 1.6740 0.0010 2.610860 -0.069312 -9.810000 None [[0.0, 0.0, 0.0, 0.0, 0.0, 0.0], [0.0, 0.0, 0.0, 0.0, 0.0, 0.0]]
1677 1.6750 0.0010 2.610781 -0.079122 -9.810000 None [[0.0, 0.0, 0.0, 0.0, 0.0, 0.0], [0.0, 0.0, 0.0, 0.0, 0.0, 0.0]]
1678 1.6760 0.0010 2.610692 -0.088932 -9.810000 None [[0.0, 0.0, 0.0, 0.0, 0.0, 0.0], [0.0, 0.0, 0.0, 0.0, 0.0, 0.0]]
1679 1.6770 0.0010 2.610593 -0.098742 -9.810000 None [[0.0, 0.0, 0.0, 0.0, 0.0, 0.0], [0.0, 0.0, 0.0, 0.0, 0.0, 0.0]]
1680 1.6780 0.0010 2.610485 -0.108552 -9.810000 None [[0.0, 0.0, 0.0, 0.0, 0.0, 0.0], [0.0, 0.0, 0.0, 0.0, 0.0, 0.0]]
1681 1.6790 0.0010 2.610366 -0.118362 -9.810000 None [[0.0, 0.0, 0.0, 0.0, 0.0, 0.0], [0.0, 0.0, 0.0, 0.0, 0.0, 0.0]]
1682 1.6800 0.0010 2.610238 -0.128172 -9.810000 None [[0.0, 0.0, 0.0, 0.0, 0.0, 0.0], [0.0, 0.0, 0.0, 0.0, 0.0, 0.0]]
1683 1.6810 0.0010 2.610100 -0.137982 -9.810000 None [[0.0, 0.0, 0.0, 0.0, 0.0, 0.0], [0.0, 0.0, 0.0, 0.0, 0.0, 0.0]]
1684 1.6820 0.0010 2.609952 -0.147792 -9.810000 None [[0.0, 0.0, 0.0, 0.0, 0.0, 0.0], [0.0, 0.0, 0.0, 0.0, 0.0, 0.0]]
1685 1.6830 0.0010 2.609795 -0.157602 -9.810000 None [[0.0, 0.0, 0.0, 0.0, 0.0, 0.0], [0.0, 0.0, 0.0, 0.0, 0.0, 0.0]]
1686 1.6840 0.0010 2.609627 -0.167412 -9.810000 None [[0.0, 0.0, 0.0, 0.0, 0.0, 0.0], [0.0, 0.0, 0.0, 0.0, 0.0, 0.0]]
1687 1.6850 0.0010 2.609450 -0.177222 -9.810000 None [[0.0, 0.0, 0.0, 0.0, 0.0, 0.0], [0.0, 0.0, 0.0, 0.0, 0.0, 0.0]]
1688 1.6860 0.0010 2.609263 -0.187032 -9.810000 None [[0.0, 0.0, 0.0, 0.0, 0.0, 0.0], [0.0, 0.0, 0.0, 0.0, 0.0, 0.0]]
1689 1.6870 0.0010 2.609066 -0.196842 -9.810000 None [[0.0, 0.0, 0.0, 0.0, 0.0, 0.0], [0.0, 0.0, 0.0, 0.0, 0.0, 0.0]]
1690 1.6880 0.0010 2.608860 -0.206652 -9.810000 None [[0.0, 0.0, 0.0, 0.0, 0.0, 0.0], [0.0, 0.0, 0.0, 0.0, 0.0, 0.0]]
1691 1.6890 0.0010 2.608643 -0.216462 -9.810000 None [[0.0, 0.0, 0.0, 0.0, 0.0, 0.0], [0.0, 0.0, 0.0, 0.0, 0.0, 0.0]]
1692 1.6900 0.0010 2.608417 -0.226272 -9.810000 None [[0.0, 0.0, 0.0, 0.0, 0.0, 0.0], [0.0, 0.0, 0.0, 0.0, 0.0, 0.0]]
1693 1.6910 0.0010 2.608181 -0.236082 -9.810000 None [[0.0, 0.0, 0.0, 0.0, 0.0, 0.0], [0.0, 0.0, 0.0, 0.0, 0.0, 0.0]]
1694 1.6920 0.0010 2.607935 -0.245892 -9.810000 None [[0.0, 0.0, 0.0, 0.0, 0.0, 0.0], [0.0, 0.0, 0.0, 0.0, 0.0, 0.0]]
1695 1.6930 0.0010 2.607679 -0.255702 -9.810000 None [[0.0, 0.0, 0.0, 0.0, 0.0, 0.0], [0.0, 0.0, 0.0, 0.0, 0.0, 0.0]]
1696 1.6940 0.0010 2.607414 -0.265512 -9.810000 None [[0.0, 0.0, 0.0, 0.0, 0.0, 0.0], [0.0, 0.0, 0.0, 0.0, 0.0, 0.0]]
1697 1.6950 0.0010 2.607138 -0.275322 -9.810000 None [[0.0, 0.0, 0.0, 0.0, 0.0, 0.0], [0.0, 0.0, 0.0, 0.0, 0.0, 0.0]]
1698 1.6960 0.0010 2.606853 -0.285132 -9.810000 None [[0.0, 0.0, 0.0, 0.0, 0.0, 0.0], [0.0, 0.0, 0.0, 0.0, 0.0, 0.0]]
1699 1.6970 0.0010 2.606558 -0.294942 -9.810000 None [[0.0, 0.0, 0.0, 0.0, 0.0, 0.0], [0.0, 0.0, 0.0, 0.0, 0.0, 0.0]]
1700 1.6980 0.0010 2.606253 -0.304752 -9.810000 None [[0.0, 0.0, 0.0, 0.0, 0.0, 0.0], [0.0, 0.0, 0.0, 0.0, 0.0, 0.0]]
1701 1.6990 0.0010 2.605939 -0.314562 -9.810000 None [[0.0, 0.0, 0.0, 0.0, 0.0, 0.0], [0.0, 0.0, 0.0, 0.0, 0.0, 0.0]]
1702 1.7000 0.0010 2.605615 -0.324372 -9.810000 None [[0.0, 0.0, 0.0, 0.0, 0.0, 0.0], [0.0, 0.0, 0.0, 0.0, 0.0, 0.0]]
1703 1.7010 0.0010 2.605280 -0.334182 -9.810000 None [[0.0, 0.0, 0.0, 0.0, 0.0, 0.0], [0.0, 0.0, 0.0, 0.0, 0.0, 0.0]]
1704 1.7020 0.0010 2.604936 -0.343992 -9.810000 None [[0.0, 0.0, 0.0, 0.0, 0.0, 0.0], [0.0, 0.0, 0.0, 0.0, 0.0, 0.0]]
1705 1.7030 0.0010 2.604583 -0.353802 -9.810000 None [[0.0, 0.0, 0.0, 0.0, 0.0, 0.0], [0.0, 0.0, 0.0, 0.0, 0.0, 0.0]]
1706 1.7040 0.0010 2.604219 -0.363612 -9.810000 None [[0.0, 0.0, 0.0, 0.0, 0.0, 0.0], [0.0, 0.0, 0.0, 0.0, 0.0, 0.0]]
1707 1.7050 0.0010 2.603846 -0.373422 -9.810000 None [[0.0, 0.0, 0.0, 0.0, 0.0, 0.0], [0.0, 0.0, 0.0, 0.0, 0.0, 0.0]]
1708 1.7060 0.0010 2.603462 -0.383232 -9.810000 None [[0.0, 0.0, 0.0, 0.0, 0.0, 0.0], [0.0, 0.0, 0.0, 0.0, 0.0, 0.0]]
1709 1.7070 0.0010 2.603069 -0.393042 -9.810000 None [[0.0, 0.0, 0.0, 0.0, 0.0, 0.0], [0.0, 0.0, 0.0, 0.0, 0.0, 0.0]]
1710 1.7080 0.0010 2.602666 -0.402852 -9.810000 None [[0.0, 0.0, 0.0, 0.0, 0.0, 0.0], [0.0, 0.0, 0.0, 0.0, 0.0, 0.0]]
1711 1.7090 0.0010 2.602254 -0.412662 -9.810000 None [[0.0, 0.0, 0.0, 0.0, 0.0, 0.0], [0.0, 0.0, 0.0, 0.0, 0.0, 0.0]]
1712 1.7100 0.0010 2.601831 -0.422472 -9.810000 None [[0.0, 0.0, 0.0, 0.0, 0.0, 0.0], [0.0, 0.0, 0.0, 0.0, 0.0, 0.0]]
1713 1.7110 0.0010 2.601399 -0.432282 -9.810000 None [[0.0, 0.0, 0.0, 0.0, 0.0, 0.0], [0.0, 0.0, 0.0, 0.0, 0.0, 0.0]]
1714 1.7120 0.0010 2.600957 -0.442092 -9.810000 None [[0.0, 0.0, 0.0, 0.0, 0.0, 0.0], [0.0, 0.0, 0.0, 0.0, 0.0, 0.0]]
1715 1.7130 0.0010 2.600505 -0.451902 -9.810000 None [[0.0, 0.0, 0.0, 0.0, 0.0, 0.0], [0.0, 0.0, 0.0, 0.0, 0.0, 0.0]]
1716 1.7140 0.0010 2.600043 -0.461712 -9.810000 None [[0.0, 0.0, 0.0, 0.0, 0.0, 0.0], [0.0, 0.0, 0.0, 0.0, 0.0, 0.0]]
1717 1.7150 0.0010 2.599572 -0.471522 -9.810000 None [[0.0, 0.0, 0.0, 0.0, 0.0, 0.0], [0.0, 0.0, 0.0, 0.0, 0.0, 0.0]]
1718 1.7160 0.0010 2.599090 -0.481332 -9.810000 None [[0.0, 0.0, 0.0, 0.0, 0.0, 0.0], [0.0, 0.0, 0.0, 0.0, 0.0, 0.0]]
1719 1.7170 0.0010 2.598599 -0.491142 -9.810000 None [[0.0, 0.0, 0.0, 0.0, 0.0, 0.0], [0.0, 0.0, 0.0, 0.0, 0.0, 0.0]]
1720 1.7180 0.0010 2.598098 -0.500952 -9.810000 None [[0.0, 0.0, 0.0, 0.0, 0.0, 0.0], [0.0, 0.0, 0.0, 0.0, 0.0, 0.0]]
1721 1.7190 0.0010 2.597588 -0.510762 -9.810000 None [[0.0, 0.0, 0.0, 0.0, 0.0, 0.0], [0.0, 0.0, 0.0, 0.0, 0.0, 0.0]]
1722 1.7200 0.0010 2.597067 -0.520572 -9.810000 None [[0.0, 0.0, 0.0, 0.0, 0.0, 0.0], [0.0, 0.0, 0.0, 0.0, 0.0, 0.0]]
1723 1.7210 0.0010 2.596537 -0.530382 -9.810000 None [[0.0, 0.0, 0.0, 0.0, 0.0, 0.0], [0.0, 0.0, 0.0, 0.0, 0.0, 0.0]]
1724 1.7220 0.0010 2.595996 -0.540192 -9.810000 None [[0.0, 0.0, 0.0, 0.0, 0.0, 0.0], [0.0, 0.0, 0.0, 0.0, 0.0, 0.0]]
1725 1.7230 0.0010 2.595446 -0.550002 -9.810000 None [[0.0, 0.0, 0.0, 0.0, 0.0, 0.0], [0.0, 0.0, 0.0, 0.0, 0.0, 0.0]]
1726 1.7240 0.0010 2.594887 -0.559812 -9.810000 None [[0.0, 0.0, 0.0, 0.0, 0.0, 0.0], [0.0, 0.0, 0.0, 0.0, 0.0, 0.0]]
1727 1.7250 0.0010 2.594317 -0.569622 -9.810000 None [[0.0, 0.0, 0.0, 0.0, 0.0, 0.0], [0.0, 0.0, 0.0, 0.0, 0.0, 0.0]]
1728 1.7260 0.0010 2.593738 -0.579432 -9.810000 None [[0.0, 0.0, 0.0, 0.0, 0.0, 0.0], [0.0, 0.0, 0.0, 0.0, 0.0, 0.0]]
1729 1.7270 0.0010 2.593148 -0.589242 -9.810000 None [[0.0, 0.0, 0.0, 0.0, 0.0, 0.0], [0.0, 0.0, 0.0, 0.0, 0.0, 0.0]]
1730 1.7280 0.0010 2.592549 -0.599052 -9.810000 None [[0.0, 0.0, 0.0, 0.0, 0.0, 0.0], [0.0, 0.0, 0.0, 0.0, 0.0, 0.0]]
1731 1.7290 0.0010 2.591940 -0.608862 -9.810000 None [[0.0, 0.0, 0.0, 0.0, 0.0, 0.0], [0.0, 0.0, 0.0, 0.0, 0.0, 0.0]]
1732 1.7300 0.0010 2.591322 -0.618672 -9.810000 None [[0.0, 0.0, 0.0, 0.0, 0.0, 0.0], [0.0, 0.0, 0.0, 0.0, 0.0, 0.0]]
1733 1.7310 0.0010 2.590693 -0.628482 -9.810000 None [[0.0, 0.0, 0.0, 0.0, 0.0, 0.0], [0.0, 0.0, 0.0, 0.0, 0.0, 0.0]]
1734 1.7320 0.0010 2.590055 -0.638292 -9.810000 None [[0.0, 0.0, 0.0, 0.0, 0.0, 0.0], [0.0, 0.0, 0.0, 0.0, 0.0, 0.0]]
1735 1.7330 0.0010 2.589407 -0.648102 -9.810000 None [[0.0, 0.0, 0.0, 0.0, 0.0, 0.0], [0.0, 0.0, 0.0, 0.0, 0.0, 0.0]]
1736 1.7340 0.0010 2.588749 -0.657912 -9.810000 None [[0.0, 0.0, 0.0, 0.0, 0.0, 0.0], [0.0, 0.0, 0.0, 0.0, 0.0, 0.0]]
1737 1.7350 0.0010 2.588081 -0.667722 -9.810000 None [[0.0, 0.0, 0.0, 0.0, 0.0, 0.0], [0.0, 0.0, 0.0, 0.0, 0.0, 0.0]]
1738 1.7360 0.0010 2.587404 -0.677532 -9.810000 None [[0.0, 0.0, 0.0, 0.0, 0.0, 0.0], [0.0, 0.0, 0.0, 0.0, 0.0, 0.0]]
1739 1.7370 0.0010 2.586716 -0.687342 -9.810000 None [[0.0, 0.0, 0.0, 0.0, 0.0, 0.0], [0.0, 0.0, 0.0, 0.0, 0.0, 0.0]]
1740 1.7380 0.0010 2.586019 -0.697152 -9.810000 None [[0.0, 0.0, 0.0, 0.0, 0.0, 0.0], [0.0, 0.0, 0.0, 0.0, 0.0, 0.0]]
1741 1.7390 0.0010 2.585312 -0.706962 -9.810000 None [[0.0, 0.0, 0.0, 0.0, 0.0, 0.0], [0.0, 0.0, 0.0, 0.0, 0.0, 0.0]]
1742 1.7400 0.0010 2.584595 -0.716772 -9.810000 None [[0.0, 0.0, 0.0, 0.0, 0.0, 0.0], [0.0, 0.0, 0.0, 0.0, 0.0, 0.0]]
1743 1.7410 0.0010 2.583869 -0.726582 -9.810000 None [[0.0, 0.0, 0.0, 0.0, 0.0, 0.0], [0.0, 0.0, 0.0, 0.0, 0.0, 0.0]]
1744 1.7420 0.0010 2.583132 -0.736392 -9.810000 None [[0.0, 0.0, 0.0, 0.0, 0.0, 0.0], [0.0, 0.0, 0.0, 0.0, 0.0, 0.0]]
1745 1.7430 0.0010 2.582386 -0.746202 -9.810000 None [[0.0, 0.0, 0.0, 0.0, 0.0, 0.0], [0.0, 0.0, 0.0, 0.0, 0.0, 0.0]]
1746 1.7440 0.0010 2.581630 -0.756012 -9.810000 None [[0.0, 0.0, 0.0, 0.0, 0.0, 0.0], [0.0, 0.0, 0.0, 0.0, 0.0, 0.0]]
1747 1.7450 0.0010 2.580864 -0.765822 -9.810000 None [[0.0, 0.0, 0.0, 0.0, 0.0, 0.0], [0.0, 0.0, 0.0, 0.0, 0.0, 0.0]]
1748 1.7460 0.0010 2.580089 -0.775632 -9.810000 None [[0.0, 0.0, 0.0, 0.0, 0.0, 0.0], [0.0, 0.0, 0.0, 0.0, 0.0, 0.0]]
1749 1.7470 0.0010 2.579303 -0.785442 -9.810000 None [[0.0, 0.0, 0.0, 0.0, 0.0, 0.0], [0.0, 0.0, 0.0, 0.0, 0.0, 0.0]]
1750 1.7480 0.0010 2.578508 -0.795252 -9.810000 None [[0.0, 0.0, 0.0, 0.0, 0.0, 0.0], [0.0, 0.0, 0.0, 0.0, 0.0, 0.0]]
1751 1.7490 0.0010 2.577703 -0.805062 -9.810000 None [[0.0, 0.0, 0.0, 0.0, 0.0, 0.0], [0.0, 0.0, 0.0, 0.0, 0.0, 0.0]]
1752 1.7500 0.0010 2.576888 -0.814872 -9.810000 None [[0.0, 0.0, 0.0, 0.0, 0.0, 0.0], [0.0, 0.0, 0.0, 0.0, 0.0, 0.0]]
1753 1.7510 0.0010 2.576064 -0.824682 -9.810000 None [[0.0, 0.0, 0.0, 0.0, 0.0, 0.0], [0.0, 0.0, 0.0, 0.0, 0.0, 0.0]]
1754 1.7520 0.0010 2.575229 -0.834492 -9.810000 None [[0.0, 0.0, 0.0, 0.0, 0.0, 0.0], [0.0, 0.0, 0.0, 0.0, 0.0, 0.0]]
1755 1.7530 0.0010 2.574385 -0.844302 -9.810000 None [[0.0, 0.0, 0.0, 0.0, 0.0, 0.0], [0.0, 0.0, 0.0, 0.0, 0.0, 0.0]]
1756 1.7540 0.0010 2.573531 -0.854112 -9.810000 None [[0.0, 0.0, 0.0, 0.0, 0.0, 0.0], [0.0, 0.0, 0.0, 0.0, 0.0, 0.0]]
1757 1.7550 0.0010 2.572667 -0.863922 -9.810000 None [[0.0, 0.0, 0.0, 0.0, 0.0, 0.0], [0.0, 0.0, 0.0, 0.0, 0.0, 0.0]]
1758 1.7560 0.0010 2.571793 -0.873732 -9.810000 None [[0.0, 0.0, 0.0, 0.0, 0.0, 0.0], [0.0, 0.0, 0.0, 0.0, 0.0, 0.0]]
1759 1.7570 0.0010 2.570909 -0.883542 -9.810000 None [[0.0, 0.0, 0.0, 0.0, 0.0, 0.0], [0.0, 0.0, 0.0, 0.0, 0.0, 0.0]]
1760 1.7580 0.0010 2.570016 -0.893352 -9.810000 None [[0.0, 0.0, 0.0, 0.0, 0.0, 0.0], [0.0, 0.0, 0.0, 0.0, 0.0, 0.0]]
1761 1.7590 0.0010 2.569113 -0.903162 -9.810000 None [[0.0, 0.0, 0.0, 0.0, 0.0, 0.0], [0.0, 0.0, 0.0, 0.0, 0.0, 0.0]]
1762 1.7600 0.0010 2.568200 -0.912972 -9.810000 None [[0.0, 0.0, 0.0, 0.0, 0.0, 0.0], [0.0, 0.0, 0.0, 0.0, 0.0, 0.0]]
1763 1.7610 0.0010 2.567277 -0.922782 -9.810000 None [[0.0, 0.0, 0.0, 0.0, 0.0, 0.0], [0.0, 0.0, 0.0, 0.0, 0.0, 0.0]]
1764 1.7620 0.0010 2.566345 -0.932592 -9.810000 None [[0.0, 0.0, 0.0, 0.0, 0.0, 0.0], [0.0, 0.0, 0.0, 0.0, 0.0, 0.0]]
1765 1.7630 0.0010 2.565402 -0.942402 -9.810000 None [[0.0, 0.0, 0.0, 0.0, 0.0, 0.0], [0.0, 0.0, 0.0, 0.0, 0.0, 0.0]]
1766 1.7640 0.0010 2.564450 -0.952212 -9.810000 None [[0.0, 0.0, 0.0, 0.0, 0.0, 0.0], [0.0, 0.0, 0.0, 0.0, 0.0, 0.0]]
1767 1.7650 0.0010 2.563488 -0.962022 -9.810000 None [[0.0, 0.0, 0.0, 0.0, 0.0, 0.0], [0.0, 0.0, 0.0, 0.0, 0.0, 0.0]]
1768 1.7660 0.0010 2.562516 -0.971832 -9.810000 None [[0.0, 0.0, 0.0, 0.0, 0.0, 0.0], [0.0, 0.0, 0.0, 0.0, 0.0, 0.0]]
1769 1.7670 0.0010 2.561534 -0.981642 -9.810000 None [[0.0, 0.0, 0.0, 0.0, 0.0, 0.0], [0.0, 0.0, 0.0, 0.0, 0.0, 0.0]]
1770 1.7680 0.0010 2.560543 -0.991452 -9.810000 None [[0.0, 0.0, 0.0, 0.0, 0.0, 0.0], [0.0, 0.0, 0.0, 0.0, 0.0, 0.0]]
1771 1.7690 0.0010 2.559542 -1.001262 -9.810000 None [[0.0, 0.0, 0.0, 0.0, 0.0, 0.0], [0.0, 0.0, 0.0, 0.0, 0.0, 0.0]]
1772 1.7700 0.0010 2.558531 -1.011072 -9.810000 None [[0.0, 0.0, 0.0, 0.0, 0.0, 0.0], [0.0, 0.0, 0.0, 0.0, 0.0, 0.0]]
1773 1.7710 0.0010 2.557510 -1.020882 -9.810000 None [[0.0, 0.0, 0.0, 0.0, 0.0, 0.0], [0.0, 0.0, 0.0, 0.0, 0.0, 0.0]]
1774 1.7720 0.0010 2.556479 -1.030692 -9.810000 None [[0.0, 0.0, 0.0, 0.0, 0.0, 0.0], [0.0, 0.0, 0.0, 0.0, 0.0, 0.0]]
1775 1.7730 0.0010 2.555439 -1.040502 -9.810000 None [[0.0, 0.0, 0.0, 0.0, 0.0, 0.0], [0.0, 0.0, 0.0, 0.0, 0.0, 0.0]]
1776 1.7740 0.0010 2.554388 -1.050312 -9.810000 None [[0.0, 0.0, 0.0, 0.0, 0.0, 0.0], [0.0, 0.0, 0.0, 0.0, 0.0, 0.0]]
1777 1.7750 0.0010 2.553328 -1.060122 -9.810000 None [[0.0, 0.0, 0.0, 0.0, 0.0, 0.0], [0.0, 0.0, 0.0, 0.0, 0.0, 0.0]]
1778 1.7760 0.0010 2.552258 -1.069932 -9.810000 None [[0.0, 0.0, 0.0, 0.0, 0.0, 0.0], [0.0, 0.0, 0.0, 0.0, 0.0, 0.0]]
1779 1.7770 0.0010 2.551178 -1.079742 -9.810000 None [[0.0, 0.0, 0.0, 0.0, 0.0, 0.0], [0.0, 0.0, 0.0, 0.0, 0.0, 0.0]]
1780 1.7780 0.0010 2.550089 -1.089552 -9.810000 None [[0.0, 0.0, 0.0, 0.0, 0.0, 0.0], [0.0, 0.0, 0.0, 0.0, 0.0, 0.0]]
1781 1.7790 0.0010 2.548990 -1.099362 -9.810000 None [[0.0, 0.0, 0.0, 0.0, 0.0, 0.0], [0.0, 0.0, 0.0, 0.0, 0.0, 0.0]]
1782 1.7800 0.0010 2.547880 -1.109172 -9.810000 None [[0.0, 0.0, 0.0, 0.0, 0.0, 0.0], [0.0, 0.0, 0.0, 0.0, 0.0, 0.0]]
1783 1.7810 0.0010 2.546761 -1.118982 -9.810000 None [[0.0, 0.0, 0.0, 0.0, 0.0, 0.0], [0.0, 0.0, 0.0, 0.0, 0.0, 0.0]]
1784 1.7820 0.0010 2.545633 -1.128792 -9.810000 None [[0.0, 0.0, 0.0, 0.0, 0.0, 0.0], [0.0, 0.0, 0.0, 0.0, 0.0, 0.0]]
1785 1.7830 0.0010 2.544494 -1.138602 -9.810000 None [[0.0, 0.0, 0.0, 0.0, 0.0, 0.0], [0.0, 0.0, 0.0, 0.0, 0.0, 0.0]]
1786 1.7840 0.0010 2.543346 -1.148412 -9.810000 None [[0.0, 0.0, 0.0, 0.0, 0.0, 0.0], [0.0, 0.0, 0.0, 0.0, 0.0, 0.0]]
1787 1.7850 0.0010 2.542187 -1.158222 -9.810000 None [[0.0, 0.0, 0.0, 0.0, 0.0, 0.0], [0.0, 0.0, 0.0, 0.0, 0.0, 0.0]]
1788 1.7860 0.0010 2.541019 -1.168032 -9.810000 None [[0.0, 0.0, 0.0, 0.0, 0.0, 0.0], [0.0, 0.0, 0.0, 0.0, 0.0, 0.0]]
1789 1.7870 0.0010 2.539842 -1.177842 -9.810000 None [[0.0, 0.0, 0.0, 0.0, 0.0, 0.0], [0.0, 0.0, 0.0, 0.0, 0.0, 0.0]]
1790 1.7880 0.0010 2.538654 -1.187652 -9.810000 None [[0.0, 0.0, 0.0, 0.0, 0.0, 0.0], [0.0, 0.0, 0.0, 0.0, 0.0, 0.0]]
1791 1.7890 0.0010 2.537456 -1.197462 -9.810000 None [[0.0, 0.0, 0.0, 0.0, 0.0, 0.0], [0.0, 0.0, 0.0, 0.0, 0.0, 0.0]]
1792 1.7900 0.0010 2.536249 -1.207272 -9.810000 None [[0.0, 0.0, 0.0, 0.0, 0.0, 0.0], [0.0, 0.0, 0.0, 0.0, 0.0, 0.0]]
1793 1.7910 0.0010 2.535032 -1.217082 -9.810000 None [[0.0, 0.0, 0.0, 0.0, 0.0, 0.0], [0.0, 0.0, 0.0, 0.0, 0.0, 0.0]]
1794 1.7920 0.0010 2.533805 -1.226892 -9.810000 None [[0.0, 0.0, 0.0, 0.0, 0.0, 0.0], [0.0, 0.0, 0.0, 0.0, 0.0, 0.0]]
1795 1.7930 0.0010 2.532568 -1.236702 -9.810000 None [[0.0, 0.0, 0.0, 0.0, 0.0, 0.0], [0.0, 0.0, 0.0, 0.0, 0.0, 0.0]]
1796 1.7940 0.0010 2.531322 -1.246512 -9.810000 None [[0.0, 0.0, 0.0, 0.0, 0.0, 0.0], [0.0, 0.0, 0.0, 0.0, 0.0, 0.0]]
1797 1.7950 0.0010 2.530066 -1.256322 -9.810000 None [[0.0, 0.0, 0.0, 0.0, 0.0, 0.0], [0.0, 0.0, 0.0, 0.0, 0.0, 0.0]]
1798 1.7960 0.0010 2.528799 -1.266132 -9.810000 None [[0.0, 0.0, 0.0, 0.0, 0.0, 0.0], [0.0, 0.0, 0.0, 0.0, 0.0, 0.0]]
1799 1.7970 0.0010 2.527524 -1.275942 -9.810000 None [[0.0, 0.0, 0.0, 0.0, 0.0, 0.0], [0.0, 0.0, 0.0, 0.0, 0.0, 0.0]]
1800 1.7980 0.0010 2.526238 -1.285752 -9.810000 None [[0.0, 0.0, 0.0, 0.0, 0.0, 0.0], [0.0, 0.0, 0.0, 0.0, 0.0, 0.0]]
1801 1.7990 0.0010 2.524942 -1.295562 -9.810000 None [[0.0, 0.0, 0.0, 0.0, 0.0, 0.0], [0.0, 0.0, 0.0, 0.0, 0.0, 0.0]]
1802 1.8000 0.0010 2.523637 -1.305372 -9.810000 None [[0.0, 0.0, 0.0, 0.0, 0.0, 0.0], [0.0, 0.0, 0.0, 0.0, 0.0, 0.0]]
1803 1.8010 0.0010 2.522322 -1.315182 -9.810000 None [[0.0, 0.0, 0.0, 0.0, 0.0, 0.0], [0.0, 0.0, 0.0, 0.0, 0.0, 0.0]]
1804 1.8020 0.0010 2.520997 -1.324992 -9.810000 None [[0.0, 0.0, 0.0, 0.0, 0.0, 0.0], [0.0, 0.0, 0.0, 0.0, 0.0, 0.0]]
1805 1.8030 0.0010 2.519662 -1.334802 -9.810000 None [[0.0, 0.0, 0.0, 0.0, 0.0, 0.0], [0.0, 0.0, 0.0, 0.0, 0.0, 0.0]]
1806 1.8040 0.0010 2.518317 -1.344612 -9.810000 None [[0.0, 0.0, 0.0, 0.0, 0.0, 0.0], [0.0, 0.0, 0.0, 0.0, 0.0, 0.0]]
1807 1.8050 0.0010 2.516963 -1.354422 -9.810000 None [[0.0, 0.0, 0.0, 0.0, 0.0, 0.0], [0.0, 0.0, 0.0, 0.0, 0.0, 0.0]]
1808 1.8060 0.0010 2.515599 -1.364232 -9.810000 None [[0.0, 0.0, 0.0, 0.0, 0.0, 0.0], [0.0, 0.0, 0.0, 0.0, 0.0, 0.0]]
1809 1.8070 0.0010 2.514225 -1.374042 -9.810000 None [[0.0, 0.0, 0.0, 0.0, 0.0, 0.0], [0.0, 0.0, 0.0, 0.0, 0.0, 0.0]]
1810 1.8080 0.0010 2.512841 -1.383852 -9.810000 None [[0.0, 0.0, 0.0, 0.0, 0.0, 0.0], [0.0, 0.0, 0.0, 0.0, 0.0, 0.0]]
1811 1.8090 0.0010 2.511447 -1.393662 -9.810000 None [[0.0, 0.0, 0.0, 0.0, 0.0, 0.0], [0.0, 0.0, 0.0, 0.0, 0.0, 0.0]]
1812 1.8100 0.0010 2.510044 -1.403472 -9.810000 None [[0.0, 0.0, 0.0, 0.0, 0.0, 0.0], [0.0, 0.0, 0.0, 0.0, 0.0, 0.0]]
1813 1.8110 0.0010 2.508630 -1.413282 -9.810000 None [[0.0, 0.0, 0.0, 0.0, 0.0, 0.0], [0.0, 0.0, 0.0, 0.0, 0.0, 0.0]]
1814 1.8120 0.0010 2.507207 -1.423092 -9.810000 None [[0.0, 0.0, 0.0, 0.0, 0.0, 0.0], [0.0, 0.0, 0.0, 0.0, 0.0, 0.0]]
1815 1.8130 0.0010 2.505774 -1.432902 -9.810000 None [[0.0, 0.0, 0.0, 0.0, 0.0, 0.0], [0.0, 0.0, 0.0, 0.0, 0.0, 0.0]]
1816 1.8140 0.0010 2.504332 -1.442712 -9.810000 None [[0.0, 0.0, 0.0, 0.0, 0.0, 0.0], [0.0, 0.0, 0.0, 0.0, 0.0, 0.0]]
1817 1.8150 0.0010 2.502879 -1.452522 -9.810000 None [[0.0, 0.0, 0.0, 0.0, 0.0, 0.0], [0.0, 0.0, 0.0, 0.0, 0.0, 0.0]]
1818 1.8160 0.0010 2.501417 -1.462332 -9.810000 None [[0.0, 0.0, 0.0, 0.0, 0.0, 0.0], [0.0, 0.0, 0.0, 0.0, 0.0, 0.0]]
1819 1.8170 0.0010 2.499945 -1.472142 2039.081953 [{'depth': 5.9612873131836605e-05, 'geomIdA': 0, 'geomIdB': 1, 'modifiedDepth': 0.0, 'nhat_AB_W': [0.0, 0.0, 1.0], 'p_WC': [0.0, 0.0, 1.9999744129725125], 'p_WCa': [0.0, 0.0, 2.0000042194090786], 'p_WCb': [0.0, 0.0, 1.9999446065359465]}] [[0.0, 0.0, -2048.891952515194, 0.0, 0.0, 0.0], [0.0, 0.0, 2048.891952515194, 0.0, 0.0, 0.0]]
1820 1.8180 0.0010 2.500512 0.566940 -9.810000 None [[0.0, 0.0, 0.0, 0.0, 0.0, 0.0], [0.0, 0.0, 0.0, 0.0, 0.0, 0.0]]
1821 1.8190 0.0010 2.501069 0.557130 -9.810000 None [[0.0, 0.0, 0.0, 0.0, 0.0, 0.0], [0.0, 0.0, 0.0, 0.0, 0.0, 0.0]]
1822 1.8200 0.0010 2.501616 0.547320 -9.810000 None [[0.0, 0.0, 0.0, 0.0, 0.0, 0.0], [0.0, 0.0, 0.0, 0.0, 0.0, 0.0]]
1823 1.8210 0.0010 2.502154 0.537510 -9.810000 None [[0.0, 0.0, 0.0, 0.0, 0.0, 0.0], [0.0, 0.0, 0.0, 0.0, 0.0, 0.0]]
1824 1.8220 0.0010 2.502681 0.527700 -9.810000 None [[0.0, 0.0, 0.0, 0.0, 0.0, 0.0], [0.0, 0.0, 0.0, 0.0, 0.0, 0.0]]
1825 1.8230 0.0010 2.503199 0.517890 -9.810000 None [[0.0, 0.0, 0.0, 0.0, 0.0, 0.0], [0.0, 0.0, 0.0, 0.0, 0.0, 0.0]]
1826 1.8240 0.0010 2.503707 0.508080 -9.810000 None [[0.0, 0.0, 0.0, 0.0, 0.0, 0.0], [0.0, 0.0, 0.0, 0.0, 0.0, 0.0]]
1827 1.8250 0.0010 2.504205 0.498270 -9.810000 None [[0.0, 0.0, 0.0, 0.0, 0.0, 0.0], [0.0, 0.0, 0.0, 0.0, 0.0, 0.0]]
1828 1.8260 0.0010 2.504694 0.488460 -9.810000 None [[0.0, 0.0, 0.0, 0.0, 0.0, 0.0], [0.0, 0.0, 0.0, 0.0, 0.0, 0.0]]
1829 1.8270 0.0010 2.505173 0.478650 -9.810000 None [[0.0, 0.0, 0.0, 0.0, 0.0, 0.0], [0.0, 0.0, 0.0, 0.0, 0.0, 0.0]]
1830 1.8280 0.0010 2.505641 0.468840 -9.810000 None [[0.0, 0.0, 0.0, 0.0, 0.0, 0.0], [0.0, 0.0, 0.0, 0.0, 0.0, 0.0]]
1831 1.8290 0.0010 2.506100 0.459030 -9.810000 None [[0.0, 0.0, 0.0, 0.0, 0.0, 0.0], [0.0, 0.0, 0.0, 0.0, 0.0, 0.0]]
1832 1.8300 0.0010 2.506550 0.449220 -9.810000 None [[0.0, 0.0, 0.0, 0.0, 0.0, 0.0], [0.0, 0.0, 0.0, 0.0, 0.0, 0.0]]
1833 1.8310 0.0010 2.506989 0.439410 -9.810000 None [[0.0, 0.0, 0.0, 0.0, 0.0, 0.0], [0.0, 0.0, 0.0, 0.0, 0.0, 0.0]]
1834 1.8320 0.0010 2.507419 0.429600 -9.810000 None [[0.0, 0.0, 0.0, 0.0, 0.0, 0.0], [0.0, 0.0, 0.0, 0.0, 0.0, 0.0]]
1835 1.8330 0.0010 2.507838 0.419790 -9.810000 None [[0.0, 0.0, 0.0, 0.0, 0.0, 0.0], [0.0, 0.0, 0.0, 0.0, 0.0, 0.0]]
1836 1.8340 0.0010 2.508248 0.409980 -9.810000 None [[0.0, 0.0, 0.0, 0.0, 0.0, 0.0], [0.0, 0.0, 0.0, 0.0, 0.0, 0.0]]
1837 1.8350 0.0010 2.508649 0.400170 -9.810000 None [[0.0, 0.0, 0.0, 0.0, 0.0, 0.0], [0.0, 0.0, 0.0, 0.0, 0.0, 0.0]]
1838 1.8360 0.0010 2.509039 0.390360 -9.810000 None [[0.0, 0.0, 0.0, 0.0, 0.0, 0.0], [0.0, 0.0, 0.0, 0.0, 0.0, 0.0]]
1839 1.8370 0.0010 2.509420 0.380550 -9.810000 None [[0.0, 0.0, 0.0, 0.0, 0.0, 0.0], [0.0, 0.0, 0.0, 0.0, 0.0, 0.0]]
1840 1.8380 0.0010 2.509790 0.370740 -9.810000 None [[0.0, 0.0, 0.0, 0.0, 0.0, 0.0], [0.0, 0.0, 0.0, 0.0, 0.0, 0.0]]
1841 1.8390 0.0010 2.510151 0.360930 -9.810000 None [[0.0, 0.0, 0.0, 0.0, 0.0, 0.0], [0.0, 0.0, 0.0, 0.0, 0.0, 0.0]]
1842 1.8400 0.0010 2.510502 0.351120 -9.810000 None [[0.0, 0.0, 0.0, 0.0, 0.0, 0.0], [0.0, 0.0, 0.0, 0.0, 0.0, 0.0]]
1843 1.8410 0.0010 2.510844 0.341310 -9.810000 None [[0.0, 0.0, 0.0, 0.0, 0.0, 0.0], [0.0, 0.0, 0.0, 0.0, 0.0, 0.0]]
1844 1.8420 0.0010 2.511175 0.331500 -9.810000 None [[0.0, 0.0, 0.0, 0.0, 0.0, 0.0], [0.0, 0.0, 0.0, 0.0, 0.0, 0.0]]
1845 1.8430 0.0010 2.511497 0.321690 -9.810000 None [[0.0, 0.0, 0.0, 0.0, 0.0, 0.0], [0.0, 0.0, 0.0, 0.0, 0.0, 0.0]]
1846 1.8440 0.0010 2.511809 0.311880 -9.810000 None [[0.0, 0.0, 0.0, 0.0, 0.0, 0.0], [0.0, 0.0, 0.0, 0.0, 0.0, 0.0]]
1847 1.8450 0.0010 2.512111 0.302070 -9.810000 None [[0.0, 0.0, 0.0, 0.0, 0.0, 0.0], [0.0, 0.0, 0.0, 0.0, 0.0, 0.0]]
1848 1.8460 0.0010 2.512403 0.292260 -9.810000 None [[0.0, 0.0, 0.0, 0.0, 0.0, 0.0], [0.0, 0.0, 0.0, 0.0, 0.0, 0.0]]
1849 1.8470 0.0010 2.512685 0.282450 -9.810000 None [[0.0, 0.0, 0.0, 0.0, 0.0, 0.0], [0.0, 0.0, 0.0, 0.0, 0.0, 0.0]]
1850 1.8480 0.0010 2.512958 0.272640 -9.810000 None [[0.0, 0.0, 0.0, 0.0, 0.0, 0.0], [0.0, 0.0, 0.0, 0.0, 0.0, 0.0]]
1851 1.8490 0.0010 2.513221 0.262830 -9.810000 None [[0.0, 0.0, 0.0, 0.0, 0.0, 0.0], [0.0, 0.0, 0.0, 0.0, 0.0, 0.0]]
1852 1.8500 0.0010 2.513474 0.253020 -9.810000 None [[0.0, 0.0, 0.0, 0.0, 0.0, 0.0], [0.0, 0.0, 0.0, 0.0, 0.0, 0.0]]
1853 1.8510 0.0010 2.513717 0.243210 -9.810000 None [[0.0, 0.0, 0.0, 0.0, 0.0, 0.0], [0.0, 0.0, 0.0, 0.0, 0.0, 0.0]]
1854 1.8520 0.0010 2.513951 0.233400 -9.810000 None [[0.0, 0.0, 0.0, 0.0, 0.0, 0.0], [0.0, 0.0, 0.0, 0.0, 0.0, 0.0]]
1855 1.8530 0.0010 2.514174 0.223590 -9.810000 None [[0.0, 0.0, 0.0, 0.0, 0.0, 0.0], [0.0, 0.0, 0.0, 0.0, 0.0, 0.0]]
1856 1.8540 0.0010 2.514388 0.213780 -9.810000 None [[0.0, 0.0, 0.0, 0.0, 0.0, 0.0], [0.0, 0.0, 0.0, 0.0, 0.0, 0.0]]
1857 1.8550 0.0010 2.514592 0.203970 -9.810000 None [[0.0, 0.0, 0.0, 0.0, 0.0, 0.0], [0.0, 0.0, 0.0, 0.0, 0.0, 0.0]]
1858 1.8560 0.0010 2.514786 0.194160 -9.810000 None [[0.0, 0.0, 0.0, 0.0, 0.0, 0.0], [0.0, 0.0, 0.0, 0.0, 0.0, 0.0]]
1859 1.8570 0.0010 2.514970 0.184350 -9.810000 None [[0.0, 0.0, 0.0, 0.0, 0.0, 0.0], [0.0, 0.0, 0.0, 0.0, 0.0, 0.0]]
1860 1.8580 0.0010 2.515145 0.174540 -9.810000 None [[0.0, 0.0, 0.0, 0.0, 0.0, 0.0], [0.0, 0.0, 0.0, 0.0, 0.0, 0.0]]
1861 1.8590 0.0010 2.515310 0.164730 -9.810000 None [[0.0, 0.0, 0.0, 0.0, 0.0, 0.0], [0.0, 0.0, 0.0, 0.0, 0.0, 0.0]]
1862 1.8600 0.0010 2.515465 0.154920 -9.810000 None [[0.0, 0.0, 0.0, 0.0, 0.0, 0.0], [0.0, 0.0, 0.0, 0.0, 0.0, 0.0]]
1863 1.8610 0.0010 2.515610 0.145110 -9.810000 None [[0.0, 0.0, 0.0, 0.0, 0.0, 0.0], [0.0, 0.0, 0.0, 0.0, 0.0, 0.0]]
1864 1.8620 0.0010 2.515745 0.135300 -9.810000 None [[0.0, 0.0, 0.0, 0.0, 0.0, 0.0], [0.0, 0.0, 0.0, 0.0, 0.0, 0.0]]
1865 1.8630 0.0010 2.515871 0.125490 -9.810000 None [[0.0, 0.0, 0.0, 0.0, 0.0, 0.0], [0.0, 0.0, 0.0, 0.0, 0.0, 0.0]]
1866 1.8640 0.0010 2.515986 0.115680 -9.810000 None [[0.0, 0.0, 0.0, 0.0, 0.0, 0.0], [0.0, 0.0, 0.0, 0.0, 0.0, 0.0]]
1867 1.8650 0.0010 2.516092 0.105870 -9.810000 None [[0.0, 0.0, 0.0, 0.0, 0.0, 0.0], [0.0, 0.0, 0.0, 0.0, 0.0, 0.0]]
1868 1.8660 0.0010 2.516188 0.096060 -9.810000 None [[0.0, 0.0, 0.0, 0.0, 0.0, 0.0], [0.0, 0.0, 0.0, 0.0, 0.0, 0.0]]
1869 1.8670 0.0010 2.516274 0.086250 -9.810000 None [[0.0, 0.0, 0.0, 0.0, 0.0, 0.0], [0.0, 0.0, 0.0, 0.0, 0.0, 0.0]]
1870 1.8680 0.0010 2.516351 0.076440 -9.810000 None [[0.0, 0.0, 0.0, 0.0, 0.0, 0.0], [0.0, 0.0, 0.0, 0.0, 0.0, 0.0]]
1871 1.8690 0.0010 2.516417 0.066630 -9.810000 None [[0.0, 0.0, 0.0, 0.0, 0.0, 0.0], [0.0, 0.0, 0.0, 0.0, 0.0, 0.0]]
1872 1.8700 0.0010 2.516474 0.056820 -9.810000 None [[0.0, 0.0, 0.0, 0.0, 0.0, 0.0], [0.0, 0.0, 0.0, 0.0, 0.0, 0.0]]
1873 1.8710 0.0010 2.516521 0.047010 -9.810000 None [[0.0, 0.0, 0.0, 0.0, 0.0, 0.0], [0.0, 0.0, 0.0, 0.0, 0.0, 0.0]]
1874 1.8720 0.0010 2.516558 0.037200 -9.810000 None [[0.0, 0.0, 0.0, 0.0, 0.0, 0.0], [0.0, 0.0, 0.0, 0.0, 0.0, 0.0]]
1875 1.8730 0.0010 2.516586 0.027390 -9.810000 None [[0.0, 0.0, 0.0, 0.0, 0.0, 0.0], [0.0, 0.0, 0.0, 0.0, 0.0, 0.0]]
1876 1.8740 0.0010 2.516603 0.017580 -9.810000 None [[0.0, 0.0, 0.0, 0.0, 0.0, 0.0], [0.0, 0.0, 0.0, 0.0, 0.0, 0.0]]
1877 1.8750 0.0010 2.516611 0.007770 -9.810000 None [[0.0, 0.0, 0.0, 0.0, 0.0, 0.0], [0.0, 0.0, 0.0, 0.0, 0.0, 0.0]]
1878 1.8760 0.0010 2.516609 -0.002040 -9.810000 None [[0.0, 0.0, 0.0, 0.0, 0.0, 0.0], [0.0, 0.0, 0.0, 0.0, 0.0, 0.0]]
1879 1.8770 0.0010 2.516597 -0.011850 -9.810000 None [[0.0, 0.0, 0.0, 0.0, 0.0, 0.0], [0.0, 0.0, 0.0, 0.0, 0.0, 0.0]]
1880 1.8780 0.0010 2.516576 -0.021660 -9.810000 None [[0.0, 0.0, 0.0, 0.0, 0.0, 0.0], [0.0, 0.0, 0.0, 0.0, 0.0, 0.0]]
1881 1.8790 0.0010 2.516544 -0.031470 -9.810000 None [[0.0, 0.0, 0.0, 0.0, 0.0, 0.0], [0.0, 0.0, 0.0, 0.0, 0.0, 0.0]]
1882 1.8800 0.0010 2.516503 -0.041280 -9.810000 None [[0.0, 0.0, 0.0, 0.0, 0.0, 0.0], [0.0, 0.0, 0.0, 0.0, 0.0, 0.0]]
1883 1.8810 0.0010 2.516452 -0.051090 -9.810000 None [[0.0, 0.0, 0.0, 0.0, 0.0, 0.0], [0.0, 0.0, 0.0, 0.0, 0.0, 0.0]]
1884 1.8820 0.0010 2.516391 -0.060900 -9.810000 None [[0.0, 0.0, 0.0, 0.0, 0.0, 0.0], [0.0, 0.0, 0.0, 0.0, 0.0, 0.0]]
1885 1.8830 0.0010 2.516320 -0.070710 -9.810000 None [[0.0, 0.0, 0.0, 0.0, 0.0, 0.0], [0.0, 0.0, 0.0, 0.0, 0.0, 0.0]]
1886 1.8840 0.0010 2.516240 -0.080520 -9.810000 None [[0.0, 0.0, 0.0, 0.0, 0.0, 0.0], [0.0, 0.0, 0.0, 0.0, 0.0, 0.0]]
1887 1.8850 0.0010 2.516149 -0.090330 -9.810000 None [[0.0, 0.0, 0.0, 0.0, 0.0, 0.0], [0.0, 0.0, 0.0, 0.0, 0.0, 0.0]]
1888 1.8860 0.0010 2.516049 -0.100140 -9.810000 None [[0.0, 0.0, 0.0, 0.0, 0.0, 0.0], [0.0, 0.0, 0.0, 0.0, 0.0, 0.0]]
1889 1.8870 0.0010 2.515939 -0.109950 -9.810000 None [[0.0, 0.0, 0.0, 0.0, 0.0, 0.0], [0.0, 0.0, 0.0, 0.0, 0.0, 0.0]]
1890 1.8880 0.0010 2.515820 -0.119760 -9.810000 None [[0.0, 0.0, 0.0, 0.0, 0.0, 0.0], [0.0, 0.0, 0.0, 0.0, 0.0, 0.0]]
1891 1.8890 0.0010 2.515690 -0.129570 -9.810000 None [[0.0, 0.0, 0.0, 0.0, 0.0, 0.0], [0.0, 0.0, 0.0, 0.0, 0.0, 0.0]]
1892 1.8900 0.0010 2.515551 -0.139380 -9.810000 None [[0.0, 0.0, 0.0, 0.0, 0.0, 0.0], [0.0, 0.0, 0.0, 0.0, 0.0, 0.0]]
1893 1.8910 0.0010 2.515401 -0.149190 -9.810000 None [[0.0, 0.0, 0.0, 0.0, 0.0, 0.0], [0.0, 0.0, 0.0, 0.0, 0.0, 0.0]]
1894 1.8920 0.0010 2.515242 -0.159000 -9.810000 None [[0.0, 0.0, 0.0, 0.0, 0.0, 0.0], [0.0, 0.0, 0.0, 0.0, 0.0, 0.0]]
1895 1.8930 0.0010 2.515074 -0.168810 -9.810000 None [[0.0, 0.0, 0.0, 0.0, 0.0, 0.0], [0.0, 0.0, 0.0, 0.0, 0.0, 0.0]]
1896 1.8940 0.0010 2.514895 -0.178620 -9.810000 None [[0.0, 0.0, 0.0, 0.0, 0.0, 0.0], [0.0, 0.0, 0.0, 0.0, 0.0, 0.0]]
1897 1.8950 0.0010 2.514707 -0.188430 -9.810000 None [[0.0, 0.0, 0.0, 0.0, 0.0, 0.0], [0.0, 0.0, 0.0, 0.0, 0.0, 0.0]]
1898 1.8960 0.0010 2.514508 -0.198240 -9.810000 None [[0.0, 0.0, 0.0, 0.0, 0.0, 0.0], [0.0, 0.0, 0.0, 0.0, 0.0, 0.0]]
1899 1.8970 0.0010 2.514300 -0.208050 -9.810000 None [[0.0, 0.0, 0.0, 0.0, 0.0, 0.0], [0.0, 0.0, 0.0, 0.0, 0.0, 0.0]]
1900 1.8980 0.0010 2.514082 -0.217860 -9.810000 None [[0.0, 0.0, 0.0, 0.0, 0.0, 0.0], [0.0, 0.0, 0.0, 0.0, 0.0, 0.0]]
1901 1.8990 0.0010 2.513855 -0.227670 -9.810000 None [[0.0, 0.0, 0.0, 0.0, 0.0, 0.0], [0.0, 0.0, 0.0, 0.0, 0.0, 0.0]]
1902 1.9000 0.0010 2.513617 -0.237480 -9.810000 None [[0.0, 0.0, 0.0, 0.0, 0.0, 0.0], [0.0, 0.0, 0.0, 0.0, 0.0, 0.0]]
1903 1.9010 0.0010 2.513370 -0.247290 -9.810000 None [[0.0, 0.0, 0.0, 0.0, 0.0, 0.0], [0.0, 0.0, 0.0, 0.0, 0.0, 0.0]]
1904 1.9020 0.0010 2.513113 -0.257100 -9.810000 None [[0.0, 0.0, 0.0, 0.0, 0.0, 0.0], [0.0, 0.0, 0.0, 0.0, 0.0, 0.0]]
1905 1.9030 0.0010 2.512846 -0.266910 -9.810000 None [[0.0, 0.0, 0.0, 0.0, 0.0, 0.0], [0.0, 0.0, 0.0, 0.0, 0.0, 0.0]]
1906 1.9040 0.0010 2.512569 -0.276720 -9.810000 None [[0.0, 0.0, 0.0, 0.0, 0.0, 0.0], [0.0, 0.0, 0.0, 0.0, 0.0, 0.0]]
1907 1.9050 0.0010 2.512283 -0.286530 -9.810000 None [[0.0, 0.0, 0.0, 0.0, 0.0, 0.0], [0.0, 0.0, 0.0, 0.0, 0.0, 0.0]]
1908 1.9060 0.0010 2.511986 -0.296340 -9.810000 None [[0.0, 0.0, 0.0, 0.0, 0.0, 0.0], [0.0, 0.0, 0.0, 0.0, 0.0, 0.0]]
1909 1.9070 0.0010 2.511680 -0.306150 -9.810000 None [[0.0, 0.0, 0.0, 0.0, 0.0, 0.0], [0.0, 0.0, 0.0, 0.0, 0.0, 0.0]]
1910 1.9080 0.0010 2.511364 -0.315960 -9.810000 None [[0.0, 0.0, 0.0, 0.0, 0.0, 0.0], [0.0, 0.0, 0.0, 0.0, 0.0, 0.0]]
1911 1.9090 0.0010 2.511038 -0.325770 -9.810000 None [[0.0, 0.0, 0.0, 0.0, 0.0, 0.0], [0.0, 0.0, 0.0, 0.0, 0.0, 0.0]]
1912 1.9100 0.0010 2.510703 -0.335580 -9.810000 None [[0.0, 0.0, 0.0, 0.0, 0.0, 0.0], [0.0, 0.0, 0.0, 0.0, 0.0, 0.0]]
1913 1.9110 0.0010 2.510357 -0.345390 -9.810000 None [[0.0, 0.0, 0.0, 0.0, 0.0, 0.0], [0.0, 0.0, 0.0, 0.0, 0.0, 0.0]]
1914 1.9120 0.0010 2.510002 -0.355200 -9.810000 None [[0.0, 0.0, 0.0, 0.0, 0.0, 0.0], [0.0, 0.0, 0.0, 0.0, 0.0, 0.0]]
1915 1.9130 0.0010 2.509637 -0.365010 -9.810000 None [[0.0, 0.0, 0.0, 0.0, 0.0, 0.0], [0.0, 0.0, 0.0, 0.0, 0.0, 0.0]]
1916 1.9140 0.0010 2.509262 -0.374820 -9.810000 None [[0.0, 0.0, 0.0, 0.0, 0.0, 0.0], [0.0, 0.0, 0.0, 0.0, 0.0, 0.0]]
1917 1.9150 0.0010 2.508878 -0.384630 -9.810000 None [[0.0, 0.0, 0.0, 0.0, 0.0, 0.0], [0.0, 0.0, 0.0, 0.0, 0.0, 0.0]]
1918 1.9160 0.0010 2.508483 -0.394440 -9.810000 None [[0.0, 0.0, 0.0, 0.0, 0.0, 0.0], [0.0, 0.0, 0.0, 0.0, 0.0, 0.0]]
1919 1.9170 0.0010 2.508079 -0.404250 -9.810000 None [[0.0, 0.0, 0.0, 0.0, 0.0, 0.0], [0.0, 0.0, 0.0, 0.0, 0.0, 0.0]]
1920 1.9180 0.0010 2.507665 -0.414060 -9.810000 None [[0.0, 0.0, 0.0, 0.0, 0.0, 0.0], [0.0, 0.0, 0.0, 0.0, 0.0, 0.0]]
1921 1.9190 0.0010 2.507241 -0.423870 -9.810000 None [[0.0, 0.0, 0.0, 0.0, 0.0, 0.0], [0.0, 0.0, 0.0, 0.0, 0.0, 0.0]]
1922 1.9200 0.0010 2.506808 -0.433680 -9.810000 None [[0.0, 0.0, 0.0, 0.0, 0.0, 0.0], [0.0, 0.0, 0.0, 0.0, 0.0, 0.0]]
1923 1.9210 0.0010 2.506364 -0.443490 -9.810000 None [[0.0, 0.0, 0.0, 0.0, 0.0, 0.0], [0.0, 0.0, 0.0, 0.0, 0.0, 0.0]]
1924 1.9220 0.0010 2.505911 -0.453300 -9.810000 None [[0.0, 0.0, 0.0, 0.0, 0.0, 0.0], [0.0, 0.0, 0.0, 0.0, 0.0, 0.0]]
1925 1.9230 0.0010 2.505448 -0.463110 -9.810000 None [[0.0, 0.0, 0.0, 0.0, 0.0, 0.0], [0.0, 0.0, 0.0, 0.0, 0.0, 0.0]]
1926 1.9240 0.0010 2.504975 -0.472920 -9.810000 None [[0.0, 0.0, 0.0, 0.0, 0.0, 0.0], [0.0, 0.0, 0.0, 0.0, 0.0, 0.0]]
1927 1.9250 0.0010 2.504492 -0.482730 -9.810000 None [[0.0, 0.0, 0.0, 0.0, 0.0, 0.0], [0.0, 0.0, 0.0, 0.0, 0.0, 0.0]]
1928 1.9260 0.0010 2.503999 -0.492540 -9.810000 None [[0.0, 0.0, 0.0, 0.0, 0.0, 0.0], [0.0, 0.0, 0.0, 0.0, 0.0, 0.0]]
1929 1.9270 0.0010 2.503497 -0.502350 -9.810000 None [[0.0, 0.0, 0.0, 0.0, 0.0, 0.0], [0.0, 0.0, 0.0, 0.0, 0.0, 0.0]]
1930 1.9280 0.0010 2.502985 -0.512160 -9.810000 None [[0.0, 0.0, 0.0, 0.0, 0.0, 0.0], [0.0, 0.0, 0.0, 0.0, 0.0, 0.0]]
1931 1.9290 0.0010 2.502463 -0.521970 -9.810000 None [[0.0, 0.0, 0.0, 0.0, 0.0, 0.0], [0.0, 0.0, 0.0, 0.0, 0.0, 0.0]]
1932 1.9300 0.0010 2.501931 -0.531780 -9.810000 None [[0.0, 0.0, 0.0, 0.0, 0.0, 0.0], [0.0, 0.0, 0.0, 0.0, 0.0, 0.0]]
1933 1.9310 0.0010 2.501390 -0.541590 -9.810000 None [[0.0, 0.0, 0.0, 0.0, 0.0, 0.0], [0.0, 0.0, 0.0, 0.0, 0.0, 0.0]]
1934 1.9320 0.0010 2.500838 -0.551400 -9.810000 None [[0.0, 0.0, 0.0, 0.0, 0.0, 0.0], [0.0, 0.0, 0.0, 0.0, 0.0, 0.0]]
1935 1.9330 0.0010 2.500277 -0.561210 -9.810000 None [[0.0, 0.0, 0.0, 0.0, 0.0, 0.0], [0.0, 0.0, 0.0, 0.0, 0.0, 0.0]]
1936 1.9340 0.0010 2.499706 -0.571020 791.074666 [{'depth': 0.00029827435077423557, 'geomIdA': 0, 'geomIdB': 1, 'modifiedDepth': 0.0, 'nhat_AB_W': [0.0, 0.0, 1.0], 'p_WC': [0.0, 0.0, 1.9998550822336914], 'p_WCa': [0.0, 0.0, 2.0000042194090786], 'p_WCb': [0.0, 0.0, 1.9997059450583041]}] [[0.0, 0.0, -800.8846661993031, 0.0, 0.0, 0.0], [0.0, 0.0, 800.8846661993031, 0.0, 0.0, 0.0]]
1937 1.9350 0.0010 2.499926 0.220055 -9.810000 None [[0.0, 0.0, 0.0, 0.0, 0.0, 0.0], [0.0, 0.0, 0.0, 0.0, 0.0, 0.0]]
1938 1.9360 0.0010 2.500136 0.210245 -9.810000 None [[0.0, 0.0, 0.0, 0.0, 0.0, 0.0], [0.0, 0.0, 0.0, 0.0, 0.0, 0.0]]
1939 1.9370 0.0010 2.500337 0.200435 -9.810000 None [[0.0, 0.0, 0.0, 0.0, 0.0, 0.0], [0.0, 0.0, 0.0, 0.0, 0.0, 0.0]]
1940 1.9380 0.0010 2.500527 0.190625 -9.810000 None [[0.0, 0.0, 0.0, 0.0, 0.0, 0.0], [0.0, 0.0, 0.0, 0.0, 0.0, 0.0]]
1941 1.9390 0.0010 2.500708 0.180815 -9.810000 None [[0.0, 0.0, 0.0, 0.0, 0.0, 0.0], [0.0, 0.0, 0.0, 0.0, 0.0, 0.0]]
1942 1.9400 0.0010 2.500879 0.171005 -9.810000 None [[0.0, 0.0, 0.0, 0.0, 0.0, 0.0], [0.0, 0.0, 0.0, 0.0, 0.0, 0.0]]
1943 1.9410 0.0010 2.501040 0.161195 -9.810000 None [[0.0, 0.0, 0.0, 0.0, 0.0, 0.0], [0.0, 0.0, 0.0, 0.0, 0.0, 0.0]]
1944 1.9420 0.0010 2.501192 0.151385 -9.810000 None [[0.0, 0.0, 0.0, 0.0, 0.0, 0.0], [0.0, 0.0, 0.0, 0.0, 0.0, 0.0]]
1945 1.9430 0.0010 2.501333 0.141575 -9.810000 None [[0.0, 0.0, 0.0, 0.0, 0.0, 0.0], [0.0, 0.0, 0.0, 0.0, 0.0, 0.0]]
1946 1.9440 0.0010 2.501465 0.131765 -9.810000 None [[0.0, 0.0, 0.0, 0.0, 0.0, 0.0], [0.0, 0.0, 0.0, 0.0, 0.0, 0.0]]
1947 1.9450 0.0010 2.501587 0.121955 -9.810000 None [[0.0, 0.0, 0.0, 0.0, 0.0, 0.0], [0.0, 0.0, 0.0, 0.0, 0.0, 0.0]]
1948 1.9460 0.0010 2.501699 0.112145 -9.810000 None [[0.0, 0.0, 0.0, 0.0, 0.0, 0.0], [0.0, 0.0, 0.0, 0.0, 0.0, 0.0]]
1949 1.9470 0.0010 2.501801 0.102335 -9.810000 None [[0.0, 0.0, 0.0, 0.0, 0.0, 0.0], [0.0, 0.0, 0.0, 0.0, 0.0, 0.0]]
1950 1.9480 0.0010 2.501894 0.092525 -9.810000 None [[0.0, 0.0, 0.0, 0.0, 0.0, 0.0], [0.0, 0.0, 0.0, 0.0, 0.0, 0.0]]
1951 1.9490 0.0010 2.501977 0.082715 -9.810000 None [[0.0, 0.0, 0.0, 0.0, 0.0, 0.0], [0.0, 0.0, 0.0, 0.0, 0.0, 0.0]]
1952 1.9500 0.0010 2.502050 0.072905 -9.810000 None [[0.0, 0.0, 0.0, 0.0, 0.0, 0.0], [0.0, 0.0, 0.0, 0.0, 0.0, 0.0]]
1953 1.9510 0.0010 2.502113 0.063095 -9.810000 None [[0.0, 0.0, 0.0, 0.0, 0.0, 0.0], [0.0, 0.0, 0.0, 0.0, 0.0, 0.0]]
1954 1.9520 0.0010 2.502166 0.053285 -9.810000 None [[0.0, 0.0, 0.0, 0.0, 0.0, 0.0], [0.0, 0.0, 0.0, 0.0, 0.0, 0.0]]
1955 1.9530 0.0010 2.502209 0.043475 -9.810000 None [[0.0, 0.0, 0.0, 0.0, 0.0, 0.0], [0.0, 0.0, 0.0, 0.0, 0.0, 0.0]]
1956 1.9540 0.0010 2.502243 0.033665 -9.810000 None [[0.0, 0.0, 0.0, 0.0, 0.0, 0.0], [0.0, 0.0, 0.0, 0.0, 0.0, 0.0]]
1957 1.9550 0.0010 2.502267 0.023855 -9.810000 None [[0.0, 0.0, 0.0, 0.0, 0.0, 0.0], [0.0, 0.0, 0.0, 0.0, 0.0, 0.0]]
1958 1.9560 0.0010 2.502281 0.014045 -9.810000 None [[0.0, 0.0, 0.0, 0.0, 0.0, 0.0], [0.0, 0.0, 0.0, 0.0, 0.0, 0.0]]
1959 1.9570 0.0010 2.502285 0.004235 -9.810000 None [[0.0, 0.0, 0.0, 0.0, 0.0, 0.0], [0.0, 0.0, 0.0, 0.0, 0.0, 0.0]]
1960 1.9580 0.0010 2.502280 -0.005575 -9.810000 None [[0.0, 0.0, 0.0, 0.0, 0.0, 0.0], [0.0, 0.0, 0.0, 0.0, 0.0, 0.0]]
1961 1.9590 0.0010 2.502264 -0.015385 -9.810000 None [[0.0, 0.0, 0.0, 0.0, 0.0, 0.0], [0.0, 0.0, 0.0, 0.0, 0.0, 0.0]]
1962 1.9600 0.0010 2.502239 -0.025195 -9.810000 None [[0.0, 0.0, 0.0, 0.0, 0.0, 0.0], [0.0, 0.0, 0.0, 0.0, 0.0, 0.0]]
1963 1.9610 0.0010 2.502204 -0.035005 -9.810000 None [[0.0, 0.0, 0.0, 0.0, 0.0, 0.0], [0.0, 0.0, 0.0, 0.0, 0.0, 0.0]]
1964 1.9620 0.0010 2.502159 -0.044815 -9.810000 None [[0.0, 0.0, 0.0, 0.0, 0.0, 0.0], [0.0, 0.0, 0.0, 0.0, 0.0, 0.0]]
1965 1.9630 0.0010 2.502105 -0.054625 -9.810000 None [[0.0, 0.0, 0.0, 0.0, 0.0, 0.0], [0.0, 0.0, 0.0, 0.0, 0.0, 0.0]]
1966 1.9640 0.0010 2.502040 -0.064435 -9.810000 None [[0.0, 0.0, 0.0, 0.0, 0.0, 0.0], [0.0, 0.0, 0.0, 0.0, 0.0, 0.0]]
1967 1.9650 0.0010 2.501966 -0.074245 -9.810000 None [[0.0, 0.0, 0.0, 0.0, 0.0, 0.0], [0.0, 0.0, 0.0, 0.0, 0.0, 0.0]]
1968 1.9660 0.0010 2.501882 -0.084055 -9.810000 None [[0.0, 0.0, 0.0, 0.0, 0.0, 0.0], [0.0, 0.0, 0.0, 0.0, 0.0, 0.0]]
1969 1.9670 0.0010 2.501788 -0.093865 -9.810000 None [[0.0, 0.0, 0.0, 0.0, 0.0, 0.0], [0.0, 0.0, 0.0, 0.0, 0.0, 0.0]]
1970 1.9680 0.0010 2.501684 -0.103675 -9.810000 None [[0.0, 0.0, 0.0, 0.0, 0.0, 0.0], [0.0, 0.0, 0.0, 0.0, 0.0, 0.0]]
1971 1.9690 0.0010 2.501571 -0.113485 -9.810000 None [[0.0, 0.0, 0.0, 0.0, 0.0, 0.0], [0.0, 0.0, 0.0, 0.0, 0.0, 0.0]]
1972 1.9700 0.0010 2.501448 -0.123295 -9.810000 None [[0.0, 0.0, 0.0, 0.0, 0.0, 0.0], [0.0, 0.0, 0.0, 0.0, 0.0, 0.0]]
1973 1.9710 0.0010 2.501315 -0.133105 -9.810000 None [[0.0, 0.0, 0.0, 0.0, 0.0, 0.0], [0.0, 0.0, 0.0, 0.0, 0.0, 0.0]]
1974 1.9720 0.0010 2.501172 -0.142915 -9.810000 None [[0.0, 0.0, 0.0, 0.0, 0.0, 0.0], [0.0, 0.0, 0.0, 0.0, 0.0, 0.0]]
1975 1.9730 0.0010 2.501019 -0.152725 -9.810000 None [[0.0, 0.0, 0.0, 0.0, 0.0, 0.0], [0.0, 0.0, 0.0, 0.0, 0.0, 0.0]]
1976 1.9740 0.0010 2.500856 -0.162535 -9.810000 None [[0.0, 0.0, 0.0, 0.0, 0.0, 0.0], [0.0, 0.0, 0.0, 0.0, 0.0, 0.0]]
1977 1.9750 0.0010 2.500684 -0.172345 -9.810000 None [[0.0, 0.0, 0.0, 0.0, 0.0, 0.0], [0.0, 0.0, 0.0, 0.0, 0.0, 0.0]]
1978 1.9760 0.0010 2.500502 -0.182155 -9.810000 None [[0.0, 0.0, 0.0, 0.0, 0.0, 0.0], [0.0, 0.0, 0.0, 0.0, 0.0, 0.0]]
1979 1.9770 0.0010 2.500310 -0.191965 -9.810000 None [[0.0, 0.0, 0.0, 0.0, 0.0, 0.0], [0.0, 0.0, 0.0, 0.0, 0.0, 0.0]]
1980 1.9780 0.0010 2.500108 -0.201775 -9.810000 None [[0.0, 0.0, 0.0, 0.0, 0.0, 0.0], [0.0, 0.0, 0.0, 0.0, 0.0, 0.0]]
1981 1.9790 0.0003 2.499897 -0.211585 1197.029738 [{'depth': 0.00010770724782305763, 'geomIdA': 0, 'geomIdB': 1, 'modifiedDepth': 0.0, 'nhat_AB_W': [0.0, 0.0, 1.0], 'p_WC': [0.0, 0.0, 1.999950365785167], 'p_WCa': [0.0, 0.0, 2.0000042194090786], 'p_WCb': [0.0, 0.0, 1.9998965121612553]}] [[0.0, 0.0, -1206.8397378193533, 0.0, 0.0, 0.0], [0.0, 0.0, 1206.8397378193533, 0.0, 0.0, 0.0]]
1982 1.9793 0.0007 2.499949 0.166794 -9.810000 None [[0.0, 0.0, 0.0, 0.0, 0.0, 0.0], [0.0, 0.0, 0.0, 0.0, 0.0, 0.0]]
1983 1.9800 0.0010 2.500059 0.160085 -9.810000 None [[0.0, 0.0, 0.0, 0.0, 0.0, 0.0], [0.0, 0.0, 0.0, 0.0, 0.0, 0.0]]
1984 1.9810 0.0010 2.500209 0.150275 -9.810000 None [[0.0, 0.0, 0.0, 0.0, 0.0, 0.0], [0.0, 0.0, 0.0, 0.0, 0.0, 0.0]]
1985 1.9820 0.0010 2.500349 0.140465 -9.810000 None [[0.0, 0.0, 0.0, 0.0, 0.0, 0.0], [0.0, 0.0, 0.0, 0.0, 0.0, 0.0]]
1986 1.9830 0.0010 2.500480 0.130655 -9.810000 None [[0.0, 0.0, 0.0, 0.0, 0.0, 0.0], [0.0, 0.0, 0.0, 0.0, 0.0, 0.0]]
1987 1.9840 0.0010 2.500601 0.120845 -9.810000 None [[0.0, 0.0, 0.0, 0.0, 0.0, 0.0], [0.0, 0.0, 0.0, 0.0, 0.0, 0.0]]
1988 1.9850 0.0010 2.500712 0.111035 -9.810000 None [[0.0, 0.0, 0.0, 0.0, 0.0, 0.0], [0.0, 0.0, 0.0, 0.0, 0.0, 0.0]]
1989 1.9860 0.0010 2.500813 0.101225 -9.810000 None [[0.0, 0.0, 0.0, 0.0, 0.0, 0.0], [0.0, 0.0, 0.0, 0.0, 0.0, 0.0]]
1990 1.9870 0.0010 2.500905 0.091415 -9.810000 None [[0.0, 0.0, 0.0, 0.0, 0.0, 0.0], [0.0, 0.0, 0.0, 0.0, 0.0, 0.0]]
1991 1.9880 0.0010 2.500986 0.081605 -9.810000 None [[0.0, 0.0, 0.0, 0.0, 0.0, 0.0], [0.0, 0.0, 0.0, 0.0, 0.0, 0.0]]
1992 1.9890 0.0010 2.501058 0.071795 -9.810000 None [[0.0, 0.0, 0.0, 0.0, 0.0, 0.0], [0.0, 0.0, 0.0, 0.0, 0.0, 0.0]]
1993 1.9900 0.0010 2.501120 0.061985 -9.810000 None [[0.0, 0.0, 0.0, 0.0, 0.0, 0.0], [0.0, 0.0, 0.0, 0.0, 0.0, 0.0]]
1994 1.9910 0.0010 2.501172 0.052175 -9.810000 None [[0.0, 0.0, 0.0, 0.0, 0.0, 0.0], [0.0, 0.0, 0.0, 0.0, 0.0, 0.0]]
1995 1.9920 0.0010 2.501215 0.042365 -9.810000 None [[0.0, 0.0, 0.0, 0.0, 0.0, 0.0], [0.0, 0.0, 0.0, 0.0, 0.0, 0.0]]
1996 1.9930 0.0010 2.501247 0.032555 -9.810000 None [[0.0, 0.0, 0.0, 0.0, 0.0, 0.0], [0.0, 0.0, 0.0, 0.0, 0.0, 0.0]]
1997 1.9940 0.0010 2.501270 0.022745 -9.810000 None [[0.0, 0.0, 0.0, 0.0, 0.0, 0.0], [0.0, 0.0, 0.0, 0.0, 0.0, 0.0]]
1998 1.9950 0.0010 2.501283 0.012935 -9.810000 None [[0.0, 0.0, 0.0, 0.0, 0.0, 0.0], [0.0, 0.0, 0.0, 0.0, 0.0, 0.0]]
1999 1.9960 0.0010 2.501286 0.003125 -9.810000 None [[0.0, 0.0, 0.0, 0.0, 0.0, 0.0], [0.0, 0.0, 0.0, 0.0, 0.0, 0.0]]
2000 1.9970 0.0010 2.501279 -0.006685 -9.810000 None [[0.0, 0.0, 0.0, 0.0, 0.0, 0.0], [0.0, 0.0, 0.0, 0.0, 0.0, 0.0]]
2001 1.9980 0.0010 2.501263 -0.016495 -9.810000 None [[0.0, 0.0, 0.0, 0.0, 0.0, 0.0], [0.0, 0.0, 0.0, 0.0, 0.0, 0.0]]
2002 1.9990 0.0010 2.501236 -0.026305 -9.810000 None [[0.0, 0.0, 0.0, 0.0, 0.0, 0.0], [0.0, 0.0, 0.0, 0.0, 0.0, 0.0]]
2003 2.0000 0.0010 2.501200 -0.036115 -9.810000 None [[0.0, 0.0, 0.0, 0.0, 0.0, 0.0], [0.0, 0.0, 0.0, 0.0, 0.0, 0.0]]
2004 2.0010 0.0010 2.501154 -0.045925 -9.810000 None [[0.0, 0.0, 0.0, 0.0, 0.0, 0.0], [0.0, 0.0, 0.0, 0.0, 0.0, 0.0]]
2005 2.0020 0.0010 2.501099 -0.055735 -9.810000 None [[0.0, 0.0, 0.0, 0.0, 0.0, 0.0], [0.0, 0.0, 0.0, 0.0, 0.0, 0.0]]
2006 2.0030 0.0010 2.501033 -0.065545 -9.810000 None [[0.0, 0.0, 0.0, 0.0, 0.0, 0.0], [0.0, 0.0, 0.0, 0.0, 0.0, 0.0]]
2007 2.0040 0.0010 2.500958 -0.075355 -9.810000 None [[0.0, 0.0, 0.0, 0.0, 0.0, 0.0], [0.0, 0.0, 0.0, 0.0, 0.0, 0.0]]
2008 2.0050 0.0010 2.500873 -0.085165 -9.810000 None [[0.0, 0.0, 0.0, 0.0, 0.0, 0.0], [0.0, 0.0, 0.0, 0.0, 0.0, 0.0]]
2009 2.0060 0.0010 2.500778 -0.094975 -9.810000 None [[0.0, 0.0, 0.0, 0.0, 0.0, 0.0], [0.0, 0.0, 0.0, 0.0, 0.0, 0.0]]
2010 2.0070 0.0010 2.500673 -0.104785 -9.810000 None [[0.0, 0.0, 0.0, 0.0, 0.0, 0.0], [0.0, 0.0, 0.0, 0.0, 0.0, 0.0]]
2011 2.0080 0.0010 2.500558 -0.114595 -9.810000 None [[0.0, 0.0, 0.0, 0.0, 0.0, 0.0], [0.0, 0.0, 0.0, 0.0, 0.0, 0.0]]
2012 2.0090 0.0010 2.500434 -0.124405 -9.810000 None [[0.0, 0.0, 0.0, 0.0, 0.0, 0.0], [0.0, 0.0, 0.0, 0.0, 0.0, 0.0]]
2013 2.0100 0.0010 2.500300 -0.134215 -9.810000 None [[0.0, 0.0, 0.0, 0.0, 0.0, 0.0], [0.0, 0.0, 0.0, 0.0, 0.0, 0.0]]
2014 2.0110 0.0010 2.500156 -0.144025 -9.810000 None [[0.0, 0.0, 0.0, 0.0, 0.0, 0.0], [0.0, 0.0, 0.0, 0.0, 0.0, 0.0]]
2015 2.0120 0.0003 2.500002 -0.153835 868.996892 [{'depth': 2.4688698816497383e-06, 'geomIdA': 0, 'geomIdB': 1, 'modifiedDepth': 0.0, 'nhat_AB_W': [0.0, 0.0, 1.0], 'p_WC': [0.0, 0.0, 2.0000029849741376], 'p_WCa': [0.0, 0.0, 2.0000042194090786], 'p_WCb': [0.0, 0.0, 2.0000017505391967]}] [[0.0, 0.0, -878.8068916973768, 0.0, 0.0, 0.0], [0.0, 0.0, 878.8068916973768, 0.0, 0.0, 0.0]]
2016 2.0123 0.0007 2.500040 0.121197 -9.810000 None [[0.0, 0.0, 0.0, 0.0, 0.0, 0.0], [0.0, 0.0, 0.0, 0.0, 0.0, 0.0]]
2017 2.0130 0.0010 2.500118 0.114491 -9.810000 None [[0.0, 0.0, 0.0, 0.0, 0.0, 0.0], [0.0, 0.0, 0.0, 0.0, 0.0, 0.0]]
2018 2.0140 0.0010 2.500223 0.104681 -9.810000 None [[0.0, 0.0, 0.0, 0.0, 0.0, 0.0], [0.0, 0.0, 0.0, 0.0, 0.0, 0.0]]
2019 2.0150 0.0010 2.500318 0.094871 -9.810000 None [[0.0, 0.0, 0.0, 0.0, 0.0, 0.0], [0.0, 0.0, 0.0, 0.0, 0.0, 0.0]]
2020 2.0160 0.0010 2.500403 0.085061 -9.810000 None [[0.0, 0.0, 0.0, 0.0, 0.0, 0.0], [0.0, 0.0, 0.0, 0.0, 0.0, 0.0]]
2021 2.0170 0.0010 2.500478 0.075251 -9.810000 None [[0.0, 0.0, 0.0, 0.0, 0.0, 0.0], [0.0, 0.0, 0.0, 0.0, 0.0, 0.0]]
2022 2.0180 0.0010 2.500544 0.065441 -9.810000 None [[0.0, 0.0, 0.0, 0.0, 0.0, 0.0], [0.0, 0.0, 0.0, 0.0, 0.0, 0.0]]
2023 2.0190 0.0010 2.500599 0.055631 -9.810000 None [[0.0, 0.0, 0.0, 0.0, 0.0, 0.0], [0.0, 0.0, 0.0, 0.0, 0.0, 0.0]]
2024 2.0200 0.0010 2.500645 0.045821 -9.810000 None [[0.0, 0.0, 0.0, 0.0, 0.0, 0.0], [0.0, 0.0, 0.0, 0.0, 0.0, 0.0]]
2025 2.0210 0.0010 2.500681 0.036011 -9.810000 None [[0.0, 0.0, 0.0, 0.0, 0.0, 0.0], [0.0, 0.0, 0.0, 0.0, 0.0, 0.0]]
2026 2.0220 0.0010 2.500707 0.026201 -9.810000 None [[0.0, 0.0, 0.0, 0.0, 0.0, 0.0], [0.0, 0.0, 0.0, 0.0, 0.0, 0.0]]
2027 2.0230 0.0010 2.500724 0.016391 -9.810000 None [[0.0, 0.0, 0.0, 0.0, 0.0, 0.0], [0.0, 0.0, 0.0, 0.0, 0.0, 0.0]]
2028 2.0240 0.0010 2.500730 0.006581 -9.810000 None [[0.0, 0.0, 0.0, 0.0, 0.0, 0.0], [0.0, 0.0, 0.0, 0.0, 0.0, 0.0]]
2029 2.0250 0.0010 2.500727 -0.003229 -9.810000 None [[0.0, 0.0, 0.0, 0.0, 0.0, 0.0], [0.0, 0.0, 0.0, 0.0, 0.0, 0.0]]
2030 2.0260 0.0010 2.500714 -0.013039 -9.810000 None [[0.0, 0.0, 0.0, 0.0, 0.0, 0.0], [0.0, 0.0, 0.0, 0.0, 0.0, 0.0]]
2031 2.0270 0.0010 2.500691 -0.022849 -9.810000 None [[0.0, 0.0, 0.0, 0.0, 0.0, 0.0], [0.0, 0.0, 0.0, 0.0, 0.0, 0.0]]
2032 2.0280 0.0010 2.500659 -0.032659 -9.810000 None [[0.0, 0.0, 0.0, 0.0, 0.0, 0.0], [0.0, 0.0, 0.0, 0.0, 0.0, 0.0]]
2033 2.0290 0.0010 2.500616 -0.042469 -9.810000 None [[0.0, 0.0, 0.0, 0.0, 0.0, 0.0], [0.0, 0.0, 0.0, 0.0, 0.0, 0.0]]
2034 2.0300 0.0010 2.500564 -0.052279 -9.810000 None [[0.0, 0.0, 0.0, 0.0, 0.0, 0.0], [0.0, 0.0, 0.0, 0.0, 0.0, 0.0]]
2035 2.0310 0.0010 2.500502 -0.062089 -9.810000 None [[0.0, 0.0, 0.0, 0.0, 0.0, 0.0], [0.0, 0.0, 0.0, 0.0, 0.0, 0.0]]
2036 2.0320 0.0010 2.500430 -0.071899 -9.810000 None [[0.0, 0.0, 0.0, 0.0, 0.0, 0.0], [0.0, 0.0, 0.0, 0.0, 0.0, 0.0]]
2037 2.0330 0.0010 2.500348 -0.081709 -9.810000 None [[0.0, 0.0, 0.0, 0.0, 0.0, 0.0], [0.0, 0.0, 0.0, 0.0, 0.0, 0.0]]
2038 2.0340 0.0010 2.500257 -0.091519 -9.810000 None [[0.0, 0.0, 0.0, 0.0, 0.0, 0.0], [0.0, 0.0, 0.0, 0.0, 0.0, 0.0]]
2039 2.0350 0.0010 2.500155 -0.101329 -9.810000 None [[0.0, 0.0, 0.0, 0.0, 0.0, 0.0], [0.0, 0.0, 0.0, 0.0, 0.0, 0.0]]
2040 2.0360 0.0010 2.500044 -0.111139 -9.810000 None [[0.0, 0.0, 0.0, 0.0, 0.0, 0.0], [0.0, 0.0, 0.0, 0.0, 0.0, 0.0]]
2041 2.0370 0.0003 2.499923 -0.120949 682.194693 [{'depth': 8.106067101932268e-05, 'geomIdA': 0, 'geomIdB': 1, 'modifiedDepth': 0.0, 'nhat_AB_W': [0.0, 0.0, 1.0], 'p_WC': [0.0, 0.0, 1.9999636890735688], 'p_WCa': [0.0, 0.0, 2.0000042194090786], 'p_WCb': [0.0, 0.0, 1.999923158738059]}] [[0.0, 0.0, -692.004693273678, 0.0, 0.0, 0.0], [0.0, 0.0, 692.004693273678, 0.0, 0.0, 0.0]]
2042 2.0373 0.0007 2.499953 0.095230 -9.810000 None [[0.0, 0.0, 0.0, 0.0, 0.0, 0.0], [0.0, 0.0, 0.0, 0.0, 0.0, 0.0]]
2043 2.0380 0.0010 2.500014 0.088529 -9.810000 None [[0.0, 0.0, 0.0, 0.0, 0.0, 0.0], [0.0, 0.0, 0.0, 0.0, 0.0, 0.0]]
2044 2.0390 0.0010 2.500093 0.078719 -9.810000 None [[0.0, 0.0, 0.0, 0.0, 0.0, 0.0], [0.0, 0.0, 0.0, 0.0, 0.0, 0.0]]
2045 2.0400 0.0010 2.500161 0.068909 -9.810000 None [[0.0, 0.0, 0.0, 0.0, 0.0, 0.0], [0.0, 0.0, 0.0, 0.0, 0.0, 0.0]]
2046 2.0410 0.0010 2.500221 0.059099 -9.810000 None [[0.0, 0.0, 0.0, 0.0, 0.0, 0.0], [0.0, 0.0, 0.0, 0.0, 0.0, 0.0]]
2047 2.0420 0.0010 2.500270 0.049289 -9.810000 None [[0.0, 0.0, 0.0, 0.0, 0.0, 0.0], [0.0, 0.0, 0.0, 0.0, 0.0, 0.0]]
2048 2.0430 0.0010 2.500309 0.039479 -9.810000 None [[0.0, 0.0, 0.0, 0.0, 0.0, 0.0], [0.0, 0.0, 0.0, 0.0, 0.0, 0.0]]
2049 2.0440 0.0010 2.500339 0.029669 -9.810000 None [[0.0, 0.0, 0.0, 0.0, 0.0, 0.0], [0.0, 0.0, 0.0, 0.0, 0.0, 0.0]]
2050 2.0450 0.0010 2.500359 0.019859 -9.810000 None [[0.0, 0.0, 0.0, 0.0, 0.0, 0.0], [0.0, 0.0, 0.0, 0.0, 0.0, 0.0]]
2051 2.0460 0.0010 2.500369 0.010049 -9.810000 None [[0.0, 0.0, 0.0, 0.0, 0.0, 0.0], [0.0, 0.0, 0.0, 0.0, 0.0, 0.0]]
2052 2.0470 0.0010 2.500369 0.000239 -9.810000 None [[0.0, 0.0, 0.0, 0.0, 0.0, 0.0], [0.0, 0.0, 0.0, 0.0, 0.0, 0.0]]
2053 2.0480 0.0010 2.500360 -0.009571 -9.810000 None [[0.0, 0.0, 0.0, 0.0, 0.0, 0.0], [0.0, 0.0, 0.0, 0.0, 0.0, 0.0]]
2054 2.0490 0.0010 2.500340 -0.019381 -9.810000 None [[0.0, 0.0, 0.0, 0.0, 0.0, 0.0], [0.0, 0.0, 0.0, 0.0, 0.0, 0.0]]
2055 2.0500 0.0010 2.500311 -0.029191 -9.810000 None [[0.0, 0.0, 0.0, 0.0, 0.0, 0.0], [0.0, 0.0, 0.0, 0.0, 0.0, 0.0]]
2056 2.0510 0.0010 2.500272 -0.039001 -9.810000 None [[0.0, 0.0, 0.0, 0.0, 0.0, 0.0], [0.0, 0.0, 0.0, 0.0, 0.0, 0.0]]
2057 2.0520 0.0010 2.500223 -0.048811 -9.810000 None [[0.0, 0.0, 0.0, 0.0, 0.0, 0.0], [0.0, 0.0, 0.0, 0.0, 0.0, 0.0]]
2058 2.0530 0.0010 2.500165 -0.058621 -9.810000 None [[0.0, 0.0, 0.0, 0.0, 0.0, 0.0], [0.0, 0.0, 0.0, 0.0, 0.0, 0.0]]
2059 2.0540 0.0010 2.500096 -0.068431 -9.810000 None [[0.0, 0.0, 0.0, 0.0, 0.0, 0.0], [0.0, 0.0, 0.0, 0.0, 0.0, 0.0]]
2060 2.0550 0.0010 2.500018 -0.078241 -9.810000 None [[0.0, 0.0, 0.0, 0.0, 0.0, 0.0], [0.0, 0.0, 0.0, 0.0, 0.0, 0.0]]
2061 2.0560 0.0003 2.499930 -0.088051 495.333022 [{'depth': 7.43952551538527e-05, 'geomIdA': 0, 'geomIdB': 1, 'modifiedDepth': 0.0, 'nhat_AB_W': [0.0, 0.0, 1.0], 'p_WC': [0.0, 0.0, 1.9999670217815015], 'p_WCa': [0.0, 0.0, 2.0000042194090786], 'p_WCb': [0.0, 0.0, 1.9999298241539245]}] [[0.0, 0.0, -505.14302177154343, 0.0, 0.0, 0.0], [0.0, 0.0, 505.14302177154343, 0.0, 0.0, 0.0]]
2062 2.0563 0.0007 2.499952 0.069255 -9.810000 None [[0.0, 0.0, 0.0, 0.0, 0.0, 0.0], [0.0, 0.0, 0.0, 0.0, 0.0, 0.0]]
2063 2.0570 0.0010 2.499995 0.062561 -9.810000 None [[0.0, 0.0, 0.0, 0.0, 0.0, 0.0], [0.0, 0.0, 0.0, 0.0, 0.0, 0.0]]
2064 2.0580 0.0010 2.500047 0.052751 -9.810000 None [[0.0, 0.0, 0.0, 0.0, 0.0, 0.0], [0.0, 0.0, 0.0, 0.0, 0.0, 0.0]]
2065 2.0590 0.0010 2.500090 0.042941 -9.810000 None [[0.0, 0.0, 0.0, 0.0, 0.0, 0.0], [0.0, 0.0, 0.0, 0.0, 0.0, 0.0]]
2066 2.0600 0.0010 2.500123 0.033131 -9.810000 None [[0.0, 0.0, 0.0, 0.0, 0.0, 0.0], [0.0, 0.0, 0.0, 0.0, 0.0, 0.0]]
2067 2.0610 0.0010 2.500147 0.023321 -9.810000 None [[0.0, 0.0, 0.0, 0.0, 0.0, 0.0], [0.0, 0.0, 0.0, 0.0, 0.0, 0.0]]
2068 2.0620 0.0010 2.500160 0.013511 -9.810000 None [[0.0, 0.0, 0.0, 0.0, 0.0, 0.0], [0.0, 0.0, 0.0, 0.0, 0.0, 0.0]]
2069 2.0630 0.0010 2.500164 0.003701 -9.810000 None [[0.0, 0.0, 0.0, 0.0, 0.0, 0.0], [0.0, 0.0, 0.0, 0.0, 0.0, 0.0]]
2070 2.0640 0.0010 2.500158 -0.006109 -9.810000 None [[0.0, 0.0, 0.0, 0.0, 0.0, 0.0], [0.0, 0.0, 0.0, 0.0, 0.0, 0.0]]
2071 2.0650 0.0010 2.500142 -0.015919 -9.810000 None [[0.0, 0.0, 0.0, 0.0, 0.0, 0.0], [0.0, 0.0, 0.0, 0.0, 0.0, 0.0]]
2072 2.0660 0.0010 2.500116 -0.025729 -9.810000 None [[0.0, 0.0, 0.0, 0.0, 0.0, 0.0], [0.0, 0.0, 0.0, 0.0, 0.0, 0.0]]
2073 2.0670 0.0010 2.500081 -0.035539 -9.810000 None [[0.0, 0.0, 0.0, 0.0, 0.0, 0.0], [0.0, 0.0, 0.0, 0.0, 0.0, 0.0]]
2074 2.0680 0.0010 2.500035 -0.045349 -9.810000 None [[0.0, 0.0, 0.0, 0.0, 0.0, 0.0], [0.0, 0.0, 0.0, 0.0, 0.0, 0.0]]
2075 2.0690 0.0003 2.499980 -0.055159 308.513103 [{'depth': 2.4161446482878546e-05, 'geomIdA': 0, 'geomIdB': 1, 'modifiedDepth': 0.0, 'nhat_AB_W': [0.0, 0.0, 1.0], 'p_WC': [0.0, 0.0, 1.999992138685837], 'p_WCa': [0.0, 0.0, 2.0000042194090786], 'p_WCb': [0.0, 0.0, 1.9999800579625955]}] [[0.0, 0.0, -318.32310286707775, 0.0, 0.0, 0.0], [0.0, 0.0, 318.32310286707775, 0.0, 0.0, 0.0]]
2076 2.0693 0.0007 2.499994 0.043284 -9.810000 None [[0.0, 0.0, 0.0, 0.0, 0.0, 0.0], [0.0, 0.0, 0.0, 0.0, 0.0, 0.0]]
2077 2.0700 0.0010 2.500019 0.036604 -9.810000 None [[0.0, 0.0, 0.0, 0.0, 0.0, 0.0], [0.0, 0.0, 0.0, 0.0, 0.0, 0.0]]
2078 2.0710 0.0010 2.500046 0.026794 -9.810000 None [[0.0, 0.0, 0.0, 0.0, 0.0, 0.0], [0.0, 0.0, 0.0, 0.0, 0.0, 0.0]]
2079 2.0720 0.0010 2.500063 0.016984 -9.810000 None [[0.0, 0.0, 0.0, 0.0, 0.0, 0.0], [0.0, 0.0, 0.0, 0.0, 0.0, 0.0]]
2080 2.0730 0.0010 2.500070 0.007174 -9.810000 None [[0.0, 0.0, 0.0, 0.0, 0.0, 0.0], [0.0, 0.0, 0.0, 0.0, 0.0, 0.0]]
2081 2.0740 0.0010 2.500067 -0.002636 -9.810000 None [[0.0, 0.0, 0.0, 0.0, 0.0, 0.0], [0.0, 0.0, 0.0, 0.0, 0.0, 0.0]]
2082 2.0750 0.0010 2.500055 -0.012446 -9.810000 None [[0.0, 0.0, 0.0, 0.0, 0.0, 0.0], [0.0, 0.0, 0.0, 0.0, 0.0, 0.0]]
2083 2.0760 0.0010 2.500032 -0.022256 -9.810000 None [[0.0, 0.0, 0.0, 0.0, 0.0, 0.0], [0.0, 0.0, 0.0, 0.0, 0.0, 0.0]]
2084 2.0770 0.0003 2.500000 -0.032066 177.361211 [{'depth': 3.876865748658532e-06, 'geomIdA': 0, 'geomIdB': 1, 'modifiedDepth': 0.0, 'nhat_AB_W': [0.0, 0.0, 1.0], 'p_WC': [0.0, 0.0, 2.0000022809762044], 'p_WCa': [0.0, 0.0, 2.0000042194090786], 'p_WCb': [0.0, 0.0, 2.0000003425433297]}] [[0.0, 0.0, -187.17121055673007, 0.0, 0.0, 0.0], [0.0, 0.0, 187.17121055673007, 0.0, 0.0, 0.0]]
2085 2.0773 0.0007 2.500008 0.025047 -9.810000 None [[0.0, 0.0, 0.0, 0.0, 0.0, 0.0], [0.0, 0.0, 0.0, 0.0, 0.0, 0.0]]
2086 2.0780 0.0010 2.500021 0.018396 -9.810000 None [[0.0, 0.0, 0.0, 0.0, 0.0, 0.0], [0.0, 0.0, 0.0, 0.0, 0.0, 0.0]]
2087 2.0790 0.0010 2.500029 0.008586 -9.810000 None [[0.0, 0.0, 0.0, 0.0, 0.0, 0.0], [0.0, 0.0, 0.0, 0.0, 0.0, 0.0]]
2088 2.0800 0.0010 2.500028 -0.001224 -9.810000 None [[0.0, 0.0, 0.0, 0.0, 0.0, 0.0], [0.0, 0.0, 0.0, 0.0, 0.0, 0.0]]
2089 2.0810 0.0010 2.500017 -0.011034 -9.810000 None [[0.0, 0.0, 0.0, 0.0, 0.0, 0.0], [0.0, 0.0, 0.0, 0.0, 0.0, 0.0]]
2090 2.0820 0.0003 2.499996 -0.020844 113.650541 [{'depth': 7.854574735294051e-06, 'geomIdA': 0, 'geomIdB': 1, 'modifiedDepth': 0.0, 'nhat_AB_W': [0.0, 0.0, 1.0], 'p_WC': [0.0, 0.0, 2.000000292121711], 'p_WCa': [0.0, 0.0, 2.0000042194090786], 'p_WCb': [0.0, 0.0, 1.999996364834343]}] [[0.0, 0.0, -123.4605414197541, 0.0, 0.0, 0.0], [0.0, 0.0, 123.4605414197541, 0.0, 0.0, 0.0]]
2091 2.0823 0.0007 2.500002 0.016183 -9.810000 None [[0.0, 0.0, 0.0, 0.0, 0.0, 0.0], [0.0, 0.0, 0.0, 0.0, 0.0, 0.0]]
2092 2.0830 0.0010 2.500008 0.009569 -9.810000 None [[0.0, 0.0, 0.0, 0.0, 0.0, 0.0], [0.0, 0.0, 0.0, 0.0, 0.0, 0.0]]
2093 2.0840 0.0010 2.500008 -0.000241 -9.810000 None [[0.0, 0.0, 0.0, 0.0, 0.0, 0.0], [0.0, 0.0, 0.0, 0.0, 0.0, 0.0]]
2094 2.0850 0.0003 2.499998 -0.010051 52.445628 [{'depth': 6.423526996762519e-06, 'geomIdA': 0, 'geomIdB': 1, 'modifiedDepth': 0.0, 'nhat_AB_W': [0.0, 0.0, 1.0], 'p_WC': [0.0, 0.0, 2.0000010076455803], 'p_WCa': [0.0, 0.0, 2.0000042194090786], 'p_WCb': [0.0, 0.0, 1.9999977958820816]}] [[0.0, 0.0, -62.255627641991055, 0.0, 0.0, 0.0], [0.0, 0.0, 62.255627641991055, 0.0, 0.0, 0.0]]
2095 2.0853 0.0007 2.500000 0.007648 -9.810000 None [[0.0, 0.0, 0.0, 0.0, 0.0, 0.0], [0.0, 0.0, 0.0, 0.0, 0.0, 0.0]]
2096 2.0860 0.0010 2.500001 0.001149 -9.810000 None [[0.0, 0.0, 0.0, 0.0, 0.0, 0.0], [0.0, 0.0, 0.0, 0.0, 0.0, 0.0]]
2097 2.0870 0.0002 2.499992 -0.008661 479.439931 [{'depth': 1.1742054389035417e-05, 'geomIdA': 0, 'geomIdB': 1, 'modifiedDepth': 8.660965599371906e-06, 'nhat_AB_W': [0.0, 0.0, 1.0], 'p_WC': [0.0, 0.0, 1.999998348381884], 'p_WCa': [0.0, 0.0, 2.0000042194090786], 'p_WCb': [0.0, 0.0, 1.9999924773546893]}] [[0.0, 0.0, -489.24993146704384, 0.0, 0.0, 0.0], [0.0, 0.0, 489.24993146704384, 0.0, 0.0, 0.0]]
2098 2.0872 0.0008 2.500006 0.075887 -9.810000 None [[0.0, 0.0, 0.0, 0.0, 0.0, 0.0], [0.0, 0.0, 0.0, 0.0, 0.0, 0.0]]
2099 2.0880 0.0010 2.500062 0.067807 -9.810000 None [[0.0, 0.0, 0.0, 0.0, 0.0, 0.0], [0.0, 0.0, 0.0, 0.0, 0.0, 0.0]]
2100 2.0890 0.0010 2.500120 0.057997 -9.810000 None [[0.0, 0.0, 0.0, 0.0, 0.0, 0.0], [0.0, 0.0, 0.0, 0.0, 0.0, 0.0]]
2101 2.0900 0.0010 2.500168 0.048187 -9.810000 None [[0.0, 0.0, 0.0, 0.0, 0.0, 0.0], [0.0, 0.0, 0.0, 0.0, 0.0, 0.0]]
2102 2.0910 0.0010 2.500206 0.038377 -9.810000 None [[0.0, 0.0, 0.0, 0.0, 0.0, 0.0], [0.0, 0.0, 0.0, 0.0, 0.0, 0.0]]
2103 2.0920 0.0010 2.500235 0.028567 -9.810000 None [[0.0, 0.0, 0.0, 0.0, 0.0, 0.0], [0.0, 0.0, 0.0, 0.0, 0.0, 0.0]]
2104 2.0930 0.0010 2.500254 0.018757 -9.810000 None [[0.0, 0.0, 0.0, 0.0, 0.0, 0.0], [0.0, 0.0, 0.0, 0.0, 0.0, 0.0]]
2105 2.0940 0.0010 2.500263 0.008947 -9.810000 None [[0.0, 0.0, 0.0, 0.0, 0.0, 0.0], [0.0, 0.0, 0.0, 0.0, 0.0, 0.0]]
2106 2.0950 0.0010 2.500262 -0.000863 -9.810000 None [[0.0, 0.0, 0.0, 0.0, 0.0, 0.0], [0.0, 0.0, 0.0, 0.0, 0.0, 0.0]]
2107 2.0960 0.0010 2.500251 -0.010673 -9.810000 None [[0.0, 0.0, 0.0, 0.0, 0.0, 0.0], [0.0, 0.0, 0.0, 0.0, 0.0, 0.0]]
2108 2.0970 0.0010 2.500231 -0.020483 -9.810000 None [[0.0, 0.0, 0.0, 0.0, 0.0, 0.0], [0.0, 0.0, 0.0, 0.0, 0.0, 0.0]]
2109 2.0980 0.0010 2.500200 -0.030293 -9.810000 None [[0.0, 0.0, 0.0, 0.0, 0.0, 0.0], [0.0, 0.0, 0.0, 0.0, 0.0, 0.0]]
2110 2.0990 0.0010 2.500160 -0.040103 -9.810000 None [[0.0, 0.0, 0.0, 0.0, 0.0, 0.0], [0.0, 0.0, 0.0, 0.0, 0.0, 0.0]]
2111 2.1000 0.0010 2.500110 -0.049913 -9.810000 None [[0.0, 0.0, 0.0, 0.0, 0.0, 0.0], [0.0, 0.0, 0.0, 0.0, 0.0, 0.0]]
2112 2.1010 0.0010 2.500050 -0.059723 -9.810000 None [[0.0, 0.0, 0.0, 0.0, 0.0, 0.0], [0.0, 0.0, 0.0, 0.0, 0.0, 0.0]]
2113 2.1020 0.0003 2.499981 -0.069533 390.150136 [{'depth': 2.325785531387936e-05, 'geomIdA': 0, 'geomIdB': 1, 'modifiedDepth': 0.0, 'nhat_AB_W': [0.0, 0.0, 1.0], 'p_WC': [0.0, 0.0, 1.9999925904814215], 'p_WCa': [0.0, 0.0, 2.0000042194090786], 'p_WCb': [0.0, 0.0, 1.9999809615537645]}] [[0.0, 0.0, -399.9601364504236, 0.0, 0.0, 0.0], [0.0, 0.0, 399.9601364504236, 0.0, 0.0, 0.0]]
2114 2.1023 0.0007 2.499998 0.054633 -9.810000 None [[0.0, 0.0, 0.0, 0.0, 0.0, 0.0], [0.0, 0.0, 0.0, 0.0, 0.0, 0.0]]
2115 2.1030 0.0010 2.500031 0.047945 -9.810000 None [[0.0, 0.0, 0.0, 0.0, 0.0, 0.0], [0.0, 0.0, 0.0, 0.0, 0.0, 0.0]]
2116 2.1040 0.0010 2.500069 0.038135 -9.810000 None [[0.0, 0.0, 0.0, 0.0, 0.0, 0.0], [0.0, 0.0, 0.0, 0.0, 0.0, 0.0]]
2117 2.1050 0.0010 2.500097 0.028325 -9.810000 None [[0.0, 0.0, 0.0, 0.0, 0.0, 0.0], [0.0, 0.0, 0.0, 0.0, 0.0, 0.0]]
2118 2.1060 0.0010 2.500116 0.018515 -9.810000 None [[0.0, 0.0, 0.0, 0.0, 0.0, 0.0], [0.0, 0.0, 0.0, 0.0, 0.0, 0.0]]
2119 2.1070 0.0010 2.500125 0.008705 -9.810000 None [[0.0, 0.0, 0.0, 0.0, 0.0, 0.0], [0.0, 0.0, 0.0, 0.0, 0.0, 0.0]]
2120 2.1080 0.0010 2.500124 -0.001105 -9.810000 None [[0.0, 0.0, 0.0, 0.0, 0.0, 0.0], [0.0, 0.0, 0.0, 0.0, 0.0, 0.0]]
2121 2.1090 0.0010 2.500113 -0.010915 -9.810000 None [[0.0, 0.0, 0.0, 0.0, 0.0, 0.0], [0.0, 0.0, 0.0, 0.0, 0.0, 0.0]]
2122 2.1100 0.0010 2.500092 -0.020725 -9.810000 None [[0.0, 0.0, 0.0, 0.0, 0.0, 0.0], [0.0, 0.0, 0.0, 0.0, 0.0, 0.0]]
2123 2.1110 0.0010 2.500061 -0.030535 -9.810000 None [[0.0, 0.0, 0.0, 0.0, 0.0, 0.0], [0.0, 0.0, 0.0, 0.0, 0.0, 0.0]]
2124 2.1120 0.0010 2.500021 -0.040345 -9.810000 None [[0.0, 0.0, 0.0, 0.0, 0.0, 0.0], [0.0, 0.0, 0.0, 0.0, 0.0, 0.0]]
2125 2.1130 0.0003 2.499971 -0.050155 280.088384 [{'depth': 3.328073163345024e-05, 'geomIdA': 0, 'geomIdB': 1, 'modifiedDepth': 0.0, 'nhat_AB_W': [0.0, 0.0, 1.0], 'p_WC': [0.0, 0.0, 1.9999875790432617], 'p_WCa': [0.0, 0.0, 2.0000042194090786], 'p_WCb': [0.0, 0.0, 1.999970938677445]}] [[0.0, 0.0, -289.8983839372218, 0.0, 0.0, 0.0], [0.0, 0.0, 289.8983839372218, 0.0, 0.0, 0.0]]
2126 2.1133 0.0007 2.499984 0.039332 -9.810000 None [[0.0, 0.0, 0.0, 0.0, 0.0, 0.0], [0.0, 0.0, 0.0, 0.0, 0.0, 0.0]]
2127 2.1140 0.0010 2.500006 0.032656 -9.810000 None [[0.0, 0.0, 0.0, 0.0, 0.0, 0.0], [0.0, 0.0, 0.0, 0.0, 0.0, 0.0]]
2128 2.1150 0.0010 2.500029 0.022846 -9.810000 None [[0.0, 0.0, 0.0, 0.0, 0.0, 0.0], [0.0, 0.0, 0.0, 0.0, 0.0, 0.0]]
2129 2.1160 0.0010 2.500042 0.013036 -9.810000 None [[0.0, 0.0, 0.0, 0.0, 0.0, 0.0], [0.0, 0.0, 0.0, 0.0, 0.0, 0.0]]
2130 2.1170 0.0010 2.500045 0.003226 -9.810000 None [[0.0, 0.0, 0.0, 0.0, 0.0, 0.0], [0.0, 0.0, 0.0, 0.0, 0.0, 0.0]]
2131 2.1180 0.0010 2.500038 -0.006584 -9.810000 None [[0.0, 0.0, 0.0, 0.0, 0.0, 0.0], [0.0, 0.0, 0.0, 0.0, 0.0, 0.0]]
2132 2.1190 0.0010 2.500022 -0.016394 -9.810000 None [[0.0, 0.0, 0.0, 0.0, 0.0, 0.0], [0.0, 0.0, 0.0, 0.0, 0.0, 0.0]]
2133 2.1200 0.0003 2.499996 -0.026204 144.077097 [{'depth': 8.564672053573475e-06, 'geomIdA': 0, 'geomIdB': 1, 'modifiedDepth': 0.0, 'nhat_AB_W': [0.0, 0.0, 1.0], 'p_WC': [0.0, 0.0, 1.9999999370730517], 'p_WCa': [0.0, 0.0, 2.0000042194090786], 'p_WCb': [0.0, 0.0, 1.9999956547370248]}] [[0.0, 0.0, -153.8870967972065, 0.0, 0.0, 0.0], [0.0, 0.0, 153.8870967972065, 0.0, 0.0, 0.0]]
2134 2.1203 0.0007 2.500002 0.020417 -9.810000 None [[0.0, 0.0, 0.0, 0.0, 0.0, 0.0], [0.0, 0.0, 0.0, 0.0, 0.0, 0.0]]
2135 2.1210 0.0010 2.500012 0.013781 -9.810000 None [[0.0, 0.0, 0.0, 0.0, 0.0, 0.0], [0.0, 0.0, 0.0, 0.0, 0.0, 0.0]]
2136 2.1220 0.0010 2.500016 0.003971 -9.810000 None [[0.0, 0.0, 0.0, 0.0, 0.0, 0.0], [0.0, 0.0, 0.0, 0.0, 0.0, 0.0]]
2137 2.1230 0.0010 2.500010 -0.005839 -9.810000 None [[0.0, 0.0, 0.0, 0.0, 0.0, 0.0], [0.0, 0.0, 0.0, 0.0, 0.0, 0.0]]
2138 2.1240 0.0003 2.499994 -0.015649 84.171051 [{'depth': 1.0151802091190377e-05, 'geomIdA': 0, 'geomIdB': 1, 'modifiedDepth': 0.0, 'nhat_AB_W': [0.0, 0.0, 1.0], 'p_WC': [0.0, 0.0, 1.9999991435080329], 'p_WCa': [0.0, 0.0, 2.0000042194090786], 'p_WCb': [0.0, 0.0, 1.9999940676069872]}] [[0.0, 0.0, -93.9810507064418, 0.0, 0.0, 0.0], [0.0, 0.0, 93.9810507064418, 0.0, 0.0, 0.0]]
2139 2.1243 0.0007 2.499998 0.012077 -9.810000 None [[0.0, 0.0, 0.0, 0.0, 0.0, 0.0], [0.0, 0.0, 0.0, 0.0, 0.0, 0.0]]
2140 2.1250 0.0010 2.500002 0.005498 -9.810000 None [[0.0, 0.0, 0.0, 0.0, 0.0, 0.0], [0.0, 0.0, 0.0, 0.0, 0.0, 0.0]]
2141 2.1260 0.0002 2.499997 -0.004312 233.834829 [{'depth': 6.798534545776392e-06, 'geomIdA': 0, 'geomIdB': 1, 'modifiedDepth': 4.311848161631104e-06, 'nhat_AB_W': [0.0, 0.0, 1.0], 'p_WC': [0.0, 0.0, 2.0000008201418056], 'p_WCa': [0.0, 0.0, 2.0000042194090786], 'p_WCb': [0.0, 0.0, 1.9999974208745326]}] [[0.0, 0.0, -243.64482857113703, 0.0, 0.0, 0.0], [0.0, 0.0, 243.64482857113703, 0.0, 0.0, 0.0]]
2142 2.1262 0.0008 2.500004 0.037264 -9.810000 None [[0.0, 0.0, 0.0, 0.0, 0.0, 0.0], [0.0, 0.0, 0.0, 0.0, 0.0, 0.0]]
2143 2.1270 0.0010 2.500028 0.029198 -9.810000 None [[0.0, 0.0, 0.0, 0.0, 0.0, 0.0], [0.0, 0.0, 0.0, 0.0, 0.0, 0.0]]
2144 2.1280 0.0010 2.500047 0.019388 -9.810000 None [[0.0, 0.0, 0.0, 0.0, 0.0, 0.0], [0.0, 0.0, 0.0, 0.0, 0.0, 0.0]]
2145 2.1290 0.0010 2.500057 0.009578 -9.810000 None [[0.0, 0.0, 0.0, 0.0, 0.0, 0.0], [0.0, 0.0, 0.0, 0.0, 0.0, 0.0]]
2146 2.1300 0.0010 2.500057 -0.000232 -9.810000 None [[0.0, 0.0, 0.0, 0.0, 0.0, 0.0], [0.0, 0.0, 0.0, 0.0, 0.0, 0.0]]
2147 2.1310 0.0010 2.500047 -0.010042 -9.810000 None [[0.0, 0.0, 0.0, 0.0, 0.0, 0.0], [0.0, 0.0, 0.0, 0.0, 0.0, 0.0]]
2148 2.1320 0.0010 2.500027 -0.019852 -9.810000 None [[0.0, 0.0, 0.0, 0.0, 0.0, 0.0], [0.0, 0.0, 0.0, 0.0, 0.0, 0.0]]
2149 2.1330 0.0003 2.499997 -0.029662 163.712269 [{'depth': 6.989209777380268e-06, 'geomIdA': 0, 'geomIdB': 1, 'modifiedDepth': 0.0, 'nhat_AB_W': [0.0, 0.0, 1.0], 'p_WC': [0.0, 0.0, 2.00000072480419], 'p_WCa': [0.0, 0.0, 2.0000042194090786], 'p_WCb': [0.0, 0.0, 1.999997230199301]}] [[0.0, 0.0, -173.52226858222252, 0.0, 0.0, 0.0], [0.0, 0.0, 173.52226858222252, 0.0, 0.0, 0.0]]
2150 2.1333 0.0007 2.500005 0.023149 -9.810000 None [[0.0, 0.0, 0.0, 0.0, 0.0, 0.0], [0.0, 0.0, 0.0, 0.0, 0.0, 0.0]]
2151 2.1340 0.0010 2.500016 0.016503 -9.810000 None [[0.0, 0.0, 0.0, 0.0, 0.0, 0.0], [0.0, 0.0, 0.0, 0.0, 0.0, 0.0]]
2152 2.1350 0.0010 2.500023 0.006693 -9.810000 None [[0.0, 0.0, 0.0, 0.0, 0.0, 0.0], [0.0, 0.0, 0.0, 0.0, 0.0, 0.0]]
2153 2.1360 0.0010 2.500019 -0.003117 -9.810000 None [[0.0, 0.0, 0.0, 0.0, 0.0, 0.0], [0.0, 0.0, 0.0, 0.0, 0.0, 0.0]]
2154 2.1370 0.0010 2.500007 -0.012927 -9.810000 None [[0.0, 0.0, 0.0, 0.0, 0.0, 0.0], [0.0, 0.0, 0.0, 0.0, 0.0, 0.0]]
2155 2.1380 0.0003 2.499984 -0.022737 124.395017 [{'depth': 2.0429585145148366e-05, 'geomIdA': 0, 'geomIdB': 1, 'modifiedDepth': 0.0, 'nhat_AB_W': [0.0, 0.0, 1.0], 'p_WC': [0.0, 0.0, 1.999994004616506], 'p_WCa': [0.0, 0.0, 2.0000042194090786], 'p_WCb': [0.0, 0.0, 1.9999837898239332]}] [[0.0, 0.0, -134.20501683816994, 0.0, 0.0, 0.0], [0.0, 0.0, 134.20501683816994, 0.0, 0.0, 0.0]]
2156 2.1383 0.0007 2.499990 0.017678 -9.810000 None [[0.0, 0.0, 0.0, 0.0, 0.0, 0.0], [0.0, 0.0, 0.0, 0.0, 0.0, 0.0]]
2157 2.1390 0.0010 2.499997 0.011055 -9.810000 None [[0.0, 0.0, 0.0, 0.0, 0.0, 0.0], [0.0, 0.0, 0.0, 0.0, 0.0, 0.0]]
2158 2.1400 0.0010 2.499998 0.001245 -9.810000 None [[0.0, 0.0, 0.0, 0.0, 0.0, 0.0], [0.0, 0.0, 0.0, 0.0, 0.0, 0.0]]
2159 2.1410 0.0002 2.499990 -0.008565 473.994270 [{'depth': 1.4541485052316006e-05, 'geomIdA': 0, 'geomIdB': 1, 'modifiedDepth': 8.564533831467713e-06, 'nhat_AB_W': [0.0, 0.0, 1.0], 'p_WC': [0.0, 0.0, 1.9999969486665523], 'p_WCa': [0.0, 0.0, 2.0000042194090786], 'p_WCb': [0.0, 0.0, 1.999989677924026]}] [[0.0, 0.0, -483.80427003029524, 0.0, 0.0, 0.0], [0.0, 0.0, 483.80427003029524, 0.0, 0.0, 0.0]]
2160 2.1412 0.0008 2.500003 0.075031 -9.810000 None [[0.0, 0.0, 0.0, 0.0, 0.0, 0.0], [0.0, 0.0, 0.0, 0.0, 0.0, 0.0]]
2161 2.1420 0.0010 2.500058 0.066951 -9.810000 None [[0.0, 0.0, 0.0, 0.0, 0.0, 0.0], [0.0, 0.0, 0.0, 0.0, 0.0, 0.0]]
2162 2.1430 0.0010 2.500115 0.057141 -9.810000 None [[0.0, 0.0, 0.0, 0.0, 0.0, 0.0], [0.0, 0.0, 0.0, 0.0, 0.0, 0.0]]
2163 2.1440 0.0010 2.500163 0.047331 -9.810000 None [[0.0, 0.0, 0.0, 0.0, 0.0, 0.0], [0.0, 0.0, 0.0, 0.0, 0.0, 0.0]]
2164 2.1450 0.0010 2.500200 0.037521 -9.810000 None [[0.0, 0.0, 0.0, 0.0, 0.0, 0.0], [0.0, 0.0, 0.0, 0.0, 0.0, 0.0]]
2165 2.1460 0.0010 2.500228 0.027711 -9.810000 None [[0.0, 0.0, 0.0, 0.0, 0.0, 0.0], [0.0, 0.0, 0.0, 0.0, 0.0, 0.0]]
2166 2.1470 0.0010 2.500246 0.017901 -9.810000 None [[0.0, 0.0, 0.0, 0.0, 0.0, 0.0], [0.0, 0.0, 0.0, 0.0, 0.0, 0.0]]
2167 2.1480 0.0010 2.500254 0.008091 -9.810000 None [[0.0, 0.0, 0.0, 0.0, 0.0, 0.0], [0.0, 0.0, 0.0, 0.0, 0.0, 0.0]]
2168 2.1490 0.0010 2.500252 -0.001719 -9.810000 None [[0.0, 0.0, 0.0, 0.0, 0.0, 0.0], [0.0, 0.0, 0.0, 0.0, 0.0, 0.0]]
2169 2.1500 0.0010 2.500241 -0.011529 -9.810000 None [[0.0, 0.0, 0.0, 0.0, 0.0, 0.0], [0.0, 0.0, 0.0, 0.0, 0.0, 0.0]]
2170 2.1510 0.0010 2.500219 -0.021339 -9.810000 None [[0.0, 0.0, 0.0, 0.0, 0.0, 0.0], [0.0, 0.0, 0.0, 0.0, 0.0, 0.0]]
2171 2.1520 0.0010 2.500188 -0.031149 -9.810000 None [[0.0, 0.0, 0.0, 0.0, 0.0, 0.0], [0.0, 0.0, 0.0, 0.0, 0.0, 0.0]]
2172 2.1530 0.0010 2.500147 -0.040959 -9.810000 None [[0.0, 0.0, 0.0, 0.0, 0.0, 0.0], [0.0, 0.0, 0.0, 0.0, 0.0, 0.0]]
2173 2.1540 0.0010 2.500096 -0.050769 -9.810000 None [[0.0, 0.0, 0.0, 0.0, 0.0, 0.0], [0.0, 0.0, 0.0, 0.0, 0.0, 0.0]]
2174 2.1550 0.0010 2.500036 -0.060579 -9.810000 None [[0.0, 0.0, 0.0, 0.0, 0.0, 0.0], [0.0, 0.0, 0.0, 0.0, 0.0, 0.0]]
2175 2.1560 0.0003 2.499965 -0.070389 395.013029 [{'depth': 3.889960587133956e-05, 'geomIdA': 0, 'geomIdB': 1, 'modifiedDepth': 0.0, 'nhat_AB_W': [0.0, 0.0, 1.0], 'p_WC': [0.0, 0.0, 1.9999847696061428], 'p_WCa': [0.0, 0.0, 2.0000042194090786], 'p_WCb': [0.0, 0.0, 1.999965319803207]}] [[0.0, 0.0, -404.8230291523408, 0.0, 0.0, 0.0], [0.0, 0.0, 404.8230291523408, 0.0, 0.0, 0.0]]
2176 2.1563 0.0007 2.499983 0.055309 -9.810000 None [[0.0, 0.0, 0.0, 0.0, 0.0, 0.0], [0.0, 0.0, 0.0, 0.0, 0.0, 0.0]]
2177 2.1570 0.0010 2.500016 0.048621 -9.810000 None [[0.0, 0.0, 0.0, 0.0, 0.0, 0.0], [0.0, 0.0, 0.0, 0.0, 0.0, 0.0]]
2178 2.1580 0.0010 2.500055 0.038811 -9.810000 None [[0.0, 0.0, 0.0, 0.0, 0.0, 0.0], [0.0, 0.0, 0.0, 0.0, 0.0, 0.0]]
2179 2.1590 0.0010 2.500084 0.029001 -9.810000 None [[0.0, 0.0, 0.0, 0.0, 0.0, 0.0], [0.0, 0.0, 0.0, 0.0, 0.0, 0.0]]
2180 2.1600 0.0010 2.500103 0.019191 -9.810000 None [[0.0, 0.0, 0.0, 0.0, 0.0, 0.0], [0.0, 0.0, 0.0, 0.0, 0.0, 0.0]]
2181 2.1610 0.0010 2.500112 0.009381 -9.810000 None [[0.0, 0.0, 0.0, 0.0, 0.0, 0.0], [0.0, 0.0, 0.0, 0.0, 0.0, 0.0]]
2182 2.1620 0.0010 2.500112 -0.000429 -9.810000 None [[0.0, 0.0, 0.0, 0.0, 0.0, 0.0], [0.0, 0.0, 0.0, 0.0, 0.0, 0.0]]
2183 2.1630 0.0010 2.500102 -0.010239 -9.810000 None [[0.0, 0.0, 0.0, 0.0, 0.0, 0.0], [0.0, 0.0, 0.0, 0.0, 0.0, 0.0]]
2184 2.1640 0.0010 2.500082 -0.020049 -9.810000 None [[0.0, 0.0, 0.0, 0.0, 0.0, 0.0], [0.0, 0.0, 0.0, 0.0, 0.0, 0.0]]
2185 2.1650 0.0010 2.500052 -0.029859 -9.810000 None [[0.0, 0.0, 0.0, 0.0, 0.0, 0.0], [0.0, 0.0, 0.0, 0.0, 0.0, 0.0]]
2186 2.1660 0.0010 2.500012 -0.039669 -9.810000 None [[0.0, 0.0, 0.0, 0.0, 0.0, 0.0], [0.0, 0.0, 0.0, 0.0, 0.0, 0.0]]
2187 2.1670 0.0003 2.499963 -0.049479 276.251073 [{'depth': 4.149053037250638e-05, 'geomIdA': 0, 'geomIdB': 1, 'modifiedDepth': 0.0, 'nhat_AB_W': [0.0, 0.0, 1.0], 'p_WC': [0.0, 0.0, 1.9999834741438922], 'p_WCa': [0.0, 0.0, 2.0000042194090786], 'p_WCb': [0.0, 0.0, 1.9999627288787059]}] [[0.0, 0.0, -286.06107286761323, 0.0, 0.0, 0.0], [0.0, 0.0, 286.06107286761323, 0.0, 0.0, 0.0]]
2188 2.1673 0.0007 2.499975 0.038798 -9.810000 None [[0.0, 0.0, 0.0, 0.0, 0.0, 0.0], [0.0, 0.0, 0.0, 0.0, 0.0, 0.0]]
2189 2.1680 0.0010 2.499997 0.032123 -9.810000 None [[0.0, 0.0, 0.0, 0.0, 0.0, 0.0], [0.0, 0.0, 0.0, 0.0, 0.0, 0.0]]
2190 2.1690 0.0010 2.500019 0.022313 -9.810000 None [[0.0, 0.0, 0.0, 0.0, 0.0, 0.0], [0.0, 0.0, 0.0, 0.0, 0.0, 0.0]]
2191 2.1700 0.0010 2.500032 0.012503 -9.810000 None [[0.0, 0.0, 0.0, 0.0, 0.0, 0.0], [0.0, 0.0, 0.0, 0.0, 0.0, 0.0]]
2192 2.1710 0.0010 2.500034 0.002693 -9.810000 None [[0.0, 0.0, 0.0, 0.0, 0.0, 0.0], [0.0, 0.0, 0.0, 0.0, 0.0, 0.0]]
2193 2.1720 0.0010 2.500027 -0.007117 -9.810000 None [[0.0, 0.0, 0.0, 0.0, 0.0, 0.0], [0.0, 0.0, 0.0, 0.0, 0.0, 0.0]]
2194 2.1730 0.0010 2.500010 -0.016927 -9.810000 None [[0.0, 0.0, 0.0, 0.0, 0.0, 0.0], [0.0, 0.0, 0.0, 0.0, 0.0, 0.0]]
2195 2.1740 0.0003 2.499984 -0.026737 147.102755 [{'depth': 2.0504733694309607e-05, 'geomIdA': 0, 'geomIdB': 1, 'modifiedDepth': 0.0, 'nhat_AB_W': [0.0, 0.0, 1.0], 'p_WC': [0.0, 0.0, 1.9999939670422313], 'p_WCa': [0.0, 0.0, 2.0000042194090786], 'p_WCb': [0.0, 0.0, 1.999983714675384]}] [[0.0, 0.0, -156.9127553452387, 0.0, 0.0, 0.0], [0.0, 0.0, 156.9127553452387, 0.0, 0.0, 0.0]]
2196 2.1743 0.0007 2.499990 0.020838 -9.810000 None [[0.0, 0.0, 0.0, 0.0, 0.0, 0.0], [0.0, 0.0, 0.0, 0.0, 0.0, 0.0]]
2197 2.1750 0.0010 2.500000 0.014201 -9.810000 None [[0.0, 0.0, 0.0, 0.0, 0.0, 0.0], [0.0, 0.0, 0.0, 0.0, 0.0, 0.0]]
2198 2.1760 0.0010 2.500004 0.004391 -9.810000 None [[0.0, 0.0, 0.0, 0.0, 0.0, 0.0], [0.0, 0.0, 0.0, 0.0, 0.0, 0.0]]
2199 2.1770 0.0004 2.499999 -0.005419 26.292792 [{'depth': 5.186040136223369e-06, 'geomIdA': 0, 'geomIdB': 1, 'modifiedDepth': 0.0, 'nhat_AB_W': [0.0, 0.0, 1.0], 'p_WC': [0.0, 0.0, 2.00000162638901], 'p_WCa': [0.0, 0.0, 2.0000042194090786], 'p_WCb': [0.0, 0.0, 1.9999990333689421]}] [[0.0, 0.0, -36.102791676778786, 0.0, 0.0, 0.0], [0.0, 0.0, 36.102791676778786, 0.0, 0.0, 0.0]]
2200 2.1774 0.0006 2.500000 0.003968 -9.810000 None [[0.0, 0.0, 0.0, 0.0, 0.0, 0.0], [0.0, 0.0, 0.0, 0.0, 0.0, 0.0]]
2201 2.1780 0.0002 2.499999 -0.002340 77.969126 [{'depth': 5.274206916766389e-06, 'geomIdA': 0, 'geomIdB': 1, 'modifiedDepth': 1.5046524755035762e-06, 'nhat_AB_W': [0.0, 0.0, 1.0], 'p_WC': [0.0, 0.0, 2.00000158230562], 'p_WCa': [0.0, 0.0, 2.0000042194090786], 'p_WCb': [0.0, 0.0, 1.9999989452021616]}] [[0.0, 0.0, -87.77912553583253, 0.0, 0.0, 0.0], [0.0, 0.0, 87.77912553583253, 0.0, 0.0, 0.0]]
2202 2.1782 0.0008 2.500001 0.012410 -9.810000 None [[0.0, 0.0, 0.0, 0.0, 0.0, 0.0], [0.0, 0.0, 0.0, 0.0, 0.0, 0.0]]
2203 2.1790 0.0010 2.500005 0.004456 -9.810000 None [[0.0, 0.0, 0.0, 0.0, 0.0, 0.0], [0.0, 0.0, 0.0, 0.0, 0.0, 0.0]]
2204 2.1800 0.0004 2.500000 -0.005354 25.925620 [{'depth': 4.66733575943934e-06, 'geomIdA': 0, 'geomIdB': 1, 'modifiedDepth': 0.0, 'nhat_AB_W': [0.0, 0.0, 1.0], 'p_WC': [0.0, 0.0, 2.0000018857411987], 'p_WCa': [0.0, 0.0, 2.0000042194090786], 'p_WCb': [0.0, 0.0, 1.999999552073319]}] [[0.0, 0.0, -35.73562019585536, 0.0, 0.0, 0.0], [0.0, 0.0, 35.73562019585536, 0.0, 0.0, 0.0]]
2205 2.1804 0.0006 2.500001 0.003915 -9.810000 None [[0.0, 0.0, 0.0, 0.0, 0.0, 0.0], [0.0, 0.0, 0.0, 0.0, 0.0, 0.0]]
2206 2.1810 0.0002 2.499999 -0.002387 79.669046 [{'depth': 4.8012052735799675e-06, 'geomIdA': 0, 'geomIdB': 1, 'modifiedDepth': 1.5337336849441385e-06, 'nhat_AB_W': [0.0, 0.0, 1.0], 'p_WC': [0.0, 0.0, 2.0000018188064415], 'p_WCa': [0.0, 0.0, 2.0000042194090786], 'p_WCb': [0.0, 0.0, 1.9999994182038048]}] [[0.0, 0.0, -89.47904601168011, 0.0, 0.0, 0.0], [0.0, 0.0, 89.47904601168011, 0.0, 0.0, 0.0]]
2207 2.1812 0.0008 2.500002 0.012671 -9.810000 None [[0.0, 0.0, 0.0, 0.0, 0.0, 0.0], [0.0, 0.0, 0.0, 0.0, 0.0, 0.0]]
2208 2.1820 0.0010 2.500006 0.004715 -9.810000 None [[0.0, 0.0, 0.0, 0.0, 0.0, 0.0], [0.0, 0.0, 0.0, 0.0, 0.0, 0.0]]
2209 2.1830 0.0004 2.500001 -0.005095 24.469109 [{'depth': 3.6765725253182784e-06, 'geomIdA': 0, 'geomIdB': 1, 'modifiedDepth': 0.0, 'nhat_AB_W': [0.0, 0.0, 1.0], 'p_WC': [0.0, 0.0, 2.000002381122816], 'p_WCa': [0.0, 0.0, 2.0000042194090786], 'p_WCb': [0.0, 0.0, 2.000000542836553]}] [[0.0, 0.0, -34.27910920257213, 0.0, 0.0, 0.0], [0.0, 0.0, 34.27910920257213, 0.0, 0.0, 0.0]]
2210 2.1834 0.0006 2.500002 0.003708 -9.810000 None [[0.0, 0.0, 0.0, 0.0, 0.0, 0.0], [0.0, 0.0, 0.0, 0.0, 0.0, 0.0]]
2211 2.1840 0.0002 2.500000 -0.002573 86.331081 [{'depth': 3.990430456962458e-06, 'geomIdA': 0, 'geomIdB': 1, 'modifiedDepth': 1.647632281276401e-06, 'nhat_AB_W': [0.0, 0.0, 1.0], 'p_WC': [0.0, 0.0, 2.00000222419385], 'p_WCa': [0.0, 0.0, 2.0000042194090786], 'p_WCb': [0.0, 0.0, 2.0000002289786214]}] [[0.0, 0.0, -96.14108124234305, 0.0, 0.0, 0.0], [0.0, 0.0, 96.14108124234305, 0.0, 0.0, 0.0]]
2212 2.1842 0.0008 2.500003 0.013694 -9.810000 None [[0.0, 0.0, 0.0, 0.0, 0.0, 0.0], [0.0, 0.0, 0.0, 0.0, 0.0, 0.0]]
2213 2.1850 0.0010 2.500007 0.005732 -9.810000 None [[0.0, 0.0, 0.0, 0.0, 0.0, 0.0], [0.0, 0.0, 0.0, 0.0, 0.0, 0.0]]
2214 2.1860 0.0004 2.500003 -0.004078 18.779406 [{'depth': 8.36348022176026e-07, 'geomIdA': 0, 'geomIdB': 1, 'modifiedDepth': 0.0, 'nhat_AB_W': [0.0, 0.0, 1.0], 'p_WC': [0.0, 0.0, 2.000003801235067], 'p_WCa': [0.0, 0.0, 2.0000042194090786], 'p_WCb': [0.0, 0.0, 2.000003383061056]}] [[0.0, 0.0, -28.589405594782093, 0.0, 0.0, 0.0], [0.0, 0.0, 28.589405594782093, 0.0, 0.0, 0.0]]
2215 2.1864 0.0006 2.500004 0.002890 -9.810000 None [[0.0, 0.0, 0.0, 0.0, 0.0, 0.0], [0.0, 0.0, 0.0, 0.0, 0.0, 0.0]]
2216 2.1870 0.0004 2.500002 -0.003280 14.342984 [{'depth': 1.8270174864163384e-06, 'geomIdA': 0, 'geomIdB': 1, 'modifiedDepth': 0.0, 'nhat_AB_W': [0.0, 0.0, 1.0], 'p_WC': [0.0, 0.0, 2.0000033059003353], 'p_WCa': [0.0, 0.0, 2.0000042194090786], 'p_WCb': [0.0, 0.0, 2.000002392391592]}] [[0.0, 0.0, -24.152983689307028, 0.0, 0.0, 0.0], [0.0, 0.0, 24.152983689307028, 0.0, 0.0, 0.0]]
2217 2.1874 0.0006 2.500003 0.002240 -9.810000 None [[0.0, 0.0, 0.0, 0.0, 0.0, 0.0], [0.0, 0.0, 0.0, 0.0, 0.0, 0.0]]
2218 2.1880 0.0002 2.500001 -0.003795 126.807339 [{'depth': 3.2991526672851994e-06, 'geomIdA': 0, 'geomIdB': 1, 'modifiedDepth': 2.334204596721179e-06, 'nhat_AB_W': [0.0, 0.0, 1.0], 'p_WC': [0.0, 0.0, 2.000002569832745], 'p_WCa': [0.0, 0.0, 2.0000042194090786], 'p_WCb': [0.0, 0.0, 2.000000920256411]}] [[0.0, 0.0, -136.61733939844123, 0.0, 0.0, 0.0], [0.0, 0.0, 136.61733939844123, 0.0, 0.0, 0.0]]
2219 2.1882 0.0008 2.500005 0.019864 -9.810000 None [[0.0, 0.0, 0.0, 0.0, 0.0, 0.0], [0.0, 0.0, 0.0, 0.0, 0.0, 0.0]]
2220 2.1890 0.0010 2.500014 0.011884 -9.810000 None [[0.0, 0.0, 0.0, 0.0, 0.0, 0.0], [0.0, 0.0, 0.0, 0.0, 0.0, 0.0]]
2221 2.1900 0.0010 2.500016 0.002074 -9.810000 None [[0.0, 0.0, 0.0, 0.0, 0.0, 0.0], [0.0, 0.0, 0.0, 0.0, 0.0, 0.0]]
2222 2.1910 0.0010 2.500009 -0.007736 -9.810000 None [[0.0, 0.0, 0.0, 0.0, 0.0, 0.0], [0.0, 0.0, 0.0, 0.0, 0.0, 0.0]]
2223 2.1920 0.0003 2.499991 -0.017546 94.933991 [{'depth': 1.3133389294988973e-05, 'geomIdA': 0, 'geomIdB': 1, 'modifiedDepth': 0.0, 'nhat_AB_W': [0.0, 0.0, 1.0], 'p_WC': [0.0, 0.0, 1.999997652714431], 'p_WCa': [0.0, 0.0, 2.0000042194090786], 'p_WCb': [0.0, 0.0, 1.9999910860197834]}] [[0.0, 0.0, -104.74399143866754, 0.0, 0.0, 0.0], [0.0, 0.0, 104.74399143866754, 0.0, 0.0, 0.0]]
2224 2.1923 0.0007 2.499996 0.013576 -9.810000 None [[0.0, 0.0, 0.0, 0.0, 0.0, 0.0], [0.0, 0.0, 0.0, 0.0, 0.0, 0.0]]
2225 2.1930 0.0010 2.500000 0.006982 -9.810000 None [[0.0, 0.0, 0.0, 0.0, 0.0, 0.0], [0.0, 0.0, 0.0, 0.0, 0.0, 0.0]]
2226 2.1940 0.0002 2.499997 -0.002828 150.007734 [{'depth': 6.816769249301303e-06, 'geomIdA': 0, 'geomIdB': 1, 'modifiedDepth': 2.8275433088253976e-06, 'nhat_AB_W': [0.0, 0.0, 1.0], 'p_WC': [0.0, 0.0, 2.000000811024454], 'p_WCa': [0.0, 0.0, 2.0000042194090786], 'p_WCb': [0.0, 0.0, 1.999997402639829]}] [[0.0, 0.0, -159.81773364285345, 0.0, 0.0, 0.0], [0.0, 0.0, 159.81773364285345, 0.0, 0.0, 0.0]]
2227 2.1942 0.0008 2.500002 0.024077 -9.810000 None [[0.0, 0.0, 0.0, 0.0, 0.0, 0.0], [0.0, 0.0, 0.0, 0.0, 0.0, 0.0]]
2228 2.1950 0.0010 2.500015 0.016027 -9.810000 None [[0.0, 0.0, 0.0, 0.0, 0.0, 0.0], [0.0, 0.0, 0.0, 0.0, 0.0, 0.0]]
2229 2.1960 0.0010 2.500021 0.006217 -9.810000 None [[0.0, 0.0, 0.0, 0.0, 0.0, 0.0], [0.0, 0.0, 0.0, 0.0, 0.0, 0.0]]
2230 2.1970 0.0010 2.500017 -0.003593 -9.810000 None [[0.0, 0.0, 0.0, 0.0, 0.0, 0.0], [0.0, 0.0, 0.0, 0.0, 0.0, 0.0]]
2231 2.1980 0.0003 2.500004 -0.013403 71.438824 [{'depth': 1.2654398529576884e-07, 'geomIdA': 0, 'geomIdB': 1, 'modifiedDepth': 0.0, 'nhat_AB_W': [0.0, 0.0, 1.0], 'p_WC': [0.0, 0.0, 2.000004156137086], 'p_WCa': [0.0, 0.0, 2.0000042194090786], 'p_WCb': [0.0, 0.0, 2.000004092865093]}] [[0.0, 0.0, -81.24882370028612, 0.0, 0.0, 0.0], [0.0, 0.0, 81.24882370028612, 0.0, 0.0, 0.0]]
2232 2.1983 0.0007 2.500008 0.010301 -9.810000 None [[0.0, 0.0, 0.0, 0.0, 0.0, 0.0], [0.0, 0.0, 0.0, 0.0, 0.0, 0.0]]
2233 2.1990 0.0010 2.500010 0.003747 -9.810000 None [[0.0, 0.0, 0.0, 0.0, 0.0, 0.0], [0.0, 0.0, 0.0, 0.0, 0.0, 0.0]]
2234 2.2000 0.0004 2.500004 -0.006063 29.916062 [{'depth': 2.6832182809499773e-07, 'geomIdA': 0, 'geomIdB': 1, 'modifiedDepth': 0.0, 'nhat_AB_W': [0.0, 0.0, 1.0], 'p_WC': [0.0, 0.0, 2.0000040852481646], 'p_WCa': [0.0, 0.0, 2.0000042194090786], 'p_WCb': [0.0, 0.0, 2.0000039510872503]}] [[0.0, 0.0, -39.72606246833298, 0.0, 0.0, 0.0], [0.0, 0.0, 39.72606246833298, 0.0, 0.0, 0.0]]
2235 2.2004 0.0006 2.500006 0.004482 -9.810000 None [[0.0, 0.0, 0.0, 0.0, 0.0, 0.0], [0.0, 0.0, 0.0, 0.0, 0.0, 0.0]]
2236 2.2010 0.0010 2.500004 -0.001870 -9.810000 None [[0.0, 0.0, 0.0, 0.0, 0.0, 0.0], [0.0, 0.0, 0.0, 0.0, 0.0, 0.0]]
2237 2.2020 0.0003 2.499993 -0.011680 61.671900 [{'depth': 1.1579697961177971e-05, 'geomIdA': 0, 'geomIdB': 1, 'modifiedDepth': 0.0, 'nhat_AB_W': [0.0, 0.0, 1.0], 'p_WC': [0.0, 0.0, 1.9999984295600979], 'p_WCa': [0.0, 0.0, 2.0000042194090786], 'p_WCb': [0.0, 0.0, 1.9999926397111172]}] [[0.0, 0.0, -71.48190040947537, 0.0, 0.0, 0.0], [0.0, 0.0, 71.48190040947537, 0.0, 0.0, 0.0]]
2238 2.2023 0.0007 2.499996 0.008938 -9.810000 None [[0.0, 0.0, 0.0, 0.0, 0.0, 0.0], [0.0, 0.0, 0.0, 0.0, 0.0, 0.0]]
2239 2.2030 0.0010 2.499997 0.002408 -9.810000 None [[0.0, 0.0, 0.0, 0.0, 0.0, 0.0], [0.0, 0.0, 0.0, 0.0, 0.0, 0.0]]
2240 2.2040 0.0002 2.499990 -0.007402 408.356933 [{'depth': 1.4390935065172528e-05, 'geomIdA': 0, 'geomIdB': 1, 'modifiedDepth': 7.402230505437757e-06, 'nhat_AB_W': [0.0, 0.0, 1.0], 'p_WC': [0.0, 0.0, 1.9999970239415459], 'p_WCa': [0.0, 0.0, 2.0000042194090786], 'p_WCb': [0.0, 0.0, 1.9999898284740132]}] [[0.0, 0.0, -418.1669326199793, 0.0, 0.0, 0.0], [0.0, 0.0, 418.1669326199793, 0.0, 0.0, 0.0]]
2241 2.2042 0.0008 2.500001 0.064710 -9.810000 None [[0.0, 0.0, 0.0, 0.0, 0.0, 0.0], [0.0, 0.0, 0.0, 0.0, 0.0, 0.0]]
2242 2.2050 0.0010 2.500048 0.056632 -9.810000 None [[0.0, 0.0, 0.0, 0.0, 0.0, 0.0], [0.0, 0.0, 0.0, 0.0, 0.0, 0.0]]
2243 2.2060 0.0010 2.500095 0.046822 -9.810000 None [[0.0, 0.0, 0.0, 0.0, 0.0, 0.0], [0.0, 0.0, 0.0, 0.0, 0.0, 0.0]]
2244 2.2070 0.0010 2.500132 0.037012 -9.810000 None [[0.0, 0.0, 0.0, 0.0, 0.0, 0.0], [0.0, 0.0, 0.0, 0.0, 0.0, 0.0]]
2245 2.2080 0.0010 2.500159 0.027202 -9.810000 None [[0.0, 0.0, 0.0, 0.0, 0.0, 0.0], [0.0, 0.0, 0.0, 0.0, 0.0, 0.0]]
2246 2.2090 0.0010 2.500176 0.017392 -9.810000 None [[0.0, 0.0, 0.0, 0.0, 0.0, 0.0], [0.0, 0.0, 0.0, 0.0, 0.0, 0.0]]
2247 2.2100 0.0010 2.500184 0.007582 -9.810000 None [[0.0, 0.0, 0.0, 0.0, 0.0, 0.0], [0.0, 0.0, 0.0, 0.0, 0.0, 0.0]]
2248 2.2110 0.0010 2.500182 -0.002228 -9.810000 None [[0.0, 0.0, 0.0, 0.0, 0.0, 0.0], [0.0, 0.0, 0.0, 0.0, 0.0, 0.0]]
2249 2.2120 0.0010 2.500170 -0.012038 -9.810000 None [[0.0, 0.0, 0.0, 0.0, 0.0, 0.0], [0.0, 0.0, 0.0, 0.0, 0.0, 0.0]]
2250 2.2130 0.0010 2.500148 -0.021848 -9.810000 None [[0.0, 0.0, 0.0, 0.0, 0.0, 0.0], [0.0, 0.0, 0.0, 0.0, 0.0, 0.0]]
2251 2.2140 0.0010 2.500116 -0.031658 -9.810000 None [[0.0, 0.0, 0.0, 0.0, 0.0, 0.0], [0.0, 0.0, 0.0, 0.0, 0.0, 0.0]]
2252 2.2150 0.0010 2.500075 -0.041468 -9.810000 None [[0.0, 0.0, 0.0, 0.0, 0.0, 0.0], [0.0, 0.0, 0.0, 0.0, 0.0, 0.0]]
2253 2.2160 0.0010 2.500023 -0.051278 -9.810000 None [[0.0, 0.0, 0.0, 0.0, 0.0, 0.0], [0.0, 0.0, 0.0, 0.0, 0.0, 0.0]]
2254 2.2170 0.0003 2.499962 -0.061088 342.186349 [{'depth': 4.192994303964781e-05, 'geomIdA': 0, 'geomIdB': 1, 'modifiedDepth': 0.0, 'nhat_AB_W': [0.0, 0.0, 1.0], 'p_WC': [0.0, 0.0, 1.9999832544375586], 'p_WCa': [0.0, 0.0, 2.0000042194090786], 'p_WCb': [0.0, 0.0, 1.9999622894660387]}] [[0.0, 0.0, -351.9963485076788, 0.0, 0.0, 0.0], [0.0, 0.0, 351.9963485076788, 0.0, 0.0, 0.0]]
2255 2.2173 0.0007 2.499978 0.047965 -9.810000 None [[0.0, 0.0, 0.0, 0.0, 0.0, 0.0], [0.0, 0.0, 0.0, 0.0, 0.0, 0.0]]
2256 2.2180 0.0010 2.500006 0.041282 -9.810000 None [[0.0, 0.0, 0.0, 0.0, 0.0, 0.0], [0.0, 0.0, 0.0, 0.0, 0.0, 0.0]]
2257 2.2190 0.0010 2.500037 0.031472 -9.810000 None [[0.0, 0.0, 0.0, 0.0, 0.0, 0.0], [0.0, 0.0, 0.0, 0.0, 0.0, 0.0]]
2258 2.2200 0.0010 2.500059 0.021662 -9.810000 None [[0.0, 0.0, 0.0, 0.0, 0.0, 0.0], [0.0, 0.0, 0.0, 0.0, 0.0, 0.0]]
2259 2.2210 0.0010 2.500071 0.011852 -9.810000 None [[0.0, 0.0, 0.0, 0.0, 0.0, 0.0], [0.0, 0.0, 0.0, 0.0, 0.0, 0.0]]
2260 2.2220 0.0010 2.500073 0.002042 -9.810000 None [[0.0, 0.0, 0.0, 0.0, 0.0, 0.0], [0.0, 0.0, 0.0, 0.0, 0.0, 0.0]]
2261 2.2230 0.0010 2.500065 -0.007768 -9.810000 None [[0.0, 0.0, 0.0, 0.0, 0.0, 0.0], [0.0, 0.0, 0.0, 0.0, 0.0, 0.0]]
2262 2.2240 0.0010 2.500047 -0.017578 -9.810000 None [[0.0, 0.0, 0.0, 0.0, 0.0, 0.0], [0.0, 0.0, 0.0, 0.0, 0.0, 0.0]]
2263 2.2250 0.0010 2.500020 -0.027388 -9.810000 None [[0.0, 0.0, 0.0, 0.0, 0.0, 0.0], [0.0, 0.0, 0.0, 0.0, 0.0, 0.0]]
2264 2.2260 0.0003 2.499983 -0.037198 206.506139 [{'depth': 2.1424224360139022e-05, 'geomIdA': 0, 'geomIdB': 1, 'modifiedDepth': 0.0, 'nhat_AB_W': [0.0, 0.0, 1.0], 'p_WC': [0.0, 0.0, 1.9999935072968984], 'p_WCa': [0.0, 0.0, 2.0000042194090786], 'p_WCb': [0.0, 0.0, 1.9999827951847182]}] [[0.0, 0.0, -216.31613916335573, 0.0, 0.0, 0.0], [0.0, 0.0, 216.31613916335573, 0.0, 0.0, 0.0]]
2265 2.2263 0.0007 2.499992 0.029100 -9.810000 None [[0.0, 0.0, 0.0, 0.0, 0.0, 0.0], [0.0, 0.0, 0.0, 0.0, 0.0, 0.0]]
2266 2.2270 0.0010 2.500007 0.022440 -9.810000 None [[0.0, 0.0, 0.0, 0.0, 0.0, 0.0], [0.0, 0.0, 0.0, 0.0, 0.0, 0.0]]
2267 2.2280 0.0010 2.500020 0.012630 -9.810000 None [[0.0, 0.0, 0.0, 0.0, 0.0, 0.0], [0.0, 0.0, 0.0, 0.0, 0.0, 0.0]]
2268 2.2290 0.0010 2.500023 0.002820 -9.810000 None [[0.0, 0.0, 0.0, 0.0, 0.0, 0.0], [0.0, 0.0, 0.0, 0.0, 0.0, 0.0]]
2269 2.2300 0.0010 2.500016 -0.006990 -9.810000 None [[0.0, 0.0, 0.0, 0.0, 0.0, 0.0], [0.0, 0.0, 0.0, 0.0, 0.0, 0.0]]
2270 2.2310 0.0003 2.499999 -0.016800 90.702961 [{'depth': 5.18596166477181e-06, 'geomIdA': 0, 'geomIdB': 1, 'modifiedDepth': 0.0, 'nhat_AB_W': [0.0, 0.0, 1.0], 'p_WC': [0.0, 0.0, 2.0000016264282463], 'p_WCa': [0.0, 0.0, 2.0000042194090786], 'p_WCb': [0.0, 0.0, 1.9999990334474136]}] [[0.0, 0.0, -100.51296070100543, 0.0, 0.0, 0.0], [0.0, 0.0, 100.51296070100543, 0.0, 0.0, 0.0]]
2271 2.2313 0.0007 2.500003 0.012987 -9.810000 None [[0.0, 0.0, 0.0, 0.0, 0.0, 0.0], [0.0, 0.0, 0.0, 0.0, 0.0, 0.0]]
2272 2.2320 0.0010 2.500008 0.006399 -9.810000 None [[0.0, 0.0, 0.0, 0.0, 0.0, 0.0], [0.0, 0.0, 0.0, 0.0, 0.0, 0.0]]
2273 2.2330 0.0004 2.500004 -0.003411 15.070563 [{'depth': 3.504266410914216e-08, 'geomIdA': 0, 'geomIdB': 1, 'modifiedDepth': 0.0, 'nhat_AB_W': [0.0, 0.0, 1.0], 'p_WC': [0.0, 0.0, 2.000004201887746], 'p_WCa': [0.0, 0.0, 2.0000042194090786], 'p_WCb': [0.0, 0.0, 2.0000041843664143]}] [[0.0, 0.0, -24.880563319403308, 0.0, 0.0, 0.0], [0.0, 0.0, 24.880563319403308, 0.0, 0.0, 0.0]]
2274 2.2334 0.0006 2.500005 0.002348 -9.810000 None [[0.0, 0.0, 0.0, 0.0, 0.0, 0.0], [0.0, 0.0, 0.0, 0.0, 0.0, 0.0]]
2275 2.2340 0.0004 2.500003 -0.003713 16.748395 [{'depth': 1.4322788695118054e-06, 'geomIdA': 0, 'geomIdB': 1, 'modifiedDepth': 0.0, 'nhat_AB_W': [0.0, 0.0, 1.0], 'p_WC': [0.0, 0.0, 2.0000035032696437], 'p_WCa': [0.0, 0.0, 2.0000042194090786], 'p_WCb': [0.0, 0.0, 2.000002787130209]}] [[0.0, 0.0, -26.558394707944945, 0.0, 0.0, 0.0], [0.0, 0.0, 26.558394707944945, 0.0, 0.0, 0.0]]
2276 2.2344 0.0006 2.500004 0.002594 -9.810000 None [[0.0, 0.0, 0.0, 0.0, 0.0, 0.0], [0.0, 0.0, 0.0, 0.0, 0.0, 0.0]]
2277 2.2350 0.0002 2.500002 -0.003521 118.514046 [{'depth': 2.650160848777006e-06, 'geomIdA': 0, 'geomIdB': 1, 'modifiedDepth': 2.1949510644603265e-06, 'nhat_AB_W': [0.0, 0.0, 1.0], 'p_WC': [0.0, 0.0, 2.000002894328654], 'p_WCa': [0.0, 0.0, 2.0000042194090786], 'p_WCb': [0.0, 0.0, 2.0000015692482296]}] [[0.0, 0.0, -128.32404574114227, 0.0, 0.0, 0.0], [0.0, 0.0, 128.32404574114227, 0.0, 0.0, 0.0]]
2278 2.2352 0.0008 2.500005 0.018609 -9.810000 None [[0.0, 0.0, 0.0, 0.0, 0.0, 0.0], [0.0, 0.0, 0.0, 0.0, 0.0, 0.0]]
2279 2.2360 0.0010 2.500014 0.010631 -9.810000 None [[0.0, 0.0, 0.0, 0.0, 0.0, 0.0], [0.0, 0.0, 0.0, 0.0, 0.0, 0.0]]
2280 2.2370 0.0010 2.500015 0.000821 -9.810000 None [[0.0, 0.0, 0.0, 0.0, 0.0, 0.0], [0.0, 0.0, 0.0, 0.0, 0.0, 0.0]]
2281 2.2380 0.0010 2.500006 -0.008989 -9.810000 None [[0.0, 0.0, 0.0, 0.0, 0.0, 0.0], [0.0, 0.0, 0.0, 0.0, 0.0, 0.0]]
2282 2.2390 0.0003 2.499987 -0.018799 102.044366 [{'depth': 1.7495729951694017e-05, 'geomIdA': 0, 'geomIdB': 1, 'modifiedDepth': 0.0, 'nhat_AB_W': [0.0, 0.0, 1.0], 'p_WC': [0.0, 0.0, 1.9999954715441026], 'p_WCa': [0.0, 0.0, 2.0000042194090786], 'p_WCb': [0.0, 0.0, 1.9999867236791267]}] [[0.0, 0.0, -111.8543663710819, 0.0, 0.0, 0.0], [0.0, 0.0, 111.8543663710819, 0.0, 0.0, 0.0]]
2283 2.2393 0.0007 2.499991 0.014567 -9.810000 None [[0.0, 0.0, 0.0, 0.0, 0.0, 0.0], [0.0, 0.0, 0.0, 0.0, 0.0, 0.0]]
2284 2.2400 0.0010 2.499997 0.007964 -9.810000 None [[0.0, 0.0, 0.0, 0.0, 0.0, 0.0], [0.0, 0.0, 0.0, 0.0, 0.0, 0.0]]
2285 2.2410 0.0002 2.499995 -0.001846 94.547811 [{'depth': 9.21823309219505e-06, 'geomIdA': 0, 'geomIdB': 1, 'modifiedDepth': 1.8456513832809662e-06, 'nhat_AB_W': [0.0, 0.0, 1.0], 'p_WC': [0.0, 0.0, 1.9999996102925324], 'p_WCa': [0.0, 0.0, 2.0000042194090786], 'p_WCb': [0.0, 0.0, 1.9999950011759862]}] [[0.0, 0.0, -104.3578105193782, 0.0, 0.0, 0.0], [0.0, 0.0, 104.3578105193782, 0.0, 0.0, 0.0]]
2286 2.2412 0.0008 2.499998 0.015347 -9.810000 None [[0.0, 0.0, 0.0, 0.0, 0.0, 0.0], [0.0, 0.0, 0.0, 0.0, 0.0, 0.0]]
2287 2.2420 0.0010 2.500004 0.007321 -9.810000 None [[0.0, 0.0, 0.0, 0.0, 0.0, 0.0], [0.0, 0.0, 0.0, 0.0, 0.0, 0.0]]
2288 2.2430 0.0002 2.500001 -0.002489 130.870529 [{'depth': 2.9261435521341643e-06, 'geomIdA': 0, 'geomIdB': 1, 'modifiedDepth': 2.4887082692437446e-06, 'nhat_AB_W': [0.0, 0.0, 1.0], 'p_WC': [0.0, 0.0, 2.0000027563373024], 'p_WCa': [0.0, 0.0, 2.0000042194090786], 'p_WCb': [0.0, 0.0, 2.0000012932655262]}] [[0.0, 0.0, -140.6805286562623, 0.0, 0.0, 0.0], [0.0, 0.0, 140.6805286562623, 0.0, 0.0, 0.0]]
2289 2.2432 0.0008 2.500005 0.021066 -9.810000 None [[0.0, 0.0, 0.0, 0.0, 0.0, 0.0], [0.0, 0.0, 0.0, 0.0, 0.0, 0.0]]
2290 2.2440 0.0010 2.500016 0.013021 -9.810000 None [[0.0, 0.0, 0.0, 0.0, 0.0, 0.0], [0.0, 0.0, 0.0, 0.0, 0.0, 0.0]]
2291 2.2450 0.0010 2.500019 0.003211 -9.810000 None [[0.0, 0.0, 0.0, 0.0, 0.0, 0.0], [0.0, 0.0, 0.0, 0.0, 0.0, 0.0]]
2292 2.2460 0.0010 2.500012 -0.006599 -9.810000 None [[0.0, 0.0, 0.0, 0.0, 0.0, 0.0], [0.0, 0.0, 0.0, 0.0, 0.0, 0.0]]
2293 2.2470 0.0003 2.499996 -0.016409 88.482973 [{'depth': 8.25311448138777e-06, 'geomIdA': 0, 'geomIdB': 1, 'modifiedDepth': 0.0, 'nhat_AB_W': [0.0, 0.0, 1.0], 'p_WC': [0.0, 0.0, 2.0000000928518378], 'p_WCa': [0.0, 0.0, 2.0000042194090786], 'p_WCb': [0.0, 0.0, 1.999995966294597]}] [[0.0, 0.0, -98.29297329929588, 0.0, 0.0, 0.0], [0.0, 0.0, 98.29297329929588, 0.0, 0.0, 0.0]]
2294 2.2473 0.0007 2.500000 0.012678 -9.810000 None [[0.0, 0.0, 0.0, 0.0, 0.0, 0.0], [0.0, 0.0, 0.0, 0.0, 0.0, 0.0]]
2295 2.2480 0.0010 2.500004 0.006092 -9.810000 None [[0.0, 0.0, 0.0, 0.0, 0.0, 0.0], [0.0, 0.0, 0.0, 0.0, 0.0, 0.0]]
2296 2.2490 0.0004 2.500001 -0.003718 16.770953 [{'depth': 3.7134466250918767e-06, 'geomIdA': 0, 'geomIdB': 1, 'modifiedDepth': 0.0, 'nhat_AB_W': [0.0, 0.0, 1.0], 'p_WC': [0.0, 0.0, 2.000002362685766], 'p_WCa': [0.0, 0.0, 2.0000042194090786], 'p_WCb': [0.0, 0.0, 2.0000005059624533]}] [[0.0, 0.0, -26.5809530668217, 0.0, 0.0, 0.0], [0.0, 0.0, 26.5809530668217, 0.0, 0.0, 0.0]]
2297 2.2494 0.0006 2.500001 0.002598 -9.810000 None [[0.0, 0.0, 0.0, 0.0, 0.0, 0.0], [0.0, 0.0, 0.0, 0.0, 0.0, 0.0]]
2298 2.2500 0.0002 2.499999 -0.003518 118.430969 [{'depth': 4.928861061298307e-06, 'geomIdA': 0, 'geomIdB': 1, 'modifiedDepth': 2.1935494993741145e-06, 'nhat_AB_W': [0.0, 0.0, 1.0], 'p_WC': [0.0, 0.0, 2.000001754978548], 'p_WCa': [0.0, 0.0, 2.0000042194090786], 'p_WCb': [0.0, 0.0, 1.999999290548017]}] [[0.0, 0.0, -128.24096880692673, 0.0, 0.0, 0.0], [0.0, 0.0, 128.24096880692673, 0.0, 0.0, 0.0]]
2299 2.2502 0.0008 2.500003 0.018597 -9.810000 None [[0.0, 0.0, 0.0, 0.0, 0.0, 0.0], [0.0, 0.0, 0.0, 0.0, 0.0, 0.0]]
2300 2.2510 0.0010 2.500011 0.010619 -9.810000 None [[0.0, 0.0, 0.0, 0.0, 0.0, 0.0], [0.0, 0.0, 0.0, 0.0, 0.0, 0.0]]
2301 2.2520 0.0010 2.500012 0.000809 -9.810000 None [[0.0, 0.0, 0.0, 0.0, 0.0, 0.0], [0.0, 0.0, 0.0, 0.0, 0.0, 0.0]]
2302 2.2530 0.0003 2.500003 -0.009001 46.504514 [{'depth': 1.013347074479754e-06, 'geomIdA': 0, 'geomIdB': 1, 'modifiedDepth': 0.0, 'nhat_AB_W': [0.0, 0.0, 1.0], 'p_WC': [0.0, 0.0, 2.0000037127355412], 'p_WCa': [0.0, 0.0, 2.0000042194090786], 'p_WCb': [0.0, 0.0, 2.000003206062004]}] [[0.0, 0.0, -56.31451354247599, 0.0, 0.0, 0.0], [0.0, 0.0, 56.31451354247599, 0.0, 0.0, 0.0]]
2303 2.2533 0.0007 2.500006 0.006816 -9.810000 None [[0.0, 0.0, 0.0, 0.0, 0.0, 0.0], [0.0, 0.0, 0.0, 0.0, 0.0, 0.0]]
2304 2.2540 0.0010 2.500006 0.000343 -9.810000 None [[0.0, 0.0, 0.0, 0.0, 0.0, 0.0], [0.0, 0.0, 0.0, 0.0, 0.0, 0.0]]
2305 2.2550 0.0003 2.499996 -0.009467 49.138185 [{'depth': 7.935381247886398e-06, 'geomIdA': 0, 'geomIdB': 1, 'modifiedDepth': 0.0, 'nhat_AB_W': [0.0, 0.0, 1.0], 'p_WC': [0.0, 0.0, 2.0000002517184545], 'p_WCa': [0.0, 0.0, 2.0000042194090786], 'p_WCb': [0.0, 0.0, 1.9999962840278305]}] [[0.0, 0.0, -58.948184562722915, 0.0, 0.0, 0.0], [0.0, 0.0, 58.948184562722915, 0.0, 0.0, 0.0]]
2306 2.2553 0.0007 2.499999 0.007185 -9.810000 None [[0.0, 0.0, 0.0, 0.0, 0.0, 0.0], [0.0, 0.0, 0.0, 0.0, 0.0, 0.0]]
2307 2.2560 0.0010 2.499999 0.000700 -9.810000 None [[0.0, 0.0, 0.0, 0.0, 0.0, 0.0], [0.0, 0.0, 0.0, 0.0, 0.0, 0.0]]
2308 2.2570 0.0002 2.499990 -0.009110 504.808244 [{'depth': 1.4147902106525834e-05, 'geomIdA': 0, 'geomIdB': 1, 'modifiedDepth': 9.1101880168587e-06, 'nhat_AB_W': [0.0, 0.0, 1.0], 'p_WC': [0.0, 0.0, 1.9999971454580252], 'p_WCa': [0.0, 0.0, 2.0000042194090786], 'p_WCb': [0.0, 0.0, 1.9999900715069718]}] [[0.0, 0.0, -514.618244115646, 0.0, 0.0, 0.0], [0.0, 0.0, 514.618244115646, 0.0, 0.0, 0.0]]
2309 2.2572 0.0008 2.500004 0.079876 -9.810000 None [[0.0, 0.0, 0.0, 0.0, 0.0, 0.0], [0.0, 0.0, 0.0, 0.0, 0.0, 0.0]]
2310 2.2580 0.0010 2.500063 0.071796 -9.810000 None [[0.0, 0.0, 0.0, 0.0, 0.0, 0.0], [0.0, 0.0, 0.0, 0.0, 0.0, 0.0]]
2311 2.2590 0.0010 2.500125 0.061986 -9.810000 None [[0.0, 0.0, 0.0, 0.0, 0.0, 0.0], [0.0, 0.0, 0.0, 0.0, 0.0, 0.0]]
2312 2.2600 0.0010 2.500177 0.052176 -9.810000 None [[0.0, 0.0, 0.0, 0.0, 0.0, 0.0], [0.0, 0.0, 0.0, 0.0, 0.0, 0.0]]
2313 2.2610 0.0010 2.500220 0.042366 -9.810000 None [[0.0, 0.0, 0.0, 0.0, 0.0, 0.0], [0.0, 0.0, 0.0, 0.0, 0.0, 0.0]]
2314 2.2620 0.0010 2.500252 0.032556 -9.810000 None [[0.0, 0.0, 0.0, 0.0, 0.0, 0.0], [0.0, 0.0, 0.0, 0.0, 0.0, 0.0]]
2315 2.2630 0.0010 2.500275 0.022746 -9.810000 None [[0.0, 0.0, 0.0, 0.0, 0.0, 0.0], [0.0, 0.0, 0.0, 0.0, 0.0, 0.0]]
2316 2.2640 0.0010 2.500288 0.012936 -9.810000 None [[0.0, 0.0, 0.0, 0.0, 0.0, 0.0], [0.0, 0.0, 0.0, 0.0, 0.0, 0.0]]
2317 2.2650 0.0010 2.500291 0.003126 -9.810000 None [[0.0, 0.0, 0.0, 0.0, 0.0, 0.0], [0.0, 0.0, 0.0, 0.0, 0.0, 0.0]]
2318 2.2660 0.0010 2.500284 -0.006684 -9.810000 None [[0.0, 0.0, 0.0, 0.0, 0.0, 0.0], [0.0, 0.0, 0.0, 0.0, 0.0, 0.0]]
2319 2.2670 0.0010 2.500268 -0.016494 -9.810000 None [[0.0, 0.0, 0.0, 0.0, 0.0, 0.0], [0.0, 0.0, 0.0, 0.0, 0.0, 0.0]]
2320 2.2680 0.0010 2.500242 -0.026304 -9.810000 None [[0.0, 0.0, 0.0, 0.0, 0.0, 0.0], [0.0, 0.0, 0.0, 0.0, 0.0, 0.0]]
2321 2.2690 0.0010 2.500206 -0.036114 -9.810000 None [[0.0, 0.0, 0.0, 0.0, 0.0, 0.0], [0.0, 0.0, 0.0, 0.0, 0.0, 0.0]]
2322 2.2700 0.0010 2.500160 -0.045924 -9.810000 None [[0.0, 0.0, 0.0, 0.0, 0.0, 0.0], [0.0, 0.0, 0.0, 0.0, 0.0, 0.0]]
2323 2.2710 0.0010 2.500104 -0.055734 -9.810000 None [[0.0, 0.0, 0.0, 0.0, 0.0, 0.0], [0.0, 0.0, 0.0, 0.0, 0.0, 0.0]]
2324 2.2720 0.0010 2.500038 -0.065544 -9.810000 None [[0.0, 0.0, 0.0, 0.0, 0.0, 0.0], [0.0, 0.0, 0.0, 0.0, 0.0, 0.0]]
2325 2.2730 0.0003 2.499963 -0.075354 423.216229 [{'depth': 4.1192335326961424e-05, 'geomIdA': 0, 'geomIdB': 1, 'modifiedDepth': 0.0, 'nhat_AB_W': [0.0, 0.0, 1.0], 'p_WC': [0.0, 0.0, 1.999983623241415], 'p_WCa': [0.0, 0.0, 2.0000042194090786], 'p_WCb': [0.0, 0.0, 1.9999630270737514]}] [[0.0, 0.0, -433.0262286820622, 0.0, 0.0, 0.0], [0.0, 0.0, 433.0262286820622, 0.0, 0.0, 0.0]]
2326 2.2733 0.0007 2.499982 0.059230 -9.810000 None [[0.0, 0.0, 0.0, 0.0, 0.0, 0.0], [0.0, 0.0, 0.0, 0.0, 0.0, 0.0]]
2327 2.2740 0.0010 2.500018 0.052540 -9.810000 None [[0.0, 0.0, 0.0, 0.0, 0.0, 0.0], [0.0, 0.0, 0.0, 0.0, 0.0, 0.0]]
2328 2.2750 0.0010 2.500060 0.042730 -9.810000 None [[0.0, 0.0, 0.0, 0.0, 0.0, 0.0], [0.0, 0.0, 0.0, 0.0, 0.0, 0.0]]
2329 2.2760 0.0010 2.500093 0.032920 -9.810000 None [[0.0, 0.0, 0.0, 0.0, 0.0, 0.0], [0.0, 0.0, 0.0, 0.0, 0.0, 0.0]]
2330 2.2770 0.0010 2.500116 0.023110 -9.810000 None [[0.0, 0.0, 0.0, 0.0, 0.0, 0.0], [0.0, 0.0, 0.0, 0.0, 0.0, 0.0]]
2331 2.2780 0.0010 2.500130 0.013300 -9.810000 None [[0.0, 0.0, 0.0, 0.0, 0.0, 0.0], [0.0, 0.0, 0.0, 0.0, 0.0, 0.0]]
2332 2.2790 0.0010 2.500133 0.003490 -9.810000 None [[0.0, 0.0, 0.0, 0.0, 0.0, 0.0], [0.0, 0.0, 0.0, 0.0, 0.0, 0.0]]
2333 2.2800 0.0010 2.500127 -0.006320 -9.810000 None [[0.0, 0.0, 0.0, 0.0, 0.0, 0.0], [0.0, 0.0, 0.0, 0.0, 0.0, 0.0]]
2334 2.2810 0.0010 2.500111 -0.016130 -9.810000 None [[0.0, 0.0, 0.0, 0.0, 0.0, 0.0], [0.0, 0.0, 0.0, 0.0, 0.0, 0.0]]
2335 2.2820 0.0010 2.500085 -0.025940 -9.810000 None [[0.0, 0.0, 0.0, 0.0, 0.0, 0.0], [0.0, 0.0, 0.0, 0.0, 0.0, 0.0]]
2336 2.2830 0.0010 2.500049 -0.035750 -9.810000 None [[0.0, 0.0, 0.0, 0.0, 0.0, 0.0], [0.0, 0.0, 0.0, 0.0, 0.0, 0.0]]
2337 2.2840 0.0003 2.500004 -0.045560 253.995483 [{'depth': 6.788386823828323e-07, 'geomIdA': 0, 'geomIdB': 1, 'modifiedDepth': 0.0, 'nhat_AB_W': [0.0, 0.0, 1.0], 'p_WC': [0.0, 0.0, 2.0000038799897375], 'p_WCa': [0.0, 0.0, 2.0000042194090786], 'p_WCb': [0.0, 0.0, 2.000003540570396]}] [[0.0, 0.0, -263.8054829459696, 0.0, 0.0, 0.0], [0.0, 0.0, 263.8054829459696, 0.0, 0.0, 0.0]]
2338 2.2843 0.0007 2.500015 0.035704 -9.810000 None [[0.0, 0.0, 0.0, 0.0, 0.0, 0.0], [0.0, 0.0, 0.0, 0.0, 0.0, 0.0]]
2339 2.2850 0.0010 2.500035 0.029033 -9.810000 None [[0.0, 0.0, 0.0, 0.0, 0.0, 0.0], [0.0, 0.0, 0.0, 0.0, 0.0, 0.0]]
2340 2.2860 0.0010 2.500054 0.019223 -9.810000 None [[0.0, 0.0, 0.0, 0.0, 0.0, 0.0], [0.0, 0.0, 0.0, 0.0, 0.0, 0.0]]
2341 2.2870 0.0010 2.500063 0.009413 -9.810000 None [[0.0, 0.0, 0.0, 0.0, 0.0, 0.0], [0.0, 0.0, 0.0, 0.0, 0.0, 0.0]]
2342 2.2880 0.0010 2.500063 -0.000397 -9.810000 None [[0.0, 0.0, 0.0, 0.0, 0.0, 0.0], [0.0, 0.0, 0.0, 0.0, 0.0, 0.0]]
2343 2.2890 0.0010 2.500053 -0.010207 -9.810000 None [[0.0, 0.0, 0.0, 0.0, 0.0, 0.0], [0.0, 0.0, 0.0, 0.0, 0.0, 0.0]]
2344 2.2900 0.0010 2.500033 -0.020017 -9.810000 None [[0.0, 0.0, 0.0, 0.0, 0.0, 0.0], [0.0, 0.0, 0.0, 0.0, 0.0, 0.0]]
2345 2.2910 0.0003 2.500003 -0.029827 164.650465 [{'depth': 1.3257703137590231e-06, 'geomIdA': 0, 'geomIdB': 1, 'modifiedDepth': 0.0, 'nhat_AB_W': [0.0, 0.0, 1.0], 'p_WC': [0.0, 0.0, 2.0000035565239216], 'p_WCa': [0.0, 0.0, 2.0000042194090786], 'p_WCb': [0.0, 0.0, 2.0000028936387646]}] [[0.0, 0.0, -174.46046466872428, 0.0, 0.0, 0.0], [0.0, 0.0, 174.46046466872428, 0.0, 0.0, 0.0]]
2346 2.2913 0.0007 2.500010 0.023279 -9.810000 None [[0.0, 0.0, 0.0, 0.0, 0.0, 0.0], [0.0, 0.0, 0.0, 0.0, 0.0, 0.0]]
2347 2.2920 0.0010 2.500022 0.016633 -9.810000 None [[0.0, 0.0, 0.0, 0.0, 0.0, 0.0], [0.0, 0.0, 0.0, 0.0, 0.0, 0.0]]
2348 2.2930 0.0010 2.500028 0.006823 -9.810000 None [[0.0, 0.0, 0.0, 0.0, 0.0, 0.0], [0.0, 0.0, 0.0, 0.0, 0.0, 0.0]]
2349 2.2940 0.0010 2.500026 -0.002987 -9.810000 None [[0.0, 0.0, 0.0, 0.0, 0.0, 0.0], [0.0, 0.0, 0.0, 0.0, 0.0, 0.0]]
2350 2.2950 0.0010 2.500013 -0.012797 -9.810000 None [[0.0, 0.0, 0.0, 0.0, 0.0, 0.0], [0.0, 0.0, 0.0, 0.0, 0.0, 0.0]]
2351 2.2960 0.0003 2.499990 -0.022607 123.656550 [{'depth': 1.4115824841681502e-05, 'geomIdA': 0, 'geomIdB': 1, 'modifiedDepth': 0.0, 'nhat_AB_W': [0.0, 0.0, 1.0], 'p_WC': [0.0, 0.0, 1.9999971614966576], 'p_WCa': [0.0, 0.0, 2.0000042194090786], 'p_WCb': [0.0, 0.0, 1.9999901035842367]}] [[0.0, 0.0, -133.4665504636923, 0.0, 0.0, 0.0], [0.0, 0.0, 133.4665504636923, 0.0, 0.0, 0.0]]
2352 2.2963 0.0007 2.499996 0.017575 -9.810000 None [[0.0, 0.0, 0.0, 0.0, 0.0, 0.0], [0.0, 0.0, 0.0, 0.0, 0.0, 0.0]]
2353 2.2970 0.0010 2.500003 0.010953 -9.810000 None [[0.0, 0.0, 0.0, 0.0, 0.0, 0.0], [0.0, 0.0, 0.0, 0.0, 0.0, 0.0]]
2354 2.2980 0.0010 2.500004 0.001143 -9.810000 None [[0.0, 0.0, 0.0, 0.0, 0.0, 0.0], [0.0, 0.0, 0.0, 0.0, 0.0, 0.0]]
2355 2.2990 0.0003 2.499996 -0.008667 44.611619 [{'depth': 8.534182908142896e-06, 'geomIdA': 0, 'geomIdB': 1, 'modifiedDepth': 0.0, 'nhat_AB_W': [0.0, 0.0, 1.0], 'p_WC': [0.0, 0.0, 1.9999999523176244], 'p_WCa': [0.0, 0.0, 2.0000042194090786], 'p_WCb': [0.0, 0.0, 1.9999956852261702]}] [[0.0, 0.0, -54.42161908154373, 0.0, 0.0, 0.0], [0.0, 0.0, 54.42161908154373, 0.0, 0.0, 0.0]]
2356 2.2993 0.0007 2.499998 0.006551 -9.810000 None [[0.0, 0.0, 0.0, 0.0, 0.0, 0.0], [0.0, 0.0, 0.0, 0.0, 0.0, 0.0]]
2357 2.3000 0.0010 2.499998 0.000087 -9.810000 None [[0.0, 0.0, 0.0, 0.0, 0.0, 0.0], [0.0, 0.0, 0.0, 0.0, 0.0, 0.0]]
2358 2.3010 0.0002 2.499988 -0.009723 539.395968 [{'depth': 1.5964665313067173e-05, 'geomIdA': 0, 'geomIdB': 1, 'modifiedDepth': 9.722668713241234e-06, 'nhat_AB_W': [0.0, 0.0, 1.0], 'p_WC': [0.0, 0.0, 1.999996237076422], 'p_WCa': [0.0, 0.0, 2.0000042194090786], 'p_WCb': [0.0, 0.0, 1.9999882547437653]}] [[0.0, 0.0, -549.2059682839932, 0.0, 0.0, 0.0], [0.0, 0.0, 549.2059682839932, 0.0, 0.0, 0.0]]
2359 2.3012 0.0008 2.500003 0.085315 -9.810000 None [[0.0, 0.0, 0.0, 0.0, 0.0, 0.0], [0.0, 0.0, 0.0, 0.0, 0.0, 0.0]]
2360 2.3020 0.0010 2.500067 0.077234 -9.810000 None [[0.0, 0.0, 0.0, 0.0, 0.0, 0.0], [0.0, 0.0, 0.0, 0.0, 0.0, 0.0]]
2361 2.3030 0.0010 2.500134 0.067424 -9.810000 None [[0.0, 0.0, 0.0, 0.0, 0.0, 0.0], [0.0, 0.0, 0.0, 0.0, 0.0, 0.0]]
2362 2.3040 0.0010 2.500192 0.057614 -9.810000 None [[0.0, 0.0, 0.0, 0.0, 0.0, 0.0], [0.0, 0.0, 0.0, 0.0, 0.0, 0.0]]
2363 2.3050 0.0010 2.500240 0.047804 -9.810000 None [[0.0, 0.0, 0.0, 0.0, 0.0, 0.0], [0.0, 0.0, 0.0, 0.0, 0.0, 0.0]]
2364 2.3060 0.0010 2.500278 0.037994 -9.810000 None [[0.0, 0.0, 0.0, 0.0, 0.0, 0.0], [0.0, 0.0, 0.0, 0.0, 0.0, 0.0]]
2365 2.3070 0.0010 2.500306 0.028184 -9.810000 None [[0.0, 0.0, 0.0, 0.0, 0.0, 0.0], [0.0, 0.0, 0.0, 0.0, 0.0, 0.0]]
2366 2.3080 0.0010 2.500324 0.018374 -9.810000 None [[0.0, 0.0, 0.0, 0.0, 0.0, 0.0], [0.0, 0.0, 0.0, 0.0, 0.0, 0.0]]
2367 2.3090 0.0010 2.500333 0.008564 -9.810000 None [[0.0, 0.0, 0.0, 0.0, 0.0, 0.0], [0.0, 0.0, 0.0, 0.0, 0.0, 0.0]]
2368 2.3100 0.0010 2.500332 -0.001246 -9.810000 None [[0.0, 0.0, 0.0, 0.0, 0.0, 0.0], [0.0, 0.0, 0.0, 0.0, 0.0, 0.0]]
2369 2.3110 0.0010 2.500321 -0.011056 -9.810000 None [[0.0, 0.0, 0.0, 0.0, 0.0, 0.0], [0.0, 0.0, 0.0, 0.0, 0.0, 0.0]]
2370 2.3120 0.0010 2.500300 -0.020866 -9.810000 None [[0.0, 0.0, 0.0, 0.0, 0.0, 0.0], [0.0, 0.0, 0.0, 0.0, 0.0, 0.0]]
2371 2.3130 0.0010 2.500269 -0.030676 -9.810000 None [[0.0, 0.0, 0.0, 0.0, 0.0, 0.0], [0.0, 0.0, 0.0, 0.0, 0.0, 0.0]]
2372 2.3140 0.0010 2.500229 -0.040486 -9.810000 None [[0.0, 0.0, 0.0, 0.0, 0.0, 0.0], [0.0, 0.0, 0.0, 0.0, 0.0, 0.0]]
2373 2.3150 0.0010 2.500178 -0.050296 -9.810000 None [[0.0, 0.0, 0.0, 0.0, 0.0, 0.0], [0.0, 0.0, 0.0, 0.0, 0.0, 0.0]]
2374 2.3160 0.0010 2.500118 -0.060106 -9.810000 None [[0.0, 0.0, 0.0, 0.0, 0.0, 0.0], [0.0, 0.0, 0.0, 0.0, 0.0, 0.0]]
2375 2.3170 0.0010 2.500048 -0.069916 -9.810000 None [[0.0, 0.0, 0.0, 0.0, 0.0, 0.0], [0.0, 0.0, 0.0, 0.0, 0.0, 0.0]]
2376 2.3180 0.0003 2.499968 -0.079726 448.049286 [{'depth': 3.572883149716688e-05, 'geomIdA': 0, 'geomIdB': 1, 'modifiedDepth': 0.0, 'nhat_AB_W': [0.0, 0.0, 1.0], 'p_WC': [0.0, 0.0, 1.9999863549933299], 'p_WCa': [0.0, 0.0, 2.0000042194090786], 'p_WCb': [0.0, 0.0, 1.9999684905775812]}] [[0.0, 0.0, -457.85928563730664, 0.0, 0.0, 0.0], [0.0, 0.0, 457.85928563730664, 0.0, 0.0, 0.0]]
2377 2.3183 0.0007 2.499988 0.062682 -9.810000 None [[0.0, 0.0, 0.0, 0.0, 0.0, 0.0], [0.0, 0.0, 0.0, 0.0, 0.0, 0.0]]
2378 2.3190 0.0010 2.500027 0.055990 -9.810000 None [[0.0, 0.0, 0.0, 0.0, 0.0, 0.0], [0.0, 0.0, 0.0, 0.0, 0.0, 0.0]]
2379 2.3200 0.0010 2.500073 0.046180 -9.810000 None [[0.0, 0.0, 0.0, 0.0, 0.0, 0.0], [0.0, 0.0, 0.0, 0.0, 0.0, 0.0]]
2380 2.3210 0.0010 2.500109 0.036370 -9.810000 None [[0.0, 0.0, 0.0, 0.0, 0.0, 0.0], [0.0, 0.0, 0.0, 0.0, 0.0, 0.0]]
2381 2.3220 0.0010 2.500136 0.026560 -9.810000 None [[0.0, 0.0, 0.0, 0.0, 0.0, 0.0], [0.0, 0.0, 0.0, 0.0, 0.0, 0.0]]
2382 2.3230 0.0010 2.500152 0.016750 -9.810000 None [[0.0, 0.0, 0.0, 0.0, 0.0, 0.0], [0.0, 0.0, 0.0, 0.0, 0.0, 0.0]]
2383 2.3240 0.0010 2.500159 0.006940 -9.810000 None [[0.0, 0.0, 0.0, 0.0, 0.0, 0.0], [0.0, 0.0, 0.0, 0.0, 0.0, 0.0]]
2384 2.3250 0.0010 2.500157 -0.002870 -9.810000 None [[0.0, 0.0, 0.0, 0.0, 0.0, 0.0], [0.0, 0.0, 0.0, 0.0, 0.0, 0.0]]
2385 2.3260 0.0010 2.500144 -0.012680 -9.810000 None [[0.0, 0.0, 0.0, 0.0, 0.0, 0.0], [0.0, 0.0, 0.0, 0.0, 0.0, 0.0]]
2386 2.3270 0.0010 2.500121 -0.022490 -9.810000 None [[0.0, 0.0, 0.0, 0.0, 0.0, 0.0], [0.0, 0.0, 0.0, 0.0, 0.0, 0.0]]
2387 2.3280 0.0010 2.500089 -0.032300 -9.810000 None [[0.0, 0.0, 0.0, 0.0, 0.0, 0.0], [0.0, 0.0, 0.0, 0.0, 0.0, 0.0]]
2388 2.3290 0.0010 2.500047 -0.042110 -9.810000 None [[0.0, 0.0, 0.0, 0.0, 0.0, 0.0], [0.0, 0.0, 0.0, 0.0, 0.0, 0.0]]
2389 2.3300 0.0003 2.499995 -0.051920 290.113583 [{'depth': 9.179631826455648e-06, 'geomIdA': 0, 'geomIdB': 1, 'modifiedDepth': 0.0, 'nhat_AB_W': [0.0, 0.0, 1.0], 'p_WC': [0.0, 0.0, 1.9999996295931652], 'p_WCa': [0.0, 0.0, 2.0000042194090786], 'p_WCb': [0.0, 0.0, 1.999995039777252]}] [[0.0, 0.0, -299.9235828766494, 0.0, 0.0, 0.0], [0.0, 0.0, 299.9235828766494, 0.0, 0.0, 0.0]]
2390 2.3303 0.0007 2.500008 0.040726 -9.810000 None [[0.0, 0.0, 0.0, 0.0, 0.0, 0.0], [0.0, 0.0, 0.0, 0.0, 0.0, 0.0]]
2391 2.3310 0.0010 2.500031 0.034049 -9.810000 None [[0.0, 0.0, 0.0, 0.0, 0.0, 0.0], [0.0, 0.0, 0.0, 0.0, 0.0, 0.0]]
2392 2.3320 0.0010 2.500055 0.024239 -9.810000 None [[0.0, 0.0, 0.0, 0.0, 0.0, 0.0], [0.0, 0.0, 0.0, 0.0, 0.0, 0.0]]
2393 2.3330 0.0010 2.500070 0.014429 -9.810000 None [[0.0, 0.0, 0.0, 0.0, 0.0, 0.0], [0.0, 0.0, 0.0, 0.0, 0.0, 0.0]]
2394 2.3340 0.0010 2.500075 0.004619 -9.810000 None [[0.0, 0.0, 0.0, 0.0, 0.0, 0.0], [0.0, 0.0, 0.0, 0.0, 0.0, 0.0]]
2395 2.3350 0.0010 2.500069 -0.005191 -9.810000 None [[0.0, 0.0, 0.0, 0.0, 0.0, 0.0], [0.0, 0.0, 0.0, 0.0, 0.0, 0.0]]
2396 2.3360 0.0010 2.500054 -0.015001 -9.810000 None [[0.0, 0.0, 0.0, 0.0, 0.0, 0.0], [0.0, 0.0, 0.0, 0.0, 0.0, 0.0]]
2397 2.3370 0.0010 2.500030 -0.024811 -9.810000 None [[0.0, 0.0, 0.0, 0.0, 0.0, 0.0], [0.0, 0.0, 0.0, 0.0, 0.0, 0.0]]
2398 2.3380 0.0003 2.499995 -0.034621 191.873264 [{'depth': 9.339096355148513e-06, 'geomIdA': 0, 'geomIdB': 1, 'modifiedDepth': 0.0, 'nhat_AB_W': [0.0, 0.0, 1.0], 'p_WC': [0.0, 0.0, 1.999999549860901], 'p_WCa': [0.0, 0.0, 2.0000042194090786], 'p_WCb': [0.0, 0.0, 1.9999948803127232]}] [[0.0, 0.0, -201.68326411652274, 0.0, 0.0, 0.0], [0.0, 0.0, 201.68326411652274, 0.0, 0.0, 0.0]]
2399 2.3383 0.0007 2.500004 0.027065 -9.810000 None [[0.0, 0.0, 0.0, 0.0, 0.0, 0.0], [0.0, 0.0, 0.0, 0.0, 0.0, 0.0]]
2400 2.3390 0.0010 2.500017 0.020409 -9.810000 None [[0.0, 0.0, 0.0, 0.0, 0.0, 0.0], [0.0, 0.0, 0.0, 0.0, 0.0, 0.0]]
2401 2.3400 0.0010 2.500028 0.010599 -9.810000 None [[0.0, 0.0, 0.0, 0.0, 0.0, 0.0], [0.0, 0.0, 0.0, 0.0, 0.0, 0.0]]
2402 2.3410 0.0010 2.500029 0.000789 -9.810000 None [[0.0, 0.0, 0.0, 0.0, 0.0, 0.0], [0.0, 0.0, 0.0, 0.0, 0.0, 0.0]]
2403 2.3420 0.0010 2.500020 -0.009021 -9.810000 None [[0.0, 0.0, 0.0, 0.0, 0.0, 0.0], [0.0, 0.0, 0.0, 0.0, 0.0, 0.0]]
2404 2.3430 0.0003 2.500001 -0.018831 102.224643 [{'depth': 3.2521956023821024e-06, 'geomIdA': 0, 'geomIdB': 1, 'modifiedDepth': 0.0, 'nhat_AB_W': [0.0, 0.0, 1.0], 'p_WC': [0.0, 0.0, 2.0000025933112773], 'p_WCa': [0.0, 0.0, 2.0000042194090786], 'p_WCb': [0.0, 0.0, 2.000000967213476]}] [[0.0, 0.0, -112.03464262236514, 0.0, 0.0, 0.0], [0.0, 0.0, 112.03464262236514, 0.0, 0.0, 0.0]]
2405 2.3433 0.0007 2.500006 0.014592 -9.810000 None [[0.0, 0.0, 0.0, 0.0, 0.0, 0.0], [0.0, 0.0, 0.0, 0.0, 0.0, 0.0]]
2406 2.3440 0.0010 2.500011 0.007989 -9.810000 None [[0.0, 0.0, 0.0, 0.0, 0.0, 0.0], [0.0, 0.0, 0.0, 0.0, 0.0, 0.0]]
2407 2.3450 0.0010 2.500009 -0.001821 -9.810000 None [[0.0, 0.0, 0.0, 0.0, 0.0, 0.0], [0.0, 0.0, 0.0, 0.0, 0.0, 0.0]]
2408 2.3460 0.0003 2.499998 -0.011631 61.391605 [{'depth': 6.555700686533328e-06, 'geomIdA': 0, 'geomIdB': 1, 'modifiedDepth': 0.0, 'nhat_AB_W': [0.0, 0.0, 1.0], 'p_WC': [0.0, 0.0, 2.000000941558735], 'p_WCa': [0.0, 0.0, 2.0000042194090786], 'p_WCb': [0.0, 0.0, 1.9999976637083918]}] [[0.0, 0.0, -71.20160504079146, 0.0, 0.0, 0.0], [0.0, 0.0, 71.20160504079146, 0.0, 0.0, 0.0]]
2409 2.3463 0.0007 2.500001 0.008899 -9.810000 None [[0.0, 0.0, 0.0, 0.0, 0.0, 0.0], [0.0, 0.0, 0.0, 0.0, 0.0, 0.0]]
2410 2.3470 0.0010 2.500002 0.002369 -9.810000 None [[0.0, 0.0, 0.0, 0.0, 0.0, 0.0], [0.0, 0.0, 0.0, 0.0, 0.0, 0.0]]
2411 2.3480 0.0002 2.499995 -0.007441 410.522025 [{'depth': 9.443347056997454e-06, 'geomIdA': 0, 'geomIdB': 1, 'modifiedDepth': 7.44056979051777e-06, 'nhat_AB_W': [0.0, 0.0, 1.0], 'p_WC': [0.0, 0.0, 1.99999949773555], 'p_WCa': [0.0, 0.0, 2.0000042194090786], 'p_WCb': [0.0, 0.0, 1.9999947760620214]}] [[0.0, 0.0, -420.3320254543987, 0.0, 0.0, 0.0], [0.0, 0.0, 420.3320254543987, 0.0, 0.0, 0.0]]
2412 2.3482 0.0008 2.500006 0.065050 -9.810000 None [[0.0, 0.0, 0.0, 0.0, 0.0, 0.0], [0.0, 0.0, 0.0, 0.0, 0.0, 0.0]]
2413 2.3490 0.0010 2.500053 0.056972 -9.810000 None [[0.0, 0.0, 0.0, 0.0, 0.0, 0.0], [0.0, 0.0, 0.0, 0.0, 0.0, 0.0]]
2414 2.3500 0.0010 2.500100 0.047162 -9.810000 None [[0.0, 0.0, 0.0, 0.0, 0.0, 0.0], [0.0, 0.0, 0.0, 0.0, 0.0, 0.0]]
2415 2.3510 0.0010 2.500138 0.037352 -9.810000 None [[0.0, 0.0, 0.0, 0.0, 0.0, 0.0], [0.0, 0.0, 0.0, 0.0, 0.0, 0.0]]
2416 2.3520 0.0010 2.500165 0.027542 -9.810000 None [[0.0, 0.0, 0.0, 0.0, 0.0, 0.0], [0.0, 0.0, 0.0, 0.0, 0.0, 0.0]]
2417 2.3530 0.0010 2.500183 0.017732 -9.810000 None [[0.0, 0.0, 0.0, 0.0, 0.0, 0.0], [0.0, 0.0, 0.0, 0.0, 0.0, 0.0]]
2418 2.3540 0.0010 2.500191 0.007922 -9.810000 None [[0.0, 0.0, 0.0, 0.0, 0.0, 0.0], [0.0, 0.0, 0.0, 0.0, 0.0, 0.0]]
2419 2.3550 0.0010 2.500189 -0.001888 -9.810000 None [[0.0, 0.0, 0.0, 0.0, 0.0, 0.0], [0.0, 0.0, 0.0, 0.0, 0.0, 0.0]]
2420 2.3560 0.0010 2.500177 -0.011698 -9.810000 None [[0.0, 0.0, 0.0, 0.0, 0.0, 0.0], [0.0, 0.0, 0.0, 0.0, 0.0, 0.0]]
2421 2.3570 0.0010 2.500156 -0.021508 -9.810000 None [[0.0, 0.0, 0.0, 0.0, 0.0, 0.0], [0.0, 0.0, 0.0, 0.0, 0.0, 0.0]]
2422 2.3580 0.0010 2.500124 -0.031318 -9.810000 None [[0.0, 0.0, 0.0, 0.0, 0.0, 0.0], [0.0, 0.0, 0.0, 0.0, 0.0, 0.0]]
2423 2.3590 0.0010 2.500083 -0.041128 -9.810000 None [[0.0, 0.0, 0.0, 0.0, 0.0, 0.0], [0.0, 0.0, 0.0, 0.0, 0.0, 0.0]]
2424 2.3600 0.0010 2.500032 -0.050938 -9.810000 None [[0.0, 0.0, 0.0, 0.0, 0.0, 0.0], [0.0, 0.0, 0.0, 0.0, 0.0, 0.0]]
2425 2.3610 0.0003 2.499972 -0.060748 340.253075 [{'depth': 3.255746640485313e-05, 'geomIdA': 0, 'geomIdB': 1, 'modifiedDepth': 0.0, 'nhat_AB_W': [0.0, 0.0, 1.0], 'p_WC': [0.0, 0.0, 1.999987940675876], 'p_WCa': [0.0, 0.0, 2.0000042194090786], 'p_WCb': [0.0, 0.0, 1.9999716619426735]}] [[0.0, 0.0, -350.06307453469617, 0.0, 0.0, 0.0], [0.0, 0.0, 350.06307453469617, 0.0, 0.0, 0.0]]
2426 2.3613 0.0007 2.499987 0.047697 -9.810000 None [[0.0, 0.0, 0.0, 0.0, 0.0, 0.0], [0.0, 0.0, 0.0, 0.0, 0.0, 0.0]]
2427 2.3620 0.0010 2.500015 0.041013 -9.810000 None [[0.0, 0.0, 0.0, 0.0, 0.0, 0.0], [0.0, 0.0, 0.0, 0.0, 0.0, 0.0]]
2428 2.3630 0.0010 2.500046 0.031203 -9.810000 None [[0.0, 0.0, 0.0, 0.0, 0.0, 0.0], [0.0, 0.0, 0.0, 0.0, 0.0, 0.0]]
2429 2.3640 0.0010 2.500067 0.021393 -9.810000 None [[0.0, 0.0, 0.0, 0.0, 0.0, 0.0], [0.0, 0.0, 0.0, 0.0, 0.0, 0.0]]
2430 2.3650 0.0010 2.500079 0.011583 -9.810000 None [[0.0, 0.0, 0.0, 0.0, 0.0, 0.0], [0.0, 0.0, 0.0, 0.0, 0.0, 0.0]]
2431 2.3660 0.0010 2.500081 0.001773 -9.810000 None [[0.0, 0.0, 0.0, 0.0, 0.0, 0.0], [0.0, 0.0, 0.0, 0.0, 0.0, 0.0]]
2432 2.3670 0.0010 2.500073 -0.008037 -9.810000 None [[0.0, 0.0, 0.0, 0.0, 0.0, 0.0], [0.0, 0.0, 0.0, 0.0, 0.0, 0.0]]
2433 2.3680 0.0010 2.500055 -0.017847 -9.810000 None [[0.0, 0.0, 0.0, 0.0, 0.0, 0.0], [0.0, 0.0, 0.0, 0.0, 0.0, 0.0]]
2434 2.3690 0.0010 2.500027 -0.027657 -9.810000 None [[0.0, 0.0, 0.0, 0.0, 0.0, 0.0], [0.0, 0.0, 0.0, 0.0, 0.0, 0.0]]
2435 2.3700 0.0003 2.499990 -0.037467 208.031306 [{'depth': 1.44688005081548e-05, 'geomIdA': 0, 'geomIdB': 1, 'modifiedDepth': 0.0, 'nhat_AB_W': [0.0, 0.0, 1.0], 'p_WC': [0.0, 0.0, 1.9999969850088244], 'p_WCa': [0.0, 0.0, 2.0000042194090786], 'p_WCb': [0.0, 0.0, 1.9999897506085702]}] [[0.0, 0.0, -217.8413064504049, 0.0, 0.0, 0.0], [0.0, 0.0, 217.8413064504049, 0.0, 0.0, 0.0]]
2436 2.3703 0.0007 2.499999 0.029313 -9.810000 None [[0.0, 0.0, 0.0, 0.0, 0.0, 0.0], [0.0, 0.0, 0.0, 0.0, 0.0, 0.0]]
2437 2.3710 0.0010 2.500015 0.022652 -9.810000 None [[0.0, 0.0, 0.0, 0.0, 0.0, 0.0], [0.0, 0.0, 0.0, 0.0, 0.0, 0.0]]
2438 2.3720 0.0010 2.500027 0.012842 -9.810000 None [[0.0, 0.0, 0.0, 0.0, 0.0, 0.0], [0.0, 0.0, 0.0, 0.0, 0.0, 0.0]]
2439 2.3730 0.0010 2.500030 0.003032 -9.810000 None [[0.0, 0.0, 0.0, 0.0, 0.0, 0.0], [0.0, 0.0, 0.0, 0.0, 0.0, 0.0]]
2440 2.3740 0.0010 2.500024 -0.006778 -9.810000 None [[0.0, 0.0, 0.0, 0.0, 0.0, 0.0], [0.0, 0.0, 0.0, 0.0, 0.0, 0.0]]
2441 2.3750 0.0010 2.500007 -0.016588 -9.810000 None [[0.0, 0.0, 0.0, 0.0, 0.0, 0.0], [0.0, 0.0, 0.0, 0.0, 0.0, 0.0]]
2442 2.3760 0.0003 2.499981 -0.026398 145.181444 [{'depth': 2.3570672619715794e-05, 'geomIdA': 0, 'geomIdB': 1, 'modifiedDepth': 0.0, 'nhat_AB_W': [0.0, 0.0, 1.0], 'p_WC': [0.0, 0.0, 1.9999924340727686], 'p_WCa': [0.0, 0.0, 2.0000042194090786], 'p_WCb': [0.0, 0.0, 1.9999806487364586]}] [[0.0, 0.0, -154.99144394691598, 0.0, 0.0, 0.0], [0.0, 0.0, 154.99144394691598, 0.0, 0.0, 0.0]]
2443 2.3763 0.0007 2.499987 0.020571 -9.810000 None [[0.0, 0.0, 0.0, 0.0, 0.0, 0.0], [0.0, 0.0, 0.0, 0.0, 0.0, 0.0]]
2444 2.3770 0.0010 2.499997 0.013934 -9.810000 None [[0.0, 0.0, 0.0, 0.0, 0.0, 0.0], [0.0, 0.0, 0.0, 0.0, 0.0, 0.0]]
2445 2.3780 0.0010 2.500001 0.004124 -9.810000 None [[0.0, 0.0, 0.0, 0.0, 0.0, 0.0], [0.0, 0.0, 0.0, 0.0, 0.0, 0.0]]
2446 2.3790 0.0002 2.499995 -0.005686 311.412171 [{'depth': 9.050358136480697e-06, 'geomIdA': 0, 'geomIdB': 1, 'modifiedDepth': 5.685550127143557e-06, 'nhat_AB_W': [0.0, 0.0, 1.0], 'p_WC': [0.0, 0.0, 1.9999996942300102], 'p_WCa': [0.0, 0.0, 2.0000042194090786], 'p_WCb': [0.0, 0.0, 1.9999951690509419]}] [[0.0, 0.0, -321.22217138913226, 0.0, 0.0, 0.0], [0.0, 0.0, 321.22217138913226, 0.0, 0.0, 0.0]]
2447 2.3792 0.0008 2.500004 0.049464 -9.810000 None [[0.0, 0.0, 0.0, 0.0, 0.0, 0.0], [0.0, 0.0, 0.0, 0.0, 0.0, 0.0]]
2448 2.3800 0.0010 2.500038 0.041392 -9.810000 None [[0.0, 0.0, 0.0, 0.0, 0.0, 0.0], [0.0, 0.0, 0.0, 0.0, 0.0, 0.0]]
2449 2.3810 0.0010 2.500070 0.031582 -9.810000 None [[0.0, 0.0, 0.0, 0.0, 0.0, 0.0], [0.0, 0.0, 0.0, 0.0, 0.0, 0.0]]
2450 2.3820 0.0010 2.500091 0.021772 -9.810000 None [[0.0, 0.0, 0.0, 0.0, 0.0, 0.0], [0.0, 0.0, 0.0, 0.0, 0.0, 0.0]]
2451 2.3830 0.0010 2.500103 0.011962 -9.810000 None [[0.0, 0.0, 0.0, 0.0, 0.0, 0.0], [0.0, 0.0, 0.0, 0.0, 0.0, 0.0]]
2452 2.3840 0.0010 2.500105 0.002152 -9.810000 None [[0.0, 0.0, 0.0, 0.0, 0.0, 0.0], [0.0, 0.0, 0.0, 0.0, 0.0, 0.0]]
2453 2.3850 0.0010 2.500098 -0.007658 -9.810000 None [[0.0, 0.0, 0.0, 0.0, 0.0, 0.0], [0.0, 0.0, 0.0, 0.0, 0.0, 0.0]]
2454 2.3860 0.0010 2.500080 -0.017468 -9.810000 None [[0.0, 0.0, 0.0, 0.0, 0.0, 0.0], [0.0, 0.0, 0.0, 0.0, 0.0, 0.0]]
2455 2.3870 0.0010 2.500053 -0.027278 -9.810000 None [[0.0, 0.0, 0.0, 0.0, 0.0, 0.0], [0.0, 0.0, 0.0, 0.0, 0.0, 0.0]]
2456 2.3880 0.0010 2.500016 -0.037088 -9.810000 None [[0.0, 0.0, 0.0, 0.0, 0.0, 0.0], [0.0, 0.0, 0.0, 0.0, 0.0, 0.0]]
2457 2.3890 0.0003 2.499969 -0.046898 261.594264 [{'depth': 3.515407999299924e-05, 'geomIdA': 0, 'geomIdB': 1, 'modifiedDepth': 0.0, 'nhat_AB_W': [0.0, 0.0, 1.0], 'p_WC': [0.0, 0.0, 1.999986642369082], 'p_WCa': [0.0, 0.0, 2.0000042194090786], 'p_WCb': [0.0, 0.0, 1.9999690653290854]}] [[0.0, 0.0, -271.4042641804771, 0.0, 0.0, 0.0], [0.0, 0.0, 271.4042641804771, 0.0, 0.0, 0.0]]
2458 2.3893 0.0007 2.499981 0.036761 -9.810000 None [[0.0, 0.0, 0.0, 0.0, 0.0, 0.0], [0.0, 0.0, 0.0, 0.0, 0.0, 0.0]]
2459 2.3900 0.0010 2.500001 0.030088 -9.810000 None [[0.0, 0.0, 0.0, 0.0, 0.0, 0.0], [0.0, 0.0, 0.0, 0.0, 0.0, 0.0]]
2460 2.3910 0.0010 2.500022 0.020278 -9.810000 None [[0.0, 0.0, 0.0, 0.0, 0.0, 0.0], [0.0, 0.0, 0.0, 0.0, 0.0, 0.0]]
2461 2.3920 0.0010 2.500032 0.010468 -9.810000 None [[0.0, 0.0, 0.0, 0.0, 0.0, 0.0], [0.0, 0.0, 0.0, 0.0, 0.0, 0.0]]
2462 2.3930 0.0010 2.500033 0.000658 -9.810000 None [[0.0, 0.0, 0.0, 0.0, 0.0, 0.0], [0.0, 0.0, 0.0, 0.0, 0.0, 0.0]]
2463 2.3940 0.0010 2.500024 -0.009152 -9.810000 None [[0.0, 0.0, 0.0, 0.0, 0.0, 0.0], [0.0, 0.0, 0.0, 0.0, 0.0, 0.0]]
2464 2.3950 0.0010 2.500005 -0.018962 -9.810000 None [[0.0, 0.0, 0.0, 0.0, 0.0, 0.0], [0.0, 0.0, 0.0, 0.0, 0.0, 0.0]]
2465 2.3960 0.0003 2.499976 -0.028772 158.659235 [{'depth': 2.8415306653212014e-05, 'geomIdA': 0, 'geomIdB': 1, 'modifiedDepth': 0.0, 'nhat_AB_W': [0.0, 0.0, 1.0], 'p_WC': [0.0, 0.0, 1.9999900117557519], 'p_WCa': [0.0, 0.0, 2.0000042194090786], 'p_WCb': [0.0, 0.0, 1.9999758041024251]}] [[0.0, 0.0, -168.46923475520393, 0.0, 0.0, 0.0], [0.0, 0.0, 168.46923475520393, 0.0, 0.0, 0.0]]
2466 2.3963 0.0007 2.499983 0.022446 -9.810000 None [[0.0, 0.0, 0.0, 0.0, 0.0, 0.0], [0.0, 0.0, 0.0, 0.0, 0.0, 0.0]]
2467 2.3970 0.0010 2.499994 0.015803 -9.810000 None [[0.0, 0.0, 0.0, 0.0, 0.0, 0.0], [0.0, 0.0, 0.0, 0.0, 0.0, 0.0]]
2468 2.3980 0.0010 2.500000 0.005993 -9.810000 None [[0.0, 0.0, 0.0, 0.0, 0.0, 0.0], [0.0, 0.0, 0.0, 0.0, 0.0, 0.0]]
2469 2.3990 0.0002 2.499996 -0.003817 205.912610 [{'depth': 8.293055632663027e-06, 'geomIdA': 0, 'geomIdB': 1, 'modifiedDepth': 3.817425297203414e-06, 'nhat_AB_W': [0.0, 0.0, 1.0], 'p_WC': [0.0, 0.0, 2.000000072881262], 'p_WCa': [0.0, 0.0, 2.0000042194090786], 'p_WCb': [0.0, 0.0, 1.9999959263534457]}] [[0.0, 0.0, -215.72261024399086, 0.0, 0.0, 0.0], [0.0, 0.0, 215.72261024399086, 0.0, 0.0, 0.0]]
2470 2.3992 0.0008 2.500002 0.032872 -9.810000 None [[0.0, 0.0, 0.0, 0.0, 0.0, 0.0], [0.0, 0.0, 0.0, 0.0, 0.0, 0.0]]
2471 2.4000 0.0010 2.500022 0.024810 -9.810000 None [[0.0, 0.0, 0.0, 0.0, 0.0, 0.0], [0.0, 0.0, 0.0, 0.0, 0.0, 0.0]]
2472 2.4010 0.0010 2.500037 0.015000 -9.810000 None [[0.0, 0.0, 0.0, 0.0, 0.0, 0.0], [0.0, 0.0, 0.0, 0.0, 0.0, 0.0]]
2473 2.4020 0.0010 2.500042 0.005190 -9.810000 None [[0.0, 0.0, 0.0, 0.0, 0.0, 0.0], [0.0, 0.0, 0.0, 0.0, 0.0, 0.0]]
2474 2.4030 0.0010 2.500038 -0.004620 -9.810000 None [[0.0, 0.0, 0.0, 0.0, 0.0, 0.0], [0.0, 0.0, 0.0, 0.0, 0.0, 0.0]]
2475 2.4040 0.0010 2.500023 -0.014430 -9.810000 None [[0.0, 0.0, 0.0, 0.0, 0.0, 0.0], [0.0, 0.0, 0.0, 0.0, 0.0, 0.0]]
2476 2.4050 0.0003 2.499999 -0.024240 132.929341 [{'depth': 5.147858186177246e-06, 'geomIdA': 0, 'geomIdB': 1, 'modifiedDepth': 0.0, 'nhat_AB_W': [0.0, 0.0, 1.0], 'p_WC': [0.0, 0.0, 2.000001645479985], 'p_WCa': [0.0, 0.0, 2.0000042194090786], 'p_WCb': [0.0, 0.0, 1.9999990715508922]}] [[0.0, 0.0, -142.73934106505428, 0.0, 0.0, 0.0], [0.0, 0.0, 142.73934106505428, 0.0, 0.0, 0.0]]
2477 2.4053 0.0007 2.500005 0.018866 -9.810000 None [[0.0, 0.0, 0.0, 0.0, 0.0, 0.0], [0.0, 0.0, 0.0, 0.0, 0.0, 0.0]]
2478 2.4060 0.0010 2.500013 0.012237 -9.810000 None [[0.0, 0.0, 0.0, 0.0, 0.0, 0.0], [0.0, 0.0, 0.0, 0.0, 0.0, 0.0]]
2479 2.4070 0.0010 2.500016 0.002427 -9.810000 None [[0.0, 0.0, 0.0, 0.0, 0.0, 0.0], [0.0, 0.0, 0.0, 0.0, 0.0, 0.0]]
2480 2.4080 0.0010 2.500009 -0.007383 -9.810000 None [[0.0, 0.0, 0.0, 0.0, 0.0, 0.0], [0.0, 0.0, 0.0, 0.0, 0.0, 0.0]]
2481 2.4090 0.0003 2.499991 -0.017193 92.931873 [{'depth': 1.2909803109867113e-05, 'geomIdA': 0, 'geomIdB': 1, 'modifiedDepth': 0.0, 'nhat_AB_W': [0.0, 0.0, 1.0], 'p_WC': [0.0, 0.0, 1.9999977645075235], 'p_WCa': [0.0, 0.0, 2.0000042194090786], 'p_WCb': [0.0, 0.0, 1.9999913096059685]}] [[0.0, 0.0, -102.74187320745452, 0.0, 0.0, 0.0], [0.0, 0.0, 102.74187320745452, 0.0, 0.0, 0.0]]
2482 2.4093 0.0007 2.499996 0.013298 -9.810000 None [[0.0, 0.0, 0.0, 0.0, 0.0, 0.0], [0.0, 0.0, 0.0, 0.0, 0.0, 0.0]]
2483 2.4100 0.0010 2.500000 0.006706 -9.810000 None [[0.0, 0.0, 0.0, 0.0, 0.0, 0.0], [0.0, 0.0, 0.0, 0.0, 0.0, 0.0]]
2484 2.4110 0.0002 2.499997 -0.003104 165.612917 [{'depth': 7.144905073591446e-06, 'geomIdA': 0, 'geomIdB': 1, 'modifiedDepth': 3.1038506862479665e-06, 'nhat_AB_W': [0.0, 0.0, 1.0], 'p_WC': [0.0, 0.0, 2.0000006469565417], 'p_WCa': [0.0, 0.0, 2.0000042194090786], 'p_WCb': [0.0, 0.0, 1.9999970745040048]}] [[0.0, 0.0, -175.42291739830574, 0.0, 0.0, 0.0], [0.0, 0.0, 175.42291739830574, 0.0, 0.0, 0.0]]
2485 2.4112 0.0008 2.500002 0.026532 -9.810000 None [[0.0, 0.0, 0.0, 0.0, 0.0, 0.0], [0.0, 0.0, 0.0, 0.0, 0.0, 0.0]]
2486 2.4120 0.0010 2.500017 0.018478 -9.810000 None [[0.0, 0.0, 0.0, 0.0, 0.0, 0.0], [0.0, 0.0, 0.0, 0.0, 0.0, 0.0]]
2487 2.4130 0.0010 2.500026 0.008668 -9.810000 None [[0.0, 0.0, 0.0, 0.0, 0.0, 0.0], [0.0, 0.0, 0.0, 0.0, 0.0, 0.0]]
2488 2.4140 0.0010 2.500025 -0.001142 -9.810000 None [[0.0, 0.0, 0.0, 0.0, 0.0, 0.0], [0.0, 0.0, 0.0, 0.0, 0.0, 0.0]]
2489 2.4150 0.0010 2.500014 -0.010952 -9.810000 None [[0.0, 0.0, 0.0, 0.0, 0.0, 0.0], [0.0, 0.0, 0.0, 0.0, 0.0, 0.0]]
2490 2.4160 0.0003 2.499993 -0.020762 113.186699 [{'depth': 1.1414383166435727e-05, 'geomIdA': 0, 'geomIdB': 1, 'modifiedDepth': 0.0, 'nhat_AB_W': [0.0, 0.0, 1.0], 'p_WC': [0.0, 0.0, 1.9999985122174953], 'p_WCa': [0.0, 0.0, 2.0000042194090786], 'p_WCb': [0.0, 0.0, 1.999992805025912]}] [[0.0, 0.0, -122.99669927112556, 0.0, 0.0, 0.0], [0.0, 0.0, 122.99669927112556, 0.0, 0.0, 0.0]]
2491 2.4163 0.0007 2.499998 0.016118 -9.810000 None [[0.0, 0.0, 0.0, 0.0, 0.0, 0.0], [0.0, 0.0, 0.0, 0.0, 0.0, 0.0]]
2492 2.4170 0.0010 2.500004 0.009505 -9.810000 None [[0.0, 0.0, 0.0, 0.0, 0.0, 0.0], [0.0, 0.0, 0.0, 0.0, 0.0, 0.0]]
2493 2.4180 0.0010 2.500004 -0.000305 0.664690 [{'depth': 6.02511780520847e-08, 'geomIdA': 0, 'geomIdB': 1, 'modifiedDepth': 0.0, 'nhat_AB_W': [0.0, 0.0, 1.0], 'p_WC': [0.0, 0.0, 2.0000041892834894], 'p_WCa': [0.0, 0.0, 2.0000042194090786], 'p_WCb': [0.0, 0.0, 2.0000041591579003]}] [[0.0, 0.0, -10.47468978004912, 0.0, 0.0, 0.0], [0.0, 0.0, 10.47468978004912, 0.0, 0.0, 0.0]]
2494 2.4190 0.0010 2.500005 0.000359 -0.581041 [{'depth': 1.3196401229942678e-07, 'geomIdA': 0, 'geomIdB': 1, 'modifiedDepth': 1.3196401229942678e-07, 'nhat_AB_W': [0.0, 0.0, 1.0], 'p_WC': [0.0, 0.0, 2.0000041892834894], 'p_WCa': [0.0, 0.0, 2.0000042194090786], 'p_WCb': [0.0, 0.0, 2.0000041591579003]}] [[0.0, 0.0, -9.228959082407242, 0.0, 0.0, 0.0], [0.0, 0.0, 9.228959082407242, 0.0, 0.0, 0.0]]
2495 2.4200 0.0010 2.500004 -0.000222 0.320505 [{'depth': 9.266562904952495e-08, 'geomIdA': 0, 'geomIdB': 1, 'modifiedDepth': 9.266562904952495e-08, 'nhat_AB_W': [0.0, 0.0, 1.0], 'p_WC': [0.0, 0.0, 2.0000041892834894], 'p_WCa': [0.0, 0.0, 2.0000042194090786], 'p_WCb': [0.0, 0.0, 2.0000041591579003]}] [[0.0, 0.0, -10.130505011299203, 0.0, 0.0, 0.0], [0.0, 0.0, 10.130505011299203, 0.0, 0.0, 0.0]]
2496 2.4210 0.0010 2.500004 0.000099 -0.128954 [{'depth': 9.492868165252972e-08, 'geomIdA': 0, 'geomIdB': 1, 'modifiedDepth': 9.492868165252972e-08, 'nhat_AB_W': [0.0, 0.0, 1.0], 'p_WC': [0.0, 0.0, 2.0000041892834894], 'p_WCa': [0.0, 0.0, 2.0000042194090786], 'p_WCb': [0.0, 0.0, 2.0000041591579003]}] [[0.0, 0.0, -9.68104581122024, 0.0, 0.0, 0.0], [0.0, 0.0, 9.68104581122024, 0.0, 0.0, 0.0]]
2497 2.4220 0.0010 2.500004 -0.000030 0.032533 [{'depth': 1.0187137474246648e-07, 'geomIdA': 0, 'geomIdB': 1, 'modifiedDepth': 1.0187137474246648e-07, 'nhat_AB_W': [0.0, 0.0, 1.0], 'p_WC': [0.0, 0.0, 2.0000041892834894], 'p_WCa': [0.0, 0.0, 2.0000042194090786], 'p_WCb': [0.0, 0.0, 2.0000041591579003]}] [[0.0, 0.0, -9.842533347887864, 0.0, 0.0, 0.0], [0.0, 0.0, 9.842533347887864, 0.0, 0.0, 0.0]]
2498 2.4230 0.0010 2.500004 0.000002 0.002524 [{'depth': 9.576465395522707e-08, 'geomIdA': 0, 'geomIdB': 1, 'modifiedDepth': 9.576465395522707e-08, 'nhat_AB_W': [0.0, 0.0, 1.0], 'p_WC': [0.0, 0.0, 2.0000041892834894], 'p_WCa': [0.0, 0.0, 2.0000042194090786], 'p_WCb': [0.0, 0.0, 2.0000041591579003]}] [[0.0, 0.0, -9.812523785981917, 0.0, 0.0, 0.0], [0.0, 0.0, 9.812523785981917, 0.0, 0.0, 0.0]]
2499 2.4240 0.0010 2.500004 0.000005 -0.009296 [{'depth': 9.914278452819666e-08, 'geomIdA': 0, 'geomIdB': 1, 'modifiedDepth': 9.914278452819666e-08, 'nhat_AB_W': [0.0, 0.0, 1.0], 'p_WC': [0.0, 0.0, 2.0000041892834894], 'p_WCa': [0.0, 0.0, 2.0000042194090786], 'p_WCb': [0.0, 0.0, 2.0000041591579003]}] [[0.0, 0.0, -9.800704492680518, 0.0, 0.0, 0.0], [0.0, 0.0, 9.800704492680518, 0.0, 0.0, 0.0]]
2500 2.4250 0.0010 2.500004 -0.000004 0.006937 [{'depth': 9.77797073928522e-08, 'geomIdA': 0, 'geomIdB': 1, 'modifiedDepth': 9.77797073928522e-08, 'nhat_AB_W': [0.0, 0.0, 1.0], 'p_WC': [0.0, 0.0, 2.0000041892834894], 'p_WCa': [0.0, 0.0, 2.0000042194090786], 'p_WCb': [0.0, 0.0, 2.0000041591579003]}] [[0.0, 0.0, -9.816937019045495, 0.0, 0.0, 0.0], [0.0, 0.0, 9.816937019045495, 0.0, 0.0, 0.0]]
2501 2.4260 0.0010 2.500004 0.000002 -0.003523 [{'depth': 9.812575388294957e-08, 'geomIdA': 0, 'geomIdB': 1, 'modifiedDepth': 9.812575388294957e-08, 'nhat_AB_W': [0.0, 0.0, 1.0], 'p_WC': [0.0, 0.0, 2.0000041892834894], 'p_WCa': [0.0, 0.0, 2.0000042194090786], 'p_WCb': [0.0, 0.0, 2.0000041591579003]}] [[0.0, 0.0, -9.806476920685578, 0.0, 0.0, 0.0], [0.0, 0.0, 9.806476920685578, 0.0, 0.0, 0.0]]
2502 2.4270 0.0010 2.500004 -0.000001 0.001295 [{'depth': 9.815068722138068e-08, 'geomIdA': 0, 'geomIdB': 1, 'modifiedDepth': 9.815068722138068e-08, 'nhat_AB_W': [0.0, 0.0, 1.0], 'p_WC': [0.0, 0.0, 2.0000041892834894], 'p_WCa': [0.0, 0.0, 2.0000042194090786], 'p_WCb': [0.0, 0.0, 2.0000041591579003]}] [[0.0, 0.0, -9.81129476556267, 0.0, 0.0, 0.0], [0.0, 0.0, 9.81129476556267, 0.0, 0.0, 0.0]]
2503 2.4280 0.0010 2.500004 0.000000 -0.000259 [{'depth': 9.805335615610805e-08, 'geomIdA': 0, 'geomIdB': 1, 'modifiedDepth': 9.805335615610805e-08, 'nhat_AB_W': [0.0, 0.0, 1.0], 'p_WC': [0.0, 0.0, 2.0000041892834894], 'p_WCa': [0.0, 0.0, 2.0000042194090786], 'p_WCb': [0.0, 0.0, 2.0000041591579003]}] [[0.0, 0.0, -9.809741413665378, 0.0, 0.0, 0.0], [0.0, 0.0, 9.809741413665378, 0.0, 0.0, 0.0]]
2504 2.4290 0.0010 2.500004 0.000000 -0.000080 [{'depth': 9.812632509744732e-08, 'geomIdA': 0, 'geomIdB': 1, 'modifiedDepth': 9.812632509744732e-08, 'nhat_AB_W': [0.0, 0.0, 1.0], 'p_WC': [0.0, 0.0, 2.0000041892834894], 'p_WCa': [0.0, 0.0, 2.0000042194090786], 'p_WCb': [0.0, 0.0, 2.0000041591579003]}] [[0.0, 0.0, -9.80991974113233, 0.0, 0.0, 0.0], [0.0, 0.0, 9.80991974113233, 0.0, 0.0, 0.0]]
2505 2.4300 0.0010 2.500004 -0.000000 0.000122 [{'depth': 9.808916704019289e-08, 'geomIdA': 0, 'geomIdB': 1, 'modifiedDepth': 9.808916704019289e-08, 'nhat_AB_W': [0.0, 0.0, 1.0], 'p_WC': [0.0, 0.0, 2.0000041892834894], 'p_WCa': [0.0, 0.0, 2.0000042194090786], 'p_WCb': [0.0, 0.0, 2.0000041591579003]}] [[0.0, 0.0, -9.810122455897002, 0.0, 0.0, 0.0], [0.0, 0.0, 9.810122455897002, 0.0, 0.0, 0.0]]
2506 2.4310 0.0010 2.500004 0.000000 -0.000081 [{'depth': 9.810286673387887e-08, 'geomIdA': 0, 'geomIdB': 1, 'modifiedDepth': 9.810286673387887e-08, 'nhat_AB_W': [0.0, 0.0, 1.0], 'p_WC': [0.0, 0.0, 2.0000041892834894], 'p_WCa': [0.0, 0.0, 2.0000042194090786], 'p_WCb': [0.0, 0.0, 2.0000041591579003]}] [[0.0, 0.0, -9.809919103688484, 0.0, 0.0, 0.0], [0.0, 0.0, 9.809919103688484, 0.0, 0.0, 0.0]]
2507 2.4320 0.0010 2.500004 -0.000000 0.000038 [{'depth': 9.81001041135704e-08, 'geomIdA': 0, 'geomIdB': 1, 'modifiedDepth': 9.81001041135704e-08, 'nhat_AB_W': [0.0, 0.0, 1.0], 'p_WC': [0.0, 0.0, 2.0000041892834894], 'p_WCa': [0.0, 0.0, 2.0000042194090786], 'p_WCb': [0.0, 0.0, 2.0000041591579003]}] [[0.0, 0.0, -9.810037948209333, 0.0, 0.0, 0.0], [0.0, 0.0, 9.810037948209333, 0.0, 0.0, 0.0]]
2508 2.4330 0.0010 2.500004 0.000000 -0.000013 [{'depth': 9.809927634024014e-08, 'geomIdA': 0, 'geomIdB': 1, 'modifiedDepth': 9.809927634024014e-08, 'nhat_AB_W': [0.0, 0.0, 1.0], 'p_WC': [0.0, 0.0, 2.0000041892834894], 'p_WCa': [0.0, 0.0, 2.0000042194090786], 'p_WCb': [0.0, 0.0, 2.0000041591579003]}] [[0.0, 0.0, -9.80998743160139, 0.0, 0.0, 0.0], [0.0, 0.0, 9.80998743160139, 0.0, 0.0, 0.0]]
2509 2.4340 0.0010 2.500004 -0.000000 0.000002 [{'depth': 9.810056065945151e-08, 'geomIdA': 0, 'geomIdB': 1, 'modifiedDepth': 9.810056065945151e-08, 'nhat_AB_W': [0.0, 0.0, 1.0], 'p_WC': [0.0, 0.0, 2.0000041892834894], 'p_WCa': [0.0, 0.0, 2.0000042194090786], 'p_WCb': [0.0, 0.0, 2.0000041591579003]}] [[0.0, 0.0, -9.810001673519386, 0.0, 0.0, 0.0], [0.0, 0.0, 9.810001673519386, 0.0, 0.0, 0.0]]
2510 2.4350 0.0010 2.500004 -0.000000 0.000001 [{'depth': 9.809970909778023e-08, 'geomIdA': 0, 'geomIdB': 1, 'modifiedDepth': 9.809970909778023e-08, 'nhat_AB_W': [0.0, 0.0, 1.0], 'p_WC': [0.0, 0.0, 2.0000041892834894], 'p_WCa': [0.0, 0.0, 2.0000042194090786], 'p_WCb': [0.0, 0.0, 2.0000041591579003]}] [[0.0, 0.0, -9.810001454096763, 0.0, 0.0, 0.0], [0.0, 0.0, 9.810001454096763, 0.0, 0.0, 0.0]]
2511 2.4360 0.0010 2.500004 0.000000 -0.000002 [{'depth': 9.810010961653507e-08, 'geomIdA': 0, 'geomIdB': 1, 'modifiedDepth': 9.810010961653507e-08, 'nhat_AB_W': [0.0, 0.0, 1.0], 'p_WC': [0.0, 0.0, 2.0000041892834894], 'p_WCa': [0.0, 0.0, 2.0000042194090786], 'p_WCb': [0.0, 0.0, 2.0000041591579003]}] [[0.0, 0.0, -9.809998453338157, 0.0, 0.0, 0.0], [0.0, 0.0, 9.809998453338157, 0.0, 0.0, 0.0]]
2512 2.4370 0.0010 2.500004 -0.000000 0.000001 [{'depth': 9.809997646397892e-08, 'geomIdA': 0, 'geomIdB': 1, 'modifiedDepth': 9.809997646397892e-08, 'nhat_AB_W': [0.0, 0.0, 1.0], 'p_WC': [0.0, 0.0, 2.0000041892834894], 'p_WCa': [0.0, 0.0, 2.0000042194090786], 'p_WCb': [0.0, 0.0, 2.0000041591579003]}] [[0.0, 0.0, -9.810000923483202, 0.0, 0.0, 0.0], [0.0, 0.0, 9.810000923483202, 0.0, 0.0, 0.0]]
2513 2.4380 0.0010 2.500004 0.000000 -0.000000 [{'depth': 9.809999453133251e-08, 'geomIdA': 0, 'geomIdB': 1, 'modifiedDepth': 9.809999453133251e-08, 'nhat_AB_W': [0.0, 0.0, 1.0], 'p_WC': [0.0, 0.0, 2.0000041892834894], 'p_WCa': [0.0, 0.0, 2.0000042194090786], 'p_WCb': [0.0, 0.0, 2.0000041591579003]}] [[0.0, 0.0, -9.809999599987357, 0.0, 0.0, 0.0], [0.0, 0.0, 9.809999599987357, 0.0, 0.0, 0.0]]
2514 2.4390 0.0010 2.500004 -0.000000 0.000000 [{'depth': 9.810000966390001e-08, 'geomIdA': 0, 'geomIdB': 1, 'modifiedDepth': 9.810000966390001e-08, 'nhat_AB_W': [0.0, 0.0, 1.0], 'p_WC': [0.0, 0.0, 2.0000041892834894], 'p_WCa': [0.0, 0.0, 2.0000042194090786], 'p_WCb': [0.0, 0.0, 2.0000041591579003]}] [[0.0, 0.0, -9.810000116696335, 0.0, 0.0, 0.0], [0.0, 0.0, 9.810000116696335, 0.0, 0.0, 0.0]]
2515 2.4400 0.0010 2.500004 0.000000 -0.000000 [{'depth': 9.809999342269964e-08, 'geomIdA': 0, 'geomIdB': 1, 'modifiedDepth': 9.809999342269964e-08, 'nhat_AB_W': [0.0, 0.0, 1.0], 'p_WC': [0.0, 0.0, 2.0000041892834894], 'p_WCa': [0.0, 0.0, 2.0000042194090786], 'p_WCb': [0.0, 0.0, 2.0000041591579003]}] [[0.0, 0.0, -9.809999995097549, 0.0, 0.0, 0.0], [0.0, 0.0, 9.809999995097549, 0.0, 0.0, 0.0]]
2516 2.4410 0.0010 2.500004 0.000000 -0.000000 [{'depth': 9.81000031505053e-08, 'geomIdA': 0, 'geomIdB': 1, 'modifiedDepth': 9.81000031505053e-08, 'nhat_AB_W': [0.0, 0.0, 1.0], 'p_WC': [0.0, 0.0, 2.0000041892834894], 'p_WCa': [0.0, 0.0, 2.0000042194090786], 'p_WCb': [0.0, 0.0, 2.0000041591579003]}] [[0.0, 0.0, -9.80999997791711, 0.0, 0.0, 0.0], [0.0, 0.0, 9.80999997791711, 0.0, 0.0, 0.0]]
2517 2.4420 0.0010 2.500004 -0.000000 0.000000 [{'depth': 9.809999892545186e-08, 'geomIdA': 0, 'geomIdB': 1, 'modifiedDepth': 9.809999892545186e-08, 'nhat_AB_W': [0.0, 0.0, 1.0], 'p_WC': [0.0, 0.0, 2.0000041892834894], 'p_WCa': [0.0, 0.0, 2.0000042194090786], 'p_WCb': [0.0, 0.0, 2.0000041591579003]}] [[0.0, 0.0, -9.810000018911637, 0.0, 0.0, 0.0], [0.0, 0.0, 9.810000018911637, 0.0, 0.0, 0.0]]
2518 2.4430 0.0010 2.500004 0.000000 -0.000000 [{'depth': 9.8100000163902e-08, 'geomIdA': 0, 'geomIdB': 1, 'modifiedDepth': 9.8100000163902e-08, 'nhat_AB_W': [0.0, 0.0, 1.0], 'p_WC': [0.0, 0.0, 2.0000041892834894], 'p_WCa': [0.0, 0.0, 2.0000042194090786], 'p_WCb': [0.0, 0.0, 2.0000041591579003]}] [[0.0, 0.0, -9.80999998966836, 0.0, 0.0, 0.0], [0.0, 0.0, 9.80999998966836, 0.0, 0.0, 0.0]]
2519 2.4440 0.0010 2.500004 -0.000000 0.000000 [{'depth': 9.810000010738579e-08, 'geomIdA': 0, 'geomIdB': 1, 'modifiedDepth': 9.810000010738579e-08, 'nhat_AB_W': [0.0, 0.0, 1.0], 'p_WC': [0.0, 0.0, 2.0000041892834894], 'p_WCa': [0.0, 0.0, 2.0000042194090786], 'p_WCb': [0.0, 0.0, 2.0000041591579003]}] [[0.0, 0.0, -9.810000004116407, 0.0, 0.0, 0.0], [0.0, 0.0, 9.810000004116407, 0.0, 0.0, 0.0]]
2520 2.4450 0.0010 2.500004 0.000000 -0.000000 [{'depth': 9.809999987665076e-08, 'geomIdA': 0, 'geomIdB': 1, 'modifiedDepth': 9.809999987665076e-08, 'nhat_AB_W': [0.0, 0.0, 1.0], 'p_WC': [0.0, 0.0, 2.0000041892834894], 'p_WCa': [0.0, 0.0, 2.0000042194090786], 'p_WCb': [0.0, 0.0, 2.0000041591579003]}] [[0.0, 0.0, -9.809999998983947, 0.0, 0.0, 0.0], [0.0, 0.0, 9.809999998983947, 0.0, 0.0, 0.0]]
2521 2.4460 0.0010 2.500004 -0.000000 -0.000000 [{'depth': 9.810000007543158e-08, 'geomIdA': 0, 'geomIdB': 1, 'modifiedDepth': 9.810000007543158e-08, 'nhat_AB_W': [0.0, 0.0, 1.0], 'p_WC': [0.0, 0.0, 2.0000041892834894], 'p_WCa': [0.0, 0.0, 2.0000042194090786], 'p_WCb': [0.0, 0.0, 2.0000041591579003]}] [[0.0, 0.0, -9.809999999901317, 0.0, 0.0, 0.0], [0.0, 0.0, 9.809999999901317, 0.0, 0.0, 0.0]]
2522 2.4470 0.0010 2.500004 -0.000000 0.000000 [{'depth': 9.809999996652769e-08, 'geomIdA': 0, 'geomIdB': 1, 'modifiedDepth': 9.809999996652769e-08, 'nhat_AB_W': [0.0, 0.0, 1.0], 'p_WC': [0.0, 0.0, 2.0000041892834894], 'p_WCa': [0.0, 0.0, 2.0000042194090786], 'p_WCb': [0.0, 0.0, 2.0000041591579003]}] [[0.0, 0.0, -9.810000000306335, 0.0, 0.0, 0.0], [0.0, 0.0, 9.810000000306335, 0.0, 0.0, 0.0]]
2523 2.4480 0.0010 2.500004 0.000000 -0.000000 [{'depth': 9.810000001004364e-08, 'geomIdA': 0, 'geomIdB': 1, 'modifiedDepth': 9.810000001004364e-08, 'nhat_AB_W': [0.0, 0.0, 1.0], 'p_WC': [0.0, 0.0, 2.0000041892834894], 'p_WCa': [0.0, 0.0, 2.0000042194090786], 'p_WCb': [0.0, 0.0, 2.0000041591579003]}] [[0.0, 0.0, -9.80999999977485, 0.0, 0.0, 0.0], [0.0, 0.0, 9.80999999977485, 0.0, 0.0, 0.0]]
2524 2.4490 0.0010 2.500004 -0.000000 0.000000 [{'depth': 9.80999999992322e-08, 'geomIdA': 0, 'geomIdB': 1, 'modifiedDepth': 9.80999999992322e-08, 'nhat_AB_W': [0.0, 0.0, 1.0], 'p_WC': [0.0, 0.0, 2.0000041892834894], 'p_WCa': [0.0, 0.0, 2.0000042194090786], 'p_WCb': [0.0, 0.0, 2.0000041591579003]}] [[0.0, 0.0, -9.81000000011331, 0.0, 0.0, 0.0], [0.0, 0.0, 9.81000000011331, 0.0, 0.0, 0.0]]
2525 2.4500 0.0010 2.500004 0.000000 -0.000000 [{'depth': 9.809999999824577e-08, 'geomIdA': 0, 'geomIdB': 1, 'modifiedDepth': 9.809999999824577e-08, 'nhat_AB_W': [0.0, 0.0, 1.0], 'p_WC': [0.0, 0.0, 2.0000041892834894], 'p_WCa': [0.0, 0.0, 2.0000042194090786], 'p_WCb': [0.0, 0.0, 2.0000041591579003]}] [[0.0, 0.0, -9.809999999958814, 0.0, 0.0, 0.0], [0.0, 0.0, 9.809999999958814, 0.0, 0.0, 0.0]]
2526 2.4510 0.0010 2.500004 -0.000000 0.000000 [{'depth': 9.810000000145404e-08, 'geomIdA': 0, 'geomIdB': 1, 'modifiedDepth': 9.810000000145404e-08, 'nhat_AB_W': [0.0, 0.0, 1.0], 'p_WC': [0.0, 0.0, 2.0000041892834894], 'p_WCa': [0.0, 0.0, 2.0000042194090786], 'p_WCb': [0.0, 0.0, 2.0000041591579003]}] [[0.0, 0.0, -9.810000000007951, 0.0, 0.0, 0.0], [0.0, 0.0, 9.810000000007951, 0.0, 0.0, 0.0]]
2527 2.4520 0.0010 2.500004 -0.000000 0.000000 [{'depth': 9.809999999908552e-08, 'geomIdA': 0, 'geomIdB': 1, 'modifiedDepth': 9.809999999908552e-08, 'nhat_AB_W': [0.0, 0.0, 1.0], 'p_WC': [0.0, 0.0, 2.0000041892834894], 'p_WCa': [0.0, 0.0, 2.0000042194090786], 'p_WCb': [0.0, 0.0, 2.0000041591579003]}] [[0.0, 0.0, -9.810000000002775, 0.0, 0.0, 0.0], [0.0, 0.0, 9.810000000002775, 0.0, 0.0, 0.0]]
2528 2.4530 0.0010 2.500004 -0.000000 -0.000000 [{'depth': 9.810000000028072e-08, 'geomIdA': 0, 'geomIdB': 1, 'modifiedDepth': 9.810000000028072e-08, 'nhat_AB_W': [0.0, 0.0, 1.0], 'p_WC': [0.0, 0.0, 2.0000041892834894], 'p_WCa': [0.0, 0.0, 2.0000042194090786], 'p_WCb': [0.0, 0.0, 2.0000041591579003]}] [[0.0, 0.0, -9.809999999995986, 0.0, 0.0, 0.0], [0.0, 0.0, 9.809999999995986, 0.0, 0.0, 0.0]]
2529 2.4540 0.0010 2.500004 -0.000000 0.000000 [{'depth': 9.809999999984485e-08, 'geomIdA': 0, 'geomIdB': 1, 'modifiedDepth': 9.809999999984485e-08, 'nhat_AB_W': [0.0, 0.0, 1.0], 'p_WC': [0.0, 0.0, 2.0000041892834894], 'p_WCa': [0.0, 0.0, 2.0000042194090786], 'p_WCb': [0.0, 0.0, 2.0000041591579003]}] [[0.0, 0.0, -9.81000000000262, 0.0, 0.0, 0.0], [0.0, 0.0, 9.81000000000262, 0.0, 0.0, 0.0]]
2530 2.4550 0.0010 2.500004 -0.000000 -0.000000 [{'depth': 9.809999999992985e-08, 'geomIdA': 0, 'geomIdB': 1, 'modifiedDepth': 9.809999999992985e-08, 'nhat_AB_W': [0.0, 0.0, 1.0], 'p_WC': [0.0, 0.0, 2.0000041892834894], 'p_WCa': [0.0, 0.0, 2.0000042194090786], 'p_WCb': [0.0, 0.0, 2.0000041591579003]}] [[0.0, 0.0, -9.809999999998784, 0.0, 0.0, 0.0], [0.0, 0.0, 9.809999999998784, 0.0, 0.0, 0.0]]
2531 2.4560 0.0010 2.500004 -0.000000 0.000000 [{'depth': 9.809999999995852e-08, 'geomIdA': 0, 'geomIdB': 1, 'modifiedDepth': 9.809999999995852e-08, 'nhat_AB_W': [0.0, 0.0, 1.0], 'p_WC': [0.0, 0.0, 2.0000041892834894], 'p_WCa': [0.0, 0.0, 2.0000042194090786], 'p_WCb': [0.0, 0.0, 2.0000041591579003]}] [[0.0, 0.0, -9.810000000000398, 0.0, 0.0, 0.0], [0.0, 0.0, 9.810000000000398, 0.0, 0.0, 0.0]]
2532 2.4570 0.0010 2.500004 -0.000000 -0.000000 [{'depth': 9.809999999991642e-08, 'geomIdA': 0, 'geomIdB': 1, 'modifiedDepth': 9.809999999991642e-08, 'nhat_AB_W': [0.0, 0.0, 1.0], 'p_WC': [0.0, 0.0, 2.0000041892834894], 'p_WCa': [0.0, 0.0, 2.0000042194090786], 'p_WCb': [0.0, 0.0, 2.0000041591579003]}] [[0.0, 0.0, -9.80999999999995, 0.0, 0.0, 0.0], [0.0, 0.0, 9.80999999999995, 0.0, 0.0, 0.0]]
2533 2.4580 0.0010 2.500004 -0.000000 -0.000000 [{'depth': 9.809999999994399e-08, 'geomIdA': 0, 'geomIdB': 1, 'modifiedDepth': 9.809999999994399e-08, 'nhat_AB_W': [0.0, 0.0, 1.0], 'p_WC': [0.0, 0.0, 2.0000041892834894], 'p_WCa': [0.0, 0.0, 2.0000042194090786], 'p_WCb': [0.0, 0.0, 2.0000041591579003]}] [[0.0, 0.0, -9.80999999999995, 0.0, 0.0, 0.0], [0.0, 0.0, 9.80999999999995, 0.0, 0.0, 0.0]]
2534 2.4590 0.0010 2.500004 -0.000000 0.000000 [{'depth': 9.809999999993114e-08, 'geomIdA': 0, 'geomIdB': 1, 'modifiedDepth': 9.809999999993114e-08, 'nhat_AB_W': [0.0, 0.0, 1.0], 'p_WC': [0.0, 0.0, 2.0000041892834894], 'p_WCa': [0.0, 0.0, 2.0000042194090786], 'p_WCb': [0.0, 0.0, 2.0000041591579003]}] [[0.0, 0.0, -9.81000000000005, 0.0, 0.0, 0.0], [0.0, 0.0, 9.81000000000005, 0.0, 0.0, 0.0]]
2535 2.4600 0.0010 2.500004 -0.000000 -0.000000 [{'depth': 9.809999999993536e-08, 'geomIdA': 0, 'geomIdB': 1, 'modifiedDepth': 9.809999999993536e-08, 'nhat_AB_W': [0.0, 0.0, 1.0], 'p_WC': [0.0, 0.0, 2.0000041892834894], 'p_WCa': [0.0, 0.0, 2.0000042194090786], 'p_WCb': [0.0, 0.0, 2.0000041591579003]}] [[0.0, 0.0, -9.809999999999972, 0.0, 0.0, 0.0], [0.0, 0.0, 9.809999999999972, 0.0, 0.0, 0.0]]
2536 2.4610 0.0010 2.500004 -0.000000 0.000000 [{'depth': 9.809999999993482e-08, 'geomIdA': 0, 'geomIdB': 1, 'modifiedDepth': 9.809999999993482e-08, 'nhat_AB_W': [0.0, 0.0, 1.0], 'p_WC': [0.0, 0.0, 2.0000041892834894], 'p_WCa': [0.0, 0.0, 2.0000042194090786], 'p_WCb': [0.0, 0.0, 2.0000041591579003]}] [[0.0, 0.0, -9.810000000000013, 0.0, 0.0, 0.0], [0.0, 0.0, 9.810000000000013, 0.0, 0.0, 0.0]]
2537 2.4620 0.0010 2.500004 -0.000000 -0.000000 [{'depth': 9.809999999993431e-08, 'geomIdA': 0, 'geomIdB': 1, 'modifiedDepth': 9.809999999993431e-08, 'nhat_AB_W': [0.0, 0.0, 1.0], 'p_WC': [0.0, 0.0, 2.0000041892834894], 'p_WCa': [0.0, 0.0, 2.0000042194090786], 'p_WCb': [0.0, 0.0, 2.0000041591579003]}] [[0.0, 0.0, -9.809999999999997, 0.0, 0.0, 0.0], [0.0, 0.0, 9.809999999999997, 0.0, 0.0, 0.0]]
2538 2.4630 0.0010 2.500004 -0.000000 0.000000 [{'depth': 9.809999999993484e-08, 'geomIdA': 0, 'geomIdB': 1, 'modifiedDepth': 9.809999999993484e-08, 'nhat_AB_W': [0.0, 0.0, 1.0], 'p_WC': [0.0, 0.0, 2.0000041892834894], 'p_WCa': [0.0, 0.0, 2.0000042194090786], 'p_WCb': [0.0, 0.0, 2.0000041591579003]}] [[0.0, 0.0, -9.81, 0.0, 0.0, 0.0], [0.0, 0.0, 9.81, 0.0, 0.0, 0.0]]
2539 2.4640 0.0010 2.500004 -0.000000 0.000000 [{'depth': 9.809999999993453e-08, 'geomIdA': 0, 'geomIdB': 1, 'modifiedDepth': 9.809999999993453e-08, 'nhat_AB_W': [0.0, 0.0, 1.0], 'p_WC': [0.0, 0.0, 2.0000041892834894], 'p_WCa': [0.0, 0.0, 2.0000042194090786], 'p_WCb': [0.0, 0.0, 2.0000041591579003]}] [[0.0, 0.0, -9.810000000000002, 0.0, 0.0, 0.0], [0.0, 0.0, 9.810000000000002, 0.0, 0.0, 0.0]]
2540 2.4650 0.0010 2.500004 -0.000000 -0.000000 [{'depth': 9.809999999993466e-08, 'geomIdA': 0, 'geomIdB': 1, 'modifiedDepth': 9.809999999993466e-08, 'nhat_AB_W': [0.0, 0.0, 1.0], 'p_WC': [0.0, 0.0, 2.0000041892834894], 'p_WCa': [0.0, 0.0, 2.0000042194090786], 'p_WCb': [0.0, 0.0, 2.0000041591579003]}] [[0.0, 0.0, -9.809999999999999, 0.0, 0.0, 0.0], [0.0, 0.0, 9.809999999999999, 0.0, 0.0, 0.0]]
2541 2.4660 0.0010 2.500004 -0.000000 0.000000 [{'depth': 9.809999999993463e-08, 'geomIdA': 0, 'geomIdB': 1, 'modifiedDepth': 9.809999999993463e-08, 'nhat_AB_W': [0.0, 0.0, 1.0], 'p_WC': [0.0, 0.0, 2.0000041892834894], 'p_WCa': [0.0, 0.0, 2.0000042194090786], 'p_WCb': [0.0, 0.0, 2.0000041591579003]}] [[0.0, 0.0, -9.81, 0.0, 0.0, 0.0], [0.0, 0.0, 9.81, 0.0, 0.0, 0.0]]
2542 2.4670 0.0010 2.500004 -0.000000 0.000000 [{'depth': 9.809999999993462e-08, 'geomIdA': 0, 'geomIdB': 1, 'modifiedDepth': 9.809999999993462e-08, 'nhat_AB_W': [0.0, 0.0, 1.0], 'p_WC': [0.0, 0.0, 2.0000041892834894], 'p_WCa': [0.0, 0.0, 2.0000042194090786], 'p_WCb': [0.0, 0.0, 2.0000041591579003]}] [[0.0, 0.0, -9.81, 0.0, 0.0, 0.0], [0.0, 0.0, 9.81, 0.0, 0.0, 0.0]]
2543 2.4680 0.0010 2.500004 -0.000000 0.000000 [{'depth': 9.809999999993463e-08, 'geomIdA': 0, 'geomIdB': 1, 'modifiedDepth': 9.809999999993463e-08, 'nhat_AB_W': [0.0, 0.0, 1.0], 'p_WC': [0.0, 0.0, 2.0000041892834894], 'p_WCa': [0.0, 0.0, 2.0000042194090786], 'p_WCb': [0.0, 0.0, 2.0000041591579003]}] [[0.0, 0.0, -9.81, 0.0, 0.0, 0.0], [0.0, 0.0, 9.81, 0.0, 0.0, 0.0]]
2544 2.4690 0.0010 2.500004 -0.000000 0.000000 [{'depth': 9.809999999993463e-08, 'geomIdA': 0, 'geomIdB': 1, 'modifiedDepth': 9.809999999993463e-08, 'nhat_AB_W': [0.0, 0.0, 1.0], 'p_WC': [0.0, 0.0, 2.0000041892834894], 'p_WCa': [0.0, 0.0, 2.0000042194090786], 'p_WCb': [0.0, 0.0, 2.0000041591579003]}] [[0.0, 0.0, -9.81, 0.0, 0.0, 0.0], [0.0, 0.0, 9.81, 0.0, 0.0, 0.0]]
2545 2.4700 0.0010 2.500004 -0.000000 0.000000 [{'depth': 9.809999999993463e-08, 'geomIdA': 0, 'geomIdB': 1, 'modifiedDepth': 9.809999999993463e-08, 'nhat_AB_W': [0.0, 0.0, 1.0], 'p_WC': [0.0, 0.0, 2.0000041892834894], 'p_WCa': [0.0, 0.0, 2.0000042194090786], 'p_WCb': [0.0, 0.0, 2.0000041591579003]}] [[0.0, 0.0, -9.81, 0.0, 0.0, 0.0], [0.0, 0.0, 9.81, 0.0, 0.0, 0.0]]
2546 2.4710 0.0010 2.500004 -0.000000 0.000000 [{'depth': 9.809999999993463e-08, 'geomIdA': 0, 'geomIdB': 1, 'modifiedDepth': 9.809999999993463e-08, 'nhat_AB_W': [0.0, 0.0, 1.0], 'p_WC': [0.0, 0.0, 2.0000041892834894], 'p_WCa': [0.0, 0.0, 2.0000042194090786], 'p_WCb': [0.0, 0.0, 2.0000041591579003]}] [[0.0, 0.0, -9.81, 0.0, 0.0, 0.0], [0.0, 0.0, 9.81, 0.0, 0.0, 0.0]]
2547 2.4720 0.0010 2.500004 -0.000000 0.000000 [{'depth': 9.809999999993463e-08, 'geomIdA': 0, 'geomIdB': 1, 'modifiedDepth': 9.809999999993463e-08, 'nhat_AB_W': [0.0, 0.0, 1.0], 'p_WC': [0.0, 0.0, 2.0000041892834894], 'p_WCa': [0.0, 0.0, 2.0000042194090786], 'p_WCb': [0.0, 0.0, 2.0000041591579003]}] [[0.0, 0.0, -9.81, 0.0, 0.0, 0.0], [0.0, 0.0, 9.81, 0.0, 0.0, 0.0]]
2548 2.4730 0.0010 2.500004 -0.000000 0.000000 [{'depth': 9.809999999993463e-08, 'geomIdA': 0, 'geomIdB': 1, 'modifiedDepth': 9.809999999993463e-08, 'nhat_AB_W': [0.0, 0.0, 1.0], 'p_WC': [0.0, 0.0, 2.0000041892834894], 'p_WCa': [0.0, 0.0, 2.0000042194090786], 'p_WCb': [0.0, 0.0, 2.0000041591579003]}] [[0.0, 0.0, -9.81, 0.0, 0.0, 0.0], [0.0, 0.0, 9.81, 0.0, 0.0, 0.0]]
2549 2.4740 0.0010 2.500004 -0.000000 0.000000 [{'depth': 9.809999999993463e-08, 'geomIdA': 0, 'geomIdB': 1, 'modifiedDepth': 9.809999999993463e-08, 'nhat_AB_W': [0.0, 0.0, 1.0], 'p_WC': [0.0, 0.0, 2.0000041892834894], 'p_WCa': [0.0, 0.0, 2.0000042194090786], 'p_WCb': [0.0, 0.0, 2.0000041591579003]}] [[0.0, 0.0, -9.81, 0.0, 0.0, 0.0], [0.0, 0.0, 9.81, 0.0, 0.0, 0.0]]
2550 2.4750 0.0010 2.500004 -0.000000 0.000000 [{'depth': 9.809999999993463e-08, 'geomIdA': 0, 'geomIdB': 1, 'modifiedDepth': 9.809999999993463e-08, 'nhat_AB_W': [0.0, 0.0, 1.0], 'p_WC': [0.0, 0.0, 2.0000041892834894], 'p_WCa': [0.0, 0.0, 2.0000042194090786], 'p_WCb': [0.0, 0.0, 2.0000041591579003]}] [[0.0, 0.0, -9.81, 0.0, 0.0, 0.0], [0.0, 0.0, 9.81, 0.0, 0.0, 0.0]]
2551 2.4760 0.0010 2.500004 -0.000000 0.000000 [{'depth': 9.809999999993463e-08, 'geomIdA': 0, 'geomIdB': 1, 'modifiedDepth': 9.809999999993463e-08, 'nhat_AB_W': [0.0, 0.0, 1.0], 'p_WC': [0.0, 0.0, 2.0000041892834894], 'p_WCa': [0.0, 0.0, 2.0000042194090786], 'p_WCb': [0.0, 0.0, 2.0000041591579003]}] [[0.0, 0.0, -9.81, 0.0, 0.0, 0.0], [0.0, 0.0, 9.81, 0.0, 0.0, 0.0]]
2552 2.4770 0.0010 2.500004 -0.000000 0.000000 [{'depth': 9.809999999993463e-08, 'geomIdA': 0, 'geomIdB': 1, 'modifiedDepth': 9.809999999993463e-08, 'nhat_AB_W': [0.0, 0.0, 1.0], 'p_WC': [0.0, 0.0, 2.0000041892834894], 'p_WCa': [0.0, 0.0, 2.0000042194090786], 'p_WCb': [0.0, 0.0, 2.0000041591579003]}] [[0.0, 0.0, -9.81, 0.0, 0.0, 0.0], [0.0, 0.0, 9.81, 0.0, 0.0, 0.0]]
2553 2.4780 0.0010 2.500004 -0.000000 0.000000 [{'depth': 9.809999999993463e-08, 'geomIdA': 0, 'geomIdB': 1, 'modifiedDepth': 9.809999999993463e-08, 'nhat_AB_W': [0.0, 0.0, 1.0], 'p_WC': [0.0, 0.0, 2.0000041892834894], 'p_WCa': [0.0, 0.0, 2.0000042194090786], 'p_WCb': [0.0, 0.0, 2.0000041591579003]}] [[0.0, 0.0, -9.81, 0.0, 0.0, 0.0], [0.0, 0.0, 9.81, 0.0, 0.0, 0.0]]
2554 2.4790 0.0010 2.500004 -0.000000 0.000000 [{'depth': 9.809999999993463e-08, 'geomIdA': 0, 'geomIdB': 1, 'modifiedDepth': 9.809999999993463e-08, 'nhat_AB_W': [0.0, 0.0, 1.0], 'p_WC': [0.0, 0.0, 2.0000041892834894], 'p_WCa': [0.0, 0.0, 2.0000042194090786], 'p_WCb': [0.0, 0.0, 2.0000041591579003]}] [[0.0, 0.0, -9.81, 0.0, 0.0, 0.0], [0.0, 0.0, 9.81, 0.0, 0.0, 0.0]]
2555 2.4800 0.0010 2.500004 -0.000000 0.000000 [{'depth': 9.809999999993463e-08, 'geomIdA': 0, 'geomIdB': 1, 'modifiedDepth': 9.809999999993463e-08, 'nhat_AB_W': [0.0, 0.0, 1.0], 'p_WC': [0.0, 0.0, 2.0000041892834894], 'p_WCa': [0.0, 0.0, 2.0000042194090786], 'p_WCb': [0.0, 0.0, 2.0000041591579003]}] [[0.0, 0.0, -9.81, 0.0, 0.0, 0.0], [0.0, 0.0, 9.81, 0.0, 0.0, 0.0]]
2556 2.4810 0.0010 2.500004 -0.000000 0.000000 [{'depth': 9.809999999993463e-08, 'geomIdA': 0, 'geomIdB': 1, 'modifiedDepth': 9.809999999993463e-08, 'nhat_AB_W': [0.0, 0.0, 1.0], 'p_WC': [0.0, 0.0, 2.0000041892834894], 'p_WCa': [0.0, 0.0, 2.0000042194090786], 'p_WCb': [0.0, 0.0, 2.0000041591579003]}] [[0.0, 0.0, -9.81, 0.0, 0.0, 0.0], [0.0, 0.0, 9.81, 0.0, 0.0, 0.0]]
2557 2.4820 0.0010 2.500004 -0.000000 0.000000 [{'depth': 9.809999999993463e-08, 'geomIdA': 0, 'geomIdB': 1, 'modifiedDepth': 9.809999999993463e-08, 'nhat_AB_W': [0.0, 0.0, 1.0], 'p_WC': [0.0, 0.0, 2.0000041892834894], 'p_WCa': [0.0, 0.0, 2.0000042194090786], 'p_WCb': [0.0, 0.0, 2.0000041591579003]}] [[0.0, 0.0, -9.81, 0.0, 0.0, 0.0], [0.0, 0.0, 9.81, 0.0, 0.0, 0.0]]
2558 2.4830 0.0010 2.500004 -0.000000 0.000000 [{'depth': 9.809999999993463e-08, 'geomIdA': 0, 'geomIdB': 1, 'modifiedDepth': 9.809999999993463e-08, 'nhat_AB_W': [0.0, 0.0, 1.0], 'p_WC': [0.0, 0.0, 2.0000041892834894], 'p_WCa': [0.0, 0.0, 2.0000042194090786], 'p_WCb': [0.0, 0.0, 2.0000041591579003]}] [[0.0, 0.0, -9.81, 0.0, 0.0, 0.0], [0.0, 0.0, 9.81, 0.0, 0.0, 0.0]]
2559 2.4840 0.0010 2.500004 -0.000000 0.000000 [{'depth': 9.809999999993463e-08, 'geomIdA': 0, 'geomIdB': 1, 'modifiedDepth': 9.809999999993463e-08, 'nhat_AB_W': [0.0, 0.0, 1.0], 'p_WC': [0.0, 0.0, 2.0000041892834894], 'p_WCa': [0.0, 0.0, 2.0000042194090786], 'p_WCb': [0.0, 0.0, 2.0000041591579003]}] [[0.0, 0.0, -9.81, 0.0, 0.0, 0.0], [0.0, 0.0, 9.81, 0.0, 0.0, 0.0]]
2560 2.4850 0.0010 2.500004 -0.000000 0.000000 [{'depth': 9.809999999993463e-08, 'geomIdA': 0, 'geomIdB': 1, 'modifiedDepth': 9.809999999993463e-08, 'nhat_AB_W': [0.0, 0.0, 1.0], 'p_WC': [0.0, 0.0, 2.0000041892834894], 'p_WCa': [0.0, 0.0, 2.0000042194090786], 'p_WCb': [0.0, 0.0, 2.0000041591579003]}] [[0.0, 0.0, -9.81, 0.0, 0.0, 0.0], [0.0, 0.0, 9.81, 0.0, 0.0, 0.0]]
2561 2.4860 0.0010 2.500004 -0.000000 0.000000 [{'depth': 9.809999999993463e-08, 'geomIdA': 0, 'geomIdB': 1, 'modifiedDepth': 9.809999999993463e-08, 'nhat_AB_W': [0.0, 0.0, 1.0], 'p_WC': [0.0, 0.0, 2.0000041892834894], 'p_WCa': [0.0, 0.0, 2.0000042194090786], 'p_WCb': [0.0, 0.0, 2.0000041591579003]}] [[0.0, 0.0, -9.81, 0.0, 0.0, 0.0], [0.0, 0.0, 9.81, 0.0, 0.0, 0.0]]
2562 2.4870 0.0010 2.500004 -0.000000 0.000000 [{'depth': 9.809999999993463e-08, 'geomIdA': 0, 'geomIdB': 1, 'modifiedDepth': 9.809999999993463e-08, 'nhat_AB_W': [0.0, 0.0, 1.0], 'p_WC': [0.0, 0.0, 2.0000041892834894], 'p_WCa': [0.0, 0.0, 2.0000042194090786], 'p_WCb': [0.0, 0.0, 2.0000041591579003]}] [[0.0, 0.0, -9.81, 0.0, 0.0, 0.0], [0.0, 0.0, 9.81, 0.0, 0.0, 0.0]]
2563 2.4880 0.0010 2.500004 -0.000000 0.000000 [{'depth': 9.809999999993463e-08, 'geomIdA': 0, 'geomIdB': 1, 'modifiedDepth': 9.809999999993463e-08, 'nhat_AB_W': [0.0, 0.0, 1.0], 'p_WC': [0.0, 0.0, 2.0000041892834894], 'p_WCa': [0.0, 0.0, 2.0000042194090786], 'p_WCb': [0.0, 0.0, 2.0000041591579003]}] [[0.0, 0.0, -9.81, 0.0, 0.0, 0.0], [0.0, 0.0, 9.81, 0.0, 0.0, 0.0]]
2564 2.4890 0.0010 2.500004 -0.000000 0.000000 [{'depth': 9.809999999993463e-08, 'geomIdA': 0, 'geomIdB': 1, 'modifiedDepth': 9.809999999993463e-08, 'nhat_AB_W': [0.0, 0.0, 1.0], 'p_WC': [0.0, 0.0, 2.0000041892834894], 'p_WCa': [0.0, 0.0, 2.0000042194090786], 'p_WCb': [0.0, 0.0, 2.0000041591579003]}] [[0.0, 0.0, -9.81, 0.0, 0.0, 0.0], [0.0, 0.0, 9.81, 0.0, 0.0, 0.0]]
2565 2.4900 0.0010 2.500004 -0.000000 0.000000 [{'depth': 9.809999999993463e-08, 'geomIdA': 0, 'geomIdB': 1, 'modifiedDepth': 9.809999999993463e-08, 'nhat_AB_W': [0.0, 0.0, 1.0], 'p_WC': [0.0, 0.0, 2.0000041892834894], 'p_WCa': [0.0, 0.0, 2.0000042194090786], 'p_WCb': [0.0, 0.0, 2.0000041591579003]}] [[0.0, 0.0, -9.81, 0.0, 0.0, 0.0], [0.0, 0.0, 9.81, 0.0, 0.0, 0.0]]
2566 2.4910 0.0010 2.500004 -0.000000 0.000000 [{'depth': 9.809999999993463e-08, 'geomIdA': 0, 'geomIdB': 1, 'modifiedDepth': 9.809999999993463e-08, 'nhat_AB_W': [0.0, 0.0, 1.0], 'p_WC': [0.0, 0.0, 2.0000041892834894], 'p_WCa': [0.0, 0.0, 2.0000042194090786], 'p_WCb': [0.0, 0.0, 2.0000041591579003]}] [[0.0, 0.0, -9.81, 0.0, 0.0, 0.0], [0.0, 0.0, 9.81, 0.0, 0.0, 0.0]]
2567 2.4920 0.0010 2.500004 -0.000000 0.000000 [{'depth': 9.809999999993463e-08, 'geomIdA': 0, 'geomIdB': 1, 'modifiedDepth': 9.809999999993463e-08, 'nhat_AB_W': [0.0, 0.0, 1.0], 'p_WC': [0.0, 0.0, 2.0000041892834894], 'p_WCa': [0.0, 0.0, 2.0000042194090786], 'p_WCb': [0.0, 0.0, 2.0000041591579003]}] [[0.0, 0.0, -9.81, 0.0, 0.0, 0.0], [0.0, 0.0, 9.81, 0.0, 0.0, 0.0]]
2568 2.4930 0.0010 2.500004 -0.000000 0.000000 [{'depth': 9.809999999993463e-08, 'geomIdA': 0, 'geomIdB': 1, 'modifiedDepth': 9.809999999993463e-08, 'nhat_AB_W': [0.0, 0.0, 1.0], 'p_WC': [0.0, 0.0, 2.0000041892834894], 'p_WCa': [0.0, 0.0, 2.0000042194090786], 'p_WCb': [0.0, 0.0, 2.0000041591579003]}] [[0.0, 0.0, -9.81, 0.0, 0.0, 0.0], [0.0, 0.0, 9.81, 0.0, 0.0, 0.0]]
2569 2.4940 0.0010 2.500004 -0.000000 0.000000 [{'depth': 9.809999999993463e-08, 'geomIdA': 0, 'geomIdB': 1, 'modifiedDepth': 9.809999999993463e-08, 'nhat_AB_W': [0.0, 0.0, 1.0], 'p_WC': [0.0, 0.0, 2.0000041892834894], 'p_WCa': [0.0, 0.0, 2.0000042194090786], 'p_WCb': [0.0, 0.0, 2.0000041591579003]}] [[0.0, 0.0, -9.81, 0.0, 0.0, 0.0], [0.0, 0.0, 9.81, 0.0, 0.0, 0.0]]
2570 2.4950 0.0010 2.500004 -0.000000 0.000000 [{'depth': 9.809999999993463e-08, 'geomIdA': 0, 'geomIdB': 1, 'modifiedDepth': 9.809999999993463e-08, 'nhat_AB_W': [0.0, 0.0, 1.0], 'p_WC': [0.0, 0.0, 2.0000041892834894], 'p_WCa': [0.0, 0.0, 2.0000042194090786], 'p_WCb': [0.0, 0.0, 2.0000041591579003]}] [[0.0, 0.0, -9.81, 0.0, 0.0, 0.0], [0.0, 0.0, 9.81, 0.0, 0.0, 0.0]]
2571 2.4960 0.0010 2.500004 -0.000000 0.000000 [{'depth': 9.809999999993463e-08, 'geomIdA': 0, 'geomIdB': 1, 'modifiedDepth': 9.809999999993463e-08, 'nhat_AB_W': [0.0, 0.0, 1.0], 'p_WC': [0.0, 0.0, 2.0000041892834894], 'p_WCa': [0.0, 0.0, 2.0000042194090786], 'p_WCb': [0.0, 0.0, 2.0000041591579003]}] [[0.0, 0.0, -9.81, 0.0, 0.0, 0.0], [0.0, 0.0, 9.81, 0.0, 0.0, 0.0]]
2572 2.4970 0.0010 2.500004 -0.000000 0.000000 [{'depth': 9.809999999993463e-08, 'geomIdA': 0, 'geomIdB': 1, 'modifiedDepth': 9.809999999993463e-08, 'nhat_AB_W': [0.0, 0.0, 1.0], 'p_WC': [0.0, 0.0, 2.0000041892834894], 'p_WCa': [0.0, 0.0, 2.0000042194090786], 'p_WCb': [0.0, 0.0, 2.0000041591579003]}] [[0.0, 0.0, -9.81, 0.0, 0.0, 0.0], [0.0, 0.0, 9.81, 0.0, 0.0, 0.0]]
2573 2.4980 0.0010 2.500004 -0.000000 0.000000 [{'depth': 9.809999999993463e-08, 'geomIdA': 0, 'geomIdB': 1, 'modifiedDepth': 9.809999999993463e-08, 'nhat_AB_W': [0.0, 0.0, 1.0], 'p_WC': [0.0, 0.0, 2.0000041892834894], 'p_WCa': [0.0, 0.0, 2.0000042194090786], 'p_WCb': [0.0, 0.0, 2.0000041591579003]}] [[0.0, 0.0, -9.81, 0.0, 0.0, 0.0], [0.0, 0.0, 9.81, 0.0, 0.0, 0.0]]
2574 2.4990 0.0010 2.500004 -0.000000 0.000000 [{'depth': 9.809999999993463e-08, 'geomIdA': 0, 'geomIdB': 1, 'modifiedDepth': 9.809999999993463e-08, 'nhat_AB_W': [0.0, 0.0, 1.0], 'p_WC': [0.0, 0.0, 2.0000041892834894], 'p_WCa': [0.0, 0.0, 2.0000042194090786], 'p_WCb': [0.0, 0.0, 2.0000041591579003]}] [[0.0, 0.0, -9.81, 0.0, 0.0, 0.0], [0.0, 0.0, 9.81, 0.0, 0.0, 0.0]]
2575 2.5000 0.0010 2.500004 -0.000000 0.000000 [{'depth': 9.809999999993463e-08, 'geomIdA': 0, 'geomIdB': 1, 'modifiedDepth': 9.809999999993463e-08, 'nhat_AB_W': [0.0, 0.0, 1.0], 'p_WC': [0.0, 0.0, 2.0000041892834894], 'p_WCa': [0.0, 0.0, 2.0000042194090786], 'p_WCb': [0.0, 0.0, 2.0000041591579003]}] [[0.0, 0.0, -9.81, 0.0, 0.0, 0.0], [0.0, 0.0, 9.81, 0.0, 0.0, 0.0]]
2576 2.5010 0.0010 2.500004 -0.000000 0.000000 [{'depth': 9.809999999993463e-08, 'geomIdA': 0, 'geomIdB': 1, 'modifiedDepth': 9.809999999993463e-08, 'nhat_AB_W': [0.0, 0.0, 1.0], 'p_WC': [0.0, 0.0, 2.0000041892834894], 'p_WCa': [0.0, 0.0, 2.0000042194090786], 'p_WCb': [0.0, 0.0, 2.0000041591579003]}] [[0.0, 0.0, -9.81, 0.0, 0.0, 0.0], [0.0, 0.0, 9.81, 0.0, 0.0, 0.0]]
2577 2.5020 0.0010 2.500004 -0.000000 0.000000 [{'depth': 9.809999999993463e-08, 'geomIdA': 0, 'geomIdB': 1, 'modifiedDepth': 9.809999999993463e-08, 'nhat_AB_W': [0.0, 0.0, 1.0], 'p_WC': [0.0, 0.0, 2.0000041892834894], 'p_WCa': [0.0, 0.0, 2.0000042194090786], 'p_WCb': [0.0, 0.0, 2.0000041591579003]}] [[0.0, 0.0, -9.81, 0.0, 0.0, 0.0], [0.0, 0.0, 9.81, 0.0, 0.0, 0.0]]
2578 2.5030 0.0010 2.500004 -0.000000 0.000000 [{'depth': 9.809999999993463e-08, 'geomIdA': 0, 'geomIdB': 1, 'modifiedDepth': 9.809999999993463e-08, 'nhat_AB_W': [0.0, 0.0, 1.0], 'p_WC': [0.0, 0.0, 2.0000041892834894], 'p_WCa': [0.0, 0.0, 2.0000042194090786], 'p_WCb': [0.0, 0.0, 2.0000041591579003]}] [[0.0, 0.0, -9.81, 0.0, 0.0, 0.0], [0.0, 0.0, 9.81, 0.0, 0.0, 0.0]]
2579 2.5040 0.0010 2.500004 -0.000000 0.000000 [{'depth': 9.809999999993463e-08, 'geomIdA': 0, 'geomIdB': 1, 'modifiedDepth': 9.809999999993463e-08, 'nhat_AB_W': [0.0, 0.0, 1.0], 'p_WC': [0.0, 0.0, 2.0000041892834894], 'p_WCa': [0.0, 0.0, 2.0000042194090786], 'p_WCb': [0.0, 0.0, 2.0000041591579003]}] [[0.0, 0.0, -9.81, 0.0, 0.0, 0.0], [0.0, 0.0, 9.81, 0.0, 0.0, 0.0]]
2580 2.5050 0.0010 2.500004 -0.000000 0.000000 [{'depth': 9.809999999993463e-08, 'geomIdA': 0, 'geomIdB': 1, 'modifiedDepth': 9.809999999993463e-08, 'nhat_AB_W': [0.0, 0.0, 1.0], 'p_WC': [0.0, 0.0, 2.0000041892834894], 'p_WCa': [0.0, 0.0, 2.0000042194090786], 'p_WCb': [0.0, 0.0, 2.0000041591579003]}] [[0.0, 0.0, -9.81, 0.0, 0.0, 0.0], [0.0, 0.0, 9.81, 0.0, 0.0, 0.0]]
2581 2.5060 0.0010 2.500004 -0.000000 0.000000 [{'depth': 9.809999999993463e-08, 'geomIdA': 0, 'geomIdB': 1, 'modifiedDepth': 9.809999999993463e-08, 'nhat_AB_W': [0.0, 0.0, 1.0], 'p_WC': [0.0, 0.0, 2.0000041892834894], 'p_WCa': [0.0, 0.0, 2.0000042194090786], 'p_WCb': [0.0, 0.0, 2.0000041591579003]}] [[0.0, 0.0, -9.81, 0.0, 0.0, 0.0], [0.0, 0.0, 9.81, 0.0, 0.0, 0.0]]
2582 2.5070 0.0010 2.500004 -0.000000 0.000000 [{'depth': 9.809999999993463e-08, 'geomIdA': 0, 'geomIdB': 1, 'modifiedDepth': 9.809999999993463e-08, 'nhat_AB_W': [0.0, 0.0, 1.0], 'p_WC': [0.0, 0.0, 2.0000041892834894], 'p_WCa': [0.0, 0.0, 2.0000042194090786], 'p_WCb': [0.0, 0.0, 2.0000041591579003]}] [[0.0, 0.0, -9.81, 0.0, 0.0, 0.0], [0.0, 0.0, 9.81, 0.0, 0.0, 0.0]]
2583 2.5080 0.0010 2.500004 -0.000000 0.000000 [{'depth': 9.809999999993463e-08, 'geomIdA': 0, 'geomIdB': 1, 'modifiedDepth': 9.809999999993463e-08, 'nhat_AB_W': [0.0, 0.0, 1.0], 'p_WC': [0.0, 0.0, 2.0000041892834894], 'p_WCa': [0.0, 0.0, 2.0000042194090786], 'p_WCb': [0.0, 0.0, 2.0000041591579003]}] [[0.0, 0.0, -9.81, 0.0, 0.0, 0.0], [0.0, 0.0, 9.81, 0.0, 0.0, 0.0]]
2584 2.5090 0.0010 2.500004 -0.000000 0.000000 [{'depth': 9.809999999993463e-08, 'geomIdA': 0, 'geomIdB': 1, 'modifiedDepth': 9.809999999993463e-08, 'nhat_AB_W': [0.0, 0.0, 1.0], 'p_WC': [0.0, 0.0, 2.0000041892834894], 'p_WCa': [0.0, 0.0, 2.0000042194090786], 'p_WCb': [0.0, 0.0, 2.0000041591579003]}] [[0.0, 0.0, -9.81, 0.0, 0.0, 0.0], [0.0, 0.0, 9.81, 0.0, 0.0, 0.0]]
2585 2.5100 0.0010 2.500004 -0.000000 0.000000 [{'depth': 9.809999999993463e-08, 'geomIdA': 0, 'geomIdB': 1, 'modifiedDepth': 9.809999999993463e-08, 'nhat_AB_W': [0.0, 0.0, 1.0], 'p_WC': [0.0, 0.0, 2.0000041892834894], 'p_WCa': [0.0, 0.0, 2.0000042194090786], 'p_WCb': [0.0, 0.0, 2.0000041591579003]}] [[0.0, 0.0, -9.81, 0.0, 0.0, 0.0], [0.0, 0.0, 9.81, 0.0, 0.0, 0.0]]
2586 2.5110 0.0010 2.500004 -0.000000 0.000000 [{'depth': 9.809999999993463e-08, 'geomIdA': 0, 'geomIdB': 1, 'modifiedDepth': 9.809999999993463e-08, 'nhat_AB_W': [0.0, 0.0, 1.0], 'p_WC': [0.0, 0.0, 2.0000041892834894], 'p_WCa': [0.0, 0.0, 2.0000042194090786], 'p_WCb': [0.0, 0.0, 2.0000041591579003]}] [[0.0, 0.0, -9.81, 0.0, 0.0, 0.0], [0.0, 0.0, 9.81, 0.0, 0.0, 0.0]]
2587 2.5120 0.0010 2.500004 -0.000000 0.000000 [{'depth': 9.809999999993463e-08, 'geomIdA': 0, 'geomIdB': 1, 'modifiedDepth': 9.809999999993463e-08, 'nhat_AB_W': [0.0, 0.0, 1.0], 'p_WC': [0.0, 0.0, 2.0000041892834894], 'p_WCa': [0.0, 0.0, 2.0000042194090786], 'p_WCb': [0.0, 0.0, 2.0000041591579003]}] [[0.0, 0.0, -9.81, 0.0, 0.0, 0.0], [0.0, 0.0, 9.81, 0.0, 0.0, 0.0]]
2588 2.5130 0.0010 2.500004 -0.000000 0.000000 [{'depth': 9.809999999993463e-08, 'geomIdA': 0, 'geomIdB': 1, 'modifiedDepth': 9.809999999993463e-08, 'nhat_AB_W': [0.0, 0.0, 1.0], 'p_WC': [0.0, 0.0, 2.0000041892834894], 'p_WCa': [0.0, 0.0, 2.0000042194090786], 'p_WCb': [0.0, 0.0, 2.0000041591579003]}] [[0.0, 0.0, -9.81, 0.0, 0.0, 0.0], [0.0, 0.0, 9.81, 0.0, 0.0, 0.0]]
2589 2.5140 0.0010 2.500004 -0.000000 0.000000 [{'depth': 9.809999999993463e-08, 'geomIdA': 0, 'geomIdB': 1, 'modifiedDepth': 9.809999999993463e-08, 'nhat_AB_W': [0.0, 0.0, 1.0], 'p_WC': [0.0, 0.0, 2.0000041892834894], 'p_WCa': [0.0, 0.0, 2.0000042194090786], 'p_WCb': [0.0, 0.0, 2.0000041591579003]}] [[0.0, 0.0, -9.81, 0.0, 0.0, 0.0], [0.0, 0.0, 9.81, 0.0, 0.0, 0.0]]
2590 2.5150 0.0010 2.500004 -0.000000 0.000000 [{'depth': 9.809999999993463e-08, 'geomIdA': 0, 'geomIdB': 1, 'modifiedDepth': 9.809999999993463e-08, 'nhat_AB_W': [0.0, 0.0, 1.0], 'p_WC': [0.0, 0.0, 2.0000041892834894], 'p_WCa': [0.0, 0.0, 2.0000042194090786], 'p_WCb': [0.0, 0.0, 2.0000041591579003]}] [[0.0, 0.0, -9.81, 0.0, 0.0, 0.0], [0.0, 0.0, 9.81, 0.0, 0.0, 0.0]]
2591 2.5160 0.0010 2.500004 -0.000000 0.000000 [{'depth': 9.809999999993463e-08, 'geomIdA': 0, 'geomIdB': 1, 'modifiedDepth': 9.809999999993463e-08, 'nhat_AB_W': [0.0, 0.0, 1.0], 'p_WC': [0.0, 0.0, 2.0000041892834894], 'p_WCa': [0.0, 0.0, 2.0000042194090786], 'p_WCb': [0.0, 0.0, 2.0000041591579003]}] [[0.0, 0.0, -9.81, 0.0, 0.0, 0.0], [0.0, 0.0, 9.81, 0.0, 0.0, 0.0]]
2592 2.5170 0.0010 2.500004 -0.000000 0.000000 [{'depth': 9.809999999993463e-08, 'geomIdA': 0, 'geomIdB': 1, 'modifiedDepth': 9.809999999993463e-08, 'nhat_AB_W': [0.0, 0.0, 1.0], 'p_WC': [0.0, 0.0, 2.0000041892834894], 'p_WCa': [0.0, 0.0, 2.0000042194090786], 'p_WCb': [0.0, 0.0, 2.0000041591579003]}] [[0.0, 0.0, -9.81, 0.0, 0.0, 0.0], [0.0, 0.0, 9.81, 0.0, 0.0, 0.0]]
2593 2.5180 0.0010 2.500004 -0.000000 0.000000 [{'depth': 9.809999999993463e-08, 'geomIdA': 0, 'geomIdB': 1, 'modifiedDepth': 9.809999999993463e-08, 'nhat_AB_W': [0.0, 0.0, 1.0], 'p_WC': [0.0, 0.0, 2.0000041892834894], 'p_WCa': [0.0, 0.0, 2.0000042194090786], 'p_WCb': [0.0, 0.0, 2.0000041591579003]}] [[0.0, 0.0, -9.81, 0.0, 0.0, 0.0], [0.0, 0.0, 9.81, 0.0, 0.0, 0.0]]
2594 2.5190 0.0010 2.500004 -0.000000 0.000000 [{'depth': 9.809999999993463e-08, 'geomIdA': 0, 'geomIdB': 1, 'modifiedDepth': 9.809999999993463e-08, 'nhat_AB_W': [0.0, 0.0, 1.0], 'p_WC': [0.0, 0.0, 2.0000041892834894], 'p_WCa': [0.0, 0.0, 2.0000042194090786], 'p_WCb': [0.0, 0.0, 2.0000041591579003]}] [[0.0, 0.0, -9.81, 0.0, 0.0, 0.0], [0.0, 0.0, 9.81, 0.0, 0.0, 0.0]]
2595 2.5200 0.0010 2.500004 -0.000000 0.000000 [{'depth': 9.809999999993463e-08, 'geomIdA': 0, 'geomIdB': 1, 'modifiedDepth': 9.809999999993463e-08, 'nhat_AB_W': [0.0, 0.0, 1.0], 'p_WC': [0.0, 0.0, 2.0000041892834894], 'p_WCa': [0.0, 0.0, 2.0000042194090786], 'p_WCb': [0.0, 0.0, 2.0000041591579003]}] [[0.0, 0.0, -9.81, 0.0, 0.0, 0.0], [0.0, 0.0, 9.81, 0.0, 0.0, 0.0]]
2596 2.5210 0.0010 2.500004 -0.000000 0.000000 [{'depth': 9.809999999993463e-08, 'geomIdA': 0, 'geomIdB': 1, 'modifiedDepth': 9.809999999993463e-08, 'nhat_AB_W': [0.0, 0.0, 1.0], 'p_WC': [0.0, 0.0, 2.0000041892834894], 'p_WCa': [0.0, 0.0, 2.0000042194090786], 'p_WCb': [0.0, 0.0, 2.0000041591579003]}] [[0.0, 0.0, -9.81, 0.0, 0.0, 0.0], [0.0, 0.0, 9.81, 0.0, 0.0, 0.0]]
2597 2.5220 0.0010 2.500004 -0.000000 0.000000 [{'depth': 9.809999999993463e-08, 'geomIdA': 0, 'geomIdB': 1, 'modifiedDepth': 9.809999999993463e-08, 'nhat_AB_W': [0.0, 0.0, 1.0], 'p_WC': [0.0, 0.0, 2.0000041892834894], 'p_WCa': [0.0, 0.0, 2.0000042194090786], 'p_WCb': [0.0, 0.0, 2.0000041591579003]}] [[0.0, 0.0, -9.81, 0.0, 0.0, 0.0], [0.0, 0.0, 9.81, 0.0, 0.0, 0.0]]
2598 2.5230 0.0010 2.500004 -0.000000 0.000000 [{'depth': 9.809999999993463e-08, 'geomIdA': 0, 'geomIdB': 1, 'modifiedDepth': 9.809999999993463e-08, 'nhat_AB_W': [0.0, 0.0, 1.0], 'p_WC': [0.0, 0.0, 2.0000041892834894], 'p_WCa': [0.0, 0.0, 2.0000042194090786], 'p_WCb': [0.0, 0.0, 2.0000041591579003]}] [[0.0, 0.0, -9.81, 0.0, 0.0, 0.0], [0.0, 0.0, 9.81, 0.0, 0.0, 0.0]]
2599 2.5240 0.0010 2.500004 -0.000000 0.000000 [{'depth': 9.809999999993463e-08, 'geomIdA': 0, 'geomIdB': 1, 'modifiedDepth': 9.809999999993463e-08, 'nhat_AB_W': [0.0, 0.0, 1.0], 'p_WC': [0.0, 0.0, 2.0000041892834894], 'p_WCa': [0.0, 0.0, 2.0000042194090786], 'p_WCb': [0.0, 0.0, 2.0000041591579003]}] [[0.0, 0.0, -9.81, 0.0, 0.0, 0.0], [0.0, 0.0, 9.81, 0.0, 0.0, 0.0]]
2600 2.5250 0.0010 2.500004 -0.000000 0.000000 [{'depth': 9.809999999993463e-08, 'geomIdA': 0, 'geomIdB': 1, 'modifiedDepth': 9.809999999993463e-08, 'nhat_AB_W': [0.0, 0.0, 1.0], 'p_WC': [0.0, 0.0, 2.0000041892834894], 'p_WCa': [0.0, 0.0, 2.0000042194090786], 'p_WCb': [0.0, 0.0, 2.0000041591579003]}] [[0.0, 0.0, -9.81, 0.0, 0.0, 0.0], [0.0, 0.0, 9.81, 0.0, 0.0, 0.0]]
2601 2.5260 0.0010 2.500004 -0.000000 0.000000 [{'depth': 9.809999999993463e-08, 'geomIdA': 0, 'geomIdB': 1, 'modifiedDepth': 9.809999999993463e-08, 'nhat_AB_W': [0.0, 0.0, 1.0], 'p_WC': [0.0, 0.0, 2.0000041892834894], 'p_WCa': [0.0, 0.0, 2.0000042194090786], 'p_WCb': [0.0, 0.0, 2.0000041591579003]}] [[0.0, 0.0, -9.81, 0.0, 0.0, 0.0], [0.0, 0.0, 9.81, 0.0, 0.0, 0.0]]
2602 2.5270 0.0010 2.500004 -0.000000 0.000000 [{'depth': 9.809999999993463e-08, 'geomIdA': 0, 'geomIdB': 1, 'modifiedDepth': 9.809999999993463e-08, 'nhat_AB_W': [0.0, 0.0, 1.0], 'p_WC': [0.0, 0.0, 2.0000041892834894], 'p_WCa': [0.0, 0.0, 2.0000042194090786], 'p_WCb': [0.0, 0.0, 2.0000041591579003]}] [[0.0, 0.0, -9.81, 0.0, 0.0, 0.0], [0.0, 0.0, 9.81, 0.0, 0.0, 0.0]]
2603 2.5280 0.0010 2.500004 -0.000000 0.000000 [{'depth': 9.809999999993463e-08, 'geomIdA': 0, 'geomIdB': 1, 'modifiedDepth': 9.809999999993463e-08, 'nhat_AB_W': [0.0, 0.0, 1.0], 'p_WC': [0.0, 0.0, 2.0000041892834894], 'p_WCa': [0.0, 0.0, 2.0000042194090786], 'p_WCb': [0.0, 0.0, 2.0000041591579003]}] [[0.0, 0.0, -9.81, 0.0, 0.0, 0.0], [0.0, 0.0, 9.81, 0.0, 0.0, 0.0]]
2604 2.5290 0.0010 2.500004 -0.000000 0.000000 [{'depth': 9.809999999993463e-08, 'geomIdA': 0, 'geomIdB': 1, 'modifiedDepth': 9.809999999993463e-08, 'nhat_AB_W': [0.0, 0.0, 1.0], 'p_WC': [0.0, 0.0, 2.0000041892834894], 'p_WCa': [0.0, 0.0, 2.0000042194090786], 'p_WCb': [0.0, 0.0, 2.0000041591579003]}] [[0.0, 0.0, -9.81, 0.0, 0.0, 0.0], [0.0, 0.0, 9.81, 0.0, 0.0, 0.0]]
2605 2.5300 0.0010 2.500004 -0.000000 0.000000 [{'depth': 9.809999999993463e-08, 'geomIdA': 0, 'geomIdB': 1, 'modifiedDepth': 9.809999999993463e-08, 'nhat_AB_W': [0.0, 0.0, 1.0], 'p_WC': [0.0, 0.0, 2.0000041892834894], 'p_WCa': [0.0, 0.0, 2.0000042194090786], 'p_WCb': [0.0, 0.0, 2.0000041591579003]}] [[0.0, 0.0, -9.81, 0.0, 0.0, 0.0], [0.0, 0.0, 9.81, 0.0, 0.0, 0.0]]
2606 2.5310 0.0010 2.500004 -0.000000 0.000000 [{'depth': 9.809999999993463e-08, 'geomIdA': 0, 'geomIdB': 1, 'modifiedDepth': 9.809999999993463e-08, 'nhat_AB_W': [0.0, 0.0, 1.0], 'p_WC': [0.0, 0.0, 2.0000041892834894], 'p_WCa': [0.0, 0.0, 2.0000042194090786], 'p_WCb': [0.0, 0.0, 2.0000041591579003]}] [[0.0, 0.0, -9.81, 0.0, 0.0, 0.0], [0.0, 0.0, 9.81, 0.0, 0.0, 0.0]]
2607 2.5320 0.0010 2.500004 -0.000000 0.000000 [{'depth': 9.809999999993463e-08, 'geomIdA': 0, 'geomIdB': 1, 'modifiedDepth': 9.809999999993463e-08, 'nhat_AB_W': [0.0, 0.0, 1.0], 'p_WC': [0.0, 0.0, 2.0000041892834894], 'p_WCa': [0.0, 0.0, 2.0000042194090786], 'p_WCb': [0.0, 0.0, 2.0000041591579003]}] [[0.0, 0.0, -9.81, 0.0, 0.0, 0.0], [0.0, 0.0, 9.81, 0.0, 0.0, 0.0]]
2608 2.5330 0.0010 2.500004 -0.000000 0.000000 [{'depth': 9.809999999993463e-08, 'geomIdA': 0, 'geomIdB': 1, 'modifiedDepth': 9.809999999993463e-08, 'nhat_AB_W': [0.0, 0.0, 1.0], 'p_WC': [0.0, 0.0, 2.0000041892834894], 'p_WCa': [0.0, 0.0, 2.0000042194090786], 'p_WCb': [0.0, 0.0, 2.0000041591579003]}] [[0.0, 0.0, -9.81, 0.0, 0.0, 0.0], [0.0, 0.0, 9.81, 0.0, 0.0, 0.0]]
2609 2.5340 0.0010 2.500004 -0.000000 0.000000 [{'depth': 9.809999999993463e-08, 'geomIdA': 0, 'geomIdB': 1, 'modifiedDepth': 9.809999999993463e-08, 'nhat_AB_W': [0.0, 0.0, 1.0], 'p_WC': [0.0, 0.0, 2.0000041892834894], 'p_WCa': [0.0, 0.0, 2.0000042194090786], 'p_WCb': [0.0, 0.0, 2.0000041591579003]}] [[0.0, 0.0, -9.81, 0.0, 0.0, 0.0], [0.0, 0.0, 9.81, 0.0, 0.0, 0.0]]
2610 2.5350 0.0010 2.500004 -0.000000 0.000000 [{'depth': 9.809999999993463e-08, 'geomIdA': 0, 'geomIdB': 1, 'modifiedDepth': 9.809999999993463e-08, 'nhat_AB_W': [0.0, 0.0, 1.0], 'p_WC': [0.0, 0.0, 2.0000041892834894], 'p_WCa': [0.0, 0.0, 2.0000042194090786], 'p_WCb': [0.0, 0.0, 2.0000041591579003]}] [[0.0, 0.0, -9.81, 0.0, 0.0, 0.0], [0.0, 0.0, 9.81, 0.0, 0.0, 0.0]]
2611 2.5360 0.0010 2.500004 -0.000000 0.000000 [{'depth': 9.809999999993463e-08, 'geomIdA': 0, 'geomIdB': 1, 'modifiedDepth': 9.809999999993463e-08, 'nhat_AB_W': [0.0, 0.0, 1.0], 'p_WC': [0.0, 0.0, 2.0000041892834894], 'p_WCa': [0.0, 0.0, 2.0000042194090786], 'p_WCb': [0.0, 0.0, 2.0000041591579003]}] [[0.0, 0.0, -9.81, 0.0, 0.0, 0.0], [0.0, 0.0, 9.81, 0.0, 0.0, 0.0]]
2612 2.5370 0.0010 2.500004 -0.000000 0.000000 [{'depth': 9.809999999993463e-08, 'geomIdA': 0, 'geomIdB': 1, 'modifiedDepth': 9.809999999993463e-08, 'nhat_AB_W': [0.0, 0.0, 1.0], 'p_WC': [0.0, 0.0, 2.0000041892834894], 'p_WCa': [0.0, 0.0, 2.0000042194090786], 'p_WCb': [0.0, 0.0, 2.0000041591579003]}] [[0.0, 0.0, -9.81, 0.0, 0.0, 0.0], [0.0, 0.0, 9.81, 0.0, 0.0, 0.0]]
2613 2.5380 0.0010 2.500004 -0.000000 0.000000 [{'depth': 9.809999999993463e-08, 'geomIdA': 0, 'geomIdB': 1, 'modifiedDepth': 9.809999999993463e-08, 'nhat_AB_W': [0.0, 0.0, 1.0], 'p_WC': [0.0, 0.0, 2.0000041892834894], 'p_WCa': [0.0, 0.0, 2.0000042194090786], 'p_WCb': [0.0, 0.0, 2.0000041591579003]}] [[0.0, 0.0, -9.81, 0.0, 0.0, 0.0], [0.0, 0.0, 9.81, 0.0, 0.0, 0.0]]
2614 2.5390 0.0010 2.500004 -0.000000 0.000000 [{'depth': 9.809999999993463e-08, 'geomIdA': 0, 'geomIdB': 1, 'modifiedDepth': 9.809999999993463e-08, 'nhat_AB_W': [0.0, 0.0, 1.0], 'p_WC': [0.0, 0.0, 2.0000041892834894], 'p_WCa': [0.0, 0.0, 2.0000042194090786], 'p_WCb': [0.0, 0.0, 2.0000041591579003]}] [[0.0, 0.0, -9.81, 0.0, 0.0, 0.0], [0.0, 0.0, 9.81, 0.0, 0.0, 0.0]]
2615 2.5400 0.0010 2.500004 -0.000000 0.000000 [{'depth': 9.809999999993463e-08, 'geomIdA': 0, 'geomIdB': 1, 'modifiedDepth': 9.809999999993463e-08, 'nhat_AB_W': [0.0, 0.0, 1.0], 'p_WC': [0.0, 0.0, 2.0000041892834894], 'p_WCa': [0.0, 0.0, 2.0000042194090786], 'p_WCb': [0.0, 0.0, 2.0000041591579003]}] [[0.0, 0.0, -9.81, 0.0, 0.0, 0.0], [0.0, 0.0, 9.81, 0.0, 0.0, 0.0]]
2616 2.5410 0.0010 2.500004 -0.000000 0.000000 [{'depth': 9.809999999993463e-08, 'geomIdA': 0, 'geomIdB': 1, 'modifiedDepth': 9.809999999993463e-08, 'nhat_AB_W': [0.0, 0.0, 1.0], 'p_WC': [0.0, 0.0, 2.0000041892834894], 'p_WCa': [0.0, 0.0, 2.0000042194090786], 'p_WCb': [0.0, 0.0, 2.0000041591579003]}] [[0.0, 0.0, -9.81, 0.0, 0.0, 0.0], [0.0, 0.0, 9.81, 0.0, 0.0, 0.0]]
2617 2.5420 0.0010 2.500004 -0.000000 0.000000 [{'depth': 9.809999999993463e-08, 'geomIdA': 0, 'geomIdB': 1, 'modifiedDepth': 9.809999999993463e-08, 'nhat_AB_W': [0.0, 0.0, 1.0], 'p_WC': [0.0, 0.0, 2.0000041892834894], 'p_WCa': [0.0, 0.0, 2.0000042194090786], 'p_WCb': [0.0, 0.0, 2.0000041591579003]}] [[0.0, 0.0, -9.81, 0.0, 0.0, 0.0], [0.0, 0.0, 9.81, 0.0, 0.0, 0.0]]
2618 2.5430 0.0010 2.500004 -0.000000 0.000000 [{'depth': 9.809999999993463e-08, 'geomIdA': 0, 'geomIdB': 1, 'modifiedDepth': 9.809999999993463e-08, 'nhat_AB_W': [0.0, 0.0, 1.0], 'p_WC': [0.0, 0.0, 2.0000041892834894], 'p_WCa': [0.0, 0.0, 2.0000042194090786], 'p_WCb': [0.0, 0.0, 2.0000041591579003]}] [[0.0, 0.0, -9.81, 0.0, 0.0, 0.0], [0.0, 0.0, 9.81, 0.0, 0.0, 0.0]]
2619 2.5440 0.0010 2.500004 -0.000000 0.000000 [{'depth': 9.809999999993463e-08, 'geomIdA': 0, 'geomIdB': 1, 'modifiedDepth': 9.809999999993463e-08, 'nhat_AB_W': [0.0, 0.0, 1.0], 'p_WC': [0.0, 0.0, 2.0000041892834894], 'p_WCa': [0.0, 0.0, 2.0000042194090786], 'p_WCb': [0.0, 0.0, 2.0000041591579003]}] [[0.0, 0.0, -9.81, 0.0, 0.0, 0.0], [0.0, 0.0, 9.81, 0.0, 0.0, 0.0]]
2620 2.5450 0.0010 2.500004 -0.000000 0.000000 [{'depth': 9.809999999993463e-08, 'geomIdA': 0, 'geomIdB': 1, 'modifiedDepth': 9.809999999993463e-08, 'nhat_AB_W': [0.0, 0.0, 1.0], 'p_WC': [0.0, 0.0, 2.0000041892834894], 'p_WCa': [0.0, 0.0, 2.0000042194090786], 'p_WCb': [0.0, 0.0, 2.0000041591579003]}] [[0.0, 0.0, -9.81, 0.0, 0.0, 0.0], [0.0, 0.0, 9.81, 0.0, 0.0, 0.0]]
2621 2.5460 0.0010 2.500004 -0.000000 0.000000 [{'depth': 9.809999999993463e-08, 'geomIdA': 0, 'geomIdB': 1, 'modifiedDepth': 9.809999999993463e-08, 'nhat_AB_W': [0.0, 0.0, 1.0], 'p_WC': [0.0, 0.0, 2.0000041892834894], 'p_WCa': [0.0, 0.0, 2.0000042194090786], 'p_WCb': [0.0, 0.0, 2.0000041591579003]}] [[0.0, 0.0, -9.81, 0.0, 0.0, 0.0], [0.0, 0.0, 9.81, 0.0, 0.0, 0.0]]
2622 2.5470 0.0010 2.500004 -0.000000 0.000000 [{'depth': 9.809999999993463e-08, 'geomIdA': 0, 'geomIdB': 1, 'modifiedDepth': 9.809999999993463e-08, 'nhat_AB_W': [0.0, 0.0, 1.0], 'p_WC': [0.0, 0.0, 2.0000041892834894], 'p_WCa': [0.0, 0.0, 2.0000042194090786], 'p_WCb': [0.0, 0.0, 2.0000041591579003]}] [[0.0, 0.0, -9.81, 0.0, 0.0, 0.0], [0.0, 0.0, 9.81, 0.0, 0.0, 0.0]]
2623 2.5480 0.0010 2.500004 -0.000000 0.000000 [{'depth': 9.809999999993463e-08, 'geomIdA': 0, 'geomIdB': 1, 'modifiedDepth': 9.809999999993463e-08, 'nhat_AB_W': [0.0, 0.0, 1.0], 'p_WC': [0.0, 0.0, 2.0000041892834894], 'p_WCa': [0.0, 0.0, 2.0000042194090786], 'p_WCb': [0.0, 0.0, 2.0000041591579003]}] [[0.0, 0.0, -9.81, 0.0, 0.0, 0.0], [0.0, 0.0, 9.81, 0.0, 0.0, 0.0]]
2624 2.5490 0.0010 2.500004 -0.000000 0.000000 [{'depth': 9.809999999993463e-08, 'geomIdA': 0, 'geomIdB': 1, 'modifiedDepth': 9.809999999993463e-08, 'nhat_AB_W': [0.0, 0.0, 1.0], 'p_WC': [0.0, 0.0, 2.0000041892834894], 'p_WCa': [0.0, 0.0, 2.0000042194090786], 'p_WCb': [0.0, 0.0, 2.0000041591579003]}] [[0.0, 0.0, -9.81, 0.0, 0.0, 0.0], [0.0, 0.0, 9.81, 0.0, 0.0, 0.0]]
2625 2.5500 0.0010 2.500004 -0.000000 0.000000 [{'depth': 9.809999999993463e-08, 'geomIdA': 0, 'geomIdB': 1, 'modifiedDepth': 9.809999999993463e-08, 'nhat_AB_W': [0.0, 0.0, 1.0], 'p_WC': [0.0, 0.0, 2.0000041892834894], 'p_WCa': [0.0, 0.0, 2.0000042194090786], 'p_WCb': [0.0, 0.0, 2.0000041591579003]}] [[0.0, 0.0, -9.81, 0.0, 0.0, 0.0], [0.0, 0.0, 9.81, 0.0, 0.0, 0.0]]
2626 2.5510 0.0010 2.500004 -0.000000 0.000000 [{'depth': 9.809999999993463e-08, 'geomIdA': 0, 'geomIdB': 1, 'modifiedDepth': 9.809999999993463e-08, 'nhat_AB_W': [0.0, 0.0, 1.0], 'p_WC': [0.0, 0.0, 2.0000041892834894], 'p_WCa': [0.0, 0.0, 2.0000042194090786], 'p_WCb': [0.0, 0.0, 2.0000041591579003]}] [[0.0, 0.0, -9.81, 0.0, 0.0, 0.0], [0.0, 0.0, 9.81, 0.0, 0.0, 0.0]]
2627 2.5520 0.0010 2.500004 -0.000000 0.000000 [{'depth': 9.809999999993463e-08, 'geomIdA': 0, 'geomIdB': 1, 'modifiedDepth': 9.809999999993463e-08, 'nhat_AB_W': [0.0, 0.0, 1.0], 'p_WC': [0.0, 0.0, 2.0000041892834894], 'p_WCa': [0.0, 0.0, 2.0000042194090786], 'p_WCb': [0.0, 0.0, 2.0000041591579003]}] [[0.0, 0.0, -9.81, 0.0, 0.0, 0.0], [0.0, 0.0, 9.81, 0.0, 0.0, 0.0]]
2628 2.5530 0.0010 2.500004 -0.000000 0.000000 [{'depth': 9.809999999993463e-08, 'geomIdA': 0, 'geomIdB': 1, 'modifiedDepth': 9.809999999993463e-08, 'nhat_AB_W': [0.0, 0.0, 1.0], 'p_WC': [0.0, 0.0, 2.0000041892834894], 'p_WCa': [0.0, 0.0, 2.0000042194090786], 'p_WCb': [0.0, 0.0, 2.0000041591579003]}] [[0.0, 0.0, -9.81, 0.0, 0.0, 0.0], [0.0, 0.0, 9.81, 0.0, 0.0, 0.0]]
2629 2.5540 0.0010 2.500004 -0.000000 0.000000 [{'depth': 9.809999999993463e-08, 'geomIdA': 0, 'geomIdB': 1, 'modifiedDepth': 9.809999999993463e-08, 'nhat_AB_W': [0.0, 0.0, 1.0], 'p_WC': [0.0, 0.0, 2.0000041892834894], 'p_WCa': [0.0, 0.0, 2.0000042194090786], 'p_WCb': [0.0, 0.0, 2.0000041591579003]}] [[0.0, 0.0, -9.81, 0.0, 0.0, 0.0], [0.0, 0.0, 9.81, 0.0, 0.0, 0.0]]
2630 2.5550 0.0010 2.500004 -0.000000 0.000000 [{'depth': 9.809999999993463e-08, 'geomIdA': 0, 'geomIdB': 1, 'modifiedDepth': 9.809999999993463e-08, 'nhat_AB_W': [0.0, 0.0, 1.0], 'p_WC': [0.0, 0.0, 2.0000041892834894], 'p_WCa': [0.0, 0.0, 2.0000042194090786], 'p_WCb': [0.0, 0.0, 2.0000041591579003]}] [[0.0, 0.0, -9.81, 0.0, 0.0, 0.0], [0.0, 0.0, 9.81, 0.0, 0.0, 0.0]]
2631 2.5560 0.0010 2.500004 -0.000000 0.000000 [{'depth': 9.809999999993463e-08, 'geomIdA': 0, 'geomIdB': 1, 'modifiedDepth': 9.809999999993463e-08, 'nhat_AB_W': [0.0, 0.0, 1.0], 'p_WC': [0.0, 0.0, 2.0000041892834894], 'p_WCa': [0.0, 0.0, 2.0000042194090786], 'p_WCb': [0.0, 0.0, 2.0000041591579003]}] [[0.0, 0.0, -9.81, 0.0, 0.0, 0.0], [0.0, 0.0, 9.81, 0.0, 0.0, 0.0]]
2632 2.5570 0.0010 2.500004 -0.000000 0.000000 [{'depth': 9.809999999993463e-08, 'geomIdA': 0, 'geomIdB': 1, 'modifiedDepth': 9.809999999993463e-08, 'nhat_AB_W': [0.0, 0.0, 1.0], 'p_WC': [0.0, 0.0, 2.0000041892834894], 'p_WCa': [0.0, 0.0, 2.0000042194090786], 'p_WCb': [0.0, 0.0, 2.0000041591579003]}] [[0.0, 0.0, -9.81, 0.0, 0.0, 0.0], [0.0, 0.0, 9.81, 0.0, 0.0, 0.0]]
2633 2.5580 0.0010 2.500004 -0.000000 0.000000 [{'depth': 9.809999999993463e-08, 'geomIdA': 0, 'geomIdB': 1, 'modifiedDepth': 9.809999999993463e-08, 'nhat_AB_W': [0.0, 0.0, 1.0], 'p_WC': [0.0, 0.0, 2.0000041892834894], 'p_WCa': [0.0, 0.0, 2.0000042194090786], 'p_WCb': [0.0, 0.0, 2.0000041591579003]}] [[0.0, 0.0, -9.81, 0.0, 0.0, 0.0], [0.0, 0.0, 9.81, 0.0, 0.0, 0.0]]
2634 2.5590 0.0010 2.500004 -0.000000 0.000000 [{'depth': 9.809999999993463e-08, 'geomIdA': 0, 'geomIdB': 1, 'modifiedDepth': 9.809999999993463e-08, 'nhat_AB_W': [0.0, 0.0, 1.0], 'p_WC': [0.0, 0.0, 2.0000041892834894], 'p_WCa': [0.0, 0.0, 2.0000042194090786], 'p_WCb': [0.0, 0.0, 2.0000041591579003]}] [[0.0, 0.0, -9.81, 0.0, 0.0, 0.0], [0.0, 0.0, 9.81, 0.0, 0.0, 0.0]]
2635 2.5600 0.0010 2.500004 -0.000000 0.000000 [{'depth': 9.809999999993463e-08, 'geomIdA': 0, 'geomIdB': 1, 'modifiedDepth': 9.809999999993463e-08, 'nhat_AB_W': [0.0, 0.0, 1.0], 'p_WC': [0.0, 0.0, 2.0000041892834894], 'p_WCa': [0.0, 0.0, 2.0000042194090786], 'p_WCb': [0.0, 0.0, 2.0000041591579003]}] [[0.0, 0.0, -9.81, 0.0, 0.0, 0.0], [0.0, 0.0, 9.81, 0.0, 0.0, 0.0]]
2636 2.5610 0.0010 2.500004 -0.000000 0.000000 [{'depth': 9.809999999993463e-08, 'geomIdA': 0, 'geomIdB': 1, 'modifiedDepth': 9.809999999993463e-08, 'nhat_AB_W': [0.0, 0.0, 1.0], 'p_WC': [0.0, 0.0, 2.0000041892834894], 'p_WCa': [0.0, 0.0, 2.0000042194090786], 'p_WCb': [0.0, 0.0, 2.0000041591579003]}] [[0.0, 0.0, -9.81, 0.0, 0.0, 0.0], [0.0, 0.0, 9.81, 0.0, 0.0, 0.0]]
2637 2.5620 0.0010 2.500004 -0.000000 0.000000 [{'depth': 9.809999999993463e-08, 'geomIdA': 0, 'geomIdB': 1, 'modifiedDepth': 9.809999999993463e-08, 'nhat_AB_W': [0.0, 0.0, 1.0], 'p_WC': [0.0, 0.0, 2.0000041892834894], 'p_WCa': [0.0, 0.0, 2.0000042194090786], 'p_WCb': [0.0, 0.0, 2.0000041591579003]}] [[0.0, 0.0, -9.81, 0.0, 0.0, 0.0], [0.0, 0.0, 9.81, 0.0, 0.0, 0.0]]
2638 2.5630 0.0010 2.500004 -0.000000 0.000000 [{'depth': 9.809999999993463e-08, 'geomIdA': 0, 'geomIdB': 1, 'modifiedDepth': 9.809999999993463e-08, 'nhat_AB_W': [0.0, 0.0, 1.0], 'p_WC': [0.0, 0.0, 2.0000041892834894], 'p_WCa': [0.0, 0.0, 2.0000042194090786], 'p_WCb': [0.0, 0.0, 2.0000041591579003]}] [[0.0, 0.0, -9.81, 0.0, 0.0, 0.0], [0.0, 0.0, 9.81, 0.0, 0.0, 0.0]]
2639 2.5640 0.0010 2.500004 -0.000000 0.000000 [{'depth': 9.809999999993463e-08, 'geomIdA': 0, 'geomIdB': 1, 'modifiedDepth': 9.809999999993463e-08, 'nhat_AB_W': [0.0, 0.0, 1.0], 'p_WC': [0.0, 0.0, 2.0000041892834894], 'p_WCa': [0.0, 0.0, 2.0000042194090786], 'p_WCb': [0.0, 0.0, 2.0000041591579003]}] [[0.0, 0.0, -9.81, 0.0, 0.0, 0.0], [0.0, 0.0, 9.81, 0.0, 0.0, 0.0]]
2640 2.5650 0.0010 2.500004 -0.000000 0.000000 [{'depth': 9.809999999993463e-08, 'geomIdA': 0, 'geomIdB': 1, 'modifiedDepth': 9.809999999993463e-08, 'nhat_AB_W': [0.0, 0.0, 1.0], 'p_WC': [0.0, 0.0, 2.0000041892834894], 'p_WCa': [0.0, 0.0, 2.0000042194090786], 'p_WCb': [0.0, 0.0, 2.0000041591579003]}] [[0.0, 0.0, -9.81, 0.0, 0.0, 0.0], [0.0, 0.0, 9.81, 0.0, 0.0, 0.0]]
2641 2.5660 0.0010 2.500004 -0.000000 0.000000 [{'depth': 9.809999999993463e-08, 'geomIdA': 0, 'geomIdB': 1, 'modifiedDepth': 9.809999999993463e-08, 'nhat_AB_W': [0.0, 0.0, 1.0], 'p_WC': [0.0, 0.0, 2.0000041892834894], 'p_WCa': [0.0, 0.0, 2.0000042194090786], 'p_WCb': [0.0, 0.0, 2.0000041591579003]}] [[0.0, 0.0, -9.81, 0.0, 0.0, 0.0], [0.0, 0.0, 9.81, 0.0, 0.0, 0.0]]
2642 2.5670 0.0010 2.500004 -0.000000 0.000000 [{'depth': 9.809999999993463e-08, 'geomIdA': 0, 'geomIdB': 1, 'modifiedDepth': 9.809999999993463e-08, 'nhat_AB_W': [0.0, 0.0, 1.0], 'p_WC': [0.0, 0.0, 2.0000041892834894], 'p_WCa': [0.0, 0.0, 2.0000042194090786], 'p_WCb': [0.0, 0.0, 2.0000041591579003]}] [[0.0, 0.0, -9.81, 0.0, 0.0, 0.0], [0.0, 0.0, 9.81, 0.0, 0.0, 0.0]]
2643 2.5680 0.0010 2.500004 -0.000000 0.000000 [{'depth': 9.809999999993463e-08, 'geomIdA': 0, 'geomIdB': 1, 'modifiedDepth': 9.809999999993463e-08, 'nhat_AB_W': [0.0, 0.0, 1.0], 'p_WC': [0.0, 0.0, 2.0000041892834894], 'p_WCa': [0.0, 0.0, 2.0000042194090786], 'p_WCb': [0.0, 0.0, 2.0000041591579003]}] [[0.0, 0.0, -9.81, 0.0, 0.0, 0.0], [0.0, 0.0, 9.81, 0.0, 0.0, 0.0]]
2644 2.5690 0.0010 2.500004 -0.000000 0.000000 [{'depth': 9.809999999993463e-08, 'geomIdA': 0, 'geomIdB': 1, 'modifiedDepth': 9.809999999993463e-08, 'nhat_AB_W': [0.0, 0.0, 1.0], 'p_WC': [0.0, 0.0, 2.0000041892834894], 'p_WCa': [0.0, 0.0, 2.0000042194090786], 'p_WCb': [0.0, 0.0, 2.0000041591579003]}] [[0.0, 0.0, -9.81, 0.0, 0.0, 0.0], [0.0, 0.0, 9.81, 0.0, 0.0, 0.0]]
2645 2.5700 0.0010 2.500004 -0.000000 0.000000 [{'depth': 9.809999999993463e-08, 'geomIdA': 0, 'geomIdB': 1, 'modifiedDepth': 9.809999999993463e-08, 'nhat_AB_W': [0.0, 0.0, 1.0], 'p_WC': [0.0, 0.0, 2.0000041892834894], 'p_WCa': [0.0, 0.0, 2.0000042194090786], 'p_WCb': [0.0, 0.0, 2.0000041591579003]}] [[0.0, 0.0, -9.81, 0.0, 0.0, 0.0], [0.0, 0.0, 9.81, 0.0, 0.0, 0.0]]
2646 2.5710 0.0010 2.500004 -0.000000 0.000000 [{'depth': 9.809999999993463e-08, 'geomIdA': 0, 'geomIdB': 1, 'modifiedDepth': 9.809999999993463e-08, 'nhat_AB_W': [0.0, 0.0, 1.0], 'p_WC': [0.0, 0.0, 2.0000041892834894], 'p_WCa': [0.0, 0.0, 2.0000042194090786], 'p_WCb': [0.0, 0.0, 2.0000041591579003]}] [[0.0, 0.0, -9.81, 0.0, 0.0, 0.0], [0.0, 0.0, 9.81, 0.0, 0.0, 0.0]]
2647 2.5720 0.0010 2.500004 -0.000000 0.000000 [{'depth': 9.809999999993463e-08, 'geomIdA': 0, 'geomIdB': 1, 'modifiedDepth': 9.809999999993463e-08, 'nhat_AB_W': [0.0, 0.0, 1.0], 'p_WC': [0.0, 0.0, 2.0000041892834894], 'p_WCa': [0.0, 0.0, 2.0000042194090786], 'p_WCb': [0.0, 0.0, 2.0000041591579003]}] [[0.0, 0.0, -9.81, 0.0, 0.0, 0.0], [0.0, 0.0, 9.81, 0.0, 0.0, 0.0]]
2648 2.5730 0.0010 2.500004 -0.000000 0.000000 [{'depth': 9.809999999993463e-08, 'geomIdA': 0, 'geomIdB': 1, 'modifiedDepth': 9.809999999993463e-08, 'nhat_AB_W': [0.0, 0.0, 1.0], 'p_WC': [0.0, 0.0, 2.0000041892834894], 'p_WCa': [0.0, 0.0, 2.0000042194090786], 'p_WCb': [0.0, 0.0, 2.0000041591579003]}] [[0.0, 0.0, -9.81, 0.0, 0.0, 0.0], [0.0, 0.0, 9.81, 0.0, 0.0, 0.0]]
2649 2.5740 0.0010 2.500004 -0.000000 0.000000 [{'depth': 9.809999999993463e-08, 'geomIdA': 0, 'geomIdB': 1, 'modifiedDepth': 9.809999999993463e-08, 'nhat_AB_W': [0.0, 0.0, 1.0], 'p_WC': [0.0, 0.0, 2.0000041892834894], 'p_WCa': [0.0, 0.0, 2.0000042194090786], 'p_WCb': [0.0, 0.0, 2.0000041591579003]}] [[0.0, 0.0, -9.81, 0.0, 0.0, 0.0], [0.0, 0.0, 9.81, 0.0, 0.0, 0.0]]
2650 2.5750 0.0010 2.500004 -0.000000 0.000000 [{'depth': 9.809999999993463e-08, 'geomIdA': 0, 'geomIdB': 1, 'modifiedDepth': 9.809999999993463e-08, 'nhat_AB_W': [0.0, 0.0, 1.0], 'p_WC': [0.0, 0.0, 2.0000041892834894], 'p_WCa': [0.0, 0.0, 2.0000042194090786], 'p_WCb': [0.0, 0.0, 2.0000041591579003]}] [[0.0, 0.0, -9.81, 0.0, 0.0, 0.0], [0.0, 0.0, 9.81, 0.0, 0.0, 0.0]]
2651 2.5760 0.0010 2.500004 -0.000000 0.000000 [{'depth': 9.809999999993463e-08, 'geomIdA': 0, 'geomIdB': 1, 'modifiedDepth': 9.809999999993463e-08, 'nhat_AB_W': [0.0, 0.0, 1.0], 'p_WC': [0.0, 0.0, 2.0000041892834894], 'p_WCa': [0.0, 0.0, 2.0000042194090786], 'p_WCb': [0.0, 0.0, 2.0000041591579003]}] [[0.0, 0.0, -9.81, 0.0, 0.0, 0.0], [0.0, 0.0, 9.81, 0.0, 0.0, 0.0]]
2652 2.5770 0.0010 2.500004 -0.000000 0.000000 [{'depth': 9.809999999993463e-08, 'geomIdA': 0, 'geomIdB': 1, 'modifiedDepth': 9.809999999993463e-08, 'nhat_AB_W': [0.0, 0.0, 1.0], 'p_WC': [0.0, 0.0, 2.0000041892834894], 'p_WCa': [0.0, 0.0, 2.0000042194090786], 'p_WCb': [0.0, 0.0, 2.0000041591579003]}] [[0.0, 0.0, -9.81, 0.0, 0.0, 0.0], [0.0, 0.0, 9.81, 0.0, 0.0, 0.0]]
2653 2.5780 0.0010 2.500004 -0.000000 0.000000 [{'depth': 9.809999999993463e-08, 'geomIdA': 0, 'geomIdB': 1, 'modifiedDepth': 9.809999999993463e-08, 'nhat_AB_W': [0.0, 0.0, 1.0], 'p_WC': [0.0, 0.0, 2.0000041892834894], 'p_WCa': [0.0, 0.0, 2.0000042194090786], 'p_WCb': [0.0, 0.0, 2.0000041591579003]}] [[0.0, 0.0, -9.81, 0.0, 0.0, 0.0], [0.0, 0.0, 9.81, 0.0, 0.0, 0.0]]
2654 2.5790 0.0010 2.500004 -0.000000 0.000000 [{'depth': 9.809999999993463e-08, 'geomIdA': 0, 'geomIdB': 1, 'modifiedDepth': 9.809999999993463e-08, 'nhat_AB_W': [0.0, 0.0, 1.0], 'p_WC': [0.0, 0.0, 2.0000041892834894], 'p_WCa': [0.0, 0.0, 2.0000042194090786], 'p_WCb': [0.0, 0.0, 2.0000041591579003]}] [[0.0, 0.0, -9.81, 0.0, 0.0, 0.0], [0.0, 0.0, 9.81, 0.0, 0.0, 0.0]]
2655 2.5800 0.0010 2.500004 -0.000000 0.000000 [{'depth': 9.809999999993463e-08, 'geomIdA': 0, 'geomIdB': 1, 'modifiedDepth': 9.809999999993463e-08, 'nhat_AB_W': [0.0, 0.0, 1.0], 'p_WC': [0.0, 0.0, 2.0000041892834894], 'p_WCa': [0.0, 0.0, 2.0000042194090786], 'p_WCb': [0.0, 0.0, 2.0000041591579003]}] [[0.0, 0.0, -9.81, 0.0, 0.0, 0.0], [0.0, 0.0, 9.81, 0.0, 0.0, 0.0]]
2656 2.5810 0.0010 2.500004 -0.000000 0.000000 [{'depth': 9.809999999993463e-08, 'geomIdA': 0, 'geomIdB': 1, 'modifiedDepth': 9.809999999993463e-08, 'nhat_AB_W': [0.0, 0.0, 1.0], 'p_WC': [0.0, 0.0, 2.0000041892834894], 'p_WCa': [0.0, 0.0, 2.0000042194090786], 'p_WCb': [0.0, 0.0, 2.0000041591579003]}] [[0.0, 0.0, -9.81, 0.0, 0.0, 0.0], [0.0, 0.0, 9.81, 0.0, 0.0, 0.0]]
2657 2.5820 0.0010 2.500004 -0.000000 0.000000 [{'depth': 9.809999999993463e-08, 'geomIdA': 0, 'geomIdB': 1, 'modifiedDepth': 9.809999999993463e-08, 'nhat_AB_W': [0.0, 0.0, 1.0], 'p_WC': [0.0, 0.0, 2.0000041892834894], 'p_WCa': [0.0, 0.0, 2.0000042194090786], 'p_WCb': [0.0, 0.0, 2.0000041591579003]}] [[0.0, 0.0, -9.81, 0.0, 0.0, 0.0], [0.0, 0.0, 9.81, 0.0, 0.0, 0.0]]
2658 2.5830 0.0010 2.500004 -0.000000 0.000000 [{'depth': 9.809999999993463e-08, 'geomIdA': 0, 'geomIdB': 1, 'modifiedDepth': 9.809999999993463e-08, 'nhat_AB_W': [0.0, 0.0, 1.0], 'p_WC': [0.0, 0.0, 2.0000041892834894], 'p_WCa': [0.0, 0.0, 2.0000042194090786], 'p_WCb': [0.0, 0.0, 2.0000041591579003]}] [[0.0, 0.0, -9.81, 0.0, 0.0, 0.0], [0.0, 0.0, 9.81, 0.0, 0.0, 0.0]]
2659 2.5840 0.0010 2.500004 -0.000000 0.000000 [{'depth': 9.809999999993463e-08, 'geomIdA': 0, 'geomIdB': 1, 'modifiedDepth': 9.809999999993463e-08, 'nhat_AB_W': [0.0, 0.0, 1.0], 'p_WC': [0.0, 0.0, 2.0000041892834894], 'p_WCa': [0.0, 0.0, 2.0000042194090786], 'p_WCb': [0.0, 0.0, 2.0000041591579003]}] [[0.0, 0.0, -9.81, 0.0, 0.0, 0.0], [0.0, 0.0, 9.81, 0.0, 0.0, 0.0]]
2660 2.5850 0.0010 2.500004 -0.000000 0.000000 [{'depth': 9.809999999993463e-08, 'geomIdA': 0, 'geomIdB': 1, 'modifiedDepth': 9.809999999993463e-08, 'nhat_AB_W': [0.0, 0.0, 1.0], 'p_WC': [0.0, 0.0, 2.0000041892834894], 'p_WCa': [0.0, 0.0, 2.0000042194090786], 'p_WCb': [0.0, 0.0, 2.0000041591579003]}] [[0.0, 0.0, -9.81, 0.0, 0.0, 0.0], [0.0, 0.0, 9.81, 0.0, 0.0, 0.0]]
2661 2.5860 0.0010 2.500004 -0.000000 0.000000 [{'depth': 9.809999999993463e-08, 'geomIdA': 0, 'geomIdB': 1, 'modifiedDepth': 9.809999999993463e-08, 'nhat_AB_W': [0.0, 0.0, 1.0], 'p_WC': [0.0, 0.0, 2.0000041892834894], 'p_WCa': [0.0, 0.0, 2.0000042194090786], 'p_WCb': [0.0, 0.0, 2.0000041591579003]}] [[0.0, 0.0, -9.81, 0.0, 0.0, 0.0], [0.0, 0.0, 9.81, 0.0, 0.0, 0.0]]
2662 2.5870 0.0010 2.500004 -0.000000 0.000000 [{'depth': 9.809999999993463e-08, 'geomIdA': 0, 'geomIdB': 1, 'modifiedDepth': 9.809999999993463e-08, 'nhat_AB_W': [0.0, 0.0, 1.0], 'p_WC': [0.0, 0.0, 2.0000041892834894], 'p_WCa': [0.0, 0.0, 2.0000042194090786], 'p_WCb': [0.0, 0.0, 2.0000041591579003]}] [[0.0, 0.0, -9.81, 0.0, 0.0, 0.0], [0.0, 0.0, 9.81, 0.0, 0.0, 0.0]]
2663 2.5880 0.0010 2.500004 -0.000000 0.000000 [{'depth': 9.809999999993463e-08, 'geomIdA': 0, 'geomIdB': 1, 'modifiedDepth': 9.809999999993463e-08, 'nhat_AB_W': [0.0, 0.0, 1.0], 'p_WC': [0.0, 0.0, 2.0000041892834894], 'p_WCa': [0.0, 0.0, 2.0000042194090786], 'p_WCb': [0.0, 0.0, 2.0000041591579003]}] [[0.0, 0.0, -9.81, 0.0, 0.0, 0.0], [0.0, 0.0, 9.81, 0.0, 0.0, 0.0]]
2664 2.5890 0.0010 2.500004 -0.000000 0.000000 [{'depth': 9.809999999993463e-08, 'geomIdA': 0, 'geomIdB': 1, 'modifiedDepth': 9.809999999993463e-08, 'nhat_AB_W': [0.0, 0.0, 1.0], 'p_WC': [0.0, 0.0, 2.0000041892834894], 'p_WCa': [0.0, 0.0, 2.0000042194090786], 'p_WCb': [0.0, 0.0, 2.0000041591579003]}] [[0.0, 0.0, -9.81, 0.0, 0.0, 0.0], [0.0, 0.0, 9.81, 0.0, 0.0, 0.0]]
2665 2.5900 0.0010 2.500004 -0.000000 0.000000 [{'depth': 9.809999999993463e-08, 'geomIdA': 0, 'geomIdB': 1, 'modifiedDepth': 9.809999999993463e-08, 'nhat_AB_W': [0.0, 0.0, 1.0], 'p_WC': [0.0, 0.0, 2.0000041892834894], 'p_WCa': [0.0, 0.0, 2.0000042194090786], 'p_WCb': [0.0, 0.0, 2.0000041591579003]}] [[0.0, 0.0, -9.81, 0.0, 0.0, 0.0], [0.0, 0.0, 9.81, 0.0, 0.0, 0.0]]
2666 2.5910 0.0010 2.500004 -0.000000 0.000000 [{'depth': 9.809999999993463e-08, 'geomIdA': 0, 'geomIdB': 1, 'modifiedDepth': 9.809999999993463e-08, 'nhat_AB_W': [0.0, 0.0, 1.0], 'p_WC': [0.0, 0.0, 2.0000041892834894], 'p_WCa': [0.0, 0.0, 2.0000042194090786], 'p_WCb': [0.0, 0.0, 2.0000041591579003]}] [[0.0, 0.0, -9.81, 0.0, 0.0, 0.0], [0.0, 0.0, 9.81, 0.0, 0.0, 0.0]]
2667 2.5920 0.0010 2.500004 -0.000000 0.000000 [{'depth': 9.809999999993463e-08, 'geomIdA': 0, 'geomIdB': 1, 'modifiedDepth': 9.809999999993463e-08, 'nhat_AB_W': [0.0, 0.0, 1.0], 'p_WC': [0.0, 0.0, 2.0000041892834894], 'p_WCa': [0.0, 0.0, 2.0000042194090786], 'p_WCb': [0.0, 0.0, 2.0000041591579003]}] [[0.0, 0.0, -9.81, 0.0, 0.0, 0.0], [0.0, 0.0, 9.81, 0.0, 0.0, 0.0]]
2668 2.5930 0.0010 2.500004 -0.000000 0.000000 [{'depth': 9.809999999993463e-08, 'geomIdA': 0, 'geomIdB': 1, 'modifiedDepth': 9.809999999993463e-08, 'nhat_AB_W': [0.0, 0.0, 1.0], 'p_WC': [0.0, 0.0, 2.0000041892834894], 'p_WCa': [0.0, 0.0, 2.0000042194090786], 'p_WCb': [0.0, 0.0, 2.0000041591579003]}] [[0.0, 0.0, -9.81, 0.0, 0.0, 0.0], [0.0, 0.0, 9.81, 0.0, 0.0, 0.0]]
2669 2.5940 0.0010 2.500004 -0.000000 0.000000 [{'depth': 9.809999999993463e-08, 'geomIdA': 0, 'geomIdB': 1, 'modifiedDepth': 9.809999999993463e-08, 'nhat_AB_W': [0.0, 0.0, 1.0], 'p_WC': [0.0, 0.0, 2.0000041892834894], 'p_WCa': [0.0, 0.0, 2.0000042194090786], 'p_WCb': [0.0, 0.0, 2.0000041591579003]}] [[0.0, 0.0, -9.81, 0.0, 0.0, 0.0], [0.0, 0.0, 9.81, 0.0, 0.0, 0.0]]
2670 2.5950 0.0010 2.500004 -0.000000 0.000000 [{'depth': 9.809999999993463e-08, 'geomIdA': 0, 'geomIdB': 1, 'modifiedDepth': 9.809999999993463e-08, 'nhat_AB_W': [0.0, 0.0, 1.0], 'p_WC': [0.0, 0.0, 2.0000041892834894], 'p_WCa': [0.0, 0.0, 2.0000042194090786], 'p_WCb': [0.0, 0.0, 2.0000041591579003]}] [[0.0, 0.0, -9.81, 0.0, 0.0, 0.0], [0.0, 0.0, 9.81, 0.0, 0.0, 0.0]]
2671 2.5960 0.0010 2.500004 -0.000000 0.000000 [{'depth': 9.809999999993463e-08, 'geomIdA': 0, 'geomIdB': 1, 'modifiedDepth': 9.809999999993463e-08, 'nhat_AB_W': [0.0, 0.0, 1.0], 'p_WC': [0.0, 0.0, 2.0000041892834894], 'p_WCa': [0.0, 0.0, 2.0000042194090786], 'p_WCb': [0.0, 0.0, 2.0000041591579003]}] [[0.0, 0.0, -9.81, 0.0, 0.0, 0.0], [0.0, 0.0, 9.81, 0.0, 0.0, 0.0]]
2672 2.5970 0.0010 2.500004 -0.000000 0.000000 [{'depth': 9.809999999993463e-08, 'geomIdA': 0, 'geomIdB': 1, 'modifiedDepth': 9.809999999993463e-08, 'nhat_AB_W': [0.0, 0.0, 1.0], 'p_WC': [0.0, 0.0, 2.0000041892834894], 'p_WCa': [0.0, 0.0, 2.0000042194090786], 'p_WCb': [0.0, 0.0, 2.0000041591579003]}] [[0.0, 0.0, -9.81, 0.0, 0.0, 0.0], [0.0, 0.0, 9.81, 0.0, 0.0, 0.0]]
2673 2.5980 0.0010 2.500004 -0.000000 0.000000 [{'depth': 9.809999999993463e-08, 'geomIdA': 0, 'geomIdB': 1, 'modifiedDepth': 9.809999999993463e-08, 'nhat_AB_W': [0.0, 0.0, 1.0], 'p_WC': [0.0, 0.0, 2.0000041892834894], 'p_WCa': [0.0, 0.0, 2.0000042194090786], 'p_WCb': [0.0, 0.0, 2.0000041591579003]}] [[0.0, 0.0, -9.81, 0.0, 0.0, 0.0], [0.0, 0.0, 9.81, 0.0, 0.0, 0.0]]
2674 2.5990 0.0010 2.500004 -0.000000 0.000000 [{'depth': 9.809999999993463e-08, 'geomIdA': 0, 'geomIdB': 1, 'modifiedDepth': 9.809999999993463e-08, 'nhat_AB_W': [0.0, 0.0, 1.0], 'p_WC': [0.0, 0.0, 2.0000041892834894], 'p_WCa': [0.0, 0.0, 2.0000042194090786], 'p_WCb': [0.0, 0.0, 2.0000041591579003]}] [[0.0, 0.0, -9.81, 0.0, 0.0, 0.0], [0.0, 0.0, 9.81, 0.0, 0.0, 0.0]]
2675 2.6000 0.0010 2.500004 -0.000000 0.000000 [{'depth': 9.809999999993463e-08, 'geomIdA': 0, 'geomIdB': 1, 'modifiedDepth': 9.809999999993463e-08, 'nhat_AB_W': [0.0, 0.0, 1.0], 'p_WC': [0.0, 0.0, 2.0000041892834894], 'p_WCa': [0.0, 0.0, 2.0000042194090786], 'p_WCb': [0.0, 0.0, 2.0000041591579003]}] [[0.0, 0.0, -9.81, 0.0, 0.0, 0.0], [0.0, 0.0, 9.81, 0.0, 0.0, 0.0]]
2676 2.6010 0.0010 2.500004 -0.000000 0.000000 [{'depth': 9.809999999993463e-08, 'geomIdA': 0, 'geomIdB': 1, 'modifiedDepth': 9.809999999993463e-08, 'nhat_AB_W': [0.0, 0.0, 1.0], 'p_WC': [0.0, 0.0, 2.0000041892834894], 'p_WCa': [0.0, 0.0, 2.0000042194090786], 'p_WCb': [0.0, 0.0, 2.0000041591579003]}] [[0.0, 0.0, -9.81, 0.0, 0.0, 0.0], [0.0, 0.0, 9.81, 0.0, 0.0, 0.0]]
2677 2.6020 0.0010 2.500004 -0.000000 0.000000 [{'depth': 9.809999999993463e-08, 'geomIdA': 0, 'geomIdB': 1, 'modifiedDepth': 9.809999999993463e-08, 'nhat_AB_W': [0.0, 0.0, 1.0], 'p_WC': [0.0, 0.0, 2.0000041892834894], 'p_WCa': [0.0, 0.0, 2.0000042194090786], 'p_WCb': [0.0, 0.0, 2.0000041591579003]}] [[0.0, 0.0, -9.81, 0.0, 0.0, 0.0], [0.0, 0.0, 9.81, 0.0, 0.0, 0.0]]
2678 2.6030 0.0010 2.500004 -0.000000 0.000000 [{'depth': 9.809999999993463e-08, 'geomIdA': 0, 'geomIdB': 1, 'modifiedDepth': 9.809999999993463e-08, 'nhat_AB_W': [0.0, 0.0, 1.0], 'p_WC': [0.0, 0.0, 2.0000041892834894], 'p_WCa': [0.0, 0.0, 2.0000042194090786], 'p_WCb': [0.0, 0.0, 2.0000041591579003]}] [[0.0, 0.0, -9.81, 0.0, 0.0, 0.0], [0.0, 0.0, 9.81, 0.0, 0.0, 0.0]]
2679 2.6040 0.0010 2.500004 -0.000000 0.000000 [{'depth': 9.809999999993463e-08, 'geomIdA': 0, 'geomIdB': 1, 'modifiedDepth': 9.809999999993463e-08, 'nhat_AB_W': [0.0, 0.0, 1.0], 'p_WC': [0.0, 0.0, 2.0000041892834894], 'p_WCa': [0.0, 0.0, 2.0000042194090786], 'p_WCb': [0.0, 0.0, 2.0000041591579003]}] [[0.0, 0.0, -9.81, 0.0, 0.0, 0.0], [0.0, 0.0, 9.81, 0.0, 0.0, 0.0]]
2680 2.6050 0.0010 2.500004 -0.000000 0.000000 [{'depth': 9.809999999993463e-08, 'geomIdA': 0, 'geomIdB': 1, 'modifiedDepth': 9.809999999993463e-08, 'nhat_AB_W': [0.0, 0.0, 1.0], 'p_WC': [0.0, 0.0, 2.0000041892834894], 'p_WCa': [0.0, 0.0, 2.0000042194090786], 'p_WCb': [0.0, 0.0, 2.0000041591579003]}] [[0.0, 0.0, -9.81, 0.0, 0.0, 0.0], [0.0, 0.0, 9.81, 0.0, 0.0, 0.0]]
2681 2.6060 0.0010 2.500004 -0.000000 0.000000 [{'depth': 9.809999999993463e-08, 'geomIdA': 0, 'geomIdB': 1, 'modifiedDepth': 9.809999999993463e-08, 'nhat_AB_W': [0.0, 0.0, 1.0], 'p_WC': [0.0, 0.0, 2.0000041892834894], 'p_WCa': [0.0, 0.0, 2.0000042194090786], 'p_WCb': [0.0, 0.0, 2.0000041591579003]}] [[0.0, 0.0, -9.81, 0.0, 0.0, 0.0], [0.0, 0.0, 9.81, 0.0, 0.0, 0.0]]
2682 2.6070 0.0010 2.500004 -0.000000 0.000000 [{'depth': 9.809999999993463e-08, 'geomIdA': 0, 'geomIdB': 1, 'modifiedDepth': 9.809999999993463e-08, 'nhat_AB_W': [0.0, 0.0, 1.0], 'p_WC': [0.0, 0.0, 2.0000041892834894], 'p_WCa': [0.0, 0.0, 2.0000042194090786], 'p_WCb': [0.0, 0.0, 2.0000041591579003]}] [[0.0, 0.0, -9.81, 0.0, 0.0, 0.0], [0.0, 0.0, 9.81, 0.0, 0.0, 0.0]]
2683 2.6080 0.0010 2.500004 -0.000000 0.000000 [{'depth': 9.809999999993463e-08, 'geomIdA': 0, 'geomIdB': 1, 'modifiedDepth': 9.809999999993463e-08, 'nhat_AB_W': [0.0, 0.0, 1.0], 'p_WC': [0.0, 0.0, 2.0000041892834894], 'p_WCa': [0.0, 0.0, 2.0000042194090786], 'p_WCb': [0.0, 0.0, 2.0000041591579003]}] [[0.0, 0.0, -9.81, 0.0, 0.0, 0.0], [0.0, 0.0, 9.81, 0.0, 0.0, 0.0]]
2684 2.6090 0.0010 2.500004 -0.000000 0.000000 [{'depth': 9.809999999993463e-08, 'geomIdA': 0, 'geomIdB': 1, 'modifiedDepth': 9.809999999993463e-08, 'nhat_AB_W': [0.0, 0.0, 1.0], 'p_WC': [0.0, 0.0, 2.0000041892834894], 'p_WCa': [0.0, 0.0, 2.0000042194090786], 'p_WCb': [0.0, 0.0, 2.0000041591579003]}] [[0.0, 0.0, -9.81, 0.0, 0.0, 0.0], [0.0, 0.0, 9.81, 0.0, 0.0, 0.0]]
2685 2.6100 0.0010 2.500004 -0.000000 0.000000 [{'depth': 9.809999999993463e-08, 'geomIdA': 0, 'geomIdB': 1, 'modifiedDepth': 9.809999999993463e-08, 'nhat_AB_W': [0.0, 0.0, 1.0], 'p_WC': [0.0, 0.0, 2.0000041892834894], 'p_WCa': [0.0, 0.0, 2.0000042194090786], 'p_WCb': [0.0, 0.0, 2.0000041591579003]}] [[0.0, 0.0, -9.81, 0.0, 0.0, 0.0], [0.0, 0.0, 9.81, 0.0, 0.0, 0.0]]
2686 2.6110 0.0010 2.500004 -0.000000 0.000000 [{'depth': 9.809999999993463e-08, 'geomIdA': 0, 'geomIdB': 1, 'modifiedDepth': 9.809999999993463e-08, 'nhat_AB_W': [0.0, 0.0, 1.0], 'p_WC': [0.0, 0.0, 2.0000041892834894], 'p_WCa': [0.0, 0.0, 2.0000042194090786], 'p_WCb': [0.0, 0.0, 2.0000041591579003]}] [[0.0, 0.0, -9.81, 0.0, 0.0, 0.0], [0.0, 0.0, 9.81, 0.0, 0.0, 0.0]]
2687 2.6120 0.0010 2.500004 -0.000000 0.000000 [{'depth': 9.809999999993463e-08, 'geomIdA': 0, 'geomIdB': 1, 'modifiedDepth': 9.809999999993463e-08, 'nhat_AB_W': [0.0, 0.0, 1.0], 'p_WC': [0.0, 0.0, 2.0000041892834894], 'p_WCa': [0.0, 0.0, 2.0000042194090786], 'p_WCb': [0.0, 0.0, 2.0000041591579003]}] [[0.0, 0.0, -9.81, 0.0, 0.0, 0.0], [0.0, 0.0, 9.81, 0.0, 0.0, 0.0]]
2688 2.6130 0.0010 2.500004 -0.000000 0.000000 [{'depth': 9.809999999993463e-08, 'geomIdA': 0, 'geomIdB': 1, 'modifiedDepth': 9.809999999993463e-08, 'nhat_AB_W': [0.0, 0.0, 1.0], 'p_WC': [0.0, 0.0, 2.0000041892834894], 'p_WCa': [0.0, 0.0, 2.0000042194090786], 'p_WCb': [0.0, 0.0, 2.0000041591579003]}] [[0.0, 0.0, -9.81, 0.0, 0.0, 0.0], [0.0, 0.0, 9.81, 0.0, 0.0, 0.0]]
2689 2.6140 0.0010 2.500004 -0.000000 0.000000 [{'depth': 9.809999999993463e-08, 'geomIdA': 0, 'geomIdB': 1, 'modifiedDepth': 9.809999999993463e-08, 'nhat_AB_W': [0.0, 0.0, 1.0], 'p_WC': [0.0, 0.0, 2.0000041892834894], 'p_WCa': [0.0, 0.0, 2.0000042194090786], 'p_WCb': [0.0, 0.0, 2.0000041591579003]}] [[0.0, 0.0, -9.81, 0.0, 0.0, 0.0], [0.0, 0.0, 9.81, 0.0, 0.0, 0.0]]
2690 2.6150 0.0010 2.500004 -0.000000 0.000000 [{'depth': 9.809999999993463e-08, 'geomIdA': 0, 'geomIdB': 1, 'modifiedDepth': 9.809999999993463e-08, 'nhat_AB_W': [0.0, 0.0, 1.0], 'p_WC': [0.0, 0.0, 2.0000041892834894], 'p_WCa': [0.0, 0.0, 2.0000042194090786], 'p_WCb': [0.0, 0.0, 2.0000041591579003]}] [[0.0, 0.0, -9.81, 0.0, 0.0, 0.0], [0.0, 0.0, 9.81, 0.0, 0.0, 0.0]]
2691 2.6160 0.0010 2.500004 -0.000000 0.000000 [{'depth': 9.809999999993463e-08, 'geomIdA': 0, 'geomIdB': 1, 'modifiedDepth': 9.809999999993463e-08, 'nhat_AB_W': [0.0, 0.0, 1.0], 'p_WC': [0.0, 0.0, 2.0000041892834894], 'p_WCa': [0.0, 0.0, 2.0000042194090786], 'p_WCb': [0.0, 0.0, 2.0000041591579003]}] [[0.0, 0.0, -9.81, 0.0, 0.0, 0.0], [0.0, 0.0, 9.81, 0.0, 0.0, 0.0]]
2692 2.6170 0.0010 2.500004 -0.000000 0.000000 [{'depth': 9.809999999993463e-08, 'geomIdA': 0, 'geomIdB': 1, 'modifiedDepth': 9.809999999993463e-08, 'nhat_AB_W': [0.0, 0.0, 1.0], 'p_WC': [0.0, 0.0, 2.0000041892834894], 'p_WCa': [0.0, 0.0, 2.0000042194090786], 'p_WCb': [0.0, 0.0, 2.0000041591579003]}] [[0.0, 0.0, -9.81, 0.0, 0.0, 0.0], [0.0, 0.0, 9.81, 0.0, 0.0, 0.0]]
2693 2.6180 0.0010 2.500004 -0.000000 0.000000 [{'depth': 9.809999999993463e-08, 'geomIdA': 0, 'geomIdB': 1, 'modifiedDepth': 9.809999999993463e-08, 'nhat_AB_W': [0.0, 0.0, 1.0], 'p_WC': [0.0, 0.0, 2.0000041892834894], 'p_WCa': [0.0, 0.0, 2.0000042194090786], 'p_WCb': [0.0, 0.0, 2.0000041591579003]}] [[0.0, 0.0, -9.81, 0.0, 0.0, 0.0], [0.0, 0.0, 9.81, 0.0, 0.0, 0.0]]
2694 2.6190 0.0010 2.500004 -0.000000 0.000000 [{'depth': 9.809999999993463e-08, 'geomIdA': 0, 'geomIdB': 1, 'modifiedDepth': 9.809999999993463e-08, 'nhat_AB_W': [0.0, 0.0, 1.0], 'p_WC': [0.0, 0.0, 2.0000041892834894], 'p_WCa': [0.0, 0.0, 2.0000042194090786], 'p_WCb': [0.0, 0.0, 2.0000041591579003]}] [[0.0, 0.0, -9.81, 0.0, 0.0, 0.0], [0.0, 0.0, 9.81, 0.0, 0.0, 0.0]]
2695 2.6200 0.0010 2.500004 -0.000000 0.000000 [{'depth': 9.809999999993463e-08, 'geomIdA': 0, 'geomIdB': 1, 'modifiedDepth': 9.809999999993463e-08, 'nhat_AB_W': [0.0, 0.0, 1.0], 'p_WC': [0.0, 0.0, 2.0000041892834894], 'p_WCa': [0.0, 0.0, 2.0000042194090786], 'p_WCb': [0.0, 0.0, 2.0000041591579003]}] [[0.0, 0.0, -9.81, 0.0, 0.0, 0.0], [0.0, 0.0, 9.81, 0.0, 0.0, 0.0]]
2696 2.6210 0.0010 2.500004 -0.000000 0.000000 [{'depth': 9.809999999993463e-08, 'geomIdA': 0, 'geomIdB': 1, 'modifiedDepth': 9.809999999993463e-08, 'nhat_AB_W': [0.0, 0.0, 1.0], 'p_WC': [0.0, 0.0, 2.0000041892834894], 'p_WCa': [0.0, 0.0, 2.0000042194090786], 'p_WCb': [0.0, 0.0, 2.0000041591579003]}] [[0.0, 0.0, -9.81, 0.0, 0.0, 0.0], [0.0, 0.0, 9.81, 0.0, 0.0, 0.0]]
2697 2.6220 0.0010 2.500004 -0.000000 0.000000 [{'depth': 9.809999999993463e-08, 'geomIdA': 0, 'geomIdB': 1, 'modifiedDepth': 9.809999999993463e-08, 'nhat_AB_W': [0.0, 0.0, 1.0], 'p_WC': [0.0, 0.0, 2.0000041892834894], 'p_WCa': [0.0, 0.0, 2.0000042194090786], 'p_WCb': [0.0, 0.0, 2.0000041591579003]}] [[0.0, 0.0, -9.81, 0.0, 0.0, 0.0], [0.0, 0.0, 9.81, 0.0, 0.0, 0.0]]
2698 2.6230 0.0010 2.500004 -0.000000 0.000000 [{'depth': 9.809999999993463e-08, 'geomIdA': 0, 'geomIdB': 1, 'modifiedDepth': 9.809999999993463e-08, 'nhat_AB_W': [0.0, 0.0, 1.0], 'p_WC': [0.0, 0.0, 2.0000041892834894], 'p_WCa': [0.0, 0.0, 2.0000042194090786], 'p_WCb': [0.0, 0.0, 2.0000041591579003]}] [[0.0, 0.0, -9.81, 0.0, 0.0, 0.0], [0.0, 0.0, 9.81, 0.0, 0.0, 0.0]]
2699 2.6240 0.0010 2.500004 -0.000000 0.000000 [{'depth': 9.809999999993463e-08, 'geomIdA': 0, 'geomIdB': 1, 'modifiedDepth': 9.809999999993463e-08, 'nhat_AB_W': [0.0, 0.0, 1.0], 'p_WC': [0.0, 0.0, 2.0000041892834894], 'p_WCa': [0.0, 0.0, 2.0000042194090786], 'p_WCb': [0.0, 0.0, 2.0000041591579003]}] [[0.0, 0.0, -9.81, 0.0, 0.0, 0.0], [0.0, 0.0, 9.81, 0.0, 0.0, 0.0]]
2700 2.6250 0.0010 2.500004 -0.000000 0.000000 [{'depth': 9.809999999993463e-08, 'geomIdA': 0, 'geomIdB': 1, 'modifiedDepth': 9.809999999993463e-08, 'nhat_AB_W': [0.0, 0.0, 1.0], 'p_WC': [0.0, 0.0, 2.0000041892834894], 'p_WCa': [0.0, 0.0, 2.0000042194090786], 'p_WCb': [0.0, 0.0, 2.0000041591579003]}] [[0.0, 0.0, -9.81, 0.0, 0.0, 0.0], [0.0, 0.0, 9.81, 0.0, 0.0, 0.0]]
2701 2.6260 0.0010 2.500004 -0.000000 0.000000 [{'depth': 9.809999999993463e-08, 'geomIdA': 0, 'geomIdB': 1, 'modifiedDepth': 9.809999999993463e-08, 'nhat_AB_W': [0.0, 0.0, 1.0], 'p_WC': [0.0, 0.0, 2.0000041892834894], 'p_WCa': [0.0, 0.0, 2.0000042194090786], 'p_WCb': [0.0, 0.0, 2.0000041591579003]}] [[0.0, 0.0, -9.81, 0.0, 0.0, 0.0], [0.0, 0.0, 9.81, 0.0, 0.0, 0.0]]
2702 2.6270 0.0010 2.500004 -0.000000 0.000000 [{'depth': 9.809999999993463e-08, 'geomIdA': 0, 'geomIdB': 1, 'modifiedDepth': 9.809999999993463e-08, 'nhat_AB_W': [0.0, 0.0, 1.0], 'p_WC': [0.0, 0.0, 2.0000041892834894], 'p_WCa': [0.0, 0.0, 2.0000042194090786], 'p_WCb': [0.0, 0.0, 2.0000041591579003]}] [[0.0, 0.0, -9.81, 0.0, 0.0, 0.0], [0.0, 0.0, 9.81, 0.0, 0.0, 0.0]]
2703 2.6280 0.0010 2.500004 -0.000000 0.000000 [{'depth': 9.809999999993463e-08, 'geomIdA': 0, 'geomIdB': 1, 'modifiedDepth': 9.809999999993463e-08, 'nhat_AB_W': [0.0, 0.0, 1.0], 'p_WC': [0.0, 0.0, 2.0000041892834894], 'p_WCa': [0.0, 0.0, 2.0000042194090786], 'p_WCb': [0.0, 0.0, 2.0000041591579003]}] [[0.0, 0.0, -9.81, 0.0, 0.0, 0.0], [0.0, 0.0, 9.81, 0.0, 0.0, 0.0]]
2704 2.6290 0.0010 2.500004 -0.000000 0.000000 [{'depth': 9.809999999993463e-08, 'geomIdA': 0, 'geomIdB': 1, 'modifiedDepth': 9.809999999993463e-08, 'nhat_AB_W': [0.0, 0.0, 1.0], 'p_WC': [0.0, 0.0, 2.0000041892834894], 'p_WCa': [0.0, 0.0, 2.0000042194090786], 'p_WCb': [0.0, 0.0, 2.0000041591579003]}] [[0.0, 0.0, -9.81, 0.0, 0.0, 0.0], [0.0, 0.0, 9.81, 0.0, 0.0, 0.0]]
2705 2.6300 0.0010 2.500004 -0.000000 0.000000 [{'depth': 9.809999999993463e-08, 'geomIdA': 0, 'geomIdB': 1, 'modifiedDepth': 9.809999999993463e-08, 'nhat_AB_W': [0.0, 0.0, 1.0], 'p_WC': [0.0, 0.0, 2.0000041892834894], 'p_WCa': [0.0, 0.0, 2.0000042194090786], 'p_WCb': [0.0, 0.0, 2.0000041591579003]}] [[0.0, 0.0, -9.81, 0.0, 0.0, 0.0], [0.0, 0.0, 9.81, 0.0, 0.0, 0.0]]
2706 2.6310 0.0010 2.500004 -0.000000 0.000000 [{'depth': 9.809999999993463e-08, 'geomIdA': 0, 'geomIdB': 1, 'modifiedDepth': 9.809999999993463e-08, 'nhat_AB_W': [0.0, 0.0, 1.0], 'p_WC': [0.0, 0.0, 2.0000041892834894], 'p_WCa': [0.0, 0.0, 2.0000042194090786], 'p_WCb': [0.0, 0.0, 2.0000041591579003]}] [[0.0, 0.0, -9.81, 0.0, 0.0, 0.0], [0.0, 0.0, 9.81, 0.0, 0.0, 0.0]]
2707 2.6320 0.0010 2.500004 -0.000000 0.000000 [{'depth': 9.809999999993463e-08, 'geomIdA': 0, 'geomIdB': 1, 'modifiedDepth': 9.809999999993463e-08, 'nhat_AB_W': [0.0, 0.0, 1.0], 'p_WC': [0.0, 0.0, 2.0000041892834894], 'p_WCa': [0.0, 0.0, 2.0000042194090786], 'p_WCb': [0.0, 0.0, 2.0000041591579003]}] [[0.0, 0.0, -9.81, 0.0, 0.0, 0.0], [0.0, 0.0, 9.81, 0.0, 0.0, 0.0]]
2708 2.6330 0.0010 2.500004 -0.000000 0.000000 [{'depth': 9.809999999993463e-08, 'geomIdA': 0, 'geomIdB': 1, 'modifiedDepth': 9.809999999993463e-08, 'nhat_AB_W': [0.0, 0.0, 1.0], 'p_WC': [0.0, 0.0, 2.0000041892834894], 'p_WCa': [0.0, 0.0, 2.0000042194090786], 'p_WCb': [0.0, 0.0, 2.0000041591579003]}] [[0.0, 0.0, -9.81, 0.0, 0.0, 0.0], [0.0, 0.0, 9.81, 0.0, 0.0, 0.0]]
2709 2.6340 0.0010 2.500004 -0.000000 0.000000 [{'depth': 9.809999999993463e-08, 'geomIdA': 0, 'geomIdB': 1, 'modifiedDepth': 9.809999999993463e-08, 'nhat_AB_W': [0.0, 0.0, 1.0], 'p_WC': [0.0, 0.0, 2.0000041892834894], 'p_WCa': [0.0, 0.0, 2.0000042194090786], 'p_WCb': [0.0, 0.0, 2.0000041591579003]}] [[0.0, 0.0, -9.81, 0.0, 0.0, 0.0], [0.0, 0.0, 9.81, 0.0, 0.0, 0.0]]
2710 2.6350 0.0010 2.500004 -0.000000 0.000000 [{'depth': 9.809999999993463e-08, 'geomIdA': 0, 'geomIdB': 1, 'modifiedDepth': 9.809999999993463e-08, 'nhat_AB_W': [0.0, 0.0, 1.0], 'p_WC': [0.0, 0.0, 2.0000041892834894], 'p_WCa': [0.0, 0.0, 2.0000042194090786], 'p_WCb': [0.0, 0.0, 2.0000041591579003]}] [[0.0, 0.0, -9.81, 0.0, 0.0, 0.0], [0.0, 0.0, 9.81, 0.0, 0.0, 0.0]]
2711 2.6360 0.0010 2.500004 -0.000000 0.000000 [{'depth': 9.809999999993463e-08, 'geomIdA': 0, 'geomIdB': 1, 'modifiedDepth': 9.809999999993463e-08, 'nhat_AB_W': [0.0, 0.0, 1.0], 'p_WC': [0.0, 0.0, 2.0000041892834894], 'p_WCa': [0.0, 0.0, 2.0000042194090786], 'p_WCb': [0.0, 0.0, 2.0000041591579003]}] [[0.0, 0.0, -9.81, 0.0, 0.0, 0.0], [0.0, 0.0, 9.81, 0.0, 0.0, 0.0]]
2712 2.6370 0.0010 2.500004 -0.000000 0.000000 [{'depth': 9.809999999993463e-08, 'geomIdA': 0, 'geomIdB': 1, 'modifiedDepth': 9.809999999993463e-08, 'nhat_AB_W': [0.0, 0.0, 1.0], 'p_WC': [0.0, 0.0, 2.0000041892834894], 'p_WCa': [0.0, 0.0, 2.0000042194090786], 'p_WCb': [0.0, 0.0, 2.0000041591579003]}] [[0.0, 0.0, -9.81, 0.0, 0.0, 0.0], [0.0, 0.0, 9.81, 0.0, 0.0, 0.0]]
2713 2.6380 0.0010 2.500004 -0.000000 0.000000 [{'depth': 9.809999999993463e-08, 'geomIdA': 0, 'geomIdB': 1, 'modifiedDepth': 9.809999999993463e-08, 'nhat_AB_W': [0.0, 0.0, 1.0], 'p_WC': [0.0, 0.0, 2.0000041892834894], 'p_WCa': [0.0, 0.0, 2.0000042194090786], 'p_WCb': [0.0, 0.0, 2.0000041591579003]}] [[0.0, 0.0, -9.81, 0.0, 0.0, 0.0], [0.0, 0.0, 9.81, 0.0, 0.0, 0.0]]
2714 2.6390 0.0010 2.500004 -0.000000 0.000000 [{'depth': 9.809999999993463e-08, 'geomIdA': 0, 'geomIdB': 1, 'modifiedDepth': 9.809999999993463e-08, 'nhat_AB_W': [0.0, 0.0, 1.0], 'p_WC': [0.0, 0.0, 2.0000041892834894], 'p_WCa': [0.0, 0.0, 2.0000042194090786], 'p_WCb': [0.0, 0.0, 2.0000041591579003]}] [[0.0, 0.0, -9.81, 0.0, 0.0, 0.0], [0.0, 0.0, 9.81, 0.0, 0.0, 0.0]]
2715 2.6400 0.0010 2.500004 -0.000000 0.000000 [{'depth': 9.809999999993463e-08, 'geomIdA': 0, 'geomIdB': 1, 'modifiedDepth': 9.809999999993463e-08, 'nhat_AB_W': [0.0, 0.0, 1.0], 'p_WC': [0.0, 0.0, 2.0000041892834894], 'p_WCa': [0.0, 0.0, 2.0000042194090786], 'p_WCb': [0.0, 0.0, 2.0000041591579003]}] [[0.0, 0.0, -9.81, 0.0, 0.0, 0.0], [0.0, 0.0, 9.81, 0.0, 0.0, 0.0]]
2716 2.6410 0.0010 2.500004 -0.000000 0.000000 [{'depth': 9.809999999993463e-08, 'geomIdA': 0, 'geomIdB': 1, 'modifiedDepth': 9.809999999993463e-08, 'nhat_AB_W': [0.0, 0.0, 1.0], 'p_WC': [0.0, 0.0, 2.0000041892834894], 'p_WCa': [0.0, 0.0, 2.0000042194090786], 'p_WCb': [0.0, 0.0, 2.0000041591579003]}] [[0.0, 0.0, -9.81, 0.0, 0.0, 0.0], [0.0, 0.0, 9.81, 0.0, 0.0, 0.0]]
2717 2.6420 0.0010 2.500004 -0.000000 0.000000 [{'depth': 9.809999999993463e-08, 'geomIdA': 0, 'geomIdB': 1, 'modifiedDepth': 9.809999999993463e-08, 'nhat_AB_W': [0.0, 0.0, 1.0], 'p_WC': [0.0, 0.0, 2.0000041892834894], 'p_WCa': [0.0, 0.0, 2.0000042194090786], 'p_WCb': [0.0, 0.0, 2.0000041591579003]}] [[0.0, 0.0, -9.81, 0.0, 0.0, 0.0], [0.0, 0.0, 9.81, 0.0, 0.0, 0.0]]
2718 2.6430 0.0010 2.500004 -0.000000 0.000000 [{'depth': 9.809999999993463e-08, 'geomIdA': 0, 'geomIdB': 1, 'modifiedDepth': 9.809999999993463e-08, 'nhat_AB_W': [0.0, 0.0, 1.0], 'p_WC': [0.0, 0.0, 2.0000041892834894], 'p_WCa': [0.0, 0.0, 2.0000042194090786], 'p_WCb': [0.0, 0.0, 2.0000041591579003]}] [[0.0, 0.0, -9.81, 0.0, 0.0, 0.0], [0.0, 0.0, 9.81, 0.0, 0.0, 0.0]]
2719 2.6440 0.0010 2.500004 -0.000000 0.000000 [{'depth': 9.809999999993463e-08, 'geomIdA': 0, 'geomIdB': 1, 'modifiedDepth': 9.809999999993463e-08, 'nhat_AB_W': [0.0, 0.0, 1.0], 'p_WC': [0.0, 0.0, 2.0000041892834894], 'p_WCa': [0.0, 0.0, 2.0000042194090786], 'p_WCb': [0.0, 0.0, 2.0000041591579003]}] [[0.0, 0.0, -9.81, 0.0, 0.0, 0.0], [0.0, 0.0, 9.81, 0.0, 0.0, 0.0]]
2720 2.6450 0.0010 2.500004 -0.000000 0.000000 [{'depth': 9.809999999993463e-08, 'geomIdA': 0, 'geomIdB': 1, 'modifiedDepth': 9.809999999993463e-08, 'nhat_AB_W': [0.0, 0.0, 1.0], 'p_WC': [0.0, 0.0, 2.0000041892834894], 'p_WCa': [0.0, 0.0, 2.0000042194090786], 'p_WCb': [0.0, 0.0, 2.0000041591579003]}] [[0.0, 0.0, -9.81, 0.0, 0.0, 0.0], [0.0, 0.0, 9.81, 0.0, 0.0, 0.0]]
2721 2.6460 0.0010 2.500004 -0.000000 0.000000 [{'depth': 9.809999999993463e-08, 'geomIdA': 0, 'geomIdB': 1, 'modifiedDepth': 9.809999999993463e-08, 'nhat_AB_W': [0.0, 0.0, 1.0], 'p_WC': [0.0, 0.0, 2.0000041892834894], 'p_WCa': [0.0, 0.0, 2.0000042194090786], 'p_WCb': [0.0, 0.0, 2.0000041591579003]}] [[0.0, 0.0, -9.81, 0.0, 0.0, 0.0], [0.0, 0.0, 9.81, 0.0, 0.0, 0.0]]
2722 2.6470 0.0010 2.500004 -0.000000 0.000000 [{'depth': 9.809999999993463e-08, 'geomIdA': 0, 'geomIdB': 1, 'modifiedDepth': 9.809999999993463e-08, 'nhat_AB_W': [0.0, 0.0, 1.0], 'p_WC': [0.0, 0.0, 2.0000041892834894], 'p_WCa': [0.0, 0.0, 2.0000042194090786], 'p_WCb': [0.0, 0.0, 2.0000041591579003]}] [[0.0, 0.0, -9.81, 0.0, 0.0, 0.0], [0.0, 0.0, 9.81, 0.0, 0.0, 0.0]]
2723 2.6480 0.0010 2.500004 -0.000000 0.000000 [{'depth': 9.809999999993463e-08, 'geomIdA': 0, 'geomIdB': 1, 'modifiedDepth': 9.809999999993463e-08, 'nhat_AB_W': [0.0, 0.0, 1.0], 'p_WC': [0.0, 0.0, 2.0000041892834894], 'p_WCa': [0.0, 0.0, 2.0000042194090786], 'p_WCb': [0.0, 0.0, 2.0000041591579003]}] [[0.0, 0.0, -9.81, 0.0, 0.0, 0.0], [0.0, 0.0, 9.81, 0.0, 0.0, 0.0]]
2724 2.6490 0.0010 2.500004 -0.000000 0.000000 [{'depth': 9.809999999993463e-08, 'geomIdA': 0, 'geomIdB': 1, 'modifiedDepth': 9.809999999993463e-08, 'nhat_AB_W': [0.0, 0.0, 1.0], 'p_WC': [0.0, 0.0, 2.0000041892834894], 'p_WCa': [0.0, 0.0, 2.0000042194090786], 'p_WCb': [0.0, 0.0, 2.0000041591579003]}] [[0.0, 0.0, -9.81, 0.0, 0.0, 0.0], [0.0, 0.0, 9.81, 0.0, 0.0, 0.0]]
2725 2.6500 0.0010 2.500004 -0.000000 0.000000 [{'depth': 9.809999999993463e-08, 'geomIdA': 0, 'geomIdB': 1, 'modifiedDepth': 9.809999999993463e-08, 'nhat_AB_W': [0.0, 0.0, 1.0], 'p_WC': [0.0, 0.0, 2.0000041892834894], 'p_WCa': [0.0, 0.0, 2.0000042194090786], 'p_WCb': [0.0, 0.0, 2.0000041591579003]}] [[0.0, 0.0, -9.81, 0.0, 0.0, 0.0], [0.0, 0.0, 9.81, 0.0, 0.0, 0.0]]
2726 2.6510 0.0010 2.500004 -0.000000 0.000000 [{'depth': 9.809999999993463e-08, 'geomIdA': 0, 'geomIdB': 1, 'modifiedDepth': 9.809999999993463e-08, 'nhat_AB_W': [0.0, 0.0, 1.0], 'p_WC': [0.0, 0.0, 2.0000041892834894], 'p_WCa': [0.0, 0.0, 2.0000042194090786], 'p_WCb': [0.0, 0.0, 2.0000041591579003]}] [[0.0, 0.0, -9.81, 0.0, 0.0, 0.0], [0.0, 0.0, 9.81, 0.0, 0.0, 0.0]]
2727 2.6520 0.0010 2.500004 -0.000000 0.000000 [{'depth': 9.809999999993463e-08, 'geomIdA': 0, 'geomIdB': 1, 'modifiedDepth': 9.809999999993463e-08, 'nhat_AB_W': [0.0, 0.0, 1.0], 'p_WC': [0.0, 0.0, 2.0000041892834894], 'p_WCa': [0.0, 0.0, 2.0000042194090786], 'p_WCb': [0.0, 0.0, 2.0000041591579003]}] [[0.0, 0.0, -9.81, 0.0, 0.0, 0.0], [0.0, 0.0, 9.81, 0.0, 0.0, 0.0]]
2728 2.6530 0.0010 2.500004 -0.000000 0.000000 [{'depth': 9.809999999993463e-08, 'geomIdA': 0, 'geomIdB': 1, 'modifiedDepth': 9.809999999993463e-08, 'nhat_AB_W': [0.0, 0.0, 1.0], 'p_WC': [0.0, 0.0, 2.0000041892834894], 'p_WCa': [0.0, 0.0, 2.0000042194090786], 'p_WCb': [0.0, 0.0, 2.0000041591579003]}] [[0.0, 0.0, -9.81, 0.0, 0.0, 0.0], [0.0, 0.0, 9.81, 0.0, 0.0, 0.0]]
2729 2.6540 0.0010 2.500004 -0.000000 0.000000 [{'depth': 9.809999999993463e-08, 'geomIdA': 0, 'geomIdB': 1, 'modifiedDepth': 9.809999999993463e-08, 'nhat_AB_W': [0.0, 0.0, 1.0], 'p_WC': [0.0, 0.0, 2.0000041892834894], 'p_WCa': [0.0, 0.0, 2.0000042194090786], 'p_WCb': [0.0, 0.0, 2.0000041591579003]}] [[0.0, 0.0, -9.81, 0.0, 0.0, 0.0], [0.0, 0.0, 9.81, 0.0, 0.0, 0.0]]
2730 2.6550 0.0010 2.500004 -0.000000 0.000000 [{'depth': 9.809999999993463e-08, 'geomIdA': 0, 'geomIdB': 1, 'modifiedDepth': 9.809999999993463e-08, 'nhat_AB_W': [0.0, 0.0, 1.0], 'p_WC': [0.0, 0.0, 2.0000041892834894], 'p_WCa': [0.0, 0.0, 2.0000042194090786], 'p_WCb': [0.0, 0.0, 2.0000041591579003]}] [[0.0, 0.0, -9.81, 0.0, 0.0, 0.0], [0.0, 0.0, 9.81, 0.0, 0.0, 0.0]]
2731 2.6560 0.0010 2.500004 -0.000000 0.000000 [{'depth': 9.809999999993463e-08, 'geomIdA': 0, 'geomIdB': 1, 'modifiedDepth': 9.809999999993463e-08, 'nhat_AB_W': [0.0, 0.0, 1.0], 'p_WC': [0.0, 0.0, 2.0000041892834894], 'p_WCa': [0.0, 0.0, 2.0000042194090786], 'p_WCb': [0.0, 0.0, 2.0000041591579003]}] [[0.0, 0.0, -9.81, 0.0, 0.0, 0.0], [0.0, 0.0, 9.81, 0.0, 0.0, 0.0]]
2732 2.6570 0.0010 2.500004 -0.000000 0.000000 [{'depth': 9.809999999993463e-08, 'geomIdA': 0, 'geomIdB': 1, 'modifiedDepth': 9.809999999993463e-08, 'nhat_AB_W': [0.0, 0.0, 1.0], 'p_WC': [0.0, 0.0, 2.0000041892834894], 'p_WCa': [0.0, 0.0, 2.0000042194090786], 'p_WCb': [0.0, 0.0, 2.0000041591579003]}] [[0.0, 0.0, -9.81, 0.0, 0.0, 0.0], [0.0, 0.0, 9.81, 0.0, 0.0, 0.0]]
2733 2.6580 0.0010 2.500004 -0.000000 0.000000 [{'depth': 9.809999999993463e-08, 'geomIdA': 0, 'geomIdB': 1, 'modifiedDepth': 9.809999999993463e-08, 'nhat_AB_W': [0.0, 0.0, 1.0], 'p_WC': [0.0, 0.0, 2.0000041892834894], 'p_WCa': [0.0, 0.0, 2.0000042194090786], 'p_WCb': [0.0, 0.0, 2.0000041591579003]}] [[0.0, 0.0, -9.81, 0.0, 0.0, 0.0], [0.0, 0.0, 9.81, 0.0, 0.0, 0.0]]
2734 2.6590 0.0010 2.500004 -0.000000 0.000000 [{'depth': 9.809999999993463e-08, 'geomIdA': 0, 'geomIdB': 1, 'modifiedDepth': 9.809999999993463e-08, 'nhat_AB_W': [0.0, 0.0, 1.0], 'p_WC': [0.0, 0.0, 2.0000041892834894], 'p_WCa': [0.0, 0.0, 2.0000042194090786], 'p_WCb': [0.0, 0.0, 2.0000041591579003]}] [[0.0, 0.0, -9.81, 0.0, 0.0, 0.0], [0.0, 0.0, 9.81, 0.0, 0.0, 0.0]]
2735 2.6600 0.0010 2.500004 -0.000000 0.000000 [{'depth': 9.809999999993463e-08, 'geomIdA': 0, 'geomIdB': 1, 'modifiedDepth': 9.809999999993463e-08, 'nhat_AB_W': [0.0, 0.0, 1.0], 'p_WC': [0.0, 0.0, 2.0000041892834894], 'p_WCa': [0.0, 0.0, 2.0000042194090786], 'p_WCb': [0.0, 0.0, 2.0000041591579003]}] [[0.0, 0.0, -9.81, 0.0, 0.0, 0.0], [0.0, 0.0, 9.81, 0.0, 0.0, 0.0]]
2736 2.6610 0.0010 2.500004 -0.000000 0.000000 [{'depth': 9.809999999993463e-08, 'geomIdA': 0, 'geomIdB': 1, 'modifiedDepth': 9.809999999993463e-08, 'nhat_AB_W': [0.0, 0.0, 1.0], 'p_WC': [0.0, 0.0, 2.0000041892834894], 'p_WCa': [0.0, 0.0, 2.0000042194090786], 'p_WCb': [0.0, 0.0, 2.0000041591579003]}] [[0.0, 0.0, -9.81, 0.0, 0.0, 0.0], [0.0, 0.0, 9.81, 0.0, 0.0, 0.0]]
2737 2.6620 0.0010 2.500004 -0.000000 0.000000 [{'depth': 9.809999999993463e-08, 'geomIdA': 0, 'geomIdB': 1, 'modifiedDepth': 9.809999999993463e-08, 'nhat_AB_W': [0.0, 0.0, 1.0], 'p_WC': [0.0, 0.0, 2.0000041892834894], 'p_WCa': [0.0, 0.0, 2.0000042194090786], 'p_WCb': [0.0, 0.0, 2.0000041591579003]}] [[0.0, 0.0, -9.81, 0.0, 0.0, 0.0], [0.0, 0.0, 9.81, 0.0, 0.0, 0.0]]
2738 2.6630 0.0010 2.500004 -0.000000 0.000000 [{'depth': 9.809999999993463e-08, 'geomIdA': 0, 'geomIdB': 1, 'modifiedDepth': 9.809999999993463e-08, 'nhat_AB_W': [0.0, 0.0, 1.0], 'p_WC': [0.0, 0.0, 2.0000041892834894], 'p_WCa': [0.0, 0.0, 2.0000042194090786], 'p_WCb': [0.0, 0.0, 2.0000041591579003]}] [[0.0, 0.0, -9.81, 0.0, 0.0, 0.0], [0.0, 0.0, 9.81, 0.0, 0.0, 0.0]]
2739 2.6640 0.0010 2.500004 -0.000000 0.000000 [{'depth': 9.809999999993463e-08, 'geomIdA': 0, 'geomIdB': 1, 'modifiedDepth': 9.809999999993463e-08, 'nhat_AB_W': [0.0, 0.0, 1.0], 'p_WC': [0.0, 0.0, 2.0000041892834894], 'p_WCa': [0.0, 0.0, 2.0000042194090786], 'p_WCb': [0.0, 0.0, 2.0000041591579003]}] [[0.0, 0.0, -9.81, 0.0, 0.0, 0.0], [0.0, 0.0, 9.81, 0.0, 0.0, 0.0]]
2740 2.6650 0.0010 2.500004 -0.000000 0.000000 [{'depth': 9.809999999993463e-08, 'geomIdA': 0, 'geomIdB': 1, 'modifiedDepth': 9.809999999993463e-08, 'nhat_AB_W': [0.0, 0.0, 1.0], 'p_WC': [0.0, 0.0, 2.0000041892834894], 'p_WCa': [0.0, 0.0, 2.0000042194090786], 'p_WCb': [0.0, 0.0, 2.0000041591579003]}] [[0.0, 0.0, -9.81, 0.0, 0.0, 0.0], [0.0, 0.0, 9.81, 0.0, 0.0, 0.0]]
2741 2.6660 0.0010 2.500004 -0.000000 0.000000 [{'depth': 9.809999999993463e-08, 'geomIdA': 0, 'geomIdB': 1, 'modifiedDepth': 9.809999999993463e-08, 'nhat_AB_W': [0.0, 0.0, 1.0], 'p_WC': [0.0, 0.0, 2.0000041892834894], 'p_WCa': [0.0, 0.0, 2.0000042194090786], 'p_WCb': [0.0, 0.0, 2.0000041591579003]}] [[0.0, 0.0, -9.81, 0.0, 0.0, 0.0], [0.0, 0.0, 9.81, 0.0, 0.0, 0.0]]
2742 2.6670 0.0010 2.500004 -0.000000 0.000000 [{'depth': 9.809999999993463e-08, 'geomIdA': 0, 'geomIdB': 1, 'modifiedDepth': 9.809999999993463e-08, 'nhat_AB_W': [0.0, 0.0, 1.0], 'p_WC': [0.0, 0.0, 2.0000041892834894], 'p_WCa': [0.0, 0.0, 2.0000042194090786], 'p_WCb': [0.0, 0.0, 2.0000041591579003]}] [[0.0, 0.0, -9.81, 0.0, 0.0, 0.0], [0.0, 0.0, 9.81, 0.0, 0.0, 0.0]]
2743 2.6680 0.0010 2.500004 -0.000000 0.000000 [{'depth': 9.809999999993463e-08, 'geomIdA': 0, 'geomIdB': 1, 'modifiedDepth': 9.809999999993463e-08, 'nhat_AB_W': [0.0, 0.0, 1.0], 'p_WC': [0.0, 0.0, 2.0000041892834894], 'p_WCa': [0.0, 0.0, 2.0000042194090786], 'p_WCb': [0.0, 0.0, 2.0000041591579003]}] [[0.0, 0.0, -9.81, 0.0, 0.0, 0.0], [0.0, 0.0, 9.81, 0.0, 0.0, 0.0]]
2744 2.6690 0.0010 2.500004 -0.000000 0.000000 [{'depth': 9.809999999993463e-08, 'geomIdA': 0, 'geomIdB': 1, 'modifiedDepth': 9.809999999993463e-08, 'nhat_AB_W': [0.0, 0.0, 1.0], 'p_WC': [0.0, 0.0, 2.0000041892834894], 'p_WCa': [0.0, 0.0, 2.0000042194090786], 'p_WCb': [0.0, 0.0, 2.0000041591579003]}] [[0.0, 0.0, -9.81, 0.0, 0.0, 0.0], [0.0, 0.0, 9.81, 0.0, 0.0, 0.0]]
2745 2.6700 0.0010 2.500004 -0.000000 0.000000 [{'depth': 9.809999999993463e-08, 'geomIdA': 0, 'geomIdB': 1, 'modifiedDepth': 9.809999999993463e-08, 'nhat_AB_W': [0.0, 0.0, 1.0], 'p_WC': [0.0, 0.0, 2.0000041892834894], 'p_WCa': [0.0, 0.0, 2.0000042194090786], 'p_WCb': [0.0, 0.0, 2.0000041591579003]}] [[0.0, 0.0, -9.81, 0.0, 0.0, 0.0], [0.0, 0.0, 9.81, 0.0, 0.0, 0.0]]
2746 2.6710 0.0010 2.500004 -0.000000 0.000000 [{'depth': 9.809999999993463e-08, 'geomIdA': 0, 'geomIdB': 1, 'modifiedDepth': 9.809999999993463e-08, 'nhat_AB_W': [0.0, 0.0, 1.0], 'p_WC': [0.0, 0.0, 2.0000041892834894], 'p_WCa': [0.0, 0.0, 2.0000042194090786], 'p_WCb': [0.0, 0.0, 2.0000041591579003]}] [[0.0, 0.0, -9.81, 0.0, 0.0, 0.0], [0.0, 0.0, 9.81, 0.0, 0.0, 0.0]]
2747 2.6720 0.0010 2.500004 -0.000000 0.000000 [{'depth': 9.809999999993463e-08, 'geomIdA': 0, 'geomIdB': 1, 'modifiedDepth': 9.809999999993463e-08, 'nhat_AB_W': [0.0, 0.0, 1.0], 'p_WC': [0.0, 0.0, 2.0000041892834894], 'p_WCa': [0.0, 0.0, 2.0000042194090786], 'p_WCb': [0.0, 0.0, 2.0000041591579003]}] [[0.0, 0.0, -9.81, 0.0, 0.0, 0.0], [0.0, 0.0, 9.81, 0.0, 0.0, 0.0]]
2748 2.6730 0.0010 2.500004 -0.000000 0.000000 [{'depth': 9.809999999993463e-08, 'geomIdA': 0, 'geomIdB': 1, 'modifiedDepth': 9.809999999993463e-08, 'nhat_AB_W': [0.0, 0.0, 1.0], 'p_WC': [0.0, 0.0, 2.0000041892834894], 'p_WCa': [0.0, 0.0, 2.0000042194090786], 'p_WCb': [0.0, 0.0, 2.0000041591579003]}] [[0.0, 0.0, -9.81, 0.0, 0.0, 0.0], [0.0, 0.0, 9.81, 0.0, 0.0, 0.0]]
2749 2.6740 0.0010 2.500004 -0.000000 0.000000 [{'depth': 9.809999999993463e-08, 'geomIdA': 0, 'geomIdB': 1, 'modifiedDepth': 9.809999999993463e-08, 'nhat_AB_W': [0.0, 0.0, 1.0], 'p_WC': [0.0, 0.0, 2.0000041892834894], 'p_WCa': [0.0, 0.0, 2.0000042194090786], 'p_WCb': [0.0, 0.0, 2.0000041591579003]}] [[0.0, 0.0, -9.81, 0.0, 0.0, 0.0], [0.0, 0.0, 9.81, 0.0, 0.0, 0.0]]
2750 2.6750 0.0010 2.500004 -0.000000 0.000000 [{'depth': 9.809999999993463e-08, 'geomIdA': 0, 'geomIdB': 1, 'modifiedDepth': 9.809999999993463e-08, 'nhat_AB_W': [0.0, 0.0, 1.0], 'p_WC': [0.0, 0.0, 2.0000041892834894], 'p_WCa': [0.0, 0.0, 2.0000042194090786], 'p_WCb': [0.0, 0.0, 2.0000041591579003]}] [[0.0, 0.0, -9.81, 0.0, 0.0, 0.0], [0.0, 0.0, 9.81, 0.0, 0.0, 0.0]]
2751 2.6760 0.0010 2.500004 -0.000000 0.000000 [{'depth': 9.809999999993463e-08, 'geomIdA': 0, 'geomIdB': 1, 'modifiedDepth': 9.809999999993463e-08, 'nhat_AB_W': [0.0, 0.0, 1.0], 'p_WC': [0.0, 0.0, 2.0000041892834894], 'p_WCa': [0.0, 0.0, 2.0000042194090786], 'p_WCb': [0.0, 0.0, 2.0000041591579003]}] [[0.0, 0.0, -9.81, 0.0, 0.0, 0.0], [0.0, 0.0, 9.81, 0.0, 0.0, 0.0]]
2752 2.6770 0.0010 2.500004 -0.000000 0.000000 [{'depth': 9.809999999993463e-08, 'geomIdA': 0, 'geomIdB': 1, 'modifiedDepth': 9.809999999993463e-08, 'nhat_AB_W': [0.0, 0.0, 1.0], 'p_WC': [0.0, 0.0, 2.0000041892834894], 'p_WCa': [0.0, 0.0, 2.0000042194090786], 'p_WCb': [0.0, 0.0, 2.0000041591579003]}] [[0.0, 0.0, -9.81, 0.0, 0.0, 0.0], [0.0, 0.0, 9.81, 0.0, 0.0, 0.0]]
2753 2.6780 0.0010 2.500004 -0.000000 0.000000 [{'depth': 9.809999999993463e-08, 'geomIdA': 0, 'geomIdB': 1, 'modifiedDepth': 9.809999999993463e-08, 'nhat_AB_W': [0.0, 0.0, 1.0], 'p_WC': [0.0, 0.0, 2.0000041892834894], 'p_WCa': [0.0, 0.0, 2.0000042194090786], 'p_WCb': [0.0, 0.0, 2.0000041591579003]}] [[0.0, 0.0, -9.81, 0.0, 0.0, 0.0], [0.0, 0.0, 9.81, 0.0, 0.0, 0.0]]
2754 2.6790 0.0010 2.500004 -0.000000 0.000000 [{'depth': 9.809999999993463e-08, 'geomIdA': 0, 'geomIdB': 1, 'modifiedDepth': 9.809999999993463e-08, 'nhat_AB_W': [0.0, 0.0, 1.0], 'p_WC': [0.0, 0.0, 2.0000041892834894], 'p_WCa': [0.0, 0.0, 2.0000042194090786], 'p_WCb': [0.0, 0.0, 2.0000041591579003]}] [[0.0, 0.0, -9.81, 0.0, 0.0, 0.0], [0.0, 0.0, 9.81, 0.0, 0.0, 0.0]]
2755 2.6800 0.0010 2.500004 -0.000000 0.000000 [{'depth': 9.809999999993463e-08, 'geomIdA': 0, 'geomIdB': 1, 'modifiedDepth': 9.809999999993463e-08, 'nhat_AB_W': [0.0, 0.0, 1.0], 'p_WC': [0.0, 0.0, 2.0000041892834894], 'p_WCa': [0.0, 0.0, 2.0000042194090786], 'p_WCb': [0.0, 0.0, 2.0000041591579003]}] [[0.0, 0.0, -9.81, 0.0, 0.0, 0.0], [0.0, 0.0, 9.81, 0.0, 0.0, 0.0]]
2756 2.6810 0.0010 2.500004 -0.000000 0.000000 [{'depth': 9.809999999993463e-08, 'geomIdA': 0, 'geomIdB': 1, 'modifiedDepth': 9.809999999993463e-08, 'nhat_AB_W': [0.0, 0.0, 1.0], 'p_WC': [0.0, 0.0, 2.0000041892834894], 'p_WCa': [0.0, 0.0, 2.0000042194090786], 'p_WCb': [0.0, 0.0, 2.0000041591579003]}] [[0.0, 0.0, -9.81, 0.0, 0.0, 0.0], [0.0, 0.0, 9.81, 0.0, 0.0, 0.0]]
2757 2.6820 0.0010 2.500004 -0.000000 0.000000 [{'depth': 9.809999999993463e-08, 'geomIdA': 0, 'geomIdB': 1, 'modifiedDepth': 9.809999999993463e-08, 'nhat_AB_W': [0.0, 0.0, 1.0], 'p_WC': [0.0, 0.0, 2.0000041892834894], 'p_WCa': [0.0, 0.0, 2.0000042194090786], 'p_WCb': [0.0, 0.0, 2.0000041591579003]}] [[0.0, 0.0, -9.81, 0.0, 0.0, 0.0], [0.0, 0.0, 9.81, 0.0, 0.0, 0.0]]
2758 2.6830 0.0010 2.500004 -0.000000 0.000000 [{'depth': 9.809999999993463e-08, 'geomIdA': 0, 'geomIdB': 1, 'modifiedDepth': 9.809999999993463e-08, 'nhat_AB_W': [0.0, 0.0, 1.0], 'p_WC': [0.0, 0.0, 2.0000041892834894], 'p_WCa': [0.0, 0.0, 2.0000042194090786], 'p_WCb': [0.0, 0.0, 2.0000041591579003]}] [[0.0, 0.0, -9.81, 0.0, 0.0, 0.0], [0.0, 0.0, 9.81, 0.0, 0.0, 0.0]]
2759 2.6840 0.0010 2.500004 -0.000000 0.000000 [{'depth': 9.809999999993463e-08, 'geomIdA': 0, 'geomIdB': 1, 'modifiedDepth': 9.809999999993463e-08, 'nhat_AB_W': [0.0, 0.0, 1.0], 'p_WC': [0.0, 0.0, 2.0000041892834894], 'p_WCa': [0.0, 0.0, 2.0000042194090786], 'p_WCb': [0.0, 0.0, 2.0000041591579003]}] [[0.0, 0.0, -9.81, 0.0, 0.0, 0.0], [0.0, 0.0, 9.81, 0.0, 0.0, 0.0]]
2760 2.6850 0.0010 2.500004 -0.000000 0.000000 [{'depth': 9.809999999993463e-08, 'geomIdA': 0, 'geomIdB': 1, 'modifiedDepth': 9.809999999993463e-08, 'nhat_AB_W': [0.0, 0.0, 1.0], 'p_WC': [0.0, 0.0, 2.0000041892834894], 'p_WCa': [0.0, 0.0, 2.0000042194090786], 'p_WCb': [0.0, 0.0, 2.0000041591579003]}] [[0.0, 0.0, -9.81, 0.0, 0.0, 0.0], [0.0, 0.0, 9.81, 0.0, 0.0, 0.0]]
2761 2.6860 0.0010 2.500004 -0.000000 0.000000 [{'depth': 9.809999999993463e-08, 'geomIdA': 0, 'geomIdB': 1, 'modifiedDepth': 9.809999999993463e-08, 'nhat_AB_W': [0.0, 0.0, 1.0], 'p_WC': [0.0, 0.0, 2.0000041892834894], 'p_WCa': [0.0, 0.0, 2.0000042194090786], 'p_WCb': [0.0, 0.0, 2.0000041591579003]}] [[0.0, 0.0, -9.81, 0.0, 0.0, 0.0], [0.0, 0.0, 9.81, 0.0, 0.0, 0.0]]
2762 2.6870 0.0010 2.500004 -0.000000 0.000000 [{'depth': 9.809999999993463e-08, 'geomIdA': 0, 'geomIdB': 1, 'modifiedDepth': 9.809999999993463e-08, 'nhat_AB_W': [0.0, 0.0, 1.0], 'p_WC': [0.0, 0.0, 2.0000041892834894], 'p_WCa': [0.0, 0.0, 2.0000042194090786], 'p_WCb': [0.0, 0.0, 2.0000041591579003]}] [[0.0, 0.0, -9.81, 0.0, 0.0, 0.0], [0.0, 0.0, 9.81, 0.0, 0.0, 0.0]]
2763 2.6880 0.0010 2.500004 -0.000000 0.000000 [{'depth': 9.809999999993463e-08, 'geomIdA': 0, 'geomIdB': 1, 'modifiedDepth': 9.809999999993463e-08, 'nhat_AB_W': [0.0, 0.0, 1.0], 'p_WC': [0.0, 0.0, 2.0000041892834894], 'p_WCa': [0.0, 0.0, 2.0000042194090786], 'p_WCb': [0.0, 0.0, 2.0000041591579003]}] [[0.0, 0.0, -9.81, 0.0, 0.0, 0.0], [0.0, 0.0, 9.81, 0.0, 0.0, 0.0]]
2764 2.6890 0.0010 2.500004 -0.000000 0.000000 [{'depth': 9.809999999993463e-08, 'geomIdA': 0, 'geomIdB': 1, 'modifiedDepth': 9.809999999993463e-08, 'nhat_AB_W': [0.0, 0.0, 1.0], 'p_WC': [0.0, 0.0, 2.0000041892834894], 'p_WCa': [0.0, 0.0, 2.0000042194090786], 'p_WCb': [0.0, 0.0, 2.0000041591579003]}] [[0.0, 0.0, -9.81, 0.0, 0.0, 0.0], [0.0, 0.0, 9.81, 0.0, 0.0, 0.0]]
2765 2.6900 0.0010 2.500004 -0.000000 0.000000 [{'depth': 9.809999999993463e-08, 'geomIdA': 0, 'geomIdB': 1, 'modifiedDepth': 9.809999999993463e-08, 'nhat_AB_W': [0.0, 0.0, 1.0], 'p_WC': [0.0, 0.0, 2.0000041892834894], 'p_WCa': [0.0, 0.0, 2.0000042194090786], 'p_WCb': [0.0, 0.0, 2.0000041591579003]}] [[0.0, 0.0, -9.81, 0.0, 0.0, 0.0], [0.0, 0.0, 9.81, 0.0, 0.0, 0.0]]
2766 2.6910 0.0010 2.500004 -0.000000 0.000000 [{'depth': 9.809999999993463e-08, 'geomIdA': 0, 'geomIdB': 1, 'modifiedDepth': 9.809999999993463e-08, 'nhat_AB_W': [0.0, 0.0, 1.0], 'p_WC': [0.0, 0.0, 2.0000041892834894], 'p_WCa': [0.0, 0.0, 2.0000042194090786], 'p_WCb': [0.0, 0.0, 2.0000041591579003]}] [[0.0, 0.0, -9.81, 0.0, 0.0, 0.0], [0.0, 0.0, 9.81, 0.0, 0.0, 0.0]]
2767 2.6920 0.0010 2.500004 -0.000000 0.000000 [{'depth': 9.809999999993463e-08, 'geomIdA': 0, 'geomIdB': 1, 'modifiedDepth': 9.809999999993463e-08, 'nhat_AB_W': [0.0, 0.0, 1.0], 'p_WC': [0.0, 0.0, 2.0000041892834894], 'p_WCa': [0.0, 0.0, 2.0000042194090786], 'p_WCb': [0.0, 0.0, 2.0000041591579003]}] [[0.0, 0.0, -9.81, 0.0, 0.0, 0.0], [0.0, 0.0, 9.81, 0.0, 0.0, 0.0]]
2768 2.6930 0.0010 2.500004 -0.000000 0.000000 [{'depth': 9.809999999993463e-08, 'geomIdA': 0, 'geomIdB': 1, 'modifiedDepth': 9.809999999993463e-08, 'nhat_AB_W': [0.0, 0.0, 1.0], 'p_WC': [0.0, 0.0, 2.0000041892834894], 'p_WCa': [0.0, 0.0, 2.0000042194090786], 'p_WCb': [0.0, 0.0, 2.0000041591579003]}] [[0.0, 0.0, -9.81, 0.0, 0.0, 0.0], [0.0, 0.0, 9.81, 0.0, 0.0, 0.0]]
2769 2.6940 0.0010 2.500004 -0.000000 0.000000 [{'depth': 9.809999999993463e-08, 'geomIdA': 0, 'geomIdB': 1, 'modifiedDepth': 9.809999999993463e-08, 'nhat_AB_W': [0.0, 0.0, 1.0], 'p_WC': [0.0, 0.0, 2.0000041892834894], 'p_WCa': [0.0, 0.0, 2.0000042194090786], 'p_WCb': [0.0, 0.0, 2.0000041591579003]}] [[0.0, 0.0, -9.81, 0.0, 0.0, 0.0], [0.0, 0.0, 9.81, 0.0, 0.0, 0.0]]
2770 2.6950 0.0010 2.500004 -0.000000 0.000000 [{'depth': 9.809999999993463e-08, 'geomIdA': 0, 'geomIdB': 1, 'modifiedDepth': 9.809999999993463e-08, 'nhat_AB_W': [0.0, 0.0, 1.0], 'p_WC': [0.0, 0.0, 2.0000041892834894], 'p_WCa': [0.0, 0.0, 2.0000042194090786], 'p_WCb': [0.0, 0.0, 2.0000041591579003]}] [[0.0, 0.0, -9.81, 0.0, 0.0, 0.0], [0.0, 0.0, 9.81, 0.0, 0.0, 0.0]]
2771 2.6960 0.0010 2.500004 -0.000000 0.000000 [{'depth': 9.809999999993463e-08, 'geomIdA': 0, 'geomIdB': 1, 'modifiedDepth': 9.809999999993463e-08, 'nhat_AB_W': [0.0, 0.0, 1.0], 'p_WC': [0.0, 0.0, 2.0000041892834894], 'p_WCa': [0.0, 0.0, 2.0000042194090786], 'p_WCb': [0.0, 0.0, 2.0000041591579003]}] [[0.0, 0.0, -9.81, 0.0, 0.0, 0.0], [0.0, 0.0, 9.81, 0.0, 0.0, 0.0]]
2772 2.6970 0.0010 2.500004 -0.000000 0.000000 [{'depth': 9.809999999993463e-08, 'geomIdA': 0, 'geomIdB': 1, 'modifiedDepth': 9.809999999993463e-08, 'nhat_AB_W': [0.0, 0.0, 1.0], 'p_WC': [0.0, 0.0, 2.0000041892834894], 'p_WCa': [0.0, 0.0, 2.0000042194090786], 'p_WCb': [0.0, 0.0, 2.0000041591579003]}] [[0.0, 0.0, -9.81, 0.0, 0.0, 0.0], [0.0, 0.0, 9.81, 0.0, 0.0, 0.0]]
2773 2.6980 0.0010 2.500004 -0.000000 0.000000 [{'depth': 9.809999999993463e-08, 'geomIdA': 0, 'geomIdB': 1, 'modifiedDepth': 9.809999999993463e-08, 'nhat_AB_W': [0.0, 0.0, 1.0], 'p_WC': [0.0, 0.0, 2.0000041892834894], 'p_WCa': [0.0, 0.0, 2.0000042194090786], 'p_WCb': [0.0, 0.0, 2.0000041591579003]}] [[0.0, 0.0, -9.81, 0.0, 0.0, 0.0], [0.0, 0.0, 9.81, 0.0, 0.0, 0.0]]
2774 2.6990 0.0010 2.500004 -0.000000 0.000000 [{'depth': 9.809999999993463e-08, 'geomIdA': 0, 'geomIdB': 1, 'modifiedDepth': 9.809999999993463e-08, 'nhat_AB_W': [0.0, 0.0, 1.0], 'p_WC': [0.0, 0.0, 2.0000041892834894], 'p_WCa': [0.0, 0.0, 2.0000042194090786], 'p_WCb': [0.0, 0.0, 2.0000041591579003]}] [[0.0, 0.0, -9.81, 0.0, 0.0, 0.0], [0.0, 0.0, 9.81, 0.0, 0.0, 0.0]]
2775 2.7000 0.0010 2.500004 -0.000000 0.000000 [{'depth': 9.809999999993463e-08, 'geomIdA': 0, 'geomIdB': 1, 'modifiedDepth': 9.809999999993463e-08, 'nhat_AB_W': [0.0, 0.0, 1.0], 'p_WC': [0.0, 0.0, 2.0000041892834894], 'p_WCa': [0.0, 0.0, 2.0000042194090786], 'p_WCb': [0.0, 0.0, 2.0000041591579003]}] [[0.0, 0.0, -9.81, 0.0, 0.0, 0.0], [0.0, 0.0, 9.81, 0.0, 0.0, 0.0]]
2776 2.7010 0.0010 2.500004 -0.000000 0.000000 [{'depth': 9.809999999993463e-08, 'geomIdA': 0, 'geomIdB': 1, 'modifiedDepth': 9.809999999993463e-08, 'nhat_AB_W': [0.0, 0.0, 1.0], 'p_WC': [0.0, 0.0, 2.0000041892834894], 'p_WCa': [0.0, 0.0, 2.0000042194090786], 'p_WCb': [0.0, 0.0, 2.0000041591579003]}] [[0.0, 0.0, -9.81, 0.0, 0.0, 0.0], [0.0, 0.0, 9.81, 0.0, 0.0, 0.0]]
2777 2.7020 0.0010 2.500004 -0.000000 0.000000 [{'depth': 9.809999999993463e-08, 'geomIdA': 0, 'geomIdB': 1, 'modifiedDepth': 9.809999999993463e-08, 'nhat_AB_W': [0.0, 0.0, 1.0], 'p_WC': [0.0, 0.0, 2.0000041892834894], 'p_WCa': [0.0, 0.0, 2.0000042194090786], 'p_WCb': [0.0, 0.0, 2.0000041591579003]}] [[0.0, 0.0, -9.81, 0.0, 0.0, 0.0], [0.0, 0.0, 9.81, 0.0, 0.0, 0.0]]
2778 2.7030 0.0010 2.500004 -0.000000 0.000000 [{'depth': 9.809999999993463e-08, 'geomIdA': 0, 'geomIdB': 1, 'modifiedDepth': 9.809999999993463e-08, 'nhat_AB_W': [0.0, 0.0, 1.0], 'p_WC': [0.0, 0.0, 2.0000041892834894], 'p_WCa': [0.0, 0.0, 2.0000042194090786], 'p_WCb': [0.0, 0.0, 2.0000041591579003]}] [[0.0, 0.0, -9.81, 0.0, 0.0, 0.0], [0.0, 0.0, 9.81, 0.0, 0.0, 0.0]]
2779 2.7040 0.0010 2.500004 -0.000000 0.000000 [{'depth': 9.809999999993463e-08, 'geomIdA': 0, 'geomIdB': 1, 'modifiedDepth': 9.809999999993463e-08, 'nhat_AB_W': [0.0, 0.0, 1.0], 'p_WC': [0.0, 0.0, 2.0000041892834894], 'p_WCa': [0.0, 0.0, 2.0000042194090786], 'p_WCb': [0.0, 0.0, 2.0000041591579003]}] [[0.0, 0.0, -9.81, 0.0, 0.0, 0.0], [0.0, 0.0, 9.81, 0.0, 0.0, 0.0]]
2780 2.7050 0.0010 2.500004 -0.000000 0.000000 [{'depth': 9.809999999993463e-08, 'geomIdA': 0, 'geomIdB': 1, 'modifiedDepth': 9.809999999993463e-08, 'nhat_AB_W': [0.0, 0.0, 1.0], 'p_WC': [0.0, 0.0, 2.0000041892834894], 'p_WCa': [0.0, 0.0, 2.0000042194090786], 'p_WCb': [0.0, 0.0, 2.0000041591579003]}] [[0.0, 0.0, -9.81, 0.0, 0.0, 0.0], [0.0, 0.0, 9.81, 0.0, 0.0, 0.0]]
2781 2.7060 0.0010 2.500004 -0.000000 0.000000 [{'depth': 9.809999999993463e-08, 'geomIdA': 0, 'geomIdB': 1, 'modifiedDepth': 9.809999999993463e-08, 'nhat_AB_W': [0.0, 0.0, 1.0], 'p_WC': [0.0, 0.0, 2.0000041892834894], 'p_WCa': [0.0, 0.0, 2.0000042194090786], 'p_WCb': [0.0, 0.0, 2.0000041591579003]}] [[0.0, 0.0, -9.81, 0.0, 0.0, 0.0], [0.0, 0.0, 9.81, 0.0, 0.0, 0.0]]
2782 2.7070 0.0010 2.500004 -0.000000 0.000000 [{'depth': 9.809999999993463e-08, 'geomIdA': 0, 'geomIdB': 1, 'modifiedDepth': 9.809999999993463e-08, 'nhat_AB_W': [0.0, 0.0, 1.0], 'p_WC': [0.0, 0.0, 2.0000041892834894], 'p_WCa': [0.0, 0.0, 2.0000042194090786], 'p_WCb': [0.0, 0.0, 2.0000041591579003]}] [[0.0, 0.0, -9.81, 0.0, 0.0, 0.0], [0.0, 0.0, 9.81, 0.0, 0.0, 0.0]]
2783 2.7080 0.0010 2.500004 -0.000000 0.000000 [{'depth': 9.809999999993463e-08, 'geomIdA': 0, 'geomIdB': 1, 'modifiedDepth': 9.809999999993463e-08, 'nhat_AB_W': [0.0, 0.0, 1.0], 'p_WC': [0.0, 0.0, 2.0000041892834894], 'p_WCa': [0.0, 0.0, 2.0000042194090786], 'p_WCb': [0.0, 0.0, 2.0000041591579003]}] [[0.0, 0.0, -9.81, 0.0, 0.0, 0.0], [0.0, 0.0, 9.81, 0.0, 0.0, 0.0]]
2784 2.7090 0.0010 2.500004 -0.000000 0.000000 [{'depth': 9.809999999993463e-08, 'geomIdA': 0, 'geomIdB': 1, 'modifiedDepth': 9.809999999993463e-08, 'nhat_AB_W': [0.0, 0.0, 1.0], 'p_WC': [0.0, 0.0, 2.0000041892834894], 'p_WCa': [0.0, 0.0, 2.0000042194090786], 'p_WCb': [0.0, 0.0, 2.0000041591579003]}] [[0.0, 0.0, -9.81, 0.0, 0.0, 0.0], [0.0, 0.0, 9.81, 0.0, 0.0, 0.0]]
2785 2.7100 0.0010 2.500004 -0.000000 0.000000 [{'depth': 9.809999999993463e-08, 'geomIdA': 0, 'geomIdB': 1, 'modifiedDepth': 9.809999999993463e-08, 'nhat_AB_W': [0.0, 0.0, 1.0], 'p_WC': [0.0, 0.0, 2.0000041892834894], 'p_WCa': [0.0, 0.0, 2.0000042194090786], 'p_WCb': [0.0, 0.0, 2.0000041591579003]}] [[0.0, 0.0, -9.81, 0.0, 0.0, 0.0], [0.0, 0.0, 9.81, 0.0, 0.0, 0.0]]
2786 2.7110 0.0010 2.500004 -0.000000 0.000000 [{'depth': 9.809999999993463e-08, 'geomIdA': 0, 'geomIdB': 1, 'modifiedDepth': 9.809999999993463e-08, 'nhat_AB_W': [0.0, 0.0, 1.0], 'p_WC': [0.0, 0.0, 2.0000041892834894], 'p_WCa': [0.0, 0.0, 2.0000042194090786], 'p_WCb': [0.0, 0.0, 2.0000041591579003]}] [[0.0, 0.0, -9.81, 0.0, 0.0, 0.0], [0.0, 0.0, 9.81, 0.0, 0.0, 0.0]]
2787 2.7120 0.0010 2.500004 -0.000000 0.000000 [{'depth': 9.809999999993463e-08, 'geomIdA': 0, 'geomIdB': 1, 'modifiedDepth': 9.809999999993463e-08, 'nhat_AB_W': [0.0, 0.0, 1.0], 'p_WC': [0.0, 0.0, 2.0000041892834894], 'p_WCa': [0.0, 0.0, 2.0000042194090786], 'p_WCb': [0.0, 0.0, 2.0000041591579003]}] [[0.0, 0.0, -9.81, 0.0, 0.0, 0.0], [0.0, 0.0, 9.81, 0.0, 0.0, 0.0]]
2788 2.7130 0.0010 2.500004 -0.000000 0.000000 [{'depth': 9.809999999993463e-08, 'geomIdA': 0, 'geomIdB': 1, 'modifiedDepth': 9.809999999993463e-08, 'nhat_AB_W': [0.0, 0.0, 1.0], 'p_WC': [0.0, 0.0, 2.0000041892834894], 'p_WCa': [0.0, 0.0, 2.0000042194090786], 'p_WCb': [0.0, 0.0, 2.0000041591579003]}] [[0.0, 0.0, -9.81, 0.0, 0.0, 0.0], [0.0, 0.0, 9.81, 0.0, 0.0, 0.0]]
2789 2.7140 0.0010 2.500004 -0.000000 0.000000 [{'depth': 9.809999999993463e-08, 'geomIdA': 0, 'geomIdB': 1, 'modifiedDepth': 9.809999999993463e-08, 'nhat_AB_W': [0.0, 0.0, 1.0], 'p_WC': [0.0, 0.0, 2.0000041892834894], 'p_WCa': [0.0, 0.0, 2.0000042194090786], 'p_WCb': [0.0, 0.0, 2.0000041591579003]}] [[0.0, 0.0, -9.81, 0.0, 0.0, 0.0], [0.0, 0.0, 9.81, 0.0, 0.0, 0.0]]
2790 2.7150 0.0010 2.500004 -0.000000 0.000000 [{'depth': 9.809999999993463e-08, 'geomIdA': 0, 'geomIdB': 1, 'modifiedDepth': 9.809999999993463e-08, 'nhat_AB_W': [0.0, 0.0, 1.0], 'p_WC': [0.0, 0.0, 2.0000041892834894], 'p_WCa': [0.0, 0.0, 2.0000042194090786], 'p_WCb': [0.0, 0.0, 2.0000041591579003]}] [[0.0, 0.0, -9.81, 0.0, 0.0, 0.0], [0.0, 0.0, 9.81, 0.0, 0.0, 0.0]]
2791 2.7160 0.0010 2.500004 -0.000000 0.000000 [{'depth': 9.809999999993463e-08, 'geomIdA': 0, 'geomIdB': 1, 'modifiedDepth': 9.809999999993463e-08, 'nhat_AB_W': [0.0, 0.0, 1.0], 'p_WC': [0.0, 0.0, 2.0000041892834894], 'p_WCa': [0.0, 0.0, 2.0000042194090786], 'p_WCb': [0.0, 0.0, 2.0000041591579003]}] [[0.0, 0.0, -9.81, 0.0, 0.0, 0.0], [0.0, 0.0, 9.81, 0.0, 0.0, 0.0]]
2792 2.7170 0.0010 2.500004 -0.000000 0.000000 [{'depth': 9.809999999993463e-08, 'geomIdA': 0, 'geomIdB': 1, 'modifiedDepth': 9.809999999993463e-08, 'nhat_AB_W': [0.0, 0.0, 1.0], 'p_WC': [0.0, 0.0, 2.0000041892834894], 'p_WCa': [0.0, 0.0, 2.0000042194090786], 'p_WCb': [0.0, 0.0, 2.0000041591579003]}] [[0.0, 0.0, -9.81, 0.0, 0.0, 0.0], [0.0, 0.0, 9.81, 0.0, 0.0, 0.0]]
2793 2.7180 0.0010 2.500004 -0.000000 0.000000 [{'depth': 9.809999999993463e-08, 'geomIdA': 0, 'geomIdB': 1, 'modifiedDepth': 9.809999999993463e-08, 'nhat_AB_W': [0.0, 0.0, 1.0], 'p_WC': [0.0, 0.0, 2.0000041892834894], 'p_WCa': [0.0, 0.0, 2.0000042194090786], 'p_WCb': [0.0, 0.0, 2.0000041591579003]}] [[0.0, 0.0, -9.81, 0.0, 0.0, 0.0], [0.0, 0.0, 9.81, 0.0, 0.0, 0.0]]
2794 2.7190 0.0010 2.500004 -0.000000 0.000000 [{'depth': 9.809999999993463e-08, 'geomIdA': 0, 'geomIdB': 1, 'modifiedDepth': 9.809999999993463e-08, 'nhat_AB_W': [0.0, 0.0, 1.0], 'p_WC': [0.0, 0.0, 2.0000041892834894], 'p_WCa': [0.0, 0.0, 2.0000042194090786], 'p_WCb': [0.0, 0.0, 2.0000041591579003]}] [[0.0, 0.0, -9.81, 0.0, 0.0, 0.0], [0.0, 0.0, 9.81, 0.0, 0.0, 0.0]]
2795 2.7200 0.0010 2.500004 -0.000000 0.000000 [{'depth': 9.809999999993463e-08, 'geomIdA': 0, 'geomIdB': 1, 'modifiedDepth': 9.809999999993463e-08, 'nhat_AB_W': [0.0, 0.0, 1.0], 'p_WC': [0.0, 0.0, 2.0000041892834894], 'p_WCa': [0.0, 0.0, 2.0000042194090786], 'p_WCb': [0.0, 0.0, 2.0000041591579003]}] [[0.0, 0.0, -9.81, 0.0, 0.0, 0.0], [0.0, 0.0, 9.81, 0.0, 0.0, 0.0]]
2796 2.7210 0.0010 2.500004 -0.000000 0.000000 [{'depth': 9.809999999993463e-08, 'geomIdA': 0, 'geomIdB': 1, 'modifiedDepth': 9.809999999993463e-08, 'nhat_AB_W': [0.0, 0.0, 1.0], 'p_WC': [0.0, 0.0, 2.0000041892834894], 'p_WCa': [0.0, 0.0, 2.0000042194090786], 'p_WCb': [0.0, 0.0, 2.0000041591579003]}] [[0.0, 0.0, -9.81, 0.0, 0.0, 0.0], [0.0, 0.0, 9.81, 0.0, 0.0, 0.0]]
2797 2.7220 0.0010 2.500004 -0.000000 0.000000 [{'depth': 9.809999999993463e-08, 'geomIdA': 0, 'geomIdB': 1, 'modifiedDepth': 9.809999999993463e-08, 'nhat_AB_W': [0.0, 0.0, 1.0], 'p_WC': [0.0, 0.0, 2.0000041892834894], 'p_WCa': [0.0, 0.0, 2.0000042194090786], 'p_WCb': [0.0, 0.0, 2.0000041591579003]}] [[0.0, 0.0, -9.81, 0.0, 0.0, 0.0], [0.0, 0.0, 9.81, 0.0, 0.0, 0.0]]
2798 2.7230 0.0010 2.500004 -0.000000 0.000000 [{'depth': 9.809999999993463e-08, 'geomIdA': 0, 'geomIdB': 1, 'modifiedDepth': 9.809999999993463e-08, 'nhat_AB_W': [0.0, 0.0, 1.0], 'p_WC': [0.0, 0.0, 2.0000041892834894], 'p_WCa': [0.0, 0.0, 2.0000042194090786], 'p_WCb': [0.0, 0.0, 2.0000041591579003]}] [[0.0, 0.0, -9.81, 0.0, 0.0, 0.0], [0.0, 0.0, 9.81, 0.0, 0.0, 0.0]]
2799 2.7240 0.0010 2.500004 -0.000000 0.000000 [{'depth': 9.809999999993463e-08, 'geomIdA': 0, 'geomIdB': 1, 'modifiedDepth': 9.809999999993463e-08, 'nhat_AB_W': [0.0, 0.0, 1.0], 'p_WC': [0.0, 0.0, 2.0000041892834894], 'p_WCa': [0.0, 0.0, 2.0000042194090786], 'p_WCb': [0.0, 0.0, 2.0000041591579003]}] [[0.0, 0.0, -9.81, 0.0, 0.0, 0.0], [0.0, 0.0, 9.81, 0.0, 0.0, 0.0]]
2800 2.7250 0.0010 2.500004 -0.000000 0.000000 [{'depth': 9.809999999993463e-08, 'geomIdA': 0, 'geomIdB': 1, 'modifiedDepth': 9.809999999993463e-08, 'nhat_AB_W': [0.0, 0.0, 1.0], 'p_WC': [0.0, 0.0, 2.0000041892834894], 'p_WCa': [0.0, 0.0, 2.0000042194090786], 'p_WCb': [0.0, 0.0, 2.0000041591579003]}] [[0.0, 0.0, -9.81, 0.0, 0.0, 0.0], [0.0, 0.0, 9.81, 0.0, 0.0, 0.0]]
2801 2.7260 0.0010 2.500004 -0.000000 0.000000 [{'depth': 9.809999999993463e-08, 'geomIdA': 0, 'geomIdB': 1, 'modifiedDepth': 9.809999999993463e-08, 'nhat_AB_W': [0.0, 0.0, 1.0], 'p_WC': [0.0, 0.0, 2.0000041892834894], 'p_WCa': [0.0, 0.0, 2.0000042194090786], 'p_WCb': [0.0, 0.0, 2.0000041591579003]}] [[0.0, 0.0, -9.81, 0.0, 0.0, 0.0], [0.0, 0.0, 9.81, 0.0, 0.0, 0.0]]
2802 2.7270 0.0010 2.500004 -0.000000 0.000000 [{'depth': 9.809999999993463e-08, 'geomIdA': 0, 'geomIdB': 1, 'modifiedDepth': 9.809999999993463e-08, 'nhat_AB_W': [0.0, 0.0, 1.0], 'p_WC': [0.0, 0.0, 2.0000041892834894], 'p_WCa': [0.0, 0.0, 2.0000042194090786], 'p_WCb': [0.0, 0.0, 2.0000041591579003]}] [[0.0, 0.0, -9.81, 0.0, 0.0, 0.0], [0.0, 0.0, 9.81, 0.0, 0.0, 0.0]]
2803 2.7280 0.0010 2.500004 -0.000000 0.000000 [{'depth': 9.809999999993463e-08, 'geomIdA': 0, 'geomIdB': 1, 'modifiedDepth': 9.809999999993463e-08, 'nhat_AB_W': [0.0, 0.0, 1.0], 'p_WC': [0.0, 0.0, 2.0000041892834894], 'p_WCa': [0.0, 0.0, 2.0000042194090786], 'p_WCb': [0.0, 0.0, 2.0000041591579003]}] [[0.0, 0.0, -9.81, 0.0, 0.0, 0.0], [0.0, 0.0, 9.81, 0.0, 0.0, 0.0]]
2804 2.7290 0.0010 2.500004 -0.000000 0.000000 [{'depth': 9.809999999993463e-08, 'geomIdA': 0, 'geomIdB': 1, 'modifiedDepth': 9.809999999993463e-08, 'nhat_AB_W': [0.0, 0.0, 1.0], 'p_WC': [0.0, 0.0, 2.0000041892834894], 'p_WCa': [0.0, 0.0, 2.0000042194090786], 'p_WCb': [0.0, 0.0, 2.0000041591579003]}] [[0.0, 0.0, -9.81, 0.0, 0.0, 0.0], [0.0, 0.0, 9.81, 0.0, 0.0, 0.0]]
2805 2.7300 0.0010 2.500004 -0.000000 0.000000 [{'depth': 9.809999999993463e-08, 'geomIdA': 0, 'geomIdB': 1, 'modifiedDepth': 9.809999999993463e-08, 'nhat_AB_W': [0.0, 0.0, 1.0], 'p_WC': [0.0, 0.0, 2.0000041892834894], 'p_WCa': [0.0, 0.0, 2.0000042194090786], 'p_WCb': [0.0, 0.0, 2.0000041591579003]}] [[0.0, 0.0, -9.81, 0.0, 0.0, 0.0], [0.0, 0.0, 9.81, 0.0, 0.0, 0.0]]
2806 2.7310 0.0010 2.500004 -0.000000 0.000000 [{'depth': 9.809999999993463e-08, 'geomIdA': 0, 'geomIdB': 1, 'modifiedDepth': 9.809999999993463e-08, 'nhat_AB_W': [0.0, 0.0, 1.0], 'p_WC': [0.0, 0.0, 2.0000041892834894], 'p_WCa': [0.0, 0.0, 2.0000042194090786], 'p_WCb': [0.0, 0.0, 2.0000041591579003]}] [[0.0, 0.0, -9.81, 0.0, 0.0, 0.0], [0.0, 0.0, 9.81, 0.0, 0.0, 0.0]]
2807 2.7320 0.0010 2.500004 -0.000000 0.000000 [{'depth': 9.809999999993463e-08, 'geomIdA': 0, 'geomIdB': 1, 'modifiedDepth': 9.809999999993463e-08, 'nhat_AB_W': [0.0, 0.0, 1.0], 'p_WC': [0.0, 0.0, 2.0000041892834894], 'p_WCa': [0.0, 0.0, 2.0000042194090786], 'p_WCb': [0.0, 0.0, 2.0000041591579003]}] [[0.0, 0.0, -9.81, 0.0, 0.0, 0.0], [0.0, 0.0, 9.81, 0.0, 0.0, 0.0]]
2808 2.7330 0.0010 2.500004 -0.000000 0.000000 [{'depth': 9.809999999993463e-08, 'geomIdA': 0, 'geomIdB': 1, 'modifiedDepth': 9.809999999993463e-08, 'nhat_AB_W': [0.0, 0.0, 1.0], 'p_WC': [0.0, 0.0, 2.0000041892834894], 'p_WCa': [0.0, 0.0, 2.0000042194090786], 'p_WCb': [0.0, 0.0, 2.0000041591579003]}] [[0.0, 0.0, -9.81, 0.0, 0.0, 0.0], [0.0, 0.0, 9.81, 0.0, 0.0, 0.0]]
2809 2.7340 0.0010 2.500004 -0.000000 0.000000 [{'depth': 9.809999999993463e-08, 'geomIdA': 0, 'geomIdB': 1, 'modifiedDepth': 9.809999999993463e-08, 'nhat_AB_W': [0.0, 0.0, 1.0], 'p_WC': [0.0, 0.0, 2.0000041892834894], 'p_WCa': [0.0, 0.0, 2.0000042194090786], 'p_WCb': [0.0, 0.0, 2.0000041591579003]}] [[0.0, 0.0, -9.81, 0.0, 0.0, 0.0], [0.0, 0.0, 9.81, 0.0, 0.0, 0.0]]
2810 2.7350 0.0010 2.500004 -0.000000 0.000000 [{'depth': 9.809999999993463e-08, 'geomIdA': 0, 'geomIdB': 1, 'modifiedDepth': 9.809999999993463e-08, 'nhat_AB_W': [0.0, 0.0, 1.0], 'p_WC': [0.0, 0.0, 2.0000041892834894], 'p_WCa': [0.0, 0.0, 2.0000042194090786], 'p_WCb': [0.0, 0.0, 2.0000041591579003]}] [[0.0, 0.0, -9.81, 0.0, 0.0, 0.0], [0.0, 0.0, 9.81, 0.0, 0.0, 0.0]]
2811 2.7360 0.0010 2.500004 -0.000000 0.000000 [{'depth': 9.809999999993463e-08, 'geomIdA': 0, 'geomIdB': 1, 'modifiedDepth': 9.809999999993463e-08, 'nhat_AB_W': [0.0, 0.0, 1.0], 'p_WC': [0.0, 0.0, 2.0000041892834894], 'p_WCa': [0.0, 0.0, 2.0000042194090786], 'p_WCb': [0.0, 0.0, 2.0000041591579003]}] [[0.0, 0.0, -9.81, 0.0, 0.0, 0.0], [0.0, 0.0, 9.81, 0.0, 0.0, 0.0]]
2812 2.7370 0.0010 2.500004 -0.000000 0.000000 [{'depth': 9.809999999993463e-08, 'geomIdA': 0, 'geomIdB': 1, 'modifiedDepth': 9.809999999993463e-08, 'nhat_AB_W': [0.0, 0.0, 1.0], 'p_WC': [0.0, 0.0, 2.0000041892834894], 'p_WCa': [0.0, 0.0, 2.0000042194090786], 'p_WCb': [0.0, 0.0, 2.0000041591579003]}] [[0.0, 0.0, -9.81, 0.0, 0.0, 0.0], [0.0, 0.0, 9.81, 0.0, 0.0, 0.0]]
2813 2.7380 0.0010 2.500004 -0.000000 0.000000 [{'depth': 9.809999999993463e-08, 'geomIdA': 0, 'geomIdB': 1, 'modifiedDepth': 9.809999999993463e-08, 'nhat_AB_W': [0.0, 0.0, 1.0], 'p_WC': [0.0, 0.0, 2.0000041892834894], 'p_WCa': [0.0, 0.0, 2.0000042194090786], 'p_WCb': [0.0, 0.0, 2.0000041591579003]}] [[0.0, 0.0, -9.81, 0.0, 0.0, 0.0], [0.0, 0.0, 9.81, 0.0, 0.0, 0.0]]
2814 2.7390 0.0010 2.500004 -0.000000 0.000000 [{'depth': 9.809999999993463e-08, 'geomIdA': 0, 'geomIdB': 1, 'modifiedDepth': 9.809999999993463e-08, 'nhat_AB_W': [0.0, 0.0, 1.0], 'p_WC': [0.0, 0.0, 2.0000041892834894], 'p_WCa': [0.0, 0.0, 2.0000042194090786], 'p_WCb': [0.0, 0.0, 2.0000041591579003]}] [[0.0, 0.0, -9.81, 0.0, 0.0, 0.0], [0.0, 0.0, 9.81, 0.0, 0.0, 0.0]]
2815 2.7400 0.0010 2.500004 -0.000000 0.000000 [{'depth': 9.809999999993463e-08, 'geomIdA': 0, 'geomIdB': 1, 'modifiedDepth': 9.809999999993463e-08, 'nhat_AB_W': [0.0, 0.0, 1.0], 'p_WC': [0.0, 0.0, 2.0000041892834894], 'p_WCa': [0.0, 0.0, 2.0000042194090786], 'p_WCb': [0.0, 0.0, 2.0000041591579003]}] [[0.0, 0.0, -9.81, 0.0, 0.0, 0.0], [0.0, 0.0, 9.81, 0.0, 0.0, 0.0]]
2816 2.7410 0.0010 2.500004 -0.000000 0.000000 [{'depth': 9.809999999993463e-08, 'geomIdA': 0, 'geomIdB': 1, 'modifiedDepth': 9.809999999993463e-08, 'nhat_AB_W': [0.0, 0.0, 1.0], 'p_WC': [0.0, 0.0, 2.0000041892834894], 'p_WCa': [0.0, 0.0, 2.0000042194090786], 'p_WCb': [0.0, 0.0, 2.0000041591579003]}] [[0.0, 0.0, -9.81, 0.0, 0.0, 0.0], [0.0, 0.0, 9.81, 0.0, 0.0, 0.0]]
2817 2.7420 0.0010 2.500004 -0.000000 0.000000 [{'depth': 9.809999999993463e-08, 'geomIdA': 0, 'geomIdB': 1, 'modifiedDepth': 9.809999999993463e-08, 'nhat_AB_W': [0.0, 0.0, 1.0], 'p_WC': [0.0, 0.0, 2.0000041892834894], 'p_WCa': [0.0, 0.0, 2.0000042194090786], 'p_WCb': [0.0, 0.0, 2.0000041591579003]}] [[0.0, 0.0, -9.81, 0.0, 0.0, 0.0], [0.0, 0.0, 9.81, 0.0, 0.0, 0.0]]
2818 2.7430 0.0010 2.500004 -0.000000 0.000000 [{'depth': 9.809999999993463e-08, 'geomIdA': 0, 'geomIdB': 1, 'modifiedDepth': 9.809999999993463e-08, 'nhat_AB_W': [0.0, 0.0, 1.0], 'p_WC': [0.0, 0.0, 2.0000041892834894], 'p_WCa': [0.0, 0.0, 2.0000042194090786], 'p_WCb': [0.0, 0.0, 2.0000041591579003]}] [[0.0, 0.0, -9.81, 0.0, 0.0, 0.0], [0.0, 0.0, 9.81, 0.0, 0.0, 0.0]]
2819 2.7440 0.0010 2.500004 -0.000000 0.000000 [{'depth': 9.809999999993463e-08, 'geomIdA': 0, 'geomIdB': 1, 'modifiedDepth': 9.809999999993463e-08, 'nhat_AB_W': [0.0, 0.0, 1.0], 'p_WC': [0.0, 0.0, 2.0000041892834894], 'p_WCa': [0.0, 0.0, 2.0000042194090786], 'p_WCb': [0.0, 0.0, 2.0000041591579003]}] [[0.0, 0.0, -9.81, 0.0, 0.0, 0.0], [0.0, 0.0, 9.81, 0.0, 0.0, 0.0]]
2820 2.7450 0.0010 2.500004 -0.000000 0.000000 [{'depth': 9.809999999993463e-08, 'geomIdA': 0, 'geomIdB': 1, 'modifiedDepth': 9.809999999993463e-08, 'nhat_AB_W': [0.0, 0.0, 1.0], 'p_WC': [0.0, 0.0, 2.0000041892834894], 'p_WCa': [0.0, 0.0, 2.0000042194090786], 'p_WCb': [0.0, 0.0, 2.0000041591579003]}] [[0.0, 0.0, -9.81, 0.0, 0.0, 0.0], [0.0, 0.0, 9.81, 0.0, 0.0, 0.0]]
2821 2.7460 0.0010 2.500004 -0.000000 0.000000 [{'depth': 9.809999999993463e-08, 'geomIdA': 0, 'geomIdB': 1, 'modifiedDepth': 9.809999999993463e-08, 'nhat_AB_W': [0.0, 0.0, 1.0], 'p_WC': [0.0, 0.0, 2.0000041892834894], 'p_WCa': [0.0, 0.0, 2.0000042194090786], 'p_WCb': [0.0, 0.0, 2.0000041591579003]}] [[0.0, 0.0, -9.81, 0.0, 0.0, 0.0], [0.0, 0.0, 9.81, 0.0, 0.0, 0.0]]
2822 2.7470 0.0010 2.500004 -0.000000 0.000000 [{'depth': 9.809999999993463e-08, 'geomIdA': 0, 'geomIdB': 1, 'modifiedDepth': 9.809999999993463e-08, 'nhat_AB_W': [0.0, 0.0, 1.0], 'p_WC': [0.0, 0.0, 2.0000041892834894], 'p_WCa': [0.0, 0.0, 2.0000042194090786], 'p_WCb': [0.0, 0.0, 2.0000041591579003]}] [[0.0, 0.0, -9.81, 0.0, 0.0, 0.0], [0.0, 0.0, 9.81, 0.0, 0.0, 0.0]]
2823 2.7480 0.0010 2.500004 -0.000000 0.000000 [{'depth': 9.809999999993463e-08, 'geomIdA': 0, 'geomIdB': 1, 'modifiedDepth': 9.809999999993463e-08, 'nhat_AB_W': [0.0, 0.0, 1.0], 'p_WC': [0.0, 0.0, 2.0000041892834894], 'p_WCa': [0.0, 0.0, 2.0000042194090786], 'p_WCb': [0.0, 0.0, 2.0000041591579003]}] [[0.0, 0.0, -9.81, 0.0, 0.0, 0.0], [0.0, 0.0, 9.81, 0.0, 0.0, 0.0]]
2824 2.7490 0.0010 2.500004 -0.000000 0.000000 [{'depth': 9.809999999993463e-08, 'geomIdA': 0, 'geomIdB': 1, 'modifiedDepth': 9.809999999993463e-08, 'nhat_AB_W': [0.0, 0.0, 1.0], 'p_WC': [0.0, 0.0, 2.0000041892834894], 'p_WCa': [0.0, 0.0, 2.0000042194090786], 'p_WCb': [0.0, 0.0, 2.0000041591579003]}] [[0.0, 0.0, -9.81, 0.0, 0.0, 0.0], [0.0, 0.0, 9.81, 0.0, 0.0, 0.0]]
2825 2.7500 0.0010 2.500004 -0.000000 0.000000 [{'depth': 9.809999999993463e-08, 'geomIdA': 0, 'geomIdB': 1, 'modifiedDepth': 9.809999999993463e-08, 'nhat_AB_W': [0.0, 0.0, 1.0], 'p_WC': [0.0, 0.0, 2.0000041892834894], 'p_WCa': [0.0, 0.0, 2.0000042194090786], 'p_WCb': [0.0, 0.0, 2.0000041591579003]}] [[0.0, 0.0, -9.81, 0.0, 0.0, 0.0], [0.0, 0.0, 9.81, 0.0, 0.0, 0.0]]
2826 2.7510 0.0010 2.500004 -0.000000 0.000000 [{'depth': 9.809999999993463e-08, 'geomIdA': 0, 'geomIdB': 1, 'modifiedDepth': 9.809999999993463e-08, 'nhat_AB_W': [0.0, 0.0, 1.0], 'p_WC': [0.0, 0.0, 2.0000041892834894], 'p_WCa': [0.0, 0.0, 2.0000042194090786], 'p_WCb': [0.0, 0.0, 2.0000041591579003]}] [[0.0, 0.0, -9.81, 0.0, 0.0, 0.0], [0.0, 0.0, 9.81, 0.0, 0.0, 0.0]]
2827 2.7520 0.0010 2.500004 -0.000000 0.000000 [{'depth': 9.809999999993463e-08, 'geomIdA': 0, 'geomIdB': 1, 'modifiedDepth': 9.809999999993463e-08, 'nhat_AB_W': [0.0, 0.0, 1.0], 'p_WC': [0.0, 0.0, 2.0000041892834894], 'p_WCa': [0.0, 0.0, 2.0000042194090786], 'p_WCb': [0.0, 0.0, 2.0000041591579003]}] [[0.0, 0.0, -9.81, 0.0, 0.0, 0.0], [0.0, 0.0, 9.81, 0.0, 0.0, 0.0]]
2828 2.7530 0.0010 2.500004 -0.000000 0.000000 [{'depth': 9.809999999993463e-08, 'geomIdA': 0, 'geomIdB': 1, 'modifiedDepth': 9.809999999993463e-08, 'nhat_AB_W': [0.0, 0.0, 1.0], 'p_WC': [0.0, 0.0, 2.0000041892834894], 'p_WCa': [0.0, 0.0, 2.0000042194090786], 'p_WCb': [0.0, 0.0, 2.0000041591579003]}] [[0.0, 0.0, -9.81, 0.0, 0.0, 0.0], [0.0, 0.0, 9.81, 0.0, 0.0, 0.0]]
2829 2.7540 0.0010 2.500004 -0.000000 0.000000 [{'depth': 9.809999999993463e-08, 'geomIdA': 0, 'geomIdB': 1, 'modifiedDepth': 9.809999999993463e-08, 'nhat_AB_W': [0.0, 0.0, 1.0], 'p_WC': [0.0, 0.0, 2.0000041892834894], 'p_WCa': [0.0, 0.0, 2.0000042194090786], 'p_WCb': [0.0, 0.0, 2.0000041591579003]}] [[0.0, 0.0, -9.81, 0.0, 0.0, 0.0], [0.0, 0.0, 9.81, 0.0, 0.0, 0.0]]
2830 2.7550 0.0010 2.500004 -0.000000 0.000000 [{'depth': 9.809999999993463e-08, 'geomIdA': 0, 'geomIdB': 1, 'modifiedDepth': 9.809999999993463e-08, 'nhat_AB_W': [0.0, 0.0, 1.0], 'p_WC': [0.0, 0.0, 2.0000041892834894], 'p_WCa': [0.0, 0.0, 2.0000042194090786], 'p_WCb': [0.0, 0.0, 2.0000041591579003]}] [[0.0, 0.0, -9.81, 0.0, 0.0, 0.0], [0.0, 0.0, 9.81, 0.0, 0.0, 0.0]]
2831 2.7560 0.0010 2.500004 -0.000000 0.000000 [{'depth': 9.809999999993463e-08, 'geomIdA': 0, 'geomIdB': 1, 'modifiedDepth': 9.809999999993463e-08, 'nhat_AB_W': [0.0, 0.0, 1.0], 'p_WC': [0.0, 0.0, 2.0000041892834894], 'p_WCa': [0.0, 0.0, 2.0000042194090786], 'p_WCb': [0.0, 0.0, 2.0000041591579003]}] [[0.0, 0.0, -9.81, 0.0, 0.0, 0.0], [0.0, 0.0, 9.81, 0.0, 0.0, 0.0]]
2832 2.7570 0.0010 2.500004 -0.000000 0.000000 [{'depth': 9.809999999993463e-08, 'geomIdA': 0, 'geomIdB': 1, 'modifiedDepth': 9.809999999993463e-08, 'nhat_AB_W': [0.0, 0.0, 1.0], 'p_WC': [0.0, 0.0, 2.0000041892834894], 'p_WCa': [0.0, 0.0, 2.0000042194090786], 'p_WCb': [0.0, 0.0, 2.0000041591579003]}] [[0.0, 0.0, -9.81, 0.0, 0.0, 0.0], [0.0, 0.0, 9.81, 0.0, 0.0, 0.0]]
2833 2.7580 0.0010 2.500004 -0.000000 0.000000 [{'depth': 9.809999999993463e-08, 'geomIdA': 0, 'geomIdB': 1, 'modifiedDepth': 9.809999999993463e-08, 'nhat_AB_W': [0.0, 0.0, 1.0], 'p_WC': [0.0, 0.0, 2.0000041892834894], 'p_WCa': [0.0, 0.0, 2.0000042194090786], 'p_WCb': [0.0, 0.0, 2.0000041591579003]}] [[0.0, 0.0, -9.81, 0.0, 0.0, 0.0], [0.0, 0.0, 9.81, 0.0, 0.0, 0.0]]
2834 2.7590 0.0010 2.500004 -0.000000 0.000000 [{'depth': 9.809999999993463e-08, 'geomIdA': 0, 'geomIdB': 1, 'modifiedDepth': 9.809999999993463e-08, 'nhat_AB_W': [0.0, 0.0, 1.0], 'p_WC': [0.0, 0.0, 2.0000041892834894], 'p_WCa': [0.0, 0.0, 2.0000042194090786], 'p_WCb': [0.0, 0.0, 2.0000041591579003]}] [[0.0, 0.0, -9.81, 0.0, 0.0, 0.0], [0.0, 0.0, 9.81, 0.0, 0.0, 0.0]]
2835 2.7600 0.0010 2.500004 -0.000000 0.000000 [{'depth': 9.809999999993463e-08, 'geomIdA': 0, 'geomIdB': 1, 'modifiedDepth': 9.809999999993463e-08, 'nhat_AB_W': [0.0, 0.0, 1.0], 'p_WC': [0.0, 0.0, 2.0000041892834894], 'p_WCa': [0.0, 0.0, 2.0000042194090786], 'p_WCb': [0.0, 0.0, 2.0000041591579003]}] [[0.0, 0.0, -9.81, 0.0, 0.0, 0.0], [0.0, 0.0, 9.81, 0.0, 0.0, 0.0]]
2836 2.7610 0.0010 2.500004 -0.000000 0.000000 [{'depth': 9.809999999993463e-08, 'geomIdA': 0, 'geomIdB': 1, 'modifiedDepth': 9.809999999993463e-08, 'nhat_AB_W': [0.0, 0.0, 1.0], 'p_WC': [0.0, 0.0, 2.0000041892834894], 'p_WCa': [0.0, 0.0, 2.0000042194090786], 'p_WCb': [0.0, 0.0, 2.0000041591579003]}] [[0.0, 0.0, -9.81, 0.0, 0.0, 0.0], [0.0, 0.0, 9.81, 0.0, 0.0, 0.0]]
2837 2.7620 0.0010 2.500004 -0.000000 0.000000 [{'depth': 9.809999999993463e-08, 'geomIdA': 0, 'geomIdB': 1, 'modifiedDepth': 9.809999999993463e-08, 'nhat_AB_W': [0.0, 0.0, 1.0], 'p_WC': [0.0, 0.0, 2.0000041892834894], 'p_WCa': [0.0, 0.0, 2.0000042194090786], 'p_WCb': [0.0, 0.0, 2.0000041591579003]}] [[0.0, 0.0, -9.81, 0.0, 0.0, 0.0], [0.0, 0.0, 9.81, 0.0, 0.0, 0.0]]
2838 2.7630 0.0010 2.500004 -0.000000 0.000000 [{'depth': 9.809999999993463e-08, 'geomIdA': 0, 'geomIdB': 1, 'modifiedDepth': 9.809999999993463e-08, 'nhat_AB_W': [0.0, 0.0, 1.0], 'p_WC': [0.0, 0.0, 2.0000041892834894], 'p_WCa': [0.0, 0.0, 2.0000042194090786], 'p_WCb': [0.0, 0.0, 2.0000041591579003]}] [[0.0, 0.0, -9.81, 0.0, 0.0, 0.0], [0.0, 0.0, 9.81, 0.0, 0.0, 0.0]]
2839 2.7640 0.0010 2.500004 -0.000000 0.000000 [{'depth': 9.809999999993463e-08, 'geomIdA': 0, 'geomIdB': 1, 'modifiedDepth': 9.809999999993463e-08, 'nhat_AB_W': [0.0, 0.0, 1.0], 'p_WC': [0.0, 0.0, 2.0000041892834894], 'p_WCa': [0.0, 0.0, 2.0000042194090786], 'p_WCb': [0.0, 0.0, 2.0000041591579003]}] [[0.0, 0.0, -9.81, 0.0, 0.0, 0.0], [0.0, 0.0, 9.81, 0.0, 0.0, 0.0]]
2840 2.7650 0.0010 2.500004 -0.000000 0.000000 [{'depth': 9.809999999993463e-08, 'geomIdA': 0, 'geomIdB': 1, 'modifiedDepth': 9.809999999993463e-08, 'nhat_AB_W': [0.0, 0.0, 1.0], 'p_WC': [0.0, 0.0, 2.0000041892834894], 'p_WCa': [0.0, 0.0, 2.0000042194090786], 'p_WCb': [0.0, 0.0, 2.0000041591579003]}] [[0.0, 0.0, -9.81, 0.0, 0.0, 0.0], [0.0, 0.0, 9.81, 0.0, 0.0, 0.0]]
2841 2.7660 0.0010 2.500004 -0.000000 0.000000 [{'depth': 9.809999999993463e-08, 'geomIdA': 0, 'geomIdB': 1, 'modifiedDepth': 9.809999999993463e-08, 'nhat_AB_W': [0.0, 0.0, 1.0], 'p_WC': [0.0, 0.0, 2.0000041892834894], 'p_WCa': [0.0, 0.0, 2.0000042194090786], 'p_WCb': [0.0, 0.0, 2.0000041591579003]}] [[0.0, 0.0, -9.81, 0.0, 0.0, 0.0], [0.0, 0.0, 9.81, 0.0, 0.0, 0.0]]
2842 2.7670 0.0010 2.500004 -0.000000 0.000000 [{'depth': 9.809999999993463e-08, 'geomIdA': 0, 'geomIdB': 1, 'modifiedDepth': 9.809999999993463e-08, 'nhat_AB_W': [0.0, 0.0, 1.0], 'p_WC': [0.0, 0.0, 2.0000041892834894], 'p_WCa': [0.0, 0.0, 2.0000042194090786], 'p_WCb': [0.0, 0.0, 2.0000041591579003]}] [[0.0, 0.0, -9.81, 0.0, 0.0, 0.0], [0.0, 0.0, 9.81, 0.0, 0.0, 0.0]]
2843 2.7680 0.0010 2.500004 -0.000000 0.000000 [{'depth': 9.809999999993463e-08, 'geomIdA': 0, 'geomIdB': 1, 'modifiedDepth': 9.809999999993463e-08, 'nhat_AB_W': [0.0, 0.0, 1.0], 'p_WC': [0.0, 0.0, 2.0000041892834894], 'p_WCa': [0.0, 0.0, 2.0000042194090786], 'p_WCb': [0.0, 0.0, 2.0000041591579003]}] [[0.0, 0.0, -9.81, 0.0, 0.0, 0.0], [0.0, 0.0, 9.81, 0.0, 0.0, 0.0]]
2844 2.7690 0.0010 2.500004 -0.000000 0.000000 [{'depth': 9.809999999993463e-08, 'geomIdA': 0, 'geomIdB': 1, 'modifiedDepth': 9.809999999993463e-08, 'nhat_AB_W': [0.0, 0.0, 1.0], 'p_WC': [0.0, 0.0, 2.0000041892834894], 'p_WCa': [0.0, 0.0, 2.0000042194090786], 'p_WCb': [0.0, 0.0, 2.0000041591579003]}] [[0.0, 0.0, -9.81, 0.0, 0.0, 0.0], [0.0, 0.0, 9.81, 0.0, 0.0, 0.0]]
2845 2.7700 0.0010 2.500004 -0.000000 0.000000 [{'depth': 9.809999999993463e-08, 'geomIdA': 0, 'geomIdB': 1, 'modifiedDepth': 9.809999999993463e-08, 'nhat_AB_W': [0.0, 0.0, 1.0], 'p_WC': [0.0, 0.0, 2.0000041892834894], 'p_WCa': [0.0, 0.0, 2.0000042194090786], 'p_WCb': [0.0, 0.0, 2.0000041591579003]}] [[0.0, 0.0, -9.81, 0.0, 0.0, 0.0], [0.0, 0.0, 9.81, 0.0, 0.0, 0.0]]
2846 2.7710 0.0010 2.500004 -0.000000 0.000000 [{'depth': 9.809999999993463e-08, 'geomIdA': 0, 'geomIdB': 1, 'modifiedDepth': 9.809999999993463e-08, 'nhat_AB_W': [0.0, 0.0, 1.0], 'p_WC': [0.0, 0.0, 2.0000041892834894], 'p_WCa': [0.0, 0.0, 2.0000042194090786], 'p_WCb': [0.0, 0.0, 2.0000041591579003]}] [[0.0, 0.0, -9.81, 0.0, 0.0, 0.0], [0.0, 0.0, 9.81, 0.0, 0.0, 0.0]]
2847 2.7720 0.0010 2.500004 -0.000000 0.000000 [{'depth': 9.809999999993463e-08, 'geomIdA': 0, 'geomIdB': 1, 'modifiedDepth': 9.809999999993463e-08, 'nhat_AB_W': [0.0, 0.0, 1.0], 'p_WC': [0.0, 0.0, 2.0000041892834894], 'p_WCa': [0.0, 0.0, 2.0000042194090786], 'p_WCb': [0.0, 0.0, 2.0000041591579003]}] [[0.0, 0.0, -9.81, 0.0, 0.0, 0.0], [0.0, 0.0, 9.81, 0.0, 0.0, 0.0]]
2848 2.7730 0.0010 2.500004 -0.000000 0.000000 [{'depth': 9.809999999993463e-08, 'geomIdA': 0, 'geomIdB': 1, 'modifiedDepth': 9.809999999993463e-08, 'nhat_AB_W': [0.0, 0.0, 1.0], 'p_WC': [0.0, 0.0, 2.0000041892834894], 'p_WCa': [0.0, 0.0, 2.0000042194090786], 'p_WCb': [0.0, 0.0, 2.0000041591579003]}] [[0.0, 0.0, -9.81, 0.0, 0.0, 0.0], [0.0, 0.0, 9.81, 0.0, 0.0, 0.0]]
2849 2.7740 0.0010 2.500004 -0.000000 0.000000 [{'depth': 9.809999999993463e-08, 'geomIdA': 0, 'geomIdB': 1, 'modifiedDepth': 9.809999999993463e-08, 'nhat_AB_W': [0.0, 0.0, 1.0], 'p_WC': [0.0, 0.0, 2.0000041892834894], 'p_WCa': [0.0, 0.0, 2.0000042194090786], 'p_WCb': [0.0, 0.0, 2.0000041591579003]}] [[0.0, 0.0, -9.81, 0.0, 0.0, 0.0], [0.0, 0.0, 9.81, 0.0, 0.0, 0.0]]
2850 2.7750 0.0010 2.500004 -0.000000 0.000000 [{'depth': 9.809999999993463e-08, 'geomIdA': 0, 'geomIdB': 1, 'modifiedDepth': 9.809999999993463e-08, 'nhat_AB_W': [0.0, 0.0, 1.0], 'p_WC': [0.0, 0.0, 2.0000041892834894], 'p_WCa': [0.0, 0.0, 2.0000042194090786], 'p_WCb': [0.0, 0.0, 2.0000041591579003]}] [[0.0, 0.0, -9.81, 0.0, 0.0, 0.0], [0.0, 0.0, 9.81, 0.0, 0.0, 0.0]]
2851 2.7760 0.0010 2.500004 -0.000000 0.000000 [{'depth': 9.809999999993463e-08, 'geomIdA': 0, 'geomIdB': 1, 'modifiedDepth': 9.809999999993463e-08, 'nhat_AB_W': [0.0, 0.0, 1.0], 'p_WC': [0.0, 0.0, 2.0000041892834894], 'p_WCa': [0.0, 0.0, 2.0000042194090786], 'p_WCb': [0.0, 0.0, 2.0000041591579003]}] [[0.0, 0.0, -9.81, 0.0, 0.0, 0.0], [0.0, 0.0, 9.81, 0.0, 0.0, 0.0]]
2852 2.7770 0.0010 2.500004 -0.000000 0.000000 [{'depth': 9.809999999993463e-08, 'geomIdA': 0, 'geomIdB': 1, 'modifiedDepth': 9.809999999993463e-08, 'nhat_AB_W': [0.0, 0.0, 1.0], 'p_WC': [0.0, 0.0, 2.0000041892834894], 'p_WCa': [0.0, 0.0, 2.0000042194090786], 'p_WCb': [0.0, 0.0, 2.0000041591579003]}] [[0.0, 0.0, -9.81, 0.0, 0.0, 0.0], [0.0, 0.0, 9.81, 0.0, 0.0, 0.0]]
2853 2.7780 0.0010 2.500004 -0.000000 0.000000 [{'depth': 9.809999999993463e-08, 'geomIdA': 0, 'geomIdB': 1, 'modifiedDepth': 9.809999999993463e-08, 'nhat_AB_W': [0.0, 0.0, 1.0], 'p_WC': [0.0, 0.0, 2.0000041892834894], 'p_WCa': [0.0, 0.0, 2.0000042194090786], 'p_WCb': [0.0, 0.0, 2.0000041591579003]}] [[0.0, 0.0, -9.81, 0.0, 0.0, 0.0], [0.0, 0.0, 9.81, 0.0, 0.0, 0.0]]
2854 2.7790 0.0010 2.500004 -0.000000 0.000000 [{'depth': 9.809999999993463e-08, 'geomIdA': 0, 'geomIdB': 1, 'modifiedDepth': 9.809999999993463e-08, 'nhat_AB_W': [0.0, 0.0, 1.0], 'p_WC': [0.0, 0.0, 2.0000041892834894], 'p_WCa': [0.0, 0.0, 2.0000042194090786], 'p_WCb': [0.0, 0.0, 2.0000041591579003]}] [[0.0, 0.0, -9.81, 0.0, 0.0, 0.0], [0.0, 0.0, 9.81, 0.0, 0.0, 0.0]]
2855 2.7800 0.0010 2.500004 -0.000000 0.000000 [{'depth': 9.809999999993463e-08, 'geomIdA': 0, 'geomIdB': 1, 'modifiedDepth': 9.809999999993463e-08, 'nhat_AB_W': [0.0, 0.0, 1.0], 'p_WC': [0.0, 0.0, 2.0000041892834894], 'p_WCa': [0.0, 0.0, 2.0000042194090786], 'p_WCb': [0.0, 0.0, 2.0000041591579003]}] [[0.0, 0.0, -9.81, 0.0, 0.0, 0.0], [0.0, 0.0, 9.81, 0.0, 0.0, 0.0]]
2856 2.7810 0.0010 2.500004 -0.000000 0.000000 [{'depth': 9.809999999993463e-08, 'geomIdA': 0, 'geomIdB': 1, 'modifiedDepth': 9.809999999993463e-08, 'nhat_AB_W': [0.0, 0.0, 1.0], 'p_WC': [0.0, 0.0, 2.0000041892834894], 'p_WCa': [0.0, 0.0, 2.0000042194090786], 'p_WCb': [0.0, 0.0, 2.0000041591579003]}] [[0.0, 0.0, -9.81, 0.0, 0.0, 0.0], [0.0, 0.0, 9.81, 0.0, 0.0, 0.0]]
2857 2.7820 0.0010 2.500004 -0.000000 0.000000 [{'depth': 9.809999999993463e-08, 'geomIdA': 0, 'geomIdB': 1, 'modifiedDepth': 9.809999999993463e-08, 'nhat_AB_W': [0.0, 0.0, 1.0], 'p_WC': [0.0, 0.0, 2.0000041892834894], 'p_WCa': [0.0, 0.0, 2.0000042194090786], 'p_WCb': [0.0, 0.0, 2.0000041591579003]}] [[0.0, 0.0, -9.81, 0.0, 0.0, 0.0], [0.0, 0.0, 9.81, 0.0, 0.0, 0.0]]
2858 2.7830 0.0010 2.500004 -0.000000 0.000000 [{'depth': 9.809999999993463e-08, 'geomIdA': 0, 'geomIdB': 1, 'modifiedDepth': 9.809999999993463e-08, 'nhat_AB_W': [0.0, 0.0, 1.0], 'p_WC': [0.0, 0.0, 2.0000041892834894], 'p_WCa': [0.0, 0.0, 2.0000042194090786], 'p_WCb': [0.0, 0.0, 2.0000041591579003]}] [[0.0, 0.0, -9.81, 0.0, 0.0, 0.0], [0.0, 0.0, 9.81, 0.0, 0.0, 0.0]]
2859 2.7840 0.0010 2.500004 -0.000000 0.000000 [{'depth': 9.809999999993463e-08, 'geomIdA': 0, 'geomIdB': 1, 'modifiedDepth': 9.809999999993463e-08, 'nhat_AB_W': [0.0, 0.0, 1.0], 'p_WC': [0.0, 0.0, 2.0000041892834894], 'p_WCa': [0.0, 0.0, 2.0000042194090786], 'p_WCb': [0.0, 0.0, 2.0000041591579003]}] [[0.0, 0.0, -9.81, 0.0, 0.0, 0.0], [0.0, 0.0, 9.81, 0.0, 0.0, 0.0]]
2860 2.7850 0.0010 2.500004 -0.000000 0.000000 [{'depth': 9.809999999993463e-08, 'geomIdA': 0, 'geomIdB': 1, 'modifiedDepth': 9.809999999993463e-08, 'nhat_AB_W': [0.0, 0.0, 1.0], 'p_WC': [0.0, 0.0, 2.0000041892834894], 'p_WCa': [0.0, 0.0, 2.0000042194090786], 'p_WCb': [0.0, 0.0, 2.0000041591579003]}] [[0.0, 0.0, -9.81, 0.0, 0.0, 0.0], [0.0, 0.0, 9.81, 0.0, 0.0, 0.0]]
2861 2.7860 0.0010 2.500004 -0.000000 0.000000 [{'depth': 9.809999999993463e-08, 'geomIdA': 0, 'geomIdB': 1, 'modifiedDepth': 9.809999999993463e-08, 'nhat_AB_W': [0.0, 0.0, 1.0], 'p_WC': [0.0, 0.0, 2.0000041892834894], 'p_WCa': [0.0, 0.0, 2.0000042194090786], 'p_WCb': [0.0, 0.0, 2.0000041591579003]}] [[0.0, 0.0, -9.81, 0.0, 0.0, 0.0], [0.0, 0.0, 9.81, 0.0, 0.0, 0.0]]
2862 2.7870 0.0010 2.500004 -0.000000 0.000000 [{'depth': 9.809999999993463e-08, 'geomIdA': 0, 'geomIdB': 1, 'modifiedDepth': 9.809999999993463e-08, 'nhat_AB_W': [0.0, 0.0, 1.0], 'p_WC': [0.0, 0.0, 2.0000041892834894], 'p_WCa': [0.0, 0.0, 2.0000042194090786], 'p_WCb': [0.0, 0.0, 2.0000041591579003]}] [[0.0, 0.0, -9.81, 0.0, 0.0, 0.0], [0.0, 0.0, 9.81, 0.0, 0.0, 0.0]]
2863 2.7880 0.0010 2.500004 -0.000000 0.000000 [{'depth': 9.809999999993463e-08, 'geomIdA': 0, 'geomIdB': 1, 'modifiedDepth': 9.809999999993463e-08, 'nhat_AB_W': [0.0, 0.0, 1.0], 'p_WC': [0.0, 0.0, 2.0000041892834894], 'p_WCa': [0.0, 0.0, 2.0000042194090786], 'p_WCb': [0.0, 0.0, 2.0000041591579003]}] [[0.0, 0.0, -9.81, 0.0, 0.0, 0.0], [0.0, 0.0, 9.81, 0.0, 0.0, 0.0]]
2864 2.7890 0.0010 2.500004 -0.000000 0.000000 [{'depth': 9.809999999993463e-08, 'geomIdA': 0, 'geomIdB': 1, 'modifiedDepth': 9.809999999993463e-08, 'nhat_AB_W': [0.0, 0.0, 1.0], 'p_WC': [0.0, 0.0, 2.0000041892834894], 'p_WCa': [0.0, 0.0, 2.0000042194090786], 'p_WCb': [0.0, 0.0, 2.0000041591579003]}] [[0.0, 0.0, -9.81, 0.0, 0.0, 0.0], [0.0, 0.0, 9.81, 0.0, 0.0, 0.0]]
2865 2.7900 0.0010 2.500004 -0.000000 0.000000 [{'depth': 9.809999999993463e-08, 'geomIdA': 0, 'geomIdB': 1, 'modifiedDepth': 9.809999999993463e-08, 'nhat_AB_W': [0.0, 0.0, 1.0], 'p_WC': [0.0, 0.0, 2.0000041892834894], 'p_WCa': [0.0, 0.0, 2.0000042194090786], 'p_WCb': [0.0, 0.0, 2.0000041591579003]}] [[0.0, 0.0, -9.81, 0.0, 0.0, 0.0], [0.0, 0.0, 9.81, 0.0, 0.0, 0.0]]
2866 2.7910 0.0010 2.500004 -0.000000 0.000000 [{'depth': 9.809999999993463e-08, 'geomIdA': 0, 'geomIdB': 1, 'modifiedDepth': 9.809999999993463e-08, 'nhat_AB_W': [0.0, 0.0, 1.0], 'p_WC': [0.0, 0.0, 2.0000041892834894], 'p_WCa': [0.0, 0.0, 2.0000042194090786], 'p_WCb': [0.0, 0.0, 2.0000041591579003]}] [[0.0, 0.0, -9.81, 0.0, 0.0, 0.0], [0.0, 0.0, 9.81, 0.0, 0.0, 0.0]]
2867 2.7920 0.0010 2.500004 -0.000000 0.000000 [{'depth': 9.809999999993463e-08, 'geomIdA': 0, 'geomIdB': 1, 'modifiedDepth': 9.809999999993463e-08, 'nhat_AB_W': [0.0, 0.0, 1.0], 'p_WC': [0.0, 0.0, 2.0000041892834894], 'p_WCa': [0.0, 0.0, 2.0000042194090786], 'p_WCb': [0.0, 0.0, 2.0000041591579003]}] [[0.0, 0.0, -9.81, 0.0, 0.0, 0.0], [0.0, 0.0, 9.81, 0.0, 0.0, 0.0]]
2868 2.7930 0.0010 2.500004 -0.000000 0.000000 [{'depth': 9.809999999993463e-08, 'geomIdA': 0, 'geomIdB': 1, 'modifiedDepth': 9.809999999993463e-08, 'nhat_AB_W': [0.0, 0.0, 1.0], 'p_WC': [0.0, 0.0, 2.0000041892834894], 'p_WCa': [0.0, 0.0, 2.0000042194090786], 'p_WCb': [0.0, 0.0, 2.0000041591579003]}] [[0.0, 0.0, -9.81, 0.0, 0.0, 0.0], [0.0, 0.0, 9.81, 0.0, 0.0, 0.0]]
2869 2.7940 0.0010 2.500004 -0.000000 0.000000 [{'depth': 9.809999999993463e-08, 'geomIdA': 0, 'geomIdB': 1, 'modifiedDepth': 9.809999999993463e-08, 'nhat_AB_W': [0.0, 0.0, 1.0], 'p_WC': [0.0, 0.0, 2.0000041892834894], 'p_WCa': [0.0, 0.0, 2.0000042194090786], 'p_WCb': [0.0, 0.0, 2.0000041591579003]}] [[0.0, 0.0, -9.81, 0.0, 0.0, 0.0], [0.0, 0.0, 9.81, 0.0, 0.0, 0.0]]
2870 2.7950 0.0010 2.500004 -0.000000 0.000000 [{'depth': 9.809999999993463e-08, 'geomIdA': 0, 'geomIdB': 1, 'modifiedDepth': 9.809999999993463e-08, 'nhat_AB_W': [0.0, 0.0, 1.0], 'p_WC': [0.0, 0.0, 2.0000041892834894], 'p_WCa': [0.0, 0.0, 2.0000042194090786], 'p_WCb': [0.0, 0.0, 2.0000041591579003]}] [[0.0, 0.0, -9.81, 0.0, 0.0, 0.0], [0.0, 0.0, 9.81, 0.0, 0.0, 0.0]]
2871 2.7960 0.0010 2.500004 -0.000000 0.000000 [{'depth': 9.809999999993463e-08, 'geomIdA': 0, 'geomIdB': 1, 'modifiedDepth': 9.809999999993463e-08, 'nhat_AB_W': [0.0, 0.0, 1.0], 'p_WC': [0.0, 0.0, 2.0000041892834894], 'p_WCa': [0.0, 0.0, 2.0000042194090786], 'p_WCb': [0.0, 0.0, 2.0000041591579003]}] [[0.0, 0.0, -9.81, 0.0, 0.0, 0.0], [0.0, 0.0, 9.81, 0.0, 0.0, 0.0]]
2872 2.7970 0.0010 2.500004 -0.000000 0.000000 [{'depth': 9.809999999993463e-08, 'geomIdA': 0, 'geomIdB': 1, 'modifiedDepth': 9.809999999993463e-08, 'nhat_AB_W': [0.0, 0.0, 1.0], 'p_WC': [0.0, 0.0, 2.0000041892834894], 'p_WCa': [0.0, 0.0, 2.0000042194090786], 'p_WCb': [0.0, 0.0, 2.0000041591579003]}] [[0.0, 0.0, -9.81, 0.0, 0.0, 0.0], [0.0, 0.0, 9.81, 0.0, 0.0, 0.0]]
2873 2.7980 0.0010 2.500004 -0.000000 0.000000 [{'depth': 9.809999999993463e-08, 'geomIdA': 0, 'geomIdB': 1, 'modifiedDepth': 9.809999999993463e-08, 'nhat_AB_W': [0.0, 0.0, 1.0], 'p_WC': [0.0, 0.0, 2.0000041892834894], 'p_WCa': [0.0, 0.0, 2.0000042194090786], 'p_WCb': [0.0, 0.0, 2.0000041591579003]}] [[0.0, 0.0, -9.81, 0.0, 0.0, 0.0], [0.0, 0.0, 9.81, 0.0, 0.0, 0.0]]
2874 2.7990 0.0010 2.500004 -0.000000 0.000000 [{'depth': 9.809999999993463e-08, 'geomIdA': 0, 'geomIdB': 1, 'modifiedDepth': 9.809999999993463e-08, 'nhat_AB_W': [0.0, 0.0, 1.0], 'p_WC': [0.0, 0.0, 2.0000041892834894], 'p_WCa': [0.0, 0.0, 2.0000042194090786], 'p_WCb': [0.0, 0.0, 2.0000041591579003]}] [[0.0, 0.0, -9.81, 0.0, 0.0, 0.0], [0.0, 0.0, 9.81, 0.0, 0.0, 0.0]]
2875 2.8000 0.0010 2.500004 -0.000000 0.000000 [{'depth': 9.809999999993463e-08, 'geomIdA': 0, 'geomIdB': 1, 'modifiedDepth': 9.809999999993463e-08, 'nhat_AB_W': [0.0, 0.0, 1.0], 'p_WC': [0.0, 0.0, 2.0000041892834894], 'p_WCa': [0.0, 0.0, 2.0000042194090786], 'p_WCb': [0.0, 0.0, 2.0000041591579003]}] [[0.0, 0.0, -9.81, 0.0, 0.0, 0.0], [0.0, 0.0, 9.81, 0.0, 0.0, 0.0]]
2876 2.8010 0.0010 2.500004 -0.000000 0.000000 [{'depth': 9.809999999993463e-08, 'geomIdA': 0, 'geomIdB': 1, 'modifiedDepth': 9.809999999993463e-08, 'nhat_AB_W': [0.0, 0.0, 1.0], 'p_WC': [0.0, 0.0, 2.0000041892834894], 'p_WCa': [0.0, 0.0, 2.0000042194090786], 'p_WCb': [0.0, 0.0, 2.0000041591579003]}] [[0.0, 0.0, -9.81, 0.0, 0.0, 0.0], [0.0, 0.0, 9.81, 0.0, 0.0, 0.0]]
2877 2.8020 0.0010 2.500004 -0.000000 0.000000 [{'depth': 9.809999999993463e-08, 'geomIdA': 0, 'geomIdB': 1, 'modifiedDepth': 9.809999999993463e-08, 'nhat_AB_W': [0.0, 0.0, 1.0], 'p_WC': [0.0, 0.0, 2.0000041892834894], 'p_WCa': [0.0, 0.0, 2.0000042194090786], 'p_WCb': [0.0, 0.0, 2.0000041591579003]}] [[0.0, 0.0, -9.81, 0.0, 0.0, 0.0], [0.0, 0.0, 9.81, 0.0, 0.0, 0.0]]
2878 2.8030 0.0010 2.500004 -0.000000 0.000000 [{'depth': 9.809999999993463e-08, 'geomIdA': 0, 'geomIdB': 1, 'modifiedDepth': 9.809999999993463e-08, 'nhat_AB_W': [0.0, 0.0, 1.0], 'p_WC': [0.0, 0.0, 2.0000041892834894], 'p_WCa': [0.0, 0.0, 2.0000042194090786], 'p_WCb': [0.0, 0.0, 2.0000041591579003]}] [[0.0, 0.0, -9.81, 0.0, 0.0, 0.0], [0.0, 0.0, 9.81, 0.0, 0.0, 0.0]]
2879 2.8040 0.0010 2.500004 -0.000000 0.000000 [{'depth': 9.809999999993463e-08, 'geomIdA': 0, 'geomIdB': 1, 'modifiedDepth': 9.809999999993463e-08, 'nhat_AB_W': [0.0, 0.0, 1.0], 'p_WC': [0.0, 0.0, 2.0000041892834894], 'p_WCa': [0.0, 0.0, 2.0000042194090786], 'p_WCb': [0.0, 0.0, 2.0000041591579003]}] [[0.0, 0.0, -9.81, 0.0, 0.0, 0.0], [0.0, 0.0, 9.81, 0.0, 0.0, 0.0]]
2880 2.8050 0.0010 2.500004 -0.000000 0.000000 [{'depth': 9.809999999993463e-08, 'geomIdA': 0, 'geomIdB': 1, 'modifiedDepth': 9.809999999993463e-08, 'nhat_AB_W': [0.0, 0.0, 1.0], 'p_WC': [0.0, 0.0, 2.0000041892834894], 'p_WCa': [0.0, 0.0, 2.0000042194090786], 'p_WCb': [0.0, 0.0, 2.0000041591579003]}] [[0.0, 0.0, -9.81, 0.0, 0.0, 0.0], [0.0, 0.0, 9.81, 0.0, 0.0, 0.0]]
2881 2.8060 0.0010 2.500004 -0.000000 0.000000 [{'depth': 9.809999999993463e-08, 'geomIdA': 0, 'geomIdB': 1, 'modifiedDepth': 9.809999999993463e-08, 'nhat_AB_W': [0.0, 0.0, 1.0], 'p_WC': [0.0, 0.0, 2.0000041892834894], 'p_WCa': [0.0, 0.0, 2.0000042194090786], 'p_WCb': [0.0, 0.0, 2.0000041591579003]}] [[0.0, 0.0, -9.81, 0.0, 0.0, 0.0], [0.0, 0.0, 9.81, 0.0, 0.0, 0.0]]
2882 2.8070 0.0010 2.500004 -0.000000 0.000000 [{'depth': 9.809999999993463e-08, 'geomIdA': 0, 'geomIdB': 1, 'modifiedDepth': 9.809999999993463e-08, 'nhat_AB_W': [0.0, 0.0, 1.0], 'p_WC': [0.0, 0.0, 2.0000041892834894], 'p_WCa': [0.0, 0.0, 2.0000042194090786], 'p_WCb': [0.0, 0.0, 2.0000041591579003]}] [[0.0, 0.0, -9.81, 0.0, 0.0, 0.0], [0.0, 0.0, 9.81, 0.0, 0.0, 0.0]]
2883 2.8080 0.0010 2.500004 -0.000000 0.000000 [{'depth': 9.809999999993463e-08, 'geomIdA': 0, 'geomIdB': 1, 'modifiedDepth': 9.809999999993463e-08, 'nhat_AB_W': [0.0, 0.0, 1.0], 'p_WC': [0.0, 0.0, 2.0000041892834894], 'p_WCa': [0.0, 0.0, 2.0000042194090786], 'p_WCb': [0.0, 0.0, 2.0000041591579003]}] [[0.0, 0.0, -9.81, 0.0, 0.0, 0.0], [0.0, 0.0, 9.81, 0.0, 0.0, 0.0]]
2884 2.8090 0.0010 2.500004 -0.000000 0.000000 [{'depth': 9.809999999993463e-08, 'geomIdA': 0, 'geomIdB': 1, 'modifiedDepth': 9.809999999993463e-08, 'nhat_AB_W': [0.0, 0.0, 1.0], 'p_WC': [0.0, 0.0, 2.0000041892834894], 'p_WCa': [0.0, 0.0, 2.0000042194090786], 'p_WCb': [0.0, 0.0, 2.0000041591579003]}] [[0.0, 0.0, -9.81, 0.0, 0.0, 0.0], [0.0, 0.0, 9.81, 0.0, 0.0, 0.0]]
2885 2.8100 0.0010 2.500004 -0.000000 0.000000 [{'depth': 9.809999999993463e-08, 'geomIdA': 0, 'geomIdB': 1, 'modifiedDepth': 9.809999999993463e-08, 'nhat_AB_W': [0.0, 0.0, 1.0], 'p_WC': [0.0, 0.0, 2.0000041892834894], 'p_WCa': [0.0, 0.0, 2.0000042194090786], 'p_WCb': [0.0, 0.0, 2.0000041591579003]}] [[0.0, 0.0, -9.81, 0.0, 0.0, 0.0], [0.0, 0.0, 9.81, 0.0, 0.0, 0.0]]
2886 2.8110 0.0010 2.500004 -0.000000 0.000000 [{'depth': 9.809999999993463e-08, 'geomIdA': 0, 'geomIdB': 1, 'modifiedDepth': 9.809999999993463e-08, 'nhat_AB_W': [0.0, 0.0, 1.0], 'p_WC': [0.0, 0.0, 2.0000041892834894], 'p_WCa': [0.0, 0.0, 2.0000042194090786], 'p_WCb': [0.0, 0.0, 2.0000041591579003]}] [[0.0, 0.0, -9.81, 0.0, 0.0, 0.0], [0.0, 0.0, 9.81, 0.0, 0.0, 0.0]]
2887 2.8120 0.0010 2.500004 -0.000000 0.000000 [{'depth': 9.809999999993463e-08, 'geomIdA': 0, 'geomIdB': 1, 'modifiedDepth': 9.809999999993463e-08, 'nhat_AB_W': [0.0, 0.0, 1.0], 'p_WC': [0.0, 0.0, 2.0000041892834894], 'p_WCa': [0.0, 0.0, 2.0000042194090786], 'p_WCb': [0.0, 0.0, 2.0000041591579003]}] [[0.0, 0.0, -9.81, 0.0, 0.0, 0.0], [0.0, 0.0, 9.81, 0.0, 0.0, 0.0]]
2888 2.8130 0.0010 2.500004 -0.000000 0.000000 [{'depth': 9.809999999993463e-08, 'geomIdA': 0, 'geomIdB': 1, 'modifiedDepth': 9.809999999993463e-08, 'nhat_AB_W': [0.0, 0.0, 1.0], 'p_WC': [0.0, 0.0, 2.0000041892834894], 'p_WCa': [0.0, 0.0, 2.0000042194090786], 'p_WCb': [0.0, 0.0, 2.0000041591579003]}] [[0.0, 0.0, -9.81, 0.0, 0.0, 0.0], [0.0, 0.0, 9.81, 0.0, 0.0, 0.0]]
2889 2.8140 0.0010 2.500004 -0.000000 0.000000 [{'depth': 9.809999999993463e-08, 'geomIdA': 0, 'geomIdB': 1, 'modifiedDepth': 9.809999999993463e-08, 'nhat_AB_W': [0.0, 0.0, 1.0], 'p_WC': [0.0, 0.0, 2.0000041892834894], 'p_WCa': [0.0, 0.0, 2.0000042194090786], 'p_WCb': [0.0, 0.0, 2.0000041591579003]}] [[0.0, 0.0, -9.81, 0.0, 0.0, 0.0], [0.0, 0.0, 9.81, 0.0, 0.0, 0.0]]
2890 2.8150 0.0010 2.500004 -0.000000 0.000000 [{'depth': 9.809999999993463e-08, 'geomIdA': 0, 'geomIdB': 1, 'modifiedDepth': 9.809999999993463e-08, 'nhat_AB_W': [0.0, 0.0, 1.0], 'p_WC': [0.0, 0.0, 2.0000041892834894], 'p_WCa': [0.0, 0.0, 2.0000042194090786], 'p_WCb': [0.0, 0.0, 2.0000041591579003]}] [[0.0, 0.0, -9.81, 0.0, 0.0, 0.0], [0.0, 0.0, 9.81, 0.0, 0.0, 0.0]]
2891 2.8160 0.0010 2.500004 -0.000000 0.000000 [{'depth': 9.809999999993463e-08, 'geomIdA': 0, 'geomIdB': 1, 'modifiedDepth': 9.809999999993463e-08, 'nhat_AB_W': [0.0, 0.0, 1.0], 'p_WC': [0.0, 0.0, 2.0000041892834894], 'p_WCa': [0.0, 0.0, 2.0000042194090786], 'p_WCb': [0.0, 0.0, 2.0000041591579003]}] [[0.0, 0.0, -9.81, 0.0, 0.0, 0.0], [0.0, 0.0, 9.81, 0.0, 0.0, 0.0]]
2892 2.8170 0.0010 2.500004 -0.000000 0.000000 [{'depth': 9.809999999993463e-08, 'geomIdA': 0, 'geomIdB': 1, 'modifiedDepth': 9.809999999993463e-08, 'nhat_AB_W': [0.0, 0.0, 1.0], 'p_WC': [0.0, 0.0, 2.0000041892834894], 'p_WCa': [0.0, 0.0, 2.0000042194090786], 'p_WCb': [0.0, 0.0, 2.0000041591579003]}] [[0.0, 0.0, -9.81, 0.0, 0.0, 0.0], [0.0, 0.0, 9.81, 0.0, 0.0, 0.0]]
2893 2.8180 0.0010 2.500004 -0.000000 0.000000 [{'depth': 9.809999999993463e-08, 'geomIdA': 0, 'geomIdB': 1, 'modifiedDepth': 9.809999999993463e-08, 'nhat_AB_W': [0.0, 0.0, 1.0], 'p_WC': [0.0, 0.0, 2.0000041892834894], 'p_WCa': [0.0, 0.0, 2.0000042194090786], 'p_WCb': [0.0, 0.0, 2.0000041591579003]}] [[0.0, 0.0, -9.81, 0.0, 0.0, 0.0], [0.0, 0.0, 9.81, 0.0, 0.0, 0.0]]
2894 2.8190 0.0010 2.500004 -0.000000 0.000000 [{'depth': 9.809999999993463e-08, 'geomIdA': 0, 'geomIdB': 1, 'modifiedDepth': 9.809999999993463e-08, 'nhat_AB_W': [0.0, 0.0, 1.0], 'p_WC': [0.0, 0.0, 2.0000041892834894], 'p_WCa': [0.0, 0.0, 2.0000042194090786], 'p_WCb': [0.0, 0.0, 2.0000041591579003]}] [[0.0, 0.0, -9.81, 0.0, 0.0, 0.0], [0.0, 0.0, 9.81, 0.0, 0.0, 0.0]]
2895 2.8200 0.0010 2.500004 -0.000000 0.000000 [{'depth': 9.809999999993463e-08, 'geomIdA': 0, 'geomIdB': 1, 'modifiedDepth': 9.809999999993463e-08, 'nhat_AB_W': [0.0, 0.0, 1.0], 'p_WC': [0.0, 0.0, 2.0000041892834894], 'p_WCa': [0.0, 0.0, 2.0000042194090786], 'p_WCb': [0.0, 0.0, 2.0000041591579003]}] [[0.0, 0.0, -9.81, 0.0, 0.0, 0.0], [0.0, 0.0, 9.81, 0.0, 0.0, 0.0]]
2896 2.8210 0.0010 2.500004 -0.000000 0.000000 [{'depth': 9.809999999993463e-08, 'geomIdA': 0, 'geomIdB': 1, 'modifiedDepth': 9.809999999993463e-08, 'nhat_AB_W': [0.0, 0.0, 1.0], 'p_WC': [0.0, 0.0, 2.0000041892834894], 'p_WCa': [0.0, 0.0, 2.0000042194090786], 'p_WCb': [0.0, 0.0, 2.0000041591579003]}] [[0.0, 0.0, -9.81, 0.0, 0.0, 0.0], [0.0, 0.0, 9.81, 0.0, 0.0, 0.0]]
2897 2.8220 0.0010 2.500004 -0.000000 0.000000 [{'depth': 9.809999999993463e-08, 'geomIdA': 0, 'geomIdB': 1, 'modifiedDepth': 9.809999999993463e-08, 'nhat_AB_W': [0.0, 0.0, 1.0], 'p_WC': [0.0, 0.0, 2.0000041892834894], 'p_WCa': [0.0, 0.0, 2.0000042194090786], 'p_WCb': [0.0, 0.0, 2.0000041591579003]}] [[0.0, 0.0, -9.81, 0.0, 0.0, 0.0], [0.0, 0.0, 9.81, 0.0, 0.0, 0.0]]
2898 2.8230 0.0010 2.500004 -0.000000 0.000000 [{'depth': 9.809999999993463e-08, 'geomIdA': 0, 'geomIdB': 1, 'modifiedDepth': 9.809999999993463e-08, 'nhat_AB_W': [0.0, 0.0, 1.0], 'p_WC': [0.0, 0.0, 2.0000041892834894], 'p_WCa': [0.0, 0.0, 2.0000042194090786], 'p_WCb': [0.0, 0.0, 2.0000041591579003]}] [[0.0, 0.0, -9.81, 0.0, 0.0, 0.0], [0.0, 0.0, 9.81, 0.0, 0.0, 0.0]]
2899 2.8240 0.0010 2.500004 -0.000000 0.000000 [{'depth': 9.809999999993463e-08, 'geomIdA': 0, 'geomIdB': 1, 'modifiedDepth': 9.809999999993463e-08, 'nhat_AB_W': [0.0, 0.0, 1.0], 'p_WC': [0.0, 0.0, 2.0000041892834894], 'p_WCa': [0.0, 0.0, 2.0000042194090786], 'p_WCb': [0.0, 0.0, 2.0000041591579003]}] [[0.0, 0.0, -9.81, 0.0, 0.0, 0.0], [0.0, 0.0, 9.81, 0.0, 0.0, 0.0]]
2900 2.8250 0.0010 2.500004 -0.000000 0.000000 [{'depth': 9.809999999993463e-08, 'geomIdA': 0, 'geomIdB': 1, 'modifiedDepth': 9.809999999993463e-08, 'nhat_AB_W': [0.0, 0.0, 1.0], 'p_WC': [0.0, 0.0, 2.0000041892834894], 'p_WCa': [0.0, 0.0, 2.0000042194090786], 'p_WCb': [0.0, 0.0, 2.0000041591579003]}] [[0.0, 0.0, -9.81, 0.0, 0.0, 0.0], [0.0, 0.0, 9.81, 0.0, 0.0, 0.0]]
2901 2.8260 0.0010 2.500004 -0.000000 0.000000 [{'depth': 9.809999999993463e-08, 'geomIdA': 0, 'geomIdB': 1, 'modifiedDepth': 9.809999999993463e-08, 'nhat_AB_W': [0.0, 0.0, 1.0], 'p_WC': [0.0, 0.0, 2.0000041892834894], 'p_WCa': [0.0, 0.0, 2.0000042194090786], 'p_WCb': [0.0, 0.0, 2.0000041591579003]}] [[0.0, 0.0, -9.81, 0.0, 0.0, 0.0], [0.0, 0.0, 9.81, 0.0, 0.0, 0.0]]
2902 2.8270 0.0010 2.500004 -0.000000 0.000000 [{'depth': 9.809999999993463e-08, 'geomIdA': 0, 'geomIdB': 1, 'modifiedDepth': 9.809999999993463e-08, 'nhat_AB_W': [0.0, 0.0, 1.0], 'p_WC': [0.0, 0.0, 2.0000041892834894], 'p_WCa': [0.0, 0.0, 2.0000042194090786], 'p_WCb': [0.0, 0.0, 2.0000041591579003]}] [[0.0, 0.0, -9.81, 0.0, 0.0, 0.0], [0.0, 0.0, 9.81, 0.0, 0.0, 0.0]]
2903 2.8280 0.0010 2.500004 -0.000000 0.000000 [{'depth': 9.809999999993463e-08, 'geomIdA': 0, 'geomIdB': 1, 'modifiedDepth': 9.809999999993463e-08, 'nhat_AB_W': [0.0, 0.0, 1.0], 'p_WC': [0.0, 0.0, 2.0000041892834894], 'p_WCa': [0.0, 0.0, 2.0000042194090786], 'p_WCb': [0.0, 0.0, 2.0000041591579003]}] [[0.0, 0.0, -9.81, 0.0, 0.0, 0.0], [0.0, 0.0, 9.81, 0.0, 0.0, 0.0]]
2904 2.8290 0.0010 2.500004 -0.000000 0.000000 [{'depth': 9.809999999993463e-08, 'geomIdA': 0, 'geomIdB': 1, 'modifiedDepth': 9.809999999993463e-08, 'nhat_AB_W': [0.0, 0.0, 1.0], 'p_WC': [0.0, 0.0, 2.0000041892834894], 'p_WCa': [0.0, 0.0, 2.0000042194090786], 'p_WCb': [0.0, 0.0, 2.0000041591579003]}] [[0.0, 0.0, -9.81, 0.0, 0.0, 0.0], [0.0, 0.0, 9.81, 0.0, 0.0, 0.0]]
2905 2.8300 0.0010 2.500004 -0.000000 0.000000 [{'depth': 9.809999999993463e-08, 'geomIdA': 0, 'geomIdB': 1, 'modifiedDepth': 9.809999999993463e-08, 'nhat_AB_W': [0.0, 0.0, 1.0], 'p_WC': [0.0, 0.0, 2.0000041892834894], 'p_WCa': [0.0, 0.0, 2.0000042194090786], 'p_WCb': [0.0, 0.0, 2.0000041591579003]}] [[0.0, 0.0, -9.81, 0.0, 0.0, 0.0], [0.0, 0.0, 9.81, 0.0, 0.0, 0.0]]
2906 2.8310 0.0010 2.500004 -0.000000 0.000000 [{'depth': 9.809999999993463e-08, 'geomIdA': 0, 'geomIdB': 1, 'modifiedDepth': 9.809999999993463e-08, 'nhat_AB_W': [0.0, 0.0, 1.0], 'p_WC': [0.0, 0.0, 2.0000041892834894], 'p_WCa': [0.0, 0.0, 2.0000042194090786], 'p_WCb': [0.0, 0.0, 2.0000041591579003]}] [[0.0, 0.0, -9.81, 0.0, 0.0, 0.0], [0.0, 0.0, 9.81, 0.0, 0.0, 0.0]]
2907 2.8320 0.0010 2.500004 -0.000000 0.000000 [{'depth': 9.809999999993463e-08, 'geomIdA': 0, 'geomIdB': 1, 'modifiedDepth': 9.809999999993463e-08, 'nhat_AB_W': [0.0, 0.0, 1.0], 'p_WC': [0.0, 0.0, 2.0000041892834894], 'p_WCa': [0.0, 0.0, 2.0000042194090786], 'p_WCb': [0.0, 0.0, 2.0000041591579003]}] [[0.0, 0.0, -9.81, 0.0, 0.0, 0.0], [0.0, 0.0, 9.81, 0.0, 0.0, 0.0]]
2908 2.8330 0.0010 2.500004 -0.000000 0.000000 [{'depth': 9.809999999993463e-08, 'geomIdA': 0, 'geomIdB': 1, 'modifiedDepth': 9.809999999993463e-08, 'nhat_AB_W': [0.0, 0.0, 1.0], 'p_WC': [0.0, 0.0, 2.0000041892834894], 'p_WCa': [0.0, 0.0, 2.0000042194090786], 'p_WCb': [0.0, 0.0, 2.0000041591579003]}] [[0.0, 0.0, -9.81, 0.0, 0.0, 0.0], [0.0, 0.0, 9.81, 0.0, 0.0, 0.0]]
2909 2.8340 0.0010 2.500004 -0.000000 0.000000 [{'depth': 9.809999999993463e-08, 'geomIdA': 0, 'geomIdB': 1, 'modifiedDepth': 9.809999999993463e-08, 'nhat_AB_W': [0.0, 0.0, 1.0], 'p_WC': [0.0, 0.0, 2.0000041892834894], 'p_WCa': [0.0, 0.0, 2.0000042194090786], 'p_WCb': [0.0, 0.0, 2.0000041591579003]}] [[0.0, 0.0, -9.81, 0.0, 0.0, 0.0], [0.0, 0.0, 9.81, 0.0, 0.0, 0.0]]
2910 2.8350 0.0010 2.500004 -0.000000 0.000000 [{'depth': 9.809999999993463e-08, 'geomIdA': 0, 'geomIdB': 1, 'modifiedDepth': 9.809999999993463e-08, 'nhat_AB_W': [0.0, 0.0, 1.0], 'p_WC': [0.0, 0.0, 2.0000041892834894], 'p_WCa': [0.0, 0.0, 2.0000042194090786], 'p_WCb': [0.0, 0.0, 2.0000041591579003]}] [[0.0, 0.0, -9.81, 0.0, 0.0, 0.0], [0.0, 0.0, 9.81, 0.0, 0.0, 0.0]]
2911 2.8360 0.0010 2.500004 -0.000000 0.000000 [{'depth': 9.809999999993463e-08, 'geomIdA': 0, 'geomIdB': 1, 'modifiedDepth': 9.809999999993463e-08, 'nhat_AB_W': [0.0, 0.0, 1.0], 'p_WC': [0.0, 0.0, 2.0000041892834894], 'p_WCa': [0.0, 0.0, 2.0000042194090786], 'p_WCb': [0.0, 0.0, 2.0000041591579003]}] [[0.0, 0.0, -9.81, 0.0, 0.0, 0.0], [0.0, 0.0, 9.81, 0.0, 0.0, 0.0]]
2912 2.8370 0.0010 2.500004 -0.000000 0.000000 [{'depth': 9.809999999993463e-08, 'geomIdA': 0, 'geomIdB': 1, 'modifiedDepth': 9.809999999993463e-08, 'nhat_AB_W': [0.0, 0.0, 1.0], 'p_WC': [0.0, 0.0, 2.0000041892834894], 'p_WCa': [0.0, 0.0, 2.0000042194090786], 'p_WCb': [0.0, 0.0, 2.0000041591579003]}] [[0.0, 0.0, -9.81, 0.0, 0.0, 0.0], [0.0, 0.0, 9.81, 0.0, 0.0, 0.0]]
2913 2.8380 0.0010 2.500004 -0.000000 0.000000 [{'depth': 9.809999999993463e-08, 'geomIdA': 0, 'geomIdB': 1, 'modifiedDepth': 9.809999999993463e-08, 'nhat_AB_W': [0.0, 0.0, 1.0], 'p_WC': [0.0, 0.0, 2.0000041892834894], 'p_WCa': [0.0, 0.0, 2.0000042194090786], 'p_WCb': [0.0, 0.0, 2.0000041591579003]}] [[0.0, 0.0, -9.81, 0.0, 0.0, 0.0], [0.0, 0.0, 9.81, 0.0, 0.0, 0.0]]
2914 2.8390 0.0010 2.500004 -0.000000 0.000000 [{'depth': 9.809999999993463e-08, 'geomIdA': 0, 'geomIdB': 1, 'modifiedDepth': 9.809999999993463e-08, 'nhat_AB_W': [0.0, 0.0, 1.0], 'p_WC': [0.0, 0.0, 2.0000041892834894], 'p_WCa': [0.0, 0.0, 2.0000042194090786], 'p_WCb': [0.0, 0.0, 2.0000041591579003]}] [[0.0, 0.0, -9.81, 0.0, 0.0, 0.0], [0.0, 0.0, 9.81, 0.0, 0.0, 0.0]]
2915 2.8400 0.0010 2.500004 -0.000000 0.000000 [{'depth': 9.809999999993463e-08, 'geomIdA': 0, 'geomIdB': 1, 'modifiedDepth': 9.809999999993463e-08, 'nhat_AB_W': [0.0, 0.0, 1.0], 'p_WC': [0.0, 0.0, 2.0000041892834894], 'p_WCa': [0.0, 0.0, 2.0000042194090786], 'p_WCb': [0.0, 0.0, 2.0000041591579003]}] [[0.0, 0.0, -9.81, 0.0, 0.0, 0.0], [0.0, 0.0, 9.81, 0.0, 0.0, 0.0]]
2916 2.8410 0.0010 2.500004 -0.000000 0.000000 [{'depth': 9.809999999993463e-08, 'geomIdA': 0, 'geomIdB': 1, 'modifiedDepth': 9.809999999993463e-08, 'nhat_AB_W': [0.0, 0.0, 1.0], 'p_WC': [0.0, 0.0, 2.0000041892834894], 'p_WCa': [0.0, 0.0, 2.0000042194090786], 'p_WCb': [0.0, 0.0, 2.0000041591579003]}] [[0.0, 0.0, -9.81, 0.0, 0.0, 0.0], [0.0, 0.0, 9.81, 0.0, 0.0, 0.0]]
2917 2.8420 0.0010 2.500004 -0.000000 0.000000 [{'depth': 9.809999999993463e-08, 'geomIdA': 0, 'geomIdB': 1, 'modifiedDepth': 9.809999999993463e-08, 'nhat_AB_W': [0.0, 0.0, 1.0], 'p_WC': [0.0, 0.0, 2.0000041892834894], 'p_WCa': [0.0, 0.0, 2.0000042194090786], 'p_WCb': [0.0, 0.0, 2.0000041591579003]}] [[0.0, 0.0, -9.81, 0.0, 0.0, 0.0], [0.0, 0.0, 9.81, 0.0, 0.0, 0.0]]
2918 2.8430 0.0010 2.500004 -0.000000 0.000000 [{'depth': 9.809999999993463e-08, 'geomIdA': 0, 'geomIdB': 1, 'modifiedDepth': 9.809999999993463e-08, 'nhat_AB_W': [0.0, 0.0, 1.0], 'p_WC': [0.0, 0.0, 2.0000041892834894], 'p_WCa': [0.0, 0.0, 2.0000042194090786], 'p_WCb': [0.0, 0.0, 2.0000041591579003]}] [[0.0, 0.0, -9.81, 0.0, 0.0, 0.0], [0.0, 0.0, 9.81, 0.0, 0.0, 0.0]]
2919 2.8440 0.0010 2.500004 -0.000000 0.000000 [{'depth': 9.809999999993463e-08, 'geomIdA': 0, 'geomIdB': 1, 'modifiedDepth': 9.809999999993463e-08, 'nhat_AB_W': [0.0, 0.0, 1.0], 'p_WC': [0.0, 0.0, 2.0000041892834894], 'p_WCa': [0.0, 0.0, 2.0000042194090786], 'p_WCb': [0.0, 0.0, 2.0000041591579003]}] [[0.0, 0.0, -9.81, 0.0, 0.0, 0.0], [0.0, 0.0, 9.81, 0.0, 0.0, 0.0]]
2920 2.8450 0.0010 2.500004 -0.000000 0.000000 [{'depth': 9.809999999993463e-08, 'geomIdA': 0, 'geomIdB': 1, 'modifiedDepth': 9.809999999993463e-08, 'nhat_AB_W': [0.0, 0.0, 1.0], 'p_WC': [0.0, 0.0, 2.0000041892834894], 'p_WCa': [0.0, 0.0, 2.0000042194090786], 'p_WCb': [0.0, 0.0, 2.0000041591579003]}] [[0.0, 0.0, -9.81, 0.0, 0.0, 0.0], [0.0, 0.0, 9.81, 0.0, 0.0, 0.0]]
2921 2.8460 0.0010 2.500004 -0.000000 0.000000 [{'depth': 9.809999999993463e-08, 'geomIdA': 0, 'geomIdB': 1, 'modifiedDepth': 9.809999999993463e-08, 'nhat_AB_W': [0.0, 0.0, 1.0], 'p_WC': [0.0, 0.0, 2.0000041892834894], 'p_WCa': [0.0, 0.0, 2.0000042194090786], 'p_WCb': [0.0, 0.0, 2.0000041591579003]}] [[0.0, 0.0, -9.81, 0.0, 0.0, 0.0], [0.0, 0.0, 9.81, 0.0, 0.0, 0.0]]
2922 2.8470 0.0010 2.500004 -0.000000 0.000000 [{'depth': 9.809999999993463e-08, 'geomIdA': 0, 'geomIdB': 1, 'modifiedDepth': 9.809999999993463e-08, 'nhat_AB_W': [0.0, 0.0, 1.0], 'p_WC': [0.0, 0.0, 2.0000041892834894], 'p_WCa': [0.0, 0.0, 2.0000042194090786], 'p_WCb': [0.0, 0.0, 2.0000041591579003]}] [[0.0, 0.0, -9.81, 0.0, 0.0, 0.0], [0.0, 0.0, 9.81, 0.0, 0.0, 0.0]]
2923 2.8480 0.0010 2.500004 -0.000000 0.000000 [{'depth': 9.809999999993463e-08, 'geomIdA': 0, 'geomIdB': 1, 'modifiedDepth': 9.809999999993463e-08, 'nhat_AB_W': [0.0, 0.0, 1.0], 'p_WC': [0.0, 0.0, 2.0000041892834894], 'p_WCa': [0.0, 0.0, 2.0000042194090786], 'p_WCb': [0.0, 0.0, 2.0000041591579003]}] [[0.0, 0.0, -9.81, 0.0, 0.0, 0.0], [0.0, 0.0, 9.81, 0.0, 0.0, 0.0]]
2924 2.8490 0.0010 2.500004 -0.000000 0.000000 [{'depth': 9.809999999993463e-08, 'geomIdA': 0, 'geomIdB': 1, 'modifiedDepth': 9.809999999993463e-08, 'nhat_AB_W': [0.0, 0.0, 1.0], 'p_WC': [0.0, 0.0, 2.0000041892834894], 'p_WCa': [0.0, 0.0, 2.0000042194090786], 'p_WCb': [0.0, 0.0, 2.0000041591579003]}] [[0.0, 0.0, -9.81, 0.0, 0.0, 0.0], [0.0, 0.0, 9.81, 0.0, 0.0, 0.0]]
2925 2.8500 0.0010 2.500004 -0.000000 0.000000 [{'depth': 9.809999999993463e-08, 'geomIdA': 0, 'geomIdB': 1, 'modifiedDepth': 9.809999999993463e-08, 'nhat_AB_W': [0.0, 0.0, 1.0], 'p_WC': [0.0, 0.0, 2.0000041892834894], 'p_WCa': [0.0, 0.0, 2.0000042194090786], 'p_WCb': [0.0, 0.0, 2.0000041591579003]}] [[0.0, 0.0, -9.81, 0.0, 0.0, 0.0], [0.0, 0.0, 9.81, 0.0, 0.0, 0.0]]
2926 2.8510 0.0010 2.500004 -0.000000 0.000000 [{'depth': 9.809999999993463e-08, 'geomIdA': 0, 'geomIdB': 1, 'modifiedDepth': 9.809999999993463e-08, 'nhat_AB_W': [0.0, 0.0, 1.0], 'p_WC': [0.0, 0.0, 2.0000041892834894], 'p_WCa': [0.0, 0.0, 2.0000042194090786], 'p_WCb': [0.0, 0.0, 2.0000041591579003]}] [[0.0, 0.0, -9.81, 0.0, 0.0, 0.0], [0.0, 0.0, 9.81, 0.0, 0.0, 0.0]]
2927 2.8520 0.0010 2.500004 -0.000000 0.000000 [{'depth': 9.809999999993463e-08, 'geomIdA': 0, 'geomIdB': 1, 'modifiedDepth': 9.809999999993463e-08, 'nhat_AB_W': [0.0, 0.0, 1.0], 'p_WC': [0.0, 0.0, 2.0000041892834894], 'p_WCa': [0.0, 0.0, 2.0000042194090786], 'p_WCb': [0.0, 0.0, 2.0000041591579003]}] [[0.0, 0.0, -9.81, 0.0, 0.0, 0.0], [0.0, 0.0, 9.81, 0.0, 0.0, 0.0]]
2928 2.8530 0.0010 2.500004 -0.000000 0.000000 [{'depth': 9.809999999993463e-08, 'geomIdA': 0, 'geomIdB': 1, 'modifiedDepth': 9.809999999993463e-08, 'nhat_AB_W': [0.0, 0.0, 1.0], 'p_WC': [0.0, 0.0, 2.0000041892834894], 'p_WCa': [0.0, 0.0, 2.0000042194090786], 'p_WCb': [0.0, 0.0, 2.0000041591579003]}] [[0.0, 0.0, -9.81, 0.0, 0.0, 0.0], [0.0, 0.0, 9.81, 0.0, 0.0, 0.0]]
2929 2.8540 0.0010 2.500004 -0.000000 0.000000 [{'depth': 9.809999999993463e-08, 'geomIdA': 0, 'geomIdB': 1, 'modifiedDepth': 9.809999999993463e-08, 'nhat_AB_W': [0.0, 0.0, 1.0], 'p_WC': [0.0, 0.0, 2.0000041892834894], 'p_WCa': [0.0, 0.0, 2.0000042194090786], 'p_WCb': [0.0, 0.0, 2.0000041591579003]}] [[0.0, 0.0, -9.81, 0.0, 0.0, 0.0], [0.0, 0.0, 9.81, 0.0, 0.0, 0.0]]
2930 2.8550 0.0010 2.500004 -0.000000 0.000000 [{'depth': 9.809999999993463e-08, 'geomIdA': 0, 'geomIdB': 1, 'modifiedDepth': 9.809999999993463e-08, 'nhat_AB_W': [0.0, 0.0, 1.0], 'p_WC': [0.0, 0.0, 2.0000041892834894], 'p_WCa': [0.0, 0.0, 2.0000042194090786], 'p_WCb': [0.0, 0.0, 2.0000041591579003]}] [[0.0, 0.0, -9.81, 0.0, 0.0, 0.0], [0.0, 0.0, 9.81, 0.0, 0.0, 0.0]]
2931 2.8560 0.0010 2.500004 -0.000000 0.000000 [{'depth': 9.809999999993463e-08, 'geomIdA': 0, 'geomIdB': 1, 'modifiedDepth': 9.809999999993463e-08, 'nhat_AB_W': [0.0, 0.0, 1.0], 'p_WC': [0.0, 0.0, 2.0000041892834894], 'p_WCa': [0.0, 0.0, 2.0000042194090786], 'p_WCb': [0.0, 0.0, 2.0000041591579003]}] [[0.0, 0.0, -9.81, 0.0, 0.0, 0.0], [0.0, 0.0, 9.81, 0.0, 0.0, 0.0]]
2932 2.8570 0.0010 2.500004 -0.000000 0.000000 [{'depth': 9.809999999993463e-08, 'geomIdA': 0, 'geomIdB': 1, 'modifiedDepth': 9.809999999993463e-08, 'nhat_AB_W': [0.0, 0.0, 1.0], 'p_WC': [0.0, 0.0, 2.0000041892834894], 'p_WCa': [0.0, 0.0, 2.0000042194090786], 'p_WCb': [0.0, 0.0, 2.0000041591579003]}] [[0.0, 0.0, -9.81, 0.0, 0.0, 0.0], [0.0, 0.0, 9.81, 0.0, 0.0, 0.0]]
2933 2.8580 0.0010 2.500004 -0.000000 0.000000 [{'depth': 9.809999999993463e-08, 'geomIdA': 0, 'geomIdB': 1, 'modifiedDepth': 9.809999999993463e-08, 'nhat_AB_W': [0.0, 0.0, 1.0], 'p_WC': [0.0, 0.0, 2.0000041892834894], 'p_WCa': [0.0, 0.0, 2.0000042194090786], 'p_WCb': [0.0, 0.0, 2.0000041591579003]}] [[0.0, 0.0, -9.81, 0.0, 0.0, 0.0], [0.0, 0.0, 9.81, 0.0, 0.0, 0.0]]
2934 2.8590 0.0010 2.500004 -0.000000 0.000000 [{'depth': 9.809999999993463e-08, 'geomIdA': 0, 'geomIdB': 1, 'modifiedDepth': 9.809999999993463e-08, 'nhat_AB_W': [0.0, 0.0, 1.0], 'p_WC': [0.0, 0.0, 2.0000041892834894], 'p_WCa': [0.0, 0.0, 2.0000042194090786], 'p_WCb': [0.0, 0.0, 2.0000041591579003]}] [[0.0, 0.0, -9.81, 0.0, 0.0, 0.0], [0.0, 0.0, 9.81, 0.0, 0.0, 0.0]]
2935 2.8600 0.0010 2.500004 -0.000000 0.000000 [{'depth': 9.809999999993463e-08, 'geomIdA': 0, 'geomIdB': 1, 'modifiedDepth': 9.809999999993463e-08, 'nhat_AB_W': [0.0, 0.0, 1.0], 'p_WC': [0.0, 0.0, 2.0000041892834894], 'p_WCa': [0.0, 0.0, 2.0000042194090786], 'p_WCb': [0.0, 0.0, 2.0000041591579003]}] [[0.0, 0.0, -9.81, 0.0, 0.0, 0.0], [0.0, 0.0, 9.81, 0.0, 0.0, 0.0]]
2936 2.8610 0.0010 2.500004 -0.000000 0.000000 [{'depth': 9.809999999993463e-08, 'geomIdA': 0, 'geomIdB': 1, 'modifiedDepth': 9.809999999993463e-08, 'nhat_AB_W': [0.0, 0.0, 1.0], 'p_WC': [0.0, 0.0, 2.0000041892834894], 'p_WCa': [0.0, 0.0, 2.0000042194090786], 'p_WCb': [0.0, 0.0, 2.0000041591579003]}] [[0.0, 0.0, -9.81, 0.0, 0.0, 0.0], [0.0, 0.0, 9.81, 0.0, 0.0, 0.0]]
2937 2.8620 0.0010 2.500004 -0.000000 0.000000 [{'depth': 9.809999999993463e-08, 'geomIdA': 0, 'geomIdB': 1, 'modifiedDepth': 9.809999999993463e-08, 'nhat_AB_W': [0.0, 0.0, 1.0], 'p_WC': [0.0, 0.0, 2.0000041892834894], 'p_WCa': [0.0, 0.0, 2.0000042194090786], 'p_WCb': [0.0, 0.0, 2.0000041591579003]}] [[0.0, 0.0, -9.81, 0.0, 0.0, 0.0], [0.0, 0.0, 9.81, 0.0, 0.0, 0.0]]
2938 2.8630 0.0010 2.500004 -0.000000 0.000000 [{'depth': 9.809999999993463e-08, 'geomIdA': 0, 'geomIdB': 1, 'modifiedDepth': 9.809999999993463e-08, 'nhat_AB_W': [0.0, 0.0, 1.0], 'p_WC': [0.0, 0.0, 2.0000041892834894], 'p_WCa': [0.0, 0.0, 2.0000042194090786], 'p_WCb': [0.0, 0.0, 2.0000041591579003]}] [[0.0, 0.0, -9.81, 0.0, 0.0, 0.0], [0.0, 0.0, 9.81, 0.0, 0.0, 0.0]]
2939 2.8640 0.0010 2.500004 -0.000000 0.000000 [{'depth': 9.809999999993463e-08, 'geomIdA': 0, 'geomIdB': 1, 'modifiedDepth': 9.809999999993463e-08, 'nhat_AB_W': [0.0, 0.0, 1.0], 'p_WC': [0.0, 0.0, 2.0000041892834894], 'p_WCa': [0.0, 0.0, 2.0000042194090786], 'p_WCb': [0.0, 0.0, 2.0000041591579003]}] [[0.0, 0.0, -9.81, 0.0, 0.0, 0.0], [0.0, 0.0, 9.81, 0.0, 0.0, 0.0]]
2940 2.8650 0.0010 2.500004 -0.000000 0.000000 [{'depth': 9.809999999993463e-08, 'geomIdA': 0, 'geomIdB': 1, 'modifiedDepth': 9.809999999993463e-08, 'nhat_AB_W': [0.0, 0.0, 1.0], 'p_WC': [0.0, 0.0, 2.0000041892834894], 'p_WCa': [0.0, 0.0, 2.0000042194090786], 'p_WCb': [0.0, 0.0, 2.0000041591579003]}] [[0.0, 0.0, -9.81, 0.0, 0.0, 0.0], [0.0, 0.0, 9.81, 0.0, 0.0, 0.0]]
2941 2.8660 0.0010 2.500004 -0.000000 0.000000 [{'depth': 9.809999999993463e-08, 'geomIdA': 0, 'geomIdB': 1, 'modifiedDepth': 9.809999999993463e-08, 'nhat_AB_W': [0.0, 0.0, 1.0], 'p_WC': [0.0, 0.0, 2.0000041892834894], 'p_WCa': [0.0, 0.0, 2.0000042194090786], 'p_WCb': [0.0, 0.0, 2.0000041591579003]}] [[0.0, 0.0, -9.81, 0.0, 0.0, 0.0], [0.0, 0.0, 9.81, 0.0, 0.0, 0.0]]
2942 2.8670 0.0010 2.500004 -0.000000 0.000000 [{'depth': 9.809999999993463e-08, 'geomIdA': 0, 'geomIdB': 1, 'modifiedDepth': 9.809999999993463e-08, 'nhat_AB_W': [0.0, 0.0, 1.0], 'p_WC': [0.0, 0.0, 2.0000041892834894], 'p_WCa': [0.0, 0.0, 2.0000042194090786], 'p_WCb': [0.0, 0.0, 2.0000041591579003]}] [[0.0, 0.0, -9.81, 0.0, 0.0, 0.0], [0.0, 0.0, 9.81, 0.0, 0.0, 0.0]]
2943 2.8680 0.0010 2.500004 -0.000000 0.000000 [{'depth': 9.809999999993463e-08, 'geomIdA': 0, 'geomIdB': 1, 'modifiedDepth': 9.809999999993463e-08, 'nhat_AB_W': [0.0, 0.0, 1.0], 'p_WC': [0.0, 0.0, 2.0000041892834894], 'p_WCa': [0.0, 0.0, 2.0000042194090786], 'p_WCb': [0.0, 0.0, 2.0000041591579003]}] [[0.0, 0.0, -9.81, 0.0, 0.0, 0.0], [0.0, 0.0, 9.81, 0.0, 0.0, 0.0]]
2944 2.8690 0.0010 2.500004 -0.000000 0.000000 [{'depth': 9.809999999993463e-08, 'geomIdA': 0, 'geomIdB': 1, 'modifiedDepth': 9.809999999993463e-08, 'nhat_AB_W': [0.0, 0.0, 1.0], 'p_WC': [0.0, 0.0, 2.0000041892834894], 'p_WCa': [0.0, 0.0, 2.0000042194090786], 'p_WCb': [0.0, 0.0, 2.0000041591579003]}] [[0.0, 0.0, -9.81, 0.0, 0.0, 0.0], [0.0, 0.0, 9.81, 0.0, 0.0, 0.0]]
2945 2.8700 0.0010 2.500004 -0.000000 0.000000 [{'depth': 9.809999999993463e-08, 'geomIdA': 0, 'geomIdB': 1, 'modifiedDepth': 9.809999999993463e-08, 'nhat_AB_W': [0.0, 0.0, 1.0], 'p_WC': [0.0, 0.0, 2.0000041892834894], 'p_WCa': [0.0, 0.0, 2.0000042194090786], 'p_WCb': [0.0, 0.0, 2.0000041591579003]}] [[0.0, 0.0, -9.81, 0.0, 0.0, 0.0], [0.0, 0.0, 9.81, 0.0, 0.0, 0.0]]
2946 2.8710 0.0010 2.500004 -0.000000 0.000000 [{'depth': 9.809999999993463e-08, 'geomIdA': 0, 'geomIdB': 1, 'modifiedDepth': 9.809999999993463e-08, 'nhat_AB_W': [0.0, 0.0, 1.0], 'p_WC': [0.0, 0.0, 2.0000041892834894], 'p_WCa': [0.0, 0.0, 2.0000042194090786], 'p_WCb': [0.0, 0.0, 2.0000041591579003]}] [[0.0, 0.0, -9.81, 0.0, 0.0, 0.0], [0.0, 0.0, 9.81, 0.0, 0.0, 0.0]]
2947 2.8720 0.0010 2.500004 -0.000000 0.000000 [{'depth': 9.809999999993463e-08, 'geomIdA': 0, 'geomIdB': 1, 'modifiedDepth': 9.809999999993463e-08, 'nhat_AB_W': [0.0, 0.0, 1.0], 'p_WC': [0.0, 0.0, 2.0000041892834894], 'p_WCa': [0.0, 0.0, 2.0000042194090786], 'p_WCb': [0.0, 0.0, 2.0000041591579003]}] [[0.0, 0.0, -9.81, 0.0, 0.0, 0.0], [0.0, 0.0, 9.81, 0.0, 0.0, 0.0]]
2948 2.8730 0.0010 2.500004 -0.000000 0.000000 [{'depth': 9.809999999993463e-08, 'geomIdA': 0, 'geomIdB': 1, 'modifiedDepth': 9.809999999993463e-08, 'nhat_AB_W': [0.0, 0.0, 1.0], 'p_WC': [0.0, 0.0, 2.0000041892834894], 'p_WCa': [0.0, 0.0, 2.0000042194090786], 'p_WCb': [0.0, 0.0, 2.0000041591579003]}] [[0.0, 0.0, -9.81, 0.0, 0.0, 0.0], [0.0, 0.0, 9.81, 0.0, 0.0, 0.0]]
2949 2.8740 0.0010 2.500004 -0.000000 0.000000 [{'depth': 9.809999999993463e-08, 'geomIdA': 0, 'geomIdB': 1, 'modifiedDepth': 9.809999999993463e-08, 'nhat_AB_W': [0.0, 0.0, 1.0], 'p_WC': [0.0, 0.0, 2.0000041892834894], 'p_WCa': [0.0, 0.0, 2.0000042194090786], 'p_WCb': [0.0, 0.0, 2.0000041591579003]}] [[0.0, 0.0, -9.81, 0.0, 0.0, 0.0], [0.0, 0.0, 9.81, 0.0, 0.0, 0.0]]
2950 2.8750 0.0010 2.500004 -0.000000 0.000000 [{'depth': 9.809999999993463e-08, 'geomIdA': 0, 'geomIdB': 1, 'modifiedDepth': 9.809999999993463e-08, 'nhat_AB_W': [0.0, 0.0, 1.0], 'p_WC': [0.0, 0.0, 2.0000041892834894], 'p_WCa': [0.0, 0.0, 2.0000042194090786], 'p_WCb': [0.0, 0.0, 2.0000041591579003]}] [[0.0, 0.0, -9.81, 0.0, 0.0, 0.0], [0.0, 0.0, 9.81, 0.0, 0.0, 0.0]]
2951 2.8760 0.0010 2.500004 -0.000000 0.000000 [{'depth': 9.809999999993463e-08, 'geomIdA': 0, 'geomIdB': 1, 'modifiedDepth': 9.809999999993463e-08, 'nhat_AB_W': [0.0, 0.0, 1.0], 'p_WC': [0.0, 0.0, 2.0000041892834894], 'p_WCa': [0.0, 0.0, 2.0000042194090786], 'p_WCb': [0.0, 0.0, 2.0000041591579003]}] [[0.0, 0.0, -9.81, 0.0, 0.0, 0.0], [0.0, 0.0, 9.81, 0.0, 0.0, 0.0]]
2952 2.8770 0.0010 2.500004 -0.000000 0.000000 [{'depth': 9.809999999993463e-08, 'geomIdA': 0, 'geomIdB': 1, 'modifiedDepth': 9.809999999993463e-08, 'nhat_AB_W': [0.0, 0.0, 1.0], 'p_WC': [0.0, 0.0, 2.0000041892834894], 'p_WCa': [0.0, 0.0, 2.0000042194090786], 'p_WCb': [0.0, 0.0, 2.0000041591579003]}] [[0.0, 0.0, -9.81, 0.0, 0.0, 0.0], [0.0, 0.0, 9.81, 0.0, 0.0, 0.0]]
2953 2.8780 0.0010 2.500004 -0.000000 0.000000 [{'depth': 9.809999999993463e-08, 'geomIdA': 0, 'geomIdB': 1, 'modifiedDepth': 9.809999999993463e-08, 'nhat_AB_W': [0.0, 0.0, 1.0], 'p_WC': [0.0, 0.0, 2.0000041892834894], 'p_WCa': [0.0, 0.0, 2.0000042194090786], 'p_WCb': [0.0, 0.0, 2.0000041591579003]}] [[0.0, 0.0, -9.81, 0.0, 0.0, 0.0], [0.0, 0.0, 9.81, 0.0, 0.0, 0.0]]
2954 2.8790 0.0010 2.500004 -0.000000 0.000000 [{'depth': 9.809999999993463e-08, 'geomIdA': 0, 'geomIdB': 1, 'modifiedDepth': 9.809999999993463e-08, 'nhat_AB_W': [0.0, 0.0, 1.0], 'p_WC': [0.0, 0.0, 2.0000041892834894], 'p_WCa': [0.0, 0.0, 2.0000042194090786], 'p_WCb': [0.0, 0.0, 2.0000041591579003]}] [[0.0, 0.0, -9.81, 0.0, 0.0, 0.0], [0.0, 0.0, 9.81, 0.0, 0.0, 0.0]]
2955 2.8800 0.0010 2.500004 -0.000000 0.000000 [{'depth': 9.809999999993463e-08, 'geomIdA': 0, 'geomIdB': 1, 'modifiedDepth': 9.809999999993463e-08, 'nhat_AB_W': [0.0, 0.0, 1.0], 'p_WC': [0.0, 0.0, 2.0000041892834894], 'p_WCa': [0.0, 0.0, 2.0000042194090786], 'p_WCb': [0.0, 0.0, 2.0000041591579003]}] [[0.0, 0.0, -9.81, 0.0, 0.0, 0.0], [0.0, 0.0, 9.81, 0.0, 0.0, 0.0]]
2956 2.8810 0.0010 2.500004 -0.000000 0.000000 [{'depth': 9.809999999993463e-08, 'geomIdA': 0, 'geomIdB': 1, 'modifiedDepth': 9.809999999993463e-08, 'nhat_AB_W': [0.0, 0.0, 1.0], 'p_WC': [0.0, 0.0, 2.0000041892834894], 'p_WCa': [0.0, 0.0, 2.0000042194090786], 'p_WCb': [0.0, 0.0, 2.0000041591579003]}] [[0.0, 0.0, -9.81, 0.0, 0.0, 0.0], [0.0, 0.0, 9.81, 0.0, 0.0, 0.0]]
2957 2.8820 0.0010 2.500004 -0.000000 0.000000 [{'depth': 9.809999999993463e-08, 'geomIdA': 0, 'geomIdB': 1, 'modifiedDepth': 9.809999999993463e-08, 'nhat_AB_W': [0.0, 0.0, 1.0], 'p_WC': [0.0, 0.0, 2.0000041892834894], 'p_WCa': [0.0, 0.0, 2.0000042194090786], 'p_WCb': [0.0, 0.0, 2.0000041591579003]}] [[0.0, 0.0, -9.81, 0.0, 0.0, 0.0], [0.0, 0.0, 9.81, 0.0, 0.0, 0.0]]
2958 2.8830 0.0010 2.500004 -0.000000 0.000000 [{'depth': 9.809999999993463e-08, 'geomIdA': 0, 'geomIdB': 1, 'modifiedDepth': 9.809999999993463e-08, 'nhat_AB_W': [0.0, 0.0, 1.0], 'p_WC': [0.0, 0.0, 2.0000041892834894], 'p_WCa': [0.0, 0.0, 2.0000042194090786], 'p_WCb': [0.0, 0.0, 2.0000041591579003]}] [[0.0, 0.0, -9.81, 0.0, 0.0, 0.0], [0.0, 0.0, 9.81, 0.0, 0.0, 0.0]]
2959 2.8840 0.0010 2.500004 -0.000000 0.000000 [{'depth': 9.809999999993463e-08, 'geomIdA': 0, 'geomIdB': 1, 'modifiedDepth': 9.809999999993463e-08, 'nhat_AB_W': [0.0, 0.0, 1.0], 'p_WC': [0.0, 0.0, 2.0000041892834894], 'p_WCa': [0.0, 0.0, 2.0000042194090786], 'p_WCb': [0.0, 0.0, 2.0000041591579003]}] [[0.0, 0.0, -9.81, 0.0, 0.0, 0.0], [0.0, 0.0, 9.81, 0.0, 0.0, 0.0]]
2960 2.8850 0.0010 2.500004 -0.000000 0.000000 [{'depth': 9.809999999993463e-08, 'geomIdA': 0, 'geomIdB': 1, 'modifiedDepth': 9.809999999993463e-08, 'nhat_AB_W': [0.0, 0.0, 1.0], 'p_WC': [0.0, 0.0, 2.0000041892834894], 'p_WCa': [0.0, 0.0, 2.0000042194090786], 'p_WCb': [0.0, 0.0, 2.0000041591579003]}] [[0.0, 0.0, -9.81, 0.0, 0.0, 0.0], [0.0, 0.0, 9.81, 0.0, 0.0, 0.0]]
2961 2.8860 0.0010 2.500004 -0.000000 0.000000 [{'depth': 9.809999999993463e-08, 'geomIdA': 0, 'geomIdB': 1, 'modifiedDepth': 9.809999999993463e-08, 'nhat_AB_W': [0.0, 0.0, 1.0], 'p_WC': [0.0, 0.0, 2.0000041892834894], 'p_WCa': [0.0, 0.0, 2.0000042194090786], 'p_WCb': [0.0, 0.0, 2.0000041591579003]}] [[0.0, 0.0, -9.81, 0.0, 0.0, 0.0], [0.0, 0.0, 9.81, 0.0, 0.0, 0.0]]
2962 2.8870 0.0010 2.500004 -0.000000 0.000000 [{'depth': 9.809999999993463e-08, 'geomIdA': 0, 'geomIdB': 1, 'modifiedDepth': 9.809999999993463e-08, 'nhat_AB_W': [0.0, 0.0, 1.0], 'p_WC': [0.0, 0.0, 2.0000041892834894], 'p_WCa': [0.0, 0.0, 2.0000042194090786], 'p_WCb': [0.0, 0.0, 2.0000041591579003]}] [[0.0, 0.0, -9.81, 0.0, 0.0, 0.0], [0.0, 0.0, 9.81, 0.0, 0.0, 0.0]]
2963 2.8880 0.0010 2.500004 -0.000000 0.000000 [{'depth': 9.809999999993463e-08, 'geomIdA': 0, 'geomIdB': 1, 'modifiedDepth': 9.809999999993463e-08, 'nhat_AB_W': [0.0, 0.0, 1.0], 'p_WC': [0.0, 0.0, 2.0000041892834894], 'p_WCa': [0.0, 0.0, 2.0000042194090786], 'p_WCb': [0.0, 0.0, 2.0000041591579003]}] [[0.0, 0.0, -9.81, 0.0, 0.0, 0.0], [0.0, 0.0, 9.81, 0.0, 0.0, 0.0]]
2964 2.8890 0.0010 2.500004 -0.000000 0.000000 [{'depth': 9.809999999993463e-08, 'geomIdA': 0, 'geomIdB': 1, 'modifiedDepth': 9.809999999993463e-08, 'nhat_AB_W': [0.0, 0.0, 1.0], 'p_WC': [0.0, 0.0, 2.0000041892834894], 'p_WCa': [0.0, 0.0, 2.0000042194090786], 'p_WCb': [0.0, 0.0, 2.0000041591579003]}] [[0.0, 0.0, -9.81, 0.0, 0.0, 0.0], [0.0, 0.0, 9.81, 0.0, 0.0, 0.0]]
2965 2.8900 0.0010 2.500004 -0.000000 0.000000 [{'depth': 9.809999999993463e-08, 'geomIdA': 0, 'geomIdB': 1, 'modifiedDepth': 9.809999999993463e-08, 'nhat_AB_W': [0.0, 0.0, 1.0], 'p_WC': [0.0, 0.0, 2.0000041892834894], 'p_WCa': [0.0, 0.0, 2.0000042194090786], 'p_WCb': [0.0, 0.0, 2.0000041591579003]}] [[0.0, 0.0, -9.81, 0.0, 0.0, 0.0], [0.0, 0.0, 9.81, 0.0, 0.0, 0.0]]
2966 2.8910 0.0010 2.500004 -0.000000 0.000000 [{'depth': 9.809999999993463e-08, 'geomIdA': 0, 'geomIdB': 1, 'modifiedDepth': 9.809999999993463e-08, 'nhat_AB_W': [0.0, 0.0, 1.0], 'p_WC': [0.0, 0.0, 2.0000041892834894], 'p_WCa': [0.0, 0.0, 2.0000042194090786], 'p_WCb': [0.0, 0.0, 2.0000041591579003]}] [[0.0, 0.0, -9.81, 0.0, 0.0, 0.0], [0.0, 0.0, 9.81, 0.0, 0.0, 0.0]]
2967 2.8920 0.0010 2.500004 -0.000000 0.000000 [{'depth': 9.809999999993463e-08, 'geomIdA': 0, 'geomIdB': 1, 'modifiedDepth': 9.809999999993463e-08, 'nhat_AB_W': [0.0, 0.0, 1.0], 'p_WC': [0.0, 0.0, 2.0000041892834894], 'p_WCa': [0.0, 0.0, 2.0000042194090786], 'p_WCb': [0.0, 0.0, 2.0000041591579003]}] [[0.0, 0.0, -9.81, 0.0, 0.0, 0.0], [0.0, 0.0, 9.81, 0.0, 0.0, 0.0]]
2968 2.8930 0.0010 2.500004 -0.000000 0.000000 [{'depth': 9.809999999993463e-08, 'geomIdA': 0, 'geomIdB': 1, 'modifiedDepth': 9.809999999993463e-08, 'nhat_AB_W': [0.0, 0.0, 1.0], 'p_WC': [0.0, 0.0, 2.0000041892834894], 'p_WCa': [0.0, 0.0, 2.0000042194090786], 'p_WCb': [0.0, 0.0, 2.0000041591579003]}] [[0.0, 0.0, -9.81, 0.0, 0.0, 0.0], [0.0, 0.0, 9.81, 0.0, 0.0, 0.0]]
2969 2.8940 0.0010 2.500004 -0.000000 0.000000 [{'depth': 9.809999999993463e-08, 'geomIdA': 0, 'geomIdB': 1, 'modifiedDepth': 9.809999999993463e-08, 'nhat_AB_W': [0.0, 0.0, 1.0], 'p_WC': [0.0, 0.0, 2.0000041892834894], 'p_WCa': [0.0, 0.0, 2.0000042194090786], 'p_WCb': [0.0, 0.0, 2.0000041591579003]}] [[0.0, 0.0, -9.81, 0.0, 0.0, 0.0], [0.0, 0.0, 9.81, 0.0, 0.0, 0.0]]
2970 2.8950 0.0010 2.500004 -0.000000 0.000000 [{'depth': 9.809999999993463e-08, 'geomIdA': 0, 'geomIdB': 1, 'modifiedDepth': 9.809999999993463e-08, 'nhat_AB_W': [0.0, 0.0, 1.0], 'p_WC': [0.0, 0.0, 2.0000041892834894], 'p_WCa': [0.0, 0.0, 2.0000042194090786], 'p_WCb': [0.0, 0.0, 2.0000041591579003]}] [[0.0, 0.0, -9.81, 0.0, 0.0, 0.0], [0.0, 0.0, 9.81, 0.0, 0.0, 0.0]]
2971 2.8960 0.0010 2.500004 -0.000000 0.000000 [{'depth': 9.809999999993463e-08, 'geomIdA': 0, 'geomIdB': 1, 'modifiedDepth': 9.809999999993463e-08, 'nhat_AB_W': [0.0, 0.0, 1.0], 'p_WC': [0.0, 0.0, 2.0000041892834894], 'p_WCa': [0.0, 0.0, 2.0000042194090786], 'p_WCb': [0.0, 0.0, 2.0000041591579003]}] [[0.0, 0.0, -9.81, 0.0, 0.0, 0.0], [0.0, 0.0, 9.81, 0.0, 0.0, 0.0]]
2972 2.8970 0.0010 2.500004 -0.000000 0.000000 [{'depth': 9.809999999993463e-08, 'geomIdA': 0, 'geomIdB': 1, 'modifiedDepth': 9.809999999993463e-08, 'nhat_AB_W': [0.0, 0.0, 1.0], 'p_WC': [0.0, 0.0, 2.0000041892834894], 'p_WCa': [0.0, 0.0, 2.0000042194090786], 'p_WCb': [0.0, 0.0, 2.0000041591579003]}] [[0.0, 0.0, -9.81, 0.0, 0.0, 0.0], [0.0, 0.0, 9.81, 0.0, 0.0, 0.0]]
2973 2.8980 0.0010 2.500004 -0.000000 0.000000 [{'depth': 9.809999999993463e-08, 'geomIdA': 0, 'geomIdB': 1, 'modifiedDepth': 9.809999999993463e-08, 'nhat_AB_W': [0.0, 0.0, 1.0], 'p_WC': [0.0, 0.0, 2.0000041892834894], 'p_WCa': [0.0, 0.0, 2.0000042194090786], 'p_WCb': [0.0, 0.0, 2.0000041591579003]}] [[0.0, 0.0, -9.81, 0.0, 0.0, 0.0], [0.0, 0.0, 9.81, 0.0, 0.0, 0.0]]
2974 2.8990 0.0010 2.500004 -0.000000 0.000000 [{'depth': 9.809999999993463e-08, 'geomIdA': 0, 'geomIdB': 1, 'modifiedDepth': 9.809999999993463e-08, 'nhat_AB_W': [0.0, 0.0, 1.0], 'p_WC': [0.0, 0.0, 2.0000041892834894], 'p_WCa': [0.0, 0.0, 2.0000042194090786], 'p_WCb': [0.0, 0.0, 2.0000041591579003]}] [[0.0, 0.0, -9.81, 0.0, 0.0, 0.0], [0.0, 0.0, 9.81, 0.0, 0.0, 0.0]]
2975 2.9000 0.0010 2.500004 -0.000000 0.000000 [{'depth': 9.809999999993463e-08, 'geomIdA': 0, 'geomIdB': 1, 'modifiedDepth': 9.809999999993463e-08, 'nhat_AB_W': [0.0, 0.0, 1.0], 'p_WC': [0.0, 0.0, 2.0000041892834894], 'p_WCa': [0.0, 0.0, 2.0000042194090786], 'p_WCb': [0.0, 0.0, 2.0000041591579003]}] [[0.0, 0.0, -9.81, 0.0, 0.0, 0.0], [0.0, 0.0, 9.81, 0.0, 0.0, 0.0]]
2976 2.9010 0.0010 2.500004 -0.000000 0.000000 [{'depth': 9.809999999993463e-08, 'geomIdA': 0, 'geomIdB': 1, 'modifiedDepth': 9.809999999993463e-08, 'nhat_AB_W': [0.0, 0.0, 1.0], 'p_WC': [0.0, 0.0, 2.0000041892834894], 'p_WCa': [0.0, 0.0, 2.0000042194090786], 'p_WCb': [0.0, 0.0, 2.0000041591579003]}] [[0.0, 0.0, -9.81, 0.0, 0.0, 0.0], [0.0, 0.0, 9.81, 0.0, 0.0, 0.0]]
2977 2.9020 0.0010 2.500004 -0.000000 0.000000 [{'depth': 9.809999999993463e-08, 'geomIdA': 0, 'geomIdB': 1, 'modifiedDepth': 9.809999999993463e-08, 'nhat_AB_W': [0.0, 0.0, 1.0], 'p_WC': [0.0, 0.0, 2.0000041892834894], 'p_WCa': [0.0, 0.0, 2.0000042194090786], 'p_WCb': [0.0, 0.0, 2.0000041591579003]}] [[0.0, 0.0, -9.81, 0.0, 0.0, 0.0], [0.0, 0.0, 9.81, 0.0, 0.0, 0.0]]
2978 2.9030 0.0010 2.500004 -0.000000 0.000000 [{'depth': 9.809999999993463e-08, 'geomIdA': 0, 'geomIdB': 1, 'modifiedDepth': 9.809999999993463e-08, 'nhat_AB_W': [0.0, 0.0, 1.0], 'p_WC': [0.0, 0.0, 2.0000041892834894], 'p_WCa': [0.0, 0.0, 2.0000042194090786], 'p_WCb': [0.0, 0.0, 2.0000041591579003]}] [[0.0, 0.0, -9.81, 0.0, 0.0, 0.0], [0.0, 0.0, 9.81, 0.0, 0.0, 0.0]]
2979 2.9040 0.0010 2.500004 -0.000000 0.000000 [{'depth': 9.809999999993463e-08, 'geomIdA': 0, 'geomIdB': 1, 'modifiedDepth': 9.809999999993463e-08, 'nhat_AB_W': [0.0, 0.0, 1.0], 'p_WC': [0.0, 0.0, 2.0000041892834894], 'p_WCa': [0.0, 0.0, 2.0000042194090786], 'p_WCb': [0.0, 0.0, 2.0000041591579003]}] [[0.0, 0.0, -9.81, 0.0, 0.0, 0.0], [0.0, 0.0, 9.81, 0.0, 0.0, 0.0]]
2980 2.9050 0.0010 2.500004 -0.000000 0.000000 [{'depth': 9.809999999993463e-08, 'geomIdA': 0, 'geomIdB': 1, 'modifiedDepth': 9.809999999993463e-08, 'nhat_AB_W': [0.0, 0.0, 1.0], 'p_WC': [0.0, 0.0, 2.0000041892834894], 'p_WCa': [0.0, 0.0, 2.0000042194090786], 'p_WCb': [0.0, 0.0, 2.0000041591579003]}] [[0.0, 0.0, -9.81, 0.0, 0.0, 0.0], [0.0, 0.0, 9.81, 0.0, 0.0, 0.0]]
2981 2.9060 0.0010 2.500004 -0.000000 0.000000 [{'depth': 9.809999999993463e-08, 'geomIdA': 0, 'geomIdB': 1, 'modifiedDepth': 9.809999999993463e-08, 'nhat_AB_W': [0.0, 0.0, 1.0], 'p_WC': [0.0, 0.0, 2.0000041892834894], 'p_WCa': [0.0, 0.0, 2.0000042194090786], 'p_WCb': [0.0, 0.0, 2.0000041591579003]}] [[0.0, 0.0, -9.81, 0.0, 0.0, 0.0], [0.0, 0.0, 9.81, 0.0, 0.0, 0.0]]
2982 2.9070 0.0010 2.500004 -0.000000 0.000000 [{'depth': 9.809999999993463e-08, 'geomIdA': 0, 'geomIdB': 1, 'modifiedDepth': 9.809999999993463e-08, 'nhat_AB_W': [0.0, 0.0, 1.0], 'p_WC': [0.0, 0.0, 2.0000041892834894], 'p_WCa': [0.0, 0.0, 2.0000042194090786], 'p_WCb': [0.0, 0.0, 2.0000041591579003]}] [[0.0, 0.0, -9.81, 0.0, 0.0, 0.0], [0.0, 0.0, 9.81, 0.0, 0.0, 0.0]]
2983 2.9080 0.0010 2.500004 -0.000000 0.000000 [{'depth': 9.809999999993463e-08, 'geomIdA': 0, 'geomIdB': 1, 'modifiedDepth': 9.809999999993463e-08, 'nhat_AB_W': [0.0, 0.0, 1.0], 'p_WC': [0.0, 0.0, 2.0000041892834894], 'p_WCa': [0.0, 0.0, 2.0000042194090786], 'p_WCb': [0.0, 0.0, 2.0000041591579003]}] [[0.0, 0.0, -9.81, 0.0, 0.0, 0.0], [0.0, 0.0, 9.81, 0.0, 0.0, 0.0]]
2984 2.9090 0.0010 2.500004 -0.000000 0.000000 [{'depth': 9.809999999993463e-08, 'geomIdA': 0, 'geomIdB': 1, 'modifiedDepth': 9.809999999993463e-08, 'nhat_AB_W': [0.0, 0.0, 1.0], 'p_WC': [0.0, 0.0, 2.0000041892834894], 'p_WCa': [0.0, 0.0, 2.0000042194090786], 'p_WCb': [0.0, 0.0, 2.0000041591579003]}] [[0.0, 0.0, -9.81, 0.0, 0.0, 0.0], [0.0, 0.0, 9.81, 0.0, 0.0, 0.0]]
2985 2.9100 0.0010 2.500004 -0.000000 0.000000 [{'depth': 9.809999999993463e-08, 'geomIdA': 0, 'geomIdB': 1, 'modifiedDepth': 9.809999999993463e-08, 'nhat_AB_W': [0.0, 0.0, 1.0], 'p_WC': [0.0, 0.0, 2.0000041892834894], 'p_WCa': [0.0, 0.0, 2.0000042194090786], 'p_WCb': [0.0, 0.0, 2.0000041591579003]}] [[0.0, 0.0, -9.81, 0.0, 0.0, 0.0], [0.0, 0.0, 9.81, 0.0, 0.0, 0.0]]
2986 2.9110 0.0010 2.500004 -0.000000 0.000000 [{'depth': 9.809999999993463e-08, 'geomIdA': 0, 'geomIdB': 1, 'modifiedDepth': 9.809999999993463e-08, 'nhat_AB_W': [0.0, 0.0, 1.0], 'p_WC': [0.0, 0.0, 2.0000041892834894], 'p_WCa': [0.0, 0.0, 2.0000042194090786], 'p_WCb': [0.0, 0.0, 2.0000041591579003]}] [[0.0, 0.0, -9.81, 0.0, 0.0, 0.0], [0.0, 0.0, 9.81, 0.0, 0.0, 0.0]]
2987 2.9120 0.0010 2.500004 -0.000000 0.000000 [{'depth': 9.809999999993463e-08, 'geomIdA': 0, 'geomIdB': 1, 'modifiedDepth': 9.809999999993463e-08, 'nhat_AB_W': [0.0, 0.0, 1.0], 'p_WC': [0.0, 0.0, 2.0000041892834894], 'p_WCa': [0.0, 0.0, 2.0000042194090786], 'p_WCb': [0.0, 0.0, 2.0000041591579003]}] [[0.0, 0.0, -9.81, 0.0, 0.0, 0.0], [0.0, 0.0, 9.81, 0.0, 0.0, 0.0]]
2988 2.9130 0.0010 2.500004 -0.000000 0.000000 [{'depth': 9.809999999993463e-08, 'geomIdA': 0, 'geomIdB': 1, 'modifiedDepth': 9.809999999993463e-08, 'nhat_AB_W': [0.0, 0.0, 1.0], 'p_WC': [0.0, 0.0, 2.0000041892834894], 'p_WCa': [0.0, 0.0, 2.0000042194090786], 'p_WCb': [0.0, 0.0, 2.0000041591579003]}] [[0.0, 0.0, -9.81, 0.0, 0.0, 0.0], [0.0, 0.0, 9.81, 0.0, 0.0, 0.0]]
2989 2.9140 0.0010 2.500004 -0.000000 0.000000 [{'depth': 9.809999999993463e-08, 'geomIdA': 0, 'geomIdB': 1, 'modifiedDepth': 9.809999999993463e-08, 'nhat_AB_W': [0.0, 0.0, 1.0], 'p_WC': [0.0, 0.0, 2.0000041892834894], 'p_WCa': [0.0, 0.0, 2.0000042194090786], 'p_WCb': [0.0, 0.0, 2.0000041591579003]}] [[0.0, 0.0, -9.81, 0.0, 0.0, 0.0], [0.0, 0.0, 9.81, 0.0, 0.0, 0.0]]
2990 2.9150 0.0010 2.500004 -0.000000 0.000000 [{'depth': 9.809999999993463e-08, 'geomIdA': 0, 'geomIdB': 1, 'modifiedDepth': 9.809999999993463e-08, 'nhat_AB_W': [0.0, 0.0, 1.0], 'p_WC': [0.0, 0.0, 2.0000041892834894], 'p_WCa': [0.0, 0.0, 2.0000042194090786], 'p_WCb': [0.0, 0.0, 2.0000041591579003]}] [[0.0, 0.0, -9.81, 0.0, 0.0, 0.0], [0.0, 0.0, 9.81, 0.0, 0.0, 0.0]]
2991 2.9160 0.0010 2.500004 -0.000000 0.000000 [{'depth': 9.809999999993463e-08, 'geomIdA': 0, 'geomIdB': 1, 'modifiedDepth': 9.809999999993463e-08, 'nhat_AB_W': [0.0, 0.0, 1.0], 'p_WC': [0.0, 0.0, 2.0000041892834894], 'p_WCa': [0.0, 0.0, 2.0000042194090786], 'p_WCb': [0.0, 0.0, 2.0000041591579003]}] [[0.0, 0.0, -9.81, 0.0, 0.0, 0.0], [0.0, 0.0, 9.81, 0.0, 0.0, 0.0]]
2992 2.9170 0.0010 2.500004 -0.000000 0.000000 [{'depth': 9.809999999993463e-08, 'geomIdA': 0, 'geomIdB': 1, 'modifiedDepth': 9.809999999993463e-08, 'nhat_AB_W': [0.0, 0.0, 1.0], 'p_WC': [0.0, 0.0, 2.0000041892834894], 'p_WCa': [0.0, 0.0, 2.0000042194090786], 'p_WCb': [0.0, 0.0, 2.0000041591579003]}] [[0.0, 0.0, -9.81, 0.0, 0.0, 0.0], [0.0, 0.0, 9.81, 0.0, 0.0, 0.0]]
2993 2.9180 0.0010 2.500004 -0.000000 0.000000 [{'depth': 9.809999999993463e-08, 'geomIdA': 0, 'geomIdB': 1, 'modifiedDepth': 9.809999999993463e-08, 'nhat_AB_W': [0.0, 0.0, 1.0], 'p_WC': [0.0, 0.0, 2.0000041892834894], 'p_WCa': [0.0, 0.0, 2.0000042194090786], 'p_WCb': [0.0, 0.0, 2.0000041591579003]}] [[0.0, 0.0, -9.81, 0.0, 0.0, 0.0], [0.0, 0.0, 9.81, 0.0, 0.0, 0.0]]
2994 2.9190 0.0010 2.500004 -0.000000 0.000000 [{'depth': 9.809999999993463e-08, 'geomIdA': 0, 'geomIdB': 1, 'modifiedDepth': 9.809999999993463e-08, 'nhat_AB_W': [0.0, 0.0, 1.0], 'p_WC': [0.0, 0.0, 2.0000041892834894], 'p_WCa': [0.0, 0.0, 2.0000042194090786], 'p_WCb': [0.0, 0.0, 2.0000041591579003]}] [[0.0, 0.0, -9.81, 0.0, 0.0, 0.0], [0.0, 0.0, 9.81, 0.0, 0.0, 0.0]]
2995 2.9200 0.0010 2.500004 -0.000000 0.000000 [{'depth': 9.809999999993463e-08, 'geomIdA': 0, 'geomIdB': 1, 'modifiedDepth': 9.809999999993463e-08, 'nhat_AB_W': [0.0, 0.0, 1.0], 'p_WC': [0.0, 0.0, 2.0000041892834894], 'p_WCa': [0.0, 0.0, 2.0000042194090786], 'p_WCb': [0.0, 0.0, 2.0000041591579003]}] [[0.0, 0.0, -9.81, 0.0, 0.0, 0.0], [0.0, 0.0, 9.81, 0.0, 0.0, 0.0]]
2996 2.9210 0.0010 2.500004 -0.000000 0.000000 [{'depth': 9.809999999993463e-08, 'geomIdA': 0, 'geomIdB': 1, 'modifiedDepth': 9.809999999993463e-08, 'nhat_AB_W': [0.0, 0.0, 1.0], 'p_WC': [0.0, 0.0, 2.0000041892834894], 'p_WCa': [0.0, 0.0, 2.0000042194090786], 'p_WCb': [0.0, 0.0, 2.0000041591579003]}] [[0.0, 0.0, -9.81, 0.0, 0.0, 0.0], [0.0, 0.0, 9.81, 0.0, 0.0, 0.0]]
2997 2.9220 0.0010 2.500004 -0.000000 0.000000 [{'depth': 9.809999999993463e-08, 'geomIdA': 0, 'geomIdB': 1, 'modifiedDepth': 9.809999999993463e-08, 'nhat_AB_W': [0.0, 0.0, 1.0], 'p_WC': [0.0, 0.0, 2.0000041892834894], 'p_WCa': [0.0, 0.0, 2.0000042194090786], 'p_WCb': [0.0, 0.0, 2.0000041591579003]}] [[0.0, 0.0, -9.81, 0.0, 0.0, 0.0], [0.0, 0.0, 9.81, 0.0, 0.0, 0.0]]
2998 2.9230 0.0010 2.500004 -0.000000 0.000000 [{'depth': 9.809999999993463e-08, 'geomIdA': 0, 'geomIdB': 1, 'modifiedDepth': 9.809999999993463e-08, 'nhat_AB_W': [0.0, 0.0, 1.0], 'p_WC': [0.0, 0.0, 2.0000041892834894], 'p_WCa': [0.0, 0.0, 2.0000042194090786], 'p_WCb': [0.0, 0.0, 2.0000041591579003]}] [[0.0, 0.0, -9.81, 0.0, 0.0, 0.0], [0.0, 0.0, 9.81, 0.0, 0.0, 0.0]]
2999 2.9240 0.0010 2.500004 -0.000000 0.000000 [{'depth': 9.809999999993463e-08, 'geomIdA': 0, 'geomIdB': 1, 'modifiedDepth': 9.809999999993463e-08, 'nhat_AB_W': [0.0, 0.0, 1.0], 'p_WC': [0.0, 0.0, 2.0000041892834894], 'p_WCa': [0.0, 0.0, 2.0000042194090786], 'p_WCb': [0.0, 0.0, 2.0000041591579003]}] [[0.0, 0.0, -9.81, 0.0, 0.0, 0.0], [0.0, 0.0, 9.81, 0.0, 0.0, 0.0]]
3000 2.9250 0.0010 2.500004 -0.000000 0.000000 [{'depth': 9.809999999993463e-08, 'geomIdA': 0, 'geomIdB': 1, 'modifiedDepth': 9.809999999993463e-08, 'nhat_AB_W': [0.0, 0.0, 1.0], 'p_WC': [0.0, 0.0, 2.0000041892834894], 'p_WCa': [0.0, 0.0, 2.0000042194090786], 'p_WCb': [0.0, 0.0, 2.0000041591579003]}] [[0.0, 0.0, -9.81, 0.0, 0.0, 0.0], [0.0, 0.0, 9.81, 0.0, 0.0, 0.0]]
3001 2.9260 0.0010 2.500004 -0.000000 0.000000 [{'depth': 9.809999999993463e-08, 'geomIdA': 0, 'geomIdB': 1, 'modifiedDepth': 9.809999999993463e-08, 'nhat_AB_W': [0.0, 0.0, 1.0], 'p_WC': [0.0, 0.0, 2.0000041892834894], 'p_WCa': [0.0, 0.0, 2.0000042194090786], 'p_WCb': [0.0, 0.0, 2.0000041591579003]}] [[0.0, 0.0, -9.81, 0.0, 0.0, 0.0], [0.0, 0.0, 9.81, 0.0, 0.0, 0.0]]
3002 2.9270 0.0010 2.500004 -0.000000 0.000000 [{'depth': 9.809999999993463e-08, 'geomIdA': 0, 'geomIdB': 1, 'modifiedDepth': 9.809999999993463e-08, 'nhat_AB_W': [0.0, 0.0, 1.0], 'p_WC': [0.0, 0.0, 2.0000041892834894], 'p_WCa': [0.0, 0.0, 2.0000042194090786], 'p_WCb': [0.0, 0.0, 2.0000041591579003]}] [[0.0, 0.0, -9.81, 0.0, 0.0, 0.0], [0.0, 0.0, 9.81, 0.0, 0.0, 0.0]]
3003 2.9280 0.0010 2.500004 -0.000000 0.000000 [{'depth': 9.809999999993463e-08, 'geomIdA': 0, 'geomIdB': 1, 'modifiedDepth': 9.809999999993463e-08, 'nhat_AB_W': [0.0, 0.0, 1.0], 'p_WC': [0.0, 0.0, 2.0000041892834894], 'p_WCa': [0.0, 0.0, 2.0000042194090786], 'p_WCb': [0.0, 0.0, 2.0000041591579003]}] [[0.0, 0.0, -9.81, 0.0, 0.0, 0.0], [0.0, 0.0, 9.81, 0.0, 0.0, 0.0]]
3004 2.9290 0.0010 2.500004 -0.000000 0.000000 [{'depth': 9.809999999993463e-08, 'geomIdA': 0, 'geomIdB': 1, 'modifiedDepth': 9.809999999993463e-08, 'nhat_AB_W': [0.0, 0.0, 1.0], 'p_WC': [0.0, 0.0, 2.0000041892834894], 'p_WCa': [0.0, 0.0, 2.0000042194090786], 'p_WCb': [0.0, 0.0, 2.0000041591579003]}] [[0.0, 0.0, -9.81, 0.0, 0.0, 0.0], [0.0, 0.0, 9.81, 0.0, 0.0, 0.0]]
3005 2.9300 0.0010 2.500004 -0.000000 0.000000 [{'depth': 9.809999999993463e-08, 'geomIdA': 0, 'geomIdB': 1, 'modifiedDepth': 9.809999999993463e-08, 'nhat_AB_W': [0.0, 0.0, 1.0], 'p_WC': [0.0, 0.0, 2.0000041892834894], 'p_WCa': [0.0, 0.0, 2.0000042194090786], 'p_WCb': [0.0, 0.0, 2.0000041591579003]}] [[0.0, 0.0, -9.81, 0.0, 0.0, 0.0], [0.0, 0.0, 9.81, 0.0, 0.0, 0.0]]
3006 2.9310 0.0010 2.500004 -0.000000 0.000000 [{'depth': 9.809999999993463e-08, 'geomIdA': 0, 'geomIdB': 1, 'modifiedDepth': 9.809999999993463e-08, 'nhat_AB_W': [0.0, 0.0, 1.0], 'p_WC': [0.0, 0.0, 2.0000041892834894], 'p_WCa': [0.0, 0.0, 2.0000042194090786], 'p_WCb': [0.0, 0.0, 2.0000041591579003]}] [[0.0, 0.0, -9.81, 0.0, 0.0, 0.0], [0.0, 0.0, 9.81, 0.0, 0.0, 0.0]]
3007 2.9320 0.0010 2.500004 -0.000000 0.000000 [{'depth': 9.809999999993463e-08, 'geomIdA': 0, 'geomIdB': 1, 'modifiedDepth': 9.809999999993463e-08, 'nhat_AB_W': [0.0, 0.0, 1.0], 'p_WC': [0.0, 0.0, 2.0000041892834894], 'p_WCa': [0.0, 0.0, 2.0000042194090786], 'p_WCb': [0.0, 0.0, 2.0000041591579003]}] [[0.0, 0.0, -9.81, 0.0, 0.0, 0.0], [0.0, 0.0, 9.81, 0.0, 0.0, 0.0]]
3008 2.9330 0.0010 2.500004 -0.000000 0.000000 [{'depth': 9.809999999993463e-08, 'geomIdA': 0, 'geomIdB': 1, 'modifiedDepth': 9.809999999993463e-08, 'nhat_AB_W': [0.0, 0.0, 1.0], 'p_WC': [0.0, 0.0, 2.0000041892834894], 'p_WCa': [0.0, 0.0, 2.0000042194090786], 'p_WCb': [0.0, 0.0, 2.0000041591579003]}] [[0.0, 0.0, -9.81, 0.0, 0.0, 0.0], [0.0, 0.0, 9.81, 0.0, 0.0, 0.0]]
3009 2.9340 0.0010 2.500004 -0.000000 0.000000 [{'depth': 9.809999999993463e-08, 'geomIdA': 0, 'geomIdB': 1, 'modifiedDepth': 9.809999999993463e-08, 'nhat_AB_W': [0.0, 0.0, 1.0], 'p_WC': [0.0, 0.0, 2.0000041892834894], 'p_WCa': [0.0, 0.0, 2.0000042194090786], 'p_WCb': [0.0, 0.0, 2.0000041591579003]}] [[0.0, 0.0, -9.81, 0.0, 0.0, 0.0], [0.0, 0.0, 9.81, 0.0, 0.0, 0.0]]
3010 2.9350 0.0010 2.500004 -0.000000 0.000000 [{'depth': 9.809999999993463e-08, 'geomIdA': 0, 'geomIdB': 1, 'modifiedDepth': 9.809999999993463e-08, 'nhat_AB_W': [0.0, 0.0, 1.0], 'p_WC': [0.0, 0.0, 2.0000041892834894], 'p_WCa': [0.0, 0.0, 2.0000042194090786], 'p_WCb': [0.0, 0.0, 2.0000041591579003]}] [[0.0, 0.0, -9.81, 0.0, 0.0, 0.0], [0.0, 0.0, 9.81, 0.0, 0.0, 0.0]]
3011 2.9360 0.0010 2.500004 -0.000000 0.000000 [{'depth': 9.809999999993463e-08, 'geomIdA': 0, 'geomIdB': 1, 'modifiedDepth': 9.809999999993463e-08, 'nhat_AB_W': [0.0, 0.0, 1.0], 'p_WC': [0.0, 0.0, 2.0000041892834894], 'p_WCa': [0.0, 0.0, 2.0000042194090786], 'p_WCb': [0.0, 0.0, 2.0000041591579003]}] [[0.0, 0.0, -9.81, 0.0, 0.0, 0.0], [0.0, 0.0, 9.81, 0.0, 0.0, 0.0]]
3012 2.9370 0.0010 2.500004 -0.000000 0.000000 [{'depth': 9.809999999993463e-08, 'geomIdA': 0, 'geomIdB': 1, 'modifiedDepth': 9.809999999993463e-08, 'nhat_AB_W': [0.0, 0.0, 1.0], 'p_WC': [0.0, 0.0, 2.0000041892834894], 'p_WCa': [0.0, 0.0, 2.0000042194090786], 'p_WCb': [0.0, 0.0, 2.0000041591579003]}] [[0.0, 0.0, -9.81, 0.0, 0.0, 0.0], [0.0, 0.0, 9.81, 0.0, 0.0, 0.0]]
3013 2.9380 0.0010 2.500004 -0.000000 0.000000 [{'depth': 9.809999999993463e-08, 'geomIdA': 0, 'geomIdB': 1, 'modifiedDepth': 9.809999999993463e-08, 'nhat_AB_W': [0.0, 0.0, 1.0], 'p_WC': [0.0, 0.0, 2.0000041892834894], 'p_WCa': [0.0, 0.0, 2.0000042194090786], 'p_WCb': [0.0, 0.0, 2.0000041591579003]}] [[0.0, 0.0, -9.81, 0.0, 0.0, 0.0], [0.0, 0.0, 9.81, 0.0, 0.0, 0.0]]
3014 2.9390 0.0010 2.500004 -0.000000 0.000000 [{'depth': 9.809999999993463e-08, 'geomIdA': 0, 'geomIdB': 1, 'modifiedDepth': 9.809999999993463e-08, 'nhat_AB_W': [0.0, 0.0, 1.0], 'p_WC': [0.0, 0.0, 2.0000041892834894], 'p_WCa': [0.0, 0.0, 2.0000042194090786], 'p_WCb': [0.0, 0.0, 2.0000041591579003]}] [[0.0, 0.0, -9.81, 0.0, 0.0, 0.0], [0.0, 0.0, 9.81, 0.0, 0.0, 0.0]]
3015 2.9400 0.0010 2.500004 -0.000000 0.000000 [{'depth': 9.809999999993463e-08, 'geomIdA': 0, 'geomIdB': 1, 'modifiedDepth': 9.809999999993463e-08, 'nhat_AB_W': [0.0, 0.0, 1.0], 'p_WC': [0.0, 0.0, 2.0000041892834894], 'p_WCa': [0.0, 0.0, 2.0000042194090786], 'p_WCb': [0.0, 0.0, 2.0000041591579003]}] [[0.0, 0.0, -9.81, 0.0, 0.0, 0.0], [0.0, 0.0, 9.81, 0.0, 0.0, 0.0]]
3016 2.9410 0.0010 2.500004 -0.000000 0.000000 [{'depth': 9.809999999993463e-08, 'geomIdA': 0, 'geomIdB': 1, 'modifiedDepth': 9.809999999993463e-08, 'nhat_AB_W': [0.0, 0.0, 1.0], 'p_WC': [0.0, 0.0, 2.0000041892834894], 'p_WCa': [0.0, 0.0, 2.0000042194090786], 'p_WCb': [0.0, 0.0, 2.0000041591579003]}] [[0.0, 0.0, -9.81, 0.0, 0.0, 0.0], [0.0, 0.0, 9.81, 0.0, 0.0, 0.0]]
3017 2.9420 0.0010 2.500004 -0.000000 0.000000 [{'depth': 9.809999999993463e-08, 'geomIdA': 0, 'geomIdB': 1, 'modifiedDepth': 9.809999999993463e-08, 'nhat_AB_W': [0.0, 0.0, 1.0], 'p_WC': [0.0, 0.0, 2.0000041892834894], 'p_WCa': [0.0, 0.0, 2.0000042194090786], 'p_WCb': [0.0, 0.0, 2.0000041591579003]}] [[0.0, 0.0, -9.81, 0.0, 0.0, 0.0], [0.0, 0.0, 9.81, 0.0, 0.0, 0.0]]
3018 2.9430 0.0010 2.500004 -0.000000 0.000000 [{'depth': 9.809999999993463e-08, 'geomIdA': 0, 'geomIdB': 1, 'modifiedDepth': 9.809999999993463e-08, 'nhat_AB_W': [0.0, 0.0, 1.0], 'p_WC': [0.0, 0.0, 2.0000041892834894], 'p_WCa': [0.0, 0.0, 2.0000042194090786], 'p_WCb': [0.0, 0.0, 2.0000041591579003]}] [[0.0, 0.0, -9.81, 0.0, 0.0, 0.0], [0.0, 0.0, 9.81, 0.0, 0.0, 0.0]]
3019 2.9440 0.0010 2.500004 -0.000000 0.000000 [{'depth': 9.809999999993463e-08, 'geomIdA': 0, 'geomIdB': 1, 'modifiedDepth': 9.809999999993463e-08, 'nhat_AB_W': [0.0, 0.0, 1.0], 'p_WC': [0.0, 0.0, 2.0000041892834894], 'p_WCa': [0.0, 0.0, 2.0000042194090786], 'p_WCb': [0.0, 0.0, 2.0000041591579003]}] [[0.0, 0.0, -9.81, 0.0, 0.0, 0.0], [0.0, 0.0, 9.81, 0.0, 0.0, 0.0]]
3020 2.9450 0.0010 2.500004 -0.000000 0.000000 [{'depth': 9.809999999993463e-08, 'geomIdA': 0, 'geomIdB': 1, 'modifiedDepth': 9.809999999993463e-08, 'nhat_AB_W': [0.0, 0.0, 1.0], 'p_WC': [0.0, 0.0, 2.0000041892834894], 'p_WCa': [0.0, 0.0, 2.0000042194090786], 'p_WCb': [0.0, 0.0, 2.0000041591579003]}] [[0.0, 0.0, -9.81, 0.0, 0.0, 0.0], [0.0, 0.0, 9.81, 0.0, 0.0, 0.0]]
3021 2.9460 0.0010 2.500004 -0.000000 0.000000 [{'depth': 9.809999999993463e-08, 'geomIdA': 0, 'geomIdB': 1, 'modifiedDepth': 9.809999999993463e-08, 'nhat_AB_W': [0.0, 0.0, 1.0], 'p_WC': [0.0, 0.0, 2.0000041892834894], 'p_WCa': [0.0, 0.0, 2.0000042194090786], 'p_WCb': [0.0, 0.0, 2.0000041591579003]}] [[0.0, 0.0, -9.81, 0.0, 0.0, 0.0], [0.0, 0.0, 9.81, 0.0, 0.0, 0.0]]
3022 2.9470 0.0010 2.500004 -0.000000 0.000000 [{'depth': 9.809999999993463e-08, 'geomIdA': 0, 'geomIdB': 1, 'modifiedDepth': 9.809999999993463e-08, 'nhat_AB_W': [0.0, 0.0, 1.0], 'p_WC': [0.0, 0.0, 2.0000041892834894], 'p_WCa': [0.0, 0.0, 2.0000042194090786], 'p_WCb': [0.0, 0.0, 2.0000041591579003]}] [[0.0, 0.0, -9.81, 0.0, 0.0, 0.0], [0.0, 0.0, 9.81, 0.0, 0.0, 0.0]]
3023 2.9480 0.0010 2.500004 -0.000000 0.000000 [{'depth': 9.809999999993463e-08, 'geomIdA': 0, 'geomIdB': 1, 'modifiedDepth': 9.809999999993463e-08, 'nhat_AB_W': [0.0, 0.0, 1.0], 'p_WC': [0.0, 0.0, 2.0000041892834894], 'p_WCa': [0.0, 0.0, 2.0000042194090786], 'p_WCb': [0.0, 0.0, 2.0000041591579003]}] [[0.0, 0.0, -9.81, 0.0, 0.0, 0.0], [0.0, 0.0, 9.81, 0.0, 0.0, 0.0]]
3024 2.9490 0.0010 2.500004 -0.000000 0.000000 [{'depth': 9.809999999993463e-08, 'geomIdA': 0, 'geomIdB': 1, 'modifiedDepth': 9.809999999993463e-08, 'nhat_AB_W': [0.0, 0.0, 1.0], 'p_WC': [0.0, 0.0, 2.0000041892834894], 'p_WCa': [0.0, 0.0, 2.0000042194090786], 'p_WCb': [0.0, 0.0, 2.0000041591579003]}] [[0.0, 0.0, -9.81, 0.0, 0.0, 0.0], [0.0, 0.0, 9.81, 0.0, 0.0, 0.0]]
3025 2.9500 0.0010 2.500004 -0.000000 0.000000 [{'depth': 9.809999999993463e-08, 'geomIdA': 0, 'geomIdB': 1, 'modifiedDepth': 9.809999999993463e-08, 'nhat_AB_W': [0.0, 0.0, 1.0], 'p_WC': [0.0, 0.0, 2.0000041892834894], 'p_WCa': [0.0, 0.0, 2.0000042194090786], 'p_WCb': [0.0, 0.0, 2.0000041591579003]}] [[0.0, 0.0, -9.81, 0.0, 0.0, 0.0], [0.0, 0.0, 9.81, 0.0, 0.0, 0.0]]
3026 2.9510 0.0010 2.500004 -0.000000 0.000000 [{'depth': 9.809999999993463e-08, 'geomIdA': 0, 'geomIdB': 1, 'modifiedDepth': 9.809999999993463e-08, 'nhat_AB_W': [0.0, 0.0, 1.0], 'p_WC': [0.0, 0.0, 2.0000041892834894], 'p_WCa': [0.0, 0.0, 2.0000042194090786], 'p_WCb': [0.0, 0.0, 2.0000041591579003]}] [[0.0, 0.0, -9.81, 0.0, 0.0, 0.0], [0.0, 0.0, 9.81, 0.0, 0.0, 0.0]]
3027 2.9520 0.0010 2.500004 -0.000000 0.000000 [{'depth': 9.809999999993463e-08, 'geomIdA': 0, 'geomIdB': 1, 'modifiedDepth': 9.809999999993463e-08, 'nhat_AB_W': [0.0, 0.0, 1.0], 'p_WC': [0.0, 0.0, 2.0000041892834894], 'p_WCa': [0.0, 0.0, 2.0000042194090786], 'p_WCb': [0.0, 0.0, 2.0000041591579003]}] [[0.0, 0.0, -9.81, 0.0, 0.0, 0.0], [0.0, 0.0, 9.81, 0.0, 0.0, 0.0]]
3028 2.9530 0.0010 2.500004 -0.000000 0.000000 [{'depth': 9.809999999993463e-08, 'geomIdA': 0, 'geomIdB': 1, 'modifiedDepth': 9.809999999993463e-08, 'nhat_AB_W': [0.0, 0.0, 1.0], 'p_WC': [0.0, 0.0, 2.0000041892834894], 'p_WCa': [0.0, 0.0, 2.0000042194090786], 'p_WCb': [0.0, 0.0, 2.0000041591579003]}] [[0.0, 0.0, -9.81, 0.0, 0.0, 0.0], [0.0, 0.0, 9.81, 0.0, 0.0, 0.0]]
3029 2.9540 0.0010 2.500004 -0.000000 0.000000 [{'depth': 9.809999999993463e-08, 'geomIdA': 0, 'geomIdB': 1, 'modifiedDepth': 9.809999999993463e-08, 'nhat_AB_W': [0.0, 0.0, 1.0], 'p_WC': [0.0, 0.0, 2.0000041892834894], 'p_WCa': [0.0, 0.0, 2.0000042194090786], 'p_WCb': [0.0, 0.0, 2.0000041591579003]}] [[0.0, 0.0, -9.81, 0.0, 0.0, 0.0], [0.0, 0.0, 9.81, 0.0, 0.0, 0.0]]
3030 2.9550 0.0010 2.500004 -0.000000 0.000000 [{'depth': 9.809999999993463e-08, 'geomIdA': 0, 'geomIdB': 1, 'modifiedDepth': 9.809999999993463e-08, 'nhat_AB_W': [0.0, 0.0, 1.0], 'p_WC': [0.0, 0.0, 2.0000041892834894], 'p_WCa': [0.0, 0.0, 2.0000042194090786], 'p_WCb': [0.0, 0.0, 2.0000041591579003]}] [[0.0, 0.0, -9.81, 0.0, 0.0, 0.0], [0.0, 0.0, 9.81, 0.0, 0.0, 0.0]]
3031 2.9560 0.0010 2.500004 -0.000000 0.000000 [{'depth': 9.809999999993463e-08, 'geomIdA': 0, 'geomIdB': 1, 'modifiedDepth': 9.809999999993463e-08, 'nhat_AB_W': [0.0, 0.0, 1.0], 'p_WC': [0.0, 0.0, 2.0000041892834894], 'p_WCa': [0.0, 0.0, 2.0000042194090786], 'p_WCb': [0.0, 0.0, 2.0000041591579003]}] [[0.0, 0.0, -9.81, 0.0, 0.0, 0.0], [0.0, 0.0, 9.81, 0.0, 0.0, 0.0]]
3032 2.9570 0.0010 2.500004 -0.000000 0.000000 [{'depth': 9.809999999993463e-08, 'geomIdA': 0, 'geomIdB': 1, 'modifiedDepth': 9.809999999993463e-08, 'nhat_AB_W': [0.0, 0.0, 1.0], 'p_WC': [0.0, 0.0, 2.0000041892834894], 'p_WCa': [0.0, 0.0, 2.0000042194090786], 'p_WCb': [0.0, 0.0, 2.0000041591579003]}] [[0.0, 0.0, -9.81, 0.0, 0.0, 0.0], [0.0, 0.0, 9.81, 0.0, 0.0, 0.0]]
3033 2.9580 0.0010 2.500004 -0.000000 0.000000 [{'depth': 9.809999999993463e-08, 'geomIdA': 0, 'geomIdB': 1, 'modifiedDepth': 9.809999999993463e-08, 'nhat_AB_W': [0.0, 0.0, 1.0], 'p_WC': [0.0, 0.0, 2.0000041892834894], 'p_WCa': [0.0, 0.0, 2.0000042194090786], 'p_WCb': [0.0, 0.0, 2.0000041591579003]}] [[0.0, 0.0, -9.81, 0.0, 0.0, 0.0], [0.0, 0.0, 9.81, 0.0, 0.0, 0.0]]
3034 2.9590 0.0010 2.500004 -0.000000 0.000000 [{'depth': 9.809999999993463e-08, 'geomIdA': 0, 'geomIdB': 1, 'modifiedDepth': 9.809999999993463e-08, 'nhat_AB_W': [0.0, 0.0, 1.0], 'p_WC': [0.0, 0.0, 2.0000041892834894], 'p_WCa': [0.0, 0.0, 2.0000042194090786], 'p_WCb': [0.0, 0.0, 2.0000041591579003]}] [[0.0, 0.0, -9.81, 0.0, 0.0, 0.0], [0.0, 0.0, 9.81, 0.0, 0.0, 0.0]]
3035 2.9600 0.0010 2.500004 -0.000000 0.000000 [{'depth': 9.809999999993463e-08, 'geomIdA': 0, 'geomIdB': 1, 'modifiedDepth': 9.809999999993463e-08, 'nhat_AB_W': [0.0, 0.0, 1.0], 'p_WC': [0.0, 0.0, 2.0000041892834894], 'p_WCa': [0.0, 0.0, 2.0000042194090786], 'p_WCb': [0.0, 0.0, 2.0000041591579003]}] [[0.0, 0.0, -9.81, 0.0, 0.0, 0.0], [0.0, 0.0, 9.81, 0.0, 0.0, 0.0]]
3036 2.9610 0.0010 2.500004 -0.000000 0.000000 [{'depth': 9.809999999993463e-08, 'geomIdA': 0, 'geomIdB': 1, 'modifiedDepth': 9.809999999993463e-08, 'nhat_AB_W': [0.0, 0.0, 1.0], 'p_WC': [0.0, 0.0, 2.0000041892834894], 'p_WCa': [0.0, 0.0, 2.0000042194090786], 'p_WCb': [0.0, 0.0, 2.0000041591579003]}] [[0.0, 0.0, -9.81, 0.0, 0.0, 0.0], [0.0, 0.0, 9.81, 0.0, 0.0, 0.0]]
3037 2.9620 0.0010 2.500004 -0.000000 0.000000 [{'depth': 9.809999999993463e-08, 'geomIdA': 0, 'geomIdB': 1, 'modifiedDepth': 9.809999999993463e-08, 'nhat_AB_W': [0.0, 0.0, 1.0], 'p_WC': [0.0, 0.0, 2.0000041892834894], 'p_WCa': [0.0, 0.0, 2.0000042194090786], 'p_WCb': [0.0, 0.0, 2.0000041591579003]}] [[0.0, 0.0, -9.81, 0.0, 0.0, 0.0], [0.0, 0.0, 9.81, 0.0, 0.0, 0.0]]
3038 2.9630 0.0010 2.500004 -0.000000 0.000000 [{'depth': 9.809999999993463e-08, 'geomIdA': 0, 'geomIdB': 1, 'modifiedDepth': 9.809999999993463e-08, 'nhat_AB_W': [0.0, 0.0, 1.0], 'p_WC': [0.0, 0.0, 2.0000041892834894], 'p_WCa': [0.0, 0.0, 2.0000042194090786], 'p_WCb': [0.0, 0.0, 2.0000041591579003]}] [[0.0, 0.0, -9.81, 0.0, 0.0, 0.0], [0.0, 0.0, 9.81, 0.0, 0.0, 0.0]]
3039 2.9640 0.0010 2.500004 -0.000000 0.000000 [{'depth': 9.809999999993463e-08, 'geomIdA': 0, 'geomIdB': 1, 'modifiedDepth': 9.809999999993463e-08, 'nhat_AB_W': [0.0, 0.0, 1.0], 'p_WC': [0.0, 0.0, 2.0000041892834894], 'p_WCa': [0.0, 0.0, 2.0000042194090786], 'p_WCb': [0.0, 0.0, 2.0000041591579003]}] [[0.0, 0.0, -9.81, 0.0, 0.0, 0.0], [0.0, 0.0, 9.81, 0.0, 0.0, 0.0]]
3040 2.9650 0.0010 2.500004 -0.000000 0.000000 [{'depth': 9.809999999993463e-08, 'geomIdA': 0, 'geomIdB': 1, 'modifiedDepth': 9.809999999993463e-08, 'nhat_AB_W': [0.0, 0.0, 1.0], 'p_WC': [0.0, 0.0, 2.0000041892834894], 'p_WCa': [0.0, 0.0, 2.0000042194090786], 'p_WCb': [0.0, 0.0, 2.0000041591579003]}] [[0.0, 0.0, -9.81, 0.0, 0.0, 0.0], [0.0, 0.0, 9.81, 0.0, 0.0, 0.0]]
3041 2.9660 0.0010 2.500004 -0.000000 0.000000 [{'depth': 9.809999999993463e-08, 'geomIdA': 0, 'geomIdB': 1, 'modifiedDepth': 9.809999999993463e-08, 'nhat_AB_W': [0.0, 0.0, 1.0], 'p_WC': [0.0, 0.0, 2.0000041892834894], 'p_WCa': [0.0, 0.0, 2.0000042194090786], 'p_WCb': [0.0, 0.0, 2.0000041591579003]}] [[0.0, 0.0, -9.81, 0.0, 0.0, 0.0], [0.0, 0.0, 9.81, 0.0, 0.0, 0.0]]
3042 2.9670 0.0010 2.500004 -0.000000 0.000000 [{'depth': 9.809999999993463e-08, 'geomIdA': 0, 'geomIdB': 1, 'modifiedDepth': 9.809999999993463e-08, 'nhat_AB_W': [0.0, 0.0, 1.0], 'p_WC': [0.0, 0.0, 2.0000041892834894], 'p_WCa': [0.0, 0.0, 2.0000042194090786], 'p_WCb': [0.0, 0.0, 2.0000041591579003]}] [[0.0, 0.0, -9.81, 0.0, 0.0, 0.0], [0.0, 0.0, 9.81, 0.0, 0.0, 0.0]]
3043 2.9680 0.0010 2.500004 -0.000000 0.000000 [{'depth': 9.809999999993463e-08, 'geomIdA': 0, 'geomIdB': 1, 'modifiedDepth': 9.809999999993463e-08, 'nhat_AB_W': [0.0, 0.0, 1.0], 'p_WC': [0.0, 0.0, 2.0000041892834894], 'p_WCa': [0.0, 0.0, 2.0000042194090786], 'p_WCb': [0.0, 0.0, 2.0000041591579003]}] [[0.0, 0.0, -9.81, 0.0, 0.0, 0.0], [0.0, 0.0, 9.81, 0.0, 0.0, 0.0]]
3044 2.9690 0.0010 2.500004 -0.000000 0.000000 [{'depth': 9.809999999993463e-08, 'geomIdA': 0, 'geomIdB': 1, 'modifiedDepth': 9.809999999993463e-08, 'nhat_AB_W': [0.0, 0.0, 1.0], 'p_WC': [0.0, 0.0, 2.0000041892834894], 'p_WCa': [0.0, 0.0, 2.0000042194090786], 'p_WCb': [0.0, 0.0, 2.0000041591579003]}] [[0.0, 0.0, -9.81, 0.0, 0.0, 0.0], [0.0, 0.0, 9.81, 0.0, 0.0, 0.0]]
3045 2.9700 0.0010 2.500004 -0.000000 0.000000 [{'depth': 9.809999999993463e-08, 'geomIdA': 0, 'geomIdB': 1, 'modifiedDepth': 9.809999999993463e-08, 'nhat_AB_W': [0.0, 0.0, 1.0], 'p_WC': [0.0, 0.0, 2.0000041892834894], 'p_WCa': [0.0, 0.0, 2.0000042194090786], 'p_WCb': [0.0, 0.0, 2.0000041591579003]}] [[0.0, 0.0, -9.81, 0.0, 0.0, 0.0], [0.0, 0.0, 9.81, 0.0, 0.0, 0.0]]
3046 2.9710 0.0010 2.500004 -0.000000 0.000000 [{'depth': 9.809999999993463e-08, 'geomIdA': 0, 'geomIdB': 1, 'modifiedDepth': 9.809999999993463e-08, 'nhat_AB_W': [0.0, 0.0, 1.0], 'p_WC': [0.0, 0.0, 2.0000041892834894], 'p_WCa': [0.0, 0.0, 2.0000042194090786], 'p_WCb': [0.0, 0.0, 2.0000041591579003]}] [[0.0, 0.0, -9.81, 0.0, 0.0, 0.0], [0.0, 0.0, 9.81, 0.0, 0.0, 0.0]]
3047 2.9720 0.0010 2.500004 -0.000000 0.000000 [{'depth': 9.809999999993463e-08, 'geomIdA': 0, 'geomIdB': 1, 'modifiedDepth': 9.809999999993463e-08, 'nhat_AB_W': [0.0, 0.0, 1.0], 'p_WC': [0.0, 0.0, 2.0000041892834894], 'p_WCa': [0.0, 0.0, 2.0000042194090786], 'p_WCb': [0.0, 0.0, 2.0000041591579003]}] [[0.0, 0.0, -9.81, 0.0, 0.0, 0.0], [0.0, 0.0, 9.81, 0.0, 0.0, 0.0]]
3048 2.9730 0.0010 2.500004 -0.000000 0.000000 [{'depth': 9.809999999993463e-08, 'geomIdA': 0, 'geomIdB': 1, 'modifiedDepth': 9.809999999993463e-08, 'nhat_AB_W': [0.0, 0.0, 1.0], 'p_WC': [0.0, 0.0, 2.0000041892834894], 'p_WCa': [0.0, 0.0, 2.0000042194090786], 'p_WCb': [0.0, 0.0, 2.0000041591579003]}] [[0.0, 0.0, -9.81, 0.0, 0.0, 0.0], [0.0, 0.0, 9.81, 0.0, 0.0, 0.0]]
3049 2.9740 0.0010 2.500004 -0.000000 0.000000 [{'depth': 9.809999999993463e-08, 'geomIdA': 0, 'geomIdB': 1, 'modifiedDepth': 9.809999999993463e-08, 'nhat_AB_W': [0.0, 0.0, 1.0], 'p_WC': [0.0, 0.0, 2.0000041892834894], 'p_WCa': [0.0, 0.0, 2.0000042194090786], 'p_WCb': [0.0, 0.0, 2.0000041591579003]}] [[0.0, 0.0, -9.81, 0.0, 0.0, 0.0], [0.0, 0.0, 9.81, 0.0, 0.0, 0.0]]
3050 2.9750 0.0010 2.500004 -0.000000 0.000000 [{'depth': 9.809999999993463e-08, 'geomIdA': 0, 'geomIdB': 1, 'modifiedDepth': 9.809999999993463e-08, 'nhat_AB_W': [0.0, 0.0, 1.0], 'p_WC': [0.0, 0.0, 2.0000041892834894], 'p_WCa': [0.0, 0.0, 2.0000042194090786], 'p_WCb': [0.0, 0.0, 2.0000041591579003]}] [[0.0, 0.0, -9.81, 0.0, 0.0, 0.0], [0.0, 0.0, 9.81, 0.0, 0.0, 0.0]]
3051 2.9760 0.0010 2.500004 -0.000000 0.000000 [{'depth': 9.809999999993463e-08, 'geomIdA': 0, 'geomIdB': 1, 'modifiedDepth': 9.809999999993463e-08, 'nhat_AB_W': [0.0, 0.0, 1.0], 'p_WC': [0.0, 0.0, 2.0000041892834894], 'p_WCa': [0.0, 0.0, 2.0000042194090786], 'p_WCb': [0.0, 0.0, 2.0000041591579003]}] [[0.0, 0.0, -9.81, 0.0, 0.0, 0.0], [0.0, 0.0, 9.81, 0.0, 0.0, 0.0]]
3052 2.9770 0.0010 2.500004 -0.000000 0.000000 [{'depth': 9.809999999993463e-08, 'geomIdA': 0, 'geomIdB': 1, 'modifiedDepth': 9.809999999993463e-08, 'nhat_AB_W': [0.0, 0.0, 1.0], 'p_WC': [0.0, 0.0, 2.0000041892834894], 'p_WCa': [0.0, 0.0, 2.0000042194090786], 'p_WCb': [0.0, 0.0, 2.0000041591579003]}] [[0.0, 0.0, -9.81, 0.0, 0.0, 0.0], [0.0, 0.0, 9.81, 0.0, 0.0, 0.0]]
3053 2.9780 0.0010 2.500004 -0.000000 0.000000 [{'depth': 9.809999999993463e-08, 'geomIdA': 0, 'geomIdB': 1, 'modifiedDepth': 9.809999999993463e-08, 'nhat_AB_W': [0.0, 0.0, 1.0], 'p_WC': [0.0, 0.0, 2.0000041892834894], 'p_WCa': [0.0, 0.0, 2.0000042194090786], 'p_WCb': [0.0, 0.0, 2.0000041591579003]}] [[0.0, 0.0, -9.81, 0.0, 0.0, 0.0], [0.0, 0.0, 9.81, 0.0, 0.0, 0.0]]
3054 2.9790 0.0010 2.500004 -0.000000 0.000000 [{'depth': 9.809999999993463e-08, 'geomIdA': 0, 'geomIdB': 1, 'modifiedDepth': 9.809999999993463e-08, 'nhat_AB_W': [0.0, 0.0, 1.0], 'p_WC': [0.0, 0.0, 2.0000041892834894], 'p_WCa': [0.0, 0.0, 2.0000042194090786], 'p_WCb': [0.0, 0.0, 2.0000041591579003]}] [[0.0, 0.0, -9.81, 0.0, 0.0, 0.0], [0.0, 0.0, 9.81, 0.0, 0.0, 0.0]]
3055 2.9800 0.0010 2.500004 -0.000000 0.000000 [{'depth': 9.809999999993463e-08, 'geomIdA': 0, 'geomIdB': 1, 'modifiedDepth': 9.809999999993463e-08, 'nhat_AB_W': [0.0, 0.0, 1.0], 'p_WC': [0.0, 0.0, 2.0000041892834894], 'p_WCa': [0.0, 0.0, 2.0000042194090786], 'p_WCb': [0.0, 0.0, 2.0000041591579003]}] [[0.0, 0.0, -9.81, 0.0, 0.0, 0.0], [0.0, 0.0, 9.81, 0.0, 0.0, 0.0]]
3056 2.9810 0.0010 2.500004 -0.000000 0.000000 [{'depth': 9.809999999993463e-08, 'geomIdA': 0, 'geomIdB': 1, 'modifiedDepth': 9.809999999993463e-08, 'nhat_AB_W': [0.0, 0.0, 1.0], 'p_WC': [0.0, 0.0, 2.0000041892834894], 'p_WCa': [0.0, 0.0, 2.0000042194090786], 'p_WCb': [0.0, 0.0, 2.0000041591579003]}] [[0.0, 0.0, -9.81, 0.0, 0.0, 0.0], [0.0, 0.0, 9.81, 0.0, 0.0, 0.0]]
3057 2.9820 0.0010 2.500004 -0.000000 0.000000 [{'depth': 9.809999999993463e-08, 'geomIdA': 0, 'geomIdB': 1, 'modifiedDepth': 9.809999999993463e-08, 'nhat_AB_W': [0.0, 0.0, 1.0], 'p_WC': [0.0, 0.0, 2.0000041892834894], 'p_WCa': [0.0, 0.0, 2.0000042194090786], 'p_WCb': [0.0, 0.0, 2.0000041591579003]}] [[0.0, 0.0, -9.81, 0.0, 0.0, 0.0], [0.0, 0.0, 9.81, 0.0, 0.0, 0.0]]
3058 2.9830 0.0010 2.500004 -0.000000 0.000000 [{'depth': 9.809999999993463e-08, 'geomIdA': 0, 'geomIdB': 1, 'modifiedDepth': 9.809999999993463e-08, 'nhat_AB_W': [0.0, 0.0, 1.0], 'p_WC': [0.0, 0.0, 2.0000041892834894], 'p_WCa': [0.0, 0.0, 2.0000042194090786], 'p_WCb': [0.0, 0.0, 2.0000041591579003]}] [[0.0, 0.0, -9.81, 0.0, 0.0, 0.0], [0.0, 0.0, 9.81, 0.0, 0.0, 0.0]]
3059 2.9840 0.0010 2.500004 -0.000000 0.000000 [{'depth': 9.809999999993463e-08, 'geomIdA': 0, 'geomIdB': 1, 'modifiedDepth': 9.809999999993463e-08, 'nhat_AB_W': [0.0, 0.0, 1.0], 'p_WC': [0.0, 0.0, 2.0000041892834894], 'p_WCa': [0.0, 0.0, 2.0000042194090786], 'p_WCb': [0.0, 0.0, 2.0000041591579003]}] [[0.0, 0.0, -9.81, 0.0, 0.0, 0.0], [0.0, 0.0, 9.81, 0.0, 0.0, 0.0]]
3060 2.9850 0.0010 2.500004 -0.000000 0.000000 [{'depth': 9.809999999993463e-08, 'geomIdA': 0, 'geomIdB': 1, 'modifiedDepth': 9.809999999993463e-08, 'nhat_AB_W': [0.0, 0.0, 1.0], 'p_WC': [0.0, 0.0, 2.0000041892834894], 'p_WCa': [0.0, 0.0, 2.0000042194090786], 'p_WCb': [0.0, 0.0, 2.0000041591579003]}] [[0.0, 0.0, -9.81, 0.0, 0.0, 0.0], [0.0, 0.0, 9.81, 0.0, 0.0, 0.0]]
3061 2.9860 0.0010 2.500004 -0.000000 0.000000 [{'depth': 9.809999999993463e-08, 'geomIdA': 0, 'geomIdB': 1, 'modifiedDepth': 9.809999999993463e-08, 'nhat_AB_W': [0.0, 0.0, 1.0], 'p_WC': [0.0, 0.0, 2.0000041892834894], 'p_WCa': [0.0, 0.0, 2.0000042194090786], 'p_WCb': [0.0, 0.0, 2.0000041591579003]}] [[0.0, 0.0, -9.81, 0.0, 0.0, 0.0], [0.0, 0.0, 9.81, 0.0, 0.0, 0.0]]
3062 2.9870 0.0010 2.500004 -0.000000 0.000000 [{'depth': 9.809999999993463e-08, 'geomIdA': 0, 'geomIdB': 1, 'modifiedDepth': 9.809999999993463e-08, 'nhat_AB_W': [0.0, 0.0, 1.0], 'p_WC': [0.0, 0.0, 2.0000041892834894], 'p_WCa': [0.0, 0.0, 2.0000042194090786], 'p_WCb': [0.0, 0.0, 2.0000041591579003]}] [[0.0, 0.0, -9.81, 0.0, 0.0, 0.0], [0.0, 0.0, 9.81, 0.0, 0.0, 0.0]]
3063 2.9880 0.0010 2.500004 -0.000000 0.000000 [{'depth': 9.809999999993463e-08, 'geomIdA': 0, 'geomIdB': 1, 'modifiedDepth': 9.809999999993463e-08, 'nhat_AB_W': [0.0, 0.0, 1.0], 'p_WC': [0.0, 0.0, 2.0000041892834894], 'p_WCa': [0.0, 0.0, 2.0000042194090786], 'p_WCb': [0.0, 0.0, 2.0000041591579003]}] [[0.0, 0.0, -9.81, 0.0, 0.0, 0.0], [0.0, 0.0, 9.81, 0.0, 0.0, 0.0]]
3064 2.9890 0.0010 2.500004 -0.000000 0.000000 [{'depth': 9.809999999993463e-08, 'geomIdA': 0, 'geomIdB': 1, 'modifiedDepth': 9.809999999993463e-08, 'nhat_AB_W': [0.0, 0.0, 1.0], 'p_WC': [0.0, 0.0, 2.0000041892834894], 'p_WCa': [0.0, 0.0, 2.0000042194090786], 'p_WCb': [0.0, 0.0, 2.0000041591579003]}] [[0.0, 0.0, -9.81, 0.0, 0.0, 0.0], [0.0, 0.0, 9.81, 0.0, 0.0, 0.0]]
3065 2.9900 0.0010 2.500004 -0.000000 0.000000 [{'depth': 9.809999999993463e-08, 'geomIdA': 0, 'geomIdB': 1, 'modifiedDepth': 9.809999999993463e-08, 'nhat_AB_W': [0.0, 0.0, 1.0], 'p_WC': [0.0, 0.0, 2.0000041892834894], 'p_WCa': [0.0, 0.0, 2.0000042194090786], 'p_WCb': [0.0, 0.0, 2.0000041591579003]}] [[0.0, 0.0, -9.81, 0.0, 0.0, 0.0], [0.0, 0.0, 9.81, 0.0, 0.0, 0.0]]
3066 2.9910 0.0010 2.500004 -0.000000 0.000000 [{'depth': 9.809999999993463e-08, 'geomIdA': 0, 'geomIdB': 1, 'modifiedDepth': 9.809999999993463e-08, 'nhat_AB_W': [0.0, 0.0, 1.0], 'p_WC': [0.0, 0.0, 2.0000041892834894], 'p_WCa': [0.0, 0.0, 2.0000042194090786], 'p_WCb': [0.0, 0.0, 2.0000041591579003]}] [[0.0, 0.0, -9.81, 0.0, 0.0, 0.0], [0.0, 0.0, 9.81, 0.0, 0.0, 0.0]]
3067 2.9920 0.0010 2.500004 -0.000000 0.000000 [{'depth': 9.809999999993463e-08, 'geomIdA': 0, 'geomIdB': 1, 'modifiedDepth': 9.809999999993463e-08, 'nhat_AB_W': [0.0, 0.0, 1.0], 'p_WC': [0.0, 0.0, 2.0000041892834894], 'p_WCa': [0.0, 0.0, 2.0000042194090786], 'p_WCb': [0.0, 0.0, 2.0000041591579003]}] [[0.0, 0.0, -9.81, 0.0, 0.0, 0.0], [0.0, 0.0, 9.81, 0.0, 0.0, 0.0]]
3068 2.9930 0.0010 2.500004 -0.000000 0.000000 [{'depth': 9.809999999993463e-08, 'geomIdA': 0, 'geomIdB': 1, 'modifiedDepth': 9.809999999993463e-08, 'nhat_AB_W': [0.0, 0.0, 1.0], 'p_WC': [0.0, 0.0, 2.0000041892834894], 'p_WCa': [0.0, 0.0, 2.0000042194090786], 'p_WCb': [0.0, 0.0, 2.0000041591579003]}] [[0.0, 0.0, -9.81, 0.0, 0.0, 0.0], [0.0, 0.0, 9.81, 0.0, 0.0, 0.0]]
3069 2.9940 0.0010 2.500004 -0.000000 0.000000 [{'depth': 9.809999999993463e-08, 'geomIdA': 0, 'geomIdB': 1, 'modifiedDepth': 9.809999999993463e-08, 'nhat_AB_W': [0.0, 0.0, 1.0], 'p_WC': [0.0, 0.0, 2.0000041892834894], 'p_WCa': [0.0, 0.0, 2.0000042194090786], 'p_WCb': [0.0, 0.0, 2.0000041591579003]}] [[0.0, 0.0, -9.81, 0.0, 0.0, 0.0], [0.0, 0.0, 9.81, 0.0, 0.0, 0.0]]
3070 2.9950 0.0010 2.500004 -0.000000 0.000000 [{'depth': 9.809999999993463e-08, 'geomIdA': 0, 'geomIdB': 1, 'modifiedDepth': 9.809999999993463e-08, 'nhat_AB_W': [0.0, 0.0, 1.0], 'p_WC': [0.0, 0.0, 2.0000041892834894], 'p_WCa': [0.0, 0.0, 2.0000042194090786], 'p_WCb': [0.0, 0.0, 2.0000041591579003]}] [[0.0, 0.0, -9.81, 0.0, 0.0, 0.0], [0.0, 0.0, 9.81, 0.0, 0.0, 0.0]]
3071 2.9960 0.0010 2.500004 -0.000000 0.000000 [{'depth': 9.809999999993463e-08, 'geomIdA': 0, 'geomIdB': 1, 'modifiedDepth': 9.809999999993463e-08, 'nhat_AB_W': [0.0, 0.0, 1.0], 'p_WC': [0.0, 0.0, 2.0000041892834894], 'p_WCa': [0.0, 0.0, 2.0000042194090786], 'p_WCb': [0.0, 0.0, 2.0000041591579003]}] [[0.0, 0.0, -9.81, 0.0, 0.0, 0.0], [0.0, 0.0, 9.81, 0.0, 0.0, 0.0]]
3072 2.9970 0.0010 2.500004 -0.000000 0.000000 [{'depth': 9.809999999993463e-08, 'geomIdA': 0, 'geomIdB': 1, 'modifiedDepth': 9.809999999993463e-08, 'nhat_AB_W': [0.0, 0.0, 1.0], 'p_WC': [0.0, 0.0, 2.0000041892834894], 'p_WCa': [0.0, 0.0, 2.0000042194090786], 'p_WCb': [0.0, 0.0, 2.0000041591579003]}] [[0.0, 0.0, -9.81, 0.0, 0.0, 0.0], [0.0, 0.0, 9.81, 0.0, 0.0, 0.0]]
3073 2.9980 0.0010 2.500004 -0.000000 0.000000 [{'depth': 9.809999999993463e-08, 'geomIdA': 0, 'geomIdB': 1, 'modifiedDepth': 9.809999999993463e-08, 'nhat_AB_W': [0.0, 0.0, 1.0], 'p_WC': [0.0, 0.0, 2.0000041892834894], 'p_WCa': [0.0, 0.0, 2.0000042194090786], 'p_WCb': [0.0, 0.0, 2.0000041591579003]}] [[0.0, 0.0, -9.81, 0.0, 0.0, 0.0], [0.0, 0.0, 9.81, 0.0, 0.0, 0.0]]
3074 2.9990 0.0010 2.500004 -0.000000 0.000000 [{'depth': 9.809999999993463e-08, 'geomIdA': 0, 'geomIdB': 1, 'modifiedDepth': 9.809999999993463e-08, 'nhat_AB_W': [0.0, 0.0, 1.0], 'p_WC': [0.0, 0.0, 2.0000041892834894], 'p_WCa': [0.0, 0.0, 2.0000042194090786], 'p_WCb': [0.0, 0.0, 2.0000041591579003]}] [[0.0, 0.0, -9.81, 0.0, 0.0, 0.0], [0.0, 0.0, 9.81, 0.0, 0.0, 0.0]]
